date,code,open,high,low,close,preclose,volume,amount,adjustflag,turn,tradestatus,pctChg,peTTM,psTTM,pcfNcfTTM,pbMRQ,isST
2020-05-15,sz.123050,123.11,125.0,120.13,121.7,121.7,9030272.0,1098984102.4,3,0,1,0.0,,,,,0
2020-05-18,sz.123050,121.7,123.0,119.7,119.71,121.7,1383143.0,165576048.53,3,0,1,-1.64,,,,,0
2020-05-19,sz.123050,120.1,121.78,120.01,121.5,119.71,907311.0,110238286.5,3,0,1,1.5,,,,,0
2020-05-20,sz.123050,121.0,121.75,120.3,120.3,121.5,385076.0,46324642.8,3,0,1,-0.99,,,,,0
2020-05-21,sz.123050,120.3,120.3,118.35,118.8,120.3,307101.0,36483598.8,3,0,1,-1.25,,,,,0
2020-05-22,sz.123050,118.1,118.78,115.12,116.5,118.8,258293.0,30091392.793,3,0,1,-1.94,,,,,0
2020-05-25,sz.123050,116.4,116.4,114.5,115.0,116.5,285562.0,32839915.562000003,3,0,1,-1.29,,,,,0
2020-05-26,sz.123050,115.15,117.45,115.15,116.5,115.0,184444.0,21487726.0,3,0,1,1.3,,,,,0
2020-05-27,sz.123050,116.5,117.0,116.01,116.02,116.5,110958.0,12873347.16,3,0,1,-0.41,,,,,0
2020-05-28,sz.123050,115.8,116.5,115.41,115.92,116.02,98941.0,11468746.015,3,0,1,-0.09,,,,,0
2020-05-29,sz.123050,115.5,116.48,115.1,116.4,115.92,156773.0,18248377.2,3,0,1,0.42,,,,,0
2020-06-01,sz.123050,116.4,121.8,116.36,120.9,116.4,320784.0,38782785.6,3,0,1,3.87,,,,,0
2020-06-02,sz.123050,120.2,124.8,120.2,121.9,120.9,789923.0,96291613.7,3,0,1,0.83,,,,,0
2020-06-03,sz.123050,122.24,124.0,122.0,122.28,121.9,416548.0,50935489.44,3,0,1,0.31,,,,,0
2020-06-04,sz.123050,122.2,125.11,121.66,122.31,122.28,118147.0,14450559.57,3,0,1,0.02,,,,,0
2020-06-05,sz.123050,120.31,122.9,120.31,121.37,122.31,59927.0,7273339.99,3,0,1,-0.77,,,,,0
2020-06-08,sz.123050,122.0,125.22,122.0,123.5,121.37,299725.0,37016337.225,3,0,1,1.76,,,,,0
2020-06-09,sz.123050,123.01,123.5,121.0,121.55,123.5,129585.0,15751056.75,3,0,1,-1.58,,,,,0
2020-06-10,sz.123050,121.65,123.06,121.65,122.4,121.55,128075.0,15676380.0,3,0,1,0.7,,,,,0
2020-06-11,sz.123050,123.1,123.1,121.01,121.46,122.4,58528.0,7108810.88,3,0,1,-0.77,,,,,0
2020-06-12,sz.123050,120.51,121.39,119.98,120.82,121.46,53515.0,6465682.3,3,0,1,-0.53,,,,,0
2020-06-15,sz.123050,119.5,122.4,119.5,122.25,120.82,134540.0,16447515.0,3,0,1,1.18,,,,,0
2020-06-16,sz.123050,122.45,123.47,121.0,122.42,122.25,78710.0,9635678.2,3,0,1,0.14,,,,,0
2020-06-17,sz.123050,122.5,122.9,121.51,121.88,122.42,56156.0,6844293.279999999,3,0,1,-0.44,,,,,0
2020-06-18,sz.123050,121.2,122.87,121.2,121.88,121.88,73669.0,8978998.727,3,0,1,0.0,,,,,0
2020-06-19,sz.123050,121.56,124.25,121.56,123.5,121.88,101679.0,12557356.5,3,0,1,1.33,,,,,0
2020-06-22,sz.123050,123.51,125.2,123.0,123.34,123.5,89972.0,11097326.424,3,0,1,-0.13,,,,,0
2020-06-23,sz.123050,123.34,124.15,122.4,122.85,123.34,59565.0,7317560.25,3,0,1,-0.4,,,,,0
2020-06-24,sz.123050,123.01,123.5,122.5,122.9,122.85,106257.0,13059091.557,3,0,1,0.04,,,,,0
2020-06-29,sz.123050,122.01,123.27,121.52,122.26,122.9,89070.0,10889430.99,3,0,1,-0.52,,,,,0
2020-06-30,sz.123050,122.88,124.46,122.88,124.01,122.26,96011.0,11906324.110000001,3,0,1,1.43,,,,,0
2020-07-01,sz.123050,124.0,124.9,122.07,123.77,124.01,86624.0,10721452.48,3,0,1,-0.19,,,,,0
2020-07-02,sz.123050,123.81,124.97,122.5,124.33,123.77,108896.0,13539039.68,3,0,1,0.45,,,,,0
2020-07-03,sz.123050,124.0,129.95,123.8,128.28,124.33,214549.0,27522989.367,3,0,1,3.18,,,,,0
2020-07-06,sz.123050,127.1,131.52,127.1,130.51,128.28,226832.0,29603844.319999997,3,0,1,1.74,,,,,0
2020-07-07,sz.123050,131.11,137.0,128.0,135.0,130.51,330917.0,44673795.0,3,0,1,3.44,,,,,0
2020-07-08,sz.123050,135.0,135.88,133.28,134.57,135.0,53804.0,7240404.279999999,3,0,1,-0.32,,,,,0
2020-07-09,sz.123050,134.57,137.8,134.18,137.7,134.57,366382.0,50450801.4,3,0,1,2.33,,,,,0
2020-07-10,sz.123050,135.0,137.8,134.0,135.1,137.7,190902.0,25790860.2,3,0,1,-1.89,,,,,0
2020-07-13,sz.123050,135.1,139.8,134.0,139.02,135.1,195357.0,27158725.496999998,3,0,1,2.9,,,,,0
2020-07-14,sz.123050,139.5,139.5,134.0,137.4,139.02,188440.0,25891279.12,3,0,1,-1.17,,,,,0
2020-07-15,sz.123050,137.4,138.0,130.0,132.6,137.4,159309.0,21124373.4,3,0,1,-3.49,,,,,0
2020-07-16,sz.123050,132.6,133.9,124.0,126.8,132.6,148457.0,18824347.599999998,3,0,1,-4.37,,,,,0
2020-07-17,sz.123050,126.8,129.37,125.0,126.0,126.8,63217.0,7965342.0,3,0,1,-0.63,,,,,0
2020-07-20,sz.123050,126.2,128.02,125.97,127.0,126.0,59201.0,7518586.201,3,0,1,0.79,,,,,0
2020-07-21,sz.123050,127.0,138.5,126.51,129.3,127.0,1504731.0,194561718.3,3,0,1,1.81,,,,,0
2020-07-22,sz.123050,129.98,138.8,128.0,134.26,129.3,1262666.0,169525537.16,3,0,1,3.84,,,,,0
2020-07-23,sz.123050,132.58,135.82,132.09,134.53,134.26,261285.0,35150671.05,3,0,1,0.2,,,,,0
2020-07-24,sz.123050,134.52,136.0,129.0,129.05,134.53,87588.0,11303231.4,3,0,1,-4.07,,,,,0
2020-07-27,sz.123050,129.1,142.0,129.1,134.79,129.05,2260694.0,304718944.26,3,0,1,4.45,,,,,0
2020-07-28,sz.123050,135.0,135.89,131.98,133.99,134.79,803912.0,107716168.88000001,3,0,1,-0.59,,,,,0
2020-07-29,sz.123050,136.8,145.1,133.01,141.0,133.99,1624078.0,228994998.0,3,0,1,5.23,,,,,0
2020-07-30,sz.123050,141.0,148.88,140.83,142.0,141.0,475889.0,67576238.0,3,0,1,0.71,,,,,0
2020-07-31,sz.123050,142.0,153.86,142.0,148.1,142.0,1805335.0,267370113.5,3,0,1,4.3,,,,,0
2020-08-03,sz.123050,150.0,150.38,146.3,148.75,148.1,318687.0,47404691.25,3,0,1,0.44,,,,,0
2020-08-04,sz.123050,149.0,149.0,143.0,144.5,148.75,318689.0,46050241.811,3,0,1,-2.86,,,,,0
2020-08-05,sz.123050,146.0,148.24,144.11,144.3,144.5,263337.0,37999792.437,3,0,1,-0.14,,,,,0
2020-08-06,sz.123050,144.3,144.3,138.51,143.3,144.3,229964.0,32953841.200000003,3,0,1,-0.69,,,,,0
2020-08-07,sz.123050,142.66,143.49,138.2,139.48,143.3,122170.0,17040271.599999998,3,0,1,-2.67,,,,,0
2020-08-10,sz.123050,139.48,142.0,135.6,137.01,139.48,104015.0,14251095.149999999,3,0,1,-1.77,,,,,0
2020-08-11,sz.123050,137.01,138.9,132.52,132.67,137.01,121695.0,16144788.87,3,0,1,-3.17,,,,,0
2020-08-12,sz.123050,133.0,134.29,130.0,133.35,132.67,364619.0,48620485.174,3,0,1,0.51,,,,,0
2020-08-13,sz.123050,134.5,140.3,133.41,135.46,133.35,532246.0,72098043.16000001,3,0,1,1.59,,,,,0
2020-08-14,sz.123050,135.45,135.65,132.1,134.11,135.46,160393.0,21510305.23,3,0,1,-1.0,,,,,0
2020-08-17,sz.123050,134.1,139.64,133.11,135.53,134.11,245891.0,33326099.012000002,3,0,1,1.06,,,,,0
2020-08-18,sz.123050,135.51,137.22,134.4,136.1,135.53,139751.0,19020390.602,3,0,1,0.42,,,,,0
2020-08-19,sz.123050,136.78,136.78,133.34,134.8,136.1,104556.0,14094148.8,3,0,1,-0.96,,,,,0
2020-08-20,sz.123050,133.7,136.5,132.04,133.0,134.8,56656.0,7535304.656,3,0,1,-1.33,,,,,0
2020-08-21,sz.123050,134.3,136.94,131.31,133.05,133.0,96554.0,12846509.700000001,3,0,1,0.04,,,,,0
2020-08-24,sz.123050,132.2,136.8,130.43,135.2,133.05,105966.0,14326603.2,3,0,1,1.62,,,,,0
2020-08-25,sz.123050,135.1,145.67,135.1,140.0,135.2,797365.0,111629505.27,3,0,1,3.55,,,,,0
2020-08-26,sz.123050,140.01,140.99,134.62,134.7,140.0,111186.0,14976865.386,3,0,1,-3.78,,,,,0
2020-08-27,sz.123050,136.0,144.0,134.18,138.71,134.7,519839.0,72104268.495,3,0,1,2.97,,,,,0
2020-08-28,sz.123050,137.0,145.54,136.42,141.61,138.71,648665.0,91857450.65,3,0,1,2.09,,,,,0
2020-08-31,sz.123050,142.0,142.85,138.0,138.63,141.61,170875.0,23688401.25,3,0,1,-2.1,,,,,0
2020-09-01,sz.123050,138.63,140.3,137.7,138.74,138.63,116090.0,16106326.600000001,3,0,1,0.08,,,,,0
2020-09-02,sz.123050,139.98,145.38,138.51,143.1,138.74,585756.0,83821683.6,3,0,1,3.14,,,,,0
2020-09-03,sz.123050,142.8,148.89,140.09,140.4,143.1,471658.0,66220783.2,3,0,1,-1.89,,,,,0
2020-09-04,sz.123050,140.6,154.4,138.5,145.7,140.4,5717808.0,833084625.5999999,3,0,1,3.77,,,,,0
2020-09-07,sz.123050,149.5,154.84,144.49,146.35,145.7,5209681.0,762436814.35,3,0,1,0.45,,,,,0
2020-09-08,sz.123050,145.0,147.85,142.06,145.0,146.35,2143874.0,310861730.0,3,0,1,-0.92,,,,,0
2020-09-09,sz.123050,143.89,148.7,138.0,138.18,145.0,1886354.0,260652623.012,3,0,1,-4.7,,,,,0
2020-09-10,sz.123050,139.99,140.2,131.0,131.67,138.18,974232.0,128275178.97600001,3,0,1,-4.71,,,,,0
2020-09-11,sz.123050,130.01,134.3,129.5,133.09,131.67,462233.0,61517665.504,3,0,1,1.08,,,,,0
2020-09-14,sz.123050,134.0,141.0,134.0,138.7,133.09,2232547.0,309654268.9,3,0,1,4.22,,,,,0
2020-09-15,sz.123050,138.9,140.71,135.6,136.0,138.7,749176.0,101888685.176,3,0,1,-1.95,,,,,0
2020-09-16,sz.123050,136.2,138.88,133.28,133.89,136.0,506813.0,67858206.196,3,0,1,-1.55,,,,,0
2020-09-17,sz.123050,134.66,135.04,131.13,133.21,133.89,341764.0,45526724.204,3,0,1,-0.51,,,,,0
2020-09-18,sz.123050,133.3,134.4,132.05,133.84,133.21,141526.0,18941556.788,3,0,1,0.47,,,,,0
2020-09-21,sz.123050,133.7,134.99,133.03,133.78,133.84,63173.0,8451599.805,3,0,1,-0.04,,,,,0
2020-09-22,sz.123050,133.78,133.78,130.75,131.43,133.78,91842.0,12070794.06,3,0,1,-1.76,,,,,0
2020-09-23,sz.123050,131.45,133.18,130.91,131.4,131.43,90434.0,11883208.467999998,3,0,1,-0.02,,,,,0
2020-09-24,sz.123050,131.3,131.3,127.0,127.65,131.4,147169.0,18786270.019,3,0,1,-2.85,,,,,0
2020-09-25,sz.123050,128.0,129.2,127.0,127.22,127.65,130562.0,16610097.64,3,0,1,-0.34,,,,,0
2020-09-28,sz.123050,127.58,128.5,125.02,125.3,127.22,44711.0,5602288.3,3,0,1,-1.51,,,,,0
2020-09-29,sz.123050,124.7,128.28,124.7,127.76,125.3,65684.0,8391787.84,3,0,1,1.96,,,,,0
2020-09-30,sz.123050,127.9,129.59,127.9,128.98,127.76,91982.0,11863838.36,3,0,1,0.95,,,,,0
2020-10-09,sz.123050,130.0,131.5,130.0,131.13,128.98,71782.0,9412773.66,3,0,1,1.67,,,,,0
2020-10-12,sz.123050,131.18,135.5,131.18,135.2,131.13,193503.0,26161605.599999998,3,0,1,3.1,,,,,0
2020-10-13,sz.123050,136.0,136.55,134.01,135.85,135.2,55715.0,7568994.180000001,3,0,1,0.48,,,,,0
2020-10-14,sz.123050,135.0,135.85,131.83,132.22,135.85,86225.0,11400497.049999999,3,0,1,-2.67,,,,,0
2020-10-15,sz.123050,132.29,132.29,129.21,129.5,132.22,29971.0,3881394.355,3,0,1,-2.05,,,,,0
2020-10-16,sz.123050,129.66,131.5,129.23,130.0,129.5,50643.0,6583691.286,3,0,1,0.38,,,,,0
2020-10-19,sz.123050,130.01,131.97,128.4,128.9,130.0,49461.0,6375522.9,3,0,1,-0.85,,,,,0
2020-10-20,sz.123050,128.9,139.0,128.04,131.61,128.9,220231.0,28985482.834000003,3,0,1,2.11,,,,,0
2020-10-21,sz.123050,132.8,132.8,129.6,129.62,131.61,57955.0,7512185.055000001,3,0,1,-1.51,,,,,0
2020-10-22,sz.123050,130.8,137.0,129.63,130.44,129.62,647455.0,84456620.02,3,0,1,0.63,,,,,0
2020-10-23,sz.123050,133.1,135.55,125.68,126.9,130.44,478019.0,60660611.1,3,0,1,-2.72,,,,,0
2020-10-26,sz.123050,127.8,130.8,127.05,128.09,126.9,175429.0,22471226.897,3,0,1,0.94,,,,,0
2020-10-27,sz.123050,134.0,134.0,125.67,127.01,128.09,290599.0,36908978.99,3,0,1,-0.85,,,,,0
2020-10-28,sz.123050,127.6,128.5,124.02,125.0,127.01,373940.0,46742500.0,3,0,1,-1.58,,,,,0
2020-10-29,sz.123050,125.0,126.38,123.15,125.88,125.0,274047.0,34497036.36,3,0,1,0.7,,,,,0
2020-10-30,sz.123050,125.78,127.93,123.6,124.6,125.88,192959.0,24042691.4,3,0,1,-1.02,,,,,0
2020-11-02,sz.123050,125.39,127.4,123.1,124.16,124.6,156916.0,19483161.308,3,0,1,-0.35,,,,,0
2020-11-03,sz.123050,124.16,131.0,124.16,126.6,124.16,1132834.0,143419050.06800002,3,0,1,1.96,,,,,0
2020-11-04,sz.123050,128.0,128.0,126.5,127.0,126.6,149259.0,18955893.0,3,0,1,0.31,,,,,0
2020-11-05,sz.123050,127.99,128.01,126.15,127.42,127.0,121208.0,15444080.944,3,0,1,0.33,,,,,0
2020-11-06,sz.123050,127.42,127.77,126.0,127.12,127.42,58167.0,7394189.04,3,0,1,-0.23,,,,,0
2020-11-09,sz.123050,127.45,130.9,127.13,129.58,127.12,194067.0,25147978.128000002,3,0,1,1.94,,,,,0
2020-11-10,sz.123050,129.2,130.19,128.06,129.2,129.58,55481.0,7168145.199999999,3,0,1,-0.3,,,,,0
2020-11-11,sz.123050,129.2,129.2,126.01,127.64,129.2,63362.0,8087842.489999999,3,0,1,-1.2,,,,,0
2020-11-12,sz.123050,127.86,128.9,126.5,127.36,127.64,30643.0,3902692.48,3,0,1,-0.22,,,,,0
2020-11-13,sz.123050,127.56,128.5,126.0,127.15,127.36,31997.0,4068418.5500000003,3,0,1,-0.16,,,,,0
2020-11-16,sz.123050,127.25,127.57,126.01,126.63,127.15,37212.0,4712155.56,3,0,1,-0.41,,,,,0
2020-11-17,sz.123050,126.63,126.72,123.5,125.75,126.63,108589.0,13654740.983,3,0,1,-0.7,,,,,0
2020-11-18,sz.123050,127.0,129.99,125.75,127.43,125.75,239229.0,30484951.470000003,3,0,1,1.34,,,,,0
2020-11-19,sz.123050,127.5,129.99,126.66,127.5,127.43,89909.0,11463397.5,3,0,1,0.05,,,,,0
2020-11-20,sz.123050,128.0,128.0,125.93,126.86,127.5,59709.0,7574564.322000001,3,0,1,-0.5,,,,,0
2020-11-23,sz.123050,126.78,128.34,125.12,126.0,126.86,118202.0,14893452.0,3,0,1,-0.68,,,,,0
2020-11-24,sz.123050,126.3,128.3,125.7,127.78,126.0,92082.0,11766606.288,3,0,1,1.42,,,,,0
2020-11-25,sz.123050,128.0,128.48,126.41,127.8,127.78,110004.0,14058511.2,3,0,1,0.01,,,,,0
2020-11-26,sz.123050,127.8,128.5,125.2,126.89,127.8,52294.0,6635585.66,3,0,1,-0.71,,,,,0
2020-11-27,sz.123050,126.32,127.82,125.0,125.2,126.89,24647.0,3085829.047,3,0,1,-1.33,,,,,0
2020-11-30,sz.123050,125.55,126.68,124.9,124.95,125.2,19259.0,2406412.0500000003,3,0,1,-0.2,,,,,0
2020-12-01,sz.123050,125.25,129.9,125.25,127.99,124.95,328048.0,41985879.375999995,3,0,1,2.43,,,,,0
2020-12-02,sz.123050,128.72,135.98,128.06,130.0,127.99,890063.0,115708190.0,3,0,1,1.57,,,,,0
2020-12-03,sz.123050,131.0,136.26,130.01,135.0,130.0,1222998.0,165104730.0,3,0,1,3.85,,,,,0
2020-12-04,sz.123050,134.7,136.74,130.66,130.98,135.0,262877.0,34431629.46,3,0,1,-2.98,,,,,0
2020-12-07,sz.123050,131.0,132.0,129.01,130.3,130.98,79056.0,10300996.8,3,0,1,-0.52,,,,,0
2020-12-08,sz.123050,132.0,133.0,129.48,130.0,130.3,131117.0,17045210.0,3,0,1,-0.23,,,,,0
2020-12-09,sz.123050,133.18,135.23,126.01,126.5,130.0,281986.0,35671229.0,3,0,1,-2.69,,,,,0
2020-12-10,sz.123050,126.49,127.4,125.05,125.3,126.5,102647.0,12861669.1,3,0,1,-0.95,,,,,0
2020-12-11,sz.123050,125.3,127.0,121.0,121.96,125.3,115661.0,14105899.899,3,0,1,-2.67,,,,,0
2020-12-14,sz.123050,121.96,123.0,119.5,121.22,121.96,428354.0,51925500.234000005,3,0,1,-0.61,,,,,0
2020-12-15,sz.123050,121.88,123.38,119.62,121.84,121.22,131643.0,16039514.762999998,3,0,1,0.51,,,,,0
2020-12-16,sz.123050,122.0,122.0,119.0,119.0,121.84,87273.0,10385487.0,3,0,1,-2.33,,,,,0
2020-12-17,sz.123050,119.99,120.85,118.05,120.52,119.0,101916.0,12283120.152,3,0,1,1.28,,,,,0
2020-12-18,sz.123050,120.52,121.38,119.88,119.89,120.52,70084.0,8402160.508,3,0,1,-0.53,,,,,0
2020-12-21,sz.123050,119.89,121.8,119.39,121.78,119.89,81509.0,9926084.511,3,0,1,1.58,,,,,0
2020-12-22,sz.123050,121.49,121.49,117.85,118.01,121.78,34922.0,4121040.4540000004,3,0,1,-3.1,,,,,0
2020-12-23,sz.123050,118.28,120.0,116.0,116.0,118.01,105738.0,12265608.0,3,0,1,-1.7,,,,,0
2020-12-24,sz.123050,116.5,116.5,112.51,113.26,116.0,141414.0,16016549.64,3,0,1,-2.36,,,,,0
2020-12-25,sz.123050,114.0,115.98,111.55,115.4,113.26,77800.0,8978120.0,3,0,1,1.89,,,,,0
2020-12-28,sz.123050,115.0,115.75,114.1,115.09,115.4,25614.0,2947838.418,3,0,1,-0.27,,,,,0
2020-12-29,sz.123050,115.09,118.58,115.09,117.79,115.09,139314.0,16410353.316,3,0,1,2.35,,,,,0
2020-12-30,sz.123050,117.79,125.7,116.62,118.2,117.79,178046.0,21045037.2,3,0,1,0.34,,,,,0
2020-12-31,sz.123050,118.5,124.77,118.1,120.8,118.2,169555.0,20482244.0,3,0,1,2.2,,,,,0
2021-01-04,sz.123050,120.8,122.28,119.66,121.02,120.8,87693.0,10612782.246000001,3,0,1,0.18,,,,,0
2021-01-05,sz.123050,121.0,122.95,118.06,122.3,121.02,109472.0,13388425.6,3,0,1,1.06,,,,,0
2021-01-06,sz.123050,122.3,122.85,118.5,118.52,122.3,67024.0,7943684.4799999995,3,0,1,-3.09,,,,,0
2021-01-07,sz.123050,118.4,118.43,114.21,114.82,118.52,198909.0,22838731.38,3,0,1,-3.12,,,,,0
2021-01-08,sz.123050,114.83,115.89,112.0,115.0,114.82,353392.0,40640080.0,3,0,1,0.16,,,,,0
2021-01-11,sz.123050,115.88,130.0,115.6,118.78,115.0,3130597.0,371846050.466,3,0,1,3.29,,,,,0
2021-01-12,sz.123050,118.0,120.42,116.0,118.66,118.78,706115.0,83787605.89999999,3,0,1,-0.1,,,,,0
2021-01-13,sz.123050,118.1,126.63,117.2,120.0,118.66,1275046.0,153005520.0,3,0,1,1.13,,,,,0
2021-01-14,sz.123050,121.0,124.49,119.0,121.4,120.0,1115171.0,135381759.4,3,0,1,1.17,,,,,0
2021-01-15,sz.123050,121.3,122.23,119.41,120.28,121.4,219327.0,26379993.579,3,0,1,-0.93,,,,,0
2021-01-18,sz.123050,120.0,126.0,119.4,124.42,120.28,395322.0,49185963.24,3,0,1,3.44,,,,,0
2021-01-19,sz.123050,124.45,125.5,122.1,123.0,124.42,152043.0,18701289.0,3,0,1,-1.14,,,,,0
2021-01-20,sz.123050,123.0,123.5,121.5,122.77,123.0,70434.0,8647182.18,3,0,1,-0.19,,,,,0
2021-01-21,sz.123050,122.06,125.49,122.06,124.1,122.77,115178.0,14293589.799999999,3,0,1,1.08,,,,,0
2021-01-22,sz.123050,124.1,124.23,121.61,122.6,124.1,32336.0,3964393.5999999996,3,0,1,-1.21,,,,,0
2021-01-25,sz.123050,122.6,129.7,121.3,123.64,122.6,471561.0,58303802.04,3,0,1,0.85,,,,,0
2021-01-26,sz.123050,123.0,126.45,120.65,121.0,123.64,132325.0,16011457.325000001,3,0,1,-2.13,,,,,0
2021-01-27,sz.123050,121.01,122.69,120.41,121.48,121.0,40344.0,4901150.495999999,3,0,1,0.4,,,,,0
2021-01-28,sz.123050,121.0,122.2,116.5,117.0,121.48,224017.0,26209989.0,3,0,1,-3.69,,,,,0
2021-01-29,sz.123050,117.5,118.49,113.5,114.2,117.0,126563.0,14453241.474,3,0,1,-2.39,,,,,0
2021-02-01,sz.123050,114.3,116.5,114.01,114.5,114.2,117539.0,13458215.5,3,0,1,0.26,,,,,0
2021-02-02,sz.123050,114.9,115.67,114.12,115.0,114.5,60726.0,6983490.0,3,0,1,0.44,,,,,0
2021-02-03,sz.123050,115.0,115.89,111.05,112.89,115.0,62838.0,7093593.306,3,0,1,-1.84,,,,,0
2021-02-04,sz.123050,112.16,113.0,107.0,109.4,112.89,382439.0,41838826.6,3,0,1,-3.09,,,,,0
2021-02-05,sz.123050,109.4,110.0,108.0,108.94,109.4,139127.0,15156495.379999999,3,0,1,-0.42,,,,,0
2021-02-08,sz.123050,107.65,110.9,106.76,106.76,108.94,84048.0,8973216.624,3,0,1,-2.0,,,,,0
2021-02-09,sz.123050,106.76,110.0,106.2,109.8,106.76,317488.0,34860182.4,3,0,1,2.84,,,,,0
2021-02-10,sz.123050,110.2,113.99,110.2,112.63,109.8,110629.0,12459701.754,3,0,1,2.57,,,,,0
2021-02-18,sz.123050,113.0,115.6,113.0,114.38,112.63,27029.0,3091577.02,3,0,1,1.56,,,,,0
2021-02-19,sz.123050,113.51,116.0,113.51,114.36,114.38,95139.0,10880381.457,3,0,1,-0.01,,,,,0
2021-02-22,sz.123050,114.36,118.32,114.36,115.8,114.36,62879.0,7281576.837,3,0,1,1.26,,,,,0
2021-02-23,sz.123050,115.79,116.89,113.22,114.15,115.8,113204.0,12922349.804,3,0,1,-1.43,,,,,0
2021-02-24,sz.123050,114.0,120.3,112.0,114.6,114.15,304784.0,34928246.4,3,0,1,0.39,,,,,0
2021-02-25,sz.123050,114.11,115.3,112.6,113.46,114.6,74731.0,8479128.722000001,3,0,1,-0.99,,,,,0
2021-02-26,sz.123050,112.0,115.99,112.0,112.4,113.46,24986.0,2808426.4000000004,3,0,1,-0.94,,,,,0
2021-03-01,sz.123050,112.13,114.0,112.13,113.62,112.4,49872.0,5666456.640000001,3,0,1,1.09,,,,,0
2021-03-02,sz.123050,113.99,113.99,111.5,112.4,113.62,49654.0,5581109.600000001,3,0,1,-1.07,,,,,0
2021-03-03,sz.123050,112.4,119.3,111.5,114.71,112.4,228323.0,26191387.976,3,0,1,2.06,,,,,0
2021-03-04,sz.123050,114.71,115.99,113.56,113.8,114.71,42369.0,4821634.569,3,0,1,-0.79,,,,,0
2021-03-05,sz.123050,113.5,115.5,112.99,114.71,113.8,99294.0,11390014.74,3,0,1,0.8,,,,,0
2021-03-08,sz.123050,114.3,116.5,114.3,115.47,114.71,162273.0,18737014.218,3,0,1,0.66,,,,,0
2021-03-09,sz.123050,116.0,116.0,113.3,114.99,115.47,33488.0,3850718.144,3,0,1,-0.41,,,,,0
2021-03-10,sz.123050,115.0,115.5,112.45,112.45,114.99,74167.0,8340079.15,3,0,1,-2.21,,,,,0
2021-03-11,sz.123050,112.98,118.0,112.22,114.5,112.45,211910.0,24263695.0,3,0,1,1.82,,,,,0
2021-03-12,sz.123050,114.57,116.0,114.11,114.54,114.5,83287.0,9539692.98,3,0,1,0.03,,,,,0
2021-03-15,sz.123050,114.44,116.4,113.12,113.69,114.54,40892.0,4649011.4799999995,3,0,1,-0.74,,,,,0
2021-03-16,sz.123050,114.0,117.0,113.68,114.12,113.69,69475.0,7928487.0,3,0,1,0.38,,,,,0
2021-03-17,sz.123050,114.5,116.0,114.11,114.16,114.12,32172.0,3672723.348,3,0,1,0.03,,,,,0
2021-03-18,sz.123050,114.2,114.42,106.23,112.8,114.16,17073.0,1925834.4,3,0,1,-1.19,,,,,0
2021-03-19,sz.123050,114.0,114.0,113.0,113.17,112.8,14919.0,1688383.23,3,0,1,0.33,,,,,0
2021-03-22,sz.123050,113.18,115.49,113.18,114.78,113.17,31919.0,3663598.9820000003,3,0,1,1.42,,,,,0
2021-03-23,sz.123050,114.78,115.57,113.5,113.64,114.78,39854.0,4529207.83,3,0,1,-0.99,,,,,0
2021-03-24,sz.123050,113.2,114.65,113.0,113.02,113.64,23858.0,2696431.1599999997,3,0,1,-0.55,,,,,0
2021-03-25,sz.123050,113.0,113.43,112.75,112.75,113.02,9201.0,1037412.75,3,0,1,-0.24,,,,,0
2021-03-26,sz.123050,113.5,114.46,113.0,113.19,112.75,27987.0,3167848.53,3,0,1,0.39,,,,,0
2021-03-29,sz.123050,113.6,114.25,111.61,111.61,113.19,40045.0,4469422.45,3,0,1,-1.4,,,,,0
2021-03-30,sz.123050,111.7,112.4,110.92,111.32,111.61,66281.0,7378135.796,3,0,1,-0.26,,,,,0
2021-03-31,sz.123050,111.0,113.45,111.0,112.13,111.32,21102.0,2366103.954,3,0,1,0.73,,,,,0
2021-04-01,sz.123050,112.47,113.8,110.6,110.93,112.13,40467.0,4489004.3100000005,3,0,1,-1.07,,,,,0
2021-04-02,sz.123050,111.2,114.7,111.2,113.01,110.93,58449.0,6605321.49,3,0,1,1.88,,,,,0
2021-04-06,sz.123050,112.97,113.87,112.02,112.75,113.01,40758.0,4595464.5,3,0,1,-0.23,,,,,0
2021-04-07,sz.123050,113.1,113.6,112.55,113.15,112.75,24302.0,2749771.3000000003,3,0,1,0.35,,,,,0
2021-04-08,sz.123050,112.8,113.6,112.6,113.0,113.15,9588.0,1083444.0,3,0,1,-0.13,,,,,0
2021-04-09,sz.123050,113.0,114.0,113.0,113.5,113.0,15577.0,1767973.923,3,0,1,0.44,,,,,0
2021-04-12,sz.123050,113.5,113.5,112.22,112.72,113.5,28158.0,3173969.76,3,0,1,-0.69,,,,,0
2021-04-13,sz.123050,112.62,113.47,112.62,112.78,112.72,17570.0,1981456.75,3,0,1,0.05,,,,,0
2021-04-14,sz.123050,112.99,113.65,112.4,112.9,112.78,39560.0,4466324.0,3,0,1,0.11,,,,,0
2021-04-15,sz.123050,113.0,113.9,112.78,113.41,112.9,42103.0,4774859.127,3,0,1,0.45,,,,,0
2021-04-16,sz.123050,113.41,114.5,113.12,114.04,113.41,19419.0,2214581.598,3,0,1,0.56,,,,,0
2021-04-19,sz.123050,114.04,116.1,114.04,115.3,114.04,71901.0,8290185.3,3,0,1,1.1,,,,,0
2021-04-20,sz.123050,115.0,116.3,114.2,116.3,115.3,68015.0,7910144.5,3,0,1,0.87,,,,,0
2021-04-21,sz.123050,115.5,116.43,114.25,114.33,116.3,32941.0,3766144.53,3,0,1,-1.69,,,,,0
2021-04-22,sz.123050,114.0,115.8,113.99,115.2,114.33,91523.0,10543449.6,3,0,1,0.76,,,,,0
2021-04-23,sz.123050,114.9,115.1,114.0,114.0,115.2,31520.0,3593280.0,3,0,1,-1.04,,,,,0
2021-04-26,sz.123050,114.35,115.85,113.0,113.72,114.0,18270.0,2077700.94,3,0,1,-0.24,,,,,0
2021-04-27,sz.123050,114.73,114.75,110.31,112.5,113.72,42932.0,4829807.068,3,0,1,-1.08,,,,,0
2021-04-28,sz.123050,112.5,113.2,111.12,111.35,112.5,27453.0,3056891.55,3,0,1,-1.02,,,,,0
2021-04-29,sz.123050,111.35,112.66,110.84,110.85,111.35,44279.0,4908150.034,3,0,1,-0.45,,,,,0
2021-04-30,sz.123050,110.85,111.49,110.0,110.2,110.85,16136.0,1778187.2,3,0,1,-0.58,,,,,0
2021-05-06,sz.123050,110.2,110.65,109.73,110.21,110.2,54531.0,6009861.51,3,0,1,0.01,,,,,0
2021-05-07,sz.123050,110.7,110.79,109.02,109.22,110.21,30320.0,3311580.72,3,0,1,-0.9,,,,,0
2021-05-10,sz.123050,109.21,109.8,106.92,109.8,109.22,174746.0,19187110.8,3,0,1,0.53,,,,,0
2021-05-11,sz.123050,109.99,110.32,108.0,108.9,109.8,80560.0,8772984.0,3,0,1,-0.82,,,,,0
2021-05-12,sz.123050,108.9,110.0,108.69,109.3,108.9,85772.0,9374879.6,3,0,1,0.37,,,,,0
2021-05-13,sz.123050,109.3,109.78,108.2,109.35,109.3,67795.0,7413383.25,3,0,1,0.05,,,,,0
2021-05-14,sz.123050,109.35,110.02,109.09,109.65,109.35,37638.0,4127006.7,3,0,1,0.27,,,,,0
2021-05-17,sz.123050,109.65,111.04,109.33,110.0,109.65,47690.0,5245900.0,3,0,1,0.32,,,,,0
2021-05-18,sz.123050,111.21,111.21,110.0,110.12,110.0,23920.0,2634190.0,3,0,1,0.11,,,,,0
2021-05-19,sz.123050,110.02,110.48,109.53,110.4,110.12,27134.0,2995593.6,3,0,1,0.25,,,,,0
2021-05-20,sz.123050,110.4,110.4,109.35,110.2,110.4,12309.0,1356439.491,3,0,1,-0.18,,,,,0
2021-05-21,sz.123050,110.4,110.4,109.64,109.84,110.2,7450.0,818308.0,3,0,1,-0.33,,,,,0
2021-05-24,sz.123050,109.84,110.48,109.13,110.2,109.84,31805.0,3504911.0,3,0,1,0.33,,,,,0
2021-05-25,sz.123050,110.2,110.61,109.51,110.32,110.2,32389.0,3573154.48,3,0,1,0.11,,,,,0
2021-05-26,sz.123050,110.4,111.74,110.39,111.1,110.32,29266.0,3251452.5999999996,3,0,1,0.71,,,,,0
2021-05-27,sz.123050,111.1,115.0,110.74,113.4,111.1,97059.0,11006490.6,3,0,1,2.07,,,,,0
2021-05-28,sz.123050,113.52,113.52,112.11,113.19,113.4,35216.0,3985958.1760000004,3,0,1,-0.19,,,,,0
2021-05-31,sz.123050,113.0,113.88,113.0,113.44,113.19,7640.0,866681.6,3,0,1,0.22,,,,,0
2021-06-01,sz.123050,113.3,113.83,113.11,113.12,113.44,21810.0,2467147.2,3,0,1,-0.28,,,,,0
2021-06-02,sz.123050,113.1,113.42,112.82,112.99,113.12,58230.0,6579407.699999999,3,0,1,-0.11,,,,,0
2021-06-03,sz.123050,113.1,114.06,113.0,113.7,112.99,18908.0,2149839.6,3,0,1,0.63,,,,,0
2021-06-04,sz.123050,113.57,115.0,113.15,114.25,113.7,50590.0,5779806.32,3,0,1,0.48,,,,,0
2021-06-07,sz.123050,114.7,115.79,113.2,113.51,114.25,98790.0,11213652.9,3,0,1,-0.65,,,,,0
2021-06-08,sz.123050,113.99,115.6,113.51,113.99,113.51,22850.0,2604671.5,3,0,1,0.42,,,,,0
2021-06-09,sz.123050,113.99,115.34,113.4,113.85,113.99,14872.0,1693177.2,3,0,1,-0.12,,,,,0
2021-06-10,sz.123050,113.77,117.29,113.75,115.15,113.85,114355.0,13168206.96,3,0,1,1.14,,,,,0
2021-06-11,sz.123050,115.46,115.75,114.72,115.3,115.15,74651.0,8607334.951,3,0,1,0.13,,,,,0
2021-06-15,sz.123050,116.84,119.52,115.1,115.68,115.3,583140.0,67458801.48,3,0,1,0.33,,,,,0
2021-06-16,sz.123050,115.69,120.44,115.67,116.59,115.68,1461500.0,170396285.0,3,0,1,0.78,,,,,0
2021-06-17,sz.123050,116.8,119.21,116.12,118.45,116.59,838934.0,99371732.3,3,0,1,1.6,,,,,0
2021-06-18,sz.123050,118.89,119.5,117.68,118.4,118.45,145109.0,17180905.6,3,0,1,-0.04,,,,,0
2021-06-21,sz.123050,118.36,118.4,117.58,118.01,118.4,88289.0,10418984.89,3,0,1,-0.33,,,,,0
2021-06-22,sz.123050,118.22,118.57,117.4,117.75,118.01,51012.0,6006663.0,3,0,1,-0.22,,,,,0
2021-06-23,sz.123050,117.5,120.6,117.1,120.2,117.75,137410.0,16516819.409999998,3,0,1,2.08,,,,,0
2021-06-24,sz.123050,119.4,120.88,116.79,119.8,120.2,47494.0,5689781.2,3,0,1,-0.33,,,,,0
2021-06-25,sz.123050,119.6,120.88,118.0,118.62,119.8,63422.0,7523117.640000001,3,0,1,-0.98,,,,,0
2021-06-28,sz.123050,118.7,119.8,117.35,117.35,118.62,35072.0,4115734.272,3,0,1,-1.07,,,,,0
2021-06-29,sz.123050,117.36,118.2,115.32,116.1,117.35,83350.0,9676935.0,3,0,1,-1.07,,,,,0
2021-06-30,sz.123050,116.4,118.88,115.9,116.08,116.1,91429.0,10613078.32,3,0,1,-0.02,,,,,0
2021-07-01,sz.123050,116.1,116.8,114.05,114.5,116.08,255474.0,29251773.0,3,0,1,-1.36,,,,,0
2021-07-02,sz.123050,114.87,117.3,112.7,113.97,114.5,83069.0,9467041.654,3,0,1,-0.47,,,,,0
2021-07-05,sz.123050,113.9,115.1,113.16,114.14,113.97,97500.0,11128650.0,3,0,1,0.15,,,,,0
2021-07-06,sz.123050,114.2,114.98,113.52,114.0,114.14,67959.0,7747326.0,3,0,1,-0.12,,,,,0
2021-07-07,sz.123050,114.16,114.61,113.24,114.0,114.0,162824.0,18561936.0,3,0,1,0.0,,,,,0
2021-07-08,sz.123050,114.38,116.79,114.0,116.2,114.0,112967.0,13126765.4,3,0,1,1.93,,,,,0
2021-07-09,sz.123050,116.2,116.72,115.64,116.5,116.2,218323.0,25434629.5,3,0,1,0.26,,,,,0
2021-07-12,sz.123050,117.8,119.37,116.88,119.2,116.5,175186.0,20882171.2,3,0,1,2.32,,,,,0
2021-07-13,sz.123050,118.56,119.59,118.2,119.2,119.2,74962.0,8935170.552,3,0,1,-0.0,,,,,0
2021-07-14,sz.123050,118.5,121.79,117.0,120.6,119.2,433358.0,52264708.232,3,0,1,1.18,,,,,0
2021-07-15,sz.123050,124.44,124.7,119.72,120.0,120.6,226802.0,27216240.0,3,0,1,-0.5,,,,,0
2021-07-16,sz.123050,119.8,122.01,118.0,118.21,120.0,94629.0,11186094.09,3,0,1,-1.49,,,,,0
2021-07-19,sz.123050,118.6,120.1,117.5,119.2,118.21,115256.0,13738515.200000001,3,0,1,0.84,,,,,0
2021-07-20,sz.123050,118.5,135.9,118.5,133.0,119.2,26669232.0,3547007856.0,3,0,1,11.58,,,,,0
2021-07-21,sz.123050,137.03,155.77,135.0,153.2,133.0,46407485.0,7109626701.999999,3,0,1,15.19,,,,,0
2021-07-22,sz.123050,157.0,161.22,147.3,152.15,153.2,35065822.0,5335264817.3,3,0,1,-0.69,,,,,0
2021-07-23,sz.123050,152.5,162.56,151.28,158.51,152.15,18652019.0,2956531531.69,3,0,1,4.18,,,,,0
2021-07-26,sz.123050,160.0,178.8,157.11,169.0,158.51,34320678.0,5800228902.678,3,0,1,6.62,,,,,0
2021-07-27,sz.123050,167.0,178.78,158.12,160.5,169.0,16990770.0,2727018585.0,3,0,1,-5.03,,,,,0
2021-07-28,sz.123050,160.2,162.79,148.0,154.5,160.5,11267751.0,1740867529.5,3,0,1,-3.74,,,,,0
2021-07-29,sz.123050,160.5,163.43,152.64,156.37,154.5,20389556.0,3188314871.7200003,3,0,1,1.21,,,,,0
2021-07-30,sz.123050,154.0,154.0,147.0,149.4,156.37,6525497.0,974915777.297,3,0,1,-4.46,,,,,0
2021-08-02,sz.123050,149.0,154.8,148.1,151.16,149.4,5531623.0,836160132.68,3,0,1,1.18,,,,,0
2021-08-03,sz.123050,151.0,151.0,139.45,141.6,151.16,4059181.0,574780029.6,3,0,1,-6.32,,,,,0
2021-08-04,sz.123050,143.0,149.66,143.0,146.1,141.6,7255023.0,1059958860.3,3,0,1,3.18,,,,,0
2021-08-05,sz.123050,147.5,159.2,147.01,147.55,146.1,7067516.0,1042840255.864,3,0,1,1.0,,,,,0
2021-08-06,sz.123050,148.0,151.8,144.0,149.3,147.55,3618094.0,540181434.2,3,0,1,1.18,,,,,0
2021-08-09,sz.123050,150.17,150.17,139.68,139.97,149.3,2667103.0,373314406.91,3,0,1,-6.25,,,,,0
2021-08-10,sz.123050,141.36,141.9,136.27,138.88,139.97,2560496.0,355614486.96,3,0,1,-0.78,,,,,0
2021-08-11,sz.123050,139.35,147.87,138.66,143.5,138.88,5344779.0,766975786.5,3,0,1,3.32,,,,,0
2021-08-12,sz.123050,143.5,147.0,141.23,143.5,143.5,3062895.0,439525432.5,3,0,1,0.0,,,,,0
2021-08-13,sz.123050,144.0,147.5,141.75,143.7,143.5,2582475.0,371101657.5,3,0,1,0.14,,,,,0
2021-08-16,sz.123050,144.4,150.5,141.33,149.36,143.7,4924627.0,735527514.839,3,0,1,3.94,,,,,0
2021-08-17,sz.123050,149.2,150.52,138.69,139.64,149.36,1874576.0,261763918.064,3,0,1,-6.51,,,,,0
2021-08-18,sz.123050,143.2,143.89,134.0,136.14,139.64,2531393.0,344623843.02,3,0,1,-2.51,,,,,0
2021-08-19,sz.123050,135.41,139.51,132.64,137.8,136.14,3387185.0,466754093.00000006,3,0,1,1.22,,,,,0
2021-08-20,sz.123050,137.6,147.5,136.5,142.0,137.8,6607432.0,938255344.0,3,0,1,3.05,,,,,0
2021-08-23,sz.123050,139.0,142.9,138.0,141.4,142.0,2757311.0,389883775.40000004,3,0,1,-0.42,,,,,0
2021-08-24,sz.123050,142.0,145.89,141.41,143.19,141.4,1856389.0,265808915.354,3,0,1,1.26,,,,,0
2021-08-25,sz.123050,143.38,144.38,140.84,141.19,143.19,670102.0,94609691.074,3,0,1,-1.4,,,,,0
2021-08-26,sz.123050,141.79,143.89,138.85,139.1,141.19,854357.0,118843621.77100001,3,0,1,-1.48,,,,,0
2021-08-27,sz.123050,138.72,141.11,138.5,140.02,139.1,613022.0,85835340.44000001,3,0,1,0.66,,,,,0
2021-08-30,sz.123050,139.6,141.84,138.01,138.54,140.02,532593.0,73785434.22,3,0,1,-1.06,,,,,0
2021-08-31,sz.123050,138.54,138.86,134.11,136.88,138.54,549620.0,75231985.6,3,0,1,-1.2,,,,,0
2021-09-01,sz.123050,136.0,137.48,130.71,131.2,136.88,987057.0,129501878.39999999,3,0,1,-4.15,,,,,0
2021-09-02,sz.123050,130.88,133.34,130.2,132.91,131.2,651660.0,86609523.96000001,3,0,1,1.3,,,,,0
2021-09-03,sz.123050,133.0,141.95,132.4,136.49,132.91,2376489.0,324364607.121,3,0,1,2.7,,,,,0
2021-09-06,sz.123050,136.0,139.99,133.9,139.5,136.49,1231768.0,171831636.0,3,0,1,2.21,,,,,0
2021-09-07,sz.123050,138.1,141.6,138.1,139.95,139.5,768923.0,107610773.85,3,0,1,0.32,,,,,0
2021-09-08,sz.123050,141.0,143.7,139.95,141.4,139.95,1538886.0,217598480.4,3,0,1,1.04,,,,,0
2021-09-09,sz.123050,141.54,141.54,135.1,136.39,141.4,640690.0,87383709.1,3,0,1,-3.54,,,,,0
2021-09-10,sz.123050,135.9,141.5,135.1,135.5,136.39,1790152.0,242565596.0,3,0,1,-0.65,,,,,0
2021-09-13,sz.123050,135.0,136.96,134.6,135.61,135.5,627707.0,85123973.977,3,0,1,0.08,,,,,0
2021-09-14,sz.123050,135.63,139.96,135.63,137.7,135.61,1160474.0,159797269.79999998,3,0,1,1.54,,,,,0
2021-09-15,sz.123050,138.5,139.8,135.83,137.15,137.7,602995.0,82697749.275,3,0,1,-0.4,,,,,0
2021-09-16,sz.123050,136.8,138.5,132.37,132.54,137.15,353081.0,46797355.739999995,3,0,1,-3.36,,,,,0
2021-09-17,sz.123050,133.04,135.01,130.16,131.3,132.54,364160.0,47814208.00000001,3,0,1,-0.94,,,,,0
2021-09-22,sz.123050,129.91,132.5,129.91,131.0,131.3,225441.0,29532771.0,3,0,1,-0.23,,,,,0
2021-09-23,sz.123050,131.2,133.67,131.0,132.14,131.0,295620.0,39063226.8,3,0,1,0.87,,,,,0
2021-09-24,sz.123050,134.0,142.0,131.21,136.38,132.14,3034381.0,413828880.78,3,0,1,3.21,,,,,0
2021-09-27,sz.123050,141.6,145.8,132.34,134.1,136.38,2647572.0,355039405.2,3,0,1,-1.67,,,,,0
2021-09-28,sz.123050,133.5,133.5,129.1,131.2,134.1,847678.0,111215353.6,3,0,1,-2.16,,,,,0
2021-09-29,sz.123050,130.1,131.0,125.02,125.6,131.2,569389.0,71515258.39999999,3,0,1,-4.27,,,,,0
2021-09-30,sz.123050,127.56,128.0,125.89,127.17,125.6,539597.0,68618392.102,3,0,1,1.25,,,,,0
2021-10-08,sz.123050,133.88,147.3,130.8,134.31,127.17,11102015.0,1491111634.65,3,0,1,5.62,,,,,0
2021-10-11,sz.123050,133.98,140.99,133.0,135.2,134.31,3716013.0,502404957.59999996,3,0,1,0.66,,,,,0
2021-10-12,sz.123050,134.5,135.74,129.61,131.5,135.2,1557547.0,204818988.04700002,3,0,1,-2.74,,,,,0
2021-10-13,sz.123050,132.99,135.7,131.12,134.0,131.5,3101179.0,415557986.0,3,0,1,1.9,,,,,0
2021-10-14,sz.123050,134.0,134.3,131.2,132.4,134.0,961283.0,127273869.2,3,0,1,-1.19,,,,,0
2021-10-15,sz.123050,132.4,134.94,130.2,130.87,132.4,1366104.0,178786128.792,3,0,1,-1.15,,,,,0
2021-10-18,sz.123050,131.0,132.89,130.35,131.46,130.87,736289.0,96789606.784,3,0,1,0.45,,,,,0
2021-10-19,sz.123050,132.0,132.85,130.13,131.59,131.46,589108.0,77519543.504,3,0,1,0.1,,,,,0
2021-10-20,sz.123050,132.1,133.25,131.17,131.99,131.59,575245.0,75926587.55000001,3,0,1,0.31,,,,,0
2021-10-21,sz.123050,131.5,132.48,130.6,131.1,131.99,291027.0,38153639.699999996,3,0,1,-0.67,,,,,0
2021-10-22,sz.123050,132.0,133.33,130.0,131.0,131.1,570293.0,74708383.0,3,0,1,-0.08,,,,,0
2021-10-25,sz.123050,130.82,132.32,129.0,131.75,131.0,504981.0,66531246.75,3,0,1,0.57,,,,,0
2021-10-26,sz.123050,131.55,137.9,129.7,134.63,131.75,2702910.0,363892773.3,3,0,1,2.19,,,,,0
2021-10-27,sz.123050,136.0,136.0,130.21,130.36,134.63,805985.0,105068204.60000001,3,0,1,-3.17,,,,,0
2021-10-28,sz.123050,129.44,131.89,127.62,128.0,130.36,538066.0,68872448.0,3,0,1,-1.81,,,,,0
2021-10-29,sz.123050,128.49,135.77,128.16,130.25,128.0,1912108.0,249053979.108,3,0,1,1.76,,,,,0
2021-11-01,sz.123050,130.0,131.89,129.8,131.14,130.25,467124.0,61258641.35999999,3,0,1,0.68,,,,,0
2021-11-02,sz.123050,131.29,135.0,130.21,132.29,131.14,980594.0,129722780.25999999,3,0,1,0.88,,,,,0
2021-11-03,sz.123050,133.0,134.82,131.51,132.3,132.29,452068.0,59808596.400000006,3,0,1,0.01,,,,,0
2021-11-04,sz.123050,132.82,135.7,132.82,134.2,132.3,716120.0,96103303.99999999,3,0,1,1.44,,,,,0
2021-11-05,sz.123050,135.65,144.0,133.78,138.18,134.2,2677284.0,369947103.12,3,0,1,2.97,,,,,0
2021-11-08,sz.123050,141.0,141.0,135.25,137.0,138.18,866825.0,118755025.0,3,0,1,-0.85,,,,,0
2021-11-09,sz.123050,137.52,140.84,136.7,138.51,137.0,704224.0,97542770.464,3,0,1,1.1,,,,,0
2021-11-10,sz.123050,138.4,157.22,138.04,147.7,138.51,12318487.0,1819440529.8999999,3,0,1,6.63,,,,,0
2021-11-11,sz.123050,148.0,149.6,145.15,147.1,147.7,2560059.0,376584678.9,3,0,1,-0.41,,,,,0
2021-11-12,sz.123050,147.39,155.96,146.3,147.57,147.1,3646209.0,538071062.13,3,0,1,0.32,,,,,0
2021-11-15,sz.123050,146.5,150.0,144.71,150.0,147.57,1356099.0,203414850.0,3,0,1,1.65,,,,,0
2021-11-16,sz.123050,150.79,151.41,144.6,145.0,150.0,1452997.0,210684565.0,3,0,1,-3.33,,,,,0
2021-11-17,sz.123050,145.32,148.5,142.56,142.8,145.0,1681836.0,240166180.8,3,0,1,-1.52,,,,,0
2021-11-18,sz.123050,143.1,144.19,139.29,140.07,142.8,737162.0,103257967.14999999,3,0,1,-1.91,,,,,0
2021-11-19,sz.123050,140.56,143.6,139.7,142.8,140.07,800505.0,114312114.00000001,3,0,1,1.95,,,,,0
2021-11-22,sz.123050,143.3,158.0,142.0,151.5,142.8,7968996.0,1207318831.992,3,0,1,6.09,,,,,0
2021-11-23,sz.123050,151.39,154.2,148.3,150.7,151.5,2905935.0,437924404.49999994,3,0,1,-0.53,,,,,0
2021-11-24,sz.123050,150.9,151.23,148.06,150.61,150.7,1344803.0,202539435.027,3,0,1,-0.06,,,,,0
2021-11-25,sz.123050,151.0,155.45,148.58,151.6,150.61,1978947.0,300008365.2,3,0,1,0.66,,,,,0
2021-11-26,sz.123050,151.91,152.43,149.15,150.0,151.6,616458.0,92468700.0,3,0,1,-1.06,,,,,0
2021-11-29,sz.123050,149.2,150.9,147.5,149.2,150.0,435110.0,64918411.99999999,3,0,1,-0.53,,,,,0
2021-11-30,sz.123050,153.57,154.0,149.0,149.82,149.2,595890.0,89273856.24,3,0,1,0.41,,,,,0
2021-12-01,sz.123050,149.82,153.0,148.0,151.25,149.82,641951.0,97095088.75,3,0,1,0.96,,,,,0
2021-12-02,sz.123050,151.32,151.62,145.74,147.98,151.25,454630.0,67276147.39999999,3,0,1,-2.16,,,,,0
2021-12-03,sz.123050,147.58,149.69,146.78,147.01,147.98,800635.0,117701351.35,3,0,1,-0.66,,,,,0
2021-12-06,sz.123050,150.9,154.27,142.01,142.69,147.01,1828604.0,260919847.552,3,0,1,-2.94,,,,,0
2021-12-07,sz.123050,143.0,143.19,134.6,137.6,142.69,1067042.0,146821778.074,3,0,1,-3.57,,,,,0
2021-12-08,sz.123050,137.6,140.0,136.58,138.49,137.6,629216.0,87140123.84,3,0,1,0.65,,,,,0
2021-12-09,sz.123050,138.99,149.22,138.8,143.39,138.49,4322657.0,619825787.2299999,3,0,1,3.54,,,,,0
2021-12-10,sz.123050,143.4,143.67,140.01,142.73,143.39,777909.0,111031729.479,3,0,1,-0.46,,,,,0
2021-12-13,sz.123050,143.22,144.59,141.58,144.0,142.73,387676.0,55825344.0,3,0,1,0.89,,,,,0
2021-12-14,sz.123050,144.05,145.31,142.67,144.5,144.0,454831.0,65721715.00700001,3,0,1,0.35,,,,,0
2021-12-15,sz.123050,144.78,145.43,142.04,143.8,144.5,249709.0,35908154.2,3,0,1,-0.48,,,,,0
2021-12-16,sz.123050,143.8,145.5,141.85,143.65,143.8,383296.0,55060087.104,3,0,1,-0.11,,,,,0
2021-12-17,sz.123050,143.0,143.65,142.03,143.2,143.65,227165.0,32530027.999999996,3,0,1,-0.31,,,,,0
2021-12-20,sz.123050,143.4,143.4,140.31,140.77,143.2,137150.0,19306605.5,3,0,1,-1.7,,,,,0
2021-12-21,sz.123050,140.94,142.0,139.4,142.0,140.77,119161.0,16920862.0,3,0,1,0.87,,,,,0
2021-12-22,sz.123050,142.0,144.9,141.85,143.5,142.0,461933.0,66286461.633999996,3,0,1,1.05,,,,,0
2021-12-23,sz.123050,143.59,145.96,142.6,145.5,143.5,327308.0,47623314.0,3,0,1,1.4,,,,,0
2021-12-24,sz.123050,145.5,145.83,142.69,143.1,145.5,144670.0,20702566.34,3,0,1,-1.65,,,,,0
2021-12-27,sz.123050,143.0,143.24,139.39,140.51,143.1,76044.0,10684942.44,3,0,1,-1.81,,,,,0
2021-12-28,sz.123050,140.6,143.95,140.6,142.19,140.51,171326.0,24360843.94,3,0,1,1.2,,,,,0
2021-12-29,sz.123050,142.47,144.44,141.2,141.7,142.19,194946.0,27623848.2,3,0,1,-0.34,,,,,0
2021-12-30,sz.123050,141.41,143.35,141.05,142.48,141.7,99850.0,14226627.999999998,3,0,1,0.55,,,,,0
2021-12-31,sz.123050,142.98,142.99,141.6,142.5,142.48,70440.0,10037700.0,3,0,1,0.01,,,,,0
2022-01-04,sz.123050,141.9,152.36,141.9,149.61,142.5,1968694.0,294536309.34000003,3,0,1,4.99,,,,,0
2022-01-05,sz.123050,150.11,155.7,148.12,149.8,149.61,1047739.0,156951302.20000002,3,0,1,0.13,,,,,0
2022-01-06,sz.123050,149.5,153.65,148.5,153.65,149.8,513793.0,78944294.45,3,0,1,2.57,,,,,0
2022-01-07,sz.123050,153.84,159.5,150.7,151.5,153.65,481228.0,72908448.14,3,0,1,-1.4,,,,,0
2022-01-10,sz.123050,151.5,153.48,148.33,150.62,151.5,241390.0,36357196.24,3,0,1,-0.59,,,,,0
2022-01-11,sz.123050,150.01,151.31,146.32,147.48,150.62,138120.0,20369661.36,3,0,1,-2.08,,,,,0
2022-01-12,sz.123050,147.99,149.4,147.53,148.9,147.48,115953.0,17265285.747,3,0,1,0.96,,,,,0
2022-01-13,sz.123050,149.19,149.75,146.3,147.43,148.9,168850.0,24894062.049999997,3,0,1,-0.98,,,,,0
2022-01-14,sz.123050,148.69,148.99,143.0,143.57,147.43,250270.0,35931263.9,3,0,1,-2.62,,,,,0
2022-01-17,sz.123050,144.03,148.0,143.54,147.55,143.57,227023.0,33497243.650000002,3,0,1,2.77,,,,,0
2022-01-18,sz.123050,147.6,148.5,146.32,146.61,147.55,97950.0,14360449.500000002,3,0,1,-0.64,,,,,0
2022-01-19,sz.123050,147.0,147.5,144.33,145.6,146.61,112831.0,16428193.6,3,0,1,-0.69,,,,,0
2022-01-20,sz.123050,145.0,146.1,139.46,140.24,145.6,390260.0,54728111.10000001,3,0,1,-3.68,,,,,0
2022-01-21,sz.123050,140.0,141.18,138.67,140.5,140.24,97220.0,13659215.559999999,3,0,1,0.19,,,,,0
2022-01-24,sz.123050,140.5,141.36,139.08,140.9,140.5,60710.0,8554039.0,3,0,1,0.29,,,,,0
2022-01-25,sz.123050,141.19,141.23,136.62,138.67,140.9,264592.0,36690972.63999999,3,0,1,-1.58,,,,,0
2022-01-26,sz.123050,139.05,140.58,137.75,138.87,138.67,92750.0,12880563.5,3,0,1,0.15,,,,,0
2022-01-27,sz.123050,138.5,139.07,135.3,135.94,138.87,44308.0,6023229.52,3,0,1,-2.11,,,,,0
2022-01-28,sz.123050,136.31,138.14,133.89,135.58,135.94,86360.0,11708516.08,3,0,1,-0.27,,,,,0
2022-02-07,sz.123050,136.0,138.44,136.0,138.3,135.58,60500.0,8367150.000000001,3,0,1,2.01,,,,,0
2022-02-08,sz.123050,142.0,144.9,137.8,139.2,138.3,871649.0,121333540.8,3,0,1,0.65,,,,,0
2022-02-09,sz.123050,139.0,140.6,137.54,140.2,139.2,223928.0,31394705.599999998,3,0,1,0.72,,,,,0
2022-02-10,sz.123050,141.0,142.25,139.0,140.8,140.2,161810.0,22782848.0,3,0,1,0.43,,,,,0
2022-02-11,sz.123050,141.0,141.0,138.61,139.5,140.8,98166.0,13694058.833999999,3,0,1,-0.92,,,,,0
2022-02-14,sz.123050,139.0,139.62,132.77,134.99,139.5,83743.0,11304216.341,3,0,1,-3.23,,,,,0
2022-02-15,sz.123050,134.0,137.0,129.9,132.49,134.99,238353.0,31578435.558,3,0,1,-1.85,,,,,0
2022-02-16,sz.123050,132.39,133.0,129.44,130.58,132.49,156953.0,20495236.645999998,3,0,1,-1.44,,,,,0
2022-02-17,sz.123050,130.0,131.08,129.5,130.6,130.58,159465.0,20826129.0,3,0,1,0.01,,,,,0
2022-02-18,sz.123050,129.0,131.8,129.0,131.5,130.6,127450.0,16759675.0,3,0,1,0.69,,,,,0
2022-02-21,sz.123050,131.5,134.0,131.25,133.8,131.5,109583.0,14662205.4,3,0,1,1.75,,,,,0
2022-02-22,sz.123050,132.92,133.38,129.0,131.11,133.8,106208.0,13924930.88,3,0,1,-2.01,,,,,0
2022-02-23,sz.123050,131.77,137.6,129.69,136.65,131.11,343272.0,46909148.616,3,0,1,4.23,,,,,0
2022-02-24,sz.123050,136.4,137.49,132.79,132.9,136.65,104814.0,13929780.600000001,3,0,1,-2.75,,,,,0
2022-02-25,sz.123050,133.56,136.6,133.56,135.71,132.9,70220.0,9529696.639999999,3,0,1,2.12,,,,,0
2022-02-28,sz.123050,135.71,135.99,133.15,135.95,135.71,40242.0,5470859.658000001,3,0,1,0.17,,,,,0
2022-03-01,sz.123050,135.95,137.49,135.5,136.04,135.95,60461.0,8225235.362,3,0,1,0.07,,,,,0
2022-03-02,sz.123050,137.5,137.55,135.31,135.59,136.04,66495.0,9015924.06,3,0,1,-0.33,,,,,0
2022-03-03,sz.123050,137.89,137.89,133.03,133.93,135.59,68202.0,9134293.860000001,3,0,1,-1.22,,,,,0
2022-03-04,sz.123050,132.77,134.75,130.6,131.9,133.93,53802.0,7096483.800000001,3,0,1,-1.52,,,,,0
2022-03-07,sz.123050,130.3,131.0,123.51,125.7,131.9,163126.0,20505264.452,3,0,1,-4.7,,,,,0
2022-03-08,sz.123050,125.77,126.55,119.98,122.7,125.7,243422.0,29867879.400000002,3,0,1,-2.39,,,,,0
2022-03-09,sz.123050,122.7,124.21,116.5,120.75,122.7,151540.0,18298455.0,3,0,1,-1.59,,,,,0
2022-03-10,sz.123050,123.0,129.0,122.06,123.9,120.75,586838.0,72709228.2,3,0,1,2.61,,,,,0
2022-03-11,sz.123050,123.38,125.0,120.91,123.75,123.9,131968.0,16331040.0,3,0,1,-0.12,,,,,0
2022-03-14,sz.123050,123.75,124.5,122.5,123.7,123.75,55400.0,6852980.0,3,0,1,-0.04,,,,,0
2022-03-15,sz.123050,122.65,124.27,121.0,123.0,123.7,347674.0,42763902.0,3,0,1,-0.57,,,,,0
2022-03-16,sz.123050,123.0,125.2,121.2,125.0,123.0,126738.0,15842250.0,3,0,1,1.63,,,,,0
2022-03-17,sz.123050,127.83,128.1,126.25,126.8,125.0,131171.0,16632351.629,3,0,1,1.44,,,,,0
2022-03-18,sz.123050,126.19,127.52,125.88,126.78,126.8,73560.0,9325569.0,3,0,1,-0.02,,,,,0
2022-03-21,sz.123050,126.78,127.69,125.02,126.03,126.78,53668.0,6763778.04,3,0,1,-0.59,,,,,0
2022-03-22,sz.123050,125.3,130.7,124.78,127.93,126.03,181408.0,23206981.216000002,3,0,1,1.51,,,,,0
2022-03-23,sz.123050,129.93,132.18,125.0,127.79,127.93,389032.0,49715566.376,3,0,1,-0.1,,,,,0
2022-03-24,sz.123050,127.11,127.6,124.64,124.98,127.79,62320.0,7788878.24,3,0,1,-2.2,,,,,0
2022-03-25,sz.123050,125.79,126.29,123.31,124.21,124.98,51147.0,6353122.311,3,0,1,-0.62,,,,,0
2022-03-28,sz.123050,123.89,123.89,121.0,121.6,124.21,112790.0,13715264.0,3,0,1,-2.1,,,,,0
2022-03-29,sz.123050,121.5,122.5,119.8,120.0,121.6,44520.0,5342266.44,3,0,1,-1.32,,,,,0
2022-03-30,sz.123050,120.02,122.42,120.0,122.42,120.0,38670.0,4733788.05,3,0,1,2.02,,,,,0
2022-03-31,sz.123050,122.82,122.82,121.0,121.2,122.42,24880.0,3015406.2399999998,3,0,1,-0.99,,,,,0
2022-04-01,sz.123050,121.0,123.2,120.74,122.99,121.2,28239.0,3473086.3710000003,3,0,1,1.48,,,,,0
2022-04-06,sz.123050,122.99,123.8,122.32,122.84,122.99,27260.0,3348563.88,3,0,1,-0.12,,,,,0
2022-04-07,sz.123050,122.25,123.0,119.79,120.3,122.84,52946.0,6369403.8,3,0,1,-2.07,,,,,0
2022-04-08,sz.123050,120.25,120.84,119.0,120.4,120.3,30302.0,3648360.8000000003,3,0,1,0.08,,,,,0
2022-04-11,sz.123050,119.82,121.0,118.35,118.95,120.4,77179.0,9180750.765999999,3,0,1,-1.2,,,,,0
2022-04-12,sz.123050,118.96,119.55,117.78,119.0,118.95,28820.0,3429580.0,3,0,1,0.04,,,,,0
2022-04-13,sz.123050,119.0,119.48,118.06,118.26,119.0,14600.0,1726581.4,3,0,1,-0.62,,,,,0
2022-04-14,sz.123050,118.26,120.03,117.57,118.05,118.26,42040.0,4962822.0,3,0,1,-0.18,,,,,0
2022-04-15,sz.123050,117.57,119.0,116.79,117.69,118.05,43889.0,5165164.743,3,0,1,-0.31,,,,,0
2022-04-18,sz.123050,117.69,118.92,117.45,118.8,117.69,17652.0,2097057.5999999999,3,0,1,0.95,,,,,0
2022-04-19,sz.123050,118.8,120.3,118.8,120.0,118.8,27955.0,3354544.0900000003,3,0,1,1.01,,,,,0
2022-04-20,sz.123050,119.52,121.0,119.52,120.42,120.0,19001.0,2288100.42,3,0,1,0.35,,,,,0
2022-04-21,sz.123050,120.42,121.71,118.51,118.51,120.42,26358.0,3123633.864,3,0,1,-1.59,,,,,0
2022-04-22,sz.123050,118.51,119.48,118.07,118.84,118.51,16146.0,1918855.224,3,0,1,0.28,,,,,0
2022-04-25,sz.123050,118.2,119.0,113.3,114.2,118.84,55072.0,6289222.4,3,0,1,-3.91,,,,,0
2022-04-26,sz.123050,114.2,115.19,113.41,113.88,114.2,25131.0,2861918.28,3,0,1,-0.28,,,,,0
2022-04-27,sz.123050,112.88,115.49,112.88,114.94,113.88,24523.0,2818673.62,3,0,1,0.93,,,,,0
2022-04-28,sz.123050,115.0,115.4,113.9,114.75,114.94,33950.0,3895762.5,3,0,1,-0.17,,,,,0
2022-04-29,sz.123050,115.32,117.3,115.32,117.1,114.75,60233.0,7052983.135,3,0,1,2.04,,,,,0
2022-05-05,sz.123050,116.51,117.7,116.5,117.48,117.1,41007.0,4817543.367,3,0,1,0.33,,,,,0
2022-05-06,sz.123050,115.5,117.6,115.1,117.6,117.48,25484.0,2996790.98,3,0,1,0.1,,,,,0
2022-05-09,sz.123050,117.5,118.5,117.46,117.94,117.6,67721.0,7987082.461,3,0,1,0.29,,,,,0
2022-05-10,sz.123050,118.23,118.47,117.36,118.2,117.94,57607.0,6809147.4,3,0,1,0.22,,,,,0
2022-05-11,sz.123050,118.5,121.44,118.2,118.22,118.2,156688.0,18523655.36,3,0,1,0.02,,,,,0
2022-05-12,sz.123050,118.46,128.0,118.45,120.5,118.22,2744276.0,330685258.0,3,0,1,1.93,,,,,0
2022-05-13,sz.123050,121.4,121.7,119.5,120.24,120.5,410471.0,49355033.04,3,0,1,-0.22,,,,,0
2022-05-16,sz.123050,121.98,121.98,119.3,120.32,120.24,129406.0,15569741.702,3,0,1,0.06,,,,,0
2022-05-17,sz.123050,120.6,124.86,120.2,121.5,120.32,780737.0,94859545.5,3,0,1,0.98,,,,,0
2022-05-18,sz.123050,121.25,123.06,121.0,122.05,121.5,252670.0,30838120.830000002,3,0,1,0.45,,,,,0
2022-05-19,sz.123050,122.02,123.79,121.32,121.73,122.05,195198.0,23761842.936,3,0,1,-0.26,,,,,0
2022-05-20,sz.123050,123.0,123.92,121.2,121.46,121.73,163577.0,19867898.843000002,3,0,1,-0.22,,,,,0
2022-05-23,sz.123050,121.46,123.44,121.24,121.85,121.46,63594.0,7748865.306,3,0,1,0.32,,,,,0
2022-05-24,sz.123050,121.66,122.32,118.1,118.68,121.85,116297.0,13802476.851000002,3,0,1,-2.6,,,,,0
2022-05-25,sz.123050,118.44,119.38,118.44,119.0,118.68,46841.0,5574266.364,3,0,1,0.27,,,,,0
2022-05-26,sz.123050,118.83,119.82,118.1,119.19,119.0,44682.0,5325647.58,3,0,1,0.16,,,,,0
2022-05-27,sz.123050,119.19,120.39,118.89,119.5,119.19,29250.0,3495433.5,3,0,1,0.26,,,,,0
2022-05-30,sz.123050,119.32,120.51,119.32,120.0,119.5,35934.0,4312115.934,3,0,1,0.42,,,,,0
2022-05-31,sz.123050,120.0,123.5,119.8,121.22,120.0,485790.0,58886978.01,3,0,1,1.01,,,,,0
2022-06-01,sz.123050,121.22,121.81,120.16,121.6,121.22,141720.0,17233152.0,3,0,1,0.31,,,,,0
2022-06-02,sz.123050,121.35,123.73,121.01,123.34,121.6,224428.0,27680276.236,3,0,1,1.43,,,,,0
2022-06-06,sz.123050,127.81,128.44,123.5,124.8,123.34,417679.0,52126339.199999996,3,0,1,1.19,,,,,0
2022-06-07,sz.123050,124.68,126.08,124.14,124.75,124.8,117863.0,14703644.976,3,0,1,-0.04,,,,,0
2022-06-08,sz.123050,125.0,126.41,124.8,125.26,124.75,63130.0,7907916.319999999,3,0,1,0.41,,,,,0
2022-06-09,sz.123050,126.21,126.21,123.26,123.5,125.26,42256.0,5218742.768,3,0,1,-1.41,,,,,0
2022-06-10,sz.123050,123.09,124.69,123.09,124.3,123.5,50230.0,6243589.0,3,0,1,0.65,,,,,0
2022-06-13,sz.123050,124.05,125.75,123.72,123.89,124.3,54582.0,6762000.234,3,0,1,-0.33,,,,,0
2022-06-14,sz.123050,123.89,124.1,122.26,122.51,123.89,39437.0,4831426.87,3,0,1,-1.11,,,,,0
2022-06-15,sz.123050,122.59,133.99,122.59,124.53,122.51,2410181.0,300137429.749,3,0,1,1.65,,,,,0
2022-06-16,sz.123050,125.0,126.44,124.5,126.39,124.53,727487.0,91949991.878,3,0,1,1.5,,,,,0
2022-06-17,sz.123050,125.0,126.8,125.0,126.26,126.39,265938.0,33576534.066,3,0,1,-0.11,,,,,0
2022-06-20,sz.123050,125.5,125.93,123.7,123.8,126.26,171520.0,21234690.56,3,0,1,-1.94,,,,,0
2022-06-21,sz.123050,125.0,126.21,123.66,124.44,123.8,253270.0,31517678.61,3,0,1,0.52,,,,,0
2022-06-22,sz.123050,125.3,127.35,123.46,123.87,124.44,296520.0,36729932.4,3,0,1,-0.46,,,,,0
2022-06-23,sz.123050,123.87,130.0,123.17,128.3,123.87,3298376.0,423198132.68,3,0,1,3.58,,,,,0
2022-06-24,sz.123050,127.3,129.07,126.6,128.5,128.3,352032.0,45235055.90400001,3,0,1,0.15,,,,,0
2022-06-27,sz.123050,128.36,129.78,128.0,128.69,128.5,151110.0,19446043.68,3,0,1,0.15,,,,,0
2022-06-28,sz.123050,128.22,129.89,128.01,129.18,128.69,188427.0,24341941.995,3,0,1,0.39,,,,,0
2022-06-29,sz.123050,128.65,134.44,127.01,127.4,129.18,1151940.0,146757156.0,3,0,1,-1.38,,,,,0
2022-06-30,sz.123050,128.0,134.89,127.15,130.85,127.4,1874643.0,245298911.193,3,0,1,2.71,,,,,0
2022-07-01,sz.123050,131.0,140.56,130.9,132.25,130.85,4546158.0,601215757.026,3,0,1,1.07,,,,,0
2022-07-04,sz.123050,131.21,132.2,128.0,128.3,132.25,755208.0,96893186.4,3,0,1,-2.98,,,,,0
2022-07-05,sz.123050,129.33,129.94,125.89,126.21,128.3,540526.0,68219786.46,3,0,1,-1.63,,,,,0
2022-07-06,sz.123050,127.0,129.08,125.5,127.2,126.21,574940.0,73132368.0,3,0,1,0.78,,,,,0
2022-07-07,sz.123050,127.0,128.44,125.6,127.84,127.2,316940.0,40518877.36,3,0,1,0.51,,,,,0
2022-07-08,sz.123050,127.84,128.97,127.35,127.8,127.84,232147.0,29668386.599999998,3,0,1,-0.03,,,,,0
2022-07-11,sz.123050,128.0,129.44,126.51,127.2,127.8,106777.0,13582461.508,3,0,1,-0.47,,,,,0
2022-07-12,sz.123050,127.2,127.4,124.8,126.29,127.2,110740.0,13985354.600000001,3,0,1,-0.72,,,,,0
2022-07-13,sz.123050,126.29,126.77,125.03,125.75,126.29,76940.0,9675358.879999999,3,0,1,-0.43,,,,,0
2022-07-14,sz.123050,125.6,126.2,125.23,126.2,125.75,55570.0,7012934.0,3,0,1,0.36,,,,,0
2022-07-15,sz.123050,126.2,126.76,124.58,125.12,126.2,107490.0,13449148.8,3,0,1,-0.86,,,,,0
2022-07-18,sz.123050,124.98,127.8,124.98,127.0,125.12,341210.0,43333670.0,3,0,1,1.5,,,,,0
2022-07-19,sz.123050,127.0,127.4,125.99,126.94,127.0,90740.0,11518172.64,3,0,1,-0.05,,,,,0
2022-07-20,sz.123050,127.05,128.0,126.7,128.0,126.94,143902.0,18419456.0,3,0,1,0.84,,,,,0
2022-07-21,sz.123050,128.1,129.86,127.85,129.2,128.0,219461.0,28354361.2,3,0,1,0.94,,,,,0
2022-07-22,sz.123050,129.17,130.9,127.5,129.13,129.2,512344.0,66158980.72,3,0,1,-0.05,,,,,0
2022-07-25,sz.123050,128.55,130.0,128.13,128.55,129.13,130970.0,16836193.5,3,0,1,-0.45,,,,,0
2022-07-26,sz.123050,128.45,130.45,128.45,130.42,128.55,118300.0,15428685.999999998,3,0,1,1.45,,,,,0
2022-07-27,sz.123050,130.28,130.78,129.64,129.88,130.42,57520.0,7470640.079999999,3,0,1,-0.41,,,,,0
2022-07-28,sz.123050,130.32,132.9,129.75,132.21,129.88,347570.0,45952229.7,3,0,1,1.79,,,,,0
2022-07-29,sz.123050,132.07,132.98,130.6,131.5,132.21,68283.0,8979214.5,3,0,1,-0.54,,,,,0
2022-08-01,sz.123050,131.5,133.2,130.18,133.2,131.5,133954.0,17842672.799999997,3,0,1,1.29,,,,,0
2022-08-02,sz.123050,132.6,133.2,129.68,130.47,133.2,74061.0,9662738.67,3,0,1,-2.05,,,,,0
2022-08-03,sz.123050,130.77,132.44,129.5,129.67,130.47,217668.0,28224138.888,3,0,1,-0.62,,,,,0
2022-08-04,sz.123050,129.77,131.78,129.67,130.76,129.67,64450.0,8427739.8,3,0,1,0.85,,,,,0
2022-08-05,sz.123050,130.76,134.44,130.76,133.4,130.76,637571.0,85051971.4,3,0,1,2.02,,,,,0
2022-08-08,sz.123050,134.3,135.0,132.54,133.4,133.4,205717.0,27442442.083,3,0,1,-0.0,,,,,0
2022-08-09,sz.123050,133.0,133.4,131.99,132.9,133.4,96980.0,12888448.04,3,0,1,-0.38,,,,,0
2022-08-10,sz.123050,132.36,134.3,132.36,132.79,132.9,139704.0,18551852.976,3,0,1,-0.08,,,,,0
2022-08-11,sz.123050,133.0,140.18,132.79,137.2,132.79,2144822.0,294269578.4,3,0,1,3.32,,,,,0
2022-08-12,sz.123050,137.0,138.35,136.0,137.44,137.2,542600.0,74575486.6,3,0,1,0.18,,,,,0
2022-08-15,sz.123050,139.44,139.44,137.3,137.61,137.44,213180.0,29335273.44,3,0,1,0.12,,,,,0
2022-08-16,sz.123050,137.3,138.0,136.04,136.64,137.61,86480.0,11816627.2,3,0,1,-0.7,,,,,0
2022-08-17,sz.123050,136.64,139.44,136.16,139.3,136.64,202184.0,28163826.832,3,0,1,1.95,,,,,0
2022-08-18,sz.123050,138.95,140.36,137.6,138.63,139.3,273600.0,37929715.2,3,0,1,-0.48,,,,,0
2022-08-19,sz.123050,138.0,139.42,134.12,134.45,138.63,291630.0,39210820.02,3,0,1,-3.01,,,,,0
2022-08-22,sz.123050,133.98,135.16,132.8,133.61,134.45,146950.0,19633989.500000004,3,0,1,-0.63,,,,,0
2022-08-23,sz.123050,135.06,135.28,132.2,132.5,133.61,197214.0,26130855.0,3,0,1,-0.83,,,,,0
2022-08-24,sz.123050,132.5,133.71,128.2,128.2,132.5,256545.0,32889838.635,3,0,1,-3.24,,,,,0
2022-08-25,sz.123050,128.45,129.18,125.0,126.03,128.2,200439.0,25262128.926000003,3,0,1,-1.69,,,,,0
2022-08-26,sz.123050,126.16,127.27,125.5,126.32,126.03,122670.0,15495797.07,3,0,1,0.23,,,,,0
2022-08-29,sz.123050,127.0,127.34,124.25,125.18,126.32,204658.0,25619088.44,3,0,1,-0.9,,,,,0
2022-08-30,sz.123050,125.0,126.99,124.5,126.7,125.18,135810.0,17207127.0,3,0,1,1.21,,,,,0
2022-08-31,sz.123050,127.0,127.46,122.8,122.89,126.7,180140.0,22137404.6,3,0,1,-3.01,,,,,0
2022-09-01,sz.123050,122.7,124.2,122.37,123.76,122.89,68815.0,8516613.215,3,0,1,0.71,,,,,0
2022-09-02,sz.123050,123.76,126.9,123.76,126.38,123.76,72275.0,9133969.95,3,0,1,2.11,,,,,0
2022-09-05,sz.123050,126.38,128.65,125.21,128.08,126.38,88428.0,11325504.527999999,3,0,1,1.34,,,,,0
2022-09-06,sz.123050,128.0,128.7,127.0,127.63,128.08,30238.0,3859396.892,3,0,1,-0.35,,,,,0
2022-09-07,sz.123050,127.51,128.3,127.07,127.29,127.63,42310.0,5385555.28,3,0,1,-0.27,,,,,0
2022-09-08,sz.123050,127.47,127.66,126.04,126.2,127.29,22050.0,2782710.0,3,0,1,-0.85,,,,,0
2022-09-09,sz.123050,126.2,126.9,125.5,126.45,126.2,14429.0,1824604.7659999998,3,0,1,0.2,,,,,0
2022-09-13,sz.123050,126.12,127.6,125.0,126.14,126.45,23880.0,3012223.2,3,0,1,-0.25,,,,,0
2022-09-14,sz.123050,125.62,127.0,125.0,125.76,126.14,21280.0,2676215.36,3,0,1,-0.3,,,,,0
2022-09-15,sz.123050,125.49,125.99,123.31,125.19,125.76,48280.0,6044173.2,3,0,1,-0.45,,,,,0
2022-09-16,sz.123050,124.46,125.4,122.11,122.32,125.19,78420.0,9592020.72,3,0,1,-2.3,,,,,0
2022-09-19,sz.123050,122.0,123.2,120.64,121.29,122.32,59650.0,7235067.8,3,0,1,-0.84,,,,,0
2022-09-20,sz.123050,121.4,123.0,121.0,121.68,121.29,62378.0,7589843.149999999,3,0,1,0.32,,,,,0
2022-09-21,sz.123050,121.26,122.73,120.7,121.79,121.68,38440.0,4681569.16,3,0,1,0.09,,,,,0
2022-09-22,sz.123050,121.68,122.88,121.41,121.64,121.79,55420.0,6741399.64,3,0,1,-0.12,,,,,0
2022-09-23,sz.123050,121.48,122.25,120.38,120.74,121.64,37620.0,4542426.9,3,0,1,-0.74,,,,,0
2022-09-26,sz.123050,120.28,120.98,119.8,120.25,120.74,65560.0,7883655.5600000005,3,0,1,-0.41,,,,,0
2022-09-27,sz.123050,119.81,120.98,119.81,120.5,120.25,93415.0,11256507.5,3,0,1,0.21,,,,,0
2022-09-28,sz.123050,120.28,120.68,119.5,119.72,120.5,63040.0,7547274.88,3,0,1,-0.65,,,,,0
2022-09-29,sz.123050,119.8,120.32,119.01,119.45,119.72,44437.0,5307999.65,3,0,1,-0.23,,,,,0
2022-09-30,sz.123050,119.0,120.85,118.5,118.6,119.45,19618.0,2326714.418,3,0,1,-0.71,,,,,0
2022-10-10,sz.123050,118.9,119.2,117.77,117.99,118.6,17980.0,2121478.18,3,0,1,-0.51,,,,,0
2022-10-11,sz.123050,118.08,118.75,117.64,118.75,117.99,26290.0,3121832.34,3,0,1,0.64,,,,,0
2022-10-12,sz.123050,118.48,120.0,118.28,119.84,118.75,21760.0,2607718.4,3,0,1,0.92,,,,,0
2022-10-13,sz.123050,119.5,121.04,119.5,120.21,119.84,57074.0,6860637.244,3,0,1,0.31,,,,,0
2022-10-14,sz.123050,120.48,122.72,120.3,121.6,120.21,65430.0,7956288.0,3,0,1,1.16,,,,,0
2022-10-17,sz.123050,121.28,122.8,121.28,121.9,121.6,36950.0,4504131.1,3,0,1,0.25,,,,,0
2022-10-18,sz.123050,121.9,122.46,120.88,121.4,121.9,29445.0,3574623.0,3,0,1,-0.41,,,,,0
2022-10-19,sz.123050,121.2,122.01,120.96,121.0,121.4,49204.0,5953684.0,3,0,1,-0.33,,,,,0
2022-10-20,sz.123050,120.68,122.83,120.1,122.83,121.0,111630.0,13711512.9,3,0,1,1.51,,,,,0
2022-10-21,sz.123050,122.68,123.06,121.57,122.38,122.83,43760.0,5355130.0,3,0,1,-0.37,,,,,0
2022-10-24,sz.123050,122.0,122.98,120.88,121.36,122.38,40950.0,4969732.95,3,0,1,-0.83,,,,,0
2022-10-25,sz.123050,120.86,121.84,119.01,120.05,121.36,83657.0,10043106.507,3,0,1,-1.08,,,,,0
2022-10-26,sz.123050,120.0,120.79,119.75,120.73,120.05,90610.0,10939707.74,3,0,1,0.57,,,,,0
2022-10-27,sz.123050,120.92,121.94,119.98,120.34,120.73,123160.0,14820458.6,3,0,1,-0.33,,,,,0
2022-10-28,sz.123050,120.05,120.44,118.53,119.12,120.34,69924.0,8329416.804,3,0,1,-1.01,,,,,0
2022-10-31,sz.123050,118.98,119.97,118.5,119.3,119.12,65588.0,7824648.399999999,3,0,1,0.15,,,,,0
2022-11-01,sz.123050,119.48,120.08,119.0,120.05,119.3,61126.0,7338237.426,3,0,1,0.63,,,,,0
2022-11-02,sz.123050,120.05,122.5,120.04,121.58,120.05,120873.0,14695739.34,3,0,1,1.27,,,,,0
2022-11-03,sz.123050,121.48,122.6,121.08,122.0,121.58,37473.0,4571706.0,3,0,1,0.35,,,,,0
2022-11-04,sz.123050,121.98,123.0,121.98,122.89,122.0,29520.0,3627712.8,3,0,1,0.73,,,,,0
2022-11-07,sz.123050,122.68,124.19,121.91,124.12,122.89,153460.0,19047455.2,3,0,1,1.0,,,,,0
2022-11-08,sz.123050,123.62,123.89,123.0,123.3,124.12,28780.0,3548574.0,3,0,1,-0.66,,,,,0
2022-11-09,sz.123050,122.98,123.5,122.45,122.8,123.3,27610.0,3390508.0,3,0,1,-0.41,,,,,0
2022-11-10,sz.123050,122.4,122.95,122.0,122.43,122.8,10970.0,1343068.07,3,0,1,-0.3,,,,,0
2022-11-11,sz.123050,123.1,123.96,122.72,122.94,122.43,47114.0,5792195.16,3,0,1,0.42,,,,,0
2022-11-14,sz.123050,122.99,123.48,122.75,122.95,122.94,44860.0,5515537.0,3,0,1,0.01,,,,,0
2022-11-15,sz.123050,122.66,123.86,122.66,123.69,122.95,76740.0,9492277.56,3,0,1,0.61,,,,,0
2022-11-16,sz.123050,123.69,123.9,121.9,122.79,123.69,47900.0,5881641.0,3,0,1,-0.73,,,,,0
2022-11-17,sz.123050,122.48,122.97,119.8,121.24,122.79,47860.0,5802546.399999999,3,0,1,-1.26,,,,,0
2022-11-18,sz.123050,121.24,121.88,120.69,121.0,121.24,16507.0,1997347.0,3,0,1,-0.2,,,,,0
2022-11-21,sz.123050,120.9,121.3,120.0,120.45,121.0,17810.0,2145267.93,3,0,1,-0.45,,,,,0
2022-11-22,sz.123050,120.1,120.87,119.66,119.81,120.45,58976.0,7066032.512,3,0,1,-0.53,,,,,0
2022-11-23,sz.123050,119.99,120.27,119.28,119.33,119.81,64127.0,7652339.0370000005,3,0,1,-0.4,,,,,0
2022-11-24,sz.123050,119.51,120.34,118.9,119.19,119.33,83988.0,10010865.672,3,0,1,-0.11,,,,,0
2022-11-25,sz.123050,119.37,119.37,118.73,118.95,119.19,32070.0,3814662.36,3,0,1,-0.21,,,,,0
2022-11-28,sz.123050,118.9,118.9,118.08,118.55,118.95,30230.0,3583766.5,3,0,1,-0.33,,,,,0
2022-11-29,sz.123050,118.73,120.18,118.44,119.79,118.55,42750.0,5121022.5,3,0,1,1.05,,,,,0
2022-11-30,sz.123050,119.97,120.57,119.31,120.35,119.79,31250.0,3760937.5,3,0,1,0.47,,,,,0
2022-12-01,sz.123050,120.71,121.28,120.5,120.56,120.35,41710.0,5028682.73,3,0,1,0.18,,,,,0
2022-12-02,sz.123050,120.74,121.25,120.64,121.08,120.56,28062.0,3397887.27,3,0,1,0.43,,,,,0
2022-12-05,sz.123050,121.27,121.74,121.18,121.51,121.08,53290.0,6475427.7700000005,3,0,1,0.35,,,,,0
2022-12-06,sz.123050,121.69,122.0,121.34,121.34,121.51,26246.0,3184768.378,3,0,1,-0.14,,,,,0
2022-12-07,sz.123050,121.4,121.48,120.14,120.58,121.34,19270.0,2323499.52,3,0,1,-0.63,,,,,0
2022-12-08,sz.123050,120.48,120.71,120.0,120.02,120.58,17740.0,2129208.02,3,0,1,-0.46,,,,,0
2022-12-09,sz.123050,120.15,120.38,119.8,119.85,120.02,14610.0,1751066.94,3,0,1,-0.14,,,,,0
2022-12-12,sz.123050,120.0,120.08,119.2,119.62,119.85,22150.0,2649516.5500000003,3,0,1,-0.2,,,,,0
2022-12-13,sz.123050,119.48,119.76,118.61,118.72,119.62,24330.0,2888481.93,3,0,1,-0.75,,,,,0
2022-12-14,sz.123050,119.2,119.98,118.66,118.66,118.72,49310.0,5850976.67,3,0,1,-0.05,,,,,0
2022-12-15,sz.123050,118.67,120.9,113.11,118.66,118.66,133100.0,15793379.8,3,0,1,0.0,,,,,0
2022-12-16,sz.123050,118.66,119.5,117.68,117.9,118.66,34580.0,4076982.0,3,0,1,-0.64,,,,,0
2022-12-19,sz.123050,117.9,118.58,116.88,117.3,117.9,21660.0,2540674.68,3,0,1,-0.51,,,,,0
2022-12-20,sz.123050,117.3,118.38,116.66,116.83,117.3,31540.0,3684818.1999999997,3,0,1,-0.4,,,,,0
2022-12-21,sz.123050,116.68,117.54,116.16,116.17,116.83,38090.0,4424762.9399999995,3,0,1,-0.57,,,,,0
2022-12-22,sz.123050,116.17,117.12,115.51,115.79,116.17,19440.0,2250918.7199999997,3,0,1,-0.33,,,,,0
2022-12-23,sz.123050,115.9,116.43,114.8,115.0,115.79,38946.0,4478751.054,3,0,1,-0.68,,,,,0
2022-12-26,sz.123050,115.17,116.37,115.06,116.28,115.0,18769.0,2182440.551,3,0,1,1.11,,,,,0
2022-12-27,sz.123050,116.28,117.0,116.0,116.95,116.28,15830.0,1851318.5,3,0,1,0.58,,,,,0
2022-12-28,sz.123050,116.78,117.12,116.34,117.06,116.95,12200.0,1428071.0,3,0,1,0.09,,,,,0
2022-12-29,sz.123050,117.06,117.18,116.02,116.02,117.06,36510.0,4235963.22,3,0,1,-0.88,,,,,0
2022-12-30,sz.123050,116.2,116.68,115.9,116.6,116.02,14860.0,1732705.72,3,0,1,0.5,,,,,0
2023-01-03,sz.123050,116.06,117.59,115.61,117.18,116.6,24459.0,2865983.3249999997,3,0,1,0.49,,,,,0
2023-01-04,sz.123050,117.2,117.95,116.91,117.58,117.18,15650.0,1840142.6500000001,3,0,1,0.35,,,,,0
2023-01-05,sz.123050,117.76,118.17,117.38,117.89,117.58,16870.0,1988854.91,3,0,1,0.27,,,,,0
2023-01-06,sz.123050,117.9,118.33,117.1,117.6,117.89,38760.0,4558098.4799999995,3,0,1,-0.25,,,,,0
2023-01-09,sz.123050,117.6,118.99,117.6,117.8,117.6,42322.0,4985531.6,3,0,1,0.17,,,,,0
2023-01-10,sz.123050,117.72,117.98,117.1,117.68,117.8,22713.0,2672752.275,3,0,1,-0.11,,,,,0
2023-01-11,sz.123050,117.68,117.74,117.06,117.15,117.68,57751.0,6765760.654,3,0,1,-0.44,,,,,0
2023-01-12,sz.123050,117.33,118.94,116.92,117.0,117.15,137010.0,16030444.02,3,0,1,-0.13,,,,,0
2023-01-13,sz.123050,117.18,117.48,116.91,117.1,117.0,35320.0,4135972.0,3,0,1,0.08,,,,,0
2023-01-16,sz.123050,117.2,118.6,117.01,118.32,117.1,25080.0,2967565.92,3,0,1,1.05,,,,,0
2023-01-17,sz.123050,118.5,119.3,118.32,119.25,118.32,50746.0,6051511.246,3,0,1,0.78,,,,,0
2023-01-18,sz.123050,119.28,119.87,119.1,119.77,119.25,19658.0,2354497.634,3,0,1,0.44,,,,,0
2023-01-19,sz.123050,119.75,120.18,119.48,120.18,119.77,16515.0,1984723.155,3,0,1,0.34,,,,,0
2023-01-20,sz.123050,120.21,120.5,120.12,120.3,120.18,11760.0,1414728.0,3,0,1,0.1,,,,,0
2023-01-30,sz.123050,120.68,121.2,120.5,121.1,120.3,39312.0,4760683.2,3,0,1,0.67,,,,,0
2023-01-31,sz.123050,121.1,122.6,120.0,120.2,121.1,243932.0,29320626.400000002,3,0,1,-0.74,,,,,0
2023-02-01,sz.123050,120.27,121.65,120.27,121.56,120.2,50941.0,6192184.1959999995,3,0,1,1.13,,,,,0
2023-02-02,sz.123050,122.87,122.87,121.32,122.14,121.56,49750.0,6076365.5,3,0,1,0.48,,,,,0
2023-02-03,sz.123050,122.2,122.42,121.01,122.19,122.14,53632.0,6553240.448,3,0,1,0.04,,,,,0
2023-02-06,sz.123050,121.92,122.98,121.3,122.73,122.19,93902.0,11524216.852,3,0,1,0.44,,,,,0
2023-02-07,sz.123050,122.72,123.0,121.58,122.0,122.73,125620.0,15325765.620000001,3,0,1,-0.59,,,,,0
2023-02-08,sz.123050,121.87,122.37,121.27,121.7,122.0,54389.0,6619141.3,3,0,1,-0.25,,,,,0
2023-02-09,sz.123050,121.46,123.4,121.35,123.0,121.7,181333.0,22303233.667999998,3,0,1,1.06,,,,,0
2023-02-10,sz.123050,123.0,123.52,121.37,122.5,123.0,124383.0,15237166.265999999,3,0,1,-0.4,,,,,0
2023-02-13,sz.123050,122.5,123.88,122.02,123.8,122.5,107983.0,13368187.417000001,3,0,1,1.06,,,,,0
2023-02-14,sz.123050,123.54,124.24,123.07,123.51,123.8,47239.0,5834488.890000001,3,0,1,-0.23,,,,,0
2023-02-15,sz.123050,123.42,123.92,122.03,123.38,123.51,61790.0,7623341.25,3,0,1,-0.11,,,,,0
2023-02-16,sz.123050,123.38,123.98,121.25,121.34,123.38,85295.0,10350036.479999999,3,0,1,-1.65,,,,,0
2023-02-17,sz.123050,121.53,122.19,120.15,120.3,121.34,55407.0,6665185.065,3,0,1,-0.86,,,,,0
2023-02-20,sz.123050,120.9,122.3,120.35,122.3,120.3,62148.0,7600700.399999999,3,0,1,1.67,,,,,0
2023-02-21,sz.123050,122.48,122.8,122.09,122.62,122.3,26002.0,3188365.24,3,0,1,0.26,,,,,0
2023-02-22,sz.123050,122.36,122.8,121.9,121.9,122.62,66222.0,8072528.022,3,0,1,-0.59,,,,,0
2023-02-23,sz.123050,122.02,126.5,121.76,122.49,121.9,603814.0,73961176.86,3,0,1,0.48,,,,,0
2023-02-24,sz.123050,123.9,125.72,121.31,121.83,122.49,396287.0,48279248.923,3,0,1,-0.54,,,,,0
2023-02-27,sz.123050,121.88,125.22,121.1,122.42,121.83,535947.0,65613311.475,3,0,1,0.49,,,,,0
2023-02-28,sz.123050,122.13,123.59,122.13,123.2,122.42,100990.0,12441968.0,3,0,1,0.63,,,,,0
2023-03-01,sz.123050,123.1,124.48,122.33,124.21,123.2,92096.0,11439152.064000001,3,0,1,0.82,,,,,0
2023-03-02,sz.123050,124.39,125.62,123.25,123.59,124.21,154630.0,19110412.439999998,3,0,1,-0.5,,,,,0
2023-03-03,sz.123050,123.8,125.0,122.77,123.31,123.59,75160.0,9267829.280000001,3,0,1,-0.23,,,,,0
2023-03-06,sz.123050,123.49,124.41,122.55,123.96,123.31,87140.0,10801874.4,3,0,1,0.53,,,,,0
2023-03-07,sz.123050,124.14,124.41,123.0,123.16,123.96,33424.0,4116499.84,3,0,1,-0.65,,,,,0
2023-03-08,sz.123050,123.1,124.82,122.4,123.0,123.16,75432.0,9278136.0,3,0,1,-0.13,,,,,0
2023-03-09,sz.123050,123.18,124.17,123.1,123.72,123.0,61208.0,7572776.176,3,0,1,0.59,,,,,0
2023-03-10,sz.123050,123.72,124.92,123.07,123.48,123.72,113785.0,14050626.94,3,0,1,-0.19,,,,,0
2023-03-13,sz.123050,123.54,123.82,122.38,123.1,123.48,66530.0,8189843.0,3,0,1,-0.31,,,,,0
2023-03-14,sz.123050,122.97,124.92,122.8,124.0,123.1,134900.0,16727600.0,3,0,1,0.73,,,,,0
2023-03-15,sz.123050,124.19,125.11,123.44,123.9,124.0,41410.0,5130657.59,3,0,1,-0.08,,,,,0
2023-03-16,sz.123050,123.9,124.23,122.02,122.19,123.9,74940.0,9156693.78,3,0,1,-1.38,,,,,0
2023-03-17,sz.123050,122.5,125.14,122.34,123.39,122.19,287083.0,35423458.453,3,0,1,0.99,,,,,0
2023-03-20,sz.123050,123.02,125.54,123.02,124.8,123.39,230367.0,28749801.599999998,3,0,1,1.14,,,,,0
2023-03-21,sz.123050,124.6,125.47,124.52,125.2,124.8,89426.0,11196135.200000001,3,0,1,0.32,,,,,0
2023-03-22,sz.123050,125.39,127.0,125.0,126.72,125.2,93059.0,11792064.243999999,3,0,1,1.21,,,,,0
2023-03-23,sz.123050,126.78,130.4,126.0,128.1,126.72,1177984.0,150899750.4,3,0,1,1.09,,,,,0
2023-03-24,sz.123050,128.1,129.58,127.24,129.08,128.1,224305.0,28954186.62,3,0,1,0.77,,,,,0
2023-03-27,sz.123050,129.08,129.48,127.94,128.79,129.08,84611.0,10896881.468,3,0,1,-0.23,,,,,0
2023-03-28,sz.123050,128.6,128.6,126.94,127.0,128.79,69119.0,8778182.119,3,0,1,-1.39,,,,,0
2023-03-29,sz.123050,126.72,127.3,126.0,126.6,127.0,76685.0,9708321.0,3,0,1,-0.32,,,,,0
2023-03-30,sz.123050,126.74,127.1,125.01,125.96,126.6,78892.0,9936841.86,3,0,1,-0.51,,,,,0
2023-03-31,sz.123050,125.92,127.33,125.58,126.9,125.96,68176.0,8651329.872,3,0,1,0.75,,,,,0
2023-04-03,sz.123050,127.02,129.06,126.45,129.0,126.9,147460.0,19022340.0,3,0,1,1.66,,,,,0
2023-04-04,sz.123050,137.0,138.99,131.65,136.31,129.0,14788496.0,2015864255.248,3,0,1,5.67,,,,,0
2023-04-06,sz.123050,137.36,141.03,135.84,138.82,136.31,9788285.0,1358770570.56,3,0,1,1.84,,,,,0
2023-04-07,sz.123050,137.54,138.8,135.8,136.1,138.82,2218793.0,301977727.3,3,0,1,-1.96,,,,,0
2023-04-10,sz.123050,136.3,139.98,135.06,138.0,136.1,2649974.0,365696412.0,3,0,1,1.4,,,,,0
2023-04-11,sz.123050,136.58,141.88,136.09,139.5,138.0,2528393.0,352710823.5,3,0,1,1.09,,,,,0
2023-04-12,sz.123050,139.0,144.66,138.41,140.2,139.5,3393466.0,475760539.734,3,0,1,0.5,,,,,0
2023-04-13,sz.123050,138.8,140.19,134.81,136.0,140.2,1152207.0,156700152.0,3,0,1,-3.0,,,,,0
2023-04-14,sz.123050,135.62,135.8,131.89,134.5,136.0,981021.0,131947324.5,3,0,1,-1.1,,,,,0
2023-04-17,sz.123050,134.19,135.97,132.16,135.0,134.5,899158.0,121386330.0,3,0,1,0.37,,,,,0
2023-04-18,sz.123050,134.97,137.91,132.76,137.91,135.0,1403813.0,193599850.82999998,3,0,1,2.16,,,,,0
2023-04-19,sz.123050,137.35,138.57,135.21,136.5,137.91,909772.0,124183878.0,3,0,1,-1.02,,,,,0
2023-04-20,sz.123050,135.61,138.4,135.44,137.31,136.5,1328992.0,182481233.53599998,3,0,1,0.59,,,,,0
2023-04-21,sz.123050,136.93,137.1,130.82,131.9,137.31,897439.0,118372204.10000001,3,0,1,-3.94,,,,,0
2023-04-24,sz.123050,131.54,133.46,130.66,131.73,131.9,1065535.0,140360794.48000002,3,0,1,-0.13,,,,,0
2023-04-25,sz.123050,131.6,132.5,126.62,129.9,131.73,1274908.0,165610549.20000002,3,0,1,-1.39,,,,,0
2023-04-26,sz.123050,128.79,131.5,128.36,130.6,129.9,703282.0,91848629.2,3,0,1,0.54,,,,,0
2023-04-27,sz.123050,129.78,132.2,129.2,129.65,130.6,429391.0,55670543.150000006,3,0,1,-0.73,,,,,0
2023-04-28,sz.123050,129.39,132.84,129.36,132.15,129.65,436346.0,57663123.900000006,3,0,1,1.93,,,,,0
2023-05-04,sz.123050,131.58,132.2,128.91,130.28,132.15,312779.0,40748848.12,3,0,1,-1.42,,,,,0
2023-05-05,sz.123050,130.28,134.32,128.21,131.2,130.28,2324786.0,305011923.2,3,0,1,0.71,,,,,0
2023-05-08,sz.123050,131.2,133.13,130.1,132.88,131.2,587394.0,78052914.72,3,0,1,1.28,,,,,0
2023-05-09,sz.123050,132.67,132.7,129.63,130.16,132.88,414560.0,53959958.720000006,3,0,1,-2.05,,,,,0
2023-05-10,sz.123050,129.76,133.4,129.47,131.63,130.16,660526.0,86947679.484,3,0,1,1.13,,,,,0
2023-05-11,sz.123050,131.29,132.9,130.16,132.09,131.63,348181.0,45991576.471,3,0,1,0.35,,,,,0
2023-05-12,sz.123050,131.67,137.69,131.52,133.55,132.09,4017076.0,536480499.8000001,3,0,1,1.1,,,,,0
2023-05-15,sz.123050,133.5,134.5,130.55,134.5,133.55,1275883.0,171607539.38300002,3,0,1,0.71,,,,,0
2023-05-16,sz.123050,134.0,135.25,132.61,135.0,134.5,840890.0,113520150.0,3,0,1,0.37,,,,,0
2023-05-17,sz.123050,134.86,141.21,134.32,138.3,135.0,2541117.0,351436481.1,3,0,1,2.44,,,,,0
2023-05-18,sz.123050,138.16,140.48,136.03,136.7,138.3,1183192.0,161739980.016,3,0,1,-1.16,,,,,0
2023-05-19,sz.123050,136.43,139.1,135.21,135.5,136.7,1160830.0,157292465.0,3,0,1,-0.88,,,,,0
2023-05-22,sz.123050,135.5,135.6,132.9,134.8,135.5,561894.0,75744996.882,3,0,1,-0.51,,,,,0
2023-05-23,sz.123050,134.9,139.37,132.78,135.2,134.8,1741216.0,235412403.2,3,0,1,0.29,,,,,0
2023-05-24,sz.123050,134.77,136.21,134.11,134.86,135.2,686040.0,92519354.4,3,0,1,-0.25,,,,,0
2023-05-25,sz.123050,134.86,138.44,132.7,135.16,134.86,963841.0,130277568.76499999,3,0,1,0.23,,,,,0
2023-05-26,sz.123050,134.68,136.25,133.7,135.59,135.16,490040.0,66446483.76,3,0,1,0.32,,,,,0
2023-05-29,sz.123050,135.8,142.06,134.79,137.37,135.59,3764655.0,517165715.96999997,3,0,1,1.31,,,,,0
2023-05-30,sz.123050,137.2,138.41,136.04,138.0,137.37,754556.0,104128728.0,3,0,1,0.46,,,,,0
2023-05-31,sz.123050,137.72,141.49,137.31,140.37,138.0,1393910.0,195663146.70000002,3,0,1,1.72,,,,,0
2023-06-01,sz.123050,141.0,141.37,139.03,140.6,140.37,758783.0,106684889.8,3,0,1,0.16,,,,,0
2023-06-02,sz.123050,140.64,142.75,139.71,141.46,140.6,516736.0,73100058.24,3,0,1,0.62,,,,,0
2023-06-05,sz.123050,141.19,143.31,138.7,139.65,141.46,642759.0,89760008.832,3,0,1,-1.28,,,,,0
2023-06-06,sz.123050,139.37,140.03,134.06,134.57,139.65,719814.0,96863930.35200001,3,0,1,-3.64,,,,,0
2023-06-07,sz.123050,134.57,139.4,134.38,137.48,134.57,1559666.0,214416643.016,3,0,1,2.16,,,,,0
2023-06-08,sz.123050,136.83,137.34,135.14,136.66,137.48,534626.0,73061989.16,3,0,1,-0.59,,,,,0
2023-06-09,sz.123050,136.44,142.8,135.67,140.89,136.66,2706650.0,381334505.2,3,0,1,3.09,,,,,0
2023-06-12,sz.123050,141.0,142.98,140.5,142.0,140.89,848878.0,120540676.0,3,0,1,0.79,,,,,0
2023-06-13,sz.123050,141.8,142.9,140.74,141.99,142.0,361850.0,51379081.5,3,0,1,-0.01,,,,,0
2023-06-14,sz.123050,141.99,146.65,141.21,144.99,141.99,1943838.0,281837071.62,3,0,1,2.11,,,,,0
2023-06-15,sz.123050,145.0,147.47,143.4,144.15,144.99,818452.0,117976581.99199998,3,0,1,-0.58,,,,,0
2023-06-16,sz.123050,144.0,168.9,142.0,157.48,144.15,31591177.0,4974978553.96,3,0,1,9.25,,,,,0
2023-06-19,sz.123050,160.5,162.0,153.52,154.89,157.48,11133105.0,1724406633.4499998,3,0,1,-1.64,,,,,0
2023-06-20,sz.123050,152.56,154.63,148.62,149.5,154.89,2854780.0,426789610.0,3,0,1,-3.48,,,,,0
2023-06-21,sz.123050,151.5,153.33,144.5,144.5,149.5,3398000.0,491011000.0,3,0,1,-3.34,,,,,0
2023-06-26,sz.123050,144.9,147.8,142.5,143.88,144.5,3169498.0,456027372.24,3,0,1,-0.43,,,,,0
2023-06-27,sz.123050,145.0,150.74,143.3,148.25,143.88,4440226.0,658263504.5,3,0,1,3.04,,,,,0
2023-06-28,sz.123050,147.65,148.2,140.8,143.9,148.25,1750328.0,251872199.20000002,3,0,1,-2.93,,,,,0
2023-06-29,sz.123050,142.99,146.98,142.99,145.21,143.9,1235111.0,179344292.75500003,3,0,1,0.91,,,,,0
2023-06-30,sz.123050,145.0,151.5,144.31,148.0,145.21,3850808.0,569927285.616,3,0,1,1.93,,,,,0
2023-07-03,sz.123050,148.15,150.4,144.92,145.68,148.0,1451160.0,211406439.96,3,0,1,-1.57,,,,,0
2023-07-04,sz.123050,146.53,148.68,145.9,146.9,145.68,1271854.0,186831537.038,3,0,1,0.83,,,,,0
2023-07-05,sz.123050,146.78,147.93,144.39,145.2,146.9,814989.0,118336402.8,3,0,1,-1.16,,,,,0
2023-07-06,sz.123050,144.89,150.29,144.04,147.12,145.2,1992430.0,293122316.74,3,0,1,1.32,,,,,0
2023-07-07,sz.123050,147.12,147.27,144.05,145.33,147.12,641556.0,93239899.704,3,0,1,-1.21,,,,,0
2023-07-10,sz.123050,145.18,145.76,140.23,140.66,145.33,571014.0,80320542.282,3,0,1,-3.21,,,,,0
2023-07-11,sz.123050,140.4,141.16,139.01,139.85,140.66,654926.0,91592056.026,3,0,1,-0.58,,,,,0
2023-07-12,sz.123050,139.43,140.54,137.5,138.08,139.85,472359.0,65224747.797,3,0,1,-1.26,,,,,0
2023-07-13,sz.123050,138.0,143.33,137.74,140.99,138.08,1480930.0,208799282.55999997,3,0,1,2.11,,,,,0
2023-07-14,sz.123050,141.19,143.5,140.39,140.7,140.99,872468.0,122756247.6,3,0,1,-0.21,,,,,0
2023-07-17,sz.123050,140.27,141.35,138.3,139.7,140.7,328490.0,45890052.99999999,3,0,1,-0.71,,,,,0
2023-07-18,sz.123050,139.77,141.27,138.36,138.69,139.7,400096.0,55488514.04799999,3,0,1,-0.72,,,,,0
2023-07-19,sz.123050,138.69,139.45,136.32,136.8,138.69,464220.0,63505296.00000001,3,0,1,-1.36,,,,,0
2023-07-20,sz.123050,136.61,136.94,135.12,135.43,136.8,410004.0,55527661.72799999,3,0,1,-1.0,,,,,0
2023-07-21,sz.123050,135.07,137.19,135.01,136.4,135.43,323519.0,44127991.6,3,0,1,0.71,,,,,0
2023-07-24,sz.123050,136.02,138.14,135.59,136.81,136.4,312870.0,42804057.57,3,0,1,0.3,,,,,0
2023-07-25,sz.123050,137.57,141.35,137.27,138.96,136.81,904740.0,125721765.66,3,0,1,1.57,,,,,0
2023-07-26,sz.123050,138.89,139.13,137.31,137.5,138.96,207760.0,28566584.479999997,3,0,1,-1.05,,,,,0
2023-07-27,sz.123050,137.5,138.2,135.7,136.01,137.5,187297.0,25474264.97,3,0,1,-1.08,,,,,0
2023-07-28,sz.123050,136.23,138.47,135.55,137.58,136.01,371430.0,51101339.400000006,3,0,1,1.15,,,,,0
2023-07-31,sz.123050,137.58,138.6,136.51,136.82,137.58,210444.0,28792737.635999996,3,0,1,-0.55,,,,,0
2023-08-01,sz.123050,136.8,138.58,136.32,138.33,136.82,406990.0,56299333.69,3,0,1,1.11,,,,,0
2023-08-02,sz.123050,138.03,138.73,137.5,138.0,138.33,257740.0,35568120.0,3,0,1,-0.24,,,,,0
2023-08-03,sz.123050,138.0,138.41,137.18,137.71,138.0,119670.0,16479636.030000001,3,0,1,-0.21,,,,,0
2023-08-04,sz.123050,138.16,140.98,137.74,140.7,137.71,845044.0,118897690.8,3,0,1,2.17,,,,,0
2023-08-07,sz.123050,140.8,142.51,140.03,140.6,140.7,506626.0,71231615.6,3,0,1,-0.07,,,,,0
2023-08-08,sz.123050,140.6,140.73,138.57,139.07,140.6,171137.0,23800878.275,3,0,1,-1.08,,,,,0
2023-08-09,sz.123050,138.84,139.44,138.05,138.15,139.07,103180.0,14254523.36,3,0,1,-0.66,,,,,0
2023-08-10,sz.123050,138.15,138.85,135.25,135.5,138.15,333001.0,45121302.499,3,0,1,-1.92,,,,,0
2023-08-11,sz.123050,135.78,135.8,134.73,135.02,135.5,167080.0,22559475.759999998,3,0,1,-0.35,,,,,0
2023-08-14,sz.123050,134.63,135.1,133.23,134.3,135.02,362940.0,48742479.06,3,0,1,-0.54,,,,,0
2023-08-15,sz.123050,134.77,135.19,133.74,134.15,134.3,233100.0,31270365.0,3,0,1,-0.11,,,,,0
2023-08-16,sz.123050,134.5,134.89,133.02,133.34,134.15,116770.0,15570111.8,3,0,1,-0.6,,,,,0
2023-08-17,sz.123050,133.4,134.81,132.81,134.63,133.34,114010.0,15349166.299999999,3,0,1,0.97,,,,,0
2023-08-18,sz.123050,135.1,135.58,133.33,133.49,134.63,92950.0,12407988.450000001,3,0,1,-0.85,,,,,0
2023-08-21,sz.123050,133.8,133.88,132.41,132.9,133.49,195413.0,25970387.7,3,0,1,-0.44,,,,,0
2023-08-22,sz.123050,133.56,133.56,130.19,132.0,132.9,185360.0,24467890.720000003,3,0,1,-0.68,,,,,0
2023-08-23,sz.123050,131.68,131.84,130.61,130.7,132.0,102380.0,13381373.14,3,0,1,-0.98,,,,,0
2023-08-24,sz.123050,131.08,132.44,130.4,131.57,130.7,181980.0,23943290.58,3,0,1,0.66,,,,,0
2023-08-25,sz.123050,131.32,132.05,129.11,130.0,131.57,164352.0,21365760.0,3,0,1,-1.19,,,,,0
2023-08-28,sz.123050,131.94,133.54,130.05,130.35,130.0,255980.0,33366993.0,3,0,1,0.27,,,,,0
2023-08-29,sz.123050,130.35,133.52,130.0,133.06,130.35,302844.0,40296119.796,3,0,1,2.08,,,,,0
2023-08-30,sz.123050,133.2,135.04,133.06,134.3,133.06,380408.0,51088794.400000006,3,0,1,0.93,,,,,0
2023-08-31,sz.123050,134.07,134.9,133.74,134.32,134.3,147172.0,19767554.352,3,0,1,0.01,,,,,0
2023-09-01,sz.123050,134.32,134.92,132.93,133.5,134.32,168370.0,22477058.259999998,3,0,1,-0.61,,,,,0
2023-09-04,sz.123050,133.59,135.43,133.5,135.4,133.5,177100.0,23978454.5,3,0,1,1.42,,,,,0
2023-09-05,sz.123050,135.38,136.35,135.0,136.0,135.4,244662.0,33274032.0,3,0,1,0.45,,,,,0
2023-09-06,sz.123050,136.1,137.89,135.65,137.34,136.0,248167.0,34083255.78,3,0,1,0.99,,,,,0
2023-09-07,sz.123050,137.34,137.34,134.86,135.15,137.34,248278.0,33555516.533999994,3,0,1,-1.59,,,,,0
2023-09-08,sz.123050,135.2,135.72,133.64,135.39,135.15,109560.0,14832890.16,3,0,1,0.17,,,,,0
2023-09-11,sz.123050,136.03,136.72,133.89,135.36,135.39,186672.0,25267921.92,3,0,1,-0.02,,,,,0
2023-09-12,sz.123050,135.36,135.92,134.4,135.62,135.36,94690.0,12841384.350000001,3,0,1,0.19,,,,,0
2023-09-13,sz.123050,135.51,135.8,133.0,134.22,135.62,84570.0,11350562.55,3,0,1,-1.03,,,,,0
2023-09-14,sz.123050,134.49,134.59,132.98,133.4,134.22,61010.0,8138734.0,3,0,1,-0.61,,,,,0
2023-09-15,sz.123050,133.47,134.35,133.04,133.3,133.4,70789.0,9436032.122,3,0,1,-0.08,,,,,0
2023-09-18,sz.123050,133.66,135.39,133.18,135.02,133.3,188530.0,25454943.54,3,0,1,1.29,,,,,0
2023-09-19,sz.123050,135.02,135.02,132.1,132.77,135.02,140680.0,18678505.64,3,0,1,-1.66,,,,,0
2023-09-20,sz.123050,132.41,133.16,131.14,131.29,132.77,114420.0,15022087.379999999,3,0,1,-1.12,,,,,0
2023-09-21,sz.123050,131.57,131.91,130.14,131.0,131.29,162500.0,21287500.0,3,0,1,-0.22,,,,,0
2023-09-22,sz.123050,131.22,134.43,130.58,134.3,131.0,342660.0,46019238.00000001,3,0,1,2.52,,,,,0
2023-09-25,sz.123050,134.02,134.7,132.7,133.26,134.3,125920.0,16779469.599999998,3,0,1,-0.78,,,,,0
2023-09-26,sz.123050,133.2,134.25,132.3,133.93,133.26,149868.0,20071221.768,3,0,1,0.5,,,,,0
2023-09-27,sz.123050,133.93,134.62,133.0,133.5,133.93,93723.0,12512020.5,3,0,1,-0.32,,,,,0
2023-09-28,sz.123050,133.5,136.23,133.5,135.72,133.5,222586.0,30209371.919999998,3,0,1,1.66,,,,,0
2023-10-09,sz.123050,135.3,136.74,135.3,136.33,135.72,116980.0,15947883.400000002,3,0,1,0.45,,,,,0
2023-10-10,sz.123050,136.15,137.48,136.0,136.43,136.33,66885.0,9124853.01,3,0,1,0.07,,,,,0
2023-10-11,sz.123050,137.0,137.19,135.96,136.0,136.43,118610.0,16131078.610000001,3,0,1,-0.31,,,,,0
2023-10-12,sz.123050,136.0,137.7,135.75,136.9,136.0,136681.0,18711628.900000002,3,0,1,0.66,,,,,0
2023-10-13,sz.123050,136.7,137.9,136.36,137.34,136.9,165056.0,22668625.984,3,0,1,0.32,,,,,0
2023-10-16,sz.123050,137.8,137.94,135.4,135.9,137.34,101956.0,13855820.4,3,0,1,-1.05,,,,,0
2023-10-17,sz.123050,135.9,136.23,133.61,134.27,135.9,163480.0,21950950.04,3,0,1,-1.2,,,,,0
2023-10-18,sz.123050,134.41,134.41,132.26,132.31,134.27,110630.0,14637344.67,3,0,1,-1.46,,,,,0
2023-10-19,sz.123050,132.23,133.68,132.0,132.2,132.31,201680.0,26662095.999999996,3,0,1,-0.08,,,,,0
2023-10-20,sz.123050,132.2,132.71,129.88,130.0,132.2,107370.0,13958100.0,3,0,1,-1.66,,,,,0
2023-10-23,sz.123050,130.4,131.51,128.0,128.0,130.0,173420.0,22197760.0,3,0,1,-1.54,,,,,0
2023-10-24,sz.123050,129.0,133.0,128.08,132.54,128.0,223407.0,29609246.745,3,0,1,3.54,,,,,0
2023-10-25,sz.123050,132.57,134.68,132.5,134.2,132.54,184968.0,24822520.632000003,3,0,1,1.26,,,,,0
2023-10-26,sz.123050,133.6,135.43,132.73,134.81,134.2,221365.0,29842215.650000002,3,0,1,0.46,,,,,0
2023-10-27,sz.123050,134.6,136.47,133.88,135.5,134.81,160988.0,21813874.0,3,0,1,0.51,,,,,0
2023-10-30,sz.123050,135.5,137.09,134.5,136.81,135.5,247630.0,33877517.41,3,0,1,0.96,,,,,0
2023-10-31,sz.123050,136.85,137.18,134.15,134.5,136.81,157374.0,21166960.374,3,0,1,-1.69,,,,,0
2023-11-01,sz.123050,134.79,135.48,133.86,134.29,134.5,106226.0,14265089.54,3,0,1,-0.16,,,,,0
2023-11-02,sz.123050,134.29,135.01,133.86,133.92,134.29,96330.0,12900898.92,3,0,1,-0.27,,,,,0
2023-11-03,sz.123050,133.92,136.37,133.92,135.6,133.92,158312.0,21467107.2,3,0,1,1.25,,,,,0
2023-11-06,sz.123050,135.61,138.47,135.61,138.01,135.6,262438.0,36220118.132,3,0,1,1.78,,,,,0
2023-11-07,sz.123050,137.92,140.32,137.92,139.47,138.01,375292.0,52342725.824,3,0,1,1.06,,,,,0
2023-11-08,sz.123050,139.56,139.85,137.8,138.18,139.47,139000.0,19206881.0,3,0,1,-0.93,,,,,0
2023-11-09,sz.123050,137.77,138.61,137.01,137.07,138.18,172626.0,23662708.95,3,0,1,-0.8,,,,,0
2023-11-10,sz.123050,137.94,142.2,136.88,139.3,137.07,1915740.0,266862582.00000003,3,0,1,1.62,,,,,0
2023-11-13,sz.123050,139.31,141.23,139.0,140.19,139.3,411410.0,57677213.53999999,3,0,1,0.64,,,,,0
2023-11-14,sz.123050,139.92,142.37,139.22,141.45,140.19,372931.0,52751089.949999996,3,0,1,0.9,,,,,0
2023-11-15,sz.123050,141.63,144.25,141.43,143.3,141.45,455690.0,65300377.00000001,3,0,1,1.31,,,,,0
2023-11-16,sz.123050,143.1,145.0,139.78,140.5,143.3,486442.0,68343641.67400001,3,0,1,-1.96,,,,,0
2023-11-17,sz.123050,139.93,142.91,139.93,141.6,140.5,365841.0,51803085.6,3,0,1,0.79,,,,,0
2023-11-20,sz.123050,141.25,145.18,141.07,144.39,141.6,595832.0,86033374.144,3,0,1,1.97,,,,,0
2023-11-21,sz.123050,144.1,144.56,141.65,141.88,144.39,128761.0,18268610.68,3,0,1,-1.74,,,,,0
2023-11-22,sz.123050,141.88,142.13,136.73,137.57,141.88,516590.0,71067286.3,3,0,1,-3.04,,,,,0
2023-11-23,sz.123050,137.22,138.43,136.4,137.68,137.57,500720.0,68937627.44,3,0,1,0.08,,,,,0
2023-11-24,sz.123050,137.38,138.0,136.09,136.15,137.68,322290.0,43880428.08,3,0,1,-1.11,,,,,0
2023-11-27,sz.123050,137.39,137.89,135.12,137.47,136.15,266412.0,36622858.40400001,3,0,1,0.97,,,,,0
2023-11-28,sz.123050,137.47,140.72,137.0,139.89,137.47,365802.0,51172773.383999996,3,0,1,1.76,,,,,0
2023-11-29,sz.123050,139.54,141.23,137.33,137.93,139.89,337262.0,46518210.398,3,0,1,-1.4,,,,,0
2023-11-30,sz.123050,137.93,138.34,134.67,135.6,137.93,307740.0,41730774.96,3,0,1,-1.69,,,,,0
2023-12-01,sz.123050,135.68,136.96,134.99,136.69,135.6,260682.0,35632883.262,3,0,1,0.8,,,,,0
2023-12-04,sz.123050,136.77,138.18,135.86,136.22,136.69,243527.0,33172273.832000002,3,0,1,-0.35,,,,,0
2023-12-05,sz.123050,136.5,136.5,134.42,134.53,136.22,184750.0,24854971.749999996,3,0,1,-1.24,,,,,0
2023-12-06,sz.123050,134.52,135.98,134.3,134.9,134.53,177060.0,23885394.0,3,0,1,0.27,,,,,0
2023-12-07,sz.123050,135.16,135.47,134.3,134.93,134.9,181252.0,24456694.863999996,3,0,1,0.02,,,,,0
2023-12-08,sz.123050,135.3,137.89,135.0,137.23,134.93,469080.0,64373255.64,3,0,1,1.71,,,,,0
2023-12-11,sz.123050,136.76,137.45,135.55,137.22,137.23,271840.0,37302700.32,3,0,1,-0.01,,,,,0
2023-12-12,sz.123050,137.19,137.38,135.86,136.05,137.22,184666.0,25123809.3,3,0,1,-0.85,,,,,0
2023-12-13,sz.123050,136.02,136.19,134.28,134.5,136.05,189166.0,25442827.0,3,0,1,-1.14,,,,,0
2023-12-14,sz.123050,134.63,135.88,134.23,134.64,134.5,194450.0,26181136.9,3,0,1,0.11,,,,,0
2023-12-15,sz.123050,134.98,135.23,132.8,133.1,134.64,153490.0,20429519.0,3,0,1,-1.15,,,,,0
2023-12-18,sz.123050,134.0,134.34,131.39,131.66,133.1,147870.0,19468268.459999997,3,0,1,-1.08,,,,,0
2023-12-19,sz.123050,131.81,132.58,131.5,131.7,131.66,210580.0,27733385.999999996,3,0,1,0.03,,,,,0
2023-12-20,sz.123050,132.4,132.8,130.91,131.06,131.7,227124.0,29765962.944000002,3,0,1,-0.49,,,,,0
2023-12-21,sz.123050,131.2,133.39,129.9,133.32,131.06,320414.0,42717594.48,3,0,1,1.73,,,,,0
2023-12-22,sz.123050,133.43,133.89,132.2,133.18,133.32,294458.0,39216210.898,3,0,1,-0.1,,,,,0
2023-12-25,sz.123050,132.73,133.73,132.14,132.3,133.18,145100.0,19196584.900000002,3,0,1,-0.66,,,,,0
2023-12-26,sz.123050,132.53,132.53,129.44,129.8,132.3,213571.0,27721515.8,3,0,1,-1.89,,,,,0
2023-12-27,sz.123050,130.68,132.14,130.1,132.05,129.8,263851.0,34842579.954,3,0,1,1.74,,,,,0
2023-12-28,sz.123050,131.99,134.5,131.14,134.13,132.05,237450.0,31849643.400000002,3,0,1,1.57,,,,,0
2023-12-29,sz.123050,134.42,138.52,134.2,137.71,134.13,560485.0,77184389.35000001,3,0,1,2.67,,,,,0
2024-01-02,sz.123050,137.71,138.88,137.63,138.0,137.71,278421.0,38420984.316,3,0,1,0.21,,,,,0
2024-01-03,sz.123050,137.6,137.75,135.0,135.47,138.0,264020.0,35766789.4,3,0,1,-1.83,,,,,0
2024-01-04,sz.123050,135.29,136.1,134.75,135.2,135.47,175220.0,23688867.9,3,0,1,-0.2,,,,,0
2024-01-05,sz.123050,134.85,135.89,132.23,132.82,135.2,167163.0,22202088.171,3,0,1,-1.76,,,,,0
2024-01-08,sz.123050,132.82,132.82,130.4,130.95,132.82,128850.0,16872778.650000002,3,0,1,-1.41,,,,,0
2024-01-09,sz.123050,131.04,132.94,130.6,131.2,130.95,148910.0,19536843.090000004,3,0,1,0.19,,,,,0
2024-01-10,sz.123050,131.29,131.66,129.75,130.07,131.2,181710.0,23634474.57,3,0,1,-0.86,,,,,0
2024-01-11,sz.123050,130.07,132.13,129.73,131.61,130.07,156114.0,20546475.768,3,0,1,1.19,,,,,0
2024-01-12,sz.123050,131.61,131.83,130.73,131.03,131.61,137785.0,18054106.335,3,0,1,-0.44,,,,,0
2024-01-15,sz.123050,130.93,131.63,130.19,130.43,131.03,208142.0,27148377.343999997,3,0,1,-0.46,,,,,0
2024-01-16,sz.123050,130.2,130.5,127.75,127.98,130.43,227370.0,29099722.08,3,0,1,-1.88,,,,,0
2024-01-17,sz.123050,128.33,128.5,125.32,125.45,127.98,340136.0,42670061.2,3,0,1,-1.98,,,,,0
2024-01-18,sz.123050,125.23,126.4,124.37,126.0,125.45,417826.0,52646076.0,3,0,1,0.44,,,,,0
2024-01-19,sz.123050,126.65,127.66,125.99,126.63,126.0,328880.0,41646403.28,3,0,1,0.5,,,,,0
2024-01-22,sz.123050,126.63,127.19,121.55,122.8,126.63,281160.0,34525885.68,3,0,1,-3.03,,,,,0
2024-01-23,sz.123050,122.7,123.54,121.0,122.15,122.8,286937.0,35049354.550000004,3,0,1,-0.53,,,,,0
2024-01-24,sz.123050,122.55,123.55,118.85,121.77,122.15,464132.0,56517817.772,3,0,1,-0.31,,,,,0
2024-01-25,sz.123050,121.78,124.73,121.24,124.39,121.77,332450.0,41352790.6,3,0,1,2.15,,,,,0
2024-01-26,sz.123050,124.39,125.18,123.91,124.58,124.39,214940.0,26776365.439999998,3,0,1,0.15,,,,,0
2024-01-29,sz.123050,124.3,125.0,121.02,121.09,124.58,326340.0,39517489.620000005,3,0,1,-2.8,,,,,0
2024-01-30,sz.123050,121.0,121.81,119.6,119.75,121.09,294510.0,35267277.99,3,0,1,-1.11,,,,,0
2024-01-31,sz.123050,119.9,120.36,117.5,117.88,119.75,386300.0,45538975.5,3,0,1,-1.56,,,,,0
2024-02-01,sz.123050,117.88,119.2,116.13,117.58,117.88,305600.0,35930920.0,3,0,1,-0.26,,,,,0
2024-02-02,sz.123050,117.99,119.6,114.9,115.64,117.58,342410.0,39596292.4,3,0,1,-1.65,,,,,0
2024-02-05,sz.123050,115.64,117.26,111.65,114.4,115.64,540233.0,61803735.666,3,0,1,-1.07,,,,,0
2024-02-06,sz.123050,113.85,119.74,112.55,118.5,114.4,482827.0,57214999.5,3,0,1,3.58,,,,,0
2024-02-07,sz.123050,118.5,125.85,118.5,120.6,118.5,1072284.0,129317450.39999999,3,0,1,1.77,,,,,0
2024-02-08,sz.123050,122.0,125.34,120.94,123.23,120.6,688296.0,84820780.96800001,3,0,1,2.18,,,,,0
2024-02-19,sz.123050,124.8,125.8,122.76,124.31,123.23,532243.0,66164724.059,3,0,1,0.88,,,,,0
2024-02-20,sz.123050,124.38,127.83,122.7,124.88,124.31,868677.0,108477777.729,3,0,1,0.45,,,,,0
2024-02-21,sz.123050,124.73,126.79,122.7,124.7,124.88,427506.0,53309143.18799999,3,0,1,-0.14,,,,,0
2024-02-22,sz.123050,124.7,126.39,124.6,124.93,124.7,371310.0,46387758.300000004,3,0,1,0.19,,,,,0
2024-02-23,sz.123050,124.99,126.8,124.35,125.93,124.93,267884.0,33734632.120000005,3,0,1,0.8,,,,,0
2024-02-26,sz.123050,125.58,126.96,125.5,125.79,125.93,406260.0,51103445.400000006,3,0,1,-0.11,,,,,0
2024-02-27,sz.123050,125.77,128.69,125.4,128.57,125.79,331470.0,42617760.84,3,0,1,2.21,,,,,0
2024-02-28,sz.123050,128.11,128.84,124.13,124.3,128.57,356838.0,44356747.59,3,0,1,-3.32,,,,,0
2024-02-29,sz.123050,124.0,125.37,123.1,125.23,124.3,601220.0,75291983.04,3,0,1,0.75,,,,,0
2024-03-01,sz.123050,125.4,126.47,124.56,125.84,125.23,367150.0,46201421.699999996,3,0,1,0.48,,,,,0
2024-03-04,sz.123050,126.39,126.7,124.5,126.0,125.84,266920.0,33631920.0,3,0,1,0.13,,,,,0
2024-03-05,sz.123050,126.0,132.88,126.0,127.6,126.0,5110426.0,652090357.6,3,0,1,1.27,,,,,0
2024-03-06,sz.123050,127.24,129.39,125.3,128.46,127.6,1697512.0,218062391.52,3,0,1,0.67,,,,,0
2024-03-07,sz.123050,129.0,129.13,125.8,126.4,128.46,597032.0,75464844.8,3,0,1,-1.6,,,,,0
2024-03-08,sz.123050,126.84,128.56,126.3,127.51,126.4,538287.0,68636975.37,3,0,1,0.88,,,,,0
2024-03-11,sz.123050,127.01,127.3,125.5,127.21,127.51,304620.0,38751624.059999995,3,0,1,-0.23,,,,,0
2024-03-12,sz.123050,127.39,127.96,126.31,127.13,127.21,294550.0,37444963.300000004,3,0,1,-0.07,,,,,0
2024-03-13,sz.123050,127.33,127.9,126.67,127.22,127.13,229095.0,29146153.185,3,0,1,0.08,,,,,0
2024-03-14,sz.123050,126.98,127.4,125.7,126.1,127.22,180578.0,22771788.69,3,0,1,-0.88,,,,,0
2024-03-15,sz.123050,126.2,127.5,125.5,127.5,126.1,152300.0,19418402.3,3,0,1,1.11,,,,,0
2024-03-18,sz.123050,127.38,129.3,127.38,129.3,127.5,422480.0,54626664.00000001,3,0,1,1.41,,,,,0
2024-03-19,sz.123050,129.28,129.6,128.71,128.89,129.3,214960.0,27706839.28,3,0,1,-0.31,,,,,0
2024-03-20,sz.123050,129.39,129.59,128.34,128.98,128.89,243216.0,31369999.679999996,3,0,1,0.07,,,,,0
2024-03-21,sz.123050,129.66,130.06,128.66,129.1,128.98,223818.0,28894903.799999997,3,0,1,0.09,,,,,0
2024-03-22,sz.123050,128.82,129.0,127.56,128.28,129.1,271000.0,34763880.0,3,0,1,-0.64,,,,,0
2024-03-25,sz.123050,128.3,128.93,126.6,126.89,128.28,256146.0,32502622.086000003,3,0,1,-1.08,,,,,0
2024-03-26,sz.123050,126.74,127.39,124.85,125.6,126.89,429341.0,53925229.599999994,3,0,1,-1.02,,,,,0
2024-03-27,sz.123050,125.6,125.7,121.72,121.88,125.6,383126.0,46694630.628,3,0,1,-2.96,,,,,0
2024-03-28,sz.123050,121.88,126.16,121.88,124.73,121.88,500550.0,62433601.5,3,0,1,2.34,,,,,0
2024-03-29,sz.123050,124.63,125.9,123.44,125.5,124.73,322050.0,40417275.0,3,0,1,0.62,,,,,0
2024-04-01,sz.123050,125.5,127.58,125.5,126.9,125.5,317640.0,40308516.0,3,0,1,1.12,,,,,0
2024-04-02,sz.123050,126.9,127.15,125.11,125.62,126.9,300620.0,37763583.78,3,0,1,-1.01,,,,,0
2024-04-03,sz.123050,125.51,125.7,123.65,125.26,125.62,259540.0,32509461.32,3,0,1,-0.29,,,,,0
2024-04-08,sz.123050,125.66,125.66,124.07,124.28,125.26,159040.0,19765968.32,3,0,1,-0.78,,,,,0
2024-04-09,sz.123050,124.28,124.87,123.64,124.52,124.28,171348.0,21336252.96,3,0,1,0.19,,,,,0
2024-04-10,sz.123050,124.52,124.52,122.71,123.19,124.52,219239.0,27007613.932,3,0,1,-1.07,,,,,0
2024-04-11,sz.123050,123.19,124.2,122.68,123.35,123.19,256760.0,31671346.0,3,0,1,0.13,,,,,0
2024-04-12,sz.123050,123.35,124.5,123.09,124.5,123.35,340504.0,42391726.488,3,0,1,0.93,,,,,0
2024-04-15,sz.123050,123.3,124.0,119.94,120.72,124.5,536707.0,64791269.04,3,0,1,-3.03,,,,,0
2024-04-16,sz.123050,120.6,120.89,117.13,117.31,120.72,487080.0,57141303.12,3,0,1,-2.82,,,,,0
2024-04-17,sz.123050,117.34,122.4,117.34,122.38,117.31,533330.0,65267858.74,3,0,1,4.32,,,,,0
2024-04-18,sz.123050,122.38,123.04,120.81,121.67,122.38,544570.0,66258376.470000006,3,0,1,-0.58,,,,,0
2024-04-19,sz.123050,121.7,122.43,119.69,120.79,121.67,235970.0,28503052.27,3,0,1,-0.72,,,,,0
2024-04-22,sz.123050,120.33,120.86,119.13,119.2,120.79,338010.0,40290792.0,3,0,1,-1.32,,,,,0
2024-04-23,sz.123050,118.83,120.6,118.51,120.0,119.2,246040.0,29524800.0,3,0,1,0.67,,,,,0
2024-04-24,sz.123050,120.0,122.29,120.0,122.21,120.0,185170.0,22630181.209999997,3,0,1,1.84,,,,,0
2024-04-25,sz.123050,123.6,123.6,121.71,122.5,122.21,272515.0,33383360.015,3,0,1,0.24,,,,,0
2024-04-26,sz.123050,122.46,125.8,122.46,125.25,122.5,470995.0,58994007.730000004,3,0,1,2.25,,,,,0
2024-04-29,sz.123050,125.85,127.49,125.59,127.23,125.25,347930.0,44267133.9,3,0,1,1.58,,,,,0
2024-04-30,sz.123050,127.8,128.26,126.41,127.92,127.23,345359.0,44179013.997999996,3,0,1,0.54,,,,,0
2024-05-06,sz.123050,129.0,129.64,127.81,128.26,127.92,273942.0,35135526.97799999,3,0,1,0.26,,,,,0
2024-05-07,sz.123050,127.82,128.9,127.82,128.04,128.26,194892.0,24953192.112,3,0,1,-0.17,,,,,0
2024-05-08,sz.123050,127.73,128.23,126.65,126.77,128.04,115119.0,14593290.273,3,0,1,-0.99,,,,,0
2024-05-09,sz.123050,126.77,128.07,126.6,127.26,126.77,134810.0,17155246.55,3,0,1,0.38,,,,,0
2024-05-10,sz.123050,127.66,127.79,126.35,127.14,127.26,217724.0,27681429.36,3,0,1,-0.09,,,,,0
2024-05-13,sz.123050,126.93,127.48,125.73,125.73,127.14,151522.0,19051315.626000002,3,0,1,-1.11,,,,,0
2024-05-14,sz.123050,125.75,126.97,125.75,126.6,125.73,186383.0,23596087.8,3,0,1,0.69,,,,,0
2024-05-15,sz.123050,126.6,126.73,125.61,125.61,126.6,88532.0,11120504.52,3,0,1,-0.78,,,,,0
2024-05-16,sz.123050,125.49,126.58,125.49,125.77,125.61,106250.0,13362743.75,3,0,1,0.12,,,,,0
2024-05-17,sz.123050,126.0,127.37,125.3,126.7,125.77,338900.0,42938630.0,3,0,1,0.74,,,,,0
2024-05-20,sz.123050,127.37,127.63,126.8,127.1,126.7,163954.0,20838553.4,3,0,1,0.32,,,,,0
2024-05-21,sz.123050,127.44,128.3,126.5,127.99,127.1,351410.0,44976263.08,3,0,1,0.7,,,,,0
2024-05-22,sz.123050,127.6,128.03,126.93,127.23,127.99,147790.0,18802730.54,3,0,1,-0.6,,,,,0
2024-05-23,sz.123050,127.0,127.23,125.75,126.18,127.23,157550.0,19879501.45,3,0,1,-0.82,,,,,0
2024-05-24,sz.123050,126.18,127.2,124.75,125.37,126.18,125000.0,15670875.0,3,0,1,-0.64,,,,,0
2024-05-27,sz.123050,125.1,125.98,123.75,125.8,125.37,137993.0,17359519.4,3,0,1,0.35,,,,,0
2024-05-28,sz.123050,125.5,126.9,125.03,125.55,125.8,167280.0,21002338.560000002,3,0,1,-0.2,,,,,0
2024-05-29,sz.123050,125.05,126.0,124.84,125.36,125.55,175520.0,22002309.6,3,0,1,-0.16,,,,,0
2024-05-30,sz.123050,125.41,125.9,124.23,125.24,125.36,113506.0,14214923.91,3,0,1,-0.1,,,,,0
2024-05-31,sz.123050,125.5,127.36,125.5,126.3,125.24,218364.0,27579373.2,3,0,1,0.85,,,,,0
2024-06-03,sz.123050,126.3,127.0,125.0,125.9,126.3,174550.0,21975495.9,3,0,1,-0.32,,,,,0
2024-06-04,sz.123050,125.9,126.37,124.42,124.82,125.9,177677.0,22177643.14,3,0,1,-0.86,,,,,0
2024-06-05,sz.123050,124.45,125.7,124.45,124.84,124.82,100780.0,12581778.32,3,0,1,0.02,,,,,0
2024-06-06,sz.123050,125.0,126.3,123.2,123.92,124.84,162207.0,20100042.612,3,0,1,-0.74,,,,,0
2024-06-07,sz.123050,124.32,125.27,123.0,124.64,123.92,191054.0,23813734.776,3,0,1,0.59,,,,,0
2024-06-11,sz.123050,124.64,127.51,123.84,127.49,124.64,374674.0,47767562.934,3,0,1,2.28,,,,,0
2024-06-12,sz.123050,127.49,129.44,127.43,129.01,127.49,303826.0,39197199.912,3,0,1,1.19,,,,,0
2024-06-13,sz.123050,129.01,129.41,127.53,127.83,129.01,159070.0,20333918.1,3,0,1,-0.92,,,,,0
2024-06-14,sz.123050,127.59,129.02,126.96,128.51,127.83,177658.0,22831540.212,3,0,1,0.54,,,,,0
2024-06-17,sz.123050,128.3,129.77,128.23,128.75,128.51,155860.0,20066975.0,3,0,1,0.18,,,,,0
2024-06-18,sz.123050,128.75,129.75,127.91,128.54,128.75,128320.0,16494381.12,3,0,1,-0.16,,,,,0
2024-06-19,sz.123050,128.41,128.89,127.24,128.45,128.54,190960.0,24529002.959999997,3,0,1,-0.07,,,,,0
2024-06-20,sz.123050,128.4,128.45,125.59,125.68,128.45,205658.0,25847097.44,3,0,1,-2.16,,,,,0
2024-06-21,sz.123050,125.23,127.01,124.73,126.38,125.68,367380.0,46430219.160000004,3,0,1,0.56,,,,,0
2024-06-24,sz.123050,125.8,125.99,120.41,120.89,126.38,418936.0,50643497.296,3,0,1,-4.35,,,,,0
2024-06-25,sz.123050,121.23,122.23,120.16,120.7,120.89,410980.0,49607340.9,3,0,1,-0.15,,,,,0
2024-06-26,sz.123050,120.33,124.44,120.08,124.38,120.7,257250.0,31997526.75,3,0,1,3.05,,,,,0
2024-06-27,sz.123050,124.56,125.5,123.5,123.58,124.38,171840.0,21236846.4,3,0,1,-0.64,,,,,0
2024-06-28,sz.123050,123.43,126.24,123.41,125.48,123.58,166650.0,20911075.35,3,0,1,1.53,,,,,0
2024-07-01,sz.123050,125.56,125.72,123.78,125.34,125.48,155230.0,19456528.2,3,0,1,-0.11,,,,,0
2024-07-02,sz.123050,125.11,125.4,123.73,124.06,125.34,184583.0,22898628.648,3,0,1,-1.02,,,,,0
2024-07-03,sz.123050,124.2,124.29,122.61,122.8,124.06,220330.0,27056524.0,3,0,1,-1.01,,,,,0
2024-07-04,sz.123050,123.05,123.6,121.58,121.78,122.8,171040.0,20829935.36,3,0,1,-0.83,,,,,0
2024-07-05,sz.123050,121.76,122.6,120.88,122.12,121.78,164174.0,20049749.75,3,0,1,0.28,,,,,0
2024-07-08,sz.123050,121.67,122.12,119.99,120.51,122.12,201140.0,24239180.26,3,0,1,-1.32,,,,,0
2024-07-09,sz.123050,120.79,123.18,119.96,123.16,120.51,193700.0,23857060.5,3,0,1,2.2,,,,,0
2024-07-10,sz.123050,123.19,124.08,122.23,122.68,123.16,212258.0,26040660.472,3,0,1,-0.39,,,,,0
2024-07-11,sz.123050,122.81,125.0,122.51,125.0,122.68,203280.0,25408983.6,3,0,1,1.88,,,,,0
2024-07-12,sz.123050,125.0,125.0,123.66,123.99,125.0,136510.0,16925738.39,3,0,1,-0.8,,,,,0
2024-07-15,sz.123050,123.79,124.6,122.39,122.67,123.99,122970.0,15084483.96,3,0,1,-1.07,,,,,0
2024-07-16,sz.123050,122.67,124.0,121.82,123.16,122.67,116240.0,14315653.440000001,3,0,1,0.4,,,,,0
2024-07-17,sz.123050,123.16,123.16,121.0,121.41,123.16,130490.0,15842399.43,3,0,1,-1.42,,,,,0
2024-07-18,sz.123050,121.61,121.73,120.2,120.66,121.41,256607.0,30961174.192,3,0,1,-0.62,,,,,0
2024-07-19,sz.123050,120.1,122.16,120.01,121.49,120.66,171760.0,20866778.88,3,0,1,0.69,,,,,0
2024-07-22,sz.123050,121.32,121.47,120.2,120.4,121.49,124570.0,14998228.0,3,0,1,-0.9,,,,,0
2024-07-23,sz.123050,120.78,120.78,117.3,117.35,120.4,189100.0,22191641.4,3,0,1,-2.53,,,,,0
2024-07-24,sz.123050,117.99,118.2,115.35,115.63,117.35,494780.0,57211411.4,3,0,1,-1.47,,,,,0
2024-07-25,sz.123050,115.98,117.13,115.0,116.55,115.63,375985.0,43821427.735,3,0,1,0.8,,,,,0
2024-07-26,sz.123050,116.55,119.75,116.39,119.25,116.55,280273.0,33423396.069,3,0,1,2.32,,,,,0
2024-07-29,sz.123050,119.5,119.67,117.55,118.12,119.25,451040.0,53279100.0,3,0,1,-0.95,,,,,0
2024-07-30,sz.123050,118.12,118.27,117.23,117.7,118.12,182960.0,21533843.12,3,0,1,-0.36,,,,,0
2024-07-31,sz.123050,117.4,120.69,117.34,120.54,117.7,304367.0,36689920.015,3,0,1,2.42,,,,,0
2024-08-01,sz.123050,120.68,122.1,119.94,122.0,120.54,528738.0,64504978.524000004,3,0,1,1.21,,,,,0
2024-08-02,sz.123050,121.02,121.41,119.52,119.81,122.0,251880.0,30177239.040000003,3,0,1,-1.8,,,,,0
2024-08-05,sz.123050,119.5,119.84,117.0,117.42,119.81,290730.0,34136062.95,3,0,1,-2.0,,,,,0
2024-08-06,sz.123050,117.64,118.79,117.33,117.92,117.42,220880.0,26045727.84,3,0,1,0.43,,,,,0
2024-08-07,sz.123050,117.6,119.5,117.5,118.7,117.92,154050.0,18285735.0,3,0,1,0.66,,,,,0
2024-08-08,sz.123050,118.7,119.5,117.51,118.47,118.7,117082.0,13870470.376,3,0,1,-0.2,,,,,0
2024-08-09,sz.123050,118.47,119.59,118.39,118.74,118.47,138072.0,16395083.496,3,0,1,0.23,,,,,0
2024-08-12,sz.123050,118.8,119.28,117.8,118.02,118.74,102960.0,12151339.2,3,0,1,-0.61,,,,,0
2024-08-13,sz.123050,117.79,119.67,117.79,119.54,118.02,167400.0,20010159.0,3,0,1,1.28,,,,,0
2024-08-14,sz.123050,119.21,120.12,119.01,119.32,119.54,147035.0,17544216.2,3,0,1,-0.18,,,,,0
2024-08-15,sz.123050,119.59,120.89,119.28,119.68,119.32,260340.0,31158792.900000002,3,0,1,0.31,,,,,0
2024-08-16,sz.123050,119.59,120.46,118.02,118.53,119.68,234260.0,27766135.02,3,0,1,-0.97,,,,,0
2024-08-19,sz.123050,118.93,119.99,118.41,119.1,118.53,189200.0,22532774.0,3,0,1,0.48,,,,,0
2024-08-20,sz.123050,119.17,119.76,117.56,118.03,119.1,233040.0,27505711.2,3,0,1,-0.89,,,,,0
2024-08-21,sz.123050,117.76,119.45,117.68,118.18,118.03,185340.0,21903110.52,3,0,1,0.13,,,,,0
2024-08-22,sz.123050,118.18,119.0,117.51,117.9,118.18,166960.0,19684584.0,3,0,1,-0.24,,,,,0
2024-08-23,sz.123050,117.73,121.02,116.23,120.7,117.9,463770.0,55977039.0,3,0,1,2.37,,,,,0
2024-08-26,sz.123050,121.01,121.39,120.02,120.5,120.7,239150.0,28817575.0,3,0,1,-0.17,,,,,0
2024-08-27,sz.123050,120.74,120.74,119.2,119.3,120.5,85610.0,10213358.61,3,0,1,-1.0,,,,,0
2024-08-28,sz.123050,119.0,120.02,118.93,119.47,119.3,98431.0,11759354.708,3,0,1,0.14,,,,,0
2024-08-29,sz.123050,119.6,123.14,119.52,122.8,119.47,376136.0,46189500.8,3,0,1,2.79,,,,,0
2024-08-30,sz.123050,124.34,124.79,122.42,122.88,122.8,404855.0,49747772.69,3,0,1,0.06,,,,,0
2024-09-02,sz.123050,122.23,124.0,122.13,122.5,122.88,291251.0,35678247.5,3,0,1,-0.31,,,,,0
2024-09-03,sz.123050,122.3,124.02,122.13,123.39,122.5,148230.0,18290692.62,3,0,1,0.73,,,,,0
2024-09-04,sz.123050,123.03,124.06,122.39,123.67,123.39,165264.0,20438198.88,3,0,1,0.22,,,,,0
2024-09-05,sz.123050,123.9,126.09,123.02,124.91,123.67,365900.0,45703837.2,3,0,1,1.0,,,,,0
2024-09-06,sz.123050,124.5,125.23,122.4,122.63,124.91,201774.0,24744150.941999998,3,0,1,-1.82,,,,,0
2024-09-09,sz.123050,122.3,123.15,121.62,121.76,122.63,111288.0,13550426.88,3,0,1,-0.71,,,,,0
2024-09-10,sz.123050,122.0,122.3,120.17,122.13,121.76,147900.0,18063027.0,3,0,1,0.3,,,,,0
2024-09-11,sz.123050,122.06,122.09,120.24,120.63,122.13,77060.0,9295747.799999999,3,0,1,-1.23,,,,,0
2024-09-12,sz.123050,120.73,121.73,120.23,120.52,120.63,141200.0,17017141.6,3,0,1,-0.09,,,,,0
2024-09-13,sz.123050,120.29,120.59,118.68,119.01,120.52,136060.0,16192500.600000001,3,0,1,-1.25,,,,,0
2024-09-18,sz.123050,119.13,119.33,117.59,118.34,119.01,214720.0,25411038.4,3,0,1,-0.56,,,,,0
2024-09-19,sz.123050,118.34,120.85,118.1,120.6,118.34,129955.0,15672313.09,3,0,1,1.9,,,,,0
2024-09-20,sz.123050,120.5,120.84,119.24,119.29,120.6,69300.0,8266797.0,3,0,1,-1.08,,,,,0
2024-09-23,sz.123050,119.29,120.33,118.93,119.4,119.29,142190.0,16977486.0,3,0,1,0.09,,,,,0
2024-09-24,sz.123050,120.5,122.97,119.5,122.63,119.4,139495.0,17106271.849999998,3,0,1,2.71,,,,,0
2024-09-25,sz.123050,123.2,124.87,122.43,122.65,122.63,193110.0,23685134.61,3,0,1,0.02,,,,,0
2024-09-26,sz.123050,122.3,124.95,122.3,124.59,122.65,144233.0,17969989.47,3,0,1,1.58,,,,,0
2024-09-27,sz.123050,124.99,128.33,124.99,125.9,124.59,311126.0,39170141.148,3,0,1,1.05,,,,,0
2024-09-30,sz.123050,127.5,131.16,127.31,130.29,125.9,788494.0,102736825.72999999,3,0,1,3.49,,,,,0
2024-10-08,sz.123050,149.1,150.2,135.5,147.03,130.29,2981335.0,438354629.05499995,3,0,1,12.85,,,,,0
2024-10-09,sz.123050,144.1,144.68,131.58,132.55,147.03,2105897.0,279132435.556,3,0,1,-9.85,,,,,0
2024-10-10,sz.123050,133.99,136.68,129.64,131.05,132.55,1798414.0,235689348.356,3,0,1,-1.13,,,,,0
2024-10-11,sz.123050,131.12,131.49,125.3,126.3,131.05,1124847.0,142068176.1,3,0,1,-3.63,,,,,0
2024-10-14,sz.123050,127.0,131.5,125.9,131.5,126.3,770076.0,101264994.0,3,0,1,4.12,,,,,0
2024-10-15,sz.123050,131.37,133.05,129.0,129.37,131.5,554010.0,71672827.71000001,3,0,1,-1.62,,,,,0
2024-10-16,sz.123050,128.55,129.68,127.55,128.62,129.37,626210.0,80543130.2,3,0,1,-0.58,,,,,0
2024-10-17,sz.123050,128.68,132.27,128.62,129.55,128.62,793654.0,102817875.7,3,0,1,0.72,,,,,0
2024-10-18,sz.123050,129.17,136.03,129.17,134.96,129.55,1131985.0,152776091.555,3,0,1,4.18,,,,,0
2024-10-21,sz.123050,135.5,139.98,134.54,138.43,134.96,1264210.0,175008382.92999998,3,0,1,2.57,,,,,0
2024-10-22,sz.123050,147.0,161.9,143.33,147.79,138.43,25081491.0,3706843717.872,3,0,1,6.76,,,,,0
2024-10-23,sz.123050,146.5,172.77,143.03,167.67,147.79,32508269.0,5450596446.692,3,0,1,13.45,,,,,0
2024-10-24,sz.123050,165.99,167.9,156.0,162.0,167.67,9358489.0,1516075218.0,3,0,1,-3.38,,,,,0
2024-10-25,sz.123050,167.05,174.94,159.7,166.0,162.0,14460244.0,2400400504.0,3,0,1,2.47,,,,,0
2024-10-28,sz.123050,170.0,172.0,161.9,164.9,166.0,4599786.0,758500111.614,3,0,1,-0.66,,,,,0
2024-10-29,sz.123050,156.62,163.38,156.38,157.0,164.9,1958931.0,307552167.0,3,0,1,-4.79,,,,,0
2024-10-30,sz.123050,155.57,169.56,154.8,163.84,157.0,11422047.0,1871445290.715,3,0,1,4.36,,,,,0
2024-10-31,sz.123050,164.89,165.3,158.72,161.3,163.84,2351179.0,379252226.237,3,0,1,-1.55,,,,,0
2024-11-01,sz.123050,161.32,162.0,149.12,150.0,161.3,1876586.0,281478517.07,3,0,1,-7.01,,,,,0
2024-11-04,sz.123050,151.0,154.64,149.83,151.49,150.0,1246221.0,188790019.29000002,3,0,1,1.0,,,,,0
2024-11-05,sz.123050,152.5,158.83,151.87,158.8,151.49,1503032.0,238681481.60000002,3,0,1,4.83,,,,,0
2024-11-06,sz.123050,155.51,166.61,155.04,159.45,158.8,3408508.0,543472966.568,3,0,1,0.41,,,,,0
2024-11-07,sz.123050,160.0,161.89,155.01,161.89,159.45,1173661.0,190003979.29,3,0,1,1.53,,,,,0
2024-11-08,sz.123050,164.69,166.0,159.23,159.78,161.89,977809.0,156233344.211,3,0,1,-1.3,,,,,0
2024-11-11,sz.123050,161.0,166.07,158.1,165.16,159.78,975400.0,161098039.4,3,0,1,3.37,,,,,0
2024-11-12,sz.123050,165.99,167.29,158.3,159.99,165.16,771481.0,123430016.671,3,0,1,-3.13,,,,,0
2024-11-13,sz.123050,160.48,161.8,155.12,161.02,159.99,805164.0,129650727.936,3,0,1,0.65,,,,,0
2024-11-14,sz.123050,161.9,161.9,153.02,153.5,161.02,607969.0,93323241.5,3,0,1,-4.67,,,,,0
2024-11-15,sz.123050,154.0,157.5,149.59,149.59,153.5,880580.0,131725962.2,3,0,1,-2.55,,,,,0
2024-11-18,sz.123050,152.59,155.8,141.42,143.79,149.59,1293268.0,185959005.72,3,0,1,-3.88,,,,,0
2024-11-19,sz.123050,146.3,158.8,143.6,156.4,143.79,7649126.0,1196323306.4,3,0,1,8.77,,,,,0
2024-11-20,sz.123050,155.9,184.28,153.5,165.98,156.4,11957735.0,1984744855.3,3,0,1,6.13,,,,,0
2024-11-21,sz.123050,163.8,164.9,149.13,150.29,165.98,3622627.0,544444611.8299999,3,0,1,-9.45,,,,,0
2024-11-22,sz.123050,149.37,151.67,140.58,140.58,150.29,1122667.0,157825649.52699998,3,0,1,-6.46,,,,,0
2024-11-25,sz.123050,141.0,141.94,135.05,140.59,140.58,482997.0,67904548.23,3,0,1,0.01,,,,,0
