date,code,open,high,low,close,preclose,volume,amount,adjustflag,turn,tradestatus,pctChg,peTTM,psTTM,pcfNcfTTM,pbMRQ,isST
2004-03-02,sh.600438,12.8900,13.1600,11.9000,12.2100,7.5000,31467965,389794283.0000,3,52.446608,1,62.800000,39.360348,1.527636,218.891703,8.109893,0
2004-03-03,sh.600438,12.0000,12.2300,11.7800,11.9100,12.2100,9257258,110674987.0000,3,15.428763,1,-2.460000,38.393263,1.490102,213.513528,7.910633,0
2004-03-04,sh.600438,11.8600,12.1100,11.7000,11.9400,11.9100,5933821,70889107.0000,3,9.889702,1,0.250000,38.489972,1.493855,214.051346,7.930559,0
2004-03-05,sh.600438,11.9000,12.1700,11.7000,11.7500,11.9400,5210158,61940288.0000,3,8.683597,1,-1.590000,37.877485,1.470084,210.645169,7.804360,0
2004-03-08,sh.600438,11.7300,11.7500,11.3500,11.5300,11.7500,5285623,60714251.0000,3,8.809372,1,-1.870000,37.168289,1.442559,206.701174,7.658236,0
2004-03-09,sh.600438,11.5000,11.7100,11.4300,11.6800,11.5300,3569055,41230725.0000,3,5.948425,1,1.300000,37.651832,1.461326,209.390261,7.757866,0
2004-03-10,sh.600438,11.7000,11.8300,11.5200,11.7100,11.6800,3749538,43812772.0000,3,6.249230,1,0.260000,37.748540,1.465079,209.928079,7.777792,0
2004-03-11,sh.600438,11.6900,11.8700,11.5800,11.7100,11.7100,3471516,40699075.0000,3,5.785860,1,0.000000,37.748540,1.465079,209.928079,7.777792,0
2004-03-12,sh.600438,11.7100,11.7700,11.5200,11.6300,11.7100,2437847,28310449.0000,3,4.063078,1,-0.680000,37.490651,1.455070,208.493899,7.724656,0
2004-03-15,sh.600438,11.6000,11.7000,11.4800,11.6800,11.6300,2764125,32053867.0000,3,4.606875,1,0.430000,37.651832,1.461326,209.390261,7.757866,0
2004-03-16,sh.600438,11.7000,11.9500,11.6000,11.8300,11.6800,3464953,40752014.0000,3,5.774922,1,1.280000,38.135374,1.480093,212.079348,7.857496,0
2004-03-17,sh.600438,12.0000,12.0800,11.8000,11.9000,11.8300,3403564,40510952.0000,3,5.672607,1,0.590000,38.361027,1.488851,213.334256,7.903991,0
2004-03-18,sh.600438,12.0000,12.0000,11.4700,11.5700,11.9000,3244439,37683875.0000,3,5.407398,1,-2.770000,45.986535,1.170782,26.194267,7.394109,0
2004-03-19,sh.600438,11.5200,11.6600,11.3600,11.6400,11.5700,2198255,25305921.0000,3,3.663758,1,0.610000,46.264760,1.177866,26.352746,7.438845,0
2004-03-22,sh.600438,11.5900,11.8000,11.5200,11.5900,11.6400,1933837,22489754.0000,3,3.223062,1,-0.430000,46.066028,1.172806,26.239547,7.406891,0
2004-03-23,sh.600438,11.5100,11.5800,11.3900,11.4600,11.5900,1894735,21728284.0000,3,3.157892,1,-1.120000,45.549325,1.159651,25.945229,7.323811,0
2004-03-24,sh.600438,11.4600,11.5300,11.3600,11.4500,11.4600,1529617,17492422.0000,3,2.549362,1,-0.090000,45.509579,1.158639,25.922589,7.317420,0
2004-03-25,sh.600438,11.4500,11.5600,11.3600,11.5400,11.4500,1372359,15707578.0000,3,2.287265,1,0.790000,45.867296,1.167746,26.126348,7.374937,0
2004-03-26,sh.600438,11.5000,11.6000,11.4200,11.4300,11.5400,930654,10695224.0000,3,1.551090,1,-0.950000,45.430086,1.156615,25.877310,7.304639,0
2004-03-29,sh.600438,11.4000,11.4500,11.2000,11.2200,11.4300,1475953,16774388.0000,3,2.459922,1,-1.840000,44.595413,1.135365,25.401873,7.170433,0
2004-03-30,sh.600438,11.2000,11.3600,11.1600,11.3300,11.2200,1314743,14806508.0000,3,2.191238,1,0.980000,45.032623,1.146496,25.650911,7.240731,0
2004-03-31,sh.600438,11.3300,11.4800,11.2300,11.2800,11.3300,1695467,19226532.0000,3,2.825778,1,-0.440000,44.833891,1.141437,25.537712,7.208777,0
2004-04-01,sh.600438,11.2800,11.5800,11.2000,11.5100,11.2800,2477081,28342006.0000,3,4.128468,1,2.040000,45.748057,1.164711,26.058428,7.355765,0
2004-04-02,sh.600438,11.5100,11.5500,11.4300,11.4700,11.5100,1121376,12881641.0000,3,1.868960,1,-0.350000,45.589072,1.160663,25.967869,7.330202,0
2004-04-05,sh.600438,11.4800,11.5200,11.3800,11.5200,11.4700,1643751,18851321.0000,3,2.739585,1,0.440000,45.787803,1.165723,26.081068,7.362155,0
2004-04-06,sh.600438,11.5200,11.6800,11.5200,11.6100,11.5200,1507278,17460316.0000,3,2.512130,1,0.780000,46.145521,1.174830,26.284826,7.419672,0
2004-04-07,sh.600438,11.6300,11.6800,11.4100,11.4400,11.6100,1448040,16730732.0000,3,2.413400,1,-1.460000,45.469832,1.157627,25.899949,7.311029,0
2004-04-08,sh.600438,11.4500,11.4900,11.2800,11.3000,11.4400,1433716,16278536.0000,3,2.389527,1,-1.220000,44.913383,1.143461,25.582992,7.221559,0
2004-04-09,sh.600438,11.3600,11.3800,11.1800,11.2000,11.3000,1543353,17389949.0000,3,2.572255,1,-0.880000,44.515920,1.133341,25.356594,7.157651,0
2004-04-12,sh.600438,11.1800,11.1800,10.9600,11.0000,11.2000,1592462,17581885.0000,3,2.654103,1,-1.790000,43.720993,1.113103,24.903797,7.029836,0
2004-04-13,sh.600438,11.0300,11.1800,10.9500,10.9800,11.0000,1050487,11598559.0000,3,1.750812,1,-0.180000,43.641500,1.111079,24.858518,7.017054,0
2004-04-14,sh.600438,11.0000,11.0600,10.4900,10.6200,10.9800,1780240,19023566.0000,3,2.967067,1,-3.280000,42.210631,1.074651,24.043484,6.786987,0
2004-04-15,sh.600438,10.6000,10.6800,10.0500,10.1300,10.6200,1942041,20141513.0000,3,3.236735,1,-4.610000,40.263060,1.025067,22.934133,6.473840,0
2004-04-16,sh.600438,10.1300,10.2700,9.8800,10.2600,10.1300,2165851,21730647.0000,3,3.609752,1,1.280000,40.779762,1.038222,23.228451,6.556920,0
2004-04-19,sh.600438,10.3100,10.3200,9.8200,9.8400,10.2600,956427,9578169.0000,3,1.594045,1,-4.090000,39.110415,0.995721,22.277579,6.288508,0
2004-04-20,sh.600438,9.8500,10.1100,9.8500,10.0600,9.8400,1133635,11311403.0000,3,1.889392,1,2.240000,39.984835,1.017984,22.775655,6.429104,0
2004-04-21,sh.600438,10.0600,10.1600,9.9500,10.0400,10.0600,605855,6083147.0000,3,1.009758,1,-0.200000,39.905343,1.015960,22.730375,6.416323,0
2004-04-23,sh.600438,9.8000,9.9500,9.4000,9.5100,10.0400,1088290,10479068.0000,3,1.813817,1,-5.280000,37.798786,0.962328,21.530465,6.077613,0
2004-04-26,sh.600438,9.4800,9.5300,9.0400,9.3000,9.5100,1388871,12874163.0000,3,2.314785,1,-2.210000,36.964112,0.941078,21.055029,5.943407,0
2004-04-27,sh.600438,8.5100,8.6900,8.3700,8.3700,9.3000,3457063,29269223.0000,3,5.761772,1,-10.000000,30.968079,0.791888,18.949526,2.106752,0
2004-04-28,sh.600438,8.2500,8.7400,8.2100,8.5800,8.3700,3405667,29203848.0000,3,5.676112,1,2.510000,31.745056,0.811756,19.424962,2.159609,0
2004-04-29,sh.600438,8.6400,8.8000,8.5500,8.7100,8.5800,2469950,21436520.0000,3,4.116583,1,1.520000,32.226042,0.824055,19.719280,2.192331,0
2004-04-30,sh.600438,8.7200,8.8200,8.5600,8.7100,8.7100,1512380,13117951.0000,3,2.520633,1,0.000000,32.226042,0.824055,19.719280,2.192331,0
2004-05-10,sh.600438,8.7000,8.7500,8.5000,8.5300,8.7100,734834,6302294.0000,3,1.224723,1,-2.070000,31.560062,0.807025,19.311763,2.147024,0
2004-05-11,sh.600438,8.5000,8.7800,8.5000,8.7000,8.5300,1080538,9362509.0000,3,1.800897,1,1.990000,32.189043,0.823109,19.696640,2.189814,0
2004-05-12,sh.600438,8.7000,8.9700,8.7000,8.9600,8.7000,1503246,13345949.0000,3,2.505410,1,2.990000,33.151015,0.847708,20.285275,2.255257,0
2004-05-13,sh.600438,8.9800,8.9800,8.7800,8.8400,8.9600,1092601,9677114.0000,3,1.821002,1,-1.340000,32.707028,0.836354,20.013597,2.225052,0
2004-05-14,sh.600438,8.8400,8.8500,8.5200,8.5500,8.8400,1076620,9296107.0000,3,1.794367,1,-3.280000,31.634060,0.808917,19.357043,2.152058,0
2004-05-17,sh.600438,8.5500,8.5800,8.4300,8.5300,8.5500,577829,4921220.0000,3,0.963048,1,-0.230000,31.560062,0.807025,19.311763,2.147024,0
2004-05-18,sh.600438,8.5000,8.6800,8.4800,8.6800,8.5300,931457,8018368.0000,3,1.552428,1,1.760000,32.115045,0.821217,19.651360,2.184780,0
2004-05-19,sh.600438,8.7300,8.8600,8.6500,8.6700,8.6800,825969,7234150.0000,3,1.376615,1,-0.120000,32.078046,0.820271,19.628720,2.182263,0
2004-05-20,sh.600438,8.6600,8.7200,8.4600,8.5100,8.6700,612885,5248927.0000,3,1.021475,1,-1.850000,31.486064,0.805133,19.266483,2.141990,0
2004-05-21,sh.600438,8.4600,8.6200,8.4600,8.5800,8.5100,363051,3098292.0000,3,0.605085,1,0.820000,31.745056,0.811756,19.424962,2.159609,0
2004-05-24,sh.600438,8.4800,8.5100,7.7200,7.8200,8.5800,5297822,41865293.0000,3,8.829703,1,-8.860000,28.933140,0.739852,17.704336,1.968315,0
2004-05-25,sh.600438,7.8400,7.9400,7.7500,7.8000,7.8200,2283447,17918231.0000,3,3.805745,1,-0.260000,28.859142,0.737960,17.659056,1.963281,0
2004-05-26,sh.600438,7.8000,7.9400,7.5500,7.6800,7.8000,1408917,10936773.0000,3,2.348195,1,-1.540000,28.415155,0.726606,17.387379,1.933077,0
2004-05-27,sh.600438,7.7000,8.0600,7.6600,7.9700,7.6800,2323635,18384642.0000,3,3.872725,1,3.780000,29.488123,0.754043,18.043933,2.006071,0
2004-05-28,sh.600438,8.0500,8.0500,7.7900,7.8100,7.9700,1235576,9757038.0000,3,2.059293,1,-2.010000,28.896141,0.738906,17.681696,1.965798,0
2004-05-31,sh.600438,7.8000,7.9500,7.8000,7.9400,7.8100,973840,7683823.0000,3,1.623067,1,1.660000,29.377127,0.751205,17.976014,1.998520,0
2004-06-01,sh.600438,7.9400,8.4700,7.9000,8.4200,7.9400,4671045,38472072.0000,3,7.785075,1,6.050000,31.153074,0.796618,19.062725,2.119337,0
2004-06-02,sh.600438,8.5500,9.2300,8.5500,8.8900,8.4200,10786147,95773304.0000,3,17.976912,1,5.580000,32.892022,0.841085,20.126796,2.237637,0
2004-06-03,sh.600438,8.8000,9.0000,8.5600,8.8500,8.8900,4139704,36315397.0000,3,6.899507,1,-0.450000,32.744027,0.837300,20.036237,2.227569,0
2004-06-04,sh.600438,8.7900,8.8900,8.6000,8.7000,8.8500,1664991,14585709.0000,3,2.774985,1,-1.690000,32.189043,0.823109,19.696640,2.189814,0
2004-06-07,sh.600438,8.7000,8.8200,8.5000,8.5500,8.7000,1702579,14739323.0000,3,2.837632,1,-1.720000,31.634060,0.808917,19.357043,2.152058,0
2004-06-08,sh.600438,8.5300,8.5800,8.2200,8.2800,8.5500,1443909,12077907.0000,3,2.406515,1,-3.160000,30.635089,0.783373,18.745768,2.084099,0
2004-06-09,sh.600438,8.2400,8.4000,8.0100,8.0600,8.2800,1095380,9043082.0000,3,1.825633,1,-2.660000,29.821114,0.762558,18.247692,2.028724,0
2004-06-10,sh.600438,8.0600,8.2000,7.9000,8.0000,8.0600,1322791,10620744.0000,3,2.204652,1,-0.740000,29.599120,0.756882,18.111853,2.013622,0
2004-06-11,sh.600438,7.9800,8.4500,7.9800,8.1300,8.0000,1482900,12241625.0000,3,2.471500,1,1.630000,30.080106,0.769181,18.406170,2.046343,0
2004-06-14,sh.600438,8.1300,8.1300,7.7700,7.9300,8.1300,1417140,11151366.0000,3,2.361900,1,-2.460000,29.340128,0.750259,17.953374,1.996003,0
2004-06-15,sh.600438,7.9200,8.2200,7.7300,8.1500,7.9300,651342,5204616.0000,3,1.085570,1,2.770000,30.154104,0.771073,18.451450,2.051377,0
2004-06-16,sh.600438,8.1500,8.2400,7.9700,8.0900,8.1500,913269,7399518.0000,3,1.522115,1,-0.740000,29.932110,0.765397,18.315611,2.036275,0
2004-06-17,sh.600438,8.0900,8.2000,7.8000,7.8100,8.0900,696180,5540728.0000,3,1.160300,1,-3.460000,28.896141,0.738906,17.681696,1.965798,0
2004-06-18,sh.600438,7.8400,7.9500,7.7500,7.8800,7.8100,622476,4873592.0000,3,1.037460,1,0.900000,29.155133,0.745529,17.840175,1.983418,0
2004-06-21,sh.600438,7.8000,8.1900,7.7000,8.1600,7.8800,738242,5953308.0000,3,1.230403,1,3.550000,30.191103,0.772019,18.474090,2.053894,0
2004-06-22,sh.600438,8.2500,8.4300,8.1600,8.2900,8.1600,1358576,11277912.0000,3,2.264293,1,1.590000,30.672088,0.784319,18.768407,2.086616,0
2004-06-23,sh.600438,8.2700,8.3000,7.9700,8.0500,8.2900,704189,5687838.0000,3,1.173648,1,-2.900000,29.784115,0.761612,18.225052,2.026207,0
2004-06-24,sh.600438,8.0300,8.2000,7.9800,8.0600,8.0500,708107,5726705.0000,3,1.180178,1,0.120000,29.821114,0.762558,18.247692,2.028724,0
2004-06-25,sh.600438,8.0600,8.0600,7.7500,7.7700,8.0600,918672,7229952.0000,3,1.531120,1,-3.600000,28.748145,0.735121,17.591137,1.955730,0
2004-06-28,sh.600438,7.7700,7.7800,7.5800,7.6700,7.7700,609279,4657623.0000,3,1.015465,1,-1.290000,28.378156,0.725660,17.364739,1.930560,0
2004-06-29,sh.600438,7.6700,7.7700,7.5000,7.7400,7.6700,701490,5343787.0000,3,1.169150,1,0.910000,28.637149,0.732283,17.523217,1.948179,0
2004-06-30,sh.600438,7.7800,7.7800,7.6500,7.7000,7.7400,439332,3392740.0000,3,0.732220,1,-0.520000,28.489153,0.728499,17.432658,1.938111,0
2004-07-01,sh.600438,7.7100,7.9700,7.7100,7.9200,7.7000,816824,6443196.0000,3,1.361373,1,2.860000,29.303129,0.749313,17.930734,1.993486,0
2004-07-02,sh.600438,7.8200,7.9400,7.8000,7.8600,7.9200,554235,4358540.0000,3,0.923725,1,-0.760000,29.081136,0.743636,17.794895,1.978384,0
2004-07-05,sh.600438,7.8000,7.8500,7.7500,7.8200,7.8600,280784,2184983.0000,3,0.467973,1,-0.510000,28.933140,0.739852,17.704336,1.968315,0
2004-07-06,sh.600438,7.8400,7.9500,7.8000,7.8200,7.8200,517090,4082056.0000,3,0.861817,1,0.000000,28.933140,0.739852,17.704336,1.968315,0
2004-07-07,sh.600438,7.7800,7.8000,7.7000,7.7000,7.8200,452780,3504886.0000,3,0.754633,1,-1.530000,28.489153,0.728499,17.432658,1.938111,0
2004-07-08,sh.600438,7.6500,7.7700,7.6400,7.7500,7.7000,390406,3000803.0000,3,0.650677,1,0.650000,28.674148,0.733229,17.545857,1.950696,0
2004-07-09,sh.600438,7.7500,7.8500,7.7000,7.7200,7.7500,264875,2052228.0000,3,0.441458,1,-0.390000,28.563151,0.730391,17.477938,1.943145,0
2004-07-12,sh.600438,7.7100,7.7100,7.6000,7.6200,7.7200,572700,4380036.0000,3,0.954500,1,-1.300000,28.193162,0.720930,17.251540,1.917975,0
2004-07-13,sh.600438,7.6000,7.6500,7.5300,7.5800,7.6200,291485,2213368.0000,3,0.485808,1,-0.520000,28.045166,0.717145,17.160980,1.907907,0
2004-07-14,sh.600438,7.5900,7.6200,6.8200,7.0000,7.5800,1497618,10596107.0000,3,2.496030,1,-7.650000,25.899230,0.662272,15.847871,1.761919,0
2004-07-15,sh.600438,7.0000,7.0000,6.7100,6.8100,7.0000,899246,6147654.0000,3,1.498743,1,-2.710000,25.196251,0.644296,15.417715,1.714096,0
2004-07-16,sh.600438,6.8800,7.1800,6.8500,7.1700,6.8100,1132266,7948441.0000,3,1.887110,1,5.290000,26.528211,0.678355,16.232748,1.804709,0
2004-07-19,sh.600438,7.5000,7.8000,7.4800,7.5400,7.1700,2796554,21315042.0000,3,4.660923,1,5.160000,27.897171,0.713361,17.070421,1.897839,0
2004-07-20,sh.600438,7.4800,7.4800,7.2600,7.3800,7.5400,1075172,7908378.0000,3,1.791953,1,-2.120000,27.305188,0.698223,16.708184,1.857566,0
2004-07-21,sh.600438,7.3800,7.4300,7.3000,7.3000,7.3800,458304,3366945.0000,3,0.763840,1,-1.080000,27.009197,0.690655,16.527066,1.837430,0
2004-07-22,sh.600438,7.3100,7.3800,7.1200,7.1200,7.3000,588900,4254682.0000,3,0.981500,1,-2.470000,26.343217,0.673625,16.119549,1.792123,0
2004-07-23,sh.600438,7.0900,7.2900,7.0600,7.2500,7.1200,290429,2069832.0000,3,0.484048,1,1.830000,26.824203,0.685924,16.413867,1.824845,0
2004-07-26,sh.600438,7.1000,7.3500,7.1000,7.3400,7.2500,498147,3608250.0000,3,0.830245,1,1.240000,27.157193,0.694439,16.617625,1.847498,0
2004-07-27,sh.600438,7.0900,7.2500,6.8600,6.9100,7.3400,576518,4049869.0000,3,0.960863,1,-5.860000,25.384404,0.578020,15.644113,2.046156,0
2004-07-28,sh.600438,6.8800,7.0600,6.8800,7.0500,6.9100,389229,2714518.0000,3,0.648715,1,2.030000,25.898704,0.589731,15.961070,2.087612,0
2004-07-29,sh.600438,7.0600,7.2000,6.9500,7.2000,7.0500,437275,3100828.0000,3,0.728792,1,2.130000,26.449740,0.602278,16.300667,2.132030,0
2004-07-30,sh.600438,7.1000,7.1900,6.9600,6.9800,7.2000,310503,2204011.0000,3,0.517505,1,-3.060000,25.641554,0.583875,15.802591,2.066884,0
2004-08-02,sh.600438,6.9000,7.1000,6.9000,7.0000,6.9800,123400,864066.0000,3,0.205667,1,0.290000,25.715025,0.585548,15.847871,2.072807,0
2004-08-03,sh.600438,6.9500,7.0800,6.9100,7.0200,7.0000,154475,1082678.0000,3,0.257458,1,0.290000,25.788497,0.587221,15.893151,2.078729,0
2004-08-04,sh.600438,7.0000,7.2500,7.0000,7.2100,7.0200,595485,4276717.0000,3,0.992475,1,2.710000,26.486476,0.603115,16.323307,2.134991,0
2004-08-05,sh.600438,7.1300,7.2300,7.0600,7.0600,7.2100,327795,2340463.0000,3,0.546325,1,-2.080000,25.935440,0.590567,15.983710,2.090574,0
2004-08-06,sh.600438,7.1000,7.1200,6.9800,7.0300,7.0600,296070,2085663.0000,3,0.493450,1,-0.420000,25.825233,0.588058,15.915791,2.081690,0
2004-08-09,sh.600438,7.0000,7.0200,6.9500,6.9800,7.0300,197871,1380417.0000,3,0.329785,1,-0.710000,25.641554,0.583875,15.802591,2.066884,0
2004-08-10,sh.600438,7.0000,7.0300,6.9500,7.0000,6.9800,209708,1465113.0000,3,0.349513,1,0.290000,25.715025,0.585548,15.847871,2.072807,0
2004-08-11,sh.600438,6.9800,6.9800,6.8100,6.8400,7.0000,293230,2019043.0000,3,0.488717,1,-2.290000,25.127253,0.572164,15.485634,2.025428,0
2004-08-12,sh.600438,6.8100,6.8100,6.4900,6.5500,6.8400,689879,4564006.0000,3,1.149798,1,-4.240000,24.061917,0.547906,14.829079,1.939555,0
2004-08-13,sh.600438,6.5400,6.6500,6.5200,6.5600,6.5500,285200,1876098.0000,3,0.475333,1,0.150000,24.098652,0.548742,14.851719,1.942516,0
2004-08-16,sh.600438,6.5500,6.6100,6.4000,6.4100,6.5600,506110,3268037.0000,3,0.843517,1,-2.290000,23.547616,0.536195,14.512122,1.898099,0
2004-08-17,sh.600438,6.4900,6.5900,6.3900,6.4600,6.4100,196253,1266778.0000,3,0.327088,1,0.780000,23.731295,0.540377,14.625321,1.912904,0
2004-08-18,sh.600438,6.5000,6.6600,6.4500,6.5500,6.4600,406455,2676744.0000,3,0.677425,1,1.390000,24.061917,0.547906,14.829079,1.939555,0
2004-08-19,sh.600438,6.5000,6.6300,6.4600,6.5700,6.5500,419564,2758014.0000,3,0.699273,1,0.310000,24.135388,0.549579,14.874359,1.945477,0
2004-08-20,sh.600438,6.5900,6.7600,6.5700,6.6700,6.5700,539050,3604406.0000,3,0.898417,1,1.520000,24.502746,0.557944,15.100757,1.975089,0
2004-08-23,sh.600438,6.6900,6.7000,6.5800,6.6900,6.6700,252056,1674222.0000,3,0.420093,1,0.300000,24.576217,0.559617,15.146037,1.981011,0
2004-08-24,sh.600438,6.6900,6.8100,6.6200,6.7000,6.6900,336530,2266354.0000,3,0.560883,1,0.150000,24.612953,0.560453,15.168677,1.983972,0
2004-08-25,sh.600438,6.7000,6.7500,6.6400,6.7000,6.7000,232712,1560494.0000,3,0.387853,1,0.000000,24.612953,0.560453,15.168677,1.983972,0
2004-08-27,sh.600438,6.6600,6.7800,6.6500,6.7400,6.7000,487514,3268071.0000,3,0.812523,1,0.600000,24.759896,0.563799,15.259236,1.995817,0
2004-08-30,sh.600438,6.5200,6.7500,6.4800,6.7000,6.7400,348048,2336120.0000,3,0.580080,1,-0.590000,24.612953,0.560453,15.168677,1.983972,0
2004-08-31,sh.600438,7.0000,7.1500,6.8000,6.8900,6.7000,613026,4228012.0000,3,1.021710,1,2.840000,25.310932,0.576347,15.598833,2.040234,0
2004-09-01,sh.600438,6.8000,6.8100,6.7100,6.8100,6.8900,239898,1626861.0000,3,0.399830,1,-1.160000,25.017046,0.569655,15.417715,2.016545,0
2004-09-02,sh.600438,6.7500,6.9500,6.7500,6.9200,6.8100,232070,1586200.0000,3,0.386783,1,1.620000,25.421139,0.578856,15.666753,2.049117,0
2004-09-03,sh.600438,6.9600,6.9800,6.8600,6.9600,6.9200,235456,1630266.0000,3,0.392427,1,0.580000,25.568082,0.582202,15.757312,2.060962,0
2004-09-06,sh.600438,6.9500,7.0400,6.8700,7.0000,6.9600,128646,892924.0000,3,0.214410,1,0.570000,25.715025,0.585548,15.847871,2.072807,0
2004-09-07,sh.600438,7.0500,7.0700,6.9400,7.0700,7.0000,319964,2251289.0000,3,0.533273,1,1.000000,25.972176,0.591404,16.006350,2.093535,0
2004-09-08,sh.600438,7.0700,7.0700,6.9600,7.0300,7.0700,374380,2630245.0000,3,0.623967,1,-0.570000,25.825233,0.588058,15.915791,2.081690,0
2004-09-09,sh.600438,7.0000,7.0500,6.8800,7.0000,7.0300,690350,4835681.0000,3,1.150583,1,-0.430000,25.715025,0.585548,15.847871,2.072807,0
2004-09-10,sh.600438,6.9500,7.0200,6.8500,7.0100,7.0000,304547,2120824.0000,3,0.507578,1,0.140000,25.751761,0.586385,15.870511,2.075768,0
2004-09-13,sh.600438,6.9900,6.9900,6.8800,6.9500,7.0100,490010,3402329.0000,3,0.816683,1,-0.860000,25.531347,0.581366,15.734672,2.058001,0
2004-09-14,sh.600438,6.9800,7.1500,6.9800,7.1100,6.9500,399529,2835603.0000,3,0.665882,1,2.300000,26.119119,0.594750,16.096909,2.105379,0
2004-09-15,sh.600438,7.1000,7.6000,7.0700,7.4800,7.1100,1911172,14175571.0000,3,3.185287,1,5.200000,27.478341,0.625700,16.934582,2.214942,0
2004-09-16,sh.600438,7.5000,7.5200,7.3800,7.5000,7.4800,1011524,7545413.0000,3,1.685873,1,0.270000,27.551813,0.627373,16.979862,2.220864,0
2004-09-17,sh.600438,7.4800,7.7100,7.4000,7.6900,7.5000,1224056,9268889.0000,3,2.040093,1,2.530000,28.249792,0.643267,17.410018,2.277126,0
2004-09-20,sh.600438,7.6800,7.9500,7.6300,7.9000,7.6900,2159618,16835443.0000,3,3.599363,1,2.730000,29.021243,0.660833,17.885455,2.339310,0
2004-09-21,sh.600438,7.9000,7.9500,7.7200,7.7900,7.9000,1364228,10652593.0000,3,2.273713,1,-1.390000,28.617150,0.651632,17.636417,2.306738,0
2004-09-22,sh.600438,7.7500,7.9000,7.6900,7.7600,7.7900,1133693,8813569.0000,3,1.889488,1,-0.390000,28.506942,0.649122,17.568497,2.297854,0
2004-09-23,sh.600438,7.7600,8.2300,7.7600,8.2000,7.7600,3222927,25854446.0000,3,5.371545,1,5.670000,30.123315,0.685928,18.564649,2.428145,0
2004-09-24,sh.600438,8.4000,8.5700,8.0100,8.0500,8.2000,3620491,30276171.0000,3,6.034152,1,-1.830000,29.572279,0.673381,18.225052,2.383728,0
2004-09-27,sh.600438,8.2500,8.2900,7.9000,7.9800,8.0500,1679136,13486388.0000,3,2.798560,1,-0.870000,29.315129,0.667525,18.066573,2.363000,0
2004-09-28,sh.600438,8.1000,8.1100,7.8600,8.0300,7.9800,800436,6396167.0000,3,1.334060,1,0.630000,29.498808,0.671708,18.179772,2.377805,0
2004-09-29,sh.600438,8.0400,8.1500,8.0000,8.0800,8.0300,1014366,8206147.0000,3,1.690610,1,0.620000,29.682486,0.675890,18.292971,2.392611,0
2004-09-30,sh.600438,8.0800,8.1400,7.9600,8.0000,8.0800,716973,5786393.0000,3,1.194955,1,-0.990000,29.388600,0.669198,18.111853,2.368922,0
2004-10-08,sh.600438,8.0000,8.1100,7.6400,8.1100,8.0000,1162535,9230965.0000,3,1.937558,1,1.370000,29.792694,0.678400,18.360891,2.401495,0
2004-10-11,sh.600438,8.1200,8.3200,7.9500,8.1600,8.1100,1615039,13129553.0000,3,2.691732,1,0.620000,29.976372,0.682582,18.474090,2.416300,0
2004-10-12,sh.600438,8.1000,8.1200,7.9000,7.9500,8.1600,754796,6044347.0000,3,1.257993,1,-2.570000,29.204922,0.665016,17.998654,2.354116,0
2004-10-13,sh.600438,7.9000,7.9800,7.8200,7.8500,7.9500,476176,3756612.0000,3,0.793627,1,-1.260000,28.837564,0.656651,17.772255,2.324505,0
2004-10-14,sh.600438,7.8500,7.9000,7.5500,7.5800,7.8500,1291360,10003321.0000,3,2.152267,1,-3.440000,27.845699,0.634065,17.160980,2.244554,0
2004-10-15,sh.600438,7.5800,7.8100,7.5200,7.8000,7.5800,942021,7219184.0000,3,1.570035,1,2.900000,28.653885,0.652468,17.659056,2.309699,0
2004-10-18,sh.600438,7.7800,7.9200,7.6500,7.8900,7.8000,455053,3553448.0000,3,0.758422,1,1.150000,28.984507,0.659997,17.862815,2.336349,0
2004-10-19,sh.600438,7.8700,8.0900,7.8200,8.0400,7.8900,896192,7171244.0000,3,1.493653,1,1.900000,29.535543,0.672544,18.202412,2.380767,0
2004-10-20,sh.600438,8.0200,8.1600,8.0100,8.1600,8.0400,1174613,9507087.0000,3,1.957688,1,1.490000,29.976372,0.682582,18.474090,2.416300,0
2004-10-21,sh.600438,8.2000,8.2300,8.0800,8.1000,8.1600,1020499,8300232.0000,3,1.700832,1,-0.740000,29.755958,0.677563,18.338251,2.398533,0
2004-10-22,sh.600438,8.2200,8.5000,8.0800,8.3900,8.1000,2911965,24235483.0000,3,4.853275,1,3.580000,21.846378,0.573162,4.129225,2.305283,0
2004-10-25,sh.600438,8.5500,8.6800,8.3500,8.3900,8.3900,2052393,17484483.0000,3,3.420655,1,0.000000,21.846378,0.573162,4.129225,2.305283,0
2004-10-26,sh.600438,8.3000,8.5000,8.2700,8.4800,8.3900,1099654,9243790.0000,3,1.832757,1,1.070000,22.080725,0.579311,4.173520,2.330012,0
2004-10-27,sh.600438,8.5000,8.6400,8.4200,8.6400,8.4800,1392868,11945318.0000,3,2.321447,1,1.890000,22.497343,0.590241,4.252265,2.373975,0
2004-10-28,sh.600438,8.6400,8.8400,8.6300,8.8100,8.6400,2551151,22382086.0000,3,4.251918,1,1.970000,22.939999,0.601855,4.335932,2.420685,0
2004-10-29,sh.600438,8.5100,8.8200,8.4100,8.4700,8.8100,2132338,18388510.0000,3,3.553897,1,-3.860000,22.054687,0.578627,4.168598,2.327264,0
2004-11-01,sh.600438,8.4700,8.5700,8.3500,8.3900,8.4700,1327462,11276852.0000,3,2.212437,1,-0.940000,21.846378,0.573162,4.129225,2.305283,0
2004-11-02,sh.600438,8.4000,8.4800,8.3000,8.3900,8.3900,603095,5057322.0000,3,1.005158,1,0.000000,21.846378,0.573162,4.129225,2.305283,0
2004-11-03,sh.600438,8.4000,8.7300,8.4000,8.7100,8.3900,1135348,9772484.0000,3,1.892247,1,3.810000,22.679613,0.595023,4.286716,2.393208,0
2004-11-04,sh.600438,8.7300,8.7900,8.4100,8.4200,8.7100,1124195,9686636.0000,3,1.873658,1,-3.330000,21.924494,0.575212,4.143990,2.313526,0
2004-11-05,sh.600438,8.4500,8.5500,8.2500,8.4400,8.4200,968861,8095840.0000,3,1.614768,1,0.240000,21.976571,0.576578,4.153833,2.319021,0
2004-11-08,sh.600438,8.4000,8.4900,8.3000,8.4500,8.4400,420764,3537297.0000,3,0.701273,1,0.120000,22.002610,0.577261,4.158755,2.321769,0
2004-11-09,sh.600438,8.4500,8.6000,8.4500,8.5700,8.4500,443384,3782550.0000,3,0.738973,1,1.420000,22.315073,0.585459,4.217814,2.354741,0
2004-11-10,sh.600438,8.5700,9.0000,8.5500,8.9600,8.5700,2451223,21667789.0000,3,4.085372,1,4.550000,23.330578,0.612102,4.409756,2.461900,0
2004-11-11,sh.600438,8.9600,9.0800,8.8000,8.8000,8.9600,2421464,21629839.0000,3,4.035773,1,-1.790000,22.913960,0.601171,4.331011,2.417937,0
2004-11-12,sh.600438,8.8000,8.8900,8.7100,8.7900,8.8000,716421,6299287.0000,3,1.194035,1,-0.110000,22.887922,0.600488,4.326089,2.415189,0
2004-11-15,sh.600438,8.8800,9.0300,8.8100,8.9800,8.7900,1239380,11088856.0000,3,2.065633,1,2.160000,23.382655,0.613468,4.419600,2.467395,0
2004-11-16,sh.600438,9.0000,9.0300,8.7900,8.8500,8.9800,937268,8340745.0000,3,1.562113,1,-1.450000,23.044153,0.604587,4.355619,2.431675,0
2004-11-17,sh.600438,8.8500,8.8700,8.6200,8.8000,8.8500,1676519,14634148.0000,3,2.794198,1,-0.560000,22.913960,0.601171,4.331011,2.417937,0
2004-11-18,sh.600438,8.7800,8.9700,8.7000,8.9600,8.8000,1100209,9708713.0000,3,1.833682,1,1.820000,23.330578,0.612102,4.409756,2.461900,0
2004-11-19,sh.600438,8.9700,9.0000,8.9000,8.9500,8.9600,801946,7172749.0000,3,1.336577,1,-0.110000,23.304539,0.611419,4.404835,2.459152,0
2004-11-22,sh.600438,8.9700,9.0000,8.8700,8.8800,8.9500,826920,7395864.0000,3,1.378200,1,-0.780000,23.122269,0.606637,4.370384,2.439918,0
2004-11-23,sh.600438,8.8200,8.8700,8.7100,8.7300,8.8800,857180,7517592.0000,3,1.428633,1,-1.690000,22.731690,0.596389,4.296560,2.398703,0
2004-11-24,sh.600438,8.7300,8.8100,8.6000,8.6100,8.7300,729360,6350090.0000,3,1.215600,1,-1.370000,22.419227,0.588192,4.237500,2.365732,0
2004-11-25,sh.600438,8.6100,8.7200,8.5800,8.6900,8.6100,580120,5015767.0000,3,0.966867,1,0.930000,22.627536,0.593657,4.276873,2.387713,0
2004-11-29,sh.600438,8.6800,8.6800,8.2600,8.3000,8.6900,926052,7772941.0000,3,1.543420,1,-4.490000,21.612031,0.567014,4.084931,2.280554,0
2004-11-30,sh.600438,8.2800,8.4200,8.2800,8.3900,8.3000,377681,3150094.0000,3,0.629468,1,1.080000,21.846378,0.573162,4.129225,2.305283,0
2004-12-01,sh.600438,8.3900,8.4900,8.3500,8.3900,8.3900,340799,2861361.0000,3,0.567998,1,0.000000,21.846378,0.573162,4.129225,2.305283,0
2004-12-02,sh.600438,8.3800,8.3800,8.1900,8.2900,8.3900,625516,5165022.0000,3,1.042527,1,-1.190000,21.585992,0.566331,4.080009,2.277807,0
2004-12-03,sh.600438,8.2900,8.4100,8.2200,8.3300,8.2900,396660,3308569.0000,3,0.661100,1,0.480000,21.690146,0.569063,4.099695,2.288797,0
2004-12-06,sh.600438,8.3000,8.3300,8.2200,8.3000,8.3300,288700,2385443.0000,3,0.481167,1,-0.360000,21.612031,0.567014,4.084931,2.280554,0
2004-12-07,sh.600438,8.3000,8.4300,8.2300,8.2900,8.3000,318802,2652051.0000,3,0.531337,1,-0.120000,21.585992,0.566331,4.080009,2.277807,0
2004-12-08,sh.600438,8.4200,8.4300,8.2500,8.2600,8.2900,201481,1673418.0000,3,0.335802,1,-0.360000,21.507876,0.564281,4.065244,2.269564,0
2004-12-09,sh.600438,8.2500,8.5000,8.2500,8.2600,8.2600,654592,5470628.0000,3,1.090987,1,0.000000,21.507876,0.564281,4.065244,2.269564,0
2004-12-10,sh.600438,8.3000,8.3100,7.8300,7.9700,8.2600,546399,4430078.0000,3,0.910665,1,-3.510000,20.752757,0.544470,3.922518,2.189882,0
2004-12-13,sh.600438,7.8500,7.9800,7.8400,7.9200,7.9700,329629,2597503.0000,3,0.549382,1,-0.630000,20.622564,0.541054,3.897910,2.176143,0
2004-12-14,sh.600438,7.8700,8.0900,7.8600,8.0600,7.9200,311716,2489680.0000,3,0.519527,1,1.770000,20.987105,0.550618,3.966812,2.214610,0
2004-12-15,sh.600438,8.1200,8.2200,7.9800,8.1200,8.0600,435174,3533865.0000,3,0.725290,1,0.740000,21.143336,0.554717,3.996342,2.231096,0
2004-12-16,sh.600438,8.1000,8.1200,7.9000,7.9200,8.1200,251303,2011914.0000,3,0.418838,1,-2.460000,20.622564,0.541054,3.897910,2.176143,0
2004-12-17,sh.600438,7.9200,7.9600,7.7300,7.7800,7.9200,327860,2574134.0000,3,0.546433,1,-1.770000,20.258024,0.531490,3.829007,2.137676,0
2004-12-20,sh.600438,7.7800,7.8000,7.7000,7.8000,7.7800,196190,1519635.0000,3,0.326983,1,0.260000,20.310101,0.532856,3.838850,2.143171,0
2004-12-21,sh.600438,7.7800,7.8800,7.7800,7.8100,7.8000,190900,1490698.0000,3,0.318167,1,0.130000,20.336140,0.533540,3.843772,2.145919,0
2004-12-22,sh.600438,7.7500,8.0400,7.7500,8.0300,7.8100,369399,2922243.0000,3,0.615665,1,2.820000,20.908989,0.548569,3.952047,2.206368,0
2004-12-23,sh.600438,8.0300,8.0800,7.9300,8.0400,8.0300,520518,4172388.0000,3,0.867530,1,0.120000,20.935027,0.549252,3.956969,2.209115,0
2004-12-24,sh.600438,8.0200,8.1600,7.9500,8.1500,8.0400,375501,3029930.0000,3,0.625835,1,1.370000,21.221452,0.556767,4.011107,2.239339,0
2004-12-27,sh.600438,8.1800,8.1800,8.0800,8.1400,8.1500,215500,1754573.0000,3,0.359167,1,-0.120000,21.195413,0.556084,4.006185,2.236592,0
2004-12-28,sh.600438,8.1300,8.1500,7.9000,8.0000,8.1400,287870,2313786.0000,3,0.479783,1,-1.720000,20.830873,0.546519,3.937283,2.198125,0
2004-12-29,sh.600438,7.9900,8.0900,7.9100,7.9300,8.0000,192650,1544349.0000,3,0.321083,1,-0.880000,20.648603,0.541737,3.902831,2.178891,0
2004-12-30,sh.600438,7.9200,7.9700,7.8100,7.8900,7.9300,294599,2328232.0000,3,0.490998,1,-0.500000,20.544448,0.539005,3.883145,2.167900,0
2004-12-31,sh.600438,7.8900,7.9600,7.8000,7.8900,7.8900,229940,1806369.0000,3,0.383233,1,0.000000,20.544448,0.539005,3.883145,2.167900,0
2005-01-04,sh.600438,7.7800,7.8000,7.7000,7.7500,7.8900,135700,1051717.0000,3,0.226167,1,-1.770000,20.179908,0.529441,3.814242,2.129433,0
2005-01-05,sh.600438,7.7500,7.9500,7.7500,7.9000,7.7500,331410,2587105.0000,3,0.552350,1,1.940000,20.570487,0.539688,3.888067,2.170648,0
2005-01-06,sh.600438,7.8100,7.9000,7.8100,7.8300,7.9000,88110,689790.0000,3,0.146850,1,-0.890000,20.388217,0.534906,3.853615,2.151414,0
2005-01-07,sh.600438,7.8100,7.9800,7.7600,7.9500,7.8300,213311,1688960.0000,3,0.355518,1,1.530000,20.700680,0.543104,3.912675,2.184386,0
2005-01-10,sh.600438,7.9200,8.0000,7.8200,7.9900,7.9500,111605,882901.0000,3,0.186008,1,0.500000,20.804834,0.545836,3.932361,2.195377,0
2005-01-11,sh.600438,7.9900,8.0600,7.8000,7.8500,7.9900,301200,2380979.0000,3,0.502000,1,-1.750000,20.440294,0.536272,3.863459,2.156910,0
2005-01-12,sh.600438,7.8300,7.8500,7.0700,7.1400,7.8500,1975290,14339333.0000,3,3.292150,1,-9.040000,18.591554,0.487769,3.514025,1.961826,0
2005-01-14,sh.600438,7.1400,7.3300,7.0700,7.2500,7.1400,1181973,8583695.0000,3,1.969955,1,1.540000,18.877979,0.495283,3.568162,1.992050,0
2005-01-17,sh.600438,7.2000,7.2500,6.9800,7.0000,7.2500,679650,4806407.0000,3,1.132750,1,-3.450000,18.227014,0.478205,3.445122,1.923359,0
2005-01-18,sh.600438,7.0800,7.1700,6.9800,7.1200,7.0000,558439,3944760.0000,3,0.930732,1,1.710000,18.539477,0.486402,3.504181,1.956331,0
2005-01-19,sh.600438,7.1200,7.1300,7.0000,7.1100,7.1200,287965,2030906.0000,3,0.479942,1,-0.140000,18.513438,0.485719,3.499260,1.953583,0
2005-01-20,sh.600438,7.0300,7.0500,6.8000,6.8100,7.1100,691621,4778725.0000,3,1.152702,1,-4.220000,17.732281,0.465225,3.351612,1.871154,0
2005-01-21,sh.600438,6.7600,7.1800,6.6800,7.1100,6.8100,621528,4312786.0000,3,1.035880,1,4.410000,18.513438,0.485719,3.499260,1.953583,0
2005-01-24,sh.600438,7.3000,7.3500,7.1300,7.1900,7.1100,529200,3818994.0000,3,0.882000,1,1.130000,18.721747,0.491184,3.538633,1.975564,0
2005-01-25,sh.600438,7.1600,7.3100,7.1500,7.2900,7.1900,667842,4835397.0000,3,1.113070,1,1.390000,18.982133,0.498016,3.587849,2.003041,0
2005-01-26,sh.600438,7.3300,7.3300,7.1800,7.2400,7.2900,308852,2233838.0000,3,0.514753,1,-0.690000,18.851940,0.494600,3.563241,1.989303,0
2005-01-27,sh.600438,7.2600,7.5000,7.2400,7.2600,7.2400,579200,4250481.0000,3,0.965333,1,0.280000,18.904017,0.495966,3.573084,1.994798,0
2005-01-28,sh.600438,7.2000,7.2600,7.0100,7.0700,7.2600,250400,1780906.0000,3,0.417333,1,-2.620000,18.409284,0.482987,3.479573,1.942593,0
2005-01-31,sh.600438,7.0200,7.0300,6.8500,6.9100,7.0700,273095,1888273.0000,3,0.455158,1,-2.260000,17.992667,0.472056,3.400828,1.898630,0
2005-02-01,sh.600438,6.9000,7.1500,6.9000,7.0700,6.9100,346520,2440266.0000,3,0.577533,1,2.320000,18.409284,0.482987,3.479573,1.942593,0
2005-02-02,sh.600438,7.0800,7.4800,7.0800,7.4700,7.0700,885620,6485360.0000,3,1.476033,1,5.660000,19.450828,0.510313,3.676438,2.052499,0
2005-02-03,sh.600438,7.6000,7.6100,7.3900,7.5100,7.4700,1166906,8751169.0000,3,1.944843,1,0.540000,19.554982,0.513045,3.696124,2.063489,0
2005-02-04,sh.600438,7.5500,7.7000,7.5100,7.6700,7.5100,937449,7121854.0000,3,1.562415,1,2.130000,19.971599,0.523976,3.774870,2.107452,0
2005-02-16,sh.600438,7.7500,7.8000,7.6300,7.7700,7.6700,885359,6816858.0000,3,1.475598,1,1.300000,20.231985,0.530807,3.824086,2.134928,0
2005-02-17,sh.600438,7.7700,7.7700,7.6500,7.7200,7.7700,414454,3197869.0000,3,0.690757,1,-0.640000,20.101792,0.527391,3.799478,2.121190,0
2005-02-18,sh.600438,7.6900,7.6900,7.4800,7.5300,7.7200,565229,4277495.0000,3,0.942048,1,-2.460000,19.607059,0.514411,3.705967,2.068985,0
2005-02-21,sh.600438,7.5500,7.7500,7.4900,7.7400,7.5300,435237,3317485.0000,3,0.725395,1,2.790000,20.153870,0.528758,3.809321,2.126686,0
2005-02-22,sh.600438,7.7200,7.9500,7.6400,7.9200,7.7400,912682,7129056.0000,3,1.521137,1,2.330000,20.622564,0.541054,3.897910,2.176143,0
2005-02-23,sh.600438,7.9200,8.1300,7.7600,8.0800,7.9200,976936,7764733.0000,3,1.628227,1,2.020000,21.039182,0.551985,3.976655,2.220106,0
2005-02-24,sh.600438,8.0200,8.0800,7.9500,8.0500,8.0800,450575,3613626.0000,3,0.750958,1,-0.370000,20.961066,0.549935,3.961891,2.211863,0
2005-02-25,sh.600438,8.0500,8.1500,8.0100,8.0800,8.0500,736379,5949400.0000,3,1.227298,1,0.370000,21.039182,0.551985,3.976655,2.220106,0
2005-02-28,sh.600438,8.0800,8.1000,7.9000,8.0000,8.0800,508411,4052866.0000,3,0.847352,1,-0.990000,20.830873,0.546519,3.937283,2.198125,0
2005-03-01,sh.600438,7.9500,7.9700,7.7400,7.9000,8.0000,658911,5182265.0000,3,1.098185,1,-1.250000,20.570487,0.539688,3.888067,2.170648,0
2005-03-02,sh.600438,7.8500,7.9500,7.7400,7.7700,7.9000,505700,3960972.0000,3,0.842833,1,-1.650000,20.231985,0.530807,3.824086,2.134928,0
2005-03-03,sh.600438,7.7500,7.9000,7.7200,7.8900,7.7700,356689,2788236.0000,3,0.594482,1,1.540000,20.544448,0.539005,3.883145,2.167900,0
2005-03-04,sh.600438,7.8300,7.9400,7.7900,7.8600,7.8900,231287,1819827.0000,3,0.385478,1,-0.380000,20.466333,0.536955,3.868380,2.159657,0
2005-03-07,sh.600438,7.8800,8.1200,7.8700,8.1000,7.8600,921780,7365223.0000,3,1.536300,1,3.050000,21.091259,0.553351,3.986499,2.225601,0
2005-03-08,sh.600438,8.1300,8.3500,8.0500,8.3200,8.1000,1535354,12670953.0000,3,2.558923,1,2.720000,21.664108,0.568380,4.094774,2.286050,0
2005-03-09,sh.600438,8.3200,8.3900,8.1800,8.2300,8.3200,859517,7119403.0000,3,1.432528,1,-1.080000,21.429761,0.562232,4.050479,2.261321,0
2005-03-10,sh.600438,8.2200,8.2900,7.9500,8.1000,8.2300,728699,5924496.0000,3,1.214498,1,-1.580000,21.091259,0.553351,3.986499,2.225601,0
2005-03-11,sh.600438,8.0400,8.2000,8.0100,8.1300,8.1000,610130,4948715.0000,3,1.016883,1,0.370000,21.169375,0.555400,4.001263,2.233844,0
2005-03-14,sh.600438,8.1300,8.3100,7.8700,8.2600,8.1300,1220305,9901704.0000,3,2.033842,1,1.600000,21.507876,0.564281,4.065244,2.269564,0
2005-03-15,sh.600438,8.3000,8.4500,8.1600,8.2600,8.2600,1237949,10308087.0000,3,2.063248,1,0.000000,21.507876,0.564281,4.065244,2.269564,0
2005-03-16,sh.600438,8.2300,8.2500,8.0700,8.1400,8.2600,469940,3831691.0000,3,0.783233,1,-1.450000,21.195413,0.556084,4.006185,2.236592,0
2005-03-17,sh.600438,8.1100,8.1600,7.8600,7.8700,8.1400,642990,5158441.0000,3,1.071650,1,-3.320000,20.492371,0.537638,3.873302,2.162405,0
2005-03-18,sh.600438,7.9000,7.9400,7.5000,7.5500,7.8700,652255,5008316.0000,3,1.087092,1,-4.070000,19.659136,0.515778,3.715810,2.074480,0
2005-03-21,sh.600438,7.5300,7.8000,7.4200,7.6700,7.5500,530576,4032096.0000,3,0.884293,1,1.590000,19.971599,0.523976,3.774870,2.107452,0
2005-03-22,sh.600438,7.6500,7.7500,7.5200,7.7200,7.6700,578520,4428573.0000,3,0.964200,1,0.650000,20.101792,0.527391,3.799478,2.121190,0
2005-03-23,sh.600438,7.7000,7.8500,7.6500,7.8000,7.7200,834630,6466507.0000,3,1.391050,1,1.040000,20.310101,0.532856,3.838850,2.143171,0
2005-03-24,sh.600438,7.7500,7.8000,7.6000,7.7900,7.8000,331646,2561493.0000,3,0.552743,1,-0.130000,20.284063,0.532173,3.833929,2.140424,0
2005-03-25,sh.600438,7.7800,7.8800,7.6600,7.6800,7.7900,273999,2116538.0000,3,0.456665,1,-1.410000,19.997638,0.524659,3.779791,2.110200,0
2005-03-28,sh.600438,7.6600,7.6600,7.2500,7.3900,7.6800,518789,3837610.0000,3,0.864648,1,-3.780000,19.242519,0.504847,3.637065,2.030518,0
2005-03-29,sh.600438,7.3300,7.4800,7.2900,7.3100,7.3900,307395,2262856.0000,3,0.512325,1,-1.080000,19.034210,0.499382,3.597692,2.008536,0
2005-03-30,sh.600438,7.2600,7.3400,7.0500,7.1000,7.3100,359300,2594905.0000,3,0.598833,1,-2.870000,18.487400,0.485036,3.494338,1.950836,0
2005-03-31,sh.600438,7.0000,7.1800,6.9900,7.1700,7.1000,204101,1447072.0000,3,0.340168,1,0.990000,18.669670,0.489818,3.528789,1.970069,0
2005-04-01,sh.600438,7.2000,7.6000,7.0600,7.5100,7.1700,939474,6927951.0000,3,1.565790,1,4.740000,19.554982,0.513045,3.696124,2.063489,0
2005-04-04,sh.600438,7.4000,7.4000,7.2500,7.3200,7.5100,407386,2984498.0000,3,0.678977,1,-2.530000,19.060249,0.500065,3.602614,2.011284,0
2005-04-05,sh.600438,7.3000,7.3900,7.2600,7.3000,7.3200,192596,1408929.0000,3,0.320993,1,-0.270000,19.008172,0.498699,3.592770,2.005789,0
2005-04-06,sh.600438,7.3000,7.5700,7.1300,7.4800,7.3000,1201746,8835198.0000,3,2.002910,1,2.470000,19.476866,0.510996,3.681359,2.055246,0
2005-04-07,sh.600438,7.4900,7.7200,7.4200,7.5400,7.4800,990042,7497775.0000,3,1.650070,1,0.800000,19.633098,0.515095,3.710889,2.071732,0
2005-04-08,sh.600438,7.5500,7.6900,7.4500,7.6300,7.5400,492028,3719442.0000,3,0.820047,1,1.190000,19.867445,0.521243,3.755183,2.096461,0
2005-04-11,sh.600438,7.5800,7.6200,7.4800,7.4900,7.6300,535701,4044644.0000,3,0.892835,1,-1.830000,19.502905,0.511679,3.686281,2.057994,0
2005-04-12,sh.600438,7.4100,7.4700,7.3200,7.3300,7.4900,312400,2307971.0000,3,0.520667,1,-2.140000,19.086287,0.500748,3.607535,2.014032,0
2005-04-13,sh.600438,7.4200,7.7600,7.4200,7.7500,7.3300,1618498,12409148.0000,3,2.697497,1,5.730000,20.179908,0.529441,3.814242,2.129433,0
2005-04-14,sh.600438,7.8300,7.8300,7.6300,7.6600,7.7500,599690,4626576.0000,3,0.999483,1,-1.160000,19.945561,0.523292,3.769948,2.104704,0
2005-04-15,sh.600438,7.6200,7.9000,7.6100,7.8800,7.6600,1012240,7869589.0000,3,1.687067,1,2.870000,20.518410,0.538322,3.878223,2.165153,0
2005-04-18,sh.600438,7.9000,8.0900,7.7700,8.0600,7.8800,1806146,14375871.0000,3,3.010243,1,2.280000,20.987105,0.550618,3.966812,2.214610,0
2005-04-19,sh.600438,7.6600,8.1000,7.2700,7.9100,8.0600,2204710,17408013.0000,3,3.674517,1,-1.860000,16.422118,0.505935,-7.872923,2.115767,0
2005-04-20,sh.600438,7.8500,8.0600,7.7800,7.9700,7.9100,1511294,12072351.0000,3,2.518823,1,0.760000,16.546685,0.509773,-7.932642,2.131816,0
2005-04-21,sh.600438,7.9600,8.3300,7.9600,8.1200,7.9700,2113011,17288376.0000,3,3.521685,1,1.880000,16.858103,0.519367,-8.081938,2.171938,0
2005-04-22,sh.600438,8.1300,8.2700,8.0300,8.1200,8.1200,1199437,9757544.0000,3,1.999062,1,0.000000,16.858103,0.519367,-8.081938,2.171938,0
2005-04-25,sh.600438,8.0600,8.3100,7.8600,8.3000,8.1200,1689344,13794941.0000,3,2.815573,1,2.220000,17.231805,0.530880,-8.261095,2.220084,0
2005-04-26,sh.600438,8.3000,8.3700,8.1500,8.2800,8.3000,1257134,10414303.0000,3,2.095223,1,-0.240000,17.190282,0.529601,-8.241188,2.214735,0
2005-04-27,sh.600438,8.2800,8.3600,8.1600,8.1700,8.2800,1478849,12259913.0000,3,2.464748,1,-1.330000,16.961909,0.522565,-8.131704,2.185312,0
2005-04-28,sh.600438,8.0600,8.4800,8.0600,8.4400,8.1700,1912168,15939141.0000,3,3.186947,1,3.300000,17.522462,0.539835,-8.400438,2.257531,0
2005-04-29,sh.600438,8.4000,8.5500,8.3200,8.3700,8.4400,1098946,9248090.0000,3,1.831577,1,-0.830000,17.377133,0.535358,-8.330767,2.238808,0
2005-05-09,sh.600438,8.3700,8.5200,8.2200,8.3000,8.3700,1144080,9581767.0000,3,1.906800,1,-0.840000,17.231805,0.530880,-8.261095,2.220084,0
2005-05-10,sh.600438,8.3000,8.4500,7.9500,8.2200,8.3000,1300863,10561884.0000,3,2.168105,1,-0.960000,17.065715,0.525763,-8.181470,2.198686,0
2005-05-11,sh.600438,8.2000,8.4500,7.9600,7.9800,8.2200,1109524,9133681.0000,3,1.849207,1,-2.920000,16.567446,0.510413,-7.942595,2.134491,0
2005-05-12,sh.600438,7.9800,8.1600,7.9400,8.0800,7.9800,1225865,9854736.0000,3,2.043108,1,1.250000,16.775058,0.516809,-8.042126,2.161239,0
2005-05-13,sh.600438,8.0500,8.3200,8.0200,8.2900,8.0800,1150892,9420162.0000,3,1.918153,1,2.600000,17.211044,0.530241,-8.251142,2.217409,0
2005-05-16,sh.600438,8.3800,8.4600,8.2400,8.3700,8.2900,1264817,10611109.0000,3,2.108028,1,0.970000,17.377133,0.535358,-8.330767,2.238808,0
2005-05-17,sh.600438,8.3500,8.5400,8.2600,8.4900,8.3700,1131684,9565444.0000,3,1.886140,1,1.430000,17.626268,0.543033,-8.450204,2.270905,0
2005-05-18,sh.600438,8.5300,8.5600,8.3100,8.4100,8.4900,628489,5294499.0000,3,1.047482,1,-0.940000,17.460178,0.537916,-8.370579,2.249507,0
2005-05-19,sh.600438,8.3800,8.5200,8.3200,8.3300,8.4100,575570,4844597.0000,3,0.959283,1,-0.950000,17.294088,0.532799,-8.290954,2.228109,0
2005-05-23,sh.600438,8.3300,8.3300,8.1300,8.2600,8.3300,684391,5631100.0000,3,1.140652,1,-0.840000,17.148760,0.528322,-8.221282,2.209385,0
2005-05-24,sh.600438,8.2700,8.2700,8.0900,8.1900,8.2600,372545,3049054.0000,3,0.620908,1,-0.850000,17.003431,0.523845,-8.151610,2.190661,0
2005-05-25,sh.600438,8.1900,8.2500,7.8700,7.8800,8.1900,859099,6887599.0000,3,1.431832,1,-3.790000,16.359834,0.504017,-7.843063,2.107743,0
2005-05-26,sh.600438,7.8700,7.8700,7.6100,7.7700,7.8800,1198803,9236752.0000,3,1.998005,1,-1.400000,16.131461,0.496981,-7.733579,2.078320,0
2005-05-27,sh.600438,7.6100,7.8000,7.6100,7.7600,7.7700,457031,3518675.0000,3,0.761718,1,-0.130000,16.110699,0.496341,-7.723626,2.075645,0
2005-05-30,sh.600438,7.6100,7.7600,7.5300,7.7500,7.7600,325999,2479912.0000,3,0.543332,1,-0.130000,16.089938,0.495702,-7.713673,2.072970,0
2005-05-31,sh.600438,7.6800,7.7800,7.6300,7.7500,7.7500,174599,1346846.0000,3,0.290998,1,0.000000,16.089938,0.495702,-7.713673,2.072970,0
2005-06-01,sh.600438,7.7000,7.7000,7.4100,7.6300,7.7500,373072,2804797.0000,3,0.621787,1,-1.550000,15.840804,0.488026,-7.594235,2.040873,0
2005-06-02,sh.600438,7.5000,7.6200,7.4300,7.6000,7.6300,291339,2188585.0000,3,0.485565,1,-0.390000,15.778520,0.486107,-7.564376,2.032848,0
2005-06-03,sh.600438,7.5000,7.5900,7.3500,7.4600,7.6000,203494,1513861.0000,3,0.339157,1,-1.840000,15.487863,0.477153,-7.425032,1.995401,0
2005-06-06,sh.600438,7.3900,7.6200,7.3000,7.6100,7.4600,235533,1757826.0000,3,0.392555,1,2.010000,15.799281,0.486747,-7.574329,2.035523,0
2005-06-07,sh.600438,7.6100,7.8800,7.5500,7.8000,7.6100,736800,5691151.0000,3,1.228000,1,2.500000,16.193744,0.498900,-7.763438,2.086344,0
2005-06-08,sh.600438,7.8000,8.5800,7.7500,8.5700,7.8000,2302372,19251034.0000,3,3.837287,1,9.870000,17.792357,0.548150,-8.529829,2.292304,0
2005-06-09,sh.600438,8.5100,8.9500,8.4600,8.8300,8.5700,2320040,20350608.0000,3,3.866733,1,3.030000,18.332149,0.564780,-8.788610,2.361849,0
2005-06-10,sh.600438,8.8300,8.9900,8.5500,8.5700,8.8300,1891495,16651150.0000,3,3.152492,1,-2.940000,17.792357,0.548150,-8.529829,2.292304,0
2005-06-13,sh.600438,8.5700,8.7000,8.4100,8.5700,8.5700,1000379,8561317.0000,3,1.667298,1,0.000000,17.792357,0.548150,-8.529829,2.292304,0
2005-06-14,sh.600438,8.6000,8.7000,8.1600,8.2900,8.5700,1251857,10511424.0000,3,2.086428,1,-3.270000,17.211044,0.530241,-8.251142,2.217409,0
2005-06-15,sh.600438,8.2300,8.3800,8.1500,8.3200,8.2900,594051,4920251.0000,3,0.990085,1,0.360000,17.273327,0.532160,-8.281001,2.225434,0
2005-06-16,sh.600438,8.3100,8.8000,8.2500,8.7700,8.3200,1174547,9972153.0000,3,1.957578,1,5.410000,18.207582,0.560942,-8.728892,2.345800,0
2005-06-17,sh.600438,8.7800,8.8500,8.6100,8.7600,8.7700,1497803,13021323.0000,3,2.496338,1,-0.110000,18.186820,0.560303,-8.718938,2.343125,0
2005-06-20,sh.600438,8.7600,9.3800,8.5600,9.3600,8.7600,3177017,28979881.0000,3,5.295028,1,6.850000,19.432493,0.598680,-9.316126,2.503613,0
2005-06-21,sh.600438,9.3800,9.3900,9.0200,9.1500,9.3600,1633142,15014456.0000,3,2.721903,1,-2.240000,18.996508,0.585248,-9.107110,2.447442,0
2005-06-22,sh.600438,9.1200,9.3400,9.0700,9.2200,9.1500,1071436,9855642.0000,3,1.785727,1,0.770000,19.141836,0.589725,-9.176782,2.466166,0
2005-06-23,sh.600438,9.2500,9.2500,8.9000,8.9100,9.2200,1006200,9090132.0000,3,1.677000,1,-3.360000,18.498239,0.569897,-8.868235,2.383247,0
2005-06-24,sh.600438,8.9000,9.3000,8.8200,9.2700,8.9100,1299043,11766552.0000,3,2.165072,1,4.040000,19.245642,0.592923,-9.226548,2.479540,0
2005-06-27,sh.600438,9.2900,9.8000,9.2900,9.7500,9.2700,2867812,27690084.0000,3,4.779687,1,5.180000,20.242180,0.623624,-9.704298,2.607930,0
2005-06-28,sh.600438,9.6100,9.6500,9.3800,9.6200,9.7500,957996,9146082.0000,3,1.596660,1,-1.330000,19.972285,0.615309,-9.574907,2.573158,0
2005-06-29,sh.600438,9.6200,9.7300,9.5300,9.6900,9.6200,897827,8668317.0000,3,1.496378,1,0.730000,20.117613,0.619787,-9.644579,2.591882,0
2005-06-30,sh.600438,9.6200,9.6800,9.3300,9.3500,9.6900,1125762,10639788.0000,3,1.876270,1,-3.510000,19.411732,0.598040,-9.306173,2.500938,0
2005-07-01,sh.600438,9.4700,9.6000,9.0700,9.3600,9.3500,1744675,16246086.0000,3,2.907792,1,0.110000,19.432493,0.598680,-9.316126,2.503613,0
2005-07-04,sh.600438,9.3600,9.6900,9.2000,9.6600,9.3600,1271857,12040515.0000,3,2.119762,1,3.210000,20.055329,0.617868,-9.614720,2.583857,0
2005-07-05,sh.600438,9.6500,9.7100,9.1000,9.2400,9.6600,1704568,15947470.0000,3,2.840947,1,-4.350000,19.183359,0.591004,-9.196689,2.471515,0
2005-07-06,sh.600438,9.1300,9.2300,8.9500,9.1600,9.2400,994070,9020932.0000,3,1.656783,1,-0.870000,19.017269,0.585887,-9.117064,2.450117,0
2005-07-07,sh.600438,9.0000,9.3300,9.0000,9.3000,9.1600,879637,8136522.0000,3,1.466062,1,1.530000,19.307926,0.594842,-9.256407,2.487564,0
2005-07-08,sh.600438,9.0000,9.0500,8.9000,8.9500,8.9500,863550,7730442.0000,3,1.439250,1,0.000000,18.581283,0.572455,-8.908048,2.393946,0
2005-07-11,sh.600438,9.0600,9.3000,8.6500,8.7000,8.9500,1903344,17097771.0000,3,3.172240,1,-2.790000,18.062253,0.556465,-8.659220,2.327076,0
2005-07-12,sh.600438,8.6600,9.0800,8.5500,8.9900,8.7000,1356379,12015867.0000,3,2.260632,1,3.330000,18.664328,0.575014,-8.947860,2.404645,0
2005-07-13,sh.600438,8.9800,9.0400,8.8700,8.9100,8.9900,887276,7933451.0000,3,1.478793,1,-0.890000,18.498239,0.569897,-8.868235,2.383247,0
2005-07-14,sh.600438,8.9000,9.0300,8.7500,8.8200,8.9100,958844,8513861.0000,3,1.598073,1,-1.010000,18.311388,0.564140,-8.778657,2.359174,0
2005-07-15,sh.600438,8.8300,8.8900,8.7000,8.7400,8.8200,856229,7510586.0000,3,1.427048,1,-0.910000,18.145298,0.559023,-8.699032,2.337775,0
2005-07-18,sh.600438,8.7000,8.9800,8.0100,8.9800,8.7400,1071074,9475609.0000,3,1.785123,1,2.750000,18.643567,0.574374,-8.937907,2.401971,0
2005-07-19,sh.600438,8.9500,9.0500,8.8000,9.0500,8.9800,802459,7172248.0000,3,1.337432,1,0.780000,18.788896,0.578851,-9.007579,2.420694,0
2005-07-20,sh.600438,9.0000,9.0800,8.7900,8.8200,9.0500,1349915,12043364.0000,3,2.249858,1,-2.540000,16.499282,0.509307,-6.881509,2.476393,0
2005-07-21,sh.600438,8.8000,8.8500,8.6100,8.8100,8.8200,969677,8462204.0000,3,1.616128,1,-0.110000,16.480575,0.508730,-6.873707,2.473585,0
2005-07-22,sh.600438,8.9000,9.0500,8.7600,8.9400,8.8100,1881055,16845788.0000,3,3.135092,1,1.480000,16.723762,0.516237,-6.975135,2.510085,0
2005-07-25,sh.600438,8.9400,9.2600,8.8400,9.2100,8.9400,1585170,14397768.0000,3,2.641950,1,3.020000,17.228842,0.531828,-7.185793,2.585893,0
2005-07-26,sh.600438,9.2000,9.6500,9.1300,9.6400,9.2100,3039767,28637154.0000,3,5.066278,1,4.670000,18.033229,0.556658,-7.521286,2.706624,0
2005-07-27,sh.600438,9.5900,9.7500,9.4000,9.7300,9.6400,2279544,21852229.0000,3,3.799240,1,0.930000,18.201589,0.561855,-7.591506,2.731893,0
2005-07-28,sh.600438,9.6800,9.6900,9.4600,9.5000,9.7300,1721546,16437007.0000,3,2.869243,1,-2.360000,17.771335,0.548574,-7.412056,2.667316,0
2005-07-29,sh.600438,9.4900,9.6500,9.4100,9.4600,9.5000,948807,9023392.0000,3,1.581345,1,-0.420000,17.696509,0.546264,-7.380848,2.656086,0
2005-08-01,sh.600438,9.4300,9.7400,9.4300,9.5900,9.4600,827261,7955237.0000,3,1.378768,1,1.374208,17.939695,0.553771,-7.482276,2.692586,0
2005-08-02,sh.600438,9.5500,9.6200,9.3600,9.5600,9.5900,852714,8090478.0000,3,1.421190,1,-0.312823,17.883575,0.552038,-7.458869,2.684163,0
2005-08-03,sh.600438,9.5500,9.7400,9.4700,9.4900,9.5600,1264460,12114935.0000,3,2.107433,1,-0.732224,17.752629,0.547996,-7.404254,2.664509,0
2005-08-04,sh.600438,9.4500,9.4500,9.0100,9.1000,9.4900,2372245,21794589.0000,3,3.953742,1,-4.109583,17.023069,0.525476,-7.099970,2.555008,0
2005-08-05,sh.600438,9.0500,9.4100,9.0400,9.2700,9.1000,1820125,16864828.0000,3,3.033542,1,1.868133,17.341082,0.535292,-7.232606,2.602739,0
2005-08-08,sh.600438,9.2600,9.4700,9.2400,9.3100,9.2700,2213121,20778081.0000,3,3.688535,1,0.431499,17.415909,0.537602,-7.263815,2.613970,0
2005-08-09,sh.600438,9.2900,9.6200,9.1200,9.6000,9.3100,1642534,15498100.0000,3,2.737557,1,3.114930,17.958402,0.554348,-7.490078,2.695393,0
2005-08-10,sh.600438,9.5900,9.7300,9.4300,9.6200,9.6000,1378081,13200182.0000,3,2.296802,1,0.208328,17.995815,0.555503,-7.505682,2.701009,0
2005-08-11,sh.600438,9.6000,10.1700,9.5900,10.0000,9.6200,3797325,37917788.0000,3,6.328875,1,3.950105,18.706669,0.577446,-7.802164,2.807701,0
2005-08-12,sh.600438,10.1000,10.2800,9.7800,9.9000,10.0000,2237136,22404748.0000,3,3.728560,1,-1.000004,18.519602,0.571672,-7.724143,2.779624,0
2005-08-15,sh.600438,9.9100,10.4500,9.9100,10.3500,9.9000,1787644,18270064.0000,3,2.979407,1,4.545463,19.361402,0.597657,-8.075240,2.905971,0
2005-08-16,sh.600438,10.3700,10.4800,10.1600,10.3600,10.3500,1354746,13957035.0000,3,2.257910,1,0.096611,19.380109,0.598234,-8.083042,2.908779,0
2005-08-17,sh.600438,10.3000,10.3800,10.1200,10.3500,10.3600,1151722,11813637.0000,3,1.919537,1,-0.096518,19.361402,0.597657,-8.075240,2.905971,0
2005-08-18,sh.600438,10.3500,10.3500,9.8100,9.8700,10.3500,1808081,18167970.0000,3,3.013468,1,-4.637686,18.463482,0.569939,-7.700736,2.771201,0
2005-08-19,sh.600438,9.8100,10.0000,9.7000,9.8800,9.8700,1201723,11834617.0000,3,2.002872,1,0.101319,18.482189,0.570517,-7.708538,2.774009,0
2005-08-22,sh.600438,9.8000,10.3800,9.8000,10.2500,9.8800,1389730,14115462.0000,3,2.316217,1,3.744938,19.174336,0.591882,-7.997219,2.877894,0
2005-08-23,sh.600438,10.2300,10.3000,10.0000,10.1300,10.2500,778642,7878432.0000,3,1.297737,1,-1.170731,18.949856,0.584953,-7.903593,2.844202,0
2005-08-24,sh.600438,10.1000,10.2800,9.9900,10.2400,10.1300,800893,8124101.0000,3,1.334822,1,1.085880,19.155629,0.591305,-7.989416,2.875086,0
2005-08-25,sh.600438,10.2900,10.2900,9.9500,9.9700,10.2400,1011285,10151306.0000,3,1.685475,1,-2.636714,18.650549,0.575714,-7.778758,2.799278,0
2005-08-26,sh.600438,9.9900,10.1800,9.7800,9.8300,9.9700,947644,9349591.0000,3,1.579407,1,-1.404216,18.388656,0.567629,-7.669528,2.759970,0
2005-08-29,sh.600438,9.8500,9.8500,9.6200,9.6900,9.8300,772285,7482927.0000,3,1.287142,1,-1.424215,18.126762,0.559545,-7.560297,2.720663,0
2005-08-30,sh.600438,9.6900,9.8500,9.6800,9.6900,9.6900,739821,7195658.0000,3,1.233035,1,0.000000,18.126762,0.559545,-7.560297,2.720663,0
2005-08-31,sh.600438,9.6900,9.7800,9.4500,9.7600,9.6900,737325,7069087.0000,3,1.228875,1,0.722401,18.257709,0.563587,-7.614912,2.740317,0
2005-09-01,sh.600438,9.7100,10.0200,9.7000,10.0000,9.7600,1342349,13266516.0000,3,2.237248,1,2.459014,18.706669,0.577446,-7.802164,2.807701,0
2005-09-02,sh.600438,10.0000,10.2000,9.8700,10.1200,10.0000,1070591,10764462.0000,3,1.784318,1,1.199999,18.931149,0.584375,-7.895790,2.841394,0
2005-09-05,sh.600438,10.1200,10.1300,9.8700,9.9900,10.1200,873776,8707575.0000,3,1.456293,1,-1.284586,18.687962,0.576869,-7.794362,2.804894,0
2005-09-06,sh.600438,9.9900,10.0000,9.6000,9.6200,9.9900,1095152,10767227.0000,3,1.825253,1,-3.703703,17.995815,0.555503,-7.505682,2.701009,0
2005-09-07,sh.600438,9.6200,10.0900,9.6100,9.9600,9.6200,1145646,11311332.0000,3,1.909410,1,3.534305,18.631842,0.575136,-7.770956,2.796471,0
2005-09-08,sh.600438,9.9400,10.2500,9.9100,10.1500,9.9600,2164097,21825047.0000,3,3.606828,1,1.907626,18.987269,0.586108,-7.919197,2.849817,0
2005-09-09,sh.600438,10.1400,10.2200,9.9100,9.9400,10.1500,818005,8203586.0000,3,1.363342,1,-2.068966,18.594429,0.573981,-7.755351,2.790855,0
2005-09-12,sh.600438,9.9500,10.1900,9.9000,10.0600,9.9400,669748,6746605.0000,3,1.116247,1,1.207252,18.818909,0.580911,-7.848977,2.824548,0
2005-09-13,sh.600438,10.0200,10.1600,9.9300,10.1000,10.0600,1543363,15462673.0000,3,2.572272,1,0.397614,18.893736,0.583221,-7.880186,2.835778,0
2005-09-14,sh.600438,10.1000,10.3200,10.1000,10.2900,10.1000,2050143,21005731.0000,3,3.416905,1,1.881184,19.249162,0.594192,-8.028427,2.889125,0
2005-09-15,sh.600438,10.3000,10.4500,10.2300,10.2600,10.2900,1210823,12481038.0000,3,2.018038,1,-0.291543,19.193042,0.592460,-8.005021,2.880702,0
2005-09-16,sh.600438,10.2300,10.3000,10.1800,10.1900,10.2600,694900,7106000.0000,3,1.158167,1,-0.682268,19.062096,0.588418,-7.950406,2.861048,0
2005-09-19,sh.600438,10.1200,10.1900,10.0300,10.1300,10.1900,1011241,10213605.0000,3,1.685402,1,-0.588807,18.949856,0.584953,-7.903593,2.844202,0
2005-09-20,sh.600438,10.1500,10.1500,9.8000,9.8700,10.1300,1933219,19134515.0000,3,3.222032,1,-2.566636,18.463482,0.569939,-7.700736,2.771201,0
2005-09-21,sh.600438,9.8600,9.8600,9.6800,9.6900,9.8700,1221695,11915933.0000,3,2.036158,1,-1.823711,18.126762,0.559545,-7.560297,2.720663,0
2005-09-22,sh.600438,9.6300,9.7800,9.5000,9.5600,9.6900,1237761,11932846.0000,3,2.062935,1,-1.341581,17.883575,0.552038,-7.458869,2.684163,0
2005-09-23,sh.600438,9.5100,9.6600,9.3100,9.3200,9.5600,1368698,13036446.0000,3,2.281163,1,-2.510468,17.434615,0.538180,-7.271617,2.616778,0
2005-09-26,sh.600438,9.3100,9.4300,9.1600,9.3700,9.3200,627967,5852261.0000,3,1.046612,1,0.536483,17.528149,0.541067,-7.310628,2.630816,0
2005-09-27,sh.600438,9.3600,9.3700,9.1200,9.1600,9.3700,704919,6523586.0000,3,1.174865,1,-2.241196,17.135309,0.528941,-7.146783,2.571854,0
2005-09-28,sh.600438,9.1500,9.2500,8.9300,8.9600,9.1600,1783843,16152426.0000,3,2.973072,1,-2.183404,16.761175,0.517392,-6.990739,2.515700,0
2005-09-29,sh.600438,8.9900,9.3700,8.9900,9.3600,8.9600,1111453,10255295.0000,3,1.852422,1,4.464282,17.509442,0.540490,-7.302826,2.628009,0
2005-09-30,sh.600438,9.3600,9.3800,9.2300,9.3300,9.3600,775666,7218583.0000,3,1.292777,1,-0.320510,17.453322,0.538757,-7.279419,2.619585,0
2005-10-10,sh.600438,9.3400,9.4800,9.3000,9.3900,9.3300,1490808,13990847.0000,3,2.484680,1,0.643091,17.565562,0.542222,-7.326232,2.636432,0
2005-10-11,sh.600438,9.4900,9.6600,9.4700,9.6600,9.3900,1885157,18027912.0000,3,3.141928,1,2.875394,18.070642,0.557813,-7.536891,2.712240,0
2005-10-12,sh.600438,9.6600,9.9900,9.5600,9.8800,9.6600,1376122,13512152.0000,3,2.293537,1,2.277436,18.482189,0.570517,-7.708538,2.774009,0
2005-10-13,sh.600438,9.8800,9.9300,9.7400,9.8400,9.8800,954623,9380417.0000,3,1.591038,1,-0.404858,18.407362,0.568207,-7.677330,2.762778,0
2005-10-14,sh.600438,9.8100,9.8100,9.5900,9.7200,9.8400,954726,9254796.0000,3,1.591210,1,-1.219511,18.182882,0.561278,-7.583704,2.729086,0
2005-10-17,sh.600438,9.7200,9.7200,9.4500,9.6900,9.7200,1782657,17094757.0000,3,2.971095,1,-0.308649,18.126762,0.559545,-7.560297,2.720663,0
2005-10-18,sh.600438,9.7600,9.9800,9.6900,9.9300,9.6900,1296331,12761735.0000,3,2.160552,1,2.476788,18.575722,0.573404,-7.747549,2.788048,0
2005-10-19,sh.600438,9.9400,10.0200,9.8100,9.9000,9.9300,1302218,12923713.0000,3,2.170363,1,-0.302122,18.519602,0.571672,-7.724143,2.779624,0
2005-10-20,sh.600438,9.8100,10.3500,9.8100,10.2600,9.9000,3158620,32057648.0000,3,5.264367,1,3.636370,19.193042,0.592460,-8.005021,2.880702,0
2005-10-21,sh.600438,11.2900,11.2900,10.2900,10.3900,10.2600,4406639,47096080.0000,3,7.344398,1,1.267058,15.099217,0.508825,-9.325450,2.611941,0
2005-10-24,sh.600438,10.5000,10.5900,10.1300,10.2100,10.3900,1995313,20487742.0000,3,3.325522,1,-1.732438,14.837633,0.500010,-9.163893,2.566690,0
2005-10-25,sh.600438,10.2800,10.4900,10.2100,10.3500,10.2100,1981019,20457943.0000,3,3.301698,1,1.371208,15.041088,0.506866,-9.289549,2.601885,0
2005-10-26,sh.600438,10.3100,10.4300,9.8500,9.8700,10.3500,1318569,13266874.0000,3,2.197615,1,-4.637686,14.343530,0.483360,-8.858729,2.481218,0
2005-10-27,sh.600438,9.8200,10.0000,9.6100,9.9000,9.8700,932598,9133664.0000,3,1.554330,1,0.303949,14.387127,0.484829,-8.885655,2.488760,0
2005-10-28,sh.600438,9.9000,9.9100,9.6200,9.8100,9.9000,792433,7726254.0000,3,1.320722,1,-0.909083,14.256335,0.480421,-8.804876,2.466134,0
2005-10-31,sh.600438,9.7800,10.1800,9.7500,10.1000,9.8100,1156150,11652650.0000,3,1.926917,1,2.956167,14.677776,0.494623,-9.065163,2.539037,0
2005-11-01,sh.600438,10.1000,10.2500,9.9600,10.1400,10.1000,838033,8469001.0000,3,1.396722,1,0.396039,14.735906,0.496582,-9.101065,2.549093,0
2005-11-02,sh.600438,10.2000,10.4300,10.1500,10.3100,10.1400,1290593,13311944.0000,3,2.150988,1,1.676529,14.982958,0.504908,-9.253647,2.591829,0
2005-11-03,sh.600438,10.4000,10.4900,10.1700,10.2000,10.3100,1011410,10463699.0000,3,1.685683,1,-1.066931,14.823101,0.499521,-9.154917,2.564176,0
2005-11-04,sh.600438,10.2000,10.4600,10.1500,10.4000,10.2000,1472897,15278234.0000,3,2.454828,1,1.960783,15.113750,0.509315,-9.334426,2.614454,0
2005-11-07,sh.600438,10.5000,10.5800,10.1200,10.2700,10.4000,1400661,14400802.0000,3,2.334435,1,-1.249992,14.924828,0.502949,-9.217745,2.581774,0
2005-11-08,sh.600438,10.2000,10.2400,9.7900,9.9800,10.2700,2010338,19970286.0000,3,3.350563,1,-2.823767,14.503387,0.488747,-8.957458,2.508871,0
2005-11-09,sh.600438,9.9000,10.1500,9.8400,9.9900,9.9800,749843,7485679.0000,3,1.249738,1,0.100203,14.517919,0.489236,-8.966434,2.511385,0
2005-11-10,sh.600438,9.9000,9.9700,9.6500,9.6600,9.9900,1029568,10088203.0000,3,1.715947,1,-3.303303,14.038348,0.473075,-8.670245,2.428426,0
2005-11-11,sh.600438,9.6600,9.8400,9.6000,9.6000,9.6600,523145,5078877.0000,3,0.871908,1,-0.621112,13.951154,0.470137,-8.616393,2.413343,0
2005-11-14,sh.600438,9.5800,9.7200,9.5100,9.7000,9.6000,300990,2913305.0000,3,0.501650,1,1.041661,14.096478,0.475034,-8.706147,2.438482,0
2005-11-15,sh.600438,9.6700,9.8000,9.6000,9.6300,9.7000,251095,2434342.0000,3,0.418492,1,-0.721646,13.994751,0.471606,-8.643319,2.420884,0
2005-11-16,sh.600438,9.5000,9.6500,9.3500,9.6000,9.6300,415680,3936589.0000,3,0.692800,1,-0.311524,13.951154,0.470137,-8.616393,2.413343,0
2005-11-17,sh.600438,9.5700,9.7000,9.4800,9.7000,9.6000,299310,2862305.0000,3,0.498850,1,1.041661,14.096478,0.475034,-8.706147,2.438482,0
2005-11-18,sh.600438,9.6800,9.9900,9.6400,9.8200,9.7000,802840,7923611.0000,3,1.338067,1,1.237112,14.270868,0.480911,-8.813852,2.468648,0
2005-11-21,sh.600438,9.8000,9.8800,9.7500,9.8100,9.8200,357345,3501932.0000,3,0.595575,1,-0.101826,14.256335,0.480421,-8.804876,2.466134,0
2005-11-22,sh.600438,9.7800,9.8500,9.7200,9.7500,9.8100,268953,2628928.0000,3,0.448255,1,-0.611625,14.169141,0.477483,-8.751024,2.451051,0
2005-11-23,sh.600438,9.7000,9.7800,9.6600,9.7500,9.7500,232112,2254952.0000,3,0.386853,1,0.000000,14.169141,0.477483,-8.751024,2.451051,0
2005-11-24,sh.600438,9.7100,9.8500,9.5300,9.6100,9.7500,525329,5082102.0000,3,0.875548,1,-1.435901,13.965686,0.470627,-8.625368,2.415856,0
2005-11-25,sh.600438,9.7200,9.7700,9.5000,9.5400,9.6100,386969,3698835.0000,3,0.644948,1,-0.728405,13.863959,0.467199,-8.562540,2.398259,0
2005-11-28,sh.600438,9.4800,9.5000,9.3600,9.4200,9.5400,500554,4706263.0000,3,0.834257,1,-1.257860,13.689570,0.461322,-8.454836,2.368092,0
2005-11-29,sh.600438,9.4100,9.4600,9.1800,9.2100,9.4200,427400,3969979.0000,3,0.712333,1,-2.229300,13.384388,0.451038,-8.266352,2.315301,0
2005-11-30,sh.600438,9.2100,9.3200,9.1800,9.3100,9.2100,555751,5152683.0000,3,0.926252,1,1.085781,13.529713,0.455935,-8.356106,2.340440,0
2005-12-01,sh.600438,9.3500,9.5000,9.2600,9.4100,9.3100,188801,1773266.0000,3,0.314668,1,1.074108,13.675037,0.460832,-8.445860,2.365578,0
2005-12-02,sh.600438,9.2500,9.5100,9.2500,9.3400,9.4100,263800,2491177.0000,3,0.439667,1,-0.743886,13.573310,0.457404,-8.383032,2.347981,0
2005-12-05,sh.600438,9.3500,9.4000,9.3000,9.3600,9.3400,302510,2830034.0000,3,0.504183,1,0.214127,13.602375,0.458384,-8.400983,2.353009,0
2005-12-06,sh.600438,9.3100,9.4600,9.3100,9.3600,9.3600,229685,2157989.0000,3,0.382808,1,0.000000,13.602375,0.458384,-8.400983,2.353009,0
2005-12-07,sh.600438,9.3600,9.4800,9.3300,9.4000,9.3600,167901,1574396.0000,3,0.279835,1,0.427350,13.660505,0.460342,-8.436885,2.363065,0
2005-12-08,sh.600438,9.4000,9.5300,9.4000,9.5100,9.4000,291743,2771038.0000,3,0.486238,1,1.170219,13.820362,0.465729,-8.535614,2.390717,0
2005-12-09,sh.600438,9.5500,9.6900,9.4600,9.6100,9.5100,332560,3194281.0000,3,0.554267,1,1.051519,13.965686,0.470627,-8.625368,2.415856,0
2005-12-12,sh.600438,9.6200,9.6500,9.4600,9.5800,9.6100,345300,3298598.0000,3,0.575500,1,-0.312172,13.922089,0.469158,-8.598442,2.408315,0
2005-12-13,sh.600438,9.6000,9.6200,9.5100,9.6100,9.5800,225001,2152204.0000,3,0.375002,1,0.313150,13.965686,0.470627,-8.625368,2.415856,0
2005-12-14,sh.600438,9.6100,9.7500,9.4900,9.7400,9.6100,472353,4565051.0000,3,0.787255,1,1.352759,14.154608,0.476993,-8.742049,2.448537,0
2005-12-15,sh.600438,9.7400,10.0300,9.7000,9.8800,9.7400,1323644,13126023.0000,3,2.206073,1,1.437375,14.358062,0.483849,-8.867704,2.483732,0
2005-12-16,sh.600438,9.8800,9.9900,9.8300,9.9400,9.8800,460128,4558563.0000,3,0.766880,1,0.607282,14.445257,0.486788,-8.921557,2.498815,0
2005-12-19,sh.600438,9.9200,10.0900,9.8800,9.9900,9.9400,557228,5584265.0000,3,0.928713,1,0.503020,14.517919,0.489236,-8.966434,2.511385,0
2005-12-20,sh.600438,9.9900,10.1100,9.9200,10.0900,9.9900,1683027,16863951.0000,3,2.805045,1,1.001005,14.663244,0.494134,-9.056188,2.536524,0
2005-12-21,sh.600438,10.0500,10.4300,10.0500,10.4300,10.0900,2751683,28313800.0000,3,4.586138,1,3.369674,15.157347,0.510784,-9.361352,2.621996,0
2005-12-22,sh.600438,10.4000,10.5300,10.3300,10.5000,10.4300,1465070,15301622.0000,3,2.441783,1,0.671138,15.259074,0.514212,-9.424180,2.639593,0
2005-12-23,sh.600438,10.4900,10.6900,10.4100,10.6600,10.5000,1133604,11958491.0000,3,1.889340,1,1.523808,15.491594,0.522048,-9.567786,2.679816,0
2005-12-26,sh.600438,10.7000,10.9900,10.7000,10.8100,10.6600,2236202,24186174.0000,3,3.727003,1,1.407135,15.709580,0.529394,-9.702417,2.717524,0
2005-12-27,sh.600438,10.7800,10.8100,10.6600,10.7200,10.8100,669200,7173762.0000,3,1.115333,1,-0.832564,15.578788,0.524986,-9.621639,2.694899,0
2005-12-28,sh.600438,10.7500,10.8000,10.5800,10.7200,10.7200,921990,9888527.0000,3,1.536650,1,0.000000,15.578788,0.524986,-9.621639,2.694899,0
2005-12-29,sh.600438,10.7200,11.2700,10.7200,11.1900,10.7200,2421367,26968169.0000,3,4.035612,1,4.384322,16.261814,0.548003,-10.043483,2.813052,0
2005-12-30,sh.600438,11.2000,11.4800,10.9500,11.2700,11.1900,2749534,31048356.0000,3,4.582557,1,0.714932,16.378073,0.551921,-10.115286,2.833164,0
2006-01-04,sh.600438,11.2600,11.6800,11.1800,11.3700,11.2700,1362452,15676842.0000,3,2.270753,1,0.887306,16.523398,0.556819,-10.205040,2.858303,0
2006-01-05,sh.600438,11.3700,11.5000,11.2100,11.3600,11.3700,1167492,13203558.0000,3,1.945820,1,-0.087953,16.508865,0.556329,-10.196065,2.855789,0
2006-01-06,sh.600438,11.3200,11.5400,11.2300,11.4400,11.3600,2160223,24592292.0000,3,3.600372,1,0.704225,16.625125,0.560247,-10.267868,2.875900,0
2006-01-25,sh.600438,12.5800,12.5800,12.5800,12.5800,11.4400,1089371,13704287.0000,3,1.815618,1,9.965038,18.281824,0.616075,-11.291065,3.162484,0
2006-02-06,sh.600438,13.8400,13.8400,12.9200,13.0900,12.5800,4537075,60337856.0000,3,7.561792,1,4.054056,19.022979,0.641051,-11.748811,3.290693,0
2006-02-07,sh.600438,13.0200,13.7900,12.9600,13.4800,13.0900,2580839,34727137.0000,3,4.301398,1,2.979369,19.589745,0.660151,-12.098852,3.388735,0
2006-02-08,sh.600438,13.5000,13.5500,13.1200,13.3600,13.4800,1403467,18662869.0000,3,2.339112,1,-0.890207,19.415356,0.654274,-11.991147,3.358568,0
2006-02-09,sh.600438,13.4000,13.5900,13.3200,13.4300,13.3600,1842106,24792082.0000,3,3.070177,1,0.523957,19.517083,0.657702,-12.053975,3.376166,0
2006-02-10,sh.600438,13.4000,13.6200,13.0300,13.4000,13.4300,3223196,43030704.0000,3,5.371993,1,-0.223386,19.473485,0.656233,-12.027048,3.368624,0
2006-03-03,sh.600438,11.4400,12.3700,11.2200,12.1200,13.4000,5056819,60630168.0000,3,7.328723,1,-9.552238,17.613332,0.593548,-10.878196,3.046845,0
2006-03-06,sh.600438,12.0900,12.4900,11.8300,12.4500,12.1200,1872033,22950539.0000,3,2.713091,1,2.722772,18.092903,0.609709,-11.174385,3.129804,0
2006-03-07,sh.600438,12.3600,12.7900,12.1300,12.4600,12.4500,2078115,25959701.0000,3,3.011761,1,0.080323,18.107435,0.610199,-11.183360,3.132318,0
2006-03-08,sh.600438,12.3500,12.4400,12.1400,12.2700,12.4600,1027614,12598488.0000,3,1.489296,1,-1.524876,17.831318,0.600894,-11.012827,3.084553,0
2006-03-09,sh.600438,12.2800,12.3500,11.7000,11.8100,12.2700,1139342,13663312.0000,3,1.651220,1,-3.748981,17.162826,0.578366,-10.599958,2.968914,0
2006-03-10,sh.600438,11.7200,12.7000,11.7200,12.6600,11.8100,2337481,28653904.0000,3,3.387654,1,7.197286,18.398084,0.619993,-11.362868,3.182596,0
2006-03-13,sh.600438,12.6200,12.9600,12.5600,12.6700,12.6600,1595594,20397273.0000,3,2.312455,1,0.078991,18.412616,0.620483,-11.371844,3.185109,0
2006-03-14,sh.600438,12.6200,12.8900,12.3800,12.7600,12.6700,1146431,14456475.0000,3,1.661494,1,0.710341,18.543409,0.624890,-11.452622,3.207734,0
2006-03-15,sh.600438,12.8000,13.0300,12.6200,12.9900,12.7600,2096920,26997518.0000,3,3.039014,1,1.802504,18.877655,0.636154,-11.659057,3.265554,0
2006-03-16,sh.600438,12.9800,13.1000,12.8400,12.9800,12.9900,1568755,20345009.0000,3,2.273558,1,-0.076984,18.863122,0.635664,-11.650081,3.263040,0
2006-03-17,sh.600438,12.9100,13.0700,12.7300,13.0400,12.9800,1337241,17253334.0000,3,1.938030,1,0.462253,18.950317,0.638603,-11.703934,3.278124,0
2006-03-20,sh.600438,13.0600,13.0600,12.8600,12.9300,13.0400,1205336,15629492.0000,3,1.746864,1,-0.843556,18.790460,0.633216,-11.605204,3.250471,0
2006-03-21,sh.600438,13.0500,13.1000,12.7600,12.8700,12.9300,1855370,23994764.0000,3,2.688942,1,-0.464040,18.029864,0.602529,-9.793974,3.150187,0
2006-03-22,sh.600438,12.8700,13.0100,12.5500,13.0000,12.8700,1671225,21428252.0000,3,2.422065,1,1.010102,18.211984,0.608615,-9.892903,3.182007,0
2006-03-23,sh.600438,12.9500,13.9400,12.9000,13.9000,13.0000,2953062,39992732.0000,3,4.279800,1,6.923074,19.472813,0.650750,-10.577796,3.402300,0
2006-03-24,sh.600438,13.8800,13.9300,13.5600,13.6400,13.9000,1495650,20513856.0000,3,2.167609,1,-1.870498,19.108574,0.638577,-10.379938,3.338660,0
2006-03-27,sh.600438,13.5900,13.6700,13.2900,13.4300,13.6400,1325717,17817280.0000,3,1.921329,1,-1.539590,18.814380,0.628746,-10.220130,3.287258,0
2006-03-28,sh.600438,13.4500,13.8400,13.4000,13.4200,13.4300,1453422,19716247.0000,3,2.106409,1,-0.074462,18.800371,0.628278,-10.212520,3.284810,0
2006-03-29,sh.600438,13.4500,13.8700,13.3500,13.5000,13.4200,1785198,24355832.0000,3,2.587243,1,0.596125,18.912445,0.632023,-10.273399,3.304392,0
2006-03-30,sh.600438,13.4200,13.5600,13.2500,13.2800,13.5000,1526229,20379033.0000,3,2.211926,1,-1.629632,18.604242,0.621723,-10.105981,3.250543,0
2006-03-31,sh.600438,13.2600,13.3100,12.9500,13.0300,13.2800,2179352,28490666.0000,3,3.158481,1,-1.882530,18.254011,0.610019,-9.915732,3.189350,0
2006-04-03,sh.600438,13.0300,13.6300,13.0300,13.4500,13.0300,2085503,27952783.0000,3,3.022468,1,3.223331,18.842398,0.629682,-10.235349,3.292154,0
2006-04-04,sh.600438,13.5300,14.1900,13.4300,14.0500,13.4500,2984804,41176999.0000,3,4.325803,1,4.460969,19.682952,0.657772,-10.691945,3.439015,0
2006-04-05,sh.600438,14.0500,14.3000,13.8000,13.9200,14.0500,1819258,25515383.0000,3,2.636606,1,-0.925268,19.500832,0.651686,-10.593016,3.407195,0
2006-04-06,sh.600438,13.9000,14.6500,13.8100,14.1100,13.9200,2213933,31401098.0000,3,3.208599,1,1.364939,19.767007,0.660581,-10.737604,3.453702,0
2006-04-07,sh.600438,14.1200,14.6000,13.8300,14.0100,14.1100,2180752,30939429.0000,3,3.160510,1,-0.708713,19.626915,0.655900,-10.661505,3.429225,0
2006-04-10,sh.600438,14.0500,14.3300,13.7500,14.2500,14.0100,1761440,24680612.0000,3,2.552812,1,1.713060,19.963136,0.667135,-10.844143,3.487969,0
2006-04-11,sh.600438,14.1300,14.7100,14.1300,14.6100,14.2500,2443549,35383209.0000,3,3.541375,1,2.526314,20.467468,0.683989,-11.118101,3.576087,0
2006-04-12,sh.600438,14.5500,14.6700,14.2600,14.4300,14.6100,1358239,19593846.0000,3,1.968462,1,-1.232028,20.215302,0.675562,-10.981122,3.532028,0
2006-04-13,sh.600438,14.4000,14.4000,13.7000,13.7200,14.4300,2231564,31056051.0000,3,3.234151,1,-4.920305,19.220647,0.642323,-10.440817,3.358241,0
2006-04-14,sh.600438,13.6000,13.9800,13.5800,13.9400,13.7200,997521,13750073.0000,3,1.445683,1,1.603493,19.528850,0.652622,-10.608236,3.412091,0
2006-04-17,sh.600438,13.9000,14.0300,13.4200,13.6400,13.9400,2761659,37656741.0000,3,4.002404,1,-2.152075,19.108574,0.638577,-10.379938,3.338660,0
2006-04-18,sh.600438,13.5800,13.9300,13.5700,13.8400,13.6400,2446970,33781553.0000,3,3.546333,1,1.466274,19.388758,0.647941,-10.532136,3.387614,0
2006-04-19,sh.600438,13.8000,15.0000,13.7000,14.7900,13.8400,5179907,75152035.0000,3,7.507112,1,6.864161,20.719634,0.692416,-11.255079,3.620145,0
2006-04-20,sh.600438,14.8000,15.5900,14.7100,15.0000,14.7900,4317513,65364868.0000,3,6.257265,1,1.419879,21.013827,0.702248,-11.414888,3.671547,0
2006-04-21,sh.600438,15.0000,16.0900,14.8800,16.0100,15.0000,3719324,58558072.0000,3,5.390325,1,6.733335,22.428758,0.749533,-12.183490,3.918764,0
2006-04-24,sh.600438,16.0500,16.4300,15.3000,16.0200,16.0100,2898231,45930091.0000,3,4.200335,1,0.062462,22.442768,0.750001,-12.191100,3.921212,0
2006-04-26,sh.600438,15.5000,16.3000,15.2000,15.6300,16.0200,2677043,42144116.0000,3,3.879772,1,-2.434459,21.616762,0.695689,-9.910027,3.803694,0
2006-04-27,sh.600438,15.6300,15.7800,15.1100,15.6300,15.6300,2114013,32474948.0000,3,3.063787,1,0.000000,21.616762,0.695689,-9.910027,3.803694,0
2006-04-28,sh.600438,15.2500,16.8800,15.1500,16.5300,15.6300,2219413,35857087.0000,3,3.216541,1,5.758161,22.861489,0.735748,-10.480662,4.022716,0
2006-05-08,sh.600438,16.6000,17.1000,16.2000,16.6800,16.5300,1652623,27548215.0000,3,2.395106,1,0.907439,23.068943,0.742425,-10.575768,4.059220,0
2006-05-09,sh.600438,17.1000,17.6000,16.7000,17.0400,16.6800,2504872,42966917.0000,3,3.630249,1,2.158277,23.566834,0.758448,-10.804022,4.146829,0
2006-05-10,sh.600438,17.1000,17.5800,16.6900,16.7900,17.0400,2146770,36483308.0000,3,3.111261,1,-1.467136,23.221077,0.747321,-10.645512,4.085989,0
2006-05-11,sh.600438,16.7000,17.2300,16.3000,16.3000,16.7900,2297381,38367092.0000,3,3.329538,1,-2.918414,22.543392,0.725511,-10.334833,3.966744,0
2006-05-12,sh.600438,16.0200,16.6000,15.5800,16.5600,16.3000,4600606,73487718.0000,3,6.667545,1,1.595093,22.902980,0.737084,-10.499683,4.030017,0
2006-05-15,sh.600438,16.6000,16.9800,16.1000,16.9300,16.5600,4111887,67967309.0000,3,5.959257,1,2.234305,23.414701,0.753552,-10.734277,4.120060,0
2006-05-16,sh.600438,17.1200,18.4000,16.6900,17.5000,16.9300,4638350,81805702.0000,3,6.722246,1,3.366803,24.203028,0.778923,-11.095680,4.258774,0
2006-05-17,sh.600438,17.6200,17.8800,16.5200,17.0600,17.5000,2622303,44995554.0000,3,3.800439,1,-2.514289,23.594495,0.759339,-10.816703,4.151696,0
2006-05-18,sh.600438,16.9600,17.0000,15.6600,16.5000,17.0600,2535560,41455673.0000,3,3.674725,1,-3.282529,22.819998,0.734413,-10.461641,4.015416,0
2006-05-19,sh.600438,16.7700,17.2100,16.3900,17.0200,16.5000,3987263,67293832.0000,3,5.778642,1,3.151518,23.539174,0.757558,-10.791341,4.141962,0
2006-05-22,sh.600438,8.5000,9.1500,8.5000,8.5500,8.4800,5926468,52322246.0000,3,4.294542,1,0.825479,23.649816,0.761119,-10.842064,4.161431,0
2006-05-23,sh.600438,8.4600,8.4600,7.7000,7.7000,8.5500,7295699,57639217.0000,3,5.286738,1,-9.941525,21.298665,0.685452,-9.764198,3.747721,0
2006-05-24,sh.600438,7.6000,7.7700,6.9900,7.2500,7.7000,10852713,78225384.0000,3,7.864285,1,-5.844153,20.053938,0.645393,-9.193563,3.528698,0
2006-05-25,sh.600438,7.0800,7.3000,7.0300,7.2200,7.2500,3381776,24157094.0000,3,2.450562,1,-0.413796,19.970956,0.642723,-9.155521,3.514097,0
2006-05-26,sh.600438,7.2000,7.9000,7.1800,7.7200,7.2200,6493874,48737239.0000,3,4.705706,1,6.925208,21.353986,0.687233,-9.789560,3.757455,0
2006-05-29,sh.600438,7.7300,8.0400,7.6100,7.8400,7.7200,6128117,48314053.0000,3,4.440664,1,1.554409,21.685913,0.697915,-9.941729,3.815862,0
2006-05-30,sh.600438,7.8200,8.1000,7.7200,7.9500,7.8400,6009236,47722243.0000,3,4.354519,1,1.403057,21.990180,0.707707,-10.081217,3.869400,0
2006-05-31,sh.600438,7.9300,8.4000,7.9100,8.1500,7.9500,7811882,63923354.0000,3,5.660784,1,2.515721,22.543392,0.725511,-10.334833,3.966744,0
2006-06-01,sh.600438,8.1500,8.2800,8.0500,8.2800,8.1500,6783008,55285114.0000,3,4.915223,1,1.595093,22.902980,0.737084,-10.499683,4.030017,0
2006-06-02,sh.600438,8.2800,8.3600,7.9200,8.1200,8.2800,5934065,48452763.0000,3,4.300047,1,-1.932365,22.460410,0.722840,-10.296791,3.952142,0
2006-06-05,sh.600438,8.1200,8.4800,8.1000,8.4500,8.1200,7420869,61447269.0000,3,5.377441,1,4.064038,23.373210,0.752217,-10.715256,4.112759,0
2006-06-06,sh.600438,8.4600,8.7600,8.4200,8.6100,8.4500,9369964,80693697.0000,3,6.789829,1,1.893489,23.815780,0.766460,-10.918149,4.190634,0
2006-06-07,sh.600438,8.6300,8.7000,7.7500,7.7500,8.6100,10798340,87358097.0000,3,7.824884,1,-9.988381,21.436968,0.689903,-9.827602,3.772057,0
2006-06-08,sh.600438,7.7000,7.7300,7.1000,7.4000,7.7500,7773595,57068185.0000,3,5.633040,1,-4.516128,20.468847,0.658746,-9.383775,3.601706,0
2006-06-09,sh.600438,7.4000,7.5500,7.1900,7.2300,7.4000,4666183,34428137.0000,3,3.381292,1,-2.297298,19.998616,0.643613,-9.168202,3.518964,0
2006-06-12,sh.600438,7.2000,7.4100,7.0400,7.3000,7.2300,2259925,16382037.0000,3,1.637627,1,0.968190,20.192241,0.649844,-9.256967,3.553034,0
2006-06-13,sh.600438,7.3000,7.5100,7.1500,7.2900,7.3000,2368061,17383581.0000,3,1.715986,1,-0.136989,20.164580,0.648954,-9.244286,3.548167,0
2006-06-14,sh.600438,7.2300,7.2900,7.0200,7.1100,7.2900,2364453,16816610.0000,3,1.713372,1,-2.469133,19.666689,0.632930,-9.016032,3.460558,0
2006-06-15,sh.600438,7.1000,7.3500,7.1000,7.2700,7.1100,2445096,17719089.0000,3,1.771809,1,2.250350,20.109259,0.647174,-9.218925,3.538433,0
2006-06-16,sh.600438,7.2700,7.6000,7.2700,7.5400,7.2700,4516569,33611258.0000,3,3.272876,1,3.713892,20.856095,0.671209,-9.561306,3.669846,0
2006-06-19,sh.600438,7.5000,7.6700,7.3800,7.5900,7.5400,5713232,42974560.0000,3,4.140023,1,0.663133,20.994398,0.675660,-9.624710,3.694182,0
2006-06-20,sh.600438,7.5400,7.5900,7.4100,7.5700,7.5900,2874585,21585823.0000,3,2.083033,1,-0.263504,20.939077,0.673880,-9.599348,3.684448,0
2006-06-21,sh.600438,7.5900,8.3000,7.5700,7.9800,7.5700,10278074,81565783.0000,3,7.447880,1,5.416114,22.073162,0.710378,-10.119260,3.884002,0
2006-06-22,sh.600438,7.9800,8.0900,7.8700,7.9100,7.9800,4056828,32203858.0000,3,2.939730,1,-0.877195,21.879537,0.704146,-10.030494,3.849932,0
2006-06-23,sh.600438,7.9100,7.9500,7.6800,7.8600,7.9100,3148472,24612534.0000,3,2.281501,1,-0.632108,21.741234,0.699695,-9.967091,3.825596,0
2006-06-26,sh.600438,7.8600,8.3400,7.8600,8.2900,7.8600,5757795,47115340.0000,3,4.172315,1,5.470736,22.930640,0.737974,-10.512364,4.034884,0
2006-06-27,sh.600438,8.3200,9.1200,8.3200,9.1200,8.2900,12938902,116577247.0000,3,9.376016,1,10.012060,25.226471,0.811860,-11.564868,4.438859,0
2006-06-28,sh.600438,9.4400,9.5700,9.0900,9.1400,9.1200,14876085,138422141.0000,3,10.779772,1,0.219303,25.281792,0.813641,-11.590230,4.448594,0
2006-06-29,sh.600438,9.1100,9.5500,9.0200,9.2600,9.1400,8048895,74717228.0000,3,5.832533,1,1.312909,25.613719,0.824323,-11.742399,4.507000,0
2006-06-30,sh.600438,9.2600,9.3000,8.9700,9.0400,9.2600,5973823,54187024.0000,3,4.328857,1,-2.375813,25.005186,0.804739,-11.463422,4.399922,0
2006-07-03,sh.600438,9.0600,9.2400,8.8000,9.1900,9.0400,4573811,41472499.0000,3,3.314356,1,1.659288,25.420095,0.818092,-11.653634,4.472930,0
2006-07-04,sh.600438,9.1900,9.3600,8.9300,9.0700,9.1900,5097223,46407141.0000,3,3.693640,1,-1.305766,25.088168,0.807409,-11.501464,4.414523,0
2006-07-05,sh.600438,9.0200,9.0300,8.4800,8.8300,9.0700,6125041,53573480.0000,3,4.438436,1,-2.646084,24.424313,0.786044,-11.197126,4.297711,0
2006-07-06,sh.600438,8.8000,9.2500,8.6800,9.2300,8.8300,6689610,60646501.0000,3,4.847543,1,4.530007,25.530737,0.821652,-11.704357,4.492398,0
2006-07-07,sh.600438,9.2600,9.4800,9.0700,9.1800,9.2300,6251436,57811037.0000,3,4.530026,1,-0.541704,25.392434,0.817201,-11.640953,4.468062,0
2006-07-10,sh.600438,9.1800,9.4000,8.9800,9.2000,9.1800,5242528,48207926.0000,3,3.798933,1,0.217860,25.447755,0.818982,-11.666315,4.477797,0
2006-07-11,sh.600438,9.2200,9.2900,9.0800,9.2400,9.2000,4611596,42261763.0000,3,3.341736,1,0.434782,25.558398,0.822543,-11.717038,4.497265,0
2006-07-12,sh.600438,9.2800,9.3300,9.0000,9.0400,9.2400,3900817,35508630.0000,3,2.826679,1,-2.164500,25.005186,0.804739,-11.463422,4.399922,0
2006-07-13,sh.600438,8.9900,8.9900,8.1400,8.1400,9.0400,9514633,79688949.0000,3,6.894662,1,-9.955749,22.515731,0.724621,-10.322152,3.961877,0
2006-07-14,sh.600438,7.8500,8.0700,7.7100,8.0000,8.1400,4331817,34328287.0000,3,3.138998,1,-1.719906,22.128483,0.712158,-10.144621,3.893736,0
2006-07-17,sh.600438,7.9000,8.0000,7.7000,7.7500,8.0000,4332694,33942418.0000,3,3.139633,1,-3.125000,21.436968,0.689903,-9.827602,3.772057,0
2006-07-18,sh.600438,7.8500,8.1600,7.7800,8.0100,7.7500,4048549,32328903.0000,3,2.933731,1,3.354842,22.156144,0.713048,-10.157302,3.898603,0
2006-07-19,sh.600438,8.0300,8.0500,7.8100,7.8600,8.0100,1936349,15261623.0000,3,1.403151,1,-1.872660,21.741234,0.699695,-9.967091,3.825596,0
2006-07-20,sh.600438,7.8600,7.9200,7.6300,7.6900,7.8600,2388840,18420908.0000,3,1.731043,1,-2.162851,21.271004,0.684562,-9.751517,3.742854,0
2006-07-21,sh.600438,7.6600,7.8600,7.6600,7.8400,7.6900,2595117,20155296.0000,3,1.880520,1,1.950586,21.685913,0.697915,-9.941729,3.815862,0
2006-07-24,sh.600438,7.8000,7.9500,7.6500,7.9100,7.8400,1670586,13101944.0000,3,1.210570,1,0.892853,21.879537,0.704146,-10.030494,3.849932,0
2006-07-25,sh.600438,7.9500,8.1600,7.8000,8.1500,7.9100,3963256,31685556.0000,3,2.871925,1,3.034131,22.543392,0.725511,-10.334833,3.966744,0
2006-07-26,sh.600438,8.1500,8.2400,8.0200,8.0500,8.1500,1880726,15280395.0000,3,1.362845,1,-1.226987,22.266786,0.716609,-10.208025,3.918072,0
2006-07-27,sh.600438,8.0500,8.1500,7.7700,7.8700,8.0500,3126515,24690016.0000,3,2.265591,1,-2.236029,21.768895,0.700585,-9.979771,3.830463,0
2006-07-28,sh.600438,7.8700,7.8700,7.4800,7.5600,7.8700,3520532,26820308.0000,3,2.551110,1,-3.939008,20.911416,0.672989,-9.586667,3.679581,0
2006-07-31,sh.600438,7.5600,7.6800,7.0500,7.2000,7.5600,3653572,26469214.0000,3,2.647516,1,-4.761907,19.915635,0.640942,-9.130159,3.504363,0
2006-08-01,sh.600438,7.1900,7.2000,7.0000,7.1000,7.2000,3930873,27877812.0000,3,2.848459,1,-1.388888,18.324219,0.598633,-12.310868,3.322138,0
2006-08-02,sh.600438,7.0500,7.3500,7.0300,7.3000,7.1000,3523750,25122105.0000,3,2.553442,1,2.816905,18.840394,0.615496,-12.657653,3.415719,0
2006-08-03,sh.600438,7.3000,7.3200,7.1000,7.2000,7.3000,1603372,11560340.0000,3,1.161864,1,-1.369868,18.582307,0.607065,-12.484261,3.368929,0
2006-08-04,sh.600438,7.2000,7.6100,7.2000,7.3200,7.2000,6088706,45389781.0000,3,4.412106,1,1.666672,18.892012,0.617182,-12.692332,3.425078,0
2006-08-07,sh.600438,7.3500,7.8500,7.3500,7.6800,7.3200,5223698,39997901.0000,3,3.785288,1,4.918028,19.821127,0.647536,-13.316545,3.593524,0
2006-08-08,sh.600438,7.7000,7.9600,7.6800,7.9500,7.6800,3739171,29381022.0000,3,2.709544,1,3.515625,20.517964,0.670301,-13.784704,3.719859,0
2006-08-09,sh.600438,7.9500,8.0500,7.8000,7.9300,7.9500,2807689,22280574.0000,3,2.034557,1,-0.251572,20.466346,0.668614,-13.750026,3.710501,0
2006-08-10,sh.600438,7.9500,7.9800,7.8400,7.9300,7.9300,2288652,18085044.0000,3,1.658443,1,0.000000,20.466346,0.668614,-13.750026,3.710501,0
2006-08-11,sh.600438,7.9800,8.3100,7.8700,8.3000,7.9300,4579988,37355837.0000,3,3.318832,1,4.665831,21.421270,0.699811,-14.391578,3.883626,0
2006-08-14,sh.600438,8.3200,8.5400,7.7000,7.8200,8.3000,5225617,42415170.0000,3,3.786679,1,-5.783133,20.182450,0.659340,-13.559294,3.659031,0
2006-08-15,sh.600438,7.7200,8.2600,7.5100,8.2500,7.8200,3740681,30045016.0000,3,2.710638,1,5.498719,21.292226,0.695595,-14.304882,3.860231,0
2006-08-16,sh.600438,8.1800,8.3500,8.1500,8.3000,8.2500,2752126,22713700.0000,3,1.994294,1,0.606063,21.421270,0.699811,-14.391578,3.883626,0
2006-08-17,sh.600438,8.2800,8.2800,7.9400,8.0800,8.3000,2045118,16513591.0000,3,1.481970,1,-2.650605,20.853477,0.681261,-14.010115,3.780687,0
2006-08-18,sh.600438,8.0700,8.2600,7.8700,7.9200,8.0800,1689352,13547995.0000,3,1.224168,1,-1.980196,20.440537,0.667771,-13.732687,3.705822,0
2006-08-21,sh.600438,7.7000,7.9100,7.5100,7.8800,7.9200,1929246,14989349.0000,3,1.398004,1,-0.505050,20.337302,0.664399,-13.663330,3.687105,0
2006-08-22,sh.600438,7.9100,8.0400,7.8000,7.9800,7.8800,1169697,9314695.0000,3,0.847607,1,1.269034,20.595390,0.672830,-13.836722,3.733896,0
2006-08-23,sh.600438,7.9400,8.0000,7.7500,7.8000,7.9800,1576064,12357072.0000,3,1.142075,1,-2.255637,20.130832,0.657653,-13.524616,3.649673,0
2006-08-24,sh.600438,7.7500,8.0800,7.7100,8.0800,7.8000,1854708,14628274.0000,3,1.343991,1,3.589740,20.853477,0.681261,-14.010115,3.780687,0
2006-08-25,sh.600438,8.0900,8.4600,8.0900,8.2800,8.0800,6522328,54224291.0000,3,4.726325,1,2.475245,21.369653,0.698124,-14.356900,3.874268,0
2006-08-28,sh.600438,8.3000,8.4900,8.2900,8.3900,8.2800,4453218,37318773.0000,3,3.226970,1,1.328510,21.653549,0.707399,-14.547631,3.925738,0
2006-08-29,sh.600438,8.4000,8.5100,8.2400,8.2600,8.3900,3900992,32734476.0000,3,2.826806,1,-1.549465,21.318035,0.696438,-14.322221,3.864910,0
2006-08-30,sh.600438,8.2000,8.4000,8.1800,8.4000,8.2600,1977523,16452606.0000,3,1.432988,1,1.694908,21.679358,0.708242,-14.564971,3.930417,0
2006-08-31,sh.600438,8.4200,8.4600,8.2500,8.3700,8.4000,2579959,21442569.0000,3,1.869536,1,-0.357140,21.601931,0.705713,-14.512953,3.916380,0
2006-09-01,sh.600438,8.4000,8.4000,8.1800,8.1800,8.3700,2771479,22869541.0000,3,2.008318,1,-2.270007,21.111565,0.689693,-14.183507,3.827477,0
2006-09-04,sh.600438,8.1500,8.2500,8.0600,8.2300,8.1800,1702217,13913043.0000,3,1.233491,1,0.611238,21.240609,0.693909,-14.270203,3.850873,0
2006-09-05,sh.600438,8.2500,8.3100,8.1600,8.2500,8.2300,2526048,20805967.0000,3,1.830470,1,0.243019,21.292226,0.695595,-14.304882,3.860231,0
2006-09-06,sh.600438,8.2800,8.3200,8.1200,8.1800,8.2500,2243910,18424610.0000,3,1.626022,1,-0.848481,21.111565,0.689693,-14.183507,3.827477,0
2006-09-07,sh.600438,8.2700,8.2800,7.9800,7.9900,8.1800,1677751,13548540.0000,3,1.215762,1,-2.322745,20.621199,0.673673,-13.854061,3.738575,0
2006-09-08,sh.600438,7.8900,8.0500,7.8900,7.9900,7.9900,1236572,9869032.0000,3,0.896067,1,0.000000,20.621199,0.673673,-13.854061,3.738575,0
2006-09-11,sh.600438,7.9200,7.9900,7.7700,7.8700,7.9900,2345157,18416003.0000,3,1.699389,1,-1.501876,20.311493,0.663555,-13.645990,3.682426,0
2006-09-12,sh.600438,7.9000,8.2700,7.9000,8.2300,7.8700,3267942,26734187.0000,3,2.368074,1,4.574328,21.240609,0.693909,-14.270203,3.850873,0
2006-09-13,sh.600438,8.2400,8.2500,8.0000,8.0300,8.2300,1897176,15316650.0000,3,1.374765,1,-2.430131,20.724434,0.677046,-13.923418,3.757291,0
2006-09-14,sh.600438,8.0200,8.0200,7.7900,7.9200,8.0300,1563793,12323053.0000,3,1.133183,1,-1.369859,20.440537,0.667771,-13.732687,3.705822,0
2006-09-15,sh.600438,7.9600,7.9700,7.8100,7.9700,7.9200,1973088,15590330.0000,3,1.429774,1,0.631309,20.569581,0.671987,-13.819383,3.729217,0
2006-09-18,sh.600438,7.9800,8.1300,7.8600,8.1200,7.9700,2088817,16651451.0000,3,1.513636,1,1.882059,20.956712,0.684634,-14.079472,3.799403,0
2006-09-19,sh.600438,8.1200,8.1500,8.0400,8.0700,8.1200,1498763,12131906.0000,3,1.086060,1,-0.615766,20.827669,0.680418,-13.992775,3.776008,0
2006-09-20,sh.600438,8.0300,8.0900,7.9300,7.9600,8.0700,1951970,15635426.0000,3,1.414471,1,-1.363069,20.543772,0.671144,-13.802044,3.724538,0
2006-09-21,sh.600438,7.9600,8.0400,7.9100,7.9700,7.9600,1794957,14275531.0000,3,1.300693,1,0.125625,20.569581,0.671987,-13.819383,3.729217,0
2006-09-22,sh.600438,8.0000,8.0300,7.8000,7.8700,7.9700,4461554,35073622.0000,3,3.233010,1,-1.254704,20.311493,0.663555,-13.645990,3.682426,0
2006-09-25,sh.600438,7.8400,8.0800,7.8400,7.9100,7.8700,1373358,10928747.0000,3,0.995187,1,0.508259,20.414729,0.666928,-13.715347,3.701143,0
2006-09-26,sh.600438,7.9000,8.3600,7.8900,8.3500,7.9100,7110599,58239848.0000,3,5.152608,1,5.562586,21.550314,0.704026,-14.478274,3.907022,0
2006-09-27,sh.600438,8.3500,8.4700,8.2300,8.3800,8.3500,3968430,33152564.0000,3,2.875674,1,0.359278,21.627740,0.706556,-14.530292,3.921059,0
2006-09-28,sh.600438,8.4000,9.0800,8.4000,8.8300,8.3800,9583894,84368094.0000,3,6.944851,1,5.369926,22.789134,0.744497,-15.310558,4.131617,0
2006-09-29,sh.600438,8.8700,9.0000,8.7500,8.9000,8.8300,4327563,38390597.0000,3,3.135915,1,0.792749,22.969796,0.750399,-15.431933,4.164370,0
2006-10-09,sh.600438,9.0000,9.2000,8.8200,9.0700,8.9000,4515523,40766221.0000,3,3.272118,1,1.910113,23.408545,0.764733,-15.726700,4.243914,0
2006-10-10,sh.600438,9.0700,9.1500,8.8500,8.9900,9.0700,3707836,33260700.0000,3,2.686838,1,-0.882028,23.202075,0.757988,-15.587986,4.206482,0
2006-10-11,sh.600438,9.0000,9.0300,8.6600,8.8500,8.9900,2863281,25190056.0000,3,2.074841,1,-1.557279,22.840752,0.746184,-15.345237,4.140975,0
2006-10-12,sh.600438,8.8800,9.2200,8.7400,9.1500,8.8500,8024627,72414138.0000,3,5.814947,1,3.389822,23.615015,0.771478,-15.865414,4.281347,0
2006-10-13,sh.600438,9.0900,9.2200,8.9200,8.9400,9.1500,2847453,25864728.0000,3,2.063372,1,-2.295082,23.073031,0.753772,-15.501290,4.183087,0
2006-10-16,sh.600438,8.9400,9.0700,8.8500,8.9700,8.9400,2814690,25279844.0000,3,2.039630,1,0.335578,23.150457,0.756301,-15.553308,4.197124,0
2006-10-17,sh.600438,8.9600,9.3500,8.8700,9.1500,8.9700,4025912,36987602.0000,3,2.917328,1,2.006682,23.615015,0.771478,-15.865414,4.281347,0
2006-10-18,sh.600438,9.1500,9.6000,9.0800,9.4900,9.1500,5273213,49655842.0000,3,3.821169,1,3.715849,24.492512,0.800145,-16.454949,4.440435,0
2006-10-19,sh.600438,9.5100,10.2500,9.4000,10.1100,9.4900,8404559,82941499.0000,3,6.090260,1,6.533192,26.092656,0.852420,-17.529983,4.730538,0
2006-10-20,sh.600438,10.1100,10.2700,9.9100,10.0900,10.1100,4107489,41496370.0000,3,2.976441,1,-0.197819,26.041038,0.850734,-17.495304,4.721179,0
2006-10-23,sh.600438,10.0300,10.3900,9.9200,9.9900,10.0900,6122821,62122729.0000,3,4.436827,1,-0.991084,25.782950,0.842302,-17.321912,4.674389,0
2006-10-24,sh.600438,9.9000,10.1900,9.7000,10.1800,9.9900,7908459,78519456.0000,3,5.730767,1,1.901907,22.592696,0.798545,-49.295023,4.229223,0
2006-10-25,sh.600438,10.1600,10.6200,10.1500,10.4000,10.1800,4934667,51675830.0000,3,3.575846,1,2.161093,23.080947,0.815803,-50.360338,4.320621,0
2006-10-26,sh.600438,10.4000,10.4200,9.9800,10.1000,10.4000,2599572,26463497.0000,3,1.883748,1,-2.884608,22.415150,0.792270,-48.907636,4.195988,0
2006-10-27,sh.600438,10.1000,10.1900,9.7600,9.7800,10.1000,2323408,22994789.0000,3,1.683629,1,-3.168323,21.704967,0.767168,-47.358087,4.063046,0
2006-10-30,sh.600438,9.7600,9.9000,9.4200,9.7000,9.7800,2051162,19788542.0000,3,1.486349,1,-0.817995,21.527421,0.760893,-46.970700,4.029810,0
2006-10-31,sh.600438,9.7000,9.7000,9.3000,9.5000,9.7000,4466074,42289384.0000,3,3.236286,1,-2.061854,21.083557,0.745204,-46.002232,3.946721,0
2006-11-01,sh.600438,9.5000,9.9200,9.2200,9.8800,9.5000,3983382,38263293.0000,3,2.886509,1,4.000001,21.926899,0.775012,-47.842321,4.104590,0
2006-11-02,sh.600438,9.8500,10.0500,9.7000,10.0000,9.8800,2294066,22733829.0000,3,1.662367,1,1.214574,22.193218,0.784426,-48.423402,4.154443,0
2006-11-03,sh.600438,9.9600,10.5500,9.8500,10.5300,10.0000,5382277,55899093.0000,3,3.900201,1,5.299997,23.369459,0.826000,-50.989842,4.374629,0
2006-11-06,sh.600438,10.5300,10.9500,10.2800,10.4200,10.5300,3589608,38142783.0000,3,2.601165,1,-1.044631,23.125333,0.817371,-50.457185,4.328930,0
2006-11-07,sh.600438,10.3800,10.4500,9.8900,9.9300,10.4200,4167030,41787208.0000,3,3.019587,1,-4.702493,22.037865,0.778935,-48.084438,4.125362,0
2006-11-08,sh.600438,9.9200,10.1500,9.8000,9.9100,9.9300,2939251,29201847.0000,3,2.129892,1,-0.201414,21.993479,0.777366,-47.987591,4.117053,0
2006-11-09,sh.600438,9.9100,10.2700,9.9100,10.1900,9.9100,2366367,24014109.0000,3,1.714759,1,2.825426,22.614889,0.799330,-49.343446,4.233378,0
2006-11-10,sh.600438,10.2500,10.2500,9.5200,9.9800,10.1900,2847363,28246005.0000,3,2.063307,1,-2.060844,22.148832,0.782857,-48.326555,4.146135,0
2006-11-13,sh.600438,9.9800,9.9800,9.4900,9.5900,9.9800,2169561,20973781.0000,3,1.572146,1,-3.907810,21.283296,0.752264,-46.438042,3.984111,0
2006-11-14,sh.600438,9.5500,9.8200,9.0800,9.4000,9.5900,2602320,24333097.0000,3,1.885739,1,-1.981236,20.861625,0.737360,-45.517998,3.905177,0
2006-11-15,sh.600438,9.4000,9.7800,9.4000,9.5100,9.4000,4222040,40491424.0000,3,3.059449,1,1.170219,21.105750,0.745989,-46.050655,3.950876,0
2006-11-16,sh.600438,9.5200,9.8000,9.4300,9.5500,9.5100,4075293,39233759.0000,3,2.953111,1,0.420610,21.194523,0.749126,-46.244349,3.967493,0
2006-11-17,sh.600438,9.5500,9.7500,9.5000,9.6700,9.5500,1850382,17792633.0000,3,1.340857,1,1.256543,21.460842,0.758540,-46.825430,4.017347,0
2006-11-20,sh.600438,9.6500,9.6600,9.2100,9.3000,9.6700,3744438,34874367.0000,3,2.713361,1,-3.826265,20.639693,0.729516,-45.033764,3.863632,0
2006-11-21,sh.600438,9.2700,9.5500,9.2300,9.5400,9.3000,1767199,16542278.0000,3,1.280579,1,2.580643,21.172330,0.748342,-46.195925,3.963339,0
2006-11-22,sh.600438,9.5000,9.9500,9.4500,9.7500,9.5400,2169609,21215227.0000,3,1.572180,1,2.201258,21.638388,0.764815,-47.212817,4.050582,0
2006-11-23,sh.600438,9.6700,9.9400,9.6300,9.6800,9.7500,2190885,21287456.0000,3,1.587598,1,-0.717946,21.483035,0.759324,-46.873853,4.021501,0
2006-11-24,sh.600438,9.6900,9.6900,9.3800,9.4800,9.6800,2237574,21292506.0000,3,1.621430,1,-2.066123,21.039171,0.743635,-45.905385,3.938412,0
2006-11-27,sh.600438,9.4700,9.9200,9.3100,9.9100,9.4800,4378226,41984542.0000,3,3.172628,1,4.535868,21.993479,0.777366,-47.987591,4.117053,0
2006-11-28,sh.600438,9.8500,10.4000,9.8200,10.2300,9.9100,4652541,47281379.0000,3,3.371407,1,3.229059,22.703662,0.802467,-49.537140,4.249996,0
2006-11-29,sh.600438,10.0900,11.1000,9.9300,10.8700,10.2300,8262643,88348074.0000,3,5.987422,1,6.256113,24.124028,0.852671,-52.636238,4.515880,0
2006-11-30,sh.600438,10.9000,11.3900,10.7800,11.0000,10.8700,6616667,73265914.0000,3,4.794686,1,1.195953,24.412540,0.862868,-53.265742,4.569888,0
2006-12-01,sh.600438,10.8400,11.3000,10.8400,11.0900,11.0000,4117865,45780052.0000,3,2.983960,1,0.818183,24.612279,0.869928,-53.701553,4.607278,0
2006-12-04,sh.600438,11.0900,11.7500,11.0900,11.4200,11.0900,4481891,51643109.0000,3,3.247747,1,2.975653,25.344655,0.895814,-55.299525,4.744374,0
2006-12-05,sh.600438,11.4300,11.6300,11.2500,11.6000,11.4200,4261057,48676023.0000,3,3.087722,1,1.576185,25.744133,0.909934,-56.171146,4.819154,0
2006-12-06,sh.600438,11.6000,11.7800,10.8200,11.5400,11.6000,4649243,52560374.0000,3,3.369017,1,-0.517245,25.610974,0.905227,-55.880606,4.794228,0
2006-12-07,sh.600438,11.4000,11.5800,10.9100,10.9500,11.5400,5489391,60933423.0000,3,3.977820,1,-5.112653,24.301574,0.858946,-53.023625,4.549116,0
2006-12-08,sh.600438,10.8200,10.9000,10.4500,10.4900,10.9500,4002600,42590882.0000,3,2.900435,1,-4.200914,23.280686,0.822862,-50.796149,4.358011,0
2006-12-11,sh.600438,10.5000,11.1200,10.5000,11.0700,10.4900,2417915,26220632.0000,3,1.752112,1,5.529075,24.567892,0.868359,-53.604706,4.598969,0
2006-12-12,sh.600438,11.2000,11.4600,10.8200,11.3000,11.0700,5647613,62970815.0000,3,4.092473,1,2.077692,25.078336,0.886401,-54.718444,4.694521,0
2006-12-13,sh.600438,11.5000,11.5000,11.1000,11.2600,11.3000,2998996,33815748.0000,3,2.173186,1,-0.353982,24.989563,0.883263,-54.524750,4.677903,0
2006-12-14,sh.600438,11.2500,11.4000,11.0900,11.2500,11.2600,3649487,40950857.0000,3,2.644556,1,-0.088812,24.967370,0.882479,-54.476327,4.673749,0
2006-12-15,sh.600438,11.2000,12.2500,10.9800,12.2200,11.2500,10277358,117427396.0000,3,7.447361,1,8.622225,27.120112,0.958568,-59.173397,5.076730,0
2006-12-18,sh.600438,12.1000,12.6800,11.8200,12.5800,12.2200,8388614,104028983.0000,3,6.078706,1,2.945987,27.919068,0.986807,-60.916640,5.226290,0
2006-12-19,sh.600438,12.5000,12.6200,12.0500,12.6000,12.5800,4587083,56651359.0000,3,3.323973,1,0.158986,27.963455,0.988376,-61.013486,5.234599,0
2006-12-20,sh.600438,12.4900,13.2800,12.2200,12.8900,12.6000,5168400,66386222.0000,3,3.745217,1,2.301587,28.607058,1.011125,-62.417765,5.355078,0
2006-12-21,sh.600438,12.8700,13.1100,12.5500,12.6500,12.8900,3910648,50061149.0000,3,2.833803,1,-1.861914,28.074421,0.992298,-61.255603,5.255371,0
2006-12-22,sh.600438,12.4000,12.9000,12.4000,12.8900,12.6500,3025975,38302812.0000,3,2.192736,1,1.897239,28.607058,1.011125,-62.417765,5.355078,0
2006-12-25,sh.600438,12.8000,13.2000,12.6200,12.9300,12.8900,2264950,29392254.0000,3,1.641268,1,0.310318,28.695831,1.014262,-62.611459,5.371695,0
2006-12-26,sh.600438,12.8800,13.5100,12.8800,13.0000,12.9300,2410224,31820885.0000,3,1.746539,1,0.541374,28.851183,1.019753,-62.950422,5.400776,0
2006-12-27,sh.600438,13.0000,13.2600,12.8000,13.0600,13.0000,2222622,28886111.0000,3,1.610596,1,0.461542,28.984343,1.024460,-63.240963,5.425703,0
2006-12-28,sh.600438,13.1000,13.4800,12.7700,13.4100,13.0600,3102967,40479218.0000,3,2.248527,1,2.679934,29.761105,1.051915,-64.935782,5.571109,0
2006-12-29,sh.600438,13.4000,13.7000,12.9000,13.5400,13.4100,5514883,73455924.0000,3,3.996292,1,0.969427,30.049617,1.062112,-65.565286,5.625116,0
2007-01-04,sh.600438,13.3100,13.7500,13.0100,13.0600,13.5400,2949178,39354323.0000,3,2.137086,1,-3.545048,28.984343,1.024460,-63.240963,5.425703,0
2007-01-05,sh.600438,12.9800,13.0000,12.6600,12.9800,13.0600,2060910,26439578.0000,3,1.493413,1,-0.612564,28.806797,1.018184,-62.853576,5.392468,0
2007-01-08,sh.600438,12.9800,13.5800,12.8800,13.5600,12.9800,3295337,43452071.0000,3,2.387925,1,4.468420,30.094004,1.063681,-65.662133,5.633425,0
2007-01-09,sh.600438,13.6000,14.0500,13.4000,13.9200,13.5600,3072698,42393872.0000,3,2.226593,1,2.654865,30.892959,1.091920,-67.405375,5.782985,0
2007-01-10,sh.600438,13.9900,14.0800,13.4900,13.6400,13.9200,3147166,43265431.0000,3,2.280555,1,-2.011492,30.271549,1.069957,-66.049520,5.666661,0
2007-01-11,sh.600438,13.6000,14.1000,13.5600,13.6800,13.6400,3472687,47962864.0000,3,2.516440,1,0.293255,30.360322,1.073094,-66.243214,5.683279,0
2007-01-12,sh.600438,13.5000,13.7000,12.8100,12.8900,13.6800,2937477,38984625.0000,3,2.128607,1,-5.774853,28.607058,1.011125,-62.417765,5.355078,0
2007-01-15,sh.600438,12.8900,13.7100,12.6900,13.4900,12.8900,2242012,29909636.0000,3,1.624646,1,4.654767,29.938651,1.058190,-65.323169,5.604344,0
2007-01-16,sh.600438,13.6000,14.8400,13.2500,14.8400,13.4900,6396899,90984863.0000,3,4.635434,1,10.007420,32.934736,1.164088,-71.860328,6.165194,0
2007-01-17,sh.600438,14.8800,15.3900,14.3900,15.3500,14.8400,9251925,137257416.0000,3,6.704293,1,3.436659,34.066590,1.204093,-74.329922,6.377071,0
2007-01-18,sh.600438,15.2500,15.5500,14.8000,15.4900,15.3500,5235399,79086036.0000,3,3.793767,1,0.912048,34.377295,1.215075,-75.007849,6.435233,0
2007-01-19,sh.600438,15.4000,16.1000,15.3000,15.5100,15.4900,4636514,72324031.0000,3,3.359793,1,0.129118,34.421681,1.216644,-75.104696,6.443542,0
2007-01-22,sh.600438,15.6500,16.1200,15.4500,16.0400,15.5100,4279659,67465455.0000,3,3.101202,1,3.417155,35.597922,1.258219,-77.671137,6.663727,0
2007-01-23,sh.600438,15.9800,16.7700,15.7500,16.0100,16.0400,5543506,89947914.0000,3,4.017033,1,-0.187037,35.531342,1.255865,-77.525866,6.651264,0
2007-01-24,sh.600438,16.0100,16.0300,15.2100,15.5500,16.0100,5439991,84966940.0000,3,3.942022,1,-2.873204,34.510454,1.219782,-75.298390,6.460159,0
2007-01-25,sh.600438,15.4800,15.8900,14.9600,15.0000,15.5500,3271984,50683025.0000,3,2.371003,1,-3.536979,33.289827,1.176638,-72.635103,6.231665,0
2007-01-26,sh.600438,14.9300,15.1500,14.1900,15.0400,15.0000,2572538,37809312.0000,3,1.864158,1,0.266666,33.378600,1.179776,-72.828796,6.248283,0
2007-01-29,sh.600438,15.1000,15.6000,14.8100,14.9500,15.0400,3897513,58699863.0000,3,2.824285,1,-0.598405,33.178861,1.172716,-72.392986,6.210893,0
2007-01-30,sh.600438,15.4900,15.8000,14.2800,15.2000,14.9500,6562114,100243559.0000,3,4.755155,1,1.672241,33.733691,1.192327,-73.603571,6.314754,0
2007-01-31,sh.600438,15.2000,15.4400,14.3800,14.4200,15.2000,3421666,51237071.0000,3,2.479468,1,-5.131577,32.002620,1.131142,-69.826545,5.990707,0
2007-02-01,sh.600438,14.4000,15.0000,14.1400,14.7000,14.4200,2482233,36279962.0000,3,1.798720,1,1.941746,32.624030,1.153106,-71.182401,6.107032,0
2007-02-02,sh.600438,14.7000,15.5600,14.7000,14.9800,14.7000,4734483,71794280.0000,3,3.430785,1,1.904760,33.245441,1.175070,-72.538256,6.223356,0
2007-02-05,sh.600438,15.2700,15.9800,15.2700,15.8200,14.9800,4600212,72266700.0000,3,3.333487,1,5.607478,35.109671,1.240961,-76.605822,6.572329,0
2007-02-06,sh.600438,15.9900,16.2800,15.2500,16.2000,15.8200,4661164,73585239.0000,3,3.377655,1,2.402030,35.953013,1.270769,-78.445911,6.730198,0
2007-02-07,sh.600438,16.2000,17.2000,16.0000,16.7600,16.2000,4761163,79520410.0000,3,3.450118,1,3.456787,37.195833,1.314697,-81.157621,6.962847,0
2007-02-08,sh.600438,16.7600,17.9600,16.7000,17.6200,16.7600,4239118,74311684.0000,3,3.071825,1,5.131269,39.104450,1.382158,-85.322034,7.320129,0
2007-02-09,sh.600438,17.6500,17.9300,17.0000,17.3700,17.6200,2048564,35690671.0000,3,1.484467,1,-1.418842,38.549620,1.362547,-84.111449,7.216268,0
2007-02-12,sh.600438,17.3000,17.8800,17.1800,17.6000,17.3700,1545968,27285828.0000,3,1.120267,1,1.324119,39.060064,1.380589,-85.225187,7.311820,0
2007-02-13,sh.600438,17.6000,18.0700,17.5200,18.0200,17.6000,1747339,31270276.0000,3,1.266188,1,2.386364,39.992179,1.413535,-87.258970,7.486307,0
2007-02-14,sh.600438,18.0600,18.1700,17.6700,17.7000,18.0200,2454833,43851189.0000,3,1.778864,1,-1.775803,39.281996,1.388433,-85.709421,7.353365,0
2007-02-15,sh.600438,17.7200,18.1100,17.2400,17.7600,17.7000,2818860,50220529.0000,3,2.042652,1,0.338980,39.415155,1.393140,-85.999962,7.378291,0
2007-02-16,sh.600438,18.0000,18.3000,17.6000,17.6500,17.7600,2319297,41397352.0000,3,1.680650,1,-0.619373,39.171030,1.384511,-85.467304,7.332593,0
2007-02-26,sh.600438,17.8000,18.6800,17.6500,18.5000,17.6500,1942860,35631380.0000,3,1.407870,1,4.815866,41.057453,1.451187,-89.583293,7.685720,0
2007-02-27,sh.600438,18.6000,18.8800,16.6500,16.6500,18.5000,3219446,56180441.0000,3,2.332932,1,-10.000000,36.951708,1.306069,-80.624964,6.917148,0
2007-02-28,sh.600438,16.2000,18.0000,16.2000,16.7400,16.6500,4382451,73424786.0000,3,3.175689,1,0.540542,37.151447,1.313128,-81.060775,6.954538,0
2007-03-01,sh.600438,16.9000,17.0000,15.1800,15.6000,16.7400,5784614,92423881.0000,3,4.191749,1,-6.810032,34.621420,1.223704,-75.540507,6.480932,0
2007-03-02,sh.600438,15.3100,16.4000,15.3100,16.1900,15.6000,3237002,52296703.0000,3,2.345654,1,3.782052,35.930820,1.269985,-78.397488,6.726044,0
2007-03-05,sh.600438,16.2500,17.5800,16.2500,17.3000,16.1900,4943701,84291353.0000,3,3.199868,1,6.856076,38.394267,1.357056,-83.772485,7.187187,0
2007-03-06,sh.600438,17.3000,18.1900,16.9900,17.9200,17.3000,6514483,117064964.0000,3,4.216575,1,3.583820,39.770247,1.405691,-86.774736,7.444763,0
2007-03-07,sh.600438,18.0000,18.0900,17.5100,17.9200,17.9200,2053797,36810808.0000,3,1.329344,1,0.000000,39.770247,1.405691,-86.774736,7.444763,0
2007-03-08,sh.600438,18.0000,18.5500,18.0000,18.4300,17.9200,3332990,61178099.0000,3,2.157317,1,2.845984,40.902101,1.445696,-89.244330,7.656639,0
2007-03-09,sh.600438,18.5800,18.8800,17.6000,18.3300,18.4300,2194315,39629445.0000,3,1.420296,1,-0.542596,40.680169,1.437852,-88.760096,7.615095,0
2007-03-12,sh.600438,18.2500,18.2500,17.5000,17.9700,18.3300,2404231,42768670.0000,3,1.556166,1,-1.963997,39.881213,1.409613,-87.016853,7.465535,0
2007-03-13,sh.600438,17.9700,17.9800,17.4800,17.6900,17.9700,3308821,58411886.0000,3,2.141673,1,-1.558146,39.259803,1.387649,-85.660998,7.349210,0
2007-03-14,sh.600438,17.5100,18.6400,17.3800,18.2400,17.6900,5150197,93230339.0000,3,3.333525,1,3.109097,40.480430,1.430792,-88.324285,7.577705,0
2007-03-15,sh.600438,18.2000,18.6000,18.0100,18.4900,18.2400,2228543,40946791.0000,3,1.442450,1,1.370614,41.035260,1.450403,-89.534870,7.681566,0
2007-03-16,sh.600438,18.5100,18.6000,17.6100,18.1900,18.4900,2750575,49723056.0000,3,1.780342,1,-1.622494,40.369464,1.426870,-88.082168,7.556933,0
2007-03-19,sh.600438,17.6000,18.1900,17.5000,18.0900,18.1900,2435259,43621023.0000,3,1.576250,1,-0.549755,40.147531,1.419026,-87.597934,7.515388,0
2007-03-20,sh.600438,18.1900,18.3000,17.8000,18.0900,18.0900,1841085,33159760.0000,3,1.191664,1,0.000000,40.147531,1.419026,-87.597934,7.515388,0
2007-03-21,sh.600438,18.2800,19.9000,18.2100,19.8600,18.0900,5503261,107737689.0000,3,3.562050,1,9.784414,44.075731,1.557869,-96.168876,8.250725,0
2007-03-22,sh.600438,19.8400,20.0000,19.4100,19.5700,19.8600,1933000,38098892.0000,3,1.251157,1,-1.460226,43.432128,1.535121,-94.764597,8.130246,0
2007-03-23,sh.600438,19.5800,20.9800,19.3600,20.4200,19.5700,3288131,66559119.0000,3,2.128281,1,4.343385,45.318551,1.601797,-98.880587,8.483373,0
2007-03-26,sh.600438,20.5000,22.4600,20.5000,22.4600,20.4200,4722848,103850803.0000,3,3.056918,1,9.990201,49.845968,1.761820,-108.758961,9.330880,0
2007-03-27,sh.600438,22.5000,23.3900,22.1900,22.2600,22.4600,3898647,88415132.0000,3,2.523445,1,-0.890467,49.402103,1.746131,-107.790493,9.247791,0
2007-03-28,sh.600438,22.3000,23.1500,21.0000,22.7800,22.2600,2822733,62714078.0000,3,1.827047,1,2.336031,50.556151,1.786921,-110.308509,9.463822,0
2007-03-29,sh.600438,22.7000,23.4900,22.3000,22.4900,22.7800,2231715,50905861.0000,3,1.444503,1,-1.273051,49.912547,1.764173,-108.904231,9.343343,0
2007-03-30,sh.600438,22.4000,22.7900,21.9000,22.3700,22.4900,1189252,26527920.0000,3,0.769757,1,-0.533566,49.646229,1.754760,-108.323150,9.293490,0
2007-04-02,sh.600438,22.4000,23.3000,22.4000,23.1900,22.3700,3043756,69312416.0000,3,1.970106,1,3.665622,51.466073,1.819083,-112.293869,9.634154,0
2007-04-03,sh.600438,23.2000,23.9800,23.2000,23.7000,23.1900,1492773,35192238.0000,3,0.966215,1,2.199225,52.597927,1.859089,-114.763462,9.846031,0
2007-04-04,sh.600438,23.9800,24.6900,23.5800,23.9200,23.7000,1658827,39969261.0000,3,1.073695,1,0.928267,53.086177,1.876346,-115.828777,9.937429,0
2007-04-05,sh.600438,23.8000,24.3000,23.5000,23.9200,23.9200,1430669,34199661.0000,3,0.926017,1,0.000000,53.086177,1.876346,-115.828777,9.937429,0
2007-04-06,sh.600438,23.7800,26.3100,23.7000,26.3100,23.9200,4715904,121343645.0000,3,3.052424,1,9.991636,58.390357,2.063824,-127.401970,10.930341,0
2007-04-09,sh.600438,26.5100,28.8600,26.3500,28.6600,26.3100,3473248,95392667.0000,3,2.248100,1,8.931967,63.605763,2.248164,-138.781470,11.906635,0
2007-04-10,sh.600438,30.0000,30.9900,25.8000,26.8900,28.6600,8213827,222198444.0000,3,5.316495,1,-6.175857,59.677563,2.109320,-130.210528,11.171298,0
2007-04-11,sh.600438,26.9000,27.1000,25.6000,26.1300,26.8900,5113997,134122780.0000,3,3.310094,1,-2.826330,57.990879,2.049704,-126.530349,10.855561,0
2007-04-12,sh.600438,26.1200,27.5600,25.8000,26.6000,26.1300,6719520,179845398.0000,3,4.349287,1,1.798704,59.033960,2.086572,-128.806249,11.050819,0
2007-04-13,sh.600438,26.5100,27.7900,26.4500,26.7700,26.6000,4637135,125467973.0000,3,3.001440,1,0.639098,59.411245,2.099907,-129.629447,11.121445,0
2007-04-16,sh.600438,27.0200,27.3900,26.6000,26.9700,26.7700,4545695,122400574.0000,3,2.942254,1,0.747101,59.855109,2.115596,-130.597915,11.204534,0
2007-04-17,sh.600438,27.0500,27.5500,26.5000,27.4900,26.9700,4807498,130590328.0000,3,3.111709,1,1.928070,61.009156,2.156386,-133.115932,11.420565,0
2007-04-18,sh.600438,27.8900,30.2400,27.6000,29.7200,27.4900,5297724,155059411.0000,3,3.429013,1,8.112040,65.958244,2.331313,-143.914350,12.347006,0
2007-04-19,sh.600438,29.3500,29.3500,26.7500,27.3600,29.7200,5565563,154444246.0000,3,3.602375,1,-7.940777,60.720644,2.146188,-132.486427,11.366557,0
2007-04-20,sh.600438,27.3700,28.8000,27.3700,28.6400,27.3600,3825021,107631600.0000,3,2.475789,1,4.678358,63.561376,2.246595,-138.684623,11.898326,0
2007-04-23,sh.600438,29.0000,29.4700,28.5200,29.0000,28.6400,5129822,147980743.0000,3,3.320337,1,1.256985,64.360332,2.274834,-140.427865,12.047886,0
2007-04-24,sh.600438,29.2000,29.2000,28.0300,28.1500,29.0000,5258002,149202018.0000,3,3.403303,1,-2.931036,62.473909,2.208158,-136.311876,11.694758,0
2007-04-25,sh.600438,28.0000,28.0000,26.7500,27.0500,28.1500,4737100,128602553.0000,3,3.066143,1,-3.907639,60.032655,2.121871,-130.985302,11.237769,0
2007-04-26,sh.600438,27.0000,29.1800,26.8600,28.8200,27.0500,8061574,225961944.0000,3,5.217948,1,6.543440,63.960854,2.260715,-139.556244,11.973106,0
2007-04-27,sh.600438,28.8700,29.3000,28.3100,28.5400,28.8200,5456961,157056867.0000,3,3.532081,1,-0.971543,67.118679,1.930385,187.550416,11.436861,0
2007-05-08,sh.600438,29.0000,31.3500,28.5400,28.7200,28.5400,5810605,171249075.0000,3,3.760982,1,0.630688,67.541993,1.942560,188.733285,11.508992,0
2007-05-09,sh.600438,28.8000,29.4900,25.8500,27.3400,28.7200,7171218,196623281.0000,3,4.641654,1,-4.805011,64.296591,1.849220,179.664624,10.955984,0
2007-05-10,sh.600438,27.3000,27.5500,26.0000,26.6500,27.3400,4577516,122666669.0000,3,2.962850,1,-2.523777,62.673889,1.802550,175.130294,10.679479,0
2007-05-11,sh.600438,26.6600,27.9600,26.6500,27.4500,26.6500,5759395,157599822.0000,3,3.727835,1,3.001880,64.555282,1.856660,180.387488,11.000064,0
2007-05-14,sh.600438,27.0000,27.9700,26.2000,27.1900,27.4500,4239451,115573231.0000,3,2.744034,1,-0.947178,63.943829,1.839074,178.678900,10.895874,0
2007-05-15,sh.600438,27.2000,28.6900,26.5500,27.6200,27.1900,6354404,173383319.0000,3,4.112962,1,1.581465,64.955078,1.868159,181.504642,11.068188,0
2007-05-16,sh.600438,28.5000,30.3800,28.2100,30.3800,27.6200,10158395,299073891.0000,3,6.575139,1,9.992752,71.445882,2.054839,199.641963,12.174206,0
2007-05-17,sh.600438,31.3000,32.8000,30.4800,30.7900,30.3800,9565348,300355818.0000,3,6.191283,1,1.349578,72.410096,2.082571,202.336275,12.338506,0
2007-05-18,sh.600438,30.7600,31.6000,29.3000,30.6200,30.7900,5416110,166060822.0000,3,3.505640,1,-0.552127,72.010300,2.071072,201.219122,12.270381,0
2007-05-21,sh.600438,29.7000,31.6000,29.5100,31.5300,30.6200,9303329,287990596.0000,3,6.021688,1,2.971913,74.150384,2.132623,207.199180,12.635046,0
2007-05-22,sh.600438,16.2500,16.2500,15.3000,15.3700,15.7500,8226722,129582617.0000,3,2.662421,1,-2.412699,72.292509,2.079189,202.007701,12.318469,0
2007-05-25,sh.600438,16.0100,16.5800,15.4000,16.2500,15.3700,47124902,749595177.0000,3,15.251071,1,5.725440,76.431573,2.198231,213.573529,13.023755,0
2007-05-28,sh.600438,16.5000,17.8800,16.1000,17.5400,16.2500,27602871,476637100.0000,3,8.933140,1,7.938467,82.499064,2.372737,230.527981,14.057641,0
2007-05-29,sh.600438,17.7500,18.3800,17.2000,18.1800,17.5400,20276773,358455657.0000,3,6.562189,1,3.648799,85.509292,2.459314,238.939493,14.570577,0
2007-05-30,sh.600438,16.7500,18.0000,16.3600,16.3600,18.1800,24142689,411027626.0000,3,7.813318,1,-10.011000,76.948955,2.213112,215.019257,13.111916,0
2007-05-31,sh.600438,15.9500,16.5000,14.7200,16.0500,16.3600,22471810,347781472.0000,3,7.272570,1,-1.894874,75.490876,2.171176,210.944932,12.863463,0
2007-06-01,sh.600438,16.2000,16.4800,14.4500,14.4600,16.0500,19048769,293954626.0000,3,6.164769,1,-9.906538,68.012341,1.956088,190.047583,11.589139,0
2007-06-04,sh.600438,14.0700,14.6000,13.0100,13.0100,14.4600,12857139,170480643.0000,3,4.160966,1,-10.027660,61.192293,1.759938,170.990253,10.427019,0
2007-06-05,sh.600438,12.0000,13.3800,11.7100,13.3600,13.0100,14384919,175444627.0000,3,4.655403,1,2.690234,62.838511,1.807284,175.590298,10.707531,0
2007-06-06,sh.600438,13.4200,13.7800,12.7000,13.5800,13.3600,13198579,177254788.0000,3,4.271467,1,1.646709,63.873277,1.837045,178.481755,10.883852,0
2007-06-07,sh.600438,13.6600,14.9400,13.3000,14.6800,13.5800,15801359,227316768.0000,3,5.113807,1,8.100150,69.047107,1.985849,192.939040,11.765460,0
2007-06-08,sh.600438,14.9000,15.4500,14.6800,14.7600,14.6800,15560546,232849833.0000,3,5.035872,1,0.544959,69.423385,1.996671,193.990479,11.829577,0
2007-06-11,sh.600438,15.0100,15.4600,15.0000,15.1700,14.7600,14157734,215399497.0000,3,4.581879,1,2.777777,71.351813,2.052134,199.379104,12.158177,0
2007-06-12,sh.600438,15.2100,15.4300,14.4000,15.3000,15.1700,15011494,226543718.0000,3,4.858182,1,0.856955,71.963265,2.069719,201.087692,12.262367,0
2007-06-13,sh.600438,15.5000,16.3500,15.5000,15.9000,15.3000,14022475,224600422.0000,3,4.538105,1,3.921565,74.785354,2.150885,208.973484,12.743244,0
2007-06-14,sh.600438,15.8900,15.8900,15.1500,15.1800,15.9000,13647295,210391398.0000,3,4.416685,1,-4.528298,71.398847,2.053486,199.510533,12.166191,0
2007-06-15,sh.600438,14.9800,15.1500,14.6000,14.7600,15.1800,9369771,139026186.0000,3,3.032347,1,-2.766799,69.423385,1.996671,193.990479,11.829577,0
2007-06-18,sh.600438,14.9800,15.8900,14.9800,15.6200,14.7600,11592065,178705014.0000,3,3.751549,1,5.826556,73.468379,2.113008,205.293447,12.518834,0
2007-06-19,sh.600438,15.6200,15.6200,15.1500,15.3100,15.6200,9091773,139216985.0000,3,2.942378,1,-1.984632,72.010300,2.071072,201.219122,12.270381,0
2007-06-20,sh.600438,15.5000,15.9000,15.3500,15.3900,15.3100,14126789,220064086.0000,3,4.571864,1,0.522534,72.386579,2.081894,202.270561,12.334498,0
2007-06-21,sh.600438,15.3800,16.0000,15.0000,15.8900,15.3900,13952684,216581547.0000,3,4.515519,1,3.248863,74.738319,2.149532,208.842054,12.735229,0
2007-06-22,sh.600438,15.9500,16.0000,14.3000,14.6800,15.8900,12774022,193783807.0000,3,4.134067,1,-7.614852,69.047107,1.985849,192.939040,11.765460,0
2007-06-25,sh.600438,14.7500,14.9500,13.2100,13.2100,14.6800,9331329,127993686.0000,3,3.019906,1,-10.013630,62.132989,1.786993,173.618850,10.587311,0
2007-06-26,sh.600438,12.8000,12.9900,11.9800,12.7700,13.2100,9013270,111307729.0000,3,2.916972,1,-3.330807,60.063457,1.727472,167.835936,10.234668,0
2007-06-27,sh.600438,13.0000,13.4900,12.7700,13.3500,12.7700,7249708,95320454.0000,3,2.346229,1,4.541894,62.791477,1.805932,175.458868,10.699516,0
2007-06-28,sh.600438,13.4800,13.4800,12.0200,12.0300,13.3500,8993139,113916566.0000,3,2.910457,1,-9.887646,56.582881,1.627368,158.110126,9.641586,0
2007-06-29,sh.600438,11.7000,11.7400,10.9800,11.1300,12.0300,7478751,85094355.0000,3,2.420354,1,-7.481294,52.349748,1.505619,146.281438,8.920271,0
2007-07-02,sh.600438,11.1200,11.5000,10.8800,11.4400,11.1300,5229116,58675553.0000,3,1.692303,1,2.785260,53.807827,1.547555,150.355764,9.168724,0
2007-07-03,sh.600438,11.4000,11.7000,11.2800,11.6800,11.4400,4940297,56924871.0000,3,1.598832,1,2.097908,54.936663,1.580021,153.510081,9.361075,0
2007-07-04,sh.600438,11.7500,11.8900,11.1600,11.2200,11.6800,3450496,39395160.0000,3,1.116687,1,-3.938356,52.773061,1.517794,147.464307,8.992402,0
2007-07-05,sh.600438,11.0100,11.0500,10.1000,10.1000,11.2200,8901795,91628568.0000,3,2.880895,1,-9.982173,47.505162,1.366285,132.744163,8.094765,0
2007-07-06,sh.600438,9.7000,10.8000,9.5500,10.6800,10.1000,7983146,80805063.0000,3,2.583592,1,5.742573,50.233181,1.444745,140.367095,8.559613,0
2007-07-09,sh.600438,10.7500,11.4700,10.7500,11.2200,10.6800,7675613,85762330.0000,3,2.484065,1,5.056180,52.773061,1.517794,147.464307,8.992402,0
2007-07-10,sh.600438,11.2500,11.2600,10.5100,10.5900,11.2200,4272097,46061159.0000,3,1.382582,1,-5.614974,49.809868,1.432571,139.184226,8.487481,0
2007-07-11,sh.600438,10.3400,10.7500,10.3000,10.7000,10.5900,3408995,35983600.0000,3,1.103256,1,1.038713,50.327251,1.447451,140.629954,8.575642,0
2007-07-12,sh.600438,10.6800,11.3000,10.6800,11.0600,10.7000,4328682,47843297.0000,3,1.400895,1,3.364492,52.020504,1.496150,145.361429,8.864168,0
2007-07-13,sh.600438,11.1000,11.2000,10.7800,11.0100,11.0600,2381892,26007779.0000,3,0.770854,1,-0.452081,51.785330,1.489386,144.704280,8.824095,0
2007-07-16,sh.600438,11.0000,11.1900,10.4500,10.5100,11.0100,3038490,32498894.0000,3,0.983349,1,-4.541326,49.433589,1.421748,138.132787,8.423364,0
2007-07-17,sh.600438,10.2500,10.8200,10.0100,10.8000,10.5100,2990395,31611755.0000,3,0.967784,1,2.759277,50.797599,1.460978,141.944253,8.655788,0
2007-07-18,sh.600438,10.8000,11.1800,10.5200,11.0100,10.8000,4162016,45657418.0000,3,1.346957,1,1.944445,51.785330,1.489386,144.704280,8.824095,0
2007-07-19,sh.600438,11.0200,11.0900,10.7100,10.8100,11.0100,2724259,29594922.0000,3,0.881654,1,-1.816529,50.844634,1.462331,142.075683,8.663803,0
2007-07-20,sh.600438,10.8100,11.7200,10.8000,11.6200,10.8100,7231647,82660317.0000,3,2.340384,1,7.493057,54.654454,1.571905,152.721502,9.312987,0
2007-07-23,sh.600438,11.6200,12.4000,11.6200,12.4000,11.6200,10880911,131720542.0000,3,3.521398,1,6.712563,58.323169,1.677420,162.973031,9.938127,0
2007-07-24,sh.600438,12.5600,12.9800,12.3800,12.7500,12.4000,9091321,115516860.0000,3,2.942232,1,2.822584,59.969388,1.724766,167.573076,10.218639,0
2007-07-25,sh.600438,12.7500,12.9300,12.5100,12.9200,12.7500,6200629,79299299.0000,3,2.006715,1,1.333334,60.768980,1.747763,169.807384,10.354887,0
2007-07-26,sh.600438,12.9700,13.3000,12.9000,13.1100,12.9200,7763685,101405831.0000,3,2.512568,1,1.470585,61.662641,1.773466,172.304552,10.507165,0
2007-07-27,sh.600438,13.2000,13.2800,12.7800,13.0700,13.1100,8467707,110475351.0000,3,2.740411,1,-0.305110,61.474502,1.768054,171.778832,10.475107,0
2007-07-30,sh.600438,13.0400,13.8900,13.0000,13.4800,13.0700,14533586,196083641.0000,3,4.703516,1,3.136954,63.402929,1.823518,177.167457,10.803706,0
2007-07-31,sh.600438,13.5000,13.8900,13.2600,13.8300,13.4800,10300913,140152133.0000,3,3.333693,1,2.596442,60.113626,1.747841,92.608825,10.645781,0
2007-08-01,sh.600438,13.9900,14.9000,13.6000,14.0900,13.8300,21531462,307886655.0000,3,6.968245,1,1.879973,61.243745,1.780700,94.349844,10.845919,0
2007-08-02,sh.600438,14.2700,15.4700,14.2600,15.0300,14.0900,20287549,301841949.0000,3,6.565676,1,6.671395,65.329559,1.899498,100.644298,11.569493,0
2007-08-03,sh.600438,15.2000,15.4900,14.6000,14.8600,15.0300,14736521,219507011.0000,3,4.769192,1,-1.131072,64.590635,1.878013,99.505939,11.438634,0
2007-08-06,sh.600438,14.8600,15.0800,14.3000,14.9000,14.8600,14098234,206170594.0000,3,4.562623,1,0.269179,64.764499,1.883068,99.773788,11.469424,0
2007-08-07,sh.600438,14.9000,14.9000,14.3000,14.4200,14.9000,10245342,147893411.0000,3,3.315708,1,-3.221473,62.678126,1.822406,96.559599,11.099940,0
2007-08-08,sh.600438,14.2500,14.5500,13.7200,13.8200,14.4200,11687088,163691445.0000,3,3.782302,1,-4.160891,60.070160,1.746578,92.541862,10.638084,0
2007-08-09,sh.600438,13.8000,14.2300,13.6600,13.9600,13.8200,7165992,99885868.0000,3,2.319136,1,1.013027,60.678685,1.764271,93.479334,10.745850,0
2007-08-10,sh.600438,13.9800,13.9800,13.0100,13.4000,13.9600,9523536,128125835.0000,3,3.082110,1,-4.011465,58.244583,1.693498,89.729447,10.314784,0
2007-08-13,sh.600438,13.1000,13.4400,12.7300,12.8700,13.4000,9007067,116401048.0000,3,2.914964,1,-3.955222,55.940880,1.626516,86.180446,9.906812,0
2007-08-14,sh.600438,12.7000,13.9800,12.7000,13.8300,12.8700,6706980,90268092.0000,3,2.170585,1,7.459208,60.113626,1.747841,92.608825,10.645781,0
2007-08-15,sh.600438,13.9200,13.9300,13.3500,13.5600,13.8300,6813499,92368800.0000,3,2.205058,1,-1.952274,58.940041,1.713719,90.800843,10.437946,0
2007-08-16,sh.600438,13.5900,13.7000,13.2600,13.5300,13.5600,4233074,56939552.0000,3,1.369953,1,-0.221244,58.809643,1.709927,90.599957,10.414853,0
2007-08-17,sh.600438,13.4500,13.9400,13.3000,13.4900,13.5300,5227503,71566999.0000,3,1.691781,1,-0.295639,58.635778,1.704872,90.332107,10.384063,0
2007-08-20,sh.600438,13.7500,14.2000,13.7500,14.1300,13.4900,6334464,88958423.0000,3,2.050028,1,4.744258,61.417609,1.785755,94.617693,10.876709,0
2007-08-21,sh.600438,14.3700,14.4200,13.9500,13.9900,14.1300,7140955,100560426.0000,3,2.311033,1,-0.990802,60.809084,1.768062,93.680221,10.768943,0
2007-08-22,sh.600438,13.7200,14.1900,13.5200,13.9000,13.9900,7548961,105208484.0000,3,2.443076,1,-0.643318,60.417889,1.756688,93.077561,10.699664,0
2007-08-23,sh.600438,13.9800,14.1200,13.7000,13.8100,13.9000,7665444,106082395.0000,3,2.480774,1,-0.647476,60.026694,1.745314,92.474900,10.630386,0
2007-08-24,sh.600438,13.9000,14.0000,13.5500,13.6500,13.8100,9386335,128983412.0000,3,3.037707,1,-1.158587,59.331236,1.725093,91.403504,10.507224,0
2007-08-27,sh.600438,13.7000,13.7100,13.2600,13.3000,13.6500,11214759,150688712.0000,3,3.629442,1,-2.564099,57.809922,1.680860,89.059824,10.237808,0
2007-08-28,sh.600438,13.3200,13.7500,13.2900,13.4900,13.3000,8409114,113737311.0000,3,2.721448,1,1.428568,58.635778,1.704872,90.332107,10.384063,0
2007-08-29,sh.600438,13.4700,14.2300,13.2000,14.0700,13.4900,13871073,192018052.0000,3,4.489107,1,4.299480,61.156812,1.778173,94.215919,10.830524,0
2007-08-30,sh.600438,14.2300,15.0000,14.0600,14.9100,14.0700,22254107,325443006.0000,3,7.202115,1,5.970150,64.807965,1.884332,99.840750,11.477122,0
2007-08-31,sh.600438,14.9100,14.9100,14.3700,14.4200,14.9100,13059506,189859396.0000,3,4.226459,1,-3.286383,62.678126,1.822406,96.559599,11.099940,0
2007-09-03,sh.600438,14.6000,14.6800,14.2700,14.4500,14.4200,12727858,184157154.0000,3,4.119127,1,0.208042,62.808525,1.826197,96.760486,11.123032,0
2007-09-04,sh.600438,14.4600,14.5700,14.1500,14.2300,14.4500,8066374,115573776.0000,3,2.610527,1,-1.522493,61.852270,1.798394,95.287316,10.953685,0
2007-09-05,sh.600438,14.2300,14.5400,13.9100,14.4200,14.2300,7957270,112815053.0000,3,2.575218,1,1.335211,62.678126,1.822406,96.559599,11.099940,0
2007-09-06,sh.600438,14.5000,14.8500,14.2000,14.8100,14.4200,14284572,208311425.0000,3,4.622928,1,2.704579,64.373304,1.871694,99.171128,11.400146,0
2007-09-07,sh.600438,14.6800,14.6800,14.0500,14.0700,14.8100,10221558,146551170.0000,3,3.308011,1,-4.996629,61.156812,1.778173,94.215919,10.830524,0
2007-09-10,sh.600438,13.8900,14.0000,13.4000,13.9300,14.0700,7675458,105390533.0000,3,2.484015,1,-0.995021,60.548287,1.760479,93.278447,10.722757,0
2007-09-11,sh.600438,13.9000,13.9200,12.6000,12.7000,13.9300,9422170,127299754.0000,3,3.049305,1,-8.829867,55.201956,1.605031,85.042088,9.775952,0
2007-09-12,sh.600438,12.7000,13.3000,12.6500,13.2000,12.7000,9689524,125160707.0000,3,3.135829,1,3.937008,57.375261,1.668222,88.390201,10.160832,0
2007-09-13,sh.600438,13.2000,13.2900,12.9100,13.1200,13.2000,5500593,71644983.0000,3,1.780161,1,-0.606060,57.027532,1.658111,87.854503,10.099252,0
2007-09-14,sh.600438,13.1300,13.3000,12.8800,13.2600,13.1200,5863081,76247211.0000,3,1.897474,1,1.067076,57.636058,1.675805,88.791975,10.207018,0
2007-09-17,sh.600438,13.2000,13.7400,12.9600,13.4600,13.2600,7170111,95890810.0000,3,2.320469,1,1.508294,58.505380,1.701081,90.131221,10.360970,0
2007-09-18,sh.600438,13.4800,14.4300,13.3400,14.4000,13.4600,12930647,181226018.0000,3,4.184756,1,6.983652,62.591194,1.819878,96.425674,11.084544,0
2007-09-19,sh.600438,14.3700,14.3700,13.7600,13.8200,14.4000,8154493,113966224.0000,3,2.639045,1,-4.027778,60.070160,1.746578,92.541862,10.638084,0
2007-09-20,sh.600438,13.8300,14.4500,13.7000,13.9500,13.8200,6669523,93813710.0000,3,2.158463,1,0.940667,60.635219,1.763007,93.412372,10.738152,0
2007-09-21,sh.600438,13.9600,14.3000,13.5000,13.8700,13.9500,5954140,83144199.0000,3,1.926943,1,-0.573476,60.287490,1.752897,92.876674,10.676572,0
2007-09-24,sh.600438,14.0000,14.0000,13.3000,13.5300,13.8700,6938761,93632405.0000,3,2.245597,1,-2.451335,58.809643,1.709927,90.599957,10.414853,0
2007-09-25,sh.600438,13.5100,13.6500,13.1800,13.2200,13.5300,5078504,67747585.0000,3,1.643560,1,-2.291201,57.462193,1.670749,88.524126,10.176228,0
2007-09-26,sh.600438,13.2200,13.4000,13.1000,13.2000,13.2200,3269868,43266538.0000,3,1.058230,1,-0.151289,57.375261,1.668222,88.390201,10.160832,0
2007-09-27,sh.600438,13.5000,13.6000,13.2800,13.3800,13.2000,2767278,37120875.0000,3,0.895576,1,1.363639,58.157651,1.690970,89.595522,10.299389,0
2007-09-28,sh.600438,13.5500,13.9600,13.4100,13.8300,13.3800,7263367,99815176.0000,3,2.350649,1,3.363227,60.113626,1.747841,92.608825,10.645781,0
2007-10-08,sh.600438,14.0800,14.1800,13.6800,13.7100,13.8300,4486671,61925759.0000,3,1.452025,1,-0.867678,59.592033,1.732676,91.805277,10.553410,0
2007-10-09,sh.600438,13.7000,13.9800,13.3600,13.8600,13.7100,4243461,57800152.0000,3,1.373315,1,1.094089,60.244024,1.751633,92.809712,10.668874,0
2007-10-10,sh.600438,13.9000,14.2500,13.7000,14.0900,13.8600,9844760,137879501.0000,3,3.186068,1,1.659455,61.243745,1.780700,94.349844,10.845919,0
2007-10-11,sh.600438,14.1100,14.2000,13.5500,13.6700,14.0900,6266266,86652561.0000,3,2.027957,1,-2.980838,59.418168,1.727620,91.537428,10.522620,0
2007-10-12,sh.600438,13.6700,14.2000,12.4000,14.0900,13.6700,13118317,175626145.0000,3,4.245492,1,3.072422,61.243745,1.780700,94.349844,10.845919,0
2007-10-15,sh.600438,14.1000,14.4900,13.6000,14.3000,14.0900,13706111,194160972.0000,3,4.435720,1,1.490419,62.156533,1.807240,95.756052,11.007568,0
2007-10-16,sh.600438,14.3500,15.7300,14.3500,15.7300,14.3000,40830528,629489286.0000,3,13.214017,1,9.999995,68.372186,1.987964,105.331657,12.108325,0
2007-10-17,sh.600438,15.6100,16.7000,15.0000,16.3600,15.7300,29301366,463241730.0000,3,9.482825,1,4.005093,71.110551,2.067584,109.550280,12.593274,0
2007-10-18,sh.600438,16.2000,16.9500,15.9100,16.2500,16.3600,21709700,355813900.0000,3,7.025928,1,-0.672375,70.632424,2.053682,108.813695,12.508600,0
2007-10-19,sh.600438,16.1500,16.4500,14.9600,15.2600,16.2500,13153558,206594864.0000,3,4.256897,1,-6.092306,66.329279,1.928565,102.184430,11.746538,0
2007-10-22,sh.600438,15.0800,16.7000,14.7000,15.5400,15.2600,15678404,250816519.0000,3,5.074015,1,1.834861,67.546330,1.963952,104.059374,11.962071,0
2007-10-23,sh.600438,15.5000,16.2900,14.4000,15.0400,15.5400,11896340,182241877.0000,3,3.850022,1,-3.217503,65.373025,1.900762,100.711260,11.577191,0
2007-10-24,sh.600438,15.2100,15.6000,14.6800,14.9900,15.0400,10350424,155826473.0000,3,3.349716,1,-0.332448,65.155694,1.894443,100.376448,11.538703,0
2007-10-25,sh.600438,14.5800,15.0000,13.4900,13.4900,14.9900,12430457,172421944.0000,3,4.022879,1,-10.006670,58.635778,1.704872,90.332107,10.384063,0
2007-10-26,sh.600438,12.7700,13.2900,12.1400,12.1400,13.4900,12522593,154849911.0000,3,4.052697,1,-10.007410,52.767854,1.534258,81.292200,9.344887,0
2007-10-29,sh.600438,12.2000,12.6500,11.0000,12.5800,12.1400,7332912,88867811.0000,3,2.373156,1,3.624378,54.680363,1.589866,84.238540,9.683581,0
2007-10-30,sh.600438,12.4500,12.6800,11.6000,12.3800,12.5800,6432420,78098700.0000,3,2.081729,1,-1.589824,57.073402,1.346408,40.603231,8.722593,0
2007-10-31,sh.600438,12.4000,13.2000,12.1500,13.0000,12.3800,6964456,89259594.0000,3,2.253913,1,5.008077,59.931682,1.413837,42.636672,9.159427,0
2007-11-01,sh.600438,12.8200,13.0900,12.2000,12.2100,13.0000,5905862,74117996.0000,3,1.911319,1,-6.076922,56.289680,1.327920,40.045674,8.602816,0
2007-11-02,sh.600438,11.9800,12.0000,11.6000,11.6300,12.2100,5522832,64827354.0000,3,1.787359,1,-4.750204,53.615805,1.264841,38.143423,8.194164,0
2007-11-05,sh.600438,11.6000,12.0800,11.2000,11.6400,11.6300,4034751,47197035.0000,3,1.305770,1,0.085986,53.661906,1.265928,38.176220,8.201210,0
2007-11-06,sh.600438,11.6600,12.1000,11.6600,11.9300,11.6400,3201174,38150747.0000,3,0.932281,1,2.491409,54.998844,1.297468,39.127346,8.405536,0
2007-11-07,sh.600438,12.0000,12.2000,11.6100,12.1500,11.9300,3526718,42202463.0000,3,1.027090,1,1.844085,56.013072,1.321394,39.848890,8.560541,0
2007-11-08,sh.600438,12.1200,12.2500,11.7000,11.7100,12.1500,2911943,34979083.0000,3,0.848048,1,-3.621396,53.984615,1.273541,38.405802,8.250530,0
2007-11-09,sh.600438,11.7200,11.9300,11.0000,11.1500,11.7100,4227416,47735911.0000,3,1.231155,1,-4.782241,51.402943,1.212638,36.569146,7.855970,0
2007-11-12,sh.600438,10.8000,11.2000,10.1600,10.3400,11.1500,5337252,56462158.0000,3,1.554373,1,-7.264569,47.668738,1.124545,33.912553,7.285267,0
2007-11-13,sh.600438,10.4100,10.7700,10.1800,10.4000,10.3400,5343381,55439240.0000,3,1.556158,1,0.580266,47.945346,1.131070,34.109338,7.327542,0
2007-11-14,sh.600438,10.5700,10.8400,10.4000,10.8100,10.4000,3069640,32778511.0000,3,0.893974,1,3.942316,49.835499,1.175660,35.454033,7.616416,0
2007-11-15,sh.600438,10.8100,10.9500,10.5000,10.5300,10.8100,3148838,33809271.0000,3,0.917039,1,-2.590200,48.544663,1.145208,34.535704,7.419136,0
2007-11-16,sh.600438,10.5000,10.7300,10.2000,10.6000,10.5300,2845635,29545510.0000,3,0.828737,1,0.664774,48.867372,1.152821,34.765286,7.468456,0
2007-11-19,sh.600438,10.6200,11.1500,10.6200,11.1000,10.6000,3457307,37923812.0000,3,1.006875,1,4.716981,51.172436,1.207200,36.405158,7.820741,0
2007-11-20,sh.600438,11.2500,11.6600,11.1100,11.4500,11.1000,4119236,47132732.0000,3,1.199649,1,3.153148,52.785982,1.245265,37.553069,8.067341,0
2007-11-21,sh.600438,11.4600,11.5800,11.0000,11.0800,11.4500,3054344,34372395.0000,3,0.889520,1,-3.231440,51.080234,1.205025,36.339564,7.806650,0
2007-11-26,sh.600438,11.8800,11.8800,11.0600,11.1100,11.0800,3585406,40866472.0000,3,1.044181,1,0.270756,51.218538,1.208287,36.437956,7.827787,0
2007-11-27,sh.600438,11.0100,11.4800,10.9300,11.1300,11.1100,1648884,18456891.0000,3,0.480206,1,0.180022,51.310740,1.210462,36.503551,7.841879,0
2007-11-28,sh.600438,11.2000,11.3500,10.9500,11.0600,11.1300,1318775,14681849.0000,3,0.384068,1,-0.628928,50.988031,1.202849,36.273969,7.792559,0
2007-11-29,sh.600438,11.1300,11.3000,10.8500,11.2200,11.0600,2495428,27711572.0000,3,0.726746,1,1.446653,51.725652,1.220250,36.798728,7.905290,0
2007-11-30,sh.600438,11.4000,11.4000,10.9000,10.9300,11.2200,1984246,21860308.0000,3,0.577874,1,-2.584670,50.388714,1.188711,35.847602,7.700964,0
2007-12-03,sh.600438,10.8900,10.9900,10.5600,10.8700,10.9300,1723812,18584895.0000,3,0.502027,1,-0.548952,50.112107,1.182186,35.650817,7.658690,0
2007-12-04,sh.600438,10.8800,11.0600,10.7000,10.7800,10.8700,1839257,19888243.0000,3,0.535649,1,-0.827968,49.697195,1.172398,35.355640,7.595279,0
2007-12-05,sh.600438,10.7100,11.2000,10.6100,11.1800,10.7800,3000939,32848644.0000,3,0.873966,1,3.710581,51.541247,1.215900,36.667538,7.877107,0
2007-12-06,sh.600438,11.0500,11.2900,11.0000,11.0800,11.1800,2210881,24560137.0000,3,0.643877,1,-0.894458,51.080234,1.205025,36.339564,7.806650,0
2007-12-07,sh.600438,11.1500,11.4600,11.1200,11.4100,11.0800,3409248,38750601.0000,3,0.992879,1,2.978339,52.601576,1.240914,37.421879,8.039159,0
2007-12-10,sh.600438,11.1900,12.0800,11.0800,11.9800,11.4100,6055655,71488248.0000,3,1.763594,1,4.995615,55.229350,1.302906,39.291333,8.440764,0
2007-12-11,sh.600438,11.9500,12.5000,11.8100,12.2800,11.9800,6081554,74245347.0000,3,1.771137,1,2.504175,56.612389,1.335533,40.275256,8.652136,0
2007-12-12,sh.600438,12.2500,12.3800,11.8800,12.0700,12.2800,4256467,51447942.0000,3,1.239615,1,-1.710098,55.644262,1.312694,39.586510,8.504176,0
2007-12-13,sh.600438,12.0700,13.2800,12.0000,12.7300,12.0700,12688320,162611024.0000,3,3.695232,1,5.468102,58.686947,1.384473,41.751141,8.969193,0
2007-12-14,sh.600438,12.6000,12.9800,12.4000,12.9100,12.7300,6968824,88925166.0000,3,2.029537,1,1.413985,59.516771,1.404049,42.341495,9.096015,0
2007-12-17,sh.600438,13.1500,13.5000,12.9100,12.9400,12.9100,6752533,89523914.0000,3,1.966547,1,0.232376,59.655074,1.407312,42.439887,9.117153,0
2007-12-18,sh.600438,12.8600,13.1600,12.2600,12.2900,12.9400,5004933,62805247.0000,3,1.457592,1,-5.023181,56.658490,1.336620,40.308054,8.659181,0
2007-12-19,sh.600438,12.5500,12.7900,12.3500,12.6600,12.2900,3678920,46387912.0000,3,1.071415,1,3.010577,58.364238,1.376860,41.521559,8.919873,0
2007-12-20,sh.600438,12.7900,13.1200,12.6600,12.7700,12.6600,4172361,53897164.0000,3,1.215121,1,0.868883,58.871352,1.388823,41.882331,8.997375,0
2007-12-21,sh.600438,12.7000,13.4700,12.5400,13.3500,12.7700,8477720,111967896.0000,3,2.468975,1,4.541894,61.545227,1.451902,43.784582,9.406027,0
2007-12-24,sh.600438,13.5000,13.9500,13.4000,13.4700,13.3500,7489513,102475597.0000,3,2.181178,1,0.898876,62.098443,1.464953,44.178152,9.490575,0
2007-12-25,sh.600438,13.4700,13.8300,13.3400,13.5900,13.4700,4347103,59250364.0000,3,1.266011,1,0.890868,62.651659,1.478004,44.571721,9.575124,0
2007-12-26,sh.600438,13.7000,13.7400,13.3500,13.7000,13.5900,5282642,71688883.0000,3,1.538469,1,0.809416,63.158773,1.489967,44.932493,9.652627,0
2007-12-27,sh.600438,13.7200,13.9500,13.6000,13.6300,13.7000,5431752,74822358.0000,3,1.581894,1,-0.510947,62.836064,1.482354,44.702911,9.603307,0
2007-12-28,sh.600438,13.6800,14.0000,13.6100,13.7300,13.6300,5473810,75625506.0000,3,1.594143,1,0.733672,63.297077,1.493230,45.030885,9.673764,0
2008-01-02,sh.600438,13.8500,14.3400,13.7000,14.0500,13.7300,6144464,86764142.0000,3,1.789458,1,2.330667,64.772318,1.528032,46.080403,9.899227,0
2008-01-03,sh.600438,14.1500,14.6000,14.0800,14.5000,14.0500,9615361,139125696.0000,3,2.800291,1,3.202846,66.846876,1.576973,47.556288,10.216284,0
2008-01-04,sh.600438,14.8000,14.8300,14.1500,14.4900,14.5000,5750303,82624689.0000,3,1.674666,1,-0.068967,66.800775,1.575885,47.523491,10.209238,0
2008-01-07,sh.600438,14.6000,15.3800,14.3800,15.1000,14.4900,12469779,184465117.0000,3,3.631586,1,4.209804,69.612954,1.642227,49.524134,10.639027,0
2008-01-08,sh.600438,15.0800,15.3500,14.0800,14.5000,15.1000,10834311,160043117.0000,3,3.155287,1,-3.973512,66.846876,1.576973,47.556288,10.216284,0
2008-01-09,sh.600438,14.4400,15.4300,14.2000,15.3700,14.5000,12244885,184616556.0000,3,3.566090,1,5.999999,70.857689,1.671591,50.409665,10.829261,0
2008-01-10,sh.600438,15.5500,16.3000,15.4100,15.5100,15.3700,16553062,262585924.0000,3,4.820765,1,0.910868,71.503107,1.686817,50.868830,10.927901,0
2008-01-14,sh.600438,15.0000,15.4000,14.2100,14.9600,15.5100,19095063,282183239.0000,3,5.561074,1,-3.546100,68.967536,1.627001,49.064970,10.540387,0
2008-01-15,sh.600438,14.8600,15.3300,14.7100,15.3000,14.9600,12334686,186784449.0000,3,3.592243,1,2.272728,70.534980,1.663978,50.180083,10.779941,0
2008-01-16,sh.600438,15.2000,16.4600,14.8600,15.7000,15.3000,16618196,263943104.0000,3,4.839734,1,2.614377,72.379032,1.707481,51.491981,11.061769,0
2008-01-17,sh.600438,15.7000,16.3000,14.5000,15.1000,15.7000,13092640,201729139.0000,3,3.812982,1,-3.821652,69.612954,1.642227,49.524134,10.639027,0
2008-01-18,sh.600438,15.2800,15.3500,14.5200,14.9200,15.1000,6144851,91173226.0000,3,1.789571,1,-1.192055,68.783131,1.622650,48.933781,10.512204,0
2008-01-21,sh.600438,14.9700,15.1300,13.8000,13.8400,14.9200,7667657,112282367.0000,3,2.233059,1,-7.238605,63.804191,1.505193,45.391657,9.751267,0
2008-01-22,sh.600438,13.4500,14.4400,12.4600,13.1700,13.8400,12124125,162875789.0000,3,3.530921,1,-4.841041,60.715404,1.432326,43.194229,9.279204,0
2008-01-23,sh.600438,13.2500,14.4900,13.2500,14.4900,13.1700,14882437,211491126.0000,3,4.334227,1,10.022780,66.800775,1.575885,47.523491,10.209238,0
2008-01-24,sh.600438,14.9000,15.9400,14.9000,15.9200,14.4900,31692940,498176285.0000,3,9.229966,1,9.868877,73.393260,1.731407,52.213525,11.216775,0
2008-01-31,sh.600438,15.9200,16.8800,14.3300,14.8200,15.9200,20555319,312579014.0000,3,5.986346,1,-6.909550,68.322118,1.611775,48.605806,10.441747,0
2008-02-01,sh.600438,14.5000,16.2900,13.9000,16.1000,14.8200,26363137,407485173.0000,3,7.677762,1,8.636982,74.223083,1.750983,52.803879,11.343598,0
2008-02-05,sh.600438,17.7100,17.7100,15.4100,15.5900,16.1000,27821301,458166957.0000,3,8.102425,1,-3.167703,82.300621,1.588047,160.456093,11.116460,0
2008-02-13,sh.600438,15.3000,16.4600,15.0600,16.0300,15.5900,17661967,283473270.0000,3,5.143712,1,2.822325,84.623409,1.632867,164.984680,11.430202,0
2008-02-14,sh.600438,16.0300,16.3800,15.7600,16.1100,16.0300,13426945,215184910.0000,3,3.910342,1,0.499064,85.045735,1.641016,165.808060,11.487246,0
2008-02-15,sh.600438,15.9000,17.2800,15.8100,17.0900,16.1100,23481600,396048892.0000,3,6.838569,1,6.083175,90.219218,1.740842,175.894459,12.186036,0
2008-02-18,sh.600438,17.5000,18.8000,17.5000,18.8000,17.0900,37361166,686422696.0000,3,10.880729,1,10.005850,99.246419,1.915028,193.494198,13.405352,0
2008-02-19,sh.600438,18.9000,19.8500,18.5000,19.2400,18.8000,36875804,711851448.0000,3,10.739377,1,2.340429,101.569208,1.959848,198.022785,13.719095,0
2008-02-20,sh.600438,19.4000,21.1600,19.3400,21.1600,19.2400,39738752,821670631.0000,3,11.573156,1,9.979211,111.705012,2.155425,217.783895,15.088152,0
2008-02-21,sh.600438,21.3000,22.0500,20.5900,21.6400,21.1600,31956883,683824794.0000,3,9.306834,1,2.268429,114.238963,2.204320,222.724172,15.430416,0
2008-02-22,sh.600438,21.8000,22.4000,20.6100,21.6800,21.6400,22546771,487444998.0000,3,6.566318,1,0.184847,114.450126,2.208394,223.135862,15.458938,0
2008-02-26,sh.600438,21.8000,22.2000,19.5100,20.0000,21.6800,28859558,594968209.0000,3,8.404797,1,-7.749078,105.581297,2.037264,205.844891,14.261013,0
2008-02-27,sh.600438,20.1000,22.0000,19.8100,22.0000,20.0000,27738480,598820572.0000,3,8.078305,1,10.000000,116.139427,2.240990,226.429380,15.687114,0
2008-02-28,sh.600438,22.4500,24.2000,22.3000,23.9100,22.0000,29989462,710755616.0000,3,8.733860,1,8.681817,126.222440,2.435549,246.087567,17.049041,0
2008-02-29,sh.600438,23.9200,25.6000,23.9100,25.3100,23.9100,32304354,806819890.0000,3,9.408029,1,5.855289,133.613131,2.578157,260.496710,18.047312,0
2008-03-03,sh.600438,25.8000,26.6400,24.8000,26.3500,25.3100,33131337,851439789.0000,3,9.648872,1,4.109051,139.103359,2.684095,271.200644,18.788885,0
2008-03-04,sh.600438,26.3000,26.5000,25.2600,25.5000,26.3500,22834259,587317802.0000,3,6.650044,1,-3.225808,134.616153,2.597511,262.452236,18.182792,0
2008-03-05,sh.600438,25.4100,26.5000,24.1000,25.4200,25.5000,24927892,630887044.0000,3,7.259774,1,-0.313725,134.193828,2.589362,261.628857,18.125748,0
2008-03-06,sh.600438,25.5600,25.8000,23.6700,23.8300,25.4200,22924973,558027808.0000,3,6.676462,1,-6.254918,125.800115,2.427400,245.264188,16.991997,0
2008-03-07,sh.600438,23.3000,24.3800,22.9100,23.3600,23.8300,16685861,393417491.0000,3,4.859440,1,-1.972301,123.318955,2.379524,240.426833,16.656863,0
2008-03-10,sh.600438,23.0300,23.9800,22.0800,23.2100,23.3600,15231567,352174244.0000,3,4.435904,1,-0.642130,122.527095,2.364245,238.882996,16.549906,0
2008-03-11,sh.600438,22.8800,23.7900,22.0900,23.7100,23.2100,14426474,332867775.0000,3,4.201436,1,2.154244,125.166627,2.415176,244.029118,16.906431,0
2008-03-12,sh.600438,24.2400,24.6000,22.0000,22.0600,23.7100,17283146,402219113.0000,3,5.033388,1,-6.959087,116.456170,2.247102,227.046915,15.729897,0
2008-03-13,sh.600438,21.3000,21.8500,19.8500,20.1400,22.0600,20432936,422041427.0000,3,5.950704,1,-8.703537,106.320366,2.051525,207.285805,14.360840,0
2008-03-14,sh.600438,20.2000,21.2900,20.2000,20.6800,20.1400,13187890,274130041.0000,3,3.840722,1,2.681236,109.171061,2.106531,212.843617,14.745888,0
2008-03-17,sh.600438,20.0100,20.0500,18.6100,18.6100,20.6800,15371831,292483459.0000,3,4.476753,1,-10.009670,98.243397,1.895674,191.538671,13.269873,0
2008-03-18,sh.600438,17.7000,19.0500,17.1100,18.3000,18.6100,24129062,431185503.0000,3,7.027130,1,-1.665778,96.606887,1.864096,188.348075,13.048827,0
2008-03-19,sh.600438,18.8500,19.9900,18.0000,19.8500,18.3000,26321438,503718932.0000,3,7.665618,1,8.469952,104.789437,2.021984,204.301054,14.154056,0
2008-03-20,sh.600438,19.0000,21.8300,18.6500,21.2200,19.8500,31268687,633946225.0000,3,9.106410,1,6.901757,112.021756,2.161537,218.401430,15.130935,0
2008-03-21,sh.600438,20.9200,22.3100,20.7000,20.8300,21.2200,25549241,547831372.0000,3,7.440731,1,-1.837886,109.962921,2.121810,214.387454,14.852845,0
2008-03-24,sh.600438,21.1900,21.7800,20.5800,20.6400,20.8300,16076855,339453362.0000,3,4.682078,1,-0.912149,108.959898,2.102456,212.431928,14.717366,0
2008-03-25,sh.600438,19.9800,21.4400,19.3000,21.2200,20.6400,17384127,355492543.0000,3,5.062796,1,2.810077,112.021756,2.161537,218.401430,15.130935,0
2008-03-26,sh.600438,21.1300,21.8500,20.3000,20.4800,21.2200,10553630,221354448.0000,3,3.073544,1,-3.487275,108.115248,2.086158,210.785169,14.603277,0
2008-03-27,sh.600438,20.4500,20.9600,18.5000,18.5200,20.4800,14600604,290142450.0000,3,4.252148,1,-9.570308,97.768281,1.886506,190.612369,13.205698,0
2008-03-28,sh.600438,18.0000,19.2500,16.8000,18.9100,18.5200,18087326,327903265.0000,3,5.267590,1,2.105828,99.827116,1.926233,194.626345,13.483788,0
2008-03-31,sh.600438,18.0100,18.6900,17.0200,17.0200,18.9100,14468266,253584518.0000,3,4.213607,1,-9.994709,89.849684,1.733712,175.174002,12.136122,0
2008-04-01,sh.600438,16.6600,17.1500,15.3200,15.3200,17.0200,14977708,236242762.0000,3,4.361973,1,-9.988254,80.875273,1.560544,157.677187,10.923936,0
2008-04-02,sh.600438,15.3500,15.6500,13.7900,14.0300,15.3200,17097979,247291670.0000,3,4.979461,1,-8.420365,74.065280,1.429141,144.400191,10.004101,0
2008-04-03,sh.600438,13.9500,15.0900,13.0000,14.8600,14.0300,13534562,193812121.0000,3,3.941684,1,5.915894,78.446904,1.513687,152.942754,10.595933,0
2008-04-07,sh.600438,14.5000,16.3500,14.1100,16.3500,14.8600,19403282,308207696.0000,3,5.650837,1,10.026920,86.312710,1.665463,168.278199,11.658378,0
2008-04-08,sh.600438,16.6600,17.5000,16.4000,16.8400,16.3500,23592436,400047787.0000,3,6.870848,1,2.996940,88.899452,1.715376,173.321398,12.007773,0
2008-04-09,sh.600438,16.4000,17.1600,15.1600,15.1600,16.8400,21056319,338418731.0000,3,6.132252,1,-9.976249,80.030623,1.544246,156.030428,10.809848,0
2008-04-10,sh.600438,14.9000,16.1200,14.2000,16.0700,15.1600,17871882,273678446.0000,3,5.204846,1,6.002638,84.834572,1.636942,165.396370,11.458724,0
2008-04-11,sh.600438,16.1500,16.4600,15.5800,15.8000,16.0700,13655871,218752698.0000,3,3.977013,1,-1.680146,83.409224,1.609438,162.617464,11.266200,0
2008-04-14,sh.600438,15.0000,15.8000,14.4000,14.5100,15.8000,11182228,167222375.0000,3,3.256611,1,-8.164557,76.599231,1.478035,149.340469,10.346365,0
2008-04-15,sh.600438,14.5000,15.8800,14.2500,15.8100,14.5100,15336150,230453752.0000,3,4.466362,1,8.959339,83.462015,1.610457,162.720386,11.273331,0
2008-04-16,sh.600438,15.7900,15.8000,14.7700,14.9900,15.8100,10283332,157716037.0000,3,2.994825,1,-5.186594,79.133182,1.526929,154.280746,10.688629,0
2008-04-17,sh.600438,15.2000,15.8700,14.5900,15.2200,14.9900,12891957,197487766.0000,3,3.754537,1,1.534360,80.347367,1.550358,156.647962,10.852631,0
2008-04-18,sh.600438,14.8000,15.4700,14.4100,14.5900,15.2200,10287613,153037375.0000,3,2.996072,1,-4.139291,77.021556,1.486184,150.163848,10.403409,0
2008-04-21,sh.600438,15.8100,15.9500,14.1600,14.7100,14.5900,15408537,234499632.0000,3,4.487443,1,0.822480,77.655044,1.498408,151.398917,10.488975,0
2008-04-22,sh.600438,14.2000,14.6800,13.2400,13.7600,14.7100,13880218,189686409.0000,3,4.042350,1,-6.458190,72.639932,1.401638,141.621285,9.811577,0
2008-04-23,sh.600438,13.5300,14.3800,13.0000,14.2700,13.7600,22547051,310718459.0000,3,6.566400,1,3.706397,75.332255,1.453588,146.870330,10.175233,0
2008-04-24,sh.600438,15.4800,15.7000,15.0500,15.7000,14.2700,27700959,428217956.0000,3,8.067378,1,10.021020,82.881318,1.599252,161.588240,11.194895,0
2008-04-25,sh.600438,15.6800,16.8800,15.3000,16.0200,15.7000,26231888,429159600.0000,3,7.639539,1,2.038221,84.570619,1.631848,164.881758,11.423072,0
2008-04-28,sh.600438,15.8000,17.4600,15.5600,17.1500,16.0200,29521339,495526306.0000,3,8.597529,1,7.053678,90.535962,1.746954,176.511994,12.228819,0
2008-04-29,sh.600438,17.0000,17.3800,16.5900,16.9000,17.1500,22449365,380685687.0000,3,6.537951,1,-1.457726,89.216196,1.721488,173.938933,12.050556,0
2008-04-30,sh.600438,17.0100,17.9000,17.0100,17.6400,16.9000,24778771,434244122.0000,3,7.216346,1,4.378697,92.528101,1.640605,684.697389,12.540768,0
2008-05-05,sh.600438,17.7000,19.4000,17.6400,19.3900,17.6400,29025003,541999518.0000,3,8.452980,1,9.920635,101.707476,1.803364,752.623717,13.784892,0
2008-05-06,sh.600438,19.0000,20.1700,18.8200,19.0900,19.3900,32322224,628998892.0000,3,9.413233,1,-1.547185,100.133869,1.775462,740.979203,13.571614,0
2008-05-07,sh.600438,19.0500,19.4800,18.2500,18.2900,19.0900,20975191,393530221.0000,3,6.108625,1,-4.190672,95.937583,1.701059,709.927168,13.002872,0
2008-05-08,sh.600438,18.0900,19.9100,17.9000,19.5900,18.2900,24303034,466298530.0000,3,7.077796,1,7.107705,102.756548,1.821965,760.386726,13.927078,0
2008-05-09,sh.600438,19.8400,20.7500,19.2700,20.1900,19.5900,29871005,600313494.0000,3,8.699362,1,3.062789,105.903762,1.877768,783.675753,14.353635,0
2008-05-12,sh.600438,19.6800,21.2000,19.5200,20.5600,20.1900,23472139,481271949.0000,3,6.835814,1,1.832585,107.844544,1.912180,798.037319,14.616678,0
2008-05-14,sh.600438,19.7800,20.8000,18.7000,19.6200,20.5600,30910461,607385962.0000,3,9.002084,1,-4.571978,102.913908,1.824755,761.551177,13.948406,0
2008-05-15,sh.600438,19.5700,20.3000,19.0000,19.0200,19.6200,19936579,391189880.0000,3,5.806149,1,-3.058106,99.766694,1.768952,738.262150,13.521849,0
2008-05-16,sh.600438,18.8700,19.3500,17.8800,18.4400,19.0200,18803655,349885621.0000,3,5.476207,1,-3.049421,96.724387,1.715009,715.749424,13.109511,0
2008-05-19,sh.600438,18.6000,19.2600,18.2100,19.1000,18.4400,12280191,231050152.0000,3,3.576372,1,3.579175,100.186323,1.776392,741.367354,13.578723,0
2008-05-20,sh.600438,19.3600,19.7800,17.8200,18.1200,19.1000,16398333,311899977.0000,3,4.775703,1,-5.130888,95.045873,1.685248,703.328610,12.882014,0
2008-05-21,sh.600438,17.8000,19.2000,17.6300,19.1800,18.1200,17072770,313481894.0000,3,4.972120,1,5.849886,100.605951,1.783833,744.472557,13.635597,0
2008-05-22,sh.600438,19.1500,20.8700,18.9100,19.9000,19.1800,34485398,693484734.0000,3,10.043216,1,3.753907,104.382608,1.850796,772.419390,14.147465,0
2008-05-23,sh.600438,19.5300,19.9600,18.8000,18.8800,19.9000,17501885,336657008.0000,3,5.097091,1,-5.125631,99.032344,1.755931,732.828044,13.422319,0
2008-05-26,sh.600438,18.9500,19.4800,18.2800,18.3100,18.8800,11603653,219161040.0000,3,3.379343,1,-3.019066,96.042490,1.702919,710.703469,13.017090,0
2008-05-27,sh.600438,18.2800,18.5900,17.6500,18.0000,18.3100,9670408,173476894.0000,3,2.816322,1,-1.693061,94.416430,1.674087,698.670805,12.796702,0
2008-05-28,sh.600438,18.0000,18.7800,17.6500,18.6600,18.0000,10393955,189571790.0000,3,3.027042,1,3.666666,97.878366,1.735470,724.288734,13.265915,0
2008-05-29,sh.600438,18.8000,18.9800,17.9100,17.9900,18.6600,8363704,155054352.0000,3,2.435770,1,-3.590569,94.363976,1.673157,698.282654,12.789593,0
2008-05-30,sh.600438,17.7800,18.2000,17.2200,17.6400,17.9900,11305496,199169653.0000,3,3.292511,1,-1.945527,92.528101,1.640605,684.697389,12.540768,0
2008-06-02,sh.600438,17.5000,17.8800,17.1100,17.3500,17.6400,8078848,140909738.0000,3,2.352811,1,-1.643985,91.006948,1.613634,673.441026,12.334599,0
2008-06-03,sh.600438,17.5000,17.8500,17.3000,17.6900,17.3500,7423440,130529405.0000,3,2.161936,1,1.959655,92.790369,1.645256,686.638141,12.576315,0
2008-06-04,sh.600438,17.5100,17.5800,16.2700,16.3000,17.6900,11442394,191042778.0000,3,3.332380,1,-7.857553,85.499322,1.515979,632.685229,11.588125,0
2008-06-05,sh.600438,16.1500,16.5400,15.6400,15.6800,16.3000,8054784,129599325.0000,3,2.345803,1,-3.803674,82.247201,1.458316,608.619901,11.147350,0
2008-06-06,sh.600438,15.8800,16.1700,15.5900,15.8200,15.6800,5789033,91650707.0000,3,1.685946,1,0.892853,82.981551,1.471337,614.054007,11.246880,0
2008-06-10,sh.600438,15.0000,15.7000,14.2400,14.4300,15.8200,10983096,162329413.0000,3,3.198618,1,-8.786343,75.690505,1.342060,560.101095,10.258690,0
2008-06-11,sh.600438,14.4300,14.9600,13.8500,14.8400,14.4300,9755030,141077198.0000,3,2.840967,1,2.841302,77.841101,1.380192,576.015263,10.550170,0
2008-06-12,sh.600438,14.8500,15.1400,14.4700,14.8000,14.8400,10158395,150805334.0000,3,2.958439,1,-0.269541,77.631287,1.376472,574.462662,10.521733,0
2008-06-13,sh.600438,14.9900,14.9900,13.6800,13.7100,14.8000,8405629,119153307.0000,3,2.447980,1,-7.364866,71.913847,1.275096,532.154263,9.746822,0
2008-06-16,sh.600438,13.7100,13.9000,12.6000,12.9100,13.7100,9203703,120692936.0000,3,2.680403,1,-5.835158,67.717562,1.200692,501.102227,9.178079,0
2008-06-17,sh.600438,12.7600,13.2600,11.6200,11.6300,12.9100,9535822,117624127.0000,3,2.777127,1,-9.914793,61.003504,1.081646,451.418970,8.268092,0
2008-06-18,sh.600438,11.4000,12.7900,11.1000,12.7900,11.6300,16497246,201570787.0000,3,4.804509,1,9.974203,67.088119,1.189532,496.444422,9.092768,0
2008-06-19,sh.600438,12.8500,13.2300,11.5100,11.5200,12.7900,15336717,191116076.0000,3,4.466527,1,-9.929628,60.426515,1.071416,447.149315,8.189890,0
2008-06-20,sh.600438,11.9000,12.6700,11.2500,12.6000,11.5200,18012115,223139333.0000,3,5.245686,1,9.374999,66.091501,1.171861,489.069563,8.957692,0
2008-06-23,sh.600438,12.2800,12.8500,12.2000,12.4600,12.6000,9582685,120112565.0000,3,2.790775,1,-1.111114,65.357151,1.158840,483.635457,8.858162,0
2008-06-24,sh.600438,12.3400,13.5000,12.3400,13.1700,12.4600,11124387,144065812.0000,3,3.239766,1,5.698235,69.081354,1.224874,511.194139,9.362921,0
2008-06-25,sh.600438,13.1500,14.1600,13.1500,14.0100,13.1700,12335838,170790743.0000,3,3.592578,1,6.378134,73.487454,1.302998,543.798776,9.960100,0
2008-06-26,sh.600438,14.0500,14.6700,13.7500,14.1400,14.0100,15932531,226407563.0000,3,4.640047,1,0.927910,74.169351,1.315088,548.844732,10.052521,0
2008-06-27,sh.600438,13.6000,14.1000,12.8000,13.1200,14.1400,14251872,191163560.0000,3,4.150587,1,-7.213582,68.819087,1.220224,509.253387,9.327374,0
2008-06-30,sh.600438,12.8700,13.5900,12.7800,13.3000,13.1200,7366997,96878586.0000,3,2.145498,1,1.371953,69.763251,1.236964,516.240095,9.455341,0
2008-07-01,sh.600438,13.5000,13.7900,12.8900,13.3100,13.3000,8809665,117544611.0000,3,2.565647,1,0.075190,69.815704,1.237894,516.628245,9.462451,0
2008-07-02,sh.600438,13.3100,14.2500,13.2000,14.0100,13.3100,11169127,154155539.0000,3,3.252796,1,5.259202,73.487454,1.302998,543.798776,9.960100,0
2008-07-03,sh.600438,14.2000,15.4100,14.0500,15.4100,14.0100,16753387,251303513.0000,3,4.879105,1,9.992860,80.830955,1.433205,598.139839,10.955399,0
2008-07-04,sh.600438,16.3800,16.8500,15.6300,16.0000,15.4100,35644142,574841005.0000,3,10.380679,1,3.828684,83.925715,1.488077,621.040715,11.374847,0
2008-07-07,sh.600438,16.1700,16.9500,15.8200,16.8900,16.0000,28351105,464955581.0000,3,8.256720,1,5.562496,88.594083,1.570852,655.586105,12.007572,0
2008-07-08,sh.600438,16.6000,16.9300,16.1700,16.5600,16.8900,19728082,326720646.0000,3,5.745429,1,-1.953818,86.863115,1.540160,642.777140,11.772966,0
2008-07-09,sh.600438,16.3000,16.8900,15.8200,16.5700,16.5600,21040603,343261725.0000,3,6.127675,1,0.060388,86.915569,1.541090,643.165291,11.780075,0
2008-07-10,sh.600438,16.5600,17.6000,16.2800,16.4300,16.5700,22583374,385031465.0000,3,6.576978,1,-0.844897,86.181219,1.528070,637.731184,11.680546,0
2008-07-11,sh.600438,16.3600,16.6600,15.6800,16.0800,16.4300,13416468,215410867.0000,3,3.907291,1,-2.130252,84.345344,1.495518,624.145919,11.431721,0
2008-07-14,sh.600438,16.1500,17.6900,16.1200,17.6900,16.0800,25409058,435945817.0000,3,7.399905,1,10.012440,92.790369,1.645256,686.638141,12.576315,0
2008-07-22,sh.600438,18.0100,18.0100,16.0000,16.6900,17.6900,21582813,367064693.0000,3,6.285584,1,-5.652911,76.778891,1.374542,645.308299,11.044783,0
2008-07-23,sh.600438,16.5200,17.0500,15.9600,16.2000,16.6900,12907390,211803954.0000,3,3.759032,1,-2.935888,74.524748,1.334187,626.362759,10.720520,0
2008-07-24,sh.600438,16.4800,16.9700,16.2600,16.5900,16.2000,9195165,152662542.0000,3,2.677917,1,2.407403,76.318862,1.366306,641.441863,10.978607,0
2008-07-25,sh.600438,16.3600,17.7500,16.3500,17.1800,16.5900,15414561,266173781.0000,3,4.489198,1,3.556360,79.033035,1.414897,664.253840,11.369045,0
2008-07-28,sh.600438,17.1900,17.4400,16.8400,17.2500,17.1800,9446477,162063273.0000,3,2.751107,1,0.407449,79.355055,1.420662,666.960345,11.415369,0
2008-07-29,sh.600438,17.2000,17.2400,16.5600,16.6900,17.2500,7646682,128826634.0000,3,2.226951,1,-3.246374,76.778891,1.374542,645.308299,11.044783,0
2008-07-30,sh.600438,16.9000,17.1500,16.4000,16.4100,16.6900,6266250,104224503.0000,3,1.824926,1,-1.677655,75.490809,1.351482,634.482276,10.859490,0
2008-07-31,sh.600438,16.4400,16.7000,15.1600,15.1900,16.4100,10974347,172595174.0000,3,3.196070,1,-7.434493,69.878452,1.251006,587.311748,10.052142,0
2008-08-01,sh.600438,15.2000,15.8700,14.2900,15.7000,15.1900,10362613,156423773.0000,3,3.017914,1,3.357500,72.224601,1.293008,607.030575,10.389640,0
2008-08-04,sh.600438,15.4900,16.4900,15.1000,16.0000,15.7000,9360811,149211392.0000,3,2.726158,1,1.910800,73.604689,1.317715,618.629886,10.588168,0
2008-08-05,sh.600438,16.9200,16.9300,15.2700,15.4300,16.0000,11552751,187070354.0000,3,3.364519,1,-3.562500,70.982522,1.270772,596.591196,10.210964,0
2008-08-07,sh.600438,15.3800,15.4000,13.9000,14.1800,15.4300,12485199,179780067.0000,3,3.636077,1,-8.101100,65.232156,1.167825,548.260736,9.383764,0
2008-08-08,sh.600438,14.2100,14.4200,13.0200,13.0900,14.1800,8014231,110420282.0000,3,2.333992,1,-7.686900,60.217836,1.078056,506.116575,8.662445,0
2008-08-11,sh.600438,12.9800,12.9800,11.7800,11.7800,13.0900,8032734,96792631.0000,3,2.339381,1,-10.007600,54.191452,0.970168,455.466253,7.795539,0
2008-08-12,sh.600438,11.7000,11.7000,11.0000,11.4100,11.7800,7891248,89582465.0000,3,2.298176,1,-3.140900,52.489344,0.939696,441.160437,7.550687,0
2008-08-13,sh.600438,11.3700,12.1500,11.2000,12.0100,11.4100,10071052,118667335.0000,3,2.933002,1,5.258500,55.249520,0.989110,464.359058,7.947744,0
2008-08-14,sh.600438,11.9000,12.2000,11.6000,12.0000,12.0100,7029820,84106800.0000,3,2.047301,1,-0.083300,55.203517,0.988287,463.972414,7.941126,0
2008-08-15,sh.600438,11.9000,12.0000,11.5000,11.6300,12.0000,5283697,61820317.0000,3,1.538776,1,-3.083300,53.501408,0.957814,449.666598,7.696275,0
2008-08-18,sh.600438,11.7000,11.7000,10.4700,10.4700,11.6300,6133304,67035786.0000,3,1.786208,1,-9.974200,48.165068,0.862280,404.815931,6.928632,0
2008-08-19,sh.600438,10.2500,11.2000,9.9100,10.9700,10.4700,8743979,93522130.0000,3,2.546518,1,4.775500,50.465215,0.903459,424.148115,7.259513,0
2008-08-20,sh.600438,10.9000,12.0700,10.4300,12.0600,10.9700,12188136,140409396.0000,3,3.549563,1,9.936200,55.479534,0.993228,466.292276,7.980832,0
2008-08-21,sh.600438,11.8000,12.4000,11.4000,11.4600,12.0600,11133917,131850382.0000,3,3.242542,1,-4.975100,52.719358,0.943814,443.093656,7.583775,0
2008-08-22,sh.600438,11.6000,11.7900,10.8900,11.5300,11.4600,7559821,86674910.0000,3,2.201654,1,0.610800,53.041379,0.949579,445.800161,7.630099,0
2008-08-25,sh.600438,11.5000,11.6800,11.0500,11.2100,11.5300,4221644,47902418.0000,3,1.229474,1,-2.775400,51.569285,0.923224,433.427564,7.418335,0
2008-08-26,sh.600438,10.9400,10.9400,10.0900,10.0900,11.2100,8013982,82733327.0000,3,2.333920,1,-9.991100,46.416957,0.830984,390.123472,6.677163,0
2008-08-27,sh.600438,9.7100,10.3200,9.4500,9.8600,10.0900,7294087,72164743.0000,3,2.124264,1,-2.279500,45.358890,0.812042,381.230667,6.524958,0
2008-08-28,sh.600438,9.8800,10.2900,9.7100,10.0600,9.8600,5320864,53306398.0000,3,1.549600,1,2.028400,46.278948,0.828514,388.963541,6.657311,0
2008-08-29,sh.600438,10.1200,10.6500,10.0100,10.4200,10.0600,7561079,78451696.0000,3,2.202020,1,3.578500,47.935054,0.858162,402.882713,6.895544,0
2008-09-01,sh.600438,10.2500,10.3600,9.6100,9.6800,10.4200,5778251,57028626.0000,3,1.682806,1,-7.101700,44.530837,0.797218,374.271081,6.405842,0
2008-09-02,sh.600438,9.8000,9.8000,9.0000,9.5800,9.6800,5785315,54540365.0000,3,1.684863,1,-1.033100,44.070808,0.788982,370.404644,6.339666,0
2008-09-03,sh.600438,9.3800,9.5000,9.0300,9.1800,9.5800,4858685,44713862.0000,3,1.415000,1,-4.175400,42.230690,0.756039,354.938897,6.074961,0
2008-09-04,sh.600438,9.1400,9.8000,8.9500,9.4700,9.1800,6465790,61015155.0000,3,1.883038,1,3.159000,43.564775,0.779923,366.151564,6.266872,0
2008-09-05,sh.600438,9.0100,9.2400,8.7600,8.8000,9.4700,7621250,68177523.0000,3,2.219544,1,-7.075000,40.482579,0.724743,340.246437,5.823492,0
2008-09-08,sh.600438,8.6500,8.9400,7.9200,7.9200,8.8000,6800725,55608062.0000,3,1.980582,1,-10.000000,36.434321,0.652269,306.221793,5.241143,0
2008-09-09,sh.600438,7.9200,8.1500,7.5100,7.9700,7.9200,7506088,59419349.0000,3,2.186005,1,0.631300,36.664336,0.656387,308.155012,5.274231,0
2008-09-10,sh.600438,7.8500,8.1800,7.5200,7.7400,7.9700,6862693,54145901.0000,3,1.998629,1,-2.885800,35.606268,0.637445,299.262207,5.122026,0
2008-09-11,sh.600438,7.7700,8.0500,7.6500,7.7600,7.7400,5388970,42308500.0000,3,1.569435,1,0.258400,35.698274,0.639092,300.035494,5.135261,0
2008-09-12,sh.600438,7.7700,8.0000,7.6900,7.8000,7.7600,3559594,27879554.0000,3,1.036664,1,0.515500,35.882286,0.642386,301.582069,5.161732,0
2008-09-16,sh.600438,7.8300,7.8400,7.3100,7.4000,7.8000,5548348,42373331.0000,3,1.615851,1,-5.128200,34.042169,0.609443,286.116322,4.897028,0
2008-09-17,sh.600438,7.3200,7.5800,7.0800,7.1700,7.4000,5928042,43288919.0000,3,1.726429,1,-3.108100,32.984101,0.590501,277.223517,4.744823,0
2008-09-18,sh.600438,6.9000,7.8000,6.4700,7.7500,7.1700,9712439,68461468.0000,3,2.828563,1,8.089300,35.652271,0.638268,299.648851,5.128644,0
2008-09-19,sh.600438,8.5300,8.5300,8.4500,8.5300,7.7500,6229889,53121762.0000,3,1.814337,1,10.064500,39.240500,0.702507,329.807058,5.644817,0
2008-09-22,sh.600438,9.3800,9.3800,8.7500,9.3000,8.5300,24386608,223083490.0000,3,7.102136,1,9.027000,42.782725,0.765922,359.578621,6.154373,0
2008-09-23,sh.600438,8.9000,9.1000,8.3700,8.3800,9.3000,14230961,124649146.0000,3,4.144497,1,-9.892500,38.550456,0.690153,324.007403,5.545553,0
2008-09-24,sh.600438,8.0400,8.7600,8.0100,8.7000,8.3800,11460822,96357745.0000,3,3.337746,1,3.818600,40.022550,0.716508,336.380000,5.757316,0
2008-09-25,sh.600438,8.6500,9.0600,8.6000,8.8800,8.7000,12543034,111532398.0000,3,3.652920,1,2.069000,40.850602,0.731332,343.339586,5.876433,0
2008-09-26,sh.600438,9.0200,9.1000,8.3300,8.5700,8.8800,10474969,90430017.0000,3,3.050636,1,-3.491000,39.424512,0.705801,331.353632,5.671287,0
2008-10-06,sh.600438,8.5800,9.0700,8.2800,8.6600,8.5700,14972374,131514160.0000,3,4.360419,1,1.050200,39.838538,0.713213,334.833426,5.730846,0
2008-10-07,sh.600438,8.1700,8.6000,8.1000,8.2000,8.6600,9090379,75217848.0000,3,2.647400,1,-5.311800,37.722403,0.675329,317.047816,5.426436,0
2008-10-08,sh.600438,8.0800,8.2900,7.7100,7.8000,8.2000,7153573,57072046.0000,3,2.083342,1,-4.878000,35.882286,0.642386,301.582069,5.161732,0
2008-10-09,sh.600438,8.0800,8.1800,7.5800,7.8100,7.8000,7262892,57088739.0000,3,2.115179,1,0.128200,35.928289,0.643210,301.968713,5.168349,0
2008-10-10,sh.600438,7.4500,7.4500,7.1000,7.1100,7.8100,7757241,56050776.0000,3,2.259149,1,-8.962900,32.708084,0.585560,274.903655,4.705117,0
2008-10-13,sh.600438,7.0300,7.3000,6.5000,7.2700,7.1100,10304365,70991048.0000,3,3.000950,1,2.250400,33.444131,0.598737,281.089954,4.810999,0
2008-10-14,sh.600438,7.7400,7.7400,6.7500,6.7700,7.2700,10489222,76718072.0000,3,3.054786,1,-6.877600,31.143984,0.557558,261.757770,4.480119,0
2008-10-15,sh.600438,6.6900,6.9400,6.5900,6.7400,6.7700,5643413,38061764.0000,3,1.643537,1,-0.443100,31.005975,0.555088,260.597839,4.460266,0
2008-10-16,sh.600438,6.4000,6.5700,6.2100,6.2300,6.7400,7608330,48348697.0000,3,2.215781,1,-7.566800,28.659826,0.513085,240.879012,4.122768,0
2008-10-17,sh.600438,6.2800,6.4300,6.1500,6.3400,6.2300,5151465,32354522.0000,3,1.500266,1,1.765700,29.165858,0.522145,245.132092,4.195562,0
2008-10-20,sh.600438,6.4500,6.8500,6.4500,6.8200,6.3400,12772341,84647572.0000,3,3.719701,1,7.571000,31.373999,0.561676,263.690989,4.513207,0
2008-10-21,sh.600438,6.8800,7.0200,6.5500,6.7200,6.8200,12323224,83642221.0000,3,3.588905,1,-1.466300,30.913969,0.553440,259.824552,4.447031,0
2008-10-22,sh.600438,6.5800,6.7400,6.4600,6.4600,6.7200,6228124,40975638.0000,3,1.813823,1,-3.869000,29.717893,0.532028,249.771816,4.274973,0
2008-10-23,sh.600438,6.2200,6.4300,6.0600,6.4100,6.4600,5545773,34919764.0000,3,1.615101,1,-0.774000,29.487879,0.527910,247.838598,4.241885,0
2008-10-24,sh.600438,6.4100,6.5200,6.2000,6.2800,6.4100,4748017,30204785.0000,3,1.382770,1,-2.028100,28.889840,0.517203,242.812230,4.155856,0
2008-10-27,sh.600438,6.1000,6.1400,5.6500,5.6500,6.2800,7503814,44147774.0000,3,2.185343,1,-10.031800,25.991656,0.465318,218.453678,3.738947,0
2008-10-28,sh.600438,5.4100,5.8100,5.3000,5.8000,5.6500,9416050,52523201.0000,3,2.742245,1,2.654900,26.681700,0.477672,224.253334,3.838211,0
2008-10-29,sh.600438,5.8300,5.9000,5.2300,5.2500,5.8000,8030124,45140228.0000,3,2.338621,1,-9.482800,24.151539,0.432375,202.987931,3.474243,0
2008-10-30,sh.600438,5.2700,5.5500,5.2600,5.2700,5.2500,7613839,41066953.0000,3,2.217386,1,0.381000,24.243544,0.434022,203.761219,3.487478,0
2008-10-31,sh.600438,5.2200,5.4500,5.2100,5.2900,5.2700,5727115,30413800.0000,3,1.667913,1,0.379500,22.360570,0.401370,-75.854897,3.201568,0
2008-11-03,sh.600438,5.1800,5.2200,4.8000,4.9000,5.2900,6910131,34757608.0000,3,2.012444,1,-7.372400,20.712059,0.371780,-70.262570,2.965535,0
2008-11-04,sh.600438,4.7800,4.8000,4.4700,4.5100,4.9000,9220097,42267017.0000,3,2.685178,1,-7.959200,19.063548,0.342189,-64.670243,2.729503,0
2008-11-05,sh.600438,4.6000,4.8900,4.5600,4.6700,4.5100,10925087,51666794.0000,3,3.181724,1,3.547700,19.739860,0.354329,-66.964531,2.826337,0
2008-11-06,sh.600438,4.5300,4.9000,4.4000,4.7900,4.6700,10526515,48999350.0000,3,2.786664,1,2.569600,20.247094,0.363434,-68.685247,2.898962,0
2008-11-07,sh.600438,4.5800,5.2700,4.5700,5.2700,4.7900,15704807,79412435.0000,3,4.157504,1,10.020900,22.276031,0.399853,-75.568111,3.189463,0
2008-11-10,sh.600438,5.3400,5.8000,5.2700,5.8000,5.2700,20272355,112278765.0000,3,5.366662,1,10.056900,24.516315,0.440066,-83.167940,3.510225,0
2008-11-11,sh.600438,5.7000,6.0900,5.5600,5.6000,5.8000,19068403,110833895.0000,3,5.047942,1,-3.448300,23.670925,0.424891,-80.300080,3.389183,0
2008-11-12,sh.600438,5.5000,6.0500,5.5000,6.0200,5.6000,17657343,103598283.0000,3,4.674395,1,7.500000,25.446244,0.456758,-86.322586,3.643372,0
2008-11-13,sh.600438,5.9300,6.5200,5.8500,6.3600,6.0200,19552275,122703507.0000,3,5.176037,1,5.647800,26.883407,0.482555,-91.197947,3.849144,0
2008-11-14,sh.600438,6.5500,6.7600,6.2600,6.6000,6.3600,21723918,141537746.0000,3,5.750932,1,3.773600,27.897875,0.500764,-94.639379,3.994394,0
2008-11-17,sh.600438,6.5600,7.2600,6.3000,7.2600,6.6000,29785919,199450413.0000,3,7.885170,1,10.000000,30.687663,0.550841,-104.103317,4.393834,0
2008-11-18,sh.600438,7.0700,7.3900,6.5300,6.5300,7.2600,26444313,181436776.0000,3,7.000553,1,-10.055100,27.601989,0.495453,-93.635628,3.952030,0
2008-11-19,sh.600438,6.3200,7.0800,6.2000,7.0600,6.5300,26296574,175570472.0000,3,6.961442,1,8.116400,29.842273,0.535666,-101.235457,4.272792,0
2008-11-20,sh.600438,6.7200,7.0800,6.6800,6.7400,7.0600,18462222,126288411.0000,3,4.887469,1,-4.532600,28.489649,0.511387,-96.646881,4.079124,0
2008-11-21,sh.600438,6.5100,6.8300,6.2000,6.4800,6.7400,14561648,94261390.0000,3,3.854878,1,-3.857600,27.390641,0.491660,-92.918663,3.921769,0
2008-11-24,sh.600438,6.5000,6.6700,6.0100,6.0500,6.4800,11700696,74339581.0000,3,3.097503,1,-6.635800,25.573053,0.459034,-86.752765,3.661528,0
2008-11-25,sh.600438,6.2500,6.3800,5.8000,6.0800,6.0500,11336401,69203848.0000,3,3.001064,1,0.495900,25.699861,0.461310,-87.182944,3.679685,0
2008-11-26,sh.600438,6.1500,6.2500,6.0100,6.1900,6.0800,8002484,49302876.0000,3,2.118482,1,1.809200,26.164826,0.469656,-88.760267,3.746258,0
2008-11-27,sh.600438,6.7100,6.7800,6.1800,6.2100,6.1900,13797495,89611255.0000,3,3.652585,1,0.323100,26.249365,0.471174,-89.047053,3.758362,0
2008-11-28,sh.600438,6.1700,6.2800,5.9200,6.0600,6.2100,8229440,50148899.0000,3,2.178564,1,-2.415500,25.615322,0.459793,-86.896158,3.667580,0
2008-12-01,sh.600438,6.0100,6.4600,5.8800,6.4500,6.0600,12472621,77677618.0000,3,3.301853,1,6.435600,27.263833,0.489383,-92.488484,3.903613,0
2008-12-02,sh.600438,6.2600,7.0000,6.2000,6.8400,6.4500,25043276,169141881.0000,3,6.629659,1,6.046500,28.912344,0.518974,-98.080811,4.139645,0
2008-12-03,sh.600438,6.9900,7.2400,6.8900,7.1600,6.8400,25773825,182730805.0000,3,6.823056,1,4.678400,30.264968,0.543253,-102.669387,4.333313,0
2008-12-04,sh.600438,7.3000,7.5200,7.0100,7.0500,7.1600,25724342,186997594.0000,3,6.809956,1,-1.536300,29.800003,0.534907,-101.092064,4.266739,0
2008-12-05,sh.600438,7.0400,7.6900,6.9500,7.6500,7.0500,23937924,175167863.0000,3,6.337041,1,8.510600,32.336174,0.580431,-109.695644,4.629866,0
2008-12-08,sh.600438,7.8200,8.1000,7.7400,7.9700,7.6500,26374665,209458703.0000,3,6.982115,1,4.183000,33.688798,0.604711,-114.284220,4.823534,0
2008-12-09,sh.600438,7.9000,8.1600,7.5100,8.0200,7.9700,28127679,220393955.0000,3,7.446187,1,0.627400,33.900146,0.608505,-115.001185,4.853794,0
2008-12-10,sh.600438,7.9000,8.7400,7.8100,8.5300,8.0200,31398537,261265130.0000,3,8.312075,1,6.359100,36.055891,0.647200,-122.314228,5.162452,0
2008-12-11,sh.600438,8.6000,8.6000,7.9800,8.0300,8.5300,22871185,188539343.0000,3,6.054646,1,-5.861700,33.942415,0.609263,-115.144578,4.859846,0
2008-12-12,sh.600438,7.9600,7.9600,7.2300,7.3700,8.0300,20571842,155036462.0000,3,5.445945,1,-8.219200,31.152628,0.559187,-105.680640,4.460407,0
2008-12-15,sh.600438,7.4800,7.6200,7.0800,7.5000,7.3700,13437062,99512596.0000,3,3.557168,1,1.763900,31.702131,0.569050,-107.544749,4.539085,0
2008-12-16,sh.600438,7.4200,7.6300,7.0500,7.5500,7.5000,12844531,94238243.0000,3,3.400308,1,0.666700,31.913479,0.572844,-108.261714,4.569345,0
2008-12-17,sh.600438,7.6200,7.8800,7.5100,7.5900,7.5500,15191771,116838372.0000,3,4.021689,1,0.529800,32.082557,0.575879,-108.835286,4.593554,0
2008-12-18,sh.600438,7.5000,7.7700,7.3500,7.6800,7.5900,12163135,92362728.0000,3,3.219924,1,1.185800,32.462982,0.582708,-110.125823,4.648023,0
2008-12-19,sh.600438,7.7200,8.0000,7.6000,7.7600,7.6800,15185915,119103751.0000,3,4.020139,1,1.041700,32.801138,0.588777,-111.272967,4.696439,0
2008-12-22,sh.600438,7.6900,7.7800,7.4600,7.5700,7.7600,11533805,87706447.0000,3,3.053322,1,-2.448500,31.998018,0.574362,-108.548500,4.581449,0
2008-12-23,sh.600438,7.5800,7.5800,6.8100,6.8900,7.5700,14885358,106861488.0000,3,3.940573,1,-8.982800,29.123691,0.522768,-98.797776,4.169906,0
2008-12-24,sh.600438,6.6200,6.8500,6.5000,6.6300,6.8900,10435601,69748053.0000,3,2.762597,1,-3.773600,28.024684,0.503041,-95.069558,4.012551,0
2008-12-25,sh.600438,6.6100,6.8300,6.5800,6.6900,6.6300,8780080,58730863.0000,3,2.324334,1,0.905000,28.278301,0.507593,-95.929916,4.048863,0
2008-12-26,sh.600438,6.7500,6.7600,6.5700,6.5800,6.6900,6217226,41421708.0000,3,1.645874,1,-1.644200,27.813336,0.499247,-94.352593,3.982290,0
2008-12-29,sh.600438,6.6000,6.7200,6.4000,6.7000,6.5800,6815940,44922315.0000,3,1.804371,1,1.823700,28.320571,0.508352,-96.073309,4.054916,0
2008-12-30,sh.600438,6.7400,6.9800,6.6900,6.7600,6.7000,9807442,67117806.0000,3,2.596306,1,0.895500,28.574188,0.512904,-96.933667,4.091228,0
2008-12-31,sh.600438,6.8400,6.8900,6.6500,6.6600,6.7600,7270876,49210288.0000,3,1.924805,1,-1.479300,28.151493,0.505317,-95.499737,4.030707,0
2009-01-05,sh.600438,6.8200,7.3300,6.7700,7.3200,6.6600,14034861,98701510.0000,3,3.715422,1,9.909900,30.941280,0.555393,-104.963675,4.430146,0
2009-01-06,sh.600438,7.2500,7.5500,7.2000,7.4800,7.3200,16864451,124756634.0000,3,4.464494,1,2.185800,31.617592,0.567533,-107.257963,4.526980,0
2009-01-07,sh.600438,7.4500,7.8600,7.3900,7.6900,7.4800,18288457,139943263.0000,3,4.841469,1,2.807500,32.505252,0.583466,-110.269216,4.654075,0
2009-01-08,sh.600438,7.5000,7.7000,7.3700,7.4300,7.6900,13460399,101522436.0000,3,3.563346,1,-3.381000,31.406245,0.563739,-106.540998,4.496720,0
2009-01-09,sh.600438,7.3800,7.6500,7.3800,7.5700,7.4300,9365695,70655437.0000,3,2.479363,1,1.884300,31.998018,0.574362,-108.548500,4.581449,0
2009-01-12,sh.600438,7.5700,7.8400,7.4700,7.5900,7.5700,11006495,84388518.0000,3,2.913729,1,0.264200,32.082557,0.575879,-108.835286,4.593554,0
2009-01-13,sh.600438,7.5000,7.5100,7.1000,7.1200,7.5900,10161381,74155799.0000,3,2.690003,1,-6.192400,30.095890,0.540219,-102.095815,4.309104,0
2009-01-14,sh.600438,7.1000,7.5200,7.0900,7.5000,7.1200,11133723,82200239.0000,3,2.947409,1,5.337100,31.702131,0.569050,-107.544749,4.539085,0
2009-01-15,sh.600438,7.3900,7.8600,7.3800,7.7700,7.5000,17856777,137410984.0000,3,4.727191,1,3.600000,32.843408,0.589536,-111.416360,4.702492,0
2009-01-16,sh.600438,7.8300,7.9700,7.6300,7.6900,7.7700,16044998,125203892.0000,3,4.247562,1,-1.029600,32.505252,0.583466,-110.269216,4.654075,0
2009-01-19,sh.600438,7.6600,7.8400,7.5800,7.7300,7.6900,8714264,67179196.0000,3,2.306911,1,0.520200,32.674330,0.586501,-110.842788,4.678283,0
2009-01-20,sh.600438,7.7300,7.7900,7.5200,7.7900,7.7300,7896795,60628275.0000,3,2.090504,1,0.776200,32.927947,0.591054,-111.703146,4.714596,0
2009-01-21,sh.600438,7.7000,8.1500,7.6600,8.0100,7.7900,21411106,170606221.0000,3,5.668122,1,2.824100,33.857876,0.607746,-114.857792,4.847742,0
2009-01-22,sh.600438,8.0700,8.5200,8.0000,8.3900,8.0100,24932792,208044786.0000,3,6.600411,1,4.744100,35.464117,0.636578,-120.306726,5.077723,0
2009-01-23,sh.600438,8.2600,8.4100,7.9500,8.0400,8.3900,15211618,124548855.0000,3,4.026943,1,-4.171638,33.984685,0.610022,-115.287971,4.865899,0
2009-02-02,sh.600438,8.2700,8.4400,8.1700,8.2800,8.0400,16268097,134700550.0000,3,4.306623,1,2.985100,34.999153,0.628232,-118.729403,5.011149,0
2009-02-03,sh.600438,8.3000,8.6500,8.2200,8.6200,8.2800,23338150,197446399.0000,3,6.178264,1,4.106300,36.436316,0.654029,-123.604765,5.216921,0
2009-02-04,sh.600438,8.6600,8.7400,8.4000,8.7200,8.6200,22054045,189383840.0000,3,5.838326,1,1.160100,36.859011,0.661616,-125.038695,5.277442,0
2009-02-05,sh.600438,8.7000,8.7000,8.4500,8.4700,8.7200,19536463,166693563.0000,3,5.171851,1,-2.867000,35.802274,0.642648,-121.453870,5.126139,0
2009-02-06,sh.600438,8.5100,8.8000,8.5100,8.7400,8.4700,19953528,173316354.0000,3,5.282260,1,3.187700,36.943550,0.663133,-125.325481,5.289546,0
2009-02-09,sh.600438,8.8500,9.1400,8.6600,9.0400,8.7400,25775929,230172586.0000,3,6.823613,1,3.432500,38.211636,0.685895,-129.627271,5.471110,0
2009-02-10,sh.600438,8.9400,9.9400,8.8100,9.9400,9.0400,32453776,305582486.0000,3,8.591427,1,9.955800,42.015891,0.754181,-142.532641,6.015800,0
2009-02-11,sh.600438,9.6200,10.1300,9.4000,9.6500,9.9400,31341483,305911332.0000,3,8.296972,1,-2.917500,40.790076,0.732178,-138.374244,5.840289,0
2009-02-12,sh.600438,9.6000,9.7600,9.0100,9.4900,9.6500,18134707,170807686.0000,3,4.800767,1,-1.658000,40.113763,0.720038,-136.079956,5.743455,0
2009-02-13,sh.600438,9.5000,9.9200,9.5000,9.8600,9.4900,20169265,197382132.0000,3,5.339371,1,3.898800,41.677735,0.748112,-141.385497,5.967383,0
2009-02-16,sh.600438,10.0200,10.4800,9.8100,10.3300,9.8600,23301390,234990321.0000,3,6.168533,1,4.766700,43.664402,0.783772,-148.124968,6.251832,0
2009-02-17,sh.600438,10.3600,10.3600,9.6000,9.6200,10.3300,21512702,213017471.0000,3,5.695017,1,-6.873200,40.663267,0.729902,-137.944065,5.822132,0
2009-02-18,sh.600438,9.4600,9.5200,8.9700,8.9900,9.6200,20730217,191581150.0000,3,5.487871,1,-6.548900,38.000288,0.682102,-128.910306,5.440849,0
2009-02-19,sh.600438,9.1700,9.2600,8.9000,9.1900,8.9900,12634535,115224487.0000,3,3.344717,1,2.224700,38.845678,0.697276,-131.778166,5.561892,0
2009-02-20,sh.600438,9.2000,9.4200,8.9800,9.4000,9.1900,12549903,116146638.0000,3,3.322312,1,2.285100,39.733338,0.713210,-134.789419,5.688986,0
2009-02-23,sh.600438,9.3800,10.0000,9.2500,9.9000,9.4000,17431657,170326175.0000,3,4.614650,1,5.319100,41.846813,0.751147,-141.959069,5.991592,0
2009-02-24,sh.600438,9.8000,10.0900,9.3000,9.3300,9.9000,21166338,205636058.0000,3,5.603325,1,-5.757600,39.437451,0.707899,-133.785668,5.646621,0
2009-02-25,sh.600438,9.5000,9.8000,9.2100,9.7700,9.3300,20417373,194429457.0000,3,5.405053,1,4.716000,41.297310,0.741283,-140.094960,5.912914,0
2009-02-26,sh.600438,9.8200,10.1100,8.9000,9.1800,9.7700,25673335,249392740.0000,3,6.796453,1,-6.038900,38.803409,0.696518,-131.634773,5.555839,0
2009-02-27,sh.600438,9.0000,9.1900,8.2600,8.2800,9.1800,18582214,158599285.0000,3,4.919234,1,-9.803927,34.999153,0.628232,-118.729403,5.011149,0
2009-03-02,sh.600438,8.0700,8.5200,8.0700,8.4500,8.2800,8176622,68584756.0000,3,2.164582,1,2.053100,35.717735,0.641130,-121.167084,5.114035,0
2009-03-03,sh.600438,8.1900,8.5700,8.0700,8.3800,8.4500,9025670,75333342.0000,3,2.389349,1,-0.828400,35.421848,0.635819,-120.163333,5.071670,0
2009-03-04,sh.600438,8.4500,8.9000,8.4500,8.8900,8.3800,13761284,119928180.0000,3,3.642999,1,6.085921,37.577593,0.674514,-127.476376,5.380328,0
2009-03-05,sh.600438,9.0800,9.1000,8.5600,8.7700,8.8900,15976169,141340092.0000,3,4.229341,1,-1.349800,37.070359,0.665410,-125.755660,5.307703,0
2009-03-06,sh.600438,8.6400,8.6600,8.4100,8.5700,8.7700,9541955,81571119.0000,3,2.526024,1,-2.280500,36.224969,0.650235,-122.887800,5.186661,0
2009-03-09,sh.600438,8.5300,8.7400,7.9000,7.9700,8.5700,12105007,99908436.0000,3,3.204536,1,-7.001200,33.688798,0.604711,-114.284220,4.823534,0
2009-03-10,sh.600438,7.7900,8.1800,7.7500,8.1700,7.9700,7394499,59194205.0000,3,1.957532,1,2.509400,34.534188,0.619886,-117.152080,4.944576,0
2009-03-11,sh.600438,8.3500,8.4000,8.0000,8.0300,8.1700,8384547,68696428.0000,3,2.219625,1,-1.713600,33.942415,0.609263,-115.144578,4.859846,0
2009-03-12,sh.600438,8.0400,8.0800,7.6800,7.9700,8.0300,8571789,67274442.0000,3,2.269193,1,-0.747200,33.688798,0.604711,-114.284220,4.823534,0
2009-03-13,sh.600438,8.0500,8.2300,7.9300,7.9800,7.9700,9379137,75657355.0000,3,2.482921,1,0.125500,33.731068,0.605470,-114.427613,4.829586,0
2009-03-16,sh.600438,7.9400,8.0000,7.7500,8.0000,7.9800,6572835,51788321.0000,3,1.740014,1,0.250600,33.815607,0.606987,-114.714399,4.841690,0
2009-03-17,sh.600438,8.0000,8.4900,8.0000,8.4300,8.0000,11576289,95651108.0000,3,3.064569,1,5.375000,35.633196,0.639613,-120.880298,5.101931,0
2009-03-18,sh.600438,8.4000,8.8200,8.4000,8.5700,8.4300,15677195,134732153.0000,3,4.150194,1,1.660700,36.224969,0.650235,-122.887800,5.186661,0
2009-03-19,sh.600438,8.6100,8.8500,8.5600,8.7900,8.5700,14437185,125946445.0000,3,3.821929,1,2.567100,37.154898,0.666927,-126.042446,5.319807,0
2009-03-20,sh.600438,8.8000,8.8800,8.4300,8.6100,8.7900,14922016,128780341.0000,3,3.950277,1,-2.047800,36.394047,0.653270,-123.461372,5.210869,0
2009-03-23,sh.600438,8.7000,9.2000,8.6600,9.1800,8.6100,19425003,174197367.0000,3,5.142344,1,6.620200,38.803409,0.696518,-131.634773,5.555839,0
2009-03-24,sh.600438,9.3300,9.3900,9.0000,9.1100,9.1800,14567582,132880652.0000,3,3.856448,1,-0.762500,38.507522,0.691207,-130.631022,5.513475,0
2009-03-25,sh.600438,9.1100,9.3000,8.7800,8.8000,9.1100,16394921,148995579.0000,3,4.340196,1,-3.402900,37.197167,0.667686,-126.185839,5.325859,0
2009-03-26,sh.600438,8.7800,9.6800,8.5300,9.6000,8.8000,31026813,285788415.0000,3,8.213670,1,9.090900,40.578728,0.728385,-137.657279,5.810028,0
2009-03-27,sh.600438,10.1500,10.5600,10.1500,10.5600,9.6000,75941314,798642057.0000,3,20.103800,1,10.000000,44.636601,0.801223,-151.423007,6.391031,0
2009-03-30,sh.600438,10.6500,10.7300,10.0000,10.1200,10.5600,61866104,645320712.0000,3,16.377697,1,-4.166700,42.776742,0.767839,-145.113715,6.124738,0
2009-03-31,sh.600438,9.7000,11.1300,9.6000,11.1200,10.1200,40067318,412454443.0000,3,10.606945,1,9.881400,47.003693,0.843712,-159.453015,6.729949,0
2009-04-01,sh.600438,10.8000,11.1800,10.6000,10.8200,11.1200,34687534,377256392.0000,3,9.182765,1,-2.697800,45.735608,0.820950,-155.151225,6.548386,0
2009-04-02,sh.600438,10.8400,11.1100,10.6000,10.6900,10.8200,21164608,228751557.0000,3,5.602867,1,-1.201500,45.186104,0.811087,-153.287116,6.469708,0
2009-04-03,sh.600438,10.7200,10.8900,10.2200,10.3700,10.6900,20826364,219616301.0000,3,5.513324,1,-2.993500,43.833480,0.786807,-148.698540,6.276041,0
2009-04-07,sh.600438,10.3800,10.7000,10.2500,10.5700,10.3700,12403225,129741830.0000,3,3.283482,1,1.928600,44.678870,0.801982,-151.566400,6.397083,0
2009-04-08,sh.600438,10.5500,10.8500,10.2700,10.3400,10.5700,20023072,211250230.0000,3,5.300670,1,-2.176000,43.706672,0.784531,-148.268361,6.257885,0
2009-04-09,sh.600438,10.2200,10.6300,10.1000,10.4600,10.3400,14503003,150346483.0000,3,3.839353,1,1.160500,44.213906,0.793636,-149.989077,6.330510,0
2009-04-10,sh.600438,10.5000,11.3500,10.4500,11.0100,10.4600,36625919,402686252.0000,3,9.695910,1,5.258100,46.538729,0.835366,-157.875692,6.663376,0
2009-04-13,sh.600438,11.1100,11.3500,10.9100,11.0600,11.0100,25938247,287763613.0000,3,6.866583,1,0.454100,46.750076,0.839160,-158.592657,6.693637,0
2009-04-14,sh.600438,11.0300,11.1000,10.7500,10.9700,11.0600,17821996,194127379.0000,3,4.717983,1,-0.813700,46.369651,0.832331,-157.302120,6.639168,0
2009-04-15,sh.600438,10.8900,11.6500,10.7800,11.4300,10.9700,26312232,298728656.0000,3,6.965587,1,4.193300,48.314048,0.867233,-163.898198,6.917565,0
2009-04-16,sh.600438,11.4000,11.5000,11.0100,11.1600,11.4300,14857856,167349052.0000,3,3.933292,1,-2.362200,47.172771,0.846747,-160.026587,6.754158,0
2009-04-17,sh.600438,11.0600,11.1200,10.5000,10.6400,11.1600,17785431,191086454.0000,3,4.708304,1,-4.659500,44.974757,0.807293,-152.570151,6.439448,0
2009-04-20,sh.600438,10.6300,10.8500,10.5600,10.7800,10.6400,10695729,114741727.0000,3,2.831460,1,1.315800,45.566530,0.817915,-154.577653,6.524177,0
2009-04-21,sh.600438,10.6500,10.9800,10.5000,10.8600,10.7800,11818246,127328995.0000,3,3.128622,1,0.742100,45.904686,0.823985,-155.724797,6.572594,0
2009-04-22,sh.600438,10.9000,10.9500,10.0100,10.0400,10.8600,15721828,164625955.0000,3,4.162010,1,-7.550600,42.438586,0.761769,-143.966571,6.076321,0
2009-04-23,sh.600438,10.0500,10.4000,10.0500,10.1900,10.0400,11066231,113251869.0000,3,2.929542,1,1.494000,43.072629,0.773150,-146.117466,6.167103,0
2009-04-24,sh.600438,10.2700,10.3400,9.9500,9.9600,10.1900,10204882,102999672.0000,3,2.701519,1,-2.257100,42.100430,0.755699,-142.819427,6.027904,0
2009-04-27,sh.600438,9.9200,9.9200,9.3700,9.3800,9.9600,10383472,99425985.0000,3,2.748797,1,-5.823300,39.648799,0.711692,-134.502633,5.676882,0
2009-04-28,sh.600438,9.4000,9.6200,9.3100,9.5000,9.3800,7316817,69251221.0000,3,1.936967,1,1.279300,40.156033,0.720797,-136.223349,5.749507,0
2009-04-29,sh.600438,9.4100,9.8500,9.4100,9.7300,9.5000,10293461,99426469.0000,3,2.724968,1,2.421100,41.128232,0.738248,-139.521388,5.888706,0
2009-04-30,sh.600438,9.6900,9.6900,9.3800,9.5700,9.7300,15299442,145270083.0000,3,4.050192,1,-1.644400,69.496798,0.637649,14.710178,6.198204,0
2009-05-04,sh.600438,9.6200,10.0500,9.5300,10.0400,9.5700,13631470,133756889.0000,3,3.608633,1,4.911200,72.909911,0.668965,15.432621,6.502610,0
2009-05-05,sh.600438,10.1500,10.6100,10.0500,10.2600,10.0400,14360321,148363005.0000,3,3.801581,1,2.191200,74.507539,0.683623,15.770786,6.645097,0
2009-05-06,sh.600438,10.2800,10.5500,10.1000,10.4200,10.2600,12821772,132296461.0000,3,3.394283,1,1.559500,75.669450,0.694284,16.016724,6.748724,0
2009-05-07,sh.600438,10.4800,10.5500,9.8900,10.3500,10.4200,18997040,193120702.0000,3,5.029050,1,-0.671800,75.161114,0.689620,15.909126,6.703387,0
2009-05-08,sh.600438,10.3500,10.5500,9.9800,10.3400,10.3500,21823701,225279691.0000,3,5.777347,1,-0.096600,75.088494,0.688954,15.893755,6.696911,0
2009-05-11,sh.600438,10.7000,10.7500,9.8900,9.9000,10.3400,24071071,245398202.0000,3,6.372289,1,-4.255300,71.893239,0.659637,15.217425,6.411936,0
2009-05-12,sh.600438,9.7900,9.8800,9.4000,9.8700,9.9000,16213468,156115226.0000,3,4.292161,1,-0.303000,71.675381,0.657638,15.171312,6.392506,0
2009-05-13,sh.600438,9.8000,9.8700,9.6400,9.7800,9.8700,10465803,102073858.0000,3,2.770592,1,-0.911900,71.021806,0.651641,15.032972,6.334215,0
2009-05-14,sh.600438,9.7000,9.7800,9.6100,9.7700,9.7800,8138429,78810952.0000,3,2.154471,1,-0.102200,70.949187,0.650975,15.017600,6.327739,0
2009-05-15,sh.600438,9.7700,9.9800,9.7000,9.9500,9.7700,10275015,101070698.0000,3,2.720085,1,1.842400,72.256337,0.662968,15.294281,6.444319,0
2009-05-18,sh.600438,9.9000,9.9300,9.6700,9.9100,9.9500,6725871,65969473.0000,3,1.780527,1,-0.402000,71.965859,0.660303,15.232796,6.418412,0
2009-05-19,sh.600438,9.9500,10.1400,9.7500,10.1300,9.9100,14828447,147789821.0000,3,3.925507,1,2.220000,73.563486,0.674962,15.570961,6.560900,0
2009-05-20,sh.600438,10.0500,10.2000,9.9300,9.9900,10.1300,13401293,135148168.0000,3,3.547699,1,-1.382000,72.546814,0.665633,15.355765,6.470226,0
2009-05-21,sh.600438,9.9000,9.9600,9.6000,9.6500,9.9900,9518265,92593830.0000,3,2.519752,1,-3.403400,70.077754,0.642979,14.833147,6.250018,0
2009-05-22,sh.600438,9.7200,9.9000,9.6600,9.6800,9.6500,7857157,76955676.0000,3,2.080010,1,0.310900,70.295612,0.644978,14.879260,6.269448,0
2009-05-25,sh.600438,9.4000,9.6900,9.3100,9.5800,9.6800,8303765,78722460.0000,3,2.198240,1,-1.033100,69.569418,0.638315,14.725549,6.204681,0
2009-05-27,sh.600438,9.6800,9.8900,9.5100,9.6600,9.5800,8239194,79972286.0000,3,2.181146,1,0.835100,70.150373,0.643645,14.848518,6.256495,0
2009-06-01,sh.600438,9.7200,10.0700,9.6500,9.9800,9.6600,12909671,127388005.0000,3,3.417553,1,3.312600,72.474195,0.664967,15.340394,6.463749,0
2009-06-02,sh.600438,10.1000,10.3500,10.0300,10.1000,9.9800,20234303,206219056.0000,3,5.356589,1,1.202400,73.345628,0.672963,15.524848,6.541470,0
2009-06-03,sh.600438,10.1300,10.4100,9.9700,10.2700,10.1000,19672434,200539727.0000,3,5.207846,1,1.683200,74.580158,0.684290,15.786157,6.651574,0
2009-06-04,sh.600438,10.2800,10.2800,9.9000,10.0600,10.2700,11917074,119638401.0000,3,3.154784,1,-2.044800,73.055150,0.670297,15.463363,6.515563,0
2009-06-05,sh.600438,10.0700,10.1800,9.9000,9.9700,10.0600,9751105,97551869.0000,3,2.581392,1,-0.894600,72.401575,0.664301,15.325023,6.457273,0
2009-06-08,sh.600438,9.9300,10.0300,9.5600,9.6100,9.9700,12105910,117659535.0000,3,3.204775,1,-3.610800,69.787276,0.640314,14.771662,6.224111,0
2009-06-09,sh.600438,9.5700,9.6800,9.4100,9.6800,9.6100,9900377,94341450.0000,3,2.620908,1,0.728400,70.295612,0.644978,14.879260,6.269448,0
2009-06-10,sh.600438,9.6100,9.7000,9.4900,9.6700,9.6800,7915938,75956313.0000,3,2.095571,1,-0.103300,70.222992,0.644312,14.863889,6.262972,0
2009-06-11,sh.600438,9.6900,9.7300,9.5100,9.5400,9.6700,7677168,73855014.0000,3,2.032362,1,-1.344400,69.278940,0.635650,14.664064,6.178774,0
2009-06-12,sh.600438,9.5000,9.5600,9.2200,9.2600,9.5400,9974495,93710230.0000,3,2.640529,1,-2.935000,67.245596,0.616993,14.233672,5.997427,0
2009-06-15,sh.600438,9.2600,9.3500,9.1500,9.3400,9.2600,5628204,52063584.0000,3,1.489944,1,0.863900,67.826551,0.622324,14.356642,6.049240,0
2009-06-16,sh.600438,9.2900,9.3400,9.2000,9.2800,9.3400,4503654,41682817.0000,3,1.192244,1,-0.642400,67.390835,0.618326,14.264415,6.010380,0
2009-06-17,sh.600438,9.3000,9.4000,9.2000,9.3900,9.2800,6138863,57234487.0000,3,1.625130,1,1.185300,68.189648,0.625655,14.433497,6.081624,0
2009-06-18,sh.600438,9.5100,9.5700,9.4100,9.4500,9.3900,7294350,69074493.0000,3,1.931019,1,0.639000,68.625365,0.629653,14.525724,6.120484,0
2009-06-19,sh.600438,9.4100,9.5000,9.3200,9.4300,9.4500,8436403,79485796.0000,3,2.233353,1,-0.211600,68.480126,0.628321,14.494982,6.107531,0
2009-06-22,sh.600438,9.5000,9.5000,9.2600,9.3000,9.4300,8219595,77131099.0000,3,2.175958,1,-1.378600,67.536073,0.619659,14.295157,6.023334,0
2009-06-23,sh.600438,9.2000,9.4000,9.1800,9.3700,9.3000,6200103,57812455.0000,3,1.641342,1,0.752700,68.044409,0.624323,14.402755,6.068670,0
2009-06-24,sh.600438,9.3700,9.7000,9.3000,9.6600,9.3700,14541619,138907613.0000,3,3.849575,1,3.095000,70.150373,0.643645,14.848518,6.256495,0
2009-06-25,sh.600438,9.6400,9.7400,9.4800,9.7100,9.6600,12707564,122034074.0000,3,3.364049,1,0.517600,70.513470,0.646977,14.925374,6.288878,0
2009-06-26,sh.600438,9.6700,9.9800,9.5600,9.8600,9.7100,13710896,134200987.0000,3,3.629660,1,1.544800,71.602762,0.656971,15.155941,6.386029,0
2009-06-29,sh.600438,9.8900,10.0400,9.7300,9.9200,9.8600,13935023,137821254.0000,3,3.688992,1,0.608500,72.038478,0.660969,15.248168,6.424889,0
2009-06-30,sh.600438,9.9500,9.9500,9.6300,9.7800,9.9200,9875683,96252161.0000,3,2.614371,1,-1.411300,71.021806,0.651641,15.032972,6.334215,0
2009-07-01,sh.600438,9.7100,10.2100,9.6000,10.1000,9.7800,15262571,151272995.0000,3,4.040432,1,3.272000,73.345628,0.672963,15.524848,6.541470,0
2009-07-02,sh.600438,10.0700,10.2400,9.9300,10.1800,10.1000,18708720,189594573.0000,3,4.952724,1,0.792100,73.926584,0.678293,15.647817,6.593283,0
2009-07-03,sh.600438,10.1300,10.5500,10.0100,10.2900,10.1800,23389205,241392198.0000,3,6.191780,1,1.080600,74.725397,0.685622,15.816900,6.664527,0
2009-07-06,sh.600438,10.2800,10.3500,9.9800,10.0000,10.2900,13480202,136065557.0000,3,3.568588,1,-2.818300,72.619434,0.666300,15.371137,6.476703,0
2009-07-07,sh.600438,9.9800,10.1000,9.7700,9.9300,10.0000,11286086,112101963.0000,3,2.987744,1,-0.699997,72.111098,0.661636,15.263539,6.431366,0
2009-07-08,sh.600438,9.9000,9.9800,9.7900,9.9200,9.9300,7238218,71493518.0000,3,1.916160,1,-0.100700,72.038478,0.660969,15.248168,6.424889,0
2009-07-09,sh.600438,9.9200,10.2000,9.8100,10.0800,9.9200,11656408,116473327.0000,3,3.085779,1,1.612900,73.200389,0.671630,15.494106,6.528516,0
2009-07-10,sh.600438,10.1600,10.2400,10.0400,10.1800,10.0800,14039565,142507055.0000,3,3.716667,1,0.992100,73.926584,0.678293,15.647817,6.593283,0
2009-07-13,sh.600438,10.2000,10.4900,10.1000,10.2800,10.1800,16597741,171704801.0000,3,4.393889,1,0.982300,74.652778,0.684956,15.801528,6.658050,0
2009-07-14,sh.600438,10.3200,10.5000,10.2000,10.2600,10.2800,15404200,158929403.0000,3,4.077925,1,-0.194600,74.507539,0.683623,15.770786,6.645097,0
2009-07-15,sh.600438,10.2600,10.3600,10.1500,10.2700,10.2600,15395598,157676920.0000,3,4.075648,1,0.097500,74.580158,0.684290,15.786157,6.651574,0
2009-07-16,sh.600438,10.3200,10.4400,10.1300,10.3400,10.2700,25860195,266084460.0000,3,6.845921,1,0.681600,75.088494,0.688954,15.893755,6.696911,0
2009-07-17,sh.600438,10.2700,10.4600,10.1700,10.4000,10.3400,21449119,221647290.0000,3,5.678185,1,0.580300,75.524211,0.692952,15.985982,6.735771,0
2009-07-20,sh.600438,10.4400,10.7400,10.3400,10.6500,10.4000,27904533,295679676.0000,3,7.387114,1,2.403800,77.339697,0.709609,16.370260,6.897688,0
2009-07-21,sh.600438,10.6500,10.6500,10.1100,10.1900,10.6500,18636974,193879705.0000,3,4.933731,1,-4.319200,73.999203,0.678959,15.663188,6.599760,0
2009-07-22,sh.600438,10.3900,10.5100,10.2300,10.3100,10.1900,14581382,150696977.0000,3,3.860102,1,1.177600,74.870636,0.686955,15.847642,6.677481,0
2009-07-23,sh.600438,10.3600,10.6800,10.2000,10.6500,10.3100,24504119,256250399.0000,3,6.486929,1,3.297800,77.339697,0.709609,16.370260,6.897688,0
2009-07-24,sh.600438,10.6600,10.6800,10.2000,10.2800,10.6500,20145753,209859649.0000,3,5.333147,1,-3.474200,74.652778,0.684956,15.801528,6.658050,0
2009-07-27,sh.600438,10.3200,10.4100,10.2300,10.3700,10.2800,17011938,175256560.0000,3,4.503538,1,0.875500,75.306353,0.690953,15.939869,6.716341,0
2009-07-28,sh.600438,10.3800,10.8200,10.2800,10.5900,10.3700,31667190,335284030.0000,3,8.383195,1,2.121500,76.903980,0.705611,16.278034,6.858828,0
2009-07-29,sh.600438,10.5800,10.6500,9.5300,9.6700,10.5900,25199081,256403225.0000,3,6.670905,1,-8.687400,70.222992,0.644312,14.863889,6.262972,0
2009-07-30,sh.600438,9.7000,9.8800,9.2600,9.6700,9.6700,15326483,146403963.0000,3,4.057351,1,0.000000,70.222992,0.644312,14.863889,6.262972,0
2009-07-31,sh.600438,9.7300,10.1300,9.6200,10.0000,9.6700,13979002,137758190.0000,3,3.700635,1,3.412600,72.619434,0.666300,15.371137,6.476703,0
2009-08-03,sh.600438,10.0200,10.5000,9.9900,10.4200,10.0000,24066389,248270075.0000,3,6.371050,1,4.200000,75.669450,0.694284,16.016724,6.748724,0
2009-08-04,sh.600438,10.3900,11.4000,10.2500,11.1800,10.4200,50893430,545703332.0000,3,13.472921,1,7.293700,81.188527,0.744923,17.184931,7.240954,0
2009-08-05,sh.600438,10.9900,11.2000,10.5800,10.7300,11.1800,33793611,367394061.0000,3,8.946119,1,-4.025000,77.920652,0.714940,16.493230,6.949502,0
2009-08-06,sh.600438,10.6600,11.3900,10.6600,10.8200,10.7300,41039735,452016409.0000,3,10.864371,1,0.838800,78.574227,0.720936,16.631570,7.007792,0
2009-08-07,sh.600438,10.7800,10.8600,10.0000,10.1300,10.8200,23829204,249129461.0000,3,6.308260,1,-6.377100,73.563486,0.674962,15.570961,6.560900,0
2009-08-10,sh.600438,10.1800,10.3500,10.0100,10.2700,10.1300,10739820,109191998.0000,3,2.843132,1,1.382000,74.580158,0.684290,15.786157,6.651574,0
2009-08-11,sh.600438,10.3000,10.3700,10.1500,10.2300,10.2700,7535146,77321534.0000,3,1.994765,1,-0.389500,74.289681,0.681625,15.724673,6.625667,0
2009-08-12,sh.600438,10.1000,10.2300,9.5000,9.5400,10.2300,11776960,115361864.0000,3,3.117692,1,-6.744900,69.278940,0.635650,14.664064,6.178774,0
2009-08-13,sh.600438,9.6000,9.7000,9.3500,9.5900,9.5400,6955506,66493964.0000,3,1.841318,1,0.524100,69.642037,0.638981,14.740920,6.211158,0
2009-08-14,sh.600438,9.6300,9.6700,9.1100,9.1300,9.5900,9183309,85747973.0000,3,2.431080,1,-4.796700,66.301543,0.608332,14.033848,5.913230,0
2009-08-17,sh.600438,9.0200,9.1000,8.2200,8.2400,9.1300,10160972,87921338.0000,3,2.689895,1,-9.748100,59.838413,0.549031,12.665817,5.336803,0
2009-08-18,sh.600438,8.1900,8.4400,8.1100,8.3900,8.2400,6296226,52294448.0000,3,1.666788,1,1.820400,60.927705,0.559025,12.896384,5.433954,0
2009-08-19,sh.600438,8.3900,8.4700,7.6000,7.8200,8.3900,7734663,62796756.0000,3,2.047583,1,-6.793800,56.788397,0.521046,12.020229,5.064782,0
2009-08-20,sh.600438,7.8400,8.1000,7.7500,8.0900,7.8200,8072854,64484279.0000,3,2.137111,1,3.452700,58.749122,0.539036,12.435250,5.239652,0
2009-08-21,sh.600438,8.0600,8.3000,8.0000,8.2400,8.0900,7967264,65020371.0000,3,2.109159,1,1.854100,59.838413,0.549031,12.665817,5.336803,0
2009-08-24,sh.600438,8.2300,8.3400,8.1600,8.2700,8.2400,8937028,73789381.0000,3,2.365883,1,0.364100,60.056272,0.551030,12.711930,5.356233,0
2009-08-25,sh.600438,8.3800,8.4200,7.9600,8.1600,8.2700,12465769,102440247.0000,3,3.300039,1,-1.330100,48.865774,0.542747,57.768632,4.869945,0
2009-08-26,sh.600438,8.1000,8.8800,8.0300,8.6200,8.1600,14660854,125603410.0000,3,3.881140,1,5.637300,51.620462,0.573343,61.025197,5.144476,0
2009-08-27,sh.600438,8.6000,8.9900,8.4600,8.8500,8.6200,15988651,139430968.0000,3,4.232645,1,2.668200,52.997806,0.588641,62.653480,5.281742,0
2009-08-28,sh.600438,8.7700,8.8300,8.4100,8.4700,8.8500,9639733,82339654.0000,3,2.551908,1,-4.293800,50.722194,0.563366,59.963274,5.054955,0
2009-08-31,sh.600438,8.4200,8.6400,7.9900,8.0100,8.4700,10848931,90375499.0000,3,2.872017,1,-5.430900,47.967506,0.532770,56.706709,4.780424,0
2009-09-01,sh.600438,7.8200,8.4500,7.8200,8.3900,8.0100,12927629,106502105.0000,3,3.422307,1,4.744100,50.243118,0.558045,59.396915,5.007211,0
2009-09-02,sh.600438,8.4700,8.5800,8.1000,8.2800,8.3900,14244407,119429697.0000,3,3.770895,1,-1.311100,49.584388,0.550729,58.618171,4.941562,0
2009-09-03,sh.600438,8.3000,8.5700,8.1000,8.5300,8.2800,13179222,110597693.0000,3,3.488911,1,3.019300,51.081501,0.567357,60.388043,5.090764,0
2009-09-04,sh.600438,8.5200,9.1100,8.4300,8.9300,8.5300,22298893,197230421.0000,3,5.903144,1,4.689300,53.476882,0.593963,63.219839,5.329486,0
2009-09-07,sh.600438,8.9400,9.2100,8.7100,9.0000,8.9300,20061578,179241889.0000,3,5.310864,1,0.783900,53.896074,0.598618,63.715403,5.371263,0
2009-09-08,sh.600438,8.8100,9.0600,8.7800,8.9200,9.0000,11327850,100903044.0000,3,2.998800,1,-0.888900,53.416998,0.593297,63.149044,5.323518,0
2009-09-09,sh.600438,8.9500,9.0700,8.6700,8.8300,8.9200,10302753,90931531.0000,3,2.727428,1,-1.009000,52.878037,0.587311,62.511890,5.269806,0
2009-09-10,sh.600438,8.8600,8.9000,8.6000,8.7400,8.8300,8623341,75487684.0000,3,2.282841,1,-1.019300,52.339076,0.581325,61.874736,5.216093,0
2009-09-11,sh.600438,8.6500,8.9200,8.6300,8.8400,8.7400,7202113,63602764.0000,3,1.906602,1,1.144200,52.937922,0.587976,62.582685,5.275774,0
2009-09-14,sh.600438,8.8800,9.3700,8.8500,9.2600,8.8400,17830601,163169726.0000,3,4.720261,1,4.751100,55.453072,0.615912,65.556070,5.526433,0
2009-09-15,sh.600438,9.2500,9.2800,9.0400,9.1500,9.2600,15183388,138997387.0000,3,4.019470,1,-1.187900,54.794342,0.608595,64.777326,5.460784,0
2009-09-16,sh.600438,9.1300,9.2300,9.0300,9.1000,9.1500,9467590,86277678.0000,3,2.506337,1,-0.546400,54.494919,0.605270,64.423352,5.430943,0
2009-09-17,sh.600438,9.1400,9.4400,9.0900,9.2600,9.1000,12363592,115186175.0000,3,3.272990,1,1.758200,55.453072,0.615912,65.556070,5.526433,0
2009-09-18,sh.600438,9.2600,9.3600,8.9100,8.9900,9.2600,13054976,119671486.0000,3,3.456019,1,-2.915800,53.836189,0.597953,63.644608,5.365295,0
2009-09-21,sh.600438,8.8500,9.0000,8.5000,8.9300,8.9900,9196541,80657764.0000,3,2.434583,1,-0.667400,53.476882,0.593963,63.219839,5.329486,0
2009-09-22,sh.600438,8.9900,9.0500,8.8000,8.8700,8.9300,8952069,79924532.0000,3,2.369864,1,-0.671900,53.117575,0.589972,62.795069,5.293678,0
2009-09-23,sh.600438,8.8600,8.9000,8.2100,8.5200,8.8700,10345447,88029159.0000,3,2.738731,1,-3.945900,51.021617,0.566692,60.317248,5.084795,0
2009-09-24,sh.600438,8.5200,8.6300,8.1600,8.3800,8.5200,10888273,91663399.0000,3,2.882432,1,-1.643200,50.183233,0.557380,59.326120,5.001242,0
2009-09-25,sh.600438,8.3700,8.4400,8.1600,8.3400,8.3800,5442405,45118878.0000,3,1.440758,1,-0.477300,49.943695,0.554720,59.042940,4.977370,0
2009-09-28,sh.600438,8.2900,8.4100,8.0400,8.1000,8.3400,5427141,44911492.0000,3,1.436717,1,-2.877700,48.506467,0.538757,57.343863,4.834137,0
2009-09-29,sh.600438,8.1000,8.2000,7.7100,7.8200,8.1000,7285912,57662351.0000,3,1.928786,1,-3.456800,46.829700,0.520133,55.361606,4.667031,0
2009-09-30,sh.600438,7.8600,7.9600,7.7500,7.7900,7.8200,5323544,41763083.0000,3,1.409292,1,-0.383600,46.650046,0.518138,55.149221,4.649126,0
2009-10-09,sh.600438,7.9100,8.1400,7.9100,8.1300,7.7900,4737686,38206812.0000,3,1.254199,1,4.364600,48.686120,0.540752,57.556247,4.852041,0
2009-10-12,sh.600438,8.2600,8.2700,8.0400,8.1200,8.1300,4213660,34373256.0000,3,1.115474,1,-0.123000,48.626236,0.540087,57.485452,4.846073,0
2009-10-13,sh.600438,8.1400,8.2900,8.1000,8.2800,8.1200,4953878,40672179.0000,3,1.311431,1,1.970400,49.584388,0.550729,58.618171,4.941562,0
2009-10-14,sh.600438,8.2600,8.6000,8.2500,8.5600,8.2800,9626944,81054252.0000,3,2.548523,1,3.381600,51.261155,0.569353,60.600428,5.108668,0
2009-10-15,sh.600438,8.9000,9.0000,8.6900,8.7000,8.5600,25434308,225564326.0000,3,6.733176,1,1.635500,52.099538,0.578664,61.591556,5.192221,0
2009-10-16,sh.600438,8.7200,8.7600,8.3300,8.5100,8.7000,11669472,99110491.0000,3,3.089237,1,-2.183900,50.961732,0.566027,60.246453,5.078827,0
2009-10-19,sh.600438,8.4800,8.6100,8.4000,8.6000,8.5100,8210897,70040230.0000,3,2.173655,1,1.057600,51.500693,0.572013,60.883607,5.132540,0
2009-10-20,sh.600438,8.6200,8.8400,8.6200,8.7200,8.6000,10340103,90254743.0000,3,2.737316,1,1.395300,52.219307,0.579995,61.733146,5.204157,0
2009-10-21,sh.600438,8.7400,8.7600,8.5000,8.5500,8.7200,8171906,70350655.0000,3,2.163333,1,-1.949500,51.201270,0.568688,60.529633,5.102700,0
2009-10-22,sh.600438,8.5100,8.6300,8.4400,8.5400,8.5500,5620755,48031262.0000,3,1.487972,1,-0.117000,51.141386,0.568022,60.458838,5.096732,0
2009-10-23,sh.600438,8.5100,8.7300,8.5000,8.7000,8.5400,9244446,80108199.0000,3,2.447265,1,1.873500,52.099538,0.578664,61.591556,5.192221,0
2009-10-26,sh.600438,8.8100,8.8800,8.6700,8.7600,8.7000,9656772,84624753.0000,3,2.556419,1,0.689700,52.458845,0.582655,62.016326,5.228029,0
2009-10-27,sh.600438,8.7400,8.7400,8.4000,8.4200,8.7600,7721519,66116071.0000,3,2.044103,1,-3.881300,44.809894,0.556227,979.956118,4.573058,0
2009-10-28,sh.600438,8.4100,8.5900,8.3800,8.5800,8.4200,6363049,54098977.0000,3,1.684478,1,1.900236,45.661389,0.566796,998.577611,4.659957,0
2009-10-29,sh.600438,8.4500,8.5300,8.2800,8.3000,8.5800,5502904,46301947.0000,3,1.456773,1,-3.263400,44.171273,0.548299,965.989997,4.507884,0
2009-10-30,sh.600438,8.4000,8.6800,8.3900,8.4100,8.3000,7113918,60556748.0000,3,1.883254,1,1.325300,44.756676,0.555566,978.792274,4.567627,0
2009-11-02,sh.600438,8.2900,8.7500,8.1800,8.7000,8.4100,8993821,76820084.0000,3,2.380917,1,3.448300,46.300009,0.574724,1012.543732,4.725132,0
2009-11-03,sh.600438,8.7100,9.0300,8.6500,8.9900,8.7000,19203158,170903273.0000,3,5.083616,1,3.333300,47.843343,0.593881,1046.295190,4.882636,0
2009-11-04,sh.600438,9.0100,9.0600,8.8700,8.9300,8.9900,14057064,125991445.0000,3,3.721300,1,-0.667400,47.524033,0.589917,1039.312129,4.850049,0
2009-11-05,sh.600438,8.9300,9.1300,8.8800,9.0800,8.9300,16362774,147341874.0000,3,4.331686,1,1.679700,48.322309,0.599826,1056.769780,4.931517,0
2009-11-06,sh.600438,9.1100,9.2800,9.0200,9.0800,9.0800,14942515,136550721.0000,3,3.955704,1,0.000000,48.322309,0.599826,1056.769780,4.931517,0
2009-11-09,sh.600438,9.1900,9.2800,9.0800,9.2600,9.0800,15236750,139993207.0000,3,4.033596,1,1.982400,49.280240,0.611717,1077.718961,5.029278,0
2009-11-10,sh.600438,9.3200,9.4700,9.2700,9.3000,9.2600,20996746,196997341.0000,3,5.558429,1,0.432000,49.493114,0.614360,1082.374334,5.051003,0
2009-11-11,sh.600438,9.2500,9.3900,9.2100,9.2900,9.3000,10247413,95290349.0000,3,1.490489,1,-0.107500,49.439895,0.613699,1081.210491,5.045571,0
2009-11-12,sh.600438,9.3100,9.4900,9.2700,9.3500,9.2900,11507526,108020838.0000,3,1.673773,1,0.645900,49.759206,0.617663,1088.193551,5.078159,0
2009-11-13,sh.600438,9.3300,9.4500,9.1400,9.4100,9.3500,11840243,110330585.0000,3,1.722167,1,0.641700,50.078516,0.621626,1095.176611,5.110746,0
2009-11-16,sh.600438,9.5700,10.3500,9.5700,10.3500,9.4100,21907510,221789161.0000,3,3.186454,1,9.989400,55.081046,0.683723,1204.577888,5.621277,0
2009-11-17,sh.600438,10.7800,10.7800,10.2200,10.2800,10.3500,33267794,346060601.0000,3,4.838811,1,-0.676300,54.708517,0.679099,1196.430984,5.583259,0
2009-11-18,sh.600438,10.2100,10.6000,10.1700,10.4100,10.2800,21894018,228659718.0000,3,3.184492,1,1.264600,55.400356,0.687686,1211.560948,5.653864,0
2009-11-19,sh.600438,10.4400,10.9600,10.3800,10.5700,10.4100,27413223,291998662.0000,3,3.987262,1,1.537000,56.251851,0.698256,1230.182442,5.740763,0
2009-11-20,sh.600438,10.5500,11.1400,10.4600,10.9600,10.5700,27090913,295061505.0000,3,3.940382,1,3.689700,58.327368,0.724020,1275.572334,5.952579,0
2009-11-23,sh.600438,11.0000,11.0500,10.7500,10.9900,10.9600,20073166,218384385.0000,3,2.919648,1,0.273700,58.487023,0.726001,1279.063864,5.968873,0
2009-11-24,sh.600438,11.0100,11.2600,10.2000,10.2200,10.9900,27462537,294407167.0000,3,3.994435,1,-7.006400,54.389207,0.675135,1189.447924,5.550672,0
2009-11-25,sh.600438,10.1800,10.5900,10.1700,10.5800,10.2200,19535862,202586489.0000,3,2.841497,1,3.522500,56.305069,0.698917,1231.346285,5.746194,0
2009-11-26,sh.600438,10.8900,11.6400,10.7700,11.0400,10.5800,51534720,579632575.0000,3,7.495741,1,4.347800,58.753115,0.729304,1284.883081,5.996029,0
2009-11-27,sh.600438,10.6800,10.7900,10.0000,10.1000,11.0400,27809147,288508412.0000,3,4.044849,1,-8.514500,53.750586,0.667208,1175.481804,5.485498,0
2009-11-30,sh.600438,10.3000,11.0500,10.2600,10.9600,10.1000,26426187,284502491.0000,3,3.843697,1,8.514900,58.327368,0.724020,1275.572334,5.952579,0
2009-12-01,sh.600438,10.8800,11.4500,10.8200,11.3200,10.9600,28447380,317449851.0000,3,4.137680,1,3.284700,60.243231,0.747801,1317.470695,6.148102,0
2009-12-02,sh.600438,11.3500,12.0800,11.2100,11.6000,11.3200,33076866,386369011.0000,3,4.811041,1,2.473500,61.733346,0.766298,1350.058309,6.300175,0
2009-12-03,sh.600438,11.5000,12.0300,11.3600,11.6600,11.6000,25531141,297929591.0000,3,3.713512,1,0.517200,62.052656,0.770262,1357.041369,6.332762,0
2009-12-04,sh.600438,11.6000,11.7900,11.1100,11.2700,11.6600,24772979,282170241.0000,3,3.603238,1,-3.344800,59.977139,0.744498,1311.651478,6.120946,0
2009-12-07,sh.600438,11.3400,11.5800,11.1800,11.3900,11.2700,14085286,160685346.0000,3,2.048709,1,1.064800,60.615760,0.752425,1325.617598,6.186120,0
2009-12-08,sh.600438,11.3800,11.3800,11.0000,11.1900,11.3900,13096169,146445581.0000,3,1.904842,1,-1.755900,59.551392,0.739213,1302.340731,6.077497,0
2009-12-09,sh.600438,11.0100,11.2100,10.7800,10.8600,11.1900,10796990,118487130.0000,3,1.570426,1,-2.949100,57.795184,0.717414,1263.933900,5.898268,0
2009-12-10,sh.600438,10.9300,11.1800,10.7800,11.1500,10.8600,10912439,119758628.0000,3,1.587218,1,2.670300,59.338518,0.736571,1297.685358,6.055772,0
2009-12-11,sh.600438,11.1600,11.5000,11.0200,11.2200,11.1500,14200472,160974557.0000,3,2.065463,1,0.627800,59.711047,0.741195,1305.832261,6.093790,0
2009-12-14,sh.600438,11.2900,11.3300,10.8600,11.0700,11.2200,8578120,94468517.0000,3,1.247690,1,-1.336900,58.912771,0.731286,1288.374611,6.012323,0
2009-12-15,sh.600438,11.2600,11.6500,11.2400,11.3400,11.0700,16750567,191716992.0000,3,2.436375,1,2.439000,60.349668,0.749122,1319.798382,6.158965,0
2009-12-16,sh.600438,11.2000,11.4700,11.1500,11.3000,11.3400,8784035,99348468.0000,3,1.277641,1,-0.352700,60.136794,0.746480,1315.143008,6.137240,0
2009-12-17,sh.600438,11.2600,11.3400,10.6400,10.7200,11.3000,10741964,117625147.0000,3,1.562422,1,-5.132700,57.050127,0.708165,1247.640093,5.822231,0
2009-12-18,sh.600438,10.6100,10.7000,10.2300,10.2900,10.7200,8076320,84267192.0000,3,1.174703,1,-4.011200,54.761735,0.679759,1197.594828,5.588690,0
2009-12-21,sh.600438,10.3500,10.4500,10.1900,10.4200,10.2900,5843476,60358228.0000,3,0.849935,1,1.263400,55.453575,0.688347,1212.724792,5.659295,0
2009-12-22,sh.600438,10.4500,10.4800,9.8000,9.8600,10.4200,9465931,95282442.0000,3,1.376823,1,-5.374300,52.473344,0.651353,1147.549563,5.355149,0
2009-12-23,sh.600438,9.8200,10.0300,9.6900,10.0000,9.8600,8204102,81166864.0000,3,1.193289,1,1.419900,53.218402,0.660602,1163.843370,5.431186,0
2009-12-24,sh.600438,9.9400,10.3800,9.8900,10.3500,10.0000,7830205,79833946.0000,3,1.138906,1,3.500000,55.081046,0.683723,1204.577888,5.621277,0
2009-12-25,sh.600438,10.3500,10.3500,10.2100,10.2300,10.3500,6574908,67566283.0000,3,0.956322,1,-1.159400,54.442425,0.675796,1190.611768,5.556103,0
2009-12-28,sh.600438,10.3000,10.5800,10.2800,10.4900,10.2300,7043556,73667819.0000,3,1.024487,1,2.541500,55.826103,0.692971,1220.871695,5.697314,0
2009-12-29,sh.600438,10.5700,10.6000,10.3000,10.5300,10.4900,7125593,74577485.0000,3,1.036420,1,0.381300,56.038977,0.695614,1225.527069,5.719038,0
2009-12-30,sh.600438,10.4300,10.5400,10.2500,10.3500,10.5300,9352973,96760669.0000,3,1.360393,1,-1.709400,55.081046,0.683723,1204.577888,5.621277,0
2009-12-31,sh.600438,10.3500,10.5500,10.3300,10.5000,10.3500,7149407,74772550.0000,3,1.039883,1,1.449300,55.879322,0.693632,1222.035539,5.702745,0
2010-01-04,sh.600438,10.7500,11.1500,10.7500,10.8400,10.5000,18791410,206057029.0000,3,2.733216,1,3.238100,57.688747,0.716092,1261.606213,5.887405,0
2010-01-05,sh.600438,10.8300,11.0700,10.7000,11.0600,10.8400,12655776,138238886.0000,3,1.840787,1,2.029500,58.859552,0.730626,1287.210767,6.006891,0
2010-01-06,sh.600438,11.1000,11.2600,10.9000,10.9200,11.0600,10592389,117164832.0000,3,1.540666,1,-1.265800,58.114495,0.721377,1270.916960,5.930855,0
2010-01-07,sh.600438,10.9000,10.9800,10.5800,10.6500,10.9200,8982640,96851943.0000,3,1.306528,1,-2.472500,56.677598,0.703541,1239.493189,5.784213,0
2010-01-08,sh.600438,10.6500,10.7600,10.3800,10.7400,10.6500,6208386,65783145.0000,3,0.903012,1,0.845100,57.156563,0.709486,1249.967779,5.833093,0
2010-01-11,sh.600438,10.7800,10.9200,10.5100,10.5600,10.7400,7366456,78261679.0000,3,1.071453,1,-1.676000,56.198632,0.697595,1229.018599,5.735332,0
2010-01-12,sh.600438,10.5400,10.9400,10.3800,10.9400,10.5600,9462546,101138159.0000,3,1.376330,1,3.598500,58.220931,0.722698,1273.244647,5.941717,0
2010-01-13,sh.600438,10.7000,11.3200,10.6500,11.2700,10.9400,23920890,266429307.0000,3,3.479301,1,3.016500,59.977139,0.744498,1311.651478,6.120946,0
2010-01-14,sh.600438,11.2700,11.5700,11.1100,11.5500,11.2700,20383059,232280383.0000,3,2.964722,1,2.484500,61.467254,0.762995,1344.239092,6.273019,0
2010-01-15,sh.600438,11.5200,11.6800,11.2800,11.4300,11.5500,14081515,161391657.0000,3,2.048161,1,-1.039000,60.828633,0.755068,1330.272972,6.207845,0
2010-01-18,sh.600438,11.3500,11.9300,11.2000,11.9100,11.4300,20527623,239003964.0000,3,2.985749,1,4.199500,63.383116,0.786777,1386.137454,6.468542,0
2010-01-19,sh.600438,11.9100,12.4800,11.7500,12.1200,11.9100,24859535,300138441.0000,3,3.615827,1,1.763200,64.500703,0.800649,1410.578164,6.582597,0
2010-01-20,sh.600438,12.1300,12.2300,11.5000,11.5500,12.1200,21393949,254777948.0000,3,3.111757,1,-4.703000,61.467254,0.762995,1344.239092,6.273019,0
2010-01-21,sh.600438,11.4700,11.6700,11.3800,11.5300,11.5500,10858390,125113054.0000,3,1.579356,1,-0.173200,61.360817,0.761674,1341.911406,6.262157,0
2010-01-22,sh.600438,11.3200,11.3300,10.7700,11.0700,11.5300,14308120,158168252.0000,3,2.081121,1,-3.989600,58.912771,0.731286,1288.374611,6.012323,0
2010-01-25,sh.600438,11.0200,11.1900,10.7500,10.7700,11.0700,6860070,75240429.0000,3,0.997799,1,-2.710000,57.316219,0.711468,1253.459310,5.849387,0
2010-01-26,sh.600438,10.7600,10.8800,10.3700,10.5100,10.7700,6699352,71260524.0000,3,0.974423,1,-2.414100,55.932540,0.694292,1223.199382,5.708176,0
2010-01-27,sh.600438,10.6000,11.1000,10.4500,10.8600,10.5100,12986556,140771625.0000,3,1.888899,1,3.330200,57.795184,0.717414,1263.933900,5.898268,0
2010-01-28,sh.600438,10.8600,11.1500,10.7600,11.0900,10.8600,10954607,120762450.0000,3,1.593351,1,2.117900,59.019207,0.732607,1290.702297,6.023185,0
2010-01-29,sh.600438,11.1500,11.5600,11.0400,11.4300,11.0900,12677513,143630601.0000,3,1.843948,1,3.065800,60.828633,0.755068,1330.272972,6.207845,0
2010-02-01,sh.600438,11.5200,11.6000,10.9800,11.0000,11.4300,11682972,130864640.0000,3,1.699292,1,-3.762000,58.540242,0.726662,1280.227707,5.974304,0
2010-02-02,sh.600438,11.2000,11.9000,11.1500,11.5500,11.0000,24266108,281564248.0000,3,3.529513,1,5.000000,61.467254,0.762995,1344.239092,6.273019,0
2010-02-03,sh.600438,11.5600,11.5700,10.8800,11.4400,11.5500,16311371,182916661.0000,3,2.372494,1,-0.952400,60.881852,0.755728,1331.436815,6.213276,0
2010-02-04,sh.600438,11.3600,12.0000,11.2100,11.9800,11.4400,21518543,252874150.0000,3,3.129879,1,4.720300,63.755645,0.791401,1394.284357,6.506560,0
2010-02-05,sh.600438,11.7800,12.3000,11.5800,11.8300,11.9800,23276020,276401523.0000,3,3.385504,1,-1.252100,62.957369,0.781492,1376.826707,6.425093,0
2010-02-08,sh.600438,11.7300,11.8900,11.5100,11.7000,11.8300,8674229,101499884.0000,3,1.261669,1,-1.098900,62.265530,0.772904,1361.696743,6.354487,0
2010-02-09,sh.600438,11.7000,12.0900,11.6100,11.8800,11.7000,13952229,166083178.0000,3,2.029356,1,1.538500,63.223461,0.784795,1382.645924,6.452249,0
2010-02-10,sh.600438,12.0300,12.1000,11.5800,11.7100,11.8800,10217439,119888775.0000,3,1.486130,1,-1.431000,62.318748,0.773565,1362.860586,6.359918,0
2010-02-11,sh.600438,11.7400,11.9700,11.2000,11.2700,11.7100,15119651,174679852.0000,3,2.199158,1,-3.757500,59.977139,0.744498,1311.651478,6.120946,0
2010-02-12,sh.600438,11.2000,11.4800,11.0600,11.3300,11.2700,8631369,97322030.0000,3,1.255435,1,0.532400,60.296449,0.748462,1318.634538,6.153533,0
2010-02-22,sh.600438,11.3400,11.5300,11.1500,11.3000,11.3300,7196205,81682069.0000,3,1.046690,1,-0.264800,60.136794,0.746480,1315.143008,6.137240,0
2010-02-23,sh.600438,11.2600,11.5700,11.0200,11.5700,11.3000,9085242,102612871.0000,3,1.321451,1,2.389400,61.573691,0.764316,1346.566779,6.283882,0
2010-02-24,sh.600438,11.4300,12.2100,11.4200,12.0900,11.5700,21265460,253883778.0000,3,3.093068,1,4.494400,64.341048,0.798668,1407.086634,6.566303,0
2010-02-25,sh.600438,12.1500,12.4700,12.0400,12.3800,12.0900,26275268,322645681.0000,3,3.821746,1,2.398700,65.884381,0.817825,1440.838092,6.723808,0
2010-02-26,sh.600438,12.4200,12.6400,12.2200,12.4600,12.3800,20153658,251624118.0000,3,2.931356,1,0.646200,66.310129,0.823110,1450.148839,6.767257,0
2010-03-01,sh.600438,12.4500,12.7700,12.3500,12.6500,12.4600,18513874,231944971.0000,3,2.692849,1,1.524900,67.321278,0.835661,1472.261863,6.870450,0
2010-03-02,sh.600438,12.7000,12.7900,12.1400,12.3000,12.6500,18472566,229704089.0000,3,2.686841,1,-2.766800,65.458634,0.812540,1431.527345,6.680358,0
2010-03-03,sh.600438,12.2900,13.1800,12.2000,13.0600,12.3000,30204631,385755446.0000,3,4.393273,1,6.178900,69.503233,0.862746,1519.979441,7.093128,0
2010-03-04,sh.600438,13.0000,13.0000,12.1000,12.1800,13.0600,22707163,286138668.0000,3,3.302764,1,-6.738100,64.820013,0.804613,1417.561225,6.615184,0
2010-03-05,sh.600438,12.3000,12.3800,11.8800,12.2600,12.1800,11439176,138741891.0000,3,1.663832,1,0.656800,65.245760,0.809898,1426.871972,6.658634,0
2010-03-08,sh.600438,12.3000,12.5900,12.0800,12.5000,12.2600,12251704,151546474.0000,3,1.782014,1,1.957600,66.523002,0.825752,1454.804213,6.788982,0
2010-03-09,sh.600438,12.5000,12.5000,12.1200,12.2100,12.5000,11621423,142219520.0000,3,1.690340,1,-2.320000,64.979668,0.806595,1421.052755,6.631478,0
2010-03-10,sh.600438,12.1900,12.3300,11.8900,11.9600,12.2100,8821811,106203521.0000,3,1.283135,1,-2.047500,63.649208,0.790080,1391.956671,6.495698,0
2010-03-11,sh.600438,11.9800,12.0900,11.5900,11.7300,11.9600,9901946,116493092.0000,3,1.440241,1,-1.923100,62.425185,0.774886,1365.188273,6.370781,0
2010-03-12,sh.600438,11.8100,11.8800,11.5600,11.5700,11.7300,7022866,82297265.0000,3,1.021478,1,-1.364000,61.573691,0.764316,1346.566779,6.283882,0
2010-03-15,sh.600438,11.5400,11.7500,11.4500,11.7400,11.5700,5380590,62505458.0000,3,0.782609,1,1.469300,62.478404,0.775547,1366.352116,6.376212,0
2010-03-16,sh.600438,11.7500,11.7800,11.5000,11.7400,11.7400,4323231,50437953.0000,3,0.628815,1,0.000000,62.478404,0.775547,1366.352116,6.376212,0
2010-03-17,sh.600438,11.7600,12.0700,11.7100,12.0600,11.7400,7675059,91575728.0000,3,1.116340,1,2.725700,64.181392,0.796686,1403.595104,6.550010,0
2010-03-18,sh.600438,12.1200,12.1700,11.8100,11.9500,12.0600,7502681,89840638.0000,3,1.091267,1,-0.912100,63.595990,0.789419,1390.792827,6.490267,0
2010-03-19,sh.600438,11.9500,11.9900,11.6700,11.8200,11.9500,6773045,79730297.0000,3,0.985142,1,-1.087900,62.904151,0.780831,1375.662863,6.419661,0
2010-03-22,sh.600438,11.8500,11.9900,11.6500,11.8200,11.8200,6304998,74258650.0000,3,0.917064,1,0.000000,62.904151,0.780831,1375.662863,6.419661,0
2010-03-23,sh.600438,11.9000,12.1400,11.8800,11.9800,11.8200,9920239,119127848.0000,3,1.442902,1,1.353600,63.755645,0.791401,1394.284357,6.506560,0
2010-03-24,sh.600438,11.9800,12.0300,11.7900,11.8300,11.9800,6048069,71614494.0000,3,0.879694,1,-1.252100,62.957369,0.781492,1376.826707,6.425093,0
2010-03-25,sh.600438,11.7900,11.8000,11.4400,11.4500,11.8300,8444182,97654525.0000,3,1.228209,1,-3.212200,60.935070,0.756389,1332.600659,6.218708,0
2010-03-26,sh.600438,11.4400,11.5900,11.2000,11.5400,11.4500,5734081,65600856.0000,3,0.834024,1,0.786000,61.414036,0.762334,1343.075249,6.267588,0
2010-03-30,sh.600438,11.7600,11.8000,11.3300,11.5200,11.5400,9611842,110404408.0000,3,1.398045,1,-0.173300,61.307599,0.761013,1340.747562,6.256726,0
2010-03-31,sh.600438,11.5200,11.5200,11.3100,11.3600,11.5200,6127172,69711573.0000,3,0.891199,1,-1.388900,60.456104,0.750444,1322.126068,6.169827,0
2010-04-01,sh.600438,11.3500,11.4900,11.3300,11.4600,11.3600,10243793,116876524.0000,3,1.489963,1,0.880300,60.988288,0.757050,1333.764502,6.224139,0
2010-04-02,sh.600438,11.5600,11.7500,11.5000,11.6800,11.4600,13843767,160566320.0000,3,2.013580,1,1.919700,62.159093,0.771583,1359.369056,6.343625,0
2010-04-06,sh.600438,11.6800,11.7400,11.4500,11.5900,11.6800,9962888,115025739.0000,3,1.449105,1,-0.770500,61.680128,0.765637,1348.894466,6.294744,0
2010-04-07,sh.600438,11.5400,11.5400,11.3400,11.3800,11.5900,10547319,120151512.0000,3,1.534111,1,-1.811900,53.367414,0.753887,-137.587672,6.382602,0
2010-04-08,sh.600438,11.3900,11.4900,11.3200,11.3600,11.3800,8264412,94265007.0000,3,1.202061,1,-0.175700,53.273623,0.752563,-137.345866,6.371384,0
2010-04-09,sh.600438,11.4000,11.5500,11.3500,11.5000,11.3600,10030197,114716677.0000,3,1.458895,1,1.232400,53.930164,0.761837,-139.038508,6.449905,0
2010-04-12,sh.600438,11.5900,12.0000,11.5000,11.9900,11.5000,30676981,362228524.0000,3,4.461977,1,4.260900,56.228058,0.794298,-144.962758,6.724727,0
2010-04-13,sh.600438,12.0500,12.1300,11.4600,11.8000,11.9900,17974545,212264957.0000,3,2.614403,1,-1.584700,55.337038,0.781711,-142.665600,6.618163,0
2010-04-14,sh.600438,11.8000,12.3000,11.7000,12.2600,11.8000,23442292,283417785.0000,3,3.409689,1,3.898300,57.494244,0.812185,-148.227140,6.876160,0
2010-04-15,sh.600438,12.1900,12.2600,11.8600,12.0100,12.2600,13821544,166804478.0000,3,2.010348,1,-2.039200,56.321849,0.795623,-145.204564,6.735944,0
2010-04-16,sh.600438,12.0000,12.0800,11.7500,11.8600,12.0100,11184190,133242988.0000,3,1.626744,1,-1.249000,55.618412,0.785686,-143.391018,6.651815,0
2010-04-19,sh.600438,11.7000,11.7300,11.1100,11.1300,11.8600,14556179,165798011.0000,3,2.117201,1,-6.155100,52.195019,0.737326,-134.565095,6.242386,0
2010-04-20,sh.600438,11.1500,11.2500,10.8500,10.9600,11.1300,13016860,143644806.0000,3,1.893306,1,-1.527400,51.397791,0.726064,-132.509744,6.147040,0
2010-04-21,sh.600438,10.9900,11.3000,10.8100,11.2800,10.9600,10789291,119595943.0000,3,1.569306,1,2.919700,52.898456,0.747263,-136.378641,6.326515,0
2010-04-22,sh.600438,11.2000,11.4600,11.0000,11.3200,11.2800,9125222,102840874.0000,3,1.327266,1,0.354600,53.086040,0.749913,-136.862253,6.348950,0
2010-04-23,sh.600438,11.3000,11.5500,11.1900,11.2100,11.3200,6710626,76200425.0000,3,0.976063,1,-0.971700,52.570186,0.742626,-135.532320,6.287255,0
2010-04-26,sh.600438,11.1000,11.3500,11.0600,11.0800,11.2100,5362089,59991120.0000,3,0.779918,1,-1.159700,51.960540,0.734013,-133.960580,6.214343,0
2010-04-28,sh.600438,10.6100,10.8200,10.4500,10.5300,11.0800,7384316,78192690.0000,3,1.074051,1,-4.963900,49.381272,0.697578,-127.310912,5.905870,0
2010-04-29,sh.600438,10.5300,10.7500,10.1000,10.1200,10.5300,5494625,57594207.0000,3,0.799195,1,-3.893600,47.458544,0.670417,-122.353887,5.675916,0
2010-04-30,sh.600438,10.2300,10.2300,9.1200,9.5000,10.1200,8904166,85147348.0000,3,1.295114,1,-6.126500,55.700421,0.638418,-16.775510,5.589946,0
2010-05-04,sh.600438,9.2900,9.5800,9.1600,9.5200,9.5000,3016987,28475794.0000,3,0.438822,1,0.210500,55.817685,0.639762,-16.810827,5.601714,0
2010-05-05,sh.600438,9.4800,9.9600,9.4200,9.9200,9.5200,5882359,57557197.0000,3,0.855591,1,4.201700,58.162966,0.666643,-17.517164,5.837081,0
2010-05-06,sh.600438,9.8900,10.2000,9.6700,9.7000,9.9200,7219119,72192349.0000,3,1.050023,1,-2.217700,56.873062,0.651859,-17.128679,5.707629,0
2010-05-07,sh.600438,9.6000,10.2400,9.3900,10.0400,9.7000,12049614,120860408.0000,3,1.752620,1,3.505200,58.866550,0.674707,-17.729066,5.907691,0
2010-05-10,sh.600438,10.0400,10.5200,9.9700,10.1600,10.0400,9970733,101444053.0000,3,1.450246,1,1.195200,59.570135,0.682772,-17.940967,5.978300,0
2010-05-11,sh.600438,10.3800,10.4100,9.4800,9.6400,10.1600,5414778,53477219.0000,3,0.787581,1,-5.118100,56.521269,0.647827,-17.022728,5.672324,0
2010-05-12,sh.600438,9.5000,9.7500,9.1000,9.2500,9.6400,5267996,49221251.0000,3,0.766232,1,-4.045600,54.234621,0.621618,-16.334049,5.442842,0
2010-05-13,sh.600438,9.2400,9.4700,8.9400,9.3800,9.2500,6309586,58030693.0000,3,0.917731,1,1.405400,54.996837,0.630354,-16.563609,5.519336,0
2010-05-14,sh.600438,9.3000,9.3200,9.0900,9.1600,9.3800,4789370,43947744.0000,3,0.696615,1,-2.345400,53.706932,0.615570,-16.175124,5.389885,0
2010-05-17,sh.600438,9.0600,9.1500,8.3800,8.3900,9.1600,5040846,43909357.0000,3,0.733193,1,-8.406100,49.192267,0.563824,-14.815424,4.936805,0
2010-05-18,sh.600438,8.3900,8.4600,7.8600,8.2000,8.3900,7004640,57161290.0000,3,1.018827,1,-2.264600,48.078258,0.551056,-14.479914,4.825006,0
2010-05-19,sh.600438,8.1500,8.3200,8.0900,8.1600,8.2000,4151127,34068273.0000,3,0.603783,1,-0.487800,47.843730,0.548368,-14.409280,4.801470,0
2010-05-20,sh.600438,8.2500,8.3000,7.8900,7.9000,8.1600,4297321,34589849.0000,3,0.625047,1,-3.186300,46.319298,0.530895,-13.950161,4.648482,0
2010-05-21,sh.600438,7.7400,8.0800,7.4500,8.0300,7.9000,5505544,42970519.0000,3,0.800783,1,1.645600,47.081514,0.539631,-14.179721,4.724976,0
2010-05-24,sh.600438,8.0800,8.4300,8.0800,8.3500,8.0300,7151572,59302944.0000,3,1.040198,1,3.985100,48.957739,0.561136,-14.744791,4.913268,0
2010-05-26,sh.600438,8.2300,8.5200,7.9700,8.5100,8.3500,8994273,73967684.0000,3,1.308220,1,1.916200,49.895851,0.571888,-15.027325,5.007415,0
2010-05-27,sh.600438,8.3500,9.1000,8.2400,8.9400,8.5100,9659197,82942826.0000,3,1.404933,1,5.052900,52.417028,0.600785,-15.786638,5.260434,0
2010-05-28,sh.600438,8.9000,9.4800,8.7400,9.3400,8.9400,11311388,102368308.0000,3,1.645245,1,4.474300,54.762309,0.627666,-16.492975,5.495800,0
2010-05-31,sh.600438,9.1200,9.4600,8.8500,9.1000,9.3400,16408645,151377590.0000,3,2.386643,1,-2.569600,53.355140,0.611538,-16.069173,5.354580,0
2010-06-01,sh.600438,9.1200,9.3600,8.7500,9.2500,9.1000,13037795,118109837.0000,3,1.896351,1,1.648400,54.234621,0.621618,-16.334049,5.442842,0
2010-06-02,sh.600438,9.1200,9.9900,9.0500,9.2200,9.2500,21001912,194499067.0000,3,3.054735,1,-0.324300,54.058725,0.619602,-16.281074,5.425190,0
2010-06-03,sh.600438,9.1300,9.3700,8.7900,8.8000,9.2200,12127444,109248243.0000,3,1.763941,1,-4.555300,51.596180,0.591377,-15.539420,5.178055,0
2010-06-04,sh.600438,8.7200,8.9500,8.5100,8.9300,8.8000,7723191,66822460.0000,3,1.123341,1,1.477300,52.358396,0.600113,-15.768980,5.254549,0
2010-06-07,sh.600438,8.7600,9.0900,8.6000,9.0000,8.9300,5072742,44922684.0000,3,0.737832,1,0.783900,52.768820,0.604817,-15.892589,5.295738,0
2010-06-08,sh.600438,8.9000,9.2500,8.7500,8.8400,9.0000,8985069,80214377.0000,3,1.306881,1,-1.777800,51.830708,0.594065,-15.610054,5.201592,0
2010-06-09,sh.600438,8.7500,8.9900,8.4000,8.8100,8.8400,14713194,127069779.0000,3,2.140039,1,-0.339363,51.654812,0.592049,-15.557078,5.183940,0
2010-06-10,sh.600438,8.7200,9.5000,8.6200,9.2800,8.8100,19379511,175313382.0000,3,2.818756,1,5.334800,54.410517,0.623634,-16.387025,5.460495,0
2010-06-11,sh.600438,9.1800,9.3200,8.8500,9.1100,9.2800,20074895,181814810.0000,3,2.919900,1,-1.831900,53.413772,0.612210,-16.086831,5.360464,0
2010-06-17,sh.600438,9.1400,9.1900,8.8400,9.0700,9.1100,12172331,110219598.0000,3,1.770469,1,-0.439100,53.179244,0.609522,-16.016198,5.336928,0
2010-06-18,sh.600438,9.0000,9.0400,8.5000,8.5500,9.0700,4452807,39119055.0000,3,0.647662,1,-5.733200,50.130379,0.574576,-15.097959,5.030952,0
2010-06-21,sh.600438,8.4900,8.7700,8.3000,8.6500,8.5500,4020553,34364806.0000,3,0.584791,1,1.169600,50.716699,0.581297,-15.274544,5.089793,0
2010-06-22,sh.600438,8.5100,8.7700,8.5100,8.6000,8.6500,2975705,25773423.0000,3,0.432817,1,-0.578000,50.423539,0.577937,-15.186251,5.060372,0
2010-06-23,sh.600438,8.5100,8.7000,8.3700,8.4900,8.6000,3043133,25921214.0000,3,0.442625,1,-1.279100,49.778587,0.570544,-14.992009,4.995647,0
2010-06-24,sh.600438,8.4900,8.5400,8.2000,8.3000,8.4900,4077432,34111292.0000,3,0.593064,1,-2.237900,48.664578,0.557776,-14.656498,4.883848,0
2010-06-25,sh.600438,8.2800,8.3200,8.0300,8.0900,8.3000,3295034,26902526.0000,3,0.479264,1,-2.530100,47.433306,0.543664,-14.285671,4.760280,0
2010-06-28,sh.600438,8.1200,8.2200,7.7800,7.8600,8.0900,6568744,52181278.0000,3,0.955426,1,-2.843000,46.084769,0.528207,-13.879527,4.624945,0
2010-06-29,sh.600438,7.8700,7.9000,7.4300,7.4400,7.8600,6396368,48538381.0000,3,0.930354,1,-5.343500,43.622225,0.499982,-13.137873,4.377810,0
2010-06-30,sh.600438,7.4100,7.4400,7.2100,7.2200,7.4400,3609993,26309789.0000,3,0.525075,1,-2.957000,42.332320,0.485198,-12.749388,4.248359,0
2010-07-01,sh.600438,7.2000,7.3400,7.1800,7.2200,7.2200,2304610,16665503.0000,3,0.335206,1,0.000000,42.332320,0.485198,-12.749388,4.248359,0
2010-07-02,sh.600438,7.2200,7.2800,6.8500,7.2700,7.2200,3954836,28057808.0000,3,0.575232,1,0.692500,42.625480,0.488558,-12.837680,4.277780,0
2010-07-05,sh.600438,7.2000,7.2000,7.0100,7.1300,7.2700,1720442,12216308.0000,3,0.250239,1,-1.925700,41.804632,0.479150,-12.590462,4.195402,0
2010-07-06,sh.600438,7.1100,7.3200,7.1100,7.3200,7.1300,2724635,19776126.0000,3,0.396299,1,2.664800,42.918640,0.491918,-12.925972,4.307201,0
2010-07-07,sh.600438,7.3100,7.4000,7.2100,7.3800,7.3200,2884173,21083618.0000,3,0.419504,1,0.819700,43.270432,0.495950,-13.031923,4.342506,0
2010-07-08,sh.600438,7.4000,7.4300,6.9800,7.1500,7.3800,7850804,55949871.0000,3,1.141902,1,-3.116500,41.921896,0.480494,-12.625779,4.207170,0
2010-07-09,sh.600438,7.1400,7.4100,7.0600,7.3700,7.1500,6810642,49608124.0000,3,0.990610,1,3.076900,43.211800,0.495278,-13.014264,4.336621,0
2010-07-12,sh.600438,7.3600,7.5300,7.3600,7.4700,7.3700,6206998,46273908.0000,3,0.902810,1,1.356900,43.798121,0.501998,-13.190849,4.395463,0
2010-07-13,sh.600438,7.4100,7.6700,7.3400,7.5400,7.4700,8800738,66604272.0000,3,1.280070,1,0.937100,44.208545,0.506703,-13.314458,4.436652,0
2010-07-14,sh.600438,7.5200,7.8400,7.5000,7.7600,7.5400,10799547,82844195.0000,3,1.570798,1,2.917800,45.498449,0.521487,-13.702943,4.566103,0
2010-07-15,sh.600438,7.6900,7.9000,7.5600,7.5900,7.7600,9040203,69726876.0000,3,1.314900,1,-2.190700,44.501705,0.510063,-13.402750,4.466073,0
2010-07-16,sh.600438,7.4500,7.7700,7.4200,7.7300,7.5900,7238706,55578839.0000,3,1.052872,1,1.844531,45.322553,0.519471,-13.649968,4.548451,0
2010-07-19,sh.600438,7.6200,8.2900,7.5800,8.1300,7.7300,11827257,93852312.0000,3,1.720278,1,5.174600,47.667834,0.546352,-14.356305,4.783817,0
2010-07-20,sh.600438,8.0400,8.1800,7.9800,8.1500,8.1300,20304049,164055537.0000,3,2.953230,1,0.246000,47.785098,0.547696,-14.391622,4.795585,0
2010-07-21,sh.600438,8.1300,8.2900,8.0200,8.0600,8.1500,9859124,80014463.0000,3,1.434013,1,-1.104300,47.257410,0.541648,-14.232696,4.742628,0
2010-07-22,sh.600438,8.0000,8.0800,7.8800,8.0600,8.0600,6926776,55366893.0000,3,1.007502,1,0.000000,47.257410,0.541648,-14.232696,4.742628,0
2010-07-23,sh.600438,8.0400,8.0800,7.8600,7.9300,8.0600,5432045,43255307.0000,3,0.790093,1,-1.612900,46.495194,0.532911,-14.003136,4.666134,0
2010-07-26,sh.600438,7.8800,8.0600,7.8800,8.0300,7.9300,5488492,43882141.0000,3,0.798303,1,1.261000,47.081514,0.539631,-14.179721,4.724976,0
2010-07-27,sh.600438,8.0000,8.1600,7.9700,8.1100,8.0300,7981699,64640829.0000,3,1.160941,1,0.996300,47.550570,0.545008,-14.320988,4.772049,0
2010-07-28,sh.600438,8.0800,8.3300,8.0600,8.2800,8.1100,10304818,84778098.0000,3,1.498839,1,2.096200,48.547314,0.556432,-14.621182,4.872079,0
2010-07-29,sh.600438,8.2800,8.3200,8.1600,8.3000,8.2800,9037189,74652520.0000,3,1.314462,1,0.241500,48.664578,0.557776,-14.656498,4.883848,0
2010-07-30,sh.600438,8.2900,8.3500,8.1500,8.2300,8.3000,5526118,45450187.0000,3,0.803776,1,-0.843400,48.254154,0.553072,-14.532889,4.842659,0
2010-08-02,sh.600438,8.1600,8.4500,8.1000,8.3500,8.2300,11497342,95326383.0000,3,1.672292,1,1.458100,48.957739,0.561136,-14.744791,4.913268,0
2010-08-03,sh.600438,8.4300,8.4800,8.1300,8.1700,8.3500,9614584,80213611.0000,3,1.398444,1,-2.155700,47.902362,0.549040,-14.426939,4.807354,0
2010-08-04,sh.600438,8.1900,8.2500,8.0000,8.1500,8.1700,8382455,68142227.0000,3,1.219231,1,-0.244800,47.785098,0.547696,-14.391622,4.795585,0
2010-08-05,sh.600438,8.1900,8.7400,8.1700,8.4200,8.1500,18811571,158093160.0000,3,2.736149,1,3.312900,49.368163,0.565840,-14.868400,4.954458,0
2010-08-06,sh.600438,8.3500,8.8800,8.3300,8.7000,8.4200,18481112,160321804.0000,3,2.688084,1,3.325400,51.009859,0.584657,-15.362836,5.119214,0
2010-08-09,sh.600438,8.8800,9.2900,8.8400,9.1100,8.7000,20164370,182880403.0000,3,2.932914,1,4.712600,53.413772,0.612210,-16.086831,5.360464,0
2010-08-10,sh.600438,9.0800,9.1500,8.6500,8.7000,9.1100,14791682,130662344.0000,3,2.151455,1,-4.500500,51.009859,0.584657,-15.362836,5.119214,0
2010-08-11,sh.600438,8.7000,8.8800,8.6000,8.7400,8.7000,10028521,87434731.0000,3,1.458652,1,0.459800,51.244387,0.587345,-15.433469,5.142750,0
2010-08-12,sh.600438,8.6000,8.7100,8.3500,8.4200,8.7400,8613776,73343448.0000,3,1.252876,1,-3.661300,49.368163,0.565840,-14.868400,4.954458,0
2010-08-13,sh.600438,8.4800,8.5700,8.3200,8.5200,8.4200,6304400,53212305.0000,3,0.916977,1,1.187600,49.954483,0.572560,-15.044984,5.013299,0
2010-08-16,sh.600438,8.5700,8.7900,8.5200,8.7000,8.5200,7527449,65287034.0000,3,1.094870,1,2.112700,51.009859,0.584657,-15.362836,5.119214,0
2010-08-17,sh.600438,8.8500,8.9000,8.5800,8.6700,8.7000,7711654,66948392.0000,3,1.121662,1,-0.344800,50.833963,0.582641,-15.309860,5.101561,0
2010-08-18,sh.600438,8.6700,8.8100,8.4500,8.5900,8.6700,9177696,78573335.0000,3,1.334899,1,-0.922700,50.364907,0.577265,-15.168593,5.054488,0
2010-08-19,sh.600438,8.5900,8.7200,8.4400,8.7000,8.5900,8743937,75262455.0000,3,1.271808,1,1.280600,51.009859,0.584657,-15.362836,5.119214,0
2010-08-20,sh.600438,8.6600,8.7700,8.5300,8.5400,8.7000,8952455,77466027.0000,3,1.302137,1,-1.839100,50.071747,0.573904,-15.080301,5.025067,0
2010-08-23,sh.600438,8.4600,8.5300,8.3200,8.4400,8.5400,6466795,54341622.0000,3,0.940597,1,-1.171000,49.485427,0.567184,-14.903716,4.966226,0
2010-08-24,sh.600438,8.4900,8.8000,8.3300,8.7200,8.4400,11396372,98756254.0000,3,1.657606,1,3.317500,69.435849,0.608581,-257.163679,4.893779,0
2010-08-25,sh.600438,8.6500,8.7700,8.3900,8.4000,8.7200,6910649,59304120.0000,3,1.005156,1,-3.669700,66.887745,0.586248,-247.726480,4.714190,0
2010-08-26,sh.600438,8.4000,8.4800,8.2400,8.3400,8.4000,6010721,50174357.0000,3,0.874261,1,-0.714300,66.409975,0.582061,-245.957005,4.680518,0
2010-08-27,sh.600438,8.3000,8.5000,8.2700,8.4100,8.3400,4411731,37074990.0000,3,0.641688,1,0.839300,66.967373,0.586946,-248.021393,4.719802,0
2010-08-30,sh.600438,8.4500,8.8600,8.4500,8.8100,8.4100,13605181,118935728.0000,3,1.978878,1,4.756200,70.152504,0.614863,-259.817892,4.944288,0
2010-08-31,sh.600438,8.7500,9.3400,8.7000,9.1900,8.8100,24322694,221831219.0000,3,3.537743,1,4.313300,73.178378,0.641383,-271.024566,5.157549,0
2010-09-01,sh.600438,9.1000,9.2400,8.8800,9.0300,9.1900,9847749,88944905.0000,3,1.432358,1,-1.741000,71.904326,0.630217,-266.305966,5.067755,0
2010-09-02,sh.600438,9.1100,9.6500,9.0700,9.3900,9.0300,16694134,156923570.0000,3,2.428167,1,3.986700,74.770943,0.655342,-276.922815,5.269791,0
2010-09-03,sh.600438,9.3700,9.7900,9.2800,9.4900,9.3900,15722285,150070225.0000,3,2.286811,1,1.065000,75.567226,0.662321,-279.871940,5.325913,0
2010-09-06,sh.600438,9.5900,9.7300,9.2800,9.3300,9.4900,8819635,83317371.0000,3,1.282819,1,-1.686000,74.293174,0.651154,-275.153341,5.236119,0
2010-09-07,sh.600438,9.3100,9.4900,9.0100,9.3800,9.3300,8443817,77762528.0000,3,1.228156,1,0.535900,74.691315,0.654644,-276.627903,5.264179,0
2010-09-08,sh.600438,9.4000,9.5000,9.1800,9.4000,9.3800,7055447,66042352.0000,3,1.026217,1,0.213214,74.850572,0.656040,-277.217728,5.275403,0
2010-09-09,sh.600438,9.4600,9.6800,9.3000,9.4200,9.4000,14122251,134564135.0000,3,2.054086,1,0.212800,75.009828,0.657435,-277.807553,5.286628,0
2010-09-10,sh.600438,9.3800,9.8000,9.3800,9.7700,9.4200,13782653,132232000.0000,3,2.004691,1,3.715500,77.796817,0.681862,-288.129490,5.483052,0
2010-09-13,sh.600438,9.8500,10.2800,9.8500,9.9700,9.7700,16766521,168342883.0000,3,2.438696,1,2.047100,79.389383,0.695821,-294.027739,5.595295,0
2010-09-14,sh.600438,10.0500,10.5100,9.9900,10.2400,9.9700,16700111,171675110.0000,3,2.429036,1,2.708100,81.539346,0.714664,-301.990376,5.746822,0
2010-09-15,sh.600438,10.1000,10.1900,9.7500,9.7700,10.2400,10407442,103448398.0000,3,1.513766,1,-4.589800,77.796817,0.681862,-288.129490,5.483052,0
2010-09-16,sh.600438,9.7600,9.7600,9.2200,9.3900,9.7700,7123567,67096106.0000,3,1.036125,1,-3.889500,74.770943,0.655342,-276.922815,5.269791,0
2010-09-17,sh.600438,9.4600,9.5800,9.1800,9.5700,9.3900,7469804,70305144.0000,3,1.086485,1,1.916900,76.204252,0.667904,-282.231240,5.370810,0
2010-09-20,sh.600438,9.5400,9.6800,9.4100,9.5000,9.5700,5363904,51346280.0000,3,0.780182,1,-0.731500,75.646854,0.663019,-280.166853,5.331525,0
2010-09-21,sh.600438,9.4600,9.5500,9.2800,9.4100,9.5000,4283594,40130319.0000,3,0.623050,1,-0.947400,74.930200,0.656738,-277.512640,5.281016,0
2010-09-27,sh.600438,9.4100,9.7600,9.3800,9.7500,9.4100,4844338,46325004.0000,3,0.704610,1,3.613200,77.637561,0.680467,-287.539665,5.471828,0
2010-09-28,sh.600438,9.7000,9.8800,9.5900,9.6400,9.7500,4707854,45837786.0000,3,0.684759,1,-1.128200,76.761650,0.672790,-284.295627,5.410095,0
2010-09-29,sh.600438,9.6000,9.8600,9.5000,9.7800,9.6400,4841861,46938064.0000,3,0.704250,1,1.452300,77.876446,0.682560,-288.424402,5.488664,0
2010-09-30,sh.600438,9.7400,9.9200,9.6600,9.8400,9.7800,4763756,46863147.0000,3,0.692890,1,0.613500,78.354215,0.686748,-290.193877,5.522337,0
2010-10-08,sh.600438,9.9100,10.1500,9.9100,10.0900,9.8400,7643838,76842169.0000,3,1.111799,1,2.540700,80.344922,0.704196,-297.566689,5.662641,0
2010-10-11,sh.600438,10.1000,10.5900,10.1000,10.2400,10.0900,13837840,143759937.0000,3,2.012718,1,1.486600,81.539346,0.714664,-301.990376,5.746822,0
2010-10-12,sh.600438,10.2500,10.2600,10.0100,10.1300,10.2400,7679768,77616209.0000,3,1.117025,1,-1.074200,80.663435,0.706987,-298.746339,5.685089,0
2010-10-13,sh.600438,10.1400,10.1400,9.7000,9.8300,10.1300,11523966,113444852.0000,3,1.676164,1,-2.961500,78.274587,0.686050,-289.898964,5.516725,0
2010-10-14,sh.600438,9.8000,9.9800,9.6000,9.6100,9.8300,11540290,112916097.0000,3,1.678539,1,-2.238000,76.522765,0.670696,-283.410890,5.393258,0
2010-10-15,sh.600438,9.5500,9.6300,9.3500,9.4100,9.6100,8045640,76071385.0000,3,1.170241,1,-2.081200,74.930200,0.656738,-277.512640,5.281016,0
2010-10-18,sh.600438,9.4200,9.4500,8.4800,8.9200,9.4100,9676150,86440746.0000,3,1.407399,1,-5.207200,71.028415,0.622540,-263.061929,5.006021,0
2010-10-19,sh.600438,8.8800,9.2000,8.8200,9.1400,8.9200,5381497,48930964.0000,3,0.782740,1,2.466400,72.780237,0.637894,-269.550003,5.129488,0
2010-10-20,sh.600438,9.0600,9.3200,8.9500,9.1000,9.1400,8465834,77352776.0000,3,1.231358,1,-0.437600,72.461724,0.635102,-268.370354,5.107040,0
2010-10-21,sh.600438,9.1600,9.2400,8.9700,9.0700,9.1000,8073070,73158764.0000,3,1.174231,1,-0.329700,72.222839,0.633008,-267.485616,5.090203,0
2010-10-22,sh.600438,9.0800,9.4800,9.0800,9.3300,9.0700,8482027,78677909.0000,3,1.233713,1,2.866600,74.293174,0.651154,-275.153341,5.236119,0
2010-10-25,sh.600438,9.3100,9.6800,9.2500,9.5700,9.3300,9352517,88788384.0000,3,1.360327,1,2.572300,76.204252,0.667904,-282.231240,5.370810,0
2010-10-26,sh.600438,9.5900,9.6600,9.2900,9.5700,9.5700,9177749,87000538.0000,3,1.334906,1,0.000000,76.204252,0.667904,-282.231240,5.370810,0
2010-10-27,sh.600438,9.5000,9.6000,9.3200,9.3300,9.5700,5801773,54886616.0000,3,0.843870,1,-2.507800,74.293174,0.651154,-275.153341,5.236119,0
2010-10-28,sh.600438,9.2700,9.3600,9.1400,9.2200,9.3300,6697557,61831161.0000,3,0.974162,1,-1.179000,73.417263,0.643477,-271.909303,5.174385,0
2010-10-29,sh.600438,9.2200,9.4400,9.1700,9.4200,9.2200,7567703,70401316.0000,3,1.100725,1,2.169200,75.009828,0.657435,-277.807553,5.286628,0
2010-11-01,sh.600438,9.8000,10.3600,9.8000,10.3600,9.4200,30517225,312560614.0000,3,4.438740,1,9.978800,42.632579,0.727376,-135.145671,4.997970,0
2010-11-02,sh.600438,11.0800,11.3400,10.3000,10.3800,10.3600,43982437,470996696.0000,3,6.397259,1,0.193100,42.714881,0.728780,-135.406570,5.007619,0
2010-11-03,sh.600438,10.2500,10.7700,10.1600,10.2900,10.3800,20791393,217960638.0000,3,3.024115,1,-0.867100,42.344521,0.722462,-134.232525,4.964200,0
2010-11-04,sh.600438,10.2800,10.6500,10.2500,10.5100,10.2900,14907960,155939963.0000,3,2.168367,1,2.138000,43.249846,0.737908,-137.102414,5.070335,0
2010-11-05,sh.600438,10.6400,10.6600,10.4100,10.4800,10.5100,14822198,155898045.0000,3,2.155893,1,-0.285400,43.126393,0.735801,-136.711065,5.055862,0
2010-11-08,sh.600438,10.5700,11.0900,10.4900,10.9600,10.4800,21188006,229465003.0000,3,3.081802,1,4.580200,45.101647,0.769502,-142.972641,5.287428,0
2010-11-09,sh.600438,11.1000,11.1000,10.7100,10.8600,10.9600,14696581,159121116.0000,3,2.137622,1,-0.912400,44.690136,0.762481,-141.668146,5.239185,0
2010-11-10,sh.600438,10.8500,11.0900,10.7500,10.9800,10.8600,15423259,169296718.0000,3,2.243318,1,1.105000,45.183949,0.770906,-143.233540,5.297077,0
2010-11-11,sh.600438,10.9500,10.9600,10.6100,10.6400,10.9800,18482724,199184298.0000,3,2.688318,1,-3.096500,43.784811,0.747035,-138.798257,5.133051,0
2010-11-12,sh.600438,10.5100,10.6900,9.6800,9.7300,10.6400,14470749,147439110.0000,3,2.104775,1,-8.552600,40.040057,0.683144,-126.927353,4.694040,0
2010-11-15,sh.600438,9.7900,10.1000,9.6900,10.0900,9.7300,7718761,76194146.0000,3,1.122696,1,3.699900,41.521498,0.708420,-131.623535,4.867714,0
2010-11-16,sh.600438,10.1000,10.1800,9.6200,9.7600,10.0900,7705747,76389953.0000,3,1.120803,1,-3.270600,40.163511,0.685250,-127.318702,4.708513,0
2010-11-17,sh.600438,9.5700,9.9900,9.3900,9.4600,9.7600,7381035,71526245.0000,3,1.073574,1,-3.073800,38.928976,0.664187,-123.405217,4.563784,0
2010-11-18,sh.600438,9.4800,9.6400,9.2500,9.4900,9.4600,5309991,50161575.0000,3,0.772340,1,0.317100,39.052430,0.666293,-123.796566,4.578257,0
2010-11-19,sh.600438,9.5600,9.5800,9.3300,9.5500,9.4900,6106650,57886483.0000,3,0.888214,1,0.632200,39.299337,0.670506,-124.579263,4.607202,0
2010-11-22,sh.600438,9.4800,9.7800,9.3900,9.7000,9.5500,8355468,80356889.0000,3,1.215305,1,1.570700,39.916604,0.681038,-126.536005,4.679567,0
2010-11-23,sh.600438,9.6200,9.8100,9.2700,9.7200,9.7000,8100985,77338283.0000,3,1.178291,1,0.206200,39.998906,0.682442,-126.796904,4.689215,0
2010-11-24,sh.600438,9.5500,10.0000,9.5500,9.9900,9.7200,10231694,100898443.0000,3,1.488203,1,2.777800,41.109987,0.701399,-130.319040,4.819471,0
2010-11-25,sh.600438,9.9800,10.1500,9.8500,10.0000,9.9900,10435341,104269414.0000,3,1.517824,1,0.100100,41.151138,0.702101,-130.449490,4.824296,0
2010-11-26,sh.600438,10.0000,10.2500,9.8100,10.1700,10.0000,9865345,99309441.0000,3,1.434918,1,1.700000,41.850707,0.714036,-132.667131,4.906309,0
2010-11-29,sh.600438,10.0900,10.4000,10.0400,10.1900,10.1700,9827309,100651757.0000,3,1.429385,1,0.196700,41.933010,0.715441,-132.928030,4.915957,0
2010-11-30,sh.600438,10.1200,10.2600,9.4400,9.7200,10.1900,9220877,90232880.0000,3,1.341179,1,-4.612400,39.998906,0.682442,-126.796904,4.689215,0
2010-12-01,sh.600438,9.6600,9.8500,9.6400,9.7200,9.7200,4188846,40787433.0000,3,0.609269,1,0.000000,39.998906,0.682442,-126.796904,4.689215,0
2010-12-02,sh.600438,9.8200,10.1000,9.8000,9.9900,9.7200,9421245,93682545.0000,3,1.370323,1,2.777800,41.109987,0.701399,-130.319040,4.819471,0
2010-12-03,sh.600438,10.1500,10.2100,9.8100,10.0300,9.9900,8480406,85110459.0000,3,1.233478,1,0.400400,41.274591,0.704207,-130.840838,4.838769,0
2010-12-06,sh.600438,10.0600,10.1200,9.6100,9.6800,10.0300,5677331,55673031.0000,3,0.825770,1,-3.489500,39.834301,0.679633,-126.275106,4.669918,0
2010-12-07,sh.600438,9.5500,9.7000,9.4100,9.6900,9.6800,3539708,33876515.0000,3,0.514852,1,0.103300,39.875453,0.680336,-126.405555,4.674743,0
2010-12-08,sh.600438,9.6800,9.8000,9.4600,9.5500,9.6900,4296433,41304209.0000,3,0.624918,1,-1.444800,39.299337,0.670506,-124.579263,4.607202,0
2010-12-09,sh.600438,9.5900,9.6000,9.1900,9.2000,9.5500,4300594,40312943.0000,3,0.625523,1,-3.664900,37.859047,0.645933,-120.013530,4.438352,0
2010-12-10,sh.600438,9.2000,9.2800,9.0900,9.2500,9.2000,3749699,34448007.0000,3,0.545395,1,0.543500,38.064803,0.649443,-120.665778,4.462474,0
2010-12-13,sh.600438,9.3000,9.6400,9.3000,9.6200,9.2500,5264078,50031421.0000,3,0.765662,1,4.000000,39.587395,0.675421,-125.492409,4.640972,0
2010-12-14,sh.600438,9.6200,9.8700,9.5400,9.8600,9.6200,5759939,56005123.0000,3,0.837785,1,2.494800,40.575022,0.692271,-128.623197,4.756756,0
2010-12-15,sh.600438,9.8000,10.0900,9.7600,9.8000,9.8600,10165973,101092539.0000,3,1.478644,1,-0.608500,40.328115,0.688059,-127.840500,4.727810,0
2010-12-16,sh.600438,9.8000,9.8800,9.7000,9.7400,9.8000,4588296,44797812.0000,3,0.667369,1,-0.612200,40.081208,0.683846,-127.057803,4.698864,0
2010-12-17,sh.600438,9.7000,9.9500,9.6400,9.9300,9.7400,4273633,41784409.0000,3,0.621601,1,1.950700,40.863080,0.697186,-129.536343,4.790526,0
2010-12-20,sh.600438,10.0800,10.1000,9.6400,9.9600,9.9300,8263682,81908368.0000,3,1.201955,1,0.302100,40.986533,0.699292,-129.927692,4.804999,0
2010-12-21,sh.600438,9.9800,10.0200,9.8000,9.9800,9.9600,5379094,53473534.0000,3,0.782391,1,0.200800,41.068836,0.700696,-130.188591,4.814647,0
2010-12-22,sh.600438,10.0000,10.0000,9.8000,9.9200,9.9800,4383503,43216121.0000,3,0.637582,1,-0.601200,40.821929,0.696484,-129.405894,4.785701,0
2010-12-23,sh.600438,9.9400,9.9400,9.5300,9.5400,9.9200,6048272,58292530.0000,3,0.879723,1,-3.830600,39.258186,0.669804,-124.448813,4.602378,0
2010-12-24,sh.600438,9.4900,9.4900,9.3300,9.4000,9.5400,2739504,25748596.0000,3,0.398462,1,-1.467500,38.682070,0.659975,-122.622520,4.534838,0
2010-12-27,sh.600438,9.4400,9.5700,9.1200,9.1600,9.4000,3158728,29573328.0000,3,0.459438,1,-2.553200,37.694442,0.643124,-119.491732,4.419055,0
2010-12-28,sh.600438,9.1400,9.2000,8.9600,8.9900,9.1600,3240345,29289323.0000,3,0.471309,1,-1.855900,36.994873,0.631188,-117.274091,4.337042,0
2010-12-29,sh.600438,8.9800,9.0700,8.9100,9.0500,8.9900,2056210,18491215.0000,3,0.299076,1,0.667400,37.241780,0.635401,-118.056788,4.365988,0
2010-12-30,sh.600438,9.0500,9.1300,8.9100,9.0300,9.0500,2661006,24004755.0000,3,0.387044,1,-0.221000,37.159478,0.633997,-117.795889,4.356339,0
2010-12-31,sh.600438,9.0300,9.2200,9.0300,9.1800,9.0300,2834138,25929513.0000,3,0.412226,1,1.661100,37.776745,0.644528,-119.752631,4.428703,0
2011-01-04,sh.600438,9.2000,9.3800,9.0700,9.3700,9.1800,4845445,44768098.0000,3,0.704771,1,2.069700,38.558616,0.657868,-122.231172,4.520365,0
2011-01-05,sh.600438,9.3000,9.5200,9.2100,9.2800,9.3700,4549658,42439294.0000,3,0.661749,1,-0.960500,38.188256,0.651549,-121.057126,4.476946,0
2011-01-06,sh.600438,9.3000,9.3000,9.1000,9.1600,9.2800,3416148,31312509.0000,3,0.496880,1,-1.293100,37.694442,0.643124,-119.491732,4.419055,0
2011-01-07,sh.600438,9.1700,9.2700,9.1100,9.1700,9.1600,2471486,22707961.0000,3,0.359478,1,0.109200,37.735593,0.643826,-119.622182,4.423879,0
2011-01-10,sh.600438,9.1700,9.1700,8.9300,8.9400,9.1700,2777053,25087160.0000,3,0.403923,1,-2.508200,36.789117,0.627678,-116.621844,4.312920,0
2011-01-11,sh.600438,8.8800,8.9600,8.7900,8.9100,8.9400,2148000,19032581.0000,3,0.312427,1,-0.335600,36.665664,0.625572,-116.230495,4.298447,0
2011-01-12,sh.600438,8.9100,9.4600,8.8700,9.4100,8.9100,5492274,50171502.0000,3,0.798853,1,5.611700,38.723221,0.660677,-122.752970,4.539662,0
2011-01-13,sh.600438,9.5200,9.5200,9.2900,9.4700,9.4100,7963734,74906954.0000,3,1.158328,1,0.637600,38.970128,0.664889,-123.535667,4.568608,0
2011-01-14,sh.600438,9.4100,9.8300,9.1400,9.7100,9.4700,11612694,110573823.0000,3,1.689070,1,2.534300,39.957755,0.681740,-126.666454,4.684391,0
2011-01-17,sh.600438,9.6900,9.6900,9.3100,9.6300,9.7100,8319098,79142464.0000,3,1.210015,1,-0.823900,39.628546,0.676123,-125.622858,4.645797,0
2011-01-18,sh.600438,9.5800,10.4500,9.4500,9.7000,9.6300,16755394,163732114.0000,3,2.437077,1,0.726900,39.916604,0.681038,-126.536005,4.679567,0
2011-01-19,sh.600438,9.6300,9.7800,9.3200,9.5900,9.7000,11348817,108059923.0000,3,1.650689,1,-1.134000,39.463941,0.673315,-125.101061,4.626500,0
2011-01-20,sh.600438,9.4800,9.4900,8.8300,8.8400,9.5900,8296246,76086799.0000,3,1.206692,1,-7.820600,36.377606,0.620657,-115.317349,4.264677,0
2011-01-21,sh.600438,8.8300,8.9700,8.6500,8.9300,8.8400,3999294,35451453.0000,3,0.581699,1,1.018100,36.747966,0.626976,-116.491394,4.308096,0
2011-01-24,sh.600438,8.9000,8.9800,8.6500,8.7600,8.9300,2710232,23813412.0000,3,0.394204,1,-1.903700,36.048397,0.615040,-114.273753,4.226083,0
2011-01-25,sh.600438,8.8000,8.8800,8.4300,8.5500,8.7600,2960092,25376816.0000,3,0.430546,1,-2.397300,35.184223,0.600296,-111.534314,4.124773,0
2011-01-26,sh.600438,8.5200,8.6700,8.5200,8.6600,8.5500,1425938,12267632.0000,3,0.207403,1,1.286500,35.636885,0.608019,-112.969258,4.177840,0
2011-01-27,sh.600438,8.6200,8.8000,8.5300,8.7900,8.6600,2465675,21466456.0000,3,0.358633,1,1.501200,36.171850,0.617146,-114.665101,4.240556,0
2011-01-28,sh.600438,8.7600,8.8800,8.7500,8.8300,8.7900,2919558,25735728.0000,3,0.424651,1,0.455100,36.336455,0.619955,-115.186899,4.259853,0
2011-01-31,sh.600438,8.8200,9.0200,8.7500,8.9900,8.8300,3592205,32069858.0000,3,0.522487,1,1.812000,36.994873,0.631188,-117.274091,4.337042,0
2011-02-01,sh.600438,8.9900,9.0600,8.9100,8.9700,8.9900,1644433,14768742.0000,3,0.239183,1,-0.222500,36.912571,0.629784,-117.013192,4.327393,0
2011-02-09,sh.600438,8.8700,9.2800,8.8100,9.1300,8.9700,5472812,50137507.0000,3,0.796022,1,1.783700,37.570989,0.641018,-119.100384,4.404582,0
2011-02-10,sh.600438,9.2000,9.4500,9.1800,9.3800,9.1300,6590618,61656747.0000,3,0.958607,1,2.738200,38.599767,0.658570,-122.361621,4.525189,0
2011-02-11,sh.600438,9.3900,9.3900,9.2400,9.2800,9.3800,4743888,44089815.0000,3,0.690000,1,-1.066100,38.188256,0.651549,-121.057126,4.476946,0
2011-02-14,sh.600438,9.2800,9.4400,9.2200,9.4000,9.2800,5121588,47823723.0000,3,0.744937,1,1.293100,38.682070,0.659975,-122.622520,4.534838,0
2011-02-15,sh.600438,9.4000,9.5800,9.3000,9.5000,9.4000,6829966,64747670.0000,3,0.993421,1,1.063800,39.093581,0.666996,-123.927015,4.583081,0
2011-02-16,sh.600438,9.4800,9.5200,9.3500,9.5000,9.5000,4290475,40535670.0000,3,0.624051,1,0.000000,39.093581,0.666996,-123.927015,4.583081,0
2011-02-17,sh.600438,9.5000,9.5800,9.3300,9.4400,9.5000,4544648,42871056.0000,3,0.661020,1,-0.631600,38.846674,0.662783,-123.144318,4.554135,0
2011-02-18,sh.600438,9.5600,9.6500,9.4300,9.4700,9.4400,5985904,57067034.0000,3,0.870652,1,0.317800,38.970128,0.664889,-123.535667,4.568608,0
2011-02-21,sh.600438,9.3800,9.6500,9.3100,9.6000,9.4700,7295715,69490687.0000,3,1.061164,1,1.372800,39.505092,0.674017,-125.231510,4.631324,0
2011-02-22,sh.600438,9.6100,9.7700,9.4300,9.5600,9.6000,12006444,115561019.0000,3,1.746341,1,-0.416700,39.340488,0.671208,-124.709712,4.612027,0
2011-02-23,sh.600438,9.4600,9.5600,9.2500,9.4000,9.5600,6793877,63641980.0000,3,0.988172,1,-1.673600,38.682070,0.659975,-122.622520,4.534838,0
2011-02-24,sh.600438,9.4000,9.4900,9.2800,9.4800,9.4000,5225964,49081851.0000,3,0.760118,1,0.851100,39.011279,0.665591,-123.666116,4.573432,0
2011-02-25,sh.600438,9.4700,9.7100,9.3600,9.6900,9.4800,9438893,90814946.0000,3,1.372890,1,2.215200,39.875453,0.680336,-126.405555,4.674743,0
2011-02-28,sh.600438,9.8000,9.8000,9.6200,9.7300,9.6900,8067960,78406747.0000,3,1.173487,1,0.412800,40.040057,0.683144,-126.927353,4.694040,0
2011-03-01,sh.600438,9.7100,9.9000,9.6500,9.8500,9.7300,10271948,100266060.0000,3,1.494058,1,1.233308,40.533871,0.691569,-128.492747,4.751931,0
2011-03-02,sh.600438,9.7400,9.8400,9.5400,9.7600,9.8500,7109173,68950034.0000,3,1.034031,1,-0.913700,40.163511,0.685250,-127.318702,4.708513,0
2011-03-03,sh.600438,9.8100,9.9900,9.6600,9.6900,9.7600,10138228,99807012.0000,3,1.474608,1,-0.717200,39.875453,0.680336,-126.405555,4.674743,0
2011-03-04,sh.600438,9.7600,9.7600,9.5200,9.7300,9.6900,5693227,54973965.0000,3,0.828082,1,0.412800,40.040057,0.683144,-126.927353,4.694040,0
2011-03-07,sh.600438,9.7600,9.9000,9.7100,9.8400,9.7300,8172929,80057691.0000,3,1.188755,1,1.130500,40.492720,0.690867,-128.362298,4.747107,0
2011-03-08,sh.600438,9.8300,9.8700,9.7400,9.8500,9.8400,5894781,57743695.0000,3,0.857398,1,0.101600,40.533871,0.691569,-128.492747,4.751931,0
2011-03-09,sh.600438,9.8500,10.1300,9.8100,9.9700,9.8500,11151729,111570466.0000,3,1.622022,1,1.218300,41.027684,0.699994,-130.058141,4.809823,0
2011-03-10,sh.600438,9.9000,10.3500,9.0000,10.1500,9.9700,20978542,211489141.0000,3,3.051336,1,1.805400,41.768405,0.712632,-132.406232,4.896660,0
2011-03-11,sh.600438,9.9600,10.2200,9.8900,9.9200,10.1500,12648049,126750162.0000,3,1.839663,1,-2.266000,40.821929,0.696484,-129.405894,4.785701,0
2011-03-14,sh.600438,9.8200,10.0000,9.7500,9.9500,9.9200,7016083,69377982.0000,3,1.020491,1,0.302400,40.945382,0.698590,-129.797242,4.800174,0
2011-03-15,sh.600438,9.9100,9.9100,9.5000,9.7000,9.9500,8821138,85339662.0000,3,1.283037,1,-2.512600,39.916604,0.681038,-126.536005,4.679567,0
2011-03-16,sh.600438,9.6500,9.8700,9.5900,9.7900,9.7000,6934267,67680678.0000,3,1.008591,1,0.927800,40.286964,0.687357,-127.710050,4.722986,0
2011-03-17,sh.600438,9.6600,10.0300,9.5300,9.8500,9.7900,12978757,128031562.0000,3,1.887764,1,0.612900,40.533871,0.691569,-128.492747,4.751931,0
2011-03-18,sh.600438,9.8800,10.1100,9.7400,10.0100,9.8500,13567191,135060643.0000,3,1.973352,1,1.624400,41.192289,0.702803,-130.579939,4.829120,0
2011-03-21,sh.600438,9.9500,10.0000,9.7400,9.8100,10.0100,7582287,74644831.0000,3,1.102846,1,-1.998000,40.369266,0.688761,-127.970949,4.732634,0
2011-03-22,sh.600438,9.7900,9.8700,9.6100,9.7700,9.8100,4424150,43008866.0000,3,0.643494,1,-0.407700,40.204662,0.685952,-127.449151,4.713337,0
2011-03-23,sh.600438,9.7700,9.9000,9.7000,9.8700,9.7700,5597315,54885438.0000,3,0.814131,1,1.023500,40.616173,0.692973,-128.753646,4.761580,0
2011-03-24,sh.600438,9.8700,9.9900,9.8100,9.8700,9.8700,6964335,69068386.0000,3,1.012965,1,0.000000,40.616173,0.692973,-128.753646,4.761580,0
2011-03-25,sh.600438,9.8900,10.0500,9.8100,9.9600,9.8700,9652133,96176733.0000,3,1.403906,1,0.911900,40.986533,0.699292,-129.927692,4.804999,0
2011-03-28,sh.600438,10.0000,10.1900,9.9000,10.1200,9.9600,12901473,129988362.0000,3,1.876523,1,1.606400,41.644952,0.710526,-132.014883,4.882187,0
2011-03-29,sh.600438,10.0900,10.3700,10.0200,10.2000,10.1200,16437294,168223902.0000,3,2.390810,1,0.790500,41.974161,0.716143,-133.058479,4.920782,0
2011-03-30,sh.600438,10.2000,10.3400,9.9300,9.9400,10.2000,10980610,111553940.0000,3,1.597133,1,-2.549000,40.904231,0.697888,-129.666793,4.795350,0
2011-03-31,sh.600438,9.8900,9.9000,9.5200,9.6000,9.9400,9860760,95545525.0000,3,1.434251,1,-3.420500,39.505092,0.674017,-125.231510,4.631324,0
2011-04-01,sh.600438,9.6100,9.7100,9.5000,9.7000,9.6000,4572434,44041926.0000,3,0.665062,1,1.041700,39.916604,0.681038,-126.536005,4.679567,0
2011-04-06,sh.600438,9.6800,9.8000,9.5600,9.6400,9.7000,6593006,63739590.0000,3,0.958955,1,-0.618600,39.669697,0.676825,-125.753308,4.650621,0
2011-04-07,sh.600438,9.6000,9.7200,9.5200,9.6900,9.6400,5353580,51466442.0000,3,0.778680,1,0.518700,39.875453,0.680336,-126.405555,4.674743,0
2011-04-08,sh.600438,9.6700,9.7500,9.5500,9.7200,9.6900,5251661,50852914.0000,3,0.763856,1,0.309600,39.998906,0.682442,-126.796904,4.689215,0
2011-04-11,sh.600438,9.7100,9.7400,9.3900,9.4100,9.7200,8541175,81581516.0000,3,1.242317,1,-3.189300,38.723221,0.660677,-122.752970,4.539662,0
2011-04-12,sh.600438,9.3900,9.4600,9.3500,9.4500,9.4100,4859186,45729531.0000,3,0.706770,1,0.425100,38.887825,0.663485,-123.274768,4.558959,0
2011-04-13,sh.600438,9.4500,9.5400,9.3400,9.5300,9.4500,4105636,38833353.0000,3,0.597166,1,0.846600,39.217034,0.669102,-124.318364,4.597554,0
2011-04-14,sh.600438,9.5600,9.7200,9.5000,9.5500,9.5300,6619741,63600052.0000,3,0.962843,1,0.209900,39.299337,0.670506,-124.579263,4.607202,0
2011-04-15,sh.600438,9.5600,9.6300,9.3900,9.5300,9.5500,5955092,56575037.0000,3,0.866170,1,-0.209400,39.217034,0.669102,-124.318364,4.597554,0
2011-04-18,sh.600438,9.4600,9.6000,9.4400,9.5400,9.5300,8338261,79368587.0000,3,1.212803,1,0.104900,39.258186,0.669804,-124.448813,4.602378,0
2011-04-19,sh.600438,9.4300,9.4500,9.0100,9.0900,9.5400,14585217,133562530.0000,3,2.121424,1,-4.717000,38.868144,0.649535,-82.989048,4.592754,0
2011-04-20,sh.600438,9.0900,9.1500,8.9800,9.0800,9.0900,8234582,74483129.0000,3,1.197723,1,-0.110000,38.825385,0.648821,-82.897751,4.587701,0
2011-04-21,sh.600438,9.1300,9.1800,9.0400,9.1500,9.0800,6545166,59669272.0000,3,0.951996,1,0.770900,39.124699,0.653823,-83.536830,4.623069,0
2011-04-22,sh.600438,9.1700,9.1700,8.9800,9.0000,9.1500,6455091,58523113.0000,3,0.938895,1,-1.639300,38.483311,0.643104,-82.167374,4.547281,0
2011-04-25,sh.600438,9.0400,9.0400,8.7000,8.7400,9.0000,6407277,56398508.0000,3,0.931940,1,-2.888900,37.371571,0.624526,-79.793650,4.415915,0
2011-04-26,sh.600438,8.6300,8.7000,8.5100,8.5500,8.7400,4873575,41910885.0000,3,0.708863,1,-2.173900,42.841308,0.609269,95.995665,4.566244,0
2011-04-27,sh.600438,8.5700,8.6300,8.4300,8.5000,8.5500,4024847,34360969.0000,3,0.585415,1,-0.584800,42.590774,0.605706,95.434287,4.539541,0
2011-04-28,sh.600438,8.5100,8.6000,8.1800,8.1900,8.5000,3634946,30612942.0000,3,0.528704,1,-3.647100,41.037464,0.583616,91.953742,4.373982,0
2011-04-29,sh.600438,8.1800,8.3200,8.1700,8.3200,8.1900,2903055,23905857.0000,3,0.422250,1,1.587300,41.688852,0.592880,93.413325,4.443410,0
2011-05-03,sh.600438,8.3500,8.4500,8.2500,8.4500,8.3200,2239148,18692412.0000,3,0.325685,1,1.562500,42.340240,0.602143,94.872909,4.512838,0
2011-05-04,sh.600438,8.4600,8.4600,8.1700,8.2000,8.4500,2855866,23638582.0000,3,0.415387,1,-2.958600,41.087571,0.584329,92.066018,4.379322,0
2011-05-05,sh.600438,8.2300,8.3200,8.2100,8.2700,8.2000,1807251,14942299.0000,3,0.262865,1,0.853700,41.438318,0.589317,92.851947,4.416707,0
2011-05-06,sh.600438,8.2900,8.3400,8.2000,8.3400,8.2700,2305397,19089194.0000,3,0.335321,1,0.846400,41.789066,0.594305,93.637877,4.454091,0
2011-05-09,sh.600438,8.3700,8.5300,8.3700,8.4000,8.3400,4011350,33830658.0000,3,0.583452,1,0.719400,42.089706,0.598580,94.311530,4.486135,0
2011-05-11,sh.600438,8.4600,8.5400,8.3300,8.4400,8.4000,3707200,31277085.0000,3,0.539213,1,0.476200,42.290134,0.601431,94.760633,4.507497,0
2011-05-12,sh.600438,8.4100,8.4100,8.2300,8.2600,8.4400,2828163,23533647.0000,3,0.411357,1,-2.132700,41.388211,0.588604,92.739672,4.411366,0
2011-05-13,sh.600438,8.2500,8.4200,8.2100,8.3800,8.2600,3359215,27941032.0000,3,0.488599,1,1.452800,41.989493,0.597155,94.086979,4.475454,0
2011-05-16,sh.600438,8.3600,8.4800,8.3300,8.4200,8.3800,2530699,21337664.0000,3,0.368091,1,0.477300,42.189920,0.600006,94.536082,4.496816,0
2011-05-17,sh.600438,8.4400,8.4800,8.3400,8.4400,8.4200,3067418,25821686.0000,3,0.446157,1,0.237500,42.290134,0.601431,94.760633,4.507497,0
2011-05-18,sh.600438,8.4600,8.4900,8.3600,8.4500,8.4400,5449172,45985325.0000,3,0.792584,1,0.118500,42.340240,0.602143,94.872909,4.512838,0
2011-05-19,sh.600438,8.4600,8.5200,8.4300,8.4900,8.4500,3224732,27340988.0000,3,0.469038,1,0.473400,42.540668,0.604994,95.322011,4.534201,0
2011-05-20,sh.600438,8.4900,8.5100,8.3600,8.5100,8.4900,2616275,22100319.0000,3,0.380538,1,0.235600,42.640881,0.606419,95.546562,4.544882,0
2011-05-23,sh.600438,8.5200,8.5200,8.0200,8.1100,8.5100,3758430,31247597.0000,3,0.546665,1,-4.700400,40.636609,0.577915,91.055537,4.331256,0
2011-05-24,sh.600438,8.0500,8.4800,8.0200,8.4500,8.1100,6518774,53702889.0000,3,0.948158,1,4.192400,42.340240,0.602143,94.872909,4.512838,0
2011-05-25,sh.600438,8.4500,8.6200,8.3800,8.5400,8.4500,10035252,85535431.0000,3,1.459631,1,1.065100,42.791202,0.608557,95.883389,4.560904,0
2011-05-26,sh.600438,8.5500,8.8000,8.3300,8.3700,8.5400,14606528,123505521.0000,3,2.124524,1,-1.990600,41.939386,0.596443,93.974704,4.470113,0
2011-05-27,sh.600438,8.3400,8.4200,7.9000,7.9200,8.3700,6266908,50867363.0000,3,0.911524,1,-5.376300,39.684580,0.564376,88.922300,4.229784,0
2011-05-30,sh.600438,7.9200,7.9800,7.4900,7.5000,7.9200,4128756,31709126.0000,3,0.600529,1,-5.303000,37.580095,0.534447,84.206724,4.005478,0
2011-05-31,sh.600438,7.5000,7.6600,7.5000,7.6500,7.5000,2234370,16899403.0000,3,0.324990,1,2.000000,38.331697,0.545136,85.890858,4.085587,0
2011-06-01,sh.600438,7.6800,7.8200,7.6300,7.7200,7.6500,2437174,18874882.0000,3,0.354488,1,0.915000,38.682445,0.550124,86.676787,4.122972,0
2011-06-02,sh.600438,7.6600,7.6600,7.3600,7.4400,7.7200,3099517,23205981.0000,3,0.450826,1,-3.626900,37.279454,0.530171,83.533070,3.973434,0
2011-06-03,sh.600438,7.5400,7.5900,7.4500,7.5500,7.4400,2205704,16613534.0000,3,0.320820,1,1.478500,37.830629,0.538010,84.768102,4.032181,0
2011-06-07,sh.600438,7.5500,7.6700,7.5100,7.6600,7.5500,2230375,16956205.0000,3,0.324409,1,1.457000,38.381804,0.545848,86.003134,4.090928,0
2011-06-08,sh.600438,7.6700,7.6700,7.5000,7.6300,7.6600,1805764,13696656.0000,3,0.262649,1,-0.391600,38.231483,0.543711,85.666307,4.074906,0
2011-06-09,sh.600438,7.6300,7.6600,7.4600,7.4600,7.6300,2126436,16074550.0000,3,0.309291,1,-2.228000,37.379668,0.531596,83.757621,3.984115,0
2011-06-10,sh.600438,7.5500,7.5800,7.4100,7.5600,7.4600,2593599,19417602.0000,3,0.377240,1,1.340500,37.880736,0.538722,84.880377,4.037521,0
2011-06-13,sh.600438,7.5200,7.5400,7.4200,7.5200,7.5600,1354838,10131287.0000,3,0.197062,1,-0.529100,37.680309,0.535872,84.431275,4.016159,0
2011-06-14,sh.600438,7.5100,7.6200,7.4800,7.6100,7.5200,1792087,13593938.0000,3,0.260660,1,1.196800,38.131270,0.542285,85.441756,4.064225,0
2011-06-15,sh.600438,7.6000,7.6600,7.5200,7.5300,7.6100,2048894,15525821.0000,3,0.298012,1,-1.051200,37.730415,0.536585,84.543551,4.021500,0
2011-06-16,sh.600438,7.5000,7.5800,7.4100,7.4800,7.5300,2094556,15687103.0000,3,0.304654,1,-0.664000,37.479881,0.533022,83.982172,3.994796,0
2011-06-17,sh.600438,7.4800,7.5700,7.4100,7.5100,7.4800,3004584,22584280.0000,3,0.437018,1,0.401100,37.630202,0.535159,84.318999,4.010818,0
2011-06-20,sh.600438,7.5200,7.5400,7.3700,7.4200,7.5100,2034442,15123252.0000,3,0.295910,1,-1.198400,37.179241,0.528746,83.308519,3.962753,0
2011-06-21,sh.600438,7.4800,7.5100,7.4100,7.4800,7.4200,1728848,12903434.0000,3,0.251461,1,0.808600,37.479881,0.533022,83.982172,3.994796,0
2011-06-22,sh.600438,7.5200,7.5300,7.4500,7.4700,7.4800,1899515,14206367.0000,3,0.276285,1,-0.133700,37.429775,0.532309,83.869897,3.989456,0
2011-06-23,sh.600438,7.4800,7.6000,7.4300,7.5700,7.4700,2222057,16712199.0000,3,0.323199,1,1.338700,37.930843,0.539435,84.992653,4.042862,0
2011-06-24,sh.600438,7.5800,7.9200,7.5300,7.7900,7.5700,6705413,51777706.0000,3,0.975304,1,2.906200,39.033192,0.555112,87.462717,4.160356,0
2011-06-27,sh.600438,7.7900,7.8900,7.7300,7.8500,7.7900,4688616,36667759.0000,3,0.681961,1,0.770200,39.333833,0.559388,88.136371,4.192400,0
2011-06-28,sh.600438,7.8900,7.8900,7.7100,7.7700,7.8500,3145255,24495675.0000,3,0.457478,1,-1.019100,38.932979,0.553687,87.238166,4.149675,0
2011-06-29,sh.600438,7.7700,7.8300,7.6700,7.6700,7.7700,2295352,17783271.0000,3,0.333860,1,-1.287000,38.431911,0.546561,86.115409,4.096268,0
2011-06-30,sh.600438,7.6600,7.9200,7.6600,7.7800,7.6700,3150842,24575493.0000,3,0.458291,1,1.434200,38.983085,0.554400,87.350441,4.155015,0
2011-07-01,sh.600438,7.8000,7.8900,7.7100,7.8200,7.7800,3864938,30114610.0000,3,0.562156,1,0.514100,39.183512,0.557250,87.799544,4.176378,0
2011-07-04,sh.600438,7.8200,8.0100,7.8200,7.9800,7.8200,4283339,33982628.0000,3,0.623013,1,2.046000,39.985221,0.568651,89.595954,4.261828,0
2011-07-05,sh.600438,8.0000,8.0300,7.9100,7.9900,7.9800,3661311,29166740.0000,3,0.532539,1,0.125300,40.035328,0.569364,89.708230,4.267169,0
2011-07-06,sh.600438,8.0000,8.0100,7.8800,8.0000,7.9900,3370640,26782039.0000,3,0.490261,1,0.125200,40.085435,0.570077,89.820505,4.272509,0
2011-07-07,sh.600438,7.9900,8.0500,7.9000,7.9600,8.0000,4055589,32407513.0000,3,0.589887,1,-0.500000,39.885008,0.567226,89.371403,4.251147,0
2011-07-08,sh.600438,8.0400,8.0400,7.9200,7.9800,7.9600,1977852,15790130.0000,3,0.287679,1,0.251256,39.985221,0.568651,89.595954,4.261828,0
2011-07-11,sh.600438,7.9300,8.0500,7.9200,8.0300,7.9800,2567920,20570766.0000,3,0.373505,1,0.626600,40.235755,0.572214,90.157332,4.288531,0
2011-07-12,sh.600438,7.9800,8.0000,7.8900,7.9100,8.0300,3074543,24383082.0000,3,0.447193,1,-1.494400,39.634474,0.563663,88.810024,4.224444,0
2011-07-13,sh.600438,7.9500,8.0100,7.8700,7.9700,7.9100,2437051,19381558.0000,3,0.354470,1,0.758500,39.935114,0.567939,89.483678,4.256488,0
2011-07-14,sh.600438,8.0400,8.1600,7.9800,8.0600,7.9700,3702516,29817683.0000,3,0.538532,1,1.129200,40.386076,0.574352,90.494159,4.304553,0
2011-07-15,sh.600438,8.0600,8.1200,8.0000,8.1200,8.0600,3114724,25142036.0000,3,0.453038,1,0.744400,40.686716,0.578628,91.167813,4.336597,0
2011-07-18,sh.600438,8.1500,8.1800,8.0700,8.0900,8.1200,2966788,24075793.0000,3,0.431520,1,-0.369500,40.536396,0.576490,90.830986,4.320575,0
2011-07-19,sh.600438,8.0500,8.1000,7.9600,7.9900,8.0900,2641570,21165080.0000,3,0.384217,1,-1.236100,40.035328,0.569364,89.708230,4.267169,0
2011-07-20,sh.600438,8.0500,8.0800,7.9700,8.0600,7.9900,1821595,14603165.0000,3,0.264952,1,0.876100,40.386076,0.574352,90.494159,4.304553,0
2011-07-21,sh.600438,8.0700,8.1000,7.9200,7.9300,8.0600,2560370,20533156.0000,3,0.372407,1,-1.612900,39.734687,0.565088,89.034576,4.235125,0
2011-07-22,sh.600438,7.9400,7.9900,7.9000,7.9500,7.9300,1651022,13119720.0000,3,0.240142,1,0.252200,39.834901,0.566514,89.259127,4.245806,0
2011-07-25,sh.600438,7.9800,7.9800,7.5500,7.6000,7.9500,2560904,19856746.0000,3,0.372484,1,-4.402500,38.081163,0.541573,85.329480,4.058884,0
2011-07-26,sh.600438,7.5800,7.7300,7.5100,7.6800,7.6000,1604202,12266729.0000,3,0.233332,1,1.052600,38.482017,0.547274,86.227685,4.101609,0
2011-07-27,sh.600438,7.6700,7.7800,7.5600,7.7400,7.6800,1237925,9528129.0000,3,0.180057,1,0.781200,38.782658,0.551549,86.901339,4.133653,0
2011-07-28,sh.600438,7.7000,7.7000,7.5800,7.6400,7.7400,1438860,10986849.0000,3,0.209283,1,-1.292000,38.281590,0.544423,85.778582,4.080247,0
2011-07-29,sh.600438,7.6000,7.7200,7.6000,7.6500,7.6400,1539790,11760315.0000,3,0.223963,1,0.130900,38.331697,0.545136,85.890858,4.085587,0
2011-08-01,sh.600438,7.6600,7.7000,7.5800,7.6000,7.6500,1633672,12475987.0000,3,0.237618,1,-0.653600,38.081163,0.541573,85.329480,4.058884,0
2011-08-02,sh.600438,7.5800,7.5800,7.3700,7.5600,7.6000,2641717,19751177.0000,3,0.384239,1,-0.526300,37.880736,0.538722,84.880377,4.037521,0
2011-08-03,sh.600438,7.4000,7.6100,7.4000,7.5600,7.5600,1281395,9631288.0000,3,0.186379,1,0.000000,37.880736,0.538722,84.880377,4.037521,0
2011-08-04,sh.600438,7.5600,7.6000,7.4900,7.5100,7.5600,1585191,11957816.0000,3,0.230567,1,-0.661400,37.630202,0.535159,84.318999,4.010818,0
2011-08-05,sh.600438,7.3600,7.3600,7.1500,7.3000,7.5100,2256546,16439928.0000,3,0.328215,1,-2.796300,36.577959,0.520195,81.961211,3.898665,0
2011-08-08,sh.600438,7.1000,7.2700,6.6900,6.7900,7.3000,3142092,21874121.0000,3,0.457018,1,-6.986300,34.022513,0.483853,76.235154,3.626292,0
2011-08-09,sh.600438,6.6500,7.1800,6.6000,7.1400,6.7900,4407216,30514718.0000,3,0.641031,1,5.154600,35.776251,0.508793,80.164801,3.813215,0
2011-08-10,sh.600438,7.2800,7.7900,7.1700,7.6300,7.1400,9982438,75174550.0000,3,1.451949,1,6.862700,38.231483,0.543711,85.666307,4.074906,0
2011-08-11,sh.600438,7.4700,7.7500,7.4100,7.6900,7.6300,4571029,34802089.0000,3,0.664858,1,0.786400,38.532124,0.547986,86.339961,4.106950,0
2011-08-12,sh.600438,7.7900,7.7900,7.6400,7.7100,7.6900,3526030,27081806.0000,3,0.512862,1,0.260100,38.632338,0.549411,86.564512,4.117631,0
2011-08-15,sh.600438,7.6900,8.4800,7.6900,8.4800,7.7100,34305684,289199040.0000,3,4.989773,1,9.987000,42.490561,0.604281,95.209735,4.528860,0
2011-08-16,sh.600438,8.4000,8.5800,8.3500,8.5000,8.4800,33752706,286648954.0000,3,4.909342,1,0.235800,42.590774,0.605706,95.434287,4.539541,0
2011-08-17,sh.600438,8.4800,8.6400,8.4000,8.5000,8.5000,25893541,220647917.0000,3,3.766224,1,0.000000,42.590774,0.605706,95.434287,4.539541,0
2011-08-18,sh.600438,8.5300,8.5800,8.4000,8.4100,8.5000,19185149,163192214.0000,3,2.790486,1,-1.058800,42.139813,0.599293,94.423806,4.491476,0
2011-08-19,sh.600438,8.3000,8.5300,8.1200,8.4700,8.4100,13392865,112492417.0000,3,1.947996,1,0.713400,42.440454,0.603569,95.097460,4.523519,0
2011-08-22,sh.600438,8.4300,8.6500,8.4100,8.4800,8.4700,18997188,161709773.0000,3,2.763147,1,0.118100,42.490561,0.604281,95.209735,4.528860,0
2011-08-23,sh.600438,8.4800,8.5700,8.2900,8.4900,8.4800,22301071,189571119.0000,3,3.243698,1,0.117900,38.904136,0.582221,253.418899,4.299921,0
2011-08-24,sh.600438,8.5400,8.6500,8.4300,8.5500,8.4900,23837620,203675967.0000,3,3.467189,1,0.706700,39.179077,0.586336,255.209846,4.330310,0
2011-08-25,sh.600438,8.5600,8.7800,8.5000,8.5600,8.5500,36041770,310823802.0000,3,5.242287,1,0.117000,39.224900,0.587021,255.508337,4.335374,0
2011-08-26,sh.600438,8.6200,8.6700,8.4200,8.5500,8.5600,25751993,220889200.0000,3,3.745635,1,-0.116825,39.179077,0.586336,255.209846,4.330310,0
2011-08-29,sh.600438,8.4500,8.6000,8.4100,8.5200,8.5500,18955201,161682723.0000,3,2.757040,1,-0.350900,39.041607,0.584278,254.314373,4.315115,0
2011-08-30,sh.600438,8.5100,8.6400,8.5000,8.5200,8.5200,26135664,223932165.0000,3,3.801441,1,0.000000,39.041607,0.584278,254.314373,4.315115,0
2011-08-31,sh.600438,8.5800,9.2900,8.4500,8.9800,8.5200,45608832,400148449.0000,3,6.633819,1,5.399100,41.149487,0.615824,268.044961,4.548091,0
2011-09-01,sh.600438,8.8400,9.0000,8.2500,8.3500,8.9800,30653014,264559655.0000,3,4.458491,1,-7.015600,38.262607,0.572620,249.240025,4.229016,0
2011-09-02,sh.600438,8.1800,8.2300,7.7600,7.9800,8.3500,19086738,152580495.0000,3,2.776172,1,-4.431100,36.567138,0.547247,238.195856,4.041622,0
2011-09-05,sh.600438,7.8300,7.8500,7.6000,7.6300,7.9800,8431425,65006228.0000,3,1.226353,1,-4.386000,34.963317,0.523245,227.748669,3.864358,0
2011-09-06,sh.600438,7.4800,7.7200,7.4500,7.5300,7.6300,6713480,50706372.0000,3,0.976478,1,-1.310600,34.505082,0.516387,224.763759,3.813711,0
2011-09-07,sh.600438,7.5700,7.7400,7.5200,7.7000,7.5300,7013983,53643281.0000,3,1.020186,1,2.257600,35.284081,0.528045,229.838107,3.899811,0
2011-09-08,sh.600438,7.7100,7.7500,7.3800,7.4000,7.7000,8182215,61924190.0000,3,1.190106,1,-3.896101,33.909377,0.507472,220.883375,3.747870,0
2011-09-09,sh.600438,7.3200,7.4600,7.2900,7.4000,7.4000,5723015,42202365.0000,3,0.832414,1,0.000000,33.909377,0.507472,220.883375,3.747870,0
2011-09-13,sh.600438,7.2800,7.3100,7.1600,7.2400,7.4000,3869732,28053577.0000,3,0.562854,1,-2.162200,33.176201,0.496499,216.107519,3.666835,0
2011-09-14,sh.600438,7.3000,7.5500,7.2300,7.5400,7.2400,5605496,41399160.0000,3,0.815321,1,4.143600,34.550905,0.517073,225.062250,3.818776,0
2011-09-15,sh.600438,7.5300,7.6100,7.3900,7.4000,7.5400,5085122,38132046.0000,3,0.739633,1,-1.856800,33.909377,0.507472,220.883375,3.747870,0
2011-09-16,sh.600438,7.4300,7.5200,7.3100,7.3200,7.4000,3690908,27312586.0000,3,0.536844,1,-1.081100,33.542789,0.501986,218.495447,3.707353,0
2011-09-19,sh.600438,7.2900,7.2900,7.0200,7.0400,7.3200,4352772,31037510.0000,3,0.633112,1,-3.825100,32.259731,0.482784,210.137698,3.565541,0
2011-09-20,sh.600438,7.0000,7.1700,6.9800,7.1100,7.0400,2807737,19868727.0000,3,0.408386,1,0.994300,32.580496,0.487584,212.227135,3.600994,0
2011-09-21,sh.600438,7.0900,7.3700,7.0000,7.3300,7.1100,4858631,35233896.0000,3,0.706689,1,3.094200,33.588612,0.502671,218.793938,3.712417,0
2011-09-22,sh.600438,7.2500,7.4300,7.0800,7.0800,7.3300,5494448,39829419.0000,3,0.799169,1,-3.410600,32.443025,0.485527,211.331662,3.585800,0
2011-09-23,sh.600438,6.9000,7.0400,6.8200,6.9800,7.0800,4472619,31060633.0000,3,0.650544,1,-1.412400,31.984790,0.478669,208.346751,3.535153,0
2011-09-26,sh.600438,6.9400,7.0000,6.7300,6.7600,6.9800,4234145,29084664.0000,3,0.615858,1,-3.151900,30.976674,0.463582,201.779948,3.423730,0
2011-09-27,sh.600438,6.8000,6.9300,6.8000,6.8400,6.7600,3396613,23301142.0000,3,0.494038,1,1.183400,31.343262,0.469069,204.167877,3.464248,0
2011-09-28,sh.600438,6.9000,6.9700,6.5800,6.6100,6.8400,4942901,33250369.0000,3,0.718947,1,-3.362600,30.289321,0.453296,197.302583,3.347760,0
2011-09-29,sh.600438,6.6000,6.7500,6.5700,6.6100,6.6100,4348302,28890331.0000,3,0.632462,1,0.000000,30.289321,0.453296,197.302583,3.347760,0
2011-09-30,sh.600438,6.6800,6.6800,6.3000,6.4100,6.6100,3807376,24616267.0000,3,0.553784,1,-3.025700,29.372852,0.439580,191.332762,3.246466,0
2011-10-10,sh.600438,6.4900,6.5500,6.3600,6.3900,6.4100,1867491,12007861.0000,3,0.271627,1,-0.312000,29.281205,0.438209,190.735779,3.236337,0
2011-10-11,sh.600438,6.6000,6.6300,6.3400,6.4000,6.3900,2816558,18201704.0000,3,0.409669,1,0.156500,29.327028,0.438895,191.034271,3.241401,0
2011-10-12,sh.600438,6.4000,6.6300,6.3300,6.6200,6.4000,4055354,26526555.0000,3,0.589853,1,3.437500,30.335145,0.453982,197.601074,3.352824,0
2011-10-13,sh.600438,6.7500,6.8000,6.6600,6.7400,6.6200,5424887,36483259.0000,3,0.789052,1,1.812700,30.885027,0.462211,201.182966,3.413601,0
2011-10-14,sh.600438,6.7300,6.7700,6.6400,6.7200,6.7400,3733843,24970483.0000,3,0.543089,1,-0.296700,30.793380,0.460839,200.585984,3.403471,0
2011-10-17,sh.600438,6.7300,6.8200,6.6700,6.7400,6.7200,3371828,22696299.0000,3,0.490433,1,0.297600,30.885027,0.462211,201.182966,3.413601,0
2011-10-18,sh.600438,6.7500,6.7500,6.3600,6.4300,6.7400,4260266,27907494.0000,3,0.619657,1,-4.599400,29.464499,0.440952,191.929744,3.256595,0
2011-10-19,sh.600438,6.4800,6.4900,6.2300,6.3000,6.4300,3425551,21705535.0000,3,0.498247,1,-2.021800,28.868794,0.432037,188.049360,3.190754,0
2011-10-20,sh.600438,6.3200,6.3200,6.1200,6.1500,6.3000,2725531,16868843.0000,3,0.396429,1,-2.381000,28.181441,0.421750,183.571994,3.114784,0
2011-10-21,sh.600438,6.1500,6.2300,6.0600,6.0900,6.1500,2274136,13943766.0000,3,0.330774,1,-0.975600,27.906500,0.417636,181.781048,3.084396,0
2011-10-24,sh.600438,6.0900,6.1800,5.9300,6.1400,6.0900,3758887,22828057.0000,3,0.546731,1,0.821000,28.135618,0.421064,183.273503,3.109719,0
2011-10-25,sh.600438,6.1700,6.3000,6.0600,6.2900,6.1400,3918214,24277478.0000,3,0.569905,1,2.443000,28.822970,0.431351,187.750869,3.185690,0
2011-10-26,sh.600438,6.1900,6.3600,6.1900,6.2900,6.2900,4921843,30936253.0000,3,0.715884,1,0.000000,28.822970,0.431351,187.750869,3.185690,0
2011-10-27,sh.600438,6.2900,6.3600,6.2300,6.3000,6.2900,3081949,19434812.0000,3,0.448270,1,0.159000,28.868794,0.432037,188.049360,3.190754,0
2011-10-28,sh.600438,6.3700,6.4600,6.3300,6.4500,6.3000,5914629,37843317.0000,3,0.860285,1,2.381000,80.917840,0.403648,-17.595698,3.037691,0
2011-10-31,sh.600438,6.5000,6.5800,6.4200,6.5500,6.4500,5321905,34539128.0000,3,0.774073,1,1.550400,82.172381,0.409906,-17.868500,3.084787,0
2011-11-01,sh.600438,6.4700,6.5500,6.3900,6.4600,6.5500,4172293,26951649.0000,3,0.606861,1,-1.374000,81.043294,0.404274,-17.622979,3.042400,0
2011-11-02,sh.600438,6.3600,6.5300,6.2300,6.5100,6.4600,4969474,31552153.0000,3,0.722812,1,0.774000,81.670565,0.407403,-17.759379,3.065948,0
2011-11-03,sh.600438,6.5300,6.7700,6.4500,6.5700,6.5100,8015720,53126907.0000,3,1.165889,1,0.921700,82.423289,0.411158,-17.923060,3.094206,0
2011-11-04,sh.600438,6.6100,6.7400,6.5300,6.6900,6.5700,6773191,45080252.0000,3,0.985163,1,1.826500,83.928737,0.418668,-18.250422,3.150721,0
2011-11-07,sh.600438,6.6700,6.7100,6.5600,6.5900,6.6900,4641942,30748907.0000,3,0.675172,1,-1.494800,82.674197,0.412410,-17.977621,3.103625,0
2011-11-08,sh.600438,6.6300,6.6300,6.4400,6.4700,6.5900,4549792,29695552.0000,3,0.661769,1,-1.820900,81.168748,0.404900,-17.650259,3.047110,0
2011-11-09,sh.600438,6.5000,6.5800,6.4100,6.5800,6.4700,3121928,20324024.0000,3,0.454085,1,1.700200,82.548743,0.411784,-17.950340,3.098916,0
2011-11-10,sh.600438,6.5000,6.5100,6.3700,6.3800,6.5800,3750271,24211377.0000,3,0.545478,1,-3.039500,80.039662,0.399268,-17.404737,3.004724,0
2011-11-11,sh.600438,6.3800,6.4400,6.3400,6.3600,6.3800,2607555,16656939.0000,3,0.379270,1,-0.313500,79.788754,0.398016,-17.350177,2.995304,0
2011-11-14,sh.600438,6.4300,6.5900,6.4100,6.5700,6.3600,4261007,27813267.0000,3,0.619765,1,3.301900,82.423289,0.411158,-17.923060,3.094206,0
2011-11-15,sh.600438,6.5400,6.7200,6.5400,6.7000,6.5700,6991125,46533725.0000,3,1.016861,1,1.978700,84.054191,0.419294,-18.277702,3.155431,0
2011-11-16,sh.600438,6.7000,6.7800,6.5000,6.5400,6.7000,6079424,40359772.0000,3,0.884254,1,-2.388100,82.046927,0.409281,-17.841220,3.080077,0
2011-11-17,sh.600438,6.5900,6.7300,6.5300,6.6200,6.5400,5149753,34171495.0000,3,0.749033,1,1.223200,83.050559,0.414287,-18.059461,3.117754,0
2011-11-18,sh.600438,6.5500,6.5800,6.3000,6.3500,6.6200,4687837,30170155.0000,3,0.681847,1,-4.078500,79.663300,0.397390,-17.322897,2.990595,0
2011-11-21,sh.600438,6.3600,6.3600,6.2000,6.3000,6.3500,3144264,19696086.0000,3,0.457334,1,-0.787400,79.036030,0.394261,-17.186496,2.967047,0
2011-11-22,sh.600438,6.2000,6.2900,6.1600,6.2500,6.3000,2627839,16345638.0000,3,0.382220,1,-0.793700,78.408760,0.391132,-17.050095,2.943499,0
2011-11-23,sh.600438,6.2500,6.3000,6.2100,6.2300,6.2500,2449138,15335773.0000,3,0.356228,1,-0.320000,78.157852,0.389880,-16.995535,2.934080,0
2011-11-24,sh.600438,6.1900,6.2600,6.0800,6.1700,6.2300,2843938,17519425.0000,3,0.413652,1,-0.963100,77.405128,0.386126,-16.831854,2.905822,0
2011-11-25,sh.600438,6.2000,6.2200,6.1300,6.1400,6.1700,2064006,12739052.0000,3,0.300210,1,-0.486200,77.028766,0.384248,-16.750014,2.891693,0
2011-11-28,sh.600438,6.1300,6.2700,6.1300,6.2100,6.1400,2519904,15646154.0000,3,0.366521,1,1.140100,77.906944,0.388629,-16.940975,2.924660,0
2011-11-29,sh.600438,6.2600,6.3700,6.2100,6.3600,6.2100,3741261,23578036.0000,3,0.544168,1,2.415500,79.788754,0.398016,-17.350177,2.995304,0
2011-11-30,sh.600438,6.3400,6.3400,5.9200,6.0100,6.3600,4773495,29161138.0000,3,0.694306,1,-5.503100,75.397864,0.376113,-16.395372,2.830468,0
2011-12-01,sh.600438,6.2000,6.2500,6.0700,6.0800,6.0100,3293435,20281539.0000,3,0.479031,1,1.164700,76.276042,0.380493,-16.586333,2.863436,0
2011-12-02,sh.600438,6.0800,6.0800,5.9400,5.9700,6.0800,1741701,10426654.0000,3,0.253331,1,-1.809200,74.896048,0.373609,-16.286251,2.811630,0
2011-12-05,sh.600438,5.9400,5.9900,5.7600,5.7700,5.9700,2218386,12945228.0000,3,0.322665,1,-3.350100,72.386967,0.361093,-15.740648,2.717438,0
2011-12-06,sh.600438,5.7700,5.8300,5.6900,5.7600,5.7700,1472223,8461874.0000,3,0.214135,1,-0.173300,72.261513,0.360467,-15.713368,2.712729,0
2011-12-07,sh.600438,5.7700,5.8200,5.7000,5.8100,5.7600,1213709,7013057.0000,3,0.176534,1,0.868100,72.888783,0.363596,-15.849769,2.736277,0
2011-12-08,sh.600438,5.8200,5.8200,5.6400,5.7700,5.8100,2101572,12053233.0000,3,0.305674,1,-0.688500,72.386967,0.361093,-15.740648,2.717438,0
2011-12-09,sh.600438,5.7000,5.7600,5.6600,5.7000,5.7700,1469682,8368252.0000,3,0.213766,1,-1.213200,71.508789,0.356712,-15.549687,2.684471,0
2011-12-12,sh.600438,5.7100,5.7500,5.6000,5.6400,5.7000,1462330,8309218.0000,3,0.212696,1,-1.052600,70.756065,0.352958,-15.386006,2.656213,0
2011-12-13,sh.600438,5.5800,5.6400,5.3500,5.3700,5.6400,2336917,12757791.0000,3,0.339905,1,-4.787200,67.368807,0.336061,-14.649442,2.529054,0
2011-12-14,sh.600438,5.3100,5.4000,5.2400,5.2700,5.3700,2110400,11204405.0000,3,0.306958,1,-1.862200,66.114267,0.329803,-14.376640,2.481958,0
2011-12-15,sh.600438,5.2800,5.2900,4.9700,4.9900,5.2700,4194537,21276810.0000,3,0.610097,1,-5.313100,62.601554,0.312280,-13.612796,2.350089,0
2011-12-16,sh.600438,4.9900,5.1200,4.9700,5.1200,4.9900,2623826,13226078.0000,3,0.381636,1,2.605200,64.232456,0.320415,-13.967438,2.411314,0
2011-12-19,sh.600438,5.1000,5.1600,4.9900,5.1300,5.1200,2426542,12285650.0000,3,0.352941,1,0.195300,64.357910,0.321041,-13.994718,2.416024,0
2011-12-20,sh.600438,5.0900,5.1900,5.0700,5.1000,5.1300,2204990,11325988.0000,3,0.320716,1,-0.584800,63.981548,0.319164,-13.912878,2.401895,0
2011-12-21,sh.600438,5.1400,5.1800,4.9900,5.0000,5.1000,2080849,10557245.0000,3,0.302660,1,-1.960800,62.727008,0.312906,-13.640076,2.354799,0
2011-12-22,sh.600438,4.9900,4.9900,4.7100,4.8300,5.0000,2590664,12492884.0000,3,0.376813,1,-3.400000,60.594290,0.302267,-13.176314,2.274736,0
2011-12-23,sh.600438,4.8400,4.9500,4.8000,4.8800,4.8300,1787075,8747325.0000,3,0.259931,1,1.035200,61.221560,0.305396,-13.312714,2.298284,0
2011-12-26,sh.600438,4.8800,5.0700,4.8700,5.0000,4.8800,2591658,12891491.0000,3,0.376957,1,2.459000,62.727008,0.312906,-13.640076,2.354799,0
2011-12-27,sh.600438,4.9600,5.0100,4.8100,4.8400,5.0000,2317652,11328660.0000,3,0.337103,1,-3.200000,60.719744,0.302893,-13.203594,2.279445,0
2011-12-28,sh.600438,4.8100,4.8600,4.7000,4.8400,4.8400,1987328,9465649.0000,3,0.289057,1,0.000000,60.719744,0.302893,-13.203594,2.279445,0
2011-12-29,sh.600438,4.8200,4.9400,4.7700,4.8800,4.8400,2227039,10853873.0000,3,0.323924,1,0.826400,61.221560,0.305396,-13.312714,2.298284,0
2011-12-30,sh.600438,4.8800,5.0000,4.8800,4.9900,4.8800,2447087,12103621.0000,3,0.355930,1,2.254100,62.601554,0.312280,-13.612796,2.350089,0
2012-01-04,sh.600438,5.0200,5.0600,4.8400,4.8500,4.9900,1796270,8919178.0000,3,0.261268,1,-2.805600,60.845198,0.303518,-13.230874,2.284155,0
2012-01-05,sh.600438,4.7800,4.8300,4.6400,4.6600,4.8500,2071795,9780527.0000,3,0.301343,1,-3.917500,58.461572,0.291628,-12.712551,2.194673,0
2012-01-06,sh.600438,4.6600,4.7200,4.5700,4.7200,4.6600,1334089,6173363.0000,3,0.194044,1,1.287600,59.214296,0.295383,-12.876232,2.222930,0
2012-01-09,sh.600438,4.7300,4.9100,4.6600,4.8900,4.7200,2434627,11751166.0000,3,0.354117,1,3.601700,61.347014,0.306022,-13.339995,2.302993,0
2012-01-10,sh.600438,4.9400,5.1700,4.8900,5.1000,4.8900,6978756,35442959.0000,3,1.015062,1,4.294500,63.981548,0.319164,-13.912878,2.401895,0
2012-01-11,sh.600438,5.1100,5.1100,5.0200,5.0600,5.1000,3803403,19255725.0000,3,0.553206,1,-0.784300,63.479732,0.316660,-13.803757,2.383057,0
2012-01-12,sh.600438,5.0600,5.1700,5.0300,5.0300,5.0600,3755379,19124748.0000,3,0.546221,1,-0.592900,63.103370,0.314783,-13.721917,2.368928,0
2012-01-13,sh.600438,5.0000,5.0800,4.8400,4.8700,5.0300,3158409,15589905.0000,3,0.459392,1,-3.180900,61.096106,0.304770,-13.285434,2.293574,0
2012-01-16,sh.600438,4.8400,4.9100,4.7400,4.7600,4.8700,1743939,8446533.0000,3,0.253656,1,-2.258700,59.716112,0.297886,-12.985353,2.241769,0
2012-01-17,sh.600438,4.7300,5.0400,4.7300,5.0300,4.7600,2785995,13710847.0000,3,0.405224,1,5.672300,63.103370,0.314783,-13.721917,2.368928,0
2012-01-18,sh.600438,5.0500,5.0900,4.9100,4.9300,5.0300,2840709,14236823.0000,3,0.413182,1,-1.988100,61.848830,0.308525,-13.449115,2.321832,0
2012-01-19,sh.600438,4.9500,5.0500,4.9200,5.0100,4.9300,1852952,9256166.0000,3,0.269512,1,1.622700,62.852462,0.313531,-13.667356,2.359509,0
2012-01-20,sh.600438,5.0100,5.1100,5.0100,5.1000,5.0100,3141363,15910783.0000,3,0.456912,1,1.796400,63.981548,0.319164,-13.912878,2.401895,0
2012-01-30,sh.600438,5.1000,5.1400,5.0200,5.0400,5.1000,2737600,13915363.0000,3,0.398185,1,-1.176500,63.228824,0.315409,-13.749197,2.373637,0
2012-01-31,sh.600438,5.0500,5.0900,4.9900,5.0800,5.0400,1741966,8773840.0000,3,0.253370,1,0.793700,63.730640,0.317912,-13.858318,2.392476,0
2012-02-01,sh.600438,5.0900,5.1500,5.0200,5.0500,5.0800,2156569,10968413.0000,3,0.313674,1,-0.590600,63.354278,0.316035,-13.776477,2.378347,0
2012-02-02,sh.600438,5.1100,5.2800,5.0900,5.2500,5.0500,7496849,39019150.0000,3,1.090419,1,3.960400,65.863359,0.328551,-14.322080,2.472539,0
2012-02-03,sh.600438,5.2300,5.2700,5.1500,5.2500,5.2500,4771167,24882749.0000,3,0.693968,1,0.000000,65.863359,0.328551,-14.322080,2.472539,0
2012-02-06,sh.600438,5.2500,5.3000,5.2000,5.2700,5.2500,3943307,20692643.0000,3,0.573555,1,0.381000,66.114267,0.329803,-14.376640,2.481958,0
2012-02-07,sh.600438,5.2500,5.2500,5.0800,5.0900,5.2700,2969598,15245995.0000,3,0.431929,1,-3.415600,63.856094,0.318538,-13.885598,2.397185,0
2012-02-08,sh.600438,5.0700,5.2300,5.0400,5.2000,5.0900,3307068,17034618.0000,3,0.481014,1,2.161100,65.236088,0.325422,-14.185679,2.448991,0
2012-02-09,sh.600438,5.2200,5.3000,5.1700,5.2600,5.2000,5146065,27006378.0000,3,0.748497,1,1.153800,65.988813,0.329177,-14.349360,2.477249,0
2012-02-10,sh.600438,5.2600,5.3500,5.2100,5.3200,5.2600,6048498,32079780.0000,3,0.879756,1,1.140700,66.741537,0.332932,-14.513041,2.505506,0
2012-02-13,sh.600438,5.2700,5.4100,5.2300,5.3700,5.3200,5575492,29808140.0000,3,0.810957,1,0.939800,67.368807,0.336061,-14.649442,2.529054,0
2012-02-14,sh.600438,5.3600,5.4300,5.2900,5.3800,5.3700,3672083,19698038.0000,3,0.534106,1,0.186200,67.494261,0.336686,-14.676722,2.533764,0
2012-02-15,sh.600438,5.3800,5.5900,5.3200,5.5400,5.3800,8477786,46327036.0000,3,1.233097,1,2.974000,69.501525,0.346699,-15.113205,2.609117,0
2012-02-16,sh.600438,5.5000,5.6100,5.4300,5.5900,5.5400,7847866,43417468.0000,3,1.141475,1,0.902500,70.128795,0.349828,-15.249605,2.632665,0
2012-02-17,sh.600438,5.5700,5.7700,5.5400,5.6500,5.5900,10141227,57378081.0000,3,1.475045,1,1.073300,70.881519,0.353583,-15.413286,2.660923,0
2012-02-20,sh.600438,5.7100,5.7200,5.5700,5.6600,5.6500,7157602,40358280.0000,3,1.041075,1,0.177000,71.006973,0.354209,-15.440566,2.665633,0
2012-02-21,sh.600438,5.6500,6.1300,5.5300,6.1100,5.6600,17279534,100909290.0000,3,2.513314,1,7.950500,76.652404,0.382371,-16.668173,2.877564,0
2012-02-22,sh.600438,5.9900,6.2200,5.9500,6.0900,6.1100,23211437,140505001.0000,3,3.376111,1,-0.327300,76.401496,0.381119,-16.613613,2.868145,0
2012-02-23,sh.600438,6.0400,6.0400,5.9200,5.9700,6.0900,9126904,54489175.0000,3,1.327511,1,-1.970400,74.896048,0.373609,-16.286251,2.811630,0
2012-02-24,sh.600438,5.9700,5.9800,5.8800,5.9600,5.9700,7325955,43438614.0000,3,1.065562,1,-0.167500,74.770594,0.372983,-16.258971,2.806920,0
2012-02-27,sh.600438,5.9900,6.0400,5.9200,5.9200,5.9600,8308973,49793989.0000,3,1.208543,1,-0.671100,74.268778,0.370480,-16.149850,2.788082,0
2012-02-28,sh.600438,5.8800,6.1200,5.8400,6.0600,5.9200,9047456,54014646.0000,3,1.315955,1,2.364900,76.025134,0.379242,-16.531772,2.854016,0
2012-02-29,sh.600438,6.0400,6.0400,5.8500,5.8700,6.0600,5628558,33380331.0000,3,0.818676,1,-3.135300,73.641508,0.367351,-16.013450,2.764534,0
2012-03-01,sh.600438,5.8500,5.9200,5.8100,5.8700,5.8700,3018030,17744094.0000,3,0.438973,1,0.000000,73.641508,0.367351,-16.013450,2.764534,0
2012-03-02,sh.600438,5.8500,5.9700,5.8500,5.9700,5.8700,3750685,22203991.0000,3,0.545538,1,1.703600,74.896048,0.373609,-16.286251,2.811630,0
2012-03-05,sh.600438,6.0000,6.0800,5.9500,6.0100,5.9700,5759957,34655522.0000,3,0.837788,1,0.670000,75.397864,0.376113,-16.395372,2.830468,0
2012-03-06,sh.600438,5.9800,6.0400,5.8200,5.8600,6.0100,4411873,26031085.0000,3,0.641708,1,-2.495800,73.516053,0.366725,-15.986169,2.759825,0
2012-03-07,sh.600438,5.8000,5.8900,5.7500,5.7600,5.8600,3717752,21641809.0000,3,0.540748,1,-1.706500,72.261513,0.360467,-15.713368,2.712729,0
2012-03-08,sh.600438,5.7900,5.8900,5.7900,5.8400,5.7600,3341663,19526823.0000,3,0.486046,1,1.388900,73.265145,0.365474,-15.931609,2.750405,0
2012-03-09,sh.600438,5.8800,5.9400,5.8700,5.9400,5.8400,4473852,26445323.0000,3,0.650723,1,1.712300,74.519686,0.371732,-16.204411,2.797501,0
2012-03-12,sh.600438,5.9600,6.0500,5.9300,6.0200,5.9400,5327525,31912680.0000,3,0.774890,1,1.346800,75.523318,0.376738,-16.422652,2.835178,0
2012-03-13,sh.600438,6.0400,6.0400,5.9400,6.0300,6.0200,4209618,25222974.0000,3,0.612290,1,0.166100,75.648772,0.377364,-16.449932,2.839888,0
2012-03-14,sh.600438,6.0400,6.0800,5.5500,5.6300,6.0300,9787472,57555700.0000,3,1.423591,1,-6.633500,70.630611,0.352332,-15.358726,2.651504,0
2012-03-15,sh.600438,5.6000,5.6700,5.3600,5.4600,5.6300,5069907,27909958.0000,3,0.737420,1,-3.019500,68.497893,0.341693,-14.894963,2.571441,0
2012-03-16,sh.600438,5.4500,5.6000,5.4100,5.5800,5.4600,4318996,23867140.0000,3,0.628199,1,2.197800,70.003341,0.349203,-15.222325,2.627956,0
2012-03-19,sh.600438,5.5900,5.6900,5.5500,5.6900,5.5800,3866478,21792298.0000,3,0.562380,1,1.971300,71.383335,0.356087,-15.522407,2.679761,0
2012-03-20,sh.600438,5.6900,5.6900,5.4900,5.5100,5.6900,3055361,17035046.0000,3,0.444403,1,-3.163400,69.125163,0.344822,-15.031364,2.594989,0
2012-03-21,sh.600438,5.5300,5.8700,5.5100,5.8200,5.5100,8465825,48346168.0000,3,1.231357,1,5.626100,73.014237,0.364222,-15.877049,2.740986,0
2012-03-22,sh.600438,5.7400,5.9200,5.7400,5.8200,5.8200,4976435,28993194.0000,3,0.723824,1,0.000000,73.014237,0.364222,-15.877049,2.740986,0
2012-03-23,sh.600438,5.8000,5.8000,5.5700,5.6000,5.8200,3139984,17766917.0000,3,0.456712,1,-3.780100,70.254249,0.350454,-15.276885,2.637375,0
2012-03-26,sh.600438,5.5800,5.6600,5.5100,5.5800,5.6000,1387167,7747178.0000,3,0.201764,1,-0.357100,70.003341,0.349203,-15.222325,2.627956,0
2012-03-27,sh.600438,5.6400,5.7500,5.6300,5.6900,5.5800,2077566,11834283.0000,3,0.302183,1,1.971300,71.383335,0.356087,-15.522407,2.679761,0
2012-03-28,sh.600438,5.6200,5.6900,5.4100,5.4200,5.6900,2649722,14567629.0000,3,0.385403,1,-4.745200,67.996077,0.339190,-14.785843,2.552602,0
2012-03-29,sh.600438,5.4100,5.5000,5.2000,5.2300,5.4200,2011963,10679419.0000,3,0.292641,1,-3.505500,65.612450,0.327299,-14.267520,2.463120,0
2012-03-30,sh.600438,5.2400,5.3300,5.1600,5.2200,5.2300,1794759,9408112.0000,3,0.261048,1,-0.191200,65.486996,0.326673,-14.240240,2.458410,0
2012-04-05,sh.600438,5.2200,5.4600,5.2200,5.3900,5.2200,1538752,8195948.0000,3,0.223812,1,3.256700,67.619715,0.337312,-14.704002,2.538473,0
2012-04-06,sh.600438,5.4000,5.4900,5.3000,5.4000,5.3900,1632667,8817356.0000,3,0.237472,1,0.185500,67.745169,0.337938,-14.731282,2.543183,0
2012-04-09,sh.600438,5.4000,5.4400,5.3000,5.3100,5.4000,1356519,7269189.0000,3,0.197306,1,-1.666700,66.616083,0.332306,-14.485761,2.500797,0
2012-04-10,sh.600438,5.2900,5.3800,5.1700,5.3800,5.3100,1453394,7640486.0000,3,0.211397,1,1.318300,67.494261,0.336686,-14.676722,2.533764,0
2012-04-11,sh.600438,5.3100,5.4000,5.2900,5.3600,5.3800,1896996,10132567.0000,3,0.275919,1,-0.371700,67.243353,0.335435,-14.622162,2.524345,0
2012-04-12,sh.600438,5.3900,5.5500,5.3400,5.5300,5.3600,3420355,18702829.0000,3,0.497492,1,3.171600,69.376071,0.346074,-15.085924,2.604408,0
2012-04-13,sh.600438,5.5400,5.6400,5.5100,5.5900,5.5300,3505094,19569477.0000,3,0.509817,1,1.085000,70.128795,0.349828,-15.249605,2.632665,0
2012-04-16,sh.600438,5.5100,5.6900,5.5000,5.6400,5.5900,2824341,15882999.0000,3,0.410801,1,0.894500,70.756065,0.352958,-15.386006,2.656213,0
2012-04-17,sh.600438,5.6800,5.7000,5.5400,5.5400,5.6400,2611478,14637753.0000,3,0.379840,1,-1.773000,69.501525,0.346699,-15.113205,2.609117,0
2012-04-18,sh.600438,5.5500,5.7000,5.5500,5.6900,5.5400,4220972,23811942.0000,3,0.613942,1,2.707600,71.383335,0.356087,-15.522407,2.679761,0
2012-04-19,sh.600438,5.6800,5.7400,5.6300,5.7000,5.6900,2872876,16309258.0000,3,0.417861,1,0.175700,71.508789,0.356712,-15.549687,2.684471,0
2012-04-20,sh.600438,5.7000,5.8800,5.6400,5.7900,5.7000,5023965,29027633.0000,3,0.730737,1,1.578900,72.637875,0.362345,-15.795208,2.726857,0
2012-04-23,sh.600438,5.7500,5.8300,5.6400,5.6600,5.7900,3093435,17703712.0000,3,0.449941,1,-2.245300,71.006973,0.354209,-15.440566,2.665633,0
2012-04-24,sh.600438,5.6500,5.7200,5.4500,5.5800,5.6600,3586397,19973079.0000,3,0.521643,1,-1.413400,70.003341,0.349203,-15.222325,2.627956,0
2012-04-25,sh.600438,5.5800,5.8300,5.5600,5.8000,5.5800,4414837,25228382.0000,3,0.642139,1,3.942700,72.763329,0.362971,-15.822488,2.731567,0
2012-04-26,sh.600438,5.8100,5.8900,5.7200,5.7800,5.8000,3889859,22589752.0000,3,0.565781,1,-0.344800,72.512421,0.361719,-15.767928,2.722148,0
2012-04-27,sh.600438,5.7700,5.7800,5.6000,5.6200,5.7800,3290798,18634350.0000,3,0.478648,1,-2.768200,70.505157,0.351706,-15.331446,2.646794,0
2012-05-02,sh.600438,5.6300,5.6700,5.3000,5.3600,5.6200,7858279,42681541.0000,3,1.142989,1,-4.626300,50.355910,0.306817,149.236058,2.721483,0
2012-05-03,sh.600438,5.3500,5.4100,5.3000,5.3800,5.3600,2921278,15643481.0000,3,0.424901,1,0.373100,50.543805,0.307961,149.792909,2.731638,0
2012-05-04,sh.600438,5.3300,5.4100,5.3200,5.4000,5.3800,3174296,16999991.0000,3,0.461702,1,0.371700,50.731700,0.309106,150.349760,2.741792,0
2012-05-07,sh.600438,5.3600,5.3800,5.3200,5.3700,5.4000,2252401,12028817.0000,3,0.327612,1,-0.555600,50.449858,0.307389,149.514483,2.726560,0
2012-05-08,sh.600438,5.3500,5.4200,5.3500,5.4000,5.3700,2410259,12984955.0000,3,0.350573,1,0.558700,50.731700,0.309106,150.349760,2.741792,0
2012-05-09,sh.600438,5.3800,5.4500,5.3200,5.3500,5.4000,2422728,13023841.0000,3,0.352387,1,-0.925900,50.261962,0.306244,148.957632,2.716405,0
2012-05-10,sh.600438,5.3400,5.4100,5.3200,5.3600,5.3500,1897583,10163048.0000,3,0.276004,1,0.186900,50.355910,0.306817,149.236058,2.721483,0
2012-05-11,sh.600438,5.3600,5.3600,5.1700,5.2200,5.3600,3407401,17957759.0000,3,0.495608,1,-2.611900,49.040644,0.298803,145.338101,2.650399,0
2012-05-14,sh.600438,5.2800,5.3000,5.2100,5.2300,5.2200,2023112,10592135.0000,3,0.294262,1,0.191600,49.134591,0.299375,145.616527,2.655477,0
2012-05-15,sh.600438,5.2000,5.2300,5.0800,5.1800,5.2300,2181674,11223142.0000,3,0.317325,1,-0.956000,48.664853,0.296513,144.224399,2.630090,0
2012-05-16,sh.600438,5.1800,5.2000,5.0800,5.0900,5.1800,1835568,9444051.0000,3,0.266984,1,-1.737500,47.819325,0.291361,141.718570,2.584393,0
2012-05-17,sh.600438,5.0900,5.2100,5.0900,5.1800,5.0900,1507288,7770351.0000,3,0.219236,1,1.768200,48.664853,0.296513,144.224399,2.630090,0
2012-05-18,sh.600438,5.1800,5.1800,5.0700,5.0800,5.1800,1723956,8820615.0000,3,0.250750,1,-1.930500,47.725377,0.290789,141.440144,2.579316,0
2012-05-22,sh.600438,5.1200,5.1500,5.0800,5.1400,5.0800,1540471,7875812.0000,3,0.224062,1,1.181100,48.289063,0.294223,143.110697,2.609780,0
2012-05-23,sh.600438,5.1400,5.1400,5.0100,5.0700,5.1400,1997596,10118064.0000,3,0.290551,1,-1.361900,47.631430,0.290216,141.161719,2.574238,0
2012-05-24,sh.600438,5.0500,5.1200,5.0200,5.0500,5.0700,1272739,6433308.0000,3,0.185120,1,-0.394500,47.443535,0.289072,140.604868,2.564084,0
2012-05-25,sh.600438,5.0500,5.0600,4.9300,4.9500,5.0500,1703503,8484048.0000,3,0.247775,1,-1.980200,46.504059,0.283347,137.820613,2.513310,0
2012-05-28,sh.600438,4.9500,5.0500,4.8500,5.0400,4.9500,1563697,7723135.0000,3,0.227440,1,1.818200,47.349587,0.288499,140.326442,2.559006,0
2012-05-29,sh.600438,5.0500,5.1900,5.0100,5.1800,5.0400,3263152,16727471.0000,3,0.474626,1,2.777800,48.664853,0.296513,144.224399,2.630090,0
2012-05-30,sh.600438,5.1700,5.2100,5.1200,5.1700,5.1800,2037627,10520565.0000,3,0.296373,1,-0.193100,48.570906,0.295941,143.945974,2.625012,0
2012-05-31,sh.600438,5.1500,5.2300,5.1100,5.1800,5.1700,2074589,10745662.0000,3,0.301750,1,0.193400,48.664853,0.296513,144.224399,2.630090,0
2012-06-01,sh.600438,5.2000,5.2300,5.1400,5.2000,5.1800,1824918,9454049.0000,3,0.265435,1,0.386100,48.852749,0.297658,144.781250,2.640244,0
2012-06-04,sh.600438,5.1400,5.1400,4.9900,5.0000,5.2000,2025766,10249776.0000,3,0.294648,1,-3.846200,46.973797,0.286209,139.212740,2.538697,0
2012-06-05,sh.600438,5.0000,5.0500,4.9700,4.9800,5.0000,933789,4671310.0000,3,0.135820,1,-0.400000,46.785902,0.285065,138.655890,2.528542,0
2012-06-06,sh.600438,5.0100,5.0400,4.9600,4.9800,4.9800,852402,4260318.0000,3,0.123982,1,0.000000,46.785902,0.285065,138.655890,2.528542,0
2012-06-07,sh.600438,5.0400,5.0600,4.9300,4.9400,4.9800,978261,4877235.0000,3,0.142288,1,-0.803200,46.410111,0.282775,137.542188,2.508232,0
2012-06-08,sh.600438,5.0000,5.0200,4.8900,4.9300,4.9400,982789,4861830.0000,3,0.142947,1,-0.202400,46.316164,0.282203,137.263762,2.503155,0
2012-06-11,sh.600438,4.9000,5.0100,4.9000,5.0000,4.9300,799607,3970858.0000,3,0.116303,1,1.419900,46.973797,0.286209,139.212740,2.538697,0
2012-06-12,sh.600438,4.9800,5.0200,4.9600,4.9700,5.0000,586029,2927880.0000,3,0.085238,1,-0.600000,46.691954,0.284492,138.377464,2.523464,0
2012-06-13,sh.600438,4.9700,5.1800,4.9700,5.1300,4.9700,2115464,10787544.0000,3,0.307695,1,3.219300,48.195115,0.293651,142.832272,2.604703,0
2012-06-14,sh.600438,5.1100,5.2600,5.1000,5.1600,5.1300,2155859,11187247.0000,3,0.313570,1,0.584800,48.476958,0.295368,143.667548,2.619935,0
2012-06-15,sh.600438,5.1600,5.1900,5.0600,5.1400,5.1600,1179440,6036090.0000,3,0.171550,1,-0.387600,48.289063,0.294223,143.110697,2.609780,0
2012-06-18,sh.600438,5.1500,5.2600,5.1500,5.1800,5.1400,2285445,11919111.0000,3,0.332419,1,0.778200,48.664853,0.296513,144.224399,2.630090,0
2012-06-19,sh.600438,5.2000,5.2800,5.1500,5.2300,5.1800,2232496,11691460.0000,3,0.324717,1,0.965300,49.134591,0.299375,145.616527,2.655477,0
2012-06-20,sh.600438,5.2300,5.5700,5.2000,5.5400,5.2300,13078172,71389215.0000,3,1.902224,1,5.927300,52.046967,0.317120,154.247716,2.812876,0
2012-06-28,sh.600438,6.0900,6.0900,5.8000,6.0900,5.5400,16520736,99917917.0000,3,2.402946,1,9.927800,57.214084,0.348603,169.561118,3.092132,0
2012-06-29,sh.600438,6.0900,6.5500,5.8900,6.2800,6.0900,38882423,242265115.0000,3,5.655461,1,3.119900,58.999089,0.359479,174.851202,3.188603,0
2012-07-02,sh.600438,6.2700,6.9100,6.1800,6.7200,6.2800,25533043,169173538.0000,3,3.713789,1,7.006400,63.132783,0.384666,187.101923,3.412008,0
2012-07-03,sh.600438,6.6300,6.9900,6.4700,6.7800,6.6600,18192196,121991864.0000,3,2.646061,1,1.801800,63.696468,0.388100,188.772476,3.442473,0
2012-07-04,sh.600438,6.7000,6.9500,6.6300,6.8400,6.7800,12747855,86955612.0000,3,1.854180,1,0.885000,64.260154,0.391535,190.443029,3.472937,0
2012-07-05,sh.600438,6.8300,6.9000,6.6900,6.7700,6.8400,10984081,74177866.0000,3,1.597638,1,-1.023400,63.602521,0.387528,188.494051,3.437395,0
2012-07-06,sh.600438,6.7500,6.9600,6.6500,6.8300,6.7700,11728573,79864519.0000,3,1.705925,1,0.886300,64.166206,0.390962,190.164604,3.467860,0
2012-07-09,sh.600438,6.8000,7.4400,6.7600,7.0600,6.8300,20841081,147721954.0000,3,3.031342,1,3.367500,66.327001,0.404128,196.568390,3.584640,0
2012-07-10,sh.600438,6.9600,7.2200,6.9500,7.1800,7.0600,10168490,72148482.0000,3,1.479010,1,1.699700,67.454372,0.410997,199.909495,3.645568,0
2012-07-11,sh.600438,7.1000,7.2600,6.7900,6.9700,7.1800,9965759,69383143.0000,3,1.449523,1,-2.924800,65.481473,0.398976,194.062560,3.538943,0
2012-07-12,sh.600438,6.9800,7.3100,6.8600,7.2300,6.9700,10533546,75620419.0000,3,1.532108,1,3.730300,67.924110,0.413859,201.301623,3.670955,0
2012-07-13,sh.600438,7.2300,7.4500,7.0900,7.3900,7.2300,9065823,66146092.0000,3,1.318627,1,2.213000,69.427272,0.423018,205.756430,3.752194,0
2012-07-16,sh.600438,7.4500,7.6800,7.1800,7.2000,7.3900,10543045,77797158.0000,3,1.533489,1,-2.571000,67.642267,0.412142,200.466346,3.655723,0
2012-07-17,sh.600438,7.0000,7.4800,6.7300,7.3700,7.2000,8185805,58471398.0000,3,1.190628,1,2.361100,69.239376,0.421873,205.199579,3.742039,0
2012-07-18,sh.600438,7.2800,7.7800,7.0800,7.7600,7.3700,8801289,65600353.0000,3,1.280150,1,5.291700,72.903332,0.444197,216.058173,3.940057,0
2012-07-19,sh.600438,7.6100,7.8100,7.5000,7.5100,7.7600,7992963,61127911.0000,3,1.162579,1,-3.221600,70.554643,0.429887,209.097536,3.813122,0
2012-07-20,sh.600438,7.4100,7.6000,6.9500,7.1300,7.5100,9242327,66723305.0000,3,1.344299,1,-5.059900,66.984634,0.408135,198.517368,3.620181,0
2012-07-23,sh.600438,7.0200,7.2600,6.9000,7.1200,7.1300,4330157,30680314.0000,3,0.629823,1,-0.140300,66.890687,0.407562,198.238942,3.615104,0
2012-07-24,sh.600438,7.0000,7.1800,6.9200,7.1500,7.1200,4180629,29482690.0000,3,0.608074,1,0.421300,67.172529,0.409280,199.074219,3.630336,0
2012-07-25,sh.600438,7.0500,7.1500,6.4400,6.5000,7.1500,15056536,100748906.0000,3,2.189978,1,-9.090900,61.065936,0.372072,180.976563,3.300306,0
2012-07-26,sh.600438,6.6000,6.8000,6.5000,6.5600,6.5000,13193471,88045305.0000,3,1.918995,1,0.923100,61.629621,0.375507,182.647116,3.330770,0
2012-07-27,sh.600438,6.5600,6.6000,6.3300,6.3900,6.5600,7099670,45540770.0000,3,1.032649,1,-2.591500,60.032512,0.365776,177.913882,3.244454,0
2012-07-30,sh.600438,6.3400,6.4900,6.3400,6.4600,6.3900,7397223,47451452.0000,3,1.075928,1,1.095500,60.690145,0.369783,179.862861,3.279996,0
2012-07-31,sh.600438,6.4200,6.4900,6.1300,6.3600,6.4600,6422242,40716131.0000,3,0.934117,1,-1.548000,59.750669,0.364058,177.078606,3.229222,0
2012-08-01,sh.600438,6.4200,6.8500,6.3400,6.7500,6.3600,6801884,45384690.0000,3,0.989336,1,6.132100,63.414626,0.386383,187.937200,3.427240,0
2012-08-02,sh.600438,6.7300,6.8400,6.6400,6.7600,6.7500,4271554,28747116.0000,3,0.621299,1,0.148100,63.508573,0.386955,188.215625,3.432318,0
2012-08-03,sh.600438,6.7300,6.8600,6.6800,6.8500,6.7600,2991221,20306654.0000,3,0.435074,1,1.331400,64.354101,0.392107,190.721454,3.478014,0
2012-08-06,sh.600438,6.8900,7.0300,6.6900,6.9800,6.8500,4104871,28263625.0000,3,0.597055,1,1.897800,65.575420,0.399548,194.340986,3.544020,0
2012-08-07,sh.600438,6.9800,7.0400,6.8200,6.9400,6.9800,2962497,20435182.0000,3,0.430896,1,-0.573100,65.199630,0.397259,193.227284,3.523711,0
2012-08-08,sh.600438,6.8200,6.9200,6.6800,6.7300,6.9400,2404976,16311351.0000,3,0.349805,1,-3.025900,63.226730,0.385238,187.380349,3.417086,0
2012-08-09,sh.600438,6.7000,7.0000,6.6300,6.9500,6.7300,3933843,27120006.0000,3,0.572179,1,3.268900,65.293577,0.397831,193.505709,3.528788,0
2012-08-10,sh.600438,6.9000,7.0000,6.8300,6.9400,6.9500,2345625,16271987.0000,3,0.341172,1,-0.143900,65.199630,0.397259,193.227284,3.523711,0
2012-08-13,sh.600438,6.9200,6.9900,6.7300,6.8600,6.9400,2325965,15893610.0000,3,0.338312,1,-1.152700,64.448049,0.392679,190.999880,3.483092,0
2012-08-14,sh.600438,6.8600,6.8600,6.1800,6.4900,6.8600,5338267,34222555.0000,3,0.776453,1,-5.393600,60.971988,0.371500,180.698137,3.295228,0
2012-08-15,sh.600438,6.4200,6.4600,6.2700,6.3200,6.4900,2900057,18328130.0000,3,0.421814,1,-2.619400,59.374879,0.361769,175.964904,3.208913,0
2012-08-16,sh.600438,6.3000,6.3000,6.0800,6.2600,6.3200,3763254,23201806.0000,3,0.547366,1,-0.949400,58.811193,0.358334,174.294351,3.178448,0
2012-08-17,sh.600438,6.2000,6.2000,6.0700,6.1700,6.2600,2411166,14781703.0000,3,0.350705,1,-1.437700,45.469574,0.328833,72.846222,3.016818,0
2012-08-20,sh.600438,6.1600,6.2200,6.0800,6.2100,6.1700,2979623,18349364.0000,3,0.433387,1,0.648300,45.764353,0.330965,73.318482,3.036376,0
2012-08-21,sh.600438,6.2400,6.4300,6.1600,6.2100,6.2100,4334659,27092980.0000,3,0.630478,1,0.000000,45.764353,0.330965,73.318482,3.036376,0
2012-08-22,sh.600438,6.2000,6.2800,6.0300,6.0900,6.2100,3855169,23707361.0000,3,0.560736,1,-1.932400,44.880018,0.324569,71.901700,2.977702,0
2012-08-23,sh.600438,6.0900,6.1300,5.9800,6.1200,6.0900,3481878,21144684.0000,3,0.506440,1,0.492600,45.101101,0.326168,72.255896,2.992371,0
2012-08-24,sh.600438,6.1000,6.1100,5.7100,5.7500,6.1200,4578378,27020192.0000,3,0.665927,1,-6.045800,42.374401,0.306449,67.887484,2.811460,0
2012-08-27,sh.600438,5.7600,5.7600,5.4800,5.5000,5.7500,5927292,33149561.0000,3,0.862126,1,-4.347800,40.532036,0.293125,64.935854,2.689222,0
2012-08-28,sh.600438,5.5300,5.7500,5.5000,5.6900,5.5000,4290692,24197394.0000,3,0.624082,1,3.454500,41.932233,0.303251,67.179092,2.782123,0
2012-08-29,sh.600438,5.6700,5.7000,5.5800,5.6300,5.6900,2070346,11646059.0000,3,0.301132,1,-1.054500,41.490066,0.300053,66.470701,2.752786,0
2012-08-30,sh.600438,5.6300,5.7000,5.4500,5.4800,5.6300,2222396,12361074.0000,3,0.323248,1,-2.664300,40.384646,0.292059,64.699723,2.679443,0
2012-08-31,sh.600438,5.5600,5.6100,5.4500,5.5200,5.4800,1950491,10752508.0000,3,0.283700,1,0.729900,40.679425,0.294191,65.171984,2.699001,0
2012-09-03,sh.600438,5.5000,5.8500,5.4500,5.8200,5.5200,5256975,30125922.0000,3,0.764629,1,5.434800,42.890263,0.310179,68.713940,2.845686,0
2012-09-04,sh.600438,5.8600,6.0900,5.8500,5.9200,5.8200,6755877,40406872.0000,3,0.982644,1,1.718200,43.627209,0.315509,69.894592,2.894581,0
2012-09-05,sh.600438,5.8800,5.9800,5.8000,5.9800,5.9200,1856354,10960784.0000,3,0.270007,1,1.013500,44.069377,0.318707,70.602983,2.923918,0
2012-09-06,sh.600438,5.9800,6.0600,5.9000,5.9500,5.9800,1864036,11100443.0000,3,0.271125,1,-0.501700,43.848293,0.317108,70.248787,2.909249,0
2012-09-07,sh.600438,5.9400,6.1900,5.9400,6.1500,5.9500,3393537,20655052.0000,3,0.493591,1,3.361300,45.322185,0.327767,72.610091,3.007039,0
2012-09-10,sh.600438,6.1500,6.1600,6.0000,6.0800,6.1500,4071420,24691144.0000,3,0.592189,1,-1.138200,44.806323,0.324036,71.783635,2.972813,0
2012-09-11,sh.600438,6.0800,6.0800,5.8900,6.0200,6.0800,2990898,17766340.0000,3,0.435027,1,-0.986800,44.364155,0.320838,71.075244,2.943476,0
2012-09-12,sh.600438,6.0400,6.0600,5.9600,6.0500,6.0200,1913221,11480531.0000,3,0.278279,1,0.498300,44.585239,0.322437,71.429439,2.958144,0
2012-09-13,sh.600438,6.0300,6.1000,5.9500,5.9500,6.0500,1930573,11624045.0000,3,0.280802,1,-1.652900,43.848293,0.317108,70.248787,2.909249,0
2012-09-14,sh.600438,5.9500,6.0300,5.7600,5.8000,5.9500,4433367,25846529.0000,3,0.644835,1,-2.521000,42.742874,0.309113,68.477810,2.835907,0
2012-09-17,sh.600438,5.7000,5.7500,5.5000,5.5200,5.8000,4345770,24348830.0000,3,0.632094,1,-4.827600,40.679425,0.294191,65.171984,2.699001,0
2012-09-18,sh.600438,5.5100,5.6200,5.4500,5.5000,5.5200,2760517,15247850.0000,3,0.401518,1,-0.362300,40.532036,0.293125,64.935854,2.689222,0
2012-09-19,sh.600438,5.4600,5.5700,5.4600,5.5200,5.5000,3036026,16708359.0000,3,0.441591,1,0.363600,40.679425,0.294191,65.171984,2.699001,0
2012-09-20,sh.600438,5.5000,5.5200,5.2800,5.2900,5.5200,2950858,15862221.0000,3,0.429203,1,-4.166700,38.984449,0.281933,62.456485,2.586543,0
2012-09-21,sh.600438,5.3000,5.4500,5.2900,5.3000,5.2900,2094662,11230027.0000,3,0.304669,1,0.189000,39.058143,0.282466,62.574550,2.591432,0
2012-09-24,sh.600438,5.2900,5.3700,5.2200,5.3400,5.3000,1156782,6149608.0000,3,0.168254,1,0.754700,39.352922,0.284598,63.046811,2.610990,0
2012-09-25,sh.600438,5.3400,5.4400,5.3100,5.3900,5.3400,1232122,6629608.0000,3,0.179213,1,0.936300,39.721395,0.287262,63.637137,2.635438,0
2012-09-26,sh.600438,5.3900,5.4400,5.1800,5.2500,5.3900,1647180,8671890.0000,3,0.239583,1,-2.597400,38.689670,0.279801,61.984224,2.566985,0
2012-09-27,sh.600438,5.2500,5.4400,5.2100,5.3800,5.2500,1669752,8937634.0000,3,0.242866,1,2.476200,39.647700,0.286729,63.519072,2.630548,0
2012-09-28,sh.600438,5.3600,5.6400,5.3300,5.6300,5.3800,5031328,28009600.0000,3,0.731808,1,4.646800,41.490066,0.300053,66.470701,2.752786,0
2012-10-08,sh.600438,5.6400,5.6600,5.3800,5.4600,5.6300,5532461,30150573.0000,3,0.804698,1,-3.019500,40.237257,0.290993,64.463593,2.669664,0
2012-10-09,sh.600438,5.4600,5.6100,5.4300,5.6000,5.4600,3391754,18816285.0000,3,0.493332,1,2.564100,41.268982,0.298454,66.116506,2.738117,0
2012-10-10,sh.600438,5.5800,5.7900,5.5000,5.7800,5.6000,4840924,27346702.0000,3,0.704114,1,3.214300,42.595485,0.308048,68.241679,2.826128,0
2012-10-11,sh.600438,5.7600,5.7800,5.6800,5.7300,5.7800,3203426,18354777.0000,3,0.465939,1,-0.865100,42.227012,0.305383,67.651353,2.801681,0
2012-10-12,sh.600438,5.7200,5.7700,5.5600,5.6100,5.7300,1819175,10266181.0000,3,0.264600,1,-2.094200,41.342676,0.298987,66.234571,2.743007,0
2012-10-15,sh.600438,5.6600,5.8400,5.5000,5.8100,5.6100,3442647,19528608.0000,3,0.500734,1,3.565100,42.816569,0.309646,68.595875,2.840797,0
2012-10-16,sh.600438,5.7700,5.7800,5.6100,5.6900,5.8100,2506167,14280722.0000,3,0.364523,1,-2.065400,41.932233,0.303251,67.179092,2.782123,0
2012-10-17,sh.600438,5.6900,5.7900,5.6500,5.7600,5.6900,2179401,12432589.0000,3,0.316995,1,1.230200,42.448095,0.306982,68.005549,2.816349,0
2012-10-18,sh.600438,5.7800,5.7900,5.7000,5.7600,5.7600,3882846,22333237.0000,3,0.564761,1,0.000000,42.448095,0.306982,68.005549,2.816349,0
2012-10-19,sh.600438,5.7500,5.8000,5.6000,5.6000,5.7600,3172944,18082787.0000,3,0.461506,1,-2.777783,41.268982,0.298454,66.116506,2.738117,0
2012-10-22,sh.600438,5.6500,5.6500,5.4800,5.5000,5.6000,6372285,35362332.0000,3,0.926851,1,-1.785700,40.532036,0.293125,64.935854,2.689222,0
2012-10-23,sh.600438,5.4800,5.5300,5.4400,5.5000,5.5000,2756655,15133508.0000,3,0.400956,1,0.000000,40.532036,0.293125,64.935854,2.689222,0
2012-10-24,sh.600438,5.5000,5.5000,5.4000,5.4500,5.5000,3236720,17606904.0000,3,0.470782,1,-0.909100,40.163563,0.290460,64.345528,2.664775,0
2012-10-25,sh.600438,5.4400,5.5100,5.4100,5.4200,5.4500,1492066,8134666.0000,3,0.217021,1,-0.550500,39.942479,0.288861,63.991332,2.650106,0
2012-10-26,sh.600438,5.4000,5.4200,5.2100,5.2700,5.4200,2040904,10785586.0000,3,0.296850,1,-2.767500,38.837060,0.280867,62.220355,2.576764,0
2012-10-29,sh.600438,5.3000,5.3300,5.2400,5.3000,5.2700,1012320,5329961.0000,3,0.147242,1,0.569300,39.058143,0.282466,62.574550,2.591432,0
2012-10-30,sh.600438,5.3500,5.4500,5.3200,5.3500,5.3000,2798462,15039096.0000,3,0.407037,1,0.943400,32.424409,0.272510,1163.361459,2.405275,0
2012-10-31,sh.600438,5.3500,5.3900,5.2700,5.3300,5.3500,1373843,7304228.0000,3,0.199826,1,-0.373800,32.303196,0.271492,1159.012445,2.396284,0
2012-11-01,sh.600438,5.3600,5.5100,5.3400,5.5000,5.3300,4528404,24675523.0000,3,0.658658,1,3.189500,33.333505,0.280151,1195.979070,2.472713,0
2012-11-02,sh.600438,5.4800,5.5500,5.4800,5.5400,5.5000,4136741,22850560.0000,3,0.601690,1,0.727300,33.575930,0.282188,1204.677100,2.490696,0
2012-11-05,sh.600438,5.5500,5.6600,5.5300,5.6500,5.5400,3844868,21491943.0000,3,0.559237,1,1.985600,34.242600,0.287791,1228.596681,2.540151,0
2012-11-06,sh.600438,5.6500,5.6600,5.5100,5.5700,5.6500,3819992,21280365.0000,3,0.555619,1,-1.415900,33.757749,0.283716,1211.200622,2.504184,0
2012-11-07,sh.600438,5.5700,5.6500,5.5400,5.6200,5.5700,1957047,11001342.0000,3,0.284653,1,0.897700,34.060781,0.286263,1222.073159,2.526663,0
2012-11-08,sh.600438,5.5900,5.5900,5.4100,5.4300,5.6200,2224768,12326362.0000,3,0.323593,1,-3.380800,32.909260,0.276585,1180.757519,2.441242,0
2012-11-09,sh.600438,5.3800,5.4700,5.3100,5.3900,5.4300,993702,5354556.0000,3,0.144534,1,-0.736600,32.666835,0.274548,1172.059489,2.423259,0
2012-11-12,sh.600438,5.3600,5.4500,5.3600,5.4000,5.3900,1365593,7371071.0000,3,0.198626,1,0.185500,32.727441,0.275057,1174.233996,2.427755,0
2012-11-13,sh.600438,5.4000,5.4300,5.3100,5.3800,5.4000,1012140,5424801.0000,3,0.147216,1,-0.370400,32.606228,0.274039,1169.884982,2.418763,0
2012-11-14,sh.600438,5.3900,5.6100,5.3400,5.5900,5.3800,2744652,15126380.0000,3,0.399210,1,3.903300,33.878962,0.284735,1215.549637,2.513176,0
2012-11-15,sh.600438,5.5500,5.7500,5.5100,5.5900,5.5900,4429517,24872648.0000,3,0.644275,1,0.000000,33.878962,0.284735,1215.549637,2.513176,0
2012-11-16,sh.600438,5.5800,5.6800,5.4900,5.6600,5.5900,4648345,26049217.0000,3,0.676103,1,1.252200,34.303207,0.288301,1230.771189,2.544647,0
2012-11-19,sh.600438,5.7200,5.7200,5.3400,5.4400,5.6600,11327770,61737161.0000,3,1.647628,1,-3.886900,32.969866,0.277095,1182.932026,2.445738,0
2012-11-20,sh.600438,5.4000,5.4700,5.3500,5.4500,5.4400,2996132,16215107.0000,3,0.435788,1,0.183800,33.030473,0.277604,1185.106533,2.450234,0
2012-11-21,sh.600438,5.4100,5.5300,5.4000,5.5100,5.4500,2075570,11328578.0000,3,0.301892,1,1.100900,33.394111,0.280660,1198.153578,2.477209,0
2012-11-22,sh.600438,5.5100,5.6000,5.4800,5.5700,5.5100,2560593,14225466.0000,3,0.372439,1,1.088900,33.757749,0.283716,1211.200622,2.504184,0
2012-11-23,sh.600438,5.5400,5.6300,5.5400,5.6000,5.5700,3463258,19317574.0000,3,0.503732,1,0.538600,33.939568,0.285245,1217.724144,2.517671,0
2012-11-26,sh.600438,5.6200,5.6600,5.5300,5.5400,5.6000,2786072,15502116.0000,3,0.405235,1,-1.071400,33.575930,0.282188,1204.677100,2.490696,0
2012-11-27,sh.600438,5.5000,5.5000,5.3000,5.3300,5.5400,3544539,19054229.0000,3,0.515554,1,-3.790600,32.303196,0.271492,1159.012445,2.396284,0
2012-11-28,sh.600438,5.3500,5.3600,5.2500,5.2800,5.3300,1307603,6914377.0000,3,0.190191,1,-0.938100,32.000164,0.268945,1148.139908,2.373805,0
2012-11-29,sh.600438,5.3300,5.6800,5.2900,5.5300,5.2800,3910382,21399600.0000,3,0.568766,1,4.734800,33.515324,0.281679,1202.502593,2.486201,0
2012-11-30,sh.600438,5.5000,5.6700,5.3800,5.6600,5.5300,3713693,20755576.0000,3,0.540158,1,2.350800,34.303207,0.288301,1230.771189,2.544647,0
2012-12-03,sh.600438,5.6700,5.7700,5.6000,5.6600,5.6600,4517223,25761972.0000,3,0.657032,1,0.000000,34.303207,0.288301,1230.771189,2.544647,0
2012-12-04,sh.600438,5.6500,5.9800,5.5300,5.9400,5.6600,6401097,36989638.0000,3,0.931042,1,4.947000,36.000185,0.302563,1291.657396,2.670530,0
2012-12-05,sh.600438,5.8800,6.3000,5.8300,6.2500,5.9400,7764416,47483674.0000,3,1.129337,1,5.218900,37.878983,0.318353,1359.067125,2.809901,0
2012-12-06,sh.600438,6.1900,6.2700,6.0800,6.2100,6.2500,4539729,28048339.0000,3,0.660305,1,-0.640000,37.636557,0.316316,1350.369096,2.791918,0
2012-12-07,sh.600438,6.2000,6.5200,6.1300,6.5000,6.2100,11481835,73190784.0000,3,1.670037,1,4.669900,39.394142,0.331087,1413.429810,2.922297,0
2012-12-10,sh.600438,6.5500,6.8800,6.2900,6.8000,6.5000,9680064,63083071.0000,3,1.407968,1,4.615400,41.212333,0.346368,1478.665032,3.057173,0
2012-12-11,sh.600438,6.6700,6.7700,6.5300,6.6800,6.8000,4492743,29746672.0000,3,0.653471,1,-1.764700,40.485057,0.340256,1452.570944,3.003222,0
2012-12-12,sh.600438,6.5800,6.6100,6.4100,6.5200,6.6800,3501092,22779458.0000,3,0.509235,1,-2.395200,39.515355,0.332106,1417.778825,2.931289,0
2012-12-13,sh.600438,6.4500,6.7500,6.4000,6.6600,6.5200,4451634,29264984.0000,3,0.647492,1,2.147200,40.363844,0.339237,1448.221929,2.994231,0
2012-12-14,sh.600438,6.6500,7.1500,6.5100,7.1300,6.6600,11939923,82646456.0000,3,1.736666,1,7.057100,43.212343,0.363177,1550.423777,3.205535,0
2012-12-17,sh.600438,7.0800,7.2300,6.9500,7.0400,7.1300,12027175,85516867.0000,3,1.749356,1,-1.262300,42.666886,0.358593,1530.853210,3.165073,0
2012-12-18,sh.600438,7.0000,7.0900,6.7400,6.8900,7.0400,11734294,81285451.0000,3,1.706757,1,-2.130700,41.757790,0.350953,1498.235599,3.097635,0
2012-12-19,sh.600438,6.8700,6.8700,6.6000,6.7000,6.8900,12930352,86800342.0000,3,1.880724,1,-2.757600,40.606269,0.341275,1456.919958,3.012214,0
2012-12-20,sh.600438,6.6000,6.7400,6.5700,6.7300,6.7000,3225924,21436075.0000,3,0.469212,1,0.447800,40.788088,0.342803,1463.443481,3.025702,0
2012-12-21,sh.600438,6.7400,6.9100,6.6100,6.7400,6.7300,4009257,27175908.0000,3,0.583148,1,0.148600,40.848695,0.343312,1465.617988,3.030197,0
2012-12-24,sh.600438,6.7700,6.8300,6.6500,6.7000,6.7400,2496797,16731957.0000,3,0.363160,1,-0.593500,40.606269,0.341275,1456.919958,3.012214,0
2012-12-25,sh.600438,6.6500,7.0000,6.6200,6.9400,6.7000,7827703,53370360.0000,3,1.138542,1,3.582100,42.060822,0.353500,1509.108136,3.120114,0
2012-12-26,sh.600438,6.9000,6.9300,6.6900,6.8300,6.9400,8141564,55081010.0000,3,1.184193,1,-1.585000,41.394152,0.347897,1485.188555,3.070660,0
2012-12-27,sh.600438,6.8100,6.8200,6.5900,6.6500,6.8300,10389470,69156636.0000,3,1.511152,1,-2.635400,40.303237,0.338728,1446.047421,2.989735,0
2012-12-28,sh.600438,6.5800,6.8200,6.5800,6.7900,6.6500,4605363,30883760.0000,3,0.669851,1,2.105300,41.151727,0.345859,1476.490525,3.052677,0
2012-12-31,sh.600438,6.7600,6.9000,6.6000,6.6900,6.7900,6216086,41869109.0000,3,0.904132,1,-1.472800,40.545663,0.340765,1454.745451,3.007718,0
2013-01-04,sh.600438,6.7500,6.7700,6.4000,6.4200,6.6900,5304416,34592117.0000,3,0.771529,1,-4.035900,38.909291,0.327013,1396.033751,2.886331,0
2013-01-07,sh.600438,6.4000,6.5100,6.3800,6.4600,6.4200,7467428,48042094.0000,3,1.086140,1,0.623100,39.151716,0.329050,1404.731781,2.904314,0
2013-01-08,sh.600438,6.4700,6.5400,6.3700,6.5400,6.4600,7477714,48283802.0000,3,1.087636,1,1.238400,39.636567,0.333125,1422.127840,2.940281,0
2013-01-09,sh.600438,6.5600,6.6600,6.4600,6.5600,6.5400,10298750,67495149.0000,3,1.497956,1,0.305800,39.757780,0.334144,1426.476855,2.949272,0
2013-01-10,sh.600438,6.6100,6.6300,6.4800,6.5700,6.5600,6684794,43741852.0000,3,0.972305,1,0.152400,39.818386,0.334653,1428.651362,2.953768,0
2013-01-11,sh.600438,6.5700,6.6000,6.3600,6.4100,6.5700,6990660,44974583.0000,3,1.016794,1,-2.435300,38.848684,0.326503,1393.859244,2.881835,0
2013-01-14,sh.600438,6.3600,6.6600,6.3600,6.6000,6.4100,8058251,52702038.0000,3,1.172075,1,2.964100,40.000206,0.336181,1435.174884,2.967256,0
2013-01-15,sh.600438,6.6300,6.8700,6.5500,6.8400,6.6000,15307335,102771298.0000,3,2.226457,1,3.636400,41.454758,0.348406,1487.363062,3.075156,0
2013-01-16,sh.600438,6.8200,6.8200,6.5000,6.6300,6.8400,11052092,73338017.0000,3,1.607530,1,-3.070200,40.182025,0.337709,1441.698407,2.980743,0
2013-01-17,sh.600438,6.5800,6.5800,6.3800,6.4200,6.6300,7951262,51263835.0000,3,1.156514,1,-3.167400,38.909291,0.327013,1396.033751,2.886331,0
2013-01-18,sh.600438,6.4400,6.5200,6.4100,6.5100,6.4200,7393576,47804459.0000,3,1.075398,1,1.401900,39.454748,0.331597,1415.604318,2.926793,0
2013-01-21,sh.600438,6.5000,6.5700,6.4400,6.5700,6.5100,8225429,53490151.0000,3,1.196391,1,0.921700,39.818386,0.334653,1428.651362,2.953768,0
2013-01-22,sh.600438,6.6600,6.7800,6.4300,6.5600,6.5700,14311093,95271409.0000,3,2.081553,1,-0.152200,39.757780,0.334144,1426.476855,2.949272,0
2013-01-23,sh.600438,6.4800,6.4900,6.2900,6.4300,6.5600,8605973,55021801.0000,3,1.251741,1,-1.981700,38.969897,0.327522,1398.208259,2.890826,0
2013-01-24,sh.600438,6.4300,6.4600,6.2100,6.2500,6.4300,7391364,46956300.0000,3,1.075076,1,-2.799400,37.878983,0.318353,1359.067125,2.809901,0
2013-01-25,sh.600438,6.2500,6.2900,6.1800,6.2300,6.2500,4393425,27313781.0000,3,0.639025,1,-0.320000,37.757770,0.317335,1354.718111,2.800910,0
2013-01-28,sh.600438,6.2500,6.3100,6.2000,6.2800,6.2300,11854371,74167704.0000,3,1.724222,1,0.802600,38.060802,0.319881,1365.590648,2.823389,0
2013-01-29,sh.600438,6.2900,6.3200,6.2400,6.2600,6.2800,10767019,67681094.0000,3,1.566066,1,-0.318500,37.939589,0.318863,1361.241633,2.814397,0
2013-01-30,sh.600438,6.2800,6.3500,6.2700,6.3400,6.2600,7108518,44865064.0000,3,1.033936,1,1.278000,38.424440,0.322938,1378.637692,2.850364,0
2013-01-31,sh.600438,6.3500,6.3600,6.2300,6.2800,6.3400,4911089,30840908.0000,3,0.714319,1,-0.946400,38.060802,0.319881,1365.590648,2.823389,0
2013-02-01,sh.600438,6.3300,6.6600,6.3300,6.5400,6.2800,16283155,105974011.0000,3,2.368390,1,4.140100,39.636567,0.333125,1422.127840,2.940281,0
2013-02-04,sh.600438,6.5500,6.5500,6.3600,6.4100,6.5400,10328870,66421886.0000,3,1.502337,1,-1.987800,38.848684,0.326503,1393.859244,2.881835,0
2013-02-05,sh.600438,6.3600,6.4600,6.3100,6.4200,6.4100,5266996,33726977.0000,3,0.766086,1,0.156000,38.909291,0.327013,1396.033751,2.886331,0
2013-02-06,sh.600438,6.4600,6.4800,6.3600,6.3800,6.4200,6868003,43860026.0000,3,0.998953,1,-0.623100,38.666865,0.324975,1387.335722,2.868347,0
2013-02-07,sh.600438,6.3700,6.4000,6.3100,6.3600,6.3800,4801754,30519606.0000,3,0.698417,1,-0.313500,38.545653,0.323956,1382.986707,2.859355,0
2013-02-08,sh.600438,6.3800,6.4400,6.3100,6.4400,6.3600,10578931,67262275.0000,3,1.538709,1,1.257900,39.030504,0.328031,1400.382766,2.895322,0
2013-02-18,sh.600438,6.5000,6.5800,6.4500,6.5200,6.4400,10160749,66134233.0000,3,1.477884,1,1.242200,39.515355,0.332106,1417.778825,2.931289,0
2013-02-19,sh.600438,6.5300,6.5700,6.4000,6.4300,6.5200,7077439,45697587.0000,3,1.029416,1,-1.380400,38.969897,0.327522,1398.208259,2.890826,0
2013-02-20,sh.600438,6.4200,6.5700,6.3700,6.5600,6.4300,8207916,53260341.0000,3,1.193844,1,2.021800,39.757780,0.334144,1426.476855,2.949272,0
2013-02-21,sh.600438,6.5300,6.5600,6.4000,6.5000,6.5600,8324011,53901351.0000,3,1.210730,1,-0.914600,39.394142,0.331087,1413.429810,2.922297,0
2013-02-22,sh.600438,6.5000,6.6600,6.4600,6.5800,6.5000,10539976,69381402.0000,3,1.533043,1,1.230800,39.878993,0.335162,1430.825870,2.958264,0
2013-02-25,sh.600438,6.6000,6.7100,6.5300,6.6000,6.5800,8974164,59289715.0000,3,1.305295,1,0.304000,40.000206,0.336181,1435.174884,2.967256,0
2013-02-26,sh.600438,6.6000,6.7000,6.4200,6.4400,6.6000,11574609,76356315.0000,3,1.683531,1,-2.424200,39.030504,0.328031,1400.382766,2.895322,0
2013-02-27,sh.600438,6.4600,6.4800,6.0200,6.1300,6.4400,14668943,90581737.0000,3,2.133602,1,-4.813700,37.151706,0.312241,1332.973037,2.755951,0
2013-02-28,sh.600438,6.1000,6.2100,5.9600,6.1900,6.1300,13943802,84721585.0000,3,2.028130,1,0.978800,37.515344,0.315297,1346.020081,2.782926,0
2013-03-01,sh.600438,6.1800,6.1800,6.0800,6.1300,6.1900,8559362,52355179.0000,3,1.244962,1,-0.969300,37.151706,0.312241,1332.973037,2.755951,0
2013-03-04,sh.600438,6.1300,6.2200,6.0100,6.0700,6.1300,9427864,57563094.0000,3,1.371286,1,-0.978800,36.788068,0.309185,1319.925992,2.728976,0
2013-03-05,sh.600438,6.0600,6.1200,6.0100,6.1100,6.0700,7608889,46131764.0000,3,1.106715,1,0.659000,37.030493,0.311222,1328.624022,2.746959,0
2013-03-06,sh.600438,6.1700,6.1800,6.0700,6.1700,6.1100,7329141,44988668.0000,3,1.066026,1,0.982000,37.394132,0.314278,1341.671066,2.773934,0
2013-03-07,sh.600438,6.1700,6.1900,6.1100,6.1800,6.1700,6327871,38893711.0000,3,0.920391,1,0.162100,37.454738,0.314788,1343.845574,2.778430,0
2013-03-08,sh.600438,6.1800,6.1900,6.1000,6.1100,6.1800,3783460,23206544.0000,3,0.550305,1,-1.132700,37.030493,0.311222,1328.624022,2.746959,0
2013-03-11,sh.600438,6.0900,6.1200,6.0400,6.0900,6.1100,3067126,18628836.0000,3,0.446114,1,-0.327300,36.909281,0.310203,1324.275007,2.737968,0
2013-03-12,sh.600438,6.1000,6.1300,5.7800,6.0000,6.0900,7619484,45363590.0000,3,1.108256,1,-1.477800,36.363823,0.305619,1304.704440,2.697505,0
2013-03-13,sh.600438,5.9500,5.9500,5.8500,5.8900,6.0000,2556464,15060357.0000,3,0.371838,1,-1.833300,35.697153,0.300016,1280.784859,2.648051,0
2013-03-14,sh.600438,5.8500,5.9200,5.8100,5.8400,5.8900,2019620,11870026.0000,3,0.293754,1,-0.848900,35.394121,0.297469,1269.912322,2.625572,0
2013-03-15,sh.600438,5.8600,5.9500,5.8100,5.8500,5.8400,2964025,17419954.0000,3,0.431118,1,0.171200,35.454728,0.297979,1272.086829,2.630068,0
2013-03-18,sh.600438,5.8400,5.8700,5.7000,5.7300,5.8500,2972890,17161504.0000,3,0.432408,1,-2.051300,34.727451,0.291866,1245.992741,2.576117,0
2013-03-19,sh.600438,5.7500,5.7800,5.6800,5.7600,5.7300,1828005,10475912.0000,3,0.265884,1,0.523600,34.909270,0.293394,1252.516263,2.589605,0
2013-03-20,sh.600438,5.7100,5.9000,5.7100,5.9000,5.7600,3655978,21295792.0000,3,0.531763,1,2.430600,35.757760,0.300526,1282.959366,2.652547,0
2013-03-21,sh.600438,5.9000,5.9500,5.8400,5.9100,5.9000,3881332,22914608.0000,3,0.564541,1,0.169500,35.818366,0.301035,1285.133874,2.657043,0
2013-03-22,sh.600438,5.9100,5.9200,5.8500,5.9100,5.9100,2445507,14395031.0000,3,0.355700,1,0.000000,35.818366,0.301035,1285.133874,2.657043,0
2013-03-25,sh.600438,5.9100,5.9700,5.8600,5.9600,5.9100,3105111,18365402.0000,3,0.451639,1,0.846000,36.121398,0.303582,1296.006411,2.679522,0
2013-03-26,sh.600438,5.9500,5.9500,5.8100,5.8400,5.9600,2780981,16314235.0000,3,0.404495,1,-2.013400,35.394121,0.297469,1269.912322,2.625572,0
2013-03-27,sh.600438,5.8400,5.8900,5.7600,5.7800,5.8400,2579784,15028627.0000,3,0.375230,1,-1.027400,35.030483,0.294413,1256.865278,2.598597,0
2013-03-28,sh.600438,5.7600,5.7600,5.5500,5.5900,5.7800,4109122,23123958.0000,3,0.597673,1,-3.287200,33.878962,0.284735,1215.549637,2.513176,0
2013-03-29,sh.600438,5.6300,5.6500,5.5900,5.6100,5.5900,1819734,10216183.0000,3,0.264681,1,0.357800,34.000175,0.285754,1219.898652,2.522167,0
2013-04-01,sh.600438,5.5900,5.6600,5.5600,5.6300,5.6100,1414524,7947744.0000,3,0.205743,1,0.356500,34.121387,0.286773,1224.247667,2.531159,0
2013-04-02,sh.600438,5.6300,5.6900,5.6000,5.6200,5.6300,1927046,10856008.0000,3,0.280289,1,-0.177600,34.060781,0.286263,1222.073159,2.526663,0
2013-04-03,sh.600438,5.6400,5.6600,5.5600,5.6000,5.6200,1983488,11105359.0000,3,0.288499,1,-0.355900,33.939568,0.285245,1217.724144,2.517671,0
2013-04-08,sh.600438,5.5100,5.7700,5.3700,5.7600,5.6000,5541733,30798950.0000,3,0.806047,1,2.857100,34.909270,0.293394,1252.516263,2.589605,0
2013-04-09,sh.600438,5.8000,5.8900,5.7600,5.7900,5.7600,4068079,23696892.0000,3,0.591703,1,0.520800,35.091089,0.294923,1259.039785,2.603092,0
2013-04-10,sh.600438,5.8000,5.8200,5.7100,5.7500,5.7900,1822517,10498533.0000,3,0.265086,1,-0.690800,34.848664,0.292885,1250.341755,2.585109,0
2013-04-11,sh.600438,5.7500,5.8500,5.6500,5.6600,5.7500,1421653,8152760.0000,3,0.206780,1,-1.565200,34.303207,0.288301,1230.771189,2.544647,0
2013-04-12,sh.600438,5.6600,5.6700,5.5300,5.5500,5.6600,2340770,13093745.0000,3,0.340466,1,-1.943457,33.636536,0.282698,1206.851607,2.495192,0
2013-04-15,sh.600438,5.5600,5.7000,5.4800,5.6500,5.5500,2314913,12875172.0000,3,0.336705,1,1.801800,34.242600,0.287791,1228.596681,2.540151,0
2013-04-16,sh.600438,5.5900,5.6700,5.5400,5.6200,5.6500,2558729,14368520.0000,3,0.372168,1,-0.530977,40.261676,0.286408,11.503357,2.611419,0
2013-04-17,sh.600438,5.6200,5.6500,5.4700,5.5800,5.6200,4124483,22850200.0000,3,0.599907,1,-0.711700,39.975116,0.284369,11.421482,2.592833,0
2013-04-18,sh.600438,5.5400,5.6100,5.4900,5.5400,5.5800,2033985,11310539.0000,3,0.295844,1,-0.716800,39.688556,0.282331,11.339608,2.574246,0
2013-04-19,sh.600438,5.5600,5.6600,5.5000,5.6500,5.5400,3578700,20076676.0000,3,0.520523,1,1.985562,40.476595,0.287936,11.564763,2.625359,0
2013-04-22,sh.600438,5.6400,5.6400,5.5300,5.5900,5.6500,3198713,17806182.0000,3,0.465254,1,-1.061900,40.046756,0.284879,11.441951,2.597479,0
2013-04-23,sh.600438,5.5900,5.5900,5.4100,5.4100,5.5900,3405158,18673816.0000,3,0.495281,1,-3.220000,38.757236,0.275705,11.073516,2.513840,0
2013-04-24,sh.600438,5.4200,5.5000,5.4100,5.4700,5.4100,2235160,12190101.0000,3,0.325105,1,1.109100,39.187076,0.278763,11.196328,2.541720,0
2013-04-25,sh.600438,5.4600,5.4600,5.3600,5.3800,5.4700,2376658,12854194.0000,3,0.345686,1,-1.645300,38.542316,0.274177,11.012110,2.499900,0
2013-04-26,sh.600438,5.3800,5.4100,5.2800,5.2900,5.3800,2497945,13319102.0000,3,0.363327,1,-1.672865,37.897556,0.269590,10.827893,2.458080,0
2013-05-02,sh.600438,5.2700,5.2700,5.1500,5.1800,5.2900,3154767,16369843.0000,3,0.458862,1,-2.079400,32.777739,0.259560,10.684314,2.504712,0
2013-05-03,sh.600438,5.1800,5.3100,5.1600,5.2100,5.1800,5888916,30809046.0000,3,0.856545,1,0.579155,32.967571,0.261063,10.746193,2.519218,0
2013-05-06,sh.600438,5.2300,5.7300,5.2300,5.7300,5.2100,15826178,89156264.0000,3,2.301923,1,9.980800,36.258001,0.287119,11.818749,2.770656,0
2013-05-07,sh.600438,5.7300,5.7300,5.6000,5.6600,5.7300,6453514,36448976.0000,3,0.938666,1,-1.221600,35.815058,0.283612,11.674367,2.736809,0
2013-05-08,sh.600438,5.6700,5.8800,5.6100,5.8100,5.6600,9266887,53350180.0000,3,1.347872,1,2.650200,36.764221,0.291128,11.983758,2.809339,0
2013-05-09,sh.600438,5.7600,5.8100,5.6800,5.8000,5.8100,3953397,22728184.0000,3,0.575023,1,-0.172100,36.700943,0.290627,11.963132,2.804504,0
2013-05-10,sh.600438,5.8000,5.8700,5.7400,5.8200,5.8000,3952878,22932524.0000,3,0.574947,1,0.344800,36.827498,0.291629,12.004384,2.814174,0
2013-05-13,sh.600438,5.8800,5.8900,5.7300,5.8100,5.8200,4434095,25687608.0000,3,0.644941,1,-0.171800,36.764221,0.291128,11.983758,2.809339,0
2013-05-14,sh.600438,5.8100,5.8100,5.6500,5.6800,5.8100,3065014,17438468.0000,3,0.445807,1,-2.237500,35.941613,0.284614,11.715619,2.746479,0
2013-05-15,sh.600438,5.7600,6.2500,5.7400,6.0500,5.6800,15249135,92501992.0000,3,2.217991,1,6.514100,38.282880,0.303154,12.478784,2.925387,0
2013-05-16,sh.600438,5.9500,6.1100,5.9500,6.0900,6.0500,5242280,31737020.0000,3,0.762491,1,0.661200,38.535990,0.305158,12.561288,2.944729,0
2013-05-17,sh.600438,6.0500,6.2700,6.0000,6.2000,6.0900,9174289,56717952.0000,3,1.334403,1,1.806200,39.232043,0.310670,12.788175,2.997918,0
2013-05-20,sh.600438,6.2000,6.2400,6.1200,6.2200,6.2000,4314251,26699892.0000,3,0.627509,1,0.322600,39.358598,0.311672,12.829428,3.007588,0
2013-05-21,sh.600438,6.2200,6.2700,6.1300,6.2100,6.2200,3574299,22134204.0000,3,0.519883,1,-0.160768,39.295320,0.311171,12.808802,3.002753,0
2013-05-22,sh.600438,6.1800,6.1900,6.0100,6.0300,6.1100,3720203,22567974.0000,3,0.541105,1,-1.309300,38.156325,0.302152,12.437532,2.915717,0
2013-05-23,sh.600438,5.9800,6.0300,5.8600,5.8800,6.0300,4030321,23966514.0000,3,0.586211,1,-2.487600,37.207163,0.294636,12.128141,2.843186,0
2013-05-24,sh.600438,5.8700,6.1900,5.8700,6.1800,5.8800,5497945,33203736.0000,3,0.799678,1,5.102000,39.105488,0.309668,12.746923,2.988247,0
2013-05-27,sh.600438,6.1800,6.3000,6.1100,6.2600,6.1800,6195231,38579724.0000,3,0.901098,1,1.294500,39.611708,0.313677,12.911932,3.026930,0
2013-05-28,sh.600438,6.2800,6.3100,6.2100,6.2700,6.2600,5908167,37038816.0000,3,0.859345,1,0.159700,39.674985,0.314178,12.932558,3.031765,0
2013-05-29,sh.600438,6.2700,6.3600,6.2100,6.2600,6.2700,4273179,26859716.0000,3,0.621535,1,-0.159500,39.611708,0.313677,12.911932,3.026930,0
2013-05-30,sh.600438,6.2300,6.2400,6.0500,6.0900,6.2600,5776171,35507688.0000,3,0.840146,1,-2.715700,38.535990,0.305158,12.561288,2.944729,0
2013-05-31,sh.600438,6.0900,6.2300,6.0900,6.1200,6.0900,4627299,28590812.0000,3,0.673042,1,0.492607,38.725823,0.306662,12.623167,2.959235,0
2013-06-03,sh.600438,6.1200,6.2100,6.0700,6.1200,6.1200,2891968,17785000.0000,3,0.420638,1,0.000000,38.725823,0.306662,12.623167,2.959235,0
2013-06-04,sh.600438,6.1000,6.1600,5.7800,5.9100,6.1200,3068882,18299720.0000,3,0.446370,1,-3.431400,37.396995,0.296139,12.190019,2.857692,0
2013-06-05,sh.600438,5.8900,5.9400,5.8100,5.8400,5.9100,2144641,12561140.0000,3,0.311939,1,-1.184400,36.954053,0.292631,12.045636,2.823845,0
2013-06-06,sh.600438,5.8200,5.9000,5.6200,5.6800,5.8400,3265688,18820336.0000,3,0.474995,1,-2.739700,35.941613,0.284614,11.715619,2.746479,0
2013-06-07,sh.600438,5.6800,5.7300,5.4200,5.5000,5.6800,5123020,28326662.0000,3,0.745145,1,-3.169000,34.802618,0.275595,11.344349,2.659443,0
2013-06-13,sh.600438,5.4100,5.6500,5.2900,5.5300,5.5000,3669760,20084456.0000,3,0.533768,1,0.545500,34.992451,0.277098,11.406227,2.673949,0
2013-06-14,sh.600438,5.5000,5.6600,5.5000,5.5400,5.5300,2264633,12566000.0000,3,0.329392,1,0.180800,35.055728,0.277599,11.426854,2.678784,0
2013-06-17,sh.600438,5.5400,5.5700,5.4300,5.5400,5.5400,1590598,8749780.0000,3,0.231353,1,0.000000,35.055728,0.277599,11.426854,2.678784,0
2013-06-18,sh.600438,5.5000,5.6100,5.4800,5.5200,5.5400,2175117,12043528.0000,3,0.316371,1,-0.361000,34.929173,0.276597,11.385601,2.669114,0
2013-06-19,sh.600438,5.5200,5.5200,5.3900,5.4600,5.5200,2102829,11471558.0000,3,0.305857,1,-1.087000,34.549508,0.273590,11.261845,2.640102,0
2013-06-20,sh.600438,5.4600,5.5600,5.4000,5.4100,5.4600,1897243,10374153.0000,3,0.275955,1,-0.915800,34.233121,0.271085,11.158714,2.615925,0
2013-06-21,sh.600438,5.3900,5.4800,5.2000,5.4100,5.4100,3811510,20245580.0000,3,0.554385,1,0.000000,34.233121,0.271085,11.158714,2.615925,0
2013-06-24,sh.600438,5.3500,5.3800,5.1500,5.2200,5.4100,3349762,17535702.0000,3,0.487224,1,-3.512000,33.030849,0.261564,10.766819,2.524053,0
2013-06-25,sh.600438,5.1900,5.1900,4.7300,5.1200,5.2200,4539205,22768542.0000,3,0.660229,1,-1.915700,32.398074,0.256553,10.560558,2.475700,0
2013-06-26,sh.600438,5.1800,5.1900,5.0500,5.1500,5.1200,1229045,6297679.0000,3,0.178765,1,0.585900,32.587906,0.258057,10.622436,2.490206,0
2013-06-27,sh.600438,5.1500,5.2400,5.0900,5.1000,5.1500,1448960,7468516.0000,3,0.210752,1,-0.970900,32.271519,0.255551,10.519306,2.466029,0
2013-06-28,sh.600438,5.0900,5.1800,5.0000,5.1300,5.1000,1514163,7710995.0000,3,0.220235,1,0.588200,32.461351,0.257055,10.581184,2.480535,0
2013-07-01,sh.600438,5.1300,5.2200,5.0900,5.1900,5.1300,1345654,6935206.0000,3,0.195726,1,1.169600,32.841016,0.260061,10.704940,2.509547,0
2013-07-02,sh.600438,5.1900,5.2600,5.1200,5.2500,5.1900,1431179,7431409.0000,3,0.208165,1,1.156100,33.220681,0.263068,10.828697,2.538559,0
2013-07-03,sh.600438,5.2500,5.3900,5.1800,5.3500,5.2500,2112381,11128112.0000,3,0.307246,1,1.904800,33.853456,0.268078,11.034958,2.586913,0
2013-07-04,sh.600438,5.3000,5.4400,5.2700,5.4000,5.3500,1786128,9603476.0000,3,0.259793,1,0.934600,34.169844,0.270584,11.138088,2.611089,0
2013-07-05,sh.600438,5.3600,5.4300,5.3400,5.3700,5.4000,1677163,9024492.0000,3,0.243944,1,-0.555600,33.980011,0.269080,11.076210,2.596583,0
2013-07-08,sh.600438,5.3600,5.4500,5.2500,5.3800,5.3700,2873908,15463449.0000,3,0.418011,1,0.186200,34.043289,0.269582,11.096836,2.601419,0
2013-07-09,sh.600438,5.3500,5.7900,5.3500,5.7200,5.3800,8329630,46936664.0000,3,1.211547,1,6.319700,36.194723,0.286618,11.798123,2.765821,0
2013-07-10,sh.600438,5.7200,5.8800,5.6000,5.8500,5.7200,7011105,40412908.0000,3,1.019767,1,2.272700,43.994673,0.348384,14.340614,3.361854,0
2013-07-11,sh.600438,5.8000,6.1000,5.7500,6.0500,5.8500,7873510,47305852.0000,3,1.145205,1,3.418800,45.498764,0.360295,14.830892,3.476789,0
2013-07-12,sh.600438,6.0000,6.1300,5.8400,5.8600,6.0500,6339168,37924004.0000,3,0.922034,1,-3.140500,44.069877,0.348980,14.365128,3.367601,0
2013-07-15,sh.600438,5.8000,6.2200,5.7800,6.1200,5.8600,8710811,52500608.0000,3,1.266990,1,4.436900,46.025196,0.364464,15.002489,3.517017,0
2013-07-16,sh.600438,6.0900,6.1900,6.0200,6.1400,6.1200,6014162,36667568.0000,3,0.874762,1,0.326800,46.175605,0.365655,15.051517,3.528510,0
2013-07-17,sh.600438,6.1400,6.1800,5.9800,5.9900,6.1400,4913416,29941980.0000,3,0.714658,1,-2.443000,45.047537,0.356722,14.683809,3.442309,0
2013-07-18,sh.600438,6.0000,6.0900,5.9500,5.9700,5.9900,3520152,21146632.0000,3,0.512007,1,-0.333900,44.897127,0.355531,14.634781,3.430815,0
2013-07-19,sh.600438,5.9700,6.0500,5.8000,5.8600,5.9700,2922122,17413400.0000,3,0.425024,1,-1.842500,44.069877,0.348980,14.365128,3.367601,0
2013-07-22,sh.600438,5.8200,6.0000,5.7200,5.9900,5.8600,2771165,16369675.0000,3,0.403067,1,2.218400,45.047537,0.356722,14.683809,3.442309,0
2013-07-23,sh.600438,5.9500,6.1500,5.8900,5.9300,5.9900,4834284,29050856.0000,3,0.703148,1,-1.001700,44.596309,0.353149,14.536725,3.407828,0
2013-07-24,sh.600438,5.9300,6.0400,5.6000,5.9500,5.9300,6265088,36698616.0000,3,0.911259,1,0.337300,44.746718,0.354340,14.585753,3.419322,0
2013-07-25,sh.600438,5.9600,5.9700,5.6300,5.6600,5.9500,5478849,31312986.0000,3,0.796900,1,-4.873900,42.565786,0.337069,13.874851,3.252666,0
2013-07-26,sh.600438,5.6300,5.7200,5.5500,5.6200,5.6600,3827471,21600032.0000,3,0.556707,1,-0.706700,42.264968,0.334687,13.776795,3.229679,0
2013-07-29,sh.600438,5.6100,5.7200,5.4500,5.6500,5.6200,2934563,16457180.0000,3,0.426833,1,0.533800,42.490581,0.336474,13.850337,3.246919,0
2013-07-30,sh.600438,5.6500,5.7000,5.3900,5.4500,5.6500,4536190,24954460.0000,3,0.659790,1,-3.539800,40.986490,0.324563,13.360060,3.131984,0
2013-07-31,sh.600438,5.5100,5.5400,5.3900,5.4200,5.4500,2103267,11465865.0000,3,0.305921,1,-0.550500,40.760876,0.322777,13.286518,3.114743,0
2013-08-01,sh.600438,5.4400,5.5600,5.4400,5.5500,5.4200,3598167,19793308.0000,3,0.523355,1,2.398500,41.738536,0.330519,13.605198,3.189451,0
2013-08-02,sh.600438,5.5600,5.5800,5.3900,5.4800,5.5500,6937116,37858852.0000,3,1.009006,1,-1.261300,41.212104,0.326350,13.433601,3.149224,0
2013-08-05,sh.600438,5.4100,5.7000,5.4000,5.6900,5.4800,7118928,39346768.0000,3,1.035450,1,3.832100,42.791400,0.338856,13.948392,3.269906,0
2013-08-06,sh.600438,5.6500,5.8000,5.6200,5.6900,5.6900,4348272,24816856.0000,3,0.632458,1,0.000000,42.791400,0.338856,13.948392,3.269906,0
2013-08-07,sh.600438,5.7300,5.8000,5.7000,5.7100,5.6900,5594456,32131632.0000,3,0.813715,1,0.351500,42.941809,0.340047,13.997420,3.281399,0
2013-08-08,sh.600438,5.7000,5.8200,5.6500,5.7900,5.7100,4347708,25100738.0000,3,0.632375,1,1.401100,43.543445,0.344811,14.193531,3.327374,0
2013-08-09,sh.600438,5.8000,5.8300,5.6900,5.7500,5.7900,2060584,11879535.0000,3,0.299713,1,-0.690800,43.242627,0.342429,14.095476,3.304386,0
2013-08-12,sh.600438,5.8300,5.8800,5.7000,5.8600,5.7500,3992668,23187264.0000,3,0.580735,1,1.913000,44.069877,0.348980,14.365128,3.367601,0
2013-08-13,sh.600438,5.9000,5.9600,5.8100,5.8700,5.8600,4212478,24766108.0000,3,0.612706,1,0.170600,44.145082,0.349576,14.389642,3.373348,0
2013-08-14,sh.600438,5.8500,5.8900,5.7500,5.7800,5.8700,2803066,16276682.0000,3,0.407707,1,-1.533200,43.468241,0.344216,14.169017,3.321627,0
2013-08-15,sh.600438,5.7700,5.8300,5.7000,5.7200,5.7800,2779264,16029938.0000,3,0.404245,1,-1.038100,43.017013,0.340643,14.021934,3.287146,0
2013-08-16,sh.600438,5.7000,5.7800,5.4800,5.5300,5.7200,3289826,18483340.0000,3,0.478506,1,-3.321700,41.588126,0.329328,13.556170,3.177958,0
2013-08-19,sh.600438,5.5300,5.6600,5.4800,5.6400,5.5300,1575348,8802973.0000,3,0.229135,1,1.989200,42.415377,0.335878,13.825823,3.241172,0
2013-08-20,sh.600438,5.6400,5.6700,5.5300,5.5800,5.6400,2382542,13349966.0000,3,0.346541,1,-1.063800,41.964149,0.332305,13.678740,3.206692,0
2013-08-21,sh.600438,5.5800,5.6200,5.5200,5.6200,5.5800,1199118,6689986.0000,3,0.174412,1,0.716800,42.264968,0.334687,13.776795,3.229679,0
2013-08-22,sh.600438,5.6000,5.6700,5.5800,5.6300,5.6200,1242951,7003949.0000,3,0.180788,1,0.177900,42.340172,0.335283,13.801309,3.235425,0
2013-08-23,sh.600438,5.6200,5.7000,5.5200,5.5600,5.6300,2488972,13916151.0000,3,0.362022,1,-1.243300,41.813740,0.331114,13.629712,3.195198,0
2013-08-26,sh.600438,5.5600,5.6700,5.5600,5.6700,5.5600,3126495,17632064.0000,3,0.454750,1,1.978400,42.640990,0.337665,13.899365,3.258412,0
2013-08-27,sh.600438,5.7200,5.9800,5.7200,5.9000,5.6700,8506915,50048384.0000,3,1.237333,1,4.056400,41.093208,0.348444,-43.080607,3.327675,0
2013-08-28,sh.600438,5.9000,5.9500,5.8300,5.8600,5.9000,5110155,30017004.0000,3,0.743274,1,-0.678000,40.814610,0.346082,-42.788535,3.305115,0
2013-08-29,sh.600438,5.8600,5.9600,5.8400,5.9400,5.8600,4199243,24845768.0000,3,0.610781,1,1.365200,41.371806,0.350806,-43.372679,3.350236,0
2013-08-30,sh.600438,5.9500,5.9800,5.7800,5.8400,5.9400,4686940,27412816.0000,3,0.681717,1,-1.683500,40.675311,0.344900,-42.642499,3.293835,0
2013-09-02,sh.600438,5.8800,6.1500,5.8300,6.1000,5.8400,9039370,54587728.0000,3,1.314779,1,4.452100,42.486198,0.360256,-44.540967,3.440478,0
2013-09-03,sh.600438,6.1000,6.3200,6.0300,6.1300,6.1000,9597477,59114832.0000,3,1.395956,1,0.491800,42.695147,0.362027,-44.760021,3.457398,0
2013-09-04,sh.600438,6.1600,6.2500,6.1000,6.1300,6.1300,5979641,36851440.0000,3,0.869741,1,0.000000,42.695147,0.362027,-44.760021,3.457398,0
2013-09-05,sh.600438,6.0900,6.1200,5.9600,5.9700,6.1300,5617176,33806776.0000,3,0.817020,1,-2.610100,41.580754,0.352578,-43.591733,3.367156,0
2013-09-06,sh.600438,5.9700,6.0400,5.9000,5.9300,5.9700,5113140,30551864.0000,3,0.743708,1,-0.670000,41.302156,0.350216,-43.299661,3.344596,0
2013-09-09,sh.600438,5.9600,6.0200,5.9200,6.0100,5.9300,4117237,24680824.0000,3,0.598853,1,1.349100,41.859353,0.354940,-43.883805,3.389717,0
2013-09-10,sh.600438,6.0100,6.1500,5.9300,6.1200,6.0100,5132420,30925632.0000,3,0.746512,1,1.830300,42.625497,0.361437,-44.687003,3.451758,0
2013-09-11,sh.600438,6.1200,6.2700,6.0200,6.1000,6.1200,5952020,36524351.0000,3,0.865723,1,-0.326800,42.486198,0.360256,-44.540967,3.440478,0
2013-09-12,sh.600438,6.1000,6.1100,6.0300,6.0800,6.1000,2848028,17293775.0000,3,0.414247,1,-0.327900,42.346899,0.359074,-44.394931,3.429198,0
2013-09-13,sh.600438,6.1000,6.1500,5.9400,5.9600,6.0800,4156189,24905515.0000,3,0.604519,1,-1.973700,41.511105,0.351987,-43.518715,3.361516,0
2013-09-16,sh.600438,6.0000,6.0200,5.8500,5.9200,5.9600,5091820,30262614.0000,3,0.740607,1,-0.671100,41.232507,0.349625,-43.226643,3.338956,0
2013-09-17,sh.600438,5.9200,5.9700,5.8500,5.8600,5.9200,2744715,16160480.0000,3,0.399220,1,-1.013500,40.814610,0.346082,-42.788535,3.305115,0
2013-09-18,sh.600438,5.8500,5.9700,5.8000,5.9500,5.8600,2791059,16409796.0000,3,0.405960,1,1.535800,41.441455,0.351397,-43.445697,3.355876,0
2013-09-23,sh.600438,5.9600,6.0500,5.9200,6.0300,5.9500,3982852,23910501.0000,3,0.579307,1,1.344500,41.998652,0.356121,-44.029841,3.400997,0
2013-09-24,sh.600438,6.0500,6.1100,5.9800,6.0300,6.0300,4173823,25212508.0000,3,0.607084,1,0.000000,41.998652,0.356121,-44.029841,3.400997,0
2013-09-25,sh.600438,6.0300,6.4200,5.9900,6.3200,6.0300,13039496,81571558.0000,3,1.896599,1,4.809300,44.018487,0.373248,-46.147362,3.564561,0
2013-09-26,sh.600438,6.3300,6.3400,6.2000,6.2600,6.3200,7203712,45147034.0000,3,1.047782,1,-0.949400,43.600590,0.369705,-45.709255,3.530720,0
2013-09-27,sh.600438,6.2400,6.3900,6.1700,6.2700,6.2600,5091397,31914982.0000,3,0.740545,1,0.159700,43.670240,0.370295,-45.782272,3.536360,0
2013-09-30,sh.600438,6.2700,6.5500,6.2600,6.4800,6.2700,8388552,53906814.0000,3,1.220118,1,3.349300,45.132879,0.382698,-47.315650,3.654803,0
2013-10-08,sh.600438,6.4800,6.9400,6.4300,6.8700,6.4800,17562978,118804521.0000,3,2.554541,1,6.018500,47.849210,0.405730,-50.163351,3.874768,0
2013-10-09,sh.600438,6.8500,7.1000,6.7500,7.0300,6.8700,15339224,107392954.0000,3,2.231095,1,2.329000,48.963602,0.415180,-51.331639,3.965010,0
2013-10-10,sh.600438,7.0100,7.0200,6.8500,6.8900,7.0300,6208930,42941718.0000,3,0.903091,1,-1.991500,47.988509,0.406912,-50.309387,3.886048,0
2013-10-11,sh.600438,6.8900,7.0500,6.8500,6.9600,6.8900,7658177,53386471.0000,3,1.113884,1,1.016000,48.476055,0.411046,-50.820513,3.925529,0
2013-10-14,sh.600438,6.9600,7.3500,6.9600,7.1200,6.9600,11308864,81006211.0000,3,1.644878,1,2.298900,49.590448,0.420495,-51.988801,4.015771,0
2013-10-15,sh.600438,7.1000,7.2100,6.8500,6.9700,7.1200,9916977,69420829.0000,3,1.442427,1,-2.106700,48.545705,0.411636,-50.893531,3.931169,0
2013-10-16,sh.600438,6.9300,6.9300,6.5800,6.6100,6.9700,11165513,74826950.0000,3,1.624027,1,-5.165000,46.038323,0.390375,-48.264884,3.728125,0
2013-10-17,sh.600438,6.6400,6.9500,6.6400,6.8100,6.6100,13758218,93837317.0000,3,2.001137,1,3.025700,47.431313,0.402187,-49.725243,3.840927,0
2013-10-18,sh.600438,7.0600,7.4900,7.0600,7.2300,6.8100,31261658,228261994.0000,3,4.547018,1,6.167400,24.592718,0.405431,12.981540,2.602587,0
2013-10-21,sh.600438,7.3200,7.6100,7.0800,7.5300,7.2300,20680518,152274359.0000,3,3.007988,1,4.149400,25.613163,0.422253,13.520193,2.710578,0
2013-10-22,sh.600438,7.4500,7.6500,7.2600,7.2800,7.5300,11486572,85415146.0000,3,1.670726,1,-3.320100,24.762792,0.408234,13.071315,2.620585,0
2013-10-23,sh.600438,7.3200,7.5700,7.0800,7.1400,7.2800,10120662,73487587.0000,3,1.472053,1,-1.923100,24.286584,0.400384,12.819944,2.570189,0
2013-10-24,sh.600438,7.1300,7.2900,7.0800,7.2100,7.1400,7361948,52749074.0000,3,1.070798,1,0.980400,24.524688,0.404309,12.945629,2.595387,0
2013-10-25,sh.600438,7.2200,7.2300,6.8600,7.0400,7.2100,7199290,50272022.0000,3,1.047139,1,-2.357800,23.946436,0.394776,12.640393,2.534192,0
2013-10-28,sh.600438,7.0600,7.1100,6.9500,7.0200,7.0400,3580531,25151730.0000,3,0.520789,1,-0.284100,23.878407,0.393655,12.604483,2.526993,0
2013-10-29,sh.600438,7.0500,7.1100,6.6100,7.0200,7.0200,7996919,55021448.0000,3,1.163154,1,0.000000,23.878407,0.393655,12.604483,2.526993,0
2013-10-30,sh.600438,6.9300,7.3000,6.9300,7.2900,7.0200,8953225,64565071.0000,3,1.302249,1,3.846200,24.796807,0.408795,13.089270,2.624185,0
2013-10-31,sh.600438,7.2900,7.2900,6.9600,7.1800,7.2900,6497270,46184956.0000,3,0.945030,1,-1.508900,24.422644,0.402627,12.891764,2.584588,0
2013-11-01,sh.600438,7.1100,7.3200,6.9800,7.3000,7.1800,6037577,43418892.0000,3,0.878167,1,1.671300,24.830822,0.409356,13.107225,2.627785,0
2013-11-04,sh.600438,7.3100,7.4200,7.0900,7.1600,7.3000,6485438,46691331.0000,3,0.943309,1,-1.917800,24.354614,0.401505,12.855854,2.577389,0
2013-11-05,sh.600438,7.1900,7.4500,7.1100,7.4000,7.1600,11740571,85317231.0000,3,1.707670,1,3.352000,25.170970,0.414964,13.286776,2.663782,0
2013-11-06,sh.600438,7.4200,7.6200,7.2300,7.2900,7.4000,13350730,99646677.0000,3,1.941868,1,-1.486500,24.796807,0.408795,13.089270,2.624185,0
2013-11-07,sh.600438,7.3000,7.3500,6.9500,7.0600,7.2900,8929424,63421683.0000,3,1.298788,1,-3.155000,24.014466,0.395898,12.676303,2.541392,0
2013-11-08,sh.600438,6.9500,7.0300,6.6800,6.8900,7.0600,6967347,47591401.0000,3,1.013403,1,-2.407900,23.436214,0.386365,12.371066,2.480197,0
2013-11-11,sh.600438,6.8500,7.0000,6.6800,6.9800,6.8900,3635084,24893872.0000,3,0.528724,1,1.306200,23.742347,0.391412,12.532662,2.512594,0
2013-11-12,sh.600438,6.9700,7.0200,6.8800,6.9900,6.9800,2725024,18984257.0000,3,0.396356,1,0.143300,23.776362,0.391972,12.550617,2.516194,0
2013-11-13,sh.600438,6.9800,7.0600,6.7900,7.0100,6.9900,4809141,33486757.0000,3,0.699491,1,0.286100,23.844392,0.393094,12.586527,2.523393,0
2013-11-14,sh.600438,7.0000,7.2300,6.9100,7.1900,7.0100,8520371,60674500.0000,3,1.239291,1,2.567800,24.456659,0.403188,12.909719,2.588188,0
2013-11-15,sh.600438,7.2100,7.3200,7.1300,7.2800,7.1900,7222409,52405773.0000,3,1.050502,1,1.251700,24.762792,0.408234,13.071315,2.620585,0
2013-11-18,sh.600438,7.3000,7.3300,7.2300,7.3200,7.2800,7166926,52216141.0000,3,1.042432,1,0.549500,24.898851,0.410477,13.143136,2.634984,0
2013-11-19,sh.600438,7.3300,7.4800,7.2800,7.3200,7.3200,5694851,41965484.0000,3,0.828318,1,0.000000,24.898851,0.410477,13.143136,2.634984,0
2013-11-20,sh.600438,7.3900,7.4000,7.1700,7.2900,7.3200,4530390,32874886.0000,3,0.658947,1,-0.409800,24.796807,0.408795,13.089270,2.624185,0
2013-11-21,sh.600438,7.2600,7.4300,7.1900,7.4300,7.2900,5943469,43636976.0000,3,0.864479,1,1.920400,25.273014,0.416646,13.340642,2.674581,0
2013-11-22,sh.600438,7.4800,7.6800,7.4300,7.5400,7.4300,11185378,84790694.0000,3,1.626917,1,1.480500,25.647177,0.422814,13.538148,2.714178,0
2013-11-25,sh.600438,7.5400,7.6300,7.3000,7.3400,7.5400,5644295,42151276.0000,3,0.820964,1,-2.652500,24.966881,0.411599,13.179046,2.642183,0
2013-11-26,sh.600438,7.2600,7.3500,7.1900,7.2700,7.3400,4299861,31137088.0000,3,0.625416,1,-0.953700,24.728777,0.407674,13.053360,2.616986,0
2013-11-27,sh.600438,7.2700,7.3800,7.2300,7.3100,7.2700,3321536,24298083.0000,3,0.483118,1,0.550200,24.864836,0.409917,13.125180,2.631384,0
2013-11-28,sh.600438,7.3100,7.4300,7.3100,7.3900,7.3100,3815010,28150861.0000,3,0.554894,1,1.094400,25.136955,0.414403,13.268821,2.660182,0
2013-11-29,sh.600438,7.3900,7.5800,7.3900,7.4600,7.3900,4139753,31020478.0000,3,0.602128,1,0.947200,25.375059,0.418328,13.394507,2.685380,0
2013-12-02,sh.600438,7.3500,7.4000,7.1000,7.3800,7.4600,6437417,46785730.0000,3,0.936324,1,-1.072400,25.102940,0.413842,13.250866,2.656582,0
2013-12-03,sh.600438,7.3100,7.9200,7.2800,7.8700,7.3800,8599352,65645317.0000,3,1.250778,1,6.639600,26.769667,0.441319,14.130666,2.832968,0
2013-12-04,sh.600438,7.9000,8.3900,7.8100,8.1500,7.8700,14396020,117599500.0000,3,2.093906,1,3.557800,27.722082,0.457021,14.633409,2.933760,0
2013-12-05,sh.600438,8.2900,8.2900,8.0800,8.1500,8.1500,7663357,62687617.0000,3,1.114638,1,0.000000,27.722082,0.457021,14.633409,2.933760,0
2013-12-06,sh.600438,8.1100,8.4700,8.0500,8.1800,8.1500,8169591,67867570.0000,3,1.188270,1,0.368100,27.824126,0.458703,14.687274,2.944559,0
2013-12-09,sh.600438,8.1800,8.3100,8.0900,8.2400,8.1800,5453556,44693723.0000,3,0.793221,1,0.733500,28.028215,0.462068,14.795005,2.966157,0
2013-12-10,sh.600438,8.2800,8.3000,8.0100,8.1100,8.2400,5962352,48582580.0000,3,0.867226,1,-1.577700,27.586022,0.454778,14.561589,2.919361,0
2013-12-11,sh.600438,8.0800,8.2300,7.9800,8.2000,8.1100,5265007,42633624.0000,3,0.765797,1,1.109700,27.892156,0.459824,14.723185,2.951758,0
2013-12-12,sh.600438,8.1500,8.4400,8.1500,8.2600,8.2000,5368306,44687665.0000,3,0.780822,1,0.731700,28.096245,0.463189,14.830915,2.973356,0
2013-12-13,sh.600438,8.2200,8.2900,8.0700,8.2600,8.2600,4227785,34559135.0000,3,0.614933,1,0.000000,28.096245,0.463189,14.830915,2.973356,0
2013-12-16,sh.600438,8.2100,8.6500,7.9400,7.9700,8.2600,18307313,153370435.0000,3,2.662804,1,-3.510900,27.109815,0.446927,14.310217,2.868965,0
2013-12-17,sh.600438,7.9300,8.0700,7.6000,8.0200,7.9700,10021707,78337620.0000,3,1.457660,1,0.627400,27.279889,0.449731,14.399993,2.886963,0
2013-12-18,sh.600438,7.9900,8.1600,7.7900,8.1400,8.0200,6028959,48205769.0000,3,0.876914,1,1.496300,27.688067,0.456460,14.615454,2.930160,0
2013-12-19,sh.600438,8.1300,8.1300,7.9600,8.0300,8.1400,4025875,32292078.0000,3,0.585565,1,-1.351400,27.313904,0.450292,14.417948,2.890563,0
2013-12-20,sh.600438,7.9400,8.0600,7.7600,7.9800,8.0300,3997425,31623472.0000,3,0.581427,1,-0.622700,27.143830,0.447488,14.328172,2.872565,0
2013-12-23,sh.600438,8.0000,8.1400,7.9200,8.1000,7.9800,3703684,29801512.0000,3,0.538702,1,1.503800,27.552008,0.454217,14.543634,2.915761,0
2013-12-24,sh.600438,8.1100,8.4000,8.0800,8.1900,8.1000,6095899,50177952.0000,3,0.886650,1,1.111100,27.858141,0.459264,14.705230,2.948158,0
2013-12-25,sh.600438,8.2600,8.6000,8.1800,8.6000,8.1900,12360102,104533772.0000,3,1.797781,1,5.006100,29.252749,0.482255,15.441389,3.095746,0
2013-12-26,sh.600438,8.6500,8.6700,8.2200,8.3000,8.6000,10442846,88200085.0000,3,1.518915,1,-3.488400,28.232304,0.465432,14.902736,2.987755,0
2013-12-27,sh.600438,8.2500,8.5500,8.2100,8.4200,8.3000,7457716,62875002.0000,3,1.084727,1,1.445800,28.640482,0.472161,15.118197,3.030952,0
2013-12-30,sh.600438,8.4500,8.8000,8.4500,8.7700,8.4200,8706176,75439376.0000,3,1.266316,1,4.156800,29.831001,0.491788,15.746626,3.156941,0
2013-12-31,sh.600438,8.7500,9.0000,8.5700,8.9500,8.7700,9611522,84560448.0000,3,1.397999,1,2.052500,30.443268,0.501882,16.069817,3.221736,0
2014-01-02,sh.600438,8.9200,8.9200,8.7500,8.8300,8.9500,5301734,46838673.0000,3,0.771139,1,-1.340800,30.035090,0.495152,15.854356,3.178540,0
2014-01-03,sh.600438,8.8300,8.8800,8.5500,8.6100,8.8300,5586772,48382775.0000,3,0.812598,1,-2.491500,29.286764,0.482816,15.459344,3.099346,0
2014-01-06,sh.600438,8.5200,8.8300,8.2400,8.8000,8.6100,6458309,55010726.0000,3,0.939363,1,2.206700,29.933045,0.493470,15.800491,3.167740,0
2014-01-07,sh.600438,8.7500,8.9800,8.5200,8.6600,8.8000,4700067,41054547.0000,3,0.683626,1,-1.590900,29.456838,0.485619,15.549119,3.117345,0
2014-01-08,sh.600438,8.6800,9.0900,8.6800,9.0900,8.6600,10491805,93854548.0000,3,1.526036,1,4.965400,30.919475,0.509732,16.321189,3.272132,0
2014-01-09,sh.600438,8.9900,9.1700,8.9600,9.0900,9.0900,5000611,45403024.0000,3,0.727340,1,0.000000,30.919475,0.509732,16.321189,3.272132,0
2014-01-10,sh.600438,9.0900,9.1600,8.7400,9.0100,9.0900,5997270,53593769.0000,3,0.872305,1,-0.880100,30.647357,0.505246,16.177548,3.243334,0
2014-01-13,sh.600438,9.2000,9.2800,8.6100,8.7200,9.0100,8491352,74779555.0000,3,1.235070,1,-3.218600,29.660927,0.488984,15.656850,3.138943,0
2014-01-14,sh.600438,8.7100,8.9100,8.5200,8.9000,8.7200,5877845,51313792.0000,3,0.854934,1,2.064200,30.273193,0.499078,15.980042,3.203737,0
2014-01-15,sh.600438,8.9000,9.3000,8.7500,9.2200,8.9000,9605550,86928538.0000,3,1.397130,1,3.595500,31.361668,0.517022,16.554605,3.318928,0
2014-01-16,sh.600438,9.2200,9.3500,9.0400,9.2300,9.2200,5785843,53295535.0000,3,0.841553,1,0.108500,31.395683,0.517583,16.572560,3.322528,0
2014-01-17,sh.600438,9.2300,9.3400,9.1100,9.2000,9.2300,5002179,46235655.0000,3,0.727569,1,-0.325000,31.293638,0.515901,16.518695,3.311729,0
2014-01-20,sh.600438,9.2000,9.2800,8.8400,8.9400,9.2000,6984997,62761483.0000,3,1.015970,1,-2.826100,30.409253,0.501321,16.051862,3.218136,0
2014-01-21,sh.600438,8.9200,9.1400,8.7600,9.0800,8.9400,4970337,44681787.0000,3,0.722937,1,1.566000,30.885460,0.509171,16.303234,3.268532,0
2014-01-22,sh.600438,9.0800,9.1300,8.9000,8.9700,9.0800,6140527,55424251.0000,3,0.893142,1,-1.211500,30.511297,0.503003,16.105728,3.228935,0
2014-01-23,sh.600438,8.9600,9.0900,8.7500,8.9900,8.9700,8929173,79257823.0000,3,1.298751,1,0.223000,30.579327,0.504125,16.141638,3.236135,0
2014-01-24,sh.600438,8.9200,9.0300,8.7400,8.9900,8.9900,7471320,66623931.0000,3,1.086706,1,0.000000,30.579327,0.504125,16.141638,3.236135,0
2014-01-27,sh.600438,8.9400,9.2600,8.8400,9.2000,8.9900,7621598,69624156.0000,3,1.108564,1,2.335900,31.293638,0.515901,16.518695,3.311729,0
2014-01-28,sh.600438,9.1800,9.1800,8.8900,9.0300,9.2000,4891301,44148956.0000,3,0.711441,1,-1.847800,30.715386,0.506368,16.213458,3.250534,0
2014-01-29,sh.600438,9.0300,9.0700,8.7800,8.9700,9.0300,5858399,51978545.0000,3,0.852106,1,-0.664500,30.511297,0.503003,16.105728,3.228935,0
2014-01-30,sh.600438,8.8800,8.9700,8.8000,8.9300,8.9700,2435343,21606473.0000,3,0.354221,1,-0.445900,30.375238,0.500760,16.033907,3.214537,0
2014-02-07,sh.600438,8.8600,8.8600,8.6400,8.7900,8.9300,3449852,30049836.0000,3,0.501782,1,-1.567700,29.899030,0.492909,15.782536,3.164141,0
2014-02-10,sh.600438,8.7500,8.9400,8.7100,8.9000,8.7900,5154843,45546766.0000,3,0.749774,1,1.251400,30.273193,0.499078,15.980042,3.203737,0
2014-02-11,sh.600438,8.9000,8.9500,8.5800,8.6700,8.9000,7889842,68835913.0000,3,1.147580,1,-2.584300,29.490853,0.486180,15.567075,3.120944,0
2014-02-12,sh.600438,8.6700,9.2500,8.6100,9.1800,8.6700,11142790,99892149.0000,3,1.620722,1,5.882400,31.225609,0.514779,16.482785,3.304529,0
2014-02-13,sh.600438,9.2000,9.2600,8.9900,9.2000,9.1800,8806141,80449106.0000,3,1.280856,1,0.217900,31.293638,0.515901,16.518695,3.311729,0
2014-02-14,sh.600438,9.1900,9.8500,9.1400,9.8000,9.2000,16019294,154373169.0000,3,2.330011,1,6.521700,33.334528,0.549546,17.596001,3.527711,0
2014-02-17,sh.600438,9.8000,10.2300,9.6200,9.9200,9.8000,13078638,130181681.0000,3,1.902292,1,1.224500,33.742706,0.556275,17.811462,3.570907,0
2014-02-18,sh.600438,9.9300,10.1400,9.7400,9.8800,9.9200,5729211,56794266.0000,3,0.833316,1,-0.403200,33.606646,0.554032,17.739642,3.556509,0
2014-02-19,sh.600438,9.8600,10.0000,9.8000,9.9500,9.8800,4667217,46162260.0000,3,0.678848,1,0.708500,33.844750,0.557958,17.865328,3.581706,0
2014-02-20,sh.600438,9.9500,10.2900,9.7900,9.8500,9.9500,9303468,93664316.0000,3,1.353192,1,-1.005000,33.504602,0.552350,17.685777,3.545709,0
2014-02-21,sh.600438,9.7800,9.9200,9.6500,9.8200,9.8500,3994276,38926170.0000,3,0.580969,1,-0.304600,33.402557,0.550668,17.631911,3.534910,0
2014-02-24,sh.600438,9.7500,9.9000,9.5000,9.7700,9.8200,5276374,50891335.0000,3,0.767450,1,-0.509200,33.232483,0.547864,17.542136,3.516912,0
2014-02-25,sh.600438,9.7000,9.8500,9.0000,9.3700,9.7700,6305959,59544214.0000,3,0.917204,1,-4.094200,31.871890,0.525434,16.823932,3.372924,0
2014-02-26,sh.600438,9.2000,9.3900,9.0200,9.3100,9.3700,4165555,38242188.0000,3,0.605881,1,-0.640300,31.667801,0.522069,16.716201,3.351325,0
2014-02-27,sh.600438,9.3100,9.4200,9.0600,9.0900,9.3100,4326247,39781694.0000,3,0.629254,1,-2.363100,30.919475,0.509732,16.321189,3.272132,0
2014-02-28,sh.600438,9.0500,9.2300,9.0000,9.1700,9.0900,5410489,49261297.0000,3,0.786957,1,0.880100,31.191594,0.514218,16.464830,3.300929,0
2014-03-03,sh.600438,9.1500,9.4000,9.1000,9.2500,9.1700,4716190,43639428.0000,3,0.685971,1,0.872400,31.463712,0.518704,16.608471,3.329727,0
2014-03-04,sh.600438,9.1800,9.3400,9.1000,9.3000,9.2500,2480498,22912202.0000,3,0.360789,1,0.540500,31.633786,0.521508,16.698246,3.347726,0
2014-03-05,sh.600438,9.3200,9.7600,9.3200,9.6900,9.3000,6786185,65206853.0000,3,0.987053,1,4.193500,32.960365,0.543378,17.398495,3.488114,0
2014-03-06,sh.600438,9.6800,9.6800,9.3700,9.5500,9.6900,4839085,45843830.0000,3,0.703846,1,-1.444800,32.484157,0.535527,17.147124,3.437718,0
2014-03-07,sh.600438,9.4800,9.6200,9.0000,9.2900,9.5500,6099456,56720007.0000,3,0.887168,1,-2.722500,31.599772,0.520947,16.680291,3.344126,0
2014-03-10,sh.600438,9.3200,9.4400,9.0000,9.2500,9.2900,5542771,51576789.0000,3,0.806198,1,-0.430600,31.463712,0.518704,16.608471,3.329727,0
2014-03-11,sh.600438,9.2500,9.5900,9.1200,9.3200,9.2500,4205926,39678085.0000,3,0.611753,1,0.756800,31.701816,0.522630,16.734156,3.354925,0
2014-03-12,sh.600438,9.3200,9.3200,8.6300,9.0400,9.3200,6641203,59426995.0000,3,0.965965,1,-3.004300,30.749401,0.506928,16.231413,3.254133,0
2014-03-13,sh.600438,8.9900,9.1300,8.8300,9.0000,9.0400,2543797,22859507.0000,3,0.369996,1,-0.442500,30.613342,0.504685,16.159593,3.239734,0
2014-03-14,sh.600438,8.9300,8.9300,8.6300,8.8500,9.0000,2527894,22183680.0000,3,0.367683,1,-1.666700,30.103119,0.496274,15.890266,3.185739,0
2014-03-17,sh.600438,8.6500,9.0000,8.6500,8.9800,8.8500,1751068,15586844.0000,3,0.254693,1,1.468900,30.545312,0.503564,16.123683,3.232535,0
2014-03-18,sh.600438,8.9800,9.1500,8.9300,8.9600,8.9800,2193854,19797703.0000,3,0.319097,1,-0.222700,30.477282,0.502442,16.087773,3.225336,0
2014-03-19,sh.600438,8.9900,9.0200,8.8000,8.9700,8.9600,2394113,21291228.0000,3,0.348224,1,0.111600,30.511297,0.503003,16.105728,3.228935,0
2014-03-20,sh.600438,8.8400,8.9300,8.7000,8.7300,8.9700,1727166,15231450.0000,3,0.251217,1,-2.675600,29.694941,0.489545,15.674805,3.142542,0
2014-03-21,sh.600438,8.6500,8.8400,8.5600,8.7800,8.7300,2151819,18738656.0000,3,0.312983,1,0.572700,29.865016,0.492349,15.764581,3.160541,0
2014-03-24,sh.600438,8.7900,9.0500,8.7500,9.0000,8.7800,2904568,26103597.0000,3,0.422470,1,2.505700,30.613342,0.504685,16.159593,3.239734,0
2014-03-25,sh.600438,8.9700,9.0600,8.7900,8.9500,9.0000,2680439,23812831.0000,3,0.389871,1,-0.555600,30.443268,0.501882,16.069817,3.221736,0
2014-03-26,sh.600438,8.9000,9.0500,8.8700,9.0300,8.9500,2001819,17955517.0000,3,0.291165,1,0.893900,30.715386,0.506368,16.213458,3.250534,0
2014-03-27,sh.600438,9.0200,9.0400,8.9000,8.9600,9.0300,1492330,13372051.0000,3,0.217060,1,-0.775200,30.477282,0.502442,16.087773,3.225336,0
2014-03-28,sh.600438,8.9000,9.0000,8.7100,8.8200,8.9600,1970853,17401830.0000,3,0.286661,1,-1.562500,30.001075,0.494592,15.836401,3.174940,0
2014-03-31,sh.600438,8.7400,8.7800,8.2500,8.5900,8.8200,4885620,41312535.0000,3,0.710615,1,-2.607700,29.218734,0.481694,15.423434,3.092147,0
2014-04-01,sh.600438,8.5700,8.6000,8.4500,8.5900,8.5900,1560338,13288630.0000,3,0.226952,1,0.000000,29.218734,0.481694,15.423434,3.092147,0
2014-04-02,sh.600438,8.6000,8.7000,8.4700,8.5500,8.5900,1393344,11926359.0000,3,0.202662,1,-0.465700,29.082675,0.479451,15.351613,3.077748,0
2014-04-03,sh.600438,8.5200,8.5900,8.4600,8.5400,8.5500,1312563,11181338.0000,3,0.190913,1,-0.117000,29.048660,0.478890,15.333658,3.074148,0
2014-04-04,sh.600438,8.5300,8.6000,8.3600,8.5800,8.5400,1300555,11035897.0000,3,0.189166,1,0.468400,29.184719,0.481133,15.405479,3.088547,0
2014-04-08,sh.600438,8.6000,8.6700,8.4900,8.6500,8.5800,2065803,17809426.0000,3,0.300472,1,0.815800,29.422823,0.485059,15.531164,3.113745,0
2014-04-09,sh.600438,8.6500,8.9700,8.5500,8.9400,8.6500,3344146,29296550.0000,3,0.486407,1,3.352600,30.409253,0.501321,16.051862,3.218136,0
2014-04-10,sh.600438,8.9200,9.0800,8.9000,8.9800,8.9400,3243327,29119213.0000,3,0.471743,1,0.447400,30.545312,0.503564,16.123683,3.232535,0
2014-04-11,sh.600438,8.9700,9.0300,8.9000,9.0000,8.9800,1648982,14779458.0000,3,0.239845,1,0.222700,30.613342,0.504685,16.159593,3.239734,0
2014-04-14,sh.600438,8.9800,9.3100,8.9200,9.2900,9.0000,4207839,38686989.0000,3,0.612032,1,3.222200,31.599772,0.520947,16.680291,3.344126,0
2014-04-15,sh.600438,9.2800,9.4300,9.2100,9.2700,9.2900,4827107,45029609.0000,3,0.702104,1,-0.215300,24.764058,0.498662,30.333199,3.344594,0
2014-04-16,sh.600438,9.2300,9.3600,9.0000,9.0400,9.2700,3130278,28718000.0000,3,0.455300,1,-2.481100,24.149632,0.486290,29.580596,3.261611,0
2014-04-17,sh.600438,9.0700,9.2000,9.0100,9.1000,9.0400,2136639,19453361.0000,3,0.310775,1,0.663700,24.309917,0.489517,29.776927,3.283258,0
2014-04-18,sh.600438,9.0700,9.1600,8.9800,9.0900,9.1000,1519671,13782204.0000,3,0.221037,1,-0.109900,24.283203,0.488979,29.744205,3.279651,0
2014-04-21,sh.600438,9.0100,9.3700,9.0000,9.1800,9.0900,3860970,35627921.0000,3,0.561579,1,0.990100,24.523631,0.493821,30.038702,3.312122,0
2014-04-22,sh.600438,9.1400,9.2900,9.0400,9.2700,9.1800,1639924,14982012.0000,3,0.238527,1,0.980400,24.764058,0.498662,30.333199,3.344594,0
2014-04-23,sh.600438,9.2700,9.3300,9.1000,9.2500,9.2700,1611948,14841892.0000,3,0.234458,1,-0.215800,24.710630,0.497586,30.267756,3.337378,0
2014-04-24,sh.600438,9.1300,9.2400,9.1000,9.1800,9.2500,1241878,11378113.0000,3,0.180632,1,-0.756800,24.523631,0.493821,30.038702,3.312122,0
2014-04-25,sh.600438,9.1000,9.2300,8.6900,8.8300,9.1800,2324033,20744484.0000,3,0.338031,1,-3.812600,23.588634,0.474993,28.893436,3.185843,0
2014-04-28,sh.600438,8.6900,8.6900,7.9500,7.9500,8.8300,5697103,46103327.0000,3,0.828645,1,-9.966000,19.670209,0.426663,16.893702,2.913712,0
2014-04-29,sh.600438,7.8900,8.1600,7.7500,8.0400,7.9500,3959083,31360481.0000,3,0.575850,1,1.132100,19.892891,0.431493,17.084952,2.946698,0
2014-04-30,sh.600438,8.0400,8.1800,7.9400,8.1400,8.0400,2055362,16604208.0000,3,0.298953,1,1.243800,20.140315,0.436860,17.297451,2.983348,0
2014-05-05,sh.600438,8.1400,8.2700,8.0000,8.2400,8.1400,2613485,21245840.0000,3,0.380132,1,1.228500,20.387739,0.442227,17.509951,3.019999,0
2014-05-06,sh.600438,8.2000,8.8100,8.1900,8.5400,8.2400,3525983,30315281.0000,3,0.512855,1,3.640800,21.130011,0.458327,18.147449,3.129950,0
2014-05-07,sh.600438,8.5200,8.5700,8.1800,8.2500,8.5400,1574240,13174522.0000,3,0.228974,1,-3.395800,20.412482,0.442764,17.531201,3.023664,0
2014-05-08,sh.600438,8.3000,8.3600,8.1200,8.2900,8.2500,1442685,11906494.0000,3,0.209839,1,0.484800,20.511451,0.444910,17.616200,3.038324,0
2014-05-09,sh.600438,8.2000,8.2400,7.9700,8.0500,8.2900,1468797,11822209.0000,3,0.213637,1,-2.895100,19.917633,0.432030,17.106202,2.950363,0
2014-05-12,sh.600438,8.1500,8.3500,8.0200,8.3200,8.0500,2680236,22078013.0000,3,0.389841,1,3.354000,20.585678,0.446520,17.679950,3.049319,0
2014-05-13,sh.600438,8.2900,8.5600,8.2600,8.4300,8.3200,2288250,19347822.0000,3,0.332827,1,1.322100,20.857845,0.452424,17.913699,3.089635,0
2014-05-14,sh.600438,8.4900,8.6200,8.4700,8.4800,8.4300,1265072,10811041.0000,3,0.184005,1,0.593100,20.981557,0.455107,18.019949,3.107960,0
2014-05-15,sh.600438,9.1000,9.3300,8.7000,8.7800,8.4800,7387009,66138470.0000,3,1.074443,1,3.537700,21.723829,0.471208,18.657447,3.217911,0
2014-05-16,sh.600438,8.6000,8.8000,8.3800,8.7800,8.7800,3636019,31171384.0000,3,0.528860,1,0.000000,21.723829,0.471208,18.657447,3.217911,0
2014-05-19,sh.600438,8.5500,9.0100,8.5500,8.9400,8.7800,3066016,27167912.0000,3,0.445953,1,1.822300,22.119707,0.479795,18.997446,3.276552,0
2014-05-20,sh.600438,8.9600,9.0800,8.9100,8.9100,8.9400,2481594,22365364.0000,3,0.360949,1,-0.335600,22.045480,0.478185,18.933697,3.265557,0
2014-05-21,sh.600438,8.9200,9.3000,8.9200,9.1800,8.9100,5033741,46360399.0000,3,0.732159,1,3.030300,22.713525,0.492675,19.507445,3.364513,0
2014-05-22,sh.600438,9.1700,9.2700,9.0800,9.1300,9.1800,2434981,22356778.0000,3,0.354169,1,-0.544700,22.589813,0.489992,19.401195,3.346188,0
2014-05-23,sh.600438,9.1600,9.1600,8.9400,9.0500,9.1300,1952619,17600209.0000,3,0.284009,1,-0.876200,22.391874,0.485698,19.231196,3.316867,0
2014-05-26,sh.600438,9.0600,9.2300,9.0200,9.1000,9.0500,2204078,20131504.0000,3,0.320584,1,0.552500,22.515586,0.488382,19.337445,3.335193,0
2014-05-27,sh.600438,9.0500,9.0900,8.9100,8.9900,9.1000,2288959,20542985.0000,3,0.332930,1,-1.208800,22.243419,0.482478,19.103696,3.294877,0
2014-05-28,sh.600438,8.9600,9.0000,8.8000,8.9000,8.9900,2072409,18417949.0000,3,0.301433,1,-1.001100,22.020738,0.477648,18.912447,3.261892,0
2014-05-29,sh.600438,8.8800,8.9500,8.8000,8.8600,8.9000,1456970,12938770.0000,3,0.211917,1,-0.449400,21.921768,0.475501,18.827447,3.247232,0
2014-05-30,sh.600438,8.8100,8.9400,8.8000,8.8700,8.8600,1173253,10397641.0000,3,0.170650,1,0.112900,21.946510,0.476038,18.848697,3.250897,0
2014-06-03,sh.600438,8.8700,9.2200,8.8400,9.1700,8.8700,4121857,37668082.0000,3,0.599525,1,3.382200,22.688782,0.492138,19.486195,3.360848,0
2014-06-04,sh.600438,9.2600,9.2600,8.9200,9.0400,9.1700,3111566,28039170.0000,3,0.452578,1,-1.417700,22.367131,0.485162,19.209946,3.313202,0
2014-06-05,sh.600438,9.0400,9.2500,9.0400,9.2000,9.0400,4001313,36671025.0000,3,0.581992,1,1.769900,22.763010,0.493748,19.549945,3.371843,0
2014-06-06,sh.600438,9.2100,9.3200,9.1700,9.2700,9.2000,4184474,38745309.0000,3,0.608633,1,0.760900,22.936206,0.497505,19.698694,3.397498,0
2014-06-09,sh.600438,9.2100,9.5900,9.2100,9.4900,9.2700,6970784,66090836.0000,3,1.013903,1,2.373200,23.480539,0.509312,20.166193,3.478129,0
2014-06-10,sh.600438,9.4800,9.5600,9.3000,9.5000,9.4900,3405315,32125802.0000,3,0.495304,1,0.105400,23.505282,0.509849,20.187443,3.481795,0
2014-06-11,sh.600438,9.4400,9.5200,9.2800,9.3200,9.5000,3293365,30878802.0000,3,0.479021,1,-1.894700,23.059918,0.500189,19.804944,3.415824,0
2014-06-12,sh.600438,9.3100,9.4000,9.1900,9.2900,9.3200,1830920,16990464.0000,3,0.266308,1,-0.321900,22.985691,0.498579,19.741194,3.404829,0
2014-06-13,sh.600438,9.2800,9.7500,9.2800,9.6300,9.2900,6576599,63018296.0000,3,0.956568,1,3.659900,23.826933,0.516826,20.463692,3.529440,0
2014-06-16,sh.600438,9.6000,9.9900,9.5500,9.6000,9.6300,6410901,62728877.0000,3,0.932468,1,-0.311500,23.752706,0.515216,20.399942,3.518445,0
2014-06-17,sh.600438,9.3500,9.3500,9.0100,9.0400,9.3000,3880924,35413303.0000,3,0.564482,1,-2.795700,22.367131,0.485162,19.209946,3.313202,0
2014-06-18,sh.600438,9.0400,9.1300,8.8000,8.9500,9.0400,3808484,34053989.0000,3,0.553945,1,-0.995600,22.144450,0.480331,19.018696,3.280217,0
2014-06-19,sh.600438,8.8900,8.9900,8.8200,8.8700,8.9500,1917691,17042307.0000,3,0.278929,1,-0.893900,21.946510,0.476038,18.848697,3.250897,0
2014-06-20,sh.600438,8.9200,9.0400,8.8500,8.9000,8.8700,2307307,20607468.0000,3,0.335599,1,0.338200,22.020738,0.477648,18.912447,3.261892,0
2014-06-23,sh.600438,8.8300,9.2100,8.8300,9.1700,8.9000,3445703,31503524.0000,3,0.501179,1,3.033700,22.688782,0.492138,19.486195,3.360848,0
2014-06-24,sh.600438,9.1900,9.3500,9.1100,9.3200,9.1700,2015725,18685190.0000,3,0.293188,1,1.635800,23.059918,0.500189,19.804944,3.415824,0
2014-06-25,sh.600438,9.3200,9.3300,9.1000,9.1100,9.3200,1578918,14494737.0000,3,0.229654,1,-2.253200,22.540328,0.488918,19.358695,3.338858,0
2014-06-26,sh.600438,9.0800,9.2400,9.0700,9.1200,9.1100,1744114,15918953.0000,3,0.253682,1,0.109800,22.565070,0.489455,19.379945,3.342523,0
2014-06-27,sh.600438,9.1200,9.2900,9.0900,9.1800,9.1200,1815478,16741301.0000,3,0.264062,1,0.657900,22.713525,0.492675,19.507445,3.364513,0
2014-06-30,sh.600438,9.1800,9.5500,9.1000,9.4900,9.1800,4554064,42758278.0000,3,0.662390,1,3.376900,23.480539,0.509312,20.166193,3.478129,0
2014-07-01,sh.600438,9.6400,9.6400,9.4300,9.4600,9.4900,3481559,33119383.0000,3,0.506394,1,-0.316100,23.406312,0.507702,20.102443,3.467134,0
2014-07-02,sh.600438,9.4500,9.8000,9.4000,9.6400,9.4600,3601498,34738037.0000,3,0.523839,1,1.902800,23.851675,0.517362,20.484942,3.533105,0
2014-07-03,sh.600438,9.6500,9.9400,9.5100,9.9200,9.6400,5476065,53831782.0000,3,0.796495,1,2.904600,24.544463,0.532390,21.079941,3.635726,0
2014-07-04,sh.600438,9.9000,9.9400,9.7200,9.8900,9.9200,3495484,34310300.0000,3,0.508419,1,-0.302400,24.470235,0.530780,21.016191,3.624731,0
2014-07-07,sh.600438,9.8600,9.8700,9.5800,9.5900,9.8900,4550345,44236081.0000,3,0.661849,1,-3.033400,23.727963,0.514679,20.378693,3.514780,0
2014-07-08,sh.600438,9.5800,9.9500,9.5100,9.9200,9.5900,5245319,51768537.0000,3,0.762933,1,3.441100,24.544463,0.532390,21.079941,3.635726,0
2014-07-09,sh.600438,9.9200,10.1000,9.6100,9.8400,9.9200,5587515,55250720.0000,3,0.812706,1,-0.806500,24.346523,0.528096,20.909941,3.606406,0
2014-07-10,sh.600438,9.7800,10.2900,9.7800,10.1700,9.8400,9748126,98728596.0000,3,1.417868,1,3.353700,25.163023,0.545807,21.611189,3.727353,0
2014-07-11,sh.600438,10.1700,10.5500,10.1200,10.3100,10.1700,7115012,73704769.0000,3,1.034881,1,1.376600,25.509416,0.553320,21.908688,3.778663,0
2014-07-14,sh.600438,10.3100,10.4500,10.1800,10.2400,10.3100,5182636,53327697.0000,3,0.753816,1,-0.679000,25.336219,0.549563,21.759939,3.753008,0
2014-07-15,sh.600438,10.2500,10.6000,10.2300,10.3300,10.2400,4483413,46793856.0000,3,0.652114,1,0.878900,25.558901,0.554394,21.951188,3.785993,0
2014-07-16,sh.600438,10.3300,10.4300,10.0600,10.2100,10.3300,2655663,27105023.0000,3,0.386267,1,-1.161700,25.261992,0.547953,21.696189,3.742013,0
2014-07-17,sh.600438,10.1300,10.3500,10.0800,10.0900,10.2100,1562477,15854747.0000,3,0.227263,1,-1.175300,24.965083,0.541513,21.441190,3.698032,0
2014-07-18,sh.600438,10.0900,10.1500,9.9800,10.1000,10.0900,2462916,24721039.0000,3,0.358232,1,0.099100,24.989826,0.542050,21.462439,3.701697,0
2014-07-21,sh.600438,10.0200,10.2300,9.6300,9.7900,10.1000,5741504,56940152.0000,3,0.835104,1,-3.069300,24.222811,0.525413,20.803691,3.588081,0
2014-07-22,sh.600438,9.7800,10.1000,9.7200,9.9900,9.7900,4468564,44404820.0000,3,0.649954,1,2.042900,24.717659,0.536146,21.228690,3.661382,0
2014-07-23,sh.600438,10.0100,10.1000,9.8600,10.0500,9.9900,3687848,36824121.0000,3,0.536399,1,0.600600,24.866114,0.539366,21.356190,3.683372,0
2014-07-24,sh.600438,10.0100,10.0800,9.7200,9.8200,10.0500,3474121,34129256.0000,3,0.505312,1,-2.288600,24.297039,0.527023,20.867441,3.599076,0
2014-07-25,sh.600438,9.8100,9.9900,9.6800,9.8400,9.8200,1992615,19461672.0000,3,0.289826,1,0.203700,24.346523,0.528096,20.909941,3.606406,0
2014-07-28,sh.600438,9.8400,10.1100,9.7700,10.0700,9.8400,5672301,56218619.0000,3,0.825038,1,2.337400,24.915599,0.540440,21.398690,3.690702,0
2014-07-29,sh.600438,10.0000,10.0900,9.9000,9.9600,10.0700,5862715,58521843.0000,3,0.852734,1,-1.092400,24.643432,0.534536,21.164940,3.650387,0
2014-07-30,sh.600438,9.9600,10.0600,9.9000,10.0100,9.9600,3770354,37591414.0000,3,0.548399,1,0.502000,24.767144,0.537220,21.271190,3.668712,0
2014-07-31,sh.600438,10.0900,10.1800,9.8300,10.0600,10.0100,6477084,64872422.0000,3,0.942094,1,0.499500,24.890856,0.539903,21.377440,3.687037,0
2014-08-01,sh.600438,10.0000,10.0600,9.9000,9.9100,10.0600,3932873,39235975.0000,3,0.572038,1,-1.491100,24.519720,0.531853,21.058691,3.632061,0
2014-08-04,sh.600438,9.9500,10.3300,9.8700,10.2900,9.9100,8857706,90189330.0000,3,1.288356,1,3.834500,25.459931,0.552247,21.866188,3.771333,0
2014-08-05,sh.600438,10.2300,10.3300,10.1300,10.2600,10.2900,3222131,32890341.0000,3,0.468660,1,-0.291500,25.385704,0.550637,21.802439,3.760338,0
2014-08-06,sh.600438,10.2700,10.2700,10.1000,10.2100,10.2600,3268269,33228240.0000,3,0.475371,1,-0.487300,25.261992,0.547953,21.696189,3.742013,0
2014-08-07,sh.600438,10.1500,10.3700,10.0700,10.0900,10.2100,3030758,30957679.0000,3,0.440825,1,-1.175300,24.965083,0.541513,21.441190,3.698032,0
2014-08-08,sh.600438,10.1000,10.1400,10.0200,10.0600,10.0900,1639749,16504042.0000,3,0.238502,1,-0.297300,24.890856,0.539903,21.377440,3.687037,0
2014-08-11,sh.600438,10.0200,10.4100,10.0100,10.3900,10.0600,4966920,51107363.0000,3,0.722440,1,3.280300,25.707355,0.557614,22.078688,3.807984,0
2014-08-12,sh.600438,10.3900,10.4300,10.2300,10.3300,10.3900,3761896,38732034.0000,3,0.547169,1,-0.577500,25.558901,0.554394,21.951188,3.785993,0
2014-08-13,sh.600438,10.3300,10.3300,10.0800,10.1900,10.3300,3476593,35347614.0000,3,0.505672,1,-1.355300,25.212507,0.546880,21.653689,3.734683,0
2014-08-14,sh.600438,10.1500,10.2400,9.9900,10.0300,10.1900,3800630,38397415.0000,3,0.552803,1,-1.570200,24.816629,0.538293,21.313690,3.676042,0
2014-08-15,sh.600438,10.0300,10.2200,10.0100,10.1700,10.0300,2771172,28177626.0000,3,0.403068,1,1.395800,25.163023,0.545807,21.611189,3.727353,0
2014-08-18,sh.600438,10.2300,10.2400,10.1400,10.2000,10.1700,2757889,28078329.0000,3,0.401136,1,0.295000,25.237250,0.547417,21.674939,3.738348,0
2014-08-19,sh.600438,10.2500,10.2700,10.1200,10.2300,10.2000,4709107,48058525.0000,3,0.684941,1,0.294100,25.311477,0.549027,21.738689,3.749343,0
2014-08-20,sh.600438,10.1900,10.4400,10.1500,10.3300,10.2300,4637285,48057202.0000,3,0.674495,1,0.977500,25.558901,0.554394,21.951188,3.785993,0
2014-08-21,sh.600438,10.3400,10.3600,10.1300,10.2700,10.3300,2000161,20532104.0000,3,0.290924,1,-0.580800,25.410447,0.551174,21.823688,3.764003,0
2014-08-22,sh.600438,10.2600,10.4500,10.2300,10.4200,10.2700,3810106,39497009.0000,3,0.554181,1,1.460600,25.781583,0.559224,22.142438,3.818979,0
2014-08-25,sh.600438,10.4400,10.7800,10.3700,10.4000,10.4200,4966126,52290175.0000,3,0.722325,1,-0.191900,25.732098,0.558150,22.099938,3.811649,0
2014-08-26,sh.600438,10.4000,10.5500,10.0500,10.0700,10.4000,4017795,41327415.0000,3,0.584390,1,-3.173100,24.915599,0.540440,21.398690,3.690702,0
2014-08-27,sh.600438,10.0700,10.1700,9.8800,10.0800,10.0700,3959244,39582074.0000,3,0.575873,1,0.099300,24.940341,0.540977,21.419940,3.694367,0
2014-08-28,sh.600438,10.0800,10.1200,9.8000,10.0400,10.0800,3128300,30967559.0000,3,0.455012,1,-0.396800,24.841371,0.538830,21.334940,3.679707,0
2014-08-29,sh.600438,10.0200,10.0800,9.8300,10.0300,10.0400,2695033,26809223.0000,3,0.391993,1,-0.099600,24.816629,0.538293,21.313690,3.676042,0
2014-09-01,sh.600438,10.0200,10.0200,9.7700,9.9400,10.0300,7347567,72441955.0000,3,1.068706,1,-0.897300,23.406991,0.516126,18.912029,3.871251,0
2014-09-02,sh.600438,9.8600,10.0900,9.8600,10.0800,9.9400,5763224,57470921.0000,3,0.838263,1,1.408500,23.736667,0.523395,19.178396,3.925776,0
2014-09-03,sh.600438,10.0900,10.1000,9.9700,10.0900,10.0800,4034613,40515158.0000,3,0.586836,1,0.099200,23.760215,0.523914,19.197422,3.929671,0
2014-09-04,sh.600438,10.0800,10.2900,10.0300,10.2200,10.0900,5270860,53814113.0000,3,0.766648,1,1.288400,24.066342,0.530665,19.444763,3.980301,0
2014-09-05,sh.600438,10.2500,10.3700,10.1500,10.2800,10.2200,5891980,60491740.0000,3,0.856990,1,0.587100,24.207632,0.533780,19.558920,4.003668,0
2014-09-09,sh.600438,10.2800,10.4000,9.9900,10.0900,10.2800,6852217,69880178.0000,3,0.996657,1,-1.848200,23.760215,0.523914,19.197422,3.929671,0
2014-09-10,sh.600438,10.0500,10.0500,9.8000,9.9200,10.0900,9897751,98071357.0000,3,1.439631,1,-1.684800,23.359894,0.515087,18.873977,3.863462,0
2014-09-11,sh.600438,9.9000,10.0200,9.7900,9.9600,9.9200,7156586,70901711.0000,3,1.040928,1,0.403200,23.454087,0.517164,18.950082,3.879040,0
2014-09-12,sh.600438,9.9500,10.0500,9.8000,10.0100,9.9600,4666681,46247330.0000,3,0.678770,1,0.502000,23.571829,0.519760,19.045213,3.898514,0
2014-09-15,sh.600438,10.0000,10.1500,9.9300,10.1000,10.0100,5840595,58798694.0000,3,0.849516,1,0.899100,23.783763,0.524434,19.216448,3.933565,0
2014-09-16,sh.600438,10.1000,10.1600,9.7000,9.8200,10.1000,8372898,83229518.0000,3,1.217841,1,-2.772300,23.124411,0.509895,18.683715,3.824516,0
2014-09-17,sh.600438,9.8200,9.8300,9.5100,9.7000,9.8200,6223034,60147927.0000,3,0.905142,1,-1.222000,22.841832,0.503664,18.455401,3.777780,0
2014-09-18,sh.600438,9.7100,9.7600,9.6100,9.7200,9.7000,2782636,26928860.0000,3,0.404735,1,0.206200,22.888928,0.504702,18.493453,3.785570,0
2014-09-19,sh.600438,9.7300,9.7400,9.5100,9.6700,9.7200,3227623,31014404.0000,3,0.469459,1,-0.514400,22.771187,0.502106,18.398322,3.766097,0
2014-09-22,sh.600438,9.6400,9.6600,9.4800,9.6000,9.6700,3045100,29100946.0000,3,0.442911,1,-0.723900,22.606349,0.498472,18.265139,3.738834,0
2014-09-23,sh.600438,9.5300,9.7100,9.4500,9.5900,9.6000,6584732,62996109.0000,3,0.957751,1,-0.104200,22.582801,0.497952,18.246113,3.734940,0
2014-09-24,sh.600438,9.5900,9.6900,9.4400,9.6700,9.5900,5984499,57161537.0000,3,0.870447,1,0.834200,22.771187,0.502106,18.398322,3.766097,0
2014-09-25,sh.600438,9.6700,9.6900,9.5800,9.5900,9.6700,6027902,58013444.0000,3,0.876760,1,-0.827300,22.582801,0.497952,18.246113,3.734940,0
2014-09-26,sh.600438,9.5700,9.6700,9.4500,9.6600,9.5900,5257694,50258615.0000,3,0.764733,1,0.729900,22.747639,0.501587,18.379296,3.762202,0
2014-09-29,sh.600438,9.6700,9.8600,9.6600,9.8400,9.6600,6951501,67570356.0000,3,1.011098,1,1.863400,23.171508,0.510933,18.721768,3.832305,0
2014-09-30,sh.600438,9.8300,9.8700,9.7200,9.8200,9.8400,4100643,40197489.0000,3,0.596440,1,-0.203300,23.124411,0.509895,18.683715,3.824516,0
2014-10-08,sh.600438,9.8500,9.9100,9.7600,9.8700,9.8200,5284164,52061308.0000,3,0.768583,1,0.509200,23.242153,0.512491,18.778846,3.843989,0
2014-10-09,sh.600438,9.9000,9.9200,9.8100,9.8600,9.8700,5224501,51515721.0000,3,0.759905,1,-0.101300,23.218604,0.511972,18.759820,3.840094,0
2014-10-10,sh.600438,9.8700,9.9000,9.7500,9.7800,9.8600,4606530,45196451.0000,3,0.670021,1,-0.811400,23.030218,0.507818,18.607611,3.808937,0
2014-10-13,sh.600438,9.7700,9.7700,9.4800,9.6700,9.7800,5020796,48066857.0000,3,0.730276,1,-1.124700,22.771187,0.502106,18.398322,3.766097,0
2014-10-14,sh.600438,9.6700,9.6800,9.4900,9.5100,9.6700,4109296,39315868.0000,3,0.597698,1,-1.654600,22.394415,0.493798,18.093903,3.703783,0
2014-10-15,sh.600438,9.4800,9.7000,9.4800,9.6100,9.5100,2971566,28558301.0000,3,0.432215,1,1.051500,22.629897,0.498991,18.284165,3.742729,0
2014-10-16,sh.600438,9.5600,9.6100,9.4200,9.4300,9.6100,4730851,44940436.0000,3,0.688104,1,-1.873000,22.206028,0.489644,17.941694,3.672626,0
2014-10-17,sh.600438,9.4200,9.4200,9.2300,9.3400,9.4300,3537615,32939967.0000,3,0.514547,1,-0.954400,21.994094,0.484971,17.770458,3.637574,0
2014-10-20,sh.600438,9.3400,9.4800,9.3100,9.4000,9.3400,2469470,23212767.0000,3,0.359185,1,0.642400,22.135383,0.488087,17.884615,3.660942,0
2014-10-21,sh.600438,9.3900,9.5500,9.3700,9.4900,9.4000,2535989,24074174.0000,3,0.368860,1,0.957400,22.347318,0.492760,18.055851,3.695993,0
2014-10-22,sh.600438,9.4600,9.5100,9.2900,9.3100,9.4900,2470241,23141223.0000,3,0.359297,1,-1.896700,21.923449,0.483414,17.713380,3.625890,0
2014-10-23,sh.600438,9.3100,9.3100,8.9800,9.1100,9.3100,4358365,39634536.0000,3,0.633926,1,-2.148200,21.452483,0.473029,17.332856,3.547998,0
2014-10-24,sh.600438,9.0600,9.1400,9.0000,9.1200,9.1100,2631479,23798067.0000,3,0.382749,1,0.109800,21.476032,0.473548,17.351882,3.551892,0
2014-10-27,sh.600438,9.0500,9.3100,9.0500,9.2900,9.1200,3456383,31694957.0000,3,0.502732,1,1.864000,21.876352,0.482375,17.675327,3.618101,0
2014-10-28,sh.600438,9.2900,9.3900,9.2400,9.3500,9.2900,2638555,24593732.0000,3,0.383779,1,0.645900,22.017642,0.485491,17.789484,3.641469,0
2014-10-29,sh.600438,9.3500,9.4500,9.3100,9.4100,9.3500,2674104,25127971.0000,3,0.388949,1,0.641700,22.158932,0.488606,17.903642,3.664836,0
2014-10-30,sh.600438,9.3800,9.4400,9.3300,9.3600,9.4100,2839201,26640919.0000,3,0.412963,1,-0.531400,22.236115,0.497954,31.105429,3.262473,0
2014-10-31,sh.600438,9.3500,9.4600,9.3300,9.3900,9.3600,3961595,37173176.0000,3,0.576215,1,0.320500,22.307385,0.499550,31.205126,3.272930,0
2014-11-03,sh.600438,9.3800,9.4700,9.3800,9.4000,9.3900,4340799,40901135.0000,3,0.631371,1,0.106500,22.331141,0.500082,31.238358,3.276415,0
2014-11-04,sh.600438,9.3700,9.4100,9.2000,9.2000,9.4000,3437074,31969108.0000,3,0.499923,1,-2.127700,21.856011,0.489442,30.573712,3.206704,0
2014-11-05,sh.600438,9.2100,9.2500,9.1600,9.2000,9.2000,2267007,20854172.0000,3,0.329737,1,0.000000,21.856011,0.489442,30.573712,3.206704,0
2014-11-06,sh.600438,9.2500,9.2700,9.0900,9.1800,9.2000,2754447,25220169.0000,3,0.400635,1,-0.217400,21.808497,0.488378,30.507248,3.199733,0
2014-11-07,sh.600438,9.2000,9.2200,9.1200,9.1200,9.1800,3122692,28618009.0000,3,0.454197,1,-0.653600,21.665958,0.485186,30.307854,3.178820,0
2014-11-10,sh.600438,9.1100,9.1700,8.9700,9.1000,9.1200,3859055,34946667.0000,3,0.561301,1,-0.219300,21.618445,0.484122,30.241389,3.171849,0
2014-11-11,sh.600438,9.1200,9.1700,8.8800,9.0300,9.1000,4427411,39917766.0000,3,0.643968,1,-0.769200,21.452149,0.480398,30.008763,3.147450,0
2014-11-12,sh.600438,9.0000,9.3000,8.9100,9.2900,9.0300,5508959,50546203.0000,3,0.801280,1,2.879300,22.069819,0.494230,30.872803,3.238074,0
2014-11-13,sh.600438,9.3000,9.5300,9.2300,9.4800,9.2900,10812955,101992821.0000,3,1.572748,1,2.045200,22.521193,0.504338,31.504217,3.304300,0
2014-11-14,sh.600438,9.4600,9.5200,9.3400,9.4100,9.4800,4589047,43205508.0000,3,0.667478,1,-0.738400,22.354898,0.500614,31.271590,3.279901,0
2014-11-17,sh.600438,9.5000,9.6200,9.3500,9.5300,9.4100,5859482,55646779.0000,3,0.852263,1,1.275200,22.639976,0.506998,31.670378,3.321727,0
2014-11-18,sh.600438,9.4700,9.6800,9.4400,9.6000,9.5300,9135045,87748081.0000,3,1.328695,1,0.734500,22.806272,0.510722,31.903004,3.346126,0
2014-11-19,sh.600438,9.6000,9.6900,9.4700,9.5400,9.6000,5638051,53965196.0000,3,0.820056,1,-0.625000,22.663733,0.507530,31.703610,3.325213,0
2014-11-20,sh.600438,9.4800,9.5700,9.4100,9.4800,9.5400,3173855,30166462.0000,3,0.461638,1,-0.628900,22.521193,0.504338,31.504217,3.304300,0
2014-11-21,sh.600438,9.5100,9.5800,9.4500,9.5000,9.4800,4262862,40521571.0000,3,0.620035,1,0.211000,22.568707,0.505402,31.570681,3.311271,0
2014-11-24,sh.600438,9.5200,9.5900,9.4500,9.5100,9.5000,6608213,62875929.0000,3,0.961167,1,0.105300,22.592463,0.505934,31.603913,3.314756,0
2014-11-25,sh.600438,9.5300,9.6300,9.4600,9.6300,9.5100,6489535,62009719.0000,3,0.943905,1,1.261800,22.877541,0.512318,32.002701,3.356583,0
2014-11-26,sh.600438,9.6800,9.6800,9.5100,9.5700,9.6300,5023858,48155159.0000,3,0.730722,1,-0.623100,22.735002,0.509126,31.803307,3.335670,0
2014-11-27,sh.600438,9.5900,10.0600,9.5500,10.0200,9.5700,14217203,139466006.0000,3,2.067897,1,4.702200,23.804046,0.533066,33.298761,3.492519,0
2014-11-28,sh.600438,10.0000,10.0000,9.7500,9.9100,10.0200,10626940,105169122.0000,3,1.545692,1,-1.097800,23.542724,0.527214,32.933205,3.454178,0
2014-12-01,sh.600438,9.9100,9.9600,9.6600,9.7300,9.9100,8361076,81597521.0000,3,1.216121,1,-1.816400,23.115107,0.517638,32.335024,3.391438,0
2014-12-02,sh.600438,9.6900,9.8500,9.6900,9.8000,9.7300,4968101,48678889.0000,3,0.722612,1,0.719400,23.281403,0.521362,32.567650,3.415837,0
2014-12-03,sh.600438,9.7900,9.9400,9.7200,9.9000,9.8000,8020254,78912832.0000,3,1.166548,1,1.020400,23.518968,0.526682,32.899973,3.450693,0
2014-12-04,sh.600438,9.9100,9.9600,9.8000,9.8700,9.9000,11479172,113175225.0000,3,1.669649,1,-0.303000,23.447698,0.525086,32.800276,3.440236,0
2014-12-05,sh.600438,9.8000,9.8700,9.4000,9.4200,9.8700,11870019,113754814.0000,3,1.726498,1,-4.559300,22.378654,0.501146,31.304823,3.283386,0
2014-12-08,sh.600438,9.4300,9.5800,9.2900,9.4000,9.4200,10044913,94477420.0000,3,1.461036,1,-0.212300,22.331141,0.500082,31.238358,3.276415,0
2014-12-09,sh.600438,9.3800,9.4700,9.2500,9.2600,9.4000,8480540,79322604.0000,3,1.233497,1,-1.489400,21.998550,0.492634,30.773106,3.227618,0
2014-12-10,sh.600438,9.2300,9.5800,9.1900,9.5000,9.2600,5294038,49658485.0000,3,0.770019,1,2.591800,22.568707,0.505402,31.570681,3.311271,0
2014-12-11,sh.600438,9.4800,9.6500,9.3700,9.5900,9.5000,7060056,67387982.0000,3,1.026887,1,0.947400,22.782515,0.510190,31.869772,3.342641,0
2014-12-12,sh.600438,9.6300,9.6900,9.4400,9.5800,9.5900,7985300,76056412.0000,3,1.161464,1,-0.104300,22.758759,0.509658,31.836539,3.339155,0
2014-12-15,sh.600438,9.6500,9.7200,9.5100,9.6800,9.5800,6392485,61466776.0000,3,0.929789,1,1.043800,22.996324,0.514978,32.168862,3.374011,0
2014-12-16,sh.600438,9.7000,9.7000,9.5800,9.6200,9.6800,4839693,46576885.0000,3,0.703935,1,-0.619800,22.853785,0.511786,31.969469,3.353097,0
2014-12-17,sh.600438,9.6200,9.6800,9.3000,9.3800,9.6200,5972061,56315846.0000,3,0.868638,1,-2.494800,22.283628,0.499018,31.171894,3.269444,0
2014-12-18,sh.600438,9.3900,9.4500,9.3000,9.4000,9.3800,3329202,31246367.0000,3,0.484233,1,0.213200,22.331141,0.500082,31.238358,3.276415,0
2014-12-19,sh.600438,9.3800,9.3800,9.0500,9.1600,9.4000,8151761,74769943.0000,3,1.185676,1,-2.553200,21.760984,0.487314,30.440783,3.192762,0
2014-12-22,sh.600438,9.2600,9.3400,8.8900,9.3000,9.1600,8212871,75008505.0000,3,1.194565,1,1.528400,22.093576,0.494762,30.906035,3.241560,0
2014-12-23,sh.600438,9.3800,9.4100,9.0500,9.1000,9.3000,3820423,35014008.0000,3,0.555682,1,-2.150500,21.618445,0.484122,30.241389,3.171849,0
2014-12-24,sh.600438,9.1700,9.2400,9.0900,9.1700,9.1000,2829257,25887798.0000,3,0.411516,1,0.769200,21.784741,0.487846,30.474015,3.196248,0
2014-12-25,sh.600438,9.1600,9.3400,9.1100,9.2700,9.1700,3170828,29294618.0000,3,0.461198,1,1.090500,22.022306,0.493166,30.806338,3.231103,0
2014-12-26,sh.600438,9.2500,9.3300,9.1300,9.1600,9.2700,6038905,55537773.0000,3,0.878361,1,-1.186600,21.760984,0.487314,30.440783,3.192762,0
2014-12-29,sh.600438,9.1500,9.2700,9.0600,9.1400,9.1600,3973687,36424615.0000,3,0.577974,1,-0.218300,21.713471,0.486250,30.374318,3.185791,0
2014-12-30,sh.600438,9.1300,9.2600,8.9000,9.1700,9.1400,4044948,36717172.0000,3,0.588339,1,0.328200,21.784741,0.487846,30.474015,3.196248,0
2014-12-31,sh.600438,9.1300,9.3300,9.0900,9.3000,9.1700,5510781,50720257.0000,3,0.801545,1,1.417700,22.093576,0.494762,30.906035,3.241560,0
2015-01-05,sh.600438,9.3000,9.6700,9.2100,9.6200,9.3000,12406014,117988994.0000,3,1.804459,1,3.440900,22.853785,0.511786,31.969469,3.353097,0
2015-01-06,sh.600438,9.5000,9.7100,9.4800,9.6700,9.6200,9272331,89266780.0000,3,1.348663,1,0.519800,22.972568,0.514446,32.135630,3.370525,0
2015-01-07,sh.600438,9.6600,9.9600,9.5800,9.9500,9.6700,14959880,147158249.0000,3,2.175919,1,2.895600,23.637751,0.529342,33.066134,3.468120,0
2015-01-08,sh.600438,10.0200,10.3600,9.9900,10.1400,9.9500,22372745,227875156.0000,3,3.254123,1,1.909600,24.089125,0.539450,33.697548,3.534346,0
2015-01-09,sh.600438,10.1400,10.3800,9.9900,10.0200,10.1400,15289410,155438175.0000,3,2.223849,1,-1.183400,23.804046,0.533066,33.298761,3.492519,0
2015-01-12,sh.600438,10.0200,10.0200,9.6500,9.7000,10.0200,9730095,95229083.0000,3,1.415245,1,-3.193600,23.043837,0.516042,32.235327,3.380982,0
2015-01-13,sh.600438,9.5900,10.0000,9.5300,9.9700,9.7000,8963377,88020664.0000,3,1.303726,1,2.783500,23.685264,0.530406,33.132599,3.475092,0
2015-01-14,sh.600438,9.8700,10.4200,9.8600,10.2300,9.9700,16799490,171751911.0000,3,2.443491,1,2.607800,24.302933,0.544238,33.996639,3.565716,0
2015-01-15,sh.600438,10.2800,10.3700,10.0900,10.1700,10.2300,7571686,76991491.0000,3,1.101304,1,-0.586500,24.160394,0.541046,33.797245,3.544802,0
2015-01-16,sh.600438,10.1600,10.3000,9.9800,10.2400,10.1700,11406786,115686194.0000,3,1.659121,1,0.688300,24.326690,0.544770,34.029871,3.569201,0
2015-01-19,sh.600438,10.0000,10.1200,9.5600,9.9000,10.2400,12169111,120666844.0000,3,1.770001,1,-3.320300,23.518968,0.526682,32.899973,3.450693,0
2015-01-20,sh.600438,9.8500,10.2000,9.8200,10.1500,9.9000,9192558,92393435.0000,3,1.337060,1,2.525300,24.112881,0.539982,33.730780,3.537831,0
2015-01-21,sh.600438,10.1100,10.2700,10.1000,10.1700,10.1500,8587643,87362230.0000,3,1.249075,1,0.197000,24.160394,0.541046,33.797245,3.544802,0
2015-01-22,sh.600438,10.2000,10.9600,10.1200,10.8200,10.1700,20363464,216381361.0000,3,2.961872,1,6.391300,25.704569,0.575627,35.957344,3.771363,0
2015-01-23,sh.600438,10.8700,11.0600,10.6500,10.8000,10.8200,15640354,169775958.0000,3,2.274894,1,-0.184800,25.657056,0.574563,35.890880,3.764392,0
2015-01-26,sh.600438,10.7600,11.1800,10.7000,11.0300,10.8000,12876380,141463906.0000,3,1.872874,1,2.129600,26.203456,0.586799,36.655222,3.844560,0
2015-01-27,sh.600438,10.9400,11.0800,10.8200,10.8400,11.0300,4505100,49347951.0000,3,0.655268,1,-1.722600,25.752082,0.576691,36.023809,3.778334,0
2015-05-11,sh.600438,11.9200,11.9200,11.9200,11.9200,10.8400,95850,1142532.0000,3,0.013941,1,9.963100,29.551131,0.631086,14.987598,4.232358,0
2015-05-12,sh.600438,13.1100,13.1100,13.1100,13.1100,11.9200,850242,11146673.0000,3,0.123668,1,9.983200,32.501286,0.694088,16.483843,4.654884,0
2015-05-13,sh.600438,14.4200,14.4200,14.4200,14.4200,13.1100,327305,4719738.0000,3,0.047607,1,9.992400,35.748936,0.763444,18.130970,5.120017,0
2015-05-14,sh.600438,15.8600,15.8600,15.8600,15.8600,14.4200,180596,2864253.0000,3,0.026268,1,9.986100,39.318871,0.839683,19.941553,5.631309,0
2015-05-15,sh.600438,17.4500,17.4500,17.4500,17.4500,15.8600,1212131,21151686.0000,3,0.176305,1,10.025200,43.260675,0.923863,21.940737,6.195860,0
2015-05-18,sh.600438,19.2000,19.2000,18.1100,19.2000,17.4500,42687896,815251104.0000,3,6.208968,1,10.028700,47.599138,1.016514,24.141098,6.817221,0
2015-05-19,sh.600438,19.5200,19.8000,17.1000,18.4100,19.0000,43413431,814123664.0000,3,6.314497,1,-3.105300,45.640631,0.974688,23.147792,6.536721,0
2015-05-20,sh.600438,18.4400,18.9800,18.0000,18.4700,18.4100,28870753,536949072.0000,3,4.199260,1,0.325900,45.789379,0.977865,23.223233,6.558025,0
2015-05-21,sh.600438,18.5100,20.3200,18.5100,20.3200,18.4700,32950740,633562432.0000,3,4.792695,1,10.016200,50.375754,1.075810,25.549329,7.214892,0
2015-05-22,sh.600438,21.6300,21.7800,19.4200,19.7400,20.3200,33660510,683122272.0000,3,4.895932,1,-2.854300,48.937863,1.045103,24.820066,7.008955,0
2015-05-25,sh.600438,19.1600,19.7500,18.4900,19.2400,19.7400,27012762,514795936.0000,3,3.929015,1,-2.532900,47.698302,1.018631,24.191392,6.831424,0
2015-05-26,sh.600438,19.2600,20.2700,18.8000,20.1200,19.2400,29376887,576955280.0000,3,4.272877,1,4.573800,49.879930,1.065222,25.297859,7.143880,0
2015-05-27,sh.600438,19.9900,21.6000,19.4000,21.0800,20.1200,31941597,654043216.0000,3,4.645915,1,4.771400,52.259886,1.116047,26.504914,7.484741,0
2015-05-28,sh.600438,21.0400,22.0000,19.0000,19.2500,21.0800,29806906,618874608.0000,3,4.335424,1,-8.681200,47.723094,1.019161,24.203965,6.834974,0
2015-05-29,sh.600438,19.3200,20.5000,18.7000,19.5800,19.2500,23778944,468059776.0000,3,3.458655,1,1.714300,48.541204,1.036632,24.618890,6.952145,0
2015-06-01,sh.600438,19.5500,20.9700,19.0000,20.4800,19.5800,20611136,416126000.0000,3,2.997896,1,4.596500,50.772413,1.084281,25.750504,7.271702,0
2015-06-02,sh.600438,20.5100,22.5300,20.2000,22.5300,20.4800,32292677,695767456.0000,3,4.696980,1,10.009800,55.854613,1.192815,28.328070,7.999583,0
2015-06-03,sh.600438,22.6500,22.7200,21.2800,21.4800,22.5300,27725983,604601536.0000,3,4.032753,1,-4.660500,53.251535,1.137225,27.007853,7.626766,0
2015-06-04,sh.600438,21.4500,23.6300,20.4500,22.8000,21.4800,37893279,850964848.0000,3,5.511589,1,6.145200,56.523976,1.207110,28.667554,8.095450,0
2015-06-05,sh.600438,22.6800,23.7800,21.8500,23.4300,22.8000,27854848,636394960.0000,3,4.051496,1,2.763200,58.085823,1.240464,29.459684,8.319140,0
2015-06-08,sh.600438,23.1100,23.1400,21.9100,22.6400,23.4300,18264337,412175200.0000,3,2.656554,1,-3.371700,56.127316,1.198639,28.466378,8.038640,0
2015-06-09,sh.600438,22.7000,22.8500,21.5000,21.7600,22.6400,17156799,375614736.0000,3,2.495462,1,-3.886900,53.945689,1.152049,27.359911,7.726184,0
2015-06-10,sh.600438,21.2100,21.8000,21.0000,21.5200,21.7600,18424174,394002752.0000,3,2.679802,1,-1.102900,53.350700,1.139342,27.058147,7.640969,0
2015-06-11,sh.600438,21.4400,21.9300,21.1800,21.8000,21.5200,14504574,312610400.0000,3,2.109695,1,1.301100,54.044854,1.154167,27.410205,7.740386,0
2015-06-12,sh.600438,22.0000,22.0000,21.2500,21.3100,21.8000,15587315,334725216.0000,3,2.267180,1,-2.247700,52.830084,1.128224,26.794104,7.566405,0
2015-06-15,sh.600438,21.3200,21.6400,19.9500,20.0900,21.3100,17741409,369786064.0000,3,2.580494,1,-5.725000,49.805556,1.063633,25.260138,7.133228,0
2015-06-16,sh.600438,20.1100,20.2000,19.1000,19.4200,20.0900,12643015,247616260.0000,3,1.838931,1,-3.335000,48.144544,1.028161,24.417715,6.895335,0
2015-06-17,sh.600438,19.5200,19.9800,18.5900,19.8900,19.4200,12628070,243257330.0000,3,1.836757,1,2.420200,49.309732,1.053045,25.008669,7.062215,0
2015-06-18,sh.600438,19.8000,20.4400,19.5000,19.5900,19.8900,11636395,233371624.0000,3,1.692517,1,-1.508300,48.565995,1.037162,24.631464,6.955696,0
2015-06-19,sh.600438,18.9000,19.5500,17.7000,18.1300,19.5900,9199943,172179549.0000,3,1.338135,1,-7.452800,44.946477,0.959864,22.795735,6.437303,0
2015-06-23,sh.600438,18.2200,18.7800,16.3200,18.1300,18.1300,11214177,199384300.0000,3,1.631106,1,0.000000,44.946477,0.959864,22.795735,6.437303,0
2015-06-24,sh.600438,18.1500,18.5000,17.8600,18.3700,18.1300,9216946,168319464.0000,3,1.340608,1,1.323800,45.541467,0.972571,23.097498,6.522518,0
2015-06-25,sh.600438,18.3900,19.2500,18.0000,18.6400,18.3700,14812756,277434576.0000,3,2.154520,1,1.469800,46.210829,0.986865,23.436983,6.618385,0
2015-06-26,sh.600438,18.2600,18.4800,16.7800,16.8600,18.6400,11770960,205567674.0000,3,1.712090,1,-9.549400,41.797993,0.892626,21.198902,5.986372,0
2015-06-29,sh.600438,17.0000,17.7000,15.1700,15.1700,16.8600,15692474,249958967.0000,3,2.282475,1,-10.023700,37.608277,0.803152,19.073982,5.386315,0
2015-06-30,sh.600438,14.6500,15.9600,13.6500,15.7300,15.1700,13204640,193843739.0000,3,1.920619,1,3.691500,38.996585,0.832800,19.778097,5.585150,0
2015-07-01,sh.600438,15.5600,16.3500,14.1600,14.1600,15.7300,11272105,174917445.0000,3,1.639531,1,-9.980900,35.104364,0.749679,17.804060,5.027701,0
2015-07-02,sh.600438,14.1600,14.4300,12.7400,12.7400,14.1600,12128836,159942333.0000,3,1.764143,1,-10.028200,31.584011,0.674499,16.018624,4.523510,0
2015-07-03,sh.600438,11.9300,12.7600,11.4700,11.4700,12.7400,13341671,157200837.0000,3,1.940550,1,-9.968600,28.435526,0.607261,14.421791,4.072579,0
2015-07-06,sh.600438,12.6100,12.6200,10.3200,10.3200,11.4700,19241292,214294245.0000,3,2.798652,1,-10.026200,25.584536,0.546376,12.975840,3.664256,0
2015-07-07,sh.600438,9.5000,9.7800,9.2900,9.2900,10.3200,8725600,81520836.0000,3,1.269141,1,-9.980600,23.031041,0.491844,11.680771,3.298541,0
2015-07-13,sh.600438,10.2200,10.2200,10.2200,10.2200,9.2900,1190028,12162086.0000,3,0.173090,1,10.010800,25.336624,0.541082,12.850105,3.628750,0
2015-07-14,sh.600438,11.2400,11.2400,11.2400,11.2400,10.2200,345158,3879576.0000,3,0.050203,1,9.980400,27.865328,0.595084,14.132601,3.990915,0
2015-07-15,sh.600438,12.3600,12.3600,10.9100,11.2300,11.2400,35778036,428569456.0000,3,5.203927,1,-0.089000,27.840537,0.594555,14.120028,3.987364,0
2015-07-16,sh.600438,10.1100,12.0000,10.1100,11.8000,11.2300,19452195,221856613.0000,3,2.829328,1,5.075700,29.253637,0.624732,14.836716,4.189750,0
2015-07-17,sh.600438,12.1000,12.9800,12.1000,12.9800,11.8000,17070594,216272730.0000,3,2.482923,1,10.000000,32.179000,0.687206,16.320388,4.608725,0
2015-07-20,sh.600438,13.7000,14.2800,13.4000,14.2800,12.9800,31181230,440292176.0000,3,4.535320,1,10.015400,35.401859,0.756032,17.954942,5.070308,0
2015-07-21,sh.600438,14.2400,15.1400,13.8000,14.3500,14.2800,26513863,389011824.0000,3,3.856450,1,0.490200,35.575397,0.759738,18.042956,5.095163,0
2015-07-22,sh.600438,14.3000,14.8500,13.1000,14.2200,14.3500,17888956,252335020.0000,3,2.601954,1,-0.905900,35.253111,0.752855,17.879501,5.049004,0
2015-07-23,sh.600438,14.2700,14.9000,14.2700,14.7400,14.2200,14533024,211003543.0000,3,2.113833,1,3.656800,36.542255,0.780386,18.533322,5.233637,0
2015-07-24,sh.600438,14.7900,14.8700,14.2300,14.3900,14.7400,14090815,205583790.0000,3,2.049513,1,-2.374500,35.674562,0.761856,18.093250,5.109365,0
2015-07-27,sh.600438,14.0500,14.7800,12.9500,12.9500,14.3900,17203375,238067736.0000,3,2.502236,1,-10.007000,32.104627,0.685617,16.282668,4.598074,0
2015-07-28,sh.600438,12.1600,13.3000,11.6600,12.2600,12.9500,18859993,229363692.0000,3,2.743192,1,-5.328200,30.394033,0.649086,15.415097,4.353080,0
2015-07-29,sh.600438,12.6600,12.9900,11.5200,12.7800,12.2600,13562920,167647623.0000,3,1.972731,1,4.241400,31.683176,0.676617,16.068918,4.537713,0
2015-07-30,sh.600438,12.6600,12.9200,12.0800,12.2300,12.7800,11545434,145981895.0000,3,1.679287,1,-4.303600,30.319659,0.647498,15.377376,4.342428,0
2015-07-31,sh.600438,12.1000,12.8000,12.0100,12.3000,12.2300,9339311,116437064.0000,3,1.358406,1,0.572400,30.493198,0.651204,15.465391,4.367282,0
2015-08-03,sh.600438,12.2700,12.4900,11.3100,11.5300,12.3000,9163455,108337680.0000,3,1.332827,1,-6.260200,28.584274,0.610438,14.497232,4.093883,0
2015-08-04,sh.600438,11.6500,12.4300,11.5100,12.4000,11.5300,9475507,113331125.0000,3,1.378215,1,7.545500,30.741110,0.656498,15.591126,4.402789,0
2015-08-05,sh.600438,12.3000,12.5200,11.8500,12.0800,12.4000,9695391,118674874.0000,3,1.410198,1,-2.580600,29.947791,0.639557,15.188774,4.289168,0
2015-08-06,sh.600438,11.7900,12.0900,11.6500,11.8700,12.0800,5007631,59509085.0000,3,0.728362,1,-1.738400,29.427175,0.628438,14.924731,4.214605,0
2015-08-07,sh.600438,12.0000,12.5000,12.0000,12.3000,11.8700,8496346,104662739.0000,3,1.235796,1,3.622600,30.493198,0.651204,15.465391,4.367282,0
2015-08-10,sh.600438,12.5000,13.4000,12.4300,13.2700,12.3000,11420524,147411486.0000,3,1.661119,1,7.886200,32.897946,0.702559,16.685019,4.711694,0
2015-08-11,sh.600438,13.1200,13.9900,13.1200,13.3900,13.2700,12273671,165890636.0000,3,1.785209,1,0.904300,33.195440,0.708912,16.835901,4.754302,0
2015-08-12,sh.600438,13.3800,13.7900,13.2100,13.6000,13.3900,10761709,145997819.0000,3,1.565294,1,1.568300,33.716056,0.720031,17.099944,4.828865,0
2015-08-13,sh.600438,13.5000,14.2000,13.4000,14.1500,13.6000,11876980,164514597.0000,3,1.727510,1,4.044100,35.079573,0.749149,17.791486,5.024150,0
2015-08-14,sh.600438,14.1300,15.1000,14.1300,14.7800,14.1500,16433381,242400163.0000,3,2.390240,1,4.452300,36.641419,0.782504,18.583616,5.247840,0
2015-08-17,sh.600438,14.8000,15.0800,14.5000,14.8000,14.7800,13255155,196759390.0000,3,1.927966,1,0.135300,36.691002,0.783563,18.608763,5.254941,0
2015-08-18,sh.600438,14.8200,14.8600,13.3200,13.3200,14.8000,14499775,204453056.0000,3,2.108997,1,-10.000000,32.211499,0.705096,17.778192,4.826962,0
2015-08-19,sh.600438,13.0000,14.0000,12.4500,13.8200,13.3200,11952044,159339941.0000,3,1.738429,1,3.753800,33.420640,0.731563,18.445541,5.008154,0
2015-08-20,sh.600438,13.7500,14.8200,13.4100,14.0100,13.8200,13798447,195968883.0000,3,2.006988,1,1.374800,33.880113,0.741621,18.699134,5.077007,0
2015-08-21,sh.600438,13.7000,14.0100,12.6100,12.7400,14.0100,10483454,139700923.0000,3,1.524822,1,-9.065000,30.808896,0.674393,17.004066,4.616779,0
2015-08-24,sh.600438,12.2000,12.2500,11.4700,11.4700,12.7400,8687212,101430816.0000,3,1.263558,1,-9.968600,27.737680,0.607166,15.308999,4.156550,0
2015-08-25,sh.600438,10.3600,10.9000,10.3200,10.3200,11.4700,9604065,100575060.0000,3,1.396914,1,-10.026200,24.956657,0.546290,13.774095,3.739808,0
2015-08-26,sh.600438,10.6100,10.9400,9.6100,10.1300,10.3200,11425613,118550262.0000,3,1.661859,1,-1.841100,24.497184,0.536233,13.520502,3.670955,0
2015-08-27,sh.600438,10.4000,11.0200,10.1500,11.0000,10.1300,8435663,89704461.0000,3,1.226970,1,8.588400,26.601088,0.582286,14.681690,3.986230,0
2015-08-28,sh.600438,11.0300,11.8200,11.0300,11.7200,11.0000,7702784,87883133.0000,3,1.120372,1,6.545500,28.342250,0.620399,15.642673,4.247146,0
2015-08-31,sh.600438,11.7200,11.7200,10.9600,11.1600,11.7200,5966204,67229976.0000,3,0.867786,1,-4.778200,26.988013,0.590756,14.895242,4.044211,0
2015-09-01,sh.600438,11.0300,11.1500,10.1800,10.2500,11.1600,7118955,74745586.0000,3,1.035454,1,-8.154100,24.787377,0.542585,13.680666,3.714441,0
2015-09-02,sh.600438,9.7000,10.6500,9.6200,9.9200,10.2500,5881614,59335223.0000,3,0.855483,1,-3.219500,23.989345,0.525116,13.240215,3.594854,0
2015-09-07,sh.600438,10.2000,10.6500,10.0200,10.1600,9.9200,3901988,40536995.0000,3,0.567545,1,2.419400,24.569732,0.537821,13.560543,3.681827,0
2015-09-08,sh.600438,10.1100,10.9100,9.9600,10.8900,10.1600,4766204,49788216.0000,3,0.693246,1,7.185000,26.335077,0.576463,14.534873,3.946367,0
2015-09-09,sh.600438,10.9300,11.6500,10.9000,11.4800,10.8900,6897630,77233103.0000,3,1.003262,1,5.417800,27.761863,0.607695,15.322346,4.160174,0
2015-09-10,sh.600438,11.5400,11.8500,11.3100,11.3600,11.4800,7276932,84380359.0000,3,1.058432,1,-1.045300,27.471669,0.601343,15.162182,4.116688,0
2015-09-11,sh.600438,11.2100,11.5500,11.0100,11.2300,11.3600,4525403,50934213.0000,3,0.658221,1,-1.144400,27.157293,0.594461,14.988671,4.069578,0
2015-09-14,sh.600438,11.3200,11.3800,10.1100,10.1100,11.2300,5689211,60185174.0000,3,0.827498,1,-9.973300,24.448818,0.535174,13.493808,3.663707,0
2015-09-15,sh.600438,9.9200,10.2300,9.1800,9.3400,10.1100,5331169,51977930.0000,3,0.775420,1,-7.616200,22.586742,0.494414,12.466090,3.384671,0
2015-09-16,sh.600438,9.3500,10.2700,9.3500,10.2600,9.3400,6430560,62813561.0000,3,0.935327,1,9.850100,24.811560,0.543114,13.694013,3.718065,0
2015-09-17,sh.600438,10.1100,10.5800,9.9100,10.0000,10.2600,6429482,66237927.0000,3,0.935170,1,-2.534100,24.182807,0.529351,13.346991,3.623845,0
2015-09-18,sh.600438,10.0900,10.2500,9.9700,10.1300,10.0000,3553179,35899310.0000,3,0.516811,1,1.300000,24.497184,0.536233,13.520502,3.670955,0
2015-09-21,sh.600438,10.0100,10.6600,9.9900,10.5400,10.1300,4117898,42911139.0000,3,0.598950,1,4.047400,25.488679,0.557936,14.067728,3.819533,0
2015-09-22,sh.600438,10.5400,10.9200,10.5000,10.7200,10.5400,3984187,42731751.0000,3,0.579501,1,1.707800,25.923969,0.567464,14.307974,3.884762,0
2015-09-23,sh.600438,10.5400,10.6800,10.3000,10.3700,10.7200,3240721,33926974.0000,3,0.471364,1,-3.264900,25.077571,0.548937,13.840830,3.757927,0
2015-09-24,sh.600438,10.5000,10.6700,10.3700,10.5300,10.3700,2709319,28504488.0000,3,0.394071,1,1.542900,25.464496,0.557407,14.054381,3.815909,0
2015-09-25,sh.600438,10.4500,10.5600,9.9900,10.0800,10.5300,2821315,28859152.0000,3,0.410361,1,-4.273500,24.376270,0.533586,13.453767,3.652836,0
2015-09-28,sh.600438,10.1900,10.6700,10.0400,10.6500,10.0800,3752627,38559527.0000,3,0.545821,1,5.654800,25.754690,0.563759,14.214545,3.859395,0
2015-09-29,sh.600438,10.5900,11.1000,10.4000,10.8200,10.6500,7733753,83618712.0000,3,1.124877,1,1.596200,26.165797,0.572758,14.441444,3.921000,0
2015-09-30,sh.600438,10.9800,11.0100,10.6300,10.8000,10.8200,3890449,41989718.0000,3,0.565867,1,-0.184800,26.117432,0.571699,14.414750,3.913753,0
2015-10-08,sh.600438,11.3500,11.3500,11.0100,11.2100,10.8000,5781091,64486383.0000,3,0.840862,1,3.796300,27.108927,0.593403,14.961977,4.062330,0
2015-10-09,sh.600438,11.2100,11.4500,11.0300,11.3000,11.2100,4533458,50991383.0000,3,0.659393,1,0.802900,27.326572,0.598167,15.082100,4.094945,0
2015-10-12,sh.600438,11.3500,11.9800,11.3300,11.8400,11.3000,5346753,62746995.0000,3,0.777687,1,4.778800,28.632444,0.626752,15.802837,4.290633,0
2015-10-13,sh.600438,11.7100,12.3000,11.7000,12.0900,11.8400,8321190,100733799.0000,3,1.210320,1,2.111500,29.237014,0.639985,16.136512,4.381229,0
2015-10-14,sh.600438,12.0800,12.3000,11.9500,12.1000,12.0900,5106215,61759820.0000,3,0.742701,1,0.082700,29.261197,0.640515,16.149859,4.384852,0
2015-10-22,sh.600438,11.0000,12.0000,10.9900,11.9700,12.1000,36993275,420047744.0000,3,5.380683,1,-1.074400,28.946820,0.633633,15.976348,4.337742,0
2015-10-23,sh.600438,11.6500,11.8600,11.3300,11.6400,11.9700,27477359,317273072.0000,3,3.996590,1,-2.756900,28.148788,0.616165,15.535897,4.218156,0
2015-10-26,sh.600438,11.7500,11.8500,11.4000,11.8400,11.6400,20136384,234197728.0000,3,2.928843,1,1.718200,28.632444,0.626752,15.802837,4.290633,0
2015-10-27,sh.600438,11.6800,11.8300,11.1000,11.7200,11.8400,16310697,187854223.0000,3,2.372396,1,-1.013500,28.342250,0.620399,15.642673,4.247146,0
2015-10-28,sh.600438,11.6800,11.9500,11.2100,11.3800,11.7200,16811089,195080868.0000,3,2.445178,1,-2.901000,26.568911,0.643984,47.284076,3.695881,0
2015-10-29,sh.600438,11.4600,11.8400,11.2500,11.6800,11.3800,13913294,160777487.0000,3,2.023693,1,2.636200,27.269321,0.660960,48.530581,3.793312,0
2015-10-30,sh.600438,11.6800,12.4200,11.5300,12.1900,11.6800,21623520,258954599.0000,3,3.145148,1,4.366400,28.460019,0.689821,50.649638,3.958944,0
2015-11-02,sh.600438,11.7800,12.8600,11.7000,12.6700,12.1900,26183300,326816208.0000,3,3.808369,1,3.937700,29.580676,0.716984,52.644046,4.114834,0
2015-11-03,sh.600438,12.5300,13.2600,12.5300,12.7900,12.6700,26449015,342570864.0000,3,3.847018,1,0.947100,29.860841,0.723774,53.142648,4.153806,0
2015-11-04,sh.600438,12.6500,13.3000,12.5500,13.2700,12.7900,24053815,311626640.0000,3,3.498635,1,3.752900,30.981498,0.750937,55.137055,4.309696,0
2015-11-05,sh.600438,13.1900,13.2700,12.8500,12.9900,13.2700,17352159,226763187.0000,3,2.523877,1,-2.110000,30.327781,0.735092,53.973651,4.218760,0
2015-11-06,sh.600438,12.9800,13.6000,12.9100,13.2000,12.9900,16978568,225202177.0000,3,2.469538,1,1.616600,30.818069,0.746976,54.846204,4.286962,0
2015-11-09,sh.600438,13.0000,13.3000,12.6800,13.1400,13.2000,16041736,208823464.0000,3,2.333276,1,-0.454500,30.677986,0.743580,54.596903,4.267476,0
2015-11-10,sh.600438,13.0100,13.0900,12.7800,12.9200,13.1400,13811607,178591647.0000,3,2.008903,1,-1.674300,30.164352,0.731131,53.682800,4.196026,0
2015-11-11,sh.600438,12.9200,13.2500,12.8000,13.2200,12.9200,12257991,159573688.0000,3,1.782929,1,2.322000,30.864763,0.748108,54.929304,4.293457,0
2015-11-12,sh.600438,13.2000,13.2000,12.7000,12.8100,13.2200,15570928,200489253.0000,3,2.264796,1,-3.101400,29.907535,0.724906,53.225748,4.160302,0
2015-11-13,sh.600438,12.6200,13.0600,12.4100,12.8700,12.8100,13151737,166735076.0000,3,1.912924,1,0.468400,30.047617,0.728301,53.475049,4.179788,0
2015-11-16,sh.600438,12.6500,13.6900,12.5100,13.6300,12.8700,20342461,271317808.0000,3,2.958817,1,5.905200,31.821991,0.771309,56.632861,4.426613,0
2015-11-17,sh.600438,13.6500,13.7800,13.2800,13.6300,13.6300,15119080,204404104.0000,3,2.199075,1,0.000000,31.821991,0.771309,56.632861,4.426613,0
2015-11-18,sh.600438,13.5100,13.8300,13.3000,13.3700,13.6300,10424434,141849902.0000,3,1.516237,1,-1.907600,31.214968,0.756596,55.552557,4.342173,0
2015-11-19,sh.600438,13.2500,13.7300,13.2100,13.6400,13.3700,9455298,127914732.0000,3,1.375276,1,2.019400,31.845338,0.771875,56.674411,4.429861,0
2015-11-20,sh.600438,13.7000,14.1200,13.6300,14.1100,13.6400,16097732,224264424.0000,3,2.341420,1,3.445700,32.942648,0.798472,58.627268,4.582502,0
2015-11-23,sh.600438,14.1300,14.3500,13.4500,13.6800,14.1100,15876341,219972662.0000,3,2.309219,1,-3.047500,31.938726,0.774139,56.840611,4.442851,0
2015-11-24,sh.600438,13.7900,13.7900,13.2700,13.5600,13.6800,9203346,123908574.0000,3,1.338630,1,-0.877200,31.658561,0.767348,56.342010,4.403879,0
2015-11-25,sh.600438,13.4000,13.9800,13.3000,13.9500,13.5600,10910592,149192942.0000,3,1.586949,1,2.876100,32.569095,0.789418,57.962466,4.530539,0
2015-11-26,sh.600438,13.9500,14.0500,13.6300,13.8900,13.9500,11060462,153306394.0000,3,1.608748,1,-0.430100,32.429013,0.786022,57.713165,4.511053,0
2015-11-27,sh.600438,13.9700,13.9700,12.5000,12.5700,13.8900,11340796,149803078.0000,3,1.649522,1,-9.503200,29.347206,0.711325,52.228544,4.082357,0
2015-11-30,sh.600438,12.4600,13.0000,12.3500,12.9600,12.5700,10550785,134596023.0000,3,1.534615,1,3.102600,30.257740,0.733394,53.849000,4.209017,0
2015-12-01,sh.600438,12.8300,13.0800,12.7000,12.9800,12.9600,6811316,87949116.0000,3,0.990708,1,0.154300,30.304434,0.734526,53.932101,4.215513,0
2015-12-02,sh.600438,12.8900,13.0800,12.5400,12.9900,12.9800,5055402,65168771.0000,3,0.735310,1,0.077000,30.327781,0.735092,53.973651,4.218760,0
2015-12-03,sh.600438,13.0000,13.2500,13.0000,13.2000,12.9900,4738973,62191297.0000,3,0.689285,1,1.616600,30.818069,0.746976,54.846204,4.286962,0
2015-12-04,sh.600438,13.2300,14.0000,13.1300,13.7700,13.2000,15004919,204971057.0000,3,2.182470,1,4.318200,32.148849,0.779232,57.214563,4.472081,0
2015-12-07,sh.600438,13.9000,14.1400,13.7600,13.8400,13.7700,12771841,177862577.0000,3,1.857668,1,0.508300,32.312278,0.783193,57.505414,4.494815,0
2015-12-08,sh.600438,13.7600,13.7600,13.2400,13.3800,13.8400,8357138,112205018.0000,3,1.215548,1,-3.323700,31.238315,0.757162,55.594107,4.345420,0
2015-12-09,sh.600438,13.4000,13.5500,13.2500,13.3500,13.3800,4487036,60066143.0000,3,0.652641,1,-0.224200,31.168274,0.755464,55.469456,4.335677,0
2015-12-10,sh.600438,13.3300,13.4000,12.9300,13.0300,13.3500,7258274,95636273.0000,3,1.055718,1,-2.397000,30.421169,0.737356,54.139851,4.231751,0
2015-12-11,sh.600438,13.0600,13.3300,12.7200,13.2300,13.0300,6502263,84825257.0000,3,0.945756,1,1.534900,30.888110,0.748673,54.970855,4.296705,0
2015-12-14,sh.600438,13.0000,13.6800,12.8800,13.6600,13.2300,7557625,101809888.0000,3,1.099259,1,3.250200,31.892032,0.773007,56.757511,4.436356,0
2015-12-15,sh.600438,13.6500,13.8900,13.5000,13.6500,13.6600,7709994,105513720.0000,3,1.121421,1,-0.073200,31.868685,0.772441,56.715961,4.433108,0
2015-12-16,sh.600438,13.6500,13.9900,13.6000,13.8700,13.6500,8383615,116001325.0000,3,1.219399,1,1.611700,32.382319,0.784890,57.630064,4.504558,0
2015-12-24,sh.600438,14.8000,14.9900,14.3000,14.5500,13.8700,23787235,347711280.0000,3,3.459861,1,4.902700,33.969917,0.823371,60.455475,4.725401,0
2015-12-25,sh.600438,14.5200,15.2800,14.3300,15.2400,14.5500,19497490,292397504.0000,3,2.835916,1,4.742300,35.580861,0.862418,63.322436,4.949492,0
2015-12-28,sh.600438,15.0300,15.6500,14.8000,15.1900,15.2400,18990441,287300512.0000,3,2.762166,1,-0.328100,35.464126,0.859588,63.114685,4.933254,0
2015-12-29,sh.600438,15.1900,15.1900,14.5700,14.7600,15.1900,9355053,138292798.0000,3,1.360695,1,-2.830800,34.460204,0.835255,61.328028,4.793603,0
2015-12-30,sh.600438,14.8100,14.9700,14.5500,14.6600,14.7600,7554800,111086453.0000,3,1.098848,1,-0.677500,34.226734,0.829596,60.912527,4.761126,0
2015-12-31,sh.600438,14.6600,14.8000,14.1500,14.2100,14.6600,8300563,119504522.0000,3,1.207319,1,-3.069600,33.176118,0.804131,59.042770,4.614979,0
2016-01-04,sh.600438,14.2100,14.2600,12.8000,12.8900,14.2100,7286434,97670275.0000,3,1.059814,1,-9.289200,30.094311,0.729433,53.558149,4.186283,0
2016-01-05,sh.600438,12.1000,12.9000,11.9400,12.4000,12.8900,9001485,111801176.0000,3,1.309269,1,-3.801400,28.950307,0.701705,51.522192,4.027146,0
2016-01-06,sh.600438,12.5600,12.7700,12.4400,12.7200,12.4000,6836343,86252512.0000,3,0.994348,1,2.580700,29.697412,0.719813,52.851797,4.131072,0
2016-01-07,sh.600438,12.7000,12.7000,11.4500,11.5000,12.7200,2506599,30250792.0000,3,0.364586,1,-9.591200,26.849075,0.650774,47.782678,3.734853,0
2016-01-08,sh.600438,11.8100,12.1800,11.0000,11.7400,11.5000,7677367,90824630.0000,3,1.116675,1,2.087000,27.409403,0.664356,48.779881,3.812798,0
2016-01-11,sh.600438,11.6000,12.6900,11.5000,11.8700,11.7400,10134108,122929526.0000,3,1.474009,1,1.107300,27.712915,0.671712,49.320034,3.855018,0
2016-01-12,sh.600438,11.9800,12.4200,11.7800,12.3400,11.8700,8766665,106444515.0000,3,1.275114,1,3.959600,28.810225,0.698309,51.272891,4.007660,0
2016-01-13,sh.600438,12.3900,12.6600,12.2000,12.3200,12.3400,9916911,123068928.0000,3,1.442418,1,-0.162100,28.763531,0.697177,51.189790,4.001164,0
2016-01-14,sh.600438,11.8900,12.6800,11.7300,12.6200,12.3200,7792873,96496562.0000,3,1.133476,1,2.435100,29.463941,0.714154,52.436295,4.098595,0
2016-01-15,sh.600438,12.5000,12.6000,11.8000,11.9200,12.6200,7196984,87547891.0000,3,1.046804,1,-5.546700,27.829650,0.674542,49.527784,3.871257,0
2016-01-18,sh.600438,11.6500,12.1800,11.5300,11.9800,11.9200,5191827,61838084.0000,3,0.755153,1,0.503400,27.969732,0.677937,49.777085,3.890743,0
2016-01-19,sh.600438,11.9800,12.3600,11.8500,12.3300,11.9800,5950241,72190898.0000,3,0.865464,1,2.921500,28.786878,0.697743,51.231341,4.004412,0
2016-01-20,sh.600438,12.2500,12.3300,11.9100,12.0200,12.3300,4955820,60139992.0000,3,0.720826,1,-2.514200,28.063120,0.680201,49.943286,3.903733,0
2016-01-21,sh.600438,11.8700,12.1300,11.0600,11.2500,12.0200,5430773,63963177.0000,3,0.789908,1,-6.406000,26.265399,0.636627,46.743924,3.653661,0
2016-01-22,sh.600438,11.5000,11.5800,11.1600,11.4900,11.2500,3725498,42448817.0000,3,0.541875,1,2.133300,26.825728,0.650208,47.741128,3.731605,0
2016-01-25,sh.600438,11.6300,12.0200,11.6000,11.8600,11.4900,4956921,58912671.0000,3,0.720986,1,3.220200,27.689568,0.671146,49.278483,3.851770,0
2016-01-26,sh.600438,11.4500,12.0200,10.8500,11.1200,11.8600,7464882,87036179.0000,3,1.085769,1,-6.239500,25.961888,0.629271,46.203772,3.611441,0
2016-01-27,sh.600438,11.2500,11.5500,10.8200,11.4100,11.1200,5569676,61814034.0000,3,0.810111,1,2.607900,26.638952,0.645681,47.408726,3.705624,0
2016-01-28,sh.600438,11.4500,11.6800,11.2800,11.3400,11.4100,4739104,54393047.0000,3,0.689304,1,-0.613500,26.475523,0.641720,47.117875,3.682890,0
2016-01-29,sh.600438,11.2600,11.9600,11.2600,11.8600,11.3400,8564980,100470174.0000,3,1.245779,1,4.585500,27.689568,0.671146,49.278483,3.851770,0
2016-02-01,sh.600438,12.0000,12.7000,11.8800,12.3300,11.8600,8708568,107452848.0000,3,1.266664,1,3.962900,28.786878,0.697743,51.231341,4.004412,0
2016-02-02,sh.600438,12.4900,12.9600,12.3400,12.8300,12.3300,6771812,86360759.0000,3,0.984962,1,4.055200,29.954229,0.726038,53.308848,4.166797,0
2016-02-03,sh.600438,12.8000,13.9800,12.5100,13.8100,12.8300,11575568,154409461.0000,3,1.683670,1,7.638400,32.242237,0.781495,57.380763,4.485072,0
2016-05-05,sh.600438,15.1900,15.1900,14.0000,14.1600,13.8100,27631025,399918400.0000,3,4.018941,1,2.534400,40.459760,1.074918,-13.200740,3.392135,0
2016-05-06,sh.600438,14.1600,14.2500,12.8200,13.0900,14.1600,20872562,281313488.0000,3,3.035921,1,-7.556500,37.402420,0.993692,-12.203227,3.135808,0
2016-05-09,sh.600438,13.0700,13.0700,12.5000,12.9600,13.0900,8652194,110305049.0000,3,1.258464,1,-0.993100,37.030967,0.983823,-12.082033,3.104666,0
2016-05-10,sh.600438,12.9000,12.9700,12.5600,12.7400,12.9600,3697167,47189105.0000,3,0.537754,1,-1.697500,36.402355,0.967122,-11.876937,3.051963,0
2016-05-11,sh.600438,12.7500,13.1400,12.6700,13.0000,12.7400,7316538,94779940.0000,3,1.064193,1,2.040800,37.145260,0.986860,-12.119324,3.114248,0
2016-05-12,sh.600438,12.7400,12.8000,12.2000,12.4600,13.0000,6381601,79305327.0000,3,0.928206,1,-4.153800,35.602303,0.945867,-11.615906,2.984887,0
2016-05-13,sh.600438,12.6800,13.4900,12.4800,13.4500,12.4600,10305244,133893557.0000,3,1.498901,1,7.945400,38.431058,1.021020,-12.538839,3.222049,0
2016-05-16,sh.600438,13.5500,13.7000,13.2200,13.6200,13.4500,10241004,138207938.0000,3,1.489557,1,1.263900,38.916803,1.033925,-12.697322,3.262774,0
2016-05-17,sh.600438,13.6900,13.7600,13.0000,13.1900,13.6200,9215117,123950389.0000,3,1.340342,1,-3.157100,37.688152,1.001283,-12.296452,3.159764,0
2016-05-18,sh.600438,13.0600,13.0600,12.5100,12.7700,13.1900,6732077,85784974.0000,3,0.979183,1,-3.184200,36.488075,0.969400,-11.904905,3.059150,0
2016-05-19,sh.600438,6.4100,6.6800,6.4100,6.4800,6.3300,7675037,50278731.0000,3,0.558168,1,2.369700,37.030967,0.983823,-12.082033,3.104666,0
2016-05-20,sh.600438,6.2500,6.6000,6.1700,6.4200,6.4800,12862530,82047592.0000,3,0.935430,1,-0.925900,36.688088,0.974714,-11.970163,3.075919,0
2016-05-23,sh.600438,6.3600,6.5600,6.3200,6.4300,6.4200,9826370,63446771.0000,3,0.714624,1,0.155800,36.745234,0.976232,-11.988808,3.080710,0
2016-05-24,sh.600438,6.4200,6.4600,6.1200,6.1900,6.4300,10017047,62532904.0000,3,0.728491,1,-3.732500,35.373717,0.939794,-11.541325,2.965722,0
2016-05-25,sh.600438,6.2400,6.3800,6.1200,6.2100,6.1900,10418360,65279204.0000,3,0.757677,1,0.323100,35.488010,0.942831,-11.578615,2.975305,0
2016-05-26,sh.600438,6.2100,6.2500,5.9500,6.1100,6.2100,8469835,51399430.0000,3,0.615970,1,-1.610300,34.916545,0.927648,-11.392164,2.927393,0
2016-05-27,sh.600438,6.0900,6.1300,5.9900,6.0000,6.1100,6120642,36996989.0000,3,0.445125,1,-1.800300,34.287932,0.910947,-11.187068,2.874690,0
2016-05-30,sh.600438,5.9500,6.4600,5.8700,6.4400,6.0000,11377208,69521418.0000,3,0.827409,1,7.333300,36.802381,0.977750,-12.007453,3.085501,0
2016-05-31,sh.600438,6.3500,6.7600,6.3100,6.6800,6.4400,22435554,147113063.0000,3,1.631629,1,3.726700,38.173898,1.014188,-12.454936,3.200489,0
2016-06-01,sh.600438,6.7500,6.7500,6.6000,6.6400,6.6800,14598734,97324228.0000,3,1.061695,1,-0.598800,37.945312,1.008115,-12.380355,3.181324,0
2016-06-02,sh.600438,6.9700,7.0800,6.8000,6.8500,6.6400,33600053,232672641.0000,3,2.443569,1,3.162700,39.145390,1.039998,-12.771903,3.281938,0
2016-06-03,sh.600438,6.9100,6.9800,6.8000,6.8400,6.8500,17358359,119327893.0000,3,1.262389,1,-0.146000,39.088243,1.038480,-12.753257,3.277147,0
2016-06-06,sh.600438,6.8200,6.8800,6.6900,6.7300,6.8400,12429706,83863156.0000,3,0.903952,1,-1.608200,38.459631,1.021779,-12.548161,3.224444,0
2016-06-07,sh.600438,6.7400,6.8200,6.7200,6.8000,6.7300,10166339,68696770.0000,3,0.739349,1,1.040100,38.859657,1.032407,-12.678677,3.257982,0
2016-06-08,sh.600438,6.7800,6.7800,6.6500,6.7500,6.8000,8580771,57537906.0000,3,0.624038,1,-0.735300,38.573924,1.024816,-12.585451,3.234027,0
2016-06-13,sh.600438,6.7000,6.7400,6.4000,6.4200,6.7500,10950191,72142867.0000,3,0.796354,1,-4.888900,36.688088,0.974714,-11.970163,3.075919,0
2016-06-14,sh.600438,6.4100,6.4600,6.1800,6.3000,6.4200,8558886,53922061.0000,3,0.622446,1,-1.869200,36.002329,0.956495,-11.746421,3.018425,0
2016-06-15,sh.600438,6.1600,6.5300,6.1600,6.4700,6.3000,10565485,67663976.0000,3,0.768377,1,2.698400,36.973821,0.982305,-12.063388,3.099874,0
2016-06-16,sh.600438,6.4100,6.5300,6.3100,6.3500,6.4700,6098197,39133952.0000,3,0.443492,1,-1.854700,36.288062,0.964086,-11.839647,3.042381,0
2016-06-17,sh.600438,6.3500,6.5300,6.3500,6.4200,6.3500,5119136,32972123.0000,3,0.372290,1,1.102400,36.688088,0.974714,-11.970163,3.075919,0
2016-06-20,sh.600438,6.4200,6.6400,6.3500,6.6000,6.4200,10337548,67826339.0000,3,0.751800,1,2.803700,37.716726,1.002042,-12.305775,3.162159,0
2016-06-21,sh.600438,6.6700,6.7000,6.3400,6.3900,6.6000,8055736,52413002.0000,3,0.585855,1,-3.181800,36.516648,0.970159,-11.914227,3.061545,0
2016-06-22,sh.600438,6.3800,6.4400,6.3500,6.3900,6.3900,4811901,30745174.0000,3,0.349946,1,0.000000,36.516648,0.970159,-11.914227,3.061545,0
2016-06-23,sh.600438,6.4300,6.4300,6.2700,6.3200,6.3900,4918699,31154350.0000,3,0.357713,1,-1.095500,36.116622,0.959531,-11.783712,3.028007,0
2016-06-24,sh.600438,6.3100,6.3500,6.0100,6.1700,6.3200,7841028,48449619.0000,3,0.570240,1,-2.373400,35.259424,0.936758,-11.504035,2.956140,0
2016-06-27,sh.600438,6.1300,6.2600,6.0800,6.2500,6.1700,5276247,32802321.0000,3,0.383716,1,1.296600,41.643156,1.106358,-13.586845,3.491350,0
2016-06-28,sh.600438,6.2400,6.3200,6.1400,6.3100,6.2500,7823229,48583472.0000,3,0.568946,1,0.960000,42.042930,1.116979,-13.717278,3.524867,0
2016-06-29,sh.600438,6.3300,6.4200,6.3200,6.3500,6.3100,10663254,67952469.0000,3,0.775487,1,0.633900,42.309447,1.124060,-13.804234,3.547212,0
2016-06-30,sh.600438,6.3700,6.4200,6.3000,6.3600,6.3500,5260357,33444383.0000,3,0.382560,1,0.157500,42.376076,1.125830,-13.825973,3.552798,0
2016-07-01,sh.600438,6.4000,6.4200,6.2700,6.3200,6.3600,5064855,32086651.0000,3,0.368342,1,-0.628900,42.109559,1.118749,-13.739017,3.530453,0
2016-07-04,sh.600438,6.2500,6.4800,6.2500,6.4600,6.3200,11141659,71220495.0000,3,0.810279,1,2.215200,43.042366,1.143531,-14.043363,3.608660,0
2016-07-05,sh.600438,6.4600,6.4700,6.3600,6.4000,6.4600,7438754,47599239.0000,3,0.540985,1,-0.928800,42.642592,1.132910,-13.912929,3.575143,0
2016-07-06,sh.600438,6.4000,6.4200,6.3100,6.3500,6.4000,7726428,49046586.0000,3,0.561906,1,-0.781300,42.309447,1.124060,-13.804234,3.547212,0
2016-07-07,sh.600438,6.3600,6.5900,6.3000,6.5400,6.3500,22320857,145007530.0000,3,1.623288,1,2.992100,43.575399,1.157693,-14.217274,3.653349,0
2016-07-08,sh.600438,6.5600,6.6800,6.4600,6.6400,6.5400,19193588,126942348.0000,3,1.395857,1,1.529100,44.241689,1.175395,-14.434664,3.709211,0
2016-07-11,sh.600438,6.6300,6.7600,6.5100,6.6100,6.6400,16683492,110287730.0000,3,1.020885,1,-0.451800,44.041802,1.170084,-14.369447,3.692452,0
2016-07-12,sh.600438,6.6300,6.6700,6.4800,6.6500,6.6100,13043275,85711414.0000,3,0.798135,1,0.605100,44.308318,1.177165,-14.456403,3.714797,0
2016-07-13,sh.600438,6.6800,6.7400,6.5600,6.7400,6.6500,14375413,95668239.0000,3,0.879650,1,1.353400,44.907980,1.193096,-14.652053,3.765072,0
2016-07-14,sh.600438,6.6900,6.7200,6.6500,6.6800,6.7400,7263896,48546676.0000,3,0.444487,1,-0.890200,44.508205,1.182475,-14.521620,3.731555,0
2016-07-15,sh.600438,6.6800,6.7200,6.6300,6.6400,6.6800,5926650,39509362.0000,3,0.362659,1,-0.598800,44.241689,1.175395,-14.434664,3.709211,0
2016-07-18,sh.600438,6.6500,6.8200,6.5100,6.8000,6.6400,17016224,114049369.0000,3,1.041245,1,2.409600,45.307754,1.203717,-14.782487,3.798589,0
2016-07-19,sh.600438,6.7500,6.9000,6.6800,6.8100,6.8000,10197265,69100231.0000,3,0.623984,1,0.147100,45.374383,1.205488,-14.804226,3.804175,0
2016-07-20,sh.600438,6.8100,6.8200,6.6100,6.6200,6.8100,7909221,53229928.0000,3,0.483976,1,-2.790000,44.108431,1.171854,-14.391186,3.698038,0
2016-07-21,sh.600438,6.6300,6.8300,6.5900,6.6700,6.6200,16244587,108890750.0000,3,0.994027,1,0.755300,44.441576,1.180705,-14.499881,3.725969,0
2016-07-22,sh.600438,6.6300,6.6600,6.3200,6.3400,6.6700,22099246,142710652.0000,3,1.352282,1,-4.947500,42.242818,1.122289,-13.782495,3.541626,0
2016-07-25,sh.600438,6.3400,6.3600,6.1800,6.3300,6.3400,12763186,80086439.0000,3,0.780996,1,-0.157700,42.176188,1.120519,-13.760756,3.536040,0
2016-07-26,sh.600438,6.3000,6.4800,6.2700,6.4500,6.3300,12632601,81150775.0000,3,0.773005,1,1.895700,42.975737,1.141761,-14.021624,3.603073,0
2016-07-27,sh.600438,6.4400,6.4700,5.8800,6.0000,6.4500,21400331,130047370.0000,3,1.309514,1,-6.976700,39.977430,1.062104,-13.043371,3.351696,0
2016-07-28,sh.600438,6.0100,6.0400,5.8100,5.9500,6.0000,11879126,70375175.0000,3,0.726899,1,-0.833300,39.644285,1.053253,-12.934676,3.323765,0
2016-07-29,sh.600438,5.9600,6.0400,5.9100,5.9800,5.9500,7251769,43378753.0000,3,0.443745,1,0.504200,39.844172,1.058563,-12.999893,3.340524,0
2016-08-01,sh.600438,5.9900,5.9900,5.8100,5.8800,5.9800,5705268,33515181.0000,3,0.349113,1,-1.672200,39.177881,1.040861,-12.782504,3.284662,0
2016-08-02,sh.600438,5.9000,6.0400,5.8800,5.9600,5.8800,6116300,36429495.0000,3,0.374264,1,1.360500,39.710914,1.055023,-12.956415,3.329352,0
2016-08-03,sh.600438,5.9200,6.0200,5.9200,5.9500,5.9600,3226539,19251734.0000,3,0.197436,1,-0.167800,39.644285,1.053253,-12.934676,3.323765,0
2016-08-04,sh.600438,5.9500,5.9900,5.9200,5.9700,5.9500,3439046,20494752.0000,3,0.210440,1,0.336100,39.777543,1.056793,-12.978154,3.334938,0
2016-08-05,sh.600438,5.9700,6.0700,5.9400,6.0400,5.9700,5517465,33117296.0000,3,0.337621,1,1.172500,40.243946,1.069184,-13.130327,3.374041,0
2016-08-08,sh.600438,6.0500,6.1600,5.9600,6.1400,6.0400,9014373,54987904.0000,3,0.551601,1,1.655600,40.910237,1.086886,-13.347716,3.429902,0
2016-08-09,sh.600438,6.1800,6.2900,6.1400,6.2300,6.1400,8705893,54336091.0000,3,0.532725,1,1.465800,41.509898,1.102818,-13.543367,3.480178,0
2016-08-10,sh.600438,6.2200,6.2800,6.1500,6.1700,6.2300,4846067,30072767.0000,3,0.296537,1,-0.963100,41.110124,1.092196,-13.412933,3.446661,0
2016-08-11,sh.600438,6.1700,6.2000,6.0400,6.0400,6.1700,5848792,35676103.0000,3,0.357895,1,-2.107000,40.243946,1.069184,-13.130327,3.374041,0
2016-08-12,sh.600438,6.0500,6.2200,6.0000,6.1900,6.0400,6955291,42425333.0000,3,0.425603,1,2.483400,41.243382,1.095737,-13.456411,3.457833,0
2016-08-15,sh.600438,6.2000,6.4000,6.1800,6.3600,6.1900,13044252,82568952.0000,3,0.798195,1,2.746400,42.376076,1.125830,-13.825973,3.552798,0
2016-08-16,sh.600438,6.3800,6.3900,6.2900,6.3700,6.3600,8434322,53461656.0000,3,0.516107,1,0.157200,42.442705,1.127600,-13.847712,3.558384,0
2016-08-17,sh.600438,6.3700,6.4000,6.3200,6.3300,6.3700,4817972,30633539.0000,3,0.294818,1,-0.627900,42.176188,1.120519,-13.760756,3.536040,0
2016-08-25,sh.600438,6.5000,6.7500,6.3800,6.5900,6.3300,42672698,280286048.0000,3,2.611198,1,4.107400,43.908544,1.166544,-14.325969,3.681280,0
2016-08-26,sh.600438,6.5100,6.6400,6.4000,6.5000,6.5900,22243960,144616598.0000,3,1.361137,1,-1.365700,43.308882,1.150612,-14.130319,3.631004,0
2016-08-29,sh.600438,6.4300,6.4700,6.3100,6.3700,6.5000,14401148,91752839.0000,3,0.881225,1,-2.000000,42.442705,1.127600,-13.847712,3.558384,0
2016-08-30,sh.600438,6.3800,6.4100,6.2200,6.3000,6.3700,9348227,58879064.0000,3,0.572030,1,-1.098900,32.311495,1.105651,15.629911,2.388710,0
2016-08-31,sh.600438,6.3300,6.3500,6.2400,6.3000,6.3000,6118413,38461487.0000,3,0.374394,1,0.000000,32.311495,1.105651,15.629911,2.388710,0
2016-09-01,sh.600438,6.2800,6.3500,6.2800,6.2800,6.3000,8530588,53879284.0000,3,0.521998,1,-0.317500,32.208919,1.102141,15.580292,2.381126,0
2016-09-02,sh.600438,6.2600,6.3300,6.2500,6.3100,6.2800,5809643,36560145.0000,3,0.355500,1,0.477700,32.362783,1.107406,15.654720,2.392501,0
2016-09-05,sh.600438,6.3200,6.3700,6.2700,6.2900,6.3100,8667143,54674148.0000,3,0.530354,1,-0.316957,32.260207,1.103896,15.605101,2.384918,0
2016-09-06,sh.600438,6.3100,6.3300,6.1900,6.3200,6.2900,11244899,70479601.0000,3,0.688090,1,0.476951,32.414071,1.109161,15.679529,2.396293,0
2016-09-07,sh.600438,6.3300,6.3500,6.2900,6.2900,6.3200,8585611,54244158.0000,3,0.525365,1,-0.474687,32.260207,1.103896,15.605101,2.384918,0
2016-09-08,sh.600438,6.2900,6.3100,6.2300,6.2500,6.2900,6183983,38729090.0000,3,0.378406,1,-0.635930,32.055055,1.096876,15.505864,2.369752,0
2016-09-09,sh.600438,6.2400,6.2800,6.1100,6.1200,6.2500,9905567,61386895.0000,3,0.606135,1,-2.080002,31.388309,1.074061,15.183342,2.320461,0
2016-09-12,sh.600438,6.0600,6.1200,5.8900,5.9300,6.1200,15412725,92649357.0000,3,0.943125,1,-3.104576,30.413836,1.040716,14.711963,2.248420,0
2016-09-13,sh.600438,6.0500,6.0900,6.0000,6.0600,5.9300,8491950,51317919.0000,3,0.519633,1,2.192245,31.080581,1.063531,15.034485,2.297711,0
2016-09-14,sh.600438,6.0300,6.0700,5.9400,6.0200,6.0600,8034390,48255786.0000,3,0.491635,1,-0.660065,30.875429,1.056511,14.935248,2.282545,0
2016-09-19,sh.600438,6.0300,6.1000,6.0200,6.0800,6.0200,7360024,44602645.0000,3,0.450369,1,0.996677,31.183157,1.067041,15.084104,2.305294,0
2016-09-20,sh.600438,6.0900,6.1200,6.0200,6.1100,6.0800,5246179,31864888.0000,3,0.321021,1,0.493424,31.337021,1.072306,15.158532,2.316669,0
2016-09-21,sh.600438,6.1200,6.1300,6.0300,6.0500,6.1100,5824868,35435767.0000,3,0.356431,1,-0.981996,31.029293,1.061776,15.009676,2.293920,0
2016-09-22,sh.600438,6.0800,6.2700,6.0600,6.2000,6.0500,15354881,94772959.0000,3,0.939585,1,2.479332,31.798614,1.088101,15.381817,2.350794,0
2016-09-23,sh.600438,6.2100,6.2500,6.1400,6.1800,6.2000,6742142,41677542.0000,3,0.412560,1,-0.322580,31.696038,1.084591,15.332198,2.343210,0
2016-09-26,sh.600438,6.1800,6.1800,6.0600,6.0700,6.1800,5548670,33957643.0000,3,0.339530,1,-1.779930,31.131869,1.065286,15.059295,2.301503,0
2016-09-27,sh.600438,6.0600,6.1000,6.0100,6.0900,6.0700,4970671,30094855.0000,3,0.304162,1,0.329489,31.234445,1.068796,15.108914,2.309086,0
2016-09-28,sh.600438,6.0900,6.1400,6.0100,6.0700,6.0900,8768764,53193463.0000,3,0.536572,1,-0.328407,31.131869,1.065286,15.059295,2.301503,0
2016-09-29,sh.600438,6.0900,6.0900,6.0200,6.0300,6.0700,5962752,36046937.0000,3,0.364869,1,-0.658978,30.926717,1.058266,14.960057,2.286336,0
2016-09-30,sh.600438,6.0500,6.0900,6.0000,6.0300,6.0300,6588828,39779861.0000,3,0.403179,1,0.000000,30.926717,1.058266,14.960057,2.286336,0
2016-10-10,sh.600438,6.0500,6.1500,6.0200,6.1400,6.0300,9316247,56781970.0000,3,0.570073,1,1.824206,31.490886,1.077571,15.232960,2.328044,0
2016-10-11,sh.600438,6.1300,6.2300,6.1100,6.1600,6.1400,11774776,72607146.0000,3,0.720514,1,0.325733,31.593462,1.081081,15.282579,2.335627,0
2016-10-12,sh.600438,6.1200,6.1600,6.0900,6.1500,6.1600,6311095,38671691.0000,3,0.386184,1,-0.162334,43.370197,1.484063,20.979292,3.206252,0
2016-10-13,sh.600438,6.1600,6.1600,6.0800,6.0800,6.1500,6851328,41800859.0000,3,0.419242,1,-1.138214,42.876553,1.467172,20.740504,3.169759,0
2016-10-14,sh.600438,6.0800,6.1200,6.0400,6.0900,6.0800,6801025,41454441.0000,3,0.416164,1,0.164477,42.947073,1.469585,20.774616,3.174972,0
2016-10-17,sh.600438,6.1100,6.1100,5.9900,6.0000,6.0900,14763317,89074411.0000,3,0.903387,1,-1.477835,42.312387,1.447867,20.467602,3.128051,0
2016-10-18,sh.600438,6.0300,6.0300,5.9100,6.0100,6.0000,17306983,103288116.0000,3,1.059037,1,0.166670,42.382908,1.450280,20.501715,3.133265,0
2016-10-19,sh.600438,6.0200,6.0200,5.9500,5.9700,6.0100,7296860,43652369.0000,3,0.446504,1,-0.665565,42.100825,1.440627,20.365264,3.112411,0
2016-10-20,sh.600438,5.9900,6.1300,5.9600,6.0900,5.9700,16195448,98272738.0000,3,0.991021,1,2.010056,42.947073,1.469585,20.774616,3.174972,0
2016-10-21,sh.600438,6.1200,6.1500,6.0700,6.1100,6.0900,16660577,101796732.0000,3,1.019482,1,0.328407,43.088115,1.474411,20.842842,3.185399,0
2016-10-24,sh.600438,6.1100,6.1300,6.0600,6.1200,6.1100,15493074,94471049.0000,3,0.948041,1,0.163662,43.158635,1.476824,20.876954,3.190612,0
2016-10-25,sh.600438,6.1500,6.1700,6.1200,6.1600,6.1200,14025780,86161444.0000,3,0.858256,1,0.653594,43.440718,1.486477,21.013405,3.211466,0
2016-10-26,sh.600438,6.1500,6.1500,6.0000,6.0600,6.1600,12582415,76491847.0000,3,0.769934,1,-1.623375,42.735511,1.462345,20.672278,3.159332,0
2016-10-27,sh.600438,6.0600,6.0800,6.0200,6.0600,6.0600,6628900,40135177.0000,3,0.405631,1,0.000000,42.735511,1.462345,20.672278,3.159332,0
2016-10-28,sh.600438,6.0600,6.1100,6.0300,6.0800,6.0600,7455603,45357407.0000,3,0.456218,1,0.330033,42.876553,1.467172,20.740504,3.169759,0
2016-10-31,sh.600438,6.1200,6.1400,6.0200,6.0800,6.0800,13954956,84861167.0000,3,0.853922,1,0.000000,31.299644,1.332205,-296.436683,2.404598,0
2016-11-01,sh.600438,6.0700,6.3500,6.0600,6.3200,6.0800,28945146,180223575.0000,3,1.771191,1,3.947373,32.535156,1.384792,-308.138131,2.499517,0
2016-11-02,sh.600438,6.3300,6.3800,6.2500,6.3000,6.3200,18610102,117451254.0000,3,1.138776,1,-0.316455,32.432197,1.380410,-307.163010,2.491607,0
2016-11-03,sh.600438,6.2600,6.3700,6.2000,6.2400,6.3000,13813058,86881186.0000,3,0.845239,1,-0.952388,32.123319,1.367263,-304.237648,2.467877,0
2016-11-04,sh.600438,6.3100,6.4000,6.2800,6.3400,6.2400,12287245,78107633.0000,3,0.751872,1,1.602570,32.638115,1.389175,-309.113252,2.507426,0
2016-11-07,sh.600438,6.3500,6.3900,6.1900,6.2100,6.3400,16287720,101771267.0000,3,0.996667,1,-2.050475,31.968880,1.360690,-302.774967,2.456012,0
2016-11-08,sh.600438,6.2400,6.2800,6.1900,6.2500,6.2100,8209688,51219254.0000,3,0.502361,1,0.644122,32.174798,1.369455,-304.725209,2.471832,0
2016-11-09,sh.600438,6.2500,6.2600,6.0900,6.1700,6.2500,10286971,63572775.0000,3,0.629473,1,-1.279999,31.762961,1.351926,-300.824726,2.440193,0
2016-11-10,sh.600438,6.1900,6.2400,6.1800,6.2100,6.1700,9163476,56958717.0000,3,0.560725,1,0.648298,31.968880,1.360690,-302.774967,2.456012,0
2016-11-11,sh.600438,6.2000,6.2500,6.1600,6.2400,6.2100,8576661,53272652.0000,3,0.524817,1,0.483088,32.123319,1.367263,-304.237648,2.467877,0
2016-11-14,sh.600438,6.2500,6.2600,6.1800,6.2200,6.2400,13543960,84142736.0000,3,0.828773,1,-0.320512,32.020359,1.362881,-303.262528,2.459967,0
2016-11-15,sh.600438,6.2200,6.2700,6.1900,6.2400,6.2200,11084505,69019199.0000,3,0.678275,1,0.321543,32.123319,1.367263,-304.237648,2.467877,0
2016-11-16,sh.600438,6.2400,6.3300,6.2200,6.2900,6.2400,12885992,80808332.0000,3,0.788511,1,0.801285,32.380717,1.378219,-306.675450,2.487652,0
2016-11-17,sh.600438,6.2900,6.3100,6.2400,6.2800,6.2900,7270530,45494249.0000,3,0.444893,1,-0.158979,32.329237,1.376028,-306.187890,2.483697,0
2016-11-18,sh.600438,6.2700,6.3000,6.1700,6.2000,6.2800,11587596,72286215.0000,3,0.709060,1,-1.273892,31.917400,1.358499,-302.287407,2.452057,0
2016-11-21,sh.600438,6.1800,6.2700,6.1500,6.2000,6.2000,11312410,70191969.0000,3,0.692221,1,0.000000,31.917400,1.358499,-302.287407,2.452057,0
2016-11-22,sh.600438,6.2200,6.2500,6.2000,6.2400,6.2000,8275128,51548792.0000,3,0.506366,1,0.645161,32.123319,1.367263,-304.237648,2.467877,0
2016-11-23,sh.600438,6.2400,6.3100,6.2100,6.2600,6.2400,13640704,85268682.0000,3,0.834692,1,0.320520,32.226278,1.371646,-305.212769,2.475787,0
2016-11-24,sh.600438,6.2500,6.2600,6.1900,6.2000,6.2600,6941127,43201735.0000,3,0.424737,1,-0.958473,31.917400,1.358499,-302.287407,2.452057,0
2016-11-25,sh.600438,6.2100,6.2400,6.1100,6.2300,6.2000,8793022,54255824.0000,3,0.538056,1,0.483874,32.071839,1.365072,-303.750088,2.463922,0
2016-11-28,sh.600438,6.2400,6.3900,6.1900,6.3800,6.2300,21642450,136886530.0000,3,1.324330,1,2.407706,32.844034,1.397939,-311.063493,2.523246,0
2016-11-29,sh.600438,6.3500,6.6800,6.3100,6.5000,6.3800,29746933,194285849.0000,3,1.820253,1,1.880876,33.461790,1.424233,-316.914217,2.570705,0
2016-11-30,sh.600438,6.5200,6.5500,6.4000,6.4400,6.5000,16036169,103655871.0000,3,0.981274,1,-0.923076,33.152912,1.411086,-313.988855,2.546976,0
2016-12-01,sh.600438,6.4400,6.7800,6.4300,6.7200,6.4400,29028872,192912304.0000,3,1.776314,1,4.347822,34.594343,1.472438,-327.640544,2.657714,0
2016-12-02,sh.600438,6.7300,6.7600,6.5500,6.6700,6.7200,17302983,114931276.0000,3,1.058792,1,-0.744043,34.336945,1.461482,-325.202743,2.637939,0
2016-12-05,sh.600438,6.6500,6.7400,6.5400,6.6400,6.6700,11761776,77968435.0000,3,0.719718,1,-0.449778,34.182506,1.454908,-323.740062,2.626074,0
2016-12-06,sh.600438,6.6200,6.6800,6.4900,6.5300,6.6400,13159954,86309587.0000,3,0.805275,1,-1.656621,33.616229,1.430806,-318.376898,2.582570,0
2016-12-07,sh.600438,6.5000,6.5900,6.4900,6.5500,6.5300,9893704,64698355.0000,3,0.605409,1,0.306278,33.719189,1.435188,-319.352019,2.590480,0
2016-12-08,sh.600438,6.5600,6.7000,6.4600,6.5500,6.5500,13419761,88631132.0000,3,0.821173,1,0.000000,33.719189,1.435188,-319.352019,2.590480,0
2016-12-09,sh.600438,6.5500,6.5500,6.4100,6.4700,6.5500,10877314,70393330.0000,3,0.665597,1,-1.221380,33.307351,1.417659,-315.451536,2.558840,0
2016-12-12,sh.600438,6.4800,6.5000,6.1700,6.1900,6.4700,16149143,101993126.0000,3,0.988187,1,-4.327662,31.865920,1.356308,-301.799847,2.448102,0
2016-12-13,sh.600438,6.1800,6.3200,6.1400,6.3000,6.1900,10716777,67109362.0000,3,0.655774,1,1.777062,32.432197,1.380410,-307.163010,2.491607,0
2016-12-14,sh.600438,6.3300,6.3600,6.2400,6.3100,6.3000,8171916,51457634.0000,3,0.500050,1,0.158726,32.483676,1.382601,-307.650571,2.495562,0
2016-12-15,sh.600438,6.2900,6.6400,6.2600,6.5700,6.3100,14956831,97187361.0000,3,0.915228,1,4.120448,33.822148,1.439571,-320.327139,2.598390,0
2016-12-16,sh.600438,6.5700,6.6400,6.4900,6.6300,6.5700,10574886,69625110.0000,3,0.647091,1,0.913241,34.131026,1.452717,-323.252501,2.622119,0
2016-12-19,sh.600438,6.6500,6.7100,6.5700,6.6600,6.6300,11441301,75889822.0000,3,0.700108,1,0.452485,34.285465,1.459291,-324.715182,2.633984,0
2016-12-20,sh.600438,6.6900,6.7400,6.5000,6.5100,6.6600,15842482,104872597.0000,3,0.969422,1,-2.252247,33.513270,1.426424,-317.401777,2.574660,0
2016-12-21,sh.600438,6.5100,6.9700,6.5100,6.8600,6.5100,30691767,208571035.0000,3,1.878069,1,5.376342,35.315059,1.503113,-334.466389,2.713083,0
2016-12-22,sh.600438,6.7900,6.8600,6.7000,6.7900,6.8600,20400542,138077013.0000,3,1.248336,1,-1.020411,34.954701,1.487775,-331.053467,2.685398,0
2016-12-23,sh.600438,6.7800,6.7800,6.5500,6.5800,6.7900,23996524,158661968.0000,3,1.468378,1,-3.092784,33.873628,1.441762,-320.814700,2.602345,0
2016-12-26,sh.600438,6.5700,6.5800,6.3900,6.5500,6.5800,11533313,74852742.0000,3,0.705738,1,-0.455923,33.719189,1.435188,-319.352019,2.590480,0
2016-12-27,sh.600438,6.5500,6.6100,6.4600,6.4900,6.5500,7609456,49536885.0000,3,0.465632,1,-0.916037,33.410311,1.422042,-316.426657,2.566750,0
2016-12-28,sh.600438,6.5000,6.5200,6.3800,6.4300,6.4900,10256390,65842628.0000,3,0.627602,1,-0.924498,37.976009,1.616371,-359.668062,2.917511,0
2016-12-29,sh.600438,6.4200,6.5100,6.3600,6.4200,6.4300,9018228,57977147.0000,3,0.551837,1,-0.155517,37.916949,1.613857,-359.108703,2.912973,0
2016-12-30,sh.600438,6.4200,6.4500,6.3300,6.3700,6.4200,9524859,60818557.0000,3,0.582838,1,-0.778819,37.621645,1.601288,-356.311906,2.890287,0
2017-01-03,sh.600438,6.3700,6.4700,6.3400,6.4600,6.3700,14072633,90217571.0000,3,0.861123,1,1.412875,38.153191,1.623913,-361.346140,2.931123,0
2017-01-04,sh.600438,6.4000,6.4800,6.4000,6.4700,6.4600,10848730,69965688.0000,3,0.663848,1,0.154795,38.212252,1.626426,-361.905500,2.935660,0
2017-01-05,sh.600438,6.4700,6.4700,6.3700,6.3900,6.4700,11049208,70827479.0000,3,0.676115,1,-1.236475,37.739767,1.606316,-357.430625,2.899361,0
2017-01-06,sh.600438,6.3900,6.4500,6.3600,6.3900,6.3900,7757432,49618636.0000,3,0.474687,1,0.000000,37.739767,1.606316,-357.430625,2.899361,0
2017-01-09,sh.600438,6.3900,6.4300,6.2700,6.3500,6.3900,9370887,59336274.0000,3,0.573417,1,-0.625977,37.503524,1.596261,-355.193187,2.881212,0
2017-01-10,sh.600438,6.3100,6.3400,6.2500,6.2600,6.3500,11476660,72165003.0000,3,0.702272,1,-1.417318,36.971978,1.573637,-350.158953,2.840376,0
2017-01-11,sh.600438,6.2500,6.3000,6.2000,6.2100,6.2600,7087763,44285599.0000,3,0.433709,1,-0.798725,36.676675,1.561068,-347.362156,2.817689,0
2017-01-12,sh.600438,6.2200,6.2600,6.1800,6.2100,6.2100,5714293,35556818.0000,3,0.349665,1,0.000000,36.676675,1.561068,-347.362156,2.817689,0
2017-01-13,sh.600438,6.2600,6.2600,5.9800,6.2100,6.2100,20862976,127644046.0000,3,1.276633,1,0.000000,36.676675,1.561068,-347.362156,2.817689,0
2017-01-16,sh.600438,6.1800,6.3400,6.0000,6.3000,6.2100,32250502,200229970.0000,3,1.973450,1,1.449278,37.208221,1.583692,-352.396391,2.858525,0
2017-01-17,sh.600438,6.2100,6.3300,6.1800,6.3000,6.3000,5848731,36641035.0000,3,0.357891,1,0.000000,37.208221,1.583692,-352.396391,2.858525,0
2017-01-18,sh.600438,6.3200,6.3200,6.1800,6.2000,6.3000,5520639,34434004.0000,3,0.337815,1,-1.587308,36.617614,1.558554,-346.802797,2.813152,0
2017-01-19,sh.600438,6.2000,6.2000,6.0900,6.1200,6.2000,5374016,32939765.0000,3,0.328843,1,-1.290321,36.145129,1.538444,-342.327922,2.776853,0
2017-01-20,sh.600438,6.1300,6.2100,6.0800,6.1900,6.1200,10372003,63982013.0000,3,0.634676,1,1.143794,36.558553,1.556040,-346.243438,2.808614,0
2017-01-23,sh.600438,6.2800,6.3200,6.2100,6.2500,6.1900,5614556,35069706.0000,3,0.343562,1,0.969304,36.912917,1.571123,-349.599594,2.835838,0
2017-01-24,sh.600438,6.2500,6.2700,6.1600,6.1800,6.2500,5821700,36161993.0000,3,0.356237,1,-1.120003,36.499493,1.553526,-345.684078,2.804077,0
2017-01-25,sh.600438,6.1600,6.2200,6.1400,6.1900,6.1800,2708086,16757941.0000,3,0.165711,1,0.161816,36.558553,1.556040,-346.243438,2.808614,0
2017-01-26,sh.600438,6.1900,6.2400,6.1900,6.2300,6.1900,3241800,20147237.0000,3,0.198370,1,0.646203,36.794796,1.566095,-348.480875,2.826764,0
2017-02-03,sh.600438,6.2300,6.2500,6.1500,6.1600,6.2300,4325630,26741936.0000,3,0.264691,1,-1.123598,36.381371,1.548499,-344.565360,2.795002,0
2017-02-06,sh.600438,6.1900,6.2300,6.1600,6.2100,6.1600,7021147,43451500.0000,3,0.429633,1,0.811691,36.676675,1.561068,-347.362156,2.817689,0
2017-02-07,sh.600438,6.2100,6.2100,6.1300,6.1600,6.2100,5843019,36025804.0000,3,0.357542,1,-0.805156,36.381371,1.548499,-344.565360,2.795002,0
2017-02-08,sh.600438,6.1700,6.1900,6.1000,6.1900,6.1600,7689790,47225635.0000,3,0.470548,1,0.487016,36.558553,1.556040,-346.243438,2.808614,0
2017-02-09,sh.600438,6.2000,6.2200,6.1600,6.2100,6.1900,7864042,48732101.0000,3,0.481211,1,0.323101,36.676675,1.561068,-347.362156,2.817689,0
2017-02-10,sh.600438,6.2200,6.2400,6.1900,6.2300,6.2100,8337380,51854644.0000,3,0.510175,1,0.322061,36.794796,1.566095,-348.480875,2.826764,0
2017-02-13,sh.600438,6.2300,6.2500,6.2000,6.2400,6.2300,9274703,57749717.0000,3,0.567531,1,0.160510,36.853857,1.568609,-349.040234,2.831301,0
2017-02-14,sh.600438,6.2300,6.2300,6.1500,6.1800,6.2400,8099978,50043696.0000,3,0.495648,1,-0.961538,36.499493,1.553526,-345.684078,2.804077,0
2017-02-15,sh.600438,6.1800,6.1900,6.1000,6.1300,6.1800,8483558,52166356.0000,3,0.519120,1,-0.809057,36.204189,1.540957,-342.887282,2.781390,0
2017-02-16,sh.600438,6.1200,6.1500,6.1000,6.1300,6.1300,6092307,37317759.0000,3,0.372796,1,0.000000,36.204189,1.540957,-342.887282,2.781390,0
2017-02-17,sh.600438,6.1100,6.1300,6.0400,6.0500,6.1300,10397497,63179775.0000,3,0.636236,1,-1.305056,35.731704,1.520847,-338.412407,2.745092,0
2017-02-20,sh.600438,6.0500,6.1200,6.0400,6.0900,6.0500,7195282,43763238.0000,3,0.372065,1,0.661156,35.967947,1.530902,-340.649844,2.763241,0
2017-02-21,sh.600438,6.1100,6.1200,6.0700,6.1100,6.0900,9520366,58006293.0000,3,0.492294,1,0.328407,36.086068,1.535930,-341.768563,2.772316,0
2017-02-22,sh.600438,6.1100,6.2300,6.0900,6.2200,6.1100,14086525,87093368.0000,3,0.728407,1,1.800322,36.735735,1.563581,-347.921516,2.822226,0
2017-02-23,sh.600438,6.2300,6.2400,6.1600,6.1900,6.2200,7237960,44737359.0000,3,0.374271,1,-0.482311,36.558553,1.556040,-346.243438,2.808614,0
2017-02-24,sh.600438,6.1900,6.2700,6.1700,6.2400,6.1900,10736758,66884289.0000,3,0.555193,1,0.807750,36.853857,1.568609,-349.040234,2.831301,0
2017-02-27,sh.600438,6.2500,6.3000,6.1500,6.1700,6.2400,10178885,63309642.0000,3,0.526345,1,-1.121790,36.440432,1.551012,-345.124719,2.799540,0
2017-02-28,sh.600438,6.1700,6.2100,6.1600,6.2100,6.1700,5862151,36270462.0000,3,0.303129,1,0.648298,36.676675,1.561068,-347.362156,2.817689,0
2017-03-01,sh.600438,6.2000,6.2200,6.1700,6.1800,6.2100,8623275,53356084.0000,3,0.445905,1,-0.483095,36.499493,1.553526,-345.684078,2.804077,0
2017-03-02,sh.600438,6.1800,6.2000,6.0900,6.1200,6.1800,10890577,66725495.0000,3,0.563147,1,-0.970873,36.145129,1.538444,-342.327922,2.776853,0
2017-03-03,sh.600438,6.1100,6.1400,6.0800,6.1400,6.1200,5570005,34018293.0000,3,0.288022,1,0.326797,36.263250,1.543471,-343.446641,2.785928,0
2017-03-06,sh.600438,6.1400,6.1500,6.1100,6.1200,6.1400,12318698,75429008.0000,3,0.636994,1,-0.325733,36.145129,1.538444,-342.327922,2.776853,0
2017-03-07,sh.600438,6.1200,6.1400,6.1000,6.1200,6.1200,8439950,51646417.0000,3,0.436426,1,0.000000,36.145129,1.538444,-342.327922,2.776853,0
2017-03-08,sh.600438,6.1300,6.2100,6.1000,6.2000,6.1200,13156404,80954372.0000,3,0.680311,1,1.307188,36.617614,1.558554,-346.802797,2.813152,0
2017-03-09,sh.600438,6.2000,6.2200,6.1200,6.1800,6.2000,11423312,70560370.0000,3,0.590694,1,-0.322580,36.499493,1.553526,-345.684078,2.804077,0
2017-03-10,sh.600438,6.1900,6.4000,6.1600,6.2800,6.1800,28521555,179767715.0000,3,1.474836,1,1.618129,37.090099,1.578664,-351.277672,2.849450,0
2017-03-13,sh.600438,6.6000,6.7900,6.4200,6.5400,6.2800,43416185,283799296.0000,3,2.245030,1,4.140123,38.625677,1.644023,-365.821015,2.967421,0
2017-03-14,sh.600438,6.5500,6.5800,6.3300,6.4100,6.5400,19665833,126517699.0000,3,1.016911,1,-1.987769,37.857888,1.611344,-358.549343,2.908436,0
2017-03-15,sh.600438,6.3700,6.4400,6.3000,6.4200,6.4100,17377018,110717642.0000,3,0.898557,1,0.156010,37.916949,1.613857,-359.108703,2.912973,0
2017-03-16,sh.600438,6.3900,6.6400,6.3700,6.5100,6.4200,20212707,131169574.0000,3,1.045189,1,1.401872,38.448495,1.636482,-364.142937,2.953809,0
2017-03-17,sh.600438,6.4800,6.7500,6.4500,6.5100,6.5100,23042705,152039762.0000,3,1.191527,1,0.000000,38.448495,1.636482,-364.142937,2.953809,0
2017-03-20,sh.600438,6.4700,6.5700,6.3800,6.4300,6.5100,11945812,77051365.0000,3,0.617712,1,-1.228885,37.976009,1.616371,-359.668062,2.917511,0
2017-03-21,sh.600438,6.4900,6.5300,6.4000,6.4800,6.4300,11558869,74626422.0000,3,0.597704,1,0.777608,38.271313,1.628940,-362.464859,2.940197,0
2017-03-22,sh.600438,6.4400,6.4500,6.3000,6.3700,6.4800,11678881,74343280.0000,3,0.603909,1,-1.697533,37.621645,1.601288,-356.311906,2.890287,0
2017-03-23,sh.600438,6.3500,6.6600,6.3300,6.5600,6.3700,23908100,155892704.0000,3,1.236276,1,2.982733,38.743798,1.649051,-366.939734,2.976496,0
2017-03-24,sh.600438,6.5600,6.6300,6.4000,6.4600,6.5600,14926198,97086886.0000,3,0.771827,1,-1.524389,38.153191,1.623913,-361.346140,2.931123,0
2017-03-27,sh.600438,6.4300,6.5100,6.4300,6.4700,6.4600,9345450,60439250.0000,3,0.483249,1,0.154795,38.212252,1.626426,-361.905500,2.935660,0
2017-03-28,sh.600438,6.4800,6.4900,6.3700,6.3900,6.4700,9136226,58455308.0000,3,0.472430,1,-1.236475,37.739767,1.606316,-357.430625,2.899361,0
2017-03-29,sh.600438,6.4000,6.4100,6.3200,6.3400,6.3900,9617407,61169914.0000,3,0.497312,1,-0.782468,37.444463,1.593747,-354.633828,2.876675,0
2017-03-30,sh.600438,6.3400,6.3500,6.1700,6.1900,6.3400,13874520,86496730.0000,3,0.717445,1,-2.365932,36.558553,1.556040,-346.243438,2.808614,0
2017-03-31,sh.600438,6.1800,6.3200,6.1800,6.2700,6.1900,7855276,48967514.0000,3,0.406193,1,1.292406,37.031039,1.576150,-350.718313,2.844913,0
2017-04-05,sh.600438,6.2500,6.4500,6.2500,6.4100,6.2700,17798054,113588244.0000,3,0.920329,1,2.232853,37.857888,1.611344,-358.549343,2.908436,0
2017-04-06,sh.600438,6.3900,6.6700,6.3700,6.5800,6.4100,28138917,184121246.0000,3,1.455050,1,2.652107,38.861919,1.654078,-368.058452,2.985571,0
2017-04-07,sh.600438,6.5700,6.6000,6.4800,6.5100,6.5800,15330191,100276012.0000,3,0.792717,1,-1.063825,38.448495,1.636482,-364.142937,2.953809,0
2017-04-10,sh.600438,6.5000,6.6000,6.4600,6.5300,6.5100,11298744,73701903.0000,3,0.584253,1,0.307219,38.566616,1.641509,-365.261656,2.962884,0
2017-04-11,sh.600438,6.5300,6.5500,6.4000,6.4800,6.5300,9888457,63854896.0000,3,0.511327,1,-0.765700,38.271313,1.628940,-362.464859,2.940197,0
2017-04-12,sh.600438,6.4800,6.6000,6.4100,6.5400,6.4800,11986853,78117445.0000,3,0.619834,1,0.925925,38.625677,1.644023,-365.821015,2.967421,0
2017-04-13,sh.600438,6.5000,6.6200,6.5000,6.5500,6.5400,9036472,59270890.0000,3,0.467272,1,0.152909,38.684737,1.646537,-366.380374,2.971959,0
2017-04-14,sh.600438,6.5600,6.5800,6.3800,6.4800,6.5500,12338413,79580510.0000,3,0.638013,1,-1.068705,38.271313,1.628940,-362.464859,2.940197,0
2017-04-17,sh.600438,6.4800,6.4800,6.3200,6.4500,6.4800,7620791,48688547.0000,3,0.394067,1,-0.462966,24.437108,1.199063,11.176526,2.144305,0
2017-04-18,sh.600438,6.4800,6.5500,6.4000,6.4100,6.4500,11179935,72613269.0000,3,0.578109,1,-0.620155,24.285560,1.191627,11.107215,2.131007,0
2017-04-19,sh.600438,6.3700,6.4600,6.3100,6.4400,6.4100,10430032,66582348.0000,3,0.539332,1,0.468022,24.399221,1.197204,11.159198,2.140980,0
2017-04-20,sh.600438,6.4400,6.5500,6.4000,6.5500,6.4400,12183908,78955906.0000,3,0.630024,1,1.708076,24.815978,1.217654,11.349806,2.177550,0
2017-04-21,sh.600438,6.5400,6.7000,6.5300,6.5700,6.5500,19437446,128403981.0000,3,1.005101,1,0.305343,24.891752,1.221372,11.384462,2.184199,0
2017-04-24,sh.600438,6.6000,6.6000,6.3900,6.4400,6.5700,14332847,93076422.0000,3,0.741145,1,-1.978693,24.399221,1.197204,11.159198,2.140980,0
2017-04-25,sh.600438,6.4300,6.5100,6.3700,6.3800,6.4400,9326140,59934994.0000,3,0.482250,1,-0.931676,21.506419,1.116766,83.244116,2.073817,0
2017-04-26,sh.600438,6.3800,6.4200,6.3000,6.3600,6.3800,8684778,55196750.0000,3,0.449086,1,-0.313479,21.439001,1.113266,82.983163,2.067316,0
2017-04-27,sh.600438,6.3400,6.4200,6.2600,6.4000,6.3600,8421113,53413256.0000,3,0.435452,1,0.628930,21.573838,1.120267,83.505070,2.080318,0
2017-04-28,sh.600438,6.4000,6.4200,6.3300,6.3900,6.4000,7569602,48208441.0000,3,0.391420,1,-0.156254,21.540128,1.118517,83.374593,2.077068,0
2017-05-02,sh.600438,6.3700,6.5700,6.3600,6.5600,6.3900,13520222,87457311.0000,3,0.699124,1,2.660408,22.113184,1.148274,85.592696,2.132326,0
2017-05-03,sh.600438,6.5600,6.6200,6.5100,6.5900,6.5600,12580269,82543693.0000,3,0.650520,1,0.457320,22.214311,1.153525,85.984126,2.142078,0
2017-05-04,sh.600438,6.6000,6.6000,6.5000,6.5500,6.5900,9593820,62811259.0000,3,0.496092,1,-0.606980,22.079474,1.146523,85.462220,2.129076,0
2017-05-05,sh.600438,6.5300,6.5800,6.4200,6.4400,6.5500,7710237,49990917.0000,3,0.398693,1,-1.679391,21.708674,1.127269,84.026976,2.093320,0
2017-05-08,sh.600438,6.4100,6.4700,6.3300,6.3400,6.4400,10997510,70374342.0000,3,0.568676,1,-1.552794,21.371583,1.109765,82.722210,2.060815,0
2017-05-09,sh.600438,6.3300,6.3700,6.2700,6.3500,6.3400,8843252,55863958.0000,3,0.457280,1,0.157725,21.405292,1.111515,82.852686,2.064066,0
2017-05-10,sh.600438,6.3500,6.3600,6.0000,6.0200,6.3500,14086959,87351032.0000,3,0.728430,1,-5.196849,20.292891,1.053751,78.546956,1.956800,0
2017-05-11,sh.600438,6.0300,6.0400,5.7000,5.7700,6.0200,17112108,100136370.0000,3,0.884859,1,-4.152824,19.450163,1.009991,75.285039,1.875537,0
2017-05-12,sh.600438,5.8000,5.8200,5.5600,5.6400,5.7700,15401535,87582615.0000,3,0.796406,1,-2.253035,19.011944,0.987235,73.588843,1.833281,0
2017-05-15,sh.600438,5.6700,5.7400,5.6400,5.6500,5.6400,9375999,53426279.0000,3,0.484828,1,0.177309,19.045654,0.988986,73.719319,1.836531,0
2017-05-16,sh.600438,5.6800,5.7800,5.6100,5.7700,5.6500,8169740,46470674.0000,3,0.422453,1,2.123892,19.450163,1.009991,75.285039,1.875537,0
2017-05-17,sh.600438,5.7700,5.9700,5.7400,5.8100,5.7700,11439070,66816998.0000,3,0.591509,1,0.693240,19.584999,1.016993,75.806946,1.888539,0
2017-05-18,sh.600438,5.7300,5.8500,5.7200,5.7600,5.8100,5155234,29776492.0000,3,0.266575,1,-0.860580,19.416454,1.008241,75.154563,1.872287,0
2017-05-19,sh.600438,5.7500,5.8200,5.7500,5.8000,5.7600,5491379,31811940.0000,3,0.283957,1,0.694444,19.551290,1.015242,75.676469,1.885289,0
2017-05-22,sh.600438,5.7600,5.8400,5.6700,5.7000,5.8000,6932351,39871590.0000,3,0.358469,1,-1.724144,19.214199,0.997738,74.371703,1.852784,0
2017-05-23,sh.600438,5.7000,5.7000,5.3200,5.3300,5.7000,11374124,62739434.0000,3,0.588151,1,-6.491226,17.966962,0.932973,69.544066,1.732515,0
2017-05-24,sh.600438,5.3300,5.4900,5.2500,5.4400,5.3300,9563193,51373995.0000,3,0.494508,1,2.063792,18.337762,0.952227,70.979309,1.768271,0
2017-05-25,sh.600438,5.4300,5.5100,5.3500,5.4900,5.4400,6897329,37507886.0000,3,0.356658,1,0.919112,18.506308,0.960979,71.631693,1.784523,0
2017-05-26,sh.600438,5.4800,5.5100,5.4300,5.5000,5.4900,4079486,22282265.0000,3,0.210948,1,0.182153,18.540017,0.962730,71.762169,1.787774,0
2017-05-31,sh.600438,5.5400,5.6000,5.4800,5.5000,5.5000,5361583,29621637.0000,3,0.277245,1,0.000000,18.540017,0.962730,71.762169,1.787774,0
2017-06-01,sh.600438,5.5000,5.5000,5.2400,5.2500,5.5000,6322560,33837597.0000,3,0.326937,1,-4.545455,17.697289,0.918969,68.500253,1.706511,0
2017-06-02,sh.600438,5.2500,5.3300,5.1500,5.3000,5.2500,7894722,41345940.0000,3,0.408232,1,0.952385,17.865834,0.927721,69.152636,1.722764,0
2017-06-05,sh.600438,5.2800,5.3700,5.2500,5.3400,5.3000,3906233,20847273.0000,3,0.201989,1,0.754716,18.000671,0.934723,69.674543,1.735766,0
2017-06-06,sh.600438,5.3400,5.4100,5.3100,5.3800,5.3400,4562663,24520053.0000,3,0.235933,1,0.749063,18.135507,0.941725,70.196449,1.748768,0
2017-06-07,sh.600438,5.3900,5.5000,5.3600,5.4800,5.3800,7562917,41162295.0000,3,0.391075,1,1.858734,18.472598,0.959229,71.501216,1.781273,0
2017-06-08,sh.600438,5.4800,5.5300,5.3900,5.4500,5.4800,5232042,28480405.0000,3,0.270546,1,-0.547449,18.371471,0.953978,71.109786,1.771521,0
2017-06-09,sh.600438,5.4600,5.5100,5.3900,5.4800,5.4500,4500715,24536374.0000,3,0.232730,1,0.550463,18.472598,0.959229,71.501216,1.781273,0
2017-06-12,sh.600438,5.4700,5.4700,5.3800,5.3900,5.4800,5455900,29541208.0000,3,0.282122,1,-1.642339,18.169216,0.943475,70.326926,1.752018,0
2017-06-13,sh.600438,5.3800,5.4300,5.3500,5.4200,5.3900,4911525,26474165.0000,3,0.253973,1,0.556590,18.270344,0.948726,70.718356,1.761770,0
2017-06-14,sh.600438,5.3900,5.4200,5.3600,5.4200,5.4200,3336337,18003492.0000,3,0.172520,1,0.000000,18.270344,0.948726,70.718356,1.761770,0
2017-06-15,sh.600438,5.3600,5.5500,5.3300,5.5300,5.3400,10569139,57662532.0000,3,0.546525,1,3.558053,18.641144,0.967981,72.153599,1.797525,0
2017-06-16,sh.600438,5.4900,5.6600,5.4800,5.6500,5.5300,11709415,65378414.0000,3,0.605488,1,2.169980,19.045654,0.988986,73.719319,1.836531,0
2017-06-19,sh.600438,5.6500,5.6500,5.5400,5.6000,5.6500,7393883,41251020.0000,3,0.382334,1,-0.884959,18.877108,0.980234,73.066936,1.820279,0
2017-06-20,sh.600438,5.6000,5.6600,5.5600,5.6100,5.6000,5737103,32246821.0000,3,0.296663,1,0.178575,18.910817,0.981984,73.197413,1.823529,0
2017-06-21,sh.600438,5.6100,5.6500,5.5900,5.6200,5.6100,3845937,21598548.0000,3,0.198872,1,0.178249,18.944526,0.983735,73.327889,1.826780,0
2017-06-22,sh.600438,5.6200,5.6200,5.4900,5.5000,5.6200,6223640,34573215.0000,3,0.321821,1,-2.135229,18.540017,0.962730,71.762169,1.787774,0
2017-06-23,sh.600438,5.4900,5.5400,5.4400,5.5000,5.5000,4026497,22058207.0000,3,0.208208,1,0.000000,18.540017,0.962730,71.762169,1.787774,0
2017-06-26,sh.600438,5.5000,5.5900,5.4600,5.5900,5.5000,5382036,29871106.0000,3,0.278303,1,1.636366,18.843399,0.978483,72.936459,1.817028,0
2017-06-27,sh.600438,5.5900,5.6900,5.5500,5.5900,5.5900,5616759,31593101.0000,3,0.290440,1,0.000000,18.843399,0.978483,72.936459,1.817028,0
2017-06-28,sh.600438,5.5900,5.6300,5.4800,5.5300,5.5900,5496177,30326427.0000,3,0.240623,1,-1.073344,18.641144,0.967981,72.153599,1.797525,0
2017-06-29,sh.600438,5.5400,5.5800,5.5000,5.5400,5.5300,3673833,20368827.0000,3,0.160841,1,0.180827,18.674853,0.969731,72.284076,1.800776,0
2017-06-30,sh.600438,5.5100,5.5800,5.5100,5.5800,5.5400,2821134,15655414.0000,3,0.123510,1,0.722021,18.809690,0.976733,72.805983,1.813778,0
2017-07-03,sh.600438,5.8200,6.0500,5.8200,5.9800,5.5800,25981202,154365053.0000,3,1.137460,1,7.168461,20.158055,1.046750,78.025050,1.943798,0
2017-07-04,sh.600438,5.9400,6.1200,5.8900,6.0600,5.9800,19450796,117071354.0000,3,0.851558,1,1.337791,20.427727,1.060753,79.068863,1.969802,0
2017-07-05,sh.600438,6.0700,6.0700,5.9000,6.0100,6.0600,12334995,73705426.0000,3,0.540027,1,-0.825078,20.259182,1.052001,78.416480,1.953549,0
2017-07-06,sh.600438,6.0100,6.0100,5.9100,6.0000,6.0100,10123833,60364314.0000,3,0.443222,1,-0.166393,20.225473,1.050251,78.286003,1.950299,0
2017-07-07,sh.600438,6.0000,6.0400,5.9400,6.0000,6.0000,16080334,96412135.0000,3,0.703999,1,0.000000,20.225473,1.050251,78.286003,1.950299,0
2017-07-10,sh.600438,6.0500,6.1100,5.9700,6.0200,6.0000,12767736,77084340.0000,3,0.558973,1,0.333333,20.292891,1.053751,78.546956,1.956800,0
2017-07-11,sh.600438,6.0200,6.0400,5.9000,5.9100,6.0200,8594570,51236689.0000,3,0.376271,1,-1.827245,19.922091,1.034497,77.111713,1.921044,0
2017-07-12,sh.600438,5.8800,5.9400,5.8100,5.9000,5.9100,7895557,46286659.0000,3,0.345668,1,-0.169201,19.888382,1.032746,76.981236,1.917794,0
2017-07-13,sh.600438,5.9200,6.0000,5.8600,5.9700,5.9000,7994401,47638293.0000,3,0.349996,1,1.186435,20.124345,1.044999,77.894573,1.940547,0
2017-07-14,sh.600438,5.9800,6.0400,5.9300,5.9600,5.9700,5586444,33337732.0000,3,0.244575,1,-0.167500,20.090636,1.043249,77.764096,1.937297,0
2017-07-17,sh.600438,5.9500,5.9700,5.6900,5.7200,5.9600,11092300,64224545.0000,3,0.485622,1,-4.026850,19.281617,1.001239,74.632656,1.859285,0
2017-07-18,sh.600438,5.7300,5.8400,5.6800,5.8200,5.7200,4433595,25573990.0000,3,0.194103,1,1.748258,19.618709,1.018743,75.937423,1.891790,0
2017-07-19,sh.600438,5.8200,5.9800,5.7900,5.9600,5.8200,9639675,56961176.0000,3,0.422026,1,2.405496,20.090636,1.043249,77.764096,1.937297,0
2017-07-20,sh.600438,5.9700,6.1600,5.9600,6.0600,5.9600,16792679,101993359.0000,3,0.735185,1,1.677851,20.427727,1.060753,79.068863,1.969802,0
2017-07-21,sh.600438,6.0600,6.1000,6.0200,6.0600,6.0600,8325545,50482212.0000,3,0.364493,1,0.000000,20.427727,1.060753,79.068863,1.969802,0
2017-07-24,sh.600438,6.0900,6.1500,6.0400,6.1300,6.0600,11164647,68078152.0000,3,0.488789,1,1.155118,20.663691,1.073006,79.982200,1.992555,0
2017-07-25,sh.600438,6.1100,6.2000,6.0300,6.1800,6.1300,11117129,67942928.0000,3,0.486709,1,0.815656,20.832237,1.081758,80.634583,2.008808,0
2017-07-26,sh.600438,6.1800,6.2000,6.0600,6.1400,6.1800,7601502,46424402.0000,3,0.332795,1,-0.647249,20.697400,1.074756,80.112676,1.995806,0
2017-07-27,sh.600438,6.1400,6.2400,6.1000,6.1800,6.1400,9936618,61328593.0000,3,0.435026,1,0.651465,20.832237,1.081758,80.634583,2.008808,0
2017-07-28,sh.600438,6.1600,6.5200,6.1300,6.4600,6.1800,35139621,224604773.0000,3,1.538416,1,4.530748,21.776092,1.130770,84.287930,2.099821,0
2017-07-31,sh.600438,6.5000,7.1100,6.4900,7.1100,6.4600,83391726,573846144.0000,3,3.650899,1,10.061920,23.967185,1.244547,92.768913,2.311104,0
2017-08-01,sh.600438,7.2400,7.5000,6.9300,7.1100,7.1100,115461433,832133488.0000,3,5.054914,1,0.000000,23.967185,1.244547,92.768913,2.311104,0
2017-08-02,sh.600438,7.1000,7.1400,6.8700,6.9200,7.1100,47626621,333534112.0000,3,2.085098,1,-2.672293,23.326712,1.211289,90.289857,2.249344,0
2017-08-03,sh.600438,7.0200,7.2300,6.9500,7.1200,6.9200,69354637,492525584.0000,3,3.036353,1,2.890171,24.000894,1.246297,92.899390,2.314354,0
2017-08-04,sh.600438,7.1500,7.2600,6.9800,7.0000,7.1200,51421512,366490688.0000,3,2.251239,1,-1.685392,23.596385,1.225292,91.333670,2.275348,0
2017-08-07,sh.600438,7.0500,7.3400,6.8800,7.2100,7.0000,46730959,333986688.0000,3,2.045886,1,3.000000,24.304276,1.262051,94.073680,2.343609,0
2017-08-08,sh.600438,7.2600,7.6800,7.2300,7.5400,7.2100,66138503,494089808.0000,3,2.895551,1,4.576975,25.416677,1.319815,98.379410,2.450875,0
2017-08-09,sh.600438,7.4600,7.6600,7.2700,7.3900,7.5400,39064205,290049696.0000,3,1.710235,1,-1.989391,24.911041,1.293559,96.422260,2.402118,0
2017-08-10,sh.600438,7.5900,7.6400,7.0100,7.1800,7.3900,46350297,337355536.0000,3,2.029221,1,-2.841678,24.203149,1.256800,93.682250,2.333857,0
2017-08-11,sh.600438,7.1300,7.2900,6.8900,6.9200,7.1800,45842392,325037536.0000,3,2.006985,1,-3.621166,23.326712,1.211289,90.289857,2.249344,0
2017-08-14,sh.600438,7.0300,7.3200,7.0000,7.1800,6.9200,35161836,251914527.0000,3,1.539389,1,3.757222,24.203149,1.256800,93.682250,2.333857,0
2017-08-15,sh.600438,7.3000,7.3100,7.0700,7.1800,7.1800,20922748,149650065.0000,3,0.916000,1,0.000000,24.203149,1.256800,93.682250,2.333857,0
2017-08-16,sh.600438,7.2300,7.2500,7.0200,7.0600,7.1800,20979398,149217658.0000,3,0.918480,1,-1.671308,23.798640,1.235795,92.116530,2.294851,0
2017-08-17,sh.600438,7.1000,7.1800,7.0300,7.1100,7.0600,18344438,130032815.0000,3,0.803121,1,0.708218,23.967185,1.244547,92.768913,2.311104,0
2017-08-18,sh.600438,7.0500,7.0800,6.5900,6.9900,7.1100,52747418,361373520.0000,3,2.309287,1,-1.687769,23.562676,1.223542,91.203193,2.272098,0
2017-08-21,sh.600438,6.9000,7.1000,6.7700,7.0600,6.9900,27427248,191015196.0000,3,1.200768,1,1.001433,23.798640,1.235795,92.116530,2.294851,0
2017-08-22,sh.600438,7.0600,7.3600,7.0400,7.3300,7.0600,47091416,340093088.0000,3,2.061667,1,3.824363,21.644365,1.233245,-19.785348,2.341932,0
2017-08-23,sh.600438,7.3100,7.3800,7.2000,7.2500,7.3300,20208951,147134797.0000,3,0.884750,1,-1.091404,21.408137,1.219785,-19.569410,2.316372,0
2017-08-24,sh.600438,7.2600,7.2900,7.0900,7.1400,7.2500,19907759,143115377.0000,3,0.871564,1,-1.517243,21.083324,1.201278,-19.272495,2.281227,0
2017-08-25,sh.600438,7.1400,7.2100,7.0300,7.1600,7.1400,17721264,126553993.0000,3,0.775839,1,0.280112,21.142381,1.204643,-19.326479,2.287617,0
2017-08-28,sh.600438,7.1500,7.2100,7.0500,7.1400,7.1600,28085164,200262448.0000,3,1.229571,1,-0.279329,21.083324,1.201278,-19.272495,2.281227,0
2017-08-29,sh.600438,7.1400,7.2100,7.0700,7.1800,7.1400,17173430,122540712.0000,3,0.751855,1,0.560223,21.201438,1.208008,-19.380464,2.294007,0
2017-08-30,sh.600438,7.2900,7.4800,7.1300,7.3600,7.1800,39702153,292366816.0000,3,1.738164,1,2.506968,21.732950,1.238293,-19.866325,2.351517,0
2017-08-31,sh.600438,7.3200,7.5000,7.2300,7.4700,7.3600,25204018,185856794.0000,3,1.103435,1,1.494560,22.057764,1.256800,-20.163240,2.386662,0
2017-09-01,sh.600438,7.4400,7.7200,7.4100,7.5500,7.4700,29150385,220451946.0000,3,1.276207,1,1.070956,22.293991,1.270259,-20.379179,2.412221,0
2017-09-04,sh.600438,7.6000,7.6500,7.4200,7.5800,7.5500,25632837,192987650.0000,3,1.122208,1,0.397347,22.382577,1.275307,-20.460155,2.421806,0
2017-09-05,sh.600438,7.5600,7.8900,7.4500,7.7100,7.5800,55629748,428330864.0000,3,2.435476,1,1.715041,22.766447,1.297179,-20.811055,2.463341,0
2017-09-06,sh.600438,7.7500,7.9700,7.6400,7.8200,7.7100,38262465,300297936.0000,3,1.675135,1,1.426720,23.091260,1.315686,-21.107970,2.498486,0
2017-09-07,sh.600438,7.8600,7.9200,7.5300,7.5900,7.8200,27845977,215243660.0000,3,1.219100,1,-2.941177,22.412105,1.276989,-20.487148,2.425001,0
2017-09-08,sh.600438,7.6300,7.8300,7.5500,7.7300,7.5900,25632590,197665348.0000,3,1.122197,1,1.844531,22.825504,1.300544,-20.865040,2.469731,0
2017-09-11,sh.600438,7.8700,8.3900,7.8700,8.2900,7.7300,69759305,566244160.0000,3,3.054070,1,7.244501,24.479098,1.394762,-22.376608,2.648651,0
2017-09-12,sh.600438,8.3300,9.0800,8.3100,8.4500,8.2900,110129205,951730204.0000,3,4.821468,1,1.930034,24.951553,1.421681,-22.808485,2.699771,0
2017-09-13,sh.600438,8.6600,8.9900,8.6500,8.9700,8.4500,69177638,611876534.0000,3,3.028604,1,6.153852,26.487033,1.509169,-24.212084,2.865911,0
2017-09-14,sh.600438,9.0500,9.4800,9.0500,9.2100,8.9700,60774419,562668565.0000,3,2.660710,1,2.675583,27.195716,1.549548,-24.859899,2.942591,0
2017-09-15,sh.600438,9.1700,9.1800,8.8000,8.9600,9.2100,42527149,382961739.0000,3,1.861843,1,-2.714441,26.457505,1.507487,-24.185091,2.862716,0
2017-09-18,sh.600438,9.0300,9.6800,9.0000,9.5900,8.9600,49089283,461485811.0000,3,2.149134,1,7.031251,28.317798,1.613482,-25.885606,3.064001,0
2017-09-19,sh.600438,9.5800,10.2300,9.2900,9.3500,9.5900,79013784,775044872.0000,3,3.459232,1,-2.502604,27.609115,1.573103,-25.237791,2.987321,0
2017-09-20,sh.600438,9.5000,9.5800,9.1100,9.4900,9.3500,47047628,442480453.0000,3,2.059750,1,1.497320,28.022513,1.596657,-25.615683,3.032051,0
2017-09-21,sh.600438,9.5200,9.7300,9.1300,9.1600,9.4900,42960725,402464519.0000,3,1.880825,1,-3.477344,27.048074,1.541136,-24.724937,2.926616,0
2017-09-22,sh.600438,9.2500,9.5500,9.1900,9.2400,9.1600,36808089,343984980.0000,3,1.611462,1,0.873362,27.284302,1.554595,-24.940876,2.952176,0
2017-09-25,sh.600438,9.3200,9.5400,9.1600,9.2000,9.2400,25067123,233438588.0000,3,1.097441,1,-0.432900,27.166188,1.547866,-24.832906,2.939396,0
2017-09-26,sh.600438,9.2000,9.3000,8.7200,8.8900,9.2000,48405465,428492488.0000,3,2.119196,1,-3.369559,26.250806,1.495709,-23.996145,2.840351,0
2017-09-27,sh.600438,8.9800,9.2700,8.7800,9.1900,8.8900,33111431,297993267.0000,3,1.449622,1,3.374569,27.136660,1.546183,-24.805914,2.936201,0
2017-09-28,sh.600438,9.1900,9.8300,9.1700,9.6500,9.1900,52344209,498653862.0000,3,2.291635,1,5.005441,28.494969,1.623576,-26.047559,3.083171,0
2017-09-29,sh.600438,9.6300,9.6400,9.3500,9.4300,9.6500,33176613,313867424.0000,3,1.452476,1,-2.279786,27.845343,1.586562,-25.453729,3.012881,0
2017-10-09,sh.600438,9.5000,10.1700,9.3100,10.0400,9.4300,50555355,489591661.0000,3,2.213319,1,6.468713,29.646579,1.689192,-27.100259,3.207775,0
2017-10-10,sh.600438,9.9500,10.2200,9.7900,10.1700,10.0400,36145981,360114711.0000,3,1.582475,1,1.294822,30.030449,1.711065,-27.451158,3.249310,0
2017-10-11,sh.600438,10.1500,10.6500,9.9600,10.2300,10.1700,38878545,399925237.0000,3,1.702107,1,0.589965,30.207620,1.721159,-27.613112,3.268480,0
2017-10-12,sh.600438,10.1200,10.1300,9.6900,9.7300,10.2300,36389885,359485143.0000,3,1.593153,1,-4.887586,28.731197,1.637036,-26.263498,3.108730,0
2017-10-13,sh.600438,9.7900,10.1300,9.6900,9.7900,9.7300,26473765,261395917.0000,3,1.159024,1,0.616654,28.908367,1.647131,-26.425451,3.127900,0
2017-10-16,sh.600438,9.7900,9.8500,9.3100,9.3300,9.7900,44042334,416723086.0000,3,1.928178,1,-4.698672,27.550058,1.569738,-25.183806,2.980931,0
2017-10-17,sh.600438,9.3300,9.5500,9.0400,9.3900,9.3300,28930932,270590758.0000,3,1.266599,1,0.643091,27.727229,1.579832,-25.345760,3.000101,0
2017-10-18,sh.600438,9.3800,9.4600,9.1400,9.1800,9.3900,20713261,192562383.0000,3,0.906829,1,-2.236422,27.107131,1.544501,-24.778922,2.933006,0
2017-10-19,sh.600438,9.1900,9.3600,9.0700,9.3000,9.1800,26602550,245302258.0000,3,1.164662,1,1.307188,27.461473,1.564690,-25.102829,2.971346,0
2017-10-20,sh.600438,9.2800,9.7500,9.1800,9.6000,9.3000,32082634,307409486.0000,3,1.404581,1,3.225809,28.347327,1.615164,-25.912598,3.067196,0
2017-10-23,sh.600438,9.7700,9.8900,9.4500,9.6800,9.6000,28832952,279087836.0000,3,1.262310,1,0.833333,22.753853,1.515359,368.712798,2.917865,0
2017-10-24,sh.600438,9.7000,9.9800,9.5300,9.9100,9.6800,31578850,311240674.0000,3,1.382525,1,2.376028,23.294492,1.551365,377.473536,2.987195,0
2017-10-25,sh.600438,9.8800,10.1600,9.8500,9.9100,9.9100,18837723,188059709.0000,3,0.824717,1,0.000000,23.294492,1.551365,377.473536,2.987195,0
2017-10-26,sh.600438,9.9000,10.4000,9.8000,10.2000,9.9100,50038556,506953393.0000,3,2.190693,1,2.926337,23.976167,1.596763,388.519684,3.074610,0
2017-10-27,sh.600438,10.1500,10.2900,9.9500,10.0700,10.2000,26587302,268646837.0000,3,1.163995,1,-1.274511,23.670588,1.576412,383.567962,3.035424,0
2017-10-30,sh.600438,10.0900,10.1200,9.5100,9.6300,10.0700,42065000,407097525.0000,3,1.841610,1,-4.369410,22.636322,1.507532,366.808289,2.902794,0
2017-10-31,sh.600438,9.6400,9.8500,9.5100,9.8400,9.6300,24008341,232122994.0000,3,1.051088,1,2.180686,23.129949,1.540407,374.807224,2.966095,0
2017-11-01,sh.600438,9.8000,10.2100,9.7200,10.1100,9.8400,38292548,384231684.0000,3,1.676452,1,2.743897,23.764613,1.582674,385.091569,3.047481,0
2017-11-02,sh.600438,10.0100,10.1800,9.9300,10.0200,10.1100,19617040,196938399.0000,3,0.858836,1,-0.890200,23.553058,1.568585,381.663454,3.020352,0
2017-11-03,sh.600438,10.0000,10.0600,9.3900,9.5300,10.0200,39822671,382965587.0000,3,1.743441,1,-4.890226,22.401262,1.491878,362.999273,2.872651,0
2017-11-06,sh.600438,9.4300,10.1500,9.4100,10.1300,9.5300,55264166,543452124.0000,3,2.419471,1,6.295912,23.811625,1.585805,385.853372,3.053510,0
2017-11-07,sh.600438,10.5300,10.8100,10.3100,10.5200,10.1300,71413567,752094807.0000,3,3.126493,1,3.849954,24.728360,1.646858,400.708536,3.171069,0
2017-11-08,sh.600438,10.5700,11.3800,10.5700,11.1800,10.5200,68763146,759238919.0000,3,3.010458,1,6.273763,26.279759,1.750178,425.848045,3.370014,0
2017-11-09,sh.600438,11.0200,11.6300,10.9900,11.2900,11.1800,56499792,640690459.0000,3,2.473567,1,0.983897,26.538326,1.767398,430.037963,3.403172,0
2017-11-10,sh.600438,11.4800,12.4200,11.3200,12.4200,11.2900,84907131,1025565401.0000,3,3.717243,1,10.008860,29.194509,1.944294,473.079850,3.743790,0
2017-11-13,sh.600438,12.6700,13.6600,12.6400,13.2900,12.4200,87851518,1149903164.0000,3,3.846149,1,7.004830,31.239535,2.080488,506.218294,4.006036,0
2017-11-14,sh.600438,13.1200,13.6600,12.5400,12.6800,13.2900,83645053,1091076793.0000,3,3.661989,1,-4.589914,29.805666,1.984996,482.983293,3.822163,0
2017-11-15,sh.600438,12.8300,12.8800,12.0400,12.4800,12.6800,68247047,851481229.0000,3,2.987863,1,-1.577293,29.335545,1.953687,475.365260,3.761876,0
2017-11-16,sh.600438,12.7300,13.5200,12.5000,13.3900,12.4800,64855289,838755750.0000,3,2.839371,1,7.291673,31.474596,2.096143,510.027310,4.036180,0
2017-11-17,sh.600438,13.3100,14.4200,12.8000,13.0300,13.3900,73893617,1016856291.0000,3,3.235070,1,-2.688578,30.628378,2.039787,496.314851,3.927664,0
2017-11-20,sh.600438,13.1000,14.2000,12.8000,13.9700,13.0300,63111937,858821548.0000,3,2.763047,1,7.214125,32.837946,2.186939,532.119606,4.211010,0
2017-11-21,sh.600438,13.9600,14.6800,13.8000,14.2100,13.9700,66223004,944591723.0000,3,2.899250,1,1.717965,33.402091,2.224510,541.261245,4.283354,0
2017-11-22,sh.600438,14.2600,14.2600,13.0500,13.6700,14.2100,68105305,926615701.0000,3,2.981657,1,-3.800140,32.132765,2.139976,520.692556,4.120581,0
2017-11-23,sh.600438,13.5000,13.5000,12.3000,12.3000,13.6700,57733786,732723776.0000,3,2.527591,1,-10.021940,28.912437,1.925508,468.509030,3.707618,0
2017-11-24,sh.600438,11.8500,12.9300,11.3800,12.5600,12.3000,70405519,855714000.0000,3,3.082361,1,2.113823,29.523594,1.966210,478.412473,3.785991,0
2017-11-27,sh.600438,12.5300,12.5300,11.5000,11.6100,12.5600,47368937,565484444.0000,3,2.073817,1,-7.563700,27.290519,1.817492,442.226816,3.499630,0
2017-11-28,sh.600438,11.7500,12.2300,11.6900,12.2100,11.6100,39062748,467683928.0000,3,1.710171,1,5.167962,28.700882,1.911419,465.080915,3.680489,0
2017-11-29,sh.600438,12.4100,12.4700,11.8100,12.1800,12.2100,37348933,453511158.0000,3,1.635140,1,-0.245698,28.630364,1.906723,463.938210,3.671446,0
2017-11-30,sh.600438,12.1200,12.1200,10.9600,11.2400,12.1800,79046202,898948406.0000,3,3.460651,1,-7.717574,26.420796,1.759570,428.133455,3.388100,0
2017-12-01,sh.600438,11.2000,11.6700,11.2000,11.2300,11.2400,48073384,550348660.0000,3,2.104658,1,-0.088970,26.397290,1.758005,427.752554,3.385086,0
2017-12-04,sh.600438,11.3500,11.7400,11.3300,11.3800,11.2300,35386560,406569464.0000,3,1.549227,1,1.335713,26.749880,1.781487,433.466078,3.430301,0
2017-12-05,sh.600438,11.3200,11.5000,10.8000,10.8900,11.3800,45010401,495203591.0000,3,1.970560,1,-4.305798,25.598084,1.704779,414.801897,3.282599,0
2017-12-06,sh.600438,10.9900,11.0400,9.9500,10.5200,10.8900,78355181,814369604.0000,3,3.430398,1,-3.397611,24.728360,1.646858,400.708536,3.171069,0
2017-12-07,sh.600438,10.4500,10.6800,10.2600,10.5200,10.5200,40942232,429806782.0000,3,1.792455,1,0.000000,24.728360,1.646858,400.708536,3.171069,0
2017-12-08,sh.600438,10.5800,10.9800,10.2800,10.7400,10.5200,52484940,557913935.0000,3,2.297796,1,2.091248,25.245493,1.681298,409.088373,3.237384,0
2017-12-11,sh.600438,10.6100,11.8100,10.4500,11.8100,10.7400,67389467,754577063.0000,3,2.950318,1,9.962762,27.760640,1.848801,449.844849,3.559916,0
2017-12-12,sh.600438,11.7000,11.8900,11.2600,11.4000,11.8100,54649843,630195088.0000,3,2.392576,1,-3.471641,26.796892,1.784618,434.227882,3.436329,0
2017-12-13,sh.600438,11.3400,11.7000,11.2800,11.6600,11.4000,33928257,391894675.0000,3,1.485383,1,2.280704,27.408050,1.825319,444.131324,3.514702,0
2017-12-14,sh.600438,11.5900,11.8200,11.4500,11.8100,11.6600,28054154,325683051.0000,3,1.228214,1,1.286454,27.760640,1.848801,449.844849,3.559916,0
2017-12-15,sh.600438,11.6900,11.7300,11.3200,11.4100,11.8100,27530785,315990756.0000,3,1.205301,1,-3.386965,26.820398,1.786183,434.608783,3.439343,0
2017-12-18,sh.600438,11.4800,11.5900,10.8400,11.0600,11.4100,27703860,309673069.0000,3,1.212878,1,-3.067480,25.997687,1.731392,421.277225,3.333842,0
2017-12-19,sh.600438,11.0800,11.3400,10.9200,11.1500,11.0600,20671109,230112811.0000,3,0.904983,1,0.813736,26.209241,1.745481,424.705340,3.360971,0
2017-12-20,sh.600438,11.1700,11.7000,11.0500,11.6400,11.1500,41366051,473797010.0000,3,1.811010,1,4.394626,27.361038,1.822188,443.369521,3.508673,0
2017-12-21,sh.600438,11.5600,12.3500,11.1900,12.0300,11.6400,56079412,663081470.0000,3,2.455163,1,3.350510,28.277773,1.883241,458.224686,3.626232,0
2017-12-22,sh.600438,12.1400,13.2300,12.1400,13.1500,12.0300,88734962,1148117378.0000,3,3.884826,1,9.310058,30.910450,2.058572,500.885670,3.963836,0
2017-12-25,sh.600438,13.0000,13.6600,12.8600,12.9500,13.1500,58215255,766108087.0000,3,2.548670,1,-1.520911,30.440330,2.027263,493.267637,3.903549,0
2017-12-26,sh.600438,12.9300,12.9400,11.7500,12.3600,12.9500,58645442,719645468.0000,3,2.567504,1,-4.555986,29.053473,1.934901,470.794440,3.725704,0
2017-12-27,sh.600438,12.1100,12.2000,11.7100,11.8400,12.3600,45973347,549268064.0000,3,2.012718,1,-4.207116,27.831158,1.853497,450.987554,3.568959,0
2017-12-28,sh.600438,11.6800,12.2600,11.4600,11.8400,11.8400,34221583,406754054.0000,3,1.498224,1,0.000000,27.831158,1.853497,450.987554,3.568959,0
2017-12-29,sh.600438,11.9000,12.2500,11.6800,12.1100,11.8400,48080690,577428784.0000,3,1.727979,1,2.280401,28.465822,1.895765,461.271899,3.650346,0
2018-01-02,sh.600438,12.2000,12.8600,11.9700,12.7100,12.1100,47578075,594232650.0000,3,1.709915,1,4.954586,29.876184,1.989692,484.125998,3.831206,0
2018-01-03,sh.600438,12.7300,13.2100,12.5300,12.7800,12.7100,40305088,517819454.0000,3,1.448530,1,0.550745,30.040727,2.000650,486.792309,3.852306,0
2018-01-04,sh.600438,12.7700,13.2200,12.5000,13.0900,12.7800,40736839,529853344.0000,3,1.464047,1,2.425668,30.769414,2.049179,498.600260,3.945750,0
2018-01-05,sh.600438,13.0700,13.3000,12.7200,12.8800,13.0900,33090283,426366009.0000,3,1.189236,1,-1.604278,30.275787,2.016305,490.601326,3.882449,0
2018-01-08,sh.600438,12.7800,12.7800,12.2600,12.6200,12.8800,39492310,493633636.0000,3,1.419320,1,-2.018635,29.664630,1.975603,480.697883,3.804077,0
2018-01-09,sh.600438,12.8500,13.0000,12.2500,12.4500,12.6200,49771645,623448304.0000,3,1.788750,1,-1.347069,29.265027,1.948990,474.222555,3.752833,0
2018-01-10,sh.600438,12.3700,12.8100,12.2600,12.5100,12.4500,44565605,557487001.0000,3,1.601650,1,0.481931,29.406064,1.958383,476.507965,3.770919,0
2018-01-11,sh.600438,12.4000,12.4000,12.0000,12.2000,12.5100,38751721,470869141.0000,3,1.392704,1,-2.478021,28.677376,1.909854,464.700014,3.677475,0
2018-01-12,sh.600438,12.1700,12.4600,12.0100,12.3600,12.2000,24883234,304366196.0000,3,0.894282,1,1.311474,29.053473,1.934901,470.794440,3.725704,0
2018-01-15,sh.600438,12.2900,12.2900,11.7300,11.9900,12.3600,39996273,479399011.0000,3,1.437432,1,-2.993527,28.183749,1.876979,456.701079,3.614174,0
2018-01-16,sh.600438,11.8500,12.1800,11.7300,11.8700,11.9900,31109906,371947086.0000,3,1.118063,1,-1.000833,27.901677,1.858194,452.130259,3.578002,0
2018-01-17,sh.600438,11.8800,11.9200,10.6800,11.0700,11.8700,78687839,868028554.0000,3,2.827974,1,-6.739681,26.021193,1.732958,421.658127,3.336856,0
2018-01-18,sh.600438,11.1400,11.4000,11.0200,11.1100,11.0700,31385611,351546054.0000,3,1.127972,1,0.361337,26.115217,1.739219,423.181734,3.348914,0
2018-01-19,sh.600438,11.2000,11.7400,11.1600,11.5000,11.1100,44805979,514556409.0000,3,1.610289,1,3.510354,27.031953,1.800272,438.036898,3.466472,0
2018-01-22,sh.600438,11.5100,12.3000,11.5100,12.1800,11.5000,49772948,597598878.0000,3,1.788797,1,5.913046,28.630364,1.906723,463.938210,3.671446,0
2018-01-23,sh.600438,12.2900,12.6000,12.1300,12.4300,12.1800,52523217,651028558.0000,3,1.887639,1,2.052545,29.218015,1.945859,473.460752,3.746805,0
2018-01-24,sh.600438,12.4000,12.6500,12.0000,12.4300,12.4300,47891993,596772933.0000,3,1.721197,1,0.000000,29.218015,1.945859,473.460752,3.746805,0
2018-01-25,sh.600438,12.3400,12.7500,12.3000,12.3500,12.4300,35239600,440776712.0000,3,1.266481,1,-0.643604,29.029967,1.933336,470.413538,3.722690,0
2018-01-26,sh.600438,12.4800,12.5300,12.0700,12.1700,12.3500,22578261,277300003.0000,3,0.811443,1,-1.457492,28.606858,1.905157,463.557309,3.668432,0
2018-01-29,sh.600438,12.1800,12.3500,11.8600,11.9900,12.1700,33401174,403003446.0000,3,1.200410,1,-1.479049,28.183749,1.876979,456.701079,3.614174,0
2018-01-30,sh.600438,11.9900,12.2500,11.9500,12.1600,11.9900,30237764,367188973.0000,3,1.086719,1,1.417849,28.583352,1.903592,463.176407,3.665418,0
2018-01-31,sh.600438,12.0200,12.1500,11.8600,11.9400,12.1600,21386045,255925132.0000,3,0.768596,1,-1.809213,28.066219,1.869152,454.796571,3.599103,0
2018-02-01,sh.600438,11.9100,11.9900,11.0000,11.1000,11.9400,50946506,576471114.0000,3,1.830974,1,-7.035170,26.091711,1.737654,422.800832,3.345899,0
2018-02-02,sh.600438,11.0000,11.4700,10.7800,11.3500,11.1000,26508920,298866169.0000,3,0.952708,1,2.252252,26.679362,1.776790,432.323373,3.421258,0
2018-02-05,sh.600438,10.9900,10.9900,10.2200,10.2200,11.3500,80940877,840080402.0000,3,2.908946,1,-9.955948,24.023179,1.599894,389.281487,3.080639,0
2018-02-06,sh.600438,9.8000,9.8800,9.2000,9.3600,10.2200,73963490,701381178.0000,3,2.658185,1,-8.414879,22.001659,1.465265,356.523945,2.821407,0
2018-02-07,sh.600438,9.6000,9.6700,9.2500,9.3600,9.3600,33941260,322843025.0000,3,1.219820,1,0.000000,22.001659,1.465265,356.523945,2.821407,0
2018-02-08,sh.600438,9.3600,9.5200,9.2600,9.2700,9.3600,27190873,255481087.0000,3,0.977217,1,-0.961530,21.790105,1.451176,353.095830,2.794278,0
2018-02-09,sh.600438,8.9600,9.1300,8.7100,8.8500,9.2700,37257881,333837408.0000,3,1.339016,1,-4.530745,20.802851,1.385427,337.097961,2.667677,0
2018-02-12,sh.600438,9.0100,9.7400,9.0000,9.7400,8.8500,41367941,390398929.0000,3,1.486728,1,10.056490,22.894889,1.524752,370.998208,2.935951,0
2018-02-13,sh.600438,9.8200,10.3600,9.7400,9.8000,9.7400,54791380,549291549.0000,3,1.969155,1,0.616021,23.035925,1.534145,373.283617,2.954037,0
2018-02-14,sh.600438,9.8800,10.2100,9.8200,10.2000,9.8000,29942972,301540524.0000,3,1.076125,1,4.081629,23.976167,1.596763,388.519684,3.074610,0
2018-02-22,sh.600438,10.4800,10.4800,10.0300,10.3800,10.2000,35271848,359982217.0000,3,1.267640,1,1.764709,24.399276,1.624941,395.375913,3.128868,0
2018-02-23,sh.600438,10.2800,10.3100,9.7500,9.9100,10.3800,41875057,418035038.0000,3,1.504954,1,-4.527941,23.294492,1.551365,377.473536,2.987195,0
2018-02-26,sh.600438,9.8600,10.3900,9.8600,10.2300,9.9100,37155138,377817664.0000,3,1.335324,1,3.229059,24.046685,1.601459,389.662388,3.083653,0
2018-02-27,sh.600438,10.2900,10.4200,10.0800,10.1000,10.2300,28737838,293914801.0000,3,1.032813,1,-1.270764,23.741106,1.581109,384.710667,3.044467,0
2018-02-28,sh.600438,10.0000,10.2800,9.8500,10.0800,10.1000,20034286,201986206.0000,3,0.720015,1,-0.198024,23.694094,1.577978,383.948864,3.038438,0
2018-03-01,sh.600438,10.1100,10.5100,10.0100,10.4900,10.0800,39863180,414211545.0000,3,1.432649,1,4.067459,24.657842,1.642161,399.565831,3.162026,0
2018-03-02,sh.600438,10.3800,10.4500,10.1200,10.2000,10.4900,29786248,304379277.0000,3,1.070492,1,-2.764537,23.976167,1.596763,388.519684,3.074610,0
2018-03-05,sh.600438,10.2000,10.2500,10.0300,10.0700,10.2000,21077273,212726966.0000,3,0.757499,1,-1.274511,23.670588,1.576412,383.567962,3.035424,0
2018-03-06,sh.600438,10.1300,10.2900,10.0700,10.1500,10.0700,24493626,249449136.0000,3,0.880280,1,0.794438,23.858637,1.588936,386.615175,3.059539,0
2018-03-07,sh.600438,10.1300,10.3800,10.0800,10.2500,10.1500,26592994,272932063.0000,3,0.955729,1,0.985225,24.093697,1.604590,390.424192,3.089682,0
2018-03-08,sh.600438,10.2500,10.2700,10.0800,10.1500,10.2500,18390519,186357830.0000,3,0.660940,1,-0.975614,23.858637,1.588936,386.615175,3.059539,0
2018-03-09,sh.600438,10.1600,10.4800,10.1100,10.3800,10.1500,27369910,282338284.0000,3,0.983651,1,2.266015,24.399276,1.624941,395.375913,3.128868,0
2018-03-12,sh.600438,10.3800,10.9500,10.3800,10.6300,10.3800,34810067,372545459.0000,3,1.251044,1,2.408478,24.986927,1.664078,404.898454,3.204226,0
2018-03-13,sh.600438,10.6100,10.9000,10.4400,10.4700,10.6300,21743890,231703897.0000,3,0.781457,1,-1.505173,24.610830,1.639030,398.804028,3.155997,0
2018-03-14,sh.600438,10.3900,10.5200,10.2900,10.4200,10.4700,16845662,175359869.0000,3,0.605419,1,-0.477557,24.493300,1.631203,396.899520,3.140925,0
2018-03-15,sh.600438,10.4200,10.4200,10.1000,10.2300,10.4200,19050176,194348321.0000,3,0.684647,1,-1.823422,24.046685,1.601459,389.662388,3.083653,0
2018-03-16,sh.600438,10.1600,10.2800,10.0400,10.0500,10.2300,16688930,168828590.0000,3,0.599786,1,-1.759524,23.623576,1.573281,382.806159,3.029395,0
2018-03-19,sh.600438,10.0700,10.1600,9.8600,10.0400,10.0500,14121593,141852954.0000,3,0.507518,1,-0.099505,23.600070,1.571716,382.425257,3.026381,0
2018-03-20,sh.600438,9.9700,10.1500,9.8600,10.1200,10.0400,16234109,163093319.0000,3,0.583440,1,0.796812,23.788119,1.584239,385.472470,3.050496,0
2018-03-21,sh.600438,10.2400,11.1300,10.2000,10.8800,10.1200,78108715,844534199.0000,3,2.807160,1,7.509883,25.574578,1.703214,414.420996,3.279584,0
2018-03-22,sh.600438,11.0800,11.1700,10.6100,10.7600,10.8800,37478508,406924651.0000,3,1.346945,1,-1.102940,25.292505,1.684428,409.850176,3.243412,0
2018-03-23,sh.600438,10.4500,10.6400,9.9900,10.2900,10.7600,37757528,389126357.0000,3,1.356973,1,-4.368032,24.187721,1.610852,391.947798,3.101739,0
2018-03-26,sh.600438,10.0800,10.4900,10.0200,10.4000,10.2900,31272621,320815552.0000,3,1.123911,1,1.068996,24.446288,1.628072,396.137717,3.134897,0
2018-03-27,sh.600438,10.5500,10.7400,10.4300,10.6800,10.4000,30257595,320273002.0000,3,1.087432,1,2.692314,25.104457,1.671905,406.802963,3.219298,0
2018-03-28,sh.600438,10.4900,10.5500,10.2500,10.3100,10.6800,31454804,327173192.0000,3,1.130459,1,-3.464418,24.234733,1.613983,392.709602,3.107768,0
2018-03-29,sh.600438,10.4000,10.4900,10.1600,10.4200,10.3100,16292433,167946847.0000,3,0.585536,1,1.066922,24.493300,1.631203,396.899520,3.140925,0
2018-03-30,sh.600438,10.5400,10.8300,10.5000,10.6200,10.4200,22259027,237001223.0000,3,0.799970,1,1.919384,20.491990,1.580375,-49.025201,3.090913,0
2018-04-02,sh.600438,10.6400,10.7100,10.5200,10.6400,10.6200,21432088,227915858.0000,3,0.770251,1,0.188328,20.530582,1.583352,-49.117527,3.096734,0
2018-04-03,sh.600438,10.5000,10.8300,10.3900,10.5100,10.6400,25185833,267983674.0000,3,0.905157,1,-1.221806,20.279738,1.564006,-48.517407,3.058898,0
2018-04-04,sh.600438,10.6300,10.8500,10.5700,10.7500,10.5100,26844085,288642675.0000,3,0.964753,1,2.283537,20.742834,1.599721,-49.625321,3.128749,0
2018-04-09,sh.600438,10.7200,10.7800,10.3100,10.3400,10.7500,23230895,245074311.0000,3,0.834898,1,-3.813952,19.951712,1.538708,-47.732635,3.009420,0
2018-04-10,sh.600438,10.3700,10.5600,10.2000,10.4300,10.3400,22499014,232272539.0000,3,0.808595,1,0.870408,20.125373,1.552101,-48.148102,3.035614,0
2018-04-11,sh.600438,10.4800,10.7300,10.4200,10.6900,10.4300,26994085,286366718.0000,3,0.970144,1,2.492802,20.627060,1.590792,-49.348343,3.111286,0
2018-04-12,sh.600438,10.6300,10.7600,10.5800,10.6900,10.6900,14025715,149702659.0000,3,0.504072,1,0.000000,20.627060,1.590792,-49.348343,3.111286,0
2018-04-13,sh.600438,10.6900,10.7900,10.5100,10.5700,10.6900,10953946,116495774.0000,3,0.393675,1,-1.122543,20.395512,1.572935,-48.794386,3.076361,0
2018-04-16,sh.600438,10.5800,10.6500,10.3300,10.4700,10.5700,13319582,138936995.0000,3,0.478694,1,-0.946068,20.202556,1.558054,-48.332755,3.047256,0
2018-04-17,sh.600438,10.4700,10.4800,10.0000,10.0400,10.4700,26927583,273409952.0000,3,0.967754,1,-4.106975,19.372842,1.494065,-46.347742,2.922106,0
2018-04-18,sh.600438,10.2300,11.0400,10.2300,11.0300,10.0400,87895815,944419165.0000,3,3.158900,1,9.860556,20.719775,1.580090,24.620035,3.137404,0
2018-04-19,sh.600438,10.9500,12.1300,10.9000,11.7300,11.0300,89453373,1043968845.0000,3,3.214878,1,6.346326,22.034720,1.680368,26.182504,3.336514,0
2018-04-20,sh.600438,11.8000,11.9200,11.5200,11.6900,11.7300,39289496,458767803.0000,3,1.412031,1,-0.341006,21.959580,1.674638,26.093220,3.325137,0
2018-04-23,sh.600438,11.6500,11.9500,11.2600,11.4300,11.6900,43911566,508637858.0000,3,1.578144,1,-2.224117,21.471172,1.637392,25.512874,3.251181,0
2018-04-24,sh.600438,11.4600,12.1000,11.4600,11.9500,11.4300,55520749,660538879.0000,3,1.995368,1,4.549427,22.447988,1.711884,26.673565,3.399092,0
2018-04-25,sh.600438,11.8800,12.0300,11.5700,11.5900,11.9500,39937721,470495572.0000,3,1.435328,1,-3.012549,21.771731,1.660313,25.870010,3.296692,0
2018-04-26,sh.600438,11.6400,11.9700,11.6400,11.9200,11.5900,33146776,393267379.0000,3,1.191267,1,2.847281,22.391633,1.707586,26.606602,3.390558,0
2018-04-27,sh.600438,12.0500,12.0600,11.6300,11.7800,11.9200,29599945,350110794.0000,3,1.063797,1,-1.174500,22.128644,1.687531,26.294109,3.350736,0
2018-05-02,sh.600438,11.7800,12.0900,11.7500,12.0300,11.7800,23101466,276858175.0000,3,0.830247,1,2.122241,22.598267,1.723344,26.852133,3.421847,0
2018-05-03,sh.600438,11.9900,12.6000,11.9300,12.4000,12.0300,32557277,401399276.0000,3,1.170081,1,3.075643,23.293310,1.776348,27.678009,3.527091,0
2018-05-04,sh.600438,12.2900,12.9900,12.0600,12.0800,12.2400,32935105,410728084.0000,3,1.183659,1,-1.307188,22.692192,1.730507,26.963738,3.436069,0
2018-05-07,sh.600438,12.2800,13.2600,12.2100,13.2100,12.0800,43403068,557829419.0000,3,1.559869,1,9.354306,24.814889,1.892384,29.486008,3.757490,0
2018-05-08,sh.600438,13.1900,13.1900,12.6800,12.9600,13.2100,32726763,422185565.0000,3,1.176172,1,-1.892506,24.345266,1.856570,28.927984,3.686379,0
2018-05-09,sh.600438,13.0100,13.0400,12.4300,12.6100,12.9600,29542854,370841576.0000,3,1.061745,1,-2.700620,23.687793,1.806432,28.146749,3.586824,0
2018-05-10,sh.600438,12.6100,12.9400,12.6000,12.7000,12.6100,17214755,219881159.0000,3,0.618684,1,0.713720,23.856858,1.819324,28.347638,3.612424,0
2018-05-11,sh.600438,12.8200,12.9800,12.5900,12.6200,12.7000,19124092,244771694.0000,3,0.687303,1,-0.629921,23.706578,1.807864,28.169070,3.589668,0
2018-05-14,sh.600438,12.7000,12.8400,12.5000,12.6400,12.6200,18239531,230763946.0000,3,0.655513,1,0.158482,23.744148,1.810729,28.213712,3.595357,0
2018-05-15,sh.600438,12.7800,13.0000,12.7000,12.9500,12.6400,22876432,294054294.0000,3,0.822159,1,2.452527,24.326481,1.855138,28.905663,3.683535,0
2018-05-16,sh.600438,12.7200,12.8800,12.3800,12.5200,12.9500,23984429,301889543.0000,3,0.861980,1,-3.320458,23.518729,1.793539,27.945861,3.561224,0
2018-05-17,sh.600438,12.6100,12.6600,12.2300,12.2700,12.5200,23818993,293936056.0000,3,0.856034,1,-1.996805,23.049106,1.757725,27.387836,3.490113,0
2018-05-18,sh.600438,12.3100,12.3100,11.7000,11.8900,12.2700,37696078,448887606.0000,3,1.354765,1,-3.096985,22.335278,1.703289,26.539639,3.382025,0
2018-05-21,sh.600438,12.1200,12.1500,11.8000,11.8200,11.8900,28212600,337288495.0000,3,1.013937,1,-0.588735,22.203784,1.693261,26.383392,3.362114,0
2018-05-22,sh.600438,11.9400,12.1800,11.7500,12.1200,11.8200,31361330,375736845.0000,3,1.127099,1,2.538073,22.767332,1.736237,27.053022,3.447447,0
2018-05-23,sh.600438,12.4600,12.5000,11.8200,11.9400,12.1200,27706238,336562267.0000,3,0.995738,1,-1.485151,22.429203,1.710451,26.651244,3.396247,0
2018-05-24,sh.600438,12.0000,12.0400,11.5600,11.6300,11.9400,23378018,272863200.0000,3,0.840186,1,-2.596311,21.846870,1.666043,25.959294,3.308070,0
2018-05-25,sh.600438,11.7400,11.7400,11.1000,11.2700,11.6300,36863917,416078213.0000,3,1.324858,1,-3.095440,21.170613,1.614471,25.155739,3.205671,0
2018-05-28,sh.600438,11.2800,11.5300,11.2600,11.4000,11.2700,24899787,283490491.0000,3,0.894877,1,1.153497,21.414817,1.633094,25.445911,3.242648,0
2018-05-29,sh.600438,11.3800,11.4900,10.8800,11.0300,11.4000,28552307,318340346.0000,3,1.026145,1,-3.245613,20.719775,1.580090,24.620035,3.137404,0
2018-05-30,sh.600438,11.0000,11.3000,10.7400,11.1200,11.0300,27430496,304864457.0000,3,0.985829,1,0.815958,20.888839,1.592983,24.820924,3.163004,0
2018-05-31,sh.600438,11.2400,11.3100,10.9600,11.2800,11.1200,23435828,260793252.0000,3,0.842264,1,1.438848,21.189398,1.615904,25.178060,3.208515,0
2018-06-01,sh.600438,11.1800,11.2000,10.3200,10.4800,11.2800,57263934,609085177.0000,3,2.058017,1,-7.092200,19.686604,1.501301,23.392382,2.980961,0
2018-06-04,sh.600438,9.4300,9.4300,9.4300,9.4300,10.4800,11531000,108737330.0000,3,0.414414,1,-10.019080,17.714186,1.350884,21.048679,2.682296,0
2018-06-05,sh.600438,8.4900,8.4900,8.4900,8.4900,9.4300,10182700,86451123.0000,3,0.365958,1,-9.968192,15.948403,1.216225,18.950508,2.414920,0
2018-06-06,sh.600438,8.3000,8.5800,7.6400,7.9800,8.4900,162806373,1306096915.0000,3,5.851122,1,-6.007064,14.990372,1.143166,17.812138,2.269854,0
2018-06-07,sh.600438,7.9000,8.1400,7.7700,7.9900,7.9800,72143103,573708783.0000,3,2.592761,1,0.125310,15.009157,1.144599,17.834459,2.272698,0
2018-06-08,sh.600438,7.9400,8.0600,7.8000,7.8700,7.9900,51261067,405814539.0000,3,1.842279,1,-1.501876,14.783738,1.127408,17.566607,2.238565,0
2018-06-11,sh.600438,7.8400,7.8800,7.0800,7.1200,7.8700,108140036,795657719.0000,3,3.886460,1,-9.529860,13.374868,1.019968,15.892534,2.025233,0
2018-06-12,sh.600438,7.3000,7.4500,7.1600,7.3900,7.1200,66635032,487767132.0000,3,2.394806,1,3.792135,13.882061,1.058646,16.495200,2.102032,0
2018-06-13,sh.600438,7.4100,7.4200,7.1200,7.1700,7.3900,35517222,258190061.0000,3,1.276459,1,-2.976993,13.468793,1.027130,16.004139,2.039455,0
2018-06-14,sh.600438,7.2300,7.2800,7.1000,7.2000,7.1700,30691442,221201025.0000,3,1.103024,1,0.418406,13.525148,1.031428,16.071102,2.047988,0
2018-06-15,sh.600438,7.2400,7.2500,6.7700,7.0200,7.2000,51322286,357519029.0000,3,1.844479,1,-2.499998,13.187019,1.005642,15.669324,1.996789,0
2018-06-19,sh.600438,6.9400,6.9600,6.3200,6.3600,7.0200,62818314,410285249.0000,3,2.257636,1,-9.401708,11.947214,0.911095,14.196140,1.809056,0
2018-06-20,sh.600438,6.3100,6.8000,6.1200,6.6500,6.3600,77126895,500311045.0000,3,2.771875,1,4.559748,12.491977,0.952638,14.843448,1.891545,0
2018-06-21,sh.600438,6.6800,6.7800,6.5100,6.5900,6.6500,44122982,292550039.0000,3,1.585742,1,-0.902255,12.379267,0.944043,14.709522,1.874478,0
2018-06-22,sh.600438,6.6800,6.7300,6.5000,6.7100,6.5900,33035254,219411609.0000,3,1.187259,1,1.820939,12.604686,0.961234,14.977374,1.908611,0
2018-06-25,sh.600438,6.7800,6.8700,6.6200,6.6400,6.7100,31330625,211350169.0000,3,1.125996,1,-1.043222,12.473192,0.951206,14.821127,1.888700,0
2018-06-26,sh.600438,6.5000,6.7600,6.4000,6.7100,6.6400,30610842,203412390.0000,3,1.100127,1,1.054219,12.604686,0.961234,14.977374,1.908611,0
2018-06-27,sh.600438,6.7400,7.0200,6.6600,6.9000,6.7100,39844201,273143279.0000,3,1.431966,1,2.831595,12.961600,0.988452,15.401473,1.962655,0
2018-06-28,sh.600438,6.8800,6.9300,6.7600,6.7800,6.9000,29716033,203238570.0000,3,1.067969,1,-1.739129,12.736181,0.971261,15.133621,1.928522,0
2018-06-29,sh.600438,6.8500,6.9100,6.7700,6.9000,6.7800,23163010,159069678.0000,3,0.832459,1,1.769910,12.961600,0.988452,15.401473,1.962655,0
2018-07-02,sh.600438,6.9100,6.9100,6.2500,6.3400,6.9000,62801879,405652685.0000,3,2.257046,1,-8.115941,11.909644,0.908230,14.151498,1.803367,0
2018-07-03,sh.600438,6.3000,6.4100,6.1100,6.3800,6.3400,37348559,233992776.0000,3,1.342275,1,0.630914,11.984784,0.913960,14.240782,1.814745,0
2018-07-04,sh.600438,6.3000,6.5000,6.2700,6.3200,6.3800,27904988,177785092.0000,3,1.002881,1,-0.940438,11.872074,0.905365,14.106856,1.797679,0
2018-07-05,sh.600438,6.3500,6.3900,5.9800,6.0200,6.3200,26565618,163637448.0000,3,0.954746,1,-4.746838,11.308526,0.862388,13.437227,1.712346,0
2018-07-06,sh.600438,6.1000,6.3500,6.0100,6.2500,6.0200,33976615,210384054.0000,3,1.221090,1,3.820599,11.740579,0.895337,13.950609,1.777768,0
2018-07-09,sh.600438,6.3300,6.4700,6.2500,6.4100,6.2500,24804716,158638274.0000,3,0.891460,1,2.559998,12.041138,0.918257,14.307745,1.823278,0
2018-07-10,sh.600438,6.4400,6.4700,6.2300,6.3100,6.4100,28876605,182035052.0000,3,1.037800,1,-1.560061,11.853289,0.903932,14.084535,1.794834,0
2018-07-11,sh.600438,6.2400,6.2600,6.0600,6.2100,6.3100,24548549,151224000.0000,3,0.882254,1,-1.584785,11.665440,0.889607,13.861325,1.766390,0
2018-07-12,sh.600438,6.2100,6.4300,6.2100,6.3400,6.2100,24814776,157004816.0000,3,0.891822,1,2.093400,11.909644,0.908230,14.151498,1.803367,0
2018-07-13,sh.600438,6.3500,6.3900,6.2400,6.3200,6.3400,22122460,139736080.0000,3,0.795062,1,-0.315457,11.872074,0.905365,14.106856,1.797679,0
2018-07-16,sh.600438,6.3400,6.4600,6.3200,6.3600,6.3200,24462554,156395310.0000,3,0.879163,1,0.632911,11.947214,0.911095,14.196140,1.809056,0
2018-07-17,sh.600438,6.3600,6.4100,6.2500,6.3600,6.3600,16127047,102248591.0000,3,0.579592,1,0.000000,11.947214,0.911095,14.196140,1.809056,0
2018-07-18,sh.600438,6.3600,6.4000,6.2400,6.2500,6.3600,15958074,100751678.0000,3,0.573520,1,-1.729562,11.740579,0.895337,13.950609,1.777768,0
2018-07-19,sh.600438,6.2700,6.3200,6.1400,6.1600,6.2500,17155268,106610676.0000,3,0.616546,1,-1.440002,11.571515,0.882444,13.749721,1.752168,0
2018-07-20,sh.600438,6.1600,6.3500,6.1500,6.3200,6.1600,23780675,149377865.0000,3,0.854657,1,2.597408,11.872074,0.905365,14.106856,1.797679,0
2018-07-23,sh.600438,6.2700,6.3700,6.2700,6.3500,6.3200,15823320,100311921.0000,3,0.568677,1,0.474679,11.928429,0.909662,14.173819,1.806212,0
2018-07-24,sh.600438,6.3900,6.9900,6.3200,6.9900,6.3500,55655901,375065913.0000,3,2.000225,1,10.078740,13.130664,1.001345,15.602361,1.988255,0
2018-07-25,sh.600438,7.1800,7.2300,6.8000,6.8400,6.9900,63968503,447555735.0000,3,2.298973,1,-2.145917,12.848890,0.979857,15.267547,1.945589,0
2018-07-26,sh.600438,6.8300,7.1300,6.8300,6.9900,6.8400,52477156,366560305.0000,3,1.885984,1,2.192977,13.130664,1.001345,15.602361,1.988255,0
2018-07-27,sh.600438,7.1500,7.3600,7.0200,7.0900,6.9900,55656920,400782275.0000,3,2.000262,1,1.430621,13.318513,1.015670,15.825571,2.016700,0
2018-07-30,sh.600438,7.1200,7.3700,7.0900,7.2000,7.0900,44171888,319340303.0000,3,1.587500,1,1.551476,13.525148,1.031428,16.071102,2.047988,0
2018-07-31,sh.600438,7.2000,7.2600,7.0200,7.0800,7.2000,26033389,185070790.0000,3,0.935618,1,-1.666665,13.299728,1.014238,15.803250,2.013855,0
2018-08-01,sh.600438,7.0400,7.1400,6.8300,6.8900,7.0800,32735628,228163110.0000,3,1.176490,1,-2.683617,12.942815,0.987019,15.379152,1.959811,0
2018-08-02,sh.600438,6.8500,6.8800,6.4200,6.6800,6.8900,33362986,220794659.0000,3,1.199037,1,-3.047896,12.548331,0.956936,14.910411,1.900078,0
2018-08-03,sh.600438,6.6300,6.8800,6.5300,6.6200,6.6800,26660196,178325094.0000,3,0.958145,1,-0.898203,12.435622,0.948341,14.776485,1.883011,0
2018-08-06,sh.600438,6.5700,6.5700,6.1000,6.2000,6.6200,33540595,209679072.0000,3,1.205420,1,-6.344412,11.646655,0.888174,13.839004,1.763545,0
2018-08-07,sh.600438,6.2600,6.3300,6.0600,6.3200,6.2000,26564519,165851744.0000,3,0.954706,1,1.935490,11.872074,0.905365,14.106856,1.797679,0
2018-08-08,sh.600438,6.3200,6.6500,6.3200,6.4200,6.3200,32295684,209430347.0000,3,1.160679,1,1.582277,12.059923,0.919690,14.330066,1.826123,0
2018-08-09,sh.600438,6.4000,6.7200,6.3200,6.6400,6.4200,28896752,189663662.0000,3,1.038525,1,3.426788,12.473192,0.951206,14.821127,1.888700,0
2018-08-10,sh.600438,6.6400,6.6600,6.4700,6.5800,6.6400,18598313,122004280.0000,3,0.668407,1,-0.903614,12.360482,0.942611,14.687202,1.871634,0
2018-08-13,sh.600438,6.5000,6.5600,6.3200,6.5100,6.5800,20664426,132819175.0000,3,0.742662,1,-1.063825,12.228988,0.932583,14.530955,1.851723,0
2018-08-14,sh.600438,6.4700,6.5600,6.3800,6.4700,6.5100,11654573,75223502.0000,3,0.418855,1,-0.614446,12.153848,0.926853,14.441671,1.840345,0
2018-08-15,sh.600438,6.4200,6.4600,6.1900,6.2700,6.4700,21391503,134637507.0000,3,0.768792,1,-3.091187,11.778149,0.898202,13.995251,1.783456,0
2018-08-16,sh.600438,6.1300,6.3300,6.1100,6.1700,6.2700,17345482,107717874.0000,3,0.623382,1,-1.594895,11.590300,0.883876,13.772042,1.755012,0
2018-08-17,sh.600438,6.2400,6.2600,5.7800,5.8200,6.1700,42305748,253043032.0000,3,1.520432,1,-5.672608,10.932828,0.833738,12.990807,1.655457,0
2018-08-20,sh.600438,5.8800,5.9300,5.6200,5.7800,5.8200,29617593,170680833.0000,3,1.064431,1,-0.687284,10.487130,0.817540,13.699710,1.646436,0
2018-08-21,sh.600438,5.7800,5.9200,5.7800,5.9200,5.7800,31765149,186616116.0000,3,1.141612,1,2.422143,10.741143,0.837342,14.031537,1.686315,0
2018-08-22,sh.600438,5.9300,5.9400,5.7400,5.7900,5.9200,18846721,110192572.0000,3,0.677335,1,-2.195948,10.505273,0.818955,13.723412,1.649284,0
2018-08-23,sh.600438,5.8200,5.9200,5.7800,5.8800,5.7900,18143840,106301690.0000,3,0.652074,1,1.554407,10.668568,0.831684,13.936730,1.674921,0
2018-08-24,sh.600438,5.8900,5.9200,5.8200,5.8800,5.8800,12268497,72063762.0000,3,0.440919,1,0.000000,10.668568,0.831684,13.936730,1.674921,0
2018-08-27,sh.600438,5.9900,6.2100,5.9600,6.1600,5.8800,35102947,213705591.0000,3,1.261570,1,4.761900,11.176595,0.871289,14.600383,1.754679,0
2018-08-28,sh.600438,6.2100,6.3400,6.1500,6.2600,6.1600,27605972,172470381.0000,3,0.992135,1,1.623383,11.358033,0.885433,14.837403,1.783164,0
2018-08-29,sh.600438,6.2100,6.2300,6.1000,6.1800,6.2600,18315393,112920129.0000,3,0.658240,1,-1.277962,11.212882,0.874117,14.647787,1.760376,0
2018-08-30,sh.600438,6.1800,6.2800,6.1200,6.2500,6.1800,21105868,130924119.0000,3,0.758527,1,1.132689,11.339889,0.884018,14.813701,1.780315,0
2018-08-31,sh.600438,6.2100,6.5400,6.1300,6.4000,6.2500,36908772,235037938.0000,3,1.326470,1,2.400002,11.612047,0.905235,15.169230,1.823043,0
2018-09-03,sh.600438,6.5000,6.7500,6.4000,6.6600,6.4000,50265032,333229666.0000,3,1.806482,1,4.062496,12.083786,0.942010,15.785479,1.897104,0
2018-09-04,sh.600438,6.6000,6.7500,6.5000,6.6800,6.6600,42974557,286171073.0000,3,1.544469,1,0.300300,12.120074,0.944839,15.832883,1.902801,0
2018-09-05,sh.600438,6.7000,6.7600,6.5900,6.6000,6.6800,22087600,147423923.0000,3,0.793809,1,-1.197604,11.974923,0.933523,15.643268,1.880013,0
2018-09-06,sh.600438,6.5200,6.6700,6.4200,6.4900,6.6000,27329351,179031889.0000,3,0.982193,1,-1.666669,11.775341,0.917965,15.382547,1.848679,0
2018-09-07,sh.600438,6.5300,6.6300,6.4300,6.4900,6.4900,16197193,105744867.0000,3,0.582113,1,0.000000,11.775341,0.917965,15.382547,1.848679,0
2018-09-10,sh.600438,6.4500,6.5300,6.2900,6.3100,6.4900,18698456,119038046.0000,3,0.672007,1,-2.773495,11.448752,0.892505,14.955912,1.797406,0
2018-09-11,sh.600438,6.3600,6.4400,6.2800,6.3600,6.3100,12529164,79766444.0000,3,0.450287,1,0.792396,11.539471,0.899577,15.074422,1.811649,0
2018-09-12,sh.600438,6.3700,6.4500,6.2600,6.3600,6.3600,12861491,81724285.0000,3,0.462231,1,0.000000,11.539471,0.899577,15.074422,1.811649,0
2018-09-13,sh.600438,6.4000,6.4600,6.1500,6.3000,6.3600,18271856,115153367.0000,3,0.656675,1,-0.943395,11.430608,0.891091,14.932210,1.794558,0
2018-09-14,sh.600438,6.3100,6.6900,6.3100,6.5600,6.3000,33989189,221547520.0000,3,1.221542,1,4.126980,11.902348,0.927866,15.548460,1.868619,0
2018-09-17,sh.600438,6.5500,6.5500,6.3400,6.3700,6.5600,28680715,183162159.0000,3,1.030760,1,-2.896343,11.557615,0.900992,15.098124,1.814497,0
2018-09-18,sh.600438,6.3500,6.3700,6.0800,6.3000,6.3700,30646458,190571138.0000,3,1.101407,1,-1.098896,11.430608,0.891091,14.932210,1.794558,0
2018-09-19,sh.600438,6.2500,6.3800,6.1600,6.2700,6.3000,24504794,153722409.0000,3,0.880681,1,-0.476194,11.376177,0.886847,14.861105,1.786012,0
2018-09-20,sh.600438,6.2700,6.3700,6.2200,6.2600,6.2700,14654752,92076136.0000,3,0.526679,1,-0.159486,11.358033,0.885433,14.837403,1.783164,0
2018-09-21,sh.600438,6.2900,6.4800,6.1600,6.4200,6.2600,24468753,154737392.0000,3,0.879386,1,2.555908,11.648334,0.908064,15.216633,1.828740,0
2018-09-25,sh.600438,6.3600,6.4000,6.2900,6.3800,6.4200,16833639,106735245.0000,3,0.604987,1,-0.623052,11.575759,0.902406,15.121826,1.817346,0
2018-09-26,sh.600438,6.3800,6.8300,6.3800,6.6600,6.3800,46701278,309248172.0000,3,1.678404,1,4.388710,12.083786,0.942010,15.785479,1.897104,0
2018-09-27,sh.600438,6.6800,6.7000,6.5100,6.5200,6.6600,29760803,195697956.0000,3,1.069578,1,-2.102100,11.829772,0.922208,15.453653,1.857225,0
2018-09-28,sh.600438,6.5500,6.7600,6.5100,6.6700,6.5200,31500590,209305967.0000,3,1.132104,1,2.300615,12.101930,0.943424,15.809181,1.899953,0
2018-10-08,sh.600438,6.5400,6.5500,6.4000,6.4300,6.6700,19928881,129095583.0000,3,0.716227,1,-3.598205,11.666478,0.909478,15.240335,1.831588,0
2018-10-09,sh.600438,6.4300,6.5800,6.3200,6.4800,6.4300,19657259,126754861.0000,3,0.706465,1,0.777608,11.757197,0.916550,15.358845,1.845831,0
2018-10-10,sh.600438,6.5100,6.6100,6.1800,6.2300,6.4800,32320769,205624900.0000,3,1.161581,1,-3.858025,11.303602,0.881190,14.766297,1.774618,0
2018-10-11,sh.600438,5.9900,6.0300,5.6800,5.7400,6.2300,38945802,226200158.0000,3,1.399679,1,-7.865172,10.414554,0.811882,13.604903,1.635042,0
2018-10-12,sh.600438,5.6400,5.7400,5.1700,5.5400,5.7400,37717446,205684023.0000,3,1.355533,1,-3.484317,10.051678,0.783594,13.130864,1.578072,0
2018-10-15,sh.600438,5.5300,5.6300,5.3200,5.4000,5.5400,19848754,109095293.0000,3,0.713347,1,-2.527073,9.797664,0.763792,12.799037,1.538192,0
2018-10-16,sh.600438,5.4000,5.4900,5.1600,5.1900,5.4000,24259582,127884320.0000,3,0.871869,1,-3.888889,9.416644,0.734089,12.301297,1.478374,0
2018-10-17,sh.600438,5.3500,5.3700,5.1300,5.2500,5.1900,15821034,82697603.0000,3,0.568594,1,1.156068,9.525507,0.742575,12.443509,1.495465,0
2018-10-18,sh.600438,5.2100,5.2400,5.0200,5.0400,5.2500,16734865,85275553.0000,3,0.601437,1,-4.000000,9.144487,0.712872,11.945768,1.435646,0
2018-10-19,sh.600438,5.0100,5.4500,4.9600,5.4200,5.0400,32608106,171321996.0000,3,1.171907,1,7.539685,9.833952,0.766621,12.846441,1.543890,0
2018-10-22,sh.600438,5.4400,5.8500,5.4400,5.7000,5.4200,31227579,177774679.0000,3,1.122292,1,5.166047,10.341979,0.806225,13.510095,1.623648,0
2018-10-23,sh.600438,5.7100,5.9700,5.6100,5.7200,5.7000,37187617,213892993.0000,3,1.336491,1,0.350877,10.378267,0.809054,13.557499,1.629345,0
2018-10-24,sh.600438,5.7000,5.8200,5.6100,5.7600,5.7200,21998358,126797070.0000,3,0.790602,1,0.699308,10.450842,0.814711,13.652307,1.640739,0
2018-10-25,sh.600438,5.6000,5.9300,5.5200,5.9300,5.7600,31255822,180745408.0000,3,1.123307,1,2.951382,10.759287,0.838757,14.055239,1.689163,0
2018-10-26,sh.600438,5.9800,6.0600,5.8600,5.9100,5.9300,17983958,107379822.0000,3,0.646328,1,-0.337268,10.722999,0.835928,14.007835,1.683466,0
2018-10-29,sh.600438,6.0500,6.1700,5.9300,6.0200,5.9100,39778925,241964691.0000,3,1.429621,1,1.861254,10.904678,0.838829,64.778554,1.626569,0
2018-10-30,sh.600438,6.0800,6.1700,6.0000,6.1300,6.0200,24231611,147698637.0000,3,0.870863,1,1.827245,11.103933,0.854157,65.962216,1.656290,0
2018-10-31,sh.600438,6.1300,6.4300,6.1300,6.4000,6.1300,29992620,188757533.0000,3,1.077909,1,4.404567,11.593013,0.891778,68.867566,1.729242,0
2018-11-01,sh.600438,6.4500,6.7200,6.4500,6.5600,6.4000,52611972,346297563.0000,3,1.890829,1,2.499998,11.882839,0.914073,70.589255,1.772473,0
2018-11-02,sh.600438,6.8800,7.1700,6.7400,7.0300,6.5600,87082710,603389236.0000,3,3.129678,1,7.164639,12.734201,0.979563,75.646717,1.899465,0
2018-11-05,sh.600438,7.7200,7.7300,7.4100,7.7300,7.0300,39989641,308730620.0000,3,1.437193,1,9.957322,14.002187,1.077101,83.179107,2.088601,0
2018-11-06,sh.600438,7.9700,8.0800,7.5200,7.8100,7.7300,88883923,694326299.0000,3,3.194412,1,1.034928,14.147099,1.088248,84.039952,2.110216,0
2018-11-07,sh.600438,7.7200,7.8600,7.5300,7.5500,7.8100,41556689,318283309.0000,3,1.493512,1,-3.329062,13.676133,1.052020,81.242207,2.039966,0
2018-11-08,sh.600438,7.6500,7.8400,7.4700,7.7600,7.5500,40188732,309122623.0000,3,1.444349,1,2.781457,14.056529,1.081281,83.501924,2.096706,0
2018-11-09,sh.600438,7.6400,7.7800,7.5600,7.6800,7.7600,22803355,174883754.0000,3,0.819533,1,-1.030933,13.911616,1.070134,82.641079,2.075091,0
2018-11-12,sh.600438,7.6500,8.3600,7.6500,8.2300,7.6800,47453574,380119622.0000,3,1.705441,1,7.161455,14.907891,1.146771,88.559386,2.223698,0
2018-11-13,sh.600438,8.1300,8.4400,8.0300,8.0600,8.2300,41076641,335972958.0000,3,1.476259,1,-2.065603,14.599951,1.123083,86.730091,2.177765,0
2018-11-14,sh.600438,8.1200,8.1500,7.9000,8.0000,8.0600,24739205,198505351.0000,3,0.889106,1,-0.744422,14.491267,1.114723,86.084458,2.161553,0
2018-11-15,sh.600438,7.9300,8.0000,7.8300,7.9400,8.0000,27687236,218585176.0000,3,0.995056,1,-0.749999,14.382582,1.106363,85.438824,2.145341,0
2018-11-16,sh.600438,8.0600,8.2500,7.9600,7.9900,7.9400,36670627,296127868.0000,3,1.317911,1,0.629719,14.473153,1.113330,85.976852,2.158851,0
2018-11-19,sh.600438,8.0100,8.0800,7.6600,7.8600,7.9900,40774221,320267717.0000,3,1.465391,1,-1.627029,14.237670,1.095215,84.577980,2.123726,0
2018-11-20,sh.600438,7.7900,7.9700,7.5900,7.6300,7.8600,32235509,250115236.0000,3,1.158517,1,-2.926209,13.821046,1.063167,82.103052,2.061581,0
2018-11-21,sh.600438,7.5700,8.0600,7.4200,7.9500,7.6300,39694721,311368875.0000,3,1.426594,1,4.193967,14.400696,1.107756,85.546430,2.148043,0
2018-11-22,sh.600438,7.9700,8.0700,7.8500,7.8900,7.9500,23949497,190041148.0000,3,0.860724,1,-0.754716,14.292012,1.099396,84.900796,2.131832,0
2018-11-23,sh.600438,7.9100,7.9800,7.6600,7.7800,7.8900,20195608,158135511.0000,3,0.725813,1,-1.394166,14.092757,1.084068,83.717135,2.102110,0
2018-11-26,sh.600438,7.7300,7.8400,7.6500,7.7800,7.7800,15173378,117690070.0000,3,0.545318,1,0.000000,14.092757,1.084068,83.717135,2.102110,0
2018-11-27,sh.600438,7.8700,8.1000,7.8200,7.9900,7.7800,23846288,190454386.0000,3,0.857015,1,2.699223,14.473153,1.113330,85.976852,2.158851,0
2018-11-28,sh.600438,7.9800,8.6600,7.9300,8.5000,7.9900,58095437,486600709.0000,3,2.087900,1,6.382982,15.396971,1.184393,91.464736,2.296650,0
2018-11-29,sh.600438,8.5600,8.8000,8.3700,8.3900,8.5000,37686041,322487964.0000,3,1.354404,1,-1.294114,15.197716,1.169066,90.281075,2.266929,0
2018-11-30,sh.600438,8.3400,8.5900,8.2700,8.4800,8.3900,26675691,224886215.0000,3,0.958701,1,1.072696,15.360743,1.181606,91.249525,2.291246,0
2018-12-03,sh.600438,8.9000,9.0900,8.5500,8.6700,8.4800,39840351,350679275.0000,3,1.431828,1,2.240572,15.704910,1.208081,93.294031,2.342583,0
2018-12-04,sh.600438,8.6100,8.7200,8.5100,8.5800,8.6700,18730237,161093564.0000,3,0.673149,1,-1.038064,15.541884,1.195540,92.325581,2.318266,0
2018-12-05,sh.600438,8.4500,9.3800,8.4100,9.3100,8.5800,65219447,588638555.0000,3,2.343931,1,8.508164,16.864212,1.297259,100.180788,2.515507,0
2018-12-06,sh.600438,9.2200,9.8300,9.1800,9.3500,9.3100,68808243,647666477.0000,3,2.472909,1,0.429645,16.936668,1.302833,100.611210,2.526315,0
2018-12-07,sh.600438,9.3800,9.4300,9.0200,9.3800,9.3500,40518565,373258434.0000,3,1.456203,1,0.320853,16.991010,1.307013,100.934027,2.534421,0
2018-12-10,sh.600438,9.2500,9.4500,8.9300,8.9400,9.3800,40723571,370661701.0000,3,1.463570,1,-4.690837,16.193991,1.245703,96.199381,2.415535,0
2018-12-11,sh.600438,8.9400,9.0400,8.8600,9.0000,8.9400,18110737,161918119.0000,3,0.650884,1,0.671146,16.302675,1.254063,96.845015,2.431747,0
2018-12-12,sh.600438,9.0000,9.2900,8.9200,8.9500,9.0000,28671102,260823190.0000,3,1.030415,1,-0.555558,16.212105,1.247096,96.306987,2.418237,0
2018-12-13,sh.600438,8.9700,9.1200,8.7300,9.0000,8.9500,28772726,257999551.0000,3,1.034067,1,0.558661,16.302675,1.254063,96.845015,2.431747,0
2018-12-14,sh.600438,9.0300,9.0800,8.6000,8.6900,9.0000,35823147,316341251.0000,3,1.287453,1,-3.444449,15.741139,1.210868,93.509242,2.347987,0
2018-12-17,sh.600438,8.7500,8.8200,8.5100,8.7000,8.6900,22107378,191951667.0000,3,0.794520,1,0.115077,15.759253,1.212261,93.616848,2.350689,0
2018-12-18,sh.600438,8.7700,8.8500,8.6500,8.7600,8.7000,16486022,144193357.0000,3,0.592494,1,0.689660,15.867937,1.220622,94.262481,2.366901,0
2018-12-19,sh.600438,8.7600,8.7600,8.2300,8.3400,8.7600,32116841,271642881.0000,3,1.154252,1,-4.794521,15.107146,1.162099,89.743047,2.253419,0
2018-12-20,sh.600438,8.3600,8.6800,8.3100,8.4500,8.3400,32640113,277832761.0000,3,1.173058,1,1.318941,15.306401,1.177426,90.926708,2.283140,0
2018-12-21,sh.600438,8.5100,8.7000,8.2000,8.4400,8.4500,34456652,291105730.0000,3,1.238343,1,-0.118346,15.288286,1.176033,90.819103,2.280438,0
2018-12-24,sh.600438,8.3600,8.7000,8.2800,8.6700,8.4400,26549679,227535042.0000,3,0.954173,1,2.725125,15.704910,1.208081,93.294031,2.342583,0
2018-12-25,sh.600438,8.5400,8.8200,8.4500,8.5800,8.6700,29325420,252782786.0000,3,1.053930,1,-1.038064,15.541884,1.195540,92.325581,2.318266,0
2018-12-26,sh.600438,8.7400,8.7400,8.4300,8.4800,8.5800,16673468,142552347.0000,3,0.599230,1,-1.165506,15.360743,1.181606,91.249525,2.291246,0
2018-12-27,sh.600438,8.5900,8.6600,8.2000,8.2600,8.4800,21179556,178288493.0000,3,0.761175,1,-2.594332,14.962233,1.150952,88.882203,2.231803,0
2018-12-28,sh.600438,8.2900,8.3300,7.8400,8.2800,8.2600,32580767,264516981.0000,3,1.170925,1,0.242125,14.998461,1.153738,89.097414,2.237207,0
2019-01-02,sh.600438,8.3000,8.4100,8.2100,8.2800,8.2800,14361367,118939667.0000,3,0.516135,1,0.000000,14.998461,1.153738,89.097414,2.237207,0
2019-01-03,sh.600438,8.4400,8.4400,7.8800,7.9400,8.2800,28063011,226141672.0000,3,1.008561,1,-4.106277,14.382582,1.106363,85.438824,2.145341,0
2019-01-04,sh.600438,7.8100,8.1400,7.7700,8.0800,7.9400,22370981,179098287.0000,3,0.803994,1,1.763223,14.636179,1.125870,86.945302,2.183169,0
2019-01-07,sh.600438,8.1800,8.5000,8.1100,8.5000,8.0800,30594146,255483368.0000,3,1.099527,1,5.198021,15.396971,1.184393,91.464736,2.296650,0
2019-01-08,sh.600438,8.5000,8.5400,8.3400,8.4800,8.5000,19556055,165043166.0000,3,0.702828,1,-0.235299,15.360743,1.181606,91.249525,2.291246,0
2019-01-09,sh.600438,8.5000,8.5500,8.1100,8.3100,8.4800,28602094,239516890.0000,3,1.027935,1,-2.004707,15.052803,1.157919,89.420230,2.245313,0
2019-01-10,sh.600438,8.5000,9.0900,8.5000,8.9200,8.3100,70962867,630105635.0000,3,2.550345,1,7.340549,16.157762,1.242916,95.984170,2.410132,0
2019-01-11,sh.600438,8.9200,8.9800,8.7300,8.7500,8.9200,25984331,229380564.0000,3,0.933855,1,-1.905830,15.849823,1.219228,94.154876,2.364199,0
2019-01-14,sh.600438,8.7500,8.9300,8.6400,8.7500,8.7500,21617414,189423607.0000,3,0.776911,1,0.000000,15.849823,1.219228,94.154876,2.364199,0
2019-01-15,sh.600438,8.7000,9.1400,8.6700,9.1000,8.7500,38995673,349671555.0000,3,1.401471,1,4.000004,16.483816,1.267997,97.921071,2.458767,0
2019-01-16,sh.600438,9.1400,9.2300,9.0200,9.1700,9.1000,24048552,219385477.0000,3,0.864284,1,0.769227,16.610615,1.277751,98.674310,2.477680,0
2019-01-17,sh.600438,9.1900,9.6000,9.1300,9.2600,9.1700,35462862,331124830.0000,3,1.274505,1,0.981463,16.773641,1.290292,99.642760,2.501998,0
2019-01-18,sh.600438,9.3900,9.8700,9.3100,9.7400,9.2600,46592585,446368788.0000,3,1.674498,1,5.183580,17.643117,1.357175,104.807827,2.631691,0
2019-01-21,sh.600438,9.7500,9.8500,9.5100,9.5800,9.7400,32296014,311110384.0000,3,1.160691,1,-1.642709,17.353292,1.334881,103.086138,2.588460,0
2019-01-22,sh.600438,9.5500,9.6900,9.2100,9.3100,9.5800,29228266,273246086.0000,3,1.050439,1,-2.818367,16.864212,1.297259,100.180788,2.515507,0
2019-01-23,sh.600438,9.3200,9.5100,9.2200,9.4100,9.3100,24986090,234434996.0000,3,0.897979,1,1.074108,17.045353,1.311193,101.256843,2.542527,0
2019-01-24,sh.600438,9.3900,10.3500,9.3900,10.1000,9.4100,102407521,1040258538.0000,3,3.680439,1,7.332631,18.295224,1.407338,108.681628,2.728961,0
2019-01-25,sh.600438,10.2700,10.3400,9.9800,10.1200,10.1000,45528579,464490701.0000,3,1.636258,1,0.198015,18.331452,1.410125,108.896839,2.734365,0
2019-01-28,sh.600438,10.2800,10.4000,9.8800,10.0500,10.1200,41790682,422432306.0000,3,1.501921,1,-0.691697,18.204654,1.400371,108.143600,2.715451,0
2019-01-29,sh.600438,10.1000,10.3300,9.8500,10.1000,10.0500,40842332,412742085.0000,3,1.467838,1,0.497514,18.295224,1.407338,108.681628,2.728961,0
2019-01-30,sh.600438,10.1800,10.6200,10.1600,10.2600,10.1000,51749887,537729159.0000,3,1.859847,1,1.584157,18.585050,1.429632,110.403317,2.772192,0
2019-01-31,sh.600438,10.2700,10.4300,10.1500,10.2600,10.2600,27790592,286760618.0000,3,0.998770,1,0.000000,18.585050,1.429632,110.403317,2.772192,0
2019-02-01,sh.600438,10.4000,11.0400,10.3600,10.7500,10.2600,51260567,552259751.0000,3,1.842261,1,4.775826,19.472640,1.497909,115.675990,2.904587,0
2019-02-11,sh.600438,10.7500,10.9900,10.7000,10.9800,10.7500,32241875,350824886.0000,3,1.158745,1,2.139531,19.889264,1.529957,118.150918,2.966731,0
2019-02-12,sh.600438,10.8800,10.9500,10.6100,10.8700,10.9800,31980325,343944350.0000,3,1.149346,1,-1.001818,19.690009,1.514630,116.967257,2.937010,0
2019-02-13,sh.600438,10.8100,11.0000,10.7300,10.9500,10.8700,35641855,388750832.0000,3,1.280938,1,0.735970,19.834921,1.525777,117.828101,2.958626,0
2019-02-14,sh.600438,10.8400,11.3600,10.8000,11.2800,10.9500,41973967,471859923.0000,3,1.508508,1,3.013698,20.432686,1.571759,121.379085,3.047790,0
2019-02-15,sh.600438,11.2300,11.7000,11.1700,11.4900,11.2800,49539706,567352061.0000,3,1.780415,1,1.861702,20.813082,1.601021,123.638802,3.104530,0
2019-02-18,sh.600438,11.3300,12.3200,11.3300,12.2700,11.4900,57968801,699046461.0000,3,2.083349,1,6.788517,22.225980,1.709706,132.032037,3.315282,0
2019-02-19,sh.600438,12.6500,12.9800,12.0000,12.2400,12.2700,79662528,998536238.0000,3,2.863003,1,-0.244504,22.171638,1.705526,131.709220,3.307176,0
2019-02-20,sh.600438,12.4000,12.5500,12.0000,12.4900,12.2400,28795928,354335370.0000,3,0.973009,1,2.042484,22.624490,1.740361,134.399360,3.374725,0
2019-02-21,sh.600438,12.3100,13.1600,12.2900,12.6800,12.4900,50791195,648890176.0000,3,1.716226,1,1.521221,22.968658,1.766836,136.443865,3.426061,0
2019-02-22,sh.600438,12.8300,13.4300,12.6100,13.2900,12.6800,55370015,722690641.0000,3,1.870943,1,4.810722,24.073617,1.851834,143.007805,3.590880,0
2019-02-25,sh.600438,13.6900,13.7800,13.0100,13.4000,13.2900,80950022,1086009361.0000,3,2.735287,1,0.827687,24.272872,1.867161,144.191467,3.620601,0
2019-02-26,sh.600438,13.3100,13.5000,12.7800,13.0500,13.4000,75447681,988802685.0000,3,2.549364,1,-2.611936,23.638879,1.818392,140.425272,3.526033,0
2019-02-27,sh.600438,12.8800,12.9400,11.7500,11.7500,13.0500,116971847,1415555707.0000,3,3.952459,1,-9.961687,21.284048,1.637249,126.436547,3.174781,0
2019-02-28,sh.600438,11.6300,12.1200,11.4100,11.9000,11.7500,60972554,722415355.0000,3,2.060252,1,1.276592,21.555759,1.658150,128.050631,3.215310,0
2019-03-01,sh.600438,11.9400,12.1800,11.8100,12.0000,11.9000,51769907,619380416.0000,3,1.749296,1,0.840339,21.736900,1.672085,129.126687,3.242329,0
2019-03-04,sh.600438,12.1600,12.2300,11.7300,11.9300,12.0000,91622581,1095943089.0000,3,3.095911,1,-0.583331,21.610102,1.662331,128.373448,3.223416,0
2019-03-05,sh.600438,11.9000,12.0800,11.6800,11.9900,11.9300,61261392,727145090.0000,3,2.070012,1,0.502929,21.718786,1.670691,129.019081,3.239628,0
2019-03-06,sh.600438,11.9800,12.1100,11.6800,11.8300,11.9900,60190091,714466317.0000,3,2.033813,1,-1.334444,21.428961,1.648397,127.297392,3.196396,0
2019-03-07,sh.600438,11.8300,11.8500,11.3400,11.4800,11.8300,61667757,711824549.0000,3,2.083743,1,-2.958583,20.794968,1.599628,123.531197,3.101829,0
2019-03-08,sh.600438,11.4100,11.8500,11.2200,11.3400,11.4800,53949485,622835044.0000,3,1.822944,1,-1.219507,20.541371,1.580120,122.024719,3.064001,0
2019-03-11,sh.600438,11.3200,12.4700,11.3100,12.4700,11.3400,109032165,1325883276.0000,3,3.684178,1,9.964727,22.588262,1.737574,134.184148,3.369321,0
2019-03-12,sh.600438,12.4700,12.9500,12.3500,12.6100,12.4700,80772930,1021589447.0000,3,2.729303,1,1.122689,22.841859,1.757082,135.690626,3.407148,0
2019-03-13,sh.600438,12.4900,12.7400,12.1000,12.6300,12.6100,47338633,588787017.0000,3,1.599564,1,0.158608,22.878087,1.759869,135.905838,3.412552,0
2019-03-14,sh.600438,12.6000,13.0600,12.3300,12.4900,12.6300,66215452,839899186.0000,3,2.237409,1,-1.108475,22.624490,1.740361,134.399360,3.374725,0
2019-03-15,sh.600438,12.7100,12.9500,12.6100,12.8000,12.4900,58646843,751540747.0000,3,1.981667,1,2.481989,23.186027,1.783557,137.735132,3.458485,0
2019-03-18,sh.600438,12.7400,12.7700,12.1900,12.5500,12.8000,44572633,554268362.0000,3,1.506102,1,-1.953125,22.733175,1.748722,135.044993,3.390936,0
2019-03-19,sh.600438,12.5400,12.5500,12.2800,12.3500,12.5500,32127096,398026896.0000,3,1.085569,1,-1.593624,22.370893,1.720854,132.892882,3.336897,0
2019-03-20,sh.600438,12.3300,12.5200,12.0500,12.4100,12.3500,31783556,389963270.0000,3,1.073961,1,0.485826,22.479578,1.729214,133.538515,3.353109,0
2019-03-21,sh.600438,12.4100,12.4800,12.1900,12.2500,12.4100,25435158,312249832.0000,3,0.859450,1,-1.289282,22.189752,1.706920,131.816826,3.309878,0
2019-03-22,sh.600438,12.1900,12.2300,11.6200,11.8100,12.2500,51762177,612607230.0000,3,1.749035,1,-3.591833,21.392733,1.645610,127.082181,3.190993,0
2019-03-25,sh.600438,11.6700,11.9900,11.4500,11.4900,11.8100,39645983,464125761.0000,3,1.339631,1,-2.709574,20.813082,1.601021,123.638802,3.104530,0
2019-03-26,sh.600438,11.7500,11.7500,11.2100,11.2500,11.4900,28881314,329819911.0000,3,0.975895,1,-2.088771,20.378344,1.567579,121.056269,3.039684,0
2019-03-27,sh.600438,11.3700,11.4800,11.1000,11.3300,11.2500,22490467,254418145.0000,3,0.759949,1,0.711110,20.523257,1.578726,121.917113,3.061299,0
2019-03-28,sh.600438,11.3100,11.7100,11.2000,11.5000,11.3300,27871267,321711427.0000,3,0.941765,1,1.500442,20.831196,1.602414,123.746408,3.107232,0
2019-03-29,sh.600438,11.5800,12.2000,11.5000,12.1600,11.5000,50941452,609056313.0000,3,1.721303,1,5.739129,22.026726,1.694379,130.848376,3.285561,0
2019-04-01,sh.600438,12.1600,13.3800,12.1600,13.3800,12.1600,81650308,1062220189.0000,3,2.758950,1,10.032900,24.236644,1.864374,143.976256,3.615197,0
2019-04-02,sh.600438,13.8600,14.1200,13.4800,13.8100,13.3800,78088514,1081773024.0000,3,2.638597,1,3.213754,25.015549,1.924291,148.603295,3.731381,0
2019-04-03,sh.600438,13.8100,13.9000,13.6000,13.8100,13.8100,36760802,505074969.0000,3,1.242141,1,0.000000,25.015549,1.924291,148.603295,3.731381,0
2019-04-04,sh.600438,13.8200,13.9500,13.3100,13.3600,13.8100,45844995,618627271.0000,3,1.549094,1,-3.258514,24.200416,1.861587,143.761044,3.609793,0
2019-04-08,sh.600438,13.4500,13.8000,13.0500,13.3000,13.3600,39549601,530222637.0000,3,1.336374,1,-0.449098,24.091731,1.853227,143.115411,3.593582,0
2019-04-09,sh.600438,13.0200,13.3000,12.9500,13.0300,13.3000,29719371,389113023.0000,3,1.004212,1,-2.030078,23.602651,1.815605,140.210061,3.520629,0
2019-04-10,sh.600438,13.1000,13.4500,12.9700,13.2300,13.0300,33574430,442851817.0000,3,1.134474,1,1.534918,23.964932,1.843473,142.362172,3.574668,0
2019-04-11,sh.600438,13.4000,13.4700,12.1000,12.7000,13.2300,62316888,791504386.0000,3,2.105677,1,-4.006045,23.004886,1.769623,136.659077,3.431465,0
2019-04-12,sh.600438,12.5600,12.9000,12.4200,12.5600,12.7000,33052204,417083215.0000,3,1.116828,1,-1.102358,22.751289,1.750115,135.152599,3.393638,0
2019-04-15,sh.600438,12.4600,13.1200,12.4600,12.6000,12.5600,35263604,452705595.0000,3,1.191551,1,0.318471,22.823745,1.755689,135.583021,3.404446,0
2019-04-16,sh.600438,12.6300,12.9400,12.2600,12.8400,12.6000,26377176,333312868.0000,3,0.891280,1,1.904760,23.258483,1.789130,138.165555,3.469293,0
2019-04-17,sh.600438,12.9800,13.9300,12.9000,13.8300,12.8400,58387749,793441235.0000,3,1.972912,1,7.710279,25.051777,1.927077,148.818506,3.736785,0
2019-04-18,sh.600438,13.8800,14.8500,13.5700,14.3000,13.8300,69423270,995392144.0000,3,2.345800,1,3.398411,25.356978,1.949213,15.038921,3.645951,0
2019-04-19,sh.600438,14.3100,14.7500,14.0500,14.6000,14.3000,43699621,632788486.0000,3,1.476603,1,2.097903,25.888943,1.990105,15.354423,3.722439,0
2019-04-22,sh.600438,14.7900,15.6500,14.6700,14.8800,14.6000,50676923,771988879.0000,3,1.712364,1,1.917806,26.385443,2.028272,15.648891,3.793828,0
2019-04-23,sh.600438,15.0000,15.3200,14.4900,14.5400,14.8800,47651285,703821076.0000,3,1.610129,1,-2.284947,25.782550,1.981927,15.291323,3.707142,0
2019-04-24,sh.600438,14.8500,15.0600,14.4000,14.6800,14.5400,36818665,542719274.0000,3,1.244096,1,0.962863,26.030800,2.001010,15.438557,3.742836,0
2019-04-25,sh.600438,14.9900,15.0200,14.3400,14.4000,14.6800,37483056,550742733.0000,3,1.266546,1,-1.907362,25.534300,1.962844,15.144088,3.671447,0
2019-04-26,sh.600438,14.4500,14.8000,14.1100,14.2300,14.4000,33107914,478171057.0000,3,1.118711,1,-1.180556,25.232853,1.939671,14.965304,3.628103,0
2019-04-29,sh.600438,14.3700,14.9100,14.2100,14.5500,14.2300,45259322,658833636.0000,3,1.529305,1,2.248775,25.800282,1.983290,15.301839,3.709691,0
2019-04-30,sh.600438,14.3500,14.5500,13.8700,14.2700,14.5500,35874360,509933220.0000,3,1.212188,1,-1.924397,25.303782,1.945124,15.007371,3.638302,0
2019-05-06,sh.600438,13.8500,14.1700,13.4500,13.9400,14.2700,50198386,692098077.0000,3,1.696195,1,-2.312550,24.718621,1.900142,14.660319,3.554165,0
2019-05-07,sh.600438,14.1500,14.9800,13.8100,14.8000,13.9400,49631991,720935120.0000,3,1.677056,1,6.169302,26.243586,2.017367,15.564757,3.773432,0
2019-05-08,sh.600438,14.6000,14.7700,14.1500,14.2500,14.8000,39930343,577630585.0000,3,1.349239,1,-3.716217,25.268317,1.942397,14.986337,3.633203,0
2019-05-09,sh.600438,14.0100,14.7000,13.8900,14.6900,14.2500,35417989,506273727.0000,3,1.196768,1,3.087716,26.048532,2.002373,15.449073,3.745386,0
2019-05-10,sh.600438,14.7500,15.5000,14.1300,15.0800,14.6900,57736942,862346875.0000,3,1.950921,1,2.654870,26.740086,2.055534,15.859226,3.844821,0
2019-05-13,sh.600438,14.8100,15.0000,14.2100,14.7500,15.0800,26993130,396894055.0000,3,0.912093,1,-2.188329,26.154925,2.010552,15.512174,3.760683,0
2019-05-14,sh.600438,14.3700,15.5400,14.3700,15.3500,14.7500,38551731,583711166.0000,3,1.302656,1,4.067799,27.218854,2.092337,16.143177,3.913660,0
2019-05-15,sh.600438,15.5100,16.7800,15.3700,16.5500,15.3500,73867358,1187010836.0000,3,2.495965,1,7.817582,29.346712,2.255907,17.405185,4.219614,0
2019-05-16,sh.600438,16.4000,16.6600,15.8800,16.1800,16.5500,48963363,796032886.0000,3,1.654464,1,-2.235643,28.690623,2.205473,17.016066,4.125279,0
2019-05-17,sh.600438,16.2100,16.4000,15.5700,15.6500,16.1800,34541000,550828328.0000,3,1.167134,1,-3.275653,27.750819,2.133229,16.458679,3.990149,0
2019-05-20,sh.600438,15.5100,15.6300,14.3900,15.2500,15.6500,35123237,528939793.0000,3,1.186808,1,-2.555908,27.041532,2.078706,16.038010,3.888164,0
2019-05-21,sh.600438,15.2200,15.5600,14.9600,15.1300,15.2500,34386333,523013907.0000,3,1.161908,1,-0.786884,26.828747,2.062349,15.911809,3.857569,0
2019-05-22,sh.600438,15.1000,15.6600,15.0100,15.2400,15.1300,32970695,504282167.0000,3,1.114074,1,0.727030,27.023800,2.077343,16.027493,3.885615,0
2019-05-23,sh.600438,15.0600,15.1000,14.5000,14.6300,15.0800,27555505,405943304.0000,3,0.931096,1,-2.984084,25.942139,1.994195,15.385973,3.730088,0
2019-05-24,sh.600438,14.4400,14.9600,14.1500,14.5300,14.6300,23927813,346807121.0000,3,0.808517,1,-0.683530,25.764818,1.980564,15.280806,3.704592,0
2019-05-27,sh.600438,14.8100,15.5000,14.6600,15.4600,14.5300,39127519,593085950.0000,3,1.322112,1,6.400553,27.413908,2.107331,16.258861,3.941706,0
2019-05-28,sh.600438,15.4500,15.6200,15.0900,15.5900,15.4600,32827349,503644036.0000,3,1.109230,1,0.840881,27.644426,2.125051,16.395579,3.974851,0
2019-05-29,sh.600438,15.3100,15.4900,15.1000,15.1300,15.5900,23096810,351242512.0000,3,0.780437,1,-2.950610,26.828747,2.062349,15.911809,3.857569,0
2019-05-30,sh.600438,14.9700,15.3400,14.7500,15.2500,15.1300,28882289,434164841.0000,3,0.975928,1,0.793126,27.041532,2.078706,16.038010,3.888164,0
2019-05-31,sh.600438,15.5000,15.8800,15.0600,15.4000,15.2500,44012241,682983916.0000,3,1.487166,1,0.983604,27.307515,2.099152,16.195761,3.926408,0
2019-06-03,sh.600438,15.3100,15.5900,14.8000,14.8000,15.4000,35589481,535914017.0000,3,1.202562,1,-3.896101,26.243586,2.017367,15.564757,3.773432,0
2019-06-04,sh.600438,15.0000,15.1700,14.5100,14.9300,14.8000,24887278,368986748.0000,3,0.840937,1,0.878379,26.474104,2.035087,15.701475,3.806577,0
2019-06-05,sh.600438,15.0500,15.0900,14.3800,14.4600,14.9300,24040513,351414770.0000,3,0.812325,1,-3.148026,25.640692,1.971022,15.207189,3.686745,0
2019-06-06,sh.600438,14.4600,14.5700,13.8900,14.0100,14.4600,27533988,389075601.0000,3,0.930369,1,-3.112032,24.842746,1.909683,14.733936,3.572012,0
2019-06-10,sh.600438,14.0200,14.5800,13.8000,14.4200,14.0100,22258916,317254248.0000,3,0.752125,1,2.926480,25.569764,1.965570,15.165122,3.676546,0
2019-06-11,sh.600438,14.5000,15.0100,14.4200,14.9000,14.4200,28139986,416104410.0000,3,0.950845,1,3.328707,26.420907,2.030998,15.669925,3.798928,0
2019-06-12,sh.600438,14.9300,14.9300,14.3400,14.3600,14.9000,23169378,337758739.0000,3,0.782889,1,-3.624161,25.463371,1.957391,15.102021,3.661248,0
2019-06-13,sh.600438,14.5400,14.7100,14.0800,14.2600,14.3600,22603078,323797143.0000,3,0.763754,1,-0.696375,25.286049,1.943761,14.996854,3.635752,0
2019-06-14,sh.600438,14.4500,14.5500,14.1000,14.2200,14.2600,20214611,288395303.0000,3,0.683048,1,-0.280505,25.215121,1.938308,14.954787,3.625554,0
2019-06-17,sh.600438,14.1400,14.1600,13.0200,13.5600,14.2200,46607681,629247268.0000,3,1.574865,1,-4.641349,24.044799,1.848345,14.260683,3.457279,0
2019-06-18,sh.600438,13.5200,13.9900,13.4600,13.8900,13.5600,24671187,340845337.0000,3,0.833635,1,2.433628,24.629960,1.893326,14.607735,3.541416,0
2019-06-19,sh.600438,14.3500,14.7700,14.0300,14.2200,13.8900,40388244,583777171.0000,3,1.364712,1,2.375809,25.215121,1.938308,14.954787,3.625554,0
2019-06-20,sh.600438,14.2500,14.9500,14.1000,14.8400,14.2200,37426391,548606308.0000,3,1.264631,1,4.360055,26.314514,2.022820,15.606824,3.783630,0
2019-06-21,sh.600438,14.8000,15.0100,14.4100,14.5600,14.8400,36160530,527570345.0000,3,1.221858,1,-1.886791,25.818014,1.984653,15.312356,3.712241,0
2019-06-24,sh.600438,14.8000,14.9000,14.3700,14.6900,14.5600,25056646,366205586.0000,3,0.846660,1,0.892851,26.048532,2.002373,15.449073,3.745386,0
2019-06-25,sh.600438,14.5400,14.5400,13.9400,14.2000,14.6900,37880892,538029718.0000,3,1.279989,1,-3.335601,25.179656,1.935582,14.933754,3.620455,0
2019-06-26,sh.600438,14.0500,14.1200,13.4900,14.0100,14.2000,44200288,609495483.0000,3,1.493520,1,-1.338025,24.842746,1.909683,14.733936,3.572012,0
2019-06-27,sh.600438,14.1500,14.3600,13.9900,14.2700,14.0100,26913972,383270994.0000,3,0.909418,1,1.855819,25.303782,1.945124,15.007371,3.638302,0
2019-06-28,sh.600438,14.3500,14.3900,13.9200,14.0600,14.2700,16962682,239547063.0000,3,0.573166,1,-1.471619,24.931406,1.916499,14.786520,3.584760,0
2019-07-01,sh.600438,14.5000,14.8500,14.3000,14.6100,14.0600,31411509,458815543.0000,3,1.061389,1,3.911801,25.906675,1.991469,15.364940,3.724989,0
2019-07-02,sh.600438,14.7000,14.7000,13.6200,14.2600,14.6100,68736665,960338001.0000,3,2.322600,1,-2.395616,25.286049,1.943761,14.996854,3.635752,0
2019-07-03,sh.600438,14.1100,14.1200,13.8800,13.9500,14.2600,30431467,424401955.0000,3,1.028274,1,-2.173916,24.736353,1.901505,14.670836,3.556714,0
2019-07-04,sh.600438,13.8100,14.0300,13.7500,13.8600,13.9500,19124536,265010548.0000,3,0.646215,1,-0.645162,24.576763,1.889237,14.576185,3.533768,0
2019-07-05,sh.600438,14.3400,14.4300,13.8800,13.9500,13.8600,33233326,468220093.0000,3,1.122948,1,0.649352,24.736353,1.901505,14.670836,3.556714,0
2019-07-08,sh.600438,13.8500,13.8500,13.5000,13.5900,13.9500,24732929,337115452.0000,3,0.835721,1,-2.580643,24.097995,1.852434,14.292233,3.464928,0
2019-07-09,sh.600438,13.4800,13.6000,13.1300,13.2900,13.5900,28750896,382768888.0000,3,0.971488,1,-2.207507,23.566031,1.811541,13.976732,3.388440,0
2019-07-10,sh.600438,13.4000,13.5500,13.2400,13.3200,13.2900,15031528,200952397.0000,3,0.507913,1,0.225732,23.619227,1.815630,14.008282,3.396088,0
2019-07-11,sh.600438,13.2100,13.2900,12.4700,12.8800,13.3200,53467505,683557985.0000,3,1.806658,1,-3.303300,22.839012,1.755655,13.545546,3.283905,0
2019-07-12,sh.600438,13.0100,13.6800,13.0100,13.6000,12.8800,46094232,620552705.0000,3,1.557516,1,5.590064,24.115727,1.853797,14.302750,3.467478,0
2019-07-15,sh.600438,13.4600,13.7000,13.3000,13.5900,13.6000,30335297,409825337.0000,3,1.025024,1,-0.073531,24.097995,1.852434,14.292233,3.464928,0
2019-07-16,sh.600438,13.5900,13.5900,13.3300,13.3600,13.5900,18873335,253069876.0000,3,0.637727,1,-1.692425,23.690156,1.821083,14.050349,3.406287,0
2019-07-17,sh.600438,13.3600,13.6000,13.3000,13.4200,13.3600,17388043,234533274.0000,3,0.587539,1,0.449105,23.796549,1.829261,14.113449,3.421585,0
2019-07-18,sh.600438,13.8000,13.9700,13.6000,13.6900,13.4200,38453637,529027464.0000,3,1.299342,1,2.011919,24.275317,1.866065,14.397401,3.490424,0
2019-07-19,sh.600438,13.6700,13.9600,13.5600,13.6000,13.6900,23616660,324615459.0000,3,0.798003,1,-0.657408,24.115727,1.853797,14.302750,3.467478,0
2019-07-22,sh.600438,13.6900,13.7200,13.3300,13.4500,13.6000,12322692,166246726.0000,3,0.416382,1,-1.102945,23.849745,1.833351,14.144999,3.429233,0
2019-07-23,sh.600438,13.4800,14.1300,13.3600,14.0500,13.4500,36808018,513416689.0000,3,1.243737,1,4.460969,24.913674,1.915136,14.776003,3.582210,0
2019-07-24,sh.600438,14.1700,14.3100,13.9400,14.1300,14.0500,25275411,355978716.0000,3,0.854052,1,0.569395,25.055531,1.926040,14.860137,3.602607,0
2019-07-25,sh.600438,14.0600,14.3700,13.8300,14.2500,14.1300,35170945,498969487.0000,3,1.188420,1,0.849256,25.268317,1.942397,14.986337,3.633203,0
2019-07-26,sh.600438,14.0500,14.4600,13.9700,14.2500,14.2500,29336089,417161648.0000,3,0.991300,1,0.000000,25.268317,1.942397,14.986337,3.633203,0
2019-07-29,sh.600438,14.1400,14.9300,14.1400,14.7900,14.2500,36121253,529399955.0000,3,1.220531,1,3.789473,26.225853,2.016004,15.554241,3.770882,0
2019-07-30,sh.600438,14.8700,14.9100,14.5500,14.5900,14.7900,24142375,355363087.0000,3,0.815800,1,-1.352300,25.871210,1.988742,15.343906,3.719890,0
2019-07-31,sh.600438,14.5600,14.7900,14.4900,14.5600,14.5900,16414512,240001095.0000,3,0.554600,1,-0.205600,25.818014,1.984653,15.312356,3.712241,0
2019-08-01,sh.600438,14.4500,14.6500,14.3100,14.4400,14.5600,21770703,314233562.0000,3,0.735600,1,-0.824200,25.605228,1.968296,15.186155,3.681645,0
2019-08-02,sh.600438,13.8900,14.2900,13.8900,14.1400,14.4400,18780771,265062206.0000,3,0.634600,1,-2.077600,25.073264,1.927404,14.870653,3.605157,0
2019-08-05,sh.600438,14.2100,14.3400,13.7500,13.7500,14.1400,19148229,268848501.0000,3,0.647000,1,-2.758100,24.381710,1.874243,14.460501,3.505722,0
2019-08-06,sh.600438,13.6800,13.6800,13.0900,13.3000,13.7500,30415993,405849029.0000,3,1.027800,1,-3.272700,23.583763,1.812904,13.987248,3.390989,0
2019-08-07,sh.600438,13.5400,13.6600,13.2200,13.2300,13.3000,21558737,288646097.0000,3,0.728500,1,-0.526300,23.459638,1.803363,13.913631,3.373142,0
2019-08-08,sh.600438,13.2800,13.4700,13.0400,13.1200,13.2300,26569897,350640896.0000,3,0.897800,1,-0.831400,23.264584,1.788369,13.797947,3.345096,0
2019-08-09,sh.600438,13.2300,13.4400,13.0300,13.2000,13.1200,22914316,303446129.0000,3,0.774300,1,0.609800,23.406441,1.799273,13.882081,3.365493,0
2019-08-12,sh.600438,13.2100,13.3600,12.9100,13.0000,13.2000,34007947,445712113.0000,3,1.149100,1,-1.515200,23.051798,1.772012,13.671746,3.314501,0
2019-08-13,sh.600438,13.0200,13.2600,12.6500,12.8000,13.0000,29520532,380429041.0000,3,0.997500,1,-1.538500,22.697155,1.744750,13.461412,3.263508,0
2019-08-14,sh.600438,12.9000,13.1000,12.5400,12.8000,12.8000,35467561,452169092.0000,3,1.198400,1,0.000000,22.697155,1.744750,13.461412,3.263508,0
2019-08-15,sh.600438,12.5500,13.1300,12.3700,13.0200,12.8000,43040467,550980957.0000,3,1.454300,1,1.718800,19.812479,1.620255,48.539684,3.245849,0
2019-08-16,sh.600438,13.0000,13.2500,12.7800,12.9800,13.0200,35883183,466354489.0000,3,1.212500,1,-0.307200,19.751611,1.615277,48.390561,3.235878,0
2019-08-19,sh.600438,13.1200,13.4500,12.8800,13.1900,12.9800,44054979,579372065.0000,3,1.488600,1,1.617900,20.071167,1.641410,49.173459,3.288230,0
2019-08-20,sh.600438,13.2300,13.7700,13.2000,13.7000,13.1900,42514664,575560148.0000,3,1.436600,1,3.866600,20.847232,1.704877,51.074783,3.415371,0
2019-08-21,sh.600438,13.6000,15.0700,13.6000,15.0700,13.7000,109214446,1611253393.0000,3,3.690300,1,10.000000,22.931955,1.875364,56.182261,3.756909,0
2019-08-22,sh.600438,15.0900,15.4100,14.8000,14.9500,15.0700,60441133,908962793.0000,3,2.042300,1,-0.796300,22.749352,1.860431,55.734891,3.726993,0
2019-08-23,sh.600438,15.1000,15.2000,14.7100,14.8300,14.9500,28023848,416470178.0000,3,0.946900,1,-0.802700,22.566748,1.845498,55.287520,3.697077,0
2019-08-26,sh.600438,14.6500,14.7500,14.4300,14.5400,14.8300,31210295,454215641.0000,3,1.054600,1,-1.955500,22.125456,1.809409,54.206375,3.624781,0
2019-08-27,sh.600438,14.7000,15.0500,14.6000,14.9000,14.5400,38423765,568944809.0000,3,1.298300,1,2.475900,22.673267,1.854209,55.548486,3.714528,0
2019-08-28,sh.600438,14.8400,15.3300,14.7600,15.1900,14.9000,57471327,871153973.0000,3,1.941900,1,1.946300,23.114559,1.890298,56.629631,3.786824,0
2019-08-29,sh.600438,15.2400,15.5200,15.0500,15.0900,15.1900,32582605,497315779.0000,3,1.101000,1,-0.658300,22.962389,1.877853,56.256823,3.761895,0
2019-08-30,sh.600438,15.2000,15.2700,14.5900,14.6500,15.0900,30520749,453864451.0000,3,1.031300,1,-2.915800,22.292843,1.823098,54.616465,3.652204,0
2019-09-02,sh.600438,14.8000,15.6000,14.6400,15.3800,14.6500,46433587,705660836.0000,3,1.569000,1,4.982900,23.403681,1.913942,57.337968,3.834191,0
2019-09-03,sh.600438,15.4000,15.6700,15.2000,15.3900,15.3800,32208727,496388225.0000,3,1.088300,1,0.065000,23.418898,1.915186,57.375249,3.836684,0
2019-09-04,sh.600438,15.3000,15.4900,14.9700,15.1000,15.3900,26255023,398373928.0000,3,0.887200,1,-1.884300,22.977606,1.879098,56.294104,3.764388,0
2019-09-05,sh.600438,15.1500,15.3600,15.0500,15.1300,15.1000,29763198,452141795.0000,3,1.005700,1,0.198700,23.023257,1.882831,56.405946,3.771866,0
2019-09-06,sh.600438,15.0600,15.2200,14.7400,14.8900,15.1300,30449625,453958308.0000,3,1.028900,1,-1.586300,22.658050,1.852965,55.511206,3.712035,0
2019-09-09,sh.600438,15.0000,15.0700,14.6700,14.8500,14.8900,29476152,437897888.0000,3,0.996000,1,-0.268600,22.597182,1.847987,55.362082,3.702063,0
2019-09-10,sh.600438,14.9500,14.9500,14.6500,14.7500,14.8500,22517095,332477048.0000,3,0.760800,1,-0.673400,22.445012,1.835542,54.989273,3.677134,0
2019-09-11,sh.600438,14.7800,14.8200,14.4100,14.4700,14.7500,24445370,355546284.0000,3,0.826000,1,-1.898300,22.018938,1.800698,53.945409,3.607330,0
2019-09-12,sh.600438,14.6100,15.2000,14.6100,15.1200,14.4700,50628180,759898411.0000,3,1.710700,1,4.492000,23.008040,1.881587,56.368665,3.769373,0
2019-09-16,sh.600438,15.1700,15.1800,14.8100,14.9000,15.1200,26800344,401074442.0000,3,0.905600,1,-1.455000,22.673267,1.854209,55.548486,3.714528,0
2019-09-17,sh.600438,14.8500,14.8900,14.1400,14.3800,14.9000,36496019,525288616.0000,3,1.233200,1,-3.489900,21.881985,1.789498,53.609882,3.584894,0
2019-09-18,sh.600438,14.3700,14.4900,14.1500,14.2900,14.3800,17704490,252879686.0000,3,0.598200,1,-0.625900,21.745032,1.778298,53.274354,3.562457,0
2019-09-19,sh.600438,14.2700,14.5800,14.0900,14.2700,14.2900,24343306,348110333.0000,3,0.822600,1,-0.140000,21.714598,1.775810,53.199792,3.557471,0
2019-09-20,sh.600438,14.3400,14.4500,14.0300,14.4500,14.2700,27772398,394242576.0000,3,0.938400,1,1.261400,21.988504,1.798209,53.870848,3.602344,0
2019-09-23,sh.600438,14.2500,14.2700,13.8000,13.9500,14.4500,38030417,530157636.0000,3,1.285000,1,-3.460200,21.227656,1.735988,52.006804,3.477696,0
2019-09-24,sh.600438,13.9100,14.1900,13.6400,13.9500,13.9500,30866950,430779794.0000,3,1.043000,1,0.000000,21.227656,1.735988,52.006804,3.477696,0
2019-09-25,sh.600438,13.8600,13.8600,13.2200,13.2600,13.9500,40097271,538708498.0000,3,1.354900,1,-4.946200,20.177686,1.650122,49.434425,3.305681,0
2019-09-26,sh.600438,13.3900,13.5000,12.8000,12.9700,13.2600,33391021,438017979.0000,3,1.128300,1,-2.187000,19.736394,1.614033,48.353280,3.233385,0
2019-09-27,sh.600438,13.0900,13.0900,12.6000,12.9200,12.9700,30296324,387141579.0000,3,1.023700,1,-0.385500,19.660309,1.607811,48.166875,3.220920,0
2019-09-30,sh.600438,13.0000,13.0000,12.6300,12.7400,12.9200,16310787,208548034.0000,3,0.551100,1,-1.393200,19.386404,1.585411,47.495820,3.176046,0
2019-10-08,sh.600438,12.7900,12.9600,12.4900,12.7300,12.7400,21591511,276078913.0000,3,0.729600,1,-0.078500,19.371187,1.584166,47.458539,3.173553,0
2019-10-09,sh.600438,12.7300,13.1400,12.6600,13.0700,12.7300,19657371,254672321.0000,3,0.664200,1,2.670900,19.889653,1.626566,48.728758,3.258493,0
2019-10-10,sh.600438,13.0700,13.1800,12.8800,12.9600,13.0700,19923971,258698936.0000,3,0.673200,1,-0.841600,19.722257,1.612877,48.318646,3.231069,0
2019-10-11,sh.600438,13.0400,13.0400,12.5000,12.6500,12.9600,32363122,409405626.0000,3,1.093500,1,-2.392000,19.250506,1.574297,47.162876,3.153782,0
2019-10-14,sh.600438,12.6600,13.2000,12.6600,12.9200,12.6500,40623168,527226950.0000,3,1.372600,1,2.134400,19.661386,1.607899,48.169514,3.221096,0
2019-10-15,sh.600438,12.8100,13.0300,12.5000,12.6100,12.9200,26672399,338078133.0000,3,0.687000,1,-2.399400,19.189635,1.569319,47.013744,3.143810,0
2019-10-16,sh.600438,12.5300,12.5900,11.4200,12.1600,12.6100,84071557,1004776047.0000,3,2.165400,1,-3.568600,18.504834,1.513317,45.336013,3.031620,0
2019-10-17,sh.600438,12.1700,12.6700,12.1000,12.4200,12.1600,36861324,458597617.0000,3,0.949400,1,2.138200,18.900497,1.545674,46.305369,3.096441,0
2019-10-18,sh.600438,12.3500,12.5600,11.9400,12.1000,12.4200,27346748,333290054.0000,3,0.704300,1,-2.576500,18.413527,1.505850,45.112316,3.016661,0
2019-10-21,sh.600438,12.0100,12.2000,11.8200,12.1200,12.1000,17982158,216382587.0000,3,0.463100,1,0.165300,18.443963,1.508339,45.186882,3.021647,0
2019-10-22,sh.600438,12.1200,12.5700,11.9100,12.5500,12.1200,29948422,367746054.0000,3,0.771400,1,3.547900,19.098328,1.561852,46.790047,3.128851,0
2019-10-23,sh.600438,12.5400,12.9400,12.4500,12.5400,12.5500,28040043,355273574.0000,3,0.722200,1,-0.079700,19.083110,1.560608,46.752764,3.126358,0
2019-10-24,sh.600438,12.5500,12.6600,12.1500,12.2500,12.5400,16674533,205942291.0000,3,0.429500,1,-2.312600,18.641794,1.524517,45.671560,3.054058,0
2019-10-25,sh.600438,12.2500,12.9200,12.0000,12.8700,12.2500,42721240,540915557.0000,3,1.100300,1,5.061200,19.194529,1.462267,93.366510,3.055679,0
2019-10-28,sh.600438,12.7800,13.0500,12.6800,12.9500,12.8700,28083627,362565589.0000,3,0.723300,1,0.621600,19.313842,1.471357,93.946877,3.074674,0
2019-10-29,sh.600438,12.9100,13.3500,12.8600,13.1500,12.9500,26522586,349508401.0000,3,0.683100,1,1.544400,19.612126,1.494081,95.397794,3.122159,0
2019-10-30,sh.600438,13.0700,13.2200,12.7000,13.0800,13.1500,18649553,242790619.0000,3,0.480300,1,-0.532300,19.507726,1.486127,94.889973,3.105539,0
2019-10-31,sh.600438,13.1400,13.1400,12.6000,12.7200,13.0800,21239353,271521101.0000,3,0.547000,1,-2.752300,18.970817,1.445225,92.278323,3.020065,0
2019-11-01,sh.600438,12.6100,12.7400,12.3400,12.5700,12.7200,18695456,234281383.0000,3,0.481500,1,-1.179200,18.747104,1.428182,91.190135,2.984451,0
2019-11-04,sh.600438,12.5700,12.7100,12.5300,12.5900,12.5700,13852367,174650794.0000,3,0.356800,1,0.159100,18.776932,1.430454,91.335227,2.989200,0
2019-11-05,sh.600438,12.6000,13.0000,12.5600,13.0000,12.5900,20605106,264532602.0000,3,0.530700,1,3.256600,19.388413,1.477038,94.309607,3.086545,0
2019-11-06,sh.600438,12.9500,13.2700,12.8300,13.0000,13.0000,22120668,288492964.0000,3,0.569700,1,0.000000,19.388413,1.477038,94.309607,3.086545,0
2019-11-07,sh.600438,13.2400,13.2900,12.9100,13.0500,13.0000,19237254,251483955.0000,3,0.495500,1,0.384600,19.462984,1.482719,94.672336,3.098416,0
2019-11-08,sh.600438,13.1000,13.2300,12.8800,12.9100,13.0500,15756208,205486796.0000,3,0.405800,1,-1.072800,19.254186,1.466812,93.656694,3.065176,0
2019-11-11,sh.600438,12.8500,12.8500,12.4100,12.5400,12.9100,15987253,201698498.0000,3,0.411800,1,-2.866000,18.702362,1.424773,90.972497,2.977329,0
2019-11-12,sh.600438,12.5600,12.6900,12.1800,12.3900,12.5400,14631254,180934259.0000,3,0.376800,1,-1.196200,18.478649,1.407731,89.884310,2.941715,0
2019-11-13,sh.600438,12.4400,12.4400,11.9100,12.0300,12.3900,25030463,302427809.0000,3,0.644700,1,-2.905600,17.941739,1.366828,87.272659,2.856241,0
2019-11-14,sh.600438,12.1000,12.1000,11.7400,11.8300,12.0300,25195452,297962811.0000,3,0.648900,1,-1.662500,17.643456,1.344104,85.821742,2.808756,0
2019-11-15,sh.600438,11.8400,11.8400,11.4600,11.4700,11.8300,29123137,337110117.0000,3,0.750100,1,-3.043100,17.106546,1.303202,83.210091,2.723282,0
2019-11-18,sh.600438,11.2300,11.8300,11.1900,11.7300,11.4700,34295951,397078689.0000,3,0.883300,1,2.266800,17.494314,1.332743,85.096283,2.785013,0
2019-11-19,sh.600438,11.7500,12.4500,11.6500,12.3100,11.7300,39217577,478938816.0000,3,1.010100,1,4.944600,18.359336,1.398641,89.303943,2.922721,0
2019-11-20,sh.600438,12.4100,12.7000,12.3100,12.4000,12.3100,28753323,359838508.0000,3,0.740600,1,0.731100,18.493563,1.408867,89.956855,2.944089,0
2019-11-21,sh.600438,12.3300,12.5000,12.2100,12.4900,12.4000,13398948,166086821.0000,3,0.345100,1,0.725800,18.627791,1.419093,90.609768,2.965457,0
2019-11-22,sh.600438,12.6000,12.8100,12.4000,12.7000,12.4900,31892165,403287637.0000,3,0.821400,1,1.681300,18.940988,1.442952,92.133231,3.015317,0
2019-11-25,sh.600438,12.6600,12.7600,12.2800,12.4400,12.7000,19412073,243537991.0000,3,0.500000,1,-2.047200,18.553220,1.413412,90.247039,2.953586,0
2019-11-26,sh.600438,12.4600,12.6000,12.2500,12.6000,12.4400,23128543,288631816.0000,3,0.595700,1,1.286200,18.791847,1.431591,91.407773,2.991574,0
2019-11-27,sh.600438,12.4900,12.5700,12.1300,12.3300,12.6000,22210968,273116470.0000,3,0.572100,1,-2.142900,18.389164,1.400914,89.449035,2.927469,0
2019-11-28,sh.600438,12.2500,12.8600,12.2500,12.7000,12.3300,32204641,409245743.0000,3,0.829500,1,3.000800,18.940988,1.442952,92.133231,3.015317,0
2019-11-29,sh.600438,12.6500,13.2400,12.6500,13.1000,12.7000,43432566,567637644.0000,3,1.118700,1,3.149600,19.537555,1.488400,95.035065,3.110287,0
2019-12-02,sh.600438,13.3200,13.6700,13.1800,13.3500,13.1000,50674812,681038777.0000,3,1.305200,1,1.908400,19.910409,1.516804,96.848711,3.169644,0
2019-12-03,sh.600438,13.3300,13.8500,13.1500,13.6900,13.3500,41524544,565249533.0000,3,1.069500,1,2.546800,20.417490,1.555434,99.315270,3.250369,0
2019-12-04,sh.600438,13.6600,13.7600,13.3800,13.5800,13.6900,23428316,318460926.0000,3,0.603400,1,-0.803500,20.253435,1.542936,98.517266,3.224252,0
2019-12-05,sh.600438,13.6500,13.8500,13.4400,13.7300,13.5800,28842692,394235934.0000,3,0.742900,1,1.104600,20.477147,1.559979,99.605454,3.259866,0
2019-12-06,sh.600438,13.7200,13.9600,13.4000,13.8000,13.7300,27502252,376531399.0000,3,0.708300,1,0.509800,20.581546,1.567932,100.113275,3.276486,0
2019-12-09,sh.600438,13.7900,13.9000,13.4300,13.5600,13.8000,20889364,283932364.0000,3,0.538000,1,-1.739100,20.223606,1.540664,98.372174,3.219504,0
2019-12-10,sh.600438,13.5300,13.5700,13.2800,13.3500,13.5600,26790093,357466042.0000,3,0.690000,1,-1.548700,19.910409,1.516804,96.848711,3.169644,0
2019-12-11,sh.600438,13.4200,13.4600,12.9700,13.1100,13.3500,22657142,297261661.0000,3,0.583600,1,-1.797800,19.552469,1.489536,95.107611,3.112662,0
2019-12-12,sh.600438,13.0000,13.1900,12.9100,12.9400,13.1100,21250149,276794593.0000,3,0.547300,1,-1.296700,19.298928,1.470221,93.874331,3.072299,0
2019-12-13,sh.600438,13.0000,13.2500,12.8700,13.2000,12.9400,28798947,376716185.0000,3,0.741700,1,2.009300,19.686696,1.499762,95.760524,3.134030,0
2019-12-16,sh.600438,13.1300,13.6500,13.1000,13.5800,13.2000,28405445,382935021.0000,3,0.731600,1,2.878800,20.253435,1.542936,98.517266,3.224252,0
2019-12-17,sh.600438,13.5900,13.7100,13.3900,13.5000,13.5800,24869126,336034698.0000,3,0.640500,1,-0.589100,20.134121,1.533847,97.936899,3.205258,0
2019-12-18,sh.600438,13.5100,13.5200,13.2300,13.3200,13.5000,20058445,267697078.0000,3,0.516600,1,-1.333300,19.865666,1.513396,96.631074,3.162521,0
2019-12-19,sh.600438,13.3900,13.4400,13.1800,13.2900,13.3200,17291954,229747006.0000,3,0.445400,1,-0.225200,19.820924,1.509987,96.413436,3.155399,0
2019-12-20,sh.600438,13.2300,13.3600,12.9900,13.0900,13.2900,16614639,218035910.0000,3,0.427900,1,-1.504900,19.522641,1.487263,94.962519,3.107913,0
2019-12-23,sh.600438,13.0100,13.0800,12.7400,12.7400,13.0900,19163552,246841384.0000,3,0.493600,1,-2.673800,19.000645,1.447497,92.423414,3.024814,0
2019-12-24,sh.600438,12.7400,12.8800,12.5300,12.8400,12.7400,21171717,269162592.0000,3,0.545300,1,0.784900,19.149787,1.458859,93.148873,3.048557,0
2019-12-25,sh.600438,12.8800,13.2600,12.8200,13.1400,12.8400,28211209,369698620.0000,3,0.726600,1,2.336400,19.597211,1.492944,95.325248,3.119785,0
2019-12-26,sh.600438,13.1600,13.1700,12.9800,13.0600,13.1400,18166166,237121596.0000,3,0.467900,1,-0.608800,19.477898,1.483855,94.744882,3.100790,0
2019-12-27,sh.600438,13.0400,13.1000,12.8800,13.0000,13.0600,20535439,267145496.0000,3,0.528900,1,-0.459400,19.388413,1.477038,94.309607,3.086545,0
2019-12-30,sh.600438,13.0200,13.1300,12.7000,13.0700,13.0000,20334308,263451453.0000,3,0.523700,1,0.538500,19.492812,1.484991,94.817428,3.103165,0
2019-12-31,sh.600438,13.0700,13.2500,12.9500,13.1300,13.0700,18891582,246940201.0000,3,0.486600,1,0.459100,19.582346,1.491812,95.252940,3.117418,0
2020-01-02,sh.600438,13.3000,14.1500,13.1600,14.1500,13.1300,76309404,1059516384.0000,3,1.965400,1,7.768500,21.103542,1.607699,102.652379,3.359585,0
2020-01-03,sh.600438,14.1800,14.6300,14.1000,14.3600,14.1500,51022900,732963251.0000,3,1.314100,1,1.484100,21.416793,1.631563,104.176102,3.409453,0
2020-01-06,sh.600438,14.1800,15.2700,14.1400,15.0000,14.3600,64163344,958493844.0000,3,1.652600,1,4.456800,22.371302,1.704279,108.819048,3.561407,0
2020-01-07,sh.600438,15.1800,15.3100,14.9100,15.1900,15.0000,45033264,682788582.0000,3,1.159900,1,1.266700,22.654672,1.725866,110.197423,3.606518,0
2020-01-08,sh.600438,15.6200,15.6400,14.8400,14.8900,15.1900,54524022,829822141.0000,3,1.404300,1,-1.975000,22.207246,1.691781,108.021042,3.535290,0
2020-01-09,sh.600438,15.0900,15.3500,14.8500,14.9300,14.8900,47324391,711506630.0000,3,1.218900,1,0.268600,22.266902,1.696325,108.311226,3.544787,0
2020-01-10,sh.600438,15.1300,15.1700,14.4700,14.5700,14.9300,40494972,593199612.0000,3,1.043000,1,-2.411300,21.729991,1.655423,105.699569,3.459313,0
2020-01-13,sh.600438,14.6700,14.6800,14.2000,14.3500,14.5700,46615496,667688159.0000,3,1.200600,1,-1.509900,21.401879,1.630427,104.103556,3.407079,0
2020-01-14,sh.600438,14.4600,14.7500,14.3000,14.4100,14.3500,53979612,781651221.0000,3,1.390300,1,0.418100,21.491364,1.637244,104.538832,3.421325,0
2020-01-15,sh.600438,14.3400,14.4600,14.0000,14.1900,14.4100,35447557,503281154.0000,3,0.913000,1,-1.526700,21.163251,1.612248,102.942820,3.369091,0
2020-01-16,sh.600438,14.1900,14.3000,14.0500,14.1200,14.1900,32554210,460877196.0000,3,0.838500,1,-0.493300,21.058852,1.604294,102.434997,3.352471,0
2020-01-17,sh.600438,14.3200,14.4400,13.9800,13.9900,14.1200,44260954,625974061.0000,3,1.140000,1,-0.920700,20.864967,1.589524,101.491899,3.321605,0
2020-01-20,sh.600438,13.9900,14.1000,13.7900,14.0800,13.9900,30879229,432401189.0000,3,0.795300,1,0.643300,20.999195,1.599750,102.144813,3.342974,0
2020-01-21,sh.600438,13.9700,14.3700,13.9500,14.1600,14.0800,43720751,620030392.0000,3,1.126100,1,0.568200,21.118509,1.608839,102.725181,3.361968,0
2020-01-22,sh.600438,14.0100,14.0900,13.6100,14.0400,14.1600,40003184,554567750.0000,3,1.030300,1,-0.847500,20.939538,1.595205,101.854629,3.333477,0
2020-01-23,sh.600438,13.8000,14.3600,13.3900,13.5400,14.0400,41476629,573201449.0000,3,1.068300,1,-3.561300,20.193828,1.538396,98.227327,3.214763,0
2020-02-03,sh.600438,12.1900,12.5000,12.1900,12.1900,13.5400,53464018,653423482.0000,3,1.377000,1,-9.970500,18.180411,1.385010,88.433613,2.894237,0
2020-02-04,sh.600438,12.1900,13.4000,12.1800,13.1300,12.1900,52391636,668885545.0000,3,1.349400,1,7.711200,19.582346,1.491812,95.252940,3.117418,0
2020-02-05,sh.600438,13.3400,13.4500,13.1000,13.2000,13.1300,36743596,486079805.0000,3,0.946400,1,0.533100,19.686746,1.499765,95.760762,3.134038,0
2020-02-06,sh.600438,13.3400,14.2900,13.3000,14.0800,13.2000,55079588,770712805.0000,3,1.418600,1,6.666700,20.999195,1.599750,102.144813,3.342974,0
2020-02-07,sh.600438,14.0800,14.8000,13.9600,14.6900,14.0800,57891875,838181131.0000,3,1.491100,1,4.332400,21.908962,1.669057,106.570121,3.487804,0
2020-02-10,sh.600438,14.4600,15.1600,14.4200,14.9600,14.6900,56653127,844945813.0000,3,1.459200,1,1.838000,22.311645,1.699734,108.528864,3.551910,0
2020-02-11,sh.600438,14.9900,15.2000,14.6600,14.9000,14.9600,32544056,485061907.0000,3,0.838200,1,-0.401100,22.222160,1.692917,108.093588,3.537664,0
2020-02-12,sh.600438,16.3900,16.3900,16.3900,16.3900,14.9000,19578258,320887649.0000,3,0.504300,1,10.000000,24.444376,1.862209,118.902947,3.891430,0
2020-02-13,sh.600438,18.0300,18.0300,17.9100,18.0300,16.3900,198369729,3576083544.0000,3,5.109200,1,10.006100,26.890305,2.048543,130.800496,4.280811,0
2020-02-14,sh.600438,17.4900,18.2500,17.1300,17.8000,18.0300,204831198,3627686210.0000,3,5.275600,1,-1.275700,26.547278,2.022411,129.131937,4.226203,0
2020-02-17,sh.600438,17.9200,19.1100,17.9200,18.8200,17.8000,164213134,3049664905.0000,3,4.229500,1,5.730300,28.068527,2.138302,136.531632,4.468378,0
2020-02-18,sh.600438,18.5700,20.1000,18.4500,19.8900,18.8200,133519968,2594627483.0000,3,3.438900,1,5.685400,29.664346,2.259874,144.294058,4.722425,0
2020-02-19,sh.600438,19.6000,19.9800,18.9700,19.0200,19.8900,96742824,1872392362.0000,3,2.491700,1,-4.374100,28.366811,2.161025,137.982553,4.515864,0
2020-02-20,sh.600438,19.5600,19.7000,18.6100,19.4000,19.0200,86584723,1667469686.0000,3,2.230100,1,1.997900,28.933550,2.204200,140.739302,4.606086,0
2020-02-21,sh.600438,19.3500,19.6000,18.8600,18.9700,19.4000,99044504,1900689432.0000,3,2.551000,1,-2.216500,28.292240,2.155344,137.619823,4.503992,0
2020-02-24,sh.600438,18.7400,19.2500,18.6000,18.9600,18.9700,81775074,1550228063.0000,3,2.106200,1,-0.052700,28.277325,2.154208,137.547277,4.501618,0
2020-02-25,sh.600438,18.6000,19.5000,17.9500,19.0000,18.9600,107301965,2015349644.0000,3,2.763700,1,0.211000,28.336982,2.158753,137.837461,4.511115,0
2020-02-26,sh.600438,18.5700,18.9000,18.0000,18.1100,19.0000,59556011,1094195786.0000,3,1.533900,1,-4.684200,27.009618,2.057632,131.380864,4.299805,0
2020-02-27,sh.600438,18.2400,18.6600,17.9200,18.3900,18.1100,54715480,1005905932.0000,3,1.409300,1,1.546100,27.427216,2.089446,133.412153,4.366285,0
2020-02-28,sh.600438,17.6000,17.8000,17.0200,17.2500,18.3900,81864378,1423899634.0000,3,2.108500,1,-6.199000,25.726997,1.959920,125.141905,4.095618,0
2020-03-02,sh.600438,17.6400,17.6800,16.8300,17.3800,17.2500,68450684,1181814605.0000,3,1.763000,1,0.753600,25.920882,1.974691,126.085004,4.126483,0
2020-03-03,sh.600438,17.6800,18.4100,17.4200,17.6300,17.3800,86092355,1544222442.0000,3,2.217400,1,1.438400,26.293737,2.003096,127.898655,4.185840,0
2020-03-04,sh.600438,17.0900,17.3000,16.5300,16.9400,17.6300,77876018,1311479933.0000,3,2.005800,1,-3.913800,25.264657,1.924699,122.892978,4.022015,0
2020-03-05,sh.600438,17.2400,17.3200,16.8300,17.1800,16.9400,56393260,964168738.0000,3,1.452500,1,1.416800,25.622598,1.951967,124.634083,4.078998,0
2020-03-06,sh.600438,16.8200,17.1000,16.7500,16.8500,17.1800,40546267,686368003.0000,3,1.044300,1,-1.920800,25.130429,1.914473,122.240064,4.000647,0
2020-03-09,sh.600438,16.3500,16.3500,15.1700,15.2000,16.8500,132620250,2069372300.0000,3,3.415800,1,-9.792300,22.669586,1.727002,110.269969,3.608892,0
2020-03-10,sh.600438,15.0200,15.9600,14.8700,15.8000,15.2000,105327862,1628761522.0000,3,2.712800,1,3.947400,23.564438,1.795174,114.622731,3.751348,0
2020-03-11,sh.600438,16.0400,16.5500,15.5900,15.6200,15.8000,94260100,1518073858.0000,3,2.427800,1,-1.139200,23.295982,1.774722,113.316902,3.708612,0
2020-03-12,sh.600438,15.1900,15.4000,14.9700,15.0700,15.6200,79469484,1204205907.0000,3,2.046800,1,-3.521100,22.475701,1.712232,109.326870,3.578027,0
2020-03-13,sh.600438,14.2400,14.9700,14.1000,14.7600,15.0700,97537344,1412885906.0000,3,2.512200,1,-2.057100,22.013361,1.677010,107.077943,3.504424,0
2020-03-16,sh.600438,14.7700,14.9700,13.2900,13.4500,14.7600,123373991,1722040446.0000,3,3.177600,1,-8.875300,20.059601,1.528170,97.574413,3.193395,0
2020-03-17,sh.600438,13.6000,13.8700,12.8500,13.2000,13.4500,93331690,1237377947.0000,3,2.403800,1,-1.858700,19.686746,1.499765,95.760762,3.134038,0
2020-03-18,sh.600438,13.4000,14.1000,13.1600,13.1800,13.2000,98463717,1340024328.0000,3,2.296300,1,-0.151500,21.708685,1.653800,105.595932,3.455921,0
2020-03-19,sh.600438,13.2500,13.5800,12.8900,13.4800,13.1800,103081561,1363831492.0000,3,2.404000,1,2.276200,22.202813,1.691443,107.999481,3.534584,0
2020-03-20,sh.600438,13.8600,13.9100,13.0200,13.2700,13.4800,101669763,1357879203.0000,3,2.371100,1,-1.557900,21.856924,1.665093,106.316997,3.479520,0
2020-03-23,sh.600438,12.5100,12.7000,11.9400,11.9400,13.2700,119991578,1458142845.0000,3,2.798400,1,-10.022600,19.666290,1.498207,95.661262,3.130782,0
2020-03-24,sh.600438,12.2200,12.3600,11.2100,11.7700,11.9400,186619453,2178685250.0000,3,4.352300,1,-1.423800,19.386284,1.476876,94.299250,3.086206,0
2020-03-25,sh.600438,12.2200,12.6400,12.0500,12.1300,11.7700,216269864,2661104039.0000,3,5.043800,1,3.058600,19.979238,1.522048,97.183510,3.180601,0
2020-03-26,sh.600438,12.0200,12.0200,11.4500,11.5200,12.1300,193686771,2258633933.0000,3,4.517100,1,-5.028900,18.974511,1.445506,92.296293,3.020654,0
2020-03-27,sh.600438,11.7200,12.4100,11.5100,12.0500,11.5200,227045157,2714070381.0000,3,5.295100,1,4.600700,19.847470,1.512009,96.542563,3.159625,0
2020-03-30,sh.600438,11.8100,11.9000,11.3300,11.6600,12.0500,157803134,1826545284.0000,3,3.680200,1,-3.236500,19.205104,1.463073,93.417949,3.057363,0
2020-03-31,sh.600438,11.8400,11.9100,11.3000,11.6100,11.6600,132775493,1543069640.0000,3,3.096500,1,-0.428800,19.122749,1.456799,93.017358,3.044252,0
2020-04-01,sh.600438,11.5000,12.4900,11.4600,11.8500,11.6100,208175310,2500839517.0000,3,4.855000,1,2.067200,19.518052,1.486914,94.940197,3.107183,0
2020-04-02,sh.600438,11.9000,12.6900,11.8700,12.6300,11.8500,199763522,2450851937.0000,3,4.658800,1,6.582300,20.802784,1.584787,101.189425,3.311706,0
2020-04-03,sh.600438,12.6300,12.6300,12.1200,12.2300,12.6300,143792611,1771569731.0000,3,3.353500,1,-3.167100,20.143947,1.534596,97.984693,3.206822,0
2020-04-07,sh.600438,12.5800,12.9000,12.4200,12.7500,12.2300,150161056,1899888130.0000,3,3.502000,1,4.251800,21.000435,1.599844,102.150845,3.343171,0
2020-04-08,sh.600438,12.6000,12.6500,12.4000,12.5300,12.7500,110931564,1388089203.0000,3,2.587100,1,-1.725500,20.638075,1.572239,100.388242,3.285485,0
2020-04-09,sh.600438,12.5500,12.6100,12.1800,12.2900,12.5300,117245849,1442430483.0000,3,2.734400,1,-1.915400,20.242772,1.542124,98.465403,3.222555,0
2020-04-10,sh.600438,12.2600,12.2600,11.7100,11.7800,12.2900,120754853,1441822315.0000,3,2.816200,1,-4.149700,19.402755,1.478130,94.379369,3.088828,0
2020-04-13,sh.600438,11.5500,11.6400,11.2200,11.3000,11.7800,96106048,1090937706.0000,3,2.241400,1,-4.074700,18.612150,1.417901,90.533690,2.962967,0
2020-04-14,sh.600438,11.5000,11.8600,11.4200,11.8600,11.3000,94831378,1106164366.0000,3,2.211600,1,4.955700,19.534523,1.488169,95.020315,3.109805,0
2020-04-15,sh.600438,11.8700,12.1400,11.7000,11.9000,11.8600,106684419,1277195187.0000,3,2.488100,1,0.337300,19.600406,1.493188,95.340789,3.120293,0
2020-04-16,sh.600438,11.8100,12.2800,11.7200,12.1700,11.9000,96798650,1164176669.0000,3,2.257500,1,2.268900,20.045121,1.527067,97.503983,3.191090,0
2020-04-17,sh.600438,12.6500,13.2400,12.4100,12.8200,12.1700,237528031,3051125274.0000,3,5.539600,1,5.341000,21.115732,1.608628,102.711673,3.361526,0
2020-04-20,sh.600438,12.5700,12.8400,12.2200,12.7500,12.8200,166576810,2076851484.0000,3,3.884900,1,-0.546000,21.000435,1.599844,102.150845,3.343171,0
2020-04-21,sh.600438,12.3100,12.7000,12.1700,12.5800,12.7500,147826255,1832060572.0000,3,3.447600,1,-1.333300,21.677055,1.375657,-14.612801,2.432883,0
2020-04-22,sh.600438,12.3000,13.4700,12.2000,13.1700,12.5800,179937452,2325476009.0000,3,4.196400,1,4.690000,22.693705,1.440175,-15.298139,2.546985,0
2020-04-23,sh.600438,13.1000,13.4000,12.9300,13.2900,13.1700,143667387,1894033113.0000,3,3.350600,1,0.911200,22.900482,1.453298,-15.437530,2.570192,0
2020-04-24,sh.600438,13.2000,13.2700,12.7000,12.7300,13.2900,91639678,1184030364.0000,3,2.137200,1,-4.213700,21.935525,1.392060,-14.787040,2.461892,0
2020-04-27,sh.600438,12.6300,13.2500,12.6300,13.0800,12.7300,117338739,1522358916.0000,3,2.736500,1,2.749400,22.538623,1.430333,-15.193596,2.529580,0
2020-04-28,sh.600438,13.0800,14.0800,12.5300,13.7700,13.0800,177756119,2398148553.0000,3,4.145600,1,5.275200,23.727587,1.505787,-15.995093,2.663021,0
2020-04-29,sh.600438,13.5200,14.4900,13.5200,14.1800,13.7700,154696250,2186055261.0000,3,3.607800,1,2.977500,24.434073,1.550621,-16.471345,2.742312,0
2020-04-30,sh.600438,14.1800,15.2600,14.1800,15.1100,14.1800,139149497,2078672649.0000,3,3.245200,1,6.558500,26.036590,1.652319,-17.551624,2.922167,0
2020-05-06,sh.600438,14.9700,15.2900,14.6500,15.1000,15.1100,113120539,1692619259.0000,3,2.638200,1,-0.066200,26.019358,1.651226,-17.540008,2.920233,0
2020-05-07,sh.600438,15.1300,15.5500,14.9500,14.9800,15.1000,104848205,1595199175.0000,3,2.445200,1,-0.794700,25.812582,1.638104,-17.400617,2.897026,0
2020-05-08,sh.600438,15.0200,15.1600,14.6400,14.6600,14.9800,117965052,1746609530.0000,3,2.751100,1,-2.136200,25.261178,1.603111,-17.028908,2.835140,0
2020-05-11,sh.600438,14.4300,14.7100,14.1800,14.3000,14.6600,109305746,1574048500.0000,3,2.549200,1,-2.455700,24.640849,1.563744,-16.610736,2.765519,0
2020-05-12,sh.600438,14.4000,15.0700,14.1600,15.0600,14.3000,137857554,2020053468.0000,3,3.215100,1,5.314700,25.950433,1.646852,-17.493544,2.912498,0
2020-05-13,sh.600438,14.7000,14.9300,14.5800,14.6400,15.0600,90705190,1337140253.0000,3,2.115400,1,-2.788800,25.226716,1.600924,-17.005676,2.831272,0
2020-05-14,sh.600438,14.5000,14.5900,14.0000,14.1100,14.6400,100946219,1438735226.0000,3,2.354200,1,-3.620200,24.313453,1.542967,-16.390034,2.728774,0
2020-05-15,sh.600438,14.0600,14.4200,13.8100,14.0700,14.1100,92949956,1313056674.0000,3,2.167700,1,-0.283500,24.244528,1.538593,-16.343570,2.721039,0
2020-05-18,sh.600438,14.1500,14.6800,13.9100,14.4800,14.0700,117813610,1701075871.0000,3,2.747600,1,2.914000,24.951014,1.583427,-16.819822,2.800330,0
2020-05-19,sh.600438,14.7500,15.0500,14.6000,14.6600,14.4800,113434305,1679960752.0000,3,2.645500,1,1.243100,25.261178,1.603111,-17.028908,2.835140,0
2020-05-20,sh.600438,14.7400,14.9000,14.3900,14.4500,14.6600,68604664,1006141072.0000,3,1.600000,1,-1.432500,24.899320,1.580147,-16.784974,2.794528,0
2020-05-21,sh.600438,14.5800,14.6500,13.5200,13.5700,14.4500,116229809,1616026980.0000,3,2.710700,1,-6.090000,23.382960,1.483916,-15.762775,2.624342,0
2020-05-22,sh.600438,13.6900,13.7100,13.1100,13.3100,13.5700,78191468,1049122719.0000,3,1.823600,1,-1.916000,22.934944,1.455485,-15.460762,2.574060,0
2020-05-25,sh.600438,13.2800,13.3900,12.8400,13.2200,13.3100,61010481,798689081.0000,3,1.422900,1,-0.676200,22.779862,1.445643,-15.356219,2.556655,0
2020-05-26,sh.600438,13.2000,13.4200,13.1600,13.3400,13.0300,56066152,745008407.0000,3,1.307600,1,2.379100,22.986638,1.458765,-15.495609,2.579862,0
2020-05-27,sh.600438,13.2500,13.4500,13.0100,13.3200,13.3400,45356274,601280973.0000,3,1.057800,1,-0.149900,22.952176,1.456578,-15.472378,2.575994,0
2020-05-28,sh.600438,13.3300,13.3800,12.8800,13.0900,13.3200,43617932,571711080.0000,3,1.017200,1,-1.726700,22.555854,1.431427,-15.205212,2.531513,0
2020-05-29,sh.600438,13.0800,13.8500,12.9800,13.7000,13.0900,93422338,1271832271.0000,3,2.178800,1,4.660000,23.606967,1.498132,-15.913782,2.649483,0
2020-06-01,sh.600438,13.9600,14.3300,13.6800,14.2500,13.7000,82269277,1156402934.0000,3,1.918700,1,4.014600,24.554692,1.558276,-16.552656,2.755849,0
2020-06-02,sh.600438,14.2500,14.4700,14.1000,14.1100,14.2500,51553313,734496202.0000,3,1.202300,1,-0.982500,24.313453,1.542967,-16.390034,2.728774,0
2020-06-03,sh.600438,14.1500,14.3000,13.9300,13.9800,14.1100,49495773,698579705.0000,3,1.154300,1,-0.921300,24.089446,1.528751,-16.239027,2.703633,0
2020-06-04,sh.600438,14.0800,14.2100,13.9500,14.0400,13.9800,36009564,506061337.0000,3,0.839800,1,0.429200,24.192834,1.535312,-16.308722,2.715237,0
2020-06-05,sh.600438,14.0900,14.1300,13.7600,13.9600,14.0400,41126543,571554842.0000,3,0.959100,1,-0.569800,24.054983,1.526564,-16.215795,2.699765,0
2020-06-08,sh.600438,14.0500,14.9200,13.9700,14.7800,13.9600,102598047,1493734875.0000,3,2.392800,1,5.873900,25.467955,1.616233,-17.168299,2.858348,0
2020-06-09,sh.600438,14.8400,14.9000,14.6500,14.8300,14.7800,54976358,812944181.0000,3,1.282100,1,0.338300,25.554111,1.621701,-17.226378,2.868017,0
2020-06-10,sh.600438,14.7800,15.1000,14.5800,14.9500,14.8300,57937199,859964206.0000,3,1.351200,1,0.809200,25.760888,1.634823,-17.365769,2.891224,0
2020-06-11,sh.600438,14.9500,15.6000,14.8500,15.1400,14.9500,93340060,1424939272.0000,3,2.176800,1,1.270900,26.088284,1.655600,-17.586471,2.927969,0
2020-06-12,sh.600438,14.7200,14.9600,14.6100,14.8700,15.1400,62510200,924498669.0000,3,1.457800,1,-1.783400,25.623037,1.626075,-17.272842,2.875753,0
2020-06-15,sh.600438,14.5500,14.9600,14.2000,14.9000,14.8700,63600515,929126418.0000,3,1.483300,1,0.201700,25.674731,1.629355,-17.307690,2.881555,0
2020-06-16,sh.600438,14.9800,15.2400,14.8000,15.1100,14.9000,54010616,812778097.0000,3,1.259600,1,1.409400,26.036590,1.652319,-17.551624,2.922167,0
2020-06-17,sh.600438,15.2400,15.2800,14.6600,14.8200,15.1100,45795906,678873949.0000,3,1.068000,1,-1.919300,25.536880,1.620607,-17.214762,2.866083,0
2020-06-18,sh.600438,14.7900,15.0300,14.5700,14.8700,14.8200,36508508,541422130.0000,3,0.851400,1,0.337400,25.623037,1.626075,-17.272842,2.875753,0
2020-06-19,sh.600438,14.9500,15.0600,14.8200,14.8700,14.8700,48149610,719348470.0000,3,1.122900,1,0.000000,25.623037,1.626075,-17.272842,2.875753,0
2020-06-22,sh.600438,14.9100,15.7300,14.9100,15.7300,14.8700,85103778,1320313867.0000,3,1.984800,1,5.783500,27.104934,1.720118,-18.271809,3.042071,0
2020-06-23,sh.600438,15.5900,16.6500,15.5800,16.4400,15.7300,95224035,1546624734.0000,3,2.220800,1,4.513700,28.328361,1.797759,-19.096538,3.179380,0
2020-06-24,sh.600438,16.6500,17.7800,16.5000,17.2000,16.4400,112243789,1934300352.0000,3,2.617700,1,4.622900,29.637945,1.880867,-19.979346,3.326358,0
2020-06-29,sh.600438,17.2000,18.1800,17.2000,17.4000,17.2000,109534359,1933680057.0000,3,2.554500,1,1.162800,29.982572,1.902737,-20.211664,3.365037,0
2020-06-30,sh.600438,17.8000,17.9900,17.0800,17.3800,17.4000,88217468,1539634605.0000,3,2.057400,1,-0.114900,29.948109,1.900550,-20.188433,3.361169,0
2020-07-01,sh.600438,17.9500,18.1700,17.4100,18.1700,17.3800,92045349,1642927381.0000,3,2.146700,1,4.545500,31.309387,1.986939,-21.106089,3.513950,0
2020-07-02,sh.600438,18.6100,19.8500,18.5800,19.0400,18.1700,113189036,2173897961.0000,3,2.639800,1,4.788100,32.808515,2.082076,-22.116672,3.682201,0
2020-07-03,sh.600438,19.0400,19.5300,18.7100,19.0100,19.0400,67798817,1291861488.0000,3,1.581200,1,-0.157600,32.756821,2.078795,-22.081824,3.676400,0
2020-07-06,sh.600438,18.8000,20.0100,18.7800,19.6000,19.0100,85969062,1687909068.0000,3,2.004900,1,3.103600,33.773472,2.143313,-22.767162,3.790501,0
2020-07-07,sh.600438,19.5500,20.7700,19.5000,19.6000,19.6000,74173648,1499161643.0000,3,1.729900,1,0.000000,33.773472,2.143313,-22.767162,3.790501,0
2020-07-08,sh.600438,19.6500,20.1200,19.4100,19.8100,19.6000,58477020,1150056224.0000,3,1.363800,1,1.071400,34.135330,2.166277,-23.011096,3.831114,0
2020-07-09,sh.600438,20.1500,20.8000,19.8400,20.1800,19.8100,61587326,1253069583.0000,3,1.436300,1,1.867700,34.772891,2.206738,-23.440884,3.902669,0
2020-07-10,sh.600438,20.1800,20.2000,19.6500,19.7800,20.1800,46153309,920412363.0000,3,1.076400,1,-1.982200,34.083636,2.162997,-22.976248,3.825312,0
2020-07-13,sh.600438,19.4400,20.5000,19.4000,20.4700,19.7800,53667029,1087576964.0000,3,1.251600,1,3.488400,35.272600,2.238450,-23.777745,3.958753,0
2020-07-14,sh.600438,20.5400,21.2300,19.4600,19.8600,20.4700,95003508,1930531044.0000,3,2.215600,1,-2.980000,34.221487,2.171745,-23.069176,3.840784,0
2020-07-15,sh.600438,20.4400,21.7500,19.6000,21.0700,19.8600,104695315,2161988541.0000,3,2.441700,1,6.092600,36.306482,2.304062,-24.474699,4.074789,0
2020-07-16,sh.600438,21.0300,21.4000,19.0100,19.2100,21.0700,87930028,1775112207.0000,3,2.050700,1,-8.827700,33.101449,2.100666,-22.314142,3.715078,0
2020-07-17,sh.600438,19.2700,20.3000,19.0600,20.0000,19.2100,61888237,1227385154.0000,3,1.443300,1,4.112400,34.462726,2.187054,-23.231798,3.867859,0
2020-07-20,sh.600438,22.0000,22.0000,20.6500,22.0000,20.0000,110345096,2378010255.0000,3,2.573400,1,10.000000,37.908999,2.405760,-25.554978,4.254644,0
2020-07-21,sh.600438,23.2500,24.2000,22.1000,23.0900,22.0000,156608816,3663620383.0600,3,3.652400,1,4.954500,39.787217,2.524954,-26.821111,4.465443,0
2020-07-22,sh.600438,22.1500,23.5400,21.7000,22.7800,23.0900,107061173,2420289223.3300,3,2.496800,1,-1.342600,39.253045,2.491055,-26.461018,4.405491,0
2020-07-23,sh.600438,22.6300,25.0000,22.5300,24.7000,22.7800,123472234,2984833521.3800,3,2.879600,1,8.428400,42.561467,2.701012,-28.691271,4.776805,0
2020-07-24,sh.600438,24.4600,25.1100,23.1200,23.6100,24.7000,82342120,1989134571.4400,3,1.920400,1,-4.413000,40.683248,2.581818,-27.425138,4.566007,0
2020-07-27,sh.600438,24.7000,25.7800,23.9000,24.5800,23.6100,105556757,2640358533.4500,3,2.461800,1,4.108400,42.354690,2.687890,-28.551880,4.753598,0
2020-07-28,sh.600438,24.7400,24.9900,22.9000,23.7200,24.5800,71662340,1707765623.1900,3,1.671300,1,-3.498800,40.872793,2.593846,-27.552913,4.587280,0
2020-07-29,sh.600438,23.7000,24.8300,22.7700,24.7700,23.7200,87966186,2122532065.7800,3,2.051500,1,4.426600,42.682086,2.708667,-28.772582,4.790343,0
2020-07-30,sh.600438,25.2800,27.2500,24.5100,27.2500,24.7700,98118026,2526663213.6900,3,2.288300,1,10.012100,46.955464,2.979861,-31.653325,5.269957,0
2020-07-31,sh.600438,26.5000,28.3500,26.3900,27.3000,27.2500,82593139,2264813905.2300,3,1.926200,1,0.183500,47.041621,2.985329,-31.711405,5.279627,0
2020-08-03,sh.600438,27.6500,28.1100,27.0100,27.4700,27.3000,57856348,1588865012.5900,3,1.349300,1,0.622700,47.334554,3.003919,-31.908875,5.312504,0
2020-08-04,sh.600438,27.0800,27.3400,25.6200,26.1400,27.4700,79722400,2100793428.6300,3,1.859300,1,-4.841600,45.042783,2.858480,-30.363960,5.055291,0
2020-08-05,sh.600438,26.1400,26.5900,25.2000,26.3200,26.1400,58416179,1518138553.1800,3,1.362400,1,0.688600,45.352948,2.878163,-30.573046,5.090102,0
2020-08-06,sh.600438,26.3000,26.3000,24.4100,24.9300,26.3200,87994096,2201863610.3900,3,2.052200,1,-5.281200,42.957788,2.726163,-28.958436,4.821286,0
2020-08-07,sh.600438,24.6900,25.8500,23.9900,25.6000,24.9300,99787288,2503517741.7400,3,2.327200,1,2.687500,44.112290,2.799429,-29.736702,4.950859,0
2020-08-10,sh.600438,26.2900,26.9500,25.3000,26.2800,25.6000,97293365,2553858169.6800,3,2.269000,1,2.656300,51.352927,2.805242,-58.096832,5.113088,0
2020-08-11,sh.600438,26.3700,26.6500,24.3800,24.4300,26.2800,101967603,2578649480.8400,3,2.378100,1,-7.039600,47.737900,2.607764,-54.007062,4.753149,0
2020-08-12,sh.600438,24.4300,24.5900,22.4100,23.3400,24.4300,106201815,2464124397.4100,3,2.476800,1,-4.461700,45.607965,2.491413,-51.597414,4.541076,0
2020-08-13,sh.600438,23.9500,24.2600,23.3000,23.3900,23.3400,63015543,1495159696.6700,3,1.469600,1,0.214200,45.705668,2.496750,-51.707949,4.550804,0
2020-08-14,sh.600438,23.5800,23.7800,22.9500,23.4700,23.3900,44414491,1035586100.4800,3,1.035800,1,0.342000,45.861994,2.505290,-51.884804,4.566369,0
2020-08-17,sh.600438,23.5000,23.6200,22.4000,23.2700,23.4700,87778585,2017641888.8500,3,2.047100,1,-0.852200,45.471180,2.483941,-51.442666,4.527457,0
2020-08-18,sh.600438,23.3800,23.8800,22.7800,23.3000,23.2700,72988416,1698117379.5200,3,1.702200,1,0.128900,45.529802,2.487143,-51.508987,4.533294,0
2020-08-19,sh.600438,23.0000,23.0600,22.5000,22.5400,23.3000,52076739,1183607876.7900,3,1.214500,1,-3.261800,44.044710,2.406018,-49.828866,4.385427,0
2020-08-20,sh.600438,22.2900,22.8200,22.0100,22.1400,22.5400,47634242,1063592735.9000,3,1.110900,1,-1.774600,43.263082,2.363320,-48.944591,4.307602,0
2020-08-21,sh.600438,22.5300,23.3300,22.3500,22.8300,22.1400,67927640,1552271711.8200,3,1.584200,1,3.116500,44.611390,2.436974,-50.469964,4.441850,0
2020-08-24,sh.600438,22.8100,24.2200,22.8100,24.1500,22.8300,82923605,1954798547.9400,3,1.933900,1,5.781900,47.190760,2.577876,-53.388070,4.698671,0
2020-08-25,sh.600438,24.1500,24.1500,23.2300,23.4600,24.1500,58390987,1376488818.7400,3,1.361800,1,-2.857100,45.842453,2.504222,-51.862697,4.564424,0
2020-08-26,sh.600438,23.4600,23.4600,21.5100,21.9200,23.4600,92731636,2053219566.9200,3,2.162700,1,-6.564400,42.833187,2.339836,-48.458240,4.264798,0
2020-08-27,sh.600438,21.9800,23.5900,21.8800,23.2000,21.9200,76061302,1735151542.0800,3,1.773900,1,5.839400,45.334395,2.476469,-51.287918,4.513837,0
2020-08-28,sh.600438,23.3000,23.8400,22.9000,23.6700,23.2000,49916588,1172230139.6400,3,1.164100,1,2.025900,46.252807,2.526639,-52.326941,4.605282,0
2020-08-31,sh.600438,24.0100,25.0000,23.7300,24.4000,23.6700,63957420,1565520460.9100,3,1.491600,1,3.084100,47.679278,2.604562,-53.940742,4.747312,0
2020-09-01,sh.600438,24.3000,25.7300,23.8000,25.5000,24.4000,68409583,1700576507.7200,3,1.595400,1,4.508200,49.828753,2.721981,-56.372496,4.961330,0
2020-09-02,sh.600438,25.4500,25.8500,24.7300,25.2200,25.5000,45762789,1152449613.2900,3,1.067300,1,-1.098000,49.281614,2.692093,-55.753504,4.906853,0
2020-09-03,sh.600438,24.9900,24.9900,24.0500,24.2900,25.2200,49244581,1200454152.3700,3,1.148500,1,-3.687500,47.464330,2.592820,-53.697566,4.725910,0
2020-09-04,sh.600438,23.7000,24.1100,23.0700,23.7800,24.2900,44036683,1039932964.7000,3,1.027000,1,-2.099600,46.467755,2.538381,-52.570116,4.626683,0
2020-09-07,sh.600438,23.6000,23.9000,23.0700,23.1500,23.7800,38272438,896247111.1000,3,0.892600,1,-2.649300,45.236692,2.471132,-51.177384,4.504109,0
2020-09-08,sh.600438,23.4100,24.1800,23.1500,24.0400,23.1500,53684414,1277505170.2700,3,1.252000,1,3.844500,46.975813,2.566134,-53.144895,4.677270,0
2020-09-09,sh.600438,23.3000,23.9800,22.6400,23.0000,24.0400,45799234,1053296438.7400,3,1.068100,1,-4.326100,44.943581,2.455120,-50.845781,4.474925,0
2020-09-10,sh.600438,23.3000,23.5800,22.3200,22.5100,23.0000,42207892,971426452.5700,3,0.984400,1,-2.130400,43.986088,2.402815,-49.762545,4.379590,0
2020-09-11,sh.600438,22.2500,24.7600,21.7500,24.7600,22.5100,101698717,2407551512.0100,3,2.371800,1,9.995600,48.382742,2.642990,-54.736589,4.817354,0
2020-09-14,sh.600438,25.2600,26.5000,24.9000,25.0000,24.7600,123377388,3162983330.6000,3,2.877400,1,0.969300,48.851719,2.668609,-55.267153,4.864049,0
2020-09-15,sh.600438,25.3200,25.4700,24.3500,25.0000,25.0000,48685737,1214936740.1400,3,1.135400,1,0.000000,48.851719,2.668609,-55.267153,4.864049,0
2020-09-16,sh.600438,25.0900,26.3000,24.8400,25.0700,25.0000,75657264,1930770804.8600,3,1.764500,1,0.280000,48.988504,2.676081,-55.421901,4.877668,0
2020-09-17,sh.600438,24.6100,25.6200,24.5000,25.1000,25.0700,52498265,1317511845.9600,3,1.224300,1,0.119700,49.047126,2.679283,-55.488222,4.883505,0
2020-09-18,sh.600438,25.0400,25.1800,24.0500,24.8500,25.1000,56135678,1376963200.9100,3,1.309200,1,-0.996000,48.558609,2.652597,-54.935550,4.834865,0
2020-09-21,sh.600438,24.8000,25.0800,24.3100,24.5000,24.8500,31870254,782618037.4800,3,0.743300,1,-1.408500,47.874685,2.615237,-54.161810,4.766768,0
2020-09-22,sh.600438,24.3100,24.8600,23.8500,24.1600,24.5000,29526473,719708617.1800,3,0.688600,1,-1.387800,47.210301,2.578943,-53.410177,4.700617,0
2020-09-23,sh.600438,24.5600,25.9900,24.1600,25.6000,24.1600,74459135,1874709759.1800,3,1.736500,1,5.960300,50.024160,2.732655,-56.593565,4.980786,0
2020-09-24,sh.600438,25.3200,25.8500,24.2000,24.3000,25.6000,60352578,1500522230.9900,3,1.407500,1,-5.078100,47.483871,2.593888,-53.719673,4.727856,0
2020-09-25,sh.600438,24.5400,25.6300,24.5400,24.8100,24.3000,48695645,1217491972.0900,3,1.135700,1,2.098800,48.480446,2.648327,-54.847123,4.827082,0
2020-09-28,sh.600438,25.1000,27.2900,25.1000,26.7800,24.8100,105162622,2804786466.8500,3,2.452600,1,7.940300,52.329961,2.858614,-59.202175,5.210369,0
2020-09-29,sh.600438,27.2500,27.2600,26.2700,26.9000,26.7800,63211196,1688198070.0700,3,1.474200,1,0.448100,52.564450,2.871423,-59.467457,5.233717,0
2020-09-30,sh.600438,26.8900,27.6000,26.5500,26.5800,26.9000,61726229,1666383580.3600,3,1.439600,1,-1.189600,51.939148,2.837265,-58.760038,5.171457,0
2020-10-09,sh.600438,28.6000,29.2400,28.3800,29.2400,26.5800,90733671,2634884035.5700,3,2.116100,1,10.007500,57.136970,3.121205,-64.640463,5.688992,0
2020-10-12,sh.600438,29.9900,30.2700,28.6700,30.1000,29.2400,94023751,2785515220.2100,3,2.192800,1,2.941200,58.817470,3.213005,-66.541653,5.856315,0
2020-10-13,sh.600438,30.0000,31.6400,29.3000,31.0900,30.1000,70769735,2155147316.9700,3,1.650500,1,3.289000,60.751998,3.318682,-68.730232,6.048931,0
2020-10-14,sh.600438,30.6000,32.8600,30.4200,31.5900,31.0900,92578891,2944947368.0000,3,2.159100,1,1.608200,61.729032,3.372054,-69.835575,6.146212,0
2020-10-15,sh.600438,31.8800,32.0500,28.9600,29.7200,31.5900,114361364,3420034451.2500,3,2.667100,1,-5.919600,58.074923,3.172442,-65.701592,5.782381,0
2020-10-16,sh.600438,30.3800,30.3800,28.3400,28.7100,29.7200,78276430,2259070281.2600,3,1.825500,1,-3.398400,56.101314,3.064630,-63.468799,5.585874,0
2020-10-19,sh.600438,28.7200,28.8700,27.0000,27.2000,28.7100,92937268,2579662706.4800,3,2.167500,1,-5.259500,53.150670,2.903446,-60.130663,5.292085,0
2020-10-20,sh.600438,27.5000,28.2000,27.4100,28.1500,27.2000,76424393,2126085412.8100,3,1.782300,1,3.492600,55.007035,3.004853,-62.230815,5.476919,0
2020-10-21,sh.600438,28.6000,28.6500,27.4000,28.0300,28.1500,50036716,1396222077.2400,3,1.166900,1,-0.426300,54.772547,2.992044,-61.965532,5.453572,0
2020-10-22,sh.600438,27.6500,27.9800,27.0800,27.6800,28.0300,41124677,1134994986.0500,3,0.959100,1,-1.248700,54.088623,2.954684,-61.191792,5.385475,0
2020-10-23,sh.600438,26.9000,28.8200,26.6300,27.8900,27.6800,75220042,2100114374.8300,3,1.754300,1,0.758700,32.112130,2.902043,-114.229211,4.907505,0
2020-10-26,sh.600438,27.5000,29.8000,27.1100,29.6000,27.8900,89927363,2600030336.6800,3,2.097300,1,6.131200,34.080998,3.079973,-121.232866,5.208395,0
2020-10-27,sh.600438,29.2100,30.4600,28.9700,30.2800,29.6000,71377394,2113836864.5600,3,1.664600,1,2.297300,34.863940,3.150730,-124.017945,5.328048,0
2020-10-28,sh.600438,29.9000,32.5100,29.6000,30.8100,30.2800,80255034,2503008820.8000,3,1.871700,1,1.750300,35.474174,3.205878,-126.188669,5.421306,0
2020-10-29,sh.600438,30.2500,31.9600,30.1000,30.5800,30.8100,71305847,2208655708.2900,3,1.663000,1,-0.746500,35.209356,3.181946,-125.246657,5.380836,0
2020-10-30,sh.600438,30.5600,31.8000,29.8000,30.7000,30.5800,65801164,2025222134.0400,3,1.534600,1,0.392400,35.347522,3.194432,-125.738142,5.401951,0
2020-11-02,sh.600438,30.1000,33.5700,29.6500,32.2000,30.7000,115600019,3699511913.3500,3,2.696000,1,4.886000,37.074599,3.350512,-131.881699,5.665890,0
2020-11-03,sh.600438,32.3900,32.6000,31.0000,32.2000,32.2000,63625393,2021617387.3500,3,1.483900,1,0.000000,37.074599,3.350512,-131.881699,5.665890,0
2020-11-04,sh.600438,31.8700,32.5400,29.3000,30.1700,32.2000,114536224,3497521782.9400,3,2.671200,1,-6.304300,34.737288,3.139284,-123.567418,5.308692,0
2020-11-05,sh.600438,31.5000,32.3800,30.8000,32.1700,30.1700,88937016,2800443097.0100,3,2.074200,1,6.629100,37.040058,3.347390,-131.758828,5.660611,0
2020-11-06,sh.600438,32.8000,32.8500,30.0100,30.6000,32.1700,109025861,3353139010.7000,3,2.542700,1,-4.880300,35.232383,3.184027,-125.328571,5.384355,0
2020-11-09,sh.600438,30.9200,32.6000,29.7800,32.2000,30.6000,102242633,3214590482.6100,3,2.384500,1,5.228800,37.074599,3.350512,-131.881699,5.665890,0
2020-11-10,sh.600438,32.0000,34.3800,31.2100,33.5600,32.2000,92377978,3043964101.1000,3,2.154400,1,4.223600,38.640483,3.492024,-137.451858,5.905194,0
2020-11-11,sh.600438,33.3000,34.7100,32.5000,32.8000,33.5600,67099807,2255472261.5600,3,1.564900,1,-2.264600,37.765430,3.412944,-134.339122,5.771465,0
2020-11-12,sh.600438,33.8600,33.8600,31.8000,32.4500,32.8000,60264423,1955309633.2800,3,1.405500,1,-1.067100,37.362446,3.376525,-132.905625,5.709880,0
2020-11-13,sh.600438,32.2000,32.5000,30.1000,30.9200,32.4500,93244258,2886352566.1000,3,2.174600,1,-4.714900,35.600826,3.217324,-126.639197,5.440662,0
2020-11-16,sh.600438,30.9900,31.6200,29.8000,31.2900,30.9200,57077682,1760030367.8100,3,1.331100,1,1.196600,36.026839,3.255823,-128.154607,5.505767,0
2020-11-17,sh.600438,31.0000,31.1200,29.0000,29.4800,31.2900,86533704,2573748045.5100,3,2.018100,1,-5.784600,33.942832,3.067487,-120.741382,5.187280,0
2020-11-18,sh.600438,29.9100,30.5000,28.9000,29.6300,29.4800,76677717,2274166416.3100,3,1.788300,1,0.508800,34.115540,3.083095,-121.355737,5.213674,0
2020-11-19,sh.600438,29.6000,31.3200,29.0500,31.1700,29.6300,83592946,2551132539.0600,3,1.949500,1,5.197400,35.888673,3.243337,-127.663123,5.484652,0
2020-11-20,sh.600438,31.0000,32.3500,30.7100,32.0700,31.1700,71913855,2276501747.0600,3,1.677200,1,2.887400,36.924919,3.336985,-131.349257,5.643015,0
2020-11-23,sh.600438,32.1000,33.5200,31.5700,32.7900,32.0700,67520800,2201256848.9600,3,1.574700,1,2.245100,37.753917,3.411903,-134.298165,5.769706,0
2020-11-24,sh.600438,32.3000,32.5700,31.6800,32.0600,32.7900,43880649,1408641724.3400,3,1.023400,1,-2.226300,36.913405,3.335944,-131.308300,5.641255,0
2020-11-25,sh.600438,32.3900,33.1900,31.7200,31.8800,32.0600,42367388,1370436859.1700,3,0.988100,1,-0.561400,36.706156,3.317215,-130.571073,5.609583,0
2020-11-26,sh.600438,31.3300,31.9800,30.3000,31.5700,31.8800,54814860,1701782621.1400,3,1.278400,1,-0.972400,36.349227,3.284958,-129.301405,5.555035,0
2020-11-27,sh.600438,31.3900,31.7700,30.7700,31.2700,31.5700,48062588,1503429202.0300,3,1.120900,1,-0.950300,36.003811,3.253742,-128.072693,5.502248,0
2020-11-30,sh.600438,31.3600,31.3600,29.8100,30.8000,31.2700,61287121,1882458306.1200,3,1.429300,1,-1.503000,35.462660,3.204837,-126.147712,5.419547,0
2020-12-01,sh.600438,30.5300,32.2000,30.5300,31.6100,30.8000,54010690,1707895328.1300,3,1.259600,1,2.629900,36.395282,3.289120,-129.465233,5.562074,0
2020-12-02,sh.600438,31.5200,31.6800,29.9900,30.5000,31.6100,91992308,2804530228.9100,3,2.145400,1,-3.511500,35.117245,3.173621,-124.919001,5.366759,0
2020-12-03,sh.600438,30.1000,30.3600,29.8600,30.0200,30.5000,55138444,1656371863.1500,3,1.285900,1,-1.573800,34.564580,3.123676,-122.953062,5.282298,0
2020-12-04,sh.600438,29.8800,30.1300,28.9100,29.4000,30.0200,79000818,2316155931.4300,3,1.842400,1,-2.065300,33.850721,3.059163,-120.413725,5.173204,0
2020-12-07,sh.600438,29.4000,30.1000,29.0000,29.7500,29.4000,73074899,2156592888.7100,3,1.704200,1,1.190500,34.253706,3.095581,-121.847222,5.234789,0
2020-12-08,sh.600438,29.5000,29.8500,29.0500,29.2000,29.7500,60671343,1779984697.1800,3,1.415000,1,-1.848700,33.620444,3.038352,-119.594584,5.138012,0
2020-12-09,sh.600438,29.3500,29.4600,27.8200,28.4400,29.2000,88080445,2516334338.9000,3,2.054200,1,-2.602700,32.745392,2.959272,-116.481848,5.004283,0
2020-12-10,sh.600438,29.5300,31.2700,28.9100,30.9000,28.4400,152668816,4602714224.5700,3,3.560500,1,8.649800,37.350878,3.375480,-132.864478,5.708112,0
2020-12-11,sh.600438,31.1500,31.7500,30.3300,30.7500,30.9000,103123979,3195773368.5600,3,2.405000,1,-0.485400,37.169563,3.359094,-132.219504,5.680402,0
2020-12-14,sh.600438,31.5500,32.2000,30.5000,31.3700,30.7500,106436884,3339283483.5000,3,2.482300,1,2.016300,37.918998,3.426822,-134.885394,5.794934,0
2020-12-15,sh.600438,31.4600,31.8500,30.6900,31.7800,31.3700,85954273,2698381887.1200,3,2.004600,1,1.307000,38.414593,3.471610,-136.648320,5.870673,0
2020-12-16,sh.600438,32.5200,33.0400,32.0000,32.2900,31.7800,99547368,3239304849.8100,3,2.321600,1,1.604800,39.031063,3.527322,-138.841229,5.964884,0
2020-12-17,sh.600438,32.2200,32.3600,31.1100,32.0600,32.2900,75404193,2391277141.8300,3,1.758600,1,-0.712300,38.753047,3.502197,-137.852270,5.922397,0
2020-12-18,sh.600438,32.0000,33.7600,31.8200,33.6400,32.0600,110495956,3640996606.9400,3,2.577000,1,4.928300,40.662898,3.674794,-144.645988,6.214268,0
2020-12-21,sh.600438,35.0000,36.4900,34.0800,35.6900,33.6400,145629560,5127424787.4800,3,3.396300,1,6.093900,43.140869,3.898734,-153.460621,6.592961,0
2020-12-22,sh.600438,35.5800,36.5800,34.6200,34.6300,35.6900,116268791,4141933379.7900,3,2.711600,1,-2.970000,41.859576,3.782940,-148.902811,6.397149,0
2020-12-23,sh.600438,35.3100,38.0900,35.3100,38.0900,34.6300,140264397,5187570834.4900,3,3.271200,1,9.991300,46.041908,4.160907,-163.780193,7.036310,0
2020-12-24,sh.600438,38.2000,39.0900,37.1000,38.2200,38.0900,103529617,3943192858.1300,3,2.414500,1,0.341300,46.199047,4.175108,-164.339169,7.060325,0
2020-12-25,sh.600438,38.0600,40.9300,37.4100,40.5800,38.2200,101059316,3930750962.4600,3,2.356900,1,6.174800,49.051736,4.432911,-174.486748,7.496284,0
2020-12-28,sh.600438,40.1000,41.1000,39.3200,40.5400,40.5800,89727635,3595285140.6800,3,2.092600,1,-0.098600,49.003385,4.428542,-174.314755,7.488895,0
2020-12-29,sh.600438,40.0100,40.2600,36.5800,36.9500,40.5400,159094483,6030831291.4300,3,3.710400,1,-8.855500,44.663914,4.036374,-158.878396,6.825719,0
2020-12-30,sh.600438,37.4000,38.5000,37.3300,37.9500,36.9500,88969126,3378198951.6900,3,2.074900,1,2.706400,45.872681,4.145613,-163.178218,7.010448,0
2020-12-31,sh.600438,38.9900,39.7000,37.6900,38.4400,37.9500,100327169,3879782746.4200,3,2.339800,1,1.291200,46.464976,4.199140,-165.285130,7.100965,0
2021-01-04,sh.600438,38.3000,42.2800,38.0100,41.6500,38.4400,129691074,5261705696.5100,3,3.024600,1,8.350700,50.345116,4.549797,-179.087556,7.693943,0
2021-01-05,sh.600438,41.0500,43.6500,40.6600,42.5000,41.6500,112149575,4758171356.2600,3,2.615500,1,2.040800,51.372567,4.642650,-182.742404,7.850963,0
2021-01-06,sh.600438,42.2900,43.3700,41.0100,42.4000,42.5000,100325719,4219561918.3800,3,2.339800,1,-0.235300,51.251691,4.631726,-182.312422,7.832490,0
2021-01-07,sh.600438,43.4100,44.6500,42.5100,44.0600,42.4000,112954992,4905109806.7300,3,2.634300,1,3.915100,53.258243,4.813063,-189.450126,8.139139,0
2021-01-08,sh.600438,44.1200,44.6600,41.1000,42.1000,44.0600,139121474,5895594657.6300,3,3.244500,1,-4.448500,50.889061,4.598954,-181.022476,7.777071,0
2021-01-11,sh.600438,42.1100,42.1100,38.5300,39.3200,42.1000,154156350,6166180856.7500,3,3.595200,1,-6.603300,47.528690,4.295271,-169.068973,7.263526,0
2021-01-12,sh.600438,39.4000,40.8300,38.8000,40.4100,39.3200,105019869,4189526445.3800,3,2.449200,1,2.772100,48.846246,4.414341,-173.755778,7.464880,0
2021-01-13,sh.600438,40.4000,41.5600,38.8200,39.3500,40.4100,109641162,4377964825.1200,3,2.557000,1,-2.623100,47.564953,4.298548,-169.197967,7.269068,0
2021-01-14,sh.600438,38.6900,39.0700,37.0700,37.9100,39.3500,97512733,3713413629.3900,3,2.274200,1,-3.659500,45.824330,4.141244,-163.006225,7.003059,0
2021-01-15,sh.600438,37.8500,38.8800,37.0200,38.5000,37.9100,80191790,3047655766.0700,3,1.870200,1,1.556300,46.537502,4.205695,-165.543119,7.112049,0
2021-01-18,sh.600438,37.9000,38.6500,37.1000,38.3000,38.5000,80262017,3055167600.6100,3,1.871800,1,-0.519500,46.295749,4.183847,-164.683155,7.075103,0
2021-01-19,sh.600438,39.1000,39.4500,37.0000,37.1900,38.3000,94525287,3590686095.9000,3,2.204500,1,-2.898200,44.954018,4.062592,-159.910353,6.870054,0
2021-01-20,sh.600438,37.5000,38.5900,37.0100,38.3200,37.1900,90721944,3442182906.7700,3,2.115800,1,3.038500,46.319924,4.186032,-164.769151,7.078797,0
2021-01-21,sh.600438,39.3000,42.1000,38.7000,41.8000,38.3200,161331517,6543016915.8600,3,3.762500,1,9.081400,50.526431,4.566183,-179.732529,7.721653,0
2021-01-22,sh.600438,42.4700,45.0100,41.9600,44.8500,41.8000,155114957,6813318605.3300,3,3.617500,1,7.296700,54.213168,4.899361,-192.846984,8.285075,0
2021-01-25,sh.600438,44.8500,47.4700,43.0000,44.3000,44.8500,168006203,7673620185.7600,3,3.918200,1,-1.226300,53.548346,4.839280,-190.482083,8.183474,0
2021-01-26,sh.600438,45.0000,46.6900,43.6800,45.8200,44.3000,140005721,6378899891.7000,3,3.265200,1,3.431200,55.385671,5.005323,-197.017811,8.464261,0
2021-01-27,sh.600438,45.4000,50.4000,43.7700,50.4000,45.8200,168111848,7940495911.8700,3,3.920700,1,9.995600,60.921821,5.505637,-216.710993,9.310318,0
2021-01-28,sh.600438,49.5000,51.4900,48.0900,49.1900,50.4000,170410460,8454526977.6300,3,3.974300,1,-2.400800,59.459214,5.373458,-211.508209,9.086797,0
2021-01-29,sh.600438,49.3000,49.7100,44.4500,46.0000,49.1900,189455538,8846491777.1100,3,4.418400,1,-6.485100,55.603249,5.024986,-197.791779,8.497513,0
2021-02-01,sh.600438,43.8900,44.8600,42.8100,43.4000,46.0000,142065234,6206201070.5300,3,3.313200,1,-5.652200,52.460457,4.740965,-186.612244,8.017218,0
2021-02-02,sh.600438,44.5500,46.5600,42.6900,45.5600,43.4000,133151201,5949902200.2700,3,3.105300,1,4.977000,55.071392,4.976921,-195.899858,8.416232,0
2021-02-03,sh.600438,45.6000,47.7400,45.4500,46.3200,45.5600,135279956,6295119386.7500,3,3.155000,1,1.668100,55.990054,5.059942,-199.167722,8.556626,0
2021-02-04,sh.600438,45.0800,46.3200,43.8800,45.0000,46.3200,109994117,4949754632.7400,3,2.565200,1,-2.849700,54.394483,4.915747,-193.491958,8.312784,0
2021-02-05,sh.600438,45.7600,47.7200,44.6900,45.5900,45.0000,116863114,5416703678.1200,3,2.725400,1,1.311100,55.107655,4.980198,-196.028852,8.421774,0
2021-02-08,sh.600438,45.6000,46.8800,43.1500,46.6800,45.5900,110561153,4979202875.7200,3,2.578500,1,2.390900,56.425210,5.099268,-200.715657,8.623128,0
2021-02-09,sh.600438,46.6800,51.0000,46.6800,51.0000,46.6800,130002209,6425617487.1900,3,3.031900,1,9.254500,61.647081,5.571180,-219.290885,9.421155,0
2021-02-10,sh.600438,52.0000,55.5000,50.1800,54.0600,51.0000,133401404,7056620290.5800,3,3.111100,1,6.000000,65.345905,5.905451,-232.448338,9.986425,0
2021-02-18,sh.600438,54.4500,54.9600,52.5500,54.0900,54.0600,99034947,5319839607.6300,3,2.309700,1,0.055500,65.382168,5.908728,-232.577333,9.991966,0
2021-02-19,sh.600438,52.8700,52.8900,48.9400,50.9600,54.0900,114824989,5849382928.8200,3,2.677900,1,-5.786700,61.598730,5.566810,-219.118892,9.413766,0
2021-02-22,sh.600438,49.9800,53.3300,49.8500,50.0500,50.9600,107948565,5529298350.5300,3,2.517500,1,-1.785700,60.498753,5.467403,-215.206055,9.245663,0
2021-02-23,sh.600438,48.2900,51.1800,48.0800,50.2000,50.0500,77080000,3853790379.4200,3,1.797600,1,0.299700,60.680068,5.483789,-215.851028,9.273372,0
2021-02-24,sh.600438,49.9900,50.5300,46.3300,47.2300,50.2000,110766855,5312308050.4500,3,2.583300,1,-5.916300,57.090032,5.159350,-203.080559,8.724729,0
2021-02-25,sh.600438,48.5500,49.0400,47.1900,47.6600,47.2300,76690769,3684813948.4500,3,1.788600,1,0.910400,57.609801,5.206322,-204.929482,8.804162,0
2021-02-26,sh.600438,45.5500,47.5900,45.0000,46.9800,47.6600,78160226,3617195550.2000,3,1.822800,1,-1.426800,56.787840,5.132040,-202.005604,8.678547,0
2021-03-01,sh.600438,48.1500,49.4900,46.8900,47.5000,46.9800,98554540,4739344560.4600,3,2.298500,1,1.106900,57.416399,5.188844,-204.241511,8.774605,0
2021-03-02,sh.600438,48.3400,48.5900,45.7700,46.8400,47.5000,84583469,3981130295.7100,3,1.972600,1,-1.389500,56.618613,5.116746,-201.403629,8.652685,0
2021-03-03,sh.600438,46.0300,46.2900,42.1600,43.1000,46.8400,226171041,9753393533.3000,3,5.274700,1,-7.984600,52.097827,4.708193,-185.322297,7.961800,0
2021-03-04,sh.600438,41.1100,41.5100,38.7900,38.7900,43.1000,166053455,6532931486.0300,3,3.872600,1,-10.000000,46.888044,4.237374,-166.790067,7.165620,0
2021-03-05,sh.600438,36.0600,38.5000,35.3200,37.2400,38.7900,160753579,5985612267.6600,3,3.749000,1,-3.995900,45.014456,4.068054,-160.125344,6.879291,0
2021-03-08,sh.600438,37.5300,37.9800,33.6100,33.7800,37.2400,233951487,8262472238.2700,3,5.456100,1,-9.291100,40.832125,3.690087,-145.247963,6.240130,0
2021-03-09,sh.600438,33.6600,34.3100,32.1900,32.4000,33.7800,158144957,5245927363.1800,3,3.688200,1,-4.085300,39.164028,3.539338,-139.314209,5.985205,0
2021-03-10,sh.600438,33.3800,33.6600,32.3900,33.0800,32.4000,145754627,4834848028.3400,3,3.399200,1,2.098800,39.985989,3.613620,-142.238088,6.110820,0
2021-03-11,sh.600438,33.0900,35.2000,32.9100,34.5800,33.0800,130977007,4478558299.4900,3,3.054600,1,4.534500,41.799138,3.777478,-148.687820,6.387913,0
2021-03-12,sh.600438,35.3000,35.5000,32.6600,33.6900,34.5800,156939144,5318767258.3400,3,3.660100,1,-2.573700,40.723336,3.680256,-144.860979,6.223504,0
2021-03-15,sh.600438,33.0000,33.1800,30.6000,31.1000,33.6900,167628303,5282366523.4300,3,3.909400,1,-7.687700,37.592631,3.397327,-133.724442,5.745057,0
2021-03-16,sh.600438,31.5000,31.8600,30.7500,31.1900,31.1000,113860924,3554851905.4200,3,2.655400,1,0.289400,37.701420,3.407159,-134.111426,5.761683,0
2021-03-17,sh.600438,31.1900,32.1500,30.5200,31.7600,31.1900,105188013,3326012880.9200,3,2.453200,1,1.827500,38.390417,3.469425,-136.562324,5.866978,0
2021-03-18,sh.600438,31.7900,32.7700,31.2100,32.6000,31.7600,110212204,3534679210.6300,3,2.570300,1,2.644800,39.405781,3.561186,-140.174174,6.022150,0
2021-03-19,sh.600438,31.5000,31.6700,30.5000,30.8300,32.6000,114925128,3560149629.2600,3,2.680200,1,-5.429400,37.266265,3.367833,-132.563490,5.695181,0
2021-03-22,sh.600438,30.8000,31.7100,30.5000,31.4200,30.8300,80167240,2509655909.1200,3,1.869600,1,1.913700,37.979437,3.432284,-135.100385,5.804171,0
2021-03-23,sh.600438,31.4000,31.4800,30.2000,31.0200,31.4200,76734267,2358535845.2300,3,1.789600,1,-1.273100,37.495930,3.388588,-133.380456,5.730279,0
2021-03-24,sh.600438,31.1500,31.4000,29.9000,30.1200,31.0200,72669437,2213705842.4200,3,1.694800,1,-2.901400,36.408041,3.290273,-129.510617,5.564023,0
2021-03-25,sh.600438,29.5100,30.9400,29.3400,30.6600,30.1200,72755939,2204977965.4400,3,1.696800,1,1.792800,37.060774,3.349262,-131.832520,5.663777,0
2021-03-26,sh.600438,31.2100,32.5000,31.0100,32.0300,30.6600,122242934,3896540735.9000,3,2.850900,1,4.468400,38.716784,3.498919,-137.723276,5.916855,0
2021-03-29,sh.600438,32.1000,32.1100,31.2200,31.3300,32.0300,94282296,2969470134.2200,3,2.198800,1,-2.185500,37.870648,3.422452,-134.713401,5.787545,0
2021-03-30,sh.600438,31.2100,33.6600,30.8800,33.0800,31.3300,145476098,4750753282.9500,3,3.392700,1,5.585700,39.985989,3.613620,-142.238088,6.110820,0
2021-03-31,sh.600438,33.0000,33.3300,32.3800,32.7400,33.0800,83802685,2751459602.0400,3,1.954400,1,-1.027800,39.575008,3.576479,-140.776149,6.048012,0
2021-04-01,sh.600438,33.2900,34.2800,32.9400,33.1100,32.7400,89243801,2989979900.6700,3,2.081300,1,1.130100,40.022252,3.616897,-142.367083,6.116362,0
2021-04-02,sh.600438,33.1100,33.6100,32.3200,33.5000,33.1100,63666656,2103124690.0700,3,1.484800,1,1.177900,40.493671,3.659501,-144.044013,6.188406,0
2021-04-06,sh.600438,34.0900,34.9000,33.7200,34.1300,33.5000,89718751,3077354242.3400,3,2.092400,1,1.880600,42.583454,3.475948,-146.752900,6.304785,0
2021-04-07,sh.600438,33.9000,33.9000,32.6000,33.0000,34.1300,72405547,2384041558.4700,3,1.688600,1,-3.310900,41.173571,3.360864,-141.894102,6.096042,0
2021-04-08,sh.600438,32.5000,33.2500,32.2000,32.7800,33.0000,50289956,1648526769.8600,3,1.172800,1,-0.666700,40.899080,3.338458,-140.948142,6.055401,0
2021-04-09,sh.600438,32.4000,33.1200,32.0100,32.1900,32.7800,49126552,1590915565.4000,3,1.145700,1,-1.799900,40.162947,3.278370,-138.411247,5.946412,0
2021-04-12,sh.600438,32.0000,32.4500,31.0000,31.0800,32.1900,57141196,1800309281.3500,3,1.332600,1,-3.448300,38.778018,3.165323,-133.638445,5.741363,0
2021-04-13,sh.600438,30.0000,31.5900,29.9700,30.9600,31.0800,63381972,1964385008.9600,3,1.478200,1,-0.386100,33.902656,2.965726,57.763551,4.470294,0
2021-04-14,sh.600438,31.4700,32.0800,31.3300,31.9000,30.9600,61119865,1942723794.8300,3,1.425400,1,3.036200,34.932000,3.055770,59.517354,4.606020,0
2021-04-15,sh.600438,32.2500,32.4600,31.6100,32.2800,31.9000,47586809,1528357326.2200,3,1.109800,1,1.191200,35.348118,3.092171,60.226338,4.660888,0
2021-04-16,sh.600438,32.1500,32.1500,30.7900,31.6700,32.2800,62753094,1969422091.1200,3,1.463500,1,-1.889700,34.680140,3.033738,59.088232,4.572811,0
2021-04-19,sh.600438,31.8600,33.6600,31.6500,33.4800,31.6700,91721706,3026981843.3800,3,2.139100,1,5.715200,36.662175,3.207122,62.465235,4.834155,0
2021-04-20,sh.600438,33.5500,35.0200,33.2600,34.0100,33.4800,114856411,3943092924.9300,3,2.678600,1,1.583000,37.242550,3.257892,63.454082,4.910682,0
2021-04-21,sh.600438,34.0500,34.7200,33.3600,33.9500,34.0100,77617664,2635479099.2000,3,1.810200,1,-0.176400,37.176847,3.252144,63.342137,4.902018,0
2021-04-22,sh.600438,34.2900,34.3900,32.8900,34.1900,33.9500,70185330,2368229521.7000,3,1.636800,1,0.706900,37.439658,3.275135,63.789916,4.936672,0
2021-04-23,sh.600438,34.4700,35.7500,34.3300,35.4000,34.1900,99014852,3486109467.5900,3,2.309200,1,3.539000,38.764665,3.391043,66.047471,5.111383,0
2021-04-26,sh.600438,35.2900,36.0000,34.4800,34.4900,35.4000,89891929,3172860271.4600,3,2.096400,1,-2.570600,37.768172,3.303872,64.349641,4.979989,0
2021-04-27,sh.600438,34.1100,34.6000,33.6000,34.2000,34.4900,52676274,1795136261.3200,3,1.228500,1,-0.840800,37.450609,3.276092,63.808574,4.938116,0
2021-04-28,sh.600438,34.3900,34.8100,33.8000,34.3900,34.2000,52254675,1790038223.5200,3,1.218700,1,0.555600,37.658668,3.294293,64.163066,4.965550,0
2021-04-29,sh.600438,34.5500,34.6500,33.3500,34.0700,34.3900,58211960,1971908046.9900,3,1.357600,1,-0.930500,37.308253,3.263639,63.566027,4.919345,0
2021-04-30,sh.600438,34.0800,35.7100,34.0700,35.2300,34.0700,105221365,3691540931.6400,3,2.453900,1,3.404800,38.578507,3.374758,65.730294,5.086837,0
2021-05-06,sh.600438,35.0000,37.2500,34.7600,36.5700,35.2300,109266243,3970335061.8200,3,2.548300,1,3.803600,40.045870,3.503120,68.230396,5.280318,0
2021-05-07,sh.600438,36.5800,37.9200,35.7900,36.0000,36.5700,98271539,3624532462.0000,3,2.291900,1,-1.558700,39.421693,3.448518,67.166920,5.198017,0
2021-05-10,sh.600438,35.5000,38.9400,35.3400,38.5800,36.0000,120558739,4590484379.2000,3,2.811600,1,7.166700,42.246915,3.695662,71.980549,5.570541,0
2021-05-11,sh.600438,38.1000,38.6000,36.5000,38.4100,38.5800,96746398,3640214515.5300,3,2.256300,1,-0.440600,42.060757,3.679378,71.663372,5.545995,0
2021-05-12,sh.600438,38.0200,38.9900,37.6300,38.7100,38.4100,62474539,2406740255.1100,3,1.457000,1,0.781000,42.389271,3.708115,72.223096,5.589312,0
2021-05-13,sh.600438,38.0000,38.6000,37.3900,37.5900,38.7100,58333386,2209780806.2700,3,1.360400,1,-2.893300,41.162818,3.600828,70.133459,5.427596,0
2021-05-14,sh.600438,37.3800,37.6900,36.1000,37.4000,37.5900,60835543,2250198940.3900,3,1.418800,1,-0.505500,40.954759,3.582627,69.778967,5.400162,0
2021-05-17,sh.600438,37.4000,39.9400,37.4000,39.6300,37.4000,91938955,3609518366.4300,3,2.144200,1,5.962600,43.396714,3.796244,73.939584,5.722150,0
2021-05-18,sh.600438,39.7000,39.9500,39.0300,39.4800,39.6300,42446297,1676506419.8800,3,0.989900,1,-0.378500,43.232457,3.781875,73.659722,5.700491,0
2021-05-19,sh.600438,39.2000,40.9600,39.2000,40.7900,39.4800,66046772,2670636839.5100,3,1.540300,1,3.318100,44.666969,3.907363,76.103852,5.889642,0
2021-05-20,sh.600438,41.0100,41.2900,39.4700,39.6900,40.7900,61488670,2463054946.1300,3,1.434000,1,-2.696700,43.462417,3.801991,74.051529,5.730813,0
2021-05-21,sh.600438,40.0100,40.6000,38.5100,39.3000,39.4500,62373735,2460193736.6700,3,1.454700,1,-0.380200,43.035349,3.764633,73.323887,5.674501,0
2021-05-24,sh.600438,39.2000,40.5000,37.7500,40.3500,39.3000,72060657,2801890931.7100,3,1.680600,1,2.671800,44.185148,3.865214,75.282923,5.826110,0
2021-05-25,sh.600438,39.9500,40.1400,39.3000,39.9800,40.3500,59240074,2357354381.7000,3,1.381600,1,-0.917000,43.779981,3.829771,74.592596,5.772686,0
2021-05-26,sh.600438,40.0600,40.2300,38.7400,38.8600,39.9800,60075427,2349337998.6000,3,1.401100,1,-2.801400,42.553528,3.722484,72.502958,5.610970,0
2021-05-27,sh.600438,38.8900,39.8000,38.3000,38.4400,38.8600,55443596,2157334927.0700,3,1.293000,1,-1.080800,42.093608,3.682251,71.719344,5.550327,0
2021-05-28,sh.600438,38.0100,39.7600,38.0100,38.3700,38.4400,72880101,2830675996.3300,3,1.699700,1,-0.182100,42.016955,3.675546,71.588742,5.540219,0
2021-05-31,sh.600438,38.1800,40.2900,37.7900,40.1300,38.3700,90628392,3559299750.0600,3,2.113600,1,4.586900,43.944238,3.844140,74.872458,5.794345,0
2021-06-01,sh.600438,39.8500,40.1700,39.0100,39.5400,40.1300,59183398,2340305615.5900,3,1.380300,1,-1.470200,43.298160,3.787623,73.771667,5.709155,0
2021-06-02,sh.600438,40.1000,40.6000,38.1800,38.4100,39.5400,66188085,2575118531.6900,3,1.543600,1,-2.857900,42.060757,3.679378,71.663372,5.545995,0
2021-06-03,sh.600438,37.9000,37.9000,35.7500,35.9800,38.4100,114075448,4157996697.4500,3,2.660400,1,-6.326500,39.399792,3.446603,67.129605,5.195129,0
2021-06-04,sh.600438,35.5000,36.3800,35.0600,35.6800,35.9800,71443656,2554878205.8300,3,1.666200,1,-0.833800,39.071278,3.417865,66.569881,5.151812,0
2021-06-07,sh.600438,35.3600,35.5500,34.2100,35.0000,35.6800,98061928,3404114473.5200,3,2.287000,1,-1.905800,38.326646,3.352726,65.301172,5.053627,0
2021-06-08,sh.600438,35.0000,35.9900,34.3500,34.7300,35.0000,87638599,3072330653.4300,3,1.946900,1,-0.771400,38.030984,3.326862,64.797420,5.014642,0
2021-06-09,sh.600438,34.7800,34.8000,33.6800,34.5000,34.7300,76744955,2629356257.4000,3,1.704900,1,-0.662300,37.779123,3.304830,64.368298,4.981433,0
2021-06-10,sh.600438,34.2500,36.4500,34.2300,35.6000,34.5000,117223311,4179067282.7800,3,2.604100,1,3.188400,38.983675,3.410201,66.420621,5.140261,0
2021-06-11,sh.600438,35.6200,37.1000,35.1100,36.2500,35.6000,130503001,4713308055.1100,3,2.899100,1,1.825800,39.695455,3.472466,67.633357,5.234114,0
2021-06-15,sh.600438,36.5000,37.4200,35.3600,35.7500,36.2500,101904987,3708041400.9900,3,2.263800,1,-1.379300,39.147932,3.424570,66.700483,5.161919,0
2021-06-16,sh.600438,35.3000,35.3200,33.5500,33.5600,35.7500,94182193,3220576447.1100,3,2.092200,1,-6.125900,36.749779,3.214785,62.614495,4.845707,0
2021-06-17,sh.600438,33.5600,34.8000,33.5600,34.4800,33.5600,55429886,1900222600.1800,3,1.231400,1,2.741400,37.757222,3.302914,64.330983,4.978545,0
2021-06-18,sh.600438,34.3500,35.6000,34.2000,34.8000,34.4800,72829486,2554361095.0500,3,1.617900,1,0.928100,38.107637,3.333568,64.928023,5.024749,0
2021-06-21,sh.600438,34.9000,36.0200,34.3000,35.5300,34.8000,63395825,2245686511.2200,3,1.408300,1,2.097700,38.907021,3.403496,66.290018,5.130154,0
2021-06-22,sh.600438,35.9900,36.3200,35.3000,35.5000,35.5300,65120687,2331540525.9700,3,1.446600,1,-0.084400,38.874170,3.400622,66.234046,5.125822,0
2021-06-23,sh.600438,35.5600,36.3600,35.2500,35.9000,35.5000,83429869,3005029219.9900,3,1.853400,1,1.126800,39.312189,3.438939,66.980345,5.183578,0
2021-06-24,sh.600438,36.8000,39.4500,35.9200,39.4500,35.9000,185520069,7057777468.5500,3,4.121300,1,9.888600,43.199606,3.779001,73.603750,5.696160,0
2021-06-25,sh.600438,39.4500,39.8600,38.4500,39.1000,39.4500,121577927,4751427342.6500,3,2.700800,1,-0.887200,42.816339,3.745474,72.950738,5.645624,0
2021-06-28,sh.600438,39.8000,42.2000,39.3000,41.4100,39.1000,152147054,6185312877.1600,3,3.379900,1,5.907900,45.345898,3.966754,77.260615,5.979163,0
2021-06-29,sh.600438,42.0000,43.5000,41.5000,43.2500,41.4100,149622814,6392949964.7800,3,3.323800,1,4.443400,47.360784,4.143012,80.693591,6.244839,0
2021-06-30,sh.600438,42.5000,44.2400,41.7000,43.2700,43.2500,107279078,4626612896.9000,3,2.383200,1,0.046200,47.382685,4.144927,80.730906,6.247727,0
2021-07-01,sh.600438,44.7100,45.3700,43.1600,43.2000,43.2700,135249553,5999991809.3900,3,3.004500,1,-0.161800,47.306032,4.138222,80.600304,6.237620,0
2021-07-02,sh.600438,42.4100,44.1000,41.8400,41.9700,43.2000,150822577,6493263687.1800,3,3.350500,1,-2.847200,45.959124,4.020398,78.305434,6.060021,0
2021-07-05,sh.600438,43.0000,43.1600,41.6300,42.6000,41.9700,107243758,4549896924.9400,3,2.382400,1,1.501100,46.649004,4.080747,79.480855,6.150986,0
2021-07-06,sh.600438,42.8200,42.8200,39.7100,40.5800,42.6000,132162639,5409156277.6600,3,2.935900,1,-4.741800,44.437009,3.887247,75.712045,5.859320,0
2021-07-07,sh.600438,40.4500,42.7500,39.8600,42.3000,40.5800,117901378,4920051212.0400,3,2.619100,1,4.238500,46.320490,4.052009,78.921131,6.107669,0
2021-07-08,sh.600438,42.3100,42.6000,40.9100,41.0300,42.3000,114105335,4760467701.1800,3,2.534800,1,-3.002400,44.929780,3.930353,76.551631,5.924295,0
2021-07-09,sh.600438,40.8800,41.8500,39.4000,41.4700,41.0300,102191777,4153296737.5100,3,2.270100,1,1.072400,45.411601,3.972502,77.372560,5.987826,0
2021-07-12,sh.600438,41.9000,41.9500,40.6500,40.7600,41.4700,121497934,5005100601.9700,3,2.699000,1,-1.712100,44.634117,3.904489,76.047879,5.885310,0
2021-07-13,sh.600438,41.6600,43.0000,40.7500,42.5700,40.7600,146852282,6182832579.2400,3,3.262300,1,4.440600,46.616152,4.077873,79.424883,6.146655,0
2021-07-14,sh.600438,42.5700,42.5700,39.9200,40.2200,42.5700,134738239,5495550848.5500,3,2.993200,1,-5.520300,44.042792,3.852761,75.040375,5.807340,0
2021-07-15,sh.600438,39.5200,40.8700,38.6000,40.4300,40.2200,122065762,4862966616.3100,3,2.711600,1,0.522100,44.272752,3.872878,75.432182,5.837661,0
2021-07-16,sh.600438,40.0000,40.1900,38.6900,38.7000,40.4300,102939762,4053825627.6800,3,2.286800,1,-4.279000,42.378320,3.707157,72.204439,5.587868,0
2021-07-19,sh.600438,38.6500,40.3100,38.5000,39.4900,38.7000,77018648,3046033601.0700,3,1.710900,1,2.041300,43.243407,3.782833,73.678380,5.701935,0
2021-07-20,sh.600438,39.0000,40.0600,38.8000,39.6900,39.4900,59412400,2353444896.5900,3,1.319800,1,0.506500,43.462417,3.801991,74.051529,5.730813,0
2021-07-21,sh.600438,39.8300,43.6600,39.8000,43.6600,39.6900,184279008,7778055891.8800,3,4.093700,1,10.002500,47.809754,4.182286,81.458548,6.304039,0
2021-07-22,sh.600438,44.8000,45.5000,43.1000,44.3900,43.6600,196619326,8701403867.1200,3,4.367800,1,1.672000,48.609138,4.252215,82.820544,6.409443,0
2021-07-23,sh.600438,43.9900,45.0500,43.1500,43.5400,44.3900,111786371,4909359425.0400,3,2.483300,1,-1.914800,47.678348,4.170791,81.234658,6.286712,0
2021-07-26,sh.600438,43.4500,44.6900,41.4800,43.0200,43.5400,125220265,5427983717.5300,3,2.781700,1,-1.194300,47.108924,4.120979,80.264469,6.211630,0
2021-07-27,sh.600438,43.0000,45.8800,41.8500,42.0500,43.0200,146572261,6472174318.0000,3,3.256000,1,-2.254800,46.046728,4.028061,78.454694,6.071572,0
2021-07-28,sh.600438,41.5000,42.7500,39.7000,41.3400,42.0500,103014144,4263295994.3900,3,2.288400,1,-1.688500,45.269244,3.960049,77.130013,5.969056,0
2021-07-29,sh.600438,42.0600,43.8500,41.3600,43.8000,41.3400,129508664,5531895091.1800,3,2.877000,1,5.950700,47.963060,4.195697,81.719752,6.324253,0
2021-07-30,sh.600438,43.0000,44.8600,42.7400,43.2200,43.8000,121701705,5320628138.2500,3,2.703600,1,-1.324200,47.327933,4.140138,80.637619,6.240508,0
2021-08-02,sh.600438,43.1500,46.7000,43.0000,45.8600,43.2200,164261330,7469660052.7200,3,3.649000,1,6.108300,50.218857,4.393029,85.563193,6.621696,0
2021-08-03,sh.600438,45.8500,46.5400,44.0100,45.7500,45.8600,114117720,5190312205.5900,3,2.535100,1,-0.239900,50.098402,4.382492,85.357961,6.605813,0
2021-08-04,sh.600438,45.7500,50.3300,45.6500,50.3300,45.7500,182694745,8970240449.3300,3,4.058500,1,10.010900,55.113717,4.821220,93.903085,7.267116,0
2021-08-05,sh.600438,50.0000,52.3600,49.4200,51.2700,50.3300,169223499,8643112977.9600,3,3.759200,1,1.867700,56.143062,4.911265,95.656888,7.402842,0
2021-08-06,sh.600438,51.2700,52.6900,50.0000,50.6900,51.2700,101575147,5180781335.6400,3,2.256400,1,-1.131300,55.507934,4.855705,94.574755,7.319096,0
2021-08-09,sh.600438,50.0300,50.6800,47.6300,49.5200,50.6900,99397586,4866385967.8700,3,2.208100,1,-2.308100,54.226729,4.743629,92.391830,7.150161,0
2021-08-10,sh.600438,49.3000,50.8800,47.8700,49.3000,49.5200,95103840,4688953402.2700,3,2.112700,1,-0.444300,53.985819,4.722554,91.981365,7.118395,0
2021-08-11,sh.600438,48.9600,49.2900,46.4400,47.1800,49.3000,129833602,6187291902.4900,3,2.884200,1,-4.300200,51.664319,4.519475,88.025980,6.812289,0
2021-08-12,sh.600438,47.1000,47.8700,45.5000,47.6900,47.1800,117044842,5454243101.8200,3,2.600100,1,1.081000,52.222793,4.568329,88.977511,6.885928,0
2021-08-13,sh.600438,46.6100,47.4600,45.9700,46.1000,47.6900,84023952,3905279045.7100,3,1.866600,1,-3.334000,50.481668,4.416019,86.010972,6.656349,0
2021-08-16,sh.600438,45.3000,47.8600,45.0800,47.0000,46.1000,95087269,4471201645.7300,3,2.112300,1,1.952300,51.467211,4.502232,87.690145,6.786299,0
2021-08-17,sh.600438,47.0000,49.3000,47.0000,47.9700,47.0000,111980998,5416113311.1700,3,2.487600,1,2.063800,52.529406,4.595151,89.499921,6.926357,0
2021-08-18,sh.600438,48.7000,49.7400,46.9000,47.4500,47.9700,113841900,5499304003.3600,3,2.528900,1,-1.084000,38.394933,4.105780,93.180438,6.620174,0
2021-08-19,sh.600438,47.4500,49.3800,46.5000,49.0200,47.4500,97688712,4735271763.2800,3,2.170100,1,3.308700,39.665323,4.241630,96.263542,6.839219,0
2021-08-20,sh.600438,49.0000,49.4900,47.5000,48.9600,49.0200,79795712,3852917138.8000,3,1.772600,1,-0.122400,39.616773,4.236438,96.145716,6.830847,0
2021-08-23,sh.600438,49.3000,50.9500,47.5000,50.4300,48.9600,107938438,5311889468.4000,3,2.397800,1,3.002500,40.806248,4.363635,99.032444,7.035940,0
2021-08-24,sh.600438,50.1400,53.3900,50.0200,50.7000,50.4300,106194018,5490014567.1900,3,2.359100,1,0.535400,41.024722,4.386998,99.562659,7.073610,0
2021-08-25,sh.600438,50.9800,55.5000,50.5000,54.6400,50.7000,152562650,8089135821.4600,3,3.389100,1,7.771200,44.212837,4.727920,107.299876,7.623315,0
2021-08-26,sh.600438,54.1000,55.4600,53.6300,54.1900,54.6400,95254338,5202745701.3700,3,2.116000,1,-0.823600,43.848712,4.688982,106.416184,7.560531,0
2021-08-27,sh.600438,53.5900,59.0800,53.3100,57.3700,54.1900,135860578,7730604070.2200,3,3.018100,1,5.868200,46.421860,4.964143,112.660942,8.004202,0
2021-08-30,sh.600438,57.8800,62.3200,57.7000,60.4900,57.3700,151184041,9097955982.7100,3,3.358500,1,5.438400,48.946459,5.234112,118.787875,8.439501,0
2021-08-31,sh.600438,59.8600,61.6100,58.6900,61.0000,60.4900,104708161,6305525758.8100,3,2.326000,1,0.843100,49.359134,5.278242,119.789393,8.510655,0
2021-09-01,sh.600438,61.0200,61.6000,54.9000,56.3500,61.0000,148791731,8490754322.7700,3,3.305300,1,-7.623000,45.596511,4.875884,110.657906,7.861892,0
2021-09-02,sh.600438,57.0000,61.9000,57.0000,61.9000,56.3500,122835981,7330539453.3000,3,2.728700,1,9.849200,50.087383,5.356117,121.556777,8.636223,0
2021-09-03,sh.600438,61.0000,62.7700,57.2200,58.5500,61.9000,120952450,7201934220.6100,3,2.686900,1,-5.412000,47.376677,5.066247,114.978180,8.168834,0
2021-09-06,sh.600438,58.8800,58.8800,53.1000,55.6500,58.5500,116234892,6406516630.8100,3,2.582100,1,-4.953000,45.030095,4.815314,109.283274,7.764229,0
2021-09-07,sh.600438,55.6500,57.5900,54.7000,57.1800,55.6500,75467463,4256096503.5400,3,1.676500,1,2.749300,46.268119,4.947703,112.287828,7.977693,0
2021-09-08,sh.600438,57.0000,58.2400,54.5100,55.1200,57.1800,78984294,4397243176.4200,3,1.754600,1,-3.602700,44.601237,4.769454,108.242481,7.690284,0
2021-09-09,sh.600438,55.1500,57.2300,54.6800,56.9100,55.1200,67838603,3785374710.7300,3,1.507000,1,3.247500,46.049644,4.924340,111.757612,7.940023,0
2021-09-10,sh.600438,56.1100,58.9800,55.5800,58.6500,56.9100,86068251,4934805019.7300,3,1.912000,1,3.057500,47.457593,5.074900,115.174556,8.182786,0
2021-09-13,sh.600438,58.0200,58.7800,55.0400,55.4600,58.6500,91806026,5174621861.9400,3,2.039400,1,-5.439000,44.876353,4.798873,108.910160,7.737721,0
2021-09-14,sh.600438,54.0200,54.1900,51.0000,51.9700,55.4600,144757784,7598073250.1300,3,3.215700,1,-6.292800,42.052363,4.496889,102.056635,7.250799,0
2021-09-15,sh.600438,52.5000,53.6000,52.0100,53.0100,51.9700,76769768,4055997215.6500,3,1.705400,1,2.001200,42.893896,4.586878,104.098946,7.395899,0
2021-09-16,sh.600438,53.0600,53.3900,49.5000,49.5000,53.0100,121148105,6149634208.4400,3,2.691300,1,-6.621400,40.053723,4.283163,97.206147,6.906188,0
2021-09-17,sh.600438,50.8300,50.9700,47.6900,49.4200,49.5000,105337782,5143945768.8100,3,2.340000,1,-0.161600,39.988990,4.276241,97.049046,6.895026,0
2021-09-22,sh.600438,48.9300,50.4800,48.2000,49.1000,49.4200,59198643,2929262421.4400,3,1.315100,1,-0.647500,39.730057,4.248552,96.420643,6.850380,0
2021-09-23,sh.600438,50.0700,51.4900,49.0500,49.2000,49.1000,74837270,3754043156.5500,3,1.662500,1,0.203700,39.810973,4.257205,96.617019,6.864332,0
2021-09-24,sh.600438,49.1000,52.1000,48.1400,50.8500,49.2000,99949819,5060955485.5100,3,2.220300,1,3.353700,41.146097,4.399977,99.857224,7.094538,0
2021-09-27,sh.600438,51.2000,51.4900,48.4600,50.1500,50.8500,84915665,4247427414.3400,3,1.886400,1,-1.376600,40.579681,4.339407,98.482591,6.996875,0
2021-09-28,sh.600438,50.1500,51.1900,49.1000,49.4600,50.1500,51979485,2594399084.5400,3,1.154700,1,-1.375900,40.021356,4.279702,97.127596,6.900607,0
2021-09-29,sh.600438,48.7000,50.9700,48.5000,50.2600,49.4600,63491448,3184862025.2800,3,1.410400,1,1.617500,40.668689,4.348925,98.698605,7.012222,0
2021-09-30,sh.600438,50.1900,51.8400,49.4100,50.9400,50.2600,61067387,3100347154.0900,3,1.356600,1,1.353000,41.218922,4.407764,100.033962,7.107095,0
2021-10-08,sh.600438,52.5700,52.9900,49.2800,50.4600,50.9400,65026983,3291649359.2700,3,1.444500,1,-0.942300,40.830523,4.366231,99.091357,7.040126,0
2021-10-11,sh.600438,50.3000,52.5000,50.1000,51.5100,50.4600,62287645,3208189686.0400,3,1.383700,1,2.080900,41.680147,4.457086,101.153305,7.186621,0
2021-10-12,sh.600438,51.6000,52.8700,51.0700,52.7300,51.5100,64760935,3365114001.2500,3,1.438600,1,2.368500,42.667330,4.562650,103.549093,7.356834,0
2021-10-13,sh.600438,52.7600,55.4500,52.3200,54.9000,52.7300,76562785,4159699335.6800,3,1.700800,1,4.115300,44.423220,4.750417,107.810454,7.659590,0
2021-10-14,sh.600438,54.6000,56.2500,53.7500,54.3700,54.9000,66499826,3653209394.8200,3,1.477300,1,-0.965400,43.994362,4.704557,106.769661,7.585645,0
2021-10-15,sh.600438,54.1700,56.3000,53.6100,55.9000,54.3700,59510994,3305041580.6300,3,1.322000,1,2.814100,45.232386,4.836946,109.774214,7.799109,0
2021-10-18,sh.600438,56.4900,56.7200,54.2000,55.8100,55.9000,61553723,3408063301.3100,3,1.367400,1,-0.161000,45.159561,4.829158,109.597476,7.786552,0
2021-10-19,sh.600438,55.2800,56.0000,53.8800,53.8900,55.8100,64260887,3492130356.1300,3,1.427500,1,-3.440200,43.605962,4.663024,105.827056,7.518676,0
2021-10-20,sh.600438,53.8000,55.9800,53.7400,54.5500,53.8900,67707662,3732464516.7500,3,1.504100,1,1.224700,44.140012,4.720132,107.123138,7.610758,0
2021-10-21,sh.600438,54.5000,54.8500,53.3200,53.9300,54.5500,44468170,2399211209.7300,3,0.987800,1,-1.136600,43.638329,4.666485,105.905606,7.524257,0
2021-10-22,sh.600438,54.4000,55.7300,53.7700,54.6200,53.9300,44631757,2441694284.1400,3,0.991500,1,1.279400,44.196654,4.726189,107.260601,7.620525,0
2021-10-25,sh.600438,54.8000,57.4800,54.8000,57.0000,54.6200,82720978,4682937354.4200,3,1.837600,1,4.357400,46.122469,4.932127,111.934351,7.952580,0
2021-10-26,sh.600438,57.2000,57.3800,55.4000,56.1200,57.0000,62013196,3472044131.9600,3,1.377600,1,-1.543900,40.614891,4.265768,270.031998,7.166439,0
2021-10-27,sh.600438,56.5100,57.2800,55.8000,56.5500,56.1200,61721104,3493270797.7900,3,1.371100,1,0.766200,40.926088,4.298453,272.101024,7.221349,0
2021-10-28,sh.600438,56.1800,56.5300,54.6000,55.4400,56.5500,58023439,3231451383.4000,3,1.289000,1,-1.962900,40.122765,4.214080,266.760049,7.079604,0
2021-10-29,sh.600438,55.6000,57.4100,53.6100,57.2300,55.4400,94340272,5249457416.0100,3,2.095700,1,3.228700,41.418215,4.350141,275.372973,7.308184,0
2021-11-01,sh.600438,56.5000,56.8700,54.4000,55.0000,57.2300,90260072,5033122425.7400,3,2.005100,1,-3.896600,39.804330,4.180635,264.642906,7.023416,0
2021-11-02,sh.600438,54.3000,54.6600,51.1200,51.3200,55.0000,105406707,5570250340.4100,3,2.341600,1,-6.690900,37.141059,3.900913,246.935889,6.553486,0
2021-11-03,sh.600438,50.3000,52.2400,50.2900,51.4700,51.3200,69876183,3594614890.2700,3,1.552300,1,0.292300,37.249616,3.912314,247.657643,6.572641,0
2021-11-04,sh.600438,52.0300,53.5600,51.1000,52.7000,51.4700,71351429,3756735644.6700,3,1.585000,1,2.389700,38.139785,4.005809,253.576020,6.729710,0
2021-11-05,sh.600438,52.8100,52.8100,50.0000,50.0500,52.7000,83971617,4256636023.6100,3,1.865400,1,-5.028500,36.221940,3.804378,240.825044,6.391309,0
2021-11-08,sh.600438,49.7200,51.0000,49.4200,50.4000,50.0500,44207119,2225318422.0800,3,0.982000,1,0.699300,36.475241,3.830982,242.509135,6.436003,0
2021-11-09,sh.600438,51.3000,52.0700,50.2500,50.4800,50.4000,50324286,2565158082.8400,3,1.117900,1,0.158700,36.533138,3.837063,242.894070,6.446219,0
2021-11-10,sh.600438,50.3900,50.7000,47.8000,48.7000,50.4800,89628210,4366657806.0700,3,1.991100,1,-3.526100,35.244925,3.701762,234.329264,6.218916,0
2021-11-11,sh.600438,48.8000,49.5000,48.4700,48.9000,48.7000,48393665,2371874233.6500,3,1.075000,1,0.410700,35.389668,3.716965,235.291602,6.244456,0
2021-11-12,sh.600438,49.0000,49.9000,49.0000,49.4800,48.9000,42199315,2089936496.7700,3,0.937400,1,1.186100,35.809423,3.761051,238.082381,6.318521,0
2021-11-15,sh.600438,49.7100,49.7100,48.0200,48.3300,49.4800,41278155,2000526640.0100,3,0.917000,1,-2.324200,34.977150,3.673638,232.548939,6.171667,0
2021-11-16,sh.600438,48.1700,48.8000,47.8200,48.6400,48.3300,31482838,1524284525.7500,3,0.699400,1,0.641400,35.201502,3.697202,234.040562,6.211254,0
2021-11-17,sh.600438,48.7200,50.2000,48.5000,50.2000,48.6400,57916179,2867432542.0100,3,1.286600,1,3.207200,36.330498,3.815780,241.546797,6.410464,0
2021-11-18,sh.600438,50.2000,50.2000,48.8100,49.4100,50.2000,35552196,1754778610.3900,3,0.789800,1,-1.573700,35.758763,3.755731,237.745563,6.309582,0
2021-11-19,sh.600438,49.3500,49.7000,48.0000,48.9300,49.4100,54485195,2653380471.9000,3,1.210400,1,-0.971500,35.411379,3.719245,235.435952,6.248287,0
2021-11-22,sh.600438,48.5000,49.5100,48.1000,49.2200,48.9300,65493922,3193761518.1900,3,1.454900,1,0.592700,35.621257,3.741288,236.831342,6.285319,0
2021-11-23,sh.600438,49.1400,49.1800,48.2000,48.3800,49.2200,54986569,2669802412.6700,3,1.221500,1,-1.706600,35.013336,3.677439,232.789523,6.178052,0
2021-11-24,sh.600438,48.6000,48.6500,45.8800,46.3800,48.3800,99694852,4665246084.4500,3,2.214700,1,-4.133900,33.565906,3.525416,223.166145,5.922655,0
2021-11-25,sh.600438,46.2000,46.3000,44.6000,45.0000,46.3800,91948438,4175244144.2500,3,2.042600,1,-2.975400,32.567179,3.420520,216.526014,5.746432,0
2021-11-26,sh.600438,45.2400,45.5300,44.5000,44.9300,45.0000,65200586,2930537743.3600,3,1.448400,1,-0.155600,32.516519,3.415199,216.189195,5.737493,0
2021-11-29,sh.600438,44.1000,44.8000,43.9000,44.2900,44.9300,65073478,2881004143.1700,3,1.445600,1,-1.424400,32.053341,3.366552,213.109714,5.655766,0
2021-11-30,sh.600438,44.6900,45.5000,44.3100,44.9200,44.2900,66451731,2986126376.6500,3,1.476200,1,1.422400,32.509282,3.414439,216.141079,5.736216,0
2021-12-01,sh.600438,44.3100,46.1600,44.1800,45.6600,44.9200,77944271,3543940447.2800,3,1.731500,1,1.647400,33.044831,3.470687,219.701729,5.830713,0
2021-12-02,sh.600438,45.6300,46.4400,45.1200,45.6600,45.6600,52367391,2397298367.6400,3,1.163300,1,0.000000,33.044831,3.470687,219.701729,5.830713,0
2021-12-03,sh.600438,45.2400,45.6600,42.9000,43.9700,45.6600,96698595,4250850102.4900,3,2.148100,1,-3.701300,31.821753,3.342228,211.569974,5.614902,0
2021-12-06,sh.600438,43.9700,45.7000,43.9700,44.5400,43.9700,79292481,3567449925.8000,3,1.761400,1,1.296300,32.234270,3.385554,214.312637,5.687690,0
2021-12-07,sh.600438,45.1900,45.3200,44.1000,44.9800,44.5400,46291856,2066870837.6300,3,1.028400,1,0.987900,32.552705,3.418999,216.429780,5.743878,0
2021-12-08,sh.600438,45.0000,47.0900,44.6000,46.4500,44.9800,92843118,4277820406.3600,3,2.062500,1,3.268100,33.616566,3.530736,223.502963,5.931594,0
2021-12-09,sh.600438,46.4000,46.9900,45.9000,46.5600,46.4500,59375971,2766020372.4700,3,1.319000,1,0.236800,33.696175,3.539098,224.032249,5.945641,0
2021-12-10,sh.600438,46.4000,48.8800,46.1900,48.4300,46.5600,93708191,4514690712.0300,3,2.081700,1,4.016300,35.049522,3.681239,233.030108,6.184437,0
2021-12-13,sh.600438,48.1800,48.8200,47.3900,48.2500,48.4300,62036148,2986546130.7700,3,1.378100,1,-0.371700,34.919253,3.667557,232.164004,6.161452,0
2021-12-14,sh.600438,48.2500,48.2800,46.5500,46.7500,48.2500,50237127,2369773794.0500,3,1.116000,1,-3.108800,33.833681,3.553540,224.946470,5.969904,0
2021-12-15,sh.600438,46.4400,48.6800,46.3800,47.2700,46.7500,52107411,2496375171.5300,3,1.157500,1,1.112300,34.210012,3.593066,227.448548,6.036307,0
2021-12-16,sh.600438,47.3500,48.0300,46.9100,47.2000,47.2700,30148818,1427180893.2900,3,0.669700,1,-0.148100,34.159352,3.587745,227.111730,6.027368,0
2021-12-17,sh.600438,46.8200,46.8500,45.0200,45.1100,47.2000,55630159,2539817761.6000,3,1.235800,1,-4.428000,32.646788,3.428881,217.055299,5.760478,0
2021-12-20,sh.600438,44.7100,45.5700,44.0600,44.1500,45.1100,40416410,1800264055.4100,3,0.897800,1,-2.128100,31.952021,3.355910,212.436078,5.637888,0
2021-12-21,sh.600438,44.2000,45.0000,43.8500,44.7600,44.1500,27869874,1240036748.9300,3,0.619100,1,1.381700,32.393488,3.402277,215.371208,5.715784,0
2021-12-22,sh.600438,45.0700,45.1600,44.4200,44.5500,44.7600,21819061,975226844.3300,3,0.484700,1,-0.469200,32.241507,3.386315,214.360754,5.688967,0
2021-12-23,sh.600438,44.5000,44.7000,43.8000,44.0600,44.5500,32426072,1432226289.9000,3,0.720300,1,-1.099900,31.886887,3.349069,212.003026,5.626395,0
2021-12-24,sh.600438,44.3500,44.4700,41.2500,41.2700,44.0600,84498547,3545927261.6500,3,1.877100,1,-6.332300,29.867722,3.136997,198.578413,5.270116,0
2021-12-27,sh.600438,41.0000,41.1800,39.2400,40.3500,41.2700,76880138,3081499505.9500,3,1.707900,1,-2.229200,29.201904,3.067066,194.151659,5.152634,0
2021-12-28,sh.600438,40.1100,41.5000,39.8500,41.2700,40.3500,58580161,2375495413.9500,3,1.301300,1,2.280000,29.867722,3.136997,198.578413,5.270116,0
2021-12-29,sh.600438,41.0900,42.7100,40.9000,42.2100,41.2700,66927741,2802583647.3100,3,1.486800,1,2.277700,30.548014,3.208448,203.101401,5.390153,0
2021-12-30,sh.600438,42.0100,43.1900,41.8200,42.1000,42.2100,58743922,2499708768.5700,3,1.305000,1,-0.260600,30.468405,3.200086,202.572115,5.376106,0
2021-12-31,sh.600438,42.9300,46.0800,42.9300,44.9600,42.1000,105094305,4727491109.5100,3,2.334600,1,6.793300,32.538231,3.417479,216.333546,5.741324,0
2022-01-04,sh.600438,45.6000,45.6800,42.0000,42.5200,44.9600,85532863,3665824309.6900,3,1.900100,1,-5.427000,30.772366,3.232011,204.593024,5.429739,0
2022-01-05,sh.600438,42.5300,42.8900,41.3400,41.7300,42.5200,50274292,2110149801.1800,3,1.116800,1,-1.857900,30.200631,3.171962,200.791790,5.328858,0
2022-01-06,sh.600438,41.6000,42.0900,40.5000,41.9000,41.7300,50266189,2080192243.4700,3,1.116600,1,0.407400,30.323662,3.184884,201.609777,5.350566,0
2022-01-07,sh.600438,42.3300,43.1200,41.0100,42.1000,41.9000,58840336,2478574471.7700,3,1.307100,1,0.477300,30.468405,3.200086,202.572115,5.376106,0
2022-01-10,sh.600438,42.1000,42.4800,40.9300,41.8900,42.1000,39507748,1649806421.2700,3,0.877600,1,-0.498800,30.316425,3.184124,201.561660,5.349289,0
2022-01-11,sh.600438,41.8200,42.2400,40.3900,40.8000,41.8900,38241236,1572818017.0700,3,0.849500,1,-2.602100,29.527576,3.101271,196.316919,5.210098,0
2022-01-12,sh.600438,41.1900,42.5600,40.3500,42.5100,40.8000,57811929,2411480809.7900,3,1.284300,1,4.191200,30.765129,3.231251,204.544908,5.428462,0
2022-01-13,sh.600438,42.4100,42.5800,41.0800,41.0900,42.5100,38847560,1618473226.7600,3,0.863000,1,-3.340400,29.737453,3.123315,197.712309,5.247130,0
2022-01-14,sh.600438,40.8500,41.9500,40.6000,41.4200,41.0900,30841627,1280142361.0200,3,0.685100,1,0.803100,29.976279,3.148398,199.300166,5.289271,0
2022-01-17,sh.600438,41.7500,42.6700,41.4300,41.5400,41.4200,37433361,1570361337.9700,3,0.831600,1,0.289700,30.063125,3.157520,199.877569,5.304595,0
2022-01-18,sh.600438,41.4100,41.8000,40.8000,41.2800,41.5400,31433962,1295431130.0700,3,0.698300,1,-0.625900,29.874959,3.137757,198.626530,5.271393,0
2022-01-19,sh.600438,41.0700,41.2000,40.4000,40.5100,41.2800,30589067,1244154228.4800,3,0.679500,1,-1.865300,29.317698,3.079228,194.921529,5.173065,0
2022-01-20,sh.600438,40.6800,40.8100,39.8100,40.0000,40.5100,31748400,1274090586.2400,3,0.705300,1,-1.258900,28.948604,3.040462,192.467568,5.107939,0
2022-01-21,sh.600438,39.9000,40.9200,39.3800,39.9400,40.0000,30570819,1228861592.3000,3,0.679100,1,-0.150000,28.905181,3.035901,192.178866,5.100277,0
2022-01-24,sh.600438,39.9500,41.1000,39.3000,40.8400,39.9400,32569723,1317554155.2300,3,0.723500,1,2.253400,29.556524,3.104312,196.509387,5.215206,0
2022-01-25,sh.600438,40.4000,40.8400,38.6000,38.8500,40.8400,40331053,1598384677.5000,3,0.895900,1,-4.872700,28.116331,2.953049,186.934125,4.961086,0
2022-01-26,sh.600438,39.5500,40.4200,39.0800,40.0500,38.8500,34858247,1384136108.1200,3,0.774400,1,3.088800,28.984789,3.044263,192.708152,5.114324,0
2022-01-27,sh.600438,39.7600,39.9800,38.6500,38.6900,40.0500,31566361,1236830371.9700,3,0.701200,1,-3.395800,28.000537,2.940887,186.164255,4.940654,0
2022-01-28,sh.600438,39.1700,39.2800,36.4300,37.3500,38.6900,43809196,1650789057.5100,3,0.973200,1,-3.463400,27.030759,2.839031,179.716591,4.769538,0
2022-02-07,sh.600438,38.0100,40.2300,38.0100,39.8500,37.3500,53027091,2098664707.9400,3,1.178000,1,6.693400,28.840046,3.029060,191.745814,5.088784,0
2022-02-08,sh.600438,39.9800,39.9800,37.9400,38.7500,39.8500,43051273,1657460896.8000,3,0.956400,1,-2.760400,28.043960,2.945448,186.452956,4.948316,0
2022-02-09,sh.600438,38.6100,39.2600,38.3700,39.0000,38.7500,37657014,1458256144.7300,3,0.836500,1,0.645200,28.224889,2.964450,187.655879,4.980241,0
2022-02-10,sh.600438,39.0000,39.6000,38.0800,38.5800,39.0000,38478513,1490612615.8500,3,0.854800,1,-1.076900,27.920928,2.932526,185.634969,4.926607,0
2022-02-11,sh.600438,38.0000,38.8400,37.7800,37.9000,38.5800,29369301,1120940508.8800,3,0.652400,1,-1.762600,27.428802,2.880838,182.363020,4.839772,0
2022-02-14,sh.600438,37.8300,37.9400,36.8000,37.4500,37.9000,42102327,1566708732.3300,3,0.935300,1,-1.187300,20.551381,2.531200,180.197760,4.782308,0
2022-02-15,sh.600438,37.6000,38.8000,37.3900,38.6400,37.4500,45549304,1745011484.1800,3,1.011900,1,3.177600,21.204416,2.611631,185.923670,4.934269,0
2022-02-16,sh.600438,39.1000,39.1900,38.2800,38.4100,38.6400,28088569,1087486378.0100,3,0.624000,1,-0.595200,21.078199,2.596085,184.816982,4.904899,0
2022-02-17,sh.600438,38.3600,39.9900,38.1000,39.6500,38.4100,50262040,1979816010.6300,3,1.116600,1,3.228300,21.758672,2.679895,190.783477,5.063245,0
2022-02-18,sh.600438,39.2500,39.5700,38.8400,39.0600,39.6500,33228891,1298747648.9600,3,0.738200,1,-1.488000,21.434898,2.640018,187.944580,4.987903,0
2022-02-21,sh.600438,39.1500,39.8100,38.7200,39.5700,39.0600,28754603,1129099462.7200,3,0.638800,1,1.305700,21.714770,2.674488,190.398541,5.053029,0
2022-02-22,sh.600438,39.1900,41.9200,39.1200,41.8100,39.5700,89681026,3684142589.8900,3,1.992200,1,5.660900,22.944012,2.825887,201.176725,5.339073,0
2022-02-23,sh.600438,41.8100,43.2800,41.6800,42.9700,41.8100,73109021,3116132768.6000,3,1.624100,1,2.774500,23.580583,2.904290,206.758285,5.487204,0
2022-02-24,sh.600438,42.0000,43.9500,41.6300,42.1200,42.9700,76909976,3283467124.0200,3,1.708500,1,-1.978100,23.114130,2.846840,202.668349,5.378660,0
2022-02-25,sh.600438,43.0200,43.9900,42.0000,42.0900,42.1200,53403601,2280536349.2100,3,1.186300,1,-0.071200,23.097667,2.844812,202.523998,5.374829,0
2022-02-28,sh.600438,42.4900,43.0600,42.0200,42.9000,42.0900,41131742,1757165584.0000,3,0.913700,1,1.924400,23.542170,2.899559,0.000000,5.478265,0
2022-03-01,sh.600438,43.9700,45.1500,43.1600,43.3500,42.9000,71320089,3139452224.0000,3,1.584300,1,1.049000,23.789115,2.929974,208.586727,5.535729,0
2022-03-02,sh.600438,43.1000,44.3900,42.4000,44.0200,43.3500,53387493,2321383184.0000,3,1.186000,1,1.545600,24.156790,2.975258,211.810558,5.621287,0
2022-03-03,sh.600438,43.9000,44.3500,43.0100,43.2100,44.0200,39651969,1728037360.0000,3,0.880900,1,-1.840100,23.712288,2.920511,207.913090,5.517851,0
2022-03-04,sh.600438,42.5300,43.7200,42.4000,42.7200,43.2100,31617618,1359036944.0000,3,0.702400,1,-1.134000,23.443391,2.887393,205.555362,5.455279,0
2022-03-07,sh.600438,42.4900,43.5000,41.5500,42.2500,42.7200,38195813,1616976512.0000,3,0.848500,1,-1.100200,23.185470,2.855626,203.293868,5.395261,0
2022-03-08,sh.600438,42.2500,43.5600,42.0800,42.7900,42.2500,52654436,2259434624.0000,3,1.169700,1,1.278100,23.481805,2.892124,205.892181,5.464218,0
2022-03-09,sh.600438,43.5000,43.9500,41.0500,43.3500,42.7900,73988643,3185143344.0000,3,1.643600,1,1.308700,23.789115,2.929974,208.586727,5.535729,0
2022-03-10,sh.600438,46.3000,46.4800,44.5100,44.8600,43.3500,114065563,5188503808.0000,3,2.533900,1,3.483300,24.617756,3.032033,215.852377,5.728554,0
2022-03-11,sh.600438,44.0600,45.6300,43.8700,45.5500,44.8600,71255726,3203179120.0000,3,1.582900,1,1.538100,24.996406,3.078669,219.172443,5.816666,0
2022-03-14,sh.600438,45.0000,45.6800,44.0100,44.0200,45.5500,47697378,2137543856.0000,3,1.059600,1,-3.358900,24.156790,2.975258,211.810558,5.621287,0
2022-03-15,sh.600438,43.4400,45.4600,42.8000,43.9700,44.0200,71685518,3176710944.0000,3,1.592500,1,-0.113600,24.129352,2.971879,211.569974,5.614902,0
2022-03-16,sh.600438,44.7000,45.6600,42.7600,45.6000,43.9700,77037470,3426826048.0000,3,1.711400,1,3.707100,25.023845,3.082049,219.413027,5.823051,0
2022-03-17,sh.600438,45.8800,46.5000,44.5000,44.6700,45.6000,76222489,3453112768.0000,3,1.693300,1,-2.039500,24.513490,3.019191,214.938156,5.704291,0
2022-03-18,sh.600438,44.2000,44.6600,43.4500,44.3000,44.6700,35058900,1543875791.6200,3,0.778800,1,-0.828300,24.310446,2.994183,213.157831,5.657043,0
2022-03-21,sh.600438,44.2000,45.1500,43.7900,44.7800,44.3000,39113859,1748603388.3100,3,0.868900,1,1.083500,24.573854,3.026626,215.467442,5.718338,0
2022-03-22,sh.600438,45.4000,45.8500,43.9900,44.7000,44.7800,53016960,2380614662.7100,3,1.177700,1,-0.178700,24.529953,3.021219,215.082507,5.708122,0
2022-03-23,sh.600438,45.1500,45.1800,43.8700,44.0600,44.7000,35219044,1568332104.9900,3,0.782400,1,-1.431800,24.178741,2.977962,212.003026,5.626395,0
2022-03-24,sh.600438,43.6200,43.6400,42.1100,42.3600,44.0600,53585392,2279523856.9300,3,1.190400,1,-3.858400,23.245835,2.863061,203.823154,5.409308,0
2022-03-25,sh.600438,42.6000,42.9400,41.2800,41.2900,42.3600,37283678,1563651492.5700,3,0.828200,1,-2.526000,22.658652,2.790741,198.674647,5.272670,0
2022-03-28,sh.600438,41.9000,43.8500,41.6000,43.2000,41.2900,65169146,2799898671.8500,3,1.447700,1,4.625800,23.706800,2.919835,207.864973,5.516574,0
2022-03-29,sh.600438,43.2800,44.9400,42.9400,43.6000,43.2000,50388818,2211614004.2400,3,1.119400,1,0.925900,23.926308,2.946871,209.789649,5.567654,0
2022-03-30,sh.600438,43.9900,44.8000,43.0100,44.6900,43.6000,49860329,2200552511.3600,3,1.107600,1,2.500000,24.524465,3.020543,215.034390,5.706845,0
2022-03-31,sh.600438,44.1100,44.3800,42.5100,42.6900,44.6900,48463467,2093890488.4900,3,1.076600,1,-4.475300,23.426928,2.885365,205.411012,5.451448,0
2022-04-01,sh.600438,42.7100,44.1600,42.0300,43.3200,42.6900,43151547,1869916434.6200,3,0.958600,1,1.475800,23.772652,2.927946,208.442376,5.531898,0
2022-04-06,sh.600438,42.9900,42.9900,41.0100,41.4000,43.3200,57279084,2376747391.2800,3,1.272400,1,-4.432100,22.719017,2.798176,199.203933,5.286717,0
2022-04-07,sh.600438,40.8000,42.1000,40.8000,41.3300,41.4000,28678048,1192673087.4300,3,0.637100,1,-0.169100,22.680603,2.793444,198.867114,5.277778,0
2022-04-08,sh.600438,41.3400,41.3900,39.8800,40.8700,41.3300,35202541,1430842072.0900,3,0.782000,1,-1.113000,22.428169,2.762354,196.653737,5.219037,0
2022-04-11,sh.600438,40.6000,40.6000,38.9100,39.1000,40.8700,38684388,1525779518.0000,3,0.859400,1,-4.330800,21.456849,2.642721,188.137047,4.993011,0
2022-04-12,sh.600438,39.0000,39.8500,38.8000,39.6500,39.1000,29651048,1167226776.7700,3,0.658700,1,1.406600,21.758672,2.679895,190.783477,5.063245,0
2022-04-13,sh.600438,39.4900,40.2600,39.1000,39.3000,39.6500,27214456,1079441409.1400,3,0.604600,1,-0.882700,21.566603,2.656239,189.099385,5.018550,0
2022-04-14,sh.600438,39.7900,39.9500,38.8800,39.3400,39.3000,29187977,1148319293.4900,3,0.648400,1,0.101800,21.588554,2.658943,189.291853,5.023658,0
2022-04-15,sh.600438,38.9000,39.6600,38.3800,39.4900,39.3400,28449923,1110809607.4600,3,0.632000,1,0.381300,21.670869,2.669081,190.013606,5.042813,0
2022-04-18,sh.600438,39.1700,40.4800,38.9100,40.3000,39.4900,30862097,1235224957.8900,3,0.685600,1,2.051200,22.115371,2.723828,193.911074,5.146249,0
2022-04-19,sh.600438,40.3400,40.9500,39.9000,39.9500,40.3000,30198745,1215840840.0500,3,0.670900,1,-0.868500,21.923302,2.700172,192.226983,5.101554,0
2022-04-20,sh.600438,39.5600,39.8300,38.9500,39.1800,39.9500,24097078,947215892.6800,3,0.535300,1,-1.927400,21.500751,2.648129,188.521983,5.003226,0
2022-04-21,sh.600438,38.8000,39.0800,37.2800,37.4400,39.1800,46527048,1764547134.5800,3,1.033600,1,-4.441000,20.545893,2.530524,180.149643,4.781031,0
2022-04-22,sh.600438,37.0100,37.7900,36.6800,36.8300,37.4400,30152091,1119526309.5400,3,0.669800,1,-1.629300,20.211145,2.489295,177.214513,4.703135,0
2022-04-25,sh.600438,36.0400,36.5600,35.1500,35.1700,36.8300,46247326,1655915559.4300,3,1.027400,1,-4.507200,19.300189,2.377098,169.227109,4.491155,0
2022-04-26,sh.600438,36.3600,37.7000,35.9800,36.5300,35.1700,64205956,2362904436.1700,3,1.426300,1,3.866900,13.097647,2.120225,31.639098,3.882581,0
2022-04-27,sh.600438,36.6000,40.0000,36.3800,39.8200,36.5300,71438331,2740602211.3600,3,1.587000,1,9.006300,14.277259,2.311179,34.488609,4.232258,0
2022-04-28,sh.600438,39.2500,40.8500,39.0200,39.7000,39.8200,57806144,2311257249.2700,3,1.284100,1,-0.301400,14.234234,2.304214,34.384675,4.219504,0
2022-04-29,sh.600438,39.9900,41.5000,39.6500,41.1000,39.7000,58009163,2354883425.0700,3,1.288600,1,3.526400,14.736197,2.385471,35.597233,4.368302,0
2022-05-05,sh.600438,41.4700,41.7000,40.6100,40.7200,41.1000,43597290,1788424355.7600,3,0.968500,1,-0.924600,14.599950,2.363415,35.268110,4.327914,0
2022-05-06,sh.600438,39.8500,40.0600,39.3100,39.5800,40.7200,28711423,1140633382.9300,3,0.637800,1,-2.799600,14.191209,2.297249,34.280742,4.206750,0
2022-05-09,sh.600438,39.4000,40.4200,39.0200,39.5200,39.5800,26894796,1067434502.3200,3,0.597500,1,-0.151600,14.169696,2.293767,34.228775,4.200372,0
2022-05-10,sh.600438,39.0100,40.8000,38.8100,40.0200,39.5200,40553120,1623547190.6300,3,0.900900,1,1.265200,14.348968,2.322787,34.661831,4.253515,0
2022-05-11,sh.600438,40.1800,41.4800,39.4700,40.6800,40.0200,50977631,2080606059.1700,3,1.132400,1,1.649200,14.585608,2.361094,35.233466,4.323663,0
2022-05-12,sh.600438,40.1000,40.9200,40.0000,40.2600,40.6800,30566378,1233518094.2800,3,0.679000,1,-1.032400,14.435019,2.336717,34.869698,4.279023,0
2022-05-13,sh.600438,40.7000,41.1400,39.9100,40.3500,40.2600,33968825,1374784355.5000,3,0.754600,1,0.223500,14.467288,2.341940,34.947649,4.288589,0
2022-05-16,sh.600438,40.4000,40.9400,39.6000,39.7200,40.3500,32790216,1313868851.3100,3,0.728400,1,-1.561300,14.241405,2.305375,34.401998,4.221629,0
2022-05-17,sh.600438,40.4400,42.2500,40.3200,42.1000,39.7200,73451287,3057105309.4900,3,1.631700,1,5.991900,15.094742,2.443512,36.463346,4.474587,0
2022-05-18,sh.600438,42.2000,42.3600,41.4200,41.9200,42.1000,43469553,1817647660.1600,3,0.965700,1,-0.427600,15.030204,2.433064,36.307446,4.455456,0
2022-05-19,sh.600438,41.3000,45.8300,41.1800,45.4200,41.9200,114851937,5066629637.2500,3,2.551400,1,8.349200,16.285111,2.636207,39.338840,4.827452,0
2022-05-20,sh.600438,45.4200,46.1400,45.0000,46.0000,45.4200,80190646,3660539002.4900,3,1.781400,1,1.277000,16.493067,2.669870,39.841186,4.889097,0
2022-05-23,sh.600438,46.0000,46.2000,44.7800,45.7500,46.0000,55879061,2537717987.4100,3,1.241300,1,-0.543500,16.403431,2.655360,39.624657,4.862526,0
2022-05-24,sh.600438,45.7600,46.4700,44.8000,44.9600,45.7500,56140690,2558934490.5000,3,1.247100,1,-1.726800,16.120180,2.609508,38.940428,4.778561,0
2022-05-25,sh.600438,45.2000,45.4500,44.4400,45.1700,44.9600,41273016,1854266453.2200,3,0.916900,1,0.467100,16.195475,2.621696,39.122312,4.800881,0
2022-05-26,sh.600438,45.3900,45.6500,44.4500,44.9900,45.1700,38959385,1754600979.6300,3,0.865500,1,-0.398500,16.130937,2.611249,38.966412,4.781750,0
2022-05-27,sh.600438,45.2000,45.5900,44.3000,44.6700,44.9900,41464986,1861446447.5100,3,0.921100,1,-0.711300,16.016202,2.592676,38.689256,4.747739,0
2022-05-30,sh.600438,44.0600,44.3500,43.4500,43.7800,43.7600,34503957,1513086603.9100,3,0.766500,1,0.045700,15.697097,2.541020,37.918415,4.653145,0
2022-05-31,sh.600438,45.0000,45.5000,44.0600,45.1900,43.7800,69427855,3119262979.2700,3,1.542300,1,3.220600,16.202646,2.622857,39.139634,4.803007,0
2022-06-01,sh.600438,45.1400,45.8500,44.2800,45.0200,45.1900,49203003,2213426562.9900,3,1.093000,1,-0.376200,16.141693,2.612990,38.992395,4.784938,0
2022-06-02,sh.600438,45.5000,47.6700,45.0300,47.3700,45.0200,75690146,3534015007.8000,3,1.681400,1,5.219900,16.984274,2.749386,41.027760,5.034708,0
2022-06-06,sh.600438,47.0300,50.4300,46.9000,49.1600,47.3700,84891839,4141296174.8300,3,1.885800,1,3.778800,17.626069,2.853279,42.578102,5.224957,0
2022-06-07,sh.600438,50.8000,52.1000,49.7500,50.0500,49.1600,111904964,5685070873.5900,3,2.485900,1,1.810400,17.945174,2.904935,43.348942,5.319551,0
2022-06-08,sh.600438,50.3100,50.7000,49.1500,50.5600,50.0500,68230911,3411215532.7500,3,1.515700,1,1.019000,18.128032,2.934535,43.790660,5.373756,0
2022-06-09,sh.600438,50.1800,51.8800,50.1800,50.8300,50.5600,64900863,3308306570.5100,3,1.441700,1,0.534000,18.224839,2.950206,44.024510,5.402453,0
2022-06-10,sh.600438,50.0100,54.0500,50.0000,53.5300,50.8300,95152239,4995356984.9900,3,2.113800,1,5.311800,19.192911,3.106916,46.363014,5.689421,0
2022-06-13,sh.600438,53.5200,55.5000,52.8600,53.5800,53.5300,93058455,5024688909.6800,3,2.067300,1,0.093400,19.210838,3.109818,46.406320,5.694736,0
2022-06-14,sh.600438,52.8300,54.0000,51.1900,53.6000,53.5800,90780515,4753897708.8300,3,2.016700,1,0.037300,19.218009,3.110979,46.423642,5.696861,0
2022-06-15,sh.600438,54.0100,54.4500,52.0500,52.4900,53.6000,67239849,3564753754.9500,3,1.493700,1,-2.070900,18.820024,3.046554,45.462257,5.578885,0
2022-06-16,sh.600438,52.4000,54.5400,52.3500,53.6300,52.4900,68657354,3690822462.0900,3,1.525200,1,2.171800,19.228765,3.112720,46.449626,5.700050,0
2022-06-17,sh.600438,54.0000,55.0700,53.5000,54.5000,53.6300,85203813,4630102525.9900,3,1.892800,1,1.622200,19.540699,3.163216,47.203144,5.792518,0
2022-06-20,sh.600438,55.9700,55.9700,53.4800,54.2500,54.5000,83908306,4578589613.1800,3,1.864000,1,-0.458700,19.451063,3.148706,46.986616,5.765946,0
2022-06-21,sh.600438,54.3000,54.5300,52.3800,53.2600,54.2500,92624731,4933945228.3000,3,2.057600,1,-1.824900,19.096103,3.091245,46.129164,5.660725,0
2022-06-22,sh.600438,53.7000,55.2900,53.5200,54.6500,53.2600,71720201,3914179204.4100,3,1.593200,1,2.609800,19.594481,3.171922,47.333061,5.808460,0
2022-06-23,sh.600438,54.9900,55.2200,53.2700,55.1800,54.6500,57579229,3140757678.3800,3,1.279100,1,0.969800,19.784510,3.202683,47.792100,5.864791,0
2022-06-24,sh.600438,55.1600,58.4300,55.1000,57.9600,55.1800,92254382,5266673678.3800,3,2.049400,1,5.038100,20.781265,3.364036,50.199894,6.160263,0
2022-06-27,sh.600438,58.1700,58.1700,56.7700,57.5500,57.9600,58619636,3368778224.4700,3,1.302200,1,-0.707400,20.634261,3.340240,49.844788,6.116686,0
2022-06-28,sh.600438,57.5500,59.5700,57.1100,59.0200,57.5500,54635417,3195457780.0800,3,1.213700,1,2.554300,21.161322,3.425559,51.117973,6.272925,0
2022-06-29,sh.600438,58.6000,59.0400,56.6100,56.9300,59.0200,73308323,4225342923.5900,3,1.628500,1,-3.541200,20.411963,3.304254,49.307798,6.050790,0
2022-06-30,sh.600438,56.9200,60.6600,56.9000,59.8600,56.9300,83190524,4946176759.7200,3,1.848000,1,5.146700,21.462500,3.474314,51.845508,6.362204,0
2022-07-01,sh.600438,60.0000,61.0700,58.8700,59.6600,59.8600,57023900,3407884504.9800,3,1.266800,1,-0.334100,21.390791,3.462705,51.672285,6.340947,0
2022-07-04,sh.600438,61.0000,65.6300,59.8800,65.6300,59.6600,135514825,8678228527.8700,3,3.010400,1,10.006700,23.531304,3.809208,56.842978,6.975467,0
2022-07-05,sh.600438,66.8600,67.8600,64.2000,67.7500,65.6300,131029971,8696450642.5100,3,2.910800,1,3.230200,24.291420,3.932254,58.679137,7.200790,0
2022-07-06,sh.600438,67.0000,67.0000,64.5300,65.3800,67.7500,80822264,5305137763.2900,3,1.795400,1,-3.498200,23.441668,3.794698,56.626450,6.948895,0
2022-07-07,sh.600438,65.5000,65.9800,62.9800,64.8000,65.3800,80100118,5185950519.9100,3,1.779400,1,-0.887100,23.233712,3.761034,56.124105,6.887250,0
2022-07-08,sh.600438,66.0000,66.6600,63.3800,63.7300,64.8000,66358650,4277960559.9700,3,1.474100,1,-1.651200,22.850069,3.698931,55.197364,6.773526,0
2022-07-11,sh.600438,63.0100,63.7600,59.5200,60.3000,63.7300,106124435,6470536265.6200,3,2.357500,1,-5.382100,21.620260,3.499851,52.226598,6.408969,0
2022-07-12,sh.600438,61.3000,62.5300,59.7900,60.1200,60.3000,79317048,4830927142.4500,3,1.762000,1,-0.298500,21.555722,3.489404,52.070697,6.389838,0
2022-07-13,sh.600438,60.1200,60.5500,57.3700,59.8700,60.1200,91991059,5444302453.7500,3,2.043500,1,-0.415800,21.466085,3.474894,51.854169,6.363267,0
2022-07-14,sh.600438,59.5100,61.1300,58.5000,60.0600,59.8700,79351616,4768321828.0100,3,1.762800,1,0.317400,21.534209,3.485922,52.018730,6.383461,0
2022-07-15,sh.600438,59.0800,61.8600,58.9500,59.7000,60.0600,75659430,4593238506.2600,3,1.680700,1,-0.599400,21.405133,3.465027,51.706930,6.345198,0
2022-07-18,sh.600438,60.0000,60.3800,56.8700,58.6900,59.7000,80304529,4679246723.8000,3,1.783900,1,-1.691800,21.043002,3.406406,50.832156,6.237851,0
2022-07-19,sh.600438,58.9600,59.3400,57.5100,57.8600,58.6900,53549128,3115844751.5500,3,1.189600,1,-1.414200,20.745410,3.358232,50.113282,6.149634,0
2022-07-20,sh.600438,58.2000,58.8200,57.1200,57.3300,57.8600,59047346,3404067426.5300,3,1.311700,1,-0.916000,20.555381,3.327471,49.654243,6.093303,0
2022-07-21,sh.600438,57.5100,57.7000,55.6000,55.6300,57.3300,80788658,4556283470.9900,3,1.794700,1,-2.965300,19.945855,3.228802,48.181851,5.912619,0
2022-07-22,sh.600438,55.6600,56.5200,54.8700,56.1100,55.6300,74097087,4129638714.6700,3,1.646000,1,0.862800,20.117956,3.256661,48.597585,5.963636,0
2022-07-25,sh.600438,55.7100,55.9000,53.6800,53.8200,56.1100,74192143,4021061978.4100,3,1.648100,1,-4.081300,19.296889,3.123748,46.614187,5.720244,0
2022-07-26,sh.600438,54.4900,56.1000,53.8300,54.3600,53.8200,65961428,3617679518.8400,3,1.465300,1,1.003300,19.490503,3.155090,47.081888,5.777638,0
2022-07-27,sh.600438,54.6000,55.4500,53.3100,55.4200,54.3600,74827136,4104783291.1500,3,1.662300,1,1.950000,19.870560,3.216613,47.999967,5.890300,0
2022-07-28,sh.600438,55.8100,56.2200,53.9300,54.0900,55.4200,93677665,5122285069.8700,3,2.081000,1,-2.399900,19.393696,3.139419,46.848038,5.748941,0
2022-07-29,sh.600438,53.9300,55.2000,53.8000,53.8100,54.0900,50421614,2737393236.9600,3,1.120100,1,-0.517700,19.293303,3.123168,46.605526,5.719181,0
2022-08-01,sh.600438,53.3000,54.0600,52.1200,53.4900,53.8100,74998693,3973306192.0600,3,1.666100,1,-0.594700,19.178569,3.104595,46.328370,5.685170,0
2022-08-02,sh.600438,52.8900,52.9000,50.7700,51.0800,53.4900,80263888,4143625442.3600,3,1.783000,1,-4.505500,18.314475,2.964717,44.241038,5.429024,0
2022-08-03,sh.600438,51.9700,52.0300,49.5700,49.6900,51.0800,76704987,3885540233.6400,3,1.704000,1,-2.721200,17.816098,2.884040,43.037141,5.281288,0
2022-08-04,sh.600438,50.5500,51.1500,49.6100,50.3200,49.6900,57868997,2910473871.0000,3,1.285500,1,1.267900,18.041981,2.920606,43.582793,5.348247,0
2022-08-05,sh.600438,50.4000,51.2300,49.5000,50.8300,50.3200,66567852,3353407776.0000,3,1.478800,1,1.013500,18.224839,2.950206,44.024510,5.402453,0
2022-08-08,sh.600438,50.2800,50.6800,49.8800,50.5900,50.8300,53912033,2713157658.0000,3,1.197600,1,-0.472200,18.138788,2.936277,43.816643,5.376944,0
2022-08-09,sh.600438,50.6000,52.7900,50.0900,52.2000,50.5900,112359591,5826932710.0000,3,2.496000,1,3.182400,18.716046,3.029722,45.211084,5.548063,0
2022-08-10,sh.600438,51.9000,52.3400,51.0000,51.3500,52.2000,69000696,3548980048.0000,3,1.532800,1,-1.628400,18.411283,2.980388,44.474889,5.457721,0
2022-08-11,sh.600438,51.7300,52.2000,50.1100,52.0600,51.3500,87704975,4487041783.0000,3,1.948300,1,1.382700,18.665849,3.021596,45.089829,5.533183,0
2022-08-12,sh.600438,51.9900,51.9900,51.0400,51.1200,52.0600,50253681,2578772743.0000,3,1.116400,1,-1.805600,18.328817,2.967038,44.275683,5.433275,0
2022-08-15,sh.600438,50.8000,53.5000,50.6300,53.3100,51.1200,105181886,5558111770.1200,3,2.336600,1,4.284000,19.114031,3.094147,46.172470,5.666039,0
2022-08-16,sh.600438,53.1900,54.1900,52.5100,53.5600,53.3100,108854797,5814797050.4300,3,2.418200,1,0.469000,19.203667,3.108657,46.388998,5.692610,0
2022-08-17,sh.600438,53.6500,55.5300,53.2100,54.8000,53.5600,96882571,5300374781.3800,3,2.152200,1,2.315200,19.648263,3.180628,47.462978,5.824403,0
2022-08-18,sh.600438,55.1000,57.4400,55.1000,57.1700,54.8000,125413321,7081121802.6300,3,2.786000,1,4.324800,14.734561,2.645816,48.028209,5.685794,0
2022-08-19,sh.600438,58.5000,61.9800,57.2700,59.9600,57.1700,199479698,11865312370.8800,3,4.431400,1,4.880200,15.453634,2.774937,50.372073,5.963271,0
2022-08-22,sh.600438,62.0000,63.2500,60.2000,61.1800,59.9600,165985988,10255941729.6200,3,3.687300,1,2.034700,15.768068,2.831398,51.396988,6.084605,0
2022-08-23,sh.600438,60.6000,62.7000,58.5800,59.0500,61.1800,156913352,9447824945.0200,3,3.485800,1,-3.481500,15.219098,2.732822,49.607587,5.872767,0
2022-08-24,sh.600438,59.0800,60.4800,57.9400,58.4300,59.0500,110413229,6506052996.5400,3,2.452800,1,-1.050000,15.059304,2.704129,49.086728,5.811106,0
2022-08-25,sh.600438,58.0500,58.3000,56.2700,57.4800,58.4300,96584849,5515683391.7500,3,2.145600,1,-1.625900,14.814458,2.660163,48.288638,5.716624,0
2022-08-26,sh.600438,57.6600,58.1900,56.0600,56.4300,57.4800,71985288,4115971672.7500,3,1.599100,1,-1.826700,14.543839,2.611569,47.406539,5.612197,0
2022-08-29,sh.600438,55.2100,57.3600,55.1000,56.7800,56.4300,59730451,3378324974.5200,3,1.326900,1,0.620200,14.634045,2.627767,47.700572,5.647006,0
2022-08-30,sh.600438,56.6300,56.7400,55.2200,55.5600,56.7800,48554095,2707361063.7300,3,1.078600,1,-2.148600,14.319612,2.571306,46.675656,5.525672,0
2022-08-31,sh.600438,55.2400,55.7800,52.3600,52.8800,55.5600,90881991,4860143668.8400,3,2.018900,1,-4.823600,13.628889,2.447276,44.424203,5.259135,0
2022-09-01,sh.600438,53.4300,53.5000,52.0600,52.8200,52.8800,49754041,2632364478.9800,3,1.105300,1,-0.113500,13.613425,2.444499,44.373797,5.253168,0
2022-09-02,sh.600438,52.7700,53.2600,51.6000,52.2100,52.8200,48120959,2521258338.4600,3,1.069000,1,-1.154900,13.456208,2.416268,43.861339,5.192501,0
2022-09-05,sh.600438,52.2600,53.3400,52.0700,52.4500,52.2100,47199300,2485782142.3000,3,1.048500,1,0.459700,13.518064,2.427375,44.062962,5.216370,0
2022-09-06,sh.600438,53.1000,57.2000,52.6100,56.8700,52.4500,120311127,6590403459.6400,3,2.672700,1,8.427100,14.657241,2.631932,47.776180,5.655957,0
2022-09-07,sh.600438,56.0000,58.0200,55.9800,56.6900,56.8700,91920391,5238977053.3400,3,2.042000,1,-0.316500,14.610849,2.623602,47.624963,5.638056,0
2022-09-08,sh.600438,56.6900,58.0000,56.3700,56.5000,56.6900,62393719,3560410096.2800,3,1.386100,1,-0.335200,14.561880,2.614809,47.465345,5.619159,0
2022-09-09,sh.600438,56.2100,56.3700,53.6800,54.5600,56.5000,78047674,4256472250.5700,3,1.733800,1,-3.433600,14.061879,2.525026,45.835562,5.426218,0
2022-09-13,sh.600438,55.5100,55.9900,53.7300,54.9900,54.5600,56642343,3107898472.6400,3,1.258300,1,0.788100,14.172704,2.544926,46.196802,5.468983,0
2022-09-14,sh.600438,53.8800,54.8500,53.2700,53.7300,54.9900,45955507,2476597032.5800,3,1.020900,1,-2.291300,13.847962,2.486613,45.138283,5.343671,0
2022-09-15,sh.600438,53.7200,53.9800,50.8000,51.3000,53.7300,82063477,4253534554.5400,3,1.823000,1,-4.522600,13.221672,2.374154,43.096853,5.101998,0
2022-09-16,sh.600438,50.7300,51.3000,49.5200,49.5200,51.3000,62298217,3144574212.3400,3,1.383900,1,-3.469800,12.762908,2.291776,41.601485,4.924969,0
2022-09-19,sh.600438,49.5200,50.7200,49.4100,49.8700,49.5200,43892797,2191376298.2800,3,0.975100,1,0.706800,12.853114,2.307973,41.895518,4.959778,0
2022-09-20,sh.600438,50.4600,51.8500,50.0800,50.3000,49.8700,61372866,3119634993.8700,3,1.363400,1,0.862200,12.963939,2.327874,42.256759,5.002544,0
2022-09-21,sh.600438,49.7000,50.7600,49.3100,50.0900,50.3000,40031563,2003607914.6500,3,0.889300,1,-0.417500,12.909816,2.318155,42.080339,4.981658,0
2022-09-22,sh.600438,49.5000,49.9000,48.2000,49.1200,50.0900,51798652,2547067396.8800,3,1.150700,1,-1.936500,12.659815,2.273264,41.265447,4.885188,0
2022-09-23,sh.600438,49.9700,50.4500,48.8900,49.3000,49.1200,58210800,2884670405.5400,3,1.293100,1,0.366400,12.706207,2.281594,41.416664,4.903089,0
2022-09-26,sh.600438,48.3600,49.9700,47.9600,48.6800,49.3000,52608480,2584589330.2700,3,1.168700,1,-1.257600,12.546413,2.252901,40.895806,4.841428,0
2022-09-27,sh.600438,48.8400,49.5000,47.9700,49.3200,48.6800,50952921,2485868937.2100,3,1.131900,1,1.314700,12.711362,2.282520,41.433466,4.905078,0
2022-09-28,sh.600438,49.5700,49.7800,46.8800,46.9000,49.3200,62084016,2989323781.7800,3,1.379200,1,-4.906700,12.087649,2.170522,39.400437,4.664399,0
2022-09-29,sh.600438,47.4600,48.6300,47.3000,47.9800,46.9000,58791604,2818991212.9500,3,1.306000,1,2.302800,12.366000,2.220505,40.307739,4.771810,0
2022-09-30,sh.600438,47.7700,48.1100,46.6100,46.9600,47.9800,41899836,1976588054.0500,3,0.930800,1,-2.125900,12.103113,2.173299,39.450843,4.670367,0
2022-10-10,sh.600438,47.5000,48.2400,46.3300,46.5600,46.9600,53044300,2507485213.6400,3,1.178300,1,-0.851800,12.000461,2.154866,39.116241,4.630755,0
2022-10-11,sh.600438,47.2000,48.1400,46.8800,47.4400,46.5600,52350875,2483133782.4400,3,1.162900,1,1.890000,12.227274,2.195594,39.855551,4.718278,0
2022-10-12,sh.600438,47.4300,48.4400,45.8000,48.3600,47.4400,71143368,3354750610.5200,3,1.580400,1,1.939300,12.464396,2.238173,40.628467,4.809779,0
2022-10-13,sh.600438,47.7500,48.8100,47.3000,47.5000,48.3600,63242703,3029944225.7100,3,1.404900,1,-1.778300,12.242738,2.198371,39.905959,4.724245,0
2022-10-14,sh.600438,48.2000,51.8500,47.6800,50.3500,47.5000,116383121,5766699538.1400,3,2.585300,1,6.000000,12.977302,2.330273,42.300316,5.007700,0
2022-10-17,sh.600438,49.6000,49.8900,48.5600,49.7600,50.3500,65471619,3221290597.2900,3,1.454400,1,-1.171800,12.825235,2.302967,41.804642,4.949020,0
2022-10-18,sh.600438,50.0000,50.3500,49.2600,49.5100,49.7600,45319512,2254022659.7300,3,1.006700,1,-0.502400,12.760799,2.291397,41.594611,4.924156,0
2022-10-19,sh.600438,49.4000,50.1100,48.3100,48.9300,49.5100,49532705,2431704706.0000,3,1.100300,1,-1.171500,12.611309,2.264554,41.107338,4.866470,0
2022-10-20,sh.600438,48.3900,48.3900,47.0200,47.2500,48.9300,53128460,2526344467.8100,3,1.180200,1,-3.433500,12.178303,2.186801,39.695927,4.699381,0
2022-10-21,sh.600438,47.5900,48.1400,46.6600,47.0100,47.2500,42799391,2029928304.8100,3,0.950700,1,-0.507900,8.820222,1.780231,39.494297,4.675511,0
2022-10-24,sh.600438,47.1000,47.6800,45.3100,45.8200,47.0100,54765444,2544519375.5900,3,1.216500,1,-2.531400,8.596949,1.735167,38.494548,4.557156,0
2022-10-25,sh.600438,45.5800,47.5200,45.5300,47.3700,45.8200,57300216,2679962418.7900,3,1.272900,1,3.382800,8.887767,1.793864,39.796742,4.711316,0
2022-10-26,sh.600438,47.5600,48.4500,46.7900,47.7300,47.3700,62357925,2975439523.2600,3,1.385200,1,0.760000,8.955162,1.807494,8.621473,3.924139,0
2022-10-27,sh.600438,48.0900,48.9700,47.0100,47.0800,47.7300,59943247,2877638579.2100,3,1.331600,1,-1.361800,8.833208,1.782879,8.504063,3.870699,0
2022-10-28,sh.600438,46.5000,46.8700,45.0000,45.1700,47.0800,56152811,2569632412.8900,3,1.247400,1,-4.056900,8.474852,1.710549,8.159060,3.713668,0
2022-10-31,sh.600438,44.0200,44.8000,43.2200,43.5000,45.1700,67720270,2972183036.7000,3,1.504300,1,-3.697100,8.161524,1.647308,7.857408,3.576368,0
2022-11-01,sh.600438,43.7500,45.0700,43.5600,45.0600,43.5000,71834153,3191951854.2100,3,1.595700,1,3.586200,8.454213,1.706384,8.139190,3.704624,0
2022-11-02,sh.600438,45.0000,45.7900,44.5800,45.4600,45.0600,59768873,2706445448.3600,3,1.327700,1,0.887700,8.529262,1.721531,8.211442,3.737511,0
2022-11-03,sh.600438,45.3000,46.2300,44.8500,45.3500,45.4600,55869273,2539776541.2900,3,1.241100,1,-0.242000,8.508623,1.717366,8.191573,3.728467,0
2022-11-04,sh.600438,45.2000,48.0800,45.1900,47.7000,45.3500,93329152,4385795469.3100,3,2.073200,1,5.181900,8.949533,1.806358,8.616054,3.921673,0
2022-11-07,sh.600438,47.4800,48.1500,47.1300,47.4400,47.7000,56344297,2679835357.5200,3,1.251600,1,-0.545100,8.900752,1.796512,8.569090,3.900297,0
2022-11-08,sh.600438,47.6900,47.8900,46.2600,46.8400,47.4400,49667305,2327921757.1600,3,1.103300,1,-1.264800,8.788179,1.773791,8.460712,3.850968,0
2022-11-09,sh.600438,46.5500,46.7400,45.5200,45.5500,46.8400,48588087,2232254688.1400,3,1.079300,1,-2.754100,8.546148,1.724939,8.227699,3.744910,0
2022-11-10,sh.600438,45.5000,45.5800,44.6300,45.0000,45.5500,39766140,1788365980.4700,3,0.883400,1,-1.207500,8.442956,1.704111,8.128353,3.699691,0
2022-11-11,sh.600438,46.5000,46.5800,45.5000,45.9000,45.0000,50009262,2297015941.0600,3,1.110900,1,2.000000,8.611815,1.738194,8.290920,3.773685,0
2022-11-14,sh.600438,46.1000,46.6100,44.7000,44.8400,45.9000,51717461,2352594716.1800,3,1.148800,1,-2.309400,8.412937,1.698052,8.099452,3.686537,0
2022-11-15,sh.600438,44.8500,46.1200,44.8000,45.8000,44.8400,54308583,2469496610.2400,3,1.206400,1,2.140900,8.593053,1.734407,8.272857,3.765464,0
2022-11-16,sh.600438,45.9000,46.0600,44.8000,45.0000,45.8000,42010986,1900001937.4700,3,0.933200,1,-1.746700,8.442956,1.704111,8.128353,3.699691,0
2022-11-17,sh.600438,44.8900,44.8900,43.5900,44.1800,45.0000,55201152,2427545216.3100,3,1.226200,1,-1.822200,8.289107,1.673059,7.980236,3.632275,0
2022-11-18,sh.600438,44.2000,44.8700,43.6000,43.9400,44.1800,43024460,1906224160.4000,3,0.955700,1,-0.543200,8.244077,1.663970,7.936885,3.612543,0
2022-11-21,sh.600438,43.6600,44.4500,43.3800,44.0500,43.9400,34898514,1531156430.9300,3,0.775200,1,0.250300,8.264716,1.668136,7.956754,3.621587,0
2022-11-22,sh.600438,43.9000,43.9000,42.8800,42.9900,44.0500,43425026,1879977246.8500,3,0.964600,1,-2.406400,8.065837,1.627994,7.765286,3.534439,0
2022-11-23,sh.600438,42.9500,44.4800,42.8100,44.2500,42.9900,54109952,2368697950.6900,3,1.202000,1,2.930900,8.302240,1.675709,7.992880,3.638030,0
2022-11-24,sh.600438,44.3500,44.5600,43.8500,43.9100,44.2500,30592304,1348590333.6500,3,0.679600,1,-0.768400,8.238449,1.662834,7.931466,3.610077,0
2022-11-25,sh.600438,43.6700,43.6700,42.7800,43.0800,43.9100,35789972,1543874444.5900,3,0.795000,1,-1.890200,8.082723,1.631403,7.781543,3.541838,0
2022-11-28,sh.600438,42.0000,43.0200,41.5400,42.8700,43.0800,34723823,1469998543.3800,3,0.771300,1,-0.487500,8.043323,1.623450,7.743611,3.524573,0
2022-11-29,sh.600438,43.0600,43.5500,42.9000,43.1500,42.8700,36073889,1558022335.2900,3,0.801300,1,0.653100,8.095857,1.634053,7.794187,3.547593,0
2022-11-30,sh.600438,43.1200,43.5400,42.8000,43.3200,43.1500,34833947,1502377061.7100,3,0.773800,1,0.394000,8.127752,1.640491,7.824894,3.561570,0
2022-12-01,sh.600438,43.8000,44.4900,43.6400,43.8900,43.3200,50590444,2228832390.2300,3,1.123800,1,1.315800,8.234696,1.662077,7.927853,3.608432,0
2022-12-02,sh.600438,43.6000,44.3700,42.8800,43.0100,43.8900,56442932,2457391605.2300,3,1.253800,1,-2.005000,8.069590,1.628752,7.768899,3.536083,0
2022-12-05,sh.600438,42.8500,43.0000,41.9000,42.1300,43.0100,63625585,2680728917.8500,3,1.413400,1,-2.046000,7.904483,1.595427,7.609944,3.463733,0
2022-12-06,sh.600438,42.1300,42.5400,41.0600,42.1400,42.1300,61009002,2551550720.2900,3,1.355200,1,0.023700,7.906359,1.595806,7.611751,3.464556,0
2022-12-07,sh.600438,42.0000,42.8500,41.7000,42.3500,42.1400,49653842,2106866316.5900,3,1.103000,1,0.498300,7.945760,1.603758,7.649683,3.481821,0
2022-12-08,sh.600438,42.1000,43.2400,41.8300,42.2800,42.3500,48361392,2059721795.9400,3,1.074300,1,-0.165300,7.932626,1.601107,7.637039,3.476066,0
2022-12-09,sh.600438,42.3900,42.4000,41.6500,41.9900,42.2800,41556103,1740478149.7100,3,0.923100,1,-0.685900,7.878216,1.590125,7.584656,3.452223,0
2022-12-12,sh.600438,41.6800,41.8900,41.3300,41.4100,41.9900,29608509,1228930955.5900,3,0.657700,1,-1.381300,7.769396,1.568161,7.479891,3.404538,0
2022-12-13,sh.600438,41.5300,41.7600,40.8000,40.8400,41.4100,43702882,1799562439.1700,3,0.970800,1,-1.376500,7.662452,1.546576,7.376932,3.357676,0
2022-12-14,sh.600438,40.8400,41.1800,40.5100,40.7500,40.8400,36373538,1483167610.5200,3,0.808000,1,-0.220400,7.645566,1.543168,7.360675,3.350276,0
2022-12-15,sh.600438,40.7000,41.5500,40.3500,41.4000,40.7500,39955647,1638345115.7000,3,0.887600,1,1.595100,7.767519,1.567782,7.478084,3.403716,0
2022-12-16,sh.600438,41.0100,41.1700,40.1000,40.4900,41.4000,41468875,1679709136.7300,3,0.921200,1,-2.198100,7.596784,1.533322,7.313711,3.328900,0
2022-12-19,sh.600438,40.1600,40.9400,40.1000,40.2600,40.4900,29602102,1200992637.7900,3,0.657600,1,-0.568000,7.553631,1.524612,7.272166,3.309991,0
2022-12-20,sh.600438,40.2200,40.3100,39.4000,39.8900,40.2600,32236287,1283841450.4400,3,0.716100,1,-0.919000,7.484211,1.510600,7.205333,3.279571,0
2022-12-21,sh.600438,39.9500,39.9700,38.8900,39.1000,39.8900,33905787,1332587612.1100,3,0.753200,1,-1.980400,7.335991,1.480683,7.062635,3.214621,0
2022-12-22,sh.600438,39.4800,39.5000,37.9400,38.1500,39.1000,56631135,2187739753.1000,3,1.258000,1,-2.429700,7.157750,1.444708,6.891037,3.136516,0
2022-12-23,sh.600438,37.9600,38.3000,37.6600,37.9900,38.1500,31954977,1212060397.4700,3,0.709800,1,-0.419400,7.127731,1.438649,6.862136,3.123362,0
2022-12-26,sh.600438,37.8000,39.1600,37.3300,38.9900,37.9900,50336619,1936551153.9100,3,1.118200,1,2.632300,7.315352,1.476518,7.042766,3.205577,0
2022-12-27,sh.600438,38.9800,40.2500,38.8200,40.0700,38.9900,50139397,1994581236.2000,3,1.113800,1,2.769900,7.517983,1.517416,7.237846,3.294370,0
2022-12-28,sh.600438,39.2000,40.1600,39.2000,39.5700,40.0700,42231333,1675266103.9400,3,0.938100,1,-1.247800,7.424173,1.498482,7.147531,3.253262,0
2022-12-29,sh.600438,39.2800,39.8500,38.7500,38.8900,39.5700,32074693,1254538992.3300,3,0.712500,1,-1.718500,7.296590,1.472731,7.024703,3.197356,0
2022-12-30,sh.600438,39.0700,39.3200,38.5800,38.5800,38.8900,37061565,1441801313.0900,3,0.823300,1,-0.797100,7.238428,1.460991,6.968708,3.171869,0
2023-01-03,sh.600438,38.5500,38.8000,37.7000,38.7200,38.5800,46467240,1778614083.1400,3,1.032200,1,0.362900,7.264695,1.466293,6.993996,3.183379,0
2023-01-04,sh.600438,38.7200,38.9000,37.4000,37.5000,38.7200,51454229,1943882234.3100,3,1.142900,1,-3.150800,7.036160,1.420166,6.773977,3.083236,0
2023-01-05,sh.600438,37.5100,38.8400,37.4000,38.5500,37.5000,56616223,2163759003.2200,3,1.257600,1,2.800000,7.233173,1.459931,6.963649,3.169566,0
2023-01-06,sh.600438,38.5500,41.3000,38.4100,40.5000,38.5500,106110254,4290111496.2600,3,2.357000,1,5.058400,7.599053,1.533779,7.315895,3.329894,0
2023-01-09,sh.600438,40.5000,40.6100,39.7600,40.0900,40.5000,56262151,2258530718.2700,3,1.249700,1,-1.012300,7.522124,1.518252,7.241833,3.296184,0
2023-01-10,sh.600438,40.2200,40.6600,39.7000,39.9800,40.0900,45019089,1802581772.0200,3,1.000000,1,-0.274400,7.501485,1.514087,7.221963,3.287140,0
2023-01-11,sh.600438,40.1400,40.1800,39.4700,39.5700,39.9800,35476969,1409379891.3600,3,0.788000,1,-1.025500,7.424556,1.498559,7.147901,3.253430,0
2023-01-12,sh.600438,39.5600,40.2700,39.4100,39.6700,39.5700,40937894,1628291965.6500,3,0.909300,1,0.252700,7.443319,1.502346,7.165965,3.261652,0
2023-01-13,sh.600438,39.6900,39.9500,39.2100,39.6400,39.6700,36220136,1430164798.5800,3,0.804500,1,-0.075600,7.437691,1.501210,7.160546,3.259186,0
2023-01-16,sh.600438,39.5900,41.0000,39.4000,40.8200,39.6400,65895486,2669604280.5000,3,1.463700,1,2.976800,7.659095,1.545898,7.373700,3.356205,0
2023-01-17,sh.600438,41.1500,41.1700,40.4300,40.7700,40.8200,38841645,1582282385.6400,3,0.862800,1,-0.122500,7.649713,1.544005,7.364668,3.352094,0
2023-01-18,sh.600438,40.9200,41.3000,40.5800,40.9000,40.7700,39004789,1598322743.2600,3,0.866400,1,0.318900,7.674105,1.548928,7.388151,3.362782,0
2023-01-19,sh.600438,40.6100,40.9600,40.2700,40.9400,40.9000,36770320,1496172294.1200,3,0.816800,1,0.097800,7.681611,1.550443,7.395377,3.366071,0
2023-01-20,sh.600438,41.0900,42.1000,41.0500,41.9300,40.9400,70436033,2934624867.5000,3,1.564600,1,2.418200,7.867365,1.587935,7.574210,3.447468,0
2023-01-30,sh.600438,42.8000,42.9600,41.6400,41.7100,41.9300,79948297,3372659638.8500,3,1.775900,1,-0.524700,7.826087,1.579604,7.534469,3.429380,0
2023-01-31,sh.600438,41.7400,42.6500,41.7100,42.2100,41.7100,61872516,2617096527.9400,3,1.374400,1,1.198800,7.919902,1.598539,7.624789,3.470490,0
2023-02-01,sh.600438,42.3800,42.5900,41.6800,42.5400,42.2100,67276645,2831837404.1600,3,1.494400,1,0.781800,7.981820,1.611037,7.684400,3.497622,0
2023-02-02,sh.600438,42.6900,42.6900,41.7200,41.8400,42.5400,72372215,3047981706.6000,3,1.607600,1,-1.645500,7.850479,1.584527,7.557952,3.440069,0
2023-02-03,sh.600438,41.7600,41.7600,40.5200,40.9800,41.8400,62691822,2562992177.8900,3,1.392500,1,-2.055400,7.689116,1.551958,7.402602,3.369360,0
2023-02-06,sh.600438,40.6800,40.8900,40.5100,40.7500,40.9800,34009829,1382910234.8000,3,0.755400,1,-0.561200,7.645961,1.543247,7.361055,3.350449,0
2023-02-07,sh.600438,40.8100,41.0500,40.6100,40.7200,40.7500,33743728,1376618547.1700,3,0.749500,1,-0.073600,7.640332,1.542111,7.355636,3.347983,0
2023-02-08,sh.600438,40.8500,41.0700,40.6900,40.7800,40.7200,34333692,1402184790.8600,3,0.762600,1,0.147300,7.651590,1.544383,7.366474,3.352916,0
2023-02-09,sh.600438,40.7800,41.1900,40.3800,41.1600,40.7800,42947761,1758312843.0100,3,0.954000,1,0.931800,7.722890,1.558774,7.435117,3.384159,0
2023-02-10,sh.600438,41.2100,41.2500,40.5000,40.6200,41.1600,37201861,1515636791.6800,3,0.826400,1,-1.312000,7.621569,1.538324,7.337572,3.339761,0
2023-02-13,sh.600438,40.6200,40.7000,40.3000,40.4000,40.6200,42306463,1710072454.9900,3,0.939700,1,-0.541600,7.580290,1.529992,7.297832,3.321672,0
2023-02-14,sh.600438,40.5100,40.8800,40.1100,40.3500,40.4000,47898219,1935278498.1500,3,1.063900,1,-0.123800,7.570908,1.528099,7.288800,3.317561,0
2023-02-15,sh.600438,40.4000,41.1000,40.3800,40.6400,40.3500,57886670,2358337800.4300,3,1.285800,1,0.718700,7.625321,1.539081,7.341185,3.341405,0
2023-02-16,sh.600438,40.5000,40.8300,39.4000,39.6100,40.6400,64334700,2581396493.2600,3,1.429000,1,-2.534400,7.432062,1.500074,7.155126,3.256719,0
2023-02-17,sh.600438,39.4300,39.6900,38.8400,38.8400,39.6100,47565830,1862401976.9600,3,1.056600,1,-1.944000,7.287586,1.470913,7.016034,3.193410,0
2023-02-20,sh.600438,38.8500,39.9400,38.5300,39.8800,38.8400,44047778,1730039468.4000,3,0.978400,1,2.677700,7.482722,1.510299,7.203899,3.278918,0
2023-02-21,sh.600438,39.9000,42.4500,39.6800,41.7800,39.8800,124409921,5150742326.2900,3,2.763500,1,4.764300,7.839221,1.582254,7.547114,3.435136,0
2023-02-22,sh.600438,41.4000,42.0000,41.3000,41.5800,41.7800,56125619,2339829303.9100,3,1.246700,1,-0.478700,7.801695,1.574680,7.510986,3.418692,0
2023-02-23,sh.600438,41.5800,42.7400,41.5200,42.3300,41.5800,84733105,3578981953.6200,3,1.882100,1,1.803800,7.942418,1.603084,7.646466,3.480356,0
2023-02-24,sh.600438,42.3000,42.3100,41.5700,41.7200,42.3300,53311860,2225831107.8700,3,1.184200,1,-1.441100,7.827963,1.579982,7.536276,3.430202,0
2023-02-27,sh.600438,41.4600,41.9200,40.9100,41.1900,41.7200,39632017,1638673929.6000,3,0.880300,1,-1.270400,7.728518,1.559911,7.440537,3.386626,0
2023-02-28,sh.600438,41.3200,42.4400,40.9600,41.9000,41.1900,66084300,2756452000.3800,3,1.467900,1,1.723700,7.861736,1.586799,7.568791,3.445002,0
2023-03-01,sh.600438,41.9500,42.2400,41.6500,41.8800,41.9000,42590922,1783328265.5000,3,0.946100,1,-0.047700,7.857984,1.586042,7.565178,3.443357,0
2023-03-02,sh.600438,42.0600,42.2000,41.2100,41.2400,41.8800,41832495,1739490718.5000,3,0.929200,1,-1.528200,7.737900,1.561804,7.449569,3.390737,0
2023-03-03,sh.600438,41.2400,41.5800,40.9500,41.2100,41.2400,29932580,1233274284.9000,3,0.664900,1,-0.072700,7.732271,1.560668,7.444149,3.388270,0
2023-03-06,sh.600438,41.2100,42.3000,40.7300,42.0500,41.2100,72341614,3016915060.5500,3,1.606900,1,2.038300,7.889881,1.592480,7.595887,3.457335,0
2023-03-07,sh.600438,41.8000,41.8200,40.8000,40.8200,42.0500,62690494,2584932895.0400,3,1.392500,1,-2.925100,7.659095,1.545898,7.373700,3.356205,0
2023-03-08,sh.600438,40.5000,41.1400,40.0300,40.2800,40.8200,43007328,1738991832.9400,3,0.955300,1,-1.322900,7.557774,1.525448,7.276155,3.311806,0
2023-03-09,sh.600438,40.2800,40.4500,39.9000,39.9100,40.2800,29126770,1167256038.4400,3,0.647000,1,-0.918600,7.488351,1.511436,7.209318,3.281385,0
2023-03-10,sh.600438,39.6000,39.6900,39.1000,39.2300,39.9100,32462306,1276393999.4600,3,0.721100,1,-1.703800,7.360762,1.485683,7.086483,3.225476,0
2023-03-13,sh.600438,39.0900,40.3000,39.0900,39.8400,39.2300,36907014,1470878357.2800,3,0.819800,1,1.554900,7.475217,1.508785,7.196673,3.275629,0
2023-03-14,sh.600438,39.5000,39.6800,38.2400,39.1000,39.8400,48172410,1875890464.3300,3,1.070000,1,-1.857400,7.336370,1.480760,7.063000,3.214787,0
2023-03-15,sh.600438,39.2000,40.1000,39.1300,39.2300,39.1000,34086983,1347983395.4600,3,0.757200,1,0.332500,7.360762,1.485683,7.086483,3.225476,0
2023-03-16,sh.600438,38.8400,38.9400,37.8300,37.9800,39.2300,49526936,1897114095.3200,3,1.100100,1,-3.186300,7.126223,1.438344,6.860684,3.122701,0
2023-03-17,sh.600438,38.1900,38.3800,37.5700,38.0000,37.9800,37758636,1434809559.2000,3,0.838700,1,0.052700,7.129976,1.439102,6.864297,3.124345,0
2023-03-20,sh.600438,38.0100,38.7900,37.6100,38.2800,38.0000,34910007,1334973667.1600,3,0.775400,1,0.736800,7.182512,1.449706,6.914876,3.147367,0
2023-03-21,sh.600438,38.2900,38.7900,37.9400,38.7100,38.2800,29719170,1140604536.1100,3,0.660100,1,1.123300,7.263194,1.465990,6.992551,3.182721,0
2023-03-22,sh.600438,39.0000,39.3500,38.5200,38.7300,38.7100,30390981,1181631949.9800,3,0.675100,1,0.051700,7.266946,1.466748,6.996164,3.184366,0
2023-03-23,sh.600438,38.4900,38.7100,38.1800,38.5700,38.7300,29682823,1141781742.2700,3,0.659300,1,-0.413100,7.236925,1.460688,6.967261,3.171211,0
2023-03-24,sh.600438,38.6500,39.3000,38.5400,39.0500,38.5700,37890532,1477371785.1900,3,0.841600,1,1.244500,7.326988,1.478866,7.053968,3.210676,0
2023-03-27,sh.600438,39.0300,39.4800,38.6400,39.1700,39.0500,32902869,1286260231.7200,3,0.730900,1,0.307300,7.349504,1.483411,7.075645,3.220542,0
2023-03-28,sh.600438,39.0400,39.1900,38.5700,38.6400,39.1700,23202601,900808114.7700,3,0.515400,1,-1.353100,7.250060,1.463339,6.979906,3.176966,0
2023-03-29,sh.600438,38.9900,39.2800,38.6000,38.6900,38.6400,26075121,1014112768.6200,3,0.579200,1,0.129400,7.259441,1.465233,6.988938,3.181077,0
2023-03-30,sh.600438,38.8000,38.8500,38.0800,38.8400,38.6900,29603534,1139380294.8400,3,0.657600,1,0.387700,7.287586,1.470913,7.016034,3.193410,0
2023-03-31,sh.600438,38.7900,39.2800,38.7000,38.9100,38.8400,27881185,1086468302.9400,3,0.619300,1,0.180200,7.300720,1.473564,7.028679,3.199165,0
2023-04-03,sh.600438,38.9000,39.5500,38.3100,39.3400,38.9100,52390555,2043137219.3000,3,1.163700,1,1.105100,7.381401,1.489849,7.106354,3.234520,0
2023-04-04,sh.600438,39.3400,39.3400,38.6000,38.9900,39.3400,36268305,1409279512.3100,3,0.805600,1,-0.889700,7.315746,1.476597,7.043145,3.205750,0
2023-04-06,sh.600438,38.7300,39.0500,38.4500,38.8000,38.9900,27892773,1079863628.3400,3,0.619600,1,-0.487300,7.280096,1.469402,7.008824,3.190128,0
2023-04-07,sh.600438,38.7900,39.1700,38.4000,38.9100,38.8000,24860826,968756232.9700,3,0.552200,1,0.283500,7.300736,1.473568,7.028694,3.199172,0
2023-04-10,sh.600438,40.2800,40.9800,40.2000,40.4700,38.9100,88763058,3598830638.7400,3,1.971700,1,4.009300,7.593441,1.532647,7.310492,3.327435,0
2023-04-11,sh.600438,40.4900,40.8500,40.1200,40.5300,40.4700,48745528,1972898650.1800,3,1.082800,1,0.148300,7.604698,1.534919,7.321330,3.332368,0
2023-04-12,sh.600438,40.5300,40.5700,39.6000,39.9100,40.5300,46286595,1847961360.5200,3,1.028100,1,-1.529700,7.488367,1.511439,7.209334,3.281392,0
2023-04-13,sh.600438,40.2500,40.3300,39.6800,39.7700,39.9100,33707024,1347577570.7600,3,0.748700,1,-0.350800,7.462099,1.506137,7.184044,3.269881,0
2023-04-14,sh.600438,39.8000,40.5600,39.5000,40.0800,39.7700,35896669,1440402195.2400,3,0.797400,1,0.779500,7.520264,1.517877,7.240043,3.295369,0
2023-04-17,sh.600438,40.0000,40.6800,39.8200,40.5600,40.0800,40933435,1655863781.5600,3,0.909200,1,1.197600,7.610327,1.536055,7.326750,3.334835,0
2023-04-18,sh.600438,40.5900,40.9500,40.3600,40.6700,40.5600,40392187,1642998461.5900,3,0.897200,1,0.271200,7.630967,1.540221,7.346620,3.343879,0
2023-04-19,sh.600438,40.6000,40.6400,39.7600,39.9100,40.6700,39413211,1577302062.2900,3,0.875500,1,-1.868700,7.488367,1.511439,7.209334,3.281392,0
2023-04-20,sh.600438,39.8900,40.1800,39.5300,39.6900,39.9100,33461835,1329391230.0300,3,0.743300,1,-0.551200,7.447088,1.503107,7.169593,3.263304,0
2023-04-21,sh.600438,39.7200,40.1000,39.0800,39.1500,39.6900,46810097,1850255824.9600,3,1.039800,1,-1.360500,7.345767,1.482657,7.072048,3.218905,0
2023-04-24,sh.600438,39.1500,39.2400,38.4400,38.8000,39.1500,34800362,1348021239.8600,3,0.773000,1,-0.894000,7.280096,1.469402,7.008824,3.190128,0
2023-04-25,sh.600438,38.8000,39.6800,37.7400,37.9500,38.8000,59325386,2281551725.4800,3,1.317800,1,-2.190700,5.864374,1.131587,11.186208,2.534132,0
2023-04-26,sh.600438,38.0100,40.9900,37.6000,40.2600,37.9500,100608819,4005543380.1700,3,2.234800,1,6.087000,6.221336,1.200467,11.867107,2.688384,0
2023-04-27,sh.600438,40.2700,40.3500,39.3800,39.7900,40.2600,48048006,1908665993.9200,3,1.067300,1,-1.167400,6.148707,1.186452,11.728569,2.656999,0
2023-04-28,sh.600438,39.8000,40.0800,39.4100,39.8300,39.7900,35647710,1414734758.3800,3,0.791800,1,0.100500,6.154888,1.187645,11.740360,2.659670,0
2023-05-04,sh.600438,39.4900,39.9600,38.9000,39.0200,39.8300,39757776,1562606363.8600,3,0.883100,1,-2.033600,6.029720,1.163492,11.501603,2.605582,0
2023-05-05,sh.600438,38.8900,38.8900,37.9000,38.3100,39.0200,41377138,1582243581.5700,3,0.919100,1,-1.819600,5.920004,1.142322,11.292322,2.558171,0
2023-05-08,sh.600438,38.1300,38.9700,38.0200,38.6100,38.3100,34116817,1313250624.0000,3,0.757800,1,0.783100,5.966363,1.151267,11.380750,2.578204,0
2023-05-09,sh.600438,38.5100,38.7400,38.0500,38.3200,38.6100,30783060,1181106871.4300,3,0.683800,1,-0.751100,5.921550,1.142620,11.295269,2.558839,0
2023-05-10,sh.600438,38.1600,39.1900,37.9300,38.9100,38.3200,39273828,1515788597.9400,3,0.872400,1,1.539700,6.012722,1.160212,11.469179,2.598237,0
2023-05-11,sh.600438,38.7500,39.2700,38.5100,38.6000,38.9100,31456201,1220851797.6500,3,0.698700,1,-0.796700,5.964818,1.150969,11.377803,2.577536,0
2023-05-12,sh.600438,38.6000,38.8200,38.1800,38.2200,38.6000,23080636,884715936.1100,3,0.512700,1,-0.984500,5.906097,1.139638,11.265793,2.552162,0
2023-05-15,sh.600438,38.2200,39.2400,38.1800,39.1600,38.2200,42876271,1670034531.6500,3,0.952400,1,2.459400,6.051354,1.167667,11.542869,2.614931,0
2023-05-16,sh.600438,39.1000,39.6500,38.7500,38.9600,39.1600,37386576,1465009887.4300,3,0.830500,1,-0.510700,6.020448,1.161703,11.483917,2.601576,0
2023-05-17,sh.600438,39.0300,39.3300,38.6100,38.6700,38.9600,27722811,1076208509.1000,3,0.615800,1,-0.744400,5.975635,1.153056,11.398436,2.582211,0
2023-05-18,sh.600438,38.8000,38.8600,38.1800,38.3600,38.6700,28978140,1113090494.6600,3,0.643700,1,-0.801700,5.927731,1.143813,11.307060,2.561510,0
2023-05-19,sh.600438,38.3200,38.3800,38.0000,38.3800,38.3600,19482814,744020927.8200,3,0.432800,1,0.052100,5.930821,1.144409,11.312955,2.562846,0
2023-05-22,sh.600438,38.3800,38.6400,38.2100,38.5100,38.3800,21073802,810303874.1800,3,0.468100,1,0.338700,5.950910,1.148285,11.351274,2.571527,0
2023-05-23,sh.600438,38.5500,38.8400,38.3300,38.4500,38.5100,22768552,877972259.3600,3,0.505700,1,-0.155800,5.941638,1.146496,11.333588,2.567520,0
2023-05-24,sh.600438,38.4700,39.1100,38.2000,38.6900,38.4500,38466909,1488466789.6300,3,0.854400,1,0.624200,5.978738,1.153655,11.404355,2.583552,0
2023-05-25,sh.600438,38.5000,39.1800,38.3200,39.0700,38.6900,48029573,1871843065.6400,3,1.066900,1,0.982200,6.037459,1.164986,11.516365,2.608926,0
2023-05-26,sh.600438,38.9700,38.9700,38.1100,38.3800,39.0700,34471929,1324402837.5800,3,0.765700,1,-1.766100,5.930834,1.144411,11.312979,2.562851,0
2023-05-29,sh.600438,38.4600,38.4700,37.4200,37.6900,38.3800,41853140,1581890502.5700,3,0.929700,1,-1.797800,5.824209,1.123837,11.109593,2.516776,0
2023-05-30,sh.600438,37.6200,37.9400,36.0500,37.2300,37.6900,54678946,2017075186.9800,3,1.214600,1,-1.220500,5.753125,1.110121,10.974002,2.486059,0
2023-05-31,sh.600438,34.5100,34.5300,33.6100,34.1200,34.3700,34651061,1179504427.7800,3,0.769700,1,-0.727400,5.272539,1.017387,10.057291,2.278387,0
2023-06-01,sh.600438,34.0300,34.4000,33.6700,33.6800,34.1200,26166853,890244085.5200,3,0.581200,1,-1.289600,5.204546,1.004267,9.927596,2.249005,0
2023-06-02,sh.600438,33.6800,34.1500,33.5200,33.9100,33.6800,25823541,876211038.9400,3,0.573600,1,0.682900,5.240088,1.011125,9.995391,2.264364,0
2023-06-05,sh.600438,34.0100,34.0600,33.2300,33.2400,33.9100,28948738,967295738.6200,3,0.643000,1,-1.975800,5.136553,0.991147,9.797900,2.219624,0
2023-06-06,sh.600438,33.2000,33.2100,31.9600,32.1200,33.2400,49202266,1591442397.1300,3,1.092900,1,-3.369400,4.963480,0.957751,9.467767,2.144835,0
2023-06-07,sh.600438,32.3500,32.4200,31.3300,31.5100,32.1200,38033504,1205676061.0700,3,0.844800,1,-1.899100,4.869218,0.939562,9.287961,2.104102,0
2023-06-08,sh.600438,31.4000,31.8600,31.3500,31.3600,31.5100,28258296,892135439.4500,3,0.627700,1,-0.476000,4.846038,0.935090,9.243747,2.094086,0
2023-06-09,sh.600438,31.3600,31.8200,31.0200,31.8200,31.3600,39233367,1234973609.5100,3,0.871500,1,1.466800,4.917122,0.948806,9.379338,2.124803,0
2023-06-12,sh.600438,31.7600,32.2500,31.1800,31.9200,31.8200,35107419,1114875822.7800,3,0.779800,1,0.314300,4.932575,0.951788,9.408814,2.131480,0
2023-06-13,sh.600438,31.6600,31.9800,31.4500,31.8200,31.9200,23259985,737067953.6000,3,0.516700,1,-0.313300,4.917122,0.948806,9.379338,2.124803,0
2023-06-14,sh.600438,31.8800,32.2000,31.6900,31.7300,31.8200,25401628,810297868.6000,3,0.564200,1,-0.282800,4.903214,0.946122,9.352809,2.118793,0
2023-06-15,sh.600438,31.6800,33.3900,31.4600,33.3800,31.7300,70750621,2319654781.7100,3,1.571500,1,5.200100,5.158187,0.995322,9.839167,2.228973,0
2023-06-16,sh.600438,33.0000,34.4600,32.8800,34.4600,33.3800,66918021,2263803309.3200,3,1.486400,1,3.235500,5.325079,1.027525,10.157510,2.301090,0
2023-06-19,sh.600438,34.4600,34.6500,33.8700,34.4000,34.4600,35780972,1226138056.9800,3,0.794800,1,-0.174100,5.315807,1.025736,10.139825,2.297084,0
2023-06-20,sh.600438,34.3200,34.9700,34.3100,34.5500,34.4000,30830980,1068054972.5400,3,0.684800,1,0.436000,5.338987,1.030209,10.184039,2.307100,0
2023-06-21,sh.600438,34.4000,35.4000,34.2300,34.2600,34.5500,41420098,1442461690.9500,3,0.920000,1,-0.839400,5.294173,1.021562,10.098558,2.287735,0
2023-06-26,sh.600438,33.8800,34.7700,33.6000,33.9800,34.2600,30757737,1046779607.5500,3,0.683200,1,-0.817300,5.250905,1.013213,10.016024,2.269038,0
2023-06-27,sh.600438,34.0000,34.7500,34.0000,34.2600,33.9800,25210575,866773943.6400,3,0.560000,1,0.824000,5.294173,1.021562,10.098558,2.287735,0
2023-06-28,sh.600438,34.2000,34.8300,34.1200,34.4200,34.2600,29475487,1015698763.0100,3,0.654700,1,0.467000,5.318898,1.026332,10.145720,2.298419,0
2023-06-29,sh.600438,34.3700,34.6800,34.0400,34.0500,34.4200,22902601,784663099.9300,3,0.508700,1,-1.075000,5.261722,1.015300,10.036658,2.273712,0
2023-06-30,sh.600438,34.0500,34.5400,33.7700,34.3100,34.0500,24250880,831728876.7000,3,0.538700,1,0.763600,5.301903,1.023053,10.113302,2.291075,0
2023-07-03,sh.600438,34.3100,34.6700,34.1600,34.2200,34.3100,28472330,978051468.4100,3,0.632400,1,-0.262300,5.287992,1.020369,10.086767,2.285064,0
2023-07-04,sh.600438,34.1300,34.2300,33.3500,33.5800,34.2200,34882679,1173954265.3200,3,0.774800,1,-1.870300,5.189096,1.001286,9.898125,2.242329,0
2023-07-05,sh.600438,33.5200,33.5600,32.6700,32.7800,33.5800,36121581,1189385327.9200,3,0.802400,1,-2.382400,5.065473,0.977432,9.662315,2.188908,0
2023-07-06,sh.600438,32.8000,32.9400,32.4800,32.5500,32.7800,19211017,627599893.5400,3,0.426700,1,-0.701600,5.029931,0.970574,9.594520,2.173550,0
2023-07-07,sh.600438,32.4000,32.5700,32.1700,32.2000,32.5500,17597017,568487890.0600,3,0.390900,1,-1.075300,4.975846,0.960137,9.491353,2.150179,0
2023-07-10,sh.600438,32.3100,34.7300,32.3100,34.5400,32.2000,90795819,3097048022.6600,3,2.016800,1,7.267100,5.337444,1.029911,10.181097,2.306434,0
2023-07-11,sh.600438,34.5300,34.6800,34.0000,34.1300,34.5400,30771820,1053002176.3400,3,0.683500,1,-1.187000,5.274087,1.017686,10.060245,2.279056,0
2023-07-12,sh.600438,34.3100,35.2200,33.7100,34.6600,34.1300,55579028,1929053664.5200,3,1.234500,1,1.552900,5.355988,1.033489,10.216469,2.314447,0
2023-07-13,sh.600438,34.3800,35.1900,34.3800,34.7600,34.6600,31509978,1095690828.9200,3,0.699900,1,0.288500,5.371441,1.036471,10.245945,2.321124,0
2023-07-14,sh.600438,34.7700,34.8100,34.2000,34.2700,34.7600,23971738,823967762.4600,3,0.532500,1,-1.409700,5.295721,1.021860,10.101511,2.288404,0
2023-07-17,sh.600438,34.1900,34.5500,33.7300,34.0000,34.2700,17968313,611771840.7800,3,0.399100,1,-0.787900,5.253999,1.013810,10.021925,2.270375,0
2023-07-18,sh.600438,34.1800,34.3000,33.7000,34.0300,34.0000,15830368,537443698.0400,3,0.351600,1,0.088200,5.258634,1.014704,10.030768,2.272378,0
2023-07-19,sh.600438,34.1000,34.2100,33.5600,33.8000,34.0300,13820728,466944492.5500,3,0.307000,1,-0.675900,5.223093,1.007846,9.962973,2.257020,0
2023-07-20,sh.600438,33.9300,34.6000,33.8200,33.8500,33.8000,26403570,901326209.9900,3,0.586500,1,0.147900,5.230819,1.009337,9.977711,2.260359,0
2023-07-21,sh.600438,33.8000,33.9500,33.1600,33.5300,33.8500,20071493,673422997.1500,3,0.445800,1,-0.945300,5.181370,0.999795,9.883387,2.238990,0
2023-07-24,sh.600438,33.3000,33.6500,33.0800,33.1900,33.5300,15116585,503670745.2200,3,0.335800,1,-1.014000,5.128830,0.989657,9.783168,2.216287,0
2023-07-25,sh.600438,33.5700,34.4600,33.4100,34.2800,33.1900,33570023,1148112308.8300,3,0.745700,1,3.284100,5.297267,1.022159,10.104459,2.289072,0
2023-07-26,sh.600438,34.2200,34.9200,34.1400,34.3900,34.2800,23257974,803915304.0700,3,0.516600,1,0.320900,5.314265,1.025438,10.136883,2.296417,0
2023-07-27,sh.600438,34.3600,34.6500,33.9500,34.0100,34.3900,17348535,593918139.1100,3,0.385400,1,-1.105000,5.255544,1.014108,10.024873,2.271043,0
2023-07-28,sh.600438,33.8900,34.6600,33.7100,34.6100,34.0100,30445414,1045922988.1900,3,0.676300,1,1.764200,5.348261,1.031998,10.201731,2.311108,0
2023-07-31,sh.600438,34.8000,35.5000,34.6200,34.8000,34.6100,38233332,1339347394.7600,3,0.849300,1,0.549000,5.377622,1.037664,10.257735,2.323795,0
2023-08-01,sh.600438,34.7900,34.9900,34.3800,34.5800,34.8000,20723425,717233381.7500,3,0.460300,1,-0.632200,5.343626,1.031104,10.192888,2.309105,0
2023-08-02,sh.600438,34.5800,34.8400,34.3000,34.3500,34.5800,16243558,560060196.8500,3,0.360800,1,-0.665100,5.308084,1.024246,10.125092,2.293746,0
2023-08-03,sh.600438,34.6900,35.5800,34.6600,35.3900,34.3500,52258278,1843468093.2800,3,1.160800,1,3.027700,5.468794,1.055256,10.431645,2.363193,0
2023-08-04,sh.600438,35.5700,36.0600,35.2500,35.5100,35.3900,41418253,1474672822.4000,3,0.920000,1,0.339100,5.487338,1.058835,10.467017,2.371206,0
2023-08-07,sh.600438,35.5200,35.6000,35.0600,35.2400,35.5100,18887582,665477889.8700,3,0.419500,1,-0.760300,5.445615,1.050784,10.387431,2.353177,0
2023-08-08,sh.600438,35.3400,35.5500,34.9000,35.1200,35.2400,16465735,578495401.5900,3,0.365700,1,-0.340500,5.427071,1.047206,10.352059,2.345164,0
2023-08-09,sh.600438,34.9000,35.2300,34.8300,35.0400,35.1200,12959865,453760280.5200,3,0.287900,1,-0.227800,5.414709,1.044820,10.328478,2.339822,0
2023-08-10,sh.600438,35.0600,35.4000,34.9500,35.2000,35.0400,15983999,562570897.7200,3,0.355000,1,0.456600,5.439434,1.049591,10.375640,2.350506,0
2023-08-11,sh.600438,35.1300,35.2800,34.6700,34.7100,35.2000,19851111,693051541.0400,3,0.440900,1,-1.392000,5.363714,1.034980,10.231207,2.317786,0
2023-08-14,sh.600438,34.4000,34.6500,34.0900,34.4000,34.7100,18416766,632787047.5400,3,0.409100,1,-0.893100,5.315810,1.025737,10.139830,2.297085,0
2023-08-15,sh.600438,34.3000,34.4400,32.9100,33.2400,34.4000,45544324,1515681083.3200,3,1.011700,1,-3.372100,5.136556,0.991148,9.797906,2.219625,0
2023-08-16,sh.600438,33.0100,33.4700,32.7600,32.8200,33.2400,28695120,948285127.0100,3,0.637400,1,-1.263500,5.071654,0.978624,9.674106,2.191579,0
2023-08-17,sh.600438,32.7200,32.9300,32.2200,32.8600,32.8200,23971960,781617090.1200,3,0.532500,1,0.121900,5.077835,0.979817,9.685896,2.194251,0
2023-08-18,sh.600438,32.8600,33.0800,32.4500,32.4500,32.8600,17775242,581829167.0700,3,0.394800,1,-1.247700,5.014478,0.967592,9.565044,2.166872,0
2023-08-21,sh.600438,32.3900,32.3900,31.6600,31.6600,32.4500,25499897,814223484.0100,3,0.566400,1,-2.434500,4.892400,0.944036,9.332181,2.114120,0
2023-08-22,sh.600438,31.9200,32.1800,30.6200,31.5000,31.6600,38209580,1193853454.7800,3,0.848700,1,-0.505400,5.296848,0.908169,13.553496,2.396163,0
2023-08-23,sh.600438,31.2100,31.2900,30.5500,30.6000,31.5000,25667180,793761185.2200,3,0.570100,1,-2.857100,5.145509,0.882222,13.166253,2.327701,0
2023-08-24,sh.600438,30.6300,31.4900,30.6300,31.2400,30.6000,26306834,819439895.9500,3,0.584300,1,2.091500,5.253127,0.900673,13.441626,2.376385,0
2023-08-25,sh.600438,31.1100,31.8300,30.9500,31.5900,31.2400,26507420,835562897.6700,3,0.588800,1,1.120400,5.311981,0.910764,13.592220,2.403009,0
2023-08-28,sh.600438,33.8100,33.8300,32.2500,32.4600,31.5900,47389273,1560214950.4800,3,1.052600,1,2.754000,5.458275,0.935847,13.966555,2.469189,0
2023-08-29,sh.600438,32.4700,32.9100,32.3900,32.7100,32.4600,28355800,927106655.3600,3,0.629900,1,0.770200,5.500314,0.943055,14.074122,2.488206,0
2023-08-30,sh.600438,32.7100,32.9200,32.4100,32.4800,32.7100,19131890,624812633.1800,3,0.425000,1,-0.703100,5.461638,0.936424,13.975160,2.470710,0
2023-08-31,sh.600438,32.4500,32.7400,32.0800,32.0800,32.4800,20619873,666379761.3100,3,0.458000,1,-1.231500,5.394377,0.924891,13.803052,2.440283,0
2023-09-01,sh.600438,32.1200,32.4900,32.0100,32.1600,32.0800,13445254,432944482.3100,3,0.298700,1,0.249400,5.407829,0.927198,13.837474,2.446368,0
2023-09-04,sh.600438,32.4000,32.4400,31.8200,32.3600,32.1600,23846399,767848497.9100,3,0.529700,1,0.621900,5.441460,0.932964,13.923528,2.461582,0
2023-09-05,sh.600438,32.2500,32.8000,31.9600,32.4700,32.3600,29423108,954195415.5500,3,0.653600,1,0.339900,5.459957,0.936135,13.970858,2.469949,0
2023-09-06,sh.600438,32.2500,32.3300,31.8000,32.0500,32.4700,21708360,694516644.5400,3,0.482200,1,-1.293500,5.389332,0.924026,13.790144,2.438001,0
2023-09-07,sh.600438,32.0200,32.0300,31.3300,31.3300,32.0500,20707777,654207241.6400,3,0.460000,1,-2.246500,5.268261,0.903268,13.480350,2.383231,0
2023-09-08,sh.600438,31.1500,31.3400,31.0000,31.0700,31.3300,12668243,394162765.4000,3,0.281400,1,-0.829900,5.224541,0.895772,13.368480,2.363453,0
2023-09-11,sh.600438,31.2000,31.6800,30.9300,31.5100,31.0700,17086727,536537592.8400,3,0.379500,1,1.416200,5.298529,0.908458,13.557799,2.396923,0
2023-09-12,sh.600438,31.4500,31.8500,31.3700,31.6200,31.5100,13975096,442002396.3400,3,0.310400,1,0.349100,5.317026,0.911629,13.605128,2.405291,0
2023-09-13,sh.600438,31.8000,31.8000,31.0500,31.1800,31.6200,14879015,465975299.2500,3,0.330500,1,-1.391500,5.243038,0.898944,13.415810,2.371821,0
2023-09-14,sh.600438,31.3300,31.3800,30.9700,31.0800,31.1800,13780367,428698338.7700,3,0.306100,1,-0.320700,5.226223,0.896061,13.372783,2.364214,0
2023-09-15,sh.600438,31.1900,31.3300,30.8000,30.8000,31.0800,29035209,899115873.7000,3,0.644900,1,-0.900900,5.179140,0.887988,13.252307,2.342915,0
2023-09-18,sh.600438,30.8900,31.0500,30.2600,31.0000,30.8000,22057151,678572177.8200,3,0.489900,1,0.649400,5.212771,0.893754,13.338361,2.358128,0
2023-09-19,sh.600438,30.8900,30.9000,30.4200,30.5600,31.0000,17245430,527514007.2300,3,0.383100,1,-1.419400,5.138783,0.881069,13.149042,2.324658,0
2023-09-20,sh.600438,30.4100,30.5400,30.2000,30.3400,30.5600,13713599,416036811.8400,3,0.304600,1,-0.719900,5.101789,0.874726,13.054383,2.307923,0
2023-09-21,sh.600438,30.2100,30.2800,29.7100,29.7300,30.3400,23235032,696179929.1400,3,0.516100,1,-2.010500,4.999215,0.857139,12.791919,2.261521,0
2023-09-22,sh.600438,29.6100,30.5700,29.4800,30.5600,29.7300,25252475,761720319.1100,3,0.560900,1,2.791800,5.138783,0.881069,13.149042,2.324658,0
2023-09-25,sh.600438,30.3300,31.0300,30.2700,30.9800,30.5600,25458342,780804705.1000,3,0.565500,1,1.374300,5.209407,0.893177,13.329756,2.356607,0
2023-09-26,sh.600438,30.9300,31.2200,30.7800,31.0000,30.9800,18610219,577391325.0700,3,0.413400,1,0.064600,5.212771,0.893754,13.338361,2.358128,0
2023-09-27,sh.600438,31.4400,32.4400,31.3900,32.2500,31.0000,50142449,1606219983.1000,3,1.113800,1,4.032300,5.422963,0.929793,13.876198,2.453214,0
2023-09-28,sh.600438,32.2200,32.3800,32.0300,32.2600,32.2500,24051892,774427986.4900,3,0.534300,1,0.031000,5.424644,0.930081,13.880501,2.453975,0
2023-10-09,sh.600438,32.2000,32.2000,31.8000,31.8900,32.2600,18413235,587676015.8700,3,0.409000,1,-1.146900,5.362428,0.919413,13.721301,2.425830,0
2023-10-10,sh.600438,31.8900,32.1400,31.5800,31.6000,31.8900,14528441,462035943.7100,3,0.322700,1,-0.909400,5.313665,0.911053,13.596528,2.403771,0
2023-10-11,sh.600438,31.8900,32.1300,31.4200,31.6200,31.6000,15681241,498389748.5300,3,0.348300,1,0.063300,5.317028,0.911630,13.605134,2.405292,0
2023-10-12,sh.600438,31.7200,32.0600,31.5700,31.9100,31.6200,18045983,574692619.0700,3,0.400800,1,0.917100,5.365793,0.919990,13.729912,2.427352,0
2023-10-13,sh.600438,31.6500,31.7200,31.1100,31.2700,31.9100,18927881,592350297.1700,3,0.420400,1,-2.005600,5.258174,0.901539,13.454539,2.378668,0
2023-10-16,sh.600438,31.2500,31.4500,30.5100,30.6400,31.2700,18656430,574241571.3600,3,0.414400,1,-2.014700,5.152237,0.883375,13.183469,2.330745,0
2023-10-17,sh.600438,30.7100,31.2000,30.5300,31.0600,30.6400,15642630,483088044.2000,3,0.347500,1,1.370800,5.222862,0.895484,13.364183,2.362694,0
2023-10-18,sh.600438,30.9800,30.9800,30.3100,30.4800,31.0600,16450166,501960607.3200,3,0.365400,1,-1.867400,5.125333,0.878762,13.114626,2.318574,0
2023-10-19,sh.600438,30.3600,30.3600,29.7900,29.8600,30.4800,21035801,631053867.5700,3,0.467300,1,-2.034100,5.021077,0.860887,12.847859,2.271411,0
2023-10-20,sh.600438,29.8000,30.1600,29.5900,29.8900,29.8600,18612263,555984736.8900,3,0.413400,1,0.100500,5.026122,0.861752,12.860767,2.273693,0
2023-10-23,sh.600438,29.7500,29.7500,28.3300,28.6500,29.8900,28999621,835855627.6400,3,0.644200,1,-4.148500,4.817611,0.826002,12.327232,2.179368,0
2023-10-24,sh.600438,28.8800,29.0700,28.5400,28.9700,28.6500,18510836,533983297.5300,3,0.411200,1,1.116900,4.871420,0.835228,12.464919,2.203710,0
2023-10-25,sh.600438,29.0800,29.5900,28.9300,28.9600,28.9700,18475928,538933280.3500,3,0.410400,1,-0.034500,4.869739,0.834940,12.460616,2.202949,0
2023-10-26,sh.600438,27.8000,27.9900,26.7900,27.2800,28.9600,59782621,1627370731.2000,3,1.327900,1,-5.801100,6.050648,0.809269,-18.201765,1.971967,0
2023-10-27,sh.600438,27.0000,27.8500,26.6800,27.6900,27.2800,47582689,1300511035.9800,3,1.056900,1,1.502900,6.141585,0.821432,-18.475325,2.001604,0
2023-10-30,sh.600438,27.3000,28.0400,27.2500,27.7300,27.6900,33785055,934493144.4500,3,0.750500,1,0.144500,6.150457,0.822618,-18.502014,2.004495,0
2023-10-31,sh.600438,27.6600,27.9300,27.1000,27.3000,27.7300,31921177,872857304.8800,3,0.709000,1,-1.550700,6.055084,0.809862,-18.215109,1.973412,0
2023-11-01,sh.600438,27.3000,27.3200,26.7500,26.7700,27.3000,30432896,819287669.6200,3,0.676000,1,-1.941400,5.937531,0.794140,-17.861483,1.935101,0
2023-11-02,sh.600438,26.5500,26.8400,26.0100,26.0200,26.7700,42174934,1109367147.1900,3,0.936800,1,-2.801600,5.771182,0.771891,-17.361068,1.880886,0
2023-11-03,sh.600438,26.0400,26.6600,26.0400,26.3200,26.0200,31588096,833612403.1200,3,0.701700,1,1.153000,5.837722,0.780790,-17.561234,1.902572,0
2023-11-06,sh.600438,26.4600,27.2700,26.4600,27.0600,26.3200,42316397,1143238632.9100,3,0.940000,1,2.811600,6.001852,0.802742,-18.054977,1.956064,0
2023-11-07,sh.600438,27.0400,27.1600,26.8000,27.1400,27.0600,21821639,588903369.3300,3,0.484700,1,0.295600,6.019596,0.805116,-18.108354,1.961847,0
2023-11-08,sh.600438,27.1100,27.3600,26.9000,27.0400,27.1400,27363714,742914262.0000,3,0.607800,1,-0.368500,5.997416,0.802149,-18.041632,1.954618,0
2023-11-09,sh.600438,27.0400,28.2800,26.9600,27.9200,27.0400,66049740,1840274532.2200,3,1.467100,1,3.254400,6.192599,0.828255,-18.628786,2.018230,0
2023-11-10,sh.600438,27.8300,27.8300,27.1100,27.2500,27.9200,33955894,928029179.8400,3,0.754200,1,-2.399700,6.043994,0.808379,-18.181748,1.969798,0
2023-11-13,sh.600438,27.4500,27.6000,27.2200,27.4300,27.2500,19812077,542632891.1100,3,0.440100,1,0.660600,6.083918,0.813719,-18.301848,1.982810,0
2023-11-14,sh.600438,27.5000,27.7500,27.1000,27.2700,27.4300,22727122,621790732.4000,3,0.504800,1,-0.583300,6.048430,0.808972,-18.195093,1.971244,0
2023-11-15,sh.600438,27.7100,28.0400,27.4700,27.6800,27.2700,35620758,988742597.6500,3,0.791200,1,1.503500,6.139367,0.821135,-18.468653,2.000881,0
2023-11-16,sh.600438,27.7000,27.7500,27.1800,27.2000,27.6800,25886974,707480471.4000,3,0.575000,1,-1.734100,6.032904,0.806896,-18.148387,1.966184,0
2023-11-17,sh.600438,27.0200,27.3400,26.9900,27.3000,27.2000,18217241,495088335.0000,3,0.404700,1,0.367600,6.055084,0.809862,-18.215109,1.973412,0
2023-11-20,sh.600438,27.2900,27.3800,26.9500,27.2000,27.3000,18306593,497086315.0400,3,0.406600,1,-0.366300,6.032904,0.806896,-18.148387,1.966184,0
2023-11-21,sh.600438,27.2500,27.4400,26.9700,27.0200,27.2000,19755461,537876085.3500,3,0.438800,1,-0.661800,5.992980,0.801556,-18.028288,1.953172,0
2023-11-22,sh.600438,27.0000,27.0200,26.5200,26.5300,27.0200,20962169,559513300.1400,3,0.465600,1,-1.813500,5.884299,0.787020,-17.701350,1.917752,0
2023-11-23,sh.600438,26.5000,26.6900,26.3600,26.5700,26.5300,17579015,466147367.2600,3,0.390500,1,0.150800,5.893171,0.788206,-17.728039,1.920644,0
2023-11-24,sh.600438,26.5500,26.5500,26.2800,26.3000,26.5700,16076823,424037937.4200,3,0.357100,1,-1.016200,5.833286,0.780197,-17.547889,1.901126,0
2023-11-27,sh.600438,26.2500,26.2500,25.4500,25.6800,26.3000,35519300,911796264.1300,3,0.789000,1,-2.357400,5.695771,0.761804,-17.134213,1.856309,0
2023-11-28,sh.600438,25.6700,25.7900,25.4600,25.6100,25.6800,16406417,419946401.3100,3,0.364400,1,-0.272600,5.680245,0.759728,-17.087507,1.851249,0
2023-11-29,sh.600438,25.5900,25.6000,24.9200,24.9800,25.6100,30787007,773336248.3700,3,0.683900,1,-2.460000,5.540513,0.741039,-16.667159,1.805708,0
2023-11-30,sh.600438,24.9500,25.0400,24.4000,24.5000,24.9800,35285312,868777030.3100,3,0.783800,1,-1.921500,5.434050,0.726799,-16.346893,1.771011,0
2023-12-01,sh.600438,24.4300,24.4600,23.9000,24.3100,24.5000,34906112,842929685.5900,3,0.775400,1,-0.775500,5.391908,0.721163,-16.220121,1.757277,0
2023-12-04,sh.600438,24.2900,24.5200,24.0700,24.0900,24.3100,21821155,529638127.5600,3,0.484700,1,-0.905000,5.343112,0.714637,-16.073333,1.741374,0
2023-12-05,sh.600438,24.0700,24.1900,23.4400,23.4900,24.0900,31795816,757450055.0500,3,0.706300,1,-2.490700,5.210034,0.696837,-15.673001,1.698002,0
2023-12-06,sh.600438,23.3500,24.1000,23.3400,23.8400,23.4900,34990696,835013504.3700,3,0.777200,1,1.490000,5.287663,0.707220,-15.906528,1.723302,0
2023-12-07,sh.600438,23.7700,23.7700,23.2500,23.4700,23.8400,25828819,606443893.7300,3,0.573700,1,-1.552000,5.205598,0.696244,-15.659656,1.696556,0
2023-12-08,sh.600438,23.6900,23.7700,23.3000,23.6600,23.4700,30678779,724669077.4700,3,0.681500,1,0.809500,5.247739,0.701881,-15.786428,1.710291,0
2023-12-11,sh.600438,23.4600,23.7100,22.8600,23.6200,23.6600,38664028,896116463.3900,3,0.858800,1,-0.169100,,,,,0
2023-12-12,sh.600438,23.5100,23.7500,23.4500,23.5600,23.6200,19774554,466162425.8000,3,0.439200,1,-0.254000,5.225559,0.698914,-15.719706,1.703062,0
2023-12-13,sh.600438,23.4800,23.4900,22.8200,22.8300,23.5600,27035714,623027654.1200,3,0.600500,1,-3.098500,5.063647,0.677258,-15.232635,1.650293,0
2023-12-14,sh.600438,22.9900,23.3000,22.8200,22.8800,22.8300,21199130,487915836.9600,3,0.470900,1,0.219000,5.074737,0.678742,-15.265996,1.653908,0
2023-12-15,sh.600438,23.1000,23.3800,22.7400,22.7400,22.8800,34922828,804417249.9000,3,0.775700,1,-0.611900,5.043685,0.674588,-15.172586,1.643787,0
2023-12-18,sh.600438,22.6100,22.9000,22.3000,22.4400,22.7400,21542815,486135077.9400,3,0.478500,1,-1.319300,4.977146,0.665689,-14.972420,1.622102,0
2023-12-19,sh.600438,22.3900,22.9400,22.3500,22.6800,22.4400,23246493,526687445.5500,3,0.516400,1,1.069500,5.030377,0.672809,-15.132552,1.639450,0
2023-12-20,sh.600438,22.8000,22.8600,22.5600,22.6000,22.6800,15061622,341221844.2200,3,0.334600,1,-0.352700,5.012633,0.670435,-15.079175,1.633667,0
2023-12-21,sh.600438,22.4900,23.6900,22.3100,23.3300,22.6000,56822734,1316394257.9100,3,1.262200,1,3.230100,5.174546,0.692091,-15.566245,1.686436,0
2023-12-22,sh.600438,23.3400,24.0500,23.0600,23.6500,23.3300,42951805,1011586829.4200,3,0.954100,1,1.371600,5.245521,0.701584,-15.779756,1.709568,0
2023-12-25,sh.600438,23.6900,23.8100,23.5100,23.7000,23.6500,21296277,503854589.7700,3,0.473000,1,0.211400,5.256611,0.703067,-15.813117,1.713182,0
2023-12-26,sh.600438,23.6700,23.8200,23.5100,23.7400,23.7000,17172660,406159427.1600,3,0.381400,1,0.168800,5.265483,0.704254,-15.839806,1.716074,0
2023-12-27,sh.600438,23.7900,23.8000,23.3500,23.4500,23.7400,24365703,572038720.8800,3,0.541200,1,-1.221600,5.201162,0.695651,-15.646312,1.695111,0
2023-12-28,sh.600438,23.3700,25.6500,23.3600,25.4900,23.4500,88620519,2204971152.3700,3,1.968500,1,8.699400,5.653630,0.756168,-17.007441,1.842574,0
2023-12-29,sh.600438,25.4500,25.4500,24.9200,25.0300,25.4900,47283873,1187156564.8700,3,1.050300,1,-1.804600,5.551602,0.742522,-16.700520,1.809323,0
2024-01-02,sh.600438,25.0000,25.0500,24.5600,24.6500,25.0300,27762731,687802156.5800,3,0.616700,1,-1.518200,5.467319,0.731249,-16.446976,1.781854,0
2024-01-03,sh.600438,24.5800,25.0800,24.5500,24.8600,24.6500,27706838,688636694.2600,3,0.615400,1,0.851900,5.513902,0.737480,-16.587107,1.797036,0
2024-01-04,sh.600438,24.8000,24.8700,24.2000,24.3000,24.8600,28679823,700465142.1400,3,0.637000,1,-2.252600,5.389695,0.720867,-16.213464,1.756556,0
2024-01-05,sh.600438,24.3000,24.8400,23.8600,24.0000,24.3000,26914576,653862573.6200,3,0.597800,1,-1.234600,5.323155,0.711967,-16.013298,1.734870,0
2024-01-08,sh.600438,23.8000,24.5000,23.7200,23.9600,24.0000,27817005,670744102.2600,3,0.617900,1,-0.166700,5.314284,0.710781,-15.986609,1.731978,0
2024-01-09,sh.600438,24.0100,25.0900,23.6900,24.5600,23.9600,46077285,1129064695.3800,3,1.023500,1,2.504200,5.447362,0.728580,-16.386941,1.775350,0
2024-01-10,sh.600438,24.3600,25.3900,24.3100,24.8600,24.5600,44243637,1102397104.3500,3,0.982800,1,1.221500,5.513902,0.737480,-16.587107,1.797036,0
2024-01-11,sh.600438,24.8600,25.2800,24.7200,25.2500,24.8600,41718850,1045938123.7900,3,0.926700,1,1.568800,5.600403,0.749049,-16.847323,1.825227,0
2024-01-12,sh.600438,25.2500,26.5400,25.0400,26.0100,25.2500,72130388,1872691078.6700,3,1.602200,1,3.009900,5.768970,0.771595,-17.354411,1.880165,0
2024-01-15,sh.600438,25.9000,26.3400,25.6500,25.6800,26.0100,41345658,1073414044.3900,3,0.918400,1,-1.268700,5.695776,0.761805,-17.134228,1.856311,0
2024-01-16,sh.600438,25.5000,26.1900,25.3200,26.0200,25.6800,38412603,993249200.8700,3,0.853200,1,1.324000,5.771188,0.771891,-17.361083,1.880888,0
2024-01-17,sh.600438,25.9900,26.0000,25.2600,25.2600,26.0200,28661475,732483194.0900,3,0.636600,1,-2.920800,5.602621,0.749346,-16.853996,1.825950,0
2024-01-18,sh.600438,25.0500,26.7400,25.0000,26.7100,25.2600,86622638,2261132372.5700,3,1.924100,1,5.740300,5.924228,0.792360,-17.821466,1.930765,0
2024-01-19,sh.600438,26.6100,26.9900,26.0100,26.0800,26.7100,52319886,1381720909.7700,3,1.162200,1,-2.358700,5.784496,0.773671,-17.401117,1.885225,0
2024-01-22,sh.600438,25.8800,26.5800,25.4600,25.9300,26.0800,56291487,1468436398.0100,3,1.250400,1,-0.575200,5.751226,0.769221,-17.301034,1.874382,0
2024-01-23,sh.600438,25.9000,27.0000,25.5800,26.2500,25.9300,52210315,1379036147.6200,3,1.159700,1,1.234100,5.822201,0.778714,-17.514544,1.897514,0
2024-01-24,sh.600438,26.3800,26.5000,25.3100,25.9900,26.2500,53487847,1380621374.7400,3,1.188100,1,-0.990500,5.764534,0.771001,-17.341067,1.878719,0
2024-01-25,sh.600438,25.9600,26.3200,25.3500,26.1500,25.9900,57351958,1483102041.1400,3,1.273900,1,0.615600,5.800021,0.775748,-17.447822,1.890285,0
2024-01-26,sh.600438,25.9800,26.4500,25.8200,26.1200,26.1500,36262934,947311535.1600,3,0.805500,1,-0.114700,5.793367,0.774858,-17.427806,1.888116,0
2024-01-29,sh.600438,25.9300,25.9300,24.3300,24.4800,26.1200,60970145,1514842881.1600,3,1.354300,1,-6.278700,5.429619,0.726207,-16.333564,1.769567,0
2024-01-30,sh.600438,24.2500,24.7400,24.0000,24.0000,24.4800,38058487,923563510.5100,3,0.845400,1,-1.960800,5.323155,0.711967,-16.013298,1.734870,0
2024-01-31,sh.600438,23.8900,24.3400,23.3000,23.3000,24.0000,37727927,891589811.5600,3,0.838000,1,-2.916700,5.167897,0.691202,-15.546243,1.684269,0
2024-02-01,sh.600438,23.9000,25.2000,23.8900,24.7200,23.3000,70447800,1747417724.4700,3,1.564800,1,6.094400,5.482850,0.733326,-16.493697,1.786916,0
2024-02-02,sh.600438,24.6800,24.8800,23.2500,24.0200,24.7200,47003935,1134132661.3800,3,1.044100,1,-2.831700,5.327591,0.712561,-16.026642,1.736315,0
2024-02-05,sh.600438,24.0100,24.3000,23.0300,23.8300,24.0200,41874695,997140386.2400,3,0.930100,1,-0.791000,5.285450,0.706924,-15.899870,1.722581,0
2024-02-06,sh.600438,23.8300,25.2700,23.7000,25.1200,23.8300,52344914,1295835905.9900,3,1.162700,1,5.413300,5.571569,0.745193,-16.760585,1.815830,0
2024-02-07,sh.600438,25.2600,25.9100,24.8700,25.6100,25.1200,52612772,1340224818.0300,3,1.168700,1,1.950600,5.680250,0.759729,-17.087523,1.851250,0
2024-02-08,sh.600438,25.9400,26.1700,25.5900,25.9800,25.6100,43114784,1118918538.0800,3,0.957700,1,1.444700,5.762316,0.770705,-17.334395,1.877996,0
2024-02-19,sh.600438,26.0700,26.2600,25.7200,26.0000,25.9800,29912412,775884747.4500,3,0.664400,1,0.077000,5.766752,0.771298,-17.347739,1.879442,0
2024-02-20,sh.600438,25.8000,25.8200,25.3700,25.6500,26.0000,26893988,686790104.2100,3,0.597400,1,-1.346200,5.689122,0.760915,-17.114212,1.854142,0
2024-02-21,sh.600438,25.3900,26.5000,25.3300,25.9700,25.6500,39445045,1026143833.7200,3,0.876200,1,1.247600,5.760098,0.770408,-17.327723,1.877274,0
2024-02-22,sh.600438,25.9700,26.7500,25.9400,26.2300,25.9700,30380748,798010457.6300,3,0.674800,1,1.001200,5.817765,0.778121,-17.501200,1.896068,0
2024-02-23,sh.600438,26.4000,26.7800,26.0800,26.3100,26.2300,33466658,883712611.9800,3,0.743400,1,0.305000,5.835509,0.780494,-17.554578,1.901851,0
2024-02-26,sh.600438,26.2900,26.4200,25.9000,25.9400,26.3100,29651793,773413650.5600,3,0.658600,1,-1.406300,5.753444,0.769518,-17.307706,1.875105,0
2024-02-27,sh.600438,25.9000,26.3100,25.7600,26.3100,25.9400,30619677,796639494.4200,3,0.680100,1,1.426400,5.835509,0.780494,-17.554578,1.901851,0
2024-02-28,sh.600438,26.4200,27.2000,26.0000,26.0000,26.3100,52595255,1402320315.8100,3,1.168300,1,-1.178300,5.766752,0.771298,-17.347739,1.879442,0
2024-02-29,sh.600438,26.0000,26.5600,25.8900,26.5000,26.0000,36139151,949928598.0400,3,0.802700,1,1.923100,5.877651,0.786131,-17.681350,1.915585,0
2024-03-01,sh.600438,26.5300,26.8400,26.2000,26.7800,26.5000,40262969,1070819630.1700,3,0.894300,1,1.056600,5.939754,0.794437,-17.868171,1.935825,0
2024-03-04,sh.600438,26.7500,27.6000,26.6500,27.6000,26.7800,61054459,1660813606.4400,3,1.356200,1,3.062000,6.121629,0.818762,-18.415292,1.995100,0
2024-03-05,sh.600438,27.4000,27.4000,26.8500,27.0500,27.6000,44091557,1191569358.7300,3,0.979400,1,-1.992800,5.999640,0.802447,-18.048321,1.955343,0
2024-03-06,sh.600438,26.9900,27.9700,26.7200,27.4500,27.0500,52977686,1453028276.3500,3,1.176800,1,1.478700,6.088359,0.814313,-18.315209,1.984257,0
2024-03-07,sh.600438,27.2600,27.4400,26.5100,26.7000,27.4500,45972942,1237585534.5400,3,1.021200,1,-2.732200,5.922010,0.792064,-17.814794,1.930042,0
2024-03-08,sh.600438,26.6800,27.4500,26.6000,27.1000,26.7000,44066322,1191983062.2100,3,0.978800,1,1.498100,6.010730,0.803930,-18.081682,1.958957,0
2024-03-11,sh.600438,27.4900,27.7800,26.9400,27.6700,27.1000,67232638,1842466471.6300,3,1.493400,1,2.103300,6.137155,0.820839,-18.461998,2.000160,0
2024-03-12,sh.600438,27.6900,28.1300,27.4000,28.0100,27.6700,53813181,1498731944.4900,3,1.195300,1,1.228800,6.212566,0.830925,-18.688853,2.024737,0
2024-03-13,sh.600438,27.9000,27.9300,27.4500,27.5400,28.0100,32654455,902626072.7100,3,0.725300,1,-1.678000,6.108321,0.816983,-18.375259,1.990763,0
2024-03-14,sh.600438,27.4100,27.7000,26.5900,26.6900,27.5400,47366745,1279490113.8800,3,1.052100,1,-3.086400,5.919792,0.791767,-17.808121,1.929320,0
2024-03-15,sh.600438,26.6000,26.7300,26.1700,26.5200,26.6900,28579619,754372678.1200,3,0.634800,1,-0.636900,5.882087,0.786724,-17.694694,1.917031,0
2024-03-18,sh.600438,26.6200,26.8200,26.5100,26.7100,26.5200,32306781,861538656.0600,3,0.717600,1,0.716400,5.924228,0.792360,-17.821466,1.930765,0
2024-03-19,sh.600438,26.7100,27.0400,26.3100,26.3100,26.7100,32293834,859450702.6400,3,0.717300,1,-1.497600,5.835509,0.780494,-17.554578,1.901851,0
2024-03-20,sh.600438,26.2500,26.6300,26.1800,26.3500,26.3100,21993783,580389805.3500,3,0.488500,1,0.152000,5.844381,0.781681,-17.581266,1.904742,0
2024-03-21,sh.600438,26.3400,26.4300,26.0300,26.0700,26.3500,23208363,606938672.8300,3,0.515500,1,-1.062600,5.782278,0.773375,-17.394445,1.884502,0
2024-03-22,sh.600438,26.0000,26.0700,25.3800,25.5200,26.0700,28432985,728218857.2100,3,0.631600,1,-2.109700,5.660289,0.757059,-17.027473,1.844745,0
2024-03-25,sh.600438,25.4200,25.7900,25.2800,25.3800,25.5200,17870491,455637792.3300,3,0.396900,1,-0.548600,5.629237,0.752906,-16.934062,1.834625,0
2024-03-26,sh.600438,25.3800,25.5900,25.0800,25.4600,25.3800,23479087,595064641.7300,3,0.521500,1,0.315200,5.646981,0.755279,-16.987440,1.840408,0
2024-03-27,sh.600438,25.4400,25.4400,24.6300,24.6300,25.4600,25687388,639925000.0900,3,0.570600,1,-3.260000,5.462888,0.730657,-16.433647,1.780410,0
2024-03-28,sh.600438,24.6500,25.0400,24.5800,24.7000,24.6300,20911154,518252378.3000,3,0.464500,1,0.284200,5.478414,0.732733,-16.480352,1.785470,0
2024-03-29,sh.600438,24.7200,25.0700,24.7100,24.8700,24.7000,19450335,483550226.9500,3,0.432000,1,0.688300,5.516120,0.737776,-16.593780,1.797759,0
2024-04-01,sh.600438,24.8800,25.3800,24.8800,25.1900,24.8700,34113692,858029815.4100,3,0.757700,1,1.286700,5.587095,0.747269,-16.807290,1.820890,0
2024-04-02,sh.600438,25.2100,25.3800,24.9500,25.2500,25.1900,25423026,639961684.9400,3,0.564700,1,0.238200,5.600403,0.749049,-16.847324,1.825227,0
2024-04-03,sh.600438,25.2000,25.4000,25.0100,25.3400,25.2500,24167422,609583998.1600,3,0.536800,1,0.356400,5.620365,0.751719,-16.907375,1.831733,0
2024-04-08,sh.600438,25.1000,25.1700,24.1300,24.1600,25.3400,45385383,1109119186.9200,3,1.008100,1,-4.656700,5.358644,0.716714,-16.120054,1.746436,0
2024-04-09,sh.600438,23.9900,24.5500,23.9700,24.4700,24.1600,27027336,657462929.4500,3,0.600300,1,1.283100,5.427401,0.725910,-16.326892,1.768844,0
2024-04-10,sh.600438,24.4600,24.4600,23.8200,23.9900,24.4700,20821163,500831951.0400,3,0.462500,1,-1.961600,5.320938,0.711671,-16.006626,1.734147,0
2024-04-11,sh.600438,23.8200,24.0300,23.6500,23.8100,23.9900,16519765,393989798.9300,3,0.366900,1,-0.750300,5.281014,0.706331,-15.886527,1.721135,0
2024-04-12,sh.600438,23.7600,23.8400,23.1600,23.3100,23.8100,26323316,616216207.3500,3,0.584700,1,-2.100000,5.170115,0.691498,-15.552916,1.684992,0
2024-04-15,sh.600438,23.2100,23.7800,23.2100,23.5700,23.3100,22329320,526452093.0800,3,0.496000,1,1.115400,5.227783,0.699211,-15.726394,1.703787,0
2024-04-16,sh.600438,23.5000,23.5000,23.2100,23.2400,23.5700,19694280,459884146.8100,3,0.437500,1,-1.400100,5.154589,0.689422,-15.506211,1.679932,0
2024-04-17,sh.600438,23.3000,23.9500,23.3000,23.9500,23.2400,24434542,580050596.6600,3,0.542800,1,3.055100,5.312066,0.710484,-15.979938,1.731255,0
2024-04-18,sh.600438,23.9000,24.0300,23.6000,23.8100,23.9500,22246971,530805067.8300,3,0.494200,1,-0.584600,5.281014,0.706331,-15.886527,1.721135,0
2024-04-19,sh.600438,23.6800,23.6900,22.9500,23.0300,23.8100,31207684,724043496.5100,3,0.693200,1,-3.275900,5.108012,0.683192,-15.366095,1.664752,0
2024-04-22,sh.600438,23.0800,23.7800,23.0600,23.3500,23.0300,24894113,584002579.0500,3,0.553000,1,1.389500,5.178987,0.692685,-15.579605,1.687884,0
2024-04-23,sh.600438,23.3600,23.6800,22.8000,22.8900,23.3500,25002584,575590732.2200,3,0.555400,1,-1.970000,5.076960,0.679039,-15.272684,1.654632,0
2024-04-24,sh.600438,22.8900,22.8900,21.5500,21.8800,22.8900,54202025,1188117506.3000,3,1.204000,1,-4.412400,4.852944,0.649077,-14.598791,1.581623,0
2024-04-25,sh.600438,21.8300,21.8300,21.2200,21.2500,21.8800,51851760,1112642930.8200,3,1.151800,1,-2.879300,4.713211,0.630388,-14.178442,1.536083,0
2024-04-26,sh.600438,21.1100,21.8300,21.0900,21.6800,21.2500,47296627,1019369444.1400,3,1.050600,1,2.023500,4.808584,0.643144,-14.465346,1.567166,0
2024-04-29,sh.600438,21.6800,22.5900,21.6300,22.4900,21.6800,46092371,1025610826.2900,3,1.023800,1,3.736200,4.988241,0.667173,-15.005795,1.625718,0
2024-04-30,sh.600438,22.0000,22.6700,21.3300,21.7000,22.4900,79900271,1738175034.6400,3,1.774800,1,-3.512700,23.339647,0.778864,-13.361721,1.661415,0
2024-05-06,sh.600438,22.0000,22.3300,21.9000,22.0200,21.7000,51019488,1125268232.8100,3,1.133300,1,1.474700,23.683826,0.790350,-13.558760,1.685916,0
2024-05-07,sh.600438,22.0300,22.4400,21.8300,22.3800,22.0200,39112680,869903307.6700,3,0.868800,1,1.634900,24.071028,0.803271,-13.780430,1.713478,0
2024-05-08,sh.600438,22.3800,22.4800,22.1800,22.3000,22.3800,28798559,642756221.4100,3,0.639700,1,-0.357500,23.984983,0.800400,-13.731170,1.707353,0
2024-05-09,sh.600438,22.3000,23.1300,22.2800,22.7900,22.3000,48007752,1095965871.2400,3,1.066400,1,2.197300,24.512007,0.817987,-14.032886,1.744869,0
2024-05-10,sh.600438,22.7900,22.8000,22.3200,22.5900,22.7900,25899290,582883918.9600,3,0.575300,1,-0.877600,24.296896,0.810808,-13.909737,1.729556,0
2024-05-13,sh.600438,22.7000,23.0800,22.4500,22.8800,22.5900,40350484,921590972.3900,3,0.896300,1,1.283800,24.608808,0.821217,-14.088303,1.751760,0
2024-05-14,sh.600438,22.7900,22.8600,22.5300,22.5700,22.8800,25769310,582969613.5700,3,0.572400,1,-1.354900,24.275384,0.810090,-13.897422,1.728025,0
2024-05-15,sh.600438,22.5400,22.7800,22.1300,22.2600,22.5700,23820705,531904454.4700,3,0.529100,1,-1.373500,23.941961,0.798964,-13.706540,1.704291,0
2024-05-16,sh.600438,22.1500,22.4700,22.0600,22.2500,22.2600,22433032,499679104.2700,3,0.498300,1,-0.044900,23.931205,0.798605,-13.700382,1.703525,0
2024-05-17,sh.600438,22.1400,22.1400,21.6100,21.9000,22.2500,39163662,853577064.5700,3,0.869900,1,-1.573000,23.554759,0.786043,-13.484871,1.676728,0
2024-05-20,sh.600438,21.8400,22.1500,21.7500,21.8400,21.9000,26769509,586439705.4000,3,0.594600,1,-0.274000,23.490226,0.783889,-13.447926,1.672134,0
2024-05-21,sh.600438,21.7800,21.8300,21.3600,21.4500,21.8400,25698776,551475867.0800,3,0.570800,1,-1.785700,23.070757,0.769891,-13.207784,1.642275,0
2024-05-22,sh.600438,21.6900,23.6000,21.6800,23.4000,21.4500,142143944,3247587544.8000,3,3.157400,1,9.090900,25.168099,0.839881,-14.408492,1.791572,0
2024-05-23,sh.600438,23.1900,23.2300,22.6300,22.8800,23.4000,83605093,1915546362.8500,3,1.857100,1,-2.222200,24.608808,0.821217,-14.088303,1.751760,0
2024-05-24,sh.600438,22.8500,23.3300,22.7500,22.7600,22.8800,42799421,983786530.0900,3,0.950700,1,-0.524500,24.479741,0.816910,-14.014414,1.742572,0
2024-05-27,sh.600438,22.7500,22.7600,21.8500,22.3100,22.7600,37403649,829128570.9500,3,0.830800,1,-1.977200,23.995739,0.800758,-13.737327,1.708119,0
2024-05-28,sh.600438,22.1800,22.5000,21.8500,21.9800,22.3100,30847679,679863148.9900,3,0.685200,1,-1.479200,23.640804,0.788914,-13.534131,1.682853,0
2024-05-29,sh.600438,22.5000,23.5700,22.5000,23.0000,21.9800,82801361,1922749860.0100,3,1.839200,1,4.640600,24.737875,0.825524,-14.162193,1.760947,0
2024-05-30,sh.600438,23.6700,23.9500,23.2000,23.5400,23.0000,70306501,1657802877.0700,3,1.561700,1,2.347800,25.318677,0.844906,-14.494697,1.802291,0
2024-05-31,sh.600438,23.5500,23.7000,23.0100,23.0100,23.5400,38445025,893932105.4800,3,0.854000,1,-2.251500,24.748631,0.825883,-14.168351,1.761713,0
2024-06-03,sh.600438,22.9700,23.3200,22.7700,23.0800,23.0100,34667335,796945215.1000,3,0.770000,1,0.304200,24.823920,0.828396,-14.211453,1.767072,0
2024-06-04,sh.600438,23.0700,23.1400,22.7500,23.0700,23.0800,29205300,671461323.3000,3,0.648700,1,-0.043300,24.813164,0.828037,-14.205295,1.766307,0
2024-06-05,sh.600438,22.9300,23.0900,22.7600,22.7900,23.0700,21703086,497212033.7600,3,0.482100,1,-1.213700,24.512007,0.817987,-14.032886,1.744869,0
2024-06-06,sh.600438,22.8100,23.0800,22.0300,22.1400,22.7900,42161742,946272597.5500,3,0.936500,1,-2.852100,23.812894,0.794657,-13.632650,1.695103,0
2024-06-07,sh.600438,22.1600,22.3000,21.5000,21.7800,22.1400,32426641,707792934.5000,3,0.720300,1,-1.626000,23.425710,0.781736,-13.410992,1.667542,0
2024-06-11,sh.600438,21.7500,22.0500,21.4600,21.9800,21.7800,20535837,448498411.7800,3,0.456200,1,0.918300,23.640822,0.788915,-13.534141,1.682854,0
2024-06-12,sh.600438,21.9000,22.0400,21.6400,21.8800,21.9800,19081389,416470477.9000,3,0.423800,1,-0.455000,23.533266,0.785325,-13.472566,1.675198,0
2024-06-13,sh.600438,21.8800,21.9500,21.5100,21.6300,21.8800,21737405,470858211.1600,3,0.482800,1,-1.142600,23.264376,0.776352,-13.318629,1.656057,0
2024-06-14,sh.600438,20.9100,20.9700,20.2800,20.9700,20.7300,26760862,556349702.1600,3,0.594400,1,1.157700,22.554506,0.752663,-12.912236,1.605526,0
2024-06-17,sh.600438,20.8000,20.9900,20.4600,20.8800,20.9700,19900547,412714405.7100,3,0.442000,1,-0.429200,22.457706,0.749433,-12.856818,1.598635,0
2024-06-18,sh.600438,20.7700,21.0900,20.6600,20.8400,20.8800,19601940,408851055.6700,3,0.435400,1,-0.191600,22.414683,0.747997,-12.832188,1.595573,0
2024-06-19,sh.600438,20.7600,20.8000,20.3000,20.5500,20.8400,24600251,503526169.5900,3,0.546400,1,-1.391600,22.102771,0.737588,-12.653621,1.573369,0
2024-06-20,sh.600438,20.4200,20.5000,20.0900,20.3200,20.5500,23893284,483418624.9900,3,0.530700,1,-1.119200,21.855392,0.729333,-12.511999,1.555760,0
2024-06-21,sh.600438,20.4800,21.2100,20.4600,20.9200,20.3200,54511248,1144110457.2200,3,1.210800,1,2.952800,22.500728,0.750869,-12.881448,1.601698,0
2024-06-24,sh.600438,20.8300,20.9000,20.3600,20.3600,20.9200,29066836,595460672.6000,3,0.645600,1,-2.676900,21.898414,0.730769,-12.536629,1.558822,0
2024-06-25,sh.600438,20.3000,20.4400,19.5400,19.6900,20.3600,30821082,612786287.5800,3,0.684600,1,-3.290800,21.177789,0.706721,-12.124078,1.507525,0
2024-06-26,sh.600438,19.6800,19.9200,19.2100,19.8900,19.6900,20257774,396497876.9800,3,0.450000,1,1.015700,21.392901,0.713899,-12.247228,1.522838,0
2024-06-27,sh.600438,19.6100,19.6800,19.3500,19.4500,19.8900,16837448,328252320.9600,3,0.374000,1,-2.212200,20.919654,0.698107,-11.976299,1.489150,0
2024-06-28,sh.600438,19.4500,19.5800,19.0500,19.1100,19.4500,22643317,437470509.3600,3,0.503000,1,-1.748100,20.553964,0.685903,-11.766944,1.463119,0
2024-07-01,sh.600438,19.0000,19.2300,18.5900,18.8400,19.1100,22930509,431824831.6400,3,0.509300,1,-1.412900,20.263562,0.676212,-11.600692,1.442447,0
2024-07-02,sh.600438,18.7100,18.7700,18.2700,18.2800,18.8400,26167648,484189190.8000,3,0.581200,1,-2.972400,19.661248,0.656113,-11.255874,1.399571,0
2024-07-03,sh.600438,18.2800,18.4500,17.6800,17.9200,18.2800,31649126,566764373.0700,3,0.703000,1,-1.969400,19.274046,0.643191,-11.034204,1.372009,0
2024-07-04,sh.600438,17.9200,17.9700,17.3000,17.3800,17.9200,35466904,619070086.8100,3,0.787800,1,-3.013400,18.693244,0.623810,-10.701700,1.330665,0
2024-07-05,sh.600438,17.3300,17.8800,17.1500,17.6800,17.3800,32079994,565154849.8900,3,0.712600,1,1.726100,19.015912,0.634577,-10.886425,1.353633,0
2024-07-08,sh.600438,17.5500,17.5900,16.6300,16.7300,17.6800,38005015,644129201.8700,3,0.844200,1,-5.373300,17.994129,0.600480,-10.301464,1.280899,0
2024-07-09,sh.600438,16.7400,16.7800,16.2400,16.4200,16.7300,41623283,684346812.7400,3,0.924600,1,-1.853000,17.660705,0.589353,-10.110582,1.257164,0
2024-07-10,sh.600438,15.8000,17.0400,15.7900,16.7800,16.4200,52893242,883571546.9400,3,1.174900,1,2.192400,18.047907,0.602274,-10.332252,1.284727,0
2024-07-11,sh.600438,17.0000,17.7900,16.9000,17.2500,16.7800,37269810,646997957.3400,3,0.827900,1,2.801000,18.553421,0.619144,-10.621653,1.320711,0
2024-07-12,sh.600438,17.1900,17.6000,17.1200,17.3700,17.2500,26129561,454937761.5800,3,0.580400,1,0.695700,18.682488,0.623451,-10.695543,1.329899,0
2024-07-15,sh.600438,17.3000,17.5900,17.2000,17.5100,17.3700,21701147,378787291.2700,3,0.482000,1,0.806000,18.833067,0.628476,-10.781748,1.340618,0
2024-07-16,sh.600438,17.4500,18.1100,17.2900,18.0800,17.5100,33414270,596167188.4900,3,0.742200,1,3.255300,19.446136,0.648934,-11.132724,1.384259,0
2024-07-17,sh.600438,18.2500,18.5200,18.0600,18.0600,18.0800,32276206,588953434.5000,3,0.716900,1,-0.110600,19.424625,0.648216,-11.120409,1.382727,0
2024-07-18,sh.600438,17.9100,18.1000,17.6500,17.9800,18.0600,23684867,423610171.7100,3,0.526100,1,-0.443000,19.338580,0.645345,-11.071149,1.376602,0
2024-07-19,sh.600438,17.9500,18.4100,17.7700,18.3100,17.9800,24366038,441920234.7500,3,0.541200,1,1.835400,19.693515,0.657190,-11.274346,1.401868,0
2024-07-22,sh.600438,18.2000,18.5900,18.1900,18.4500,18.3100,18706639,344474677.0100,3,0.415500,1,0.764600,19.844093,0.662214,-11.360551,1.412587,0
2024-07-23,sh.600438,18.4000,18.5300,17.9800,17.9900,18.4500,17606345,321610505.2500,3,0.391100,1,-2.493200,19.349336,0.645704,-11.077307,1.377368,0
2024-07-24,sh.600438,17.9000,18.0800,17.4500,17.5000,17.9900,21296014,376008512.9800,3,0.473000,1,-2.723700,18.822311,0.628117,-10.775590,1.339852,0
2024-07-25,sh.600438,17.5600,18.0800,17.4600,17.6800,17.5000,24166214,429979193.3000,3,0.536800,1,1.028600,19.015912,0.634577,-10.886425,1.353633,0
2024-07-26,sh.600438,17.6800,17.9000,17.4900,17.8100,17.6800,14562352,258543261.7200,3,0.323500,1,0.735300,19.155735,0.639243,-10.966472,1.363587,0
2024-07-29,sh.600438,17.8000,17.9000,17.5600,17.5700,17.8100,13535050,239031759.1000,3,0.300600,1,-1.347600,18.897600,0.630629,-10.818692,1.345212,0
2024-07-30,sh.600438,17.5500,17.7100,17.4200,17.5700,17.5700,12528658,219687147.5800,3,0.278300,1,0.000000,18.897600,0.630629,-10.818692,1.345212,0
2024-07-31,sh.600438,17.5100,18.2700,17.2500,18.1300,17.5700,28400040,509025052.7400,3,0.630800,1,3.187300,19.499914,0.650729,-11.163511,1.388087,0
2024-08-01,sh.600438,18.1800,18.2500,17.8500,17.8900,18.1300,15665017,281667893.7500,3,0.348000,1,-1.323800,19.241780,0.642115,-11.015732,1.369712,0
2024-08-02,sh.600438,17.8200,18.0100,17.7700,17.8500,17.8900,14773810,264422149.0000,3,0.328200,1,-0.223600,19.198757,0.640679,-10.991102,1.366649,0
2024-08-05,sh.600438,17.8000,18.8100,17.7700,18.2700,17.8500,42182820,780574131.3700,3,0.937000,1,2.352900,19.650493,0.655754,-11.249716,1.398806,0
2024-08-06,sh.600438,18.5800,19.1300,18.5500,18.8300,18.2700,38607820,726931948.4000,3,0.857600,1,3.065100,20.252807,0.675854,-11.594535,1.441681,0
2024-08-07,sh.600438,18.7300,19.1800,18.6300,19.0700,18.8300,27209364,514374744.6000,3,0.604400,1,1.274600,20.510941,0.684468,-11.742315,1.460056,0
2024-08-08,sh.600438,19.0000,19.2400,18.8200,18.9500,19.0700,16980600,321967962.8800,3,0.377200,1,-0.629300,20.381874,0.680161,-11.668425,1.450869,0
2024-08-09,sh.600438,18.9600,19.0500,18.6300,18.6700,18.9500,14177654,265998193.1800,3,0.314900,1,-1.477600,20.080717,0.670111,-11.496015,1.429431,0
2024-08-12,sh.600438,18.9500,19.1200,18.6100,18.6700,18.6700,11323800,212236805.0000,3,0.251500,1,0.000000,20.080717,0.670111,-11.496015,1.429431,0
2024-08-13,sh.600438,18.6100,18.8300,18.3800,18.5700,18.6700,12287666,228087674.5900,3,0.272900,1,-0.535600,19.973161,0.666522,-11.434441,1.421775,0
2024-08-14,sh.600438,19.0100,19.4500,18.5000,18.8700,18.5700,46901116,887034218.5900,3,1.041800,1,1.615500,20.295829,0.677289,-11.619165,1.444743,0
2024-08-15,sh.600438,18.4900,20.1900,18.4000,19.8000,18.8700,55834156,1088039659.4800,3,1.240200,1,4.928500,21.296101,0.710669,-12.191811,1.515947,0
2024-08-16,sh.600438,19.5800,19.9600,19.1500,19.1800,19.8000,38311889,745232162.2600,3,0.851000,1,-3.131300,20.629253,0.688416,-11.810047,1.468478,0
2024-08-19,sh.600438,19.1800,19.2200,18.8200,18.9300,19.1800,22611452,428276062.0500,3,0.502300,1,-1.303400,20.360363,0.679443,-11.656110,1.449337,0
2024-08-20,sh.600438,18.8600,19.0600,18.4000,18.6100,18.9300,23763156,443972348.9200,3,0.527800,1,-1.690400,20.016184,0.667957,-11.459071,1.424837,0
2024-08-21,sh.600438,18.6000,19.0500,18.4300,18.7500,18.6100,19232370,360785301.1300,3,0.427200,1,0.752300,20.166762,0.672982,-11.545275,1.435556,0
2024-08-22,sh.600438,18.8300,18.8600,18.2100,18.2400,18.7500,17487854,322281799.9900,3,0.388400,1,-2.720000,19.618226,0.654677,-11.231244,1.396509,0
2024-08-23,sh.600438,18.2400,18.5000,18.0800,18.3200,18.2400,11693791,214264009.9400,3,0.259700,1,0.438600,19.704271,0.657548,-11.280504,1.402634,0
2024-08-26,sh.600438,18.4000,18.8200,18.0800,18.1900,18.3200,17626432,323962985.4000,3,0.391500,1,-0.709600,19.564448,0.652882,-11.200456,1.392681,0
2024-08-27,sh.600438,18.0300,18.4800,17.7700,18.0200,18.1900,22070848,399945709.3100,3,0.490200,1,-0.934600,19.381603,0.646781,-11.095779,1.379665,0
2024-08-28,sh.600438,17.9600,18.2500,17.8500,18.0400,18.0200,13725910,247388661.8900,3,0.304900,1,0.111000,19.403114,0.647499,-11.108094,1.381196,0
2024-08-29,sh.600438,18.0000,18.9800,17.8600,18.8300,18.0400,31528332,585580218.2700,3,0.700300,1,4.379200,20.252807,0.675854,-11.594535,1.441681,0
2024-08-30,sh.600438,18.7000,19.4200,18.5700,19.0100,18.8300,32639535,621262385.1000,3,0.725000,1,0.955900,20.446410,0.682314,-11.705371,1.455462,0
2024-09-02,sh.600438,18.8600,19.1900,18.2000,18.2100,19.0100,22402390,415976478.3000,3,0.497600,1,-4.208300,-29.011681,0.753273,-45.094492,1.596086,0
2024-09-03,sh.600438,18.2900,19.1800,18.0600,19.0000,18.2100,35925795,675985518.7900,3,0.798000,1,4.338300,-30.270288,0.785952,-47.050816,1.665329,0
2024-09-04,sh.600438,18.9700,19.5200,18.9300,19.2000,19.0000,27105993,522401175.8900,3,0.602100,1,1.052600,-30.588922,0.794226,-47.546088,1.682859,0
2024-09-05,sh.600438,19.2000,19.4300,19.0100,19.3700,19.2000,21429839,413347810.2500,3,0.476000,1,0.885400,-30.859762,0.801258,-47.967069,1.697759,0
2024-09-06,sh.600438,19.3900,19.3900,19.0700,19.1100,19.3700,12308330,235652480.0000,3,0.273400,1,-1.342300,-30.445537,0.790503,-47.323215,1.674970,0
2024-09-09,sh.600438,19.0600,19.3500,18.8500,18.9600,19.1100,15441522,294033546.1400,3,0.343000,1,-0.784900,-30.206561,0.784298,-46.951762,1.661823,0
2024-09-10,sh.600438,18.8200,19.1900,18.6100,18.6900,18.9600,17296056,325419016.0100,3,0.384200,1,-1.424100,-29.776404,0.773129,-46.283145,1.638158,0
2024-09-11,sh.600438,18.5700,19.2000,18.5200,19.0100,18.6900,18076834,342903732.6200,3,0.401500,1,1.712100,-30.286220,0.786366,-47.075580,1.666205,0
2024-09-12,sh.600438,19.0100,19.7300,18.8800,18.8900,19.0100,25602379,492977561.2200,3,0.568700,1,-0.631200,-30.095039,0.781402,-46.778416,1.655688,0
2024-09-13,sh.600438,18.9700,19.0000,18.5600,18.6000,18.8900,16872402,315434192.7000,3,0.374800,1,-1.535200,-29.633019,0.769406,-46.060272,1.630269,0
2024-09-18,sh.600438,18.5500,18.6600,18.2900,18.3100,18.6000,13116573,241506558.7600,3,0.291400,1,-1.559100,-29.170998,0.757410,-45.342128,1.604851,0
2024-09-19,sh.600438,18.3900,18.9700,18.1800,18.5600,18.3100,23918938,445805943.2800,3,0.531300,1,1.365400,-29.569292,0.767751,-45.961218,1.626763,0
2024-09-20,sh.600438,18.5300,18.5600,17.5800,17.8100,18.5600,43078300,766384697.7000,3,0.956900,1,-4.040900,-28.374412,0.736727,-44.103949,1.561027,0
2024-09-23,sh.600438,17.8100,17.8300,17.3900,17.4300,17.8100,18416794,323225562.0800,3,0.409100,1,-2.133600,-27.769006,0.721008,-43.162933,1.527720,0
2024-09-24,sh.600438,17.6000,18.1800,17.3900,18.1800,17.4300,40388107,721296442.3900,3,0.897100,1,4.302900,-28.963886,0.752032,-45.020202,1.593457,0
2024-09-25,sh.600438,18.3900,19.0200,18.3300,18.3400,18.1800,38283138,715432473.8700,3,0.850400,1,0.880100,-29.218794,0.758651,-45.416419,1.607481,0
2024-09-26,sh.600438,18.3200,19.4400,18.2100,19.4400,18.3400,45214600,854668763.6500,3,1.004300,1,5.997800,-30.971284,0.804153,-48.140414,1.703894,0
2024-09-27,sh.600438,19.7800,20.8000,19.7000,20.7600,19.4400,38746961,787868302.9800,3,0.860700,1,6.790100,-33.074272,0.858757,-51.409207,1.819591,0
2024-09-30,sh.600438,21.8000,22.8400,21.4500,22.8300,20.7600,95192328,2128903126.4100,3,2.114500,1,9.971100,-36.372141,0.944384,-56.535270,2.001024,0
2024-10-08,sh.600438,25.1100,25.1100,23.2100,24.3800,22.8300,112901856,2754352424.3000,3,2.507800,1,6.789300,-38.841559,1.008501,-60.373626,2.136880,0
2024-10-09,sh.600438,23.6000,23.6100,21.9400,21.9400,24.3800,80226023,1815927400.1200,3,1.782000,1,-10.008200,-34.954217,0.907568,-54.331311,1.923017,0
2024-10-10,sh.600438,21.5000,22.3400,21.0600,21.5300,21.9400,51476362,1120261147.1100,3,1.143400,1,-1.868700,-34.301017,0.890608,-53.316005,1.887081,0
2024-10-11,sh.600438,21.4000,21.5000,20.3000,20.6300,21.5300,36494658,762190220.1000,3,0.810600,1,-4.180200,-32.867161,0.853379,-51.087282,1.808197,0
2024-10-14,sh.600438,20.6700,21.0500,20.5000,20.9200,20.6300,39369694,819057062.1000,3,0.874500,1,1.405700,-33.329181,0.865375,-51.805426,1.833615,0
2024-10-15,sh.600438,20.7000,21.1900,20.4600,20.8500,20.9200,41690892,872028460.2300,3,0.926100,1,-0.334600,-33.217659,0.862479,-51.632081,1.827479,0
2024-10-16,sh.600438,20.5500,21.0000,20.3600,20.7700,20.8500,30661134,633049475.5900,3,0.681100,1,-0.383700,-33.090205,0.859170,-51.433972,1.820468,0
2024-10-17,sh.600438,20.9800,21.0300,20.0100,20.0300,20.7700,39511042,806937222.7600,3,0.877600,1,-3.562800,-31.911257,0.828559,-49.601467,1.755607,0
2024-10-18,sh.600438,19.9100,20.9900,19.7000,20.4300,20.0300,51409593,1040257377.6500,3,1.141900,1,1.997000,-32.548526,0.845106,-50.592010,1.790667,0
2024-10-21,sh.600438,20.8700,22.2300,20.7500,21.6500,20.4300,82089988,1775762167.4900,3,1.823400,1,5.971600,-34.492197,0.895572,-53.613168,1.897599,0
2024-10-22,sh.600438,21.7000,22.6500,21.1100,22.3200,21.6500,69391469,1513451592.8500,3,1.541400,1,3.094700,-35.559623,0.923287,-55.272329,1.956323,0
2024-10-23,sh.600438,22.3400,24.5500,22.1500,24.5500,22.3200,151190045,3620915258.6400,3,3.358300,1,9.991000,-39.112399,1.015533,-60.794609,2.151780,0
2024-10-24,sh.600438,24.6100,26.5000,24.5500,25.1500,24.5500,228853484,5822346907.1100,3,5.083400,1,2.444000,-40.068303,1.040353,-62.280424,2.204370,0
2024-10-25,sh.600438,25.4000,27.6700,25.4000,27.6700,25.1500,136690254,3749062572.8100,3,3.036200,1,10.019900,-44.083100,1.144595,-68.520848,2.425245,0
2024-10-28,sh.600438,28.9800,29.3600,28.0000,28.8000,27.6700,260042497,7464752521.7000,3,5.776200,1,4.083800,-45.883385,1.191339,-71.319134,2.524288,0
2024-10-29,sh.600438,30.6000,31.6800,29.2500,29.3100,28.8000,223698839,6756298516.5600,3,4.968900,1,1.770800,-46.695903,1.212435,-72.582077,2.568989,0
2024-10-30,sh.600438,28.0100,30.2400,28.0000,28.8800,29.3100,149517525,4375335214.5700,3,3.321200,1,-1.467100,-46.010839,1.194648,-71.517242,2.531300,0
2024-10-31,sh.600438,29.9000,31.2900,29.1000,30.7500,28.8800,158301228,4796617797.0800,3,3.516300,1,6.475100,-20.659205,1.442701,-24.537492,2.793111,0
2024-11-01,sh.600438,30.1800,30.7900,29.2000,29.7300,30.7500,99601756,2979431775.1100,3,2.212400,1,-3.317100,-19.973924,1.394846,-23.723566,2.700461,0
2024-11-04,sh.600438,29.7000,31.2000,29.4400,30.4000,29.7300,76693837,2332954087.6500,3,1.703600,1,2.253600,-20.424059,1.426280,-24.258204,2.761319,0
2024-11-05,sh.600438,30.3000,31.1200,29.4000,31.1200,30.4000,117079938,3545559637.6900,3,2.600600,1,2.368400,-20.907787,1.460060,-24.832740,2.826719,0
2024-11-06,sh.600438,31.0700,32.0500,29.7600,29.9100,31.1200,112773589,3468903655.5800,3,2.505000,1,-3.888200,-20.094856,1.403291,-23.867200,2.716811,0
2024-11-07,sh.600438,28.9000,29.5400,27.8000,29.5000,29.9100,103008927,2972379369.9800,3,2.288100,1,-1.370800,-19.819421,1.384056,-23.540058,2.679573,0
2024-11-08,sh.600438,29.7100,30.7700,29.7100,30.0900,29.5000,81476251,2472145311.0600,3,1.809800,1,2.000000,-20.215809,1.411737,-24.010859,2.733164,0
2024-11-11,sh.600438,30.0000,30.7500,29.5500,30.2300,30.0900,64274128,1946032365.7700,3,1.427700,1,0.465300,-20.309867,1.418306,-24.122575,2.745881,0
2024-11-12,sh.600438,30.2800,30.6200,29.3000,29.6300,30.2300,59398951,1784219712.5100,3,1.319400,1,-1.984800,-19.906760,1.390155,-23.643794,2.691381,0
2024-11-13,sh.600438,29.4000,29.9900,29.0400,29.8000,29.6300,61771584,1817868756.8800,3,1.372100,1,0.573700,-20.020974,1.398131,-23.779449,2.706822,0
2024-11-14,sh.600438,29.8100,29.9900,28.8400,28.9000,29.8000,51015918,1489559899.8300,3,1.133200,1,-3.020100,-19.416314,1.355906,-23.061277,2.625073,0
2024-11-15,sh.600438,28.7400,29.2500,26.5100,26.5500,28.9000,105016808,2893618029.8900,3,2.332700,1,-8.131500,-17.837479,1.245651,-21.186052,2.411615,0
2024-11-18,sh.600438,26.4000,27.5000,26.1000,26.7400,26.5500,65616660,1763219166.1900,3,1.457500,1,0.715600,-17.965129,1.254565,-21.337666,2.428874,0
2024-11-19,sh.600438,26.9700,27.7000,26.5800,27.4100,26.7400,44720234,1217297113.8700,3,0.993300,1,2.505600,-18.415265,1.285999,-21.872305,2.489732,0
2024-11-20,sh.600438,27.2800,27.5000,26.7000,27.0000,27.4100,36052733,972385949.8400,3,0.800800,1,-1.495800,-18.139809,1.266763,-21.545138,2.452490,0
2024-11-21,sh.600438,28.5000,28.5900,26.7600,27.1500,27.0000,78111601,2136492993.4800,3,1.735000,1,0.555600,-18.240585,1.273801,-21.664833,2.466115,0
2024-11-22,sh.600438,26.8500,27.0500,25.9900,25.9900,27.1500,51060622,1351226226.4700,3,1.134200,1,-4.272600,-17.461245,1.219377,-20.739190,2.360749,0
2024-11-25,sh.600438,25.6800,26.5500,25.6700,25.9900,25.9900,43580579,1141357328.7400,3,0.968000,1,0.000000,-17.461245,1.219377,-20.739190,2.360749,0
2024-11-26,sh.600438,26.5000,27.5000,26.2700,26.3100,25.9900,49421792,1329934002.0200,3,1.097800,1,1.231200,-17.676236,1.234390,-20.994540,2.389815,0
2024-11-27,sh.600438,26.1500,27.1600,25.9600,27.0100,26.3100,40692751,1078686291.2900,3,0.903900,1,2.660600,-18.146527,1.267232,-21.553118,2.453398,0
2024-11-28,sh.600438,27.0000,27.7600,26.8000,27.0200,27.0100,38268189,1040907014.4800,3,0.850000,1,0.037000,-18.153246,1.267702,-21.561097,2.454307,0
2024-11-29,sh.600438,27.0000,27.9400,26.9200,27.4500,27.0200,41586594,1142705780.7800,3,0.923700,1,1.591400,-18.442139,1.287876,-21.904224,2.493365,0
2024-12-02,sh.600438,27.0000,27.5500,26.4000,27.5400,27.4500,38279155,1042626332.8700,3,0.850300,1,0.327900,-18.502605,1.292099,-21.976041,2.501540,0
2024-12-03,sh.600438,27.8000,28.1000,27.5500,28.0000,27.5400,44923115,1250917330.5500,3,0.997900,1,1.670300,-18.811653,1.313680,-22.343106,2.543323,0
2024-12-04,sh.600438,27.9500,28.2300,26.6600,26.8600,28.0000,57784627,1568963257.6700,3,1.283500,1,-4.071400,-18.045754,1.260195,-21.433427,2.439774,0
2024-12-05,sh.600438,26.7100,27.2100,26.6900,27.1700,26.8600,30635833,825885519.2300,3,0.680500,1,1.154100,-18.254026,1.274739,-21.680797,2.467932,0
2024-12-06,sh.600438,26.9600,27.1500,25.2800,26.0100,27.1700,84956154,2198875353.2000,3,1.887100,1,-4.269400,-17.474686,1.220316,-20.755154,2.362566,0
2024-12-09,sh.600438,25.7000,25.9900,25.5000,25.7400,26.0100,36360958,936701960.3900,3,0.807700,1,-1.038100,-17.293288,1.207648,-20.539702,2.338041,0
2024-12-10,sh.600438,26.4600,26.4900,25.2000,25.2600,25.7400,54681136,1402813142.3100,3,1.214600,1,-1.864800,-16.970802,1.185128,-20.156677,2.294441,0
2024-12-11,sh.600438,25.2100,25.5000,24.8100,25.2600,25.2600,33601756,847052193.2400,3,0.746400,1,0.000000,-16.970802,1.185128,-20.156677,2.294441,0
2024-12-12,sh.600438,25.2600,25.6000,25.0600,25.2500,25.2600,34789496,880072043.3700,3,0.772800,1,-0.039600,-16.964084,1.184658,-20.148698,2.293533,0
2024-12-13,sh.600438,25.1000,25.1100,24.0000,24.0700,25.2500,61625457,1504688493.1300,3,1.368900,1,-4.673300,-16.171307,1.129296,-19.207095,2.186350,0
2024-12-16,sh.600438,24.0900,24.2500,23.3100,23.5900,24.0700,40694830,958692153.9500,3,0.903900,1,-1.994200,-15.848821,1.106776,-18.824070,2.142750,0
2024-12-17,sh.600438,23.5900,23.8100,23.4600,23.5000,23.5900,25548067,603508036.1400,3,0.567500,1,-0.381500,-15.788355,1.102553,-18.752253,2.134575,0
2024-12-18,sh.600438,23.5200,23.7300,23.3700,23.4700,23.5000,20331092,478639179.2400,3,0.451600,1,-0.127700,-15.768200,1.101146,-18.728314,2.131850,0
2024-12-19,sh.600438,23.2100,23.3000,22.9000,23.1300,23.4700,34293697,792292851.4500,3,0.761700,1,-1.448700,-15.539772,1.085194,-18.457005,2.100967,0
2024-12-20,sh.600438,23.2000,23.2900,22.4300,22.6600,23.1300,49821285,1129761386.7700,3,1.106700,1,-2.032000,-15.224005,1.063143,-18.081960,2.058275,0
2024-12-23,sh.600438,22.6000,23.5900,22.4400,22.9100,22.6600,59534971,1377287522.7100,3,1.322400,1,1.103300,-15.391967,1.074872,-18.281452,2.080984,0
2024-12-24,sh.600438,23.6500,24.2600,23.4700,23.8600,22.9100,73926404,1763500419.8100,3,1.642100,1,4.146700,-16.030219,1.119444,-19.039522,2.167275,0
2024-12-25,sh.600438,24.3000,24.4200,23.4300,23.7400,23.8600,55030605,1313998029.7900,3,1.222400,1,-0.502900,-15.949598,1.113814,-18.943766,2.156375,0
2024-12-26,sh.600438,23.7100,23.7100,22.3500,22.3900,23.7400,84287852,1912419854.1500,3,1.872200,1,-5.686600,-15.042607,1.050475,-17.866509,2.033751,0
2024-12-27,sh.600438,22.2500,22.5300,21.9200,22.0500,22.3900,53733922,1193514889.1300,3,1.193600,1,-1.518500,-14.814180,1.034524,-17.595199,2.002867,0
2024-12-30,sh.600438,22.0600,22.8000,21.7000,22.6000,22.0500,67346118,1499981291.4300,3,1.495900,1,2.494300,-15.183695,1.060328,-18.034082,2.052825,0
2024-12-31,sh.600438,22.5000,23.0900,22.0900,22.1100,22.6000,49817357,1123210575.5700,3,1.106600,1,-2.168100,-14.854491,1.037339,-17.643077,2.008317,0
