date,code,open,high,low,close,preclose,volume,amount,adjustflag,turn,tradestatus,pctChg,peTTM,psTTM,pcfNcfTTM,pbMRQ,isST
2002-09-11,sh.600577,23.1800,23.1800,21.4500,21.4700,9.9000,9519887,208177722.0000,3,47.599435,1,116.868700,64.915248,4.072981,470.026395,15.663057,0
2002-09-12,sh.600577,21.2800,22.3600,21.2000,22.2700,21.4700,3732400,81864544.0000,3,18.662000,1,3.730000,67.334074,4.224746,487.540187,16.246683,0
2002-09-13,sh.600577,22.2700,24.2900,22.1200,23.6100,22.2700,5177552,120852576.0000,3,25.887760,1,6.020000,71.385608,4.478951,516.875788,17.224256,0
2002-09-16,sh.600577,23.5100,24.2000,23.4000,23.5200,23.6100,3293532,78313095.0000,3,16.467660,1,-0.380000,71.113490,4.461878,514.905487,17.158598,0
2002-09-17,sh.600577,23.5200,24.1700,23.4200,23.7700,23.5200,2320035,55246148.0000,3,11.600175,1,1.060000,71.869373,4.509304,520.378547,17.340981,0
2002-09-18,sh.600577,23.8500,24.7200,23.7100,24.1400,23.7700,2842688,69144777.0000,3,14.213440,1,1.560000,72.988080,4.579495,528.478676,17.610908,0
2002-09-19,sh.600577,24.1000,24.3000,23.8000,24.0100,24.1400,1788087,42853652.0000,3,8.940435,1,-0.540000,72.595021,4.554834,525.632684,17.516069,0
2002-09-20,sh.600577,24.1400,24.4500,23.6800,23.7400,24.0100,1782847,42870527.0000,3,8.914235,1,-1.120000,71.778667,4.503613,519.721780,17.319095,0
2002-09-23,sh.600577,23.6600,23.8800,23.6100,23.7500,23.7400,586939,13927975.0000,3,2.934695,1,0.040000,71.808903,4.505510,519.940702,17.326391,0
2002-09-24,sh.600577,23.7500,23.8500,23.4100,23.4300,23.7500,867237,20415278.0000,3,4.336185,1,-1.350000,70.841372,4.444804,512.935185,17.092940,0
2002-09-25,sh.600577,23.4300,23.7500,23.2100,23.2400,23.4300,779340,18292001.0000,3,3.896700,1,-0.810000,70.266901,4.408760,508.775660,16.954329,0
2002-09-26,sh.600577,23.3100,23.3200,22.7600,22.7700,23.2400,1495174,34377537.0000,3,7.475870,1,-2.020000,68.845841,4.319599,498.486307,16.611449,0
2002-09-27,sh.600577,22.7000,23.0000,22.5000,22.7500,22.7700,685486,15593031.0000,3,3.427430,1,-0.090000,68.785370,4.315804,498.048462,16.596858,0
2002-10-08,sh.600577,22.5200,22.6600,21.9300,22.1700,22.7500,661259,14704491.0000,3,3.306295,1,-2.550000,67.031721,4.205775,485.350963,16.173730,0
2002-10-09,sh.600577,22.1600,22.7900,21.8000,22.4800,22.1700,926393,20678365.0000,3,4.631965,1,1.400000,67.969016,4.264584,492.137557,16.399885,0
2002-10-10,sh.600577,22.4600,22.9200,22.2200,22.3500,22.4800,562326,12727601.0000,3,2.811630,1,-0.580000,67.575957,4.239922,489.291566,16.305045,0
2002-10-11,sh.600577,22.8900,22.8900,21.8200,21.9900,22.3500,656243,14545638.0000,3,3.281215,1,-1.610000,66.487485,4.171628,481.410359,16.042414,0
2002-10-14,sh.600577,21.7700,22.4400,21.7700,22.3300,21.9900,383831,8484183.0000,3,1.919155,1,1.550000,67.515486,4.236128,488.853721,16.290455,0
2002-10-15,sh.600577,22.3000,22.3000,21.4900,21.7200,22.3300,954914,20760078.0000,3,4.774570,1,-2.730000,65.671131,4.120408,475.499455,15.845440,0
2002-10-16,sh.600577,21.7800,22.2800,21.7500,21.8100,21.7200,473075,10397310.0000,3,2.365375,1,0.410000,65.943249,4.137481,477.469756,15.911098,0
2002-10-17,sh.600577,21.7500,21.8800,21.5200,21.7200,21.8100,359157,7775776.0000,3,1.795785,1,-0.410000,65.671131,4.120408,475.499455,15.845440,0
2002-10-18,sh.600577,21.7200,21.7200,21.7200,21.7200,21.7200,0,0.0000,3,,0,0.000000,65.671131,4.120408,475.499455,15.845440,0
2002-10-21,sh.600577,21.9200,22.2200,21.7900,22.2000,21.7200,368330,8112157.0000,3,1.841650,1,2.210000,67.122427,4.211466,486.007730,16.195616,0
2002-10-22,sh.600577,22.0000,22.4300,22.0000,22.3200,22.2000,462528,10315967.0000,3,2.312640,1,0.540000,67.485251,4.234231,488.634799,16.283159,0
2002-10-23,sh.600577,22.3500,22.3500,21.7300,21.9400,22.3200,757277,16587508.0000,3,3.786385,1,-1.700000,66.336308,4.162143,480.315747,4.909191,0
2002-10-24,sh.600577,21.9000,21.9700,21.5300,21.6300,21.9400,663563,14378983.0000,3,3.317815,1,-1.410000,65.399013,4.103334,473.529153,4.839827,0
2002-10-25,sh.600577,21.6000,21.8500,20.5800,20.6400,21.6300,1212494,25571232.0000,3,6.062470,1,-4.580000,62.405716,3.915525,451.855835,4.618309,0
2002-10-28,sh.600577,20.4000,20.4000,19.9600,20.3200,20.6400,873151,17596470.0000,3,4.365755,1,-1.550000,61.438185,3.854820,444.850318,4.546707,0
2002-10-29,sh.600577,20.2100,20.4500,19.9800,20.4000,20.3200,376327,7614026.0000,3,1.881635,1,0.390000,61.680068,3.869996,446.601698,4.564608,0
2002-10-30,sh.600577,20.3300,20.4000,20.0900,20.1700,20.4000,268653,5418623.0000,3,1.343265,1,-1.130000,60.984655,3.826364,441.566482,4.513144,0
2002-10-31,sh.600577,20.1500,20.3200,19.6000,19.6100,20.1700,721767,14343407.0000,3,3.608835,1,-2.780000,59.291477,3.720129,429.306828,4.387841,0
2002-11-01,sh.600577,19.5200,19.9500,19.5000,19.8400,19.6100,375426,7418957.0000,3,1.877130,1,1.170000,59.986890,3.763761,434.342043,4.439305,0
2002-11-04,sh.600577,20.0600,20.1900,19.6200,20.0600,19.8400,275761,5488420.0000,3,1.378805,1,1.110000,60.652067,3.805496,439.158336,4.488531,0
2002-11-05,sh.600577,20.0800,20.9000,20.0500,20.6800,20.0600,1049729,21620893.0000,3,5.248645,1,3.090000,62.526657,3.923114,452.731525,4.627259,0
2002-11-06,sh.600577,20.6800,20.7800,20.5000,20.5400,20.6800,363600,7500721.0000,3,1.818000,1,-0.680000,62.103363,3.896555,449.666611,4.595934,0
2002-11-07,sh.600577,20.7400,20.7400,20.3200,20.4000,20.5400,254352,5206378.0000,3,1.271760,1,-0.680000,61.680068,3.869996,446.601698,4.564608,0
2002-11-08,sh.600577,20.6100,20.8000,19.6000,19.6300,20.4000,556520,11108614.0000,3,2.782600,1,-3.770000,59.351948,3.723923,429.744673,4.392316,0
2002-11-11,sh.600577,19.6100,19.8000,19.1900,19.2100,19.6300,422530,8193597.0000,3,2.112650,1,-2.140000,58.082064,3.644246,420.549932,4.298339,0
2002-11-12,sh.600577,19.0500,19.3900,18.8100,18.9000,19.2100,418350,7947377.0000,3,2.091750,1,-1.610000,57.144769,3.585438,413.763338,4.228975,0
2002-11-13,sh.600577,18.8200,19.2000,18.7300,19.1700,18.9000,340532,6457522.0000,3,1.702660,1,1.430000,57.961123,3.636658,419.674242,4.289389,0
2002-11-14,sh.600577,19.1400,20.3700,18.8200,19.3300,19.1700,1041455,20582644.0000,3,5.207275,1,0.830000,58.444888,3.667011,423.177001,4.325190,0
2002-11-15,sh.600577,19.1700,19.9700,19.0100,19.5500,19.3300,550333,10755240.0000,3,2.751665,1,1.140000,59.110065,3.708746,427.993294,4.374416,0
2002-11-18,sh.600577,19.3000,19.5800,19.1400,19.2900,19.5500,247241,4786135.0000,3,1.236205,1,-1.330000,58.323947,3.659423,422.301311,4.316239,0
2002-11-19,sh.600577,19.3000,19.5000,19.1000,19.4600,19.2900,196006,3782392.0000,3,0.980030,1,0.880000,58.837947,3.691673,426.022992,4.354278,0
2002-11-20,sh.600577,19.2100,19.3000,18.8100,18.8500,19.4600,305035,5787156.0000,3,1.525175,1,-3.130000,56.993592,3.575952,412.668726,4.217787,0
2002-11-21,sh.600577,18.8500,19.0900,18.6800,18.7100,18.8500,341156,6431061.0000,3,1.705780,1,-0.740000,56.570298,3.549393,409.603812,4.186461,0
2002-11-22,sh.600577,18.7000,19.3200,18.4300,18.8700,18.7100,466058,8788067.0000,3,2.330290,1,0.860000,57.054063,3.579746,413.106570,4.222262,0
2002-11-25,sh.600577,18.7700,19.1200,18.6000,19.0200,18.8700,194832,3689103.0000,3,0.974160,1,0.790000,57.507593,3.608202,416.390406,4.255825,0
2002-11-26,sh.600577,19.0000,19.1000,18.2500,18.2700,19.0200,412004,7657858.0000,3,2.060020,1,-3.940000,55.239943,3.465923,399.971226,4.088009,0
2002-11-27,sh.600577,18.2000,18.3000,17.7000,18.0200,18.2700,384948,6901557.0000,3,1.924740,1,-1.370000,54.484060,3.418497,394.498166,4.032070,0
2002-11-28,sh.600577,17.9100,18.6200,17.8000,18.6200,18.0200,391124,7159112.0000,3,1.955620,1,3.330000,56.298180,3.532320,407.633510,4.166323,0
2002-11-29,sh.600577,18.7800,19.3000,18.4200,18.8300,18.6200,804641,15241980.0000,3,4.023205,1,1.130000,56.933122,3.572158,412.230881,4.213312,0
2002-12-02,sh.600577,18.7500,18.7500,18.0600,18.1400,18.8300,319090,5913262.0000,3,1.595450,1,-3.660000,54.846884,3.441261,397.125235,4.058921,0
2002-12-03,sh.600577,18.0000,18.3900,17.9500,18.3200,18.1400,166251,3025139.0000,3,0.831255,1,0.990000,55.391120,3.475408,401.065838,4.099197,0
2002-12-04,sh.600577,18.3500,18.9800,18.1300,18.6800,18.3200,418571,7824042.0000,3,2.092855,1,1.970000,56.479592,3.543702,408.947045,4.179749,0
2002-12-05,sh.600577,18.5900,18.7900,18.2500,18.4800,18.6800,217114,4020093.0000,3,1.085570,1,-1.070000,55.874885,3.505761,404.568597,4.134998,0
2002-12-06,sh.600577,18.3500,18.6800,18.3500,18.4800,18.4800,134800,2496911.0000,3,0.674000,1,0.000000,55.874885,3.505761,404.568597,4.134998,0
2002-12-09,sh.600577,18.3100,18.5000,18.2600,18.3600,18.4800,79350,1455406.0000,3,0.396750,1,-0.650000,55.512061,3.482996,401.941528,4.108147,0
2002-12-10,sh.600577,18.4000,18.4500,17.9000,17.9300,18.3600,164930,2990009.0000,3,0.824650,1,-2.340000,54.211942,3.401423,392.527865,4.011932,0
2002-12-11,sh.600577,17.8100,18.1900,17.7600,18.0600,17.9300,197315,3532661.0000,3,0.986575,1,0.730000,54.605001,3.426085,395.373856,4.041020,0
2002-12-12,sh.600577,18.1400,18.4000,18.0200,18.0600,18.0600,153000,2790946.0000,3,0.765000,1,0.000000,54.605001,3.426085,395.373856,4.041020,0
2002-12-13,sh.600577,17.9000,18.2000,17.7900,18.1800,18.0600,221211,3961900.0000,3,1.106055,1,0.660000,54.967825,3.448849,398.000925,4.067871,0
2002-12-16,sh.600577,18.1800,18.4500,18.0800,18.4000,18.1800,164256,3011455.0000,3,0.821280,1,1.210000,55.633003,3.490585,402.817218,4.117097,0
2002-12-17,sh.600577,18.4000,18.7800,18.3000,18.7000,18.4000,339925,6320975.0000,3,1.699625,1,1.630000,56.540062,3.547496,409.384890,4.184224,0
2002-12-18,sh.600577,18.6000,18.9500,18.5100,18.5300,18.7000,258055,4830404.0000,3,1.290275,1,-0.910000,56.026062,3.515246,405.663209,4.146185,0
2002-12-19,sh.600577,18.4500,18.5600,18.2100,18.3900,18.5300,125001,2294251.0000,3,0.625005,1,-0.760000,55.602767,3.488688,402.598295,4.114860,0
2002-12-20,sh.600577,18.3900,18.7000,18.3000,18.6200,18.3900,127037,2350356.0000,3,0.635185,1,1.250000,56.298180,3.532320,407.633510,4.166323,0
2002-12-23,sh.600577,18.6300,18.8000,18.5500,18.6800,18.6200,206953,3872480.0000,3,1.034765,1,0.320000,56.479592,3.543702,408.947045,4.179749,0
2002-12-24,sh.600577,18.6000,18.6700,18.4300,18.6500,18.6800,132083,2451808.0000,3,0.660415,1,-0.160000,56.388886,3.538011,408.290278,4.173036,0
2002-12-25,sh.600577,18.6500,18.7500,18.3300,18.3800,18.6500,109188,2018362.0000,3,0.545940,1,-1.450000,55.572532,3.486791,402.379373,4.112622,0
2002-12-26,sh.600577,18.3000,18.3800,17.7000,17.7500,18.3800,344283,6195150.0000,3,1.721415,1,-3.430000,53.667706,3.367276,388.587261,3.971656,0
2002-12-27,sh.600577,17.7000,17.9800,17.6500,17.8000,17.7500,241095,4278193.0000,3,1.205475,1,0.280000,53.818883,3.376761,389.681873,3.982844,0
2002-12-30,sh.600577,17.7000,17.7200,17.0000,17.1100,17.8000,427634,7373100.0000,3,2.138170,1,-3.880000,51.732645,3.245864,374.576228,3.828453,0
2002-12-31,sh.600577,17.1300,17.2500,16.8000,16.8700,17.1100,219394,3737995.0000,3,1.096970,1,-1.400000,51.006997,3.200335,369.322090,3.774752,0
2003-01-02,sh.600577,16.8700,16.9700,16.4200,16.6100,16.8700,259493,4318648.0000,3,1.297465,1,-1.540000,50.220879,3.151011,363.630108,3.716575,0
2003-01-03,sh.600577,16.6000,16.7000,16.4900,16.6200,16.6100,128029,2126216.0000,3,0.640145,1,0.060000,50.251114,3.152909,363.849030,3.718813,0
2003-01-06,sh.600577,16.6300,16.6500,16.2100,16.6000,16.6200,177325,2919384.0000,3,0.886625,1,-0.120000,50.190644,3.149114,363.411185,3.714338,0
2003-01-07,sh.600577,16.6000,16.9900,16.5200,16.8100,16.6000,206330,3462599.0000,3,1.031650,1,1.270000,50.825585,3.188953,368.008556,3.761326,0
2003-01-08,sh.600577,16.7100,17.3900,16.7100,17.3400,16.8100,305781,5231714.0000,3,1.528905,1,3.150000,52.428058,3.289497,379.611443,3.879917,0
2003-01-09,sh.600577,17.3600,17.6300,17.1800,17.5100,17.3400,483900,8448327.0000,3,2.419500,1,0.980000,52.942058,3.321747,383.333124,3.917955,0
2003-01-10,sh.600577,17.5500,17.5600,17.2200,17.2200,17.5100,355841,6166377.0000,3,1.779205,1,-1.660000,52.065234,3.266732,376.984374,3.853066,0
2003-01-13,sh.600577,17.2000,17.2500,16.9500,16.9900,17.2200,197429,3364230.0000,3,0.987145,1,-1.340000,51.369821,3.223100,371.949159,3.801602,0
2003-01-14,sh.600577,17.0000,17.9300,16.9500,17.9100,16.9900,837626,14800139.0000,3,4.188130,1,5.410000,54.151471,3.397629,392.090020,4.007457,0
2003-01-15,sh.600577,17.9500,18.4100,17.7300,17.8800,17.9100,671152,12167463.0000,3,3.355760,1,-0.170000,54.060766,3.391938,391.433253,4.000744,0
2003-01-16,sh.600577,17.9100,18.5900,17.8300,18.4300,17.8800,683300,12491550.0000,3,3.416500,1,3.080000,55.723709,3.496276,403.473985,4.123810,0
2003-01-17,sh.600577,18.4000,18.4800,18.0800,18.0900,18.4300,330100,6005567.0000,3,1.650500,1,-1.840000,54.695707,3.431776,396.030623,4.047733,0
2003-01-20,sh.600577,18.0900,18.1000,17.8000,18.0100,18.0900,246732,4423550.0000,3,1.233660,1,-0.440000,54.453825,3.416599,394.279244,4.029833,0
2003-01-21,sh.600577,18.0000,18.2600,17.7100,17.7300,18.0100,211760,3798637.0000,3,1.058800,1,-1.550000,53.607236,3.363482,388.149417,3.967181,0
2003-01-22,sh.600577,17.5800,17.8000,17.5000,17.7800,17.7300,179673,3167667.0000,3,0.898365,1,0.280000,53.758412,3.372967,389.244029,3.978369,0
2003-01-23,sh.600577,17.6100,17.9000,17.5500,17.5600,17.7800,115700,2042677.0000,3,0.578500,1,-1.240000,53.093235,3.331232,384.427736,3.929143,0
2003-01-24,sh.600577,17.6000,17.8800,17.5000,17.7800,17.5600,131240,2317345.0000,3,0.656200,1,1.250000,53.758412,3.372967,389.244029,3.978369,0
2003-01-27,sh.600577,17.7700,18.0600,17.7700,17.9800,17.7800,165849,2977395.0000,3,0.829245,1,1.120000,54.363119,3.410908,393.622477,4.023120,0
2003-01-28,sh.600577,17.9800,18.7700,17.9600,18.4700,17.9800,585454,10795029.0000,3,2.927270,1,2.730000,55.844650,3.503864,404.349674,4.132760,0
2003-01-29,sh.600577,18.5800,18.8700,18.5000,18.7600,18.4700,716790,13411011.0000,3,3.583950,1,1.570000,56.721474,3.558879,410.698424,4.197649,0
2003-02-10,sh.600577,18.9000,18.9000,18.3500,18.3900,18.7600,238930,4419771.0000,3,1.194650,1,-1.970000,55.602767,3.488688,402.598295,4.114860,0
2003-02-11,sh.600577,18.3000,18.4900,18.1000,18.4000,18.3900,166787,3054390.0000,3,0.833935,1,0.050000,55.633003,3.490585,402.817218,4.117097,0
2003-02-12,sh.600577,18.4100,18.6800,18.4000,18.5900,18.4000,364736,6765473.0000,3,1.823680,1,1.030000,56.207474,3.526629,406.976743,4.159611,0
2003-02-13,sh.600577,18.6100,18.6400,18.3400,18.4300,18.5900,195180,3609740.0000,3,0.975900,1,-0.860000,55.723709,3.496276,403.473985,4.123810,0
2003-02-14,sh.600577,18.4200,18.6000,18.2600,18.4800,18.4300,317495,5859033.0000,3,1.587475,1,0.270000,55.874885,3.505761,404.568597,4.134998,0
2003-02-17,sh.600577,18.4600,18.5800,18.2100,18.2900,18.4800,212000,3900863.0000,3,1.060000,1,-1.030000,55.300414,3.469717,400.409071,4.092484,0
2003-02-18,sh.600577,18.2000,18.3800,18.1900,18.2100,18.2900,134870,2458460.0000,3,0.674350,1,-0.440000,55.058531,3.454541,398.657692,4.074584,0
2003-02-19,sh.600577,18.2100,18.3400,18.2000,18.3400,18.2100,158468,2898793.0000,3,0.792340,1,0.710000,55.451591,3.479202,401.503683,4.103672,0
2003-02-20,sh.600577,18.3600,18.4900,18.2900,18.3200,18.3400,100900,1852463.0000,3,0.504500,1,-0.110000,55.391120,3.475408,401.065838,4.099197,0
2003-02-21,sh.600577,18.3000,18.5500,18.2000,18.4000,18.3200,700239,12911459.0000,3,3.501195,1,0.440000,55.633003,3.490585,402.817218,4.117097,0
2003-02-24,sh.600577,18.4500,19.4400,18.4500,19.2000,18.4000,1743281,33344733.0000,3,8.716405,1,4.350000,58.051829,3.642349,420.331010,4.296101,0
2003-02-25,sh.600577,19.1000,19.1000,18.5100,18.8900,19.2000,1802452,33804902.0000,3,9.012260,1,-1.610000,53.135652,2.637768,10.725348,4.243128,0
2003-02-26,sh.600577,18.8400,19.0500,18.7600,19.0000,18.8900,706095,13332862.0000,3,3.530475,1,0.580000,53.445071,2.653128,10.787804,4.267836,0
2003-02-27,sh.600577,18.8000,19.2000,18.8000,18.9100,19.0000,558292,10601131.0000,3,2.791460,1,-0.470000,53.191910,2.640560,10.736704,4.247620,0
2003-02-28,sh.600577,18.9000,19.9800,18.6400,19.5700,18.9100,1638790,31753908.0000,3,8.193950,1,3.490000,55.048423,2.732722,11.111438,4.395871,0
2003-03-03,sh.600577,19.6000,19.9700,19.4000,19.6000,19.5700,1400480,27559246.0000,3,7.002400,1,0.150000,55.132810,2.736911,11.128471,4.402610,0
2003-03-04,sh.600577,19.7000,19.7400,19.4000,19.5300,19.6000,530268,10368547.0000,3,2.651340,1,-0.360000,54.935907,2.727136,11.088727,4.386886,0
2003-03-05,sh.600577,19.5500,19.5500,19.0700,19.2000,19.5300,565151,10854298.0000,3,2.825755,1,-1.690000,54.007650,2.681055,10.901360,4.312761,0
2003-03-06,sh.600577,19.1500,19.1500,18.6000,18.6600,19.2000,555733,10443695.0000,3,2.778665,1,-2.810000,52.488685,2.605651,10.594759,4.191464,0
2003-03-07,sh.600577,18.6100,19.0800,18.6000,18.8100,18.6600,544468,10287382.0000,3,2.722340,1,0.800000,52.910620,2.626597,10.679926,4.225158,0
2003-03-10,sh.600577,18.8500,19.0400,18.6500,18.8700,18.8100,409162,7702745.0000,3,2.045810,1,0.320000,53.079394,2.634975,10.713992,4.238635,0
2003-03-11,sh.600577,18.8700,19.0700,18.6800,19.0000,18.8700,341293,6462973.0000,3,1.706465,1,0.690000,53.445071,2.653128,10.787804,4.267836,0
2003-03-12,sh.600577,18.9000,19.3000,18.9000,19.3000,19.0000,456582,8743080.0000,3,2.282910,1,1.580000,54.288940,2.695019,10.958137,4.335223,0
2003-03-13,sh.600577,19.3000,19.4300,19.0000,19.0100,19.3000,270790,5209664.0000,3,1.353950,1,-1.500000,53.473200,2.654524,10.793482,4.270082,0
2003-03-14,sh.600577,19.0000,19.0200,18.7400,18.7600,19.0100,248648,4684839.0000,3,1.243240,1,-1.320000,52.769975,2.619615,10.651537,4.213927,0
2003-03-17,sh.600577,18.7500,18.8500,18.3200,18.5800,18.7600,290679,5387984.0000,3,1.453395,1,-0.960000,52.263653,2.594480,10.549336,4.173494,0
2003-03-18,sh.600577,18.6200,18.7900,18.2600,18.3000,18.5800,188303,3483494.0000,3,0.941515,1,-1.510000,51.476042,2.555381,10.390358,4.110600,0
2003-03-19,sh.600577,18.3000,18.4200,18.1300,18.1800,18.3000,192037,3500629.0000,3,0.960185,1,-0.660000,51.138494,2.538624,10.322225,4.083645,0
2003-03-20,sh.600577,18.2000,18.3900,18.0100,18.0500,18.1800,174540,3161492.0000,3,0.872700,1,-0.720000,50.772817,2.520471,10.248414,4.054444,0
2003-03-21,sh.600577,18.0600,18.2800,18.0600,18.2600,18.0500,105725,1925504.0000,3,0.528625,1,1.160000,51.363526,2.549795,10.367647,4.101615,0
2003-03-24,sh.600577,18.2800,18.3500,18.2500,18.3200,18.2600,61419,1122992.0000,3,0.307095,1,0.330000,51.532300,2.558174,10.401714,4.115093,0
2003-03-25,sh.600577,18.2600,18.2600,17.9000,17.9000,18.3200,158100,2850458.0000,3,0.790500,1,-2.290000,50.350882,2.499526,10.163247,4.020751,0
2003-03-26,sh.600577,17.8200,17.9600,17.5600,17.5800,17.9000,231870,4096055.0000,3,1.159350,1,-1.790000,49.450755,2.454841,9.981557,3.948872,0
2003-03-27,sh.600577,17.5800,18.2000,17.5200,18.1600,17.5800,188861,3375106.0000,3,0.944305,1,3.300000,51.082236,2.535832,10.310869,4.079153,0
2003-03-28,sh.600577,18.1900,18.1900,17.9000,18.0600,18.1600,211621,3819391.0000,3,1.058105,1,-0.550000,50.800946,2.521868,10.254091,4.056691,0
2003-03-31,sh.600577,17.9200,18.0000,17.7300,17.9500,18.0600,159591,2851522.0000,3,0.797955,1,-0.610000,50.491527,2.506508,10.191636,4.031982,0
2003-04-01,sh.600577,17.9500,18.1700,17.8100,18.1600,17.9500,142458,2572721.0000,3,0.712290,1,1.170000,51.082236,2.535832,10.310869,4.079153,0
2003-04-02,sh.600577,18.1300,18.2100,18.0100,18.0800,18.1600,108236,1959648.0000,3,0.541180,1,-0.440000,50.857204,2.524661,10.265447,4.061183,0
2003-04-03,sh.600577,18.0500,18.1100,17.9200,17.9800,18.0800,113700,2052935.0000,3,0.568500,1,-0.550000,50.575914,2.510697,10.208669,4.038721,0
2003-04-04,sh.600577,17.9800,18.0400,17.8600,17.9400,17.9800,196815,3527583.0000,3,0.984075,1,-0.220000,50.463398,2.505111,10.185958,4.029736,0
2003-04-07,sh.600577,17.9400,18.0000,17.7100,17.7900,17.9400,152710,2725639.0000,3,0.763550,1,-0.840000,50.041464,2.484165,10.100791,3.996042,0
2003-04-08,sh.600577,17.8000,17.8200,17.5500,17.5600,17.7900,206139,3638182.0000,3,1.030695,1,-1.290000,49.394497,2.452049,9.970202,3.944379,0
2003-04-09,sh.600577,17.5600,17.7600,17.4600,17.6400,17.5600,226150,3973515.0000,3,1.130750,1,0.460000,49.619529,2.463220,10.015624,3.962349,0
2003-04-10,sh.600577,17.6800,18.1800,17.6200,17.9300,17.6400,304707,5422333.0000,3,1.523535,1,1.640000,50.435269,2.503715,10.180280,4.027490,0
2003-04-11,sh.600577,17.9000,17.9800,17.7400,17.9800,17.9300,262781,4686626.0000,3,1.313905,1,0.280000,50.575914,2.510697,10.208669,4.038721,0
2003-04-14,sh.600577,17.9500,18.4900,17.8500,18.4800,17.9800,550601,10016974.0000,3,2.753005,1,2.780000,51.982363,2.580516,10.492559,4.151032,0
2003-04-15,sh.600577,18.5000,18.6500,18.2000,18.5700,18.4800,414908,7654585.0000,3,2.074540,1,0.490000,52.235524,2.593083,10.543659,4.171248,0
2003-04-16,sh.600577,18.6000,18.8000,18.0200,18.1000,18.5700,396160,7263571.0000,3,1.980800,1,-2.530000,50.913462,2.527453,10.276802,4.065675,0
2003-04-17,sh.600577,18.0500,18.2400,17.8100,17.9100,18.1000,284492,5112487.0000,3,1.422460,1,-1.050000,50.379011,2.500922,10.168924,4.022997,0
2003-04-18,sh.600577,17.9500,18.1000,17.7300,17.8300,17.9100,263679,4699811.0000,3,1.318395,1,-0.450000,50.153979,2.489751,10.123502,4.005027,0
2003-04-21,sh.600577,17.8300,17.8300,17.8300,17.8300,17.8300,0,0.0000,3,,0,0.000000,50.153979,2.489751,10.123502,4.005027,0
2003-04-22,sh.600577,17.3800,17.7900,17.3800,17.4500,17.8300,203527,3559452.0000,3,1.017635,1,-2.130000,49.085078,2.436688,9.907746,3.842590,0
2003-04-23,sh.600577,17.4800,17.6800,17.3900,17.4400,17.4500,161000,2813646.0000,3,0.805000,1,-0.060000,49.056949,2.435292,9.902068,3.840388,0
2003-04-24,sh.600577,17.4400,17.4400,16.8100,16.9000,17.4400,273918,4686425.0000,3,1.369590,1,-3.100000,47.537984,2.359887,9.595468,3.721476,0
2003-04-25,sh.600577,16.9000,17.0200,16.7100,16.7200,16.9000,156054,2630525.0000,3,0.780270,1,-1.070000,47.031662,2.334752,9.493267,3.681839,0
2003-04-28,sh.600577,16.6000,16.7200,16.2600,16.7200,16.7200,341833,5632420.0000,3,1.709165,1,0.000000,47.031662,2.334752,9.493267,3.681839,0
2003-04-29,sh.600577,16.7500,16.7500,16.2800,16.3000,16.7200,285154,4674939.0000,3,1.425770,1,-2.510000,45.850245,2.276104,9.254800,3.589353,0
2003-04-30,sh.600577,16.3000,16.7800,16.2800,16.5300,16.3000,239242,3929432.0000,3,1.196210,1,1.410000,46.497211,2.308221,9.385389,3.640000,0
2003-05-12,sh.600577,16.4800,16.5300,16.1100,16.1400,16.5300,224525,3660672.0000,3,1.122625,1,-2.360000,45.400181,2.253762,9.163955,3.554120,0
2003-05-13,sh.600577,16.2400,16.2400,15.1600,15.2300,16.1400,451389,6965078.0000,3,2.256945,1,-5.640000,42.840443,2.126691,8.647276,3.353733,0
2003-05-14,sh.600577,15.2000,15.6500,15.2000,15.6400,15.2300,175234,2710055.0000,3,0.876170,1,2.690000,43.993732,2.183943,8.880066,3.444017,0
2003-05-15,sh.600577,15.6800,16.2700,15.4100,16.0500,15.6400,293374,4666221.0000,3,1.466870,1,2.620000,45.147020,2.241195,9.112855,3.534302,0
2003-05-16,sh.600577,16.0800,16.1000,15.8000,15.9000,16.0500,163579,2607051.0000,3,0.817895,1,-0.930000,44.725085,2.220249,9.027688,3.501271,0
2003-05-19,sh.600577,15.9100,16.1500,15.8100,16.0900,15.9000,152193,2433288.0000,3,0.760965,1,1.190000,45.259536,2.246780,9.135566,3.543110,0
2003-05-20,sh.600577,15.8800,16.0500,15.7700,15.7800,16.0900,108400,1719144.0000,3,0.542000,1,-1.930000,44.387538,2.203492,8.959555,3.474846,0
2003-05-21,sh.600577,15.8000,16.0400,15.8000,15.9600,15.7800,80959,1288153.0000,3,0.404795,1,1.140000,44.893859,2.228627,9.061755,3.514483,0
2003-05-22,sh.600577,16.0600,16.4500,15.9100,16.3500,15.9600,185508,3012132.0000,3,0.927540,1,2.440000,45.990890,2.283086,9.283189,3.600363,0
2003-05-23,sh.600577,16.3500,16.3900,16.1400,16.2500,16.3500,106863,1738772.0000,3,0.534315,1,-0.610000,45.709600,2.269122,9.226411,3.578343,0
2003-05-26,sh.600577,16.2300,16.2300,16.0400,16.1700,16.2500,113407,1827544.0000,3,0.567035,1,-0.490000,45.484568,2.257951,9.180989,3.560726,0
2003-05-27,sh.600577,16.1500,16.2500,16.0300,16.1600,16.1700,147720,2381083.0000,3,0.738600,1,-0.060000,45.456439,2.256555,9.175311,3.558524,0
2003-05-28,sh.600577,16.1600,16.3900,16.0800,16.2300,16.1600,200585,3261639.0000,3,1.002925,1,0.430000,45.653342,2.266330,9.215055,3.573939,0
2003-05-29,sh.600577,16.1000,16.5300,16.1000,16.4200,16.2300,199969,3285652.0000,3,0.999845,1,1.170000,46.187793,2.292861,9.322934,3.615778,0
2003-05-30,sh.600577,16.4300,17.0400,16.3800,16.6000,16.4200,450380,7524213.0000,3,2.251900,1,1.100000,46.694114,2.317996,9.425134,3.655415,0
2003-06-02,sh.600577,16.7800,18.2600,16.6700,18.0000,16.6000,1777787,31620359.0000,3,8.888935,1,8.430000,50.632172,2.513490,10.220025,3.963703,0
2003-06-03,sh.600577,17.9000,18.0500,17.4000,17.5000,18.0000,846428,14938511.0000,3,4.232140,1,-2.780000,49.225723,2.443670,9.936135,3.853600,0
2003-06-04,sh.600577,17.4900,18.3000,17.3100,17.8000,17.5000,717462,12801504.0000,3,3.587310,1,1.710000,50.069593,2.485562,10.106469,3.919662,0
2003-06-05,sh.600577,17.8000,17.8800,17.2600,17.2700,17.8000,287050,5025568.0000,3,1.435250,1,-2.980000,48.578756,2.411554,9.805546,3.802953,0
2003-06-06,sh.600577,17.2000,17.9000,17.2000,17.3600,17.2700,347488,6101898.0000,3,1.737440,1,0.520000,48.831917,2.424121,9.856646,3.822771,0
2003-06-09,sh.600577,17.3000,17.3000,16.7400,17.0100,17.2600,215745,3672899.0000,3,1.078725,1,-1.450000,47.847403,2.375248,9.657923,3.745699,0
2003-06-10,sh.600577,16.9900,17.1000,16.9200,17.0300,17.0100,140900,2395587.0000,3,0.704500,1,0.120000,47.903661,2.378040,9.669279,3.750103,0
2003-06-11,sh.600577,17.0200,17.4900,17.0200,17.1500,17.0300,190396,3269069.0000,3,0.951980,1,0.700000,48.241209,2.394797,9.737412,3.776528,0
2003-06-12,sh.600577,17.1500,17.9600,17.1500,17.8700,17.1500,794847,14149735.0000,3,3.974235,1,4.200000,50.266495,2.495337,10.146213,3.935076,0
2003-06-13,sh.600577,18.0000,18.9200,18.0000,18.3800,17.8700,1468169,27290997.0000,3,7.340845,1,2.850000,51.701074,2.566552,10.435781,4.047381,0
2003-06-16,sh.600577,18.3800,18.6800,17.8000,18.4000,18.3800,619796,11384736.0000,3,3.098980,1,0.110000,51.757332,2.569345,10.447136,4.051785,0
2003-06-17,sh.600577,18.3000,18.4500,18.0100,18.1800,18.4000,278932,5073574.0000,3,1.394660,1,-1.200000,51.138494,2.538624,10.322225,4.003340,0
2003-06-18,sh.600577,18.0100,18.2000,17.8100,17.8700,18.1800,305950,5505689.0000,3,1.529750,1,-1.710000,50.266495,2.495337,10.146213,3.935076,0
2003-06-19,sh.600577,17.8000,17.9900,17.4000,17.6500,17.8700,308488,5432655.0000,3,1.542440,1,-1.230000,49.647658,2.464616,10.021302,3.886631,0
2003-06-20,sh.600577,17.5500,17.7900,17.3600,17.4600,17.6500,119749,2102799.0000,3,0.598745,1,-1.080000,49.113207,2.438085,9.913424,3.844792,0
2003-06-23,sh.600577,17.4000,17.5800,17.3000,17.5400,17.4600,121240,2112909.0000,3,0.606200,1,0.460000,49.338239,2.449256,9.958846,3.862408,0
2003-06-24,sh.600577,17.5000,17.5700,17.3700,17.4000,17.5400,86608,1511296.0000,3,0.433040,1,-0.800000,48.944433,2.429707,9.879357,3.831579,0
2003-06-25,sh.600577,17.3100,17.4000,16.9000,16.9100,17.4000,227600,3892855.0000,3,1.138000,1,-2.820000,47.566113,2.361284,9.601145,3.723678,0
2003-06-26,sh.600577,16.8000,16.9500,16.4500,16.8400,16.9100,248940,4155518.0000,3,1.244700,1,-0.410000,47.369210,2.351509,9.561401,3.708264,0
2003-06-27,sh.600577,16.8400,17.1000,16.5600,16.5800,16.8400,170550,2858369.0000,3,0.852750,1,-1.540000,46.637856,2.315203,9.413778,3.651011,0
2003-06-30,sh.600577,16.4000,16.7400,16.3000,16.4700,16.5800,79065,1304308.0000,3,0.395325,1,-0.660000,46.328438,2.299843,9.351322,3.626788,0
2003-07-01,sh.600577,16.5000,16.7900,16.5000,16.6200,16.4700,101400,1688038.0000,3,0.507000,1,0.910000,46.750372,2.320789,9.436489,3.659819,0
2003-07-02,sh.600577,16.6000,16.8700,16.4000,16.6400,16.6200,100211,1664295.0000,3,0.501055,1,0.120000,46.806630,2.323581,9.447845,3.664223,0
2003-07-03,sh.600577,16.6500,16.8000,16.6000,16.7700,16.6400,65450,1091692.0000,3,0.327250,1,0.780000,47.172307,2.341734,9.521656,3.692850,0
2003-07-04,sh.600577,16.7500,16.7900,16.5600,16.7100,16.7700,59830,999124.0000,3,0.299150,1,-0.360000,47.003533,2.333356,9.487589,3.679637,0
2003-07-07,sh.600577,16.7500,16.7500,16.5100,16.7000,16.7100,78289,1299865.0000,3,0.391445,1,-0.060000,46.975404,2.331960,9.481912,3.677435,0
2003-07-08,sh.600577,16.5300,17.0500,16.5300,17.0200,16.7000,141833,2401973.0000,3,0.709165,1,1.920000,47.875532,2.376644,9.663601,3.747901,0
2003-07-09,sh.600577,17.0100,17.0100,16.8400,16.8500,17.0200,55627,938402.0000,3,0.278135,1,-1.000000,47.397339,2.352905,9.567079,3.710466,0
2003-07-10,sh.600577,16.8500,17.3600,16.7100,17.2900,16.8500,212098,3616738.0000,3,1.060490,1,2.610000,48.635014,2.414346,9.816901,3.807357,0
2003-07-11,sh.600577,17.0600,17.2000,16.8900,16.9900,17.2900,133739,2274613.0000,3,0.668695,1,-1.740000,47.791145,2.372455,9.646568,3.741295,0
2003-07-14,sh.600577,16.9500,17.1000,16.6100,16.7000,16.9900,78200,1316346.0000,3,0.391000,1,-1.710000,46.975404,2.331960,9.481912,3.677435,0
2003-07-15,sh.600577,16.7000,16.8000,16.6000,16.6500,16.7000,80100,1336458.0000,3,0.400500,1,-0.300000,46.834759,2.324978,9.453523,3.666425,0
2003-07-16,sh.600577,16.6000,16.6800,16.5300,16.6000,16.6500,101220,1679135.0000,3,0.506100,1,-0.300000,46.694114,2.317996,9.425134,3.655415,0
2003-07-17,sh.600577,16.5500,16.5500,16.3700,16.4100,16.6000,207083,3409541.0000,3,1.035415,1,-1.140000,46.159664,2.291465,9.317256,3.613576,0
2003-07-18,sh.600577,16.3800,16.9100,16.3200,16.3400,16.4100,150599,2484505.0000,3,0.752995,1,-0.430000,45.962761,2.281690,9.277511,3.598161,0
2003-07-21,sh.600577,16.3200,16.3600,16.0000,16.0700,16.3400,158229,2551699.0000,3,0.791145,1,-1.650000,45.203278,2.243988,9.124211,3.538706,0
2003-07-22,sh.600577,16.2000,16.2500,16.0000,16.1500,16.0700,106736,1715350.0000,3,0.533680,1,0.500000,45.428310,2.255159,9.169633,3.556322,0
2003-07-23,sh.600577,16.1300,16.3000,16.1300,16.2400,16.1500,34180,554209.0000,3,0.170900,1,0.560000,45.681471,2.267726,9.220733,3.576141,0
2003-07-24,sh.600577,16.2500,16.4000,16.2400,16.2600,16.2400,35600,579248.0000,3,0.178000,1,0.120000,45.737729,2.270519,9.232089,3.580545,0
2003-07-25,sh.600577,16.3000,16.3000,15.9000,15.9900,16.2600,98631,1585017.0000,3,0.493155,1,-1.660000,44.978246,2.232817,9.078788,3.521089,0
2003-07-28,sh.600577,15.8800,15.8800,15.7000,15.7600,15.9900,71300,1126880.0000,3,0.356500,1,-1.440000,44.331280,2.200700,8.948199,3.470442,0
2003-07-29,sh.600577,15.7000,15.9800,15.7000,15.9300,15.7600,35980,567767.0000,3,0.179900,1,1.080000,44.809472,2.224438,9.044722,3.507877,0
2003-07-30,sh.600577,15.8000,15.9000,15.7500,15.8500,15.9300,39582,624865.0000,3,0.197910,1,-0.500000,44.584441,2.213267,8.999299,3.490260,0
2003-07-31,sh.600577,15.7300,16.0000,15.7300,16.0000,15.8500,45200,721978.0000,3,0.226000,1,0.950000,45.006375,2.234213,9.084466,3.523291,0
2003-08-01,sh.600577,16.0000,16.0700,15.8100,15.9300,16.0000,50324,801092.0000,3,0.251620,1,-0.440000,44.809472,2.224438,9.044722,3.507877,0
2003-08-04,sh.600577,16.0000,16.2800,16.0000,16.2700,15.9300,77433,1252006.0000,3,0.387165,1,2.130000,45.765858,2.271915,9.237767,3.582747,0
2003-08-05,sh.600577,16.2200,16.3500,16.2200,16.2700,16.2700,21300,346351.0000,3,0.106500,1,0.000000,45.765858,2.271915,9.237767,3.582747,0
2003-08-06,sh.600577,16.2200,16.2500,16.1100,16.1200,16.2700,50000,808871.0000,3,0.250000,1,-0.920000,45.343923,2.250969,9.152600,3.549716,0
2003-08-07,sh.600577,16.0900,16.2400,16.0300,16.1600,16.1200,56191,905561.0000,3,0.280955,1,0.250000,45.456439,2.256555,9.175311,3.558524,0
2003-08-08,sh.600577,16.1000,16.3500,15.8300,15.8600,16.1600,71348,1140889.0000,3,0.356740,1,-1.860000,44.612570,2.214664,9.004977,3.492462,0
2003-08-11,sh.600577,15.9000,15.9200,15.7800,15.8600,15.8600,54247,858411.0000,3,0.271235,1,0.000000,44.612570,2.214664,9.004977,3.492462,0
2003-08-12,sh.600577,15.8200,16.0000,15.8000,15.8600,15.8600,30300,480595.0000,3,0.151500,1,0.000000,44.612570,2.214664,9.004977,3.492462,0
2003-08-13,sh.600577,15.8500,16.1500,15.8500,15.9500,15.8600,70290,1122140.0000,3,0.351450,1,0.570000,44.865730,2.227231,9.056077,3.512281,0
2003-08-14,sh.600577,15.8000,16.0000,15.8000,16.0000,15.9500,58757,934487.0000,3,0.293785,1,0.310000,45.006375,2.234213,9.084466,3.523291,0
2003-08-15,sh.600577,15.9200,16.0000,15.8600,15.8600,16.0000,34050,542463.0000,3,0.170250,1,-0.880000,44.612570,2.214664,9.004977,3.492462,0
2003-08-18,sh.600577,15.8300,15.9400,15.6000,15.7000,15.8600,33900,534526.0000,3,0.169500,1,-1.010000,44.162506,2.192321,8.914133,3.457230,0
2003-08-19,sh.600577,15.7000,15.8500,15.6700,15.7700,15.7000,25129,395837.0000,3,0.125645,1,0.450000,44.359409,2.202096,8.953877,3.472644,0
2003-08-20,sh.600577,15.7600,15.9500,15.3500,15.5500,15.7700,154426,2407007.0000,3,0.772130,1,-1.400000,43.740571,2.171376,8.828966,3.424199,0
2003-08-21,sh.600577,15.5500,15.8500,15.5000,15.7000,15.5500,80631,1262976.0000,3,0.403155,1,0.960000,44.162506,2.192321,8.914133,3.457230,0
2003-08-22,sh.600577,15.7000,15.9000,15.7000,15.8800,15.7000,51769,818115.0000,3,0.258845,1,1.150000,44.668827,2.217456,9.016333,3.496867,0
2003-08-25,sh.600577,15.9100,16.1200,15.7100,16.0900,15.8800,188315,3002870.0000,3,0.941575,1,1.320000,45.259536,2.246780,9.135566,3.543110,0
2003-08-26,sh.600577,16.5000,17.7000,16.5000,17.7000,16.0900,1160014,20290064.0000,3,5.800070,1,10.010000,48.430298,2.053106,8.823682,3.767330,0
2003-08-27,sh.600577,18.0000,19.2500,18.0000,18.5200,17.7000,3272230,60530797.0000,3,16.361150,1,4.630000,50.673961,2.148221,9.232463,3.941862,0
2003-08-28,sh.600577,18.4900,18.5500,18.1100,18.2200,18.5200,960236,17583978.0000,3,4.801180,1,-1.620000,49.853109,2.113423,9.082909,3.878009,0
2003-08-29,sh.600577,18.1800,18.7600,18.1000,18.5400,18.2200,1115101,20596393.0000,3,5.575505,1,1.760000,50.728685,2.150541,9.242433,3.946119,0
2003-09-01,sh.600577,18.5000,19.0000,18.2700,18.8600,18.5400,1137031,21213901.0000,3,5.685155,1,1.730000,51.604261,2.187660,9.401958,4.014229,0
2003-09-02,sh.600577,18.8400,19.4800,18.5500,18.7000,18.8600,1465697,27853342.0000,3,7.328485,1,-0.850000,51.166473,2.169100,9.322195,3.980174,0
2003-09-03,sh.600577,18.6200,18.6500,18.3500,18.3900,18.7000,702149,12949870.0000,3,3.510745,1,-1.660000,50.318259,2.133142,9.167656,3.914192,0
2003-09-04,sh.600577,18.3600,18.8000,18.2400,18.3100,18.3900,402026,7394069.0000,3,2.010130,1,-0.440000,50.099365,2.123862,9.127775,3.897165,0
2003-09-05,sh.600577,18.3000,18.4800,18.0300,18.1100,18.3100,497460,9063539.0000,3,2.487300,1,-1.090000,49.552130,2.100663,9.028073,3.854596,0
2003-09-08,sh.600577,18.1000,18.6300,18.0200,18.3700,18.1100,321803,5883081.0000,3,1.609015,1,1.440000,50.263535,2.130822,9.157686,3.909935,0
2003-09-09,sh.600577,18.5000,18.5000,17.7200,17.7900,18.3700,380380,6827077.0000,3,1.901900,1,-3.160000,48.676554,2.063545,8.868549,3.786486,0
2003-09-10,sh.600577,17.7500,18.0400,17.6800,17.9500,17.7900,310081,5524459.0000,3,1.550405,1,0.900000,49.114342,2.082104,8.948311,3.820541,0
2003-09-11,sh.600577,17.9000,18.0500,17.7600,17.9100,17.9500,137377,2455812.0000,3,0.686885,1,-0.220000,49.004895,2.077465,8.928370,3.812027,0
2003-09-12,sh.600577,17.9100,17.9600,17.6800,17.7900,17.9100,235301,4182888.0000,3,1.176505,1,-0.670000,48.676554,2.063545,8.868549,3.786486,0
2003-09-15,sh.600577,17.7600,18.0700,17.7500,17.9000,17.7900,193523,3461725.0000,3,0.967615,1,0.620000,48.977533,2.076305,8.923385,3.809899,0
2003-09-16,sh.600577,17.9000,18.7800,17.9000,18.4000,17.9000,571859,10553563.0000,3,2.859295,1,2.790000,50.345620,2.134302,9.172642,3.916321,0
2003-09-17,sh.600577,18.3700,18.4000,18.0000,18.2400,18.4000,246118,4463465.0000,3,1.230590,1,-0.870000,49.907832,2.115743,9.092879,3.882266,0
2003-09-18,sh.600577,18.3800,18.4300,17.2100,17.2500,18.2400,585352,10252150.0000,3,2.926760,1,-5.430000,47.199019,2.000908,8.599351,3.671550,0
2003-09-19,sh.600577,17.1600,17.4500,16.5000,16.7300,17.2500,484191,8166378.0000,3,2.420955,1,-3.010000,45.776208,1.940591,8.340125,3.560872,0
2003-09-22,sh.600577,16.7000,16.8900,16.5600,16.6200,16.7300,246140,4102102.0000,3,1.230700,1,-0.660000,45.475229,1.927831,8.285288,3.537459,0
2003-09-23,sh.600577,16.6200,16.9500,16.6000,16.8500,16.6200,184785,3087864.0000,3,0.923925,1,1.380000,46.104549,1.954510,8.399946,3.586413,0
2003-09-24,sh.600577,16.8000,16.9500,16.6700,16.8700,16.8500,120929,2031293.0000,3,0.604645,1,0.120000,46.159273,1.956830,8.409916,3.590670,0
2003-09-25,sh.600577,16.8300,17.4500,16.7900,17.1600,16.8700,431738,7442460.0000,3,2.158690,1,1.720000,46.952763,1.990469,8.554485,3.652395,0
2003-09-26,sh.600577,17.1100,17.2500,16.6500,16.8100,17.1600,249109,4200532.0000,3,1.245545,1,-2.040000,45.995102,1.949870,8.380006,3.577899,0
2003-09-29,sh.600577,16.8100,16.8100,16.8100,16.8100,16.8100,0,0.0000,3,,0,0.000000,45.995102,1.949870,8.380006,3.577899,0
2003-09-30,sh.600577,16.4800,16.5400,15.9900,16.3300,16.8100,274108,4459675.0000,3,1.370540,1,-2.860000,44.681738,1.894193,8.140719,3.475734,0
2003-10-08,sh.600577,16.2600,16.2600,16.0200,16.1500,16.3300,141022,2270723.0000,3,0.705110,1,-1.100000,44.189227,1.873314,8.050987,3.437423,0
2003-10-09,sh.600577,16.1500,16.3800,16.0800,16.1200,16.1500,79800,1290928.0000,3,0.399000,1,-0.190000,44.107141,1.869834,8.036032,3.431037,0
2003-10-10,sh.600577,16.0300,16.6400,16.0000,16.5000,16.1200,202949,3299464.0000,3,1.014745,1,2.360000,45.146888,1.913912,8.225467,3.511918,0
2003-10-13,sh.600577,16.4000,16.7600,16.3100,16.7300,16.5000,201462,3348645.0000,3,1.007310,1,1.390000,45.776208,1.940591,8.340125,3.560872,0
2003-10-14,sh.600577,16.8500,17.1400,16.7300,16.7500,16.7300,314238,5314556.0000,3,1.571190,1,0.120000,45.830932,1.942911,8.350095,3.565129,0
2003-10-15,sh.600577,16.8000,16.9000,16.4400,16.4600,16.7500,220087,3649521.0000,3,1.100435,1,-1.730000,45.037441,1.909272,8.205526,3.503404,0
2003-10-16,sh.600577,16.5000,16.6000,16.2000,16.2500,16.4600,183273,3003669.0000,3,0.916365,1,-1.280000,44.462844,1.884913,8.100838,3.458707,0
2003-10-17,sh.600577,16.2500,16.2500,15.9100,15.9500,16.2500,385150,6200070.0000,3,1.925750,1,-1.850000,43.641992,1.850115,7.951284,3.394854,0
2003-10-20,sh.600577,8.8000,8.8600,8.3100,8.4200,8.8600,249849,2124745.0000,3,0.694025,1,-4.970000,41.469469,1.758015,7.555465,3.225856,0
2003-10-21,sh.600577,8.4000,8.4000,8.1000,8.2200,8.4200,410939,3371565.0000,3,1.141497,1,-2.380000,40.484446,1.716257,7.376000,3.149233,0
2003-10-22,sh.600577,8.2600,8.4000,8.1600,8.3500,8.2200,467615,3887536.0000,3,1.298931,1,1.580000,41.124711,1.743400,7.492652,3.199038,0
2003-10-23,sh.600577,8.3500,8.3800,8.0400,8.0700,8.3500,399203,3261198.0000,3,1.108897,1,-3.350000,39.745678,1.684939,7.241402,3.091765,0
2003-10-24,sh.600577,8.0700,8.0700,7.7200,7.7600,8.0700,615825,4806368.0000,3,1.710625,1,-3.840000,38.218893,1.620214,6.963231,2.972998,0
2003-10-27,sh.600577,7.8000,7.8000,7.5100,7.5800,7.7600,268082,2042708.0000,3,0.744672,1,-2.320000,37.332372,1.582631,6.801713,2.904037,0
2003-10-28,sh.600577,7.5000,7.5700,7.3500,7.3900,7.5800,341624,2536145.0000,3,0.948956,1,-2.510000,36.396600,1.542961,6.631222,2.831244,0
2003-10-29,sh.600577,7.5700,7.8000,7.2600,7.7400,7.3900,527576,3993575.0000,3,1.465489,1,4.740000,34.731355,1.369446,6.945285,2.912316,0
2003-10-30,sh.600577,7.6500,7.7000,7.4700,7.5500,7.7400,267783,2020818.0000,3,0.743842,1,-2.450000,33.878777,1.335829,6.774793,2.840825,0
2003-10-31,sh.600577,7.5200,7.7400,7.4500,7.5700,7.5500,220945,1675735.0000,3,0.613736,1,0.260000,33.968522,1.339368,6.792740,2.848350,0
2003-11-03,sh.600577,7.5100,7.5600,7.4100,7.5200,7.5700,144750,1086025.0000,3,0.402083,1,-0.660000,33.744159,1.330521,6.747874,2.829537,0
2003-11-04,sh.600577,7.5200,7.7400,7.5200,7.6100,7.5200,414773,3165859.0000,3,1.152147,1,1.200000,34.148012,1.346445,6.828633,2.863401,0
2003-11-05,sh.600577,7.6100,7.7200,7.4000,7.4200,7.6100,306469,2324061.0000,3,0.851303,1,-2.500000,33.295434,1.312828,6.658141,2.791910,0
2003-11-06,sh.600577,7.4000,7.4200,6.8900,6.9100,7.4200,791438,5609330.0000,3,2.198439,1,-6.870000,31.006933,1.222593,6.200506,2.600013,0
2003-11-07,sh.600577,6.9000,7.1500,6.9000,7.0900,6.9100,455125,3187179.0000,3,1.264236,1,2.600000,31.814639,1.254441,6.362025,2.667742,0
2003-11-10,sh.600577,7.0000,7.1200,6.9200,7.0300,7.0900,175231,1226861.0000,3,0.486753,1,-0.850000,31.545404,1.243825,6.308185,2.645166,0
2003-11-11,sh.600577,7.0600,7.0900,6.9200,6.9800,7.0300,150851,1051195.0000,3,0.419031,1,-0.710000,31.321041,1.234979,6.263319,2.626352,0
2003-11-12,sh.600577,6.9800,6.9800,6.8200,6.8200,6.9800,226220,1554996.0000,3,0.628389,1,-2.290000,30.603080,1.206670,6.119747,2.566149,0
2003-11-13,sh.600577,6.8000,6.9400,6.7600,6.8300,6.8200,144380,988173.0000,3,0.401056,1,0.150000,30.647953,1.208439,6.128720,2.569912,0
2003-11-14,sh.600577,6.8300,6.9900,6.8300,6.9600,6.8300,153431,1064678.0000,3,0.426197,1,1.900000,31.231296,1.231440,6.245372,2.618827,0
2003-11-17,sh.600577,6.9800,7.0400,6.9600,6.9700,6.9600,79320,555250.0000,3,0.220333,1,0.143675,31.276169,1.233209,6.254346,2.622590,0
2003-11-18,sh.600577,6.9100,7.0700,6.8500,6.9700,6.9700,124949,875974.0000,3,0.347081,1,0.000000,31.276169,1.233209,6.254346,2.622590,0
2003-11-19,sh.600577,7.0000,7.1500,6.9700,7.0900,6.9700,203003,1440564.0000,3,0.563897,1,1.720000,31.814639,1.254441,6.362025,2.667742,0
2003-11-20,sh.600577,7.0800,7.5700,7.0500,7.4800,7.0900,617401,4574071.0000,3,1.715003,1,5.500000,33.564669,1.323444,6.711981,2.814486,0
2003-11-21,sh.600577,7.5600,8.1800,7.4500,7.6700,7.4800,1331692,10342175.0000,3,3.699144,1,2.540000,34.417247,1.357061,6.882472,2.885977,0
2003-11-24,sh.600577,7.6100,7.9100,7.6100,7.8500,7.6700,505182,3918197.0000,3,1.403283,1,2.350000,35.224953,1.388909,7.043990,2.953706,0
2003-11-25,sh.600577,7.9000,7.9500,7.7100,7.7600,7.8500,646537,5068045.0000,3,1.795936,1,-1.150000,34.821100,1.372985,6.963231,2.919841,0
2003-11-26,sh.600577,7.7100,7.8300,7.6900,7.7300,7.7600,361331,2798571.0000,3,1.003697,1,-0.390000,34.686483,1.367677,6.936312,2.908553,0
2003-11-27,sh.600577,7.7600,8.1300,7.7000,7.7600,7.7300,803722,6358342.0000,3,2.232561,1,0.390000,34.821100,1.372985,6.963231,2.919841,0
2003-11-28,sh.600577,7.7000,7.8900,7.6500,7.7300,7.7600,313460,2429824.0000,3,0.870722,1,-0.390000,34.686483,1.367677,6.936312,2.908553,0
2003-12-01,sh.600577,7.7300,7.7300,7.7300,7.7300,7.7300,0,0.0000,3,,0,0.000000,34.686483,1.367677,6.936312,2.908553,0
2003-12-02,sh.600577,7.8800,8.1400,7.7800,7.7900,7.7300,764866,6052964.0000,3,2.124628,1,0.780000,34.955718,1.378293,6.990151,2.931129,0
2003-12-03,sh.600577,7.7500,7.9600,7.6600,7.9000,7.7900,893803,6976068.0000,3,2.482786,1,1.410000,35.449316,1.397755,7.088857,2.972519,0
2003-12-04,sh.600577,7.9600,7.9600,7.7200,7.7700,7.9000,452656,3519794.0000,3,1.257378,1,-1.650000,34.865973,1.374754,6.972205,2.923604,0
2003-12-05,sh.600577,7.7900,7.8700,7.7100,7.8100,7.7700,299902,2329687.0000,3,0.833061,1,0.510000,35.045463,1.381831,7.008098,2.938655,0
2003-12-08,sh.600577,7.8200,7.8300,7.5100,7.5500,7.8100,351560,2687639.0000,3,0.976556,1,-3.330000,33.878777,1.335829,6.774793,2.840825,0
2003-12-09,sh.600577,7.5100,7.5500,7.4500,7.5500,7.5500,232226,1738566.0000,3,0.645072,1,0.000000,33.878777,1.335829,6.774793,2.840825,0
2003-12-10,sh.600577,7.5500,7.6600,7.4200,7.6600,7.5500,745028,5591597.0000,3,2.069522,1,1.460000,34.372375,1.355292,6.873499,2.882215,0
2003-12-11,sh.600577,7.6600,7.6900,7.5200,7.5800,7.6600,363412,2757224.0000,3,1.009478,1,-1.040000,34.013394,1.341137,6.801713,2.852113,0
2003-12-12,sh.600577,7.6500,7.6500,7.5200,7.6100,7.5800,271330,2059381.0000,3,0.753694,1,0.400000,34.148012,1.346445,6.828633,2.863401,0
2003-12-15,sh.600577,7.6500,7.6500,7.5800,7.6500,7.6100,209001,1591598.0000,3,0.580558,1,0.530000,34.327502,1.353522,6.864526,2.878452,0
2003-12-16,sh.600577,7.6500,7.6500,7.4200,7.4500,7.6500,279608,2087506.0000,3,0.776689,1,-2.610000,33.430051,1.318136,6.685061,2.803198,0
2003-12-17,sh.600577,7.4500,7.5100,7.3800,7.3800,7.4500,282060,2099207.0000,3,0.783500,1,-0.940000,33.115943,1.305751,6.622248,2.776859,0
2003-12-18,sh.600577,7.3800,7.4000,7.1400,7.1900,7.3800,344334,2483487.0000,3,0.956483,1,-2.570000,32.263365,1.272134,6.451757,2.705369,0
2003-12-19,sh.600577,7.1900,7.3700,6.7600,6.8500,7.1900,646274,4493573.0000,3,1.795206,1,-4.730000,30.737698,1.211978,6.146667,2.577437,0
2003-12-22,sh.600577,6.8500,7.1500,6.8100,7.1200,6.8500,420038,2925289.0000,3,1.166772,1,3.940000,31.949257,1.259749,6.388944,2.679030,0
2003-12-23,sh.600577,7.1000,7.1900,7.0100,7.1800,7.1200,473170,3359942.0000,3,1.314361,1,0.840000,32.218492,1.270365,6.442784,2.701606,0
2003-12-24,sh.600577,7.1600,7.2300,7.1000,7.1900,7.1800,248157,1776763.0000,3,0.689325,1,0.140000,32.263365,1.272134,6.451757,2.705369,0
2003-12-25,sh.600577,7.2000,7.2200,7.0800,7.1300,7.1900,301830,2150279.0000,3,0.838417,1,-0.830000,31.994130,1.261518,6.397917,2.682792,0
2003-12-26,sh.600577,7.2200,7.3700,7.0000,7.3500,7.1300,539293,3917728.0000,3,1.498036,1,3.090000,32.981326,1.300443,6.595329,2.765571,0
2003-12-29,sh.600577,7.3000,7.3200,7.1800,7.2100,7.3500,323702,2342005.0000,3,0.899172,1,-1.900000,32.353110,1.275673,6.469703,2.712894,0
2003-12-30,sh.600577,7.1800,7.1900,7.1000,7.1800,7.2100,259232,1850719.0000,3,0.720089,1,-0.420000,32.218492,1.270365,6.442784,2.701606,0
2003-12-31,sh.600577,7.2100,7.2100,7.0500,7.0600,7.1800,246064,1745772.0000,3,0.683511,1,-1.670000,31.680022,1.249133,6.335105,2.656454,0
2004-01-02,sh.600577,7.1200,7.2000,7.1100,7.1400,7.0600,244656,1750663.0000,3,0.679600,1,1.130000,32.039002,1.263288,6.406891,2.686555,0
2004-01-05,sh.600577,7.2000,7.3700,7.1300,7.2300,7.1400,405225,2922839.0000,3,1.125625,1,1.260000,32.442855,1.279211,6.487650,2.720419,0
2004-01-06,sh.600577,7.2000,7.2500,7.1000,7.2200,7.2300,523909,3750691.0000,3,1.455303,1,-0.140000,32.397983,1.277442,6.478677,2.716657,0
2004-01-07,sh.600577,7.2000,7.3500,7.1300,7.2900,7.2200,492898,3576082.0000,3,1.369161,1,0.970000,32.712090,1.289827,6.541489,2.742995,0
2004-01-08,sh.600577,7.3500,8.0200,7.3100,8.0200,7.2900,1144702,9012555.0000,3,3.179728,1,10.010000,35.987787,1.418987,7.196536,3.017671,0
2004-01-09,sh.600577,8.2500,8.6600,8.0200,8.1100,8.0200,3928223,33069826.0000,3,10.911731,1,1.120000,36.391640,1.434911,7.277295,3.051535,0
2004-01-12,sh.600577,8.0500,8.2400,7.8900,8.1400,8.1100,1058538,8518646.0000,3,2.940383,1,0.370000,36.526257,1.440219,7.304214,3.062823,0
2004-01-13,sh.600577,8.2000,8.9500,8.0500,8.9500,8.1400,2479365,21371790.0000,3,6.887125,1,9.950000,40.160934,1.583533,8.031046,3.367601,0
2004-01-14,sh.600577,9.0200,9.8400,8.8000,9.4000,8.9500,4039905,37928743.0000,3,11.221958,1,5.030000,42.180199,1.663152,8.434842,3.536921,0
2004-01-15,sh.600577,9.3800,10.0600,9.1300,9.3600,9.4000,3142236,30310640.0000,3,8.728433,1,-0.430000,42.000709,1.656074,8.398949,3.521871,0
2004-01-16,sh.600577,9.3600,9.6400,9.1200,9.4000,9.3600,1369146,12832025.0000,3,3.803183,1,0.430000,42.180199,1.663152,8.434842,3.536921,0
2004-01-29,sh.600577,9.4200,9.9000,9.4200,9.7500,9.4000,1185847,11543058.0000,3,3.294019,1,3.720000,43.750738,1.725078,8.748905,3.668615,0
2004-01-30,sh.600577,9.8800,9.9000,8.7800,8.9100,9.7500,1628228,14886277.0000,3,4.522856,1,-8.620000,39.981444,1.576455,7.995154,3.352550,0
2004-02-02,sh.600577,8.9000,9.2800,8.6000,9.1000,8.9100,2110835,18773566.0000,3,5.863431,1,2.130000,40.834022,1.610072,8.165645,3.424041,0
2004-02-03,sh.600577,9.4700,9.4700,8.8100,9.0700,9.1000,1101957,9828611.0000,3,3.060992,1,-0.330000,40.854243,1.408367,21.675518,3.369140,0
2004-02-04,sh.600577,9.0800,9.9800,8.9000,9.9100,9.0700,4408553,42229313.0000,3,12.245981,1,9.260000,44.637878,1.538800,23.682953,3.681166,0
2004-02-05,sh.600577,9.9100,10.8000,9.9100,10.4400,9.9100,4976655,51595621.0000,3,13.824042,1,5.350000,47.025171,1.621097,24.949548,3.878040,0
2004-02-06,sh.600577,10.2900,10.5500,9.9400,9.9600,10.4400,2481251,25262042.0000,3,6.892364,1,-4.600000,44.863094,1.546564,23.802443,3.699739,0
2004-02-09,sh.600577,10.1800,10.3000,9.9100,10.1700,9.9600,1312750,13235784.0000,3,3.646528,1,2.110000,45.809003,1.579172,24.304302,3.777746,0
2004-02-10,sh.600577,10.2000,10.4800,10.0200,10.1100,10.1700,1240656,12646108.0000,3,3.446267,1,-0.590000,45.538743,1.569855,24.160913,3.755458,0
2004-02-11,sh.600577,10.2000,10.2000,9.8900,10.0500,10.1100,951617,9488028.0000,3,2.643381,1,-0.590000,45.268484,1.560539,24.017525,3.733171,0
2004-02-12,sh.600577,10.1000,10.3500,9.9600,10.1000,10.0500,1365279,13886234.0000,3,3.792442,1,0.500000,45.493700,1.568302,24.137015,3.751744,0
2004-02-13,sh.600577,10.1900,11.1100,10.1900,11.1100,10.1000,6125434,66142982.0000,3,17.015094,1,10.000000,50.043070,1.725133,26.550717,4.126918,0
2004-02-16,sh.600577,11.2300,11.3900,10.8000,11.1100,11.1100,4745770,52410104.0000,3,13.182694,1,0.000000,50.043070,1.725133,26.550717,4.126918,0
2004-02-17,sh.600577,11.1200,11.3500,10.9500,11.2800,11.1100,3145821,35281322.0000,3,8.738392,1,1.530000,50.808805,1.751530,26.956983,4.190066,0
2004-02-18,sh.600577,11.3000,11.3200,11.0200,11.1700,11.2800,1929285,21460748.0000,3,5.359125,1,-0.980000,50.313329,1.734449,26.694105,4.149206,0
2004-02-19,sh.600577,11.1100,11.4800,10.9000,11.3800,11.1700,2405945,26902989.0000,3,6.683181,1,1.880000,51.259238,1.767058,27.195964,4.227212,0
2004-02-20,sh.600577,11.3800,11.4000,11.1000,11.2400,11.3800,1313974,14721569.0000,3,3.649928,1,-1.230000,50.628632,1.745319,26.861391,4.175208,0
2004-02-23,sh.600577,11.2000,11.3500,10.7000,10.7600,11.2400,1885680,20746848.0000,3,5.238000,1,-4.270000,48.466556,1.670786,25.714286,3.996907,0
2004-02-24,sh.600577,10.7000,11.3000,9.9800,11.2300,10.7600,3854796,41198752.0000,3,10.707767,1,4.370000,50.583589,1.743766,26.837493,4.171493,0
2004-02-25,sh.600577,11.2500,11.6200,10.6000,10.7200,11.2300,5481015,62230198.0000,3,15.225042,1,-4.540000,48.286382,1.664574,25.618693,3.982049,0
2004-02-26,sh.600577,10.6000,10.7400,10.2100,10.4400,10.7200,1632447,17099653.0000,3,4.534575,1,-2.610000,47.025171,1.621097,24.949548,3.878040,0
2004-02-27,sh.600577,10.6000,10.8900,10.4000,10.8500,10.4400,1311514,14007677.0000,3,3.643094,1,3.930000,48.871945,1.684761,25.929368,4.030338,0
2004-03-01,sh.600577,10.9000,11.3300,10.9000,11.1900,10.8500,2184931,24327859.0000,3,6.069253,1,3.130000,50.403416,1.737555,26.741901,4.156635,0
2004-03-02,sh.600577,11.1900,11.1900,10.8500,10.9200,11.1900,1135190,12427524.0000,3,3.153306,1,-2.410000,49.187248,1.695630,26.096654,4.056341,0
2004-03-03,sh.600577,10.9000,10.9000,10.4500,10.4900,10.9200,1078022,11438687.0000,3,2.994506,1,-3.940000,47.250387,1.628861,25.069039,3.896613,0
2004-03-04,sh.600577,10.4500,11.0000,10.4500,10.9800,10.4900,1416166,15283237.0000,3,3.933794,1,4.670000,49.457507,1.704947,26.240042,4.078628,0
2004-03-05,sh.600577,11.2000,11.2600,10.7300,10.7800,10.9800,1538164,16994225.0000,3,4.272678,1,-1.820000,48.556642,1.673891,25.762082,4.004336,0
2004-03-08,sh.600577,10.7100,10.7200,10.5000,10.5500,10.7800,685685,7251711.0000,3,1.904681,1,-2.130000,47.520647,1.638177,25.212427,3.918901,0
2004-03-09,sh.600577,10.5000,10.6300,10.3000,10.3000,10.5500,578413,6070864.0000,3,1.606703,1,-2.370000,46.394565,1.599358,24.614976,3.826036,0
2004-03-10,sh.600577,10.3000,10.3000,10.3000,10.3000,10.3000,0,0.0000,3,,0,0.000000,46.394565,1.599358,24.614976,3.826036,0
2004-03-11,sh.600577,10.6200,10.8000,10.4900,10.6200,10.3000,1105890,11740547.0000,3,3.071917,1,3.110000,47.835950,1.649047,25.379713,3.944903,0
2004-03-12,sh.600577,10.5000,10.5800,10.3100,10.3900,10.6200,961193,9979243.0000,3,2.669981,1,-2.170000,46.799955,1.613333,24.830058,3.859467,0
2004-03-15,sh.600577,10.3200,10.6200,10.1600,10.4900,10.3900,1263626,13022702.0000,3,3.510072,1,0.960000,47.250387,1.628861,25.069039,3.896613,0
2004-03-16,sh.600577,10.5000,10.5200,10.2900,10.4000,10.4900,955790,9878933.0000,3,2.654972,1,-0.860000,46.844998,1.614886,24.853956,3.863182,0
2004-03-17,sh.600577,10.3900,10.4000,10.2000,10.2900,10.4000,632680,6488634.0000,3,1.757444,1,-1.060000,46.349522,1.597805,24.591078,3.822321,0
2004-03-18,sh.600577,10.3000,11.3000,10.1000,10.9300,10.2900,4639206,50716459.0000,3,12.886683,1,6.220000,49.232291,1.697183,26.120552,4.060055,0
2004-03-19,sh.600577,10.9200,10.9200,10.5800,10.8600,10.9300,1421834,15314057.0000,3,3.949539,1,-0.640000,48.916988,1.686313,25.953266,4.034053,0
2004-03-22,sh.600577,10.9600,10.9800,10.6000,10.8700,10.8600,765935,8240900.0000,3,2.127597,1,0.090000,48.962031,1.687866,25.977164,4.037768,0
2004-03-23,sh.600577,10.9000,11.1700,10.8700,10.8900,10.8700,1549784,17026571.0000,3,4.304956,1,0.180000,49.052118,1.690972,26.024960,4.045197,0
2004-03-24,sh.600577,10.9800,11.2500,10.9000,11.0700,10.8900,1582639,17550433.0000,3,4.396219,1,1.650000,49.862897,1.718922,26.455125,4.112060,0
2004-03-25,sh.600577,11.1000,11.2300,10.7800,10.8800,11.0700,768296,8379076.0000,3,2.134156,1,-1.720000,49.007075,1.689419,26.001062,4.041482,0
2004-03-26,sh.600577,10.8800,10.8800,10.6200,10.7100,10.8800,711790,7621861.0000,3,1.977194,1,-1.560000,48.241339,1.663022,25.594795,3.978334,0
2004-03-29,sh.600577,10.7000,10.7100,10.5000,10.5200,10.7100,669539,7102155.0000,3,1.859831,1,-1.770000,47.385517,1.633519,25.140733,3.907757,0
2004-03-30,sh.600577,10.5200,10.7000,10.4500,10.6600,10.5200,471051,4983708.0000,3,1.308475,1,1.330000,48.016123,1.655258,25.475305,3.959761,0
2004-03-31,sh.600577,10.8100,10.9600,10.8000,10.8700,10.6600,720773,7826324.0000,3,2.002147,1,1.970000,48.962031,1.687866,25.977164,4.037768,0
2004-04-01,sh.600577,10.8800,11.0800,10.6300,10.7000,10.8700,837887,8979230.0000,3,2.327464,1,-1.560000,48.196296,1.661469,25.570897,3.974619,0
2004-04-02,sh.600577,10.8000,10.8800,10.7000,10.8200,10.7000,622589,6720684.0000,3,1.729414,1,1.120000,48.736815,1.680102,25.857674,4.019195,0
2004-04-05,sh.600577,10.8000,11.1400,10.7700,11.1300,10.8200,1602279,17639430.0000,3,4.450775,1,2.870000,50.133156,1.728238,26.598513,4.134347,0
2004-04-06,sh.600577,11.1800,11.2800,11.0100,11.2700,11.1300,1604471,17906444.0000,3,4.456864,1,1.260000,50.763762,1.749977,26.933085,4.186352,0
2004-04-07,sh.600577,11.3000,11.3700,11.0700,11.0900,11.2700,1420884,15915846.0000,3,3.946900,1,-1.600000,49.952983,1.722027,26.502921,4.119489,0
2004-04-08,sh.600577,11.0100,11.1400,10.8500,10.9500,11.0900,1042580,11412528.0000,3,2.896056,1,-1.260000,49.322378,1.700288,26.168348,4.067484,0
2004-04-09,sh.600577,11.0000,11.2500,10.5600,10.5900,10.9500,959743,10371727.0000,3,2.665953,1,-3.290000,47.700820,1.644388,25.308019,3.933759,0
2004-04-12,sh.600577,10.5000,10.6700,10.4600,10.5900,10.5900,643999,6801536.0000,3,1.788886,1,0.000000,47.700820,1.644388,25.308019,3.933759,0
2004-04-13,sh.600577,10.5500,10.6500,10.4800,10.5000,10.5900,547611,5784714.0000,3,1.521142,1,-0.850000,47.295431,1.630413,25.092937,3.900328,0
2004-04-14,sh.600577,10.5000,10.5900,9.8700,10.1600,10.5000,1237086,12543598.0000,3,3.436350,1,-3.240000,45.763959,1.577619,24.280404,3.774031,0
2004-04-15,sh.600577,10.0600,10.1600,9.6000,9.6800,10.1600,1011334,9950784.0000,3,2.809261,1,-4.720000,43.601883,1.503086,23.133298,3.595731,0
2004-04-16,sh.600577,9.6100,9.8000,9.3800,9.7000,9.6800,536760,5147554.0000,3,1.491000,1,0.210000,43.691969,1.506191,23.181094,3.603160,0
2004-04-19,sh.600577,9.7000,9.7000,9.4100,9.4200,9.7000,383300,3639884.0000,3,1.064722,1,-2.890000,42.430758,1.462714,22.511949,3.499151,0
2004-04-20,sh.600577,9.4500,9.6400,9.3200,9.4700,9.4200,282923,2672528.0000,3,0.785897,1,0.530000,39.031525,1.235415,21.636354,3.428290,0
2004-04-21,sh.600577,9.4700,9.7200,9.4500,9.5900,9.4700,255015,2439703.0000,3,0.708375,1,1.270000,39.526117,1.251069,21.910521,3.471732,0
2004-04-22,sh.600577,9.5600,9.8000,9.5600,9.8000,9.5900,267097,2592569.0000,3,0.741936,1,2.190000,40.391652,1.278465,22.390314,3.547755,0
2004-04-23,sh.600577,9.7000,9.7000,9.4500,9.4800,9.8000,194540,1870230.0000,3,0.540389,1,-3.270000,39.072741,1.236719,21.659202,3.431910,0
2004-04-26,sh.600577,9.5000,9.5200,9.0900,9.1500,9.4800,374059,3461136.0000,3,1.039053,1,-3.480000,37.712614,1.193669,20.905242,3.312445,0
2004-04-27,sh.600577,9.1800,9.2000,8.7600,8.7700,9.1500,729341,6480840.0000,3,2.025947,1,-4.150000,36.146407,1.144096,20.037046,3.174879,0
2004-04-28,sh.600577,8.7200,8.9500,8.6800,8.8800,8.7700,354073,3118444.0000,3,0.983536,1,1.250000,36.599783,1.158446,20.288366,3.214700,0
2004-04-29,sh.600577,8.8900,8.9800,8.6800,8.6800,8.8800,230800,2036580.0000,3,0.641111,1,-2.250000,35.775464,1.132355,19.831421,3.142297,0
2004-04-30,sh.600577,8.7300,8.8500,8.6500,8.7000,8.6800,262689,2291687.0000,3,0.729692,1,0.230000,35.857896,1.134964,19.877115,3.149537,0
2004-05-10,sh.600577,8.7000,8.7100,8.3800,8.3900,8.7000,184193,1560604.0000,3,0.511647,1,-3.560000,34.580200,1.094523,19.168850,3.037313,0
2004-05-11,sh.600577,8.4100,8.6900,8.4000,8.5100,8.3900,193792,1649790.0000,3,0.538311,1,1.430000,35.074792,1.110177,19.443017,3.080754,0
2004-05-12,sh.600577,8.5100,8.9100,8.5100,8.8900,8.5100,382115,3355176.0000,3,1.061431,1,4.470000,36.640999,1.159750,20.311213,3.218320,0
2004-05-13,sh.600577,8.9200,8.9200,8.7000,8.8700,8.8900,209744,1850680.0000,3,0.582622,1,-0.220000,36.558567,1.157141,20.265519,3.211080,0
2004-05-14,sh.600577,8.8700,8.8700,8.5200,8.5900,8.8700,218296,1888917.0000,3,0.606378,1,-3.160000,35.404520,1.120614,19.625796,3.109716,0
2004-05-17,sh.600577,8.5900,8.7700,8.4200,8.6300,8.5900,98960,851421.0000,3,0.274889,1,0.470000,35.569384,1.125832,19.717185,3.124196,0
2004-05-18,sh.600577,8.7800,8.9400,8.6800,8.9300,8.6300,282752,2495408.0000,3,0.785422,1,3.480000,36.805863,1.164969,20.402602,3.232801,0
2004-05-19,sh.600577,8.9600,8.9900,8.8500,8.8700,8.9300,288859,2575154.0000,3,0.802386,1,-0.670000,36.558567,1.157141,20.265519,3.211080,0
2004-05-20,sh.600577,8.8000,8.8700,8.6500,8.6800,8.8700,183240,1598140.0000,3,0.509000,1,-2.140000,35.775464,1.132355,19.831421,3.142297,0
2004-05-21,sh.600577,8.7200,8.8000,8.6500,8.7700,8.6800,91260,794487.0000,3,0.253500,1,1.040000,36.146407,1.144096,20.037046,3.174879,0
2004-05-24,sh.600577,8.9400,8.9500,8.6800,8.6800,8.7700,113240,992414.0000,3,0.314556,1,-1.030000,35.775464,1.132355,19.831421,3.142297,0
2004-05-25,sh.600577,8.7000,8.7000,8.3800,8.3900,8.6800,209515,1776821.0000,3,0.581986,1,-3.340000,34.580200,1.094523,19.168850,3.037313,0
2004-05-26,sh.600577,8.3900,8.4800,8.3300,8.3700,8.3900,162000,1360544.0000,3,0.450000,1,-0.240000,34.497768,1.091913,19.123156,3.030072,0
2004-05-27,sh.600577,8.4300,8.6400,8.2600,8.6000,8.3700,170050,1444048.0000,3,0.472361,1,2.750000,35.445736,1.121918,19.648643,3.113336,0
2004-05-28,sh.600577,8.5600,8.7300,8.4800,8.4800,8.6000,137100,1178092.0000,3,0.380833,1,-1.400000,34.951144,1.106264,19.374476,3.069894,0
2004-05-31,sh.600577,8.6500,8.6500,8.4300,8.5400,8.4800,165678,1408685.0000,3,0.460217,1,0.710000,35.198440,1.114091,19.511559,3.091615,0
2004-06-01,sh.600577,8.6000,9.1800,8.5500,9.1100,8.5400,782890,6994141.0000,3,2.174694,1,6.670000,37.547750,1.188451,20.813853,3.297964,0
2004-06-02,sh.600577,9.1100,9.1900,8.9600,9.1100,9.1100,705530,6403049.0000,3,1.959806,1,0.000000,37.547750,1.188451,20.813853,3.297964,0
2004-06-03,sh.600577,9.1000,9.1100,8.7500,8.7700,9.1100,321040,2852594.0000,3,0.891778,1,-3.730000,36.146407,1.144096,20.037046,3.174879,0
2004-06-04,sh.600577,8.7500,8.8900,8.6800,8.7700,8.7700,202104,1770877.0000,3,0.561400,1,0.000000,36.146407,1.144096,20.037046,3.174879,0
2004-06-07,sh.600577,8.7200,8.7900,8.5000,8.6500,8.7700,132040,1139325.0000,3,0.366778,1,-1.370000,35.651816,1.128441,19.762879,3.131437,0
2004-06-08,sh.600577,8.7900,8.7900,8.5500,8.6300,8.6500,107310,925737.0000,3,0.298083,1,-0.230000,35.569384,1.125832,19.717185,3.124196,0
2004-06-09,sh.600577,8.6000,8.6000,8.1500,8.1600,8.6300,348435,2923606.0000,3,0.967875,1,-5.450000,33.632233,1.064518,18.643363,2.954049,0
2004-06-10,sh.600577,8.2000,8.3100,8.0700,8.1500,8.1600,237537,1937740.0000,3,0.659825,1,-0.120000,33.591017,1.063213,18.620516,2.950429,0
2004-06-11,sh.600577,8.1600,8.4400,8.1500,8.1600,8.1500,206033,1703796.0000,3,0.572314,1,0.120000,33.632233,1.064518,18.643363,2.954049,0
2004-06-14,sh.600577,8.1800,8.1900,7.8000,7.8600,8.1600,223850,1778733.0000,3,0.621806,1,-3.680000,32.395754,1.025381,17.957946,2.845444,0
2004-06-15,sh.600577,7.8800,8.1000,7.8000,8.0900,7.8600,152255,1209637.0000,3,0.422931,1,2.930000,33.343721,1.055386,18.483433,2.928708,0
2004-06-16,sh.600577,8.1400,8.2600,8.0100,8.1100,8.0900,163581,1327646.0000,3,0.454392,1,0.250000,33.426153,1.057995,18.529127,2.935948,0
2004-06-17,sh.600577,8.1100,8.1100,7.8800,7.8900,8.1100,146770,1167937.0000,3,0.407694,1,-2.710000,32.519402,1.029295,18.026487,2.856305,0
2004-06-18,sh.600577,7.8600,8.0300,7.8200,7.9000,7.8900,104880,827504.0000,3,0.291333,1,0.130000,32.560618,1.030599,18.049335,2.859925,0
2004-06-21,sh.600577,7.9000,8.1800,7.8500,8.1700,7.9000,145110,1168843.0000,3,0.403083,1,3.420000,33.673449,1.065822,18.666211,2.957669,0
2004-06-22,sh.600577,8.1700,8.4200,8.1000,8.2900,8.1700,398217,3310075.0000,3,1.106158,1,1.470000,34.168041,1.081477,18.940378,3.001111,0
2004-06-23,sh.600577,8.1700,8.2500,8.0700,8.2400,8.2900,86168,701510.0000,3,0.239356,1,-0.600000,33.961961,1.074954,18.826142,2.983010,0
2004-06-24,sh.600577,8.3000,8.3500,8.1900,8.2900,8.2400,224980,1864744.0000,3,0.624944,1,0.610000,34.168041,1.081477,18.940378,3.001111,0
2004-06-25,sh.600577,8.3700,8.4000,7.9900,8.0000,8.2900,193000,1576271.0000,3,0.536111,1,-3.500000,32.972777,1.043645,18.277807,2.896126,0
2004-06-28,sh.600577,7.9500,7.9800,7.4200,7.7000,8.0000,213400,1657821.0000,3,0.592778,1,-3.750000,31.736298,1.004508,17.592390,2.787522,0
2004-06-29,sh.600577,7.7800,7.8900,7.6500,7.8300,7.7000,134300,1045930.0000,3,0.373056,1,1.690000,32.272106,1.021467,17.889404,2.834584,0
2004-06-30,sh.600577,7.7600,7.8300,7.6900,7.6900,7.8300,123800,960195.0000,3,0.343889,1,-1.790000,31.695082,1.003204,17.569542,2.783902,0
2004-07-01,sh.600577,7.6000,8.0700,7.5800,7.9200,7.6900,189588,1495488.0000,3,0.526633,1,2.990000,32.643050,1.033208,18.095029,2.867165,0
2004-07-02,sh.600577,7.8100,7.9200,7.8000,7.8500,7.9200,117760,924564.0000,3,0.327111,1,-0.880000,32.354538,1.024077,17.935098,2.841824,0
2004-07-05,sh.600577,7.9000,7.9600,7.7700,7.8800,7.8500,61990,485100.0000,3,0.172194,1,0.380000,32.478186,1.027990,18.003640,2.852685,0
2004-07-06,sh.600577,7.9000,8.0500,7.9000,7.9300,7.8800,149949,1194999.0000,3,0.416525,1,0.630000,32.684266,1.034513,18.117876,2.870785,0
2004-07-07,sh.600577,7.9300,7.9300,7.7700,7.7700,7.9300,59849,467075.0000,3,0.166247,1,-2.020000,32.024810,1.013640,17.752320,2.812863,0
2004-07-08,sh.600577,7.7000,7.7900,7.6000,7.7300,7.7700,114058,876760.0000,3,0.316828,1,-0.510000,31.859946,1.008422,17.660931,2.798382,0
2004-07-09,sh.600577,7.6100,7.8300,7.6000,7.6600,7.7300,56670,436219.0000,3,0.157417,1,-0.910000,31.571434,0.999290,17.501000,2.773041,0
2004-07-12,sh.600577,7.6400,7.6400,7.3500,7.3500,7.6600,198250,1471752.0000,3,0.550694,1,-4.050000,30.293739,0.958849,16.792735,2.660816,0
2004-07-13,sh.600577,7.4000,7.4400,7.3000,7.3200,7.3500,94390,694522.0000,3,0.262194,1,-0.410000,30.170091,0.954935,16.724194,2.649956,0
2004-07-14,sh.600577,7.3300,7.4000,7.1500,7.1900,7.3200,258780,1872816.0000,3,0.718833,1,-1.780000,29.634284,0.937976,16.427179,2.602894,0
2004-07-15,sh.600577,7.2500,7.3500,7.1800,7.2400,7.1900,181709,1315234.0000,3,0.504747,1,0.700000,29.840364,0.944499,16.541416,2.620994,0
2004-07-16,sh.600577,7.2800,7.5800,7.2800,7.5100,7.2400,310625,2326267.0000,3,0.862847,1,3.730000,30.953195,0.979722,17.158292,2.718739,0
2004-07-19,sh.600577,7.5100,7.5800,7.4000,7.5000,7.5100,198880,1492701.0000,3,0.552444,1,-0.130000,30.911979,0.978417,17.135444,2.715119,0
2004-07-20,sh.600577,7.4500,7.5000,7.4200,7.4600,7.5000,128614,960348.0000,3,0.357261,1,-0.530000,30.747115,0.973199,17.044055,2.700638,0
2004-07-21,sh.600577,7.4700,7.5000,7.3100,7.3500,7.4600,107445,792487.0000,3,0.298458,1,-1.470000,30.293739,0.958849,16.792735,2.660816,0
2004-07-22,sh.600577,7.3500,7.3500,7.1800,7.2200,7.3500,259000,1875362.0000,3,0.719444,1,-1.770000,29.757932,0.941890,16.495721,2.613754,0
2004-07-23,sh.600577,7.3000,7.6300,7.1800,7.2800,7.2200,209012,1539780.0000,3,0.580589,1,0.830000,30.005228,0.949717,16.632805,2.635475,0
2004-07-26,sh.600577,7.2800,7.2800,7.0900,7.1100,7.2800,135600,969061.0000,3,0.376667,1,-2.340000,29.304556,0.927539,16.244401,2.573932,0
2004-07-27,sh.600577,7.0900,7.1200,6.9800,6.9900,7.1100,197800,1393206.0000,3,0.549444,1,-1.690000,28.809964,0.911885,15.970234,2.530490,0
2004-07-28,sh.600577,7.0000,7.2000,6.9000,7.1000,6.9900,128460,902961.0000,3,0.356833,1,1.570000,29.263340,0.926235,16.221554,2.570312,0
2004-07-29,sh.600577,7.1400,7.2400,7.0000,7.2400,7.1000,205423,1467988.0000,3,0.570619,1,1.970000,29.840364,0.944499,16.541416,2.620994,0
2004-07-30,sh.600577,7.2500,7.5900,7.1300,7.1500,7.2400,187205,1373023.0000,3,0.520014,1,-1.240000,29.469420,0.932758,16.335790,2.588413,0
2004-08-02,sh.600577,7.0800,7.1200,7.0100,7.0500,7.1500,95646,675289.0000,3,0.265683,1,-1.400000,29.057260,0.919712,16.107318,2.552211,0
2004-08-03,sh.600577,7.1200,7.1800,7.0500,7.0900,7.0500,39001,277073.0000,3,0.108336,1,0.570000,29.222124,0.924930,16.198707,2.566692,0
2004-08-04,sh.600577,7.0900,7.5000,7.0900,7.3800,7.0900,384657,2833234.0000,3,1.068492,1,4.090000,30.417387,0.962762,16.861277,2.671677,0
2004-08-05,sh.600577,7.2600,7.3800,7.2500,7.2700,7.3800,101615,742088.0000,3,0.282264,1,-1.490000,29.964012,0.948412,16.609957,2.631855,0
2004-08-06,sh.600577,7.2300,7.3000,7.2000,7.2700,7.2700,101920,738254.0000,3,0.283111,1,0.000000,29.964012,0.948412,16.609957,2.631855,0
2004-08-09,sh.600577,7.1500,7.2700,7.1500,7.2000,7.2700,94155,679186.0000,3,0.261542,1,-0.960000,29.675500,0.939280,16.450027,2.606514,0
2004-08-10,sh.600577,7.2000,7.2700,7.1800,7.2700,7.2000,53873,389244.0000,3,0.149647,1,0.970000,29.964012,0.948412,16.609957,2.631855,0
2004-08-11,sh.600577,7.2700,7.2700,7.1300,7.1400,7.2700,86520,622267.0000,3,0.240333,1,-1.790000,29.428204,0.931453,16.312943,2.584793,0
2004-08-12,sh.600577,7.0500,7.1800,7.0400,7.1800,7.1400,124228,880684.0000,3,0.345078,1,0.560000,29.593068,0.936671,16.404332,2.599273,0
2004-08-13,sh.600577,7.1500,7.2800,7.1100,7.1300,7.1800,56680,405736.0000,3,0.157444,1,-0.700000,29.386988,0.930149,16.290096,2.581173,0
2004-08-16,sh.600577,7.0600,7.6500,7.0600,7.1800,7.1300,108230,782279.0000,3,0.300639,1,0.700000,29.593068,0.936671,16.404332,2.599273,0
2004-08-17,sh.600577,7.3500,7.5800,7.1800,7.4900,7.1800,527765,3947444.0000,3,1.466014,1,4.320000,28.170399,0.809283,-24.361185,2.607020,0
2004-08-18,sh.600577,7.4600,7.6800,7.4600,7.5000,7.4900,682758,5172223.0000,3,1.896550,1,0.130000,28.208009,0.810364,-24.393710,2.610500,0
2004-08-19,sh.600577,7.4900,7.5400,7.3300,7.4500,7.5000,254780,1892161.0000,3,0.707722,1,-0.670000,28.019956,0.804961,-24.231086,2.593097,0
2004-08-20,sh.600577,7.5000,7.6700,7.4100,7.5900,7.4500,318681,2409471.0000,3,0.885225,1,1.880000,28.546506,0.820088,-24.686435,2.641826,0
2004-08-23,sh.600577,7.5600,7.6500,7.3900,7.4500,7.5900,164104,1230867.0000,3,0.455844,1,-1.840000,28.019956,0.804961,-24.231086,2.593097,0
2004-08-24,sh.600577,7.4000,7.6000,7.3600,7.5600,7.4500,279659,2100485.0000,3,0.776831,1,1.480000,28.433673,0.816847,-24.588860,2.631384,0
2004-08-25,sh.600577,7.5400,7.5800,7.3800,7.4300,7.5600,201433,1500238.0000,3,0.559536,1,-1.720000,27.944735,0.802800,-24.166036,2.586136,0
2004-08-26,sh.600577,7.4200,7.4800,7.2000,7.2200,7.4300,251280,1839800.0000,3,0.698000,1,-2.830000,27.154910,0.780110,-23.483012,2.513042,0
2004-08-27,sh.600577,7.2100,7.3000,6.9800,7.0700,7.2200,275349,1958407.0000,3,0.764858,1,-2.080000,26.590750,0.763903,-22.995138,2.460832,0
2004-08-30,sh.600577,7.0700,7.1900,7.0000,7.1200,7.0700,89191,633207.0000,3,0.247753,1,0.710000,26.778804,0.769305,-23.157762,2.478235,0
2004-08-31,sh.600577,7.5000,7.5000,7.2700,7.2700,7.1200,287738,2120566.0000,3,0.799272,1,2.110000,27.342964,0.785513,-23.645637,2.530445,0
2004-09-01,sh.600577,7.2000,7.2600,7.1700,7.2100,7.2700,82798,596615.0000,3,0.229994,1,-0.830000,27.117300,0.779030,-23.450487,2.509561,0
2004-09-02,sh.600577,7.1600,7.4000,7.1500,7.3800,7.2100,100591,730573.0000,3,0.279419,1,2.360000,27.756681,0.797398,-24.003411,2.568732,0
2004-09-03,sh.600577,7.3400,7.4000,7.2900,7.3000,7.3800,111300,816001.0000,3,0.309167,1,-1.080000,27.455796,0.788754,-23.743211,2.540887,0
2004-09-06,sh.600577,7.3000,7.4200,7.2600,7.3400,7.3000,53520,392850.0000,3,0.148667,1,0.550000,27.606239,0.793076,-23.873311,2.554810,0
2004-09-07,sh.600577,7.3700,7.4000,7.2500,7.3000,7.3400,90300,660094.0000,3,0.250833,1,-0.540000,27.455796,0.788754,-23.743211,2.540887,0
2004-09-08,sh.600577,7.2700,7.3600,7.2000,7.2700,7.3000,85380,616685.0000,3,0.237167,1,-0.410000,27.342964,0.785513,-23.645637,2.530445,0
2004-09-09,sh.600577,7.2200,7.2600,7.1400,7.1400,7.2700,103480,742717.0000,3,0.287444,1,-1.790000,26.854025,0.771466,-23.222812,2.485196,0
2004-09-10,sh.600577,7.1400,7.1800,7.1100,7.1700,7.1400,97411,695881.0000,3,0.270586,1,0.420000,26.966857,0.774708,-23.320387,2.495638,0
2004-09-13,sh.600577,7.1200,7.1300,6.9000,6.9100,7.1700,196500,1380902.0000,3,0.545833,1,-3.630000,25.988979,0.746615,-22.474738,2.405141,0
2004-09-14,sh.600577,7.0000,7.3000,7.0000,7.1700,6.9100,192001,1380768.0000,3,0.533336,1,3.760000,26.966857,0.774708,-23.320387,2.495638,0
2004-09-15,sh.600577,7.1300,7.7000,7.1300,7.5500,7.1700,700930,5263379.0000,3,1.947028,1,5.300000,28.396063,0.815766,-24.556335,2.627904,0
2004-09-16,sh.600577,7.5600,7.7000,7.5300,7.6100,7.5500,568387,4312648.0000,3,1.578853,1,0.790000,28.621727,0.822249,-24.751485,2.648788,0
2004-09-17,sh.600577,7.7000,7.9400,7.5800,7.8800,7.6100,920577,7188856.0000,3,2.557158,1,3.550000,29.637215,0.851422,-25.629658,2.742766,0
2004-09-20,sh.600577,7.8800,7.8800,7.8800,7.8800,7.8800,0,0.0000,3,,0,0.000000,29.637215,0.851422,-25.629658,2.742766,0
2004-09-21,sh.600577,8.5900,8.6500,8.2100,8.3000,7.8800,2303851,19342135.0000,3,6.399586,1,5.330000,31.216864,0.896803,-26.995706,2.888954,0
2004-09-22,sh.600577,8.2000,8.3500,7.9900,8.0200,8.3000,812065,6596451.0000,3,2.255736,1,-3.370000,30.163765,0.866549,-26.085008,2.791495,0
2004-09-23,sh.600577,8.0500,8.3000,8.0200,8.3000,8.0200,487382,3971914.0000,3,1.353839,1,3.490000,31.216864,0.896803,-26.995706,2.888954,0
2004-09-24,sh.600577,8.3000,8.4000,8.0000,8.0000,8.3000,932976,7709336.0000,3,2.591600,1,-3.610000,30.088543,0.864388,-26.019958,2.784534,0
2004-09-27,sh.600577,8.1000,8.2000,7.8300,7.9000,8.0000,376598,3021060.0000,3,1.046106,1,-1.250000,29.712437,0.853583,-25.694708,2.749727,0
2004-09-28,sh.600577,7.9800,8.0000,7.8000,7.9300,7.9000,188177,1484241.0000,3,0.522714,1,0.380000,29.825269,0.856825,-25.792283,2.760169,0
2004-09-29,sh.600577,7.9000,8.0000,7.8400,7.8800,7.9300,210090,1659006.0000,3,0.583583,1,-0.630000,29.637215,0.851422,-25.629658,2.742766,0
2004-09-30,sh.600577,7.8200,7.9300,7.6700,7.6900,7.8800,249853,1946919.0000,3,0.694036,1,-2.410000,28.922612,0.830893,-25.011684,2.676633,0
2004-10-08,sh.600577,7.6700,7.9500,7.5600,7.9300,7.6900,202538,1573481.0000,3,0.562606,1,3.120000,29.825269,0.856825,-25.792283,2.760169,0
2004-10-11,sh.600577,7.9400,8.2100,7.8200,7.9900,7.9300,439420,3542242.0000,3,1.220611,1,0.760000,30.050933,0.863308,-25.987433,2.781053,0
2004-10-12,sh.600577,7.9000,7.9900,7.7500,7.8200,7.9900,216038,1704895.0000,3,0.600106,1,-2.130000,29.411551,0.844939,-25.434509,2.721882,0
2004-10-13,sh.600577,7.8000,8.0200,7.7800,8.0000,7.8200,229269,1810641.0000,3,0.636858,1,2.300000,30.088543,0.864388,-26.019958,2.784534,0
2004-10-14,sh.600577,7.9500,8.0000,7.4000,7.4400,8.0000,304140,2345234.0000,3,0.844833,1,-7.000000,27.982345,0.803881,-24.198561,2.589616,0
2004-10-15,sh.600577,7.4300,7.5800,7.3200,7.3800,7.4400,236671,1751105.0000,3,0.657419,1,-0.810000,27.756681,0.797398,-24.003411,2.568732,0
2004-10-18,sh.600577,7.5000,7.5000,7.3000,7.4100,7.3800,111999,827364.0000,3,0.311108,1,0.410000,27.869513,0.800639,-24.100986,2.579174,0
2004-10-19,sh.600577,7.4000,7.5500,7.4000,7.4400,7.4100,207820,1553629.0000,3,0.577278,1,0.400000,27.982345,0.803881,-24.198561,2.589616,0
2004-10-20,sh.600577,7.4000,7.4000,7.1900,7.2400,7.4400,189599,1374752.0000,3,0.526664,1,-2.690000,27.230132,0.782271,-23.548062,2.520003,0
2004-10-21,sh.600577,7.3000,7.3500,7.1200,7.2000,7.2400,179780,1297206.0000,3,0.499389,1,-0.550000,27.079689,0.777949,-23.417962,2.506080,0
2004-10-22,sh.600577,7.1000,7.2600,7.0000,7.2500,7.1000,271359,1930531.0000,3,0.753775,1,2.110000,27.267742,0.783352,-23.580587,2.523484,0
2004-10-25,sh.600577,7.3000,7.3600,7.1600,7.1900,7.2500,201000,1465466.0000,3,0.558333,1,-0.830000,27.042078,0.776869,-23.385437,2.502600,0
2004-10-26,sh.600577,7.1200,7.3300,7.0800,7.3300,7.1900,153754,1101111.0000,3,0.427094,1,1.950000,27.568628,0.791996,-23.840786,2.551329,0
2004-10-27,sh.600577,7.3700,7.5500,7.2700,7.5400,7.3300,316274,2346041.0000,3,0.878539,1,2.860000,26.558986,0.637712,27.144974,2.570684,0
2004-10-28,sh.600577,7.5400,7.7400,7.4100,7.4200,7.5400,325551,2460583.0000,3,0.904308,1,-1.590000,26.136296,0.627563,26.712959,2.529771,0
2004-10-29,sh.600577,7.3400,7.3500,7.1000,7.2100,7.4200,253258,1839947.0000,3,0.703494,1,-2.830000,25.396590,0.609802,25.956932,2.458174,0
2004-11-01,sh.600577,7.2100,7.2600,7.1200,7.2300,7.2100,165280,1189311.0000,3,0.459111,1,0.280000,25.467038,0.611493,26.028934,2.464992,0
2004-11-02,sh.600577,7.1500,7.3000,7.1500,7.2700,7.2300,121708,876045.0000,3,0.338078,1,0.550000,25.607934,0.614877,26.172939,2.478630,0
2004-11-03,sh.600577,7.2500,7.4000,7.2000,7.3500,7.2700,154838,1126963.0000,3,0.430106,1,1.100000,25.889727,0.621643,26.460950,2.505905,0
2004-11-04,sh.600577,7.3300,7.5000,7.1800,7.2300,7.3500,157180,1150301.0000,3,0.436611,1,-1.630000,25.467038,0.611493,26.028934,2.464992,0
2004-11-05,sh.600577,7.3000,7.3000,7.1600,7.2100,7.2300,125348,903578.0000,3,0.348189,1,-0.280000,25.396590,0.609802,25.956932,2.458174,0
2004-11-08,sh.600577,7.1900,7.2500,7.1700,7.2300,7.2100,100500,723564.0000,3,0.279167,1,0.280000,25.467038,0.611493,26.028934,2.464992,0
2004-11-09,sh.600577,7.3300,7.3300,7.1700,7.2200,7.2300,71280,515013.0000,3,0.198000,1,-0.140000,25.431814,0.610648,25.992933,2.461583,0
2004-11-10,sh.600577,7.2500,7.5600,7.1800,7.5200,7.2200,421150,3132087.0000,3,1.169861,1,4.160000,26.488537,0.636021,27.072972,2.563865,0
2004-11-11,sh.600577,7.5800,7.6800,7.3800,7.3900,7.5200,475941,3590158.0000,3,1.322058,1,-1.730000,26.030624,0.625026,26.604955,2.519543,0
2004-11-12,sh.600577,7.4400,7.4900,7.3200,7.4100,7.3900,185731,1374219.0000,3,0.515919,1,0.270000,26.101072,0.626717,26.676957,2.526362,0
2004-11-15,sh.600577,7.4200,7.6100,7.4200,7.6000,7.4100,294160,2213254.0000,3,0.817111,1,2.560000,26.770330,0.642787,27.360982,2.591140,0
2004-11-16,sh.600577,7.6200,7.6400,7.5000,7.5600,7.6000,104514,789078.0000,3,0.290317,1,-0.530000,26.629434,0.639404,27.216977,2.577503,0
2004-11-17,sh.600577,7.6200,7.7500,7.5300,7.5600,7.5600,275260,2095680.0000,3,0.764611,1,0.000000,26.629434,0.639404,27.216977,2.577503,0
2004-11-18,sh.600577,7.5600,7.6500,7.5300,7.6400,7.5600,172696,1309289.0000,3,0.479711,1,1.060000,26.911227,0.646170,27.504987,2.604778,0
2004-11-19,sh.600577,7.6000,7.6700,7.5500,7.6300,7.6400,178058,1354020.0000,3,0.494606,1,-0.130000,26.876003,0.645324,27.468986,2.601368,0
2004-11-22,sh.600577,7.6000,7.9800,7.6000,7.9700,7.6300,737441,5768728.0000,3,2.048447,1,4.460000,28.073623,0.674081,28.693030,2.717288,0
2004-11-23,sh.600577,8.0900,8.2200,8.0000,8.0300,7.9700,1931461,15685687.0000,3,5.365169,1,0.750000,28.284967,0.679155,28.909037,2.737744,0
2004-11-24,sh.600577,8.0100,8.0300,7.7100,7.7500,8.0300,453593,3575420.0000,3,1.259981,1,-3.490000,27.298692,0.655474,27.901001,2.642281,0
2004-11-25,sh.600577,7.7000,7.7600,7.5800,7.7600,7.7500,398168,3053215.0000,3,1.106022,1,0.130000,27.333916,0.656319,27.937003,2.645690,0
2004-11-26,sh.600577,7.7600,7.7600,7.7600,7.7600,7.7600,0,0.0000,3,,0,0.000000,27.333916,0.656319,27.937003,2.645690,0
2004-11-29,sh.600577,7.5600,7.6400,7.5400,7.5500,7.7600,172750,1310069.0000,3,0.479861,1,-2.710000,26.594210,0.638558,27.180975,2.574093,0
2004-11-30,sh.600577,7.5600,7.6400,7.4800,7.6000,7.5500,100370,759484.0000,3,0.278806,1,0.660000,26.770330,0.642787,27.360982,2.591140,0
2004-12-01,sh.600577,7.5500,7.6100,7.4600,7.4800,7.6000,188720,1418586.0000,3,0.524222,1,-1.580000,26.347641,0.632638,26.928966,2.550227,0
2004-12-02,sh.600577,7.4600,7.5400,7.3900,7.5000,7.4800,197420,1469955.0000,3,0.548389,1,0.270000,26.418089,0.634329,27.000969,2.557046,0
2004-12-03,sh.600577,7.5000,7.7000,7.4900,7.6500,7.5000,232025,1768501.0000,3,0.644514,1,2.000000,26.946451,0.647016,27.540988,2.608187,0
2004-12-06,sh.600577,7.7800,7.7900,7.6000,7.6500,7.6500,144920,1109938.0000,3,0.402556,1,0.000000,26.946451,0.647016,27.540988,2.608187,0
2004-12-07,sh.600577,7.6700,7.6900,7.5200,7.5400,7.6500,161264,1228282.0000,3,0.447956,1,-1.440000,26.558986,0.637712,27.144974,2.570684,0
2004-12-08,sh.600577,7.6200,7.6400,7.5000,7.5600,7.5400,53219,401684.0000,3,0.147831,1,0.270000,26.629434,0.639404,27.216977,2.577503,0
2004-12-09,sh.600577,7.6000,7.7600,7.5000,7.6700,7.5600,146164,1117284.0000,3,0.406011,1,1.460000,27.016899,0.648707,27.612991,2.615006,0
2004-12-10,sh.600577,7.5500,7.6700,7.4500,7.4600,7.6700,122300,920825.0000,3,0.339722,1,-2.740000,26.277193,0.630946,26.856964,2.543409,0
2004-12-13,sh.600577,7.4300,7.5400,7.3600,7.4000,7.4600,71100,525803.0000,3,0.197500,1,-0.800000,26.065848,0.625872,26.640956,2.522952,0
2004-12-14,sh.600577,7.4000,7.4100,7.3200,7.3800,7.4000,102551,755893.0000,3,0.284864,1,-0.270000,25.995400,0.624180,26.568953,2.516133,0
2004-12-15,sh.600577,7.4800,7.4800,7.3200,7.4100,7.3800,157938,1162829.0000,3,0.438717,1,0.410000,26.101072,0.626717,26.676957,2.526362,0
2004-12-16,sh.600577,7.2900,7.4300,7.2900,7.3400,7.4100,83286,613714.0000,3,0.231350,1,-0.940000,25.854503,0.620797,26.424948,2.502496,0
2004-12-17,sh.600577,7.3000,7.3000,7.2600,7.2600,7.3400,88590,644365.0000,3,0.246083,1,-1.090000,25.572710,0.614031,26.136938,2.475221,0
2004-12-20,sh.600577,7.2400,7.2600,7.0100,7.2400,7.2600,102789,734185.0000,3,0.285525,1,-0.280000,25.502262,0.612339,26.064935,2.468402,0
2004-12-21,sh.600577,7.1300,7.2900,7.1200,7.1800,7.2400,85090,610248.0000,3,0.236361,1,-0.830000,25.290917,0.607265,25.848928,2.447945,0
2004-12-22,sh.600577,7.2800,7.3900,7.2000,7.3900,7.1800,113648,827928.0000,3,0.315689,1,2.920000,26.030624,0.625026,26.604955,2.519543,0
2004-12-23,sh.600577,7.3500,7.3800,7.1800,7.2000,7.3900,86866,632472.0000,3,0.241294,1,-2.570000,25.361365,0.608956,25.920930,2.454764,0
2004-12-24,sh.600577,7.2700,7.2900,7.1700,7.2100,7.2000,42900,310108.0000,3,0.119167,1,0.140000,25.396590,0.609802,25.956932,2.458174,0
2004-12-27,sh.600577,7.1600,7.3000,7.1500,7.2000,7.2100,28593,206010.0000,3,0.079425,1,-0.140000,25.361365,0.608956,25.920930,2.454764,0
2004-12-28,sh.600577,7.2000,7.2700,7.1600,7.2000,7.2000,82600,594801.0000,3,0.229444,1,0.000000,25.361365,0.608956,25.920930,2.454764,0
2004-12-29,sh.600577,7.1700,7.2000,7.1600,7.1700,7.2000,92800,665350.0000,3,0.257778,1,-0.420000,25.255693,0.606419,25.812926,2.444536,0
2004-12-30,sh.600577,7.1500,7.2000,7.1300,7.1800,7.1700,59078,423242.0000,3,0.164106,1,0.140000,25.290917,0.607265,25.848928,2.447945,0
2004-12-31,sh.600577,7.1900,7.2400,7.1200,7.1200,7.1800,91920,658401.0000,3,0.255333,1,-0.840000,25.079573,0.602190,25.632920,2.427489,0
2005-01-04,sh.600577,7.1200,7.3400,7.0600,7.3000,7.1200,210888,1512526.0000,3,0.585800,1,2.530000,25.713607,0.617414,26.280943,2.488858,0
2005-01-05,sh.600577,7.5000,7.9900,7.3600,7.7600,7.3000,1242771,9614463.0000,3,3.452142,1,6.300000,27.333916,0.656319,27.937003,2.645690,0
2005-01-06,sh.600577,7.7600,7.9000,7.5700,7.7900,7.7600,850064,6581765.0000,3,2.361289,1,0.390000,27.439588,0.658857,28.045006,2.655919,0
2005-01-07,sh.600577,7.6500,8.0800,7.6500,7.9300,7.7900,1370264,10894549.0000,3,3.806289,1,1.800000,27.932726,0.670698,28.549025,2.703650,0
2005-01-10,sh.600577,7.9000,7.9700,7.8000,7.9500,7.9300,284892,2254805.0000,3,0.791367,1,0.250000,28.003174,0.672389,28.621027,2.710469,0
2005-01-11,sh.600577,7.9300,8.0100,7.7500,7.9600,7.9500,607467,4801038.0000,3,1.687408,1,0.130000,28.038398,0.673235,28.657028,2.713878,0
2005-01-12,sh.600577,7.9300,8.0600,7.8000,7.9800,7.9600,465845,3700795.0000,3,1.294014,1,0.250000,28.108847,0.674926,28.729031,2.720697,0
2005-01-13,sh.600577,7.9300,7.9700,7.8500,7.8900,7.9800,307598,2428478.0000,3,0.854439,1,-1.130000,27.791830,0.667314,28.405019,2.690013,0
2005-01-14,sh.600577,7.8100,7.9500,7.6800,7.7400,7.8900,318969,2486511.0000,3,0.886025,1,-1.900000,27.263468,0.654628,27.865000,2.638872,0
2005-01-17,sh.600577,7.6000,7.7400,7.5600,7.6800,7.7400,298350,2284068.0000,3,0.828750,1,-0.780000,27.052123,0.649553,27.648992,2.618415,0
2005-01-18,sh.600577,7.7000,7.8200,7.6600,7.8200,7.6800,222793,1725731.0000,3,0.618869,1,1.820000,27.545261,0.661394,28.153010,2.666147,0
2005-01-19,sh.600577,7.8500,7.8600,7.6600,7.6900,7.8200,164550,1277781.0000,3,0.457083,1,-1.660000,27.087347,0.650399,27.684994,2.621825,0
2005-01-20,sh.600577,7.6000,7.7100,7.6000,7.6900,7.6900,174599,1337214.0000,3,0.484997,1,0.000000,27.087347,0.650399,27.684994,2.621825,0
2005-01-21,sh.600577,7.8000,7.9000,7.6100,7.8800,7.6900,445761,3475683.0000,3,1.238225,1,2.470000,27.756606,0.666469,28.369018,2.686603,0
2005-01-24,sh.600577,8.0600,8.1800,7.7900,7.9100,7.8800,652676,5173924.0000,3,1.812989,1,0.380000,27.862278,0.669006,28.477022,2.696831,0
2005-01-25,sh.600577,7.8100,7.8700,7.6700,7.7800,7.9100,313300,2426428.0000,3,0.870278,1,-1.640000,27.404364,0.658011,28.009005,2.652509,0
2005-01-26,sh.600577,7.7500,7.8000,7.6500,7.7300,7.7800,210342,1616818.0000,3,0.584283,1,-0.640000,27.228244,0.653782,27.828999,2.635462,0
2005-01-27,sh.600577,7.7000,7.7700,7.5400,7.6000,7.7300,271980,2070758.0000,3,0.755500,1,-1.680000,26.770330,0.642787,27.360982,2.591140,0
2005-01-28,sh.600577,7.5600,7.5600,7.3000,7.3500,7.6000,215041,1588901.0000,3,0.597336,1,-3.290000,25.889727,0.621643,26.460950,2.505905,0
2005-01-31,sh.600577,7.2800,7.3500,7.2300,7.3000,7.3500,153125,1116855.0000,3,0.425347,1,-0.680000,25.713607,0.617414,26.280943,2.488858,0
2005-02-01,sh.600577,7.4200,7.4200,7.2400,7.2500,7.3000,104000,760740.0000,3,0.288889,1,-0.680000,25.537486,0.613185,26.100937,2.471811,0
2005-02-02,sh.600577,7.2500,7.6000,7.2500,7.5900,7.2500,197972,1477143.0000,3,0.549922,1,4.690000,26.735106,0.641941,27.324981,2.587731,0
2005-02-03,sh.600577,7.5600,7.7800,7.4800,7.5600,7.5900,256999,1960422.0000,3,0.713886,1,-0.400000,26.629434,0.639404,27.216977,2.577503,0
2005-02-04,sh.600577,7.7700,7.7700,7.0300,7.3400,7.5600,687408,4993786.0000,3,1.909467,1,-2.910000,21.220414,0.577434,-15.534940,2.509158,0
2005-02-16,sh.600577,7.3000,7.3800,7.2000,7.3700,7.3400,325009,2369269.0000,3,0.902803,1,0.410000,21.307146,0.579795,-15.598435,2.519413,0
2005-02-17,sh.600577,7.3400,7.3400,7.2000,7.3000,7.3700,197601,1435126.0000,3,0.548892,1,-0.950000,21.104771,0.574288,-15.450281,2.495484,0
2005-02-18,sh.600577,7.2800,7.3300,7.2600,7.2800,7.3000,136800,996943.0000,3,0.380000,1,-0.270000,21.046950,0.572714,-15.407952,2.488647,0
2005-02-21,sh.600577,7.3200,7.4400,7.2700,7.4400,7.2800,224591,1654686.0000,3,0.623864,1,2.200000,21.509520,0.585301,-15.746588,2.543343,0
2005-02-22,sh.600577,7.4400,7.6400,7.4200,7.5900,7.4400,389490,2925706.0000,3,1.081917,1,2.020000,21.943180,0.597102,-16.064059,2.594620,0
2005-02-23,sh.600577,7.5900,7.9900,7.5100,7.8000,7.5900,937097,7258095.0000,3,2.603047,1,2.770000,22.550304,0.613622,-16.508520,2.666408,0
2005-02-24,sh.600577,7.9000,7.9700,7.6700,7.7900,7.8000,469256,3655128.0000,3,1.303489,1,-0.130000,22.521393,0.612836,-16.487355,2.662989,0
2005-02-25,sh.600577,7.7700,7.8600,7.6800,7.7400,7.7900,456700,3555309.0000,3,1.268611,1,-0.640000,22.376840,0.608902,-16.381531,2.645897,0
2005-02-28,sh.600577,7.6800,7.7900,7.6100,7.6500,7.7400,293309,2252801.0000,3,0.814747,1,-1.160000,22.116644,0.601822,-16.191048,2.615131,0
2005-03-01,sh.600577,7.6500,7.9500,7.6200,7.9200,7.6500,652562,5103191.0000,3,1.812672,1,3.530000,22.897231,0.623063,-16.762497,2.707429,0
2005-03-02,sh.600577,7.9000,7.9800,7.6500,7.7200,7.9200,488235,3817644.0000,3,1.356208,1,-2.530000,22.319019,0.607329,-16.339201,2.639060,0
2005-03-03,sh.600577,7.7700,7.7800,7.5800,7.6800,7.7200,221222,1689148.0000,3,0.614506,1,-0.520000,22.203376,0.604182,-16.254542,2.625386,0
2005-03-04,sh.600577,7.6900,7.7400,7.5600,7.6500,7.6800,252701,1928268.0000,3,0.701947,1,-0.390000,22.116644,0.601822,-16.191048,2.615131,0
2005-03-07,sh.600577,7.6600,7.6900,7.5800,7.6800,7.6500,146738,1120416.0000,3,0.407606,1,0.390000,22.203376,0.604182,-16.254542,2.625386,0
2005-03-08,sh.600577,7.6700,7.8500,7.6700,7.8300,7.6800,353328,2750950.0000,3,0.981467,1,1.950000,22.637036,0.615983,-16.572014,2.676663,0
2005-03-09,sh.600577,7.8500,7.9000,7.6900,7.7700,7.8300,311140,2419378.0000,3,0.864278,1,-0.770000,22.463572,0.611262,-16.445025,2.656152,0
2005-03-10,sh.600577,7.7700,7.7700,7.5300,7.5600,7.7700,324706,2473074.0000,3,0.901961,1,-2.700000,21.856448,0.594742,-16.000565,2.584364,0
2005-03-11,sh.600577,7.5600,7.7000,7.4300,7.5100,7.5600,241620,1812827.0000,3,0.671167,1,-0.660000,21.711895,0.590808,-15.894741,2.567272,0
2005-03-14,sh.600577,7.4500,7.5600,7.4100,7.4700,7.5100,168211,1259509.0000,3,0.467253,1,-0.530000,21.596252,0.587661,-15.810082,2.553598,0
2005-03-15,sh.600577,7.4800,7.5800,7.2800,7.3000,7.4700,335630,2464919.0000,3,0.932306,1,-2.280000,21.104771,0.574288,-15.450281,2.495484,0
2005-03-16,sh.600577,7.2800,7.4200,7.2500,7.3500,7.3000,197914,1450660.0000,3,0.549761,1,0.680000,21.249325,0.578221,-15.556105,2.512577,0
2005-03-17,sh.600577,7.3500,7.3800,7.2500,7.2700,7.3500,184110,1345909.0000,3,0.511417,1,-1.090000,21.018039,0.571928,-15.386787,2.485229,0
2005-03-18,sh.600577,7.2500,7.3400,7.1300,7.1500,7.2700,209590,1512107.0000,3,0.582194,1,-1.650000,20.671112,0.562487,-15.132810,2.444207,0
2005-03-21,sh.600577,7.2100,7.2400,7.1000,7.2000,7.1500,75578,542053.0000,3,0.209939,1,0.700000,20.815665,0.566421,-15.238633,2.461299,0
2005-03-22,sh.600577,7.1500,7.2000,6.9000,6.9400,7.2000,373658,2625262.0000,3,1.037939,1,-3.610000,20.063988,0.545967,-14.688350,2.372419,0
2005-03-23,sh.600577,6.9000,6.9500,6.4700,6.6700,6.9400,334900,2247231.0000,3,0.930278,1,-3.890000,19.283401,0.524726,-14.116901,2.280120,0
2005-03-24,sh.600577,6.6700,6.8000,6.5500,6.8000,6.6700,179093,1198509.0000,3,0.497481,1,1.950000,19.659239,0.534953,-14.392043,2.324561,0
2005-03-25,sh.600577,6.7900,6.8500,6.6800,6.7600,6.8000,72600,490320.0000,3,0.201667,1,-0.590000,19.543597,0.531806,-14.307384,2.310887,0
2005-03-28,sh.600577,6.7400,6.7400,6.5600,6.6300,6.7600,181430,1200615.0000,3,0.503972,1,-1.920000,19.167758,0.521579,-14.032242,2.266447,0
2005-03-29,sh.600577,6.6900,6.7300,6.6200,6.6500,6.6300,85780,573995.0000,3,0.238278,1,0.300000,19.225579,0.523152,-14.074571,2.273284,0
2005-03-30,sh.600577,6.6000,6.6000,6.2700,6.3300,6.6500,193730,1237395.0000,3,0.538139,1,-4.810000,18.300439,0.497978,-13.397299,2.163892,0
2005-03-31,sh.600577,6.3300,6.3500,6.2300,6.3500,6.3300,159373,1003444.0000,3,0.442703,1,0.320000,18.358260,0.499552,-13.439628,2.170729,0
2005-04-01,sh.600577,6.3000,6.6100,6.2500,6.5300,6.3500,336122,2169108.0000,3,0.933672,1,2.830000,18.878652,0.513712,-13.820594,2.232262,0
2005-04-04,sh.600577,6.4800,6.4800,6.3500,6.3800,6.5300,145340,932186.0000,3,0.403722,1,-2.300000,18.444992,0.501912,-13.503122,2.180985,0
2005-04-05,sh.600577,6.3600,6.4300,6.3600,6.3600,6.3800,71070,454500.0000,3,0.197417,1,-0.310000,18.387171,0.500338,-13.460793,2.174148,0
2005-04-06,sh.600577,6.3600,6.4800,6.2000,6.4500,6.3600,159300,1013913.0000,3,0.442500,1,1.420000,18.647367,0.507419,-13.651276,2.204914,0
2005-04-07,sh.600577,6.4500,6.6800,6.3600,6.5500,6.4500,231748,1528397.0000,3,0.643744,1,1.550000,18.936473,0.515286,-13.862924,2.239099,0
2005-04-08,sh.600577,6.4100,6.6800,6.4000,6.6700,6.5500,182664,1200281.0000,3,0.507400,1,1.830000,19.283401,0.524726,-14.116901,2.280120,0
2005-04-11,sh.600577,6.6000,6.7500,6.5800,6.6900,6.6700,172886,1151009.0000,3,0.480239,1,0.300000,19.341222,0.526299,-14.159230,2.286957,0
2005-04-12,sh.600577,6.6900,6.6900,6.4000,6.4100,6.6900,114070,743519.0000,3,0.316861,1,-4.190000,18.531724,0.504272,-13.566617,2.191240,0
2005-04-13,sh.600577,6.4700,6.7700,6.4700,6.6200,6.4100,177460,1170181.0000,3,0.492944,1,3.280000,19.138848,0.520792,-14.011077,2.263028,0
2005-04-14,sh.600577,6.6500,6.6600,6.4800,6.4900,6.6200,151100,992535.0000,3,0.419722,1,-1.960000,18.763009,0.510565,-13.735935,2.218588,0
2005-04-15,sh.600577,6.3200,6.4800,6.3200,6.3600,6.4900,142050,908722.0000,3,0.394583,1,-2.000000,18.387171,0.500338,-13.460793,2.174148,0
2005-04-18,sh.600577,6.4800,6.4800,6.2600,6.3100,6.3600,166820,1056039.0000,3,0.463389,1,-0.790000,18.242617,0.496405,-13.354969,2.157056,0
2005-04-19,sh.600577,6.4000,6.4000,6.2000,6.3800,6.3100,158445,999509.0000,3,0.440125,1,1.110000,17.040423,0.453554,-14.835942,2.109772,0
2005-04-20,sh.600577,6.3800,6.3800,6.2400,6.2500,6.3800,105650,662089.0000,3,0.293472,1,-2.040000,16.693204,0.444312,-14.533642,2.066783,0
2005-04-21,sh.600577,6.2500,6.3400,6.0100,6.0300,6.2500,288000,1762910.0000,3,0.800000,1,-3.520000,16.105603,0.428673,-14.022058,1.994032,0
2005-04-22,sh.600577,6.0300,6.1600,6.0200,6.0700,6.0300,195705,1187866.0000,3,0.543625,1,0.660000,16.212440,0.431516,-14.115073,2.007260,0
2005-04-25,sh.600577,6.0500,6.1000,5.8400,5.9300,6.0700,200919,1196069.0000,3,0.558108,1,-2.310000,15.838512,0.421564,-13.789520,1.960964,0
2005-04-26,sh.600577,5.9200,6.0800,5.9200,6.0100,5.9300,118090,706534.0000,3,0.328028,1,1.350000,16.052185,0.427251,-13.975550,1.987419,0
2005-04-27,sh.600577,5.9900,6.0300,5.8800,5.9500,6.0100,148360,882436.0000,3,0.412111,1,-1.000000,15.891930,0.422985,-13.836027,1.967577,0
2005-04-28,sh.600577,5.9000,6.1500,5.8100,6.1300,5.9500,286451,1727605.0000,3,0.795697,1,3.030000,16.372695,0.435782,-14.254596,2.027101,0
2005-04-29,sh.600577,6.7300,6.7300,6.3800,6.3900,6.1300,1550952,10101712.0000,3,4.308200,1,4.240000,17.067132,0.454265,-14.859196,2.113079,0
2005-05-09,sh.600577,6.3900,6.4600,5.9000,5.9100,6.3900,400090,2436057.0000,3,1.111361,1,-7.510000,15.785094,0.420142,-13.743012,1.954350,0
2005-05-10,sh.600577,5.9900,6.0400,5.8200,6.0300,5.9100,281169,1664742.0000,3,0.781025,1,2.030000,16.105603,0.428673,-14.022058,1.994032,0
2005-05-11,sh.600577,5.9500,6.0300,5.8000,5.8100,6.0300,333660,1965333.0000,3,0.926833,1,-3.650000,15.518002,0.413033,-13.510474,1.921282,0
2005-05-12,sh.600577,5.7800,5.7800,5.3000,5.5900,5.8100,720554,3984736.0000,3,2.001539,1,-3.790000,14.930402,0.397393,-12.998890,1.848531,0
2005-05-13,sh.600577,5.5100,5.6000,5.4100,5.5800,5.5900,331216,1832234.0000,3,0.920044,1,-0.180000,14.903693,0.396682,-12.975636,1.845224,0
2005-05-16,sh.600577,5.5900,5.5900,5.4500,5.5000,5.5800,116800,642255.0000,3,0.324444,1,-1.430000,14.690020,0.390995,-12.789605,1.818769,0
2005-05-17,sh.600577,5.5100,5.6800,5.4400,5.6000,5.5000,230380,1281451.0000,3,0.639944,1,1.820000,14.957111,0.398104,-13.022143,1.851838,0
2005-05-18,sh.600577,5.5900,5.7400,5.5900,5.7400,5.6000,342070,1932341.0000,3,0.950194,1,2.500000,15.331039,0.408057,-13.347697,1.898134,0
2005-05-19,sh.600577,5.7400,5.7500,5.6200,5.6600,5.7400,210828,1198623.0000,3,0.585633,1,-1.390000,15.117366,0.402369,-13.161666,1.871679,0
2005-05-20,sh.600577,5.6100,5.8800,5.6100,5.7500,5.6600,443090,2559290.0000,3,1.230806,1,1.590000,15.357748,0.408767,-13.370951,1.901440,0
2005-05-23,sh.600577,5.8000,5.8100,5.6300,5.7200,5.7500,509081,2935692.0000,3,1.414114,1,-0.520000,15.277620,0.406635,-13.301189,1.891520,0
2005-05-24,sh.600577,5.7200,6.0000,5.7200,5.9000,5.7200,572078,3398385.0000,3,1.589106,1,3.150000,15.758385,0.419431,-13.719758,1.951043,0
2005-05-25,sh.600577,5.9200,6.2000,5.8600,6.1400,5.9000,1401387,8441945.0000,3,3.892742,1,4.070000,16.399404,0.436493,-14.277850,2.030408,0
2005-05-26,sh.600577,6.1200,6.1200,5.6000,5.7900,6.1400,1009220,5874155.0000,3,2.803389,1,-5.700000,15.464584,0.411611,-13.463966,1.914668,0
2005-05-27,sh.600577,5.7000,5.8300,5.6500,5.7600,5.7900,349300,2013881.0000,3,0.970278,1,-0.520000,15.384457,0.409478,-13.394205,1.904747,0
2005-05-30,sh.600577,5.7600,5.7600,5.7600,5.7600,5.7600,0,0.0000,3,,0,0.000000,15.384457,0.409478,-13.394205,1.904747,0
2005-05-31,sh.600577,5.6800,5.8500,5.6300,5.6400,5.7600,217000,1237100.0000,3,0.602778,1,-2.080000,15.063947,0.400948,-13.115159,1.865065,0
2005-06-01,sh.600577,5.6400,5.6800,5.5600,5.5700,5.6400,242270,1355223.0000,3,0.672972,1,-1.240000,14.876983,0.395971,-12.952382,1.841917,0
2005-06-02,sh.600577,5.5200,5.6000,5.4600,5.4800,5.5700,149300,822965.0000,3,0.414722,1,-1.620000,14.636601,0.389573,-12.743098,1.812155,0
2005-06-03,sh.600577,5.5900,5.5900,5.4600,5.4700,5.4800,140652,775057.0000,3,0.390700,1,-0.180000,14.609892,0.388862,-12.719844,1.808849,0
2005-06-06,sh.600577,5.4600,5.6500,5.4600,5.6500,5.4700,105380,587523.0000,3,0.292722,1,3.290000,15.090656,0.401658,-13.138413,1.868372,0
2005-06-07,sh.600577,5.6500,5.7500,5.6200,5.6300,5.6500,211700,1201343.0000,3,0.588056,1,-0.350000,15.037238,0.400237,-13.091905,1.861758,0
2005-06-08,sh.600577,5.5900,6.0900,5.5900,6.0600,5.6300,718869,4262058.0000,3,1.996858,1,7.640000,16.185731,0.430805,-14.091820,2.003953,0
2005-06-09,sh.600577,6.1000,6.1000,5.8700,5.9700,6.0600,910314,5441016.0000,3,2.528650,1,-1.490000,15.945348,0.424407,-13.882535,1.974191,0
2005-06-10,sh.600577,5.9400,5.9400,5.7700,5.8000,5.9700,480968,2816074.0000,3,1.336022,1,-2.850000,15.491293,0.412322,-13.487220,1.917975,0
2005-06-13,sh.600577,5.8000,5.9000,5.7500,5.8400,5.8000,203479,1186786.0000,3,0.565219,1,0.690000,15.598130,0.415166,-13.580235,1.931202,0
2005-06-14,sh.600577,5.8700,5.9200,5.7500,5.7500,5.8400,205384,1199107.0000,3,0.570511,1,-1.540000,15.357748,0.408767,-13.370951,1.901440,0
2005-06-15,sh.600577,5.7100,5.7400,5.5500,5.5800,5.7500,159252,893746.0000,3,0.442367,1,-2.960000,14.903693,0.396682,-12.975636,1.845224,0
2005-06-16,sh.600577,5.6000,5.6400,5.5600,5.6300,5.5800,185100,1036449.0000,3,0.514167,1,0.900000,15.037238,0.400237,-13.091905,1.861758,0
2005-06-17,sh.600577,5.6500,5.6600,5.5600,5.6200,5.6300,134560,755708.0000,3,0.373778,1,-0.180000,15.010529,0.399526,-13.068651,1.858451,0
2005-06-20,sh.600577,5.5800,5.8000,5.5500,5.7900,5.6200,257510,1477677.0000,3,0.715306,1,3.020000,15.464584,0.411611,-13.463966,1.914668,0
2005-06-21,sh.600577,5.8500,5.8500,5.7500,5.7600,5.7900,148100,855407.0000,3,0.411389,1,-0.520000,15.384457,0.409478,-13.394205,1.904747,0
2005-06-22,sh.600577,5.7900,5.8500,5.7300,5.8300,5.7600,165777,963496.0000,3,0.460492,1,1.220000,15.571421,0.414455,-13.556982,1.927895,0
2005-06-23,sh.600577,5.8000,5.8300,5.7100,5.7500,5.8300,140720,813583.0000,3,0.390889,1,-1.370000,15.357748,0.408767,-13.370951,1.901440,0
2005-06-24,sh.600577,5.7400,5.7800,5.6600,5.7400,5.7500,89300,508678.0000,3,0.248056,1,-0.170000,15.331039,0.408057,-13.347697,1.898134,0
2005-06-27,sh.600577,5.8000,5.9900,5.8000,5.9300,5.7400,395223,2342085.0000,3,1.097842,1,3.310000,15.838512,0.421564,-13.789520,1.960964,0
2005-06-28,sh.600577,5.9000,5.9000,5.7800,5.8200,5.9300,230880,1341262.0000,3,0.641333,1,-1.850000,15.544712,0.413744,-13.533728,1.924588,0
2005-06-29,sh.600577,5.8200,5.8600,5.7800,5.8200,5.8200,191954,1116636.0000,3,0.533206,1,0.000000,15.544712,0.413744,-13.533728,1.924588,0
2005-06-30,sh.600577,5.8000,5.8000,5.5500,5.5500,5.8200,257982,1457828.0000,3,0.716617,1,-4.640000,14.823565,0.394549,-12.905874,1.835303,0
2005-07-01,sh.600577,5.5200,5.6200,5.4300,5.4400,5.5500,255700,1403526.0000,3,0.710278,1,-1.980000,14.529765,0.386730,-12.650082,1.798928,0
2005-07-04,sh.600577,5.3800,5.4600,5.1700,5.3000,5.4400,272508,1442940.0000,3,0.756967,1,-2.570000,14.155837,0.376777,-12.324529,1.752632,0
2005-07-05,sh.600577,5.1900,5.3300,5.1900,5.2900,5.3000,76109,401676.0000,3,0.211414,1,-0.190000,14.129128,0.376066,-12.301275,1.749325,0
2005-07-06,sh.600577,5.3100,5.3600,5.2800,5.3000,5.2900,66060,351472.0000,3,0.183500,1,0.190000,14.155837,0.376777,-12.324529,1.752632,0
2005-07-07,sh.600577,5.3000,5.3500,5.2600,5.3200,5.3000,96374,510307.0000,3,0.267706,1,0.380000,14.209255,0.378199,-12.371036,1.759246,0
2005-07-08,sh.600577,5.3000,5.3200,4.9500,4.9800,5.3200,363500,1862294.0000,3,1.009722,1,-6.390000,13.301145,0.354028,-11.580406,1.646813,0
2005-07-11,sh.600577,5.0400,5.2400,4.8500,4.8700,4.9800,230812,1153328.0000,3,0.641144,1,-2.210000,13.007345,0.346208,-11.324614,1.610437,0
2005-07-12,sh.600577,4.8700,5.0800,4.8600,5.0600,4.8700,318643,1587459.0000,3,0.885119,1,3.900000,13.514818,0.359715,-11.766437,1.673268,0
2005-07-13,sh.600577,5.0400,5.0400,4.9400,4.9500,5.0600,153720,765938.0000,3,0.427000,1,-2.170000,13.221018,0.351895,-11.510645,1.636892,0
2005-07-14,sh.600577,4.9500,5.0400,4.9500,4.9900,4.9500,153300,766541.0000,3,0.425833,1,0.810000,13.327854,0.354739,-11.603660,1.650120,0
2005-07-15,sh.600577,4.9900,5.0300,4.8800,4.8900,4.9900,129700,642787.0000,3,0.360278,1,-2.000000,13.060763,0.347630,-11.371122,1.617051,0
2005-07-18,sh.600577,4.8900,4.8900,4.7000,4.7200,4.8900,346068,1647542.0000,3,0.961300,1,-3.480000,12.606708,0.335545,-10.975807,1.560835,0
2005-07-19,sh.600577,4.7000,4.7500,4.6700,4.6900,4.7200,134640,633148.0000,3,0.374000,1,-0.640000,12.526580,0.333412,-10.906045,1.550914,0
2005-07-20,sh.600577,4.7000,4.7900,4.6700,4.7500,4.6900,74000,349936.0000,3,0.205556,1,1.280000,12.686835,0.337677,-11.045568,1.570755,0
2005-07-21,sh.600577,4.7500,4.8200,4.6700,4.8200,4.7500,148047,699985.0000,3,0.411242,1,1.470000,12.873799,0.342654,-11.208345,1.593903,0
2005-07-22,sh.600577,4.8200,5.1000,4.8000,5.0500,4.8200,467228,2322998.0000,3,1.297856,1,4.770000,13.488109,0.359004,-11.743183,1.669961,0
2005-07-25,sh.600577,5.1300,5.4500,5.1000,5.2400,5.0500,1669253,8781767.0000,3,4.636814,1,3.760000,13.995582,0.372512,-12.185006,1.732791,0
2005-07-26,sh.600577,5.2400,5.3800,5.2000,5.3700,5.2400,826250,4389047.0000,3,2.295139,1,2.480000,14.342801,0.381753,-12.487305,1.775780,0
2005-07-27,sh.600577,5.2900,5.3000,5.0900,5.2900,5.3700,1783054,9219678.0000,3,4.952928,1,-1.490000,15.863595,0.344635,6.202792,1.710472,0
2005-07-28,sh.600577,5.2600,5.2800,5.1300,5.1600,5.2900,947593,4934827.0000,3,2.632203,1,-2.460000,15.473753,0.336166,6.050360,1.668438,0
2005-07-29,sh.600577,5.1000,5.2200,5.0800,5.1900,5.1600,359220,1859922.0000,3,0.997833,1,0.580000,15.563716,0.338120,6.085537,1.678138,0
2005-08-01,sh.600577,5.1800,5.2600,5.1200,5.2000,5.1900,323996,1680233.0000,3,0.899989,1,0.192673,15.593704,0.338772,6.097262,1.681371,0
2005-08-02,sh.600577,5.2300,5.2500,5.1400,5.2500,5.2000,488611,2546095.0000,3,1.357253,1,0.961542,15.743644,0.342029,6.155890,1.697538,0
2005-08-03,sh.600577,5.3300,5.3800,5.2600,5.2600,5.2500,883001,4705730.0000,3,2.452781,1,0.190481,15.773632,0.342681,6.167615,1.700772,0
2005-08-04,sh.600577,5.2200,5.2500,5.1200,5.1600,5.2600,424399,2198820.0000,3,1.178886,1,-1.901148,15.473753,0.336166,6.050360,1.668438,0
2005-08-05,sh.600577,5.1600,5.4400,5.1600,5.4300,5.1600,1145964,6130937.0000,3,3.183233,1,5.232558,16.283426,0.353756,6.366949,1.755740,0
2005-08-08,sh.600577,5.4300,5.6300,5.4300,5.4700,5.4300,1178424,6516877.0000,3,3.273400,1,0.736648,16.403377,0.356362,6.413851,1.768673,0
2005-08-09,sh.600577,5.5200,5.7500,5.4900,5.7000,5.4700,923808,5209376.0000,3,2.566133,1,4.204754,17.093099,0.371346,6.683537,1.843042,0
2005-08-10,sh.600577,5.6800,5.7500,5.5400,5.7200,5.7000,688250,3891102.0000,3,1.911806,1,0.350877,17.153075,0.372649,6.706988,1.849509,0
2005-08-11,sh.600577,5.6700,6.1000,5.6100,6.0500,5.7200,1991259,11795192.0000,3,5.531275,1,5.769238,18.142675,0.394148,7.093930,1.956211,0
2005-08-12,sh.600577,6.0000,6.1000,5.9100,5.9700,6.0500,1600427,9594607.0000,3,4.445631,1,-1.322321,17.902772,0.388936,7.000126,1.930344,0
2005-08-15,sh.600577,5.9700,6.4900,5.9100,6.4200,5.9700,1246450,7819038.0000,3,3.462361,1,7.537694,19.252227,0.418253,7.527774,2.075847,0
2005-08-16,sh.600577,6.4200,6.4200,6.2000,6.3200,6.4200,787470,4962819.0000,3,2.187417,1,-1.557631,18.952348,0.411738,7.410518,2.043513,0
2005-08-17,sh.600577,6.5800,6.5800,6.1300,6.3800,6.3200,726826,4588928.0000,3,2.018961,1,0.949366,19.132276,0.415647,7.480871,2.062913,0
2005-08-18,sh.600577,6.3600,6.9500,6.2000,6.2100,6.3800,2034120,13579971.0000,3,5.650333,1,-2.664578,18.622481,0.404572,7.281538,2.007946,0
2005-08-19,sh.600577,6.1800,6.4100,5.8100,6.0700,6.2100,2091136,12661097.0000,3,5.808711,1,-2.254426,18.202651,0.395451,7.117381,1.962678,0
2005-08-22,sh.600577,6.0500,6.0900,5.8800,6.0800,6.0700,475175,2838956.0000,3,1.319931,1,0.164741,18.232639,0.396102,7.129106,1.965911,0
2005-08-23,sh.600577,6.0500,6.0500,5.8300,5.8900,6.0800,439060,2602531.0000,3,1.219611,1,-3.125001,17.662869,0.383724,6.906322,1.904477,0
2005-08-24,sh.600577,5.8900,6.0300,5.8900,5.9900,5.8900,367821,2199718.0000,3,1.021725,1,1.697791,17.962748,0.390239,7.023577,1.936811,0
2005-08-25,sh.600577,6.0000,6.1400,5.9000,6.0800,5.9900,408454,2459901.0000,3,1.134594,1,1.502507,18.232639,0.396102,7.129106,1.965911,0
2005-08-26,sh.600577,6.0500,6.1600,6.0100,6.1300,6.0800,443640,2704889.0000,3,1.232333,1,0.822372,18.382578,0.399360,7.187734,1.982078,0
2005-08-29,sh.600577,6.1300,6.1300,6.1300,6.1300,6.1300,0,0.0000,3,,0,0.000000,18.382578,0.399360,7.187734,1.982078,0
2005-08-30,sh.600577,5.9000,6.0400,5.8800,5.9600,6.1300,241202,1438323.0000,3,0.670006,1,-2.773247,17.872784,0.388285,6.988400,1.927110,0
2005-08-31,sh.600577,6.0300,6.0800,5.9000,6.0500,5.9600,293556,1761089.0000,3,0.815433,1,1.510070,18.142675,0.394148,7.093930,1.956211,0
2005-09-01,sh.600577,6.0500,6.2500,6.0000,6.2000,6.0500,592341,3653664.0000,3,1.645392,1,2.479332,18.592493,0.403920,7.269812,2.004712,0
2005-09-02,sh.600577,6.2200,6.3000,6.1800,6.2400,6.2000,438220,2734800.0000,3,1.217278,1,0.645161,18.712445,0.406526,7.316714,2.017646,0
2005-09-05,sh.600577,6.1500,6.3500,6.1500,6.3000,6.2400,396767,2494761.0000,3,1.102131,1,0.961545,18.892372,0.410435,7.387067,2.037046,0
2005-09-06,sh.600577,6.3100,6.3200,5.9900,6.0100,6.3000,722292,4456994.0000,3,2.006367,1,-4.603174,18.022724,0.391542,7.047028,1.943277,0
2005-09-07,sh.600577,5.9800,6.1800,5.9600,6.1800,6.0100,463611,2808918.0000,3,1.287808,1,2.828612,18.532518,0.402617,7.246361,1.998245,0
2005-09-08,sh.600577,6.1900,6.2900,6.1500,6.2500,6.1800,663444,4139374.0000,3,1.842900,1,1.132689,18.742433,0.407178,7.328440,2.020879,0
2005-09-09,sh.600577,6.3000,6.3100,6.1600,6.1800,6.2500,363573,2255605.0000,3,1.009925,1,-1.120003,18.532518,0.402617,7.246361,1.998245,0
2005-09-12,sh.600577,6.2000,6.2100,6.1000,6.1700,6.1800,201337,1239793.0000,3,0.559269,1,-0.161808,18.502530,0.401966,7.234636,1.995012,0
2005-09-13,sh.600577,6.1900,6.3900,6.1800,6.3700,6.1700,718291,4521633.0000,3,1.995253,1,3.241488,19.102288,0.414995,7.469146,2.059680,0
2005-09-14,sh.600577,6.4000,6.5500,6.3600,6.4300,6.3700,926543,5982326.0000,3,2.573731,1,0.941914,19.282215,0.418904,7.539499,2.079080,0
2005-09-15,sh.600577,6.3800,6.6800,6.3800,6.6500,6.4300,976931,6414995.0000,3,2.713697,1,3.421466,19.941949,0.433237,7.797460,2.150215,0
2005-09-16,sh.600577,6.6500,6.6500,6.4400,6.5800,6.6500,821641,5357359.0000,3,2.282336,1,-1.052634,19.732033,0.428677,7.715382,2.127582,0
2005-09-19,sh.600577,6.5600,6.6000,6.4100,6.5200,6.4800,394867,2572316.0000,3,1.096853,1,0.617283,19.552106,0.424768,7.645029,2.108181,0
2005-09-20,sh.600577,6.5200,6.5800,6.2900,6.3400,6.5200,556562,3566522.0000,3,1.546006,1,-2.760734,19.012324,0.413041,7.433969,2.049980,0
2005-09-21,sh.600577,6.3700,6.3700,6.2000,6.2000,6.3400,603999,3781090.0000,3,1.677775,1,-2.208207,18.592493,0.403920,7.269812,2.004712,0
2005-09-22,sh.600577,6.2000,6.2600,5.9800,6.0500,6.2000,483790,2960630.0000,3,1.343861,1,-2.419349,18.142675,0.394148,7.093930,1.956211,0
2005-09-23,sh.600577,6.0500,6.1300,6.0000,6.0600,6.0500,265970,1611443.0000,3,0.738806,1,0.165285,18.172663,0.394799,7.105655,1.959444,0
2005-09-26,sh.600577,6.0500,6.0700,5.8900,5.9600,6.0600,370416,2198896.0000,3,1.028933,1,-1.650164,17.872784,0.388285,6.988400,1.927110,0
2005-09-27,sh.600577,5.9200,6.0400,5.8500,5.8600,5.9600,303460,1796676.0000,3,0.842944,1,-1.677851,17.572905,0.381770,6.871145,1.894776,0
2005-09-28,sh.600577,5.8000,5.9300,5.7800,5.8200,5.8600,215889,1263388.0000,3,0.599692,1,-0.682593,17.452954,0.379164,6.824243,1.881843,0
2005-09-29,sh.600577,5.8300,5.9600,5.8300,5.9400,5.8200,253322,1496675.0000,3,0.703672,1,2.061854,17.812808,0.386982,6.964949,1.920644,0
2005-09-30,sh.600577,5.9400,6.0200,5.9400,5.9900,5.9400,254746,1523081.0000,3,0.707628,1,0.841746,17.962748,0.390239,7.023577,1.936811,0
2005-10-10,sh.600577,6.0500,6.0500,5.8500,5.8500,5.9900,220900,1305814.0000,3,0.613611,1,-2.337227,17.542917,0.381118,6.859420,1.891543,0
2005-10-11,sh.600577,5.8300,6.0300,5.7900,5.9800,5.8500,162090,959257.0000,3,0.450250,1,2.222224,17.932760,0.389588,7.011851,1.933577,0
2005-10-12,sh.600577,5.9600,6.0900,5.9500,6.0700,5.9800,233188,1402301.0000,3,0.647744,1,1.505019,18.202651,0.395451,7.117381,1.962678,0
2005-10-13,sh.600577,6.0500,6.0500,5.9100,5.9300,6.0700,152084,907171.0000,3,0.422456,1,-2.306431,17.782820,0.386330,6.953224,1.917410,0
2005-10-14,sh.600577,5.9400,5.9700,5.8000,5.8800,5.9300,253516,1491233.0000,3,0.704211,1,-0.843166,17.632881,0.383073,6.894596,1.901243,0
2005-10-17,sh.600577,5.8200,5.9300,5.8200,5.8700,5.8800,137213,802861.0000,3,0.381147,1,-0.170072,17.602893,0.382421,6.882871,1.898010,0
2005-10-18,sh.600577,5.8800,6.0500,5.8600,6.0300,5.8700,206424,1230079.0000,3,0.573400,1,2.725729,18.082699,0.392845,7.070479,1.949744,0
2005-10-19,sh.600577,6.0100,6.1400,6.0000,6.0500,6.0300,458766,2793829.0000,3,1.274350,1,0.331675,18.142675,0.394148,7.093930,1.956211,0
2005-10-20,sh.600577,6.0000,6.0500,5.8700,5.9900,6.0500,250151,1492250.0000,3,0.694864,1,-0.991742,17.962748,0.390239,7.023577,1.936811,0
2005-10-21,sh.600577,5.9800,6.1500,5.9800,6.1400,5.9900,344580,2094345.0000,3,0.957167,1,2.504175,18.412566,0.400011,7.199459,1.985312,0
2005-10-24,sh.600577,6.1500,6.3500,6.1200,6.3200,6.1400,916381,5764450.0000,3,2.545503,1,2.931601,16.928603,0.401037,10.821538,1.988178,0
2005-10-25,sh.600577,6.3100,6.3100,6.0600,6.1000,6.3200,466100,2864734.0000,3,1.294722,1,-3.481017,16.339316,0.387077,10.444839,1.918970,0
2005-10-26,sh.600577,6.1100,6.1200,5.9500,5.9500,6.1000,272998,1642622.0000,3,0.758328,1,-2.459018,15.937529,0.377559,10.187998,1.871782,0
2005-10-27,sh.600577,5.9300,5.9900,5.8500,5.8900,5.9500,380781,2251249.0000,3,1.057725,1,-1.008402,15.776815,0.373751,10.085262,1.852907,0
2005-10-28,sh.600577,5.9000,5.9900,5.6600,5.7300,5.8900,404000,2334540.0000,3,1.122222,1,-2.716466,15.348243,0.363598,9.811299,1.802573,0
2005-10-31,sh.600577,5.7700,5.7900,5.6100,5.7000,5.7300,199380,1137285.0000,3,0.553833,1,-0.523564,15.267885,0.361695,9.759931,1.793135,0
2005-11-01,sh.600577,5.7100,5.7100,5.5200,5.6400,5.7000,225500,1263839.0000,3,0.626389,1,-1.052631,15.107171,0.357887,9.657195,1.774260,0
2005-11-02,sh.600577,5.6500,5.8300,5.6500,5.7800,5.6400,212776,1225624.0000,3,0.591044,1,2.482276,15.482171,0.366771,9.896913,1.818302,0
2005-11-03,sh.600577,5.6500,5.7900,5.6500,5.6600,5.7800,148159,846807.0000,3,0.411553,1,-2.076131,15.160742,0.359157,9.691440,1.780552,0
2005-11-04,sh.600577,5.6000,5.8200,5.5800,5.7500,5.6600,104909,599601.0000,3,0.291414,1,1.590109,15.401814,0.364867,9.845545,1.808865,0
2005-11-07,sh.600577,5.7200,5.8200,5.7200,5.8000,5.7500,108077,625346.0000,3,0.300214,1,0.869568,15.535743,0.368040,9.931158,1.824594,0
2005-11-08,sh.600577,5.8200,5.8300,5.7100,5.8300,5.8000,124315,719509.0000,3,0.345319,1,0.517237,15.616100,0.369944,9.982526,1.834032,0
2005-11-09,sh.600577,5.7800,6.0100,5.7800,5.9700,5.8300,501720,2978716.0000,3,1.393667,1,2.401370,15.991101,0.378828,10.222244,1.878073,0
2005-11-10,sh.600577,5.9000,5.9200,5.7300,5.7800,5.9700,213087,1238228.0000,3,0.591908,1,-3.182573,15.482171,0.366771,9.896913,1.818302,0
2005-11-11,sh.600577,5.7400,5.8400,5.7000,5.7500,5.7800,217180,1251668.0000,3,0.603278,1,-0.519035,15.401814,0.364867,9.845545,1.808865,0
2005-11-14,sh.600577,5.7500,5.8700,5.7100,5.8300,5.7500,73200,424490.0000,3,0.203333,1,1.391303,15.616100,0.369944,9.982526,1.834032,0
2005-11-15,sh.600577,5.7600,5.8700,5.7100,5.7300,5.8300,121900,702350.0000,3,0.338611,1,-1.715264,15.348243,0.363598,9.811299,1.802573,0
2005-11-16,sh.600577,5.7200,5.8000,5.6700,5.7900,5.7300,82600,473567.0000,3,0.229444,1,1.047119,15.508957,0.367406,9.914035,1.821448,0
2005-11-17,sh.600577,5.8100,5.8500,5.7800,5.7800,5.7900,76681,445278.0000,3,0.213003,1,-0.172707,15.482171,0.366771,9.896913,1.818302,0
2005-11-18,sh.600577,5.7000,5.9500,5.7000,5.8800,5.7800,280132,1645399.0000,3,0.778144,1,1.730102,15.750029,0.373117,10.068139,1.849761,0
2005-11-21,sh.600577,5.9200,5.9800,5.8800,5.9200,5.8800,189666,1124166.0000,3,0.526850,1,0.680271,15.857172,0.375655,10.136630,1.862344,0
2005-11-22,sh.600577,5.9100,5.9300,5.7800,5.8000,5.9200,108000,631494.0000,3,0.300000,1,-2.027025,15.535743,0.368040,9.931158,1.824594,0
2005-11-23,sh.600577,5.8000,5.8700,5.8000,5.8600,5.8000,83959,490145.0000,3,0.233219,1,1.034482,15.696458,0.371848,10.033894,1.843469,0
2005-11-24,sh.600577,5.8600,6.0500,5.8600,6.0400,5.8600,413588,2468779.0000,3,1.148856,1,3.071669,16.178601,0.383270,10.342102,1.900094,0
2005-11-25,sh.600577,6.0800,6.1900,6.0600,6.1100,6.0400,1185428,7259731.0000,3,3.292856,1,1.158943,16.366102,0.387711,10.461961,1.922115,0
2005-11-28,sh.600577,6.1300,6.1500,5.9700,6.0300,6.1100,356665,2157192.0000,3,0.990736,1,-1.309328,16.151816,0.382635,10.324980,1.896949,0
2005-11-29,sh.600577,6.0200,6.0200,5.9000,5.9300,6.0300,156000,926920.0000,3,0.433333,1,-1.658381,15.883958,0.376289,10.153753,1.865490,0
2005-11-30,sh.600577,5.9200,6.0000,5.8800,5.9800,5.9300,132665,785618.0000,3,0.368514,1,0.843174,16.017887,0.379462,10.239366,1.881219,0
2005-12-01,sh.600577,5.9400,5.9900,5.9200,5.9400,5.9800,74040,440849.0000,3,0.205667,1,-0.668896,15.910744,0.376924,10.170876,1.868636,0
2005-12-02,sh.600577,5.9000,5.9200,5.8200,5.8200,5.9400,145080,849825.0000,3,0.403000,1,-2.020200,15.589314,0.369309,9.965403,1.830886,0
2005-12-05,sh.600577,5.7900,5.7900,5.6100,5.6400,5.8200,188620,1072016.0000,3,0.523944,1,-3.092789,15.107171,0.357887,9.657195,1.774260,0
2005-12-06,sh.600577,5.6000,5.6800,5.5800,5.6500,5.6400,92240,521042.0000,3,0.256222,1,0.177309,15.133956,0.358522,9.674318,1.777406,0
2005-12-07,sh.600577,5.6500,5.7500,5.6300,5.6900,5.6500,131920,748846.0000,3,0.366444,1,0.707964,15.241100,0.361060,9.742808,1.789990,0
2005-12-08,sh.600577,5.7000,5.7500,5.5800,5.5900,5.6900,253940,1429359.0000,3,0.705389,1,-1.757468,14.973242,0.354715,9.571582,1.758531,0
2005-12-09,sh.600577,5.6100,5.7300,5.5900,5.7200,5.5900,184420,1044894.0000,3,0.512278,1,2.325575,15.321457,0.362964,9.794177,1.799427,0
2005-12-12,sh.600577,5.7200,5.9000,5.7000,5.8200,5.7200,331900,1934092.0000,3,0.921944,1,1.748258,15.589314,0.369309,9.965403,1.830886,0
2005-12-13,sh.600577,5.9000,5.9500,5.8500,5.9000,5.8200,491540,2901522.0000,3,1.365389,1,1.374569,15.803601,0.374386,10.102385,1.856053,0
2005-12-14,sh.600577,5.9000,6.0400,5.8400,6.0200,5.9000,681541,4058917.0000,3,1.893169,1,2.033896,16.125030,0.382000,10.307857,1.893803,0
2005-12-15,sh.600577,6.0100,6.0900,5.9600,6.0300,6.0200,614733,3714464.0000,3,1.707592,1,0.166117,16.151816,0.382635,10.324980,1.896949,0
2005-12-16,sh.600577,5.9400,6.0300,5.9200,5.9700,6.0300,259500,1545781.0000,3,0.720833,1,-0.995032,15.991101,0.378828,10.222244,1.878073,0
2005-12-19,sh.600577,5.9100,5.9700,5.8700,5.9200,5.9700,226041,1339392.0000,3,0.627892,1,-0.837516,15.857172,0.375655,10.136630,1.862344,0
2005-12-20,sh.600577,5.9000,5.9900,5.9000,5.9800,5.9200,167250,994238.0000,3,0.464583,1,1.013512,16.017887,0.379462,10.239366,1.881219,0
2005-12-21,sh.600577,5.9200,5.9800,5.8500,5.8600,5.9800,256860,1515201.0000,3,0.713500,1,-2.006687,15.696458,0.371848,10.033894,1.843469,0
2005-12-22,sh.600577,5.8300,5.8800,5.8000,5.8600,5.8600,157500,917548.0000,3,0.437500,1,0.000000,15.696458,0.371848,10.033894,1.843469,0
2005-12-23,sh.600577,5.8500,6.0100,5.8500,6.0100,5.8600,345740,2061661.0000,3,0.960389,1,2.559729,16.098244,0.381366,10.290734,1.890657,0
2005-12-26,sh.600577,6.0200,6.0500,5.9600,6.0100,6.0100,178900,1075407.0000,3,0.496944,1,0.000000,16.098244,0.381366,10.290734,1.890657,0
2005-12-27,sh.600577,6.0100,6.0600,5.9700,6.0300,6.0100,230200,1388339.0000,3,0.639444,1,0.332778,16.151816,0.382635,10.324980,1.896949,0
2005-12-28,sh.600577,6.0000,6.0500,5.9300,5.9400,6.0300,197300,1175711.0000,3,0.548056,1,-1.492540,15.910744,0.376924,10.170876,1.868636,0
2005-12-29,sh.600577,5.9500,6.0800,5.9500,6.0700,5.9400,425068,2558053.0000,3,1.180744,1,2.188554,16.258959,0.385173,10.393471,1.909532,0
2005-12-30,sh.600577,6.1500,6.1500,5.9800,6.1200,6.0700,741231,4502134.0000,3,2.058975,1,0.823719,16.392887,0.388346,10.479084,1.925261,0
2006-01-04,sh.600577,6.3300,6.6500,6.2100,6.4900,6.1200,2901618,18645766.0000,3,8.060050,1,6.045750,17.383961,0.411824,11.112623,2.041658,0
2006-01-05,sh.600577,6.4600,6.5400,6.4000,6.4800,6.4900,1325882,8564168.0000,3,3.683006,1,-0.154079,17.357175,0.411190,11.095501,2.038512,0
2006-01-06,sh.600577,6.5000,6.7000,6.4100,6.6000,6.4800,1663782,10931916.0000,3,4.621617,1,1.851850,17.678604,0.418804,11.300973,2.076262,0
2006-01-09,sh.600577,6.6000,6.6500,6.5000,6.6300,6.6000,961506,6319453.0000,3,2.670850,1,0.454549,17.758961,0.420708,11.352341,2.085700,0
2006-01-10,sh.600577,6.6000,6.6100,6.4300,6.5500,6.6300,686000,4465203.0000,3,1.905556,1,-1.206635,17.544675,0.415632,11.215359,2.060533,0
2006-01-11,sh.600577,6.5400,6.5400,6.3000,6.3800,6.5500,1182294,7559833.0000,3,3.284150,1,-2.595421,17.089317,0.404844,10.924274,2.007053,0
2006-01-12,sh.600577,6.3800,6.5600,6.3800,6.5100,6.3800,757149,4903370.0000,3,2.103192,1,2.037619,17.437532,0.413093,11.146869,2.047949,0
2006-01-13,sh.600577,6.5000,6.6000,6.4800,6.5400,6.5100,792738,5176397.0000,3,2.202050,1,0.460825,17.517889,0.414997,11.198237,2.057387,0
2006-01-16,sh.600577,6.5200,6.5200,6.3600,6.4100,6.5400,653400,4192202.0000,3,1.815000,1,-1.987769,17.169675,0.406748,10.975642,2.016491,0
2006-01-17,sh.600577,6.3500,6.4400,6.3500,6.4100,6.4100,308705,1975100.0000,3,0.857514,1,0.000000,17.169675,0.406748,10.975642,2.016491,0
2006-01-18,sh.600577,6.4000,6.5500,6.4000,6.5300,6.4100,553097,3589495.0000,3,1.536381,1,1.872081,17.491104,0.414363,11.181114,2.054241,0
2006-01-19,sh.600577,6.5800,6.7100,6.5500,6.6300,6.5300,1255721,8319807.0000,3,3.488114,1,1.531392,17.758961,0.420708,11.352341,2.085700,0
2006-01-20,sh.600577,6.6700,6.7000,6.5300,6.6200,6.6300,823459,5448668.0000,3,2.287386,1,-0.150833,17.732176,0.420074,11.335218,2.082554,0
2006-01-23,sh.600577,6.5800,6.6800,6.4800,6.6400,6.6200,667926,4389633.0000,3,1.855350,1,0.302115,17.785747,0.421343,11.369464,2.088846,0
2006-01-24,sh.600577,6.6000,6.8200,6.5400,6.7800,6.6400,924318,6219306.0000,3,2.567550,1,2.108439,18.160748,0.430226,11.609181,2.132887,0
2006-01-25,sh.600577,6.7800,6.7800,6.5600,6.6600,6.7800,551110,3666163.0000,3,1.530861,1,-1.769917,17.839319,0.422612,11.403709,2.095137,0
2006-02-06,sh.600577,6.8500,6.9400,6.7000,6.8900,6.6600,877492,5994464.0000,3,2.437478,1,3.453454,18.455391,0.437206,11.797531,2.167492,0
2006-02-07,sh.600577,6.8100,6.8500,6.6500,6.7200,6.8900,956026,6436251.0000,3,2.655628,1,-2.467345,18.000033,0.426419,11.506445,2.114012,0
2006-02-08,sh.600577,6.6800,6.7200,6.5800,6.7200,6.7200,408609,2717510.0000,3,1.135025,1,0.000000,18.000033,0.426419,11.506445,2.114012,0
2006-02-09,sh.600577,6.6800,6.6800,6.5100,6.5100,6.7200,457034,3005891.0000,3,1.269539,1,-3.124994,17.437532,0.413093,11.146869,2.047949,0
2006-02-10,sh.600577,6.5300,6.6100,6.5100,6.6000,6.5100,429135,2811875.0000,3,1.192042,1,1.382483,17.678604,0.418804,11.300973,2.076262,0
2006-02-13,sh.600577,6.5800,6.6000,6.4300,6.4800,6.6000,314900,2045096.0000,3,0.874722,1,-1.818180,17.357175,0.411190,11.095501,2.038512,0
2006-02-14,sh.600577,6.5600,6.5900,6.4800,6.5900,6.4800,199491,1309203.0000,3,0.554142,1,1.697533,17.651818,0.418170,11.283850,2.073116,0
2006-02-15,sh.600577,6.5600,6.7200,6.5500,6.6800,6.5900,566186,3757777.0000,3,1.572739,1,1.365701,17.892890,0.423881,11.437954,2.101429,0
2006-02-16,sh.600577,6.6800,6.6900,6.4200,6.4200,6.6800,481240,3148682.0000,3,1.336778,1,-3.892212,17.196460,0.407382,10.992765,2.019637,0
2006-02-17,sh.600577,6.4000,6.5500,6.4000,6.5200,6.4200,349188,2264419.0000,3,0.969967,1,1.557631,17.464318,0.413728,11.163991,2.051095,0
2006-02-20,sh.600577,6.5400,6.5400,6.4100,6.4500,6.5200,177000,1143504.0000,3,0.491667,1,-1.073622,17.276818,0.409286,11.044133,2.029074,0
2006-02-21,sh.600577,6.4100,6.5400,6.4000,6.5300,6.4500,267571,1725086.0000,3,0.743253,1,1.240316,17.491104,0.414363,11.181114,2.054241,0
2006-02-22,sh.600577,6.5100,6.5700,6.4900,6.5600,6.5300,249349,1627549.0000,3,0.692636,1,0.459414,17.571461,0.416266,11.232482,2.063679,0
2006-02-23,sh.600577,6.5800,6.5800,6.4300,6.5000,6.5600,108948,707396.0000,3,0.302633,1,-0.914633,17.410746,0.412459,11.129746,2.044804,0
2006-02-24,sh.600577,6.4800,6.5900,6.4400,6.5500,6.5000,306541,2003556.0000,3,0.851503,1,0.769234,17.544675,0.415632,11.215359,2.060533,0
2006-02-27,sh.600577,6.4800,6.7000,6.4800,6.6900,6.5500,625561,4144364.0000,3,1.737669,1,2.137403,17.919676,0.424515,11.455077,2.104575,0
2006-02-28,sh.600577,6.6800,6.6800,6.4700,6.5700,6.6900,345936,2274769.0000,3,0.960933,1,-1.793720,16.211697,0.344380,10.259634,2.048973,0
2006-03-01,sh.600577,6.5900,6.9000,6.5900,6.8400,6.5700,1246391,8468575.0000,3,3.462197,1,4.109589,16.877932,0.358532,10.681263,2.133177,0
2006-03-02,sh.600577,6.8000,6.8700,6.5900,6.6000,6.8400,850220,5729887.0000,3,2.361722,1,-3.508775,16.285723,0.345952,10.306482,2.058329,0
2006-03-03,sh.600577,6.6200,6.6200,6.4800,6.6100,6.6000,432186,2821218.0000,3,1.200517,1,0.151519,16.310399,0.346476,10.322097,2.061447,0
2006-03-06,sh.600577,6.6100,6.6100,6.6100,6.6100,6.6100,0,0.0000,3,,0,0.000000,16.310399,0.346476,10.322097,2.061447,0
2006-03-07,sh.600577,6.6100,6.6100,6.6100,6.6100,6.6100,0,0.0000,3,,0,0.000000,16.310399,0.346476,10.322097,2.061447,0
2006-03-08,sh.600577,6.6100,6.6100,6.6100,6.6100,6.6100,0,0.0000,3,,0,0.000000,16.310399,0.346476,10.322097,2.061447,0
2006-03-09,sh.600577,6.6100,6.6100,6.6100,6.6100,6.6100,0,0.0000,3,,0,0.000000,16.310399,0.346476,10.322097,2.061447,0
2006-03-10,sh.600577,6.6100,6.6100,6.6100,6.6100,6.6100,0,0.0000,3,,0,0.000000,16.310399,0.346476,10.322097,2.061447,0
2006-03-13,sh.600577,6.6100,6.6100,6.6100,6.6100,6.6100,0,0.0000,3,,0,0.000000,16.310399,0.346476,10.322097,2.061447,0
2006-03-14,sh.600577,6.6100,6.6100,6.6100,6.6100,6.6100,0,0.0000,3,,0,0.000000,16.310399,0.346476,10.322097,2.061447,0
2006-03-15,sh.600577,6.6000,6.6000,6.2300,6.4700,6.6100,626207,4017963.0000,3,1.739464,1,-2.118008,15.964944,0.339138,10.103475,2.017786,0
2006-03-16,sh.600577,6.4400,6.5000,6.4000,6.5000,6.4700,252500,1632238.0000,3,0.701389,1,0.463682,16.038970,0.340711,10.150323,2.027142,0
2006-03-17,sh.600577,6.5000,6.5500,6.4200,6.4700,6.5000,265799,1723897.0000,3,0.738331,1,-0.461542,15.964944,0.339138,10.103475,2.017786,0
2006-03-20,sh.600577,6.4800,6.5000,6.4200,6.4800,6.4700,284440,1839160.0000,3,0.790111,1,0.154563,15.989619,0.339662,10.119091,2.020905,0
2006-03-21,sh.600577,6.5000,6.5600,6.4500,6.5200,6.4800,369591,2406616.0000,3,1.026642,1,0.617283,16.088321,0.341759,10.181554,2.033379,0
2006-03-22,sh.600577,6.5200,6.5200,6.4500,6.4700,6.5200,353500,2290231.0000,3,0.981944,1,-0.766874,15.964944,0.339138,10.103475,2.017786,0
2006-03-23,sh.600577,6.4800,6.5400,6.4200,6.5300,6.4700,660274,4276710.0000,3,1.834094,1,0.927364,16.112996,0.342283,10.197170,2.036498,0
2006-03-24,sh.600577,6.5500,6.8500,6.4900,6.7600,6.5300,1659243,11047379.0000,3,4.609008,1,3.522205,16.680529,0.354339,10.556336,2.108228,0
2006-03-27,sh.600577,6.7600,6.7600,6.7600,6.7600,6.7600,0,0.0000,3,,0,0.000000,16.680529,0.354339,10.556336,2.108228,0
2006-03-28,sh.600577,6.7600,6.7600,6.7600,6.7600,6.7600,0,0.0000,3,,0,0.000000,16.680529,0.354339,10.556336,2.108228,0
2006-03-29,sh.600577,6.7600,6.7600,6.7600,6.7600,6.7600,0,0.0000,3,,0,0.000000,16.680529,0.354339,10.556336,2.108228,0
2006-03-30,sh.600577,6.7600,6.7600,6.7600,6.7600,6.7600,0,0.0000,3,,0,0.000000,16.680529,0.354339,10.556336,2.108228,0
2006-03-31,sh.600577,6.7600,6.7600,6.7600,6.7600,6.7600,0,0.0000,3,,0,0.000000,16.680529,0.354339,10.556336,2.108228,0
2006-04-03,sh.600577,6.7600,6.7600,6.7600,6.7600,6.7600,0,0.0000,3,,0,0.000000,16.680529,0.354339,10.556336,2.108228,0
2006-04-04,sh.600577,6.7600,6.7600,6.7600,6.7600,6.7600,0,0.0000,3,,0,0.000000,16.680529,0.354339,10.556336,2.108228,0
2006-04-05,sh.600577,6.7600,6.7600,6.7600,6.7600,6.7600,0,0.0000,3,,0,0.000000,16.680529,0.354339,10.556336,2.108228,0
2006-04-06,sh.600577,6.7600,6.7600,6.7600,6.7600,6.7600,0,0.0000,3,,0,0.000000,16.680529,0.354339,10.556336,2.108228,0
2006-04-07,sh.600577,6.7600,6.7600,6.7600,6.7600,6.7600,0,0.0000,3,,0,0.000000,16.680529,0.354339,10.556336,2.108228,0
2006-04-10,sh.600577,6.7600,6.7600,6.7600,6.7600,6.7600,0,0.0000,3,,0,0.000000,16.680529,0.354339,10.556336,2.108228,0
2006-04-11,sh.600577,6.7600,6.7600,6.7600,6.7600,6.7600,0,0.0000,3,,0,0.000000,16.680529,0.354339,10.556336,2.108228,0
2006-04-12,sh.600577,6.7600,6.7600,6.7600,6.7600,6.7600,0,0.0000,3,,0,0.000000,16.680529,0.354339,10.556336,2.108228,0
2006-04-13,sh.600577,6.7600,6.7600,6.7600,6.7600,6.7600,0,0.0000,3,,0,0.000000,16.680529,0.354339,10.556336,2.108228,0
2006-04-14,sh.600577,6.7600,6.7600,6.7600,6.7600,6.7600,0,0.0000,3,,0,0.000000,16.680529,0.354339,10.556336,2.108228,0
2006-04-17,sh.600577,6.7600,6.7600,6.7600,6.7600,6.7600,0,0.0000,3,,0,0.000000,16.680529,0.354339,10.556336,2.108228,0
2006-04-18,sh.600577,5.8900,5.9300,5.6500,5.8200,6.7600,3207373,18538148.0000,3,7.127496,1,-13.905330,14.361047,0.305067,9.088443,1.815072,0
2006-04-19,sh.600577,5.8000,5.8000,5.5500,5.6400,5.8200,1702989,9634953.0000,3,3.784420,1,-3.092789,13.916891,0.295632,8.807357,1.758935,0
2006-04-20,sh.600577,5.6400,5.6900,5.5200,5.5900,5.6400,1085121,6061210.0000,3,2.411380,1,-0.886520,13.793514,0.293011,8.729278,1.743342,0
2006-04-21,sh.600577,5.6400,5.6600,5.3900,5.6400,5.5900,1252851,6910673.0000,3,2.784113,1,0.894449,13.916891,0.295632,8.807357,1.758935,0
2006-04-24,sh.600577,5.6300,5.6300,5.3800,5.4200,5.6400,1009401,5510171.0000,3,2.243113,1,-3.900706,13.374033,0.284100,8.463808,1.690325,0
2006-04-25,sh.600577,5.4000,5.6700,5.2300,5.6000,5.4200,1746464,9556509.0000,3,3.881031,1,3.321030,13.818190,0.293535,8.744893,1.746461,0
2006-04-26,sh.600577,5.5900,5.8400,5.5200,5.7500,5.6000,2112141,12129332.0000,3,4.693647,1,2.678573,14.188320,0.301398,8.979132,1.793241,0
2006-04-27,sh.600577,5.7100,5.8000,5.6200,5.6900,5.7500,845079,4789957.0000,3,1.877953,1,-1.043477,14.040268,0.298253,8.885436,1.774529,0
2006-04-28,sh.600577,5.6700,5.8800,5.5400,5.8100,5.6900,1305292,7488981.0000,3,2.900649,1,2.108961,13.335799,0.251947,5.527626,1.741893,0
2006-05-08,sh.600577,5.8800,5.9100,5.8000,5.9100,5.8100,1496556,8768132.0000,3,3.325680,1,1.721169,13.565331,0.256283,5.622766,1.771874,0
2006-05-09,sh.600577,5.9500,6.3300,5.9100,6.1500,5.9100,1864942,11446135.0000,3,4.144316,1,4.060918,14.116208,0.266691,5.851102,1.843829,0
2006-05-10,sh.600577,6.1600,6.2400,6.0000,6.2200,6.1500,1639442,10036748.0000,3,3.643204,1,1.138206,14.276880,0.269726,5.917700,1.864815,0
2006-05-11,sh.600577,6.2200,6.3000,5.8800,5.8900,6.2200,2067263,12667255.0000,3,4.593918,1,-5.305465,13.519425,0.255416,5.603738,1.765878,0
2006-05-12,sh.600577,5.8900,6.1900,5.8800,6.1700,5.8900,1648016,10046514.0000,3,3.662258,1,4.753824,14.162114,0.267558,5.870130,1.849825,0
2006-05-15,sh.600577,6.1700,6.4800,6.1300,6.4600,6.1700,2896098,18149626.0000,3,6.435773,1,4.700161,14.827756,0.280134,6.146035,1.936770,0
2006-05-16,sh.600577,6.4800,6.5000,6.0100,6.0800,6.4600,2258236,14098382.0000,3,5.018302,1,-5.882355,13.955535,0.263655,5.784504,1.822842,0
2006-05-17,sh.600577,6.0800,6.1900,6.0100,6.1100,6.0800,1343532,8192086.0000,3,2.985627,1,0.493424,14.024395,0.264956,5.813046,1.831836,0
2006-05-18,sh.600577,6.0800,6.1500,5.9800,6.1500,6.1100,1130285,6825134.0000,3,2.511744,1,0.654664,14.116208,0.266691,5.851102,1.843829,0
2006-05-19,sh.600577,6.1500,6.3900,6.1300,6.3300,6.1500,1670871,10546617.0000,3,3.713047,1,2.926826,14.529365,0.274496,6.022353,1.897794,0
2006-05-22,sh.600577,6.3400,6.6000,6.3400,6.5000,6.3300,1806321,11769853.0000,3,4.014047,1,2.685625,14.919569,0.281868,6.184091,1.948762,0
2006-05-23,sh.600577,6.5000,6.5000,6.0300,6.0500,6.5000,1813464,11337389.0000,3,4.029920,1,-6.923074,13.886676,0.262354,5.755962,1.813848,0
2006-05-24,sh.600577,6.0500,6.2000,5.8300,5.9800,6.0500,1134772,6819766.0000,3,2.521716,1,-1.157028,13.726004,0.259319,5.689364,1.792861,0
2006-05-25,sh.600577,5.9500,6.1200,5.9500,6.1000,5.9800,729177,4393795.0000,3,1.620393,1,2.006687,14.001442,0.264523,5.803532,1.828838,0
2006-05-26,sh.600577,6.1200,6.1600,6.0500,6.1200,6.1000,746039,4567224.0000,3,1.657864,1,0.327869,14.047348,0.265390,5.822560,1.834834,0
2006-05-29,sh.600577,6.1500,6.5500,6.1200,6.5000,6.1200,2201522,14156501.0000,3,4.892271,1,6.209152,14.919569,0.281868,6.184091,1.948762,0
2006-05-30,sh.600577,6.4900,6.5500,6.3300,6.4700,6.5000,1509941,9747686.0000,3,3.355424,1,-0.461542,14.850709,0.280567,6.155549,1.939768,0
2006-05-31,sh.600577,6.4500,6.6700,6.3700,6.4800,6.4700,1705583,11127376.0000,3,3.790184,1,0.154563,14.873663,0.281001,6.165063,1.942766,0
2006-06-01,sh.600577,6.4700,6.7900,6.4100,6.7800,6.4800,2676081,17809369.0000,3,5.946847,1,4.629632,15.562258,0.294010,6.450483,2.032709,0
2006-06-02,sh.600577,6.8000,6.9800,6.7100,6.7600,6.7800,2096540,14307123.0000,3,4.658978,1,-0.294985,15.516352,0.293143,6.431455,2.026712,0
2006-06-05,sh.600577,6.7200,6.9000,6.6000,6.8200,6.7600,1388736,9355496.0000,3,3.086080,1,0.887573,15.654071,0.295745,6.488539,2.044701,0
2006-06-06,sh.600577,6.8000,7.0500,6.7200,6.8200,6.8200,1434459,9906086.0000,3,3.187687,1,0.000000,15.654071,0.295745,6.488539,2.044701,0
2006-06-07,sh.600577,6.8200,6.8200,6.2200,6.2400,6.8200,1571095,10232751.0000,3,3.491322,1,-8.504404,14.322786,0.270594,5.936728,1.870811,0
2006-06-08,sh.600577,6.1600,6.3000,6.0300,6.2100,6.2400,1048668,6453779.0000,3,2.330373,1,-0.480765,14.253927,0.269293,5.908186,1.861817,0
2006-06-09,sh.600577,6.2200,6.2700,6.0400,6.0500,6.2100,783833,4825511.0000,3,1.741851,1,-2.576487,13.886676,0.262354,5.755962,1.813848,0
2006-06-12,sh.600577,6.0000,6.1000,5.9500,6.0800,6.0500,436821,2634809.0000,3,0.970713,1,0.495863,13.955535,0.263655,5.784504,1.822842,0
2006-06-13,sh.600577,6.0600,6.3200,6.0600,6.1600,6.0800,657886,4062124.0000,3,1.461969,1,1.315788,14.139161,0.267124,5.860616,1.846827,0
2006-06-14,sh.600577,6.1600,6.2800,6.0700,6.2200,6.1600,313304,1931338.0000,3,0.696231,1,0.974025,14.276880,0.269726,5.917700,1.864815,0
2006-06-15,sh.600577,6.4000,6.6700,6.4000,6.5900,6.2200,2525595,16626111.0000,3,5.612433,1,5.948559,15.126148,0.285771,6.269717,1.975745,0
2006-06-16,sh.600577,6.5500,6.7400,6.5000,6.7300,6.5900,1679368,11132616.0000,3,3.731929,1,2.124429,15.447492,0.291842,6.402913,2.017718,0
2006-06-19,sh.600577,6.7300,6.7500,6.6100,6.7100,6.7300,1403299,9381077.0000,3,3.118442,1,-0.297177,15.401586,0.290975,6.383885,2.011722,0
2006-06-20,sh.600577,6.7300,6.8500,6.6600,6.7500,6.7100,1081526,7289381.0000,3,2.403391,1,0.596125,15.493399,0.292709,6.421941,2.023714,0
2006-06-21,sh.600577,6.7500,6.8100,6.5000,6.5900,6.7500,1264990,8389131.0000,3,2.811089,1,-2.370368,15.126148,0.285771,6.269717,1.975745,0
2006-06-22,sh.600577,6.5500,6.7500,6.4400,6.7100,6.5900,1123796,7396981.0000,3,2.497324,1,1.820939,15.401586,0.290975,6.383885,2.011722,0
2006-06-23,sh.600577,6.6200,7.3800,6.6200,7.2200,6.7100,4528955,32286166.0000,3,10.064344,1,7.600592,16.572198,0.313091,6.869098,2.164625,0
2006-06-26,sh.600577,7.1500,7.8000,7.1200,7.6700,7.2200,3919888,29724159.0000,3,8.710862,1,6.232691,17.605091,0.332605,7.297228,2.299539,0
2006-06-27,sh.600577,7.6800,7.8000,7.5200,7.8000,7.6700,2362645,18165718.0000,3,5.250322,1,1.694917,17.903483,0.338242,7.420909,2.338514,0
2006-06-28,sh.600577,7.7900,7.7900,7.5000,7.6100,7.8000,1524709,11638974.0000,3,3.388242,1,-2.435898,17.467372,0.330003,7.240144,2.281551,0
2006-06-29,sh.600577,7.5800,8.0600,7.4000,7.5000,7.6100,3127820,24209291.0000,3,6.950711,1,-1.445468,17.214887,0.325233,7.135490,2.248571,0
2006-06-30,sh.600577,7.5000,7.7500,7.3600,7.7500,7.5000,2700730,20462565.0000,3,6.001622,1,3.333333,17.788717,0.336074,7.373339,2.323524,0
2006-07-03,sh.600577,7.7000,7.7800,7.5900,7.7000,7.7500,2150828,16509103.0000,3,4.779618,1,-0.645164,17.673951,0.333906,7.325770,2.308533,0
2006-07-04,sh.600577,7.5900,7.7800,7.4900,7.5800,7.7000,1927814,14619852.0000,3,4.284031,1,-1.558440,17.398513,0.328702,7.211602,2.272556,0
2006-07-05,sh.600577,7.5800,8.3400,7.5000,8.2800,7.5800,5378875,43276272.0000,3,11.953056,1,9.234826,19.005236,0.359057,7.877581,2.482423,0
2006-07-06,sh.600577,8.2000,8.3700,8.0400,8.2800,8.2800,2929384,24082966.0000,3,6.509742,1,0.000000,19.005236,0.359057,7.877581,2.482423,0
2006-07-07,sh.600577,8.2800,8.3200,8.0000,8.0600,8.2800,1912733,15535228.0000,3,4.250518,1,-2.656997,18.500266,0.349517,7.668273,2.416465,0
2006-07-10,sh.600577,8.0600,8.4500,8.0600,8.4300,8.0600,2456985,20444721.0000,3,5.459967,1,4.590569,19.349533,0.365562,8.020291,2.527394,0
2006-07-11,sh.600577,8.4800,8.5200,8.2600,8.4300,8.4300,1593429,13389654.0000,3,3.540953,1,0.000000,19.349533,0.365562,8.020291,2.527394,0
2006-07-12,sh.600577,8.4200,8.4900,8.0000,8.0300,8.4300,2660013,21902464.0000,3,5.911140,1,-4.744965,18.431406,0.348216,7.639731,2.407471,0
2006-07-13,sh.600577,8.1000,8.3200,7.3100,7.3900,8.0300,3773111,29737760.0000,3,8.384691,1,-7.970110,16.962402,0.320463,7.030836,2.215592,0
2006-07-14,sh.600577,7.2100,7.5400,7.2100,7.4800,7.3900,1551764,11542062.0000,3,3.448364,1,1.217864,17.168981,0.324365,7.116462,2.242575,0
2006-07-17,sh.600577,7.5200,7.9200,7.4800,7.8900,7.4800,1846145,14247525.0000,3,4.102544,1,5.481281,18.110061,0.342145,7.506535,2.365497,0
2006-07-18,sh.600577,7.9000,8.3500,7.8200,8.2600,7.8900,2835173,23039403.0000,3,6.300384,1,4.689485,17.662163,0.282441,26.264158,2.409256,0
2006-07-19,sh.600577,8.2400,8.2600,7.6900,7.7700,8.2600,2066469,16387075.0000,3,4.592153,1,-5.932206,16.614407,0.265686,24.706114,2.266334,0
2006-07-20,sh.600577,7.7800,7.9500,7.6600,7.8300,7.7700,950152,7424567.0000,3,2.111449,1,0.772200,16.742704,0.267738,24.896895,2.283835,0
2006-07-21,sh.600577,7.8800,7.9200,7.7700,7.8200,7.8300,749309,5865572.0000,3,1.665131,1,-0.127711,16.721321,0.267396,24.865098,2.280918,0
2006-07-24,sh.600577,7.6800,8.1000,7.5000,8.0200,7.8200,1428860,11309163.0000,3,3.175244,1,2.557548,17.148976,0.274235,25.501034,2.339254,0
2006-07-25,sh.600577,8.0600,8.1200,7.8400,7.9700,8.0200,1869776,14850330.0000,3,4.155058,1,-0.623450,17.042063,0.272525,25.342050,2.324670,0
2006-07-26,sh.600577,7.9700,8.0900,7.9100,7.9900,7.9700,838905,6715805.0000,3,1.864233,1,0.250941,17.084828,0.273209,25.405644,2.330503,0
2006-07-27,sh.600577,7.9600,8.0200,7.6500,7.7500,7.9900,1322274,10281363.0000,3,2.938387,1,-3.003752,16.571642,0.265002,24.642521,2.260501,0
2006-07-28,sh.600577,7.7100,7.7900,7.4000,7.5300,7.7500,1352564,10222018.0000,3,3.005698,1,-2.838707,16.101221,0.257480,23.942991,2.196332,0
2006-07-31,sh.600577,7.4500,7.4600,7.2000,7.2200,7.5300,720750,5306124.0000,3,1.601667,1,-4.116871,15.438355,0.246879,22.957290,2.105912,0
2006-08-01,sh.600577,7.2200,7.4500,7.1800,7.2500,7.2200,683925,4990432.0000,3,1.519833,1,0.415515,15.502504,0.247905,23.052681,2.114662,0
2006-08-02,sh.600577,7.2600,7.4000,7.2200,7.3600,7.2500,572966,4191902.0000,3,1.273258,1,1.517243,15.737714,0.251667,23.402446,2.146746,0
2006-08-03,sh.600577,7.4200,7.4200,7.2000,7.3200,7.3600,419784,3063025.0000,3,0.932853,1,-0.543478,15.652183,0.250299,23.275258,2.135079,0
2006-08-04,sh.600577,7.3000,7.3600,6.8500,6.9000,7.3200,915725,6478537.0000,3,2.034944,1,-5.737706,14.754107,0.235937,21.939793,2.012575,0
2006-08-07,sh.600577,6.8000,6.8800,6.5700,6.6000,6.9000,778803,5236172.0000,3,1.730673,1,-4.347829,14.112624,0.225679,20.985889,1.925071,0
2006-08-08,sh.600577,6.5900,6.9100,6.5800,6.8900,6.6000,616986,4162290.0000,3,1.371080,1,4.393939,14.732724,0.235596,21.907996,2.009658,0
2006-08-09,sh.600577,6.8800,6.9000,6.7200,6.8000,6.8900,659419,4490009.0000,3,1.465376,1,-1.306236,14.540279,0.232518,21.621825,1.983407,0
2006-08-10,sh.600577,6.7800,7.0500,6.7800,7.0100,6.8000,674550,4687479.0000,3,1.499000,1,3.088236,14.989317,0.239699,22.289557,2.044659,0
2006-08-11,sh.600577,7.0100,7.0800,6.8900,7.0500,7.0100,459025,3200763.0000,3,1.020056,1,0.570613,15.074848,0.241067,22.416745,2.056326,0
2006-08-14,sh.600577,7.0500,7.0600,6.7100,6.7700,7.0500,510300,3508241.0000,3,1.134000,1,-3.971634,14.476131,0.231492,21.526434,1.974657,0
2006-08-15,sh.600577,6.7500,7.0500,6.7500,7.0400,6.7700,532991,3689649.0000,3,1.184424,1,3.988183,15.053466,0.240725,22.384948,2.053410,0
2006-08-16,sh.600577,7.0400,7.1500,7.0200,7.1300,7.0400,477070,3394881.0000,3,1.060156,1,1.278411,15.245911,0.243802,22.671119,2.079661,0
2006-08-17,sh.600577,7.1300,7.1300,7.1300,7.1300,7.1300,0,0.0000,3,,0,0.000000,15.245911,0.243802,22.671119,2.079661,0
2006-08-18,sh.600577,7.0800,7.2000,7.0000,7.0700,7.1300,475954,3374319.0000,3,1.057676,1,-0.841514,15.117614,0.241750,22.480338,2.062160,0
2006-08-21,sh.600577,6.8700,7.1100,6.7500,7.0900,7.0700,392468,2730769.0000,3,0.872151,1,0.282885,15.160379,0.242434,22.543932,2.067993,0
2006-08-22,sh.600577,7.0700,7.3600,7.0700,7.3500,7.0900,757781,5482917.0000,3,1.683958,1,3.667133,15.716331,0.251325,23.370649,2.143830,0
2006-08-23,sh.600577,7.3200,7.4500,7.2000,7.4300,7.3500,747342,5471890.0000,3,1.660760,1,1.088434,15.887393,0.254060,23.625023,2.167164,0
2006-08-24,sh.600577,7.3600,7.4200,7.2500,7.4000,7.4300,363528,2673085.0000,3,0.807840,1,-0.403765,15.823245,0.253034,23.529633,2.158413,0
2006-08-25,sh.600577,7.4900,7.5300,7.4000,7.4000,7.4000,559771,4159403.0000,3,1.243936,1,0.000000,15.823245,0.253034,23.529633,2.158413,0
2006-08-28,sh.600577,7.4500,7.5900,7.3500,7.5800,7.4000,913588,6860787.0000,3,2.030196,1,2.432430,16.208135,0.259189,24.101975,2.210915,0
2006-08-29,sh.600577,7.6500,7.6500,7.5100,7.5500,7.5800,904150,6851692.0000,3,2.009222,1,-0.395775,16.143987,0.258163,24.006585,2.202165,0
2006-08-30,sh.600577,7.5500,7.5900,7.4700,7.5200,7.5500,742250,5593231.0000,3,1.649444,1,-0.397354,16.079838,0.257138,23.911194,2.193415,0
2006-08-31,sh.600577,6.1500,6.2900,6.0500,6.2400,6.1700,508410,3165563.0000,3,0.941500,1,1.134517,16.011413,0.256043,23.809445,2.184081,0
2006-09-01,sh.600577,6.2000,6.2200,5.9000,5.9700,6.2400,1006029,6068734.0000,3,1.863017,1,-4.326923,15.318612,0.244965,22.779228,2.089578,0
2006-09-04,sh.600577,5.9000,6.0600,5.8800,6.0400,5.9700,627248,3758455.0000,3,1.161570,1,1.172532,15.498227,0.247837,23.046321,2.114079,0
2006-09-05,sh.600577,6.0400,6.1200,6.0000,6.0800,6.0400,772584,4686407.0000,3,1.430711,1,0.662251,15.600864,0.249478,23.198946,2.128079,0
2006-09-06,sh.600577,6.1000,6.1200,6.0200,6.0700,6.0800,535670,3251388.0000,3,0.991981,1,-0.164470,15.575205,0.249068,23.160790,2.124579,0
2006-09-07,sh.600577,6.0900,6.0900,5.9100,5.9800,6.0700,652756,3904144.0000,3,1.208807,1,-1.482704,15.344271,0.245375,22.817384,2.093078,0
2006-09-08,sh.600577,6.0000,6.0300,5.9500,5.9900,5.9800,367215,2198732.0000,3,0.680028,1,0.167220,15.369931,0.245785,22.855541,2.096578,0
2006-09-11,sh.600577,5.9900,6.0200,5.8000,5.9100,5.9900,701485,4140589.0000,3,1.299046,1,-1.335558,15.164656,0.242503,22.550291,2.068577,0
2006-09-12,sh.600577,5.9000,5.9500,5.8900,5.9500,5.9100,1148330,6787339.0000,3,2.126537,1,0.676818,15.267293,0.244144,22.702916,2.082577,0
2006-09-13,sh.600577,5.9800,5.9800,5.8300,5.8600,5.9500,675600,3976970.0000,3,1.251111,1,-1.512600,15.036359,0.240451,22.359510,2.051076,0
2006-09-14,sh.600577,6.0000,6.0700,5.8400,5.9000,5.8600,768702,4550798.0000,3,1.423522,1,0.682593,15.138997,0.242092,22.512135,2.065077,0
2006-09-15,sh.600577,5.9800,6.0500,5.9500,5.9900,5.9000,741822,4446886.0000,3,1.373744,1,1.525418,15.369931,0.245785,22.855541,2.096578,0
2006-09-18,sh.600577,6.0000,6.0500,5.9300,6.0500,5.9900,745953,4479337.0000,3,1.381394,1,1.001676,15.523886,0.248247,23.084478,2.117579,0
2006-09-19,sh.600577,6.0500,6.0800,6.0000,6.0100,6.0500,644493,3883449.0000,3,1.193506,1,-0.661156,15.421249,0.246606,22.931853,2.103578,0
2006-09-20,sh.600577,6.0100,6.0100,5.9300,5.9400,6.0100,628022,3741754.0000,3,1.163004,1,-1.164728,15.241634,0.243734,22.664760,2.079077,0
2006-09-21,sh.600577,5.9400,5.9600,5.8700,5.9200,5.9400,1018410,6034544.0000,3,1.885944,1,-0.336700,15.190315,0.242913,22.588447,2.072077,0
2006-09-22,sh.600577,5.9200,6.0200,5.8900,5.9400,5.9200,779629,4639445.0000,3,1.443757,1,0.337838,15.241634,0.243734,22.664760,2.079077,0
2006-09-25,sh.600577,5.9000,5.9400,5.7700,5.8000,5.9400,1070190,6250251.0000,3,1.981833,1,-2.356900,14.882404,0.237989,22.130573,2.030075,0
2006-09-26,sh.600577,5.7700,5.8000,5.6200,5.7100,5.8000,778229,4424457.0000,3,1.441165,1,-1.551727,14.651470,0.234296,21.787168,1.998574,0
2006-09-27,sh.600577,5.7100,5.8200,5.6900,5.8000,5.7100,484970,2796368.0000,3,0.898093,1,1.576185,14.882404,0.237989,22.130573,2.030075,0
2006-09-28,sh.600577,5.8200,5.9300,5.8200,5.9200,5.8000,644040,3782661.0000,3,1.192667,1,2.068964,15.190315,0.242913,22.588447,2.072077,0
2006-09-29,sh.600577,5.9200,5.9200,5.9200,5.9200,5.9200,0,0.0000,3,,0,0.000000,15.190315,0.242913,22.588447,2.072077,0
2006-10-09,sh.600577,6.0500,6.0700,5.9100,5.9900,5.9200,723539,4311825.0000,3,1.339887,1,1.182427,15.369931,0.245785,22.855541,2.096578,0
2006-10-10,sh.600577,5.9900,6.0000,5.9100,5.9500,5.9900,615910,3659933.0000,3,1.140574,1,-0.667779,15.267293,0.244144,22.702916,2.082577,0
2006-10-11,sh.600577,6.5500,6.5500,6.5500,6.5500,5.9500,1492097,9773235.0000,3,2.763143,1,10.084040,16.806852,0.268764,24.992286,2.292585,0
2006-10-12,sh.600577,7.1100,7.1300,6.7700,6.7900,6.5500,9386827,65119142.0000,3,17.383013,1,3.664119,17.422676,0.278611,25.908033,2.376588,0
2006-10-13,sh.600577,6.6900,6.8300,6.5800,6.5900,6.7900,2755837,18358061.0000,3,5.103402,1,-2.945505,16.909490,0.270405,25.144910,2.306586,0
2006-10-16,sh.600577,6.5800,7.2500,6.5000,7.0500,6.5900,6846084,47614560.0000,3,12.677933,1,6.980274,18.089818,0.289280,26.900094,2.467592,0
2006-10-17,sh.600577,6.9000,7.2200,6.8300,6.9600,7.0500,3571573,25114427.0000,3,6.614024,1,-1.276598,17.858884,0.285587,26.556688,2.436090,0
2006-10-18,sh.600577,6.8800,7.0400,6.8600,6.9700,6.9600,2099106,14585571.0000,3,3.887233,1,0.143675,17.884544,0.285997,26.594844,2.439591,0
2006-10-19,sh.600577,6.9000,7.1500,6.9000,7.1000,6.9700,1895398,13376811.0000,3,3.509996,1,1.865138,18.218115,0.291331,27.090874,2.485092,0
2006-10-20,sh.600577,7.0900,7.4100,7.0400,7.1900,7.1000,3421938,24937243.0000,3,6.336922,1,1.267608,18.449049,0.295024,27.434280,2.516593,0
2006-10-23,sh.600577,7.2200,7.2300,6.7900,6.9000,7.1900,2295636,16025017.0000,3,4.251178,1,-4.033379,17.704928,0.283125,26.327751,2.415090,0
2006-10-24,sh.600577,6.9000,7.0800,6.9000,7.0400,6.9000,1410455,9864468.0000,3,2.611954,1,2.028983,18.064159,0.288869,26.861937,2.464092,0
2006-10-25,sh.600577,7.0800,7.4900,7.0100,7.4600,7.0400,4581647,33341634.0000,3,8.484531,1,5.965910,17.243865,0.262800,74.452524,2.587575,0
2006-10-26,sh.600577,7.4700,7.4700,7.2100,7.2800,7.4600,1984155,14491249.0000,3,3.674361,1,-2.412866,16.827793,0.256459,72.656083,2.525140,0
2006-10-27,sh.600577,7.3300,7.3300,7.0000,7.0300,7.2800,1591721,11360416.0000,3,2.947631,1,-3.434066,16.249916,0.247652,70.161025,2.438425,0
2006-10-30,sh.600577,7.0200,7.1000,6.9000,7.0600,7.0300,1157475,8068205.0000,3,2.143472,1,0.426739,16.319261,0.248709,70.460432,2.448831,0
2006-10-31,sh.600577,7.0700,7.1400,6.9100,7.0700,7.0600,919935,6439122.0000,3,1.703583,1,0.141646,16.342376,0.249061,70.560234,2.452300,0
2006-11-01,sh.600577,7.0700,7.0700,6.8800,7.0100,7.0700,1160949,8058107.0000,3,2.149906,1,-0.848656,16.203686,0.246947,69.961420,2.431488,0
2006-11-02,sh.600577,7.0000,7.0000,6.7500,6.7900,7.0100,1982334,13504347.0000,3,3.670989,1,-3.138377,15.695154,0.239197,67.765769,2.355179,0
2006-11-03,sh.600577,6.7900,6.9500,6.7500,6.9000,6.7900,902007,6215083.0000,3,1.670383,1,1.620031,15.949420,0.243072,68.863595,2.393333,0
2006-11-06,sh.600577,6.9000,7.1500,6.8000,7.0000,6.9000,995785,6991600.0000,3,1.844046,1,1.449274,16.180571,0.246595,69.861618,2.428019,0
2006-11-07,sh.600577,7.0000,7.0000,6.7000,6.7500,7.0000,1544261,10480217.0000,3,2.859743,1,-3.571429,15.602693,0.237788,67.366560,2.341304,0
2006-11-08,sh.600577,6.7500,6.8100,6.6900,6.7200,6.7500,743222,5010202.0000,3,1.376337,1,-0.444448,15.533348,0.236731,67.067153,2.330899,0
2006-11-09,sh.600577,6.7100,6.8200,6.7000,6.8100,6.7200,778122,5259829.0000,3,1.440967,1,1.339288,15.741384,0.239902,67.965374,2.362116,0
2006-11-10,sh.600577,6.8100,6.8100,6.5000,6.5200,6.8100,1170668,7767358.0000,3,2.167904,1,-4.258443,15.071046,0.229686,65.071107,2.261527,0
2006-11-13,sh.600577,6.5000,6.5900,6.2300,6.2500,6.5200,1013701,6451986.0000,3,1.877224,1,-4.141104,14.446938,0.220174,62.376444,2.167874,0
2006-11-14,sh.600577,6.2500,6.4000,6.2000,6.3900,6.2500,622398,3941283.0000,3,1.152589,1,2.239998,14.770549,0.225106,63.773677,2.216435,0
2006-11-15,sh.600577,6.3200,6.5900,6.3200,6.5300,6.3900,594483,3860647.0000,3,1.100894,1,2.190929,15.094161,0.230038,65.170909,2.264995,0
2006-11-16,sh.600577,6.5300,6.6000,6.2500,6.3500,6.5300,1163860,7411175.0000,3,2.155296,1,-2.756513,14.678089,0.223697,63.374468,2.202560,0
2006-11-17,sh.600577,6.3300,6.4400,6.2500,6.4000,6.3500,558353,3542063.0000,3,1.033987,1,0.787404,14.793665,0.225458,63.873479,2.219903,0
2006-11-20,sh.600577,6.4500,6.4500,6.2000,6.2700,6.4000,771747,4829884.0000,3,1.429161,1,-2.031252,14.493168,0.220879,62.576049,2.174812,0
2006-11-21,sh.600577,6.2500,6.3900,6.2500,6.3700,6.2700,642519,4058217.0000,3,1.189850,1,1.594895,14.724319,0.224402,63.574072,2.209498,0
2006-11-22,sh.600577,6.3300,6.6000,6.3300,6.5200,6.3700,874920,5716730.0000,3,1.620222,1,2.354789,15.071046,0.229686,65.071107,2.261527,0
2006-11-23,sh.600577,6.5600,6.6000,6.4600,6.4900,6.5200,596686,3876709.0000,3,1.104974,1,-0.460126,15.001700,0.228629,64.771700,2.251121,0
2006-11-24,sh.600577,6.5100,6.5800,6.4100,6.5500,6.4900,537732,3504393.0000,3,0.995800,1,0.924506,15.140391,0.230743,65.370514,2.271932,0
2006-11-27,sh.600577,6.5500,6.7300,6.5500,6.7000,6.5500,834244,5564827.0000,3,1.544896,1,2.290071,15.487118,0.236027,66.867548,2.323961,0
2006-11-28,sh.600577,6.7200,6.8800,6.6600,6.8300,6.7000,986634,6693194.0000,3,1.827100,1,1.940300,15.787614,0.240606,68.164979,2.369053,0
2006-11-29,sh.600577,6.7800,6.7900,6.6500,6.7400,6.8300,1136332,7629478.0000,3,2.104319,1,-1.317718,15.579578,0.237436,67.266758,2.337836,0
2006-11-30,sh.600577,6.7800,6.9600,6.7400,6.8700,6.7400,1608490,11041948.0000,3,2.978685,1,1.928785,15.880074,0.242015,68.564188,2.382928,0
2006-12-01,sh.600577,6.8300,6.9900,6.8000,6.8700,6.8700,1280950,8831516.0000,3,2.372130,1,0.000000,15.880074,0.242015,68.564188,2.382928,0
2006-12-04,sh.600577,6.8800,6.9900,6.7800,6.9100,6.8700,1730511,11972228.0000,3,3.204650,1,0.582241,15.972535,0.243425,68.963397,2.396802,0
2006-12-05,sh.600577,6.9100,6.9800,6.8500,6.9400,6.9100,1416651,9775155.0000,3,2.623428,1,0.434156,16.041880,0.244481,69.262804,2.407208,0
2006-12-06,sh.600577,6.9400,6.9600,6.5800,6.6900,6.9400,1842614,12388667.0000,3,3.412248,1,-3.602305,15.464003,0.235674,66.767746,2.320493,0
2006-12-07,sh.600577,6.6800,6.7800,6.6000,6.6300,6.6900,1268822,8482286.0000,3,2.349670,1,-0.896860,15.325312,0.233561,66.168932,2.299681,0
2006-12-08,sh.600577,6.6300,6.6500,6.3800,6.3800,6.6300,1101181,7179174.0000,3,2.039224,1,-3.770739,14.747434,0.224754,63.673875,2.212966,0
2006-12-11,sh.600577,6.3500,6.5300,6.3500,6.5300,6.3800,483403,3113074.0000,3,0.895191,1,2.351099,15.094161,0.230038,65.170909,2.264995,0
2006-12-12,sh.600577,6.5300,6.5800,6.3600,6.4200,6.5300,855405,5505622.0000,3,1.584083,1,-1.684535,14.839895,0.226163,64.073084,2.226841,0
2006-12-13,sh.600577,6.4400,6.5400,6.4000,6.5400,6.4200,615094,3991672.0000,3,1.139063,1,1.869157,15.117276,0.230390,65.270712,2.268464,0
2006-12-14,sh.600577,6.5400,6.8000,6.4500,6.7300,6.5400,1301753,8702940.0000,3,2.410654,1,2.905200,15.556463,0.237084,67.166955,2.334367,0
2006-12-15,sh.600577,6.7300,6.9500,6.7000,6.8600,6.7300,1314898,8996943.0000,3,2.434996,1,1.931651,15.856959,0.241663,68.464385,2.379459,0
2006-12-18,sh.600577,6.9000,6.9000,6.7800,6.8100,6.8600,1294336,8861069.0000,3,2.396919,1,-0.728866,15.741384,0.239902,67.965374,2.362116,0
2006-12-19,sh.600577,6.8300,6.8800,6.6500,6.8600,6.8100,1186966,8037383.0000,3,2.198085,1,0.734217,15.856959,0.241663,68.464385,2.379459,0
2006-12-20,sh.600577,6.8500,7.1600,6.8100,7.0600,6.8600,2449309,17306483.0000,3,4.535757,1,2.915449,16.319261,0.248709,70.460432,2.448831,0
2006-12-21,sh.600577,7.0700,7.1700,6.9900,7.0000,7.0600,1744392,12327064.0000,3,3.230356,1,-0.849858,16.180571,0.246595,69.861618,2.428019,0
2006-12-22,sh.600577,7.0000,7.0000,7.0000,7.0000,7.0000,0,0.0000,3,,0,0.000000,16.180571,0.246595,69.861618,2.428019,0
2006-12-25,sh.600577,7.0000,7.0000,7.0000,7.0000,7.0000,0,0.0000,3,,0,0.000000,16.180571,0.246595,69.861618,2.428019,0
2006-12-26,sh.600577,7.0800,7.0800,6.7600,6.7900,7.0000,1147800,7890168.0000,3,2.125556,1,-3.000000,15.695154,0.239197,67.765769,2.355179,0
2006-12-27,sh.600577,6.7400,7.0500,6.7400,6.8600,6.7900,835283,5776553.0000,3,1.546820,1,1.030930,15.856959,0.241663,68.464385,2.379459,0
2006-12-28,sh.600577,6.8600,6.9600,6.6600,6.7000,6.8600,728774,4922917.0000,3,1.349581,1,-2.332366,15.487118,0.236027,66.867548,2.323961,0
2006-12-29,sh.600577,6.8000,6.8600,6.7000,6.7700,6.7000,936791,6328633.0000,3,1.734798,1,1.044779,15.648923,0.238493,67.566165,2.348242,0
2007-01-04,sh.600577,6.8000,6.8100,6.5500,6.7000,6.7700,3339771,22388777.0000,3,6.184761,1,-1.033976,15.487118,0.236027,66.867548,2.323961,0
2007-01-05,sh.600577,6.7600,6.9200,6.6600,6.8900,6.7000,1692380,11546975.0000,3,3.134037,1,2.835822,15.926305,0.242720,68.763792,2.389865,0
2007-01-08,sh.600577,6.8500,7.3200,6.8500,7.2700,6.8900,3143993,22520091.0000,3,5.822209,1,5.515241,16.804678,0.256107,72.556280,2.521672,0
2007-01-09,sh.600577,7.3000,7.7200,7.2200,7.5200,7.2700,3634962,27369819.0000,3,6.731411,1,3.438789,17.382556,0.264914,75.051338,2.608387,0
2007-01-10,sh.600577,7.5200,7.7800,7.4400,7.5500,7.5200,4776738,36147004.0000,3,8.845811,1,0.398939,17.451901,0.265970,75.350745,2.618792,0
2007-01-11,sh.600577,7.5600,7.7800,7.5600,7.6100,7.5500,4010501,30830538.0000,3,7.426854,1,0.794701,17.590592,0.268084,75.949559,2.639604,0
2007-01-12,sh.600577,7.6700,7.9900,7.5800,7.6400,7.6100,4032138,31275709.0000,3,7.466922,1,0.394215,17.659937,0.269141,76.248966,2.650010,0
2007-01-15,sh.600577,7.7000,8.2700,7.7000,8.2200,7.6400,3875943,31215267.0000,3,7.177672,1,7.591628,19.000613,0.289573,82.037500,2.851188,0
2007-01-16,sh.600577,8.2700,8.2900,8.0500,8.2500,8.2200,2785891,22743031.0000,3,5.159057,1,0.364960,19.069958,0.290630,82.336907,2.861594,0
2007-01-17,sh.600577,8.2000,8.3900,7.8200,7.9900,8.2500,3327548,27111756.0000,3,6.162126,1,-3.151518,18.468966,0.281471,79.742047,2.771411,0
2007-01-18,sh.600577,7.9900,8.1900,7.7800,8.1400,7.9900,2179899,17371791.0000,3,4.036850,1,1.877354,18.815692,0.286755,81.239081,2.823440,0
2007-01-19,sh.600577,8.1000,8.4400,8.1000,8.4000,8.1400,3000308,24961721.0000,3,5.556126,1,3.194094,19.416685,0.295914,83.833941,2.913623,0
2007-01-22,sh.600577,8.6300,8.8300,8.5200,8.7600,8.4000,3689902,31996374.0000,3,6.833152,1,4.285722,20.248828,0.308596,87.426825,3.038493,0
2007-01-23,sh.600577,8.7200,8.8600,8.3800,8.7300,8.7600,3254103,27992071.0000,3,6.026117,1,-0.342474,20.179483,0.307539,87.127418,3.028087,0
2007-01-24,sh.600577,8.8100,9.2400,8.6500,8.9600,8.7300,2579493,23338882.0000,3,4.776839,1,2.634599,20.711130,0.315642,89.422871,3.107865,0
2007-01-25,sh.600577,8.8300,8.8500,8.4900,8.4900,8.9600,3377671,29186940.0000,3,6.254946,1,-5.245539,19.624721,0.299085,84.732162,2.944841,0
2007-01-26,sh.600577,8.3500,8.5500,7.9300,8.4900,8.4900,2794774,23027548.0000,3,5.175507,1,0.000000,19.624721,0.299085,84.732162,2.944841,0
2007-01-29,sh.600577,8.5100,8.7800,8.4700,8.7400,8.4900,2749901,23743386.0000,3,5.092409,1,2.944641,20.202598,0.307892,87.227220,3.031556,0
2007-01-30,sh.600577,8.8800,9.5000,8.7000,8.9500,8.7400,6185811,55895191.0000,3,11.455206,1,2.402746,20.688015,0.315289,89.323069,3.104396,0
2007-01-31,sh.600577,8.8800,8.9500,8.3100,8.3600,8.9500,3170631,27542708.0000,3,5.871539,1,-6.592181,19.324224,0.294505,83.434732,2.899749,0
2007-02-01,sh.600577,8.2300,8.5000,8.1700,8.3600,8.3600,1961468,16415700.0000,3,3.632348,1,0.000000,19.324224,0.294505,83.434732,2.899749,0
2007-02-02,sh.600577,8.3900,8.5000,8.0500,8.0600,8.3600,2270518,18835959.0000,3,4.204663,1,-3.588508,18.630771,0.283937,80.440663,2.795691,0
2007-02-05,sh.600577,8.0700,8.3600,8.0700,8.1900,8.0600,1626983,13357817.0000,3,3.012931,1,1.612893,18.931268,0.288516,81.738093,2.840783,0
2007-02-06,sh.600577,8.2800,8.7800,8.2100,8.6900,8.1900,3129063,26714288.0000,3,5.794561,1,6.105007,20.087023,0.306130,86.728208,3.014213,0
2007-02-07,sh.600577,8.6900,9.5600,8.4500,9.4200,8.6900,10103096,93846638.0000,3,18.709437,1,8.400466,21.774425,0.331847,94.013777,3.267420,0
2007-02-08,sh.600577,9.5500,9.5800,9.3000,9.4100,9.4200,3656970,34422423.0000,3,6.772167,1,-0.106160,21.751310,0.331494,93.913975,3.263952,0
2007-02-09,sh.600577,9.4100,9.8200,9.2300,9.2900,9.4100,3362923,32063984.0000,3,6.227635,1,-1.275238,21.473929,0.327267,92.716347,3.222329,0
2007-02-12,sh.600577,9.3100,10.0000,9.3100,9.9600,9.2900,4729342,45632003.0000,3,8.758041,1,7.212057,23.022641,0.350870,99.403102,3.454725,0
2007-02-13,sh.600577,10.0100,10.8900,9.7800,10.7200,9.9600,6664154,68929902.0000,3,12.341026,1,7.630524,24.779388,0.377643,106.988078,3.718338,0
2007-02-14,sh.600577,11.0000,11.2800,10.6000,10.8000,10.7200,3811327,41643523.0000,3,7.058013,1,0.746268,24.964309,0.380461,107.786496,3.746087,0
2007-02-15,sh.600577,10.8500,11.1900,10.8000,11.0800,10.8000,2229521,24405531.0000,3,4.128743,1,2.592590,25.611532,0.390325,110.580961,3.843208,0
2007-02-16,sh.600577,11.0000,11.6600,10.9000,11.1000,11.0800,2408662,26929791.0000,3,4.460485,1,0.180510,25.657762,0.391029,110.780565,3.850145,0
2007-02-26,sh.600577,11.0900,11.3000,10.8200,11.2000,11.1000,3536609,39199224.0000,3,6.549276,1,0.900896,25.888913,0.394552,111.778589,3.884831,0
2007-02-27,sh.600577,11.2200,11.2900,10.0800,10.0800,11.2000,4504991,47676964.0000,3,8.342576,1,-9.999999,23.300022,0.355097,100.600730,3.496348,0
2007-02-28,sh.600577,9.9800,10.3500,9.8000,10.2400,10.0800,3085824,31070764.0000,3,5.714489,1,1.587300,23.669863,0.360733,102.197567,3.551845,0
2007-03-01,sh.600577,10.2600,10.2600,9.6300,9.6800,10.2400,2716679,26809823.0000,3,5.030887,1,-5.468745,22.375418,0.341006,96.608637,3.357604,0
2007-03-02,sh.600577,9.6800,9.6800,9.6800,9.6800,9.6800,0,0.0000,3,,0,0.000000,22.375418,0.341006,96.608637,3.357604,0
2007-03-05,sh.600577,9.8900,10.1700,9.6600,10.0500,9.6800,2077633,20581290.0000,3,3.847469,1,3.822313,23.230676,0.354040,100.301323,3.485942,0
2007-03-06,sh.600577,10.0600,10.3600,9.8600,10.2500,10.0500,2004602,20370246.0000,3,3.712226,1,1.990048,23.692978,0.361086,102.297369,3.555314,0
2007-03-07,sh.600577,10.3500,10.3600,10.2000,10.3200,10.2500,2615537,26858115.0000,3,4.843587,1,0.682924,23.854784,0.363552,102.995985,3.579594,0
2007-03-08,sh.600577,10.3000,10.5800,10.1400,10.5700,10.3200,2520427,26020869.0000,3,4.667457,1,2.422481,24.432662,0.372359,105.491043,3.666309,0
2007-03-09,sh.600577,10.5700,10.7500,10.4000,10.5500,10.5700,2222523,23574785.0000,3,4.115783,1,-0.189210,24.386431,0.371654,105.291438,3.659372,0
2007-03-12,sh.600577,10.5400,10.7000,10.3000,10.6800,10.5500,2355672,24808788.0000,3,4.362356,1,1.232229,24.686928,0.376234,106.588868,3.704464,0
2007-03-13,sh.600577,10.7800,10.7800,10.5000,10.6400,10.6800,2293556,24371929.0000,3,4.247326,1,-0.374532,24.594467,0.374825,106.189659,3.690589,0
2007-03-14,sh.600577,10.5600,10.5600,10.2000,10.2600,10.6400,2190505,22575597.0000,3,4.056491,1,-3.571429,23.716094,0.361438,102.397171,3.558783,0
2007-03-15,sh.600577,10.2100,10.5800,10.1100,10.5300,10.2600,2252537,23455177.0000,3,4.171365,1,2.631574,24.340201,0.370949,105.091834,3.652435,0
2007-03-16,sh.600577,10.7400,11.2900,10.5500,10.7100,10.5300,4882092,53277095.0000,3,9.040911,1,1.709405,24.756273,0.377290,106.888275,3.714870,0
2007-03-19,sh.600577,10.3500,11.0200,10.2500,10.9800,10.7100,2968390,31912158.0000,3,5.497019,1,2.521004,25.380381,0.386802,109.582938,3.808522,0
2007-03-20,sh.600577,10.9600,11.4800,10.9500,11.3500,10.9800,3730008,42027611.0000,3,6.907422,1,3.369771,26.235640,0.399836,113.275623,3.936860,0
2007-03-21,sh.600577,11.5100,11.6200,11.1600,11.5300,11.3500,3584037,40867360.0000,3,6.637106,1,1.585897,26.651711,0.406177,115.072065,3.999295,0
2007-03-22,sh.600577,11.4800,11.6500,11.2100,11.2600,11.5300,2857713,32694450.0000,3,5.292061,1,-2.341713,26.027604,0.396666,112.377402,3.905643,0
2007-03-23,sh.600577,11.2600,11.3900,10.9500,11.2500,11.2600,3292508,36525703.0000,3,6.097237,1,-0.088812,26.004489,0.396314,112.277600,3.902174,0
2007-03-26,sh.600577,11.4200,11.6000,11.1800,11.5800,11.2500,3395790,38958536.0000,3,6.288500,1,2.933333,26.767287,0.407939,115.571076,4.016638,0
2007-03-27,sh.600577,11.6200,12.0500,11.6200,11.7400,11.5800,3152520,37381842.0000,3,5.838000,1,1.381691,27.137128,0.413575,117.167913,4.072135,0
2007-03-28,sh.600577,11.6100,11.8400,10.9000,11.4400,11.7400,4451723,50687619.0000,3,8.243931,1,-2.555368,26.443675,0.403007,114.173844,3.968077,0
2007-03-29,sh.600577,11.4400,11.5000,10.9500,11.0100,11.4400,2832775,31677373.0000,3,5.245880,1,-3.758736,25.449726,0.387859,109.882345,3.818928,0
2007-03-30,sh.600577,10.9900,11.2000,10.9200,11.1100,11.0100,1829248,20233227.0000,3,3.387496,1,0.908260,25.680877,0.391382,110.880368,3.853614,0
2007-04-02,sh.600577,11.1700,11.3400,11.1000,11.2800,11.1100,1489839,16743073.0000,3,2.758961,1,1.530154,26.073834,0.397370,112.577007,3.912580,0
2007-04-03,sh.600577,11.2800,11.4200,11.2000,11.3200,11.2800,1969190,22241990.0000,3,3.646648,1,0.354610,26.166294,0.398779,112.976216,3.926454,0
2007-04-04,sh.600577,11.3200,11.5600,11.2000,11.4900,11.3200,2526005,28881672.0000,3,4.677787,1,1.501768,26.559251,0.404768,114.672856,3.985420,0
2007-04-05,sh.600577,11.4700,11.8500,11.3500,11.7700,11.4900,2729660,31876231.0000,3,5.054926,1,2.436908,27.206474,0.414632,117.467320,4.082541,0
2007-04-06,sh.600577,11.6800,12.2900,11.5500,12.2300,11.7700,4250737,50995573.0000,3,7.871735,1,3.908233,28.269768,0.430837,122.058227,4.242097,0
2007-04-09,sh.600577,12.3300,12.9700,12.1100,12.6600,12.2300,7504400,94527477.0000,3,13.897037,1,3.515947,29.263718,0.445985,126.349726,4.391246,0
2007-04-10,sh.600577,12.6600,12.6800,12.0800,12.4300,12.6600,3914182,48413126.0000,3,7.248485,1,-1.816742,28.732070,0.437882,124.054273,4.311469,0
2007-04-11,sh.600577,12.4000,12.8800,12.4000,12.4100,12.4300,4078114,51423468.0000,3,7.552063,1,-0.160905,28.685840,0.437178,123.854668,4.304531,0
2007-04-12,sh.600577,12.4500,12.6000,12.1500,12.5400,12.4100,3823178,47407702.0000,3,7.079959,1,1.047543,28.986337,0.441757,125.152098,4.349623,0
2007-04-13,sh.600577,12.5500,12.9300,12.3200,12.6600,12.5400,4694165,59248624.0000,3,8.692898,1,0.956937,29.263718,0.445985,126.349726,4.391246,0
2007-04-16,sh.600577,12.7000,13.2800,12.6600,13.1200,12.6600,4516829,58534880.0000,3,8.364498,1,3.633492,30.327012,0.462190,130.940632,4.550802,0
2007-04-17,sh.600577,13.1400,13.2400,12.5500,12.9400,13.1200,4803531,61722418.0000,3,8.895428,1,-1.371953,29.910941,0.455849,129.144191,4.488367,0
2007-04-18,sh.600577,12.8900,13.5000,12.8900,13.4000,12.9400,5625668,74332284.0000,3,10.417904,1,3.554869,30.974235,0.472053,133.735097,4.647923,0
2007-04-19,sh.600577,13.3800,13.3800,12.0600,12.2400,13.4000,4497544,56984268.0000,3,8.328785,1,-8.656715,28.292884,0.431189,122.158029,4.245565,0
2007-04-20,sh.600577,12.2300,12.7900,12.2300,12.6700,12.2400,3207527,40424418.0000,3,5.939865,1,3.513074,29.286833,0.446337,126.449528,4.394715,0
2007-04-23,sh.600577,12.8000,13.4000,12.7900,13.2100,12.6700,4110072,53836891.0000,3,7.611244,1,4.262036,30.535048,0.465360,131.838853,4.582019,0
2007-04-24,sh.600577,13.2700,13.7400,13.0500,13.3700,13.2100,5009183,66927295.0000,3,9.276265,1,1.211203,36.026834,0.463191,70.410234,5.225314,0
2007-04-25,sh.600577,13.3000,13.3000,12.7000,12.9600,13.3700,3399020,44205205.0000,3,6.294481,1,-3.066566,34.922047,0.448987,68.251057,5.065077,0
2007-04-26,sh.600577,13.0000,13.4000,12.6800,13.2800,12.9600,5047819,65616441.0000,3,9.347813,1,2.469133,35.784320,0.460073,69.936269,5.190140,0
2007-04-27,sh.600577,13.6000,13.8900,13.4500,13.6800,13.2800,7946298,108860336.0000,3,14.715367,1,3.012053,36.862161,0.473930,72.042783,5.346470,0
2007-04-30,sh.600577,13.5000,14.2500,13.5000,13.9900,13.6800,7210450,99815986.0000,3,10.310954,1,2.266078,37.697487,0.484670,73.675331,5.467625,0
2007-05-08,sh.600577,14.8000,14.8000,14.1000,14.2200,13.9900,5806881,83482980.0000,3,8.303848,1,1.644035,38.317246,0.492638,74.886577,5.557514,0
2007-05-09,sh.600577,14.2000,14.2000,12.9300,13.8800,14.2200,6908808,94556260.0000,3,9.879605,1,-2.391000,37.401081,0.480859,73.096040,5.424634,0
2007-05-10,sh.600577,13.8500,14.9000,12.4900,14.5400,13.8800,5729810,81669191.0000,3,8.193636,1,4.755042,39.179519,0.503724,76.571788,5.682578,0
2007-05-11,sh.600577,14.2900,14.3600,13.6000,13.9900,14.5400,3691083,51978770.0000,3,5.278254,1,-3.782670,37.697487,0.484670,73.675331,5.467625,0
2007-05-14,sh.600577,13.7600,14.3000,13.5100,13.9000,13.9900,3072830,43069833.0000,3,4.394151,1,-0.643318,37.454973,0.481552,73.201366,5.432451,0
2007-05-15,sh.600577,13.8500,14.1600,13.0100,13.1600,13.9000,4116290,55890748.0000,3,5.886301,1,-5.323740,35.460967,0.455916,69.304315,5.143241,0
2007-05-16,sh.600577,13.1700,13.6000,12.9000,13.5900,13.1600,2693524,35735558.0000,3,3.851743,1,3.267480,36.619646,0.470813,71.568817,5.311296,0
2007-05-17,sh.600577,13.5900,13.9600,13.5200,13.8400,13.5900,3319328,45604769.0000,3,4.746644,1,1.839588,37.293297,0.479474,72.885389,5.409001,0
2007-05-18,sh.600577,13.6900,13.8800,13.5900,13.6700,13.8400,2699563,36979752.0000,3,3.860379,1,-1.228324,36.835215,0.473584,71.990120,5.342561,0
2007-05-21,sh.600577,13.1800,13.9100,13.1000,13.7600,13.6700,3951486,54010826.0000,3,5.650631,1,0.658377,37.077729,0.476702,72.464086,5.377736,0
2007-05-22,sh.600577,13.8200,14.4800,13.8200,14.1700,13.7600,6836168,96737263.0000,3,9.775730,1,2.979650,38.182516,0.490906,74.623263,5.537973,0
2007-05-23,sh.600577,14.2800,14.6600,14.1800,14.4800,14.1700,4620939,66721366.0000,3,6.607949,1,2.187717,39.017843,0.501646,76.255811,5.659129,0
2007-05-24,sh.600577,14.5100,14.5500,13.8500,14.2300,14.4800,5769003,81741121.0000,3,8.249683,1,-1.726519,38.344192,0.492985,74.939240,5.561423,0
2007-05-25,sh.600577,14.2000,14.4000,14.0000,14.3700,14.2300,5840585,83327520.0000,3,8.352045,1,0.983839,38.721436,0.497835,75.676520,5.616138,0
2007-05-28,sh.600577,14.5200,15.5000,14.4200,15.2100,14.3700,8990050,135110733.0000,3,12.855784,1,5.845512,40.984902,0.526936,80.100199,5.944430,0
2007-05-29,sh.600577,15.2200,15.2500,14.7000,15.2300,15.2100,6260069,93948534.0000,3,8.951908,1,0.131489,41.038794,0.527629,80.205525,5.952247,0
2007-05-30,sh.600577,13.8000,14.8000,13.7100,13.7100,15.2300,7389614,103904984.0000,3,10.567159,1,-9.980299,36.942999,0.474970,72.200771,5.358194,0
2007-05-31,sh.600577,13.4500,13.8000,12.3500,12.9400,13.7100,4948940,63856512.0000,3,7.076991,1,-5.616342,34.868155,0.448294,68.145732,5.057260,0
2007-06-01,sh.600577,13.0000,13.2800,11.6500,11.6500,12.9400,5054416,62576566.0000,3,7.227822,1,-9.969089,31.392118,0.403603,61.352224,4.553097,0
2007-06-04,sh.600577,11.6300,11.9900,10.4900,10.5000,11.6500,4847316,52824282.0000,3,6.931669,1,-9.871242,28.293325,0.363762,55.295996,4.103650,0
2007-06-05,sh.600577,10.2000,11.1000,9.5000,11.0800,10.5000,4596624,47291538.0000,3,6.573179,1,5.523808,29.856194,0.383856,58.350441,4.330328,0
2007-06-06,sh.600577,11.1000,11.2700,10.7600,11.1000,11.0800,3871111,42866838.0000,3,5.535694,1,0.180510,29.910086,0.384549,58.455767,4.338144,0
2007-06-07,sh.600577,11.1200,12.2100,11.0800,12.2100,11.1000,3218112,37636791.0000,3,4.601905,1,9.999996,32.901095,0.423004,64.301343,4.771959,0
2007-06-08,sh.600577,12.5000,13.2800,12.2600,12.4000,12.2100,7380912,94066874.0000,3,10.554715,1,1.556098,33.413070,0.429586,65.301938,4.846215,0
2007-06-11,sh.600577,12.6700,12.7500,12.3200,12.6200,12.4000,3159450,39572848.0000,3,4.518018,1,1.774196,34.005882,0.437208,66.460520,4.932196,0
2007-06-12,sh.600577,12.6200,12.9700,12.2500,12.8900,12.6200,3699760,47063795.0000,3,5.290662,1,2.139465,34.733425,0.446562,67.882417,5.037719,0
2007-06-13,sh.600577,12.9000,13.6100,12.9000,13.2900,12.8900,5654454,74796769.0000,3,8.085877,1,3.103178,35.811266,0.460419,69.988932,5.194048,0
2007-06-14,sh.600577,13.2700,13.5700,12.9200,12.9800,13.2900,3512741,46391601.0000,3,5.023225,1,-2.332584,34.975939,0.449680,68.356383,5.072893,0
2007-06-15,sh.600577,12.9600,13.2500,12.8000,12.9600,12.9800,2834010,36805390.0000,3,4.052638,1,-0.154079,34.922047,0.448987,68.251057,5.065077,0
2007-06-18,sh.600577,12.9600,12.9600,12.9600,12.9600,12.9600,0,0.0000,3,,0,0.000000,34.922047,0.448987,68.251057,5.065077,0
2007-06-19,sh.600577,13.4800,13.5300,13.1500,13.3200,12.9600,4140128,55362423.0000,3,5.920389,1,2.777775,35.892104,0.461459,70.146920,5.205773,0
2007-06-20,sh.600577,13.3500,13.8600,12.8000,13.0100,13.3200,3504443,47083768.0000,3,5.011359,1,-2.327323,35.056777,0.450719,68.514372,5.084618,0
2007-06-21,sh.600577,13.0900,13.9800,12.8000,13.8800,13.0100,5074582,67708816.0000,3,7.256660,1,6.687163,37.401081,0.480859,73.096040,5.424634,0
2007-06-22,sh.600577,13.8500,14.5000,13.4000,13.7000,13.8800,9705185,135285690.0000,3,13.878428,1,-1.296832,36.916053,0.474623,72.148109,5.354286,0
2007-06-25,sh.600577,13.5100,13.7600,12.3300,12.3300,13.7000,4751007,60635435.0000,3,6.793947,1,-9.999999,33.224447,0.427161,64.933298,4.818858,0
2007-06-26,sh.600577,11.8000,12.3000,11.4000,11.8500,12.3300,3382864,39738240.0000,3,4.837500,1,-3.892940,31.931038,0.410532,62.405481,4.631262,0
2007-06-27,sh.600577,12.0400,12.2300,11.8500,12.1500,11.8500,2395647,28962825.0000,3,3.425779,1,2.531639,32.739419,0.420925,63.985366,4.748509,0
2007-06-28,sh.600577,12.1500,12.1500,10.9400,10.9400,12.1500,2478053,28600232.0000,3,3.543619,1,-9.958848,29.478950,0.379006,57.613161,4.275612,0
2007-06-29,sh.600577,10.6000,10.8800,9.9900,10.0500,10.9400,2730686,28230014.0000,3,3.904885,1,-8.135278,27.080754,0.348173,52.926167,3.927779,0
2007-07-02,sh.600577,10.2200,10.4500,9.9000,10.4400,10.0500,1393357,14213953.0000,3,1.992503,1,3.880591,28.131649,0.361684,54.980019,4.080201,0
2007-07-03,sh.600577,10.6000,10.6300,10.3000,10.5800,10.4400,1331699,13992301.0000,3,1.904331,1,1.341000,28.508893,0.366534,55.717298,4.134916,0
2007-07-04,sh.600577,10.7500,10.7600,10.4900,10.5300,10.5800,1163892,12361621.0000,3,1.664367,1,-0.472592,28.374163,0.364802,55.453984,4.115375,0
2007-07-05,sh.600577,10.3000,10.5000,9.8200,9.8600,10.5300,1103809,11189524.0000,3,1.578448,1,-6.362774,26.568780,0.341590,51.925573,3.853523,0
2007-07-06,sh.600577,9.9000,10.5600,9.9000,10.5300,9.8600,1518575,15556192.0000,3,2.171564,1,6.795133,28.374163,0.364802,55.453984,4.115375,0
2007-07-09,sh.600577,10.5600,10.9600,10.5200,10.7800,10.5300,1761408,18953551.0000,3,2.518816,1,2.374169,29.047814,0.373463,56.770556,4.213081,0
2007-07-10,sh.600577,10.7900,10.8500,10.2700,10.3000,10.7800,1335990,13973180.0000,3,1.910468,1,-4.452686,27.754405,0.356834,54.242739,4.025485,0
2007-07-11,sh.600577,10.3900,10.5500,10.2000,10.4700,10.3000,733784,7631426.0000,3,1.049312,1,1.650486,28.212487,0.362723,55.138007,4.091925,0
2007-07-12,sh.600577,10.7000,10.7000,10.2200,10.5200,10.4700,662271,6944717.0000,3,0.947048,1,0.477557,28.347217,0.364455,55.401321,4.111466,0
2007-07-13,sh.600577,10.5800,10.6500,10.4100,10.5400,10.5200,523903,5509882.0000,3,0.749182,1,0.190109,28.401109,0.365148,55.506647,4.119283,0
2007-07-16,sh.600577,10.5200,10.5200,10.0600,10.0800,10.5400,641250,6578627.0000,3,0.916988,1,-4.364326,27.161592,0.349212,53.084156,3.939504,0
2007-07-17,sh.600577,10.2200,10.3500,10.0600,10.2500,10.0800,491044,5025920.0000,3,0.702194,1,1.686509,27.619674,0.355101,53.979424,4.005944,0
2007-07-18,sh.600577,10.1700,10.4000,10.1700,10.2900,10.2500,525119,5409051.0000,3,0.750921,1,0.390244,27.727459,0.356487,54.190076,4.021577,0
2007-07-19,sh.600577,10.2700,10.4800,10.2700,10.4700,10.2900,578273,6012765.0000,3,0.826931,1,1.749274,28.212487,0.362723,55.138007,4.091925,0
2007-07-20,sh.600577,10.5000,10.8500,10.4500,10.8300,10.4700,1506633,16117718.0000,3,2.154487,1,3.438392,29.182544,0.375195,57.033870,4.232622,0
2007-07-23,sh.600577,10.8800,11.3300,10.8000,11.3200,10.8300,2273751,25340000.0000,3,3.251467,1,4.524467,30.502899,0.392171,59.614350,4.424125,0
2007-07-24,sh.600577,11.3200,11.4800,11.1500,11.1700,11.3200,1683095,19060975.0000,3,2.406828,1,-1.325085,30.098709,0.386974,58.824407,4.365502,0
2007-07-25,sh.600577,11.1500,11.4000,11.0300,11.3900,11.1700,1522046,17097524.0000,3,2.176528,1,1.969564,30.691521,0.394596,59.982990,4.451483,0
2007-07-26,sh.600577,11.5200,12.0000,11.5100,11.6800,11.3900,1872997,22006856.0000,3,2.678388,1,2.546093,31.472956,0.404642,61.510212,4.564822,0
2007-07-27,sh.600577,11.6800,12.0500,11.4300,11.9600,11.6800,2013728,23649887.0000,3,2.879634,1,2.397258,32.227445,0.414343,62.984772,4.674253,0
2007-07-30,sh.600577,12.0300,12.2800,11.8900,12.0000,11.9600,3339668,40168958.0000,3,4.775730,1,0.334448,32.335229,0.415729,63.195424,4.689886,0
2007-07-31,sh.600577,12.0000,12.2800,11.4800,12.2500,12.0000,4042065,47638569.0000,3,5.780159,1,2.083333,30.409376,0.385278,15.947582,3.161673,0
2007-08-01,sh.600577,12.2500,12.3000,11.3000,11.3200,12.2500,2600808,30839822.0000,3,3.719159,1,-7.591839,28.100746,0.356029,14.736868,2.921644,0
2007-08-02,sh.600577,11.3300,11.8000,11.2800,11.6900,11.3200,1653256,19149833.0000,3,2.364158,1,3.268550,29.019233,0.367666,15.218550,3.017140,0
2007-08-03,sh.600577,11.6900,11.7500,11.3400,11.5900,11.6900,1841951,21314994.0000,3,2.633993,1,-0.855427,28.770994,0.364521,15.088365,2.991330,0
2007-08-06,sh.600577,11.6800,11.8000,11.5600,11.7900,11.5900,2042240,23885854.0000,3,2.920406,1,1.725624,29.267473,0.370811,15.348734,3.042949,0
2007-08-07,sh.600577,11.8000,11.8800,11.5200,11.6300,11.7900,2076702,24273807.0000,3,2.969687,1,-1.357081,28.870289,0.365779,15.140439,3.001654,0
2007-08-08,sh.600577,11.6200,11.9600,11.4000,11.7400,11.6300,2223162,26004482.0000,3,3.179125,1,0.945827,29.143353,0.369238,15.283642,3.030044,0
2007-08-09,sh.600577,11.6800,11.9800,11.5100,11.7900,11.7400,1853697,21932129.0000,3,2.650789,1,0.425896,29.267473,0.370811,15.348734,3.042949,0
2007-08-10,sh.600577,11.8500,11.8700,11.3100,11.8100,11.7900,2259620,26162994.0000,3,3.231260,1,0.169639,29.317121,0.371440,15.374771,3.048111,0
2007-08-13,sh.600577,11.8400,12.4000,11.7800,12.3800,11.8100,4965825,60546830.0000,3,7.101137,1,4.826416,30.732088,0.389367,16.116822,3.195226,0
2007-08-14,sh.600577,12.5000,12.5800,12.2000,12.3800,12.3800,2774264,34427557.0000,3,3.967201,1,0.000000,30.732088,0.389367,16.116822,3.195226,0
2007-08-15,sh.600577,12.3000,12.4400,11.7200,12.1400,12.3800,1904528,22962590.0000,3,2.723478,1,-1.938609,30.136312,0.381819,15.804379,3.133283,0
2007-08-16,sh.600577,12.1000,12.1500,11.7500,12.1400,12.1400,1880148,22488213.0000,3,2.688614,1,0.000000,30.136312,0.381819,15.804379,3.133283,0
2007-08-17,sh.600577,12.0300,12.2500,11.8500,11.8600,12.1400,1691072,20334336.0000,3,2.418235,1,-2.306431,29.441241,0.373012,15.439863,3.061016,0
2007-08-20,sh.600577,12.0200,12.5100,12.0200,12.5000,11.8600,2793232,34292596.0000,3,3.994326,1,5.396293,31.029976,0.393141,16.273043,3.226197,0
2007-08-21,sh.600577,12.5800,12.6000,12.2000,12.5000,12.5000,2353990,29173581.0000,3,3.366209,1,0.000000,31.029976,0.393141,16.273043,3.226197,0
2007-08-22,sh.600577,12.2600,13.3800,12.2000,13.2800,12.5000,7495679,97893246.0000,3,10.718832,1,6.239998,32.966246,0.417673,17.288481,3.427512,0
2007-08-23,sh.600577,13.1000,13.3500,12.9000,13.0900,13.2800,2703806,35359657.0000,3,3.866446,1,-1.430720,32.494591,0.411697,17.041131,3.378474,0
2007-08-24,sh.600577,13.1500,13.5000,13.0000,13.1600,13.0900,2640618,34855605.0000,3,3.776088,1,0.534757,32.668358,0.413899,17.132260,3.396540,0
2007-08-27,sh.600577,13.1200,13.3000,12.7000,13.2100,13.1600,2883600,37486038.0000,3,4.123552,1,0.379941,32.792478,0.415472,17.197352,3.409445,0
2007-08-28,sh.600577,13.0800,13.7200,12.8000,13.4900,13.2100,4051266,54420432.0000,3,5.793316,1,2.119604,33.487550,0.424278,17.561868,3.481712,0
2007-08-29,sh.600577,13.5000,14.2300,13.2100,13.8000,13.4900,5640715,78391058.0000,3,8.066231,1,2.298002,34.257093,0.434028,17.965439,3.561722,0
2007-08-30,sh.600577,13.9000,14.3000,13.6100,14.1000,13.8000,3187331,44518780.0000,3,4.557888,1,2.173914,35.001813,0.443463,18.355992,3.639150,0
2007-08-31,sh.600577,14.2000,14.2500,13.9000,13.9200,14.1000,2071375,28985898.0000,3,2.962069,1,-1.276598,34.554981,0.437802,18.121661,3.592693,0
2007-09-03,sh.600577,13.9800,14.2000,13.8000,13.8200,13.9200,2904605,40463009.0000,3,4.153589,1,-0.718394,34.306741,0.434657,17.991476,3.566884,0
2007-09-04,sh.600577,13.8000,13.8200,13.3800,13.4400,13.8200,3234173,43769230.0000,3,4.624872,1,-2.749639,33.363430,0.422705,17.496776,3.468807,0
2007-09-05,sh.600577,13.4100,13.8700,13.3200,13.5300,13.4400,1891871,25733566.0000,3,2.705378,1,0.669644,33.586846,0.425536,17.613942,3.492036,0
2007-09-06,sh.600577,13.7000,13.7200,13.3200,13.3900,13.5300,2519766,34013469.0000,3,3.603269,1,-1.034733,33.239310,0.421133,17.431684,3.455902,0
2007-09-07,sh.600577,13.3000,13.3000,12.8800,12.9900,13.3900,3189595,41645155.0000,3,4.561125,1,-2.987308,32.246351,0.408552,16.910946,3.352664,0
2007-09-10,sh.600577,12.8800,13.2300,12.5100,13.2000,12.9900,2236788,28931572.0000,3,3.198610,1,1.616628,32.767654,0.415157,17.184333,3.406864,0
2007-09-11,sh.600577,13.2000,13.4400,11.8800,11.9700,13.2000,2536336,32602750.0000,3,3.626964,1,-9.318178,29.714305,0.376472,15.583066,3.089406,0
2007-09-12,sh.600577,12.0800,12.3600,11.8800,12.1500,11.9700,1760382,21246768.0000,3,2.517349,1,1.503754,30.161136,0.382133,15.817398,3.135864,0
2007-09-13,sh.600577,12.1500,12.3900,12.0500,12.1900,12.1500,1594808,19449909.0000,3,2.280578,1,0.329218,30.260432,0.383391,15.869471,3.146188,0
2007-09-14,sh.600577,12.3700,12.6600,12.1600,12.6400,12.1900,1863882,23079621.0000,3,2.665354,1,3.691557,31.377511,0.397544,16.455301,3.262331,0
2007-09-17,sh.600577,12.5900,12.9500,12.5200,12.7800,12.6400,1801651,23078432.0000,3,2.576364,1,1.107590,31.725047,0.401948,16.637559,3.298464,0
2007-09-18,sh.600577,12.7800,13.4800,12.3700,13.1700,12.7800,4070638,52029695.0000,3,5.821018,1,3.051646,32.693182,0.414214,17.145278,3.399121,0
2007-09-19,sh.600577,13.1700,13.6000,12.6900,12.7200,13.1700,2824555,37018575.0000,3,4.039118,1,-3.416855,31.576103,0.400061,16.559448,3.282978,0
2007-09-20,sh.600577,12.7500,12.9200,12.4800,12.5400,12.7200,2568901,32412401.0000,3,3.673532,1,-1.415097,31.129272,0.394399,16.325117,3.236521,0
2007-09-21,sh.600577,12.6500,12.6500,12.0000,12.2500,12.5400,2363538,28882576.0000,3,3.379863,1,-2.312599,30.409376,0.385278,15.947582,3.161673,0
2007-09-24,sh.600577,12.2000,12.4000,12.1000,12.3200,12.2500,1328353,16299572.0000,3,1.899547,1,0.571426,30.583144,0.387480,16.038711,3.179740,0
2007-09-25,sh.600577,12.3000,12.6000,12.1000,12.1600,12.3200,1396996,17123947.0000,3,1.997706,1,-1.298700,30.185960,0.382448,15.830416,3.138445,0
2007-09-26,sh.600577,12.1600,12.2700,12.0600,12.1200,12.1600,799934,9700908.0000,3,1.143907,1,-0.328947,30.086664,0.381190,15.778342,3.128121,0
2007-09-27,sh.600577,12.1500,12.4500,12.1200,12.3400,12.1200,980105,12042054.0000,3,1.401552,1,1.815184,30.632792,0.388109,16.064748,3.184902,0
2007-09-28,sh.600577,12.3400,12.3400,12.3400,12.3400,12.3400,0,0.0000,3,,0,0.000000,30.632792,0.388109,16.064748,3.184902,0
2007-10-08,sh.600577,12.6000,12.6300,12.3600,12.3900,12.3400,1248301,15570905.0000,3,1.785072,1,0.405188,30.756912,0.389682,16.129840,3.197807,0
2007-10-09,sh.600577,12.4000,12.4300,12.2000,12.3600,12.3900,1514032,18605122.0000,3,2.165068,1,-0.242136,30.682440,0.388738,16.090785,3.190064,0
2007-10-10,sh.600577,12.4100,12.5800,12.3600,12.5100,12.3600,1958486,24393761.0000,3,2.800638,1,1.213597,31.054800,0.393456,16.286061,3.228778,0
2007-10-11,sh.600577,12.4800,12.5100,11.9600,12.0200,12.5100,1631813,19832815.0000,3,2.333495,1,-3.916864,29.838425,0.378045,15.648158,3.102311,0
2007-10-12,sh.600577,11.9900,12.0000,10.9800,11.4500,12.0200,2302885,26264566.0000,3,3.293129,1,-4.742102,28.423458,0.360117,14.906107,2.955197,0
2007-10-15,sh.600577,11.3900,11.4800,11.0000,11.1900,11.4500,1498368,16726315.0000,3,2.142668,1,-2.270744,27.778034,0.351940,14.567628,2.888092,0
2007-10-16,sh.600577,11.1900,11.5700,11.1800,11.4400,11.1900,975640,11069026.0000,3,1.395167,1,2.234138,28.398634,0.359803,14.893089,2.952616,0
2007-10-17,sh.600577,11.4800,11.5500,11.2800,11.3100,11.4400,830944,9445743.0000,3,1.188251,1,-1.136356,28.075922,0.355714,14.723849,2.919063,0
2007-10-18,sh.600577,11.3100,11.5000,11.1500,11.2600,11.3100,943156,10641721.0000,3,1.348714,1,-0.442088,27.951802,0.354142,14.658757,2.906158,0
2007-10-19,sh.600577,11.2600,11.4500,11.1000,11.1800,11.2600,649329,7319825.0000,3,0.928541,1,-0.710479,27.753210,0.351626,14.554610,2.885511,0
2007-10-22,sh.600577,11.3900,11.3900,10.8700,10.8800,11.1800,842650,9309367.0000,3,1.204991,1,-2.683365,27.008491,0.342190,14.164057,2.808082,0
2007-10-23,sh.600577,10.8500,11.0800,10.7100,11.0100,10.8800,705040,7687379.0000,3,1.008208,1,1.194854,27.331203,0.346279,14.333296,2.841635,0
2007-10-24,sh.600577,11.0500,11.1800,10.8000,10.8900,11.0100,811046,8925011.0000,3,1.159797,1,-1.089917,27.033315,0.342505,14.177075,2.810663,0
2007-10-25,sh.600577,11.1200,11.8900,11.1000,11.4200,10.8900,5499450,63259442.0000,3,7.864221,1,4.866848,25.718193,0.337995,26.224582,2.843850,0
2007-10-26,sh.600577,11.0000,11.2500,10.4200,10.8000,11.4200,2343295,25399566.0000,3,3.350915,1,-5.429071,24.321934,0.319645,24.800831,2.689455,0
2007-10-29,sh.600577,10.9600,11.0500,10.5100,10.9700,10.8000,1354696,14586257.0000,3,1.937217,1,1.574075,24.704779,0.324676,25.191214,2.731789,0
2007-10-30,sh.600577,11.0500,11.4100,10.9100,11.3700,10.9700,1340977,14971088.0000,3,1.917599,1,3.646304,25.605591,0.336515,26.109764,2.831398,0
2007-10-31,sh.600577,11.3700,11.7900,11.3600,11.6700,11.3700,2075698,24181705.0000,3,2.968251,1,2.638524,26.281201,0.345394,26.798676,2.906105,0
2007-11-01,sh.600577,11.6400,11.6600,11.1100,11.1400,11.6700,1186338,13480081.0000,3,1.696465,1,-4.541557,25.087624,0.329708,25.581598,2.774123,0
2007-11-02,sh.600577,11.1000,11.4600,10.9100,11.3300,11.1400,958970,10804078.0000,3,1.371328,1,1.705562,25.515510,0.335331,26.017909,2.821437,0
2007-11-05,sh.600577,11.3300,11.7400,11.3300,11.7000,11.3300,1304772,15145411.0000,3,1.865826,1,3.265666,26.348762,0.346282,26.867567,2.913576,0
2007-11-06,sh.600577,11.6800,11.8400,11.5200,11.8000,11.7000,1108773,12969196.0000,3,1.585547,1,0.854704,26.573965,0.349242,27.097204,2.938479,0
2007-11-07,sh.600577,11.8000,11.8900,11.2200,11.5800,11.8000,885051,10207245.0000,3,1.265624,1,-1.864409,26.078518,0.342730,26.592002,2.883693,0
2007-11-08,sh.600577,11.5000,11.6700,11.1000,11.1100,11.5800,1068477,12141459.0000,3,1.527924,1,-4.058724,25.020063,0.328820,25.512707,2.766652,0
2007-11-09,sh.600577,11.1100,11.1500,10.7600,11.0000,11.1100,1071136,11736160.0000,3,1.531726,1,-0.990096,24.772340,0.325564,25.260106,2.739260,0
2007-11-12,sh.600577,10.8500,11.0800,10.8200,11.0300,11.0000,775920,8475071.0000,3,1.109567,1,0.272725,24.839901,0.326452,25.328997,2.746730,0
2007-11-13,sh.600577,11.1500,11.1900,10.8300,10.9400,11.0300,819290,9043435.0000,3,1.171586,1,-0.815958,24.637218,0.323788,25.122323,2.724318,0
2007-11-14,sh.600577,10.9800,11.3300,10.9400,11.3100,10.9400,914801,10269058.0000,3,1.308167,1,3.382092,25.470470,0.334739,25.971981,2.816457,0
2007-11-15,sh.600577,11.2400,11.5400,11.2300,11.4700,11.3100,1230156,14051562.0000,3,1.759125,1,1.414676,25.830794,0.339475,26.339401,2.856301,0
2007-11-16,sh.600577,11.5700,11.9300,11.5600,11.7700,11.4700,4120626,48576364.0000,3,5.892501,1,2.615520,26.506404,0.348354,27.028313,2.931008,0
2007-11-19,sh.600577,11.6500,12.0700,11.6000,11.8700,11.7700,2159631,25663854.0000,3,3.088275,1,0.849613,26.731607,0.351313,27.257950,2.955910,0
2007-11-20,sh.600577,11.9000,12.0200,11.7800,11.8800,11.8700,1369578,16270305.0000,3,1.958498,1,0.084248,26.754127,0.351609,27.280914,2.958400,0
2007-11-21,sh.600577,11.9800,11.9800,11.5600,11.6000,11.8800,1267477,14852980.0000,3,1.812494,1,-2.356900,26.123558,0.343322,26.637930,2.888674,0
2007-11-22,sh.600577,11.5000,11.5900,11.2800,11.5000,11.6000,1245744,14275009.0000,3,1.781416,1,-0.862072,25.898355,0.340363,26.408292,2.863771,0
2007-11-23,sh.600577,11.4100,12.3900,11.3800,12.2900,11.5000,3862881,46629874.0000,3,5.523925,1,6.869565,27.677460,0.363744,28.222427,3.060500,0
2007-11-26,sh.600577,12.5000,12.5500,11.9800,12.0700,12.2900,2926900,35958786.0000,3,4.185471,1,-1.790075,27.182013,0.357233,27.717225,3.005715,0
2007-11-27,sh.600577,11.9100,12.4800,11.9000,12.3100,12.0700,2041924,25123341.0000,3,2.919954,1,1.988407,27.722500,0.364336,28.268355,3.065481,0
2007-11-28,sh.600577,12.2500,12.7000,12.1200,12.2600,12.3100,1929057,24036028.0000,3,2.758554,1,-0.406175,27.609899,0.362856,28.153536,3.053029,0
2007-11-29,sh.600577,12.4000,12.5800,12.0000,12.4600,12.2600,2005206,24605284.0000,3,2.867447,1,1.631320,28.060305,0.368775,28.612811,3.102834,0
2007-11-30,sh.600577,12.5000,12.5000,11.9800,12.0500,12.4600,1315249,16091770.0000,3,1.880808,1,-3.290529,27.136972,0.356641,27.671297,3.000734,0
2007-12-03,sh.600577,12.1000,12.4800,12.0000,12.4400,12.0500,1245672,15322716.0000,3,1.781313,1,3.236510,28.015264,0.368183,28.566883,3.097854,0
2007-12-04,sh.600577,12.4600,12.7200,12.3200,12.5000,12.4400,1820909,22834116.0000,3,2.603902,1,0.482318,28.150386,0.369959,28.704665,3.112795,0
2007-12-05,sh.600577,12.6200,12.6400,12.4000,12.5700,12.5000,1345026,16854217.0000,3,1.923389,1,0.559998,28.308028,0.372031,28.865412,3.130227,0
2007-12-06,sh.600577,12.6000,12.6000,12.2800,12.5800,12.5700,1602396,19900786.0000,3,2.291429,1,0.079556,28.330549,0.372327,28.888375,3.132717,0
2007-12-07,sh.600577,12.5000,12.7200,12.4100,12.6400,12.5800,1637890,20600831.0000,3,2.342185,1,0.476951,28.465671,0.374103,29.026158,3.147658,0
2007-12-10,sh.600577,12.3900,12.8300,12.3000,12.7400,12.6400,3024117,38169866.0000,3,4.324492,1,0.791135,28.690874,0.377063,29.255795,3.172561,0
2007-12-11,sh.600577,12.8000,12.8800,12.5200,12.8100,12.7400,2102353,26765462.0000,3,3.006368,1,0.549456,28.848516,0.379134,29.416541,3.189992,0
2007-12-12,sh.600577,12.7700,12.9400,12.6500,12.8200,12.8100,1933649,24784472.0000,3,2.765121,1,0.078058,28.871036,0.379430,29.439505,3.192483,0
2007-12-13,sh.600577,12.8300,12.9600,12.3000,12.3500,12.8200,2087519,26409488.0000,3,2.985155,1,-3.666141,27.812582,0.365520,28.360209,3.075442,0
2007-12-14,sh.600577,12.3000,12.5200,12.0900,12.5100,12.3500,1457237,17917047.0000,3,2.083851,1,1.295545,28.172907,0.370255,28.727629,3.115285,0
2007-12-17,sh.600577,12.5300,12.8500,12.4800,12.7600,12.5100,1848736,23417459.0000,3,2.643695,1,1.998401,28.735914,0.377654,29.301722,3.177541,0
2007-12-18,sh.600577,12.8100,12.8600,12.3500,12.4400,12.7600,1003985,12599354.0000,3,1.435700,1,-2.507842,28.015264,0.368183,28.566883,3.097854,0
2007-12-19,sh.600577,12.5300,12.7800,12.5000,12.7400,12.4400,1494249,18918405.0000,3,2.136778,1,2.411577,28.690874,0.377063,29.255795,3.172561,0
2007-12-20,sh.600577,12.7000,13.1700,12.7000,13.1400,12.7400,3157172,41155020.0000,3,4.514760,1,3.139722,29.591686,0.388901,30.174344,3.272170,0
2007-12-21,sh.600577,13.1800,13.6800,13.1500,13.5500,13.1400,5608549,75762584.0000,3,8.020233,1,3.120242,30.515019,0.401036,31.115857,3.374270,0
2007-12-24,sh.600577,14.0300,14.1300,13.7400,13.8100,13.5500,6533435,91110223.0000,3,9.342821,1,1.918821,31.100547,0.408731,31.712914,3.439016,0
2007-12-25,sh.600577,13.8100,14.0500,13.7000,13.9400,13.8100,2085680,28913255.0000,3,2.982525,1,0.941341,31.393311,0.412579,32.011443,3.471389,0
2007-12-26,sh.600577,13.9900,14.1800,13.8100,14.1400,13.9400,2061674,28879741.0000,3,2.948197,1,1.434726,31.843717,0.418498,32.470718,3.521194,0
2007-12-27,sh.600577,14.2300,14.3400,13.8800,13.9500,14.1400,3340761,47146522.0000,3,4.777293,1,-1.343709,31.415831,0.412875,32.034407,3.473879,0
2007-12-28,sh.600577,13.9500,14.2300,13.8200,14.0200,13.9500,2077915,29155295.0000,3,2.971421,1,0.501797,31.573473,0.414946,32.195153,3.491311,0
2008-01-02,sh.600577,14.0900,14.5600,14.0500,14.4000,14.0200,2471662,35578698.0000,3,3.534480,1,2.710407,32.429245,0.426193,33.067775,3.585940,0
2008-01-03,sh.600577,14.4500,14.6900,14.2600,14.5000,14.4000,1999302,29006963.0000,3,2.859005,1,0.694447,32.654448,0.429153,33.297412,3.610842,0
2008-01-04,sh.600577,14.5000,14.5400,14.1100,14.2100,14.5000,2018156,28767599.0000,3,2.885966,1,-2.000000,32.001359,0.420570,32.631464,3.538625,0
2008-01-07,sh.600577,14.2000,14.7800,14.0900,14.7400,14.2100,2670394,38368718.0000,3,3.818667,1,3.729766,33.194936,0.436256,33.848541,3.670608,0
2008-01-08,sh.600577,14.7300,14.9400,14.1200,14.1300,14.7400,2373906,34442807.0000,3,3.394689,1,-4.138397,31.821197,0.418202,32.447754,3.518704,0
2008-01-09,sh.600577,14.1500,14.5000,14.0800,14.3700,14.1300,1448661,20702303.0000,3,2.071587,1,1.698512,32.361684,0.425305,32.998883,3.578469,0
2008-01-10,sh.600577,14.4700,14.6300,14.2500,14.3000,14.3700,2084061,30082064.0000,3,2.980210,1,-0.487124,32.204042,0.423233,32.838137,3.561038,0
2008-01-11,sh.600577,14.3000,14.3000,13.7700,14.0800,14.3000,2431051,33955148.0000,3,3.476406,1,-1.538463,31.708595,0.416722,32.332935,3.506252,0
2008-01-14,sh.600577,14.0300,14.3700,14.0000,14.2800,14.0800,2360056,33559704.0000,3,3.374883,1,1.420453,32.159001,0.422641,32.792210,3.556057,0
2008-01-15,sh.600577,14.2800,14.8800,14.2300,14.6200,14.2800,2783314,40655126.0000,3,3.980143,1,2.380954,32.924692,0.432704,33.572977,3.640725,0
2008-01-16,sh.600577,14.6000,14.8500,14.4100,14.7000,14.6200,3217383,47374472.0000,3,4.600862,1,0.547195,33.104854,0.435072,33.756687,3.660647,0
2008-01-17,sh.600577,14.7000,15.3900,14.0000,15.0200,14.7000,4404252,65620643.0000,3,6.298087,1,2.176875,33.825504,0.444543,34.491526,3.740335,0
2008-01-18,sh.600577,15.0000,15.8000,14.6200,15.7500,15.0200,5547111,84837400.0000,3,7.932377,1,4.860183,35.469487,0.466149,36.167878,3.922122,0
2008-01-21,sh.600577,15.9100,16.4500,15.0000,15.0700,15.7500,5842585,92982139.0000,3,8.354905,1,-4.317462,33.938106,0.446023,34.606345,3.752786,0
2008-01-22,sh.600577,14.5000,14.7900,13.5600,13.5600,15.0700,4455980,62530607.0000,3,6.372058,1,-10.019900,30.537539,0.401332,31.138821,3.376760,0
2008-01-23,sh.600577,13.5600,14.1300,12.9200,13.9700,13.5600,3978255,54444067.0000,3,5.688910,1,3.023598,31.460872,0.413466,32.080334,3.478860,0
2008-01-24,sh.600577,14.0000,14.4600,13.7100,14.1700,13.9700,3178126,45015099.0000,3,4.544725,1,1.431638,31.911278,0.419386,32.539609,3.528665,0
2008-01-25,sh.600577,14.2500,14.3600,13.8800,13.9500,14.1700,2577906,36426329.0000,3,3.686409,1,-1.552578,31.415831,0.412875,32.034407,3.473879,0
2008-01-28,sh.600577,13.8000,13.9400,12.5600,12.5700,13.9500,2679046,34988498.0000,3,3.831040,1,-9.892474,28.308028,0.372031,28.865412,3.130227,0
2008-01-29,sh.600577,12.6000,13.2700,12.4200,13.2000,12.5700,1945679,25103431.0000,3,2.782324,1,5.011934,29.726808,0.390677,30.312127,3.287112,0
2008-01-30,sh.600577,13.1900,13.5000,12.9000,13.3300,13.2000,1494212,19704635.0000,3,2.136725,1,0.984849,30.019572,0.394525,30.610655,3.319485,0
2008-01-31,sh.600577,13.4000,13.4400,12.6500,12.6800,13.3300,1260407,16384875.0000,3,1.802384,1,-4.876216,28.555752,0.375287,29.118013,3.157619,0
2008-02-01,sh.600577,12.4500,12.6600,11.7000,12.0000,12.6800,1721189,20846109.0000,3,2.461303,1,-5.362778,27.024371,0.355161,27.556479,2.988283,0
2008-02-04,sh.600577,12.3200,13.2000,12.2300,13.1600,12.0000,1856815,23720326.0000,3,2.655248,1,9.666666,29.636727,0.389493,30.220272,3.277151,0
2008-02-05,sh.600577,12.8900,13.2500,12.7100,13.1000,13.1600,1029128,13457057.0000,3,1.471655,1,-0.455923,29.501605,0.387717,30.082489,3.262209,0
2008-02-13,sh.600577,12.8100,13.5000,12.8000,13.2200,13.1000,1062028,13979306.0000,3,1.518702,1,0.916030,29.771849,0.391269,30.358054,3.292092,0
2008-02-14,sh.600577,13.4700,13.4700,13.1500,13.3000,13.2200,872924,11589366.0000,3,1.248283,1,0.605143,29.952011,0.393637,30.541764,3.312014,0
2008-02-15,sh.600577,13.3000,13.3000,12.8200,13.1800,13.3000,1006923,13126372.0000,3,1.439901,1,-0.902255,29.681767,0.390085,30.266199,3.282131,0
2008-02-18,sh.600577,13.3900,13.6200,13.2000,13.4500,13.1800,1358710,18272293.0000,3,1.942957,1,2.048555,30.289816,0.398076,30.886220,3.349368,0
2008-02-19,sh.600577,13.4400,14.0600,13.3800,13.8300,13.4500,1709139,23616608.0000,3,2.444071,1,2.825280,31.145587,0.409323,31.758842,3.443996,0
2008-02-20,sh.600577,13.8300,13.9900,13.5100,13.5500,13.8300,1261225,17346409.0000,3,1.803554,1,-2.024582,30.515019,0.401036,31.115857,3.374270,0
2008-02-21,sh.600577,13.5100,13.8200,13.2500,13.7400,13.5500,1508293,20469634.0000,3,2.156861,1,1.402211,30.942905,0.406659,31.552168,3.421584,0
2008-02-22,sh.600577,13.6000,13.9500,13.3200,13.5300,13.7400,1293289,17603801.0000,3,1.849405,1,-1.528385,30.469978,0.400444,31.069930,3.369289,0
2008-02-25,sh.600577,13.5800,13.6000,12.8100,12.8500,13.5300,1144400,15028437.0000,3,1.636494,1,-5.025864,28.938597,0.380318,29.508396,3.199953,0
2008-02-26,sh.600577,13.1200,13.3600,12.5100,13.1000,12.8500,849381,11032006.0000,3,1.214616,1,1.945525,29.501605,0.387717,30.082489,3.262209,0
2008-02-27,sh.600577,13.2000,13.3800,13.0300,13.3000,13.1000,813497,10811663.0000,3,1.163302,1,1.526716,29.952011,0.393637,30.541764,3.312014,0
2008-02-28,sh.600577,13.4000,13.4500,13.1200,13.3400,13.3000,683174,9092606.0000,3,0.976940,1,0.300752,30.042092,0.394821,30.633619,3.321975,0
2008-02-29,sh.600577,13.3400,13.5900,13.2500,13.5000,13.3400,969543,13072247.0000,3,1.386448,1,1.199399,30.402417,0.399556,31.001039,3.361819,0
2008-03-03,sh.600577,13.5100,14.0700,13.5100,14.0600,13.5000,1834915,25486961.0000,3,2.623931,1,4.148151,31.663554,0.416130,32.287008,3.501272,0
2008-03-04,sh.600577,14.2000,14.2000,13.8000,13.8600,14.0600,1482808,20715004.0000,3,2.120418,1,-1.422480,31.213148,0.410211,31.827733,3.451467,0
2008-03-05,sh.600577,13.8000,14.0900,13.5100,14.0200,13.8600,1258181,17276743.0000,3,1.799201,1,1.154407,31.573473,0.414946,32.195153,3.491311,0
2008-03-06,sh.600577,14.1000,14.4000,13.9700,14.1200,14.0200,1632338,23184449.0000,3,2.334246,1,0.713263,31.798676,0.417906,32.424790,3.516213,0
2008-03-07,sh.600577,14.0000,14.1000,13.6200,13.6800,14.1200,955742,13185638.0000,3,1.366712,1,-3.116144,30.807783,0.404883,31.414386,3.406643,0
2008-03-10,sh.600577,13.6600,13.8800,13.5100,13.5600,13.6800,906709,12395386.0000,3,1.296595,1,-0.877192,30.537539,0.401332,31.138821,3.376760,0
2008-03-11,sh.600577,13.6700,14.2800,13.3100,14.2600,13.5600,1707646,23741431.0000,3,2.441936,1,5.162240,32.113961,0.422050,32.746282,3.551077,0
2008-03-12,sh.600577,14.5000,14.5300,13.8800,13.9700,14.2600,2129652,30402744.0000,3,3.045405,1,-2.033660,31.460872,0.413466,32.080334,3.478860,0
2008-03-13,sh.600577,13.8100,14.3200,13.6200,14.2700,13.9700,2211344,30931418.0000,3,3.162225,1,2.147460,32.136481,0.422346,32.769246,3.553567,0
2008-03-14,sh.600577,14.1500,14.3000,13.8000,14.0200,14.2700,1775472,24975094.0000,3,2.538927,1,-1.751927,31.573473,0.414946,32.195153,3.491311,0
2008-03-17,sh.600577,13.9000,13.9000,12.6200,12.6200,14.0200,1841250,24168056.0000,3,2.632990,1,-9.985738,28.420630,0.373511,28.980230,3.142678,0
2008-03-18,sh.600577,12.1100,12.4500,11.3600,11.3600,12.6200,1661505,19540709.0000,3,2.375955,1,-9.984155,25.583071,0.336219,26.086800,2.828908,0
2008-03-19,sh.600577,11.7000,12.0600,11.4000,11.7600,11.3600,1024670,12053568.0000,3,1.465280,1,3.521132,26.483883,0.348058,27.005349,2.928518,0
2008-03-20,sh.600577,11.6900,12.3900,11.1700,12.2400,11.7600,1085628,12874528.0000,3,1.552450,1,4.081629,27.564858,0.362264,28.107608,3.048049,0
2008-03-21,sh.600577,12.3000,12.6000,12.1100,12.5600,12.2400,897965,11139797.0000,3,1.284091,1,2.614384,28.285508,0.371735,28.842448,3.127737,0
2008-03-24,sh.600577,12.9300,13.8200,12.9300,13.8200,12.5600,2090206,28400341.0000,3,2.988998,1,10.031840,31.123067,0.409027,31.735878,3.441506,0
2008-03-25,sh.600577,15.1900,15.2000,14.0000,14.7700,13.8200,11866958,172455228.0000,3,16.969767,1,6.874101,32.055298,0.433206,162.314269,3.633743,0
2008-03-26,sh.600577,14.6500,15.6500,14.6200,14.8300,14.7700,8327996,126037881.0000,3,11.909046,1,0.406225,32.185516,0.434966,162.973637,3.648504,0
2008-03-27,sh.600577,14.4900,15.2000,14.3500,14.5800,14.8300,5916221,88018328.0000,3,8.460204,1,-1.685772,31.642942,0.427633,160.226273,3.586999,0
2008-03-28,sh.600577,14.6300,15.2000,13.8800,15.1500,14.5800,5852237,85326530.0000,3,8.368707,1,3.909463,32.880011,0.444351,166.490263,3.727231,0
2008-03-31,sh.600577,14.6600,15.0000,14.0700,14.2100,15.1500,3525315,51194200.0000,3,5.041205,1,-6.204618,30.839931,0.416781,156.160174,3.495971,0
2008-04-01,sh.600577,14.1500,14.4800,13.2900,13.4000,14.2100,3190313,44040529.0000,3,4.562152,1,-5.700214,29.081990,0.393024,147.258714,3.296693,0
2008-04-02,sh.600577,13.5500,14.1400,12.8600,13.3300,13.4000,3173138,42855251.0000,3,4.537592,1,-0.522386,28.930069,0.390970,146.489452,3.279472,0
2008-04-03,sh.600577,13.0000,14.1000,12.7000,13.9300,13.3300,2743708,36884845.0000,3,3.923506,1,4.501128,30.232248,0.408568,153.083126,3.427085,0
2008-04-07,sh.600577,13.5100,15.3200,13.3500,15.2700,13.9300,6013555,88524505.0000,3,8.599392,1,9.619527,33.140447,0.447871,167.808997,3.756754,0
2008-04-08,sh.600577,15.2000,15.7500,14.9000,15.5600,15.2700,7140711,109521573.0000,3,10.211227,1,1.899148,33.769833,0.456377,170.995940,3.828100,0
2008-04-09,sh.600577,15.5800,15.9600,14.1800,14.2100,15.5600,6893605,105081099.0000,3,9.857865,1,-8.676095,30.839931,0.416781,156.160174,3.495971,0
2008-04-10,sh.600577,13.9500,15.0200,13.6100,15.0000,14.2100,4915211,70681227.0000,3,7.028759,1,5.559465,32.554467,0.439952,164.841844,3.690328,0
2008-04-11,sh.600577,15.0500,15.4000,14.7400,15.0100,15.0000,3945497,59411323.0000,3,5.642066,1,0.066668,32.576170,0.440245,164.951739,3.692788,0
2008-04-14,sh.600577,14.6400,14.6800,13.6800,13.8000,15.0100,3304758,46779854.0000,3,4.725809,1,-8.061293,29.950109,0.404756,151.654497,3.395102,0
2008-04-15,sh.600577,13.8000,14.3500,13.1000,14.2300,13.8000,2994947,41114423.0000,3,4.282778,1,3.115937,30.883337,0.417368,156.379963,3.500891,0
2008-04-16,sh.600577,14.0000,14.1000,13.2500,13.3000,14.2300,2397009,32704635.0000,3,3.427726,1,-6.535484,28.864960,0.390090,146.159768,3.272091,0
2008-04-17,sh.600577,13.0500,13.5300,12.1000,12.1500,13.3000,3481159,44541803.0000,3,4.978062,1,-8.646621,26.369118,0.356361,133.521894,2.989166,0
2008-04-18,sh.600577,12.0400,12.8600,11.9800,12.1800,12.1500,2551968,31675555.0000,3,2.855509,1,0.246919,26.434227,0.357241,133.851577,2.996546,0
2008-04-21,sh.600577,12.9000,13.0900,11.6000,11.6400,12.1800,3623602,45233932.0000,3,4.054607,1,-4.433497,25.262266,0.341403,127.917271,2.863695,0
2008-04-22,sh.600577,11.4300,11.4300,10.4800,11.2200,11.6400,3016496,32816988.0000,3,3.375289,1,-3.608248,24.350741,0.329084,123.301699,2.760365,0
2008-04-23,sh.600577,10.9800,11.8900,10.8000,11.6800,11.2200,2682309,30570793.0000,3,3.001353,1,4.099822,25.349078,0.342576,128.356849,2.873536,0
2008-04-24,sh.600577,12.0000,12.8500,10.5200,12.8500,11.6800,22312032,278439959.0000,3,18.085460,1,10.017120,25.864646,0.347818,-96.755642,3.070350,0
2008-04-25,sh.600577,12.4900,13.6000,12.2500,13.0300,12.8500,14178783,184197824.0000,3,11.492894,1,1.400773,26.226953,0.352690,-98.110974,3.113359,0
2008-04-28,sh.600577,13.0300,13.0300,13.0300,13.0300,13.0300,0,0.0000,3,,0,0.000000,26.226953,0.352690,-98.110974,3.113359,0
2008-04-29,sh.600577,12.7100,13.4800,12.7100,12.9000,13.0300,6325478,82820050.0000,3,5.127242,1,-0.997699,25.965287,0.349172,-97.132123,3.082297,0
2008-04-30,sh.600577,13.0000,13.4400,13.0000,13.3400,12.9000,6829012,90467375.0000,3,5.535391,1,3.410857,26.850925,0.361081,-100.445156,3.187430,0
2008-05-05,sh.600577,13.5100,14.0800,13.3400,14.0400,13.3400,8102358,111186092.0000,3,6.567527,1,5.247375,28.259894,0.380029,-105.715892,3.354686,0
2008-05-06,sh.600577,13.8400,14.0700,13.5900,13.8000,14.0400,6710529,92738504.0000,3,5.439352,1,-1.709400,27.776819,0.373532,-103.908783,3.297341,0
2008-05-07,sh.600577,13.7800,14.2800,13.3200,13.3800,13.8000,6502092,89962834.0000,3,5.270400,1,-3.043479,26.931437,0.362164,-100.746341,3.196987,0
2008-05-08,sh.600577,13.7000,14.6600,13.7000,14.4900,13.3800,9618233,136279651.0000,3,7.796249,1,8.295961,29.165660,0.392209,-109.104222,3.462208,0
2008-05-09,sh.600577,14.5000,14.8000,13.8800,14.3600,14.4900,8157693,116953295.0000,3,6.612380,1,-0.897171,28.903994,0.388690,-108.125371,3.431146,0
2008-05-12,sh.600577,14.2500,14.9500,13.7000,14.7300,14.3600,7842835,113285180.0000,3,6.357165,1,2.576601,29.648735,0.398705,-110.911331,3.519553,0
2008-05-13,sh.600577,14.1700,14.5700,13.8500,13.9200,14.7300,7970473,112476230.0000,3,6.460625,1,-5.498978,28.018356,0.376780,-104.812337,3.326014,0
2008-05-14,sh.600577,7.8000,8.0300,7.7300,7.7900,7.7300,5246558,41226151.0000,3,2.362612,1,0.776196,28.223663,0.379541,-105.580359,3.350386,0
2008-05-15,sh.600577,7.8000,7.9600,7.6000,7.8900,7.7900,10004110,78107276.0000,3,4.505017,1,1.283696,28.585970,0.384414,-106.935691,3.393394,0
2008-05-16,sh.600577,7.8500,7.9000,7.3300,7.4600,7.8900,8476633,64549041.0000,3,3.817168,1,-5.449934,27.028052,0.363463,-101.107763,3.208456,0
2008-05-19,sh.600577,7.4500,7.5300,7.1000,7.3200,7.4600,5362677,38945218.0000,3,2.414902,1,-1.876674,26.520823,0.356642,-99.210298,3.148244,0
2008-05-20,sh.600577,7.3200,7.4500,6.5900,6.6700,7.3200,8111556,56803755.0000,3,3.652768,1,-8.879783,24.165832,0.324973,-90.400641,2.868687,0
2008-05-21,sh.600577,6.6700,6.9600,6.3900,6.9000,6.6700,9039105,59865717.0000,3,4.070459,1,3.448276,24.999137,0.336179,-93.517904,2.967607,0
2008-05-22,sh.600577,6.7000,6.8900,6.6600,6.6700,6.9000,5081059,34386152.0000,3,2.288085,1,-3.333333,24.165832,0.324973,-90.400641,2.868687,0
2008-05-23,sh.600577,6.6800,7.0400,6.5200,6.9100,6.6700,6263270,42646106.0000,3,2.820454,1,3.598197,25.035368,0.336666,-93.653437,2.971908,0
2008-05-26,sh.600577,6.8300,6.8300,6.6300,6.6800,6.9100,3447525,23082591.0000,3,1.552478,1,-3.328510,24.202063,0.325460,-90.536174,2.872988,0
2008-05-27,sh.600577,6.5800,6.7600,6.5800,6.6500,6.6800,2017474,13428456.0000,3,0.908502,1,-0.449098,24.093371,0.323999,-90.129574,2.860085,0
2008-05-28,sh.600577,6.7500,6.8200,6.5600,6.7900,6.6500,3513535,23594060.0000,3,1.582203,1,2.105261,24.600600,0.330820,-92.027039,2.920298,0
2008-05-29,sh.600577,6.8000,6.8000,6.4800,6.4900,6.7900,3168985,21016832.0000,3,1.427046,1,-4.418265,23.513681,0.316203,-87.961043,2.791271,0
2008-05-30,sh.600577,6.5300,6.5900,6.2700,6.4000,6.4900,3385919,21714893.0000,3,1.524735,1,-1.386744,23.187605,0.311818,-86.741245,2.752563,0
2008-06-02,sh.600577,6.3600,6.4800,6.3300,6.3800,6.4000,2463581,15747876.0000,3,1.109391,1,-0.312500,23.115144,0.310844,-86.470178,2.743961,0
2008-06-03,sh.600577,6.4500,6.5300,6.3600,6.4900,6.3800,2405862,15500548.0000,3,1.083400,1,1.724133,23.513681,0.316203,-87.961043,2.791271,0
2008-06-04,sh.600577,6.4200,6.4700,6.2800,6.3000,6.4900,2054623,13020954.0000,3,0.925231,1,-2.927575,22.825299,0.306946,-85.385913,2.709554,0
2008-06-05,sh.600577,6.2800,6.3700,6.2500,6.3100,6.3000,1905134,12021994.0000,3,0.857913,1,0.158726,22.861530,0.307433,-85.521446,2.713855,0
2008-06-06,sh.600577,6.3200,6.6500,6.3200,6.5600,6.3100,4537752,29521197.0000,3,2.043425,1,3.961965,23.767295,0.319614,-88.909776,2.821377,0
2008-06-10,sh.600577,6.2600,6.3800,5.9000,5.9000,6.5600,3530210,21419645.0000,3,1.589712,1,-10.060970,21.376074,0.287457,-79.964585,2.537519,0
2008-06-11,sh.600577,5.7800,5.8900,5.3700,5.5300,5.9000,3354334,18776055.0000,3,1.510512,1,-6.271184,20.035540,0.269431,-74.949857,2.378387,0
2008-06-12,sh.600577,5.5200,5.5900,5.2600,5.4600,5.5300,3818946,20639123.0000,3,1.719735,1,-1.265826,19.781926,0.266020,-74.001124,2.348280,0
2008-06-13,sh.600577,5.4800,5.5700,5.1500,5.2100,5.4600,2630734,14065102.0000,3,1.184663,1,-4.578755,18.876160,0.253840,-70.612794,2.240758,0
2008-06-16,sh.600577,5.2200,5.3000,5.0300,5.0900,5.2100,2223839,11390346.0000,3,1.001432,1,-2.303261,18.441392,0.247993,-68.986396,2.189148,0
2008-06-17,sh.600577,5.1500,5.1700,4.6100,4.6300,5.0900,2563419,12623092.0000,3,1.154350,1,-9.037329,16.774783,0.225581,-62.751869,1.991307,0
2008-06-18,sh.600577,4.6300,4.6300,4.6300,4.6300,4.6300,0,0.0000,3,,0,0.000000,16.774783,0.225581,-62.751869,1.991307,0
2008-06-19,sh.600577,4.9000,5.0900,4.5300,4.5300,4.6300,12492760,61227423.0000,3,5.625697,1,-2.159825,16.412477,0.220709,-61.396537,1.948299,0
2008-06-20,sh.600577,4.4700,4.8800,4.1600,4.5900,4.5300,8611776,39223766.0000,3,3.878025,1,1.324502,16.629861,0.223632,-62.209736,1.974104,0
2008-06-23,sh.600577,4.4500,4.6300,4.3000,4.3500,4.5900,3728220,16595823.0000,3,1.678879,1,-5.228764,15.760325,0.211939,-58.956940,1.870883,0
2008-06-24,sh.600577,4.3300,4.5900,4.2900,4.5600,4.3500,3033746,13579414.0000,3,1.366146,1,4.827587,16.521169,0.222171,-61.803137,1.961201,0
2008-06-25,sh.600577,4.5500,5.0000,4.5200,4.9100,4.5600,5619406,26955714.0000,3,2.530512,1,7.675437,17.789241,0.239223,-66.546799,2.111732,0
2008-06-26,sh.600577,4.9500,5.0000,4.7400,4.8900,4.9100,5447417,26575937.0000,3,2.453062,1,-0.407332,17.716780,0.238249,-66.275732,2.103130,0
2008-06-27,sh.600577,4.6700,4.7000,4.4000,4.4400,4.8900,5225876,23727497.0000,3,2.353299,1,-9.202451,16.086401,0.216324,-60.176738,1.909591,0
2008-06-30,sh.600577,4.3500,4.4800,4.3100,4.4300,4.4400,2472435,10875414.0000,3,1.113378,1,-0.225230,16.050170,0.215837,-60.041205,1.905290,0
2008-07-01,sh.600577,4.4200,4.5200,4.4000,4.4300,4.4300,1897662,8447153.0000,3,0.854549,1,0.000000,16.050170,0.215837,-60.041205,1.905290,0
2008-07-02,sh.600577,4.4300,4.6000,4.4300,4.5200,4.4300,1671792,7553982.0000,3,0.752836,1,2.031606,16.376246,0.220222,-61.261004,1.943998,0
2008-07-03,sh.600577,4.4800,4.8200,4.4100,4.7000,4.5200,3692409,17278102.0000,3,1.662753,1,3.982297,17.028398,0.228992,-63.700601,2.021414,0
2008-07-04,sh.600577,4.7400,4.7900,4.6100,4.6300,4.7000,2534186,11859961.0000,3,1.141186,1,-1.489355,16.774783,0.225581,-62.751869,1.991307,0
2008-07-07,sh.600577,4.6400,4.9300,4.6400,4.9300,4.6300,3975203,19239694.0000,3,1.790100,1,6.479475,17.861702,0.240198,-66.817865,2.120334,0
2008-07-08,sh.600577,5.0000,5.0800,4.8000,5.0400,4.9300,4535824,22389663.0000,3,2.042557,1,2.231240,18.260239,0.245557,-68.308730,2.167644,0
2008-07-09,sh.600577,5.0500,5.3000,4.9900,5.2400,5.0400,6237705,32211122.0000,3,2.808942,1,3.968250,18.984852,0.255301,-71.019394,2.253661,0
2008-07-10,sh.600577,5.1600,5.3200,5.0800,5.1000,5.2400,5745629,29782510.0000,3,2.587352,1,-2.671753,18.477623,0.248480,-69.121929,2.193449,0
2008-07-11,sh.600577,5.1800,5.4200,5.1100,5.3900,5.1000,9860996,51671674.0000,3,4.440570,1,5.686274,19.528311,0.262609,-73.052392,2.318174,0
2008-07-14,sh.600577,5.3200,5.4100,5.2200,5.3900,5.3900,5383067,28678700.0000,3,2.424084,1,0.000000,19.528311,0.262609,-73.052392,2.318174,0
2008-07-15,sh.600577,5.3700,5.4900,5.0500,5.0900,5.3900,6254601,32807804.0000,3,2.816550,1,-5.565857,18.441392,0.247993,-68.986396,2.189148,0
2008-07-16,sh.600577,5.0000,5.0300,4.6100,4.7000,5.0900,4202406,20309409.0000,3,1.892413,1,-7.662089,17.028398,0.228992,-63.700601,2.021414,0
2008-07-17,sh.600577,4.8000,4.9000,4.6200,4.6600,4.7000,2277286,10850304.0000,3,1.025500,1,-0.851063,16.883475,0.227043,-63.158469,2.004210,0
2008-07-18,sh.600577,4.6700,4.9200,4.6400,4.8800,4.6600,2603575,12471774.0000,3,1.172433,1,4.721036,17.680549,0.237761,-66.140199,2.098829,0
2008-07-21,sh.600577,4.8800,5.1800,4.8000,5.1200,4.8800,3492786,17585306.0000,3,1.572859,1,4.918028,18.550084,0.249455,-69.392996,2.202051,0
2008-07-22,sh.600577,5.1400,5.2800,5.1000,5.1800,5.1200,3827826,19880378.0000,3,1.723733,1,1.171874,18.767468,0.252378,-70.206195,2.227856,0
2008-07-23,sh.600577,5.2000,5.2600,5.0700,5.0900,5.1800,3820889,19808839.0000,3,1.720610,1,-1.737446,18.441392,0.247993,-68.986396,2.189148,0
2008-07-24,sh.600577,5.2000,5.2500,5.1100,5.2400,5.0900,3202180,16637688.0000,3,1.441995,1,2.946947,18.984852,0.255301,-71.019394,2.253661,0
2008-07-25,sh.600577,5.1800,5.2200,5.1000,5.1700,5.2400,2244099,11592634.0000,3,1.010555,1,-1.335872,18.731237,0.251891,-70.070662,2.223555,0
2008-07-28,sh.600577,5.2100,5.3500,5.2100,5.3300,5.1700,3867041,20492969.0000,3,1.741393,1,3.094774,19.310927,0.259686,-72.239193,2.292369,0
2008-07-29,sh.600577,5.2800,5.2800,5.1200,5.1800,5.3300,3214384,16691775.0000,3,1.447490,1,-2.814261,18.767468,0.252378,-70.206195,2.227856,0
2008-07-30,sh.600577,5.2600,5.3600,5.1900,5.3400,5.1800,5087187,26838467.0000,3,2.290845,1,3.088809,18.431506,0.263064,-16.143056,2.231165,0
2008-07-31,sh.600577,5.3600,5.4300,5.1500,5.1600,5.3400,5210721,27625856.0000,3,2.346474,1,-3.370792,17.810219,0.254196,-15.598908,2.155957,0
2008-08-01,sh.600577,5.1000,5.2200,4.7900,5.1900,5.1600,5958689,29846371.0000,3,2.683296,1,0.581400,17.913767,0.255674,-15.689600,2.168492,0
2008-08-04,sh.600577,5.1000,5.3100,5.0300,5.0700,5.1900,4657321,24082387.0000,3,2.097269,1,-2.312100,17.499576,0.249763,-15.326834,2.118353,0
2008-08-05,sh.600577,5.0800,5.2500,5.0600,5.0900,5.0700,3874314,19863014.0000,3,1.744668,1,0.394500,17.568608,0.250748,-15.387295,2.126710,0
2008-08-06,sh.600577,5.1300,5.1800,4.8800,5.0100,5.0900,3180992,16022460.0000,3,1.432453,1,-1.571700,17.292480,0.246807,-15.145452,2.093284,0
2008-08-07,sh.600577,4.9100,5.1000,4.9000,4.9900,5.0100,2518499,12547532.0000,3,1.134122,1,-0.399200,17.223448,0.245822,-15.084991,2.084927,0
2008-08-08,sh.600577,5.0500,5.1200,4.6300,4.6700,4.9900,3717628,18328873.0000,3,1.674109,1,-6.412800,16.118939,0.230058,-14.117617,1.951225,0
2008-08-11,sh.600577,4.6800,4.7600,4.2000,4.2100,4.6700,3366374,14729901.0000,3,1.515934,1,-9.850100,14.531206,0.207397,-12.727016,1.759027,0
2008-08-12,sh.600577,4.2100,4.2700,4.0100,4.1500,4.2100,1876406,7795305.0000,3,0.844977,1,-1.425200,14.324110,0.204441,-12.545634,1.733958,0
2008-08-13,sh.600577,4.1500,4.2000,3.9400,4.1400,4.1500,1708418,6951623.0000,3,0.769329,1,-0.241000,14.289594,0.203948,-12.515403,1.729780,0
2008-08-14,sh.600577,4.1400,4.2000,4.0600,4.1500,4.1400,1030086,4272382.0000,3,0.463865,1,0.241500,14.324110,0.204441,-12.545634,1.733958,0
2008-08-15,sh.600577,4.1600,4.2300,4.0800,4.1400,4.1500,1213224,5064095.0000,3,0.546335,1,-0.241000,14.289594,0.203948,-12.515403,1.729780,0
2008-08-18,sh.600577,4.1900,4.2200,3.8400,3.9000,4.1400,2129440,8503897.0000,3,0.958922,1,-5.797100,13.461212,0.192125,-11.789872,1.629502,0
2008-08-19,sh.600577,3.9000,3.9800,3.8100,3.9100,3.9000,1428489,5596366.0000,3,0.643272,1,0.256400,13.495728,0.192618,-11.820103,1.633681,0
2008-08-20,sh.600577,3.8800,4.2800,3.8600,4.2600,3.9100,3390145,14082278.0000,3,1.526638,1,8.951400,14.703786,0.209860,-12.878168,1.779918,0
2008-08-21,sh.600577,4.1500,4.2900,4.0700,4.0800,4.2600,2736065,11441279.0000,3,1.232095,1,-4.225400,14.082499,0.200992,-12.334020,1.704710,0
2008-08-22,sh.600577,4.0800,4.1000,3.9000,4.0000,4.0800,1948304,7785510.0000,3,0.877354,1,-1.960800,13.806371,0.197051,-12.092177,1.671285,0
2008-08-25,sh.600577,4.0000,4.0700,3.9500,3.9700,4.0000,1313342,5272284.0000,3,0.591420,1,-0.750000,13.702824,0.195574,-12.001486,1.658750,0
2008-08-26,sh.600577,3.9900,4.0200,3.7600,3.8200,3.9700,1859457,7203186.0000,3,0.837344,1,-3.778300,13.185085,0.188184,-11.548029,1.596077,0
2008-08-27,sh.600577,3.8300,3.8900,3.7700,3.8600,3.8200,1498755,5756685.0000,3,0.674914,1,1.047100,13.323148,0.190155,-11.668951,1.612790,0
2008-08-28,sh.600577,3.8500,3.9100,3.8200,3.8500,3.8600,1278381,4942427.0000,3,0.575676,1,-0.259100,13.288633,0.189662,-11.638720,1.608611,0
2008-08-29,sh.600577,3.8900,4.0400,3.8500,3.9700,3.8500,1876426,7393907.0000,3,0.844986,1,3.116900,13.702824,0.195574,-12.001486,1.658750,0
2008-09-01,sh.600577,3.9500,4.0600,3.8400,4.0500,3.9700,2503391,9851038.0000,3,1.127318,1,2.015100,13.978951,0.199515,-12.243329,1.692176,0
2008-09-02,sh.600577,4.0500,4.3900,4.0100,4.2500,4.0500,8879992,37423771.0000,3,3.998808,1,4.938300,14.669270,0.209367,-12.847938,1.775740,0
2008-09-03,sh.600577,4.2000,4.2400,4.0200,4.1200,4.2500,4741348,19525702.0000,3,2.135108,1,-3.058800,14.220563,0.202963,-12.454942,1.721423,0
2008-09-04,sh.600577,4.0800,4.1600,4.0300,4.1400,4.1200,2195649,9006615.0000,3,0.988737,1,0.485400,14.289594,0.203948,-12.515403,1.729780,0
2008-09-05,sh.600577,4.0200,4.0500,3.8100,3.8300,4.1400,2747189,10833733.0000,3,1.237105,1,-7.487900,13.219601,0.188677,-11.578259,1.600255,0
2008-09-08,sh.600577,3.6800,3.8600,3.6000,3.6100,3.8300,2416450,8992588.0000,3,1.088167,1,-5.744100,12.460250,0.177839,-10.913190,1.508334,0
2008-09-09,sh.600577,3.6700,3.7300,3.6100,3.7000,3.6100,1399037,5146850.0000,3,0.630010,1,2.493100,12.770894,0.182273,-11.185264,1.545938,0
2008-09-10,sh.600577,3.6900,3.8300,3.6400,3.7300,3.7000,1927499,7218045.0000,3,0.867985,1,0.810800,12.874441,0.183750,-11.275955,1.558473,0
2008-09-11,sh.600577,3.6900,3.7700,3.6000,3.6700,3.7300,1768876,6499219.0000,3,0.796554,1,-1.608600,12.667346,0.180795,-11.094572,1.533404,0
2008-09-12,sh.600577,3.6700,3.7300,3.6300,3.6800,3.6700,1056268,3890261.0000,3,0.475655,1,0.272500,12.701862,0.181287,-11.124803,1.537582,0
2008-09-16,sh.600577,3.7200,3.7600,3.6300,3.7000,3.6800,1849587,6849620.0000,3,0.832900,1,0.543500,12.770894,0.182273,-11.185264,1.545938,0
2008-09-17,sh.600577,3.6900,3.7300,3.5300,3.5900,3.7000,1462397,5334282.0000,3,0.658542,1,-2.973000,12.391218,0.176854,-10.852729,1.499978,0
2008-09-18,sh.600577,3.4800,3.5600,3.2700,3.4200,3.5900,2743621,9350176.0000,3,1.235498,1,-4.735400,11.804448,0.168479,-10.338811,1.428948,0
2008-09-19,sh.600577,3.7600,3.7600,3.6300,3.7600,3.4200,2382370,8916434.0000,3,1.072821,1,9.941500,12.977989,0.185228,-11.366646,1.571007,0
2008-09-22,sh.600577,4.0100,4.1200,3.8100,3.9400,3.7600,6378788,25278283.0000,3,2.872474,1,4.787200,13.599276,0.194096,-11.910794,1.646215,0
2008-09-23,sh.600577,3.8400,3.8400,3.6000,3.6100,3.9400,3033006,11240135.0000,3,1.365813,1,-8.375600,12.460250,0.177839,-10.913190,1.508334,0
2008-09-24,sh.600577,3.5500,3.6900,3.5200,3.6800,3.6100,2151130,7750960.0000,3,0.968689,1,1.939100,12.701862,0.181287,-11.124803,1.537582,0
2008-09-25,sh.600577,3.6800,3.8100,3.6500,3.7500,3.6800,2922792,10941927.0000,3,1.316182,1,1.902200,12.943473,0.184736,-11.336416,1.566829,0
2008-09-26,sh.600577,3.7500,3.8000,3.6000,3.7100,3.7500,2454643,9055781.0000,3,1.105366,1,-1.066700,12.805410,0.182765,-11.215494,1.550116,0
2008-10-06,sh.600577,3.6500,3.6500,3.4800,3.4900,3.7100,1800120,6382021.0000,3,0.810624,1,-5.929900,12.046059,0.171927,-10.550424,1.458196,0
2008-10-07,sh.600577,3.4100,3.4900,3.3800,3.4500,3.4900,1356519,4650941.0000,3,0.610863,1,-1.146100,11.907995,0.169957,-10.429503,1.441483,0
2008-10-08,sh.600577,3.4100,3.4400,3.3400,3.3700,3.4500,875206,2963425.0000,3,0.394120,1,-2.318800,11.631868,0.166016,-10.187659,1.408057,0
2008-10-09,sh.600577,3.4900,3.4900,3.3400,3.3400,3.3700,1214135,4113690.0000,3,0.546745,1,-0.890200,11.528320,0.164538,-10.096968,1.395523,0
2008-10-10,sh.600577,3.2500,3.2600,3.0800,3.1000,3.3400,1821365,5724422.0000,3,0.820191,1,-7.185600,10.699938,0.152715,-9.371437,1.295246,0
2008-10-13,sh.600577,3.0500,3.1700,2.9300,3.1600,3.1000,1530566,4644366.0000,3,0.689239,1,1.935500,10.907033,0.155671,-9.552820,1.320315,0
2008-10-14,sh.600577,3.2700,3.2800,3.0400,3.0500,3.1600,2146332,6881630.0000,3,0.966529,1,-3.481000,10.527358,0.150252,-9.220285,1.274354,0
2008-10-15,sh.600577,3.0100,3.0800,2.9600,3.0000,3.0500,1244257,3749144.0000,3,0.560310,1,-1.639300,10.354779,0.147789,-9.069133,1.253463,0
2008-10-16,sh.600577,2.9100,2.9400,2.8300,2.8400,3.0000,1422612,4113894.0000,3,0.640626,1,-5.333300,9.802524,0.139907,-8.585446,1.186612,0
2008-10-17,sh.600577,2.8900,2.9500,2.8800,2.9000,2.8400,1084800,3157025.0000,3,0.488503,1,2.112700,10.009619,0.142862,-8.766828,1.211681,0
2008-10-20,sh.600577,2.9200,3.0300,2.8800,3.0100,2.9000,1058269,3133223.0000,3,0.476556,1,3.793100,10.389295,0.148281,-9.099363,1.257642,0
2008-10-21,sh.600577,3.0500,3.0700,2.9900,3.0000,3.0100,1850730,5597367.0000,3,0.833414,1,-0.332200,10.354779,0.147789,-9.069133,1.253463,0
2008-10-22,sh.600577,2.9600,3.0300,2.9500,2.9600,3.0000,1071238,3205879.0000,3,0.482396,1,-1.333300,10.216715,0.145818,-8.948211,1.236751,0
2008-10-23,sh.600577,2.9100,3.0100,2.8500,3.0000,2.9600,1333341,3890127.0000,3,0.600426,1,1.351400,10.354779,0.147789,-9.069133,1.253463,0
2008-10-24,sh.600577,3.0000,3.1500,2.9900,3.0600,3.0000,2985604,9156848.0000,3,1.344467,1,2.000000,10.561874,0.150744,-9.250515,1.278533,0
2008-10-27,sh.600577,3.0100,3.0600,2.8700,2.8700,3.0600,3174047,9458243.0000,3,1.429326,1,-6.209200,9.347227,0.144377,13.625190,1.142386,0
2008-10-28,sh.600577,2.8700,3.0600,2.8100,3.0400,2.8700,2928833,8638960.0000,3,1.318902,1,5.923300,9.900896,0.152929,14.432257,1.210053,0
2008-10-29,sh.600577,3.0500,3.0900,2.9300,2.9300,3.0400,2360891,7102363.0000,3,1.063148,1,-3.618400,9.542639,0.147396,13.910037,1.166268,0
2008-10-30,sh.600577,2.9800,3.0600,2.9300,3.0200,2.9300,2301207,6911965.0000,3,1.036272,1,3.071700,9.835758,0.151923,14.337307,1.202092,0
2008-10-31,sh.600577,3.0100,3.0300,2.9400,3.0000,3.0200,1911384,5695801.0000,3,0.860728,1,-0.662300,9.770621,0.150917,14.242358,1.194131,0
2008-11-03,sh.600577,3.0200,3.1500,3.0000,3.1000,3.0000,6414348,19890818.0000,3,2.888487,1,3.333300,10.096308,0.155948,14.717104,1.233936,0
2008-11-04,sh.600577,3.0800,3.1000,2.9600,3.0500,3.1000,3106934,9374195.0000,3,1.399104,1,-1.612900,9.933464,0.153433,14.479731,1.214033,0
2008-11-05,sh.600577,3.0700,3.1600,3.0500,3.1300,3.0500,4362874,13563940.0000,3,1.964674,1,2.623000,10.194014,0.157457,14.859527,1.245877,0
2008-11-06,sh.600577,3.0500,3.0600,2.9700,3.0000,3.1300,3273800,9871028.0000,3,1.474246,1,-4.153400,9.770621,0.150917,14.242358,1.194131,0
2008-11-07,sh.600577,2.9500,3.0500,2.9100,3.0200,3.0000,2274619,6823266.0000,3,1.024299,1,0.666700,9.835758,0.151923,14.337307,1.202092,0
2008-11-10,sh.600577,3.0700,3.2700,3.0600,3.2600,3.0200,6430018,20446045.0000,3,2.895544,1,7.947000,10.617408,0.163997,15.476696,1.297623,0
2008-11-11,sh.600577,3.2000,3.3000,3.1500,3.1600,3.2600,6340334,20396969.0000,3,2.855157,1,-3.067500,10.291720,0.158966,15.001951,1.257818,0
2008-11-12,sh.600577,3.1400,3.3000,3.1300,3.2900,3.1600,4838591,15640172.0000,3,2.178898,1,4.113900,10.715114,0.165506,15.619120,1.309564,0
2008-11-13,sh.600577,3.2400,3.4800,3.2200,3.4100,3.2900,8158744,27656742.0000,3,3.674018,1,3.647400,11.105939,0.171543,16.188814,1.357329,0
2008-11-14,sh.600577,3.4400,3.7500,3.3700,3.7500,3.4100,15250721,54631510.0000,3,6.867652,1,9.970700,12.213276,0.188647,17.802948,1.492664,0
2008-11-17,sh.600577,3.8400,4.1300,3.7600,4.1200,3.7500,23797321,94479406.0000,3,10.716328,1,9.866700,13.418319,0.207260,19.559506,1.639940,0
2008-11-18,sh.600577,4.0200,4.1200,3.7100,3.7100,4.1200,14897259,57868845.0000,3,6.708483,1,-9.951500,12.083001,0.186634,17.613050,1.476742,0
2008-11-19,sh.600577,3.6400,4.0200,3.6300,3.9500,3.7100,10031463,38638969.0000,3,4.517334,1,6.469000,12.864650,0.198708,18.752439,1.572273,0
2008-11-20,sh.600577,3.8500,4.0100,3.8000,3.8700,3.9500,8903060,34519929.0000,3,4.009195,1,-2.025300,12.604101,0.194683,18.372642,1.540429,0
2008-11-21,sh.600577,3.7700,3.9000,3.5900,3.8100,3.8700,9044361,33858861.0000,3,4.072826,1,-1.550400,12.408688,0.191665,18.087795,1.516547,0
2008-11-24,sh.600577,3.8100,3.8200,3.5600,3.6200,3.8100,4773004,17704041.0000,3,2.149363,1,-4.986900,11.789882,0.182107,17.185779,1.440918,0
2008-11-25,sh.600577,3.6800,3.7200,3.4600,3.5800,3.6200,3233107,11569983.0000,3,1.455922,1,-1.105000,11.659607,0.180095,16.995881,1.424997,0
2008-11-26,sh.600577,3.5600,3.6600,3.5300,3.6100,3.5800,2415086,8702930.0000,3,1.087553,1,0.838000,11.757313,0.181604,17.138305,1.436938,0
2008-11-27,sh.600577,3.8900,3.9000,3.6100,3.6200,3.6100,7603109,28501838.0000,3,3.423806,1,0.277000,11.789882,0.182107,17.185779,1.440918,0
2008-11-28,sh.600577,3.5500,3.7000,3.5500,3.5900,3.6200,3609003,13071694.0000,3,1.625194,1,-0.828700,11.692176,0.180598,17.043356,1.428977,0
2008-12-01,sh.600577,3.5800,3.8400,3.5600,3.8200,3.5900,6992784,26252144.0000,3,3.148967,1,6.406700,12.441257,0.192168,18.135270,1.520527,0
2008-12-02,sh.600577,3.7300,4.0200,3.7100,3.9700,3.8200,12056067,46805375.0000,3,5.429047,1,3.926700,12.929788,0.199714,18.847388,1.580234,0
2008-12-03,sh.600577,3.9600,4.0700,3.9200,4.0400,3.9700,12095642,48432738.0000,3,5.446868,1,1.763200,13.157769,0.203235,19.179709,1.608097,0
2008-12-04,sh.600577,4.0700,4.1800,3.9000,3.9600,4.0400,13884597,56794039.0000,3,6.252464,1,-1.980200,12.897219,0.199211,18.799913,1.576253,0
2008-12-05,sh.600577,3.9300,4.1100,3.9100,4.0800,3.9600,6856614,27695226.0000,3,3.087647,1,3.030300,13.288044,0.205247,19.369607,1.624019,0
2008-12-08,sh.600577,4.1200,4.4900,4.1000,4.4800,4.0800,13450901,58033127.0000,3,6.057164,1,9.803900,14.590793,0.225370,21.268589,1.783236,0
2008-12-09,sh.600577,4.4300,4.7800,4.3000,4.6200,4.4800,23609024,106999632.0000,3,10.631535,1,3.125000,15.046756,0.232413,21.933232,1.838962,0
2008-12-10,sh.600577,4.5000,4.6400,4.3800,4.5700,4.6200,11595671,52577306.0000,3,5.221723,1,-1.082300,14.883912,0.229897,21.695859,1.819060,0
2008-12-11,sh.600577,4.5700,4.6400,4.2500,4.2600,4.5700,9534654,42180073.0000,3,4.293613,1,-6.783400,13.874281,0.214302,20.224149,1.695666,0
2008-12-12,sh.600577,4.2700,4.3200,3.9900,4.0900,4.2600,7273991,30163637.0000,3,3.275599,1,-3.990600,13.320613,0.205750,19.417082,1.627999,0
2008-12-15,sh.600577,4.1300,4.2600,4.0900,4.2000,4.0900,4353517,18142902.0000,3,1.960461,1,2.689500,13.678869,0.211284,19.939302,1.671784,0
2008-12-16,sh.600577,4.1500,4.2100,3.9600,4.1800,4.2000,5228749,21334978.0000,3,2.354592,1,-0.476200,13.613731,0.210278,19.844353,1.663823,0
2008-12-17,sh.600577,4.1900,4.4000,4.1400,4.3000,4.1800,7697189,32844409.0000,3,3.466172,1,2.870800,14.004556,0.216315,20.414047,1.711588,0
2008-12-18,sh.600577,4.3000,4.3700,4.1900,4.3500,4.3000,5705262,24453138.0000,3,2.569174,1,1.162800,14.167400,0.218830,20.651420,1.731490,0
2008-12-19,sh.600577,4.3500,4.5800,4.2700,4.4400,4.3500,9070389,40397972.0000,3,4.084546,1,2.069000,14.460518,0.223357,21.078690,1.767314,0
2008-12-22,sh.600577,4.4600,4.7500,4.4100,4.6900,4.4400,16736016,77196457.0000,3,7.536505,1,5.630600,15.274737,0.235934,22.265554,1.866825,0
2008-12-23,sh.600577,4.6900,4.6900,4.2300,4.3200,4.6900,8896608,39533265.0000,3,4.006290,1,-7.889100,14.069694,0.217321,20.508996,1.719549,0
2008-12-24,sh.600577,4.2800,4.3700,4.2000,4.2700,4.3200,4590781,19657145.0000,3,2.067305,1,-1.157400,13.906850,0.214806,20.271624,1.699647,0
2008-12-25,sh.600577,4.3100,4.5100,4.3100,4.3800,4.2700,8204014,36095494.0000,3,3.694403,1,2.576100,14.265106,0.220339,20.793843,1.743432,0
2008-12-26,sh.600577,4.3900,4.4500,4.2100,4.2500,4.3800,5759088,24972324.0000,3,2.593413,1,-2.968000,13.841712,0.213799,20.176674,1.691686,0
2008-12-29,sh.600577,4.2300,4.2500,3.9700,4.0700,4.2500,6679932,27102873.0000,3,3.008084,1,-4.235300,13.255475,0.204744,19.322133,1.620038,0
2008-12-30,sh.600577,4.0400,4.1600,4.0000,4.0600,4.0700,3714466,15166987.0000,3,1.672686,1,-0.245700,13.222907,0.204241,19.274658,1.616058,0
2008-12-31,sh.600577,4.1000,4.1900,3.8900,4.0600,4.0600,4817335,19422981.0000,3,2.169326,1,0.000000,13.222907,0.204241,19.274658,1.616058,0
2009-01-05,sh.600577,4.1100,4.2900,4.1000,4.2800,4.0600,4613509,19374297.0000,3,2.077540,1,5.418700,13.939419,0.215309,20.319098,1.703627,0
2009-01-06,sh.600577,4.2500,4.4200,4.1300,4.4000,4.2800,16208097,68775450.0000,3,7.298775,1,2.803700,14.330243,0.221345,20.888792,1.751393,0
2009-01-07,sh.600577,4.3600,4.3800,4.2500,4.3000,4.4000,9217785,39664372.0000,3,4.150921,1,-2.272700,14.004556,0.216315,20.414047,1.711588,0
2009-01-08,sh.600577,4.2000,4.2500,4.0800,4.1100,4.3000,5626460,23380868.0000,3,2.533688,1,-4.418600,13.385750,0.206757,19.512031,1.635960,0
2009-01-09,sh.600577,4.1000,4.3200,4.0800,4.2800,4.1100,5958927,25153145.0000,3,2.683404,1,4.136300,13.939419,0.215309,20.319098,1.703627,0
2009-01-12,sh.600577,4.2900,4.3800,4.2300,4.3000,4.2800,5321041,23000568.0000,3,2.396153,1,0.467300,14.004556,0.216315,20.414047,1.711588,0
2009-01-13,sh.600577,4.2700,4.2700,4.1000,4.1100,4.3000,4775997,19914381.0000,3,2.150711,1,-4.418600,13.385750,0.206757,19.512031,1.635960,0
2009-01-14,sh.600577,4.1100,4.2800,4.1000,4.2700,4.1100,3965749,16695878.0000,3,1.785842,1,3.892900,13.906850,0.214806,20.271624,1.699647,0
2009-01-15,sh.600577,4.2000,4.3600,4.1800,4.3300,4.2700,6323981,27187011.0000,3,2.847793,1,1.405200,14.102262,0.217824,20.556471,1.723529,0
2009-01-16,sh.600577,4.3700,4.4700,4.3000,4.3200,4.3300,7330064,32140281.0000,3,3.300849,1,-0.230900,14.069694,0.217321,20.508996,1.719549,0
2009-01-19,sh.600577,4.3200,4.4100,4.2500,4.3400,4.3200,4196043,18206096.0000,3,1.889548,1,0.463000,14.134831,0.218327,20.603945,1.727510,0
2009-01-20,sh.600577,4.3400,4.4400,4.2800,4.4400,4.3400,4365614,19104002.0000,3,1.965908,1,2.304100,14.460518,0.223357,21.078690,1.767314,0
2009-01-21,sh.600577,4.3800,4.4500,4.3200,4.3500,4.4400,4680440,20544053.0000,3,2.107680,1,-2.027000,14.167400,0.218830,20.651420,1.731490,0
2009-01-22,sh.600577,4.4000,4.4300,4.3300,4.4200,4.3500,4350449,19085278.0000,3,1.959079,1,1.609200,14.395381,0.222351,20.983741,1.759353,0
2009-01-23,sh.600577,4.4200,4.5300,4.3500,4.4800,4.4200,7019304,31316185.0000,3,3.160909,1,1.357465,14.590793,0.225370,21.268589,1.783236,0
2009-02-02,sh.600577,4.5400,4.6400,4.4400,4.5800,4.4800,7827232,35782049.0000,3,3.524732,1,2.232100,14.916481,0.230400,21.743334,1.823040,0
2009-02-03,sh.600577,4.5700,4.9200,4.5300,4.8800,4.5800,11582018,55090058.0000,3,5.215575,1,6.550200,15.893543,0.245492,23.167570,1.942454,0
2009-02-04,sh.600577,4.8300,4.9000,4.7400,4.8600,4.8800,10186602,49033111.0000,3,4.587196,1,-0.409800,15.828405,0.244486,23.072621,1.934493,0
2009-02-05,sh.600577,4.8300,4.9200,4.6100,4.6700,4.8600,10551545,50500233.0000,3,4.751536,1,-3.909500,15.209599,0.234928,22.170605,1.858864,0
2009-02-06,sh.600577,4.6700,5.0400,4.6700,4.9800,4.6700,11186319,54692769.0000,3,5.037385,1,6.638100,16.219230,0.250523,23.642315,1.982258,0
2009-02-09,sh.600577,5.1000,5.1300,4.9500,5.0500,4.9800,11907386,59877754.0000,3,5.362093,1,1.405600,16.447211,0.254044,23.974637,2.010121,0
2009-02-10,sh.600577,5.0600,5.1800,4.9100,5.1600,5.0500,17016668,85040655.0000,3,7.662888,1,2.178200,16.805467,0.259578,24.496857,2.053906,0
2009-02-11,sh.600577,5.0900,5.3500,4.9800,5.1000,5.1600,16183668,83622999.0000,3,7.287774,1,-1.162800,16.610055,0.256559,24.212009,2.030023,0
2009-02-12,sh.600577,5.1500,5.1900,4.9000,5.1300,5.1000,10898123,54807392.0000,3,4.907605,1,0.588200,16.707761,0.258068,24.354433,2.041964,0
2009-02-13,sh.600577,5.1400,5.5200,5.1100,5.4900,5.1300,17362080,92351279.0000,3,7.818432,1,7.017500,17.880236,0.276179,26.063516,2.185260,0
2009-02-16,sh.600577,5.4900,5.5800,5.3000,5.5600,5.4900,14311242,77785416.0000,3,6.444589,1,1.275000,18.108217,0.279700,26.395838,2.213123,0
2009-02-17,sh.600577,5.5200,5.5300,5.2500,5.2900,5.5600,11055127,59273101.0000,3,4.978307,1,-4.856100,17.228861,0.266117,25.114025,2.105651,0
2009-02-18,sh.600577,5.3500,5.5500,5.2300,5.2500,5.2900,16042815,86739698.0000,3,7.224345,1,-0.756100,15.934940,0.305934,14.454921,2.042480,0
2009-02-19,sh.600577,5.3200,5.4200,5.1600,5.2600,5.2500,9419974,49753619.0000,3,4.241970,1,0.190500,15.965292,0.306517,14.482454,2.046371,0
2009-02-20,sh.600577,5.2500,5.7900,5.2100,5.6800,5.2600,20915453,117328793.0000,3,9.418575,1,7.984800,17.240088,0.330991,15.638847,2.209769,0
2009-02-23,sh.600577,5.6300,5.9500,5.5900,5.7600,5.6800,19483902,112465751.0000,3,8.773924,1,1.408500,17.482906,0.335653,15.859113,2.240893,0
2009-02-24,sh.600577,5.6900,5.8700,5.4300,5.4900,5.7600,16286748,91644595.0000,3,7.334193,1,-4.687500,16.663395,0.319919,15.115717,2.135851,0
2009-02-25,sh.600577,5.5600,5.6800,5.3500,5.6000,5.4900,10941790,60348669.0000,3,4.927269,1,2.003600,16.997270,0.326329,15.418582,2.178646,0
2009-02-26,sh.600577,5.5600,5.6600,5.0500,5.2700,5.6000,13344671,72127168.0000,3,6.009327,1,-5.892900,15.995645,0.307099,14.509987,2.050261,0
2009-02-27,sh.600577,5.1800,5.3300,4.8600,5.1200,5.2700,16743455,85545364.0000,3,7.539855,1,-2.846302,15.540361,0.298358,14.096989,1.991904,0
2009-03-02,sh.600577,5.1200,5.3300,5.1100,5.3200,5.1200,13751502,71863972.0000,3,6.192529,1,3.906200,16.147406,0.310013,14.647653,2.069713,0
2009-03-03,sh.600577,5.1900,5.6500,5.1000,5.5600,5.3200,19755180,107873114.0000,3,8.896085,1,4.511300,16.875860,0.323998,15.308449,2.163084,0
2009-03-04,sh.600577,5.5100,5.9400,5.5100,5.8300,5.5600,24268602,139728026.0000,3,10.928554,1,4.856115,17.695372,0.339732,16.051845,2.268126,0
2009-03-05,sh.600577,5.8800,6.0800,5.6800,5.9600,5.8300,23129991,136474867.0000,3,10.415818,1,2.229800,18.089951,0.347308,16.409776,2.318701,0
2009-03-06,sh.600577,5.7400,6.0700,5.7400,5.8000,5.9600,15171374,89833233.0000,3,6.831921,1,-2.684600,17.604315,0.337984,15.969246,2.256454,0
2009-03-09,sh.600577,5.8300,6.0000,5.4500,5.5000,5.8000,13799337,79134375.0000,3,6.214070,1,-5.172400,16.693747,0.320502,15.143250,2.139741,0
2009-03-10,sh.600577,5.4400,5.6900,5.4000,5.6800,5.5000,6608852,36780253.0000,3,2.976076,1,3.272700,17.240088,0.330991,15.638847,2.209769,0
2009-03-11,sh.600577,5.8000,5.8400,5.5300,5.5500,5.6800,8555044,48505069.0000,3,3.852478,1,-2.288700,16.845508,0.323416,15.280916,2.159193,0
2009-03-12,sh.600577,5.4900,5.6500,5.4100,5.6100,5.5500,6316541,34940577.0000,3,2.844443,1,1.081100,17.027622,0.326912,15.446115,2.182536,0
2009-03-13,sh.600577,5.6400,5.6600,5.4200,5.4800,5.6100,5595263,31025885.0000,3,2.519640,1,-2.317300,16.633042,0.319337,15.088184,2.131960,0
2009-03-16,sh.600577,5.4400,5.5400,5.3500,5.5000,5.4800,4741160,25854452.0000,3,2.135023,1,0.365000,16.693747,0.320502,15.143250,2.139741,0
2009-03-17,sh.600577,5.5000,5.7400,5.4300,5.6900,5.5000,8419660,47523711.0000,3,3.791512,1,3.454500,17.270440,0.331574,15.666381,2.213659,0
2009-03-18,sh.600577,5.6900,5.6900,5.6900,5.6900,5.6900,0,0.0000,3,,0,0.000000,17.270440,0.331574,15.666381,2.213659,0
2009-03-19,sh.600577,5.7900,5.9400,5.7900,5.9000,5.6900,14087269,82761034.0000,3,6.343731,1,3.690700,17.907838,0.343811,16.244577,2.295359,0
2009-03-20,sh.600577,5.9000,5.9100,5.7500,5.8600,5.9000,10005154,58329703.0000,3,4.505487,1,-0.678000,17.786428,0.341480,16.134445,2.279797,0
2009-03-23,sh.600577,5.8800,6.0800,5.8100,6.0100,5.8600,13507439,80611089.0000,3,6.082624,1,2.559700,18.241713,0.350221,16.547442,2.338153,0
2009-03-24,sh.600577,6.1000,6.1400,5.8700,5.9100,6.0100,9575294,56905859.0000,3,4.311914,1,-1.663900,17.938190,0.344394,16.272111,2.299249,0
2009-03-25,sh.600577,5.9100,5.9300,5.7200,5.7300,5.9100,8940089,52183839.0000,3,4.025870,1,-3.045700,17.391849,0.333905,15.776513,2.229221,0
2009-03-26,sh.600577,5.7300,5.8700,5.6400,5.8500,5.7300,7860791,45342287.0000,3,3.539844,1,2.094200,17.756076,0.340898,16.106911,2.275906,0
2009-03-27,sh.600577,5.8500,5.9400,5.7800,5.8500,5.8500,7440608,43612301.0000,3,3.350629,1,0.000000,17.756076,0.340898,16.106911,2.275906,0
2009-03-30,sh.600577,5.8600,6.1800,5.7900,6.1000,5.8500,13704960,82367803.0000,3,6.171571,1,4.273500,18.514883,0.355466,16.795241,2.373167,0
2009-03-31,sh.600577,5.9600,6.1900,5.9000,6.1600,6.1000,12612848,75672698.0000,3,5.679774,1,0.983600,18.696997,0.358962,16.960440,2.396510,0
2009-04-01,sh.600577,6.2000,6.2600,6.1100,6.1500,6.1600,11665504,72062400.0000,3,5.253170,1,-0.162300,18.666644,0.358380,16.932907,2.392620,0
2009-04-02,sh.600577,6.1500,6.1900,6.0500,6.0700,6.1500,10006097,61146260.0000,3,4.505911,1,-1.300800,18.423826,0.353718,16.712641,2.361496,0
2009-04-03,sh.600577,6.1100,6.1300,5.8900,5.9300,6.0700,9813949,58724485.0000,3,4.419384,1,-2.306400,17.998894,0.345559,16.327177,2.307030,0
2009-04-07,sh.600577,5.9800,6.1200,5.9300,6.1100,5.9300,6976661,41936088.0000,3,3.141706,1,3.035400,18.545235,0.356049,16.822774,2.377058,0
2009-04-08,sh.600577,6.1100,6.1500,5.8000,5.8000,6.1100,9150747,54492122.0000,3,4.120733,1,-5.073600,17.604315,0.337984,15.969246,2.256454,0
2009-04-09,sh.600577,5.8300,5.9000,5.7100,5.8800,5.8000,6244084,36255702.0000,3,2.811815,1,1.379300,17.847133,0.342646,16.189511,2.287578,0
2009-04-10,sh.600577,5.9000,6.0900,5.8600,6.0500,5.8800,8711863,52197290.0000,3,3.923096,1,2.891200,18.363122,0.352552,16.657575,2.353715,0
2009-04-13,sh.600577,6.0500,6.1400,6.0000,6.0700,6.0500,11063354,67070491.0000,3,4.982012,1,0.330600,18.423826,0.353718,16.712641,2.361496,0
2009-04-14,sh.600577,6.0800,6.1300,5.9700,6.1100,6.0700,12107592,73204097.0000,3,5.452249,1,0.659000,18.545235,0.356049,16.822774,2.377058,0
2009-04-15,sh.600577,6.0800,6.3800,5.9500,6.3500,6.1100,17330215,106544981.0000,3,7.804083,1,3.928000,19.273690,0.370034,17.483571,2.470428,0
2009-04-16,sh.600577,6.3500,6.6500,6.3200,6.4600,6.3500,22618013,147186334.0000,3,10.185266,1,1.732300,19.607565,0.376444,17.786436,2.513223,0
2009-04-17,sh.600577,6.4000,6.4400,6.1500,6.2900,6.4600,13079262,82234594.0000,3,5.889808,1,-2.631600,19.091576,0.366538,17.318371,2.447086,0
2009-04-20,sh.600577,6.3000,6.5300,6.3000,6.4800,6.2900,14635318,94393551.0000,3,4.969885,1,3.020700,19.668269,0.377610,17.841502,2.521004,0
2009-04-21,sh.600577,6.4000,6.5500,6.3100,6.4200,6.4800,10315257,66317116.0000,3,3.502872,1,-0.925900,19.486155,0.374113,17.676303,2.497661,0
2009-04-22,sh.600577,6.4600,6.6800,6.1200,6.1700,6.4200,15712856,101515631.0000,3,5.335797,1,-3.894100,18.727349,0.359545,16.987973,2.400401,0
2009-04-23,sh.600577,6.1500,6.2800,6.0200,6.2200,6.1700,8206583,50569334.0000,3,2.786805,1,0.810400,18.879110,0.362459,17.125639,2.419853,0
2009-04-24,sh.600577,6.2600,6.2700,6.1100,6.1200,6.2200,5086795,31381566.0000,3,1.727382,1,-1.607700,18.575587,0.356631,16.850307,2.380948,0
2009-04-27,sh.600577,6.0800,6.1600,5.7400,5.7500,6.1200,8050142,47341272.0000,3,2.733680,1,-6.045800,17.452554,0.335070,15.831580,2.237002,0
2009-04-28,sh.600577,5.6800,5.6800,5.4800,5.5700,5.7500,9288438,51596198.0000,3,3.154183,1,-3.130400,18.712238,0.406462,7.265601,2.137739,0
2009-04-29,sh.600577,5.5600,5.7400,5.5300,5.7000,5.5700,7667878,43198391.0000,3,2.603871,1,2.333900,19.148969,0.415949,7.435176,2.187633,0
2009-04-30,sh.600577,5.7100,5.7400,5.6200,5.6900,5.7000,6822588,38680209.0000,3,2.316826,1,-0.175400,19.115374,0.415219,7.422131,2.183795,0
2009-05-04,sh.600577,5.7000,5.9200,5.7000,5.9000,5.6900,7074446,41292688.0000,3,2.402352,1,3.690700,19.820863,0.430543,7.696059,2.264392,0
2009-05-05,sh.600577,5.9100,6.0000,5.8500,5.9700,5.9000,6697400,39701976.0000,3,2.274314,1,1.186400,20.056025,0.435651,7.787368,2.291257,0
2009-05-06,sh.600577,5.9500,6.0900,5.9100,6.0600,5.9700,6209414,37402581.0000,3,2.108603,1,1.507500,20.358378,0.442219,7.904766,2.325799,0
2009-05-07,sh.600577,6.0800,6.1500,5.8300,5.9700,6.0600,8855091,52972245.0000,3,3.007026,1,-1.485100,20.056025,0.435651,7.787368,2.291257,0
2009-05-08,sh.600577,5.9500,5.9700,5.8100,5.9300,5.9700,7317998,43160337.0000,3,2.485058,1,-0.670000,19.921647,0.432732,7.735191,2.275905,0
2009-05-11,sh.600577,5.9600,5.9900,5.6500,5.6800,5.9300,7233580,42151860.0000,3,2.456391,1,-4.215900,19.081780,0.414489,7.409087,2.179957,0
2009-05-12,sh.600577,5.5500,5.7500,5.5000,5.7000,5.5800,3227005,18150445.0000,3,1.095832,1,2.150500,19.148969,0.415949,7.435176,2.187633,0
2009-05-13,sh.600577,5.7300,5.7500,5.6200,5.7400,5.7000,5031993,28600764.0000,3,1.708772,1,0.701800,19.283348,0.418867,7.487352,2.202984,0
2009-05-14,sh.600577,5.7100,5.7100,5.6100,5.6800,5.7400,4300117,24304813.0000,3,1.460241,1,-1.045300,19.081780,0.414489,7.409087,2.179957,0
2009-05-15,sh.600577,5.6900,5.8200,5.6900,5.7800,5.6800,4530853,26082679.0000,3,1.538594,1,1.760600,19.417726,0.421786,7.539529,2.218336,0
2009-05-18,sh.600577,5.7800,6.0800,5.6600,6.0600,5.7800,10345893,60975944.0000,3,3.513275,1,4.844300,20.358378,0.442219,7.904766,2.325799,0
2009-05-19,sh.600577,6.0100,6.1700,5.9500,6.1000,6.0600,14428944,87325812.0000,3,4.899804,1,0.660100,20.492756,0.445138,7.956942,2.341151,0
2009-05-20,sh.600577,6.0700,6.1200,5.9600,5.9800,6.1000,7379922,44588727.0000,3,2.506086,1,-1.967200,20.089620,0.436381,7.800412,2.295095,0
2009-05-21,sh.600577,5.9800,5.9800,5.7000,5.7500,5.9800,6945328,40423678.0000,3,2.358506,1,-3.846200,19.316942,0.419597,7.500396,2.206822,0
2009-05-22,sh.600577,5.7200,5.8400,5.6600,5.7500,5.7500,3671721,21096215.0000,3,1.246849,1,0.000000,19.316942,0.419597,7.500396,2.206822,0
2009-05-25,sh.600577,5.6500,5.7400,5.5200,5.7100,5.7500,3529526,19846350.0000,3,1.198562,1,-0.695700,19.182564,0.416678,7.448220,2.191471,0
2009-05-26,sh.600577,5.6700,6.2700,5.6700,6.0500,5.7100,21145831,128666493.0000,3,7.180736,1,5.954500,20.324783,0.441489,7.891721,2.321961,0
2009-05-27,sh.600577,6.0500,6.0700,5.8100,5.9500,6.0500,9422242,55827791.0000,3,3.199620,1,-1.652900,19.988836,0.434192,7.761280,2.283581,0
2009-06-01,sh.600577,5.9600,6.5100,5.9500,6.3400,5.9500,30320741,190319376.0000,3,10.296367,1,6.554600,21.299029,0.462652,8.270002,2.433262,0
2009-06-02,sh.600577,6.3600,6.5200,6.2900,6.3300,6.3400,35366479,226966031.0000,3,12.009807,1,-0.157700,21.265434,0.461922,8.256958,2.429424,0
2009-06-03,sh.600577,6.3300,6.3900,6.2200,6.2800,6.3300,11551054,72445719.0000,3,3.922526,1,-0.789900,21.097461,0.458273,8.191737,2.410234,0
2009-06-04,sh.600577,6.2400,6.3800,6.1500,6.3400,6.2800,10775138,67650223.0000,3,3.659039,1,0.955400,21.299029,0.462652,8.270002,2.433262,0
2009-06-05,sh.600577,6.3500,6.3500,6.1400,6.1500,6.3400,7782807,48411494.0000,3,2.642898,1,-2.996800,20.660730,0.448787,8.022163,2.360340,0
2009-06-08,sh.600577,6.1000,6.2000,6.0100,6.0500,6.1500,6819047,41568964.0000,3,2.315623,1,-1.626000,20.324783,0.441489,7.891721,2.321961,0
2009-06-09,sh.600577,6.0600,6.1000,5.8800,6.0900,6.0500,5846167,35044773.0000,3,1.985251,1,0.661200,20.459162,0.444408,7.943898,2.337313,0
2009-06-10,sh.600577,6.0700,6.1400,6.0600,6.1300,6.0900,6074836,37106547.0000,3,2.062903,1,0.656800,20.593540,0.447327,7.996075,2.352665,0
2009-06-11,sh.600577,6.1300,6.1700,6.0000,6.0600,6.1300,5225018,31874945.0000,3,1.774320,1,-1.141900,20.358378,0.442219,7.904766,2.325799,0
2009-06-12,sh.600577,6.0600,6.1100,5.8600,5.9000,6.0600,4832240,28916190.0000,3,1.640940,1,-2.640300,19.820863,0.430543,7.696059,2.264392,0
2009-06-15,sh.600577,5.9000,6.1100,5.8800,6.0900,5.9000,5166081,31050517.0000,3,1.754306,1,3.220300,20.459162,0.444408,7.943898,2.337313,0
2009-06-16,sh.600577,6.0500,6.0900,5.9300,6.0200,6.0900,3359316,20257345.0000,3,1.140762,1,-1.149400,20.223999,0.439300,7.852589,2.310447,0
2009-06-17,sh.600577,6.0200,6.1200,5.9700,6.1000,6.0200,3911602,23785136.0000,3,1.328308,1,1.328900,20.492756,0.445138,7.956942,2.341151,0
2009-06-18,sh.600577,6.1200,6.2800,6.0800,6.2000,6.1000,10675291,66095581.0000,3,3.625133,1,1.639300,20.828703,0.452435,8.087384,2.379530,0
2009-06-19,sh.600577,6.2000,6.2300,6.0700,6.1500,6.2000,5881801,36061252.0000,3,1.997352,1,-0.806500,20.660730,0.448787,8.022163,2.360340,0
2009-06-22,sh.600577,6.1500,6.2800,6.1200,6.1600,6.1500,10501708,65186339.0000,3,3.566187,1,0.162600,20.694324,0.449516,8.035207,2.364178,0
2009-06-23,sh.600577,6.0700,6.1200,6.0100,6.0300,6.1600,5683614,34454709.0000,3,1.930051,1,-2.110400,20.257593,0.440030,7.865633,2.314285,0
2009-06-24,sh.600577,6.0800,6.2800,6.0600,6.1800,6.0300,8204264,50669352.0000,3,2.786017,1,2.487600,20.761514,0.450976,8.061296,2.371854,0
2009-06-25,sh.600577,6.1500,6.3000,6.1200,6.2300,6.1800,10221932,63666583.0000,3,3.471180,1,0.809100,20.929487,0.454624,8.126516,2.391044,0
2009-06-26,sh.600577,6.2300,6.2600,6.0500,6.1200,6.2300,5601788,34373021.0000,3,1.902264,1,-1.765700,20.559946,0.446597,7.983031,2.348827,0
2009-06-29,sh.600577,6.1500,6.1800,6.0700,6.1100,6.1200,4769524,29193186.0000,3,1.619643,1,-0.163400,20.526351,0.445868,7.969986,2.344989,0
2009-06-30,sh.600577,6.1500,6.2500,6.1000,6.2000,6.1100,5933616,36540688.0000,3,2.014947,1,1.473000,20.828703,0.452435,8.087384,2.379530,0
2009-07-01,sh.600577,6.1600,6.2200,6.1100,6.1500,6.2000,4972214,30579052.0000,3,1.688473,1,-0.806500,20.660730,0.448787,8.022163,2.360340,0
2009-07-02,sh.600577,6.1600,6.1900,6.0600,6.1000,6.1500,6796366,41545454.0000,3,2.307921,1,-0.813000,20.492756,0.445138,7.956942,2.341151,0
2009-07-03,sh.600577,6.0800,6.1600,6.0300,6.0800,6.1000,5522503,33628854.0000,3,1.875341,1,-0.327900,20.425567,0.443678,7.930854,2.333475,0
2009-07-06,sh.600577,6.0800,6.2500,6.0800,6.2300,6.0800,11386497,70452237.0000,3,3.866645,1,2.467100,20.929487,0.454624,8.126516,2.391044,0
2009-07-07,sh.600577,6.2000,6.3200,6.1800,6.2600,6.2300,11733196,73390938.0000,3,3.984378,1,0.481544,21.030271,0.456814,8.165649,2.402558,0
2009-07-08,sh.600577,6.2400,6.2800,6.1300,6.2200,6.2600,7025270,43441423.0000,3,2.385653,1,-0.639000,20.895892,0.453895,8.113472,2.387206,0
2009-07-09,sh.600577,6.2200,6.3700,6.2100,6.3500,6.2200,13192570,83113071.0000,3,4.479954,1,2.090000,21.332623,0.463381,8.283046,2.437099,0
2009-07-10,sh.600577,6.3400,6.4400,6.2900,6.4000,6.3500,11857467,75435199.0000,3,4.026578,1,0.787400,21.500597,0.467030,8.348267,2.456289,0
2009-07-13,sh.600577,6.3500,6.6400,6.3300,6.5900,6.4000,16493141,107755379.0000,3,5.600768,1,2.968800,22.138896,0.480895,8.596107,2.529210,0
2009-07-14,sh.600577,6.6000,6.8000,6.5500,6.5900,6.5900,18562119,123521782.0000,3,6.303355,1,0.000000,22.138896,0.480895,8.596107,2.529210,0
2009-07-15,sh.600577,6.5900,6.6900,6.5300,6.6100,6.5900,11682159,76920692.0000,3,3.967047,1,0.303500,22.206085,0.482354,8.622195,2.536886,0
2009-07-16,sh.600577,6.6000,6.8100,6.6000,6.7000,6.6100,15511040,104124961.0000,3,5.267264,1,1.361600,22.508437,0.488922,8.739592,2.571428,0
2009-07-17,sh.600577,6.7100,6.7700,6.5000,6.5900,6.7000,12056779,79595715.0000,3,4.094261,1,-1.641800,22.138896,0.480895,8.596107,2.529210,0
2009-07-20,sh.600577,6.6500,6.6900,6.5500,6.6600,6.5900,12090706,80152732.0000,3,4.105782,1,1.062200,22.374058,0.486003,8.687416,2.556076,0
2009-07-21,sh.600577,6.7100,6.8900,6.6100,6.6600,6.6600,16452632,110918716.0000,3,5.587012,1,0.000000,22.374058,0.486003,8.687416,2.556076,0
2009-07-22,sh.600577,6.6600,6.8400,6.6300,6.8200,6.6600,13943856,93756880.0000,3,4.735077,1,2.402400,22.911573,0.497679,8.896122,2.617483,0
2009-07-23,sh.600577,6.8200,6.9300,6.7600,6.8500,6.8200,11523417,78808668.0000,3,3.913141,1,0.439900,23.012357,0.499868,8.935255,2.628997,0
2009-07-24,sh.600577,6.8500,6.9000,6.5100,6.6800,6.8500,12602805,84201740.0000,3,4.279681,1,-2.481800,22.441248,0.487463,8.713504,2.563752,0
2009-07-27,sh.600577,6.7000,6.7500,6.6000,6.7000,6.6800,9422025,62929153.0000,3,3.199547,1,0.299400,22.508437,0.488922,8.739592,2.571428,0
2009-07-28,sh.600577,6.7100,6.7100,6.5700,6.6700,6.7000,9418952,62378810.0000,3,3.198503,1,-0.447800,22.407653,0.486733,8.700460,2.559914,0
2009-07-29,sh.600577,6.6700,6.7400,6.0000,6.1400,6.6700,14373188,92050243.0000,3,4.880871,1,-7.946000,20.627135,0.448057,8.009119,2.356502,0
2009-07-30,sh.600577,6.1400,6.2900,6.0100,6.2500,6.1400,7431098,45843057.0000,3,2.523464,1,1.791500,20.996677,0.456084,8.152605,2.398720,0
2009-07-31,sh.600577,6.2600,6.3700,6.1800,6.3500,6.2500,8250937,51913834.0000,3,2.801867,1,1.600000,21.332623,0.463381,8.283046,2.437099,0
2009-08-03,sh.600577,6.3300,6.4500,6.2900,6.4400,6.3500,8290585,52959230.0000,3,2.815330,1,1.417300,21.634975,0.469949,8.400444,2.471641,0
2009-08-04,sh.600577,6.4000,6.6500,6.3500,6.6000,6.4400,13629958,88900823.0000,3,4.628483,1,2.484500,22.172490,0.481625,8.609151,2.533048,0
2009-08-05,sh.600577,6.6000,6.6500,6.4400,6.6300,6.6000,9546323,62714127.0000,3,3.241756,1,0.454500,22.273274,0.483814,8.648283,2.544562,0
2009-08-06,sh.600577,6.6100,6.7700,6.4200,6.7300,6.6300,11636418,76880702.0000,3,3.951514,1,1.508300,22.609221,0.491111,8.778725,2.582942,0
2009-08-07,sh.600577,6.9200,6.9500,6.3800,6.4300,6.7300,16772753,112617705.0000,3,5.695719,1,-4.457700,21.601381,0.469219,8.387400,2.467803,0
2009-08-10,sh.600577,6.4600,6.5200,6.3600,6.4500,6.4300,5748963,36931649.0000,3,1.952242,1,0.311000,21.668570,0.470679,8.413488,2.475479,0
2009-08-11,sh.600577,6.4000,6.4800,6.3000,6.3800,6.4500,5407669,34572845.0000,3,1.836345,1,-1.085300,23.118565,0.565296,7.087586,2.499881,0
2009-08-12,sh.600577,6.4000,6.4000,6.0800,6.1000,6.3800,6228209,38738486.0000,3,2.114985,1,-4.388700,22.103957,0.540487,6.776532,2.390168,0
2009-08-13,sh.600577,6.1000,6.1500,5.8900,6.0200,6.1000,5420864,32749174.0000,3,1.840826,1,-1.311500,21.814069,0.533398,6.687660,2.358821,0
2009-08-14,sh.600577,6.0500,6.0700,5.6600,5.6800,6.0200,5688687,33431599.0000,3,1.931774,1,-5.647800,20.582045,0.503273,6.309951,2.225599,0
2009-08-17,sh.600577,5.6700,5.6700,5.3600,5.3700,5.6800,5370870,29838353.0000,3,1.823849,1,-5.457700,19.458729,0.475806,5.965570,2.104131,0
2009-08-18,sh.600577,5.4100,5.6000,5.3400,5.5900,5.3700,4191555,22935197.0000,3,1.423375,1,4.096800,20.255921,0.495298,6.209970,2.190334,0
2009-08-19,sh.600577,5.5900,5.6100,5.1800,5.2200,5.5900,6894282,37762383.0000,3,2.341172,1,-6.619000,18.915190,0.462515,5.798934,2.045357,0
2009-08-20,sh.600577,5.2300,5.7400,5.2300,5.7400,5.2200,6518270,35903922.0000,3,2.213485,1,9.961700,20.799461,0.508589,6.376606,2.249109,0
2009-08-21,sh.600577,5.7600,6.3100,5.6500,6.3100,5.7400,36013439,222469248.0000,3,12.229503,1,9.930300,22.864913,0.559094,7.009823,2.472452,0
2009-08-24,sh.600577,6.3200,6.8400,6.3100,6.5100,6.3100,49382917,319372187.0000,3,16.769532,1,3.169600,23.589633,0.576815,7.232004,2.550819,0
2009-08-25,sh.600577,6.5000,7.1600,6.2500,7.1600,6.5100,51482650,346577269.0000,3,17.482562,1,9.984600,25.944973,0.634407,7.954094,2.805509,0
2009-08-26,sh.600577,7.1000,7.4100,6.9100,7.0200,7.1600,45280199,322926183.0000,3,15.376324,1,-1.955300,25.437669,0.622003,7.798567,2.750652,0
2009-08-27,sh.600577,6.9200,7.1000,6.6000,6.8000,7.0200,27885702,190466077.0000,3,9.469472,1,-3.133900,24.640477,0.602510,7.554167,2.664450,0
2009-08-28,sh.600577,6.7600,7.0000,6.4700,6.6800,6.8000,22171454,149875355.0000,3,7.529019,1,-1.764700,24.205645,0.591877,7.420858,2.617430,0
2009-08-31,sh.600577,6.6000,6.6200,6.0300,6.1000,6.6800,20758065,130255582.0000,3,7.049058,1,-8.682600,22.103957,0.540487,6.776532,2.390168,0
2009-09-01,sh.600577,6.0600,6.1700,5.7500,5.7900,6.1000,17977351,107234178.0000,3,6.104778,1,-5.082000,20.980641,0.513019,6.432151,2.268700,0
2009-09-02,sh.600577,5.7100,5.9400,5.5600,5.9000,5.7900,13832389,79523155.0000,3,4.697225,1,1.899800,21.379237,0.522766,6.554351,2.311802,0
2009-09-03,sh.600577,5.8100,6.1600,5.7500,6.0700,5.9000,20085643,119939867.0000,3,6.820715,1,2.881400,21.995249,0.537829,6.743205,2.378413,0
2009-09-04,sh.600577,6.0000,6.1800,5.9300,6.1500,6.0700,17476244,105891811.0000,3,5.934612,1,1.318000,22.285137,0.544917,6.832078,2.409759,0
2009-09-07,sh.600577,6.1500,6.3900,6.0800,6.1400,6.1500,18533744,115046767.0000,3,6.293719,1,-0.162600,22.248901,0.544031,6.820968,2.405841,0
2009-09-08,sh.600577,6.0900,6.5800,5.9700,6.4500,6.1400,24283884,153189736.0000,3,8.246361,1,5.048900,23.372217,0.571498,7.165350,2.527309,0
2009-09-09,sh.600577,7.1000,7.1000,6.4500,6.5200,6.4500,28566466,191694150.0000,3,9.700647,1,1.085300,23.625869,0.577701,7.243113,2.554737,0
2009-09-10,sh.600577,6.4200,6.4700,6.2600,6.2800,6.5200,16152223,102502867.0000,3,5.484998,1,-3.681000,22.756205,0.556436,6.976495,2.460698,0
2009-09-11,sh.600577,6.2300,6.4500,6.2200,6.3300,6.2800,10365537,65681089.0000,3,3.519946,1,0.796200,22.937385,0.560866,7.032041,2.480289,0
2009-09-14,sh.600577,6.3600,6.5500,6.2800,6.5100,6.3300,12804881,82340235.0000,3,4.348302,1,2.843600,23.589633,0.576815,7.232004,2.550819,0
2009-09-15,sh.600577,6.4700,6.7700,6.3700,6.6700,6.5100,17720806,116095524.0000,3,6.017660,1,2.457800,24.169409,0.590991,7.409749,2.613512,0
2009-09-16,sh.600577,6.6000,6.7800,6.4900,6.6600,6.6700,14870790,98651681.0000,3,5.049847,1,-0.149900,24.133173,0.590105,7.398640,2.609593,0
2009-09-17,sh.600577,6.6300,6.8300,6.6300,6.6700,6.6600,16839012,113026171.0000,3,5.718219,1,0.150200,24.169409,0.590991,7.409749,2.613512,0
2009-09-18,sh.600577,6.6900,6.8200,6.2700,6.3500,6.6700,14391378,95194078.0000,3,4.887048,1,-4.797600,23.009857,0.562638,7.054259,2.488126,0
2009-09-21,sh.600577,6.2200,6.3700,6.0400,6.3700,6.3500,9411030,58372454.0000,3,3.195813,1,0.315000,23.082329,0.564410,7.076477,2.495962,0
2009-09-22,sh.600577,6.3300,6.4200,6.1000,6.1000,6.3700,7053922,44064947.0000,3,2.395382,1,-4.238600,22.103957,0.540487,6.776532,2.390168,0
2009-09-23,sh.600577,6.0700,6.2200,5.9700,6.0500,6.1000,6251245,38133009.0000,3,2.122808,1,-0.819700,21.922777,0.536057,6.720987,2.370576,0
2009-09-24,sh.600577,6.0000,6.1700,5.9500,6.1000,6.0500,4523051,27457623.0000,3,1.535945,1,0.826400,22.103957,0.540487,6.776532,2.390168,0
2009-09-25,sh.600577,6.1200,6.1800,6.0100,6.0900,6.1000,3875873,23695507.0000,3,1.316175,1,-0.163900,22.067721,0.539601,6.765423,2.386250,0
2009-09-28,sh.600577,6.1100,6.1700,5.7500,5.7800,6.0900,4491402,26747825.0000,3,1.525198,1,-5.090300,20.944405,0.512133,6.421042,2.264782,0
2009-09-29,sh.600577,5.7400,5.8400,5.4700,5.5800,5.7800,5262950,29606350.0000,3,1.787201,1,-3.460200,20.219685,0.494412,6.198861,2.186416,0
2009-09-30,sh.600577,5.6900,5.7200,5.5700,5.5900,5.5800,3375184,19067057.0000,3,1.146151,1,0.179200,20.255921,0.495298,6.209970,2.190334,0
2009-10-09,sh.600577,5.6900,5.9400,5.6800,5.9000,5.5900,4466919,26084108.0000,3,1.516884,1,5.545600,21.379237,0.522766,6.554351,2.311802,0
2009-10-12,sh.600577,5.9000,5.9800,5.8400,5.8700,5.9000,3723681,22007751.0000,3,1.264494,1,-0.508500,21.270529,0.520108,6.521024,2.300047,0
2009-10-13,sh.600577,5.8700,6.0100,5.8600,6.0100,5.8700,3279568,19513203.0000,3,1.113681,1,2.385000,21.777833,0.532512,6.676551,2.354903,0
2009-10-14,sh.600577,6.0100,6.1400,5.9900,6.0300,6.0100,4739825,28726153.0000,3,1.609558,1,0.332800,21.850305,0.534284,6.698769,2.362740,0
2009-10-15,sh.600577,6.0600,6.1000,5.9700,6.0400,6.0300,4466739,26988177.0000,3,1.516823,1,0.165800,21.886541,0.535170,6.709878,2.366658,0
2009-10-16,sh.600577,6.0500,6.1400,5.9600,6.0500,6.0400,3479253,20930785.0000,3,1.181490,1,0.165600,21.922777,0.536057,6.720987,2.370576,0
2009-10-19,sh.600577,6.0500,6.1600,6.0000,6.1500,6.0500,5598017,34257471.0000,3,1.900984,1,1.652900,22.285137,0.544917,6.832078,2.409759,0
2009-10-20,sh.600577,6.1600,6.2800,6.1400,6.2800,6.1500,7599952,47267817.0000,3,2.580804,1,2.113800,22.756205,0.556436,6.976495,2.460698,0
2009-10-21,sh.600577,6.2900,6.3500,6.1800,6.2000,6.2800,6681370,41795202.0000,3,2.268871,1,-1.273900,22.466317,0.549347,6.887623,2.429351,0
2009-10-22,sh.600577,6.1800,6.2400,6.1200,6.2100,6.2000,4588044,28348813.0000,3,1.558015,1,0.161300,22.502553,0.550233,6.898732,2.433269,0
2009-10-23,sh.600577,6.2200,6.3400,6.2000,6.2900,6.2100,7341354,46094182.0000,3,2.492989,1,1.288200,22.792441,0.557322,6.987605,2.464616,0
2009-10-26,sh.600577,6.2800,6.4700,6.1900,6.4500,6.2900,12011934,76362032.0000,3,4.079032,1,2.543700,23.372217,0.571498,7.165350,2.527309,0
2009-10-27,sh.600577,6.4000,6.4100,6.1400,6.1900,6.4500,7907703,49612378.0000,3,2.685311,1,-4.031000,22.809064,0.567171,17.382807,2.399066,0
2009-10-28,sh.600577,6.1900,6.3800,6.1600,6.3600,6.1900,7336520,46034408.0000,3,2.491347,1,2.746366,23.435484,0.582747,17.860203,2.464953,0
2009-10-29,sh.600577,6.2800,6.4900,6.2000,6.3900,6.3600,14162757,90762406.0000,3,4.809412,1,0.471700,23.546029,0.585496,17.944449,2.476581,0
2009-10-30,sh.600577,6.4000,6.5200,6.3300,6.3600,6.3900,11040536,71142734.0000,3,3.749163,1,-0.469500,23.435484,0.582747,17.860203,2.464953,0
2009-11-02,sh.600577,6.2400,6.5600,6.1900,6.5500,6.3600,11979906,77141514.0000,3,4.068156,1,2.987400,24.135601,0.600157,18.393762,2.538592,0
2009-11-03,sh.600577,6.5400,6.6700,6.5000,6.6600,6.5500,11301804,74577851.0000,3,3.837885,1,1.679400,24.540931,0.610236,18.702665,2.581225,0
2009-11-04,sh.600577,6.6600,6.7000,6.5500,6.6400,6.6600,8885950,58797282.0000,3,3.017505,1,-0.300300,24.467235,0.608403,18.646501,2.573473,0
2009-11-05,sh.600577,6.6400,6.7400,6.6000,6.6500,6.6400,9108395,60778844.0000,3,3.093044,1,0.150600,24.504083,0.609319,18.674583,2.577349,0
2009-11-06,sh.600577,6.7000,6.8400,6.6400,6.7600,6.6500,12896285,87077010.0000,3,4.379342,1,1.654100,24.909414,0.619398,18.983486,2.619982,0
2009-11-09,sh.600577,6.7800,6.9100,6.7200,6.8300,6.7600,10234860,69770025.0000,3,3.475570,1,1.035500,25.167351,0.625812,19.180061,2.647112,0
2009-11-10,sh.600577,6.8300,7.0600,6.8300,6.9300,6.8300,14157860,98292013.0000,3,4.807749,1,1.464100,25.535834,0.634975,19.460881,2.685869,0
2009-11-11,sh.600577,6.9100,7.0300,6.8500,6.9100,6.9300,8464986,58575341.0000,3,2.874554,1,-0.288600,25.462137,0.633142,19.404717,2.678118,0
2009-11-12,sh.600577,6.9600,7.0600,6.8500,6.8700,6.9100,9899224,68703776.0000,3,3.361595,1,-0.578900,25.314744,0.629477,19.292389,2.662615,0
2009-11-13,sh.600577,6.8900,7.0500,6.8200,6.9900,6.8700,10000279,69384274.0000,3,3.395911,1,1.746700,25.756923,0.640472,19.629374,2.709123,0
2009-11-16,sh.600577,7.0400,7.2100,7.0200,7.1900,6.9900,11662766,83101720.0000,3,3.960461,1,2.861200,26.493888,0.658798,20.191015,2.786638,0
2009-11-17,sh.600577,7.2300,7.2500,7.0500,7.1500,7.1900,9636293,68630164.0000,3,3.272308,1,-0.556300,26.346495,0.655133,20.078687,2.771135,0
2009-11-18,sh.600577,7.1600,7.2000,7.0100,7.1900,7.1500,9625224,68401591.0000,3,3.268549,1,0.559400,26.493888,0.658798,20.191015,2.786638,0
2009-11-19,sh.600577,7.1900,7.3900,7.1500,7.3400,7.1900,11760186,85411745.0000,3,3.993543,1,2.086200,27.046612,0.672542,20.612247,2.844773,0
2009-11-20,sh.600577,7.3500,7.7300,7.2900,7.5000,7.3400,14930816,112411029.0000,3,5.070231,1,2.179800,27.636184,0.687202,21.061560,2.906785,0
2009-11-23,sh.600577,7.5500,8.2500,7.5000,8.2500,7.5000,22657120,179725258.0000,3,7.693942,1,10.000000,30.399802,0.755922,23.167716,3.197463,0
2009-11-24,sh.600577,8.4300,8.8900,7.8300,7.8700,8.2500,37918173,318099129.0000,3,12.876315,1,-4.606100,28.999569,0.721104,22.100597,3.050186,0
2009-11-25,sh.600577,7.9200,8.6600,7.9200,8.6600,7.8700,17926811,151138888.0000,3,6.087616,1,10.038100,31.910580,0.793489,24.319081,3.356367,0
2009-11-26,sh.600577,9.3000,9.5000,8.6500,8.8000,8.6600,47731747,428541602.0000,3,16.208825,1,1.616600,32.426456,0.806317,24.712230,3.410627,0
2009-11-27,sh.600577,8.4800,8.5800,7.9200,7.9200,8.8000,25401836,206635930.0000,3,8.625997,1,-10.000000,29.183810,0.725685,22.241007,3.069565,0
2009-11-30,sh.600577,7.8700,8.2400,7.8700,8.1300,7.9200,18795775,152474507.0000,3,6.382700,1,2.651500,29.957623,0.744927,22.830731,3.150955,0
2009-12-01,sh.600577,8.0800,8.4800,7.9900,8.3800,8.1300,16909682,140415578.0000,3,5.742217,1,3.075000,30.878829,0.767834,23.532783,3.247847,0
2009-12-02,sh.600577,8.4000,9.2200,8.3700,9.1800,8.3800,43886868,397279264.0000,3,14.903174,1,9.546500,33.826689,0.841135,25.779349,3.557904,0
2009-12-03,sh.600577,8.9000,9.0700,8.7100,9.0300,9.1800,21053440,186738469.0000,3,7.149362,1,-1.634000,33.273965,0.827391,25.358118,3.499769,0
2009-12-04,sh.600577,9.0200,9.0200,8.1800,8.4300,9.0300,17845107,152748528.0000,3,6.059871,1,-6.644500,31.063071,0.772415,23.673193,3.267226,0
2009-12-07,sh.600577,8.4400,8.6400,8.2000,8.5800,8.4300,10292688,86909482.0000,3,3.495208,1,1.779400,31.615794,0.786159,24.094425,3.325362,0
2009-12-08,sh.600577,8.5800,8.5800,8.2200,8.3500,8.5800,9657552,80731953.0000,3,3.279527,1,-2.680700,30.768285,0.765085,23.448537,3.236220,0
2009-12-09,sh.600577,8.2500,8.3500,8.0100,8.1100,8.3500,10402912,84905011.0000,3,3.532638,1,-2.874300,29.883927,0.743095,22.774567,3.143203,0
2009-12-10,sh.600577,8.1500,8.2700,8.1100,8.2500,8.1100,7747139,63320154.0000,3,2.630786,1,1.726300,30.399802,0.755922,23.167716,3.197463,0
2009-12-11,sh.600577,8.2400,8.3000,8.1200,8.2300,8.2500,5503392,45222567.0000,3,1.868851,1,-0.242400,30.326106,0.754090,23.111552,3.189712,0
2009-12-14,sh.600577,8.2200,8.2400,7.9500,8.1300,8.2300,6409142,51743750.0000,3,2.176427,1,-1.215100,29.957623,0.744927,22.830731,3.150955,0
2009-12-15,sh.600577,8.8200,8.9400,8.3100,8.3800,8.1300,32985968,288495999.0000,3,11.201429,1,3.075000,30.878829,0.767834,23.532783,3.247847,0
2009-12-16,sh.600577,7.9900,8.2900,7.9500,8.1700,8.3800,19632306,159272122.0000,3,6.666771,1,-2.506000,30.105016,0.748592,22.943059,3.166457,0
2009-12-17,sh.600577,8.1400,8.2000,7.8100,7.8200,8.1700,11744012,93385742.0000,3,3.988051,1,-4.284000,28.815328,0.716523,21.960186,3.030807,0
2009-12-18,sh.600577,7.7700,7.8900,7.5100,7.5200,7.8200,7750825,59496873.0000,3,2.632038,1,-3.836300,27.709880,0.689035,21.117724,2.914536,0
2009-12-21,sh.600577,7.5700,7.7400,7.5000,7.6900,7.5200,5357266,40881974.0000,3,1.819229,1,2.260600,28.336301,0.704611,21.595119,2.980423,0
2009-12-22,sh.600577,7.7400,7.7500,7.4200,7.4300,7.6900,5154860,38895089.0000,3,1.750496,1,-3.381000,27.378246,0.680788,20.864985,2.879655,0
2009-12-23,sh.600577,7.3900,7.5600,7.3900,7.5400,7.4300,4688385,35083656.0000,3,1.592089,1,1.480500,27.783577,0.690867,21.173888,2.922288,0
2009-12-24,sh.600577,7.5400,7.8900,7.5100,7.8400,7.5400,7758052,60000143.0000,3,2.634492,1,3.978800,28.889024,0.718355,22.016351,3.038559,0
2009-12-25,sh.600577,7.8500,7.9900,7.7000,7.9100,7.8400,6809390,53428887.0000,3,2.312344,1,0.892900,29.146962,0.724769,22.212925,3.065689,0
2009-12-28,sh.600577,7.9100,8.1500,7.8900,8.0500,7.9100,6620808,53298099.0000,3,2.248305,1,1.769900,29.662837,0.737597,22.606074,3.119949,0
2009-12-29,sh.600577,8.0000,8.0500,7.8500,8.0100,8.0500,5066592,40345287.0000,3,1.720522,1,-0.496900,29.515444,0.733932,22.493746,3.104446,0
2009-12-30,sh.600577,8.0100,8.1500,7.9200,7.9500,8.0100,5560827,44541932.0000,3,1.888355,1,-0.749100,29.294355,0.728434,22.325254,3.081192,0
2009-12-31,sh.600577,7.9500,8.0700,7.9000,8.0500,7.9500,4527662,36296609.0000,3,1.537511,1,1.257900,29.662837,0.737597,22.606074,3.119949,0
2010-01-04,sh.600577,8.0900,8.0900,7.9500,7.9700,8.0500,4894920,39184442.0000,3,1.662225,1,-0.993800,29.368051,0.730267,22.381418,3.088943,0
2010-01-05,sh.600577,7.9900,8.0800,7.8700,8.0600,7.9700,7040359,56208831.0000,3,2.390777,1,1.129200,29.699686,0.738513,22.634156,3.123825,0
2010-01-06,sh.600577,8.0600,8.3800,8.0000,8.2400,8.0600,13311138,109310416.0000,3,4.520218,1,2.233300,30.362954,0.755006,23.139634,3.193587,0
2010-01-07,sh.600577,8.2000,8.3100,7.9300,7.9800,8.2400,8062562,65593522.0000,3,2.737898,1,-3.155300,29.404900,0.731183,22.409500,3.092819,0
2010-01-08,sh.600577,7.8800,7.9700,7.7100,7.9300,7.9800,6110869,47860432.0000,3,2.075139,1,-0.626600,29.220658,0.726602,22.269089,3.073440,0
2010-01-11,sh.600577,8.0100,8.0800,7.7800,7.9000,7.9300,4956034,39050412.0000,3,1.682978,1,-0.378300,29.110114,0.723853,22.184843,3.061813,0
2010-01-12,sh.600577,7.9000,8.1400,7.8000,8.1400,7.9000,6100772,49000434.0000,3,2.071710,1,3.038000,29.994472,0.745843,22.858813,3.154830,0
2010-01-13,sh.600577,7.9600,8.1500,7.8900,8.0100,8.1400,7560599,60729389.0000,3,2.567441,1,-1.597100,29.515444,0.733932,22.493746,3.104446,0
2010-01-14,sh.600577,8.0200,8.4700,8.0200,8.4200,8.0100,17910130,148722543.0000,3,6.081951,1,5.118600,31.026222,0.771499,23.645111,3.263350,0
2010-01-15,sh.600577,8.3700,8.4400,8.3000,8.3600,8.4200,10760136,90054978.0000,3,3.653945,1,-0.712600,30.805133,0.766001,23.476619,3.240096,0
2010-01-18,sh.600577,8.3400,8.6800,8.3200,8.5500,8.3600,10490697,88910138.0000,3,3.562448,1,2.272700,31.505250,0.783410,24.010178,3.313735,0
2010-01-19,sh.600577,8.5500,8.8500,8.3800,8.7100,8.5500,16314148,140938265.0000,3,5.539985,1,1.871300,32.094822,0.798071,24.459492,3.375746,0
2010-01-20,sh.600577,8.7400,8.8400,8.1300,8.3100,8.7100,18092398,156062756.0000,3,6.143846,1,-4.592400,30.620892,0.761420,23.336208,3.220717,0
2010-01-21,sh.600577,8.2500,8.3900,8.1500,8.2800,8.3100,8772978,72553695.0000,3,2.979142,1,-0.361000,30.510347,0.758671,23.251962,3.209090,0
2010-01-22,sh.600577,8.2900,8.4000,7.8800,8.0400,8.2800,10104042,82072045.0000,3,3.431147,1,-2.898600,29.625989,0.736681,22.577992,3.116073,0
2010-01-25,sh.600577,7.9300,8.0700,7.9000,7.9400,8.0400,3866114,30760078.0000,3,1.312861,1,-1.243800,29.257507,0.727518,22.297171,3.077316,0
2010-01-26,sh.600577,7.9000,7.9900,7.4400,7.5100,7.9400,6227103,47665232.0000,3,2.114610,1,-5.415600,27.673032,0.688118,21.089642,2.910660,0
2010-01-27,sh.600577,7.5200,7.5800,7.3300,7.3700,7.5100,4046964,30152050.0000,3,1.374275,1,-1.864200,27.157157,0.675291,20.696493,2.856400,0
2010-01-28,sh.600577,7.3700,7.5300,7.3700,7.4700,7.3700,3002950,22423419.0000,3,1.019747,1,1.356900,27.525639,0.684453,20.977314,2.895158,0
2010-01-29,sh.600577,7.4700,7.6600,7.4300,7.5400,7.4700,4062493,30730304.0000,3,1.379548,1,0.937100,27.783577,0.690867,21.173888,2.922288,0
2010-02-01,sh.600577,7.5400,7.5400,7.5400,7.5400,7.5400,0,0.0000,3,,0,0.000000,27.783577,0.690867,21.173888,2.922288,0
2010-02-02,sh.600577,7.5000,8.1500,7.4600,7.8700,7.5400,13248879,104568841.0000,3,4.499076,1,4.376700,28.999569,0.721104,22.100597,3.050186,0
2010-02-03,sh.600577,7.8800,7.9500,7.5600,7.9200,7.8700,5572464,43413311.0000,3,1.892306,1,0.635300,29.183810,0.725685,22.241007,3.069565,0
2010-02-04,sh.600577,7.8600,8.0300,7.8100,7.9200,7.9200,6051313,48069217.0000,3,2.054915,1,0.000000,29.183810,0.725685,22.241007,3.069565,0
2010-02-05,sh.600577,7.7800,7.8600,7.6000,7.6900,7.9200,4435270,34310644.0000,3,1.506136,1,-2.904000,28.336301,0.704611,21.595119,2.980423,0
2010-02-08,sh.600577,7.6400,7.7900,7.6400,7.6900,7.6900,1970521,15198824.0000,3,0.669153,1,0.000000,28.336301,0.704611,21.595119,2.980423,0
2010-02-09,sh.600577,7.6900,7.8800,7.6800,7.7100,7.6900,2533435,19678810.0000,3,0.860308,1,0.260100,28.409997,0.706444,21.651284,2.988175,0
2010-02-10,sh.600577,7.8200,7.8900,7.7000,7.8900,7.7100,3041084,23788044.0000,3,1.032696,1,2.334600,29.073265,0.722937,22.156761,3.057937,0
2010-02-11,sh.600577,7.8200,7.9200,7.7700,7.7800,7.8900,2117769,16562854.0000,3,0.719155,1,-1.394200,28.667935,0.712858,21.847858,3.015305,0
2010-02-12,sh.600577,7.8000,7.8900,7.8000,7.8400,7.7800,2087936,16407937.0000,3,0.709025,1,0.771200,28.889024,0.718355,22.016351,3.038559,0
2010-02-22,sh.600577,7.8500,7.9600,7.8000,7.8800,7.8400,2854435,22537778.0000,3,0.969314,1,0.510200,29.036417,0.722020,22.128679,3.054062,0
2010-02-23,sh.600577,7.8800,8.2500,7.8100,8.2200,7.8800,7667920,61750667.0000,3,2.603885,1,4.314700,30.289258,0.753174,23.083470,3.185836,0
2010-02-24,sh.600577,8.1600,8.2600,8.0900,8.2500,8.2200,6722081,55034771.0000,3,2.282695,1,0.365000,30.399802,0.755922,23.167716,3.197463,0
2010-02-25,sh.600577,8.2500,8.3400,8.2200,8.2800,8.2500,6207081,51395130.0000,3,2.107811,1,0.363600,30.510347,0.758671,23.251962,3.209090,0
2010-02-26,sh.600577,8.2300,8.3600,8.2200,8.2900,8.2800,6090337,50550739.0000,3,2.068167,1,0.120800,30.547195,0.759587,23.280044,3.212966,0
2010-03-01,sh.600577,8.4300,8.4500,8.2900,8.3600,8.2900,9492878,79235156.0000,3,3.223607,1,0.844400,30.805133,0.766001,23.476619,3.240096,0
2010-03-02,sh.600577,8.3600,8.4000,8.1600,8.2200,8.3600,9447384,77759955.0000,3,3.208158,1,-1.674600,30.289258,0.753174,23.083470,3.185836,0
2010-03-03,sh.600577,8.2300,8.5200,8.2300,8.4800,8.2200,12004668,101200188.0000,3,4.076565,1,3.163000,31.247312,0.776997,23.813604,3.286605,0
2010-03-04,sh.600577,8.4800,8.6400,8.0100,8.1400,8.4800,10564737,88190526.0000,3,3.587591,1,-4.009400,29.994472,0.745843,22.858813,3.154830,0
2010-03-05,sh.600577,8.1600,8.2200,8.0400,8.1500,8.1400,4478835,36516701.0000,3,1.520930,1,0.122900,30.031320,0.746760,22.886895,3.158706,0
2010-03-08,sh.600577,8.1600,8.3600,8.1500,8.2600,8.1500,4695397,38729992.0000,3,1.594471,1,1.349700,30.436651,0.756839,23.195798,3.201339,0
2010-03-09,sh.600577,8.1800,8.2100,8.0100,8.2000,8.2600,5350190,43493605.0000,3,1.816826,1,-0.726400,36.373346,0.599246,13.562124,3.105562,0
2010-03-10,sh.600577,8.2000,8.2200,8.0000,8.0500,8.2000,4266857,34454832.0000,3,1.448946,1,-1.829300,35.707980,0.588284,13.314036,3.048753,0
2010-03-11,sh.600577,8.0400,8.1200,7.8500,7.9300,8.0500,4642577,36975945.0000,3,1.576534,1,-1.490700,35.175687,0.579515,13.115566,3.003306,0
2010-03-12,sh.600577,7.9300,8.0100,7.8400,7.8400,7.9300,3324350,26374622.0000,3,1.128888,1,-1.134900,34.776467,0.572938,12.966713,2.969220,0
2010-03-15,sh.600577,7.8400,7.9400,7.7300,7.8800,7.8400,2986029,23457383.0000,3,1.014001,1,0.510200,34.953898,0.575861,13.032870,2.984369,0
2010-03-16,sh.600577,7.8800,8.0600,7.8200,8.0500,7.8800,2935025,23410329.0000,3,0.996681,1,2.157400,35.707980,0.588284,13.314036,3.048753,0
2010-03-17,sh.600577,8.0500,8.2400,8.0100,8.2300,8.0500,5468507,44683136.0000,3,1.857005,1,2.236000,36.506419,0.601438,13.611741,3.116924,0
2010-03-18,sh.600577,8.2600,8.3000,8.1600,8.2200,8.2300,4469381,36777779.0000,3,1.517720,1,-0.121500,36.462061,0.600708,13.595202,3.113136,0
2010-03-19,sh.600577,8.2400,8.3200,8.1800,8.2700,8.2200,5066827,41872664.0000,3,1.720601,1,0.608300,36.683850,0.604361,13.677898,3.132073,0
2010-03-22,sh.600577,8.3200,8.3800,8.2500,8.3700,8.2700,6476870,53941032.0000,3,2.199426,1,1.209200,37.127427,0.611669,13.843290,3.169945,0
2010-03-23,sh.600577,8.3600,8.5200,8.2900,8.3200,8.3700,7421623,62243600.0000,3,2.520247,1,-0.597400,36.905639,0.608015,13.760594,3.151009,0
2010-03-24,sh.600577,8.3300,8.6000,8.2700,8.5400,8.3200,14169787,119942933.0000,3,4.811799,1,2.644200,37.881509,0.624093,14.124456,3.234329,0
2010-03-25,sh.600577,8.4900,8.6800,8.4200,8.6400,8.5400,15393762,131942718.0000,3,5.227439,1,1.171000,38.325086,0.631401,14.289847,3.272202,0
2010-03-26,sh.600577,8.5700,9.2500,8.5700,9.0200,8.6400,27140519,243038125.0000,3,9.216422,1,4.398100,40.010680,0.659171,14.918336,3.416118,0
2010-03-29,sh.600577,9.0300,9.4500,8.9300,9.4100,9.0200,25717056,236590593.0000,3,8.733040,1,4.323700,41.740632,0.687671,15.563364,3.563822,0
2010-03-30,sh.600577,9.4100,9.4100,9.4100,9.4100,9.4100,0,0.0000,3,,0,0.000000,41.740632,0.687671,15.563364,3.563822,0
2010-03-31,sh.600577,9.4100,9.6900,9.2500,9.4100,9.4100,22451405,213365164.0000,3,7.624085,1,0.000000,41.740632,0.687671,15.563364,3.563822,0
2010-04-01,sh.600577,9.3900,9.8500,9.2800,9.7700,9.4100,19328146,184613542.0000,3,6.563483,1,3.825700,43.337511,0.713980,16.158774,3.700163,0
2010-04-02,sh.600577,9.8100,9.8900,9.6000,9.6400,9.7700,14748536,143624872.0000,3,5.008332,1,-1.330600,42.760860,0.704479,15.943765,3.650929,0
2010-04-06,sh.600577,9.6600,10.3800,9.6500,9.8900,9.6400,16949423,168413213.0000,3,5.755713,1,2.593400,43.869804,0.722749,16.357244,3.745611,0
2010-04-07,sh.600577,9.9400,9.9400,9.6600,9.7700,9.8900,9006935,87786563.0000,3,3.058590,1,-1.213300,43.337511,0.713980,16.158774,3.700163,0
2010-04-08,sh.600577,9.8000,9.8000,9.4800,9.5600,9.7700,10967174,105709892.0000,3,3.724251,1,-2.149400,42.405998,0.698633,15.811451,3.620631,0
2010-04-09,sh.600577,9.5800,9.6900,9.4900,9.6400,9.5600,9182426,88247637.0000,3,3.118183,1,0.836800,42.760860,0.704479,15.943765,3.650929,0
2010-04-12,sh.600577,9.6600,10.3500,9.6600,10.3000,9.6400,17928949,181167042.0000,3,6.088342,1,6.846500,45.688471,0.752711,17.035350,3.900889,0
2010-04-13,sh.600577,10.3000,10.3600,9.5300,9.7500,10.3000,13950611,138200323.0000,3,4.737371,1,-5.339800,43.248795,0.712518,16.125696,3.692589,0
2010-04-14,sh.600577,9.8000,10.3300,9.8000,10.2900,9.7500,13119761,132850102.0000,3,4.455230,1,5.538500,45.644113,0.751981,17.018811,3.897101,0
2010-04-15,sh.600577,10.2300,10.4300,9.9000,10.0400,10.1900,7606005,77115136.0000,3,2.582860,1,-1.472000,44.535170,0.733711,16.605332,3.802420,0
2010-04-16,sh.600577,10.0000,10.7000,9.8800,10.4300,10.0400,11919335,123238566.0000,3,4.047587,1,3.884500,46.265122,0.762212,17.250360,3.950123,0
2010-04-19,sh.600577,10.2800,10.5600,9.7800,9.8000,10.4300,12696736,129374381.0000,3,4.311578,1,-6.040300,43.470584,0.716172,16.208392,3.711525,0
2010-04-20,sh.600577,9.7700,10.1700,9.6000,9.9600,9.8000,10280802,101920156.0000,3,3.491172,1,1.632700,34.644881,0.575166,-43.087798,3.638191,0
2010-04-21,sh.600577,9.9300,10.6600,9.9100,10.5800,9.9600,15666165,163294488.0000,3,5.319942,1,6.224900,36.801490,0.610970,-45.769970,3.864664,0
2010-04-22,sh.600577,10.5000,10.8500,10.3600,10.6000,10.5800,14126309,149945769.0000,3,4.797035,1,0.189000,36.871058,0.612125,-45.856491,3.871970,0
2010-04-23,sh.600577,10.5600,10.9500,10.3900,10.4800,10.6000,10707627,114085668.0000,3,3.636113,1,-1.132100,36.453650,0.605195,-45.337361,3.828136,0
2010-04-26,sh.600577,10.4200,10.6400,10.1800,10.1900,10.4800,8439587,87263466.0000,3,2.865929,1,-2.767200,35.444913,0.588448,-44.082797,3.722205,0
2010-04-27,sh.600577,10.1500,10.3100,9.7900,10.0200,10.1900,10400003,104302480.0000,3,3.531650,1,-1.668300,34.853585,0.578631,-43.347363,3.660108,0
2010-04-28,sh.600577,9.9500,10.3900,9.8500,10.3400,10.0200,8812439,89957533.0000,3,2.992542,1,3.193600,35.966674,0.597110,-44.731709,3.776997,0
2010-04-29,sh.600577,10.3300,10.6200,9.8100,9.8600,10.3400,9353380,95735193.0000,3,3.176236,1,-4.642200,34.297041,0.569391,-42.655189,3.601663,0
2010-04-30,sh.600577,9.8000,9.8800,9.1100,9.5100,9.8600,10066128,95190104.0000,3,3.418272,1,-3.549700,33.079600,0.549180,-41.141060,3.473815,0
2010-05-04,sh.600577,9.3300,9.6700,9.2200,9.4700,9.5100,3530307,33500810.0000,3,1.198827,1,-0.420600,32.940464,0.546870,-40.968016,3.459203,0
2010-05-05,sh.600577,9.3500,9.7900,9.2900,9.7400,9.4700,6176313,59349585.0000,3,2.097362,1,2.851100,33.879633,0.562462,-42.136059,3.557829,0
2010-05-06,sh.600577,9.7100,9.8000,9.2900,9.3100,9.7400,8047928,76760654.0000,3,2.732929,1,-4.414800,32.383920,0.537630,-40.275843,3.400759,0
2010-05-07,sh.600577,9.0400,9.3500,8.9400,8.9800,9.3100,6775539,61667936.0000,3,2.300849,1,-3.544600,31.236047,0.518574,-38.848235,3.280216,0
2010-05-10,sh.600577,8.9700,9.2000,8.5800,8.9300,8.9800,5918110,53240739.0000,3,2.009681,1,-0.556800,31.062127,0.515686,-38.631931,3.261952,0
2010-05-11,sh.600577,9.1400,9.2000,8.5200,8.5600,8.9300,4684929,41437702.0000,3,1.590916,1,-4.143300,29.775119,0.494320,-37.031280,3.126798,0
2010-05-12,sh.600577,8.5700,8.7500,7.8900,7.9900,8.5600,6289002,52163201.0000,3,2.135630,1,-6.658900,27.792430,0.461403,-34.565412,2.918589,0
2010-05-13,sh.600577,8.0100,8.2400,7.7000,8.2200,7.9900,6352470,50816889.0000,3,2.157182,1,2.878600,28.592462,0.474685,-35.560411,3.002603,0
2010-05-14,sh.600577,8.1500,8.3500,8.0100,8.2300,8.2200,4457692,36551247.0000,3,1.513750,1,0.121700,28.627246,0.475263,-35.603672,3.006256,0
2010-05-17,sh.600577,8.1400,8.2800,7.6500,7.6700,8.2300,5512690,43801941.0000,3,1.872008,1,-6.804400,26.679341,0.442924,-33.181065,2.801699,0
2010-05-18,sh.600577,7.6800,7.9000,7.5000,7.8500,7.6700,4705845,36433381.0000,3,1.598019,1,2.346800,27.305453,0.453319,-33.959760,2.867450,0
2010-05-19,sh.600577,7.7900,7.9500,7.6500,7.7700,7.8500,3734179,29103182.0000,3,1.268059,1,-1.019100,27.027181,0.448699,-33.613673,2.838227,0
2010-05-20,sh.600577,7.7700,7.9000,7.4500,7.5200,7.7700,4481799,34539938.0000,3,1.521937,1,-3.217500,26.157581,0.434262,-32.532152,2.746907,0
2010-05-21,sh.600577,7.2000,7.7000,7.1000,7.6300,7.5200,5923218,43426159.0000,3,2.011416,1,1.462800,26.540205,0.440614,-33.008022,2.787088,0
2010-05-24,sh.600577,7.6600,8.2200,7.6600,8.1600,7.6300,7719467,61827849.0000,3,2.621389,1,6.946300,28.383758,0.471220,-35.300846,2.980686,0
2010-05-25,sh.600577,8.1200,8.1500,7.8500,8.1400,8.1600,8666492,68821403.0000,3,2.942982,1,-0.245100,28.314190,0.470066,-35.214324,2.973381,0
2010-05-26,sh.600577,8.0000,8.1800,7.9700,8.0400,8.1400,3693690,29680593.0000,3,1.254309,1,-1.228500,27.966350,0.464291,-34.781716,2.936853,0
2010-05-27,sh.600577,8.0400,8.2000,7.8000,8.1200,8.0400,6020701,48330797.0000,3,2.044519,1,0.995000,28.244622,0.468911,-35.127803,2.966075,0
2010-05-28,sh.600577,8.1800,8.3500,8.0900,8.1600,8.1200,6940580,57077635.0000,3,2.356894,1,0.492600,28.383758,0.471220,-35.300846,2.980686,0
2010-05-31,sh.600577,8.0800,8.3000,7.7600,7.8100,8.1600,5644782,45890231.0000,3,1.916864,1,-4.289200,27.166317,0.451009,-33.786717,2.852838,0
2010-06-01,sh.600577,7.7500,7.8800,7.4800,7.7000,7.8100,6024850,46020571.0000,3,2.045928,1,-1.408500,26.783693,0.444657,-33.310847,2.812657,0
2010-06-02,sh.600577,7.6000,7.8400,7.4000,7.8300,7.7000,2954026,22707799.0000,3,1.003133,1,1.688300,27.235885,0.452164,-33.873238,2.860144,0
2010-06-03,sh.600577,7.8600,7.9300,7.6000,7.6100,7.8300,4357422,34003118.0000,3,1.479700,1,-2.809700,26.470637,0.439459,-32.921500,2.779782,0
2010-06-04,sh.600577,7.6000,7.7900,7.5700,7.7200,7.6100,2285446,17564789.0000,3,0.776095,1,1.445500,26.853261,0.445812,-33.397369,2.819963,0
2010-06-07,sh.600577,7.5000,7.7200,7.4200,7.6700,7.7200,3366936,25518076.0000,3,1.143350,1,-0.647700,26.679341,0.442924,-33.181065,2.801699,0
2010-06-08,sh.600577,7.5800,7.8100,7.5800,7.7700,7.6700,2929540,22591784.0000,3,0.994818,1,1.303800,27.027181,0.448699,-33.613673,2.838227,0
2010-06-09,sh.600577,7.7900,8.1000,7.7800,8.1000,7.7700,5727062,45621314.0000,3,1.944805,1,4.247109,28.175054,0.467756,-35.041281,2.958770,0
2010-06-10,sh.600577,8.1000,8.1200,7.9800,7.9900,8.1000,3956764,31801439.0000,3,1.343644,1,-1.358000,27.792430,0.461403,-34.565412,2.918589,0
2010-06-11,sh.600577,8.0200,8.1000,7.9300,8.0000,7.9900,2860290,22911231.0000,3,0.971302,1,0.125200,27.827214,0.461981,-34.608673,2.922242,0
2010-06-17,sh.600577,8.0800,8.1500,7.9600,8.0000,8.0000,2322940,18675124.0000,3,0.788828,1,0.000000,27.827214,0.461981,-34.608673,2.922242,0
2010-06-18,sh.600577,8.0300,8.0800,7.6000,7.6600,8.0000,3174573,24811823.0000,3,1.078027,1,-4.250000,26.644557,0.442347,-33.137804,2.798046,0
2010-06-21,sh.600577,7.6300,7.9500,7.6000,7.9000,7.6600,2943272,22990090.0000,3,0.999481,1,3.133200,27.479373,0.456206,-34.176064,2.885714,0
2010-06-22,sh.600577,7.9000,8.0700,7.8900,8.0000,7.9000,2327225,18594670.0000,3,0.790283,1,1.265800,27.827214,0.461981,-34.608673,2.922242,0
2010-06-23,sh.600577,7.9000,8.0500,7.7100,7.8600,8.0000,2468072,19472515.0000,3,0.838112,1,-1.750000,27.340237,0.453896,-34.003021,2.871102,0
2010-06-24,sh.600577,7.8700,7.9400,7.7600,7.8600,7.8600,2061032,16149869.0000,3,0.699889,1,0.000000,27.340237,0.453896,-34.003021,2.871102,0
2010-06-25,sh.600577,7.8500,7.8600,7.6500,7.7300,7.8600,2005413,15498100.0000,3,0.681001,1,-1.653900,26.888045,0.446389,-33.440630,2.823616,0
2010-06-28,sh.600577,7.6900,7.7600,7.6200,7.6500,7.7300,1733468,13308678.0000,3,0.588654,1,-1.034900,26.609773,0.441769,-33.094543,2.794393,0
2010-06-29,sh.600577,7.6100,7.6900,7.0500,7.0800,7.6500,5007151,36187601.0000,3,1.700337,1,-7.451000,24.627084,0.408853,-30.628675,2.586184,0
2010-06-30,sh.600577,7.0000,7.1000,6.7200,6.7800,7.0800,3315974,22742225.0000,3,1.126044,1,-4.237300,23.583564,0.391529,-29.330850,2.476600,0
2010-07-01,sh.600577,6.8400,6.9000,6.6500,6.7200,6.7800,1864178,12643299.0000,3,0.633041,1,-0.885000,23.374859,0.388064,-29.071285,2.454683,0
2010-07-02,sh.600577,6.6700,6.7800,6.3100,6.6900,6.7200,3287602,21580255.0000,3,1.116409,1,-0.446400,23.270507,0.386331,-28.941503,2.443724,0
2010-07-05,sh.600577,6.6000,6.7800,6.4300,6.7000,6.6900,1913879,12679059.0000,3,0.649918,1,0.149500,23.305291,0.386909,-28.984763,2.447377,0
2010-07-06,sh.600577,6.7400,7.0200,6.7000,6.9800,6.7000,2944672,20444024.0000,3,0.999957,1,4.179100,24.279244,0.403078,-30.196067,2.549656,0
2010-07-07,sh.600577,7.0000,7.0700,6.9100,7.0600,6.9800,2119991,14826919.0000,3,0.719910,1,1.146100,24.557516,0.407698,-30.542154,2.578878,0
2010-07-08,sh.600577,7.0900,7.1700,6.9300,7.1200,7.0600,2516154,17806708.0000,3,0.854440,1,0.849900,24.766220,0.411163,-30.801719,2.600795,0
2010-07-09,sh.600577,7.1200,7.3400,6.8100,7.2500,7.1200,3807569,27516371.0000,3,1.292981,1,1.825800,25.218412,0.418670,-31.364110,2.648281,0
2010-07-12,sh.600577,7.2500,7.3600,7.1100,7.2600,7.2500,4473340,32338264.0000,3,1.519064,1,0.137900,25.253196,0.419248,-31.407370,2.651934,0
2010-07-13,sh.600577,7.2000,7.2300,7.0100,7.1500,7.2600,2852613,20261010.0000,3,0.968695,1,-1.515200,24.870572,0.412895,-30.931501,2.611753,0
2010-07-14,sh.600577,7.1800,7.2800,7.0700,7.1800,7.1500,2565147,18453772.0000,3,0.871077,1,0.419600,24.974924,0.414628,-31.061284,2.622712,0
2010-07-15,sh.600577,7.1200,7.2400,6.9400,6.9500,7.1800,1997142,14180624.0000,3,0.678193,1,-3.203300,24.174892,0.401346,-30.066284,2.538697,0
2010-07-16,sh.600577,6.9000,7.0100,6.8200,7.0100,6.9500,1998797,13829201.0000,3,0.678755,1,0.863316,24.383596,0.404811,-30.325849,2.560614,0
2010-07-19,sh.600577,6.9300,7.1900,6.8500,7.1500,7.0100,2997048,21179726.0000,3,1.017742,1,1.997100,24.870572,0.412895,-30.931501,2.611753,0
2010-07-20,sh.600577,7.1600,7.4500,7.1000,7.4500,7.1500,5541296,40684246.0000,3,1.881722,1,4.195800,25.914093,0.430220,-32.229326,2.721337,0
2010-07-21,sh.600577,7.4500,7.5500,7.3600,7.4300,7.4500,4526182,33749584.0000,3,1.537008,1,-0.268500,25.844525,0.429065,-32.142805,2.714032,0
2010-07-22,sh.600577,7.3600,7.7100,7.3600,7.6600,7.4300,5748688,43592113.0000,3,1.952149,1,3.095600,26.644557,0.442347,-33.137804,2.798046,0
2010-07-23,sh.600577,7.6600,7.7500,7.4600,7.5800,7.6600,3309208,25145405.0000,3,1.123746,1,-1.044400,26.366285,0.437727,-32.791717,2.768824,0
2010-07-26,sh.600577,7.6500,7.8500,7.5600,7.7700,7.5800,4493326,34827666.0000,3,1.525851,1,2.506600,27.027181,0.448699,-33.613673,2.838227,0
2010-07-27,sh.600577,7.7700,7.9500,7.6200,7.7900,7.7700,5117607,39729230.0000,3,1.737845,1,0.257400,27.096749,0.449854,-33.700195,2.845533,0
2010-07-28,sh.600577,7.7200,8.1800,7.7200,8.1700,7.7900,9840792,78931651.0000,3,3.341752,1,4.878000,28.418542,0.471798,-35.344107,2.984339,0
2010-07-29,sh.600577,8.2500,8.2700,8.0000,8.0900,8.1700,9398392,76332132.0000,3,3.191521,1,-0.979200,28.140270,0.467178,-34.998020,2.955117,0
2010-07-30,sh.600577,8.0900,8.1800,8.0200,8.1700,8.0900,6071535,49289449.0000,3,2.061782,1,0.988900,28.418542,0.471798,-35.344107,2.984339,0
2010-08-02,sh.600577,8.1900,8.2900,8.1200,8.2900,8.1700,5904112,48482357.0000,3,2.004928,1,1.468800,28.835950,0.478728,-35.863237,3.028173,0
2010-08-03,sh.600577,8.3000,8.5500,8.2500,8.2800,8.2900,9624636,80931990.0000,3,3.268350,1,-0.120600,28.801166,0.478150,-35.819976,3.024520,0
2010-08-04,sh.600577,8.2500,8.4200,8.0700,8.4100,8.2800,6989117,57622595.0000,3,2.373376,1,1.570000,29.253358,0.485657,-36.382367,3.072006,0
2010-08-05,sh.600577,8.3900,8.4600,8.1800,8.2700,8.4100,6032724,50258026.0000,3,2.048602,1,-1.664700,28.766382,0.477573,-35.776715,3.020867,0
2010-08-06,sh.600577,8.2400,8.4300,8.1000,8.3900,8.2700,6736923,55973258.0000,3,2.287735,1,1.451000,29.183790,0.484502,-36.295846,3.064701,0
2010-08-09,sh.600577,8.3900,8.7000,8.3800,8.6400,8.3900,8146572,69969706.0000,3,2.766426,1,2.979700,30.053391,0.498939,-37.377367,3.156021,0
2010-08-10,sh.600577,8.6000,8.6300,8.1600,8.1700,8.6400,6919753,58215877.0000,3,2.349821,1,-5.439800,28.418542,0.471798,-35.344107,2.984339,0
2010-08-11,sh.600577,8.1500,8.3800,8.1100,8.3200,8.1700,4010506,33106271.0000,3,1.361894,1,1.836000,28.940302,0.480460,-35.993020,3.039131,0
2010-08-12,sh.600577,8.2500,8.4700,8.1800,8.2700,8.3200,6707305,55962285.0000,3,2.277678,1,-0.601000,28.766382,0.477573,-35.776715,3.020867,0
2010-08-13,sh.600577,8.3300,9.0500,8.3300,8.8700,8.2700,18522819,161324144.0000,3,6.290009,1,7.255100,30.853423,0.512221,-38.372366,3.240035,0
2010-08-16,sh.600577,9.0000,9.4500,8.9000,9.1900,8.8700,18177879,167029236.0000,3,6.172874,1,3.607700,31.966512,0.530701,-39.756713,3.356925,0
2010-08-17,sh.600577,9.0900,9.8100,9.0900,9.6200,9.1900,18248519,173723357.0000,3,6.196862,1,4.679000,33.462224,0.555532,-41.616929,3.513995,0
2010-08-18,sh.600577,9.6100,10.0500,9.5200,9.7200,9.6200,14050634,136887228.0000,3,4.771337,1,1.039500,33.810065,0.561307,-42.049537,3.550523,0
2010-08-19,sh.600577,9.6300,9.8600,9.5500,9.7400,9.7200,11009686,106560454.0000,3,3.738687,1,0.205800,33.879633,0.562462,-42.136059,3.557829,0
2010-08-20,sh.600577,9.8000,9.8800,9.4300,9.6800,9.7400,12508373,120710495.0000,3,4.247614,1,-0.616000,33.670929,0.558997,-41.876494,3.535912,0
2010-08-23,sh.600577,9.6000,9.7500,9.3400,9.6400,9.6800,8345152,79361859.0000,3,2.833860,1,-0.413200,33.531792,0.556687,-41.703451,3.521301,0
2010-08-24,sh.600577,9.6100,10.2900,9.4300,10.2800,9.6400,21642462,214848925.0000,3,7.349383,1,6.639000,29.081039,0.477451,-31.769575,3.737915,0
2010-08-25,sh.600577,10.1000,10.5000,9.9500,10.2100,10.2800,19602354,200727040.0000,3,6.656599,1,-0.680900,28.883016,0.474200,-31.553245,3.712462,0
2010-08-26,sh.600577,10.1600,10.2800,9.8100,10.0100,10.2100,11047369,110469909.0000,3,3.751484,1,-1.958900,28.317237,0.464911,-30.935160,3.639740,0
2010-08-27,sh.600577,9.9600,9.9800,9.7800,9.9100,10.0100,4278009,42253487.0000,3,1.452733,1,-0.999000,28.034348,0.460267,-30.626117,3.603379,0
2010-08-30,sh.600577,9.9800,10.1700,9.9000,10.0000,9.9100,8096354,81165775.0000,3,2.749373,1,0.908200,28.288948,0.464447,-30.904256,3.636104,0
2010-08-31,sh.600577,9.9300,10.0100,9.6100,9.7900,10.0000,9489640,93031057.0000,3,3.222507,1,-2.100000,27.694881,0.454694,-30.255266,3.559745,0
2010-09-01,sh.600577,9.7400,9.9800,9.4000,9.6000,9.7900,7972931,77307049.0000,3,2.707461,1,-1.940800,27.157390,0.445869,-29.668085,3.490659,0
2010-09-02,sh.600577,9.7000,10.0900,9.5600,9.9200,9.6000,11141687,109563771.0000,3,3.783512,1,3.333300,28.062637,0.460731,-30.657022,3.607015,0
2010-09-03,sh.600577,9.9200,10.1500,9.7300,9.8500,9.9200,8135647,80569136.0000,3,2.762716,1,-0.705600,27.864614,0.457480,-30.440692,3.581562,0
2010-09-06,sh.600577,9.8900,9.9000,9.6000,9.7200,9.8500,5773110,56335121.0000,3,1.960442,1,-1.319800,27.496858,0.451442,-30.038937,3.534293,0
2010-09-07,sh.600577,9.7400,9.9900,9.7100,9.9800,9.7200,8813363,86856813.0000,3,2.992856,1,2.674900,28.232371,0.463518,-30.842447,3.628831,0
2010-09-08,sh.600577,9.9500,10.1800,9.7000,10.1500,9.9800,11719126,116828918.0000,3,3.979600,1,1.703408,28.713283,0.471414,-31.367820,3.690645,0
2010-09-09,sh.600577,10.0900,10.1900,9.7000,9.7600,10.1500,8623419,85504004.0000,3,2.928355,1,-3.842400,27.610014,0.453300,-30.162554,3.548837,0
2010-09-10,sh.600577,9.8100,9.8500,9.4700,9.6800,9.7600,6804839,65475968.0000,3,2.310798,1,-0.819700,27.383702,0.449585,-29.915320,3.519748,0
2010-09-13,sh.600577,9.7200,9.9400,9.6000,9.8700,9.6800,5143276,50471114.0000,3,1.746562,1,1.962800,27.921192,0.458409,-30.502500,3.588834,0
2010-09-14,sh.600577,9.9000,10.1500,9.7400,10.1000,9.8700,10685233,106426795.0000,3,3.628509,1,2.330300,28.571838,0.469091,-31.213298,3.672465,0
2010-09-15,sh.600577,10.1200,10.1500,9.7300,9.8300,10.1000,7023177,69885088.0000,3,2.384942,1,-2.673300,27.808036,0.456551,-30.378883,3.574290,0
2010-09-16,sh.600577,9.7500,9.8500,9.2300,9.4300,9.8300,5900993,56217597.0000,3,2.003869,1,-4.069200,26.676478,0.437973,-29.142713,3.428846,0
2010-09-17,sh.600577,9.4800,9.5300,9.1400,9.1900,9.4300,5370705,49776216.0000,3,1.823793,1,-2.545100,25.997544,0.426827,-28.401011,3.341579,0
2010-09-20,sh.600577,9.2100,9.2700,9.1500,9.2100,9.1900,3037135,27935476.0000,3,1.031355,1,0.217600,26.054121,0.427756,-28.462820,3.348851,0
2010-09-21,sh.600577,9.2500,9.2900,8.8400,8.9100,9.2100,5701770,51247195.0000,3,1.936216,1,-3.257300,25.205453,0.413822,-27.535692,3.239768,0
2010-09-27,sh.600577,8.9800,9.1600,8.9500,9.1600,8.9100,3065332,27833094.0000,3,1.040930,1,2.805800,25.912677,0.425433,-28.308298,3.330671,0
2010-09-28,sh.600577,9.1500,9.2700,8.9800,8.9900,9.1600,3812309,34709418.0000,3,1.294590,1,-1.855900,25.431765,0.417538,-27.782926,3.268857,0
2010-09-29,sh.600577,8.9500,9.1400,8.9300,9.1200,8.9900,3342804,30345978.0000,3,1.135155,1,1.446100,25.799521,0.423576,-28.184681,3.316127,0
2010-09-30,sh.600577,9.0900,9.2500,9.0600,9.2000,9.1200,2694945,24768952.0000,3,0.915154,1,0.877200,26.025833,0.427291,-28.431915,3.345215,0
2010-10-08,sh.600577,9.3100,9.6700,9.3100,9.6500,9.2000,6965522,66290652.0000,3,2.365363,1,4.891300,27.298835,0.448191,-29.822607,3.508840,0
2010-10-11,sh.600577,9.6400,9.7900,9.4900,9.7200,9.6500,7375055,71187434.0000,3,2.504433,1,0.725400,27.496858,0.451442,-30.038937,3.534293,0
2010-10-12,sh.600577,9.6700,9.8500,9.5800,9.7600,9.7200,5930633,57555447.0000,3,2.013934,1,0.411500,27.610014,0.453300,-30.162554,3.548837,0
2010-10-13,sh.600577,9.7600,9.8300,9.5200,9.7900,9.7600,6312526,61324635.0000,3,2.143618,1,0.307400,27.694881,0.454694,-30.255266,3.559745,0
2010-10-14,sh.600577,9.7200,9.9300,9.3900,9.4000,9.7900,6294340,60796837.0000,3,2.137442,1,-3.983700,26.591612,0.436580,-29.050000,3.417937,0
2010-10-15,sh.600577,9.3700,9.5600,9.1300,9.2700,9.4000,6146139,57368254.0000,3,2.087116,1,-1.383000,26.223855,0.430542,-28.648245,3.370668,0
2010-10-18,sh.600577,9.3000,9.3200,8.9000,9.0500,9.2700,4526166,40904666.0000,3,1.537003,1,-2.373200,25.601498,0.420324,-27.968351,3.290674,0
2010-10-19,sh.600577,9.0700,9.3600,9.0600,9.3000,9.0500,3483831,32118804.0000,3,1.183045,1,2.762400,26.308722,0.431936,-28.740958,3.381576,0
2010-10-20,sh.600577,9.1300,9.4400,9.1100,9.2500,9.3000,5035868,46903368.0000,3,1.710088,1,-0.537600,26.167277,0.429613,-28.586437,3.363396,0
2010-10-21,sh.600577,9.3200,9.6200,9.3100,9.5900,9.2500,6280615,59684786.0000,3,2.132782,1,3.675700,27.129102,0.445405,-29.637181,3.487023,0
2010-10-22,sh.600577,9.7300,9.7400,9.5400,9.6400,9.5900,5542586,53381125.0000,3,1.882160,1,0.521400,27.270546,0.447727,-29.791703,3.505204,0
2010-10-25,sh.600577,9.6600,10.2900,9.6600,10.2100,9.6400,16584300,166558668.0000,3,5.631724,1,5.912900,28.883016,0.474200,-31.553245,3.712462,0
2010-10-26,sh.600577,10.2600,10.3500,9.9200,10.2300,10.2100,14746832,149081610.0000,3,5.007753,1,0.195900,28.481525,0.418078,-67.260419,3.593209,0
2010-10-27,sh.600577,10.1500,10.6200,10.1000,10.4600,10.2300,20345030,210396156.0000,3,6.908799,1,2.248300,29.121872,0.427477,-68.772628,3.673995,0
2010-10-28,sh.600577,10.4200,10.9600,10.3500,10.8400,10.4600,25153513,267817793.0000,3,8.541671,1,3.632900,30.179837,0.443007,-71.271060,3.807467,0
2010-10-29,sh.600577,10.8500,11.0700,10.6600,10.7400,10.8400,17598343,190690419.0000,3,5.976074,1,-0.922500,29.901425,0.438920,-70.613578,3.772343,0
2010-11-01,sh.600577,11.0200,11.2400,10.7500,10.9900,10.7400,18274409,200040535.0000,3,6.205654,1,2.327700,30.597455,0.449137,-72.257283,3.860154,0
2010-11-02,sh.600577,11.0400,11.5300,11.0400,11.0900,10.9900,19705805,221514248.0000,3,6.691729,1,0.909900,30.875866,0.453224,-72.914766,3.895278,0
2010-11-03,sh.600577,11.1200,11.2300,10.5300,10.6000,11.0900,15980182,173149759.0000,3,5.426576,1,-4.418400,29.511649,0.433199,-69.693103,3.723169,0
2010-11-04,sh.600577,10.5300,10.8200,10.4100,10.8100,10.6000,9330389,99367361.0000,3,3.168429,1,1.981100,30.096313,0.441781,-71.073816,3.796930,0
2010-11-05,sh.600577,10.8600,11.2800,10.7000,11.1100,10.8100,13723088,151939972.0000,3,4.660109,1,2.775200,30.931549,0.454041,-73.046262,3.902303,0
2010-11-08,sh.600577,11.2600,11.3100,11.0000,11.2700,11.1100,12240551,136691730.0000,3,4.156666,1,1.440100,31.377008,0.460580,-74.098233,3.958502,0
2010-11-09,sh.600577,11.2100,11.2900,11.0000,11.1700,11.2700,9720903,108091557.0000,3,3.301040,1,-0.887300,31.098596,0.456493,-73.440751,3.923377,0
2010-11-10,sh.600577,11.1500,11.7900,11.0000,11.6100,11.1700,14988181,170006515.0000,3,5.089711,1,3.939100,32.323608,0.474475,-76.333672,4.077924,0
2010-11-11,sh.600577,11.4900,11.8700,11.2500,11.2600,11.6100,14715655,170561796.0000,3,4.997166,1,-3.014600,31.349166,0.460171,-74.032485,3.954989,0
2010-11-12,sh.600577,11.2800,11.4500,10.1400,10.2200,11.2600,17215208,185177075.0000,3,5.845968,1,-9.236200,28.453684,0.417669,-67.194671,3.589697,0
2010-11-15,sh.600577,10.2500,10.5900,10.2400,10.5800,10.2200,8941486,93304919.0000,3,3.036364,1,3.522500,29.455966,0.432381,-69.561607,3.716144,0
2010-11-16,sh.600577,10.6200,10.9500,10.2000,10.2700,10.5800,11451344,121325454.0000,3,3.888666,1,-2.930100,28.592890,0.419712,-67.523412,3.607259,0
2010-11-17,sh.600577,10.2400,10.4800,10.1000,10.2800,10.2700,5693256,58852920.0000,3,1.933325,1,0.097400,28.620731,0.420121,-67.589160,3.610772,0
2010-11-18,sh.600577,10.4500,10.5500,10.2200,10.4800,10.2800,4912328,51363774.0000,3,1.668136,1,1.945500,29.177555,0.428295,-68.904125,3.681020,0
2010-11-19,sh.600577,10.5500,10.9100,10.4400,10.7900,10.4800,9680963,103558660.0000,3,3.287477,1,2.958000,30.040631,0.440964,-70.942319,3.789905,0
2010-11-22,sh.600577,10.7900,10.7900,10.7900,10.7900,10.7900,0,0.0000,3,,0,0.000000,30.040631,0.440964,-70.942319,3.789905,0
2010-11-23,sh.600577,10.9100,11.1600,10.4800,10.8600,10.7900,11723663,127155995.0000,3,3.981141,1,0.648700,30.235519,0.443824,-71.402557,3.814492,0
2010-11-24,sh.600577,10.7100,11.1800,10.6600,11.1600,10.8600,10202493,111911268.0000,3,3.464579,1,2.762400,31.070755,0.456085,-73.375003,3.919865,0
2010-11-25,sh.600577,11.2200,11.2500,10.9800,11.1500,11.1600,9850177,109420320.0000,3,3.344939,1,-0.089600,31.042913,0.455676,-73.309255,3.916352,0
2010-11-26,sh.600577,11.1500,11.1600,10.8500,11.0800,11.1500,6748923,74361882.0000,3,2.291810,1,-0.627800,30.848025,0.452815,-72.849017,3.891765,0
2010-11-29,sh.600577,11.0100,11.1300,10.7000,10.8900,11.0800,7206302,78193294.0000,3,2.447128,1,-1.714800,30.319043,0.445050,-71.599801,3.825029,0
2010-11-30,sh.600577,10.8400,10.9500,10.1800,10.4400,10.8900,7956086,83304341.0000,3,2.701741,1,-4.132200,29.066190,0.426660,-68.641132,3.666970,0
2010-12-01,sh.600577,10.3300,10.5300,10.2900,10.4400,10.4400,3132212,32639154.0000,3,1.063642,1,0.000000,29.066190,0.426660,-68.641132,3.666970,0
2010-12-02,sh.600577,10.6500,10.6800,10.4200,10.4200,10.4400,5675246,59721011.0000,3,1.927209,1,-0.191600,29.010508,0.425843,-68.509635,3.659945,0
2010-12-03,sh.600577,10.4700,10.5900,10.3000,10.3900,10.4200,3496033,36407979.0000,3,1.187189,1,-0.287900,28.926984,0.424616,-68.312391,3.649408,0
2010-12-06,sh.600577,10.3600,10.4500,10.0000,10.1200,10.3900,4399227,44724809.0000,3,1.493897,1,-2.598700,28.175272,0.413582,-66.537189,3.554573,0
2010-12-07,sh.600577,10.1000,10.2900,9.8500,10.2100,10.1200,3032305,30607395.0000,3,1.029715,1,0.889300,28.425843,0.417260,-67.128923,3.586185,0
2010-12-08,sh.600577,10.2700,10.4000,10.1500,10.2100,10.2100,3290628,33845922.0000,3,1.117437,1,0.000000,28.425843,0.417260,-67.128923,3.586185,0
2010-12-09,sh.600577,10.1500,10.2500,10.0500,10.0500,10.2100,2713320,27476565.0000,3,0.921394,1,-1.567100,27.980384,0.410721,-66.076952,3.529986,0
2010-12-10,sh.600577,10.0300,10.3200,9.9200,10.2400,10.0500,3778054,38302000.0000,3,1.282958,1,1.890500,28.509366,0.418486,-67.326168,3.596722,0
2010-12-13,sh.600577,10.3000,10.5900,10.2800,10.5500,10.2400,6017543,63054582.0000,3,2.043447,1,3.027300,29.372443,0.431155,-69.364362,3.705607,0
2010-12-14,sh.600577,10.6200,10.6200,10.4100,10.5600,10.5500,4866596,51169068.0000,3,1.652607,1,0.094800,29.400284,0.431564,-69.430110,3.709119,0
2010-12-15,sh.600577,10.6000,10.7400,10.5000,10.5800,10.5600,5921206,62941874.0000,3,2.010733,1,0.189400,29.455966,0.432381,-69.561607,3.716144,0
2010-12-16,sh.600577,10.5800,10.6300,10.4000,10.4500,10.5800,3797800,40022455.0000,3,1.289663,1,-1.228700,29.094031,0.427069,-68.706880,3.670483,0
2010-12-17,sh.600577,10.4000,10.5700,10.3800,10.5500,10.4500,3169228,33225261.0000,3,1.076212,1,0.956900,29.372443,0.431155,-69.364362,3.705607,0
2010-12-20,sh.600577,10.5700,10.7600,10.3000,10.6500,10.5500,6348428,67195208.0000,3,2.155810,1,0.947900,29.650855,0.435242,-70.021844,3.740731,0
2010-12-21,sh.600577,10.7000,10.9600,10.6300,10.9300,10.6500,9425322,102270043.0000,3,3.200666,1,2.629100,30.430408,0.446685,-71.862794,3.839079,0
2010-12-22,sh.600577,11.0000,11.1000,10.7100,10.7900,10.9300,7218253,78811003.0000,3,2.451186,1,-1.280900,30.040631,0.440964,-70.942319,3.789905,0
2010-12-23,sh.600577,10.8000,10.8900,10.5000,10.5500,10.7900,4478979,48031141.0000,3,1.520979,1,-2.224300,29.372443,0.431155,-69.364362,3.705607,0
2010-12-24,sh.600577,10.5000,10.5500,10.2400,10.3200,10.5500,3439064,35577492.0000,3,1.167843,1,-2.180100,28.732096,0.421756,-67.852153,3.624821,0
2010-12-27,sh.600577,10.3500,10.5000,10.0200,10.1000,10.3200,4285223,44245622.0000,3,1.455183,1,-2.131800,28.119590,0.412765,-66.405693,3.547548,0
2010-12-28,sh.600577,10.0800,10.1700,9.7900,9.8400,10.1000,3853496,38252089.0000,3,1.308576,1,-2.574300,27.395719,0.402139,-64.696239,3.456225,0
2010-12-29,sh.600577,9.8400,9.9600,9.8200,9.9000,9.8400,3021605,29844854.0000,3,1.026082,1,0.609800,27.562766,0.404591,-65.090728,3.477299,0
2010-12-30,sh.600577,9.9300,10.2400,9.9000,10.1600,9.9000,4227449,42542609.0000,3,1.435564,1,2.626300,28.286637,0.415217,-66.800182,3.568622,0
2010-12-31,sh.600577,10.2000,10.5400,10.1600,10.4900,10.1600,4691590,48682937.0000,3,1.593178,1,3.248000,29.205396,0.428703,-68.969873,3.684532,0
2011-01-04,sh.600577,10.5300,10.7000,10.3900,10.6300,10.4900,4834930,51248009.0000,3,1.641853,1,1.334600,29.595172,0.434425,-69.890348,3.733706,0
2011-01-05,sh.600577,10.5900,10.7300,10.5100,10.6600,10.6300,4582427,48766349.0000,3,1.556108,1,0.282200,29.678696,0.435651,-70.087592,3.744244,0
2011-01-06,sh.600577,10.7000,10.7500,10.5700,10.5700,10.6600,3519908,37423783.0000,3,1.195296,1,-0.844300,29.428125,0.431973,-69.495859,3.712632,0
2011-01-07,sh.600577,10.5900,11.0800,10.5800,10.8700,10.5700,9611040,104669942.0000,3,3.263733,1,2.838200,30.263361,0.444233,-71.468305,3.818005,0
2011-01-10,sh.600577,10.8000,10.9400,10.4800,10.5300,10.8700,5046169,54270949.0000,3,1.713586,1,-3.127900,29.316760,0.430338,-69.232866,3.698582,0
2011-01-11,sh.600577,10.5000,10.5500,10.1600,10.3700,10.5300,4457869,45977437.0000,3,1.513810,1,-1.519500,28.871302,0.423799,-68.180894,3.642383,0
2011-01-12,sh.600577,10.3000,10.4500,10.1600,10.4200,10.3700,3930772,40530975.0000,3,1.334818,1,0.482200,29.010508,0.425843,-68.509635,3.659945,0
2011-01-13,sh.600577,10.4200,10.9000,10.3800,10.7800,10.4200,8473444,90885318.0000,3,2.877426,1,3.454900,30.012790,0.440555,-70.876571,3.786393,0
2011-01-14,sh.600577,10.7100,11.0000,10.6200,10.7700,10.7800,10048469,108848472.0000,3,3.412276,1,-0.092800,29.984949,0.440146,-70.810823,3.782880,0
2011-01-17,sh.600577,10.6700,11.1700,10.6200,10.8700,10.7700,20064247,219636424.0000,3,6.813450,1,0.928500,30.263361,0.444233,-71.468305,3.818005,0
2011-01-18,sh.600577,10.7000,10.8000,9.8200,10.1900,10.8700,13200243,134849279.0000,3,4.482560,1,-6.255700,28.370160,0.416443,-66.997427,3.579160,0
2011-01-19,sh.600577,10.0500,10.4500,10.0100,10.3900,10.1900,6885436,70936376.0000,3,2.338168,1,1.962700,28.926984,0.424616,-68.312391,3.649408,0
2011-01-20,sh.600577,10.4000,10.9800,10.3400,10.4700,10.3900,15300805,164035541.0000,3,5.195872,1,0.770000,29.149713,0.427886,-68.838376,3.677508,0
2011-01-21,sh.600577,10.3500,11.5000,10.2300,11.3900,10.4700,24465587,271492823.0000,3,8.308064,1,8.787000,31.711102,0.465484,-74.887212,4.000651,0
2011-01-24,sh.600577,11.2500,11.7500,11.0300,11.1600,11.3900,21423967,244632757.0000,3,7.275186,1,-2.019300,31.070755,0.456085,-73.375003,3.919865,0
2011-01-25,sh.600577,11.0400,11.3900,10.5000,10.6800,11.1600,14064897,153716901.0000,3,4.776181,1,-4.301100,29.734378,0.436468,-70.219089,3.751269,0
2011-01-26,sh.600577,10.5500,11.3000,10.3000,11.2900,10.6800,15106697,162395574.0000,3,5.129957,1,5.711600,31.432690,0.461398,-74.229730,3.965526,0
2011-01-27,sh.600577,10.9000,11.6400,10.8800,11.5900,11.2900,21779209,248656539.0000,3,7.395819,1,2.657200,32.267925,0.473658,-76.202176,4.070899,0
2011-01-28,sh.600577,11.5000,11.8200,11.3000,11.5100,11.5900,19217064,222190510.0000,3,6.525762,1,-0.690300,32.045196,0.470388,-75.676190,4.042800,0
2011-01-31,sh.600577,11.4500,12.3900,11.3800,12.3100,11.5100,25954303,312013284.0000,3,8.813605,1,6.950500,34.272490,0.503083,-80.936047,4.323794,0
2011-02-01,sh.600577,12.1500,12.4200,12.0400,12.1600,12.3100,16728229,203931153.0000,3,5.680599,1,-1.218500,33.854872,0.496952,-79.949824,4.271107,0
2011-02-09,sh.600577,12.0900,12.7000,12.0100,12.3000,12.1600,18729176,231670765.0000,3,6.360084,1,1.151300,34.244649,0.502674,-80.870299,4.320281,0
2011-02-10,sh.600577,12.1700,12.6700,11.9300,12.5000,12.3000,17074053,209978708.0000,3,5.798035,1,1.626000,34.801473,0.510848,-82.185263,4.390530,0
2011-02-11,sh.600577,12.4500,12.8400,12.0000,12.1500,12.5000,20038955,249730514.0000,3,6.804861,1,-2.800000,33.827031,0.496544,-79.884076,4.267595,0
2011-02-14,sh.600577,12.0900,12.5900,11.9600,12.3000,12.1500,18894216,231773379.0000,3,6.416129,1,1.234600,34.244649,0.502674,-80.870299,4.320281,0
2011-02-15,sh.600577,12.3300,13.1800,12.1600,12.7100,12.3000,22881498,292654395.0000,3,7.770137,1,3.333300,35.386137,0.519430,-83.565976,4.464291,0
2011-02-16,sh.600577,12.6500,13.4000,12.5500,13.2800,12.7100,21051854,275066825.0000,3,7.148823,1,4.484700,36.973084,0.542724,-87.313624,4.664499,0
2011-02-17,sh.600577,13.3000,13.6800,12.9300,13.2100,13.2800,17983056,237327457.0000,3,6.106716,1,-0.527100,36.778196,0.539864,-86.853386,4.639912,0
2011-02-18,sh.600577,13.1500,13.3000,12.7700,12.9400,13.2100,12695420,165187576.0000,3,4.311131,1,-2.043900,36.026484,0.528829,-85.078184,4.545076,0
2011-02-21,sh.600577,12.8600,13.4400,12.8100,13.3900,12.9400,14407466,189682203.0000,3,4.892511,1,3.477600,37.279337,0.547220,-88.036854,4.703135,0
2011-02-22,sh.600577,13.4000,13.4000,12.4500,12.5100,13.3900,17091147,220154302.0000,3,5.803840,1,-6.572100,34.829314,0.511256,-82.251011,4.394042,0
2011-02-23,sh.600577,12.5100,12.8500,12.3400,12.6200,12.5100,10544853,132405007.0000,3,3.580838,1,0.879300,35.135567,0.515752,-82.974242,4.432679,0
2011-02-24,sh.600577,12.5800,12.6700,12.4200,12.5800,12.6200,7424529,92980301.0000,3,2.521234,1,-0.317000,35.024202,0.514117,-82.711249,4.418629,0
2011-02-25,sh.600577,12.5100,12.5100,11.9300,12.0900,12.5800,19886525,240472591.0000,3,6.753099,1,-3.895100,32.796394,0.465108,-79.689825,4.190996,0
2011-02-28,sh.600577,12.0900,12.3800,12.0500,12.3500,12.0900,13021758,158829478.0000,3,4.421950,1,2.150500,33.501692,0.475111,-81.403585,4.281125,0
2011-03-01,sh.600577,12.4000,12.6400,12.3000,12.4000,12.3500,12488396,155775008.0000,3,4.240830,1,0.404852,33.637327,0.477034,-81.733154,4.298457,0
2011-03-02,sh.600577,12.3000,12.3000,11.8800,12.0800,12.4000,11120353,133988761.0000,3,3.776268,1,-2.580600,32.769267,0.464723,-79.623911,4.187530,0
2011-03-03,sh.600577,12.1200,12.2700,11.8700,11.9700,12.0800,9056189,109449271.0000,3,3.075315,1,-0.910600,32.470871,0.460492,-78.898859,4.149398,0
2011-03-04,sh.600577,11.9900,12.4000,11.9300,12.3900,11.9700,9016230,110079922.0000,3,3.061746,1,3.508800,33.610200,0.476649,-81.667240,4.294991,0
2011-03-07,sh.600577,12.4400,12.5000,12.3000,12.3900,12.3900,10916196,135419761.0000,3,3.706940,1,0.000000,33.610200,0.476649,-81.667240,4.294991,0
2011-03-08,sh.600577,12.4800,12.6500,12.3800,12.4600,12.3900,8707222,108859449.0000,3,2.956813,1,0.565000,33.800088,0.479342,-82.128637,4.319256,0
2011-03-09,sh.600577,12.4200,12.7900,12.3300,12.7000,12.4600,12366400,156241752.0000,3,4.199402,1,1.926200,34.451133,0.488575,-83.710569,4.402452,0
2011-03-10,sh.600577,12.6500,12.6900,12.1600,12.2000,12.7000,12174854,150521301.0000,3,4.134357,1,-3.937000,33.094789,0.469340,-80.414877,4.229127,0
2011-03-11,sh.600577,12.1000,12.2500,11.9300,11.9600,12.2000,8932988,107765487.0000,3,3.033479,1,-1.967200,32.443744,0.460107,-78.832945,4.145932,0
2011-03-14,sh.600577,11.9800,12.1000,11.8000,12.0500,11.9600,6572231,78640373.0000,3,2.231809,1,0.752500,32.687886,0.463569,-79.426170,4.177130,0
2011-03-15,sh.600577,12.0300,12.0300,11.5500,11.7200,12.0500,7738659,90917132.0000,3,2.627906,1,-2.738600,31.792699,0.450874,-77.251013,4.062736,0
2011-03-16,sh.600577,11.6800,12.0600,11.6800,12.0500,11.7200,7488938,89094239.0000,3,2.543106,1,2.815700,32.687886,0.463569,-79.426170,4.177130,0
2011-03-17,sh.600577,11.9000,12.0700,11.3700,11.6300,12.0500,7437280,87708929.0000,3,2.525564,1,-3.485500,31.548557,0.447412,-76.657789,4.031537,0
2011-03-18,sh.600577,11.7300,11.8500,11.6400,11.7200,11.6300,4117380,48342186.0000,3,1.398187,1,0.773900,31.792699,0.450874,-77.251013,4.062736,0
2011-03-21,sh.600577,11.6900,11.9500,11.6900,11.8200,11.7200,3869809,45779059.0000,3,1.314116,1,0.853200,32.063968,0.454721,-77.910152,4.097401,0
2011-03-22,sh.600577,11.9400,12.0600,11.6500,12.0400,11.8200,6046014,72031429.0000,3,2.053115,1,1.861300,32.660759,0.463185,-79.360256,4.173664,0
2011-03-23,sh.600577,12.0200,12.0900,11.9300,12.0700,12.0400,5262455,63289501.0000,3,1.787033,1,0.249200,32.742140,0.464339,-79.557997,4.184063,0
2011-03-24,sh.600577,12.0500,12.2900,12.0200,12.0600,12.0700,6536499,79486260.0000,3,2.219675,1,-0.082900,32.715013,0.463954,-79.492084,4.180597,0
2011-03-25,sh.600577,12.0600,12.0600,12.0600,12.0600,12.0600,0,0.0000,3,,0,0.000000,32.715013,0.463954,-79.492084,4.180597,0
2011-03-28,sh.600577,12.0600,12.2500,11.8100,11.9300,12.0600,8522571,101933454.0000,3,2.894109,1,-1.077900,32.362364,0.458953,-78.635204,4.135532,0
2011-03-29,sh.600577,11.8300,12.4800,11.8100,12.3300,11.9300,14220093,173631802.0000,3,4.828882,1,3.352900,33.447439,0.474341,-81.271757,4.274192,0
2011-03-30,sh.600577,12.2600,13.1100,12.1600,12.6700,12.3300,20914907,263978197.0000,3,7.102318,1,2.757500,34.369752,0.487421,-83.512827,4.392053,0
2011-03-31,sh.600577,12.5500,12.9700,12.2000,12.3100,12.6700,13679159,171393079.0000,3,4.645191,1,-2.841400,33.393185,0.473572,-81.139929,4.267259,0
2011-04-01,sh.600577,12.1800,12.5400,11.8800,12.1100,12.3100,7034454,84576644.0000,3,2.388771,1,-1.624700,32.850647,0.465878,-79.821653,4.197929,0
2011-04-06,sh.600577,12.1100,12.1100,11.8200,11.8900,12.1100,6571191,78229136.0000,3,2.231456,1,-1.816700,32.253856,0.457414,-78.371548,4.121666,0
2011-04-07,sh.600577,11.8900,12.0100,11.8400,11.9400,11.8900,4303161,51272305.0000,3,1.461274,1,0.420500,32.389490,0.459338,-78.701118,4.138999,0
2011-04-08,sh.600577,11.9400,12.1400,11.8800,12.1200,11.9400,5384973,64596614.0000,3,1.828638,1,1.507500,32.877774,0.466262,-79.887567,4.201396,0
2011-04-11,sh.600577,12.1400,12.1500,11.8000,11.8400,12.1200,6880562,81726451.0000,3,2.336512,1,-2.310200,32.118222,0.455491,-78.041979,4.104334,0
2011-04-12,sh.600577,11.7500,11.8100,11.5100,11.5200,11.8400,7893847,91635078.0000,3,2.680605,1,-2.702700,31.250162,0.443180,-75.932737,3.993406,0
2011-04-13,sh.600577,11.5000,11.7300,11.4800,11.6800,11.5200,3546640,41130869.0000,3,1.204374,1,1.388900,31.684192,0.449335,-76.987358,4.048870,0
2011-04-14,sh.600577,11.7100,11.7400,11.5200,11.5400,11.6800,4099955,47491115.0000,3,1.392269,1,-1.198600,31.304415,0.443949,-76.064564,4.000339,0
2011-04-15,sh.600577,11.5400,11.7800,11.5400,11.7700,11.5400,5305463,62060624.0000,3,1.801638,1,1.993100,31.928334,0.452798,-77.580582,4.080068,0
2011-04-18,sh.600577,11.7600,11.8200,11.5600,11.6600,11.7700,4518660,52649490.0000,3,1.534454,1,-0.934600,31.629938,0.448566,-76.855530,4.041937,0
2011-04-19,sh.600577,11.6500,11.6500,11.2200,11.2800,11.6600,5895996,66861220.0000,3,2.002172,1,-3.259000,30.599117,0.433947,-74.350805,3.910210,0
2011-04-20,sh.600577,11.2400,11.4300,11.2400,11.3900,11.2800,3916699,44383267.0000,3,1.330039,1,0.975200,30.897512,0.438179,-75.075857,3.948341,0
2011-04-21,sh.600577,11.4000,11.4800,11.3200,11.4500,11.3900,4059221,46284146.0000,3,1.378437,1,0.526800,31.060274,0.440487,-75.471340,3.969140,0
2011-04-22,sh.600577,11.4800,11.4800,11.1600,11.1800,11.4500,4589362,51820407.0000,3,1.558463,1,-2.358100,30.327848,0.430100,-73.691666,3.875545,0
2011-04-25,sh.600577,11.2300,11.2700,10.8600,11.0000,11.1800,4720656,51876512.0000,3,1.603048,1,-1.610000,29.803445,0.376517,25.866771,3.688301,0
2011-04-26,sh.600577,11.0000,11.1400,10.9000,11.0900,11.0000,2971505,32680325.0000,3,1.009069,1,0.818200,30.047291,0.379597,26.078409,3.718478,0
2011-04-27,sh.600577,11.1300,11.3000,10.8800,10.9800,11.0900,3898150,43320407.0000,3,1.323740,1,-0.991900,29.749257,0.375832,25.819741,3.681595,0
2011-04-28,sh.600577,11.0200,11.0900,10.4800,10.5100,10.9800,4266276,46025611.0000,3,1.448749,1,-4.280500,28.475837,0.359745,24.714524,3.524004,0
2011-04-29,sh.600577,10.4100,10.7100,10.4000,10.6600,10.5100,1711804,18124943.0000,3,0.581297,1,1.427200,28.882248,0.364879,25.067253,3.574299,0
2011-05-03,sh.600577,10.6600,10.7900,10.6400,10.7800,10.6600,2133066,22869057.0000,3,0.724350,1,1.125700,29.207376,0.368987,25.349436,3.614535,0
2011-05-04,sh.600577,10.7800,10.7800,10.2600,10.3200,10.7800,2580772,26990155.0000,3,0.876383,1,-4.267200,27.961050,0.353241,24.267735,3.460297,0
2011-05-05,sh.600577,10.2800,10.3900,10.2200,10.3200,10.3200,1691206,17429827.0000,3,0.574302,1,0.000000,27.961050,0.353241,24.267735,3.460297,0
2011-05-06,sh.600577,10.2600,10.3500,10.1100,10.3000,10.3200,2245921,22952500.0000,3,0.762674,1,-0.193800,27.906862,0.352557,24.220704,3.453591,0
2011-05-09,sh.600577,10.3100,10.5700,10.3100,10.5100,10.3000,2186377,22908578.0000,3,0.742453,1,2.038800,28.475837,0.359745,24.714524,3.524004,0
2011-05-10,sh.600577,10.5200,10.8100,10.4900,10.7500,10.5100,3380584,36145040.0000,3,1.147984,1,2.283500,29.126094,0.367960,25.278890,3.604476,0
2011-05-11,sh.600577,10.7700,11.2800,10.7500,11.2100,10.7500,8127254,89753474.0000,3,2.759866,1,4.279100,30.372420,0.383705,26.360591,3.758714,0
2011-05-12,sh.600577,11.1900,11.1900,10.8600,10.8900,11.2100,4862025,53682468.0000,3,1.651054,1,-2.854600,29.505410,0.372752,25.608104,3.651418,0
2011-05-13,sh.600577,10.9000,11.1200,10.7100,11.1100,10.8900,3907289,42808242.0000,3,1.326844,1,2.020200,30.101479,0.380282,26.125439,3.725184,0
2011-05-16,sh.600577,11.1000,11.1700,10.9300,10.9800,11.1100,2801292,30949512.0000,3,0.951267,1,-1.170100,29.749257,0.375832,25.819741,3.681595,0
2011-05-17,sh.600577,10.9500,11.0500,10.7600,10.8200,10.9800,2161198,23542140.0000,3,0.733903,1,-1.457200,29.315752,0.370356,25.443497,3.627947,0
2011-05-18,sh.600577,10.7800,10.9500,10.7800,10.8700,10.8200,1971442,21437030.0000,3,0.669465,1,0.462100,29.451222,0.372067,25.561073,3.644712,0
2011-05-19,sh.600577,10.9000,11.1000,10.8800,10.9400,10.8700,2722890,29939046.0000,3,0.924643,1,0.644000,29.640881,0.374463,25.725680,3.668183,0
2011-05-20,sh.600577,11.0400,11.0400,10.7000,10.8500,10.9400,2075512,22386443.0000,3,0.704806,1,-0.822700,29.397034,0.371383,25.514043,3.638006,0
2011-05-23,sh.600577,10.7800,10.8000,10.3300,10.3600,10.8500,2708124,28491948.0000,3,0.919629,1,-4.516100,28.069426,0.354610,24.361796,3.473709,0
2011-05-24,sh.600577,10.2100,10.3200,10.0500,10.2600,10.3600,2180418,22214385.0000,3,0.740430,1,-0.965300,27.798486,0.351188,24.126643,3.440179,0
2011-05-25,sh.600577,10.2500,10.2800,9.7200,9.7600,10.2600,3030698,30304322.0000,3,1.029169,1,-4.873300,26.443784,0.334073,22.950881,3.272529,0
2011-05-26,sh.600577,9.8100,9.9500,9.7100,9.7600,9.7600,2095892,20581146.0000,3,0.711726,1,0.000000,26.443784,0.334073,22.950881,3.272529,0
2011-05-27,sh.600577,9.6500,9.8500,9.4500,9.4600,9.7600,1853014,17761689.0000,3,0.629250,1,-3.073800,25.630963,0.323805,22.245423,3.171939,0
2011-05-30,sh.600577,9.4600,9.5500,9.2500,9.3100,9.4600,1666299,15621511.0000,3,0.565845,1,-1.585600,25.224552,0.318670,21.892695,3.121644,0
2011-05-31,sh.600577,9.3800,9.7600,9.3200,9.7100,9.3100,2556435,24421043.0000,3,0.868118,1,4.296500,26.308314,0.332362,22.833304,3.255764,0
2011-06-01,sh.600577,9.7200,9.8100,9.6400,9.7500,9.7100,1635442,15941326.0000,3,0.555366,1,0.411900,26.416690,0.333731,22.927365,3.269176,0
2011-06-02,sh.600577,9.6800,9.6900,9.4000,9.6100,9.7500,1938325,18525034.0000,3,0.658220,1,-1.435900,26.037373,0.328939,22.598152,3.222234,0
2011-06-03,sh.600577,9.5800,10.0600,9.5600,10.0400,9.6100,3484743,34673476.0000,3,1.183355,1,4.474500,27.202417,0.343657,23.609308,3.366413,0
2011-06-07,sh.600577,10.0300,10.2300,9.9000,10.1000,10.0400,1886805,19078000.0000,3,0.640724,1,0.597600,27.364981,0.345711,23.750399,3.386531,0
2011-06-08,sh.600577,10.0500,10.1900,9.8700,10.0200,10.1000,1944945,19413737.0000,3,0.660468,1,-0.792100,27.148229,0.342973,23.562277,3.359707,0
2011-06-09,sh.600577,10.0200,10.0200,9.7000,9.7100,10.0200,2276924,22387407.0000,3,0.773202,1,-3.093800,26.308314,0.332362,22.833304,3.255764,0
2011-06-10,sh.600577,9.7100,9.9100,9.4900,9.9000,9.7100,1740764,16870551.0000,3,0.591131,1,1.956700,26.823100,0.338865,23.280094,3.319471,0
2011-06-13,sh.600577,9.8100,10.1800,9.7000,10.0300,9.9000,1790844,17868350.0000,3,0.608138,1,1.313100,27.175323,0.343315,23.585792,3.363060,0
2011-06-14,sh.600577,9.8900,10.2200,9.8900,10.1900,10.0300,2448525,24881043.0000,3,0.831474,1,1.595200,27.608828,0.348792,23.962036,3.416708,0
2011-06-15,sh.600577,10.1700,10.2300,10.0100,10.0800,10.1900,1370960,13867852.0000,3,0.465553,1,-1.079500,27.310793,0.345026,23.703369,3.379825,0
2011-06-16,sh.600577,10.0000,10.2100,9.9500,10.1300,10.0800,2147824,21677660.0000,3,0.729362,1,0.496000,27.446263,0.346738,23.820945,3.396590,0
2011-06-17,sh.600577,10.1100,10.1100,9.7300,9.7500,10.1300,2048987,20323527.0000,3,0.695798,1,-3.751200,26.416690,0.333731,22.927365,3.269176,0
2011-06-20,sh.600577,9.7300,9.9600,9.2500,9.3700,9.7500,3099345,29543162.0000,3,1.052481,1,-3.897400,25.387116,0.320724,22.033786,3.141762,0
2011-06-21,sh.600577,9.4500,9.5500,9.4100,9.5400,9.3700,1073107,10176117.0000,3,0.364407,1,1.814300,25.847715,0.326543,22.433545,3.198763,0
2011-06-22,sh.600577,9.6300,9.7400,9.4600,9.5600,9.5400,1417941,13561937.0000,3,0.481507,1,0.209600,25.901903,0.327227,22.480576,3.205469,0
2011-06-23,sh.600577,9.4200,9.8000,9.4200,9.7700,9.5600,1838586,17820609.0000,3,0.624350,1,2.196700,26.470878,0.334415,22.974396,3.275882,0
2011-06-24,sh.600577,9.6900,10.4500,9.6900,10.0800,9.7700,5384487,54592392.0000,3,1.828473,1,3.173000,27.310793,0.345026,23.703369,3.379825,0
2011-06-27,sh.600577,10.1500,10.2500,10.0300,10.1900,10.0800,3359022,34098554.0000,3,1.140662,1,1.091300,27.608828,0.348792,23.962036,3.416708,0
2011-06-28,sh.600577,10.1800,10.3100,10.0600,10.3000,10.1900,2659459,27140912.0000,3,0.903103,1,1.079500,27.906862,0.352557,24.220704,3.453591,0
2011-06-29,sh.600577,10.2500,10.3700,10.1500,10.1600,10.3000,2288032,23468845.0000,3,0.776974,1,-1.359200,27.527546,0.347765,23.891491,3.406649,0
2011-06-30,sh.600577,10.1000,10.4000,10.1000,10.3900,10.1600,3535901,36482230.0000,3,1.200727,1,2.263800,28.150708,0.355637,24.432341,3.483768,0
2011-07-01,sh.600577,10.3300,10.5300,10.3000,10.3700,10.3900,3883045,40474450.0000,3,1.318611,1,-0.192500,28.096520,0.354953,24.385311,3.477062,0
2011-07-04,sh.600577,10.4200,10.9100,10.4200,10.8400,10.3700,6459559,69392646.0000,3,2.193548,1,4.532300,29.369940,0.371040,25.490527,3.634653,0
2011-07-05,sh.600577,10.8500,11.1600,10.7500,11.0400,10.8400,6490901,71405187.0000,3,2.204191,1,1.845000,29.911821,0.377886,25.960832,3.701713,0
2011-07-06,sh.600577,11.0000,11.2700,10.8100,11.2200,11.0400,4273918,47326495.0000,3,1.451344,1,1.630400,37.221742,0.470235,32.305201,4.606346,0
2011-07-07,sh.600577,11.1400,11.4900,11.0600,11.0700,11.2200,6530083,73465269.0000,3,2.217496,1,-1.336900,36.724125,0.463948,31.873313,4.544764,0
2011-07-08,sh.600577,10.9500,11.2300,10.9200,11.0700,11.0700,3562407,39535409.0000,3,1.209728,1,0.000000,36.724125,0.463948,31.873313,4.544764,0
2011-07-11,sh.600577,11.0600,11.1500,10.8200,11.1200,11.0700,4159858,45667693.0000,3,1.412611,1,0.451700,36.889997,0.466044,32.017276,4.565291,0
2011-07-12,sh.600577,11.0300,11.2700,10.8800,11.1800,11.1200,6225491,69343319.0000,3,2.114062,1,0.539600,37.089044,0.468558,32.190031,4.589924,0
2011-07-13,sh.600577,11.1200,11.5800,11.1200,11.4900,11.1800,5953301,68041742.0000,3,2.021632,1,2.772800,38.117452,0.481551,33.082599,4.717194,0
2011-07-14,sh.600577,11.3800,11.5500,11.3500,11.4700,11.4900,4503275,51450890.0000,3,1.529229,1,-0.174100,38.051103,0.480712,33.025014,4.708983,0
2011-07-15,sh.600577,11.4700,11.4800,11.2600,11.4500,11.4700,3481203,39554105.0000,3,1.182153,1,-0.174400,37.984754,0.479874,32.967429,4.700772,0
2011-07-18,sh.600577,11.3800,11.6400,11.3800,11.4900,11.4500,3932888,45298196.0000,3,1.335537,1,0.349300,38.117452,0.481551,33.082599,4.717194,0
2011-07-19,sh.600577,11.4900,11.7000,11.3800,11.5500,11.4900,5177636,59881930.0000,3,1.758230,1,0.522200,38.316499,0.484065,33.255354,4.741827,0
2011-07-20,sh.600577,11.5800,11.6600,11.3300,11.3700,11.5500,2852488,32584649.0000,3,0.968653,1,-1.558400,37.719358,0.476521,32.737089,4.667928,0
2011-07-21,sh.600577,11.3400,11.6500,11.2600,11.2800,11.3700,3339176,38261209.0000,3,1.133923,1,-0.791600,37.420788,0.472749,32.477956,4.630979,0
2011-07-22,sh.600577,11.3300,11.5500,11.1300,11.3800,11.2800,2971772,33800995.0000,3,1.009159,1,0.886500,37.752533,0.476940,32.765881,4.672034,0
2011-07-25,sh.600577,11.2800,11.3700,10.9100,10.9800,11.3800,4627903,51173098.0000,3,1.571551,1,-3.514900,36.425555,0.460176,31.614181,4.507815,0
2011-07-26,sh.600577,10.9200,11.2000,10.8600,11.1700,10.9800,1884793,20843452.0000,3,0.640041,1,1.730400,37.055869,0.468139,32.161238,4.585819,0
2011-07-27,sh.600577,11.1700,11.1700,11.1700,11.1700,11.1700,0,0.0000,3,,0,0.000000,37.055869,0.468139,32.161238,4.585819,0
2011-07-28,sh.600577,11.2300,11.2300,10.9000,11.0100,11.1700,1527788,16877246.0000,3,0.518809,1,-1.432400,36.525078,0.461434,31.700558,4.520131,0
2011-07-29,sh.600577,11.0800,11.5600,10.9800,11.1500,11.0100,2235271,24962168.0000,3,0.759057,1,1.271600,36.989520,0.467301,32.103653,4.577608,0
2011-08-01,sh.600577,11.0200,11.3800,11.0200,11.2300,11.1500,1557083,17539840.0000,3,0.528757,1,0.717500,37.254916,0.470654,32.333993,4.610452,0
2011-08-02,sh.600577,11.1200,11.2400,11.0000,11.1400,11.2300,1562809,17333250.0000,3,0.530701,1,-0.801400,36.956346,0.466882,32.074861,4.573502,0
2011-08-03,sh.600577,11.0900,11.3000,11.0100,11.2000,11.1400,1459010,16371037.0000,3,0.495453,1,0.538600,37.155393,0.469397,32.247616,4.598135,0
2011-08-04,sh.600577,11.1800,11.4600,11.1800,11.3600,11.2000,2711515,30851541.0000,3,0.920781,1,1.428600,37.686184,0.476102,32.708296,4.663823,0
2011-08-05,sh.600577,11.0300,11.1800,10.9000,11.0200,11.3600,2291446,25319387.0000,3,0.778133,1,-2.993000,36.558252,0.461853,31.729351,4.524237,0
2011-08-08,sh.600577,10.9400,11.1600,10.5400,11.0200,11.0200,5619990,61066237.0000,3,1.908445,1,0.000000,36.558252,0.461853,31.729351,4.524237,0
2011-08-09,sh.600577,10.6000,11.0000,10.5000,10.7900,11.0200,2837113,30657709.0000,3,0.963431,1,-2.087100,34.803915,0.420421,5.924301,2.587353,0
2011-08-10,sh.600577,10.9500,11.0500,10.7000,10.7300,10.7900,2192247,23909009.0000,3,0.744447,1,-0.556100,34.610381,0.418083,5.891357,2.572966,0
2011-08-11,sh.600577,10.6000,10.8700,10.5100,10.8100,10.7300,1778588,19151567.0000,3,0.603976,1,0.745600,34.868427,0.421201,5.935282,2.592149,0
2011-08-12,sh.600577,10.8800,11.1200,10.8800,10.9500,10.8100,1790705,19687443.0000,3,0.608091,1,1.295100,35.320007,0.426656,6.012150,2.625720,0
2011-08-15,sh.600577,11.0000,11.2800,10.9100,11.2700,10.9500,2743195,30567443.0000,3,0.931539,1,2.922400,36.352190,0.439124,6.187847,2.702453,0
2011-08-16,sh.600577,11.3000,11.5700,11.2200,11.3200,11.2700,4417981,50320823.0000,3,1.500265,1,0.443700,36.513468,0.441072,6.215300,2.714443,0
2011-08-17,sh.600577,11.3300,11.3900,11.1500,11.2000,11.3200,2377681,26681720.0000,3,0.807417,1,-1.060100,36.126400,0.436397,6.149413,2.685668,0
2011-08-18,sh.600577,11.2500,11.3100,11.0600,11.0600,11.2000,2295472,25657071.0000,3,0.779500,1,-1.250000,35.674820,0.430942,6.072546,2.652097,0
2011-08-19,sh.600577,10.8500,10.9200,10.6500,10.7200,11.0600,2350751,25295249.0000,3,0.798272,1,-3.074100,34.578125,0.417694,5.885867,2.570568,0
2011-08-22,sh.600577,10.7400,10.8500,10.3500,10.5800,10.7200,5500199,58096988.0000,3,1.867767,1,-1.306000,34.126545,0.412239,5.808999,2.536997,0
2011-08-23,sh.600577,10.6100,10.7400,10.4700,10.7200,10.5800,1271097,13525010.0000,3,0.431641,1,1.323300,34.578125,0.417694,5.885867,2.570568,0
2011-08-24,sh.600577,10.7900,10.8000,10.5600,10.5800,10.7200,854901,9156070.0000,3,0.290309,1,-1.306000,34.126545,0.412239,5.808999,2.536997,0
2011-08-25,sh.600577,10.7600,10.8500,10.5600,10.8100,10.5800,1132637,12164050.0000,3,0.384623,1,2.173900,34.868427,0.421201,5.935282,2.592149,0
2011-08-26,sh.600577,10.7800,10.8500,10.7200,10.8400,10.8100,1063834,11488697.0000,3,0.361258,1,0.277518,34.965194,0.422369,5.951754,2.599343,0
2011-08-29,sh.600577,10.8000,10.8600,10.5800,10.5800,10.8400,1423711,15228905.0000,3,0.483466,1,-2.398500,34.126545,0.412239,5.808999,2.536997,0
2011-08-30,sh.600577,10.6200,10.7700,10.5100,10.5100,10.5800,957196,10170887.0000,3,0.325046,1,-0.661600,33.900755,0.409511,5.770565,2.520211,0
2011-08-31,sh.600577,10.5100,10.5900,10.3700,10.4800,10.5100,929271,9728742.0000,3,0.315563,1,-0.285400,33.803988,0.408342,5.754094,2.513018,0
2011-09-01,sh.600577,10.6000,10.6600,10.3800,10.3900,10.4800,881242,9213576.0000,3,0.299254,1,-0.858800,33.513687,0.404836,5.704679,2.491436,0
2011-09-02,sh.600577,10.3900,10.5000,10.2000,10.4500,10.3900,1299510,13432096.0000,3,0.441290,1,0.577500,33.707221,0.407174,5.737622,2.505824,0
2011-09-05,sh.600577,10.3500,10.3500,10.0900,10.1000,10.4500,968170,9857078.0000,3,0.328773,1,-3.349300,32.578271,0.393536,5.545453,2.421897,0
2011-09-06,sh.600577,10.1000,10.2000,9.9500,10.1900,10.1000,1108822,11161947.0000,3,0.376536,1,0.891100,32.868572,0.397043,5.594868,2.443478,0
2011-09-07,sh.600577,10.1900,10.3100,10.1600,10.2900,10.1900,1223185,12545379.0000,3,0.415371,1,0.981400,33.191130,0.400939,5.649773,2.467457,0
2011-09-08,sh.600577,10.3500,10.4000,10.0500,10.1000,10.2900,912091,9346788.0000,3,0.309729,1,-1.846449,32.578271,0.393536,5.545453,2.421897,0
2011-09-09,sh.600577,10.0200,10.1400,10.0200,10.0600,10.1000,642043,6466666.0000,3,0.218026,1,-0.396000,32.449248,0.391978,5.523491,2.412305,0
2011-09-13,sh.600577,9.9600,10.2000,9.9100,10.1100,10.0600,863740,8693069.0000,3,0.293310,1,0.497000,32.610527,0.393926,5.550944,2.424295,0
2011-09-14,sh.600577,10.1200,10.4100,10.1100,10.4100,10.1100,1362476,13903769.0000,3,0.462672,1,2.967400,33.578198,0.405615,5.715660,2.496232,0
2011-09-15,sh.600577,10.4000,10.4500,10.2700,10.2900,10.4100,680221,7046157.0000,3,0.230991,1,-1.152700,33.191130,0.400939,5.649773,2.467457,0
2011-09-16,sh.600577,10.3000,10.4200,10.1600,10.1900,10.2900,482769,4954783.0000,3,0.163939,1,-0.971800,32.868572,0.397043,5.594868,2.443478,0
2011-09-19,sh.600577,10.1800,10.2000,9.7800,10.0100,10.1900,575258,5767002.0000,3,0.195347,1,-1.766400,32.287970,0.390029,5.496038,2.400315,0
2011-09-20,sh.600577,10.0000,10.0400,9.6800,9.7300,10.0100,2033699,19919206.0000,3,0.690607,1,-2.797200,31.384810,0.379119,5.342303,2.333174,0
2011-09-21,sh.600577,9.7200,10.0500,9.6500,10.0100,9.7300,1574922,15573331.0000,3,0.534815,1,2.877700,32.287970,0.390029,5.496038,2.400315,0
2011-09-22,sh.600577,9.9900,9.9900,9.6800,9.7000,10.0100,1095169,10737894.0000,3,0.371899,1,-3.096900,31.288042,0.377951,5.325831,2.325980,0
2011-09-23,sh.600577,9.5000,9.7100,9.4800,9.6800,9.7000,810129,7785652.0000,3,0.275105,1,-0.206200,31.223531,0.377171,5.314850,2.321184,0
2011-09-26,sh.600577,9.6800,9.7600,9.5200,9.5600,9.6800,475985,4569652.0000,3,0.161636,1,-1.239700,30.836463,0.372496,5.248963,2.292409,0
2011-09-27,sh.600577,9.6600,9.6800,9.4300,9.4700,9.5600,1505650,14381215.0000,3,0.511291,1,-0.941400,30.546161,0.368989,5.199549,2.270828,0
2011-09-28,sh.600577,9.6000,9.6000,9.4600,9.5400,9.4700,1023062,9747357.0000,3,0.347413,1,0.739200,30.771951,0.371716,5.237982,2.287613,0
2011-09-29,sh.600577,9.5000,9.5500,9.2100,9.5400,9.5400,1014089,9524078.0000,3,0.344366,1,0.000000,30.771951,0.371716,5.237982,2.287613,0
2011-09-30,sh.600577,9.6000,9.6000,9.4000,9.5000,9.5400,445675,4232518.0000,3,0.151343,1,-0.419300,30.642928,0.370158,5.216020,2.278022,0
2011-10-10,sh.600577,9.5500,9.6000,9.3700,9.5000,9.5000,518583,4918257.0000,3,0.176101,1,0.000000,30.642928,0.370158,5.216020,2.278022,0
2011-10-11,sh.600577,9.6500,9.7800,9.3800,9.4900,9.5000,635731,6084717.0000,3,0.215883,1,-0.105300,30.610673,0.369768,5.210530,2.275624,0
2011-10-12,sh.600577,9.5200,10.2500,9.3900,10.1000,9.4900,2127088,20849083.0000,3,0.722320,1,6.427800,32.578271,0.393536,5.545453,2.421897,0
2011-10-13,sh.600577,10.0100,10.1500,9.9000,10.0400,10.1000,1284609,12903739.0000,3,0.436230,1,-0.594100,32.384737,0.391198,5.512510,2.407509,0
2011-10-14,sh.600577,9.9800,10.0500,9.8200,9.9100,10.0400,753582,7464006.0000,3,0.255903,1,-1.294800,31.965412,0.386133,5.441133,2.376336,0
2011-10-17,sh.600577,9.7800,10.0300,9.7800,9.8900,9.9100,583965,5793714.0000,3,0.198304,1,-0.201800,31.900901,0.385354,5.430151,2.371540,0
2011-10-18,sh.600577,9.8400,9.8500,9.6500,9.6600,9.8900,534831,5213979.0000,3,0.181619,1,-2.325600,31.159020,0.376392,5.303869,2.316388,0
2011-10-19,sh.600577,9.6800,9.7300,9.5000,9.5300,9.6600,512601,4917200.0000,3,0.174070,1,-1.345800,30.739695,0.371327,5.232492,2.285215,0
2011-10-20,sh.600577,9.4500,9.5100,9.3200,9.4800,9.5300,870920,8188764.0000,3,0.295748,1,-0.524700,30.578417,0.369378,5.205039,2.273226,0
2011-10-21,sh.600577,9.3300,9.5000,9.3300,9.4700,9.4800,466119,4382854.0000,3,0.158285,1,-0.105500,30.546161,0.368989,5.199549,2.270828,0
2011-10-24,sh.600577,9.5100,9.6500,9.3500,9.5000,9.4700,573081,5449046.0000,3,0.194608,1,0.316800,30.642928,0.370158,5.216020,2.278022,0
2011-10-25,sh.600577,9.5300,9.8200,9.5200,9.7800,9.5000,1204327,11712895.0000,3,0.408967,1,2.947400,30.978549,0.377294,21.893472,2.298442,0
2011-10-26,sh.600577,9.7800,9.9700,9.7600,9.8200,9.7800,1120899,11036970.0000,3,0.380637,1,0.409000,31.105251,0.378838,21.983016,2.307843,0
2011-10-27,sh.600577,9.8200,9.9200,9.7500,9.8400,9.8200,851213,8372510.0000,3,0.289056,1,0.203700,31.168602,0.379609,22.027788,2.312543,0
2011-10-28,sh.600577,9.9200,10.0200,9.8400,9.9500,9.8400,1351780,13404097.0000,3,0.459040,1,1.117900,31.517031,0.383853,22.274033,2.338395,0
2011-10-31,sh.600577,9.9800,10.0600,9.8700,9.9200,9.9500,728697,7250503.0000,3,0.247452,1,-0.301500,31.422005,0.382695,22.206875,2.331345,0
2011-11-01,sh.600577,9.9000,9.9600,9.7900,9.8700,9.9200,854788,8420819.0000,3,0.290270,1,-0.504000,31.263628,0.380767,22.094946,2.319594,0
2011-11-02,sh.600577,9.7700,9.9500,9.6900,9.9400,9.8700,1221667,11978259.0000,3,0.414856,1,0.709200,31.485356,0.383467,22.251647,2.336045,0
2011-11-03,sh.600577,9.9400,10.1100,9.9000,9.9600,9.9400,1720736,17255813.0000,3,0.584330,1,0.201200,31.548707,0.384239,22.296419,2.340745,0
2011-11-04,sh.600577,9.9700,10.0900,9.9100,10.0000,9.9600,1401816,14006966.0000,3,0.476031,1,0.401600,31.675408,0.385782,22.385963,2.350146,0
2011-11-07,sh.600577,9.9900,10.1900,9.9200,9.9600,10.0000,1661463,16690176.0000,3,0.564202,1,-0.400000,31.548707,0.384239,22.296419,2.340745,0
2011-11-08,sh.600577,9.9100,10.0000,9.8300,9.8600,9.9600,685350,6807503.0000,3,0.232732,1,-1.004000,31.231953,0.380381,22.072560,2.317244,0
2011-11-09,sh.600577,9.8800,9.9900,9.8100,9.9900,9.8600,973584,9651006.0000,3,0.330611,1,1.318500,31.643733,0.385396,22.363577,2.347796,0
2011-11-10,sh.600577,9.9000,9.9900,9.8200,9.8500,9.9900,794435,7833376.0000,3,0.269776,1,-1.401400,31.200277,0.379995,22.050174,2.314894,0
2011-11-11,sh.600577,10.3000,10.3500,9.9600,9.9900,9.8500,1497511,15085117.0000,3,0.508527,1,1.421300,31.643733,0.385396,22.363577,2.347796,0
2011-11-14,sh.600577,10.0900,10.8500,9.1500,10.6500,9.9900,6524073,68694267.0000,3,2.215455,1,6.606600,33.734310,0.410857,23.841051,2.502905,0
2011-11-15,sh.600577,10.5100,10.7800,10.4000,10.6300,10.6500,4265646,45260625.0000,3,1.448535,1,-0.187800,33.670959,0.410086,23.796279,2.498205,0
2011-11-16,sh.600577,10.6300,10.6800,10.3700,10.3800,10.6300,2146166,22476324.0000,3,0.728799,1,-2.351800,32.879074,0.400441,23.236630,2.439451,0
2011-11-17,sh.600577,10.3600,10.4700,10.2300,10.2700,10.3800,1151558,11886706.0000,3,0.391048,1,-1.059700,32.530644,0.396198,22.990384,2.413600,0
2011-11-18,sh.600577,10.2500,10.2600,9.9800,10.0100,10.2700,1388170,14026491.0000,3,0.471397,1,-2.531600,31.707084,0.386167,22.408349,2.352496,0
2011-11-21,sh.600577,10.0400,10.0800,9.9300,10.0500,10.0100,719561,7190407.0000,3,0.244350,1,0.399600,31.833785,0.387711,22.497893,2.361896,0
2011-11-22,sh.600577,10.0400,10.0900,9.9300,10.0800,10.0500,1121665,11265454.0000,3,0.380897,1,0.298500,31.928812,0.388868,22.565051,2.368947,0
2011-11-23,sh.600577,10.0800,10.1800,9.9900,10.0000,10.0800,769954,7774206.0000,3,0.261462,1,-0.793700,31.675408,0.385782,22.385963,2.350146,0
2011-11-24,sh.600577,9.8700,10.0300,9.8100,9.9600,10.0000,837114,8328670.0000,3,0.284269,1,-0.400000,31.548707,0.384239,22.296419,2.340745,0
2011-11-25,sh.600577,9.9200,10.0000,9.8000,9.8300,9.9600,845100,8345002.0000,3,0.286980,1,-1.305200,31.136926,0.379223,22.005402,2.310193,0
2011-11-28,sh.600577,9.8300,9.9700,9.8300,9.8800,9.8300,502030,4971816.0000,3,0.170480,1,0.508600,31.295304,0.381152,22.117332,2.321944,0
2011-11-29,sh.600577,9.9700,10.0500,9.9000,10.0400,9.8800,814188,8117735.0000,3,0.276483,1,1.619400,31.802110,0.387325,22.475507,2.359546,0
2011-11-30,sh.600577,9.9900,10.0300,9.5000,9.6300,10.0400,1105527,10784548.0000,3,0.375417,1,-4.083700,30.503418,0.371508,21.557682,2.263190,0
2011-12-01,sh.600577,9.9000,9.9400,9.6500,9.6600,9.6300,1510381,14828964.0000,3,0.512898,1,0.311500,30.598445,0.372665,21.624840,2.270241,0
2011-12-02,sh.600577,9.6500,9.7100,9.2100,9.4000,9.6600,994900,9436397.0000,3,0.337850,1,-2.691500,29.774884,0.362635,21.042805,2.209137,0
2011-12-05,sh.600577,9.4000,9.5200,9.2700,9.4800,9.4000,616473,5771937.0000,3,0.209343,1,0.851100,30.028287,0.365721,21.221893,2.227938,0
2011-12-06,sh.600577,9.4800,9.5300,9.3500,9.5100,9.4800,445149,4205702.0000,3,0.151164,1,0.316500,30.123313,0.366878,21.289051,2.234989,0
2011-12-07,sh.600577,9.4200,9.5500,9.4200,9.4400,9.5100,220900,2090734.0000,3,0.075014,1,-0.736100,29.901586,0.364178,21.132349,2.218538,0
2011-12-08,sh.600577,9.5000,9.5000,9.2500,9.3600,9.4400,635183,5948781.0000,3,0.215696,1,-0.847500,29.648182,0.361092,20.953261,2.199736,0
2011-12-09,sh.600577,9.3500,9.5000,9.2300,9.4900,9.3600,830050,7753275.0000,3,0.281870,1,1.388900,30.059963,0.366107,21.244279,2.230288,0
2011-12-12,sh.600577,9.4800,9.4800,9.2500,9.3900,9.4900,858590,8005181.0000,3,0.291561,1,-1.053700,29.743208,0.362249,21.020419,2.206787,0
2011-12-13,sh.600577,9.3600,9.4400,9.1800,9.3900,9.3900,1150903,10729084.0000,3,0.390826,1,0.000000,29.743208,0.362249,21.020419,2.206787,0
2011-12-14,sh.600577,9.2600,9.4000,9.1900,9.2000,9.3900,573443,5318748.0000,3,0.194731,1,-2.023400,29.141376,0.354919,20.595086,2.162134,0
2011-12-15,sh.600577,9.1800,9.2700,8.3500,8.9600,9.2000,3481761,31370546.0000,3,1.182342,1,-2.608700,28.381166,0.345660,20.057823,2.105731,0
2011-12-16,sh.600577,9.0300,9.0700,8.8500,8.9900,8.9600,1106673,9904505.0000,3,0.375806,1,0.334800,28.476192,0.346818,20.124981,2.112781,0
2011-12-19,sh.600577,8.9500,8.9600,8.5100,8.7600,8.9900,1231629,10660179.0000,3,0.418239,1,-2.558400,27.747658,0.337945,19.610104,2.058728,0
2011-12-20,sh.600577,8.7500,8.7500,8.2700,8.3100,8.7600,3401394,28673001.0000,3,1.155051,1,-5.137000,26.322264,0.320585,18.602735,1.952971,0
2011-12-21,sh.600577,8.3900,8.3900,8.0400,8.1200,8.3100,3592919,29131084.0000,3,1.220089,1,-2.286400,25.720432,0.313255,18.177402,1.908318,0
2011-12-22,sh.600577,8.0100,8.0100,7.6500,7.8300,8.1200,3016804,23662895.0000,3,1.024451,1,-3.571400,24.801845,0.302067,17.528209,1.840164,0
2011-12-23,sh.600577,7.8300,8.3800,7.7300,8.2800,7.8300,4072298,33005454.0000,3,1.382878,1,5.747100,26.227238,0.319427,18.535577,1.945921,0
2011-12-26,sh.600577,8.2000,8.5600,8.1800,8.4200,8.2800,1952015,16446184.0000,3,0.662868,1,1.690800,26.670694,0.324828,18.848981,1.978823,0
2011-12-27,sh.600577,8.3800,8.5700,8.2700,8.4800,8.4200,2178146,18493462.0000,3,0.739658,1,0.712600,26.860746,0.327143,18.983297,1.992924,0
2011-12-28,sh.600577,8.4100,8.9900,8.4100,8.9600,8.4800,4706018,41365859.0000,3,1.598077,1,5.660400,28.381166,0.345660,20.057823,2.105731,0
2011-12-29,sh.600577,8.8900,9.1500,8.7600,8.9900,8.9600,2081587,18655845.0000,3,0.706869,1,0.334800,28.476192,0.346818,20.124981,2.112781,0
2011-12-30,sh.600577,8.9100,9.2600,8.9000,9.2400,8.9900,4053991,36950366.0000,3,1.376661,1,2.780900,29.268077,0.356462,20.684630,2.171535,0
2012-01-04,sh.600577,9.1000,9.2000,8.7700,8.8000,9.2400,1554601,13939096.0000,3,0.527914,1,-4.761900,27.874359,0.339488,19.699648,2.068128,0
2012-01-05,sh.600577,8.6500,8.8600,8.4300,8.5100,8.8000,1079856,9372530.0000,3,0.366699,1,-3.295500,26.955773,0.328300,19.050455,1.999974,0
2012-01-06,sh.600577,8.4900,8.6800,8.3100,8.6600,8.5100,1126163,9555117.0000,3,0.382424,1,1.762600,27.430904,0.334087,19.386244,2.035226,0
2012-01-09,sh.600577,8.6400,9.0800,8.6400,9.0600,8.6600,1473356,13168442.0000,3,0.500325,1,4.618900,28.697920,0.349518,20.281683,2.129232,0
2012-01-10,sh.600577,9.0500,9.2500,9.0000,9.1900,9.0600,1956348,17909546.0000,3,0.664340,1,1.434900,29.109700,0.354533,20.572700,2.159784,0
2012-01-11,sh.600577,9.1000,9.2200,9.0500,9.1400,9.1900,913126,8328652.0000,3,0.310081,1,-0.544100,28.951323,0.352604,20.460770,2.148033,0
2012-01-12,sh.600577,9.1400,9.4800,9.1000,9.3000,9.1400,1405511,13121254.0000,3,0.477286,1,1.750500,29.458130,0.358777,20.818946,2.185635,0
2012-01-13,sh.600577,9.2000,9.2900,8.9700,9.0900,9.3000,885349,8050049.0000,3,0.300648,1,-2.258100,28.792946,0.350676,20.348840,2.136282,0
2012-01-16,sh.600577,8.8200,9.1600,8.8200,9.0200,9.0900,382798,3472889.0000,3,0.129991,1,-0.770100,28.571218,0.347975,20.192139,2.119831,0
2012-01-17,sh.600577,9.0200,9.4700,9.0200,9.4000,9.0200,1269330,11813781.0000,3,0.431041,1,4.212900,29.774884,0.362635,21.042805,2.209137,0
2012-01-18,sh.600577,9.4000,9.5200,9.2000,9.2100,9.4000,610995,5719973.0000,3,0.207483,1,-2.021300,29.173051,0.355305,20.617472,2.164484,0
2012-01-19,sh.600577,9.2300,9.4000,9.1600,9.2000,9.2100,677680,6291356.0000,3,0.230128,1,-0.108600,29.141376,0.354919,20.595086,2.162134,0
2012-01-20,sh.600577,9.1300,9.3600,9.1300,9.2900,9.2000,996491,9222453.0000,3,0.338390,1,0.978300,29.426454,0.358391,20.796560,2.183285,0
2012-01-30,sh.600577,9.3500,9.4300,9.1800,9.1800,9.2900,425041,3955740.0000,3,0.144336,1,-1.184100,29.078025,0.354148,20.550314,2.157434,0
2012-01-31,sh.600577,9.1600,9.2500,9.1000,9.1800,9.1800,287687,2637618.0000,3,0.097693,1,0.000000,29.078025,0.354148,20.550314,2.157434,0
2012-02-01,sh.600577,9.1500,9.2500,9.1200,9.1700,9.1800,331700,3044587.0000,3,0.112639,1,-0.108900,29.046350,0.353762,20.527928,2.155084,0
2012-02-02,sh.600577,9.2500,9.6000,9.1400,9.4000,9.1700,767284,7162757.0000,3,0.260556,1,2.508200,29.774884,0.362635,21.042805,2.209137,0
2012-02-03,sh.600577,9.3600,9.7600,9.3000,9.6900,9.4000,1946981,18780107.0000,3,0.661159,1,3.085100,30.693471,0.373822,21.691998,2.277291,0
2012-02-06,sh.600577,9.7800,10.0000,9.6900,9.9700,9.6900,3016673,29824037.0000,3,1.024407,1,2.889600,31.580382,0.384624,22.318805,2.343095,0
2012-02-07,sh.600577,9.9600,10.2300,9.8100,9.9900,9.9700,4656250,46899205.0000,3,1.581177,1,0.200600,31.643733,0.385396,22.363577,2.347796,0
2012-02-08,sh.600577,9.9200,10.2000,9.9100,10.1500,9.9900,1795317,18126223.0000,3,0.609657,1,1.601600,32.150540,0.391568,22.721753,2.385398,0
2012-02-09,sh.600577,10.1500,10.2900,10.0700,10.1700,10.1500,1751007,17774369.0000,3,0.594610,1,0.197000,32.213890,0.392340,22.766524,2.390098,0
2012-02-10,sh.600577,10.2200,10.2600,10.0100,10.0400,10.1700,1610598,16346785.0000,3,0.546930,1,-1.278300,31.802110,0.387325,22.475507,2.359546,0
2012-02-13,sh.600577,9.9900,10.2900,9.9300,10.2500,10.0400,1416624,14422701.0000,3,0.481059,1,2.091600,32.467294,0.395426,22.945612,2.408899,0
2012-02-14,sh.600577,10.2000,10.2600,10.0700,10.1500,10.2500,1206470,12256598.0000,3,0.409695,1,-0.975600,32.150540,0.391568,22.721753,2.385398,0
2012-02-15,sh.600577,10.1400,10.6300,10.1400,10.4600,10.1500,3642311,38161716.0000,3,1.236862,1,3.054200,33.132477,0.403528,23.415717,2.458252,0
2012-02-16,sh.600577,10.4900,10.6200,10.3200,10.3900,10.4600,1575811,16517134.0000,3,0.535116,1,-0.669200,32.910749,0.400827,23.259016,2.441801,0
2012-02-17,sh.600577,10.4000,10.6000,10.2700,10.5900,10.3900,2567094,26767457.0000,3,0.871738,1,1.924900,33.544258,0.408543,23.706735,2.488804,0
2012-02-20,sh.600577,10.6500,10.9700,10.5900,10.6900,10.5900,2796585,30085581.0000,3,0.949669,1,0.944300,33.861012,0.412401,23.930595,2.512306,0
2012-02-21,sh.600577,10.6000,10.9700,10.6000,10.8800,10.6900,2198436,23894785.0000,3,0.746548,1,1.777400,34.462844,0.419730,24.355928,2.556959,0
2012-02-22,sh.600577,10.9000,11.0600,10.8100,10.9400,10.8800,2858206,31318311.0000,3,0.970594,1,0.551500,34.652897,0.422045,24.490244,2.571059,0
2012-02-23,sh.600577,11.0000,11.1000,10.8400,10.9100,10.9400,2734119,29985416.0000,3,0.928457,1,-0.274200,34.557871,0.420888,24.423086,2.564009,0
2012-02-24,sh.600577,10.9100,11.0900,10.8300,10.9400,10.9100,3928938,43190312.0000,3,1.334195,1,0.275000,34.652897,0.422045,24.490244,2.571059,0
2012-02-27,sh.600577,10.9400,11.0500,10.6800,10.8600,10.9400,5421555,58825169.0000,3,1.841061,1,-0.731300,34.399494,0.418959,24.311156,2.552258,0
2012-02-28,sh.600577,10.8600,10.8600,10.8600,10.8600,10.8600,0,0.0000,3,,0,0.000000,36.044221,0.407724,10.846097,2.546543,0
2012-02-29,sh.600577,10.9000,11.1000,10.3800,10.4800,10.8600,9300292,100633018.0000,3,3.158208,1,-3.499100,34.783005,0.393457,10.466584,2.457437,0
2012-03-01,sh.600577,10.4500,10.6400,10.3100,10.5400,10.4800,3852174,40405515.0000,3,1.308128,1,0.572500,34.982145,0.395710,10.526507,2.471506,0
2012-03-02,sh.600577,10.5200,10.8600,10.5200,10.7900,10.5400,4067919,43622500.0000,3,1.381391,1,2.371900,35.811892,0.405096,10.776187,2.530128,0
2012-03-05,sh.600577,10.8300,11.2700,10.7500,11.2000,10.7900,6514676,71877252.0000,3,2.212264,1,3.799800,37.172677,0.420489,11.185662,2.626269,0
2012-03-06,sh.600577,11.1600,11.2800,11.0500,11.1900,11.2000,5006995,56093156.0000,3,1.700284,1,-0.089300,37.139487,0.420113,11.175675,2.623924,0
2012-03-07,sh.600577,11.0900,11.2200,10.8200,10.9100,11.1900,4374313,48174663.0000,3,1.485436,1,-2.502200,36.210171,0.409601,10.896033,2.558267,0
2012-03-08,sh.600577,10.9000,11.0800,10.8600,10.9900,10.9100,3080793,33871098.0000,3,1.046181,1,0.733300,36.475690,0.412604,10.975931,2.577026,0
2012-03-09,sh.600577,11.0000,11.2900,11.0000,11.2100,10.9900,3414384,38135365.0000,3,1.159462,1,2.001800,37.205867,0.420864,11.195649,2.628613,0
2012-03-12,sh.600577,11.3000,11.5700,11.2400,11.5100,11.2100,4729791,53991175.0000,3,1.606150,1,2.676200,38.201564,0.432127,11.495265,2.698960,0
2012-03-13,sh.600577,11.5100,11.5600,11.3500,11.4900,11.5100,3223929,36869833.0000,3,1.094787,1,-0.173800,38.135184,0.431376,11.475291,2.694270,0
2012-03-14,sh.600577,11.5400,12.3400,11.0000,11.4500,11.4900,13321756,157478753.0000,3,4.523824,1,-0.348100,38.002425,0.429875,11.435342,2.684891,0
2012-03-15,sh.600577,11.3900,12.1300,11.3800,11.8300,11.4500,13849624,164276306.0000,3,4.703078,1,3.318800,39.263640,0.444141,11.814855,2.773996,0
2012-03-16,sh.600577,11.7800,12.3500,11.6100,12.3300,11.8300,11382880,136344634.0000,3,3.865417,1,4.226500,40.923135,0.462913,12.314215,2.891240,0
2012-03-19,sh.600577,12.3500,12.4200,12.0200,12.2600,12.3300,6828830,83266645.0000,3,2.318945,1,-0.567700,40.690806,0.460285,12.244305,2.874826,0
2012-03-20,sh.600577,12.2600,12.2600,12.2600,12.2600,12.2600,0,0.0000,3,,0,0.000000,40.690806,0.460285,12.244305,2.874826,0
2012-03-21,sh.600577,11.9200,12.0900,11.4300,11.9400,12.2600,9291061,109916650.0000,3,3.155074,1,-2.610100,39.628729,0.448271,11.924715,2.799790,0
2012-03-22,sh.600577,11.8800,12.2800,11.7500,12.1200,11.9400,5660000,68254509.0000,3,1.922032,1,1.507500,40.226147,0.455029,12.104484,2.841998,0
2012-03-23,sh.600577,12.0000,12.1000,11.6000,11.7200,12.1200,4709336,55534458.0000,3,1.599204,1,-3.300300,38.898552,0.440011,11.704996,2.748202,0
2012-03-26,sh.600577,11.7200,11.8000,11.3700,11.5400,11.7200,3029718,34729977.0000,3,1.028837,1,-1.535800,38.301134,0.433253,11.525227,2.705995,0
2012-03-27,sh.600577,11.6200,11.6600,11.3300,11.4500,11.5400,3062277,35251987.0000,3,1.039893,1,-0.779900,38.002425,0.429875,11.435342,2.684891,0
2012-03-28,sh.600577,11.3600,11.4000,10.3100,10.4200,11.4500,6176123,66417625.0000,3,2.097298,1,-8.995600,34.583866,0.391205,10.406660,2.443368,0
2012-03-29,sh.600577,10.3800,10.6600,10.3100,10.6100,10.4200,2745895,28890742.0000,3,0.932456,1,1.823400,35.214474,0.398338,10.596417,2.487920,0
2012-03-30,sh.600577,10.6800,10.6800,10.2100,10.5000,10.6100,3800753,39481366.0000,3,1.290666,1,-1.036800,34.849385,0.394208,10.486558,2.462127,0
2012-04-05,sh.600577,10.6700,11.0600,10.4400,11.0100,10.5000,4954195,53363682.0000,3,1.682354,1,4.857100,36.542069,0.413355,10.995905,2.581716,0
2012-04-06,sh.600577,10.9100,11.0600,10.8600,10.8900,11.0100,2880054,31559644.0000,3,0.978013,1,-1.089900,36.143791,0.408850,10.876059,2.553577,0
2012-04-09,sh.600577,10.8700,10.9900,10.7300,10.7800,10.8900,2980818,32337929.0000,3,1.012231,1,-1.010100,35.778702,0.404720,10.766200,2.527783,0
2012-04-10,sh.600577,10.7500,10.8900,10.4000,10.8800,10.7800,3616619,38523889.0000,3,1.228137,1,0.927600,36.110601,0.408475,10.866072,2.551232,0
2012-04-11,sh.600577,5.3900,5.7700,5.2800,5.4900,5.3900,6426790,35979319.0000,3,1.091210,1,1.855300,36.442500,0.412229,10.965944,2.574681,0
2012-04-12,sh.600577,5.3800,5.5300,5.3200,5.5200,5.4900,8175560,44575844.0000,3,1.388135,1,0.546400,36.641639,0.414482,11.025867,2.588750,0
2012-04-13,sh.600577,5.5100,5.5500,5.3800,5.4400,5.5200,6057252,33007707.0000,3,1.028466,1,-1.449300,36.110601,0.408475,10.866072,2.551232,0
2012-04-16,sh.600577,5.3400,5.6500,5.3200,5.6100,5.4400,8292367,45669017.0000,3,1.407968,1,3.125000,37.239057,0.421240,11.205636,2.630958,0
2012-04-17,sh.600577,5.5600,5.6600,5.4600,5.4700,5.6100,4860795,26866026.0000,3,0.825318,1,-2.495500,36.309740,0.410727,10.925995,2.565302,0
2012-04-18,sh.600577,5.4700,5.6400,5.4100,5.6000,5.4700,5323006,29582760.0000,3,0.903798,1,2.376600,37.172677,0.420489,11.185662,2.626269,0
2012-04-19,sh.600577,5.5500,5.6600,5.4700,5.5300,5.6000,5166887,28730426.0000,3,0.877290,1,-1.250000,36.708019,0.415233,11.045841,2.593440,0
2012-04-20,sh.600577,5.5000,5.6500,5.4800,5.5800,5.5300,4074945,22716817.0000,3,0.691888,1,0.904200,37.039918,0.418987,11.145713,2.616889,0
2012-04-23,sh.600577,5.6000,5.6500,5.5000,5.5300,5.5800,4262286,23704188.0000,3,0.723697,1,-0.896100,36.708019,0.415233,11.045841,2.593440,0
2012-04-24,sh.600577,5.5200,5.5500,5.2500,5.3700,5.5300,5553926,29863972.0000,3,0.943006,1,-2.893300,34.788541,0.419383,10.721902,2.467955,0
2012-04-25,sh.600577,5.3800,5.3800,5.2400,5.3400,5.3700,5140098,27244965.0000,3,0.872741,1,-0.558700,34.594191,0.417040,10.662003,2.454167,0
2012-04-26,sh.600577,5.3400,5.4600,5.2700,5.4000,5.3400,4363973,23430049.0000,3,0.740963,1,1.123600,34.982890,0.421726,10.781801,2.481742,0
2012-04-27,sh.600577,5.3600,5.4100,5.3000,5.3100,5.4000,2310141,12322061.0000,3,0.392241,1,-1.666700,34.399842,0.414697,10.602104,2.440380,0
2012-05-02,sh.600577,5.4300,5.8000,5.3600,5.7800,5.3100,15085740,85533729.0000,3,2.561420,1,8.851200,37.444649,0.451403,11.540520,2.656383,0
2012-05-03,sh.600577,5.7700,5.7900,5.6600,5.7200,5.7800,7260275,41497274.0000,3,1.232728,1,-1.038100,37.055950,0.446717,11.420722,2.628808,0
2012-05-04,sh.600577,5.7300,5.7800,5.6600,5.7300,5.7200,5410252,30968731.0000,3,0.918611,1,0.174800,37.120733,0.447498,11.440689,2.633404,0
2012-05-07,sh.600577,5.8300,5.8400,5.6800,5.7600,5.7300,5806118,33445823.0000,3,0.985826,1,0.523600,37.315083,0.449841,11.500588,2.647192,0
2012-05-08,sh.600577,5.7900,5.8000,5.6500,5.7000,5.7600,3950091,22522085.0000,3,0.670689,1,-1.041700,36.926384,0.445155,11.380790,2.619617,0
2012-05-09,sh.600577,5.6600,5.6700,5.5600,5.5600,5.7000,3895408,21817582.0000,3,0.661405,1,-2.456100,36.019420,0.434221,11.101262,2.555275,0
2012-05-10,sh.600577,5.5600,5.7900,5.5600,5.6900,5.5600,4098351,23431874.0000,3,0.695862,1,2.338100,36.861601,0.444374,11.360823,2.615021,0
2012-05-11,sh.600577,5.6900,6.0700,5.6900,6.0000,5.6900,15097738,89261708.0000,3,2.563457,1,5.448200,38.869878,0.468584,11.979779,2.757491,0
2012-05-14,sh.600577,6.0600,6.2600,5.9000,6.0900,6.0000,14213101,87010019.0000,3,2.413254,1,1.500000,39.452926,0.475613,12.159475,2.798854,0
2012-05-15,sh.600577,5.9400,6.2500,5.9400,6.2100,6.0900,10362966,63599752.0000,3,1.759536,1,1.970400,40.230323,0.484984,12.399071,2.854004,0
2012-05-16,sh.600577,6.2100,6.6300,6.2100,6.3100,6.2100,16963146,108849746.0000,3,2.880186,1,1.610300,40.878155,0.492794,12.598734,2.899962,0
2012-05-17,sh.600577,6.3100,6.9400,6.2100,6.9400,6.3100,30594686,203941899.0000,3,5.194697,1,9.984200,44.959492,0.541996,13.856611,3.189498,0
2012-05-18,sh.600577,6.9400,7.0800,6.6300,6.7600,6.9400,23534822,160342730.0000,3,3.995997,1,-2.593700,43.793396,0.527938,13.497217,3.106774,0
2012-05-21,sh.600577,6.8000,6.9100,6.3300,6.6200,6.7600,18035712,118516539.0000,3,3.062298,1,-2.071000,42.886432,0.517004,13.217689,3.042432,0
2012-05-22,sh.600577,6.5900,6.9200,6.5700,6.6200,6.6200,16835924,113016457.0000,3,2.858585,1,0.000000,42.886432,0.517004,13.217689,3.042432,0
2012-05-23,sh.600577,6.5100,6.8400,6.4300,6.7700,6.6200,16111354,106533226.0000,3,2.735560,1,2.265900,43.858179,0.528719,13.517184,3.111369,0
2012-05-24,sh.600577,6.7000,6.7700,6.4800,6.6300,6.7700,9327600,61770072.0000,3,1.583741,1,-2.067900,42.951215,0.517785,13.237655,3.047028,0
2012-05-25,sh.600577,6.6200,6.8700,6.5000,6.7400,6.6300,11689890,78357970.0000,3,1.984836,1,1.659100,43.663829,0.526376,13.457285,3.097582,0
2012-05-28,sh.600577,6.6000,6.6800,6.3200,6.5300,6.7400,15924676,103011014.0000,3,2.703864,1,-3.115700,42.303384,0.509976,13.037992,3.001070,0
2012-05-29,sh.600577,6.5300,6.7000,6.4100,6.6400,6.5300,10433977,68715645.0000,3,1.771593,1,1.684500,43.015998,0.518566,13.257622,3.051624,0
2012-05-30,sh.600577,6.6000,6.8200,6.5600,6.6500,6.6400,8424760,56311203.0000,3,1.430447,1,0.150600,43.080781,0.519347,13.277588,3.056220,0
2012-05-31,sh.600577,6.5700,6.8500,6.5100,6.7700,6.6500,11375287,77002589.0000,3,1.931419,1,1.804500,43.858179,0.528719,13.517184,3.111369,0
2012-06-01,sh.600577,6.8000,6.8400,6.5500,6.5800,6.7700,8300103,55500821.0000,3,1.409281,1,-2.806500,42.627299,0.513881,13.137824,3.024049,0
2012-06-04,sh.600577,6.4700,6.6500,6.3500,6.4200,6.5800,13708067,88921843.0000,3,2.327504,1,-2.431600,41.590769,0.501385,12.818363,2.950516,0
2012-06-05,sh.600577,6.4200,6.7500,6.4200,6.7400,6.4200,11462400,76017252.0000,3,1.946210,1,4.984400,43.663829,0.526376,13.457285,3.097582,0
2012-06-06,sh.600577,6.7500,7.0000,6.7500,6.9900,6.7400,19705291,136289793.0000,3,3.345777,1,3.709200,45.283408,0.545900,13.956442,3.212478,0
2012-06-07,sh.600577,6.9900,7.0400,6.6700,6.7700,6.9900,18255735,125178974.0000,3,3.099656,1,-3.147400,43.858179,0.528719,13.517184,3.111369,0
2012-06-08,sh.600577,6.7600,6.8300,6.2900,6.6900,6.7700,13797467,90576368.0000,3,2.342683,1,-1.181700,43.339914,0.522471,13.357453,3.074603,0
2012-06-11,sh.600577,6.5400,6.7100,6.5000,6.6000,6.6900,7662192,50807923.0000,3,1.300970,1,-1.345300,42.756865,0.515442,13.177757,3.033241,0
2012-06-12,sh.600577,6.6000,6.6400,6.4900,6.5300,6.6000,5954063,39031621.0000,3,1.010945,1,-1.060600,42.303384,0.509976,13.037992,3.001070,0
2012-06-13,sh.600577,6.5300,6.6500,6.5000,6.6000,6.5300,5059117,33328764.0000,3,0.858992,1,1.072000,42.756865,0.515442,13.177757,3.033241,0
2012-06-14,sh.600577,6.6000,6.7100,6.5400,6.5900,6.6000,6211725,41261104.0000,3,1.054694,1,-0.151500,42.692082,0.514661,13.157790,3.028645,0
2012-06-15,sh.600577,6.6400,6.7000,6.5500,6.6200,6.5900,3930856,26008145.0000,3,0.667423,1,0.455200,42.886432,0.517004,13.217689,3.042432,0
2012-06-18,sh.600577,6.5600,7.2800,6.5600,7.1000,6.6200,22416093,157516733.0000,3,3.806047,1,7.250800,45.996022,0.554491,14.176071,3.263032,0
2012-06-19,sh.600577,7.0000,7.1600,6.9400,7.0800,7.1000,11331100,79671064.0000,3,1.923917,1,-0.281700,45.866456,0.552929,14.136139,3.253840,0
2012-06-20,sh.600577,7.0100,7.1700,6.9200,6.9600,7.0800,9261113,64930350.0000,3,1.572452,1,-1.694900,45.089058,0.543557,13.896543,3.198690,0
2012-06-21,sh.600577,6.9600,6.9600,6.9600,6.9600,6.9600,0,0.0000,3,,0,0.000000,45.089058,0.543557,13.896543,3.198690,0
2012-06-25,sh.600577,6.7500,6.9000,6.6000,6.6500,6.9600,9242881,62013592.0000,3,1.569356,1,-4.454000,43.080781,0.519347,13.277588,3.056220,0
2012-06-26,sh.600577,6.6600,6.7500,6.1400,6.4500,6.6500,12184477,78241799.0000,3,2.068812,1,-3.007500,41.785119,0.503728,12.878262,2.964303,0
2012-06-27,sh.600577,6.4300,6.4600,6.1900,6.2800,6.4500,9260398,58356849.0000,3,1.572331,1,-2.635700,40.683805,0.490451,12.538835,2.886174,0
2012-06-28,sh.600577,6.2800,6.4300,5.6500,5.6500,6.2800,16130448,95442548.0000,3,2.738802,1,-10.031800,36.602468,0.441250,11.280958,2.596638,0
2012-06-29,sh.600577,5.5200,5.7100,5.2500,5.6400,5.6500,11757760,64236309.0000,3,1.996360,1,-0.177000,36.537685,0.440469,11.260992,2.592042,0
2012-07-02,sh.600577,5.6100,5.7700,5.5900,5.7000,5.6400,6740518,38358825.0000,3,1.144478,1,1.063800,36.926384,0.445155,11.380790,2.619617,0
2012-07-03,sh.600577,5.6800,5.7500,5.2400,5.3800,5.7000,11726814,64082670.0000,3,1.991105,1,-5.614000,34.853324,0.420164,10.741868,2.472551,0
2012-07-04,sh.600577,5.3800,5.5300,5.2800,5.4300,5.3800,6533479,35506409.0000,3,1.109325,1,0.929400,35.177239,0.424069,10.841700,2.495530,0
2012-07-05,sh.600577,5.4300,5.4400,5.2900,5.3100,5.4300,3007554,16098630.0000,3,0.510655,1,-2.209900,34.399842,0.414697,10.602104,2.440380,0
2012-07-06,sh.600577,5.3100,5.4400,5.2800,5.4200,5.3100,4976162,26730852.0000,3,0.690047,1,2.071600,35.112456,0.423288,10.821733,2.490934,0
2012-07-09,sh.600577,5.4200,5.6300,5.3900,5.6100,5.4200,8394151,46641266.0000,3,1.164021,1,3.505500,36.343336,0.438126,11.201093,2.578254,0
2012-07-10,sh.600577,5.6100,5.9000,5.5900,5.8000,5.6100,9213278,53499529.0000,3,1.277610,1,3.386800,37.574215,0.452965,11.580453,2.665575,0
2012-07-11,sh.600577,5.7600,5.9500,5.6200,5.8400,5.8000,6815869,39916997.0000,3,0.945160,1,0.689700,37.833348,0.456088,11.660318,2.683958,0
2012-07-12,sh.600577,5.8400,5.8600,5.6900,5.8300,5.8400,5737379,33122551.0000,3,0.795605,1,-0.171200,37.768565,0.455308,11.640352,2.679362,0
2012-07-13,sh.600577,5.8000,5.8700,5.5900,5.6100,5.8300,5289133,30045866.0000,3,0.733447,1,-3.773600,36.343336,0.438126,11.201093,2.578254,0
2012-07-16,sh.600577,5.6200,5.6800,5.1900,5.2000,5.6100,5746501,30873711.0000,3,0.796870,1,-7.308400,33.687227,0.406106,10.382475,2.389826,0
2012-07-17,sh.600577,5.1800,5.3200,5.1800,5.2600,5.2000,4291906,22481702.0000,3,0.595161,1,1.153800,34.075926,0.410792,10.502273,2.417401,0
2012-07-18,sh.600577,5.2700,5.3200,5.0900,5.2100,5.2600,4389391,22804639.0000,3,0.608679,1,-0.950600,33.752010,0.406887,10.402441,2.394422,0
2012-07-19,sh.600577,5.2500,5.2800,5.1500,5.1900,5.2100,6798952,35381480.0000,3,0.942814,1,-0.383900,33.622444,0.405325,10.362509,2.385230,0
2012-07-20,sh.600577,5.1700,5.1800,4.9900,5.0300,5.1900,6075806,30851150.0000,3,0.842535,1,-3.082900,32.585914,0.392830,10.043048,2.311697,0
2012-07-23,sh.600577,4.9100,5.0900,4.7000,5.0700,5.0300,6666613,32490149.0000,3,0.924463,1,0.795200,32.845047,0.395954,10.122913,2.330080,0
2012-07-24,sh.600577,5.0800,5.2100,4.9700,5.0700,5.0700,6247750,31882151.0000,3,0.866379,1,0.000000,32.845047,0.395954,10.122913,2.330080,0
2012-07-25,sh.600577,5.0200,5.2400,5.0200,5.1400,5.0700,4063854,20961768.0000,3,0.563537,1,1.380700,33.298529,0.401420,10.262677,2.362251,0
2012-07-26,sh.600577,5.1900,5.3300,5.1200,5.2100,5.1400,4586343,24015161.0000,3,0.635991,1,1.361900,33.752010,0.406887,10.402441,2.394422,0
2012-07-27,sh.600577,5.2100,5.2800,5.1300,5.1600,5.2100,1899831,9843680.0000,3,0.263451,1,-0.959700,33.428095,0.402982,10.302610,2.371443,0
2012-07-30,sh.600577,5.2000,5.2000,5.0300,5.0400,5.1600,1714503,8772166.0000,3,0.237751,1,-2.325600,32.650697,0.393611,10.063014,2.316293,0
2012-07-31,sh.600577,5.0500,5.1000,4.8100,4.9900,5.0400,3609953,17737304.0000,3,0.500594,1,-0.992100,32.326782,0.389706,9.963183,2.293314,0
2012-08-01,sh.600577,4.9500,5.1000,4.9500,5.0700,4.9900,1964015,9880115.0000,3,0.272351,1,1.603200,32.845047,0.395954,10.122913,2.330080,0
2012-08-02,sh.600577,5.0700,5.1800,4.9600,5.0500,5.0700,3181199,16149162.0000,3,0.441139,1,-0.394500,32.715480,0.394392,10.082980,2.320889,0
2012-08-03,sh.600577,5.0500,5.1300,5.0400,5.1100,5.0500,2307401,11733309.0000,3,0.319968,1,1.188100,33.104179,0.399077,10.202778,2.348464,0
2012-08-06,sh.600577,5.0600,5.2300,5.0300,5.2200,5.1100,5164046,26448797.0000,3,0.716101,1,2.152600,33.816794,0.407668,10.422407,2.399018,0
2012-08-07,sh.600577,5.2500,5.3200,5.1500,5.2900,5.2200,4851700,25448467.0000,3,0.672788,1,1.341000,34.270276,0.413135,10.562172,2.431188,0
2012-08-08,sh.600577,5.2900,5.3500,5.2300,5.2900,5.2900,2950666,15609930.0000,3,0.409170,1,0.000000,34.270276,0.413135,10.562172,2.431188,0
2012-08-09,sh.600577,5.2900,5.4000,5.1600,5.4000,5.2900,6635056,35151442.0000,3,0.920087,1,2.079400,34.982890,0.421726,10.781801,2.481742,0
2012-08-10,sh.600577,5.4000,5.4000,5.2800,5.3000,5.4000,3293379,17540586.0000,3,0.456695,1,-1.851900,34.335059,0.413916,10.582138,2.435784,0
2012-08-13,sh.600577,5.2900,5.2900,5.1200,5.1400,5.3000,2436919,12679091.0000,3,0.337929,1,-3.018900,33.298529,0.401420,10.262677,2.362251,0
2012-08-14,sh.600577,5.0800,5.2400,5.0700,5.1800,5.1400,3586196,18412501.0000,3,0.497300,1,0.778200,33.557661,0.404544,10.342542,2.380634,0
2012-08-15,sh.600577,5.1100,5.2100,5.0000,5.0400,5.1800,4824018,24433907.0000,3,0.668949,1,-2.702700,32.650697,0.393611,10.063014,2.316293,0
2012-08-16,sh.600577,5.0200,5.1200,5.0000,5.1100,5.0400,1756255,8867975.0000,3,0.243541,1,1.388900,33.104179,0.399077,10.202778,2.348464,0
2012-08-17,sh.600577,5.0900,5.1300,5.0400,5.1100,5.1100,2002500,10213474.0000,3,0.277688,1,0.000000,33.104179,0.399077,10.202778,2.348464,0
2012-08-20,sh.600577,5.0600,5.1300,5.0100,5.1000,5.1100,1901147,9608744.0000,3,0.263633,1,-0.195700,33.039396,0.398296,10.182812,2.343868,0
2012-08-21,sh.600577,5.0800,5.6100,5.0300,5.5300,5.1000,14107304,77024453.0000,3,1.956267,1,8.431400,35.825071,0.431878,11.041363,2.541488,0
2012-08-22,sh.600577,5.4000,5.5300,5.3800,5.4100,5.5300,5724170,31114645.0000,3,0.793774,1,-2.170000,32.070677,0.455608,-7.828126,2.469776,0
2012-08-23,sh.600577,5.4100,5.4600,5.3200,5.4200,5.4100,3394968,18326115.0000,3,0.470782,1,0.184800,32.129958,0.456450,-7.842596,2.474341,0
2012-08-24,sh.600577,5.4200,5.6000,5.3700,5.5100,5.4200,7839668,43339180.0000,3,1.087131,1,1.660500,32.663481,0.464029,-7.972823,2.515428,0
2012-08-27,sh.600577,5.4800,5.6800,5.3500,5.4200,5.5100,5336755,29305416.0000,3,0.740051,1,-1.633400,32.129958,0.456450,-7.842596,2.474341,0
2012-08-28,sh.600577,5.3500,5.5200,5.3100,5.4800,5.4200,3242817,17609636.0000,3,0.449683,1,1.107000,32.485640,0.461503,-7.929414,2.501732,0
2012-08-29,sh.600577,5.4000,5.5900,5.4000,5.4700,5.4800,4621100,25546796.0000,3,0.640810,1,-0.182500,32.426359,0.460661,-7.914945,2.497167,0
2012-08-30,sh.600577,5.4800,5.6500,5.4100,5.5900,5.4700,7316851,40626496.0000,3,1.014632,1,2.193791,33.137724,0.470767,-8.088581,2.551950,0
2012-08-31,sh.600577,5.5800,5.8800,5.5500,5.7900,5.5900,8857755,51068389.0000,3,1.228310,1,3.577800,34.323331,0.487610,-8.377976,2.643254,0
2012-09-03,sh.600577,5.7700,5.9400,5.7200,5.8200,5.7900,5759039,33399470.0000,3,0.798609,1,0.518100,34.501172,0.490136,-8.421385,2.656949,0
2012-09-04,sh.600577,5.8000,5.9300,5.7000,5.7400,5.8200,4860411,28169760.0000,3,0.673996,1,-1.374600,34.026929,0.483399,-8.305627,2.620428,0
2012-09-05,sh.600577,5.8000,5.8000,5.6200,5.7400,5.7400,4014282,22964462.0000,3,0.556663,1,0.000000,34.026929,0.483399,-8.305627,2.620428,0
2012-09-06,sh.600577,5.7400,5.8200,5.6900,5.7800,5.7400,3098471,17815158.0000,3,0.429667,1,0.696900,34.264051,0.486768,-8.363506,2.638689,0
2012-09-07,sh.600577,5.8200,6.0400,5.8000,5.9500,5.7800,6943303,41184691.0000,3,0.962831,1,2.941200,35.271817,0.501084,-8.609492,2.716297,0
2012-09-10,sh.600577,5.9400,5.9900,5.8300,5.9500,5.9500,4522422,26662886.0000,3,0.627127,1,0.000000,35.271817,0.501084,-8.609492,2.716297,0
2012-09-11,sh.600577,5.9000,5.9200,5.7700,5.8100,5.9500,4152268,24168573.0000,3,0.575797,1,-2.352900,34.441892,0.489294,-8.406915,2.652384,0
2012-09-12,sh.600577,5.8900,5.9000,5.6600,5.7500,5.8100,4364738,25068555.0000,3,0.605260,1,-1.032700,34.086210,0.484241,-8.320097,2.624993,0
2012-09-13,sh.600577,5.7900,5.7900,5.7000,5.7200,5.7500,3608689,20714412.0000,3,0.500419,1,-0.521700,33.908368,0.481715,-8.276688,2.611297,0
2012-09-14,sh.600577,5.7700,5.8100,5.5900,5.6400,5.7200,5226265,29537468.0000,3,0.724729,1,-1.398600,33.434126,0.474977,-8.160930,2.574776,0
2012-09-17,sh.600577,5.6800,5.6900,5.5200,5.5200,5.6400,2647918,14725898.0000,3,0.367188,1,-2.127700,32.722761,0.464872,-7.987293,2.519993,0
2012-09-18,sh.600577,5.4700,5.5800,5.4200,5.5700,5.5200,2377075,13069768.0000,3,0.329630,1,0.905800,33.019163,0.469082,-8.059642,2.542819,0
2012-09-19,sh.600577,5.5900,5.6000,5.4900,5.5500,5.5700,2205504,12249344.0000,3,0.305838,1,-0.359100,32.900602,0.467398,-8.030702,2.533689,0
2012-09-20,sh.600577,5.5000,5.5500,5.0900,5.1800,5.5500,3736480,19775835.0000,3,0.518140,1,-6.666700,30.707229,0.436238,-7.495322,2.364776,0
2012-09-21,sh.600577,5.2300,5.2700,5.1800,5.2100,5.1800,1796191,9393441.0000,3,0.249079,1,0.579200,30.885070,0.438765,-7.538731,2.378472,0
2012-09-24,sh.600577,5.2100,5.2800,5.1000,5.2100,5.2100,1867963,9691197.0000,3,0.259031,1,0.000000,30.885070,0.438765,-7.538731,2.378472,0
2012-09-25,sh.600577,5.2500,5.2500,5.1400,5.1900,5.2100,1039030,5378791.0000,3,0.144083,1,-0.383900,30.766509,0.437080,-7.509792,2.369342,0
2012-09-26,sh.600577,5.2100,5.2100,4.8500,4.8900,5.1900,3933709,19487152.0000,3,0.545489,1,-5.780300,28.988098,0.411816,-7.075700,2.232385,0
2012-09-27,sh.600577,4.9200,5.2400,4.8600,5.0700,4.8900,4303827,21889654.0000,3,0.596814,1,3.681000,30.055145,0.426974,-7.336155,2.314559,0
2012-09-28,sh.600577,5.0700,5.1900,5.0200,5.1000,5.0700,4364196,22376588.0000,3,0.605185,1,0.591700,30.232986,0.429501,-7.379564,2.328255,0
2012-10-08,sh.600577,5.2000,5.2100,5.0400,5.0800,5.1000,2155658,11002344.0000,3,0.298926,1,-0.392200,30.114425,0.427817,-7.350625,2.319124,0
2012-10-09,sh.600577,5.0800,5.2000,5.0800,5.1900,5.0800,4715222,24185228.0000,3,0.653862,1,2.165400,30.766509,0.437080,-7.509792,2.369342,0
2012-10-10,sh.600577,5.1900,5.2600,5.1600,5.2400,5.1900,3076144,16020035.0000,3,0.426570,1,0.963400,31.062911,0.441291,-7.582141,2.392168,0
2012-10-11,sh.600577,5.2100,5.2300,5.1200,5.1300,5.2400,2764014,14301989.0000,3,0.383287,1,-2.099200,30.410827,0.432027,-7.422974,2.341950,0
2012-10-12,sh.600577,5.1000,5.2300,5.0400,5.1600,5.1300,2923819,15032583.0000,3,0.405448,1,0.584800,30.588668,0.434554,-7.466383,2.355646,0
2012-10-15,sh.600577,5.1200,5.2000,5.0400,5.1200,5.1600,2949698,15066318.0000,3,0.409036,1,-0.775200,30.351547,0.431185,-7.408504,2.337385,0
2012-10-16,sh.600577,5.1200,5.1400,5.0500,5.0700,5.1200,2310200,11759288.0000,3,0.320357,1,-0.976600,30.055145,0.426974,-7.336155,2.314559,0
2012-10-17,sh.600577,5.0900,5.1100,5.0200,5.0700,5.0700,1168589,5919552.0000,3,0.162049,1,0.000000,30.055145,0.426974,-7.336155,2.314559,0
2012-10-18,sh.600577,5.0800,5.2600,5.0800,5.2100,5.0700,4574274,23771389.0000,3,0.634317,1,2.761300,30.885070,0.438765,-7.538731,2.378472,0
2012-10-19,sh.600577,5.2100,5.2500,5.1400,5.1800,5.2100,2322859,12051293.0000,3,0.322112,1,-0.575820,30.707229,0.436238,-7.495322,2.364776,0
2012-10-22,sh.600577,5.1700,5.2100,5.0900,5.2000,5.1800,2670944,13783535.0000,3,0.370381,1,0.386100,30.825789,0.437922,-7.524262,2.373907,0
2012-10-23,sh.600577,5.2000,5.2000,5.2000,5.2000,5.2000,0,0.0000,3,,0,0.000000,30.825789,0.437922,-7.524262,2.373907,0
2012-10-24,sh.600577,5.2000,5.2000,5.2000,5.2000,5.2000,0,0.0000,3,,0,0.000000,30.825789,0.437922,-7.524262,2.373907,0
2012-10-25,sh.600577,5.2000,5.2000,5.2000,5.2000,5.2000,0,0.0000,3,,0,0.000000,30.276315,0.447574,344.501408,2.325656,0
2012-10-26,sh.600577,4.9800,5.4000,4.6800,5.2600,5.2000,13548594,66357573.0000,3,1.878791,1,1.153800,30.625657,0.452739,348.476425,2.352490,0
2012-10-29,sh.600577,4.9700,5.1300,4.9000,5.0100,5.2600,5266823,26406517.0000,3,0.730353,1,-4.752900,29.170065,0.431221,331.913857,2.240680,0
2012-10-30,sh.600577,4.9700,5.1200,4.9200,5.0200,5.0100,3704705,18424138.0000,3,0.513733,1,0.199600,29.228288,0.432081,332.576360,2.245152,0
2012-10-31,sh.600577,4.9800,5.0600,4.9200,4.9500,5.0200,2425574,12015787.0000,3,0.336356,1,-1.394400,28.820723,0.426056,327.938841,2.213845,0
2012-11-01,sh.600577,4.9600,5.0300,4.9400,4.9800,4.9500,3036514,15179493.0000,3,0.421075,1,0.606100,28.995394,0.428638,329.926349,2.227263,0
2012-11-02,sh.600577,4.9800,5.0100,4.9300,4.9600,4.9800,2394677,11889900.0000,3,0.332071,1,-0.401600,28.878946,0.426917,328.601343,2.218318,0
2012-11-05,sh.600577,4.9800,5.1200,4.8400,5.1000,4.9600,7793510,38827523.0000,3,1.080730,1,2.822600,29.694078,0.438967,337.876381,2.280932,0
2012-11-06,sh.600577,5.0600,5.2200,5.0100,5.1700,5.1000,8673083,44523029.0000,3,1.202701,1,1.372500,30.101644,0.444992,342.513900,2.312238,0
2012-11-07,sh.600577,5.1500,5.1700,5.0800,5.0900,5.1700,4194398,21409183.0000,3,0.581639,1,-1.547400,29.635854,0.438106,337.213879,2.276459,0
2012-11-08,sh.600577,5.0200,5.1000,4.8600,5.0900,5.0900,3889903,19389160.0000,3,0.539415,1,0.000000,29.635854,0.438106,337.213879,2.276459,0
2012-11-09,sh.600577,5.0000,5.0600,4.9500,5.0200,5.0900,1606922,8030571.0000,3,0.222833,1,-1.375200,29.228288,0.432081,332.576360,2.245152,0
2012-11-12,sh.600577,4.9800,5.0300,4.9000,4.9100,5.0200,2777868,13774688.0000,3,0.385208,1,-2.191200,28.587828,0.422613,325.288830,2.195956,0
2012-11-13,sh.600577,4.9000,4.9500,4.7600,4.9100,4.9100,5173844,24975459.0000,3,0.717460,1,0.000000,28.587828,0.422613,325.288830,2.195956,0
2012-11-14,sh.600577,4.8900,5.2000,4.8600,5.0200,4.9100,5143502,25535655.0000,3,0.713252,1,2.240300,29.228288,0.432081,332.576360,2.245152,0
2012-11-15,sh.600577,4.9900,4.9900,4.8900,4.9200,5.0200,2176602,10720950.0000,3,0.301831,1,-1.992000,28.646052,0.423474,325.951333,2.200428,0
2012-11-16,sh.600577,4.9000,5.0900,4.8200,4.8500,4.9200,2726589,13285551.0000,3,0.378098,1,-1.422800,28.238486,0.417449,321.313814,2.169121,0
2012-11-19,sh.600577,4.8300,4.8600,4.7600,4.8100,4.8500,2894772,13927190.0000,3,0.401420,1,-0.824700,28.005591,0.414006,318.663803,2.151231,0
2012-11-20,sh.600577,4.8100,4.8300,4.7100,4.7200,4.8100,2176933,10398595.0000,3,0.301876,1,-1.871100,27.481578,0.406260,312.701278,2.110980,0
2012-11-21,sh.600577,4.7200,4.7600,4.5000,4.6000,4.7200,8805724,40127044.0000,3,1.221094,1,-2.542400,26.782894,0.395931,304.751246,2.057311,0
2012-11-22,sh.600577,4.5300,4.5300,4.3000,4.3400,4.6000,9557275,41995660.0000,3,1.325312,1,-5.652200,25.269078,0.373552,287.526175,1.941028,0
2012-11-23,sh.600577,4.3200,4.4200,4.3000,4.3100,4.3400,7165266,31139128.0000,3,0.993611,1,-0.691200,25.094407,0.370970,285.538667,1.927611,0
2012-11-26,sh.600577,4.3200,4.3300,4.1400,4.1600,4.3100,5653766,23906216.0000,3,0.784011,1,-3.480300,24.221052,0.358059,275.601127,1.860525,0
2012-11-27,sh.600577,4.1500,4.2000,3.9900,4.0200,4.1600,6507192,26377309.0000,3,0.902356,1,-3.365400,23.405920,0.346009,266.326089,1.797911,0
2012-11-28,sh.600577,4.0200,4.0200,4.0200,4.0200,4.0200,0,0.0000,3,,0,0.000000,23.405920,0.346009,266.326089,1.797911,0
2012-11-29,sh.600577,4.0200,4.0200,4.0200,4.0200,4.0200,0,0.0000,3,,0,0.000000,23.405920,0.346009,266.326089,1.797911,0
2012-11-30,sh.600577,4.0200,4.0200,4.0200,4.0200,4.0200,0,0.0000,3,,0,0.000000,23.405920,0.346009,266.326089,1.797911,0
2012-12-03,sh.600577,4.0200,4.0200,4.0200,4.0200,4.0200,0,0.0000,3,,0,0.000000,23.405920,0.346009,266.326089,1.797911,0
2012-12-04,sh.600577,4.0200,4.0200,4.0200,4.0200,4.0200,0,0.0000,3,,0,0.000000,23.405920,0.346009,266.326089,1.797911,0
2012-12-05,sh.600577,4.0200,4.0200,4.0200,4.0200,4.0200,0,0.0000,3,,0,0.000000,23.405920,0.346009,266.326089,1.797911,0
2012-12-06,sh.600577,4.0200,4.0200,4.0200,4.0200,4.0200,0,0.0000,3,,0,0.000000,23.405920,0.346009,266.326089,1.797911,0
2012-12-07,sh.600577,4.0200,4.0200,4.0200,4.0200,4.0200,0,0.0000,3,,0,0.000000,23.405920,0.346009,266.326089,1.797911,0
2012-12-10,sh.600577,4.0200,4.0200,4.0200,4.0200,4.0200,0,0.0000,3,,0,0.000000,23.405920,0.346009,266.326089,1.797911,0
2012-12-11,sh.600577,4.0200,4.0200,4.0200,4.0200,4.0200,0,0.0000,3,,0,0.000000,23.405920,0.346009,266.326089,1.797911,0
2012-12-12,sh.600577,4.0200,4.0200,4.0200,4.0200,4.0200,0,0.0000,3,,0,0.000000,23.405920,0.346009,266.326089,1.797911,0
2012-12-13,sh.600577,4.0200,4.0200,4.0200,4.0200,4.0200,0,0.0000,3,,0,0.000000,23.405920,0.346009,266.326089,1.797911,0
2012-12-14,sh.600577,4.0200,4.0200,4.0200,4.0200,4.0200,0,0.0000,3,,0,0.000000,23.405920,0.346009,266.326089,1.797911,0
2012-12-17,sh.600577,4.0200,4.0200,4.0200,4.0200,4.0200,0,0.0000,3,,0,0.000000,23.405920,0.346009,266.326089,1.797911,0
2012-12-18,sh.600577,4.4200,4.4200,4.4200,4.4200,4.0200,6930155,30631285.0000,3,0.961008,1,9.950200,25.734868,0.380438,292.826197,1.976807,0
2012-12-19,sh.600577,4.6000,4.8600,4.5000,4.8500,4.4200,76368914,358725064.0000,3,10.590117,1,9.728500,28.238486,0.417449,321.313814,2.169121,0
2012-12-20,sh.600577,4.6600,4.7300,4.5800,4.6600,4.8500,30879830,143702778.0000,3,4.282122,1,-3.917500,27.132236,0.401095,308.726262,2.084145,0
2012-12-21,sh.600577,4.7500,4.8400,4.5000,4.5100,4.6600,35901443,167408715.0000,3,4.978472,1,-3.218900,26.258881,0.388185,298.788722,2.017059,0
2012-12-24,sh.600577,4.5300,4.5700,4.4200,4.4400,4.5100,21345440,95261016.0000,3,2.959983,1,-1.552100,25.851315,0.382160,294.151203,1.985752,0
2012-12-25,sh.600577,4.4300,4.5500,4.4000,4.5100,4.4400,24537063,110754810.0000,3,3.402567,1,1.576600,26.258881,0.388185,298.788722,2.017059,0
2012-12-26,sh.600577,4.5100,4.5800,4.4700,4.5400,4.5100,20588395,92929863.0000,3,2.855003,1,0.665200,26.433552,0.390767,300.776230,2.030476,0
2012-12-27,sh.600577,4.5800,4.5900,4.4900,4.5300,4.5400,22718271,103017602.0000,3,3.150354,1,-0.220300,26.375328,0.389906,300.113727,2.026004,0
2012-12-28,sh.600577,4.5300,4.6500,4.5200,4.5900,4.5300,22882580,105095416.0000,3,3.173139,1,1.324500,26.724670,0.395070,304.088743,2.052838,0
2012-12-31,sh.600577,4.6500,4.6800,4.5600,4.6800,4.5900,21519900,99630811.0000,3,2.984176,1,1.960800,27.248683,0.402817,310.051268,2.093090,0
2013-01-04,sh.600577,4.7200,4.7500,4.5500,4.6000,4.6800,16076714,74490053.0000,3,2.229366,1,-1.709400,26.782894,0.395931,304.751246,2.057311,0
2013-01-07,sh.600577,4.6000,4.6300,4.5400,4.6200,4.6000,13221321,60511959.0000,3,1.833407,1,0.434800,26.899341,0.397653,306.076251,2.066256,0
2013-01-08,sh.600577,4.6300,4.6800,4.5500,4.6500,4.6200,17460839,80666166.0000,3,2.421304,1,0.649400,27.074012,0.400235,308.063759,2.079673,0
2013-01-09,sh.600577,4.6200,4.8200,4.6100,4.7600,4.6500,26955304,127447918.0000,3,3.737906,1,2.365600,27.714473,0.409703,315.351289,2.128869,0
2013-01-10,sh.600577,4.7400,4.8200,4.6900,4.8000,4.7600,21977590,104528398.0000,3,3.047644,1,0.840300,27.947367,0.413146,318.001300,2.146759,0
2013-01-11,sh.600577,4.8000,4.8200,4.6100,4.6500,4.8000,16711887,78695353.0000,3,2.317446,1,-3.125000,27.074012,0.400235,308.063759,2.079673,0
2013-01-14,sh.600577,4.6200,4.7700,4.6100,4.7600,4.6500,22209547,104591811.0000,3,3.079809,1,2.365600,27.714473,0.409703,315.351289,2.128869,0
2013-01-15,sh.600577,4.8500,5.1300,4.8500,4.9300,4.7600,42275837,210545852.0000,3,5.862412,1,3.571400,28.704275,0.424335,326.613835,2.204900,0
2013-01-16,sh.600577,4.8900,4.9900,4.8300,4.9400,4.9300,20557994,101098319.0000,3,2.850788,1,0.202800,28.762499,0.425196,327.276338,2.209373,0
2013-01-17,sh.600577,4.9600,4.9800,4.8400,4.8600,4.9400,12538183,61217392.0000,3,1.738676,1,-1.619400,28.296710,0.418310,321.976316,2.173594,0
2013-01-18,sh.600577,4.8600,4.9000,4.7800,4.9000,4.8600,15035306,72964963.0000,3,2.084954,1,0.823000,28.529604,0.421753,324.626327,2.191483,0
2013-01-21,sh.600577,4.8900,4.8900,4.8300,4.8900,4.9000,12087183,58840416.0000,3,1.676136,1,-0.204100,28.471381,0.420892,323.963824,2.187011,0
2013-01-22,sh.600577,4.8900,4.8900,4.7300,4.7700,4.8900,14170584,68131393.0000,3,1.965042,1,-2.454000,27.772696,0.410563,316.013792,2.133342,0
2013-01-23,sh.600577,4.7300,5.0800,4.7100,4.9900,4.7700,26554522,130160830.0000,3,3.682329,1,4.612200,29.053617,0.429499,330.588852,2.231735,0
2013-01-24,sh.600577,4.9300,5.0300,4.7800,4.9300,4.9900,26645150,131035297.0000,3,3.694897,1,-1.202400,28.704275,0.424335,326.613835,2.204900,0
2013-01-25,sh.600577,4.8900,4.9800,4.8500,4.9600,4.9300,20128110,99117378.0000,3,2.791176,1,0.608500,28.878946,0.426917,328.601343,2.218318,0
2013-01-28,sh.600577,4.9600,5.0200,4.9300,5.0100,4.9600,23209986,115535295.0000,3,3.218541,1,1.008100,29.170065,0.431221,331.913857,2.240680,0
2013-01-29,sh.600577,5.0100,5.0100,4.9400,4.9700,5.0100,14603123,72631534.0000,3,2.025023,1,-0.798400,28.937170,0.427778,329.263846,2.222790,0
2013-01-30,sh.600577,4.9700,4.9700,4.8800,4.9200,4.9700,12952230,63710031.0000,3,1.796092,1,-1.006000,28.646052,0.423474,325.951333,2.200428,0
2013-01-31,sh.600577,4.9200,4.9400,4.8600,4.8900,4.9200,9054757,44298843.0000,3,1.255628,1,-0.609800,28.471381,0.420892,323.963824,2.187011,0
2013-02-01,sh.600577,4.8900,4.9400,4.8400,4.9000,4.8900,8862761,43445538.0000,3,1.229004,1,0.204500,28.529604,0.421753,324.626327,2.191483,0
2013-02-04,sh.600577,4.9000,5.0500,4.8900,4.9400,4.9000,13528246,67079331.0000,3,1.875969,1,0.816300,28.762499,0.425196,327.276338,2.209373,0
2013-02-05,sh.600577,4.9000,5.0400,4.8200,5.0300,4.9400,21138926,104232892.0000,3,2.931346,1,1.821900,29.286512,0.432942,333.238862,2.249625,0
2013-02-06,sh.600577,5.0500,5.2400,5.0000,5.1600,5.0300,38337261,196500958.0000,3,5.316248,1,2.584500,30.043420,0.444131,341.851398,2.307766,0
2013-02-07,sh.600577,5.1600,5.1900,5.0600,5.1200,5.1600,17188007,87746606.0000,3,2.383470,1,-0.775200,29.810525,0.440689,339.201387,2.289876,0
2013-02-08,sh.600577,5.1100,5.1800,5.0900,5.1500,5.1200,10886435,55944088.0000,3,1.509628,1,0.585900,29.985196,0.443271,341.188895,2.303294,0
2013-02-18,sh.600577,5.1600,5.1800,5.0500,5.0800,5.1500,13049771,66404498.0000,3,1.809619,1,-1.359200,29.577631,0.437246,336.551376,2.271987,0
2013-02-19,sh.600577,5.0700,5.1000,4.9600,4.9700,5.0800,12203582,61196172.0000,3,1.692277,1,-2.165400,28.937170,0.427778,329.263846,2.222790,0
2013-02-20,sh.600577,4.9700,5.1800,4.9400,5.1200,4.9700,14635225,74103159.0000,3,2.029474,1,3.018100,29.810525,0.440689,339.201387,2.289876,0
2013-02-21,sh.600577,5.0800,5.0900,4.9700,4.9900,5.1200,9800615,49162359.0000,3,1.359056,1,-2.539100,29.053617,0.429499,330.588852,2.231735,0
2013-02-22,sh.600577,4.9800,5.0500,4.9600,5.0200,4.9900,7776349,38941161.0000,3,1.078350,1,0.601200,29.228288,0.432081,332.576360,2.245152,0
2013-02-25,sh.600577,5.0100,5.1100,4.8800,5.0500,5.0200,15420911,77114536.0000,3,2.138426,1,0.597600,29.402959,0.434664,334.563868,2.258569,0
2013-02-26,sh.600577,4.9700,5.5600,4.9200,5.0800,5.0500,44707956,231018672.0000,3,6.199676,1,0.594100,31.696560,0.444128,-9.251486,2.327376,0
2013-02-27,sh.600577,5.0800,5.1100,4.9400,4.9800,5.0800,19610166,98247103.0000,3,2.719352,1,-1.968500,31.072612,0.435385,-9.069370,2.281561,0
2013-02-28,sh.600577,5.0200,5.0900,4.9300,5.0300,4.9800,15389996,77012536.0000,3,2.134139,1,1.004000,31.384586,0.439756,-9.160428,2.304469,0
2013-03-01,sh.600577,5.0000,5.1100,4.9500,5.0000,5.0300,26223631,131603282.0000,3,3.636445,1,-0.596400,31.197402,0.437134,-9.105794,2.290724,0
2013-03-04,sh.600577,4.9700,4.9700,4.7200,4.7400,5.0000,16509627,80171545.0000,3,2.289399,1,-5.200000,29.575137,0.414403,-8.632292,2.171607,0
2013-03-05,sh.600577,4.7500,4.8200,4.6900,4.8100,4.7400,11160707,53230709.0000,3,1.547661,1,1.476800,30.011901,0.420523,-8.759773,2.203677,0
2013-03-06,sh.600577,4.8200,4.8600,4.7700,4.8500,4.8100,10718041,51809650.0000,3,1.486276,1,0.831600,30.261480,0.424020,-8.832620,2.222003,0
2013-03-07,sh.600577,4.8500,4.9100,4.8100,4.8600,4.8500,9791915,47518913.0000,3,1.357850,1,0.206200,30.323875,0.424894,-8.850831,2.226584,0
2013-03-08,sh.600577,4.8500,4.8600,4.7200,4.7400,4.8600,10214105,48877090.0000,3,1.416395,1,-2.469100,29.575137,0.414403,-8.632292,2.171607,0
2013-03-11,sh.600577,4.7100,4.7800,4.7000,4.7300,4.7400,7054209,33457191.0000,3,0.978211,1,-0.211000,29.512742,0.413528,-8.614081,2.167025,0
2013-03-12,sh.600577,4.7200,4.7800,4.5000,4.6200,4.7300,11925848,55224371.0000,3,1.653764,1,-2.325600,28.826399,0.403912,-8.413753,2.116629,0
2013-03-13,sh.600577,4.5900,4.6000,4.4700,4.5400,4.6200,6647049,30149994.0000,3,0.921750,1,-1.731600,28.327241,0.396917,-8.268061,2.079978,0
2013-03-14,sh.600577,4.5300,4.5800,4.4900,4.5100,4.5400,6633378,29986635.0000,3,0.919854,1,-0.660800,28.140057,0.394295,-8.213426,2.066233,0
2013-03-15,sh.600577,4.5200,4.5700,4.4200,4.4900,4.5100,6476777,29174624.0000,3,0.898138,1,-0.443500,28.015267,0.392546,-8.177003,2.057070,0
2013-03-18,sh.600577,4.4800,4.4900,4.4100,4.4300,4.4900,5676931,25186608.0000,3,0.787223,1,-1.336300,27.640898,0.387300,-8.067733,2.029582,0
2013-03-19,sh.600577,4.4500,4.5200,4.3700,4.5100,4.4300,7083625,31443668.0000,3,0.982290,1,1.805900,28.140057,0.394295,-8.213426,2.066233,0
2013-03-20,sh.600577,4.5300,4.5800,4.4900,4.5600,4.5100,7578254,34401864.0000,3,1.050880,1,1.108600,28.452031,0.398666,-8.304484,2.089141,0
2013-03-21,sh.600577,4.5600,4.6200,4.5300,4.6000,4.5600,8415397,38541288.0000,3,1.166967,1,0.877200,28.701610,0.402163,-8.377330,2.107466,0
2013-03-22,sh.600577,4.5800,4.6800,4.5500,4.6600,4.6000,8552659,39549272.0000,3,1.186002,1,1.304300,29.075979,0.407409,-8.486600,2.134955,0
2013-03-25,sh.600577,4.6500,4.7500,4.6100,4.7400,4.6600,10781805,50455100.0000,3,1.495119,1,1.716700,29.575137,0.414403,-8.632292,2.171607,0
2013-03-26,sh.600577,4.7100,4.7300,4.6300,4.6500,4.7400,7696749,35980408.0000,3,1.067312,1,-1.898700,29.013584,0.406534,-8.468388,2.130374,0
2013-03-27,sh.600577,4.6500,4.6800,4.6000,4.6200,4.6500,4737314,21949326.0000,3,0.656926,1,-0.645200,28.826399,0.403912,-8.413753,2.116629,0
2013-03-28,sh.600577,4.6000,4.6000,4.3800,4.3900,4.6200,8502762,37860760.0000,3,1.179082,1,-4.978400,27.391319,0.383803,-7.994887,2.011256,0
2013-03-29,sh.600577,4.4100,4.8000,4.3300,4.5300,4.3900,16328347,73639048.0000,3,2.264260,1,3.189100,28.264846,0.396043,-8.249849,2.075396,0
2013-04-01,sh.600577,4.5000,4.6600,4.4600,4.5800,4.5300,9855283,45062864.0000,3,1.366637,1,1.103700,28.576820,0.400414,-8.340907,2.098303,0
2013-04-02,sh.600577,4.5600,4.7100,4.5000,4.6200,4.5800,12764412,59234540.0000,3,1.770048,1,0.873400,28.826399,0.403912,-8.413753,2.116629,0
2013-04-03,sh.600577,4.6500,4.6800,4.5500,4.6200,4.6200,8482216,39192384.0000,3,1.176233,1,0.000000,28.826399,0.403912,-8.413753,2.116629,0
2013-04-08,sh.600577,4.5800,4.5800,4.3800,4.5300,4.6200,4262787,19211562.0000,3,0.591123,1,-1.948000,28.264846,0.396043,-8.249849,2.075396,0
2013-04-09,sh.600577,4.5300,4.6100,4.5200,4.5700,4.5300,3761408,17212080.0000,3,0.521596,1,0.883000,28.514425,0.399540,-8.322695,2.093722,0
2013-04-10,sh.600577,4.5700,4.6100,4.5000,4.5300,4.5700,3218635,14661085.0000,3,0.446330,1,-0.875300,28.264846,0.396043,-8.249849,2.075396,0
2013-04-11,sh.600577,4.5800,4.6700,4.5400,4.5900,4.5300,5197404,23915854.0000,3,0.720727,1,1.324500,28.639215,0.401289,-8.359118,2.102885,0
2013-04-12,sh.600577,4.6000,4.6400,4.5400,4.5500,4.5900,3955094,18142306.0000,3,0.548455,1,-0.871459,28.389636,0.397792,-8.286272,2.084559,0
2013-04-15,sh.600577,4.5100,4.5500,4.4000,4.4300,4.5500,4292943,19119088.0000,3,0.595305,1,-2.637400,27.640898,0.387300,-8.067733,2.029582,0
2013-04-16,sh.600577,4.4000,4.4500,4.3400,4.4300,4.4300,4708587,20664620.0000,3,0.652942,1,0.000000,27.640898,0.387300,-8.067733,2.029582,0
2013-04-17,sh.600577,4.4200,4.4500,4.3900,4.4300,4.4300,2815324,12462539.0000,3,0.390402,1,0.000000,27.640898,0.387300,-8.067733,2.029582,0
2013-04-18,sh.600577,4.4000,4.4600,4.3700,4.4000,4.4300,3178584,14011538.0000,3,0.440776,1,-0.677200,27.453714,0.384678,-8.013098,2.015837,0
2013-04-19,sh.600577,4.4100,4.5300,4.4000,4.5300,4.4000,8383741,37483216.0000,3,1.162578,1,2.954548,28.264846,0.396043,-8.249849,2.075396,0
2013-04-22,sh.600577,4.5300,4.5300,4.5300,4.5300,4.5300,0,0.0000,3,,0,0.000000,28.264846,0.396043,-8.249849,2.075396,0
2013-04-23,sh.600577,4.5300,4.5300,4.5300,4.5300,4.5300,0,0.0000,3,,0,0.000000,28.264846,0.396043,-8.249849,2.075396,0
2013-04-24,sh.600577,4.5300,4.5300,4.5300,4.5300,4.5300,0,0.0000,3,,0,0.000000,28.264846,0.396043,-8.249849,2.075396,0
2013-04-25,sh.600577,4.6300,4.8800,4.5600,4.6500,4.5300,22135008,103605736.0000,3,3.069473,1,2.649000,28.470784,0.411036,-7.474158,2.163862,0
2013-04-26,sh.600577,4.5700,4.6300,4.5300,4.5500,4.6500,5755497,26280306.0000,3,0.798118,1,-2.150536,27.858509,0.402197,-7.313424,2.117327,0
2013-05-02,sh.600577,4.5500,4.6100,4.4500,4.5200,4.5500,5505742,24914824.0000,3,0.763484,1,-0.659300,27.674826,0.399545,-7.265203,2.103367,0
2013-05-03,sh.600577,4.5200,4.7400,4.5200,4.6100,4.5200,14580303,67468720.0000,3,2.021858,1,1.991154,28.225874,0.407500,-7.409864,2.145248,0
2013-05-06,sh.600577,4.5900,4.7100,4.5800,4.6600,4.6100,10516849,48924492.0000,3,1.458377,1,1.084600,28.532011,0.411920,-7.490232,2.168516,0
2013-05-07,sh.600577,4.7500,4.8400,4.6500,4.6700,4.6600,12774636,60523552.0000,3,1.771465,1,0.214600,28.593239,0.412804,-7.506305,2.173169,0
2013-05-08,sh.600577,4.6200,4.6700,4.5900,4.6300,4.6700,10128159,46795212.0000,3,1.404477,1,-0.856500,28.348329,0.409268,-7.442011,2.154555,0
2013-05-09,sh.600577,4.6100,4.6300,4.5400,4.5800,4.6300,5922323,27110744.0000,3,0.821252,1,-1.079900,28.042191,0.404849,-7.361644,2.131288,0
2013-05-10,sh.600577,4.5200,4.6500,4.5200,4.6500,4.5800,5473082,25123176.0000,3,0.758955,1,1.528400,28.470784,0.411036,-7.474158,2.163862,0
2013-05-13,sh.600577,4.6300,4.6700,4.5800,4.6300,4.6500,8670739,40095640.0000,3,1.202376,1,-0.430100,28.348329,0.409268,-7.442011,2.154555,0
2013-05-14,sh.600577,4.6100,4.6300,4.5400,4.5900,4.6300,6095325,27870124.0000,3,0.845242,1,-0.863900,28.103419,0.405733,-7.377718,2.135941,0
2013-05-15,sh.600577,4.5800,4.6700,4.5600,4.6500,4.5900,11517127,53306648.0000,3,1.597086,1,1.307200,28.470784,0.411036,-7.474158,2.163862,0
2013-05-16,sh.600577,4.6200,4.7500,4.6000,4.7300,4.6500,21408687,100799136.0000,3,2.968754,1,1.720400,28.960604,0.418108,-7.602746,2.201090,0
2013-05-17,sh.600577,4.7300,4.7400,4.6700,4.7200,4.7100,7972942,37604608.0000,3,1.105612,1,0.212300,28.899376,0.417224,-7.586672,2.196436,0
2013-05-20,sh.600577,4.7200,4.7700,4.7000,4.7400,4.7200,10010894,47335108.0000,3,1.388200,1,0.423700,28.960604,0.418108,-7.602746,2.201090,0
2013-05-21,sh.600577,4.7400,4.7800,4.6600,4.7100,4.7400,11004923,51868248.0000,3,1.526058,1,-0.632906,28.838149,0.416340,-7.570599,2.191783,0
2013-05-22,sh.600577,4.7000,4.7100,4.6300,4.6700,4.7100,10528705,49236100.0000,3,1.460021,1,-0.849300,28.593239,0.412804,-7.506305,2.173169,0
2013-05-23,sh.600577,4.6600,4.6900,4.6200,4.6400,4.6700,7059109,32827756.0000,3,0.978890,1,-0.642400,28.409556,0.410152,-7.458085,2.159209,0
2013-05-24,sh.600577,4.6200,4.6700,4.6000,4.6600,4.6400,6483638,30054616.0000,3,0.899089,1,0.431000,28.532011,0.411920,-7.490232,2.168516,0
2013-05-27,sh.600577,4.6600,4.6700,4.6100,4.6300,4.6600,6441790,29881952.0000,3,0.893286,1,-0.643800,28.348329,0.409268,-7.442011,2.154555,0
2013-05-28,sh.600577,4.6400,4.6500,4.5800,4.6400,4.6300,8732886,40323288.0000,3,1.210994,1,0.216000,28.409556,0.410152,-7.458085,2.159209,0
2013-05-29,sh.600577,4.6400,4.7800,4.6300,4.7500,4.6400,19887918,93789584.0000,3,2.757868,1,2.370700,29.083059,0.419876,-7.634893,2.210397,0
2013-05-30,sh.600577,4.7200,4.7800,4.7000,4.7200,4.7500,10162214,48049456.0000,3,1.409200,1,-0.631600,28.899376,0.417224,-7.586672,2.196436,0
2013-05-31,sh.600577,4.7600,4.7700,4.6600,4.6700,4.7200,8767691,41310848.0000,3,1.215820,1,-1.059316,28.593239,0.412804,-7.506305,2.173169,0
2013-06-03,sh.600577,4.6500,4.6900,4.6300,4.6600,4.6700,7614250,35477604.0000,3,1.055872,1,-0.214100,28.532011,0.411920,-7.490232,2.168516,0
2013-06-04,sh.600577,4.6600,4.6700,4.4900,4.5100,4.6600,8304136,37851760.0000,3,1.151539,1,-3.218900,27.613599,0.398661,-7.249130,2.098714,0
2013-06-05,sh.600577,4.4800,4.5100,4.4200,4.4800,4.5100,5261577,23530324.0000,3,0.729626,1,-0.665200,27.429916,0.396009,-7.200909,2.084753,0
2013-06-06,sh.600577,4.4700,4.5300,4.4300,4.5000,4.4800,8105741,36345400.0000,3,1.124027,1,0.446400,27.552371,0.397777,-7.233056,2.094060,0
2013-06-07,sh.600577,4.5200,4.5200,4.3800,4.4500,4.5000,7073632,31477764.0000,3,0.980904,1,-1.111100,27.246234,0.393357,-7.152689,2.070793,0
2013-06-13,sh.600577,4.3900,4.4100,4.2100,4.2600,4.4500,4622468,19778184.0000,3,0.641000,1,-4.269700,26.082911,0.376562,-6.847293,1.982377,0
2013-06-14,sh.600577,4.2600,4.3700,4.2600,4.3500,4.2600,5641166,24408664.0000,3,0.782263,1,2.112700,26.633959,0.384518,-6.991955,2.024258,0
2013-06-17,sh.600577,4.3500,4.4300,4.2800,4.3800,4.3500,6414877,28023660.0000,3,0.889554,1,0.689700,26.817641,0.387170,-7.040175,2.038219,0
2013-06-18,sh.600577,4.3600,4.4400,4.3400,4.4200,4.3800,6461288,28495610.0000,3,0.895990,1,0.913200,27.062551,0.390705,-7.104469,2.056832,0
2013-06-19,sh.600577,4.4000,4.4300,4.2900,4.4200,4.4200,7790109,34196004.0000,3,1.080258,1,0.000000,27.062551,0.390705,-7.104469,2.056832,0
2013-06-20,sh.600577,4.3900,4.4100,4.3200,4.3300,4.4200,7833400,34288204.0000,3,1.086262,1,-2.036200,26.511504,0.382750,-6.959808,2.014951,0
2013-06-21,sh.600577,4.3200,4.3500,4.2100,4.3300,4.3300,7847190,33862976.0000,3,1.088174,1,0.000000,26.511504,0.382750,-6.959808,2.014951,0
2013-06-24,sh.600577,4.3400,4.3400,4.0000,4.0200,4.3300,7334838,30373256.0000,3,1.017126,1,-7.159400,24.613452,0.355347,-6.461530,1.870694,0
2013-06-25,sh.600577,4.0300,4.0700,3.6200,3.8300,4.0200,9826667,37276320.0000,3,1.362669,1,-4.726400,23.450129,0.338552,-6.156135,1.782278,0
2013-06-26,sh.600577,3.8300,3.9000,3.7600,3.8700,3.8300,4193890,16110290.0000,3,0.581569,1,1.044400,23.695039,0.342088,-6.220429,1.800892,0
2013-06-27,sh.600577,3.8800,3.9100,3.7000,3.7200,3.8700,5000792,19113436.0000,3,0.693462,1,-3.876000,22.776627,0.328829,-5.979327,1.731090,0
2013-06-28,sh.600577,3.7000,3.7600,3.6000,3.6500,3.7200,5652342,20715288.0000,3,0.783813,1,-1.881700,22.348034,0.322641,-5.866812,1.698515,0
2013-07-01,sh.600577,3.6500,3.6900,3.6200,3.6800,3.6500,3818433,13975419.0000,3,0.529504,1,0.821900,22.531717,0.325293,-5.915033,1.712476,0
2013-07-02,sh.600577,3.7100,3.7200,3.6400,3.7200,3.6800,4078409,15030722.0000,3,0.565555,1,1.087000,22.776627,0.328829,-5.979327,1.731090,0
2013-07-03,sh.600577,3.7000,3.7700,3.6600,3.7600,3.7200,4437757,16484205.0000,3,0.615386,1,1.075300,23.021537,0.332365,-6.043620,1.749704,0
2013-07-04,sh.600577,3.7600,3.8600,3.7100,3.8100,3.7600,6708349,25405842.0000,3,0.930250,1,1.329800,23.327674,0.336785,-6.123988,1.772971,0
2013-07-05,sh.600577,3.8300,3.8500,3.7600,3.7600,3.8100,5218622,19880964.0000,3,0.723669,1,-1.312300,23.021537,0.332365,-6.043620,1.749704,0
2013-07-08,sh.600577,3.7300,3.7300,3.5800,3.5900,3.7600,4819817,17537856.0000,3,0.668367,1,-4.521300,21.980669,0.317338,-5.770372,1.670595,0
2013-07-09,sh.600577,3.5000,3.6000,3.5000,3.5600,3.5900,2688000,9565112.0000,3,0.378823,1,-0.835700,21.447327,0.309638,-5.630358,1.630059,0
2013-07-10,sh.600577,3.5400,3.6800,3.5400,3.6700,3.5600,2968224,10768163.0000,3,0.418316,1,3.089900,22.110025,0.319205,-5.804330,1.680426,0
2013-07-11,sh.600577,3.6700,3.8100,3.6600,3.7600,3.6700,5485879,20566580.0000,3,0.773132,1,2.452300,22.652233,0.327033,-5.946671,1.721635,0
2013-07-12,sh.600577,3.7700,3.8200,3.6900,3.7000,3.7600,4786001,17953058.0000,3,0.674497,1,-1.595700,22.290761,0.321814,-5.851777,1.694163,0
2013-07-15,sh.600577,3.6900,3.7800,3.6900,3.7700,3.7000,2944712,11028485.0000,3,0.415002,1,1.891900,22.712478,0.327903,-5.962486,1.726214,0
2013-07-16,sh.600577,3.7600,3.8800,3.7200,3.8500,3.7700,6590114,25178640.0000,3,0.928753,1,2.122000,23.194441,0.334861,-6.089011,1.762845,0
2013-07-17,sh.600577,3.8400,3.9500,3.7800,3.9400,3.8500,9478139,36750764.0000,3,1.335766,1,2.337700,23.736648,0.342689,-6.231352,1.804054,0
2013-07-18,sh.600577,3.9300,4.0500,3.8900,3.9000,3.9400,7787038,30704896.0000,3,1.097437,1,-1.015200,23.495667,0.339210,-6.168089,1.785739,0
2013-07-19,sh.600577,3.9100,3.9600,3.7900,3.7900,3.9000,4490001,17374404.0000,3,0.632782,1,-2.820500,22.832969,0.329642,-5.994118,1.735372,0
2013-07-22,sh.600577,3.7600,3.8400,3.7300,3.8300,3.7900,3793683,14400003.0000,3,0.534649,1,1.055400,23.073950,0.333121,-6.057380,1.753687,0
2013-07-23,sh.600577,3.8300,3.9000,3.7900,3.8600,3.8300,4164733,16051317.0000,3,0.586941,1,0.783300,23.254686,0.335731,-6.104827,1.767424,0
2013-07-24,sh.600577,3.8500,3.9200,3.8300,3.8800,3.8600,5184291,20086964.0000,3,0.730629,1,0.518100,23.375177,0.337470,-6.136458,1.776581,0
2013-07-25,sh.600577,3.8800,3.9600,3.8200,3.8400,3.8800,9163920,35673896.0000,3,1.291483,1,-1.030900,23.134195,0.333991,-6.073196,1.758266,0
2013-07-26,sh.600577,3.8100,3.8500,3.7700,3.8100,3.8400,3291671,12524219.0000,3,0.463899,1,-0.781300,22.953459,0.331382,-6.025749,1.744530,0
2013-07-29,sh.600577,3.8000,3.8100,3.6800,3.7500,3.8100,4911849,18422984.0000,3,0.692233,1,-1.574800,22.591988,0.326163,-5.930855,1.717057,0
2013-07-30,sh.600577,3.7500,3.7700,3.7000,3.7400,3.7500,2530874,9445459.0000,3,0.356679,1,-0.266700,22.531742,0.325294,-5.915039,1.712478,0
2013-07-31,sh.600577,3.7300,3.7800,3.7100,3.7700,3.7400,3604199,13533012.0000,3,0.507944,1,0.802100,22.712478,0.327903,-5.962486,1.726214,0
2013-08-01,sh.600577,3.7700,3.8400,3.7500,3.8300,3.7700,3346767,12726986.0000,3,0.471664,1,1.591500,23.073950,0.333121,-6.057380,1.753687,0
2013-08-02,sh.600577,3.8400,3.8600,3.8100,3.8400,3.8300,3084238,11830288.0000,3,0.434666,1,0.261100,23.134195,0.333991,-6.073196,1.758266,0
2013-08-05,sh.600577,3.8400,3.8700,3.8100,3.8600,3.8400,2860304,11017423.0000,3,0.403106,1,0.520800,23.254686,0.335731,-6.104827,1.767424,0
2013-08-06,sh.600577,3.8700,3.9800,3.8300,3.9500,3.8600,6357006,24822626.0000,3,0.895901,1,2.331600,23.796894,0.343559,-6.247167,1.808633,0
2013-08-07,sh.600577,3.9800,3.9800,3.8600,3.8700,3.9500,5249589,20482382.0000,3,0.739831,1,-2.025300,23.314931,0.336601,-6.120642,1.772002,0
2013-08-08,sh.600577,3.8500,3.8900,3.8300,3.8500,3.8700,2622870,10130760.0000,3,0.369644,1,-0.516800,23.194441,0.334861,-6.089011,1.762845,0
2013-08-09,sh.600577,3.8600,3.8800,3.8000,3.8500,3.8500,3378564,12994891.0000,3,0.476145,1,0.000000,23.194441,0.334861,-6.089011,1.762845,0
2013-08-12,sh.600577,3.8500,4.0400,3.8500,4.0100,3.8500,15796427,63015872.0000,3,2.226211,1,4.155800,24.158365,0.348777,-6.342061,1.836106,0
2013-08-13,sh.600577,4.0200,4.0600,3.9900,4.0100,4.0100,4882443,19592164.0000,3,0.688089,1,0.000000,24.158365,0.348777,-6.342061,1.836106,0
2013-08-14,sh.600577,4.0200,4.0200,3.9600,3.9700,4.0100,3729094,14865779.0000,3,0.525546,1,-0.997500,23.917384,0.345298,-6.278799,1.817791,0
2013-08-15,sh.600577,3.9700,4.0100,3.9500,3.9700,3.9700,2751462,10971796.0000,3,0.387767,1,0.000000,23.917384,0.345298,-6.278799,1.817791,0
2013-08-16,sh.600577,3.9300,4.1000,3.9300,4.1000,3.9700,9765888,39420280.0000,3,1.376319,1,3.274600,24.700573,0.356605,-6.484402,1.877315,0
2013-08-19,sh.600577,4.1500,4.1800,4.0800,4.1400,4.1000,11826460,48778476.0000,3,1.666718,1,0.975600,24.941554,0.360084,-6.547664,1.895630,0
2013-08-20,sh.600577,4.1300,4.1300,4.0300,4.1000,4.1400,7000499,28585496.0000,3,0.986589,1,-0.966200,24.700573,0.356605,-6.484402,1.877315,0
2013-08-21,sh.600577,4.1300,4.1600,4.0600,4.1400,4.1000,4889372,20157272.0000,3,0.689066,1,0.975600,24.941554,0.360084,-6.547664,1.895630,0
2013-08-22,sh.600577,4.0900,4.2100,4.0900,4.1700,4.1400,5629740,23432548.0000,3,0.793407,1,0.724600,25.122290,0.362694,-6.595111,1.909367,0
2013-08-23,sh.600577,4.1700,4.1800,4.0700,4.1300,4.1700,4623013,19009816.0000,3,0.651527,1,-0.959200,24.881309,0.359215,-6.531848,1.891052,0
2013-08-26,sh.600577,4.1000,4.1600,4.0900,4.1400,4.1300,4332775,17861016.0000,3,0.610624,1,0.242100,24.941554,0.360084,-6.547664,1.895630,0
2013-08-27,sh.600577,4.1500,4.1500,4.0900,4.1400,4.1400,3755590,15472804.0000,3,0.529280,1,0.000000,25.216177,0.344147,-18.891146,1.858330,0
2013-08-28,sh.600577,4.1000,4.1100,4.0400,4.0700,4.1400,6279576,25549472.0000,3,0.884989,1,-1.690800,24.789816,0.338329,-18.571730,1.826909,0
2013-08-29,sh.600577,4.0600,4.1000,4.0400,4.0700,4.0700,3435448,13960450.0000,3,0.484162,1,0.000000,24.789816,0.338329,-18.571730,1.826909,0
2013-08-30,sh.600577,4.0700,4.0900,4.0300,4.0400,4.0700,4330575,17584232.0000,3,0.610314,1,-0.737100,24.607090,0.335835,-18.434838,1.813443,0
2013-09-02,sh.600577,4.0400,4.0800,4.0000,4.0800,4.0400,4342537,17523562.0000,3,0.611999,1,0.990100,24.850725,0.339160,-18.617361,1.831398,0
2013-09-03,sh.600577,4.0800,4.1200,4.0500,4.1000,4.0800,6404935,26189308.0000,3,0.902656,1,0.490200,24.972542,0.340822,-18.708623,1.840375,0
2013-09-04,sh.600577,4.1000,4.1400,4.0800,4.1200,4.1000,4538468,18694640.0000,3,0.639612,1,0.487800,25.094359,0.342485,-18.799884,1.849353,0
2013-09-05,sh.600577,4.1300,4.1500,4.0600,4.1000,4.1200,5502343,22542782.0000,3,0.775452,1,-0.485400,24.972542,0.340822,-18.708623,1.840375,0
2013-09-06,sh.600577,4.0800,4.1100,4.0600,4.1000,4.1000,4628364,18935204.0000,3,0.652281,1,0.000000,24.972542,0.340822,-18.708623,1.840375,0
2013-09-09,sh.600577,4.1000,4.2400,4.1000,4.1800,4.1000,11719097,48864896.0000,3,1.651588,1,1.951200,25.459811,0.347473,-19.073669,1.876285,0
2013-09-10,sh.600577,4.1800,4.2200,4.1400,4.1800,4.1800,7862669,32772048.0000,3,1.108096,1,0.000000,25.459811,0.347473,-19.073669,1.876285,0
2013-09-11,sh.600577,4.2000,4.2500,4.1700,4.2100,4.1800,9478119,39932973.0000,3,1.335764,1,0.717700,25.642537,0.349966,-19.210561,1.889751,0
2013-09-12,sh.600577,4.2400,4.3500,4.1900,4.2900,4.2100,13878487,59337801.0000,3,1.955913,1,1.900200,26.129806,0.356617,-19.575608,1.925661,0
2013-09-13,sh.600577,4.2600,4.2900,4.2300,4.2600,4.2900,7039343,29947486.0000,3,0.992064,1,-0.699300,25.947080,0.354123,-19.438715,1.912195,0
2013-09-16,sh.600577,4.2600,4.3300,4.1600,4.2200,4.2600,8361127,35302969.0000,3,1.178344,1,-0.939000,25.703446,0.350798,-19.256192,1.894240,0
2013-09-17,sh.600577,4.2000,4.2100,4.0600,4.0800,4.2200,5836169,24112323.0000,3,0.822499,1,-3.317500,24.850725,0.339160,-18.617361,1.831398,0
2013-09-18,sh.600577,4.0800,4.1500,4.0500,4.1300,4.0800,4177580,17039535.0000,3,0.588752,1,1.225500,25.155268,0.343316,-18.845515,1.853841,0
2013-09-23,sh.600577,4.1200,4.1600,4.1000,4.1500,4.1300,4798333,19785548.0000,3,0.676235,1,0.484300,25.277085,0.344979,-18.936777,1.862819,0
2013-09-24,sh.600577,4.1300,4.1600,4.0600,4.1000,4.1500,4201970,17223888.0000,3,0.592189,1,-1.204800,24.972542,0.340822,-18.708623,1.840375,0
2013-09-25,sh.600577,4.0900,4.1200,4.0500,4.1000,4.1000,5753621,23509028.0000,3,0.810865,1,0.000000,24.972542,0.340822,-18.708623,1.840375,0
2013-09-26,sh.600577,4.0800,4.1100,4.0400,4.1000,4.1000,6139234,24973718.0000,3,0.865210,1,0.000000,24.972542,0.340822,-18.708623,1.840375,0
2013-09-27,sh.600577,4.0800,4.1000,4.0400,4.0700,4.1000,3318506,13458639.0000,3,0.467681,1,-0.731700,24.789816,0.338329,-18.571730,1.826909,0
2013-09-30,sh.600577,4.0500,4.1000,4.0400,4.0900,4.0700,1872242,7627868.0000,3,0.263857,1,0.491400,24.911633,0.339991,-18.662992,1.835887,0
2013-10-08,sh.600577,4.0900,4.0900,4.0900,4.0900,4.0900,0,0.0000,3,,0,0.000000,24.911633,0.339991,-18.662992,1.835887,0
2013-10-09,sh.600577,4.0900,4.0900,4.0900,4.0900,4.0900,0,0.0000,3,,0,0.000000,24.911633,0.339991,-18.662992,1.835887,0
2013-10-10,sh.600577,4.0900,4.0900,4.0900,4.0900,4.0900,0,0.0000,3,,0,0.000000,24.911633,0.339991,-18.662992,1.835887,0
2013-10-11,sh.600577,4.0900,4.0900,4.0900,4.0900,4.0900,0,0.0000,3,,0,0.000000,24.911633,0.339991,-18.662992,1.835887,0
2013-10-14,sh.600577,4.0900,4.0900,4.0900,4.0900,4.0900,0,0.0000,3,,0,0.000000,24.911633,0.339991,-18.662992,1.835887,0
2013-10-15,sh.600577,4.0900,4.0900,4.0900,4.0900,4.0900,0,0.0000,3,,0,0.000000,24.911633,0.339991,-18.662992,1.835887,0
2013-10-16,sh.600577,4.0900,4.0900,4.0900,4.0900,4.0900,0,0.0000,3,,0,0.000000,24.911633,0.339991,-18.662992,1.835887,0
2013-10-17,sh.600577,4.0900,4.0900,4.0900,4.0900,4.0900,0,0.0000,3,,0,0.000000,24.911633,0.339991,-18.662992,1.835887,0
2013-10-18,sh.600577,4.0900,4.0900,4.0900,4.0900,4.0900,0,0.0000,3,,0,0.000000,24.911633,0.339991,-18.662992,1.835887,0
2013-10-21,sh.600577,4.0900,4.0900,4.0900,4.0900,4.0900,0,0.0000,3,,0,0.000000,24.911633,0.339991,-18.662992,1.835887,0
2013-10-22,sh.600577,4.4000,4.4000,4.1900,4.2200,4.0900,21651058,92608029.0000,3,3.051312,1,3.178500,25.703446,0.350798,-19.256192,1.894240,0
2013-10-23,sh.600577,4.2000,4.2400,4.0400,4.0600,4.2200,10293775,42556253.0000,3,1.450715,1,-3.791500,24.728907,0.337497,-18.526100,1.822420,0
2013-10-24,sh.600577,4.0400,4.0900,3.9500,3.9900,4.0600,8767786,35181132.0000,3,1.235655,1,-1.724100,24.302547,0.331678,-18.206684,1.790999,0
2013-10-25,sh.600577,3.9800,4.0900,3.9800,4.0800,3.9900,6828369,27599697.0000,3,0.962331,1,2.255600,24.994617,0.323466,-44.390189,1.794946,0
2013-10-28,sh.600577,4.0900,4.1200,4.0500,4.0900,4.0800,2866066,11704943.0000,3,0.403918,1,0.245100,25.055879,0.324259,-44.498988,1.799345,0
2013-10-29,sh.600577,4.1100,4.1300,4.0000,4.1100,4.0900,8744593,35554881.0000,3,1.232387,1,0.489000,25.178401,0.325844,-44.716587,1.808144,0
2013-10-30,sh.600577,4.1000,4.2700,4.0900,4.2600,4.1100,10662941,44869069.0000,3,1.502742,1,3.649600,26.097321,0.337736,-46.348579,1.874135,0
2013-10-31,sh.600577,4.2400,4.2900,4.1900,4.2700,4.2600,6589584,27911963.0000,3,0.928679,1,0.234700,26.158582,0.338529,-46.457379,1.878534,0
2013-11-01,sh.600577,4.2600,4.2600,4.1400,4.1800,4.2700,3799213,15908501.0000,3,0.535428,1,-2.107700,25.607231,0.331394,-45.478183,1.838940,0
2013-11-04,sh.600577,4.1500,4.2000,4.1300,4.1500,4.1800,3264994,13560280.0000,3,0.460140,1,-0.717700,25.423447,0.329015,-45.151785,1.825742,0
2013-11-05,sh.600577,4.1300,4.1800,4.0500,4.1700,4.1500,11896796,48794777.0000,3,1.676631,1,0.481900,25.545969,0.330601,-45.369384,1.834540,0
2013-11-06,sh.600577,4.1500,4.1700,4.0600,4.0600,4.1700,4510019,18482548.0000,3,0.635603,1,-2.637900,24.872095,0.321880,-44.172590,1.786147,0
2013-11-07,sh.600577,4.0700,4.1600,4.0200,4.1200,4.0600,8937702,36669976.0000,3,1.259602,1,1.477800,25.239663,0.326637,-44.825386,1.812544,0
2013-11-08,sh.600577,4.1500,4.2800,4.1100,4.1800,4.1200,16982677,71164357.0000,3,2.393391,1,1.456300,25.607231,0.331394,-45.478183,1.838940,0
2013-11-11,sh.600577,4.2200,4.2200,4.0400,4.1100,4.1800,5294833,21828455.0000,3,0.746208,1,-1.674600,25.178401,0.325844,-44.716587,1.808144,0
2013-11-12,sh.600577,4.1100,4.1500,4.0700,4.1200,4.1100,4393995,17992753.0000,3,0.619251,1,0.243300,25.239663,0.326637,-44.825386,1.812544,0
2013-11-13,sh.600577,4.1100,4.1100,4.0200,4.0400,4.1200,3887700,15771369.0000,3,0.547899,1,-1.941700,24.749572,0.320295,-43.954991,1.777349,0
2013-11-14,sh.600577,4.0300,4.0800,4.0100,4.0500,4.0400,3364231,13601880.0000,3,0.474125,1,0.247500,24.810833,0.321087,-44.063790,1.781748,0
2013-11-15,sh.600577,4.0500,4.1600,4.0300,4.1300,4.0500,9173286,37558059.0000,3,1.292803,1,1.975300,25.300924,0.327430,-44.934186,1.816943,0
2013-11-18,sh.600577,4.1300,4.2100,4.1100,4.1900,4.1300,26956483,112296240.0000,3,3.799012,1,1.452800,25.668492,0.332187,-45.586983,1.843339,0
2013-11-19,sh.600577,4.1700,4.1900,4.1000,4.1600,4.1900,6347116,26332085.0000,3,0.894507,1,-0.716000,25.484708,0.329808,-45.260584,1.830141,0
2013-11-20,sh.600577,4.1700,4.2500,4.1400,4.2400,4.1600,11538488,48571254.0000,3,1.626134,1,1.923100,25.974799,0.336151,-46.130980,1.865336,0
2013-11-21,sh.600577,4.2200,4.2200,4.1600,4.2100,4.2400,6444635,27014120.0000,3,0.908251,1,-0.707500,25.791015,0.333772,-45.804582,1.852138,0
2013-11-22,sh.600577,4.2100,4.2200,4.1100,4.1300,4.2100,7361488,30554988.0000,3,1.037464,1,-1.900200,25.300924,0.327430,-44.934186,1.816943,0
2013-11-25,sh.600577,4.1500,4.1700,4.1000,4.1300,4.1300,7397570,30642810.0000,3,1.042549,1,0.000000,25.300924,0.327430,-44.934186,1.816943,0
2013-11-26,sh.600577,4.1500,4.1900,4.1000,4.1600,4.1300,6400951,26529758.0000,3,0.902094,1,0.726400,25.484708,0.329808,-45.260584,1.830141,0
2013-11-27,sh.600577,4.1600,4.1900,4.1400,4.1800,4.1600,5178551,21583901.0000,3,0.729820,1,0.480800,25.607231,0.331394,-45.478183,1.838940,0
2013-11-28,sh.600577,4.1800,4.2300,4.1600,4.1900,4.1800,12329104,51783957.0000,3,1.737557,1,0.239200,25.668492,0.332187,-45.586983,1.843339,0
2013-11-29,sh.600577,4.1900,4.2100,4.1400,4.1600,4.1900,6352994,26467700.0000,3,0.895336,1,-0.716000,25.484708,0.329808,-45.260584,1.830141,0
2013-12-02,sh.600577,4.1400,4.1400,3.8500,3.9000,4.1600,11313025,45160214.0000,3,1.594359,1,-6.250000,23.891914,0.309195,-42.431798,1.715757,0
2013-12-03,sh.600577,3.9000,4.0100,3.8700,3.9800,3.9000,5273443,20831900.0000,3,0.743193,1,2.051300,24.382004,0.315538,-43.302194,1.750952,0
2013-12-04,sh.600577,3.9900,4.0500,3.9900,4.0300,3.9800,5641375,22722303.0000,3,0.795046,1,1.256300,24.688311,0.319502,-43.846191,1.772949,0
2013-12-05,sh.600577,4.0200,4.0400,3.9900,4.0000,4.0300,3482923,13964353.0000,3,0.490853,1,-0.744400,24.504527,0.317123,-43.519793,1.759751,0
2013-12-06,sh.600577,4.0100,4.0400,3.9900,4.0200,4.0000,2972533,11913751.0000,3,0.418923,1,0.500000,24.627050,0.318709,-43.737392,1.768550,0
2013-12-09,sh.600577,4.0200,4.0800,4.0100,4.0400,4.0200,4183850,16922505.0000,3,0.589635,1,0.497500,24.749572,0.320295,-43.954991,1.777349,0
2013-12-10,sh.600577,4.0500,4.0800,4.0200,4.0400,4.0400,4183588,16914499.0000,3,0.589598,1,0.000000,24.749572,0.320295,-43.954991,1.777349,0
2013-12-11,sh.600577,4.0400,4.0400,3.9600,3.9800,4.0400,4344572,17295844.0000,3,0.612286,1,-1.485100,24.382004,0.315538,-43.302194,1.750952,0
2013-12-12,sh.600577,3.9600,4.0200,3.9600,3.9800,3.9800,3116961,12411261.0000,3,0.439277,1,0.000000,24.382004,0.315538,-43.302194,1.750952,0
2013-12-13,sh.600577,3.9800,4.0000,3.9500,3.9800,3.9800,2186781,8691673.0000,3,0.308186,1,0.000000,24.382004,0.315538,-43.302194,1.750952,0
2013-12-16,sh.600577,3.9800,3.9800,3.9000,3.9200,3.9800,3551826,13975017.0000,3,0.500563,1,-1.507500,24.014436,0.310781,-42.649397,1.724556,0
2013-12-17,sh.600577,3.9100,3.9600,3.9000,3.9100,3.9200,2744656,10785593.0000,3,0.386808,1,-0.255100,23.953175,0.309988,-42.540597,1.720157,0
2013-12-18,sh.600577,3.9100,3.9400,3.8800,3.9000,3.9100,4036458,15768984.0000,3,0.568863,1,-0.255800,23.891914,0.309195,-42.431798,1.715757,0
2013-12-19,sh.600577,3.9100,3.9300,3.8600,3.8700,3.9000,2333613,9084678.0000,3,0.328879,1,-0.769200,23.708130,0.306817,-42.105399,1.702559,0
2013-12-20,sh.600577,3.8700,4.0000,3.8000,3.9400,3.8700,15866243,62123766.0000,3,2.236050,1,1.808800,24.136959,0.312366,-42.866996,1.733355,0
2013-12-23,sh.600577,3.9200,3.9400,3.8600,3.8800,3.9400,3119413,12151608.0000,3,0.439623,1,-1.522800,23.769391,0.307610,-42.214199,1.706958,0
2013-12-24,sh.600577,3.9000,3.9200,3.8400,3.8700,3.8800,3238134,12554564.0000,3,0.456354,1,-0.257700,23.708130,0.306817,-42.105399,1.702559,0
2013-12-25,sh.600577,3.8700,3.9000,3.8500,3.8900,3.8700,2479934,9599441.0000,3,0.349500,1,0.516800,23.830652,0.308402,-42.322998,1.711358,0
2013-12-26,sh.600577,3.8900,3.8900,3.8100,3.8100,3.8900,2824981,10854492.0000,3,0.398128,1,-2.056600,23.340562,0.302060,-41.452603,1.676163,0
2013-12-27,sh.600577,3.8500,3.8600,3.7900,3.8500,3.8100,4253159,16266803.0000,3,0.599403,1,1.049900,23.585607,0.305231,-41.887800,1.693760,0
2013-12-30,sh.600577,3.8400,3.8600,3.8000,3.8200,3.8500,2753727,10543992.0000,3,0.388086,1,-0.779200,23.401823,0.302853,-41.561402,1.680562,0
2013-12-31,sh.600577,3.8200,3.8600,3.8000,3.8500,3.8200,2351607,9020719.0000,3,0.331415,1,0.785300,23.585607,0.305231,-41.887800,1.693760,0
2014-01-02,sh.600577,3.8500,3.9200,3.8300,3.9200,3.8500,3993384,15541109.0000,3,0.562793,1,1.818200,24.014436,0.310781,-42.649397,1.724556,0
2014-01-03,sh.600577,3.9000,3.9100,3.8400,3.8600,3.9200,2499589,9647401.0000,3,0.352270,1,-1.530600,23.646868,0.306024,-41.996600,1.698160,0
2014-01-06,sh.600577,3.8500,4.1400,3.8500,4.0800,3.8600,24519122,98210926.0000,3,3.455512,1,5.699500,24.994617,0.323466,-44.390189,1.794946,0
2014-01-07,sh.600577,4.0400,4.1000,4.0000,4.0200,4.0800,6997515,28292985.0000,3,0.986169,1,-1.470600,24.627050,0.318709,-43.737392,1.768550,0
2014-01-08,sh.600577,4.0300,4.0300,3.9300,3.9400,4.0200,5095193,20208540.0000,3,0.718072,1,-1.990000,24.136959,0.312366,-42.866996,1.733355,0
2014-01-09,sh.600577,3.9500,3.9700,3.8600,3.8700,3.9400,4257749,16694257.0000,3,0.600050,1,-1.776600,23.708130,0.306817,-42.105399,1.702559,0
2014-01-10,sh.600577,3.9000,3.9300,3.8100,3.8200,3.8700,3718662,14396830.0000,3,0.524076,1,-1.292000,23.401823,0.302853,-41.561402,1.680562,0
2014-01-13,sh.600577,3.8000,3.8800,3.7500,3.7600,3.8200,4194481,15906820.0000,3,0.591134,1,-1.570700,23.034255,0.298096,-40.908605,1.654166,0
2014-01-14,sh.600577,3.7800,3.8500,3.7400,3.8200,3.7600,2789080,10589658.0000,3,0.393069,1,1.595700,23.401823,0.302853,-41.561402,1.680562,0
2014-01-15,sh.600577,3.8100,3.9100,3.8100,3.8900,3.8200,3992288,15403124.0000,3,0.562638,1,1.832500,23.830652,0.308402,-42.322998,1.711358,0
2014-01-16,sh.600577,3.8600,3.9300,3.8400,3.8700,3.8900,2312980,8983029.0000,3,0.325971,1,-0.514100,23.708130,0.306817,-42.105399,1.702559,0
2014-01-17,sh.600577,3.9000,3.9000,3.8100,3.8300,3.8700,3040450,11664785.0000,3,0.428495,1,-1.033600,23.463085,0.303646,-41.670202,1.684962,0
2014-01-20,sh.600577,3.8000,3.9100,3.8000,3.8700,3.8300,2145194,8285512.0000,3,0.302325,1,1.044400,23.708130,0.306817,-42.105399,1.702559,0
2014-01-21,sh.600577,3.8800,3.9200,3.8400,3.9000,3.8700,2367677,9216801.0000,3,0.333680,1,0.775200,23.891914,0.309195,-42.431798,1.715757,0
2014-01-22,sh.600577,3.9100,4.0000,3.8900,3.9600,3.9000,5247144,20717726.0000,3,0.739487,1,1.538500,24.259482,0.313952,-43.084595,1.742153,0
2014-01-23,sh.600577,3.9600,4.0600,3.9200,3.9700,3.9600,7795132,31290715.0000,3,1.098578,1,0.252500,24.320743,0.314745,-43.193394,1.746553,0
2014-01-24,sh.600577,3.9600,4.0600,3.9300,4.0200,3.9700,4982274,19969425.0000,3,0.702158,1,1.259400,24.627050,0.318709,-43.737392,1.768550,0
2014-01-27,sh.600577,4.0200,4.0400,3.9800,4.0100,4.0200,2672330,10698806.0000,3,0.376615,1,-0.248800,24.565788,0.317916,-43.628592,1.764150,0
2014-01-28,sh.600577,4.0100,4.0100,3.9500,4.0000,4.0100,3485690,13899092.0000,3,0.491243,1,-0.249400,24.504527,0.317123,-43.519793,1.759751,0
2014-01-29,sh.600577,4.0000,4.1200,3.9700,4.0400,4.0000,5072887,20512472.0000,3,0.714929,1,1.000000,24.749572,0.320295,-43.954991,1.777349,0
2014-01-30,sh.600577,4.0400,4.0700,4.0000,4.0200,4.0400,2556081,10298052.0000,3,0.360232,1,-0.495000,21.774124,0.300310,-43.737392,1.768550,0
2014-02-07,sh.600577,4.0100,4.0900,3.9700,4.0500,4.0200,2842700,11468890.0000,3,0.400625,1,0.746300,21.936617,0.302551,-44.063790,1.781748,0
2014-02-10,sh.600577,4.0600,4.1500,4.0500,4.1100,4.0500,6250035,25687945.0000,3,0.880826,1,1.481500,22.261604,0.307034,-44.716587,1.808144,0
2014-02-11,sh.600577,4.1300,4.1600,4.0800,4.1500,4.1100,7268627,30015211.0000,3,1.024377,1,0.973200,22.478262,0.310022,-45.151785,1.825742,0
2014-02-12,sh.600577,4.1600,4.1800,4.1000,4.1600,4.1500,5760041,23849172.0000,3,0.811770,1,0.241000,22.532427,0.310769,-45.260584,1.830141,0
2014-02-13,sh.600577,4.1600,4.2000,4.1300,4.1600,4.1600,7686590,32004102.0000,3,1.083281,1,0.000000,22.532427,0.310769,-45.260584,1.830141,0
2014-02-14,sh.600577,4.1600,4.2400,4.1200,4.2400,4.1600,8963932,37579594.0000,3,1.263299,1,1.923100,22.965742,0.316745,-46.130980,1.865336,0
2014-02-17,sh.600577,4.2600,4.5300,4.2400,4.4500,4.2400,27818356,122875058.0000,3,3.920477,1,4.952800,24.103197,0.332433,-48.415769,1.957723,0
2014-02-18,sh.600577,4.4300,4.4600,4.3000,4.3400,4.4500,22429160,97819327.0000,3,3.160971,1,-2.471900,23.507387,0.324215,-47.218975,1.909330,0
2014-02-19,sh.600577,4.3600,4.4200,4.3300,4.3900,4.3400,11251881,49273644.0000,3,1.585742,1,1.152100,23.778210,0.327951,-47.762973,1.931327,0
2014-02-20,sh.600577,4.3800,4.4000,4.2300,4.2700,4.3900,12515372,53750527.0000,3,1.763808,1,-2.733500,23.128236,0.318986,-46.457379,1.878534,0
2014-02-21,sh.600577,4.2400,4.3000,4.1800,4.2400,4.2700,5972105,25256235.0000,3,0.841656,1,-0.702600,22.965742,0.316745,-46.130980,1.865336,0
2014-02-24,sh.600577,4.2300,4.2800,4.1800,4.2800,4.2400,4694759,19897889.0000,3,0.661638,1,0.943400,23.182400,0.319733,-46.566178,1.882934,0
2014-02-25,sh.600577,4.2800,4.3400,4.0000,4.1400,4.2800,9471016,40440082.0000,3,1.334763,1,-3.271000,22.424098,0.309275,-45.042985,1.821342,0
2014-02-26,sh.600577,4.1600,4.2000,4.1000,4.1900,4.1400,3343839,13886992.0000,3,0.471252,1,1.207700,22.575039,0.311331,30.349594,1.824256,0
2014-02-27,sh.600577,4.2500,4.3700,4.1800,4.2000,4.1900,6855317,29393452.0000,3,0.966129,1,0.238700,22.628917,0.312074,30.422027,1.828610,0
2014-02-28,sh.600577,4.2000,4.2800,4.1200,4.2400,4.2000,4376017,18378467.0000,3,0.616718,1,0.952400,22.844431,0.315046,30.711761,1.846025,0
2014-03-03,sh.600577,4.2400,4.3300,4.2300,4.3200,4.2400,4607420,19754497.0000,3,0.649330,1,1.886800,23.275458,0.320990,31.291228,1.880856,0
2014-03-04,sh.600577,4.3300,4.3600,4.2800,4.3100,4.3200,6007584,25957320.0000,3,0.846657,1,-0.231500,23.221580,0.320247,31.218794,1.876502,0
2014-03-05,sh.600577,4.3200,4.4100,4.2500,4.3500,4.3100,7247058,31349636.0000,3,1.021337,1,0.928100,23.437093,0.323220,31.508528,1.893917,0
2014-03-06,sh.600577,4.3300,4.3800,4.3000,4.3600,4.3500,5486070,23853352.0000,3,0.773159,1,0.229900,23.490971,0.323963,31.580961,1.898271,0
2014-03-07,sh.600577,4.3600,4.4400,4.3100,4.4100,4.3600,9577426,42043316.0000,3,1.349759,1,1.146800,23.760363,0.327678,31.943128,1.920040,0
2014-03-10,sh.600577,4.4300,4.5100,4.3200,4.3300,4.4100,14068005,62410207.0000,3,1.982622,1,-1.814100,23.329336,0.321733,31.363661,1.885209,0
2014-03-11,sh.600577,4.3900,4.4300,4.1800,4.2600,4.3300,10273091,43828895.0000,3,1.447800,1,-1.616600,22.952188,0.316532,30.856627,1.854733,0
2014-03-12,sh.600577,4.2800,4.3100,4.1300,4.2200,4.2600,6963449,29435167.0000,3,0.981368,1,-0.939000,22.736674,0.313560,30.566894,1.837317,0
2014-03-13,sh.600577,4.2300,4.3100,4.2000,4.3100,4.2200,5882916,25148936.0000,3,0.829087,1,2.132700,23.221580,0.320247,31.218794,1.876502,0
2014-03-14,sh.600577,4.3000,4.3400,4.2600,4.3100,4.3100,4693074,20200084.0000,3,0.661401,1,0.000000,23.221580,0.320247,31.218794,1.876502,0
2014-03-17,sh.600577,4.3300,4.3400,4.2500,4.3400,4.3100,3742750,16093350.0000,3,0.527471,1,0.696100,23.383215,0.322476,31.436095,1.889563,0
2014-03-18,sh.600577,4.3400,4.4800,4.3100,4.4300,4.3400,13763861,61128397.0000,3,1.939759,1,2.073700,23.868120,0.329164,32.087995,1.928748,0
2014-03-19,sh.600577,4.4300,4.4900,4.3600,4.4600,4.4300,7614269,33762012.0000,3,1.073089,1,0.677200,24.029755,0.331393,32.305295,1.941809,0
2014-03-20,sh.600577,4.4300,4.4300,4.2900,4.2900,4.4600,7072939,30866734.0000,3,0.996798,1,-3.811700,23.113823,0.318761,31.073928,1.867794,0
2014-03-21,sh.600577,4.2900,4.4400,4.2500,4.4200,4.2900,6440204,28120328.0000,3,0.907626,1,3.030300,23.814242,0.328421,32.015562,1.924394,0
2014-03-24,sh.600577,4.4400,4.5000,4.3900,4.4800,4.4200,10566728,47159553.0000,3,1.489183,1,1.357500,24.137512,0.332879,32.450162,1.950517,0
2014-03-25,sh.600577,4.4800,4.5100,4.4400,4.4800,4.4800,5113200,22857764.0000,3,0.720610,1,0.000000,24.137512,0.332879,32.450162,1.950517,0
2014-03-26,sh.600577,4.5000,4.5300,4.4000,4.4500,4.4800,5172200,22984090.0000,3,0.728925,1,-0.669600,23.975877,0.330650,32.232862,1.937455,0
2014-03-27,sh.600577,4.4300,4.4300,4.3400,4.3700,4.4500,4561279,19986548.0000,3,0.642827,1,-1.797800,23.544850,0.324706,31.653395,1.902625,0
2014-03-28,sh.600577,4.3700,4.4400,4.2900,4.3500,4.3700,5930291,25880087.0000,3,0.835764,1,-0.457700,23.437093,0.323220,31.508528,1.893917,0
2014-03-31,sh.600577,4.3500,4.3800,4.2800,4.3000,4.3500,2888949,12464046.0000,3,0.407143,1,-1.149400,23.167701,0.319504,31.146361,1.872148,0
2014-04-01,sh.600577,4.3100,4.3800,4.2900,4.3600,4.3000,3083456,13393653.0000,3,0.434555,1,1.395300,23.490971,0.323963,31.580961,1.898271,0
2014-04-02,sh.600577,4.3600,4.4300,4.3600,4.4100,4.3600,4446658,19595194.0000,3,0.626673,1,1.146800,23.760363,0.327678,31.943128,1.920040,0
2014-04-03,sh.600577,4.4200,4.4400,4.3800,4.4100,4.4100,2873766,12661825.0000,3,0.405004,1,0.000000,23.760363,0.327678,31.943128,1.920040,0
2014-04-04,sh.600577,4.4600,4.7300,4.4300,4.6000,4.4100,21433205,98466806.0000,3,3.020609,1,4.308400,24.784052,0.341795,33.319363,2.002763,0
2014-04-08,sh.600577,4.5700,4.6600,4.4700,4.6300,4.6000,12058742,55241462.0000,3,1.699454,1,0.652200,24.945688,0.344024,33.536663,2.015824,0
2014-04-09,sh.600577,4.6100,4.7500,4.5900,4.6800,4.6300,12275183,57484126.0000,3,1.729957,1,1.079900,25.215079,0.347740,33.898830,2.037594,0
2014-04-10,sh.600577,4.6700,4.7600,4.6200,4.6300,4.6800,9764938,45633516.0000,3,1.376185,1,-1.068400,24.945688,0.344024,33.536663,2.015824,0
2014-04-11,sh.600577,4.6100,4.6900,4.5400,4.6800,4.6300,8977474,41444156.0000,3,1.265207,1,1.079900,25.215079,0.347740,33.898830,2.037594,0
2014-04-14,sh.600577,4.6700,4.7900,4.6600,4.6900,4.6800,8580032,40540107.0000,3,1.209195,1,0.213700,25.268958,0.348483,33.971263,2.041947,0
2014-04-15,sh.600577,4.6900,4.7500,4.6200,4.7300,4.6900,12093386,56589140.0000,3,1.704337,1,0.852900,25.484471,0.351455,34.260997,2.059363,0
2014-04-16,sh.600577,4.7300,5.0700,4.6700,5.0000,4.7300,22269261,108378967.0000,3,3.138436,1,5.708200,26.939187,0.371517,36.216699,2.176916,0
2014-04-17,sh.600577,5.0100,5.0300,4.9000,4.9500,5.0000,12659105,62720271.0000,3,1.784064,1,-1.000000,26.669796,0.367802,35.854532,2.155147,0
2014-04-18,sh.600577,4.9100,4.9500,4.8500,4.8800,4.9300,7094392,34724802.0000,3,0.999822,1,-1.014200,26.292647,0.362600,35.347498,2.124670,0
2014-04-21,sh.600577,4.8800,4.9600,4.7600,4.7800,4.8800,11145171,53903533.0000,3,1.570703,1,-2.049200,25.753863,0.355170,34.623164,2.081132,0
2014-04-22,sh.600577,4.7800,4.8300,4.6200,4.7400,4.7800,9526095,44910062.0000,3,1.342525,1,-0.836800,25.538350,0.352198,34.333430,2.063717,0
2014-04-23,sh.600577,4.7400,4.7800,4.6800,4.7600,4.7400,5389071,25497135.0000,3,0.759489,1,0.422000,25.646106,0.353684,34.478297,2.072424,0
2014-04-24,sh.600577,4.7300,4.7600,4.6500,4.7100,4.7600,5776938,27267485.0000,3,0.814151,1,-1.050400,25.376715,0.349969,34.116130,2.050655,0
2014-04-25,sh.600577,4.7200,4.8000,4.6800,4.7300,4.7100,9569327,45289963.0000,3,1.348618,1,0.424600,25.484471,0.351455,34.260997,2.059363,0
2014-04-28,sh.600577,4.7100,4.7700,4.5600,4.6600,4.7300,9430286,44019670.0000,3,1.329022,1,-1.479900,25.107323,0.346254,33.753963,2.028886,0
2014-04-29,sh.600577,4.6100,4.7800,4.5800,4.7700,4.6600,5275098,24875847.0000,3,0.743426,1,2.360500,25.356670,0.346886,-253.027438,2.032604,0
2014-04-30,sh.600577,4.7700,4.8800,4.7500,4.7900,4.7700,4571462,22017003.0000,3,0.644262,1,0.419300,25.462987,0.348340,-254.088350,2.041126,0
2014-05-05,sh.600577,4.8000,4.8600,4.7300,4.8500,4.7900,4604364,22176815.0000,3,0.648899,1,1.252600,25.781939,0.352704,-257.271085,2.066693,0
2014-05-06,sh.600577,4.8500,4.9000,4.8100,4.8900,4.8500,4623778,22433383.0000,3,0.651635,1,0.824700,25.994573,0.355613,-259.392909,2.083738,0
2014-05-07,sh.600577,4.8900,4.9000,4.8400,4.8800,4.8900,5940498,28962989.0000,3,0.837202,1,-0.204500,25.941415,0.354885,-258.862453,2.079477,0
2014-05-08,sh.600577,4.8500,4.9400,4.8500,4.8500,4.8800,8529753,41841697.0000,3,1.202109,1,-0.614800,25.781939,0.352704,-257.271085,2.066693,0
2014-05-09,sh.600577,4.8400,4.8500,4.6500,4.6700,4.8500,7377459,34923497.0000,3,1.039715,1,-3.711300,24.825083,0.339614,-247.722880,1.989991,0
2014-05-12,sh.600577,4.7000,4.9000,4.7000,4.8900,4.6700,7697733,37229925.0000,3,1.084851,1,4.710900,25.994573,0.355613,-259.392909,2.083738,0
2014-05-13,sh.600577,4.8900,5.0000,4.8400,4.9100,4.8900,7708003,38040281.0000,3,1.086299,1,0.409000,26.100890,0.357067,-260.453820,2.092261,0
2014-05-14,sh.600577,4.9000,4.9900,4.8300,4.8400,4.9100,7317888,36098104.0000,3,1.031319,1,-1.425700,25.728780,0.351976,-256.740629,2.062432,0
2014-05-15,sh.600577,4.8400,4.8700,4.7700,4.8400,4.8400,5299037,25619294.0000,3,0.746800,1,0.000000,25.728780,0.351976,-256.740629,2.062432,0
2014-05-16,sh.600577,4.8400,4.9400,4.8200,4.9300,4.8400,7457037,36605554.0000,3,1.050930,1,1.859500,26.207208,0.358522,-261.514732,2.100783,0
2014-05-19,sh.600577,4.9400,4.9500,4.7000,4.8500,4.9300,11067119,53382195.0000,3,1.559703,1,-1.622700,25.781939,0.352704,-257.271085,2.066693,0
2014-05-20,sh.600577,4.8100,4.9200,4.8000,4.9200,4.8500,6693344,32633067.0000,3,0.943302,1,1.443300,26.154049,0.357794,-260.984276,2.096522,0
2014-05-21,sh.600577,4.9100,4.9400,4.8300,4.9100,4.9200,4875028,23891819.0000,3,0.687044,1,-0.203300,26.100890,0.357067,-260.453820,2.092261,0
2014-05-22,sh.600577,4.9100,4.9400,4.8500,4.8700,4.9100,4733965,23209969.0000,3,0.667164,1,-0.814700,25.888256,0.354158,-258.331997,2.075216,0
2014-05-23,sh.600577,4.8500,4.9100,4.8100,4.8700,4.8700,3685028,17914472.0000,3,0.519336,1,0.000000,25.888256,0.354158,-258.331997,2.075216,0
2014-05-26,sh.600577,4.8900,5.0000,4.8500,4.8700,4.8700,7792354,38375234.0000,3,1.098187,1,0.000000,25.888256,0.354158,-258.331997,2.075216,0
2014-05-27,sh.600577,4.8700,4.8700,4.7500,4.7500,4.8700,11121457,53413293.0000,3,1.567361,1,-2.464100,25.250352,0.345431,-251.966527,2.024081,0
2014-05-28,sh.600577,4.7500,4.8600,4.5000,4.6300,4.7500,23184794,108550881.0000,3,3.267463,1,-2.526300,24.612449,0.336705,-245.601057,1.972947,0
2014-05-29,sh.600577,4.5800,4.7100,4.5500,4.7000,4.6300,10688993,49876658.0000,3,1.506414,1,1.511900,24.984559,0.341795,-249.314248,2.002775,0
2014-05-30,sh.600577,4.7100,4.7200,4.6200,4.6500,4.7000,3632256,16904053.0000,3,0.511899,1,-1.063800,24.718766,0.338159,-246.661968,1.981469,0
2014-06-03,sh.600577,4.6600,4.6700,4.6100,4.6500,4.6500,2014371,9351743.0000,3,0.283888,1,0.000000,24.718766,0.338159,-246.661968,1.981469,0
2014-06-04,sh.600577,4.6500,4.7400,4.5700,4.5900,4.6500,3554036,16505392.0000,3,0.500875,1,-1.290300,24.399814,0.333796,-243.479233,1.955902,0
2014-06-05,sh.600577,4.5800,4.6200,4.5300,4.6100,4.5900,2445109,11184575.0000,3,0.344592,1,0.435700,24.506131,0.335250,-244.540145,1.964424,0
2014-06-06,sh.600577,4.6200,4.6600,4.5600,4.5900,4.6100,1981122,9121219.0000,3,0.279202,1,-0.433800,24.399814,0.333796,-243.479233,1.955902,0
2014-06-09,sh.600577,4.6000,4.6000,4.4900,4.4900,4.5900,2464400,11167162.0000,3,0.347311,1,-2.178700,23.868228,0.326524,-238.174675,1.913289,0
2014-06-10,sh.600577,4.4900,4.5300,4.3700,4.5100,4.4900,14715272,65250995.0000,3,2.073842,1,0.445400,23.974545,0.327978,-239.235586,1.921812,0
2014-06-11,sh.600577,4.4800,4.5700,4.4400,4.5600,4.5100,6604161,29696599.0000,3,0.930733,1,1.108600,24.240338,0.331614,-241.887866,1.943118,0
2014-06-12,sh.600577,4.5800,4.7600,4.5000,4.7600,4.5600,10438463,48871589.0000,3,1.471106,1,4.386000,25.303511,0.346159,-252.496983,2.028342,0
2014-06-13,sh.600577,4.7100,4.7800,4.7100,4.7300,4.7600,3503809,16605605.0000,3,0.493796,1,-0.630300,25.144035,0.343977,-250.905615,2.015559,0
2014-06-16,sh.600577,4.7300,4.7800,4.6800,4.7500,4.7300,2827762,13430926.0000,3,0.398520,1,0.422800,25.250352,0.345431,-251.966527,2.024081,0
2014-06-17,sh.600577,4.7500,4.7500,4.6500,4.6500,4.7500,2494000,11682871.0000,3,0.351483,1,-2.105300,24.718766,0.338159,-246.661968,1.981469,0
2014-06-18,sh.600577,4.6300,4.6600,4.5900,4.6100,4.6500,2412360,11139044.0000,3,0.339977,1,-0.860200,24.506131,0.335250,-244.540145,1.964424,0
2014-06-19,sh.600577,4.6100,4.6700,4.5000,4.5300,4.6100,3495442,16005473.0000,3,0.492617,1,-1.735400,24.080862,0.329433,-240.296498,1.930334,0
2014-06-20,sh.600577,4.5100,4.6500,4.5000,4.5600,4.5300,3725074,16984602.0000,3,0.524980,1,0.662200,24.240338,0.331614,-241.887866,1.943118,0
2014-06-23,sh.600577,4.5900,4.6100,4.5500,4.5900,4.5600,3472328,15933548.0000,3,0.489360,1,0.657900,24.399814,0.333796,-243.479233,1.955902,0
2014-06-24,sh.600577,4.6100,4.6400,4.5600,4.6300,4.5900,2310000,10611985.0000,3,0.325551,1,0.871500,24.612449,0.336705,-245.601057,1.972947,0
2014-06-25,sh.600577,4.6500,4.6500,4.5700,4.5900,4.6300,1268468,5815414.0000,3,0.178767,1,-0.863900,24.399814,0.333796,-243.479233,1.955902,0
2014-06-26,sh.600577,4.6000,4.6700,4.5900,4.6700,4.5900,2706067,12553616.0000,3,0.381370,1,1.742900,24.825083,0.339614,-247.722880,1.989991,0
2014-06-27,sh.600577,4.7000,4.7700,4.6300,4.7000,4.6700,2386062,11222061.0000,3,0.336271,1,0.642400,24.984559,0.341795,-249.314248,2.002775,0
2014-06-30,sh.600577,4.7200,4.7600,4.6800,4.7100,4.7000,2106747,9933311.0000,3,0.296907,1,0.212800,25.037718,0.342523,-249.844703,2.007036,0
2014-07-01,sh.600577,4.7100,4.9000,4.6700,4.8600,4.7100,7894491,37869000.0000,3,1.112581,1,3.184700,25.835097,0.353431,-257.801541,2.070955,0
2014-07-02,sh.600577,4.8600,4.9500,4.8000,4.8900,4.8600,6888444,33693345.0000,3,0.970797,1,0.617300,25.994573,0.355613,-259.392909,2.083738,0
2014-07-03,sh.600577,4.9200,4.9300,4.8300,4.8500,4.8900,4957773,24134939.0000,3,0.698705,1,-0.818000,25.781939,0.352704,-257.271085,2.066693,0
2014-07-04,sh.600577,4.8200,4.9200,4.8000,4.8500,4.8500,4838100,23516229.0000,3,0.681840,1,0.000000,25.781939,0.352704,-257.271085,2.066693,0
2014-07-07,sh.600577,4.8400,4.9100,4.8400,4.9000,4.8500,2767479,13494901.0000,3,0.390024,1,1.030900,26.047732,0.356340,-259.923364,2.088000,0
2014-07-08,sh.600577,4.9200,4.9200,4.8400,4.8900,4.9000,3026760,14780608.0000,3,0.426565,1,-0.204100,25.994573,0.355613,-259.392909,2.083738,0
2014-07-09,sh.600577,4.9200,4.9200,4.7800,4.7900,4.8900,4808614,23314887.0000,3,0.677684,1,-2.045000,25.462987,0.348340,-254.088350,2.041126,0
2014-07-10,sh.600577,4.7900,4.9200,4.7500,4.8800,4.7900,4456967,21525993.0000,3,0.628126,1,1.878900,25.941415,0.354885,-258.862453,2.079477,0
2014-07-11,sh.600577,4.8700,4.9500,4.8500,4.9500,4.8800,4990816,24515272.0000,3,0.703362,1,1.434400,26.313525,0.359976,-262.575644,2.109306,0
2014-07-14,sh.600577,4.9400,5.3400,4.9200,5.2300,4.9500,17837811,92569628.0000,3,2.513906,1,5.656600,27.801967,0.380338,-277.428407,2.228620,0
2014-07-15,sh.600577,5.2300,5.2600,5.1500,5.2300,5.2300,5972265,31066802.0000,3,0.841679,1,0.000000,27.801967,0.380338,-277.428407,2.228620,0
2014-07-16,sh.600577,5.2400,5.2500,5.1000,5.1500,5.2300,4557443,23548983.0000,3,0.642286,1,-1.529600,27.376698,0.374520,-273.184761,2.194530,0
2014-07-17,sh.600577,5.1800,5.2000,5.1000,5.1200,5.1500,4687973,24066180.0000,3,0.660682,1,-0.582500,27.217222,0.372339,-271.593393,2.181746,0
2014-07-18,sh.600577,5.1500,5.2100,5.0800,5.1900,5.1200,4210745,21706900.0000,3,0.593426,1,1.367200,27.589332,0.377429,-275.306584,2.211575,0
2014-07-21,sh.600577,5.1900,5.1900,4.9600,5.0300,5.1900,7243544,36547957.0000,3,1.020842,1,-3.082800,26.738794,0.365794,-266.819290,2.143395,0
2014-07-22,sh.600577,5.0300,5.0600,4.9600,5.0400,5.0300,5173808,25956633.0000,3,0.729151,1,0.198800,26.791953,0.366521,-267.349746,2.147657,0
2014-07-23,sh.600577,5.0100,5.0900,5.0000,5.0300,5.0400,3589826,18094236.0000,3,0.505919,1,-0.198400,26.738794,0.365794,-266.819290,2.143395,0
2014-07-24,sh.600577,5.0300,5.0600,4.8400,4.9700,5.0300,10442690,51624597.0000,3,1.471702,1,-1.192900,26.419842,0.361430,-263.636555,2.117828,0
2014-07-25,sh.600577,4.9700,5.0100,4.9200,4.9700,4.9700,3435164,17062670.0000,3,0.484122,1,0.000000,26.419842,0.361430,-263.636555,2.117828,0
2014-07-28,sh.600577,4.9800,5.0800,4.9600,5.0600,4.9700,5438228,27343613.0000,3,0.766417,1,1.810900,26.898270,0.367975,-268.410658,2.156179,0
2014-07-29,sh.600577,5.0800,5.2100,5.0300,5.0800,5.0600,11554283,59056921.0000,3,1.628360,1,0.395300,27.004587,0.369430,-269.471570,2.164702,0
2014-07-30,sh.600577,5.0300,5.1900,5.0300,5.1500,5.0800,6730485,34622049.0000,3,0.948536,1,1.378000,27.376698,0.374520,-273.184761,2.194530,0
2014-07-31,sh.600577,5.1500,5.1800,5.1100,5.1700,5.1500,3896735,20069258.0000,3,0.549172,1,0.388300,27.483015,0.375975,-274.245672,2.203053,0
2014-08-01,sh.600577,5.1700,5.2100,5.1000,5.1100,5.1700,6720269,34692344.0000,3,0.947096,1,-1.160500,27.164063,0.371612,-271.062937,2.177485,0
2014-08-04,sh.600577,5.0800,5.3200,5.0700,5.2900,5.1100,11166470,58746937.0000,3,1.573705,1,3.522500,28.120919,0.384702,-280.611142,2.254187,0
2014-08-05,sh.600577,5.2800,5.3100,5.2200,5.2900,5.2900,4546988,23919945.0000,3,0.640813,1,0.000000,28.120919,0.384702,-280.611142,2.254187,0
2014-08-06,sh.600577,5.2900,5.4700,5.2500,5.4000,5.2900,8882483,47906425.0000,3,1.251820,1,2.079400,28.705664,0.392701,-286.446157,2.301061,0
2014-08-07,sh.600577,5.3900,5.5200,5.3300,5.3400,5.4000,8387493,45617312.0000,3,1.182060,1,-1.111100,28.386712,0.388338,-283.263422,2.275493,0
2014-08-08,sh.600577,5.3500,5.4000,5.2900,5.3400,5.3400,4194163,22367306.0000,3,0.591089,1,0.000000,28.386712,0.388338,-283.263422,2.275493,0
2014-08-11,sh.600577,5.3600,5.5700,5.3000,5.4900,5.3400,8865268,47933624.0000,3,1.249394,1,2.809000,29.184091,0.399246,-291.220259,2.339412,0
2014-08-12,sh.600577,5.4700,5.7400,5.4500,5.6800,5.4900,10507453,59292648.0000,3,1.480829,1,3.460800,41.602401,0.569132,-415.139260,3.334870,0
2014-08-13,sh.600577,5.6900,5.7100,5.5600,5.6700,5.6800,5564400,31377432.0000,3,0.784198,1,-0.176100,41.529158,0.568130,-414.408381,3.328999,0
2014-08-14,sh.600577,5.6900,5.7900,5.5800,5.5800,5.6700,8234439,46938655.0000,3,1.160490,1,-1.587300,40.869965,0.559112,-407.830470,3.276157,0
2014-08-15,sh.600577,5.6300,5.7600,5.6300,5.7200,5.5800,5661325,32334613.0000,3,0.797858,1,2.509000,41.895376,0.573140,-418.062776,3.358355,0
2014-08-18,sh.600577,5.7500,5.7900,5.6700,5.7500,5.7200,5272884,30166225.0000,3,0.743114,1,0.524500,42.115107,0.576146,-420.255413,3.375969,0
2014-08-19,sh.600577,5.7900,5.7900,5.6000,5.6400,5.7500,6650250,37646020.0000,3,0.937228,1,-1.913000,41.309427,0.565124,-412.215744,3.311385,0
2014-08-20,sh.600577,5.6500,5.6700,5.5000,5.5500,5.6400,9056251,50422475.0000,3,1.276309,1,-1.595700,40.650234,0.556106,-405.637833,3.258544,0
2014-08-21,sh.600577,5.5400,5.5900,5.4700,5.5600,5.5500,6263549,34663381.0000,3,0.882730,1,0.180200,40.723477,0.557108,-406.368712,3.264415,0
2014-08-22,sh.600577,5.5500,5.5900,5.4400,5.5200,5.5600,7080814,38903883.0000,3,0.997908,1,-0.719400,40.430503,0.553100,-403.445196,3.240930,0
2014-08-25,sh.600577,5.5100,5.6500,5.5000,5.5400,5.5200,8329911,46358651.0000,3,1.173945,1,0.362300,40.576990,0.555104,-404.906954,3.252672,0
2014-08-26,sh.600577,5.5600,5.6000,5.3400,5.3800,5.5400,7347111,40004171.0000,3,1.035438,1,-2.888100,38.072924,0.536740,202.305109,3.092296,0
2014-08-27,sh.600577,5.4000,5.4400,5.3600,5.4200,5.3800,4967537,26830908.0000,3,0.700081,1,0.743500,38.355994,0.540730,203.809236,3.115287,0
2014-08-28,sh.600577,5.4200,5.4400,5.3500,5.4100,5.4200,2814446,15166162.0000,3,0.396644,1,-0.184500,38.285226,0.539733,203.433204,3.109539,0
2014-08-29,sh.600577,5.4200,5.4500,5.0700,5.4400,5.4100,10078531,53304236.0000,3,1.420380,1,0.554500,38.497529,0.542726,204.561300,3.126782,0
2014-09-01,sh.600577,5.4500,5.5600,5.3900,5.5200,5.4400,7930807,43434984.0000,3,1.117699,1,1.470600,39.063669,0.550707,207.569554,3.172764,0
2014-09-02,sh.600577,5.5300,5.6500,5.4600,5.6000,5.5200,8139339,45380934.0000,3,1.147088,1,1.449300,39.629809,0.558688,210.577809,3.218746,0
2014-09-03,sh.600577,5.6600,5.7100,5.5800,5.6900,5.6000,17046114,96290555.0000,3,2.402331,1,1.607100,40.266717,0.567667,213.962095,3.270476,0
2014-09-04,sh.600577,5.6900,5.7800,5.5600,5.6800,5.6900,14698729,83156021.0000,3,2.071511,1,-0.175800,40.195949,0.566670,213.586063,3.264729,0
2014-09-05,sh.600577,5.6900,5.6900,5.5900,5.6800,5.6800,12288219,69176379.0000,3,1.731795,1,0.000000,40.195949,0.566670,213.586063,3.264729,0
2014-09-09,sh.600577,5.7000,5.8000,5.7000,5.7400,5.6800,12222169,70302649.0000,3,1.722486,1,1.056300,40.620554,0.572655,215.842254,3.299215,0
2014-09-10,sh.600577,5.7100,5.7900,5.6900,5.7700,5.7400,7957078,45697331.0000,3,1.121401,1,0.522700,40.832857,0.575648,216.970349,3.316458,0
2014-09-11,sh.600577,5.7700,5.8900,5.7100,5.7400,5.7700,11184493,64796059.0000,3,1.576245,1,-0.519900,40.620554,0.572655,215.842254,3.299215,0
2014-09-12,sh.600577,5.7400,5.8200,5.7100,5.7800,5.7400,6471386,37243307.0000,3,0.912021,1,0.696900,40.903624,0.576646,217.346381,3.322206,0
2014-09-15,sh.600577,5.8000,5.8700,5.7000,5.8100,5.7800,11689161,67771534.0000,3,1.647369,1,0.519000,41.115927,0.579639,218.474477,3.339449,0
2014-09-16,sh.600577,5.8300,5.8400,5.6100,5.6300,5.8100,11461408,65479549.0000,3,1.615271,1,-3.098100,39.842112,0.561681,211.705904,3.235990,0
2014-09-17,sh.600577,5.6200,5.7100,5.5000,5.6900,5.6300,7717193,43439947.0000,3,1.087594,1,1.065700,40.266717,0.567667,213.962095,3.270476,0
2014-09-18,sh.600577,5.6800,5.7200,5.6200,5.6600,5.6900,6989104,39617014.0000,3,0.984983,1,-0.527200,40.054414,0.564674,212.834000,3.253233,0
2014-09-19,sh.600577,5.6700,5.6800,5.5900,5.6200,5.6600,9370654,52623341.0000,3,1.320618,1,-0.706700,39.771344,0.560684,211.329872,3.230242,0
2014-09-22,sh.600577,5.5800,5.6200,5.4500,5.4500,5.6200,7827990,43118259.0000,3,1.103209,1,-3.024900,38.568296,0.543723,204.937332,3.132530,0
2014-09-23,sh.600577,5.4600,5.7400,5.4500,5.7300,5.4500,11432426,64473973.0000,3,1.611187,1,5.137600,40.549787,0.571658,215.466222,3.293467,0
2014-09-24,sh.600577,5.7600,5.7900,5.6900,5.7800,5.7300,8745333,50319954.0000,3,1.232491,1,0.872600,40.903624,0.576646,217.346381,3.322206,0
2014-09-25,sh.600577,5.7800,5.8300,5.6800,5.8000,5.7800,11742031,67578048.0000,3,1.654820,1,0.346000,41.045159,0.578641,218.098445,3.333702,0
2014-09-26,sh.600577,5.7900,6.0200,5.7900,6.0100,5.8000,17786416,105828255.0000,3,2.506663,1,3.620700,42.531277,0.599592,225.995113,3.454405,0
2014-09-29,sh.600577,6.0100,6.6100,6.0100,6.6100,6.0100,50060465,327795136.0000,3,7.055086,1,9.983400,46.777328,0.659452,248.557021,3.799270,0
2014-09-30,sh.600577,6.5400,6.6200,6.4500,6.5600,6.6100,22580296,148030385.0000,3,3.182270,1,-0.756400,46.423491,0.654463,246.676862,3.770532,0
2014-10-08,sh.600577,6.5000,6.8500,6.5000,6.7000,6.5600,22839089,153464264.0000,3,3.218742,1,2.134100,47.414236,0.668431,251.941307,3.851000,0
2014-10-09,sh.600577,6.7300,6.7500,6.4900,6.5900,6.7000,18899636,124453638.0000,3,2.663550,1,-1.641800,46.635793,0.657456,247.804957,3.787775,0
2014-10-10,sh.600577,6.5600,6.5600,6.4300,6.5000,6.5900,10701819,69406309.0000,3,1.508221,1,-1.365700,45.998885,0.648477,244.420671,3.736045,0
2014-10-13,sh.600577,6.5000,6.7500,6.4300,6.7300,6.5000,19488975,129058057.0000,3,2.746606,1,3.538500,47.626538,0.671424,253.069402,3.868244,0
2014-10-14,sh.600577,6.7400,6.8500,6.6000,6.7100,6.7300,14933515,100800107.0000,3,2.104600,1,-0.297200,47.485003,0.669428,252.317339,3.856748,0
2014-10-15,sh.600577,6.7000,6.8400,6.6200,6.7900,6.7100,12426811,83865270.0000,3,1.751327,1,1.192200,48.051143,0.677410,255.325593,3.902730,0
2014-10-16,sh.600577,6.7900,7.4400,6.7000,7.0000,6.7900,25804064,184082702.0000,3,3.636600,1,3.092800,49.537261,0.698360,263.222261,4.023433,0
2014-10-17,sh.600577,7.0000,7.1000,6.6900,6.8100,7.0000,18386843,126719002.0000,3,2.591282,1,-2.714300,48.192678,0.679405,256.077657,3.914226,0
2014-10-20,sh.600577,6.8500,7.0800,6.7600,6.8800,6.8100,9628577,66440283.0000,3,1.356968,1,1.027900,48.688051,0.686388,258.709879,3.954460,0
2014-10-21,sh.600577,6.8800,7.3600,6.8500,7.1900,6.8800,21575581,154680678.0000,3,3.040675,1,4.505800,50.881844,0.717316,270.366865,4.132641,0
2014-10-22,sh.600577,7.1900,7.5700,7.1000,7.2600,7.1900,18308947,134531237.0000,3,2.580304,1,0.973600,51.377217,0.724299,272.999088,4.172875,0
2014-10-23,sh.600577,7.2500,7.2500,6.9200,6.9600,7.2600,18592275,130602111.0000,3,2.620233,1,-4.132200,49.254191,0.694370,261.718134,4.000442,0
2014-10-24,sh.600577,6.9300,7.0300,6.7400,6.7700,6.9600,11442275,78478729.0000,3,1.612575,1,-2.729900,47.909608,0.675414,254.573529,3.891235,0
2014-10-27,sh.600577,6.7700,6.9600,6.6200,6.7800,6.7700,11437732,77706139.0000,3,1.611934,1,0.147700,47.980376,0.676412,254.949561,3.896982,0
2014-10-28,sh.600577,6.8000,7.1900,6.7600,7.1500,6.7800,18688135,130917769.0000,3,2.633743,1,5.457200,49.323344,0.716230,36.209639,2.569212,0
2014-10-29,sh.600577,7.1600,7.2900,7.1100,7.1900,7.1500,17762210,127771531.0000,3,2.503251,1,0.559400,49.599279,0.720237,36.412210,2.583585,0
2014-10-30,sh.600577,7.1900,7.3000,7.1500,7.2200,7.1900,10144205,73131828.0000,3,1.429636,1,0.417200,49.806230,0.723242,36.564139,2.594365,0
2014-10-31,sh.600577,7.2500,7.4300,7.1100,7.2100,7.2200,14612201,106276901.0000,3,2.059316,1,-0.138500,49.737246,0.722240,36.513496,2.590772,0
2014-11-03,sh.600577,7.2000,7.3600,7.0300,7.3600,7.2100,13928255,100172889.0000,3,1.962927,1,2.080400,50.772001,0.737266,37.273139,2.644672,0
2014-11-04,sh.600577,7.3800,7.4400,7.2500,7.3600,7.3600,9224653,67749291.0000,3,1.300042,1,0.000000,50.772001,0.737266,37.273139,2.644672,0
2014-11-05,sh.600577,7.3000,7.4300,7.1000,7.1900,7.3600,9374237,67655441.0000,3,1.321123,1,-2.309800,49.599279,0.720237,36.412210,2.583585,0
2014-11-06,sh.600577,7.1200,7.2200,7.0400,7.1300,7.1900,6479831,46155000.0000,3,0.913211,1,-0.834500,49.185376,0.714226,36.108353,2.562026,0
2014-11-07,sh.600577,7.1300,7.2200,7.0500,7.0700,7.1300,7845136,55952058.0000,3,1.105625,1,-0.841500,48.771474,0.708216,35.804496,2.540466,0
2014-11-10,sh.600577,7.0900,7.2000,7.0600,7.1100,7.0700,5847877,41543734.0000,3,0.824149,1,0.565800,49.047409,0.712223,36.007067,2.554839,0
2014-11-11,sh.600577,7.1800,7.1900,6.6700,6.6900,7.1100,13018917,89559108.0000,3,1.834773,1,-5.907200,46.150094,0.670151,33.880068,2.403920,0
2014-11-12,sh.600577,6.6800,6.9700,6.6300,6.8600,6.6900,6826888,46518322.0000,3,0.962122,1,2.541100,47.322817,0.687180,34.740996,2.465006,0
2014-11-13,sh.600577,6.9000,6.9100,6.6400,6.7200,6.8600,5751670,38636154.0000,3,0.810590,1,-2.040800,46.357045,0.673156,34.031996,2.414700,0
2014-11-14,sh.600577,6.6600,6.8000,6.5800,6.7500,6.7200,4925031,33004917.0000,3,0.694091,1,0.446400,46.563996,0.676161,34.183925,2.425480,0
2014-11-17,sh.600577,6.7500,7.0200,6.7200,6.9200,6.7500,6385032,44051865.0000,3,0.899851,1,2.518500,47.736719,0.693190,35.044853,2.486566,0
2014-11-18,sh.600577,6.9100,7.0000,6.8900,6.9300,6.9200,5221592,36229272.0000,3,0.735886,1,0.144500,47.805702,0.694192,35.095496,2.490160,0
2014-11-19,sh.600577,6.8900,7.1000,6.8100,7.0900,6.9300,7140788,50134731.0000,3,1.006360,1,2.308800,48.909442,0.710219,35.905782,2.547652,0
2014-11-20,sh.600577,7.1300,7.2900,7.0700,7.0700,7.0900,7233792,51860853.0000,3,1.019468,1,-0.282100,48.771474,0.708216,35.804496,2.540466,0
2014-11-21,sh.600577,7.0800,7.1700,6.9800,7.0900,7.0700,5743289,40683969.0000,3,0.809409,1,0.282900,48.909442,0.710219,35.905782,2.547652,0
2014-11-24,sh.600577,7.1000,7.2500,7.0700,7.1100,7.0900,6796767,48384444.0000,3,0.957877,1,0.282100,49.047409,0.712223,36.007067,2.554839,0
2014-11-25,sh.600577,7.1600,7.5000,7.1300,7.4100,7.1100,14595571,106664537.0000,3,2.056973,1,4.219400,51.116920,0.742274,37.526353,2.662638,0
2014-11-26,sh.600577,7.4000,7.7500,7.3800,7.6900,7.4100,16950135,129179526.0000,3,2.388804,1,3.778700,53.048463,0.770323,38.944353,2.763251,0
2014-11-27,sh.600577,7.7000,7.8000,7.5500,7.6200,7.6900,10502236,80341326.0000,3,1.480094,1,-0.910300,52.565578,0.763311,38.589853,2.738098,0
2014-11-28,sh.600577,7.6000,7.6000,7.4300,7.5500,7.6200,9873820,74227307.0000,3,1.391530,1,-0.918600,52.082692,0.756299,38.235353,2.712944,0
2014-12-01,sh.600577,7.5400,7.5400,7.2500,7.3400,7.5500,9038757,66621057.0000,3,1.273844,1,-2.781500,50.634034,0.735262,37.171853,2.637485,0
2014-12-02,sh.600577,7.3400,7.5600,7.3200,7.3800,7.3400,7999597,59366251.0000,3,1.127394,1,0.545000,50.909969,0.739269,37.374424,2.651858,0
2014-12-03,sh.600577,7.3800,7.3800,7.1600,7.3000,7.3800,11878901,85773936.0000,3,1.674109,1,-1.084000,50.358099,0.731256,36.969282,2.623112,0
2014-12-04,sh.600577,7.3100,7.3300,7.1900,7.2400,7.3000,13628762,99001898.0000,3,1.920719,1,-0.821900,49.944197,0.725245,36.665425,2.601552,0
2014-12-05,sh.600577,7.2400,7.5600,7.0900,7.4000,7.2400,21843476,160857137.0000,3,3.078429,1,2.209900,51.047936,0.741273,37.475710,2.659045,0
2014-12-08,sh.600577,7.4100,7.4100,7.1000,7.2000,7.4000,15897052,114790229.0000,3,2.240392,1,-2.702700,49.668262,0.721238,36.462853,2.587179,0
2014-12-09,sh.600577,7.1500,7.1700,6.7700,6.8100,7.2000,15282972,107260442.0000,3,2.153849,1,-5.416700,46.977898,0.682171,34.487782,2.447040,0
2014-12-10,sh.600577,6.9000,7.2500,6.8000,7.2200,6.8100,11485626,80672707.0000,3,1.618684,1,6.020600,49.806230,0.723242,36.564139,2.594365,0
2014-12-11,sh.600577,7.2300,7.5500,7.2000,7.2100,7.2200,22059483,161888651.0000,3,3.108871,1,-0.138500,49.737246,0.722240,36.513496,2.590772,0
2014-12-12,sh.600577,7.2300,7.4000,7.1900,7.3100,7.2100,10582678,76974438.0000,3,1.491431,1,1.387000,50.427083,0.732257,37.019924,2.626705,0
2014-12-15,sh.600577,7.3200,7.5400,7.2700,7.5000,7.3100,14934093,110932114.0000,3,2.104681,1,2.599200,51.737773,0.751290,37.982139,2.694978,0
2014-12-16,sh.600577,7.5000,7.5000,7.2500,7.3300,7.5000,11928307,87851820.0000,3,1.681072,1,-2.266700,50.565050,0.734261,37.121210,2.633892,0
2014-12-17,sh.600577,7.3000,7.3000,7.0600,7.1800,7.3300,11241798,80323108.0000,3,1.584321,1,-2.046400,49.530295,0.719235,36.361567,2.579992,0
2014-12-18,sh.600577,7.1800,7.2700,7.0000,7.0600,7.1800,19556661,138862202.0000,3,2.756146,1,-1.671300,48.702490,0.707214,35.753853,2.536873,0
2014-12-19,sh.600577,7.1000,7.1100,6.8900,6.9700,7.0600,9256596,64415216.0000,3,1.304544,1,-1.274800,48.081637,0.698199,35.298068,2.504533,0
2014-12-22,sh.600577,6.9200,7.1000,6.7500,6.7900,6.9700,11948458,82274359.0000,3,1.683912,1,-2.582500,46.839931,0.680168,34.386496,2.439853,0
2014-12-23,sh.600577,6.9000,6.9300,6.6000,6.6500,6.7900,7501665,50593665.0000,3,1.057219,1,-2.061900,45.874159,0.666144,33.677496,2.389547,0
2014-12-24,sh.600577,6.7300,6.7800,6.5900,6.7800,6.6500,8492731,56695077.0000,3,1.196892,1,1.954900,46.770947,0.679166,34.335853,2.436260,0
2014-12-25,sh.600577,6.8000,7.0200,6.5900,7.0000,6.7800,18016603,122842170.0000,3,2.539103,1,3.244800,48.288588,0.701204,35.449996,2.515313,0
2014-12-26,sh.600577,6.9000,7.1800,6.9000,7.1700,7.0000,12784141,90780325.0000,3,1.801686,1,2.428600,49.461311,0.718233,36.310925,2.576399,0
2014-12-29,sh.600577,7.1700,7.4200,6.9500,7.2300,7.1700,19348812,139362900.0000,3,2.726853,1,0.836800,49.875213,0.724244,36.614782,2.597959,0
2014-12-30,sh.600577,7.2000,7.3200,7.0900,7.1000,7.2300,7860800,56674766.0000,3,1.107833,1,-1.798100,48.978425,0.711221,35.956425,2.551246,0
2014-12-31,sh.600577,7.1300,7.1700,6.8900,7.0900,7.1000,8363029,58479764.0000,3,1.178613,1,-0.140800,48.909442,0.710219,35.905782,2.547652,0
2015-01-05,sh.600577,7.0500,7.1400,6.8800,7.0700,7.0900,8071923,56603118.0000,3,1.137587,1,-0.282100,48.771474,0.708216,35.804496,2.540466,0
2015-01-06,sh.600577,7.0600,7.1000,6.9100,7.0600,7.0700,7454123,52208595.0000,3,1.050519,1,-0.141400,48.702490,0.707214,35.753853,2.536873,0
2015-01-07,sh.600577,7.0300,7.2100,6.9600,7.1800,7.0600,8422663,60057398.0000,3,1.187017,1,1.699700,49.530295,0.719235,36.361567,2.579992,0
2015-01-08,sh.600577,7.1900,7.2500,7.1000,7.1900,7.1800,7987880,57239729.0000,3,1.125742,1,0.139300,49.599279,0.720237,36.412210,2.583585,0
2015-01-09,sh.600577,7.1900,7.2000,7.0000,7.0100,7.1900,5482843,38981277.0000,3,0.772704,1,-2.503500,48.357572,0.702206,35.500639,2.518906,0
2015-01-12,sh.600577,7.0800,7.0900,6.8600,6.9600,7.0100,5595779,38897997.0000,3,0.788620,1,-0.713300,48.012653,0.697197,35.247425,2.500939,0
2015-01-13,sh.600577,6.9700,7.1300,6.9000,7.0300,6.9600,4099616,28716021.0000,3,0.577764,1,1.005700,48.495539,0.704209,35.601925,2.526093,0
2015-01-14,sh.600577,7.0500,7.2300,6.9600,7.1400,7.0300,8072498,57407762.0000,3,1.137668,1,1.564700,49.254360,0.715228,36.158996,2.565619,0
2015-01-15,sh.600577,7.1500,7.3900,7.1300,7.2000,7.1400,8257519,59975800.0000,3,1.163743,1,0.840300,49.668262,0.721238,36.462853,2.587179,0
2015-01-16,sh.600577,7.2400,7.2700,7.0500,7.1700,7.2000,5534914,39508570.0000,3,0.780043,1,-0.416700,49.461311,0.718233,36.310925,2.576399,0
2015-01-19,sh.600577,7.0000,7.1200,6.6500,6.8600,7.1700,16388004,113593432.0000,3,2.309583,1,-4.323600,47.322817,0.687180,34.740996,2.465006,0
2015-01-20,sh.600577,6.9100,7.0700,6.8200,7.0200,6.8600,11058240,76427573.0000,3,1.558452,1,2.332400,48.426556,0.703207,35.551282,2.522499,0
2015-01-21,sh.600577,7.0000,7.0900,6.9700,7.0300,7.0200,14215928,99710139.0000,3,2.003469,1,0.142500,48.495539,0.704209,35.601925,2.526093,0
2015-01-22,sh.600577,7.0300,7.2500,6.9100,7.2400,7.0300,14612373,103895726.0000,3,2.059341,1,2.987200,49.944197,0.725245,36.665425,2.601552,0
2015-01-23,sh.600577,7.2600,7.3300,7.1800,7.1900,7.2400,14069443,102079234.0000,3,1.982825,1,-0.690600,49.599279,0.720237,36.412210,2.583585,0
2015-01-26,sh.600577,7.1900,7.8100,7.1800,7.8000,7.1900,35055071,261118114.0000,3,4.940357,1,8.484000,53.807284,0.781342,39.501424,2.802777,0
2015-01-27,sh.600577,7.8000,8.3000,7.7100,8.0100,7.8000,36249721,290306080.0000,3,5.108720,1,2.692300,55.255942,0.802378,40.564924,2.878236,0
2015-01-28,sh.600577,7.9300,8.2500,7.8100,8.1600,8.0100,18580082,150482544.0000,3,2.618515,1,1.872700,56.290697,0.817403,41.324567,2.932136,0
2015-01-29,sh.600577,8.1000,8.1400,7.8800,7.9900,8.1600,11420165,91356751.0000,3,1.609459,1,-2.083300,55.117974,0.800374,40.463638,2.871050,0
2015-01-30,sh.600577,8.0000,8.3400,7.8500,8.2800,7.9900,18334110,148422888.0000,3,2.583850,1,3.629500,57.118502,0.829424,41.932281,2.975256,0
2015-02-02,sh.600577,8.1900,8.4900,7.9800,8.3300,8.2800,16623645,136807837.0000,3,2.342792,1,0.603900,57.463420,0.834433,42.185495,2.993222,0
2015-02-03,sh.600577,8.5800,9.0500,8.3700,8.5300,8.3300,35985797,310335104.0000,3,5.071525,1,2.401000,58.843094,0.854467,43.198352,3.065088,0
2015-02-04,sh.600577,8.4100,8.6100,8.3200,8.5000,8.5300,14483582,122282196.0000,3,2.041190,1,-0.351700,58.636143,0.851462,43.046424,3.054308,0
2015-02-05,sh.600577,8.5700,8.6000,8.3100,8.3200,8.5000,13701306,115665517.0000,3,1.930943,1,-2.117700,57.394436,0.833431,42.134852,2.989629,0
2015-02-06,sh.600577,8.3000,8.3600,8.0100,8.0900,8.3200,9471548,77185358.0000,3,1.334838,1,-2.764400,55.807811,0.810391,40.970067,2.906983,0
2015-02-09,sh.600577,8.0000,8.3300,7.9500,8.2200,8.0900,7771538,63177512.0000,3,1.095253,1,1.606900,56.704599,0.823414,41.628424,2.953696,0
2015-02-10,sh.600577,8.2200,8.3200,8.1400,8.1900,8.2200,4196808,34509095.0000,3,0.591462,1,-0.365000,56.497648,0.820409,41.476495,2.942916,0
2015-02-11,sh.600577,8.1900,8.3200,8.0800,8.3000,8.1900,8715020,71553072.0000,3,1.228219,1,1.343100,57.256469,0.831428,42.033567,2.982442,0
2015-02-12,sh.600577,8.3000,8.3800,8.1600,8.3800,8.3000,5816942,48200599.0000,3,0.819789,1,0.963900,57.808339,0.839441,42.438710,3.011189,0
2015-02-13,sh.600577,8.3800,8.6800,8.3600,8.4800,8.3800,12306744,104673395.0000,3,1.734405,1,1.193300,58.498176,0.849458,42.945138,3.047122,0
2015-02-16,sh.600577,8.5100,8.5700,8.4200,8.5300,8.4800,11692355,99362806.0000,3,1.647819,1,0.589600,58.843094,0.854467,43.198352,3.065088,0
2015-02-17,sh.600577,8.4900,8.7500,8.4900,8.7100,8.5300,10963516,94681006.0000,3,1.545103,1,2.110200,60.084801,0.872498,44.109924,3.129768,0
2015-02-25,sh.600577,8.7200,8.9500,8.6100,8.7200,8.7100,10853143,95057255.0000,3,1.529547,1,0.114800,60.153784,0.873500,44.160567,3.133361,0
2015-02-26,sh.600577,8.7200,8.9400,8.6600,8.7500,8.7200,12050570,105971083.0000,3,1.698302,1,0.344000,60.360735,0.876505,44.312495,3.144141,0
2015-02-27,sh.600577,8.7600,9.1500,8.7000,9.0900,8.7500,16536000,147495921.0000,3,2.330440,1,3.885700,62.706181,0.910563,46.034352,3.266313,0
2015-03-02,sh.600577,9.2000,9.2500,8.9400,9.1500,9.0900,12777866,116597662.0000,3,1.800801,1,0.660100,63.120083,0.916574,46.338209,3.287873,0
2015-03-03,sh.600577,9.1600,9.4900,9.0300,9.1600,9.1500,16689868,154475139.0000,3,2.352125,1,0.109300,63.189067,0.917575,46.388852,3.291466,0
2015-03-04,sh.600577,9.1700,9.2600,9.0700,9.1900,9.1600,9389467,86158258.0000,3,1.323270,1,0.327500,63.396018,0.920581,46.540781,3.302246,0
2015-03-05,sh.600577,9.1700,9.2300,9.0300,9.2100,9.1900,12751792,116450384.0000,3,1.797127,1,0.217600,63.533985,0.922584,46.642066,3.309433,0
2015-03-06,sh.600577,9.2000,9.2300,8.9800,8.9900,9.2100,12506050,113192088.0000,3,1.762494,1,-2.388700,62.016344,0.900546,45.527924,3.230380,0
2015-03-09,sh.600577,8.9800,9.0700,8.7500,9.0400,8.9900,7829809,70019591.0000,3,1.103465,1,0.556200,62.361263,0.905555,45.781138,3.248347,0
2015-03-10,sh.600577,9.0000,9.1500,8.9000,9.1300,9.0400,12047672,108466195.0000,3,1.697894,1,0.995600,62.982116,0.914570,46.236923,3.280686,0
2015-03-11,sh.600577,9.1000,9.1900,8.9800,9.0700,9.1300,11145797,101191005.0000,3,1.570792,1,-0.657200,62.568214,0.908560,45.933066,3.259127,0
2015-03-12,sh.600577,9.0400,9.2500,8.9500,9.1800,9.0700,14790468,134368713.0000,3,2.084440,1,1.212800,63.327034,0.919579,46.490138,3.298653,0
2015-03-13,sh.600577,9.1700,9.4500,8.9800,9.2700,9.1800,26143043,241005263.0000,3,3.684373,1,0.980400,63.947888,0.928594,46.945923,3.330993,0
2015-03-16,sh.600577,9.3000,9.5300,9.2200,9.4900,9.2700,25110530,235974502.0000,3,3.538860,1,2.373200,65.465529,0.950632,48.060066,3.410045,0
2015-03-17,sh.600577,9.5200,9.5500,9.3100,9.4300,9.4900,22431058,211255353.0000,3,3.161238,1,-0.632200,65.051627,0.944622,47.756209,3.388486,0
2015-03-18,sh.600577,9.4200,9.6500,9.4000,9.6100,9.4300,23867743,226845709.0000,3,3.363712,1,1.908800,66.293333,0.962653,48.667780,3.453165,0
2015-03-19,sh.600577,9.6200,10.1500,9.5600,9.8600,9.6100,29778604,294395760.0000,3,4.196737,1,2.601500,68.017926,0.987696,49.933852,3.542998,0
2015-03-20,sh.600577,9.8300,10.8500,9.8300,10.8400,9.8600,38412238,397308944.0000,3,5.413486,1,9.939200,74.778328,1.085864,54.896851,3.895141,0
2015-03-23,sh.600577,10.9000,11.8400,10.8400,11.3600,10.8400,48298949,547308736.0000,3,6.806833,1,4.797000,78.365480,1.137954,57.530279,4.081993,0
2015-03-24,sh.600577,11.5300,12.1500,11.3200,11.9300,11.3600,80231516,940963504.0000,3,11.307131,1,5.017600,86.470216,1.258458,-369.961755,4.265690,0
2015-03-25,sh.600577,11.9300,12.1800,11.6000,12.0300,11.9300,54216497,645248432.0000,3,7.640801,1,0.838200,87.195029,1.269006,-373.062860,4.301446,0
2015-03-26,sh.600577,11.9100,12.0700,11.5100,11.6000,12.0300,45215236,530881568.0000,3,6.372242,1,-3.574400,84.078332,1.223647,-359.728111,4.147695,0
2015-03-27,sh.600577,11.6200,12.0000,11.6100,11.8000,11.6000,30634934,362750928.0000,3,4.317421,1,1.724100,85.527959,1.244744,-365.930319,4.219207,0
2015-03-30,sh.600577,11.9000,11.9800,11.6600,11.8300,11.8000,35179380,414387232.0000,3,4.957876,1,0.254200,85.745403,1.247909,-366.860651,4.229934,0
2015-03-31,sh.600577,11.8500,12.1700,11.7100,11.8400,11.8300,38246756,455833840.0000,3,5.390165,1,0.084500,85.817884,1.248964,-367.170761,4.233509,0
2015-04-01,sh.600577,11.8400,12.9700,11.8100,12.5900,11.8400,47456361,584071424.0000,3,6.688086,1,6.334500,91.253983,1.328079,-390.429044,4.501679,0
2015-04-02,sh.600577,12.6500,13.0700,12.6000,13.0500,12.5900,44015786,564114016.0000,3,6.203202,1,3.653700,94.588124,1.376603,-404.694125,4.666157,0
2015-04-03,sh.600577,13.0500,14.2900,12.8500,14.2600,13.0500,46639143,639843888.0000,3,6.572915,1,9.272000,103.358364,1.504242,-442.217488,5.098804,0
2015-04-07,sh.600577,14.3800,14.8000,13.9900,14.5100,14.2600,60350784,866597312.0000,3,8.505314,1,1.753200,105.170397,1.530614,-449.970249,5.188194,0
2015-04-08,sh.600577,14.5100,15.2300,14.2100,14.6400,14.5100,67792832,995093104.0000,3,9.554132,1,0.895900,106.112654,1.544327,-454.001685,5.234677,0
2015-04-09,sh.600577,14.5000,14.5600,13.3900,13.8800,14.6400,49684509,692870208.0000,3,7.002102,1,-5.191300,100.604074,1.464157,-430.433291,4.962931,0
2015-04-10,sh.600577,13.8500,14.9900,13.6700,14.6600,13.8800,49049555,712282096.0000,3,6.912617,1,5.619600,106.257617,1.546437,-454.621905,5.241828,0
2015-04-13,sh.600577,14.8900,15.5000,14.6000,15.2900,14.6600,50649902,763347520.0000,3,7.138156,1,4.297400,110.823940,1.612893,-474.158863,5.467091,0
2015-04-14,sh.600577,15.2800,15.2800,14.7500,14.9400,15.2900,37137761,555212544.0000,3,5.233873,1,-2.289100,108.287094,1.575973,-463.304998,5.341945,0
2015-04-15,sh.600577,15.2000,15.4400,13.9500,14.1200,14.9400,41817821,609269776.0000,3,5.893440,1,-5.488600,102.343625,1.489474,-437.875942,5.048746,0
2015-04-16,sh.600577,13.8000,14.3500,13.2000,14.0400,14.1200,31119785,431761200.0000,3,4.385752,1,-0.566600,101.763775,1.481035,-435.395058,5.020141,0
2015-04-17,sh.600577,14.2300,14.2700,13.5000,13.8000,14.0400,43984370,607940416.0000,3,6.198774,1,-1.709400,100.024223,1.455718,-427.952408,4.934327,0
2015-04-20,sh.600577,13.7000,13.7000,12.8500,12.9400,13.8000,42913807,572424304.0000,3,6.047898,1,-6.231900,93.790829,1.364999,-401.282910,4.626825,0
2015-04-21,sh.600577,12.8100,13.9000,12.8100,13.6900,12.9400,28867452,388380192.0000,3,4.068327,1,5.796000,99.226929,1.444115,-424.541193,4.894995,0
2015-04-22,sh.600577,13.8000,14.0700,13.7000,14.0200,13.6900,35337184,491082192.0000,3,4.980115,1,2.410500,101.618812,1.478925,-434.774837,5.012990,0
2015-04-23,sh.600577,14.0600,14.0600,13.6900,13.7900,14.0200,27383081,378638640.0000,3,3.859133,1,-1.640500,99.951742,1.454663,-427.642297,4.930751,0
2015-04-24,sh.600577,13.4900,13.6800,13.2500,13.5400,13.7900,26048635,349846144.0000,3,3.671068,1,-1.812900,98.139709,1.428291,-419.889536,4.841361,0
2015-04-27,sh.600577,13.5800,13.9700,13.5000,13.5700,13.5400,28952714,397579200.0000,3,4.080343,1,0.221600,98.357153,1.431456,-420.819867,4.852088,0
2015-04-28,sh.600577,13.5100,13.6300,12.8600,12.9900,13.5700,28594424,376238736.0000,3,4.029849,1,-4.274100,93.665095,1.427180,-207.994626,4.582362,0
2015-04-29,sh.600577,12.8000,13.6000,12.7600,13.5900,12.9900,28627802,378887216.0000,3,4.034553,1,4.618900,97.991427,1.493101,-217.601768,4.794018,0
2015-04-30,sh.600577,13.5500,13.8500,13.2100,13.6200,13.5900,31555292,428705312.0000,3,4.447128,1,0.220700,98.207744,1.496397,-218.082125,4.804601,0
2015-05-04,sh.600577,13.7500,14.0900,13.5200,13.9600,13.6200,34861935,483521584.0000,3,4.913138,1,2.496300,100.659332,1.533752,-223.526172,4.924540,0
2015-05-05,sh.600577,14.0000,14.0700,13.2900,13.3600,13.9600,25779171,351114064.0000,3,3.633092,1,-4.298000,96.333000,1.467831,-213.919030,4.712883,0
2015-05-06,sh.600577,13.4300,13.5600,12.9500,13.0800,13.3600,20913090,276171616.0000,3,2.947309,1,-2.095800,94.314045,1.437068,-209.435697,4.614110,0
2015-05-07,sh.600577,13.0500,13.0800,12.2800,12.3300,13.0800,17730045,224118512.0000,3,2.498718,1,-5.733900,88.906129,1.354667,-197.426769,4.349540,0
2015-05-08,sh.600577,12.6000,12.8800,12.4500,12.8600,12.3300,18168652,229143332.0000,3,2.560532,1,4.298500,92.727723,1.412897,-205.913078,4.536503,0
2015-05-11,sh.600577,12.9500,13.8700,12.8600,13.7400,12.8600,39289098,531678112.0000,3,5.537063,1,6.842900,99.073010,1.509581,-220.003553,4.846932,0
2015-05-12,sh.600577,13.8000,14.4900,13.6600,14.4200,13.7400,73162261,1029575008.0000,3,10.310852,1,4.949100,103.976187,1.584291,-230.891648,5.086809,0
2015-05-13,sh.600577,14.3800,15.7200,14.1200,15.2900,14.4200,80338647,1211943584.0000,3,11.322230,1,6.033300,110.249369,1.679876,-244.822004,5.393711,0
2015-05-14,sh.600577,15.3600,16.0000,14.9400,15.6200,15.2900,61019886,940455440.0000,3,8.599612,1,2.158300,112.628852,1.716132,-250.105932,5.510122,0
2015-05-15,sh.600577,15.3500,16.0500,15.0500,15.5000,15.6200,55595738,864720368.0000,3,7.835179,1,-0.768200,111.763585,1.702948,-248.184503,5.467791,0
2015-05-18,sh.600577,15.4000,16.3800,15.3100,16.2800,15.5000,63513849,1010490752.0000,3,8.951089,1,5.032300,117.387817,1.788645,-260.673788,5.742944,0
2015-05-19,sh.600577,16.3800,16.4600,15.8500,16.0100,16.2800,54077016,872114496.0000,3,7.621144,1,-1.658500,115.440968,1.758980,-256.350574,5.647699,0
2015-05-20,sh.600577,15.9400,16.3500,15.8000,16.1700,16.0100,48877372,788602688.0000,3,6.888351,1,0.999400,116.594656,1.776559,-258.912479,5.704141,0
2015-05-21,sh.600577,16.0000,16.3800,15.9800,16.2900,16.1700,45223304,730776224.0000,3,6.373379,1,0.742100,117.459923,1.789743,-260.833907,5.746472,0
2015-05-22,sh.600577,16.5600,17.9200,16.5600,17.9200,16.2900,65231172,1140211264.0000,3,9.193114,1,10.006100,129.213126,1.968827,-286.933310,6.321472,0
2015-05-25,sh.600577,18.3000,19.5800,17.7700,18.8800,17.9200,69289981,1288727728.0000,3,9.765127,1,5.357100,136.135257,2.074300,-302.304737,6.660122,0
2015-05-26,sh.600577,19.6400,19.6400,18.8000,19.2000,18.8800,63013620,1206393376.0000,3,8.880591,1,1.694900,138.442635,2.109458,-307.428546,6.773006,0
2015-05-27,sh.600577,19.2000,21.1100,18.9000,20.9700,19.2000,71756181,1433718880.0000,3,10.112691,1,9.218700,151.205315,2.303924,-335.769615,7.397392,0
2015-05-28,sh.600577,21.0000,22.5600,18.8700,18.8700,20.9700,113336911,2312282176.0000,3,15.972718,1,-10.014300,136.063152,2.073202,-302.144618,6.656595,0
2015-05-29,sh.600577,18.3300,18.9900,17.0500,18.6300,18.8700,70213501,1286591920.0000,3,9.895280,1,-1.271900,134.332619,2.046833,-298.301761,6.571932,0
2015-06-01,sh.600577,18.5000,20.4200,18.3700,20.3900,18.6300,65125270,1282813328.0000,3,9.178189,1,9.447100,147.023194,2.240200,-326.482711,7.192791,0
2015-06-02,sh.600577,20.2700,22.4300,19.8500,22.4300,20.3900,70303024,1495929040.0000,3,9.907896,1,10.004900,161.732724,2.464330,-359.146994,7.912423,0
2015-06-03,sh.600577,22.3000,24.2000,21.8100,23.5300,22.4300,73590063,1683212736.0000,3,10.371143,1,4.904100,169.664333,2.585185,-376.760088,8.300460,0
2015-06-04,sh.600577,23.4300,23.5000,21.1800,22.8700,23.5300,80680355,1792874384.0000,3,11.370387,1,-2.804900,164.905367,2.512672,-366.192232,8.067638,0
2015-06-05,sh.600577,23.0700,23.6000,21.5100,22.8800,22.8700,66190040,1502611952.0000,3,9.328248,1,0.043700,164.977473,2.513771,-366.352351,8.071165,0
2015-06-08,sh.600577,22.8900,23.1000,21.7600,22.5700,22.8800,59141791,1321416640.0000,3,8.334929,1,-1.354900,162.742201,2.479712,-361.388661,7.961809,0
2015-06-09,sh.600577,22.7000,23.5900,22.4000,23.1500,22.5700,65206764,1498855792.0000,3,9.189674,1,2.569800,166.924323,2.543435,-370.675565,8.166411,0
2015-06-10,sh.600577,22.9500,23.5000,22.5500,22.9300,23.1500,62247272,1439121136.0000,3,8.772589,1,-0.950300,165.338001,2.519264,-367.152946,8.088803,0
2015-06-11,sh.600577,11.6000,11.7800,11.0100,11.1900,11.4200,90152151,1025672768.0000,3,6.352630,1,-2.014000,161.372196,2.458837,-358.346399,7.894785,0
2015-06-12,sh.600577,10.8600,11.3700,10.5900,11.2700,11.1900,154070042,1706616272.0000,3,10.856645,1,0.714900,162.525885,2.476416,-360.908304,7.951226,0
2015-06-15,sh.600577,11.3700,11.7900,11.1800,11.4100,11.2700,138448695,1588107808.0000,3,9.755877,1,1.242200,164.544840,2.507179,-365.391637,8.049999,0
2015-06-16,sh.600577,11.1800,11.3800,10.6100,10.8200,11.4100,87124381,951136000.0000,3,6.139276,1,-5.170900,156.036386,2.377535,-346.497590,7.633742,0
2015-06-17,sh.600577,10.8400,10.9500,10.1400,10.6300,10.8200,71053531,751676448.0000,3,5.006833,1,-1.756000,153.296376,2.335785,-340.413067,7.499693,0
2015-06-18,sh.600577,10.7000,11.3000,10.5600,10.8300,10.6300,90904141,986443216.0000,3,6.405619,1,1.881500,156.180597,2.379732,-346.817829,7.640797,0
2015-06-19,sh.600577,10.4200,11.1500,9.7700,10.0900,10.8300,88679794,952181488.0000,3,6.248879,1,-6.832900,145.508977,2.217128,-323.120211,7.118711,0
2015-06-23,sh.600577,10.2100,10.4600,9.0800,9.5600,10.0900,78057405,752265312.0000,3,5.500366,1,-5.252700,137.865790,2.100668,-306.147594,6.744785,0
2015-06-24,sh.600577,9.6900,9.9600,9.4000,9.8900,9.5600,72468695,704385744.0000,3,5.106554,1,3.451900,142.624756,2.173181,-316.715450,6.977607,0
2015-06-25,sh.600577,9.9400,9.9600,9.0500,9.2700,9.8900,64731179,625826128.0000,3,4.561324,1,-6.269000,133.683669,2.036945,-296.860690,6.540184,0
2015-06-26,sh.600577,9.0000,9.0500,8.3400,8.3400,9.2700,62697437,537088592.0000,3,4.418015,1,-10.032400,120.272039,1.832592,-267.078549,5.884049,0
2015-06-29,sh.600577,8.5500,8.6400,7.5100,7.5100,8.3400,79700769,621818992.0000,3,5.616166,1,-9.952000,108.302519,1.650211,-240.498790,5.298466,0
2015-06-30,sh.600577,7.3000,7.8800,6.7600,7.8200,7.5100,94467318,690917920.0000,3,6.656701,1,4.127800,112.773063,1.718329,-250.426170,5.517178,0
2015-07-01,sh.600577,7.7900,8.1700,7.0400,7.2800,7.8200,94322199,736092688.0000,3,6.646475,1,-6.905400,104.985665,1.599672,-233.133314,5.136196,0
2015-07-02,sh.600577,7.2900,7.3900,6.5500,6.5500,7.2800,72336762,491372848.0000,3,5.097257,1,-10.027500,94.458256,1.439266,-209.755935,4.621165,0
2015-07-03,sh.600577,6.2700,6.5700,5.9000,5.9000,6.5500,69066228,417468608.0000,3,4.866796,1,-9.923700,85.084536,1.296438,-188.940461,4.162576,0
2015-07-06,sh.600577,6.4500,6.4500,5.3100,5.3100,5.9000,83700124,474236160.0000,3,5.897983,1,-10.000000,76.576082,1.166794,-170.046415,3.746319,0
2015-07-07,sh.600577,4.9500,5.0500,4.7800,4.7800,5.3100,36049929,173697073.0000,3,2.540282,1,-9.981200,68.932895,1.050334,-153.073797,3.372392,0
2015-07-08,sh.600577,4.7800,4.7800,4.7800,4.7800,4.7800,0,0.0000,3,,0,0.000000,68.932895,1.050334,-153.073797,3.372392,0
2015-07-09,sh.600577,4.7800,4.7800,4.7800,4.7800,4.7800,0,0.0000,3,,0,0.000000,68.932895,1.050334,-153.073797,3.372392,0
2015-07-10,sh.600577,4.7800,4.7800,4.7800,4.7800,4.7800,0,0.0000,3,,0,0.000000,68.932895,1.050334,-153.073797,3.372392,0
2015-07-13,sh.600577,5.2600,5.2600,5.2600,5.2600,4.7800,1280310,6734431.0000,3,0.090218,1,10.041800,75.855027,1.155807,-168.445224,3.711043,0
2015-07-14,sh.600577,5.7900,5.7900,5.7900,5.7900,5.2600,1857431,10754525.0000,3,0.130885,1,10.076000,83.498214,1.272267,-185.417842,4.084969,0
2015-07-15,sh.600577,6.3700,6.3700,5.3900,5.6100,5.7900,182693134,1106722160.0000,3,12.873590,1,-3.108800,80.902415,1.232714,-179.653557,3.957975,0
2015-07-16,sh.600577,5.1100,5.9900,5.1000,5.8600,5.6100,99271348,559442224.0000,3,6.995220,1,4.456300,84.507692,1.287648,-187.659508,4.134356,0
2015-07-17,sh.600577,5.8800,6.4400,5.8000,6.3700,5.8600,101806258,625501552.0000,3,7.173844,1,8.703100,91.862457,1.399713,-203.991650,4.494171,0
2015-07-20,sh.600577,6.4700,6.7400,6.2800,6.4900,6.3700,106000358,690963728.0000,3,7.469384,1,1.883800,93.592989,1.426081,-207.834507,4.578834,0
2015-07-21,sh.600577,6.3500,6.6000,6.2600,6.4700,6.4900,79762135,515220784.0000,3,5.620490,1,-0.308200,93.304567,1.421687,-207.194031,4.564724,0
2015-07-22,sh.600577,6.4600,6.9000,6.4000,6.7200,6.4700,105187479,701550880.0000,3,7.412104,1,3.864000,96.909844,1.476621,-215.199982,4.741104,0
2015-07-23,sh.600577,6.7000,7.1000,6.5800,6.9900,6.7200,115088429,781026032.0000,3,8.109781,1,4.017900,100.803543,1.535949,-223.846410,4.931595,0
2015-07-24,sh.600577,6.9400,7.1600,6.6600,6.7600,6.9900,111164539,774716672.0000,3,7.833281,1,-3.290400,97.486689,1.485410,-216.480935,4.769325,0
2015-07-27,sh.600577,6.6000,6.6800,6.0800,6.0800,6.7600,79729628,512222032.0000,3,5.618200,1,-10.059200,87.680335,1.335990,-194.704746,4.289570,0
2015-07-28,sh.600577,5.5000,6.0300,5.4700,5.5500,6.0800,83009843,468268528.0000,3,5.849342,1,-8.717100,80.037148,1.219530,-177.732128,3.915644,0
2015-07-29,sh.600577,5.7500,5.9400,5.4200,5.9200,5.5500,55826767,316013808.0000,3,3.933869,1,6.666700,85.372958,1.300832,-189.580937,4.176687,0
2015-07-30,sh.600577,5.9000,6.0000,5.5500,5.6600,5.9200,57667359,336582880.0000,3,4.063568,1,-4.391900,81.708152,1.238470,54.908492,4.063963,0
2015-07-31,sh.600577,5.4700,5.6600,5.3500,5.4600,5.6600,40345373,221964736.0000,3,2.842963,1,-3.533600,78.820938,1.194708,52.968263,3.920360,0
2015-08-03,sh.600577,5.4300,5.4300,5.0000,5.0700,5.4600,42656026,219866897.0000,3,3.005784,1,-7.142900,73.190871,1.109372,49.184816,3.640335,0
2015-08-04,sh.600577,5.0400,5.5800,5.0400,5.5800,5.0700,53593234,287138864.0000,3,3.776482,1,10.059200,80.553266,1.220965,54.132401,4.006522,0
2015-08-05,sh.600577,5.7000,5.8900,5.6000,5.6900,5.5800,86100938,494263440.0000,3,6.067158,1,1.971300,82.141234,1.245035,55.199527,4.085504,0
2015-08-06,sh.600577,5.5300,5.7100,5.4100,5.6100,5.6900,39229981,219743720.0000,3,2.764366,1,-1.406000,80.986348,1.227530,54.423435,4.028063,0
2015-08-07,sh.600577,5.6700,5.9600,5.6600,5.8500,5.6100,63658353,369618224.0000,3,4.485727,1,4.278100,84.451005,1.280044,56.751710,4.200386,0
2015-08-10,sh.600577,5.9200,6.3100,5.8100,6.2100,5.8500,85275807,514342752.0000,3,6.009015,1,6.153800,89.647990,1.358816,60.244123,4.458871,0
2015-08-11,sh.600577,6.2000,6.4800,6.1000,6.3100,6.2100,100318402,628518384.0000,3,7.069001,1,1.610300,91.091597,1.380697,61.214238,4.530673,0
2015-08-12,sh.600577,6.2000,6.3200,6.0500,6.0800,6.3100,68567239,423112640.0000,3,4.831635,1,-3.645000,87.771301,1.330371,58.982974,4.365530,0
2015-08-13,sh.600577,6.0200,6.5000,6.0000,6.4800,6.0800,98356570,616344192.0000,3,6.930759,1,6.578900,93.545728,1.417895,62.863433,4.652735,0
2015-08-14,sh.600577,6.5100,6.6600,6.4000,6.4800,6.4800,97256642,634567184.0000,3,6.853252,1,0.000000,93.545728,1.417895,62.863433,4.652735,0
2015-08-17,sh.600577,6.5000,6.6700,6.3700,6.6500,6.4800,84834469,553302032.0000,3,5.977916,1,2.623500,95.999860,1.455093,64.512628,4.774798,0
2015-08-18,sh.600577,6.6500,6.7400,5.9900,5.9900,6.6500,106727277,682613360.0000,3,7.520607,1,-9.924800,86.472054,1.310678,58.109871,4.300908,0
2015-08-19,sh.600577,5.7200,6.1800,5.5000,6.1400,5.9900,70961995,416087648.0000,3,5.000383,1,2.504200,88.637465,1.343500,59.565043,4.408610,0
2015-08-20,sh.600577,6.0600,6.2100,5.9100,5.9400,6.1400,52977615,321964704.0000,3,3.733102,1,-3.257300,85.750251,1.299737,57.624814,4.265008,0
2015-08-21,sh.600577,5.8600,5.9500,5.5200,5.5700,5.9400,51000693,291222176.0000,3,3.593797,1,-6.229000,80.408905,1.218777,54.035389,3.999342,0
2015-08-24,sh.600577,5.3200,5.4500,5.0100,5.0100,5.5700,47937860,243908850.0000,3,3.377972,1,-10.053900,72.324707,1.096243,48.602747,3.597254,0
2015-08-25,sh.600577,4.5400,4.7600,4.5100,4.5100,5.0100,39570305,181269508.0000,3,2.788347,1,-9.980000,65.106672,0.986838,43.752173,3.238246,0
2015-08-26,sh.600577,4.6000,4.7400,4.2800,4.3500,4.5100,55432240,250617280.0000,3,3.906069,1,-3.547700,62.796901,0.951828,42.199990,3.123364,0
2015-08-27,sh.600577,4.4600,4.6000,4.2100,4.5900,4.3500,40382277,179567055.0000,3,2.845563,1,5.517200,66.261558,1.004343,44.528265,3.295688,0
2015-08-28,sh.600577,4.6500,4.9500,4.5600,4.9200,4.5900,62595689,295137664.0000,3,4.410846,1,7.189500,71.025460,1.076550,47.729644,3.532632,0
2015-08-31,sh.600577,4.8200,4.9000,4.5700,4.6400,4.9200,40800632,191979264.0000,3,2.875043,1,-5.691100,66.983361,1.015283,45.013322,3.331588,0
2015-09-01,sh.600577,4.6500,4.7300,4.3000,4.3300,4.6400,36363149,163129198.0000,3,2.562353,1,-6.681000,62.508180,0.947452,42.005967,3.109004,0
2015-09-02,sh.600577,4.1700,4.4900,4.0300,4.1100,4.3300,34703738,146860663.0000,3,2.445421,1,-5.080800,59.332244,0.899313,39.871714,2.951041,0
2015-09-07,sh.600577,4.2500,4.4000,4.2100,4.2300,4.1100,31716795,136323741.0000,3,2.234944,1,2.919700,61.064573,0.925571,41.035852,3.037202,0
2015-09-08,sh.600577,4.2800,4.5000,4.2100,4.4900,4.2300,27534386,119882719.0000,3,1.940228,1,6.146600,64.817951,0.982461,43.558150,3.223886,0
2015-09-09,sh.600577,4.5400,4.7400,4.5100,4.6900,4.4900,46261546,213901367.0000,3,3.259850,1,4.454300,67.705164,1.026224,45.498380,3.367489,0
2015-09-10,sh.600577,4.6000,4.6900,4.5000,4.5100,4.6900,27325359,125399569.0000,3,1.925499,1,-3.837900,65.106672,0.986838,43.752173,3.238246,0
2015-09-11,sh.600577,4.5000,4.6100,4.4700,4.5600,4.5100,23168278,105050191.0000,3,1.632568,1,1.108600,65.828475,0.997778,44.237231,3.274147,0
2015-09-14,sh.600577,4.5800,4.6000,4.1000,4.1200,4.5600,44964067,191037120.0000,3,3.168422,1,-9.649100,59.476605,0.901501,39.968726,2.958221,0
2015-09-15,sh.600577,4.0800,4.1100,3.9200,3.9400,4.1200,28552337,114351018.0000,3,2.011959,1,-4.368900,56.878113,0.862115,38.222519,2.828978,0
2015-09-16,sh.600577,4.0000,4.3300,3.9800,4.3300,3.9400,49133173,206976339.0000,3,3.462201,1,9.898500,62.508180,0.947452,42.005967,3.109004,0
2015-09-17,sh.600577,4.3500,4.4500,4.2000,4.2100,4.3300,53825972,233190983.0000,3,3.792882,1,-2.771400,60.775851,0.921194,40.841829,3.022842,0
2015-09-18,sh.600577,4.2400,4.3000,4.1600,4.2300,4.2100,27071804,114510797.0000,3,1.907632,1,0.475100,61.064573,0.925571,41.035852,3.037202,0
2015-09-21,sh.600577,4.1900,4.4000,4.1500,4.3700,4.2300,32671053,139835437.0000,3,2.302187,1,3.309700,63.085622,0.956204,42.394013,3.137724,0
2015-09-22,sh.600577,4.3800,4.6600,4.3400,4.5600,4.3700,67620825,305164112.0000,3,4.764945,1,4.347800,65.828475,0.997778,44.237231,3.274147,0
2015-09-23,sh.600577,4.4900,4.4900,4.3500,4.3700,4.5600,40466485,178655965.0000,3,2.851497,1,-4.166700,63.085622,0.956204,42.394013,3.137724,0
2015-09-24,sh.600577,4.4000,4.4700,4.3600,4.4400,4.3700,22258549,98264544.0000,3,1.568463,1,1.601800,64.096147,0.971521,43.073093,3.187985,0
2015-09-25,sh.600577,4.4300,4.4300,4.2100,4.2600,4.4400,24257009,104474081.0000,3,1.709286,1,-4.054000,61.497655,0.932135,41.326887,3.058743,0
2015-09-28,sh.600577,4.2800,4.3200,4.2100,4.3100,4.2600,11919795,51048549.0000,3,0.839936,1,1.173700,62.219458,0.943075,41.811944,3.094643,0
2015-09-29,sh.600577,4.2500,4.2800,4.1700,4.2000,4.3100,14298368,60297002.0000,3,1.007544,1,-2.552200,60.631491,0.919006,40.744818,3.015662,0
2015-09-30,sh.600577,4.2400,4.2600,4.1700,4.2200,4.2000,10206005,43102287.0000,3,0.719173,1,0.476200,60.920212,0.923382,40.938841,3.030022,0
2015-10-08,sh.600577,4.3600,4.4100,4.3000,4.3900,4.2200,23709797,103605730.0000,3,1.670726,1,4.028400,63.374344,0.960580,42.588036,3.152085,0
2015-10-09,sh.600577,4.3900,4.5600,4.3500,4.4700,4.3900,37525897,167096928.0000,3,2.644287,1,1.822300,64.529229,0.978085,43.364127,3.209526,0
2015-10-12,sh.600577,4.4900,4.9000,4.4600,4.8200,4.4700,60589466,283393680.0000,3,4.269476,1,7.830000,69.581853,1.054669,46.759529,3.460831,0
2015-10-13,sh.600577,4.7400,4.8100,4.6900,4.7800,4.8200,41637988,197838834.0000,3,2.934048,1,-0.829900,69.004411,1.045917,46.371483,3.432110,0
2015-10-14,sh.600577,4.7800,4.8300,4.6300,4.6400,4.7800,34314399,162257685.0000,3,2.417986,1,-2.928900,66.983361,1.015283,45.013322,3.331588,0
2015-10-15,sh.600577,4.6100,4.8800,4.6100,4.8700,4.6400,49884581,239946064.0000,3,3.515149,1,4.956900,70.303657,1.065610,47.244586,3.496732,0
2015-10-16,sh.600577,4.9400,5.0300,4.8600,4.9800,4.8700,61422987,304713840.0000,3,4.328211,1,2.258700,71.891625,1.089679,48.311712,3.575713,0
2015-10-19,sh.600577,5.0300,5.0600,4.8200,4.9000,4.9800,47280320,233508730.0000,3,3.331638,1,-1.606400,70.736739,1.072174,47.535621,3.518272,0
2015-10-20,sh.600577,4.9000,5.1400,4.8500,5.1300,4.9000,60935622,305800368.0000,3,4.293868,1,4.693900,74.057035,1.122500,49.766884,3.683416,0
2015-10-21,sh.600577,5.1400,5.1600,4.6200,4.6200,5.1300,66952349,326370320.0000,3,4.717841,1,-9.941500,66.694640,1.010907,44.819299,3.317228,0
2015-10-22,sh.600577,4.6200,4.8200,4.5800,4.8000,4.6200,39052463,183505439.0000,3,2.751857,1,3.896100,69.293132,1.050293,46.565506,3.446471,0
2015-10-23,sh.600577,4.8400,5.0000,4.7600,5.0000,4.8000,47272277,230214938.0000,3,3.331072,1,4.166700,72.180346,1.094055,48.505735,3.590074,0
2015-10-26,sh.600577,5.0500,5.1000,4.9600,5.0200,5.0000,49075445,246490834.0000,3,3.458133,1,0.400000,72.469067,1.098431,48.699758,3.604434,0
2015-10-27,sh.600577,5.0700,5.2900,4.7700,5.2200,5.0200,69442870,350268720.0000,3,4.893337,1,3.984100,75.356281,1.142193,50.639988,3.748037,0
2015-10-28,sh.600577,5.1300,5.2400,5.0300,5.0600,5.2200,47171149,241847249.0000,3,3.323946,1,-3.065100,73.046510,1.107184,49.087804,3.633155,0
2015-10-29,sh.600577,5.0900,5.4000,5.0600,5.2800,5.0600,61495425,321516912.0000,3,4.333315,1,4.347800,76.222445,1.155322,51.222057,3.791118,0
2015-10-30,sh.600577,5.2000,5.2600,5.0800,5.1300,5.2800,35305154,182735171.0000,3,2.487801,1,-2.840900,74.362227,1.176474,-42.337802,3.633430,0
2015-11-02,sh.600577,5.0400,5.1500,4.9200,4.9500,5.1300,34417535,173325759.0000,3,2.425254,1,-3.508800,71.753026,1.135194,-40.852265,3.505942,0
2015-11-03,sh.600577,4.9500,5.0100,4.8700,4.9000,4.9500,21955547,108418936.0000,3,1.547112,1,-1.010100,71.028248,1.123728,-40.439616,3.470528,0
2015-11-04,sh.600577,4.9200,5.1500,4.9200,5.1400,4.9000,33989606,172374261.0000,3,2.395100,1,4.898000,74.507183,1.178767,-42.420332,3.640513,0
2015-11-05,sh.600577,5.2000,5.2500,5.0900,5.1800,5.1400,51338658,265551389.0000,3,3.617612,1,0.778200,75.087005,1.187941,-42.750451,3.668844,0
2015-11-06,sh.600577,5.1700,5.3300,5.1500,5.2900,5.1800,51545030,271408096.0000,3,3.632154,1,2.123600,76.681517,1.213167,-43.658279,3.746754,0
2015-11-09,sh.600577,5.2400,5.3500,5.1500,5.2800,5.2900,48595580,254802578.0000,3,3.424319,1,-0.189000,76.536561,1.210874,-43.575750,3.739671,0
2015-11-10,sh.600577,5.2600,5.3800,5.2200,5.3600,5.2800,53004179,281025456.0000,3,3.734974,1,1.515100,77.696206,1.229220,-44.235988,3.796333,0
2015-11-11,sh.600577,5.3400,5.4300,5.3300,5.4000,5.3600,46877663,252179660.0000,3,3.303265,1,0.746300,78.276029,1.238394,-44.566108,3.824664,0
2015-11-12,sh.600577,5.4000,5.4000,5.2200,5.2800,5.4000,43863848,232337557.0000,3,3.090894,1,-2.222200,76.536561,1.210874,-43.575750,3.739671,0
2015-11-13,sh.600577,5.2300,5.2500,5.1000,5.1300,5.2800,34706900,179538329.0000,3,2.445644,1,-2.840900,74.362227,1.176474,-42.337802,3.633430,0
2015-11-16,sh.600577,5.0200,5.2600,5.0100,5.2300,5.1300,31312304,161284419.0000,3,2.206442,1,1.949300,75.811783,1.199407,-43.163100,3.704258,0
2015-11-17,sh.600577,5.2500,5.3700,5.2300,5.2600,5.2300,46111590,244424095.0000,3,3.249283,1,0.573600,76.246650,1.206287,-43.410690,3.725506,0
2015-11-18,sh.600577,5.2700,5.3300,5.1000,5.1800,5.2600,29752035,155280994.0000,3,2.096496,1,-1.520900,75.087005,1.187941,-42.750451,3.668844,0
2015-11-19,sh.600577,5.1900,5.3000,5.1700,5.2700,5.1800,36575675,191342213.0000,3,2.577329,1,1.737500,76.391606,1.208581,-43.493220,3.732588,0
2015-11-20,sh.600577,5.2600,5.8000,5.2200,5.8000,5.2700,117606206,655144736.0000,3,8.287197,1,10.056900,84.074253,1.330127,-47.867301,4.107972,0
2015-11-23,sh.600577,6.1200,6.3800,6.0000,6.3800,5.8000,236262276,1486765328.0000,3,16.648374,1,10.000000,92.481678,1.463139,-52.654031,4.518769,0
2015-11-24,sh.600577,6.3800,6.3900,6.1100,6.2800,6.3800,121480341,755683936.0000,3,8.560191,1,-1.567400,91.032122,1.440206,-51.828733,4.447942,0
2015-11-25,sh.600577,6.2300,6.9100,6.1500,6.9100,6.2800,133025540,884684368.0000,3,9.373731,1,10.031800,100.164326,1.584685,-57.028112,4.894153,0
2015-11-26,sh.600577,7.2000,7.6000,7.0000,7.0500,6.9100,206920314,1506836432.0000,3,14.580774,1,2.026100,102.193704,1.616792,-58.183529,4.993311,0
2015-11-27,sh.600577,6.9100,6.9800,6.3600,6.4200,7.0500,131192536,874493008.0000,3,9.244567,1,-8.936200,93.061501,1.472312,-52.984150,4.547100,0
2015-11-30,sh.600577,6.4000,7.0600,5.9300,6.9600,6.4200,135771698,881638240.0000,3,9.567241,1,8.411200,100.889104,1.596152,-57.440761,4.929566,0
2015-12-01,sh.600577,6.7800,6.9600,6.5800,6.6900,6.9600,84132886,569496880.0000,3,5.928478,1,-3.879300,96.975302,1.534232,-55.212456,4.738333,0
2015-12-02,sh.600577,6.6900,6.7800,6.1600,6.4400,6.6900,55309474,358457808.0000,3,3.897418,1,-3.736900,93.351412,1.476899,-53.149210,4.561265,0
2015-12-03,sh.600577,6.4500,6.6600,6.4000,6.5500,6.4400,44683336,291328976.0000,3,3.148640,1,1.708100,94.945924,1.502126,-54.057038,4.639175,0
2015-12-04,sh.600577,6.4800,6.9900,6.4000,6.7400,6.5500,87196304,587678832.0000,3,6.144344,1,2.900800,97.700080,1.545699,-55.625105,4.773747,0
2015-12-07,sh.600577,6.6800,6.7700,6.5100,6.6600,6.7400,55430774,367861024.0000,3,3.905965,1,-1.186900,96.540435,1.527352,-54.964866,4.717085,0
2015-12-08,sh.600577,6.6600,6.6700,6.3400,6.3800,6.6600,48262030,310789120.0000,3,3.400815,1,-4.204200,92.481678,1.463139,-52.654031,4.518769,0
2015-12-09,sh.600577,6.3000,6.3600,6.1800,6.2200,6.3800,39313043,245659474.0000,3,2.770219,1,-2.507800,90.162389,1.426446,-51.333554,4.405446,0
2015-12-10,sh.600577,6.2500,6.3900,6.1900,6.2400,6.2200,34847451,218634300.0000,3,2.455548,1,0.321500,90.452300,1.431033,-51.498613,4.419611,0
2015-12-11,sh.600577,6.2500,6.3500,6.2200,6.2800,6.2400,29537818,185368362.0000,3,2.081401,1,0.641000,91.032122,1.440206,-51.828733,4.447942,0
2015-12-14,sh.600577,6.2800,6.4900,6.1500,6.4600,6.2800,38937405,246037761.0000,3,2.743749,1,2.866200,93.641323,1.481486,-53.314269,4.575431,0
2015-12-15,sh.600577,6.5000,6.6800,6.4000,6.4500,6.4600,42542843,277253152.0000,3,2.997809,1,-0.154800,93.496368,1.479192,-53.231740,4.568348,0
2015-12-16,sh.600577,6.4800,6.5300,6.3800,6.4000,6.4500,29205975,187829216.0000,3,2.058018,1,-0.775200,92.771590,1.467726,-52.819090,4.532935,0
2015-12-17,sh.600577,6.4300,6.6500,6.4300,6.6000,6.4000,59664798,390553600.0000,3,4.204319,1,3.125000,95.670702,1.513592,-54.469687,4.674589,0
2015-12-18,sh.600577,6.6300,6.6300,6.3800,6.4200,6.6000,40316207,260948758.0000,3,2.840908,1,-2.727300,93.061501,1.472312,-52.984150,4.547100,0
2015-12-21,sh.600577,6.4200,6.4800,6.3100,6.4300,6.4200,31119782,198933974.0000,3,2.192876,1,0.155800,93.206456,1.474606,-53.066680,4.554183,0
2015-12-22,sh.600577,6.4600,7.0000,6.3800,6.7600,6.4300,83724668,561065488.0000,3,5.899713,1,5.132200,97.989992,1.550285,-55.790164,4.787912,0
2015-12-23,sh.600577,6.7500,6.7500,6.5000,6.5300,6.7600,49864179,329232640.0000,3,3.513712,1,-3.402400,94.656013,1.497539,-53.891978,4.625010,0
2015-12-24,sh.600577,6.5000,6.5400,6.3000,6.4100,6.5300,31142427,199096401.0000,3,2.194471,1,-1.837700,92.916545,1.470019,-52.901620,4.540017,0
2015-12-25,sh.600577,6.4300,6.6500,6.4300,6.5000,6.4100,28720020,187459839.0000,3,2.023775,1,1.404100,94.221146,1.490659,-53.644389,4.603762,0
2015-12-28,sh.600577,6.5200,6.6000,6.4000,6.4200,6.5000,32643765,212334894.0000,3,2.300264,1,-1.230800,93.061501,1.472312,-52.984150,4.547100,0
2015-12-29,sh.600577,6.4000,6.5700,6.3600,6.5600,6.4200,27250822,176155124.0000,3,1.920247,1,2.180700,95.090879,1.504419,-54.139568,4.646258,0
2015-12-30,sh.600577,6.5600,6.7000,6.5000,6.6600,6.5600,40306220,266334438.0000,3,2.840204,1,1.524400,96.540435,1.527352,-54.964866,4.717085,0
2015-12-31,sh.600577,6.7000,6.7100,6.4400,6.4500,6.6600,30147288,198119003.0000,3,2.124348,1,-3.153200,93.496368,1.479192,-53.231740,4.568348,0
2016-01-04,sh.600577,6.4500,6.4800,5.8100,5.8100,6.4500,29626137,180918319.0000,3,2.087625,1,-9.922500,84.219209,1.332420,-47.949831,4.115055,0
2016-01-05,sh.600577,5.4500,5.9300,5.2800,5.6200,5.8100,38157333,214359798.0000,3,2.688781,1,-3.270200,81.465052,1.288847,-46.381764,3.980483,0
2016-01-06,sh.600577,5.6500,5.7500,5.5700,5.7200,5.6200,28180626,159657069.0000,3,1.985766,1,1.779400,82.914608,1.311780,-47.207062,4.051310,0
2016-01-07,sh.600577,5.6000,5.6000,5.1500,5.1700,5.7200,8804100,47169730.0000,3,0.620387,1,-9.615400,74.942050,1.185647,-42.667922,3.661761,0
2016-01-08,sh.600577,5.5000,5.5000,4.8000,5.2300,5.1700,30717057,160591486.0000,3,2.164497,1,1.160500,75.811783,1.199407,-43.163100,3.704258,0
2016-01-11,sh.600577,5.1600,5.1700,4.7300,4.8300,5.2300,27484139,136736273.0000,3,1.936688,1,-7.648200,70.013559,1.107674,-39.861907,3.420949,0
2016-01-12,sh.600577,4.8200,4.9900,4.7400,4.8300,4.8300,17325253,83851784.0000,3,1.220835,1,0.000000,70.013559,1.107674,-39.861907,3.420949,0
2016-01-13,sh.600577,4.8800,4.9000,4.5500,4.5600,4.8300,17394737,82795373.0000,3,1.225731,1,-5.590100,66.099758,1.045755,-37.633602,3.229716,0
2016-01-14,sh.600577,4.4000,4.6700,4.3100,4.6200,4.5600,28275407,127829206.0000,3,1.992445,1,1.315800,66.969491,1.059515,-38.128781,3.272212,0
2016-01-15,sh.600577,4.5900,4.6800,4.4100,4.4700,4.6200,22917448,104179106.0000,3,1.614893,1,-3.246800,64.795157,1.025115,-36.890833,3.165972,0
2016-01-18,sh.600577,4.3200,4.5800,4.3000,4.4800,4.4700,17229961,77076455.0000,3,1.214120,1,0.223700,64.940113,1.027408,-36.973363,3.173054,0
2016-01-19,sh.600577,4.4700,4.6700,4.4200,4.6600,4.4800,24704126,112853081.0000,3,1.740792,1,4.017900,67.549314,1.068688,-38.458900,3.300543,0
2016-01-20,sh.600577,4.6400,4.6900,4.5000,4.5800,4.6600,22448425,103122056.0000,3,1.581843,1,-1.716700,66.389669,1.050341,-37.798662,3.243881,0
2016-01-21,sh.600577,4.5000,4.6900,4.4400,4.4600,4.5800,25541413,117435340.0000,3,1.799792,1,-2.620100,64.650202,1.022821,-36.808304,3.158889,0
2016-01-22,sh.600577,4.5200,4.5800,4.3100,4.5100,4.4600,17162148,76616584.0000,3,1.209342,1,1.121100,65.374980,1.034288,-37.220953,3.194302,0
2016-01-25,sh.600577,4.5300,4.5900,4.4900,4.5700,4.5100,14251066,64657351.0000,3,1.004211,1,1.330400,66.244713,1.048048,-37.716132,3.236799,0
2016-01-26,sh.600577,4.5000,4.6100,4.1500,4.2200,4.5700,21980294,96996029.0000,3,1.548856,1,-7.658700,61.171267,0.967782,-34.827588,2.988904,0
2016-01-27,sh.600577,4.3000,4.3000,3.9500,4.1600,4.2200,20879955,85771046.0000,3,1.471320,1,-1.421800,60.301533,0.954022,-34.332409,2.946408,0
2016-01-28,sh.600577,4.1100,4.1500,3.9500,3.9900,4.1600,14570267,58888445.0000,3,1.026703,1,-4.086500,57.837288,0.915035,-32.929402,2.826001,0
2016-01-29,sh.600577,3.9900,4.1500,3.9700,4.1100,3.9900,16041240,65363587.0000,3,1.130356,1,3.007500,59.576755,0.942555,-33.919760,2.910994,0
2016-02-01,sh.600577,4.1100,4.1200,3.9800,4.0400,4.1100,13659614,55228300.0000,3,0.962534,1,-1.703200,58.562066,0.926502,-33.342051,2.861415,0
2016-02-02,sh.600577,4.0600,4.1800,4.0300,4.1500,4.0400,15358006,63453616.0000,3,1.082212,1,2.722800,60.156578,0.951728,-34.249879,2.939325,0
2016-02-03,sh.600577,4.1000,4.1400,4.0000,4.1100,4.1500,15345499,62472868.0000,3,1.081331,1,-0.963900,59.576755,0.942555,-33.919760,2.910994,0
2016-02-04,sh.600577,4.1300,4.2300,4.1100,4.1800,4.1100,20237278,84424401.0000,3,1.426033,1,1.703200,60.591444,0.958608,-34.497468,2.960573,0
2016-02-05,sh.600577,4.1700,4.2600,4.1300,4.1700,4.1800,16451339,68983246.0000,3,1.159254,1,-0.239200,60.446489,0.956315,-34.414939,2.953490,0
2016-02-15,sh.600577,4.0000,4.1900,4.0000,4.1500,4.1700,13618581,55903815.0000,3,0.959642,1,-0.479600,60.156578,0.951728,-34.249879,2.939325,0
2016-02-16,sh.600577,4.2000,4.3400,4.1800,4.3300,4.1500,20078289,86201849.0000,3,1.414830,1,4.337300,62.765779,0.993008,-35.735416,3.066814,0
2016-02-17,sh.600577,4.3200,4.7600,4.2900,4.7600,4.3300,41955770,191421977.0000,3,2.956440,1,9.930700,68.998870,1.091621,-39.284199,3.371370,0
2016-02-18,sh.600577,4.7400,4.8600,4.6700,4.7400,4.7600,40495122,192890486.0000,3,2.853515,1,-0.420200,68.708959,1.087034,-39.119139,3.357205,0
2016-02-19,sh.600577,4.6500,4.7500,4.6400,4.6900,4.7400,17563122,82260081.0000,3,1.237597,1,-1.054800,67.984181,1.075568,-38.706490,3.321791,0
2016-02-22,sh.600577,4.7800,4.7800,4.6700,4.7200,4.6900,22584055,106758608.0000,3,1.591400,1,0.639700,68.419047,1.082448,-38.954079,3.343039,0
2016-02-23,sh.600577,4.7300,4.7400,4.5400,4.6200,4.7200,19172773,88822786.0000,3,1.351022,1,-2.118600,66.969491,1.059515,-38.128781,3.272212,0
2016-02-24,sh.600577,4.6100,4.7100,4.5800,4.6700,4.6200,15907001,73826585.0000,3,1.120897,1,1.082300,67.694269,1.070981,-38.541430,3.307626,0
2016-02-25,sh.600577,4.6900,4.6900,4.2000,4.2000,4.6700,28863810,126771911.0000,3,2.033907,1,-10.064200,60.881356,0.963195,-34.662528,2.974738,0
2016-02-26,sh.600577,4.2400,4.3300,4.1200,4.2500,4.2000,19477928,82262311.0000,3,1.372525,1,1.190500,61.606134,0.974662,-35.075177,3.010152,0
2016-02-29,sh.600577,4.2500,4.2500,3.9600,4.0600,4.2500,18822028,76172413.0000,3,1.326306,1,-4.470600,58.851977,0.931089,-33.507111,2.875580,0
2016-03-01,sh.600577,4.1000,4.1800,4.0100,4.1300,4.0600,17135581,70127761.0000,3,1.207470,1,1.724100,59.866666,0.947142,-34.084819,2.925159,0
2016-03-02,sh.600577,4.1200,4.3800,4.0900,4.3700,4.1300,28025123,119346937.0000,3,1.974808,1,5.811100,63.345601,1.002182,-36.065535,3.095144,0
2016-03-03,sh.600577,4.3800,4.4500,4.3100,4.3400,4.3700,29838467,130615284.0000,3,2.102587,1,-0.686500,62.910734,0.995302,-35.817946,3.073896,0
2016-03-04,sh.600577,4.3000,4.3700,4.1200,4.2000,4.3400,21292276,90348841.0000,3,1.500374,1,-3.225800,60.881356,0.963195,-34.662528,2.974738,0
2016-03-07,sh.600577,4.2300,4.3300,4.2100,4.2800,4.2000,20932882,89217340.0000,3,1.475049,1,1.904800,62.041001,0.981542,-35.322767,3.031400,0
2016-03-08,sh.600577,4.2500,4.2600,4.0700,4.2400,4.2800,20051121,83443223.0000,3,1.412915,1,-0.934600,61.461178,0.972368,-34.992647,3.003069,0
2016-03-09,sh.600577,4.1500,4.2000,4.1000,4.1400,4.2400,12680609,52514706.0000,3,0.893547,1,-2.358500,60.011622,0.949435,-34.167349,2.932242,0
2016-03-10,sh.600577,4.1800,4.2300,4.1000,4.1100,4.1400,12809965,53183720.0000,3,0.902662,1,-0.724600,59.576755,0.942555,-33.919760,2.910994,0
2016-03-11,sh.600577,4.0800,4.1300,4.0400,4.1200,4.1100,10468234,42858509.0000,3,0.737651,1,0.243300,59.721711,0.944849,-34.002289,2.918077,0
2016-03-14,sh.600577,4.1600,4.5300,4.1600,4.4600,4.1200,50712352,224383775.0000,3,3.573479,1,8.252400,64.650202,1.022821,-36.808304,3.158889,0
2016-03-15,sh.600577,4.3800,4.4700,4.2900,4.3200,4.4600,31432557,137138815.0000,3,2.214915,1,-3.139000,65.053553,1.091217,149.541539,3.051829,0
2016-03-16,sh.600577,4.3800,4.3900,4.2300,4.2600,4.3200,16391723,70379033.0000,3,1.155053,1,-1.388900,64.150031,1.076061,147.464573,3.009442,0
2016-03-17,sh.600577,4.2600,4.3900,4.2500,4.3600,4.2600,27784470,120402971.0000,3,1.957851,1,2.347400,65.655901,1.101321,150.926183,3.080086,0
2016-03-18,sh.600577,4.3700,4.5100,4.3400,4.4800,4.3600,47217992,209812739.0000,3,3.327246,1,2.752300,67.462944,1.131632,155.080114,3.164859,0
2016-03-21,sh.600577,4.5300,4.7500,4.4700,4.7400,4.4800,63645774,293895520.0000,3,4.484841,1,5.803600,71.378204,1.197307,164.080299,3.348534,0
2016-03-22,sh.600577,4.6400,4.6900,4.5800,4.6100,4.7400,37892390,175214575.0000,3,2.670112,1,-2.742600,69.420574,1.164470,159.580207,3.256697,0
2016-03-23,sh.600577,4.5900,4.6400,4.5500,4.6100,4.6100,21846772,100189215.0000,3,1.539447,1,0.000000,69.420574,1.164470,159.580207,3.256697,0
2016-03-24,sh.600577,4.5700,4.6800,4.4800,4.4900,4.6100,33138761,152310804.0000,3,2.335144,1,-2.603000,67.613531,1.134158,155.426275,3.171924,0
2016-03-25,sh.600577,4.5000,4.5600,4.4600,4.5300,4.4900,19188933,86453533.0000,3,1.352161,1,0.890900,68.215879,1.144262,156.810919,3.200181,0
2016-03-28,sh.600577,4.5500,4.6200,4.4100,4.4700,4.5300,22116985,100172007.0000,3,1.558488,1,-1.324500,67.312357,1.129106,154.733953,3.157795,0
2016-03-29,sh.600577,4.4600,4.4900,4.3300,4.3700,4.4700,17250997,75756369.0000,3,1.215603,1,-2.237100,65.806488,1.103847,151.272344,3.087151,0
2016-03-30,sh.600577,4.3900,4.5100,4.3900,4.5000,4.3700,18887297,84295815.0000,3,1.330906,1,2.974800,67.764118,1.136684,155.772436,3.178988,0
2016-03-31,sh.600577,4.4800,4.5700,4.4800,4.5400,4.5000,28729740,130181680.0000,3,2.024460,1,0.888900,68.366465,1.146788,157.157080,3.207246,0
2016-04-01,sh.600577,4.5100,4.5300,4.4000,4.4800,4.5400,19398591,86342557.0000,3,1.366934,1,-1.321600,67.462944,1.131632,155.080114,3.164859,0
2016-04-05,sh.600577,4.4800,4.6200,4.4700,4.6100,4.4800,27046803,123327526.0000,3,1.905870,1,2.901800,69.420574,1.164470,159.580207,3.256697,0
2016-04-06,sh.600577,4.6000,4.6800,4.5300,4.6800,4.6100,32476956,149691770.0000,3,2.288510,1,1.518400,70.474682,1.182152,162.003334,3.306148,0
2016-04-07,sh.600577,4.6700,4.8700,4.5500,4.6400,4.6800,48323229,227277366.0000,3,3.405128,1,-0.854700,69.872335,1.172048,160.618690,3.277890,0
2016-04-08,sh.600577,4.6000,4.6700,4.5300,4.5800,4.6400,24498879,112141449.0000,3,1.726329,1,-1.293100,68.968813,1.156892,158.541724,3.235503,0
2016-04-11,sh.600577,4.6100,4.6800,4.6100,4.6500,4.5800,21796996,101341134.0000,3,1.535939,1,1.528400,70.022922,1.174574,160.964851,3.284954,0
2016-04-12,sh.600577,4.6200,4.6500,4.5500,4.5800,4.6500,17010412,77830735.0000,3,1.198650,1,-1.505400,68.968813,1.156892,158.541724,3.235503,0
2016-04-13,sh.600577,4.6000,4.7100,4.6000,4.6400,4.5800,33747999,157526268.0000,3,2.378075,1,1.310000,69.872335,1.172048,160.618690,3.277890,0
2016-04-14,sh.600577,4.6800,4.7200,4.6300,4.6900,4.6400,22160189,103455700.0000,3,1.561532,1,1.077600,70.625269,1.184677,162.349495,3.313212,0
2016-04-15,sh.600577,4.6800,4.7100,4.6300,4.6800,4.6900,19054096,88946071.0000,3,1.342659,1,-0.213200,70.474682,1.182152,162.003334,3.306148,0
2016-04-18,sh.600577,4.6400,4.6500,4.5200,4.5500,4.6800,19145502,87500665.0000,3,1.349100,1,-2.777800,68.517052,1.149314,157.503241,3.214310,0
2016-04-19,sh.600577,4.5800,4.6000,4.5200,4.5600,4.5500,12962535,58997719.0000,3,0.913413,1,0.219800,68.667639,1.151840,157.849402,3.221375,0
2016-04-20,sh.600577,4.5600,4.5900,4.2100,4.3100,4.5600,32138354,140738493.0000,3,2.264650,1,-5.482500,64.902966,1.088691,149.195378,3.044764,0
2016-04-21,sh.600577,4.2900,4.3400,4.2300,4.2500,4.3100,15814565,67895753.0000,3,1.114384,1,-1.392100,63.999445,1.073535,147.118412,3.002378,0
2016-04-22,sh.600577,4.2100,4.2900,4.1800,4.2800,4.2500,13329644,56435559.0000,3,0.939282,1,0.705900,64.451205,1.081113,148.156895,3.023571,0
2016-04-25,sh.600577,4.2200,4.3300,4.2000,4.3000,4.2800,11160272,47613186.0000,3,0.786416,1,0.467300,64.752379,1.086165,148.849217,3.037700,0
2016-04-26,sh.600577,4.2900,4.3300,4.2600,4.3200,4.3000,9314443,39994488.0000,3,0.656348,1,0.465100,65.053553,1.091217,149.541539,3.051829,0
2016-04-27,sh.600577,4.3200,4.3400,4.2800,4.3000,4.3200,11790762,50811455.0000,3,0.830844,1,-0.463000,64.752379,1.086165,148.849217,3.037700,0
2016-04-28,sh.600577,4.2900,4.3000,4.2000,4.2700,4.3000,10670438,45271796.0000,3,0.751899,1,-0.697700,60.232595,1.077839,46.872056,2.969300,0
2016-04-29,sh.600577,4.2500,4.2600,4.2000,4.2400,4.2700,7492602,31758497.0000,3,0.527971,1,-0.702600,59.809415,1.070266,46.542744,2.948439,0
2016-05-03,sh.600577,4.2400,4.2400,4.2400,4.2400,4.2400,0,0.0000,3,,0,0.000000,59.809415,1.070266,46.542744,2.948439,0
2016-05-04,sh.600577,4.2400,4.2400,4.2400,4.2400,4.2400,0,0.0000,3,,0,0.000000,59.809415,1.070266,46.542744,2.948439,0
2016-05-05,sh.600577,4.2400,4.2400,4.2400,4.2400,4.2400,0,0.0000,3,,0,0.000000,59.809415,1.070266,46.542744,2.948439,0
2016-05-06,sh.600577,4.2400,4.2400,4.2400,4.2400,4.2400,0,0.0000,3,,0,0.000000,59.809415,1.070266,46.542744,2.948439,0
2016-05-09,sh.600577,4.2400,4.2400,4.2400,4.2400,4.2400,0,0.0000,3,,0,0.000000,59.809415,1.070266,46.542744,2.948439,0
2016-05-10,sh.600577,4.2400,4.2400,4.2400,4.2400,4.2400,0,0.0000,3,,0,0.000000,59.809415,1.070266,46.542744,2.948439,0
2016-05-11,sh.600577,4.2400,4.2400,4.2400,4.2400,4.2400,0,0.0000,3,,0,0.000000,59.809415,1.070266,46.542744,2.948439,0
2016-05-12,sh.600577,4.1800,4.1800,4.1800,4.1800,4.1800,0,0.0000,3,,0,0.000000,58.963056,1.055121,45.884121,2.906715,0
2016-05-13,sh.600577,4.1800,4.1800,4.1800,4.1800,4.1800,0,0.0000,3,,0,0.000000,58.963056,1.055121,45.884121,2.906715,0
2016-05-16,sh.600577,4.1800,4.1800,4.1800,4.1800,4.1800,0,0.0000,3,,0,0.000000,58.963056,1.055121,45.884121,2.906715,0
2016-05-17,sh.600577,4.1800,4.1800,4.1800,4.1800,4.1800,0,0.0000,3,,0,0.000000,58.963056,1.055121,45.884121,2.906715,0
2016-05-18,sh.600577,4.1800,4.1800,4.1800,4.1800,4.1800,0,0.0000,3,,0,0.000000,58.963056,1.055121,45.884121,2.906715,0
2016-05-19,sh.600577,4.1800,4.1800,4.1800,4.1800,4.1800,0,0.0000,3,,0,0.000000,58.963056,1.055121,45.884121,2.906715,0
2016-05-20,sh.600577,4.1800,4.1800,4.1800,4.1800,4.1800,0,0.0000,3,,0,0.000000,58.963056,1.055121,45.884121,2.906715,0
2016-05-23,sh.600577,4.1800,4.1800,4.1800,4.1800,4.1800,0,0.0000,3,,0,0.000000,58.963056,1.055121,45.884121,2.906715,0
2016-05-24,sh.600577,4.1800,4.1800,4.1800,4.1800,4.1800,0,0.0000,3,,0,0.000000,58.963056,1.055121,45.884121,2.906715,0
2016-05-25,sh.600577,4.1800,4.1800,4.1800,4.1800,4.1800,0,0.0000,3,,0,0.000000,58.963056,1.055121,45.884121,2.906715,0
2016-05-26,sh.600577,4.1800,4.1800,4.1800,4.1800,4.1800,0,0.0000,3,,0,0.000000,58.963056,1.055121,45.884121,2.906715,0
2016-05-27,sh.600577,4.1800,4.1800,4.1800,4.1800,4.1800,0,0.0000,3,,0,0.000000,58.963056,1.055121,45.884121,2.906715,0
2016-05-30,sh.600577,4.1800,4.1800,4.1800,4.1800,4.1800,0,0.0000,3,,0,0.000000,58.963056,1.055121,45.884121,2.906715,0
2016-05-31,sh.600577,4.1800,4.1800,4.1800,4.1800,4.1800,0,0.0000,3,,0,0.000000,58.963056,1.055121,45.884121,2.906715,0
2016-06-01,sh.600577,4.1800,4.1800,4.1800,4.1800,4.1800,0,0.0000,3,,0,0.000000,58.963056,1.055121,45.884121,2.906715,0
2016-06-02,sh.600577,4.1800,4.1800,4.1800,4.1800,4.1800,0,0.0000,3,,0,0.000000,58.963056,1.055121,45.884121,2.906715,0
2016-06-03,sh.600577,4.1800,4.1800,4.1800,4.1800,4.1800,0,0.0000,3,,0,0.000000,58.963056,1.055121,45.884121,2.906715,0
2016-06-06,sh.600577,4.1800,4.1800,4.1800,4.1800,4.1800,0,0.0000,3,,0,0.000000,58.963056,1.055121,45.884121,2.906715,0
2016-06-07,sh.600577,4.1800,4.1800,4.1800,4.1800,4.1800,0,0.0000,3,,0,0.000000,58.963056,1.055121,45.884121,2.906715,0
2016-06-08,sh.600577,4.1800,4.1800,4.1800,4.1800,4.1800,0,0.0000,3,,0,0.000000,58.963056,1.055121,45.884121,2.906715,0
2016-06-13,sh.600577,4.1800,4.1800,4.1800,4.1800,4.1800,0,0.0000,3,,0,0.000000,58.963056,1.055121,45.884121,2.906715,0
2016-06-14,sh.600577,4.1800,4.1800,4.1800,4.1800,4.1800,0,0.0000,3,,0,0.000000,58.963056,1.055121,45.884121,2.906715,0
2016-06-15,sh.600577,4.1800,4.1800,4.1800,4.1800,4.1800,0,0.0000,3,,0,0.000000,58.963056,1.055121,45.884121,2.906715,0
2016-06-16,sh.600577,4.1800,4.1800,4.1800,4.1800,4.1800,0,0.0000,3,,0,0.000000,58.963056,1.055121,45.884121,2.906715,0
2016-06-17,sh.600577,4.1800,4.1800,4.1800,4.1800,4.1800,0,0.0000,3,,0,0.000000,58.963056,1.055121,45.884121,2.906715,0
2016-06-20,sh.600577,4.1800,4.1800,4.1800,4.1800,4.1800,0,0.0000,3,,0,0.000000,58.963056,1.055121,45.884121,2.906715,0
2016-06-21,sh.600577,4.1800,4.1800,4.1800,4.1800,4.1800,0,0.0000,3,,0,0.000000,58.963056,1.055121,45.884121,2.906715,0
2016-06-22,sh.600577,4.1800,4.1800,4.1800,4.1800,4.1800,0,0.0000,3,,0,0.000000,58.963056,1.055121,45.884121,2.906715,0
2016-06-23,sh.600577,4.1800,4.1800,4.1800,4.1800,4.1800,0,0.0000,3,,0,0.000000,58.963056,1.055121,45.884121,2.906715,0
2016-06-24,sh.600577,4.1800,4.1800,4.1800,4.1800,4.1800,0,0.0000,3,,0,0.000000,58.963056,1.055121,45.884121,2.906715,0
2016-06-27,sh.600577,4.1800,4.1800,4.1800,4.1800,4.1800,0,0.0000,3,,0,0.000000,58.963056,1.055121,45.884121,2.906715,0
2016-06-28,sh.600577,4.1800,4.1800,4.1800,4.1800,4.1800,0,0.0000,3,,0,0.000000,58.963056,1.055121,45.884121,2.906715,0
2016-06-29,sh.600577,4.1800,4.1800,4.1800,4.1800,4.1800,0,0.0000,3,,0,0.000000,58.963056,1.055121,45.884121,2.906715,0
2016-06-30,sh.600577,4.1800,4.1800,4.1800,4.1800,4.1800,0,0.0000,3,,0,0.000000,58.963056,1.055121,45.884121,2.906715,0
2016-07-01,sh.600577,4.1800,4.1800,4.1800,4.1800,4.1800,0,0.0000,3,,0,0.000000,58.963056,1.055121,45.884121,2.906715,0
2016-07-04,sh.600577,4.1800,4.1800,4.1800,4.1800,4.1800,0,0.0000,3,,0,0.000000,58.963056,1.055121,45.884121,2.906715,0
2016-07-05,sh.600577,4.1800,4.1800,4.1800,4.1800,4.1800,0,0.0000,3,,0,0.000000,58.963056,1.055121,45.884121,2.906715,0
2016-07-06,sh.600577,4.1800,4.1800,4.1800,4.1800,4.1800,0,0.0000,3,,0,0.000000,58.963056,1.055121,45.884121,2.906715,0
2016-07-07,sh.600577,4.1800,4.1800,4.1800,4.1800,4.1800,0,0.0000,3,,0,0.000000,58.963056,1.055121,45.884121,2.906715,0
2016-07-08,sh.600577,4.1800,4.1800,4.1800,4.1800,4.1800,0,0.0000,3,,0,0.000000,58.963056,1.055121,45.884121,2.906715,0
2016-07-11,sh.600577,4.1800,4.1800,4.1800,4.1800,4.1800,0,0.0000,3,,0,0.000000,58.963056,1.055121,45.884121,2.906715,0
2016-07-12,sh.600577,4.1800,4.1800,4.1800,4.1800,4.1800,0,0.0000,3,,0,0.000000,58.963056,1.055121,45.884121,2.906715,0
2016-07-13,sh.600577,4.1800,4.1800,4.1800,4.1800,4.1800,0,0.0000,3,,0,0.000000,58.963056,1.055121,45.884121,2.906715,0
2016-07-14,sh.600577,4.1800,4.1800,4.1800,4.1800,4.1800,0,0.0000,3,,0,0.000000,58.963056,1.055121,45.884121,2.906715,0
2016-07-15,sh.600577,4.1800,4.1800,4.1800,4.1800,4.1800,0,0.0000,3,,0,0.000000,58.963056,1.055121,45.884121,2.906715,0
2016-07-18,sh.600577,4.1800,4.1800,4.1800,4.1800,4.1800,0,0.0000,3,,0,0.000000,58.963056,1.055121,45.884121,2.906715,0
2016-07-19,sh.600577,4.1800,4.1800,4.1800,4.1800,4.1800,0,0.0000,3,,0,0.000000,58.963056,1.055121,45.884121,2.906715,0
2016-07-20,sh.600577,4.1800,4.1800,4.1800,4.1800,4.1800,0,0.0000,3,,0,0.000000,58.963056,1.055121,45.884121,2.906715,0
2016-07-21,sh.600577,4.1800,4.1800,4.1800,4.1800,4.1800,0,0.0000,3,,0,0.000000,58.963056,1.055121,45.884121,2.906715,0
2016-07-22,sh.600577,4.1800,4.1800,4.1800,4.1800,4.1800,0,0.0000,3,,0,0.000000,58.963056,1.055121,45.884121,2.906715,0
2016-07-25,sh.600577,4.1800,4.1800,4.1800,4.1800,4.1800,0,0.0000,3,,0,0.000000,58.963056,1.055121,45.884121,2.906715,0
2016-07-26,sh.600577,4.1800,4.1800,4.1800,4.1800,4.1800,0,0.0000,3,,0,0.000000,58.963056,1.055121,45.884121,2.906715,0
2016-07-27,sh.600577,4.1800,4.1800,4.1800,4.1800,4.1800,0,0.0000,3,,0,0.000000,58.963056,1.055121,45.884121,2.906715,0
2016-07-28,sh.600577,4.1800,4.1800,4.1800,4.1800,4.1800,0,0.0000,3,,0,0.000000,58.963056,1.055121,45.884121,2.906715,0
2016-07-29,sh.600577,4.1800,4.1800,4.1800,4.1800,4.1800,0,0.0000,3,,0,0.000000,58.963056,1.055121,45.884121,2.906715,0
2016-08-01,sh.600577,4.1800,4.1800,4.1800,4.1800,4.1800,0,0.0000,3,,0,0.000000,58.963056,1.055121,45.884121,2.906715,0
2016-08-02,sh.600577,4.1800,4.1800,4.1800,4.1800,4.1800,0,0.0000,3,,0,0.000000,58.963056,1.055121,45.884121,2.906715,0
2016-08-03,sh.600577,4.1800,4.1800,4.1800,4.1800,4.1800,0,0.0000,3,,0,0.000000,58.963056,1.055121,45.884121,2.906715,0
2016-08-04,sh.600577,4.1800,4.1800,4.1800,4.1800,4.1800,0,0.0000,3,,0,0.000000,58.963056,1.055121,45.884121,2.906715,0
2016-08-05,sh.600577,4.1800,4.1800,4.1800,4.1800,4.1800,0,0.0000,3,,0,0.000000,52.115119,1.127153,-1665.400176,2.950734,0
2016-08-08,sh.600577,4.1800,4.1800,4.1800,4.1800,4.1800,0,0.0000,3,,0,0.000000,52.115119,1.127153,-1665.400176,2.950734,0
2016-08-09,sh.600577,4.1800,4.1800,4.1800,4.1800,4.1800,0,0.0000,3,,0,0.000000,52.115119,1.127153,-1665.400176,2.950734,0
2016-08-10,sh.600577,4.1800,4.1800,4.1800,4.1800,4.1800,0,0.0000,3,,0,0.000000,52.115119,1.127153,-1665.400176,2.950734,0
2016-08-11,sh.600577,4.1800,4.1800,4.1800,4.1800,4.1800,0,0.0000,3,,0,0.000000,52.115119,1.127153,-1665.400176,2.950734,0
2016-08-12,sh.600577,4.1800,4.1800,4.1800,4.1800,4.1800,0,0.0000,3,,0,0.000000,52.115119,1.127153,-1665.400176,2.950734,0
2016-08-15,sh.600577,4.1800,4.1800,4.1800,4.1800,4.1800,0,0.0000,3,,0,0.000000,52.115119,1.127153,-1665.400176,2.950734,0
2016-08-16,sh.600577,4.1800,4.1800,4.1800,4.1800,4.1800,0,0.0000,3,,0,0.000000,52.115119,1.127153,-1665.400176,2.950734,0
2016-08-17,sh.600577,4.1800,4.1800,4.1800,4.1800,4.1800,0,0.0000,3,,0,0.000000,52.115119,1.127153,-1665.400176,2.950734,0
2016-08-18,sh.600577,4.1800,4.1800,4.1800,4.1800,4.1800,0,0.0000,3,,0,0.000000,52.115119,1.127153,-1665.400176,2.950734,0
2016-08-19,sh.600577,4.1800,4.1800,4.1800,4.1800,4.1800,0,0.0000,3,,0,0.000000,52.115119,1.127153,-1665.400176,2.950734,0
2016-08-22,sh.600577,4.1800,4.1800,4.1800,4.1800,4.1800,0,0.0000,3,,0,0.000000,52.115119,1.127153,-1665.400176,2.950734,0
2016-08-23,sh.600577,4.1800,4.1800,4.1800,4.1800,4.1800,0,0.0000,3,,0,0.000000,52.115119,1.127153,-1665.400176,2.950734,0
2016-08-24,sh.600577,4.1800,4.1800,4.1800,4.1800,4.1800,0,0.0000,3,,0,0.000000,52.115119,1.127153,-1665.400176,2.950734,0
2016-08-25,sh.600577,4.1800,4.1800,4.1800,4.1800,4.1800,0,0.0000,3,,0,0.000000,52.115119,1.127153,-1665.400176,2.950734,0
2016-08-26,sh.600577,4.1800,4.1800,4.1800,4.1800,4.1800,0,0.0000,3,,0,0.000000,52.115119,1.127153,-1665.400176,2.950734,0
2016-08-29,sh.600577,4.1800,4.1800,4.1800,4.1800,4.1800,0,0.0000,3,,0,0.000000,52.115119,1.127153,-1665.400176,2.950734,0
2016-08-30,sh.600577,4.1800,4.1800,4.1800,4.1800,4.1800,0,0.0000,3,,0,0.000000,52.115119,1.127153,-1665.400176,2.950734,0
2016-08-31,sh.600577,4.1800,4.1800,4.1800,4.1800,4.1800,0,0.0000,3,,0,0.000000,52.115119,1.127153,-1665.400176,2.950734,0
2016-09-01,sh.600577,4.1800,4.1800,4.1800,4.1800,4.1800,0,0.0000,3,,0,0.000000,52.115119,1.127153,-1665.400176,2.950734,0
2016-09-02,sh.600577,4.1800,4.1800,4.1800,4.1800,4.1800,0,0.0000,3,,0,0.000000,52.115119,1.127153,-1665.400176,2.950734,0
2016-09-05,sh.600577,4.1800,4.1800,4.1800,4.1800,4.1800,0,0.0000,3,,0,0.000000,52.115119,1.127153,-1665.400176,2.950734,0
2016-09-06,sh.600577,4.1800,4.1800,4.1800,4.1800,4.1800,0,0.0000,3,,0,0.000000,52.115119,1.127153,-1665.400176,2.950734,0
2016-09-07,sh.600577,4.1800,4.1800,4.1800,4.1800,4.1800,0,0.0000,3,,0,0.000000,52.115119,1.127153,-1665.400176,2.950734,0
2016-09-08,sh.600577,4.1800,4.1800,4.1800,4.1800,4.1800,0,0.0000,3,,0,0.000000,52.115119,1.127153,-1665.400176,2.950734,0
2016-09-09,sh.600577,4.1800,4.1800,4.1800,4.1800,4.1800,0,0.0000,3,,0,0.000000,52.115119,1.127153,-1665.400176,2.950734,0
2016-09-12,sh.600577,4.1800,4.1800,4.1800,4.1800,4.1800,0,0.0000,3,,0,0.000000,52.115119,1.127153,-1665.400176,2.950734,0
2016-09-13,sh.600577,4.1800,4.1800,4.1800,4.1800,4.1800,0,0.0000,3,,0,0.000000,52.115119,1.127153,-1665.400176,2.950734,0
2016-09-14,sh.600577,4.1800,4.1800,4.1800,4.1800,4.1800,0,0.0000,3,,0,0.000000,52.115119,1.127153,-1665.400176,2.950734,0
2016-09-19,sh.600577,4.1800,4.1800,4.1800,4.1800,4.1800,0,0.0000,3,,0,0.000000,52.115119,1.127153,-1665.400176,2.950734,0
2016-09-20,sh.600577,4.1800,4.1800,4.1800,4.1800,4.1800,0,0.0000,3,,0,0.000000,52.115119,1.127153,-1665.400176,2.950734,0
2016-09-21,sh.600577,4.1800,4.1800,4.1800,4.1800,4.1800,0,0.0000,3,,0,0.000000,52.115119,1.127153,-1665.400176,2.950734,0
2016-09-22,sh.600577,4.1800,4.1800,4.1800,4.1800,4.1800,0,0.0000,3,,0,0.000000,52.115119,1.127153,-1665.400176,2.950734,0
2016-09-23,sh.600577,4.1800,4.1800,4.1800,4.1800,4.1800,0,0.0000,3,,0,0.000000,52.115119,1.127153,-1665.400176,2.950734,0
2016-09-26,sh.600577,4.1800,4.1800,4.1800,4.1800,4.1800,0,0.0000,3,,0,0.000000,52.115119,1.127153,-1665.400176,2.950734,0
2016-09-27,sh.600577,4.1800,4.1800,4.1800,4.1800,4.1800,0,0.0000,3,,0,0.000000,52.115119,1.127153,-1665.400176,2.950734,0
2016-09-28,sh.600577,4.1800,4.1800,4.1800,4.1800,4.1800,0,0.0000,3,,0,0.000000,52.115119,1.127153,-1665.400176,2.950734,0
2016-09-29,sh.600577,4.1800,4.1800,4.1800,4.1800,4.1800,0,0.0000,3,,0,0.000000,52.115119,1.127153,-1665.400176,2.950734,0
2016-09-30,sh.600577,4.1800,4.1800,4.1800,4.1800,4.1800,0,0.0000,3,,0,0.000000,52.115119,1.127153,-1665.400176,2.950734,0
2016-10-10,sh.600577,4.1800,4.1800,4.1800,4.1800,4.1800,0,0.0000,3,,0,0.000000,52.115119,1.127153,-1665.400176,2.950734,0
2016-10-11,sh.600577,4.1800,4.1800,4.1800,4.1800,4.1800,0,0.0000,3,,0,0.000000,52.115119,1.127153,-1665.400176,2.950734,0
2016-10-12,sh.600577,4.1800,4.1800,4.1800,4.1800,4.1800,0,0.0000,3,,0,0.000000,52.115119,1.127153,-1665.400176,2.950734,0
2016-10-13,sh.600577,4.1800,4.1800,4.1800,4.1800,4.1800,0,0.0000,3,,0,0.000000,52.115119,1.127153,-1665.400176,2.950734,0
2016-10-14,sh.600577,4.1800,4.1800,4.1800,4.1800,4.1800,0,0.0000,3,,0,0.000000,52.115119,1.127153,-1665.400176,2.950734,0
2016-10-17,sh.600577,4.1800,4.1800,4.1800,4.1800,4.1800,0,0.0000,3,,0,0.000000,52.115119,1.127153,-1665.400176,2.950734,0
2016-10-18,sh.600577,4.1800,4.1800,4.1800,4.1800,4.1800,0,0.0000,3,,0,0.000000,52.115119,1.127153,-1665.400176,2.950734,0
2016-10-19,sh.600577,4.1800,4.1800,4.1800,4.1800,4.1800,0,0.0000,3,,0,0.000000,52.115119,1.127153,-1665.400176,2.950734,0
2016-10-20,sh.600577,4.1800,4.1800,4.1800,4.1800,4.1800,0,0.0000,3,,0,0.000000,52.115119,1.127153,-1665.400176,2.950734,0
2016-10-21,sh.600577,4.1800,4.1800,4.1800,4.1800,4.1800,0,0.0000,3,,0,0.000000,52.115119,1.127153,-1665.400176,2.950734,0
2016-10-24,sh.600577,4.1800,4.1800,4.1800,4.1800,4.1800,0,0.0000,3,,0,0.000000,52.115119,1.127153,-1665.400176,2.950734,0
2016-10-25,sh.600577,4.1800,4.1800,4.1800,4.1800,4.1800,0,0.0000,3,,0,0.000000,52.115119,1.127153,-1665.400176,2.950734,0
2016-10-26,sh.600577,4.1800,4.1800,4.1800,4.1800,4.1800,0,0.0000,3,,0,0.000000,52.115119,1.127153,-1665.400176,2.950734,0
2016-10-27,sh.600577,4.1800,4.1800,4.1800,4.1800,4.1800,0,0.0000,3,,0,0.000000,52.115119,1.127153,-1665.400176,2.950734,0
2016-10-28,sh.600577,4.1800,4.1800,4.1800,4.1800,4.1800,0,0.0000,3,,0,0.000000,52.115119,1.127153,-1665.400176,2.950734,0
2016-10-31,sh.600577,4.1800,4.1800,4.1800,4.1800,4.1800,0,0.0000,3,,0,0.000000,45.218014,1.124859,24.505789,2.888682,0
2016-11-01,sh.600577,4.1800,4.1800,4.1800,4.1800,4.1800,0,0.0000,3,,0,0.000000,45.218014,1.124859,24.505789,2.888682,0
2016-11-02,sh.600577,4.1800,4.1800,4.1800,4.1800,4.1800,0,0.0000,3,,0,0.000000,45.218014,1.124859,24.505789,2.888682,0
2016-11-03,sh.600577,4.1800,4.1800,4.1800,4.1800,4.1800,0,0.0000,3,,0,0.000000,45.218014,1.124859,24.505789,2.888682,0
2016-11-04,sh.600577,4.1800,4.1800,4.1800,4.1800,4.1800,0,0.0000,3,,0,0.000000,45.218014,1.124859,24.505789,2.888682,0
2016-11-07,sh.600577,4.1800,4.1800,4.1800,4.1800,4.1800,0,0.0000,3,,0,0.000000,45.218014,1.124859,24.505789,2.888682,0
2016-11-08,sh.600577,4.1800,4.1800,4.1800,4.1800,4.1800,0,0.0000,3,,0,0.000000,45.218014,1.124859,24.505789,2.888682,0
2016-11-09,sh.600577,4.1800,4.1800,4.1800,4.1800,4.1800,0,0.0000,3,,0,0.000000,45.218014,1.124859,24.505789,2.888682,0
2016-11-10,sh.600577,4.1800,4.1800,4.1800,4.1800,4.1800,0,0.0000,3,,0,0.000000,45.218014,1.124859,24.505789,2.888682,0
2016-11-11,sh.600577,4.1800,4.1800,4.1800,4.1800,4.1800,0,0.0000,3,,0,0.000000,45.218014,1.124859,24.505789,2.888682,0
2016-11-14,sh.600577,4.1800,4.1800,4.1800,4.1800,4.1800,0,0.0000,3,,0,0.000000,45.218014,1.124859,24.505789,2.888682,0
2016-11-15,sh.600577,4.1800,4.1800,4.1800,4.1800,4.1800,0,0.0000,3,,0,0.000000,45.218014,1.124859,24.505789,2.888682,0
2016-11-16,sh.600577,4.1800,4.1800,4.1800,4.1800,4.1800,0,0.0000,3,,0,0.000000,45.218014,1.124859,24.505789,2.888682,0
2016-11-17,sh.600577,4.1800,4.1800,4.1800,4.1800,4.1800,0,0.0000,3,,0,0.000000,45.218014,1.124859,24.505789,2.888682,0
2016-11-18,sh.600577,4.1800,4.1800,4.1800,4.1800,4.1800,0,0.0000,3,,0,0.000000,45.218014,1.124859,24.505789,2.888682,0
2016-11-21,sh.600577,4.1800,4.1800,4.1800,4.1800,4.1800,0,0.0000,3,,0,0.000000,45.218014,1.124859,24.505789,2.888682,0
2016-11-22,sh.600577,4.1800,4.1800,4.1800,4.1800,4.1800,0,0.0000,3,,0,0.000000,45.218014,1.124859,24.505789,2.888682,0
2016-11-23,sh.600577,4.1800,4.1800,4.1800,4.1800,4.1800,0,0.0000,3,,0,0.000000,45.218014,1.124859,24.505789,2.888682,0
2016-11-24,sh.600577,4.1800,4.1800,4.1800,4.1800,4.1800,0,0.0000,3,,0,0.000000,45.218014,1.124859,24.505789,2.888682,0
2016-11-25,sh.600577,4.1800,4.1800,4.1800,4.1800,4.1800,0,0.0000,3,,0,0.000000,45.218014,1.124859,24.505789,2.888682,0
2016-11-28,sh.600577,4.1800,4.1800,4.1800,4.1800,4.1800,0,0.0000,3,,0,0.000000,45.218014,1.124859,24.505789,2.888682,0
2016-11-29,sh.600577,4.1800,4.1800,4.1800,4.1800,4.1800,0,0.0000,3,,0,0.000000,45.218014,1.124859,24.505789,2.888682,0
2016-11-30,sh.600577,4.1800,4.1800,4.1800,4.1800,4.1800,0,0.0000,3,,0,0.000000,45.218014,1.124859,24.505789,2.888682,0
2016-12-01,sh.600577,4.1800,4.1800,4.1800,4.1800,4.1800,0,0.0000,3,,0,0.000000,45.218014,1.124859,24.505789,2.888682,0
2016-12-02,sh.600577,4.1800,4.1800,4.1800,4.1800,4.1800,0,0.0000,3,,0,0.000000,45.218014,1.124859,24.505789,2.888682,0
2016-12-05,sh.600577,4.1800,4.1800,4.1800,4.1800,4.1800,0,0.0000,3,,0,0.000000,45.218014,1.124859,24.505789,2.888682,0
2016-12-06,sh.600577,4.1800,4.1800,4.1800,4.1800,4.1800,0,0.0000,3,,0,0.000000,45.218014,1.124859,24.505789,2.888682,0
2016-12-07,sh.600577,4.1800,4.1800,4.1800,4.1800,4.1800,0,0.0000,3,,0,0.000000,45.218014,1.124859,24.505789,2.888682,0
2016-12-08,sh.600577,4.1800,4.1800,4.1800,4.1800,4.1800,0,0.0000,3,,0,0.000000,45.218014,1.124859,24.505789,2.888682,0
2016-12-09,sh.600577,4.1800,4.1800,4.1800,4.1800,4.1800,0,0.0000,3,,0,0.000000,45.218014,1.124859,24.505789,2.888682,0
2016-12-12,sh.600577,4.1800,4.1800,4.1800,4.1800,4.1800,0,0.0000,3,,0,0.000000,45.218014,1.124859,24.505789,2.888682,0
2016-12-13,sh.600577,4.1800,4.1800,4.1800,4.1800,4.1800,0,0.0000,3,,0,0.000000,45.218014,1.124859,24.505789,2.888682,0
2016-12-14,sh.600577,4.1800,4.1800,4.1800,4.1800,4.1800,0,0.0000,3,,0,0.000000,45.218014,1.124859,24.505789,2.888682,0
2016-12-15,sh.600577,4.1800,4.1800,4.1800,4.1800,4.1800,0,0.0000,3,,0,0.000000,45.218014,1.124859,24.505789,2.888682,0
2016-12-16,sh.600577,4.1800,4.1800,4.1800,4.1800,4.1800,0,0.0000,3,,0,0.000000,45.218014,1.124859,24.505789,2.888682,0
2016-12-19,sh.600577,4.1800,4.1800,4.1800,4.1800,4.1800,0,0.0000,3,,0,0.000000,45.218014,1.124859,24.505789,2.888682,0
2016-12-20,sh.600577,4.1800,4.1800,4.1800,4.1800,4.1800,0,0.0000,3,,0,0.000000,45.218014,1.124859,24.505789,2.888682,0
2016-12-21,sh.600577,4.1800,4.1800,4.1800,4.1800,4.1800,0,0.0000,3,,0,0.000000,45.218014,1.124859,24.505789,2.888682,0
2016-12-22,sh.600577,4.1800,4.1800,4.1800,4.1800,4.1800,0,0.0000,3,,0,0.000000,45.218014,1.124859,24.505789,2.888682,0
2016-12-23,sh.600577,4.1800,4.1800,4.1800,4.1800,4.1800,0,0.0000,3,,0,0.000000,45.218014,1.124859,24.505789,2.888682,0
2016-12-26,sh.600577,4.1800,4.1800,4.1800,4.1800,4.1800,0,0.0000,3,,0,0.000000,45.218014,1.124859,24.505789,2.888682,0
2016-12-27,sh.600577,4.1800,4.1800,4.1800,4.1800,4.1800,0,0.0000,3,,0,0.000000,45.218014,1.124859,24.505789,2.888682,0
2016-12-28,sh.600577,4.1800,4.1800,4.1800,4.1800,4.1800,0,0.0000,3,,0,0.000000,45.218014,1.124859,24.505789,2.888682,0
2016-12-29,sh.600577,4.1800,4.1800,4.1800,4.1800,4.1800,0,0.0000,3,,0,0.000000,45.218014,1.124859,24.505789,2.888682,0
2016-12-30,sh.600577,4.1800,4.1800,4.1800,4.1800,4.1800,0,0.0000,3,,0,0.000000,45.218014,1.124859,24.505789,2.888682,0
2017-01-03,sh.600577,4.1800,4.1800,4.1800,4.1800,4.1800,0,0.0000,3,,0,0.000000,45.218014,1.124859,24.505789,2.888682,0
2017-01-04,sh.600577,4.1800,4.1800,4.1800,4.1800,4.1800,0,0.0000,3,,0,0.000000,45.218014,1.124859,24.505789,2.888682,0
2017-01-05,sh.600577,4.1800,4.1800,4.1800,4.1800,4.1800,0,0.0000,3,,0,0.000000,45.218014,1.124859,24.505789,2.888682,0
2017-01-06,sh.600577,4.1800,4.1800,4.1800,4.1800,4.1800,0,0.0000,3,,0,0.000000,45.218014,1.124859,24.505789,2.888682,0
2017-01-09,sh.600577,4.1800,4.1800,4.1800,4.1800,4.1800,0,0.0000,3,,0,0.000000,45.218014,1.124859,24.505789,2.888682,0
2017-01-10,sh.600577,4.1800,4.1800,4.1800,4.1800,4.1800,0,0.0000,3,,0,0.000000,45.218014,1.124859,24.505789,2.888682,0
2017-01-11,sh.600577,4.1800,4.1800,4.1800,4.1800,4.1800,0,0.0000,3,,0,0.000000,45.218014,1.124859,24.505789,2.888682,0
2017-01-12,sh.600577,4.1800,4.1800,4.1800,4.1800,4.1800,0,0.0000,3,,0,0.000000,45.218014,1.124859,24.505789,2.888682,0
2017-01-13,sh.600577,4.1800,4.1800,4.1800,4.1800,4.1800,0,0.0000,3,,0,0.000000,45.218014,1.124859,24.505789,2.888682,0
2017-01-16,sh.600577,4.1800,4.1800,4.1800,4.1800,4.1800,0,0.0000,3,,0,0.000000,45.218014,1.124859,24.505789,2.888682,0
2017-01-17,sh.600577,4.1800,4.1800,4.1800,4.1800,4.1800,0,0.0000,3,,0,0.000000,45.218014,1.124859,24.505789,2.888682,0
2017-01-18,sh.600577,4.1800,4.1800,4.1800,4.1800,4.1800,0,0.0000,3,,0,0.000000,45.218014,1.124859,24.505789,2.888682,0
2017-01-19,sh.600577,4.1800,4.1800,4.1800,4.1800,4.1800,0,0.0000,3,,0,0.000000,45.218014,1.124859,24.505789,2.888682,0
2017-01-20,sh.600577,4.1800,4.1800,4.1800,4.1800,4.1800,0,0.0000,3,,0,0.000000,45.218014,1.124859,24.505789,2.888682,0
2017-01-23,sh.600577,4.1800,4.1800,4.1800,4.1800,4.1800,0,0.0000,3,,0,0.000000,45.218014,1.124859,24.505789,2.888682,0
2017-01-24,sh.600577,4.1800,4.1800,4.1800,4.1800,4.1800,0,0.0000,3,,0,0.000000,45.218014,1.124859,24.505789,2.888682,0
2017-01-25,sh.600577,4.1800,4.1800,4.1800,4.1800,4.1800,0,0.0000,3,,0,0.000000,45.218014,1.124859,24.505789,2.888682,0
2017-01-26,sh.600577,4.1800,4.1800,4.1800,4.1800,4.1800,0,0.0000,3,,0,0.000000,45.218014,1.124859,24.505789,2.888682,0
2017-02-03,sh.600577,4.1800,4.1800,4.1800,4.1800,4.1800,0,0.0000,3,,0,0.000000,45.218014,1.124859,24.505789,2.888682,0
2017-02-06,sh.600577,4.1800,4.1800,4.1800,4.1800,4.1800,0,0.0000,3,,0,0.000000,45.218014,1.124859,24.505789,2.888682,0
2017-02-07,sh.600577,4.1800,4.1800,4.1800,4.1800,4.1800,0,0.0000,3,,0,0.000000,45.218014,1.124859,24.505789,2.888682,0
2017-02-08,sh.600577,4.1800,4.1800,4.1800,4.1800,4.1800,0,0.0000,3,,0,0.000000,45.218014,1.124859,24.505789,2.888682,0
2017-02-09,sh.600577,4.1800,4.1800,4.1800,4.1800,4.1800,0,0.0000,3,,0,0.000000,45.218014,1.124859,24.505789,2.888682,0
2017-02-10,sh.600577,4.1800,4.1800,4.1800,4.1800,4.1800,0,0.0000,3,,0,0.000000,45.218014,1.124859,24.505789,2.888682,0
2017-02-13,sh.600577,4.1800,4.1800,4.1800,4.1800,4.1800,0,0.0000,3,,0,0.000000,45.218014,1.124859,24.505789,2.888682,0
2017-02-14,sh.600577,4.1800,4.1800,4.1800,4.1800,4.1800,0,0.0000,3,,0,0.000000,45.218014,1.124859,24.505789,2.888682,0
2017-02-15,sh.600577,4.1800,4.1800,4.1800,4.1800,4.1800,0,0.0000,3,,0,0.000000,45.218014,1.124859,24.505789,2.888682,0
2017-02-16,sh.600577,4.1800,4.1800,4.1800,4.1800,4.1800,0,0.0000,3,,0,0.000000,45.218014,1.124859,24.505789,2.888682,0
2017-02-17,sh.600577,4.1800,4.1800,4.1800,4.1800,4.1800,0,0.0000,3,,0,0.000000,45.218014,1.124859,24.505789,2.888682,0
2017-02-20,sh.600577,4.1800,4.1800,4.1800,4.1800,4.1800,0,0.0000,3,,0,0.000000,45.218014,1.124859,24.505789,2.888682,0
2017-02-21,sh.600577,4.1800,4.1800,4.1800,4.1800,4.1800,0,0.0000,3,,0,0.000000,45.218014,1.124859,24.505789,2.888682,0
2017-02-22,sh.600577,4.1800,4.1800,4.1800,4.1800,4.1800,0,0.0000,3,,0,0.000000,45.218014,1.124859,24.505789,2.888682,0
2017-02-23,sh.600577,4.1800,4.1800,4.1800,4.1800,4.1800,0,0.0000,3,,0,0.000000,45.218014,1.124859,24.505789,2.888682,0
2017-02-24,sh.600577,4.1800,4.1800,4.1800,4.1800,4.1800,0,0.0000,3,,0,0.000000,45.218014,1.124859,24.505789,2.888682,0
2017-02-27,sh.600577,4.1800,4.1800,4.1800,4.1800,4.1800,0,0.0000,3,,0,0.000000,45.218014,1.124859,24.505789,2.888682,0
2017-02-28,sh.600577,4.1800,4.1800,4.1800,4.1800,4.1800,0,0.0000,3,,0,0.000000,45.218014,1.124859,24.505789,2.888682,0
2017-03-01,sh.600577,4.1800,4.1800,4.1800,4.1800,4.1800,0,0.0000,3,,0,0.000000,45.218014,1.124859,24.505789,2.888682,0
2017-03-02,sh.600577,4.6000,4.6000,4.6000,4.6000,4.1800,548311,2522231.0000,3,0.038637,1,10.047850,49.761451,1.237883,26.968094,3.178933,0
2017-03-03,sh.600577,5.0600,5.0600,5.0600,5.0600,4.6000,1789500,9054870.0000,3,0.126098,1,10.000000,54.737596,1.361672,29.664903,3.496826,0
2017-03-06,sh.600577,5.5700,5.5700,5.5700,5.5700,5.0600,3904199,21746388.0000,3,0.275112,1,10.079060,60.254627,1.498915,32.654844,3.849273,0
2017-03-07,sh.600577,6.1300,6.1300,6.1300,6.1300,5.5700,12397982,75999630.0000,3,0.873632,1,10.053860,53.528834,1.472667,-127.226030,4.105235,0
2017-03-08,sh.600577,6.7400,6.7400,6.5600,6.7400,6.1300,107154325,720223216.0000,3,7.550699,1,9.951055,58.855520,1.619213,-139.886369,4.513750,0
2017-03-09,sh.600577,7.0400,7.1000,6.5800,6.7500,6.7400,262277121,1783728480.0000,3,18.481527,1,0.148371,58.942843,1.621616,-140.093916,4.520447,0
2017-03-10,sh.600577,6.7000,7.4300,6.7000,7.0600,6.7500,251143540,1801940336.0000,3,17.696992,1,4.592592,61.649847,1.696090,-146.527859,4.728052,0
2017-03-13,sh.600577,6.8700,7.2000,6.7700,6.9300,7.0600,166329256,1154152304.0000,3,11.720499,1,-1.841361,60.514652,1.664859,-143.829753,4.640992,0
2017-03-14,sh.600577,6.9400,7.2600,6.8200,7.1000,6.9300,177765572,1253361008.0000,3,12.526366,1,2.453104,61.999138,1.705699,-147.358045,4.754840,0
2017-03-15,sh.600577,7.0400,7.0800,6.7600,6.8700,7.1000,138281413,955740112.0000,3,9.744089,1,-3.239437,59.990716,1.650444,-142.584474,4.600810,0
2017-03-16,sh.600577,6.8500,7.5600,6.8500,7.1400,6.8700,257265348,1864709520.0000,3,18.128369,1,3.930131,62.348429,1.715309,-148.188231,4.781628,0
2017-03-17,sh.600577,7.4100,7.8500,7.3300,7.8500,7.1400,179306865,1375682144.0000,3,12.634974,1,9.943978,68.548343,1.885879,-162.924035,5.257112,0
2017-03-20,sh.600577,8.1000,8.2500,7.1600,7.2000,7.8500,319207392,2424275344.0000,3,22.493155,1,-8.280256,62.872366,1.729723,-149.433510,4.821810,0
2017-03-21,sh.600577,7.0100,7.3300,7.0000,7.1300,7.2000,136648522,970606768.0000,3,9.629027,1,-0.972218,62.261107,1.712907,-147.980684,4.774931,0
2017-03-22,sh.600577,7.0100,7.2400,6.8600,7.1000,7.1300,103701091,734231136.0000,3,7.307365,1,-0.420760,61.999138,1.705699,-147.358045,4.754840,0
2017-03-23,sh.600577,7.0500,7.1100,6.6000,6.7900,7.1000,135083729,925636176.0000,3,9.518762,1,-4.366196,59.292134,1.631225,-140.924102,4.547234,0
2017-03-24,sh.600577,6.7900,6.7900,6.5000,6.5800,6.7900,101736668,673168560.0000,3,7.168940,1,-3.092784,57.458356,1.580775,-136.565625,4.406598,0
2017-03-27,sh.600577,6.4800,6.5800,6.4100,6.5500,6.5800,60697532,394962624.0000,3,4.277091,1,-0.455923,57.196388,1.573568,-135.942985,4.386507,0
2017-03-28,sh.600577,6.5100,6.6300,6.2500,6.3200,6.5500,85607444,550239472.0000,3,6.032384,1,-3.511451,55.187965,1.518313,-131.169414,4.232477,0
2017-03-29,sh.600577,6.2700,6.4400,6.2000,6.3400,6.3200,62193982,392785264.0000,3,4.382539,1,0.316455,55.362611,1.523117,-131.584508,4.245871,0
2017-03-30,sh.600577,6.2400,6.2800,5.9500,5.9600,6.3400,73241218,448105392.0000,3,5.160990,1,-5.993692,52.044347,1.431827,-123.697739,3.991387,0
2017-03-31,sh.600577,6.0300,6.2400,5.9900,6.1500,5.9600,54518492,333149152.0000,3,3.841681,1,3.187921,53.703479,1.477472,-127.641123,4.118629,0
2017-04-05,sh.600577,6.0900,6.1400,5.9400,6.1000,6.1500,64495333,389958400.0000,3,4.544705,1,-0.813011,53.266865,1.465460,-126.603391,4.085144,0
2017-04-06,sh.600577,6.1300,6.3500,6.0800,6.2500,6.1000,68336552,426252304.0000,3,4.815379,1,2.459018,54.576706,1.501496,-129.716589,4.185599,0
2017-04-07,sh.600577,6.2300,6.2300,6.0500,6.1200,6.2500,51896804,317308528.0000,3,3.656942,1,-2.080002,53.441511,1.470265,-127.018484,4.098538,0
2017-04-10,sh.600577,6.0500,6.1400,5.9800,6.0300,6.1200,43184711,260170936.0000,3,3.043039,1,-1.470583,52.655606,1.448643,-125.150565,4.038266,0
2017-04-11,sh.600577,6.0300,6.0900,5.8000,6.0100,6.0300,55859932,332116960.0000,3,3.936206,1,-0.331675,52.480961,1.443838,-124.735472,4.024872,0
2017-04-12,sh.600577,5.9800,5.9800,5.8000,5.8100,6.0100,39980496,234718699.0000,3,2.817252,1,-3.327792,50.734506,1.395791,-120.584541,3.890932,0
2017-04-13,sh.600577,5.8300,5.9400,5.8100,5.9300,5.8100,31337598,183924696.0000,3,2.208224,1,2.065403,51.782379,1.424619,-123.075099,3.971296,0
2017-04-14,sh.600577,5.8800,5.9100,5.7500,5.7600,5.9300,25454770,147733629.0000,3,1.793687,1,-2.866772,50.297893,1.383779,-119.546808,3.857448,0
2017-04-17,sh.600577,5.7100,5.7200,5.5000,5.5200,5.7600,29542071,163961738.0000,3,2.081701,1,-4.166671,48.202147,1.326121,-114.565691,3.696721,0
2017-04-18,sh.600577,5.5500,5.5900,5.4900,5.5000,5.5200,18278022,101037066.0000,3,1.287973,1,-0.362318,48.027502,1.321316,-114.150598,3.683327,0
2017-04-19,sh.600577,5.4700,5.4800,5.2200,5.3500,5.5000,33190292,176195276.0000,3,2.338775,1,-2.727274,46.717661,1.285281,-111.037400,3.582872,0
2017-04-20,sh.600577,5.3500,5.3800,5.2300,5.3100,5.3500,19187200,101729967.0000,3,1.352038,1,-0.747663,46.368370,1.275671,-110.207214,3.556085,0
2017-04-21,sh.600577,5.3300,5.3600,5.2500,5.2600,5.3100,15769099,83528929.0000,3,1.111180,1,-0.941614,45.931756,1.263659,-109.169481,3.522600,0
2017-04-24,sh.600577,5.2500,5.2500,5.0000,5.0200,5.2600,24842948,126449879.0000,3,1.750574,1,-4.562742,43.836010,1.206002,-104.188364,3.361873,0
2017-04-25,sh.600577,5.0500,5.1300,5.0300,5.0900,5.0200,18582608,94476980.0000,3,1.309436,1,1.394426,44.447270,1.222818,-105.641190,3.408752,0
2017-04-26,sh.600577,5.0900,5.1100,5.0400,5.0700,5.0900,16713012,84813835.0000,3,1.177693,1,-0.392927,44.272624,1.218013,-105.226097,3.395358,0
2017-04-27,sh.600577,5.0500,5.2600,4.9000,5.2400,5.0700,38967188,198170613.0000,3,2.745848,1,3.353049,45.757111,1.258854,-108.754388,3.509206,0
2017-04-28,sh.600577,5.2000,5.2800,5.1800,5.2400,5.2400,22251134,116113554.0000,3,1.567941,1,0.000000,42.018124,1.175043,57.347706,3.433509,0
2017-05-02,sh.600577,5.2300,5.2600,5.1800,5.2400,5.2400,14414120,75300053.0000,3,1.015700,1,0.000000,42.018124,1.175043,57.347706,3.433509,0
2017-05-03,sh.600577,5.2400,5.3600,5.2000,5.3300,5.2400,28665915,151935527.0000,3,2.019962,1,1.717560,42.739810,1.195225,58.332686,3.492481,0
2017-05-04,sh.600577,5.3300,5.3300,5.1900,5.2100,5.3300,23082008,120948535.0000,3,1.626489,1,-2.251405,41.777563,1.168316,57.019380,3.413851,0
2017-05-05,sh.600577,5.1800,5.2600,5.1100,5.2200,5.2100,17769140,92555686.0000,3,1.252114,1,0.191934,41.857750,1.170558,57.128822,3.420404,0
2017-05-08,sh.600577,5.1900,5.3400,5.1500,5.2600,5.2200,23121272,120818055.0000,3,1.629255,1,0.766292,42.178499,1.179528,57.566591,3.446614,0
2017-05-09,sh.600577,5.2100,5.3400,5.1700,5.3200,5.2600,22613107,119079348.0000,3,1.593447,1,1.140683,42.659622,1.192983,58.223244,3.485929,0
2017-05-10,sh.600577,5.3300,5.3500,5.0700,5.1000,5.3200,25005997,131161392.0000,3,1.762064,1,-4.135343,40.895503,1.143649,55.815516,3.341774,0
2017-05-11,sh.600577,5.0100,5.0200,4.6100,4.7600,5.0200,32322254,154490731.0000,3,2.277609,1,-5.179278,38.169136,1.067405,52.094481,3.118989,0
2017-05-12,sh.600577,4.7600,4.7800,4.6400,4.7200,4.7600,15905923,74920689.0000,3,1.120821,1,-0.840345,37.848387,1.058436,51.656713,3.092779,0
2017-05-15,sh.600577,4.7000,4.7800,4.6800,4.7000,4.7200,11566127,54677739.0000,3,0.815015,1,-0.423728,37.688012,1.053951,51.437828,3.079674,0
2017-05-16,sh.600577,4.6800,4.8800,4.6200,4.8600,4.7000,23592939,112535752.0000,3,1.662492,1,3.404262,38.971008,1.089830,53.188903,3.184514,0
2017-05-17,sh.600577,4.8300,4.9700,4.8300,4.8400,4.8600,19661404,95901649.0000,3,1.385454,1,-0.411522,38.810634,1.085345,52.970019,3.171409,0
2017-05-18,sh.600577,4.7900,5.1000,4.7300,5.0400,4.8400,38313894,190503330.0000,3,2.699813,1,4.132227,40.414379,1.130194,55.158863,3.302459,0
2017-05-19,sh.600577,4.9900,5.0400,4.9200,4.9400,5.0400,20688979,102839909.0000,3,1.457862,1,-1.984125,39.612507,1.107769,54.064441,3.236934,0
2017-05-22,sh.600577,4.9100,4.9100,4.7700,4.7900,4.9400,19049183,91935005.0000,3,1.342313,1,-3.036439,38.409698,1.074133,52.422808,3.138646,0
2017-05-23,sh.600577,4.8100,4.8200,4.6200,4.6300,4.7900,15423183,72605936.0000,3,1.086805,1,-3.340289,37.126701,1.038254,50.671733,3.033806,0
2017-05-24,sh.600577,4.6500,4.7200,4.4800,4.7100,4.6300,12873006,59520984.0000,3,0.907105,1,1.727860,37.768200,1.056193,51.547270,3.086226,0
2017-05-25,sh.600577,4.6900,4.8100,4.6000,4.7600,4.7100,15152542,71405766.0000,3,1.067734,1,1.061575,38.169136,1.067405,52.094481,3.118989,0
2017-05-26,sh.600577,4.7400,4.8000,4.7300,4.7300,4.7600,10343412,49168122.0000,3,0.728855,1,-0.630256,37.928574,1.060678,51.766155,3.099331,0
2017-05-31,sh.600577,4.7900,4.8200,4.7200,4.7300,4.7300,11370762,54125214.0000,3,0.801248,1,0.000000,37.928574,1.060678,51.766155,3.099331,0
2017-06-01,sh.600577,4.8000,4.8000,4.5300,4.5400,4.7300,17267999,80196947.0000,3,1.216801,1,-4.016914,36.405016,1.018072,49.686753,2.974834,0
2017-06-02,sh.600577,4.5400,4.6400,4.4700,4.6100,4.5400,11486634,52323139.0000,3,0.809413,1,1.541854,36.966327,1.033769,50.452849,3.020701,0
2017-06-05,sh.600577,4.6100,4.6700,4.6100,4.6400,4.6100,9272802,43048912.0000,3,0.653414,1,0.650753,37.206889,1.040496,50.781175,3.040359,0
2017-06-06,sh.600577,4.6300,4.7600,4.5900,4.7100,4.6400,16170246,75890560.0000,3,1.139447,1,1.508624,37.768200,1.056193,51.547270,3.086226,0
2017-06-07,sh.600577,4.7300,4.7900,4.6900,4.7800,4.7100,22099985,104952979.0000,3,1.557290,1,1.486203,38.329510,1.071890,52.313366,3.132094,0
2017-06-08,sh.600577,4.7800,4.7800,4.6900,4.7200,4.7800,16966799,80255901.0000,3,1.195576,1,-1.255239,37.848387,1.058436,51.656713,3.092779,0
2017-06-09,sh.600577,4.7000,4.7200,4.6600,4.7200,4.7200,11413197,53480320.0000,3,0.804238,1,0.000000,37.848387,1.058436,51.656713,3.092779,0
2017-06-12,sh.600577,4.6900,4.6900,4.6200,4.6300,4.7200,11632133,54078044.0000,3,0.819666,1,-1.906773,37.126701,1.038254,50.671733,3.033806,0
2017-06-13,sh.600577,4.6300,4.7300,4.6200,4.7100,4.6300,13449085,62921118.0000,3,0.947698,1,1.727860,37.768200,1.056193,51.547270,3.086226,0
2017-06-14,sh.600577,4.7000,4.8000,4.6700,4.7400,4.7100,19315300,91524298.0000,3,1.361065,1,0.636937,38.008761,1.062921,51.875597,3.105884,0
2017-06-15,sh.600577,4.7900,4.9500,4.7800,4.9100,4.7400,43585201,213140906.0000,3,3.071259,1,3.586500,39.371945,1.101042,53.736114,3.217276,0
2017-06-16,sh.600577,4.9300,4.9300,4.8400,4.8900,4.9100,21364004,104234912.0000,3,1.505428,1,-0.407332,39.211570,1.096557,53.517230,3.204171,0
2017-06-19,sh.600577,4.9100,4.9500,4.8400,4.8900,4.8900,16720700,81814769.0000,3,1.178235,1,0.000000,39.211570,1.096557,53.517230,3.204171,0
2017-06-20,sh.600577,4.8900,4.9400,4.8700,4.8800,4.8900,16963503,83118828.0000,3,1.195344,1,-0.204494,39.131383,1.094315,53.407788,3.197619,0
2017-06-21,sh.600577,4.9000,4.9300,4.8500,4.8700,4.8800,12268608,59841879.0000,3,0.864515,1,-0.204923,39.051196,1.092072,53.298345,3.191066,0
2017-06-22,sh.600577,4.8500,4.8900,4.7300,4.7800,4.8700,16757787,81101866.0000,3,1.180848,1,-1.848043,38.329510,1.071890,52.313366,3.132094,0
2017-06-23,sh.600577,4.7500,4.8200,4.7000,4.8000,4.7800,15867147,75411177.0000,3,1.118089,1,0.418410,38.489885,1.076375,52.532250,3.145199,0
2017-06-26,sh.600577,4.8000,4.8000,4.8000,4.8000,4.8000,0,0.0000,3,,0,0.000000,38.489885,1.076375,52.532250,3.145199,0
2017-06-27,sh.600577,4.8000,4.8000,4.8000,4.8000,4.8000,0,0.0000,3,,0,0.000000,38.489885,1.076375,52.532250,3.145199,0
2017-06-28,sh.600577,4.8000,4.8000,4.8000,4.8000,4.8000,0,0.0000,3,,0,0.000000,38.489885,1.076375,52.532250,3.145199,0
2017-06-29,sh.600577,4.8000,4.8000,4.8000,4.8000,4.8000,0,0.0000,3,,0,0.000000,38.489885,1.076375,52.532250,3.145199,0
2017-06-30,sh.600577,4.8000,4.8000,4.8000,4.8000,4.8000,0,0.0000,3,,0,0.000000,38.489885,1.076375,52.532250,3.145199,0
2017-07-03,sh.600577,4.8000,4.8000,4.8000,4.8000,4.8000,0,0.0000,3,,0,0.000000,38.489885,1.076375,52.532250,3.145199,0
2017-07-04,sh.600577,4.8000,4.8000,4.8000,4.8000,4.8000,0,0.0000,3,,0,0.000000,38.489885,1.076375,52.532250,3.145199,0
2017-07-05,sh.600577,4.8000,4.8000,4.8000,4.8000,4.8000,0,0.0000,3,,0,0.000000,38.489885,1.076375,52.532250,3.145199,0
2017-07-06,sh.600577,4.8000,4.8000,4.8000,4.8000,4.8000,0,0.0000,3,,0,0.000000,38.489885,1.076375,52.532250,3.145199,0
2017-07-07,sh.600577,4.8000,4.8000,4.8000,4.8000,4.8000,0,0.0000,3,,0,0.000000,38.489885,1.076375,52.532250,3.145199,0
2017-07-10,sh.600577,4.5000,4.6500,4.4800,4.5600,4.8000,48566112,220905532.0000,3,3.422243,1,-5.000005,36.565391,1.022556,49.905638,2.987939,0
2017-07-11,sh.600577,4.5000,4.5400,4.3400,4.3500,4.5600,41759450,184970989.0000,3,2.942607,1,-4.605264,34.881458,0.975465,47.607352,2.850336,0
2017-07-12,sh.600577,4.3100,4.4600,4.2700,4.4100,4.3500,23256029,100401421.0000,3,1.638751,1,1.379309,35.362582,0.988920,48.264005,2.889651,0
2017-07-13,sh.600577,4.3500,4.4200,4.3400,4.4100,4.4100,14943340,65502580.0000,3,1.052992,1,0.000000,35.362582,0.988920,48.264005,2.889651,0
2017-07-14,sh.600577,4.4200,4.4400,4.3600,4.4200,4.4100,9589000,42209132.0000,3,0.675695,1,0.226763,35.442769,0.991162,48.373447,2.896204,0
2017-07-17,sh.600577,4.4200,4.4200,4.1000,4.1900,4.4200,18508600,78379501.0000,3,1.304220,1,-5.203620,33.598462,0.939586,45.856277,2.745496,0
2017-07-18,sh.600577,4.1800,4.2200,4.1100,4.2100,4.1900,12486791,52046868.0000,3,0.879890,1,0.477326,33.758837,0.944071,46.075161,2.758601,0
2017-07-19,sh.600577,4.2000,4.2700,4.1500,4.2500,4.2100,13559801,57139149.0000,3,0.955500,1,0.950118,34.079586,0.953041,46.512930,2.784811,0
2017-07-20,sh.600577,4.3800,4.4800,4.3600,4.4400,4.2500,30815383,136245623.0000,3,2.171426,1,4.470590,35.603144,0.995647,48.592331,2.909309,0
2017-07-21,sh.600577,4.3900,4.4200,4.3400,4.3600,4.4400,16930766,74072750.0000,3,1.193037,1,-1.801800,34.961645,0.977707,47.716794,2.856889,0
2017-07-24,sh.600577,4.3400,4.4200,4.3400,4.3800,4.3600,11506623,50374686.0000,3,0.810822,1,0.458715,35.122020,0.982192,47.935678,2.869994,0
2017-07-25,sh.600577,4.3800,4.4300,4.3800,4.4100,4.3800,13886205,61106127.0000,3,0.978500,1,0.684925,35.362582,0.988920,48.264005,2.889651,0
2017-07-26,sh.600577,4.4200,4.4400,4.3600,4.3900,4.4100,10093968,44311592.0000,3,0.711278,1,-0.453514,35.202207,0.984435,48.045120,2.876546,0
2017-07-27,sh.600577,4.3800,4.3900,4.2900,4.3800,4.3900,15872773,69069593.0000,3,1.118485,1,-0.227785,35.122020,0.982192,47.935678,2.869994,0
2017-07-28,sh.600577,4.3900,4.3900,4.3400,4.3500,4.3800,9251160,40291413.0000,3,0.651889,1,-0.684936,34.881458,0.975465,47.607352,2.850336,0
2017-07-31,sh.600577,4.3500,4.3500,4.3000,4.3500,4.3500,15487249,67046866.0000,3,1.091319,1,0.000000,34.881458,0.975465,47.607352,2.850336,0
2017-08-01,sh.600577,4.3500,4.4300,4.3100,4.4200,4.3500,21845435,95504405.0000,3,1.539353,1,1.609199,35.442769,0.991162,48.373447,2.896204,0
2017-08-02,sh.600577,4.4800,4.4900,4.3800,4.3900,4.4200,28280200,125301694.0000,3,1.992783,1,-0.678738,30.240944,0.909383,-227.494711,2.925445,0
2017-08-03,sh.600577,4.3500,4.3800,4.3200,4.3600,4.3900,15173144,65942966.0000,3,1.069185,1,-0.683365,30.034286,0.903168,-225.940077,2.905453,0
2017-08-04,sh.600577,4.3500,4.4200,4.3300,4.3900,4.3600,19632469,85826519.0000,3,1.383415,1,0.688067,30.240944,0.909383,-227.494711,2.925445,0
2017-08-07,sh.600577,4.3700,4.4300,4.3500,4.4200,4.3900,13277800,58395297.0000,3,0.935629,1,0.683376,30.447602,0.915597,-229.049344,2.945437,0
2017-08-08,sh.600577,4.4000,4.4100,4.3500,4.3600,4.4200,17950211,78393367.0000,3,1.264873,1,-1.357465,30.034286,0.903168,-225.940077,2.905453,0
2017-08-09,sh.600577,4.3500,4.3600,4.3100,4.3200,4.3600,14524196,62771199.0000,3,1.023457,1,-0.917430,29.758742,0.894882,-223.867232,2.878798,0
2017-08-10,sh.600577,4.3100,4.3100,4.2500,4.2500,4.3200,13604802,58208494.0000,3,0.958671,1,-1.620374,29.276540,0.880382,-220.239754,2.832151,0
2017-08-11,sh.600577,4.2200,4.2200,4.1500,4.1600,4.2500,15226184,63845584.0000,3,1.072923,1,-2.117651,28.656566,0.861739,-215.575853,2.772176,0
2017-08-14,sh.600577,4.1500,4.2500,4.1500,4.2400,4.1600,10272056,43351855.0000,3,0.525338,1,1.923075,29.207654,0.878311,-219.721543,2.825487,0
2017-08-15,sh.600577,4.2400,4.3800,4.2400,4.3700,4.2400,22875268,99251213.0000,3,1.169896,1,3.066041,30.103172,0.905240,-226.458288,2.912117,0
2017-08-16,sh.600577,4.3700,4.3800,4.3200,4.3600,4.3700,11224600,48760905.0000,3,0.574053,1,-0.228827,30.034286,0.903168,-225.940077,2.905453,0
2017-08-17,sh.600577,4.3500,4.4400,4.3300,4.4100,4.3600,19440364,85307294.0000,3,0.994227,1,1.146782,30.378716,0.913526,-228.531133,2.938773,0
2017-08-18,sh.600577,4.4000,4.4100,4.3600,4.3900,4.4100,9677100,42422459.0000,3,0.494910,1,-0.453514,30.240944,0.909383,-227.494711,2.925445,0
2017-08-21,sh.600577,4.4000,4.4100,4.3700,4.4100,4.3900,10882405,47805634.0000,3,0.556552,1,0.455580,30.378716,0.913526,-228.531133,2.938773,0
2017-08-22,sh.600577,4.4100,4.4100,4.3500,4.3600,4.4100,9911300,43335908.0000,3,0.506888,1,-1.133780,30.034286,0.903168,-225.940077,2.905453,0
2017-08-23,sh.600577,4.3600,4.3900,4.3400,4.3500,4.3600,7206900,31438115.0000,3,0.368578,1,-0.229363,29.965400,0.901097,-225.421866,2.898789,0
2017-08-24,sh.600577,4.3500,4.3800,4.3100,4.3200,4.3500,9468600,41127451.0000,3,0.484247,1,-0.689649,29.758742,0.894882,-223.867232,2.878798,0
2017-08-25,sh.600577,4.3200,4.3700,4.3100,4.3600,4.3200,7798601,33909799.0000,3,0.398839,1,0.925925,30.034286,0.903168,-225.940077,2.905453,0
2017-08-28,sh.600577,4.3700,4.4200,4.3500,4.3900,4.3600,15311540,67205949.0000,3,0.783069,1,0.688067,30.240944,0.909383,-227.494711,2.925445,0
2017-08-29,sh.600577,4.4000,4.4000,4.3600,4.3800,4.3900,10950099,47971357.0000,3,0.560014,1,-0.227785,30.172058,0.907311,-226.976499,2.918781,0
2017-08-30,sh.600577,4.3600,4.3900,4.3500,4.3700,4.3800,11297821,49253230.0000,3,0.577798,1,-0.228316,30.103172,0.905240,-226.458288,2.912117,0
2017-08-31,sh.600577,4.3600,4.3600,4.3200,4.3500,4.3700,13072652,56653191.0000,3,0.668567,1,-0.457666,29.965400,0.901097,-225.421866,2.898789,0
2017-09-01,sh.600577,4.3600,4.4100,4.3500,4.4000,4.3500,19615240,85820093.0000,3,1.003171,1,1.149430,30.309830,0.911454,-228.012922,2.932109,0
2017-09-04,sh.600577,4.3900,4.3900,4.3500,4.3900,4.4000,13907001,60818271.0000,3,0.711238,1,-0.227278,30.240944,0.909383,-227.494711,2.925445,0
2017-09-05,sh.600577,4.3800,4.5500,4.3600,4.5100,4.3900,42685792,190957031.0000,3,2.183054,1,2.733494,31.067576,0.934241,-233.713245,3.005412,0
2017-09-06,sh.600577,4.4800,4.6500,4.4700,4.5700,4.5100,46568557,213417836.0000,3,2.381628,1,1.330376,31.480892,0.946670,-236.822512,3.045395,0
2017-09-07,sh.600577,4.5600,4.5600,4.5000,4.5100,4.5700,24883085,112495715.0000,3,1.272581,1,-1.312909,31.067576,0.934241,-233.713245,3.005412,0
2017-09-08,sh.600577,4.5200,4.5400,4.4500,4.5000,4.5100,18652386,83635010.0000,3,0.953928,1,-0.221735,30.998690,0.932169,-233.195034,2.998748,0
2017-09-11,sh.600577,4.5000,4.5600,4.4700,4.5600,4.5000,16418950,74273028.0000,3,0.839705,1,1.333332,31.412006,0.944598,-236.304301,3.038731,0
2017-09-12,sh.600577,4.5600,4.5900,4.5200,4.5300,4.5600,16473015,74872705.0000,3,0.842470,1,-0.657889,31.205348,0.938384,-234.749667,3.018739,0
2017-09-13,sh.600577,4.4800,4.4800,4.4200,4.4500,4.4800,10800290,48031428.0000,3,0.552353,1,-0.669647,30.654260,0.921812,-230.603978,2.965428,0
2017-09-14,sh.600577,4.4500,4.4900,4.4200,4.4500,4.4500,12710950,56496120.0000,3,0.650069,1,0.000000,30.654260,0.921812,-230.603978,2.965428,0
2017-09-15,sh.600577,4.4400,4.5200,4.4200,4.5200,4.4500,17730852,79369199.0000,3,0.906799,1,1.573038,31.136462,0.936312,-234.231456,3.012076,0
2017-09-18,sh.600577,4.5000,4.5300,4.4600,4.4800,4.5200,11349336,50911048.0000,3,0.580432,1,-0.884955,30.860918,0.928026,-232.158611,2.985420,0
2017-09-19,sh.600577,4.4700,4.4900,4.4100,4.4500,4.4800,10595599,47185872.0000,3,0.541884,1,-0.669647,30.654260,0.921812,-230.603978,2.965428,0
2017-09-20,sh.600577,4.4700,4.4700,4.4100,4.4600,4.4500,11141796,49472428.0000,3,0.569818,1,0.224724,30.723146,0.923883,-231.122189,2.972092,0
2017-09-21,sh.600577,4.4500,4.4600,4.4200,4.4300,4.4600,9032845,40112214.0000,3,0.461961,1,-0.672651,30.516488,0.917669,-229.567555,2.952101,0
2017-09-22,sh.600577,4.4300,4.4300,4.3200,4.3500,4.4300,16354207,71130057.0000,3,0.836394,1,-1.805867,29.965400,0.901097,-225.421866,2.898789,0
2017-09-25,sh.600577,4.3300,4.3400,4.2700,4.3000,4.3500,9714500,41815483.0000,3,0.496823,1,-1.149419,29.620970,0.890739,-222.830810,2.865470,0
2017-09-26,sh.600577,4.2800,4.3200,4.2800,4.3100,4.3000,7414500,31853309.0000,3,0.379195,1,0.232552,29.689856,0.892811,-223.349021,2.872134,0
2017-09-27,sh.600577,4.3100,4.3300,4.2900,4.3100,4.3100,5427002,23387730.0000,3,0.277550,1,0.000000,29.689856,0.892811,-223.349021,2.872134,0
2017-09-28,sh.600577,4.3000,4.3200,4.2800,4.2800,4.3100,6439400,27609661.0000,3,0.329326,1,-0.696049,29.483198,0.886597,-221.794388,2.852142,0
2017-09-29,sh.600577,4.2800,4.3400,4.2800,4.3300,4.2800,8488002,36700566.0000,3,0.434097,1,1.168218,29.827628,0.896954,-224.385443,2.885462,0
2017-10-09,sh.600577,4.3600,4.3900,4.3300,4.3500,4.3300,8827304,38453312.0000,3,0.451450,1,0.461893,29.965400,0.901097,-225.421866,2.898789,0
2017-10-10,sh.600577,4.3500,4.4000,4.3200,4.4000,4.3500,10916617,47570677.0000,3,0.558302,1,1.149430,30.309830,0.911454,-228.012922,2.932109,0
2017-10-11,sh.600577,4.3900,4.4000,4.3600,4.4000,4.4000,9682200,42436158.0000,3,0.495171,1,0.000000,30.309830,0.911454,-228.012922,2.932109,0
2017-10-12,sh.600577,4.4000,4.4000,4.3400,4.3700,4.4000,7837792,34192202.0000,3,0.400844,1,-0.681823,30.103172,0.905240,-226.458288,2.912117,0
2017-10-13,sh.600577,4.3700,4.3800,4.3400,4.3800,4.3700,8948204,38988406.0000,3,0.457633,1,0.228838,30.172058,0.907311,-226.976499,2.918781,0
2017-10-16,sh.600577,4.3800,4.3800,4.2900,4.3100,4.3800,9722664,42112650.0000,3,0.497240,1,-1.598177,29.689856,0.892811,-223.349021,2.872134,0
2017-10-17,sh.600577,4.3100,4.3400,4.2900,4.3200,4.3100,6951700,29948285.0000,3,0.355527,1,0.232024,29.758742,0.894882,-223.867232,2.878798,0
2017-10-18,sh.600577,4.3100,4.3300,4.2800,4.2900,4.3200,8077960,34759974.0000,3,0.413126,1,-0.694449,29.552084,0.888668,-222.312599,2.858806,0
2017-10-19,sh.600577,4.2900,4.3000,4.2100,4.2300,4.2900,11197910,47565439.0000,3,0.572688,1,-1.398600,29.138768,0.876239,-219.203332,2.818823,0
2017-10-20,sh.600577,4.2100,4.3000,4.2100,4.2700,4.2300,6230542,26513782.0000,3,0.318645,1,0.945626,29.414312,0.884525,-221.276176,2.845478,0
2017-10-23,sh.600577,4.2800,4.3100,4.2700,4.3000,4.2700,5703750,24437881.0000,3,0.291704,1,0.702581,29.620970,0.890739,-222.830810,2.865470,0
2017-10-24,sh.600577,4.3100,4.3100,4.2400,4.2700,4.3000,5685501,24238075.0000,3,0.290770,1,-0.697679,29.414312,0.884525,-221.276176,2.845478,0
2017-10-25,sh.600577,4.2600,4.3300,4.2400,4.3100,4.2700,9041710,38786837.0000,3,0.462415,1,0.936767,29.689856,0.892811,-223.349021,2.872134,0
2017-10-26,sh.600577,4.3100,4.3200,4.2800,4.3200,4.3100,5645883,24315661.0000,3,0.288744,1,0.232024,29.758742,0.894882,-223.867232,2.878798,0
2017-10-27,sh.600577,4.3100,4.3500,4.3000,4.3400,4.3200,9671800,41915008.0000,3,0.494639,1,0.462962,29.896514,0.899025,-224.903655,2.892126,0
2017-10-30,sh.600577,4.3400,4.3400,4.2100,4.2500,4.3400,10995465,46701404.0000,3,0.562335,1,-2.073736,29.276540,0.880382,-220.239754,2.832151,0
2017-10-31,sh.600577,4.2500,4.2800,4.2400,4.2700,4.2500,6092500,25949193.0000,3,0.311585,1,0.470588,26.619906,0.803086,-45.840476,2.855765,0
2017-11-01,sh.600577,4.2700,4.2800,4.2400,4.2400,4.2700,6763900,28774713.0000,3,0.345922,1,-0.702581,26.432881,0.797444,-45.518412,2.835701,0
2017-11-02,sh.600577,4.2400,4.2400,4.1800,4.1900,4.2400,9159563,38542243.0000,3,0.468442,1,-1.179239,26.121173,0.788040,-44.981638,2.802261,0
2017-11-03,sh.600577,4.1900,4.2400,4.1700,4.1900,4.1900,7155340,30063603.0000,3,0.365941,1,0.000000,26.121173,0.788040,-44.981638,2.802261,0
2017-11-06,sh.600577,4.2000,4.2300,4.1800,4.2300,4.1900,4947260,20800439.0000,3,0.253015,1,0.954653,26.370540,0.795563,-45.411057,2.829013,0
2017-11-07,sh.600577,4.2400,4.2500,4.2000,4.2100,4.2300,7002700,29489246.0000,3,0.358135,1,-0.472813,26.245856,0.791801,-45.196348,2.815637,0
2017-11-08,sh.600577,4.2300,4.2500,4.2000,4.2200,4.2100,7422204,31321681.0000,3,0.379589,1,0.237524,26.308198,0.793682,-45.303703,2.822325,0
2017-11-09,sh.600577,4.2200,4.2200,4.1900,4.2100,4.2200,6769054,28438007.0000,3,0.346186,1,-0.236961,26.245856,0.791801,-45.196348,2.815637,0
2017-11-10,sh.600577,4.2100,4.2100,4.1700,4.1900,4.2100,7066828,29587197.0000,3,0.361415,1,-0.475059,26.121173,0.788040,-44.981638,2.802261,0
2017-11-13,sh.600577,4.1800,4.2000,4.1600,4.1800,4.1900,9134795,38127618.0000,3,0.467175,1,-0.238669,26.058831,0.786159,-44.874284,2.795573,0
2017-11-14,sh.600577,4.1900,4.1900,4.1500,4.1700,4.1800,7406800,30843241.0000,3,0.378802,1,-0.239229,25.996489,0.784278,-44.766929,2.788885,0
2017-11-15,sh.600577,4.1600,4.1600,4.1200,4.1300,4.1700,10115100,41801802.0000,3,0.517311,1,-0.959232,25.747123,0.776755,-44.337510,2.762134,0
2017-11-16,sh.600577,4.1200,4.1500,4.1000,4.1100,4.1300,7373000,30424274.0000,3,0.377073,1,-0.484261,25.622439,0.772994,-44.122800,2.748758,0
2017-11-17,sh.600577,4.1100,4.1400,3.9500,3.9800,4.1100,18470598,74444738.0000,3,0.944631,1,-3.163020,24.811997,0.748544,-42.727189,2.661814,0
2017-11-20,sh.600577,3.9700,3.9800,3.8100,3.9300,3.9800,9822600,38223319.0000,3,0.502351,1,-1.256280,24.500289,0.739140,-42.190415,2.628374,0
2017-11-21,sh.600577,3.9400,3.9500,3.8700,3.8900,3.9300,8154104,31820370.0000,3,0.417021,1,-1.017811,24.250922,0.731617,-41.760996,2.601622,0
2017-11-22,sh.600577,3.9000,3.9900,3.8900,3.9600,3.8900,9341288,36814372.0000,3,0.477736,1,1.799484,24.687314,0.744782,-42.512479,2.648438,0
2017-11-23,sh.600577,3.9300,3.9700,3.8600,3.8700,3.9600,7304104,28530403.0000,3,0.373550,1,-2.272731,24.126238,0.727856,-41.546287,2.588246,0
2017-11-24,sh.600577,3.8700,3.9400,3.8300,3.8900,3.8700,5682490,22148465.0000,3,0.290616,1,0.516802,24.250922,0.731617,-41.760996,2.601622,0
2017-11-27,sh.600577,3.9000,3.9100,3.8600,3.8800,3.8900,4650150,18081129.0000,3,0.237820,1,-0.257069,24.188580,0.729736,-41.653641,2.594934,0
2017-11-28,sh.600577,3.9000,3.9400,3.8900,3.9300,3.8800,5356340,20969206.0000,3,0.273936,1,1.288659,24.500289,0.739140,-42.190415,2.628374,0
2017-11-29,sh.600577,3.9300,3.9400,3.8800,3.9100,3.9300,4452406,17385030.0000,3,0.227707,1,-0.508905,24.375605,0.735379,-41.975706,2.614998,0
2017-11-30,sh.600577,3.9100,3.9400,3.8900,3.9200,3.9100,4458651,17469732.0000,3,0.228026,1,0.255754,24.437947,0.737259,-42.083060,2.621686,0
2017-12-01,sh.600577,3.9000,3.9600,3.9000,3.9500,3.9200,5577456,21903370.0000,3,0.285245,1,0.765305,24.624972,0.742902,-42.405125,2.641750,0
2017-12-04,sh.600577,3.9500,3.9600,3.9000,3.9100,3.9500,5736902,22520274.0000,3,0.293399,1,-1.012657,24.375605,0.735379,-41.975706,2.614998,0
2017-12-05,sh.600577,3.8800,3.9100,3.8100,3.8300,3.9100,6923500,26727724.0000,3,0.354084,1,-2.046040,23.876872,0.720332,-41.116868,2.561494,0
2017-12-06,sh.600577,3.8300,3.9000,3.8000,3.9000,3.8300,7615083,29371022.0000,3,0.389454,1,1.827681,24.313263,0.733498,-41.868351,2.608310,0
2017-12-07,sh.600577,3.8800,3.9100,3.8600,3.8700,3.9000,3905600,15147588.0000,3,0.199742,1,-0.769236,24.126238,0.727856,-41.546287,2.588246,0
2017-12-08,sh.600577,3.8700,3.9000,3.8600,3.9000,3.8700,4001602,15539602.0000,3,0.204652,1,0.775199,24.313263,0.733498,-41.868351,2.608310,0
2017-12-11,sh.600577,3.8900,3.9400,3.8900,3.9300,3.9000,5583794,21890335.0000,3,0.285569,1,0.769230,24.500289,0.739140,-42.190415,2.628374,0
2017-12-12,sh.600577,3.9200,3.9300,3.8800,3.8800,3.9300,4316800,16854795.0000,3,0.220772,1,-1.272263,24.188580,0.729736,-41.653641,2.594934,0
2017-12-13,sh.600577,3.8900,3.9300,3.8700,3.9200,3.8800,4077614,15921209.0000,3,0.208539,1,1.030927,24.437947,0.737259,-42.083060,2.621686,0
2017-12-14,sh.600577,3.9100,3.9200,3.8900,3.9100,3.9200,3883442,15153315.0000,3,0.198609,1,-0.255102,24.375605,0.735379,-41.975706,2.614998,0
2017-12-15,sh.600577,3.9100,3.9200,3.8800,3.9000,3.9100,3495300,13631720.0000,3,0.178758,1,-0.255754,24.313263,0.733498,-41.868351,2.608310,0
2017-12-18,sh.600577,3.8900,3.9000,3.8700,3.8800,3.9000,5462604,21208110.0000,3,0.279371,1,-0.512820,24.188580,0.729736,-41.653641,2.594934,0
2017-12-19,sh.600577,3.8800,3.9000,3.8700,3.8900,3.8800,3560500,13833513.0000,3,0.182093,1,0.257732,24.250922,0.731617,-41.760996,2.601622,0
2017-12-20,sh.600577,3.8800,3.8900,3.8300,3.8400,3.8900,5848670,22500430.0000,3,0.299115,1,-1.285352,23.939213,0.722213,-41.224222,2.568182,0
2017-12-21,sh.600577,3.8500,3.8600,3.8000,3.8300,3.8400,4204502,16065572.0000,3,0.215028,1,-0.260416,23.876872,0.720332,-41.116868,2.561494,0
2017-12-22,sh.600577,3.8200,3.8400,3.8100,3.8200,3.8300,3121922,11930300.0000,3,0.159663,1,-0.261096,23.814530,0.718452,-41.009513,2.554806,0
2017-12-25,sh.600577,3.8100,3.8300,3.7700,3.7800,3.8200,5343672,20262334.0000,3,0.273288,1,-1.047119,23.565163,0.710929,-40.580094,2.528054,0
2017-12-26,sh.600577,3.7700,3.7900,3.7500,3.7800,3.7800,3617001,13629976.0000,3,0.184982,1,0.000000,23.565163,0.710929,-40.580094,2.528054,0
2017-12-27,sh.600577,3.7800,3.7800,3.7100,3.7200,3.7800,7520500,28112100.0000,3,0.384617,1,-1.587300,23.191113,0.699644,-39.935965,2.487927,0
2017-12-28,sh.600577,3.7200,3.7500,3.7000,3.7400,3.7200,4759790,17755972.0000,3,0.243427,1,0.537634,23.315796,0.703406,-40.150675,2.501303,0
2017-12-29,sh.600577,3.7300,3.7600,3.7100,3.7600,3.7400,4468904,16663221.0000,3,0.228551,1,0.534759,23.440480,0.707167,-40.365384,2.514678,0
2018-01-02,sh.600577,3.7600,3.8100,3.7500,3.8000,3.7600,5283506,20027316.0000,3,0.270211,1,1.063829,23.689846,0.714690,-40.794803,2.541430,0
2018-01-03,sh.600577,3.8100,3.8400,3.7900,3.8300,3.8000,6375900,24357357.0000,3,0.326079,1,0.789473,23.876872,0.720332,-41.116868,2.561494,0
2018-01-04,sh.600577,3.8100,3.8900,3.7900,3.8600,3.8300,9513702,36526989.0000,3,0.486554,1,0.783289,24.063897,0.725975,-41.438932,2.581558,0
2018-01-05,sh.600577,3.8600,3.8700,3.8300,3.8500,3.8600,7125104,27412623.0000,3,0.364395,1,-0.259067,24.001555,0.724094,-41.331577,2.574870,0
2018-01-08,sh.600577,3.8600,3.8600,3.8200,3.8500,3.8500,6359572,24385202.0000,3,0.325244,1,0.000000,24.001555,0.724094,-41.331577,2.574870,0
2018-01-09,sh.600577,3.9300,4.0400,3.8900,3.8900,3.8500,20099204,79760300.0000,3,1.027922,1,1.038966,24.250922,0.731617,-41.760996,2.601622,0
2018-01-10,sh.600577,3.9100,3.9200,3.8700,3.8900,3.8900,8644504,33624807.0000,3,0.442101,1,0.000000,24.250922,0.731617,-41.760996,2.601622,0
2018-01-11,sh.600577,3.8700,3.9100,3.8500,3.9000,3.8900,6924420,26860995.0000,3,0.354132,1,0.257069,24.313263,0.733498,-41.868351,2.608310,0
2018-01-12,sh.600577,3.8900,3.9200,3.8800,3.9100,3.9000,5683802,22139500.0000,3,0.290683,1,0.256410,24.375605,0.735379,-41.975706,2.614998,0
2018-01-15,sh.600577,3.9000,3.9000,3.8000,3.8100,3.9100,7439100,28595484.0000,3,0.380454,1,-2.557548,23.752188,0.716571,-40.902158,2.548118,0
2018-01-16,sh.600577,3.8000,3.8300,3.7900,3.8200,3.8100,4738200,18084686.0000,3,0.242323,1,0.262467,23.814530,0.718452,-41.009513,2.554806,0
2018-01-17,sh.600577,3.8200,3.8600,3.7900,3.8500,3.8200,5992647,22915296.0000,3,0.306478,1,0.785340,24.001555,0.724094,-41.331577,2.574870,0
2018-01-18,sh.600577,3.8400,3.8700,3.8300,3.8600,3.8500,4031857,15519264.0000,3,0.206199,1,0.259740,24.063897,0.725975,-41.438932,2.581558,0
2018-01-19,sh.600577,3.8700,3.8700,3.8400,3.8600,3.8600,4290886,16555508.0000,3,0.219446,1,0.000000,24.063897,0.725975,-41.438932,2.581558,0
2018-01-22,sh.600577,3.8600,3.9000,3.8300,3.8900,3.8600,5552428,21472793.0000,3,0.283965,1,0.777208,24.250922,0.731617,-41.760996,2.601622,0
2018-01-23,sh.600577,3.9200,3.9200,3.8600,3.8800,3.8900,4494702,17423647.0000,3,0.229870,1,-0.257069,24.188580,0.729736,-41.653641,2.594934,0
2018-01-24,sh.600577,3.8900,3.8900,3.8600,3.8900,3.8800,5167973,20012973.0000,3,0.264303,1,0.257732,24.250922,0.731617,-41.760996,2.601622,0
2018-01-25,sh.600577,3.8800,3.9200,3.8800,3.9000,3.8900,6021482,23461723.0000,3,0.307953,1,0.257069,24.313263,0.733498,-41.868351,2.608310,0
2018-01-26,sh.600577,3.9000,3.9000,3.8700,3.8700,3.9000,3822900,14841203.0000,3,0.195512,1,-0.769236,24.126238,0.727856,-41.546287,2.588246,0
2018-01-29,sh.600577,3.8800,3.8800,3.8200,3.8400,3.8700,5820600,22410956.0000,3,0.297680,1,-0.775193,23.939213,0.722213,-41.224222,2.568182,0
2018-01-30,sh.600577,3.8300,3.8700,3.8200,3.8600,3.8400,4561154,17518789.0000,3,0.233268,1,0.520833,24.063897,0.725975,-41.438932,2.581558,0
2018-01-31,sh.600577,3.8500,3.8600,3.7800,3.7900,3.8600,7406600,28283816.0000,3,0.378791,1,-1.813470,23.627505,0.712809,-40.687449,2.534742,0
2018-02-01,sh.600577,3.7900,3.8100,3.6800,3.6900,3.7900,9435975,35141103.0000,3,0.482579,1,-2.638520,23.004088,0.694002,-39.613901,2.467863,0
2018-02-02,sh.600577,3.6800,3.6800,3.5500,3.6600,3.6900,6627500,24009077.0000,3,0.338946,1,-0.813007,22.817063,0.688359,-39.291837,2.447799,0
2018-02-05,sh.600577,3.6200,3.6600,3.5900,3.6500,3.6600,3675660,13367530.0000,3,0.187982,1,-0.273224,22.754721,0.686479,-39.184482,2.441111,0
2018-02-06,sh.600577,3.6000,3.6400,3.5200,3.5300,3.6500,6947400,24916823.0000,3,0.355307,1,-3.287674,22.006621,0.663910,-37.896225,2.360855,0
2018-02-07,sh.600577,3.5600,3.6000,3.4900,3.5400,3.5300,4723590,16750899.0000,3,0.241576,1,0.283286,22.068962,0.665790,-38.003580,2.367543,0
2018-02-08,sh.600577,3.5400,3.8900,3.5200,3.7200,3.5400,15742668,58911756.0000,3,0.805118,1,5.084748,23.191113,0.699644,-39.935965,2.487927,0
2018-02-09,sh.600577,3.6000,3.6700,3.5500,3.6100,3.7200,10053296,36379360.0000,3,0.514150,1,-2.956993,22.505354,0.678956,-38.755063,2.414359,0
2018-02-12,sh.600577,3.6300,3.7900,3.6300,3.7700,3.6100,11172446,41704719.0000,3,0.571386,1,4.432136,23.502821,0.709048,-40.472739,2.521366,0
2018-02-13,sh.600577,3.7500,3.9000,3.7500,3.8800,3.7700,12644104,48381824.0000,3,0.646650,1,2.917776,24.188580,0.729736,-41.653641,2.594934,0
2018-02-14,sh.600577,3.8600,3.9300,3.8400,3.9000,3.8800,9436901,36768821.0000,3,0.482626,1,0.515463,24.313263,0.733498,-41.868351,2.608310,0
2018-02-22,sh.600577,3.8800,3.9200,3.8700,3.8800,3.9000,6792540,26414870.0000,3,0.347387,1,-0.512820,24.188580,0.729736,-41.653641,2.594934,0
2018-02-23,sh.600577,3.9000,3.9000,3.8500,3.8800,3.8800,5217806,20224024.0000,3,0.266851,1,0.000000,24.188580,0.729736,-41.653641,2.594934,0
2018-02-26,sh.600577,3.8700,3.9200,3.8700,3.9000,3.8800,8225725,32018506.0000,3,0.420683,1,0.515463,24.313263,0.733498,-41.868351,2.608310,0
2018-02-27,sh.600577,3.9000,3.9500,3.8800,3.9100,3.9000,7639100,29970318.0000,3,0.390682,1,0.256410,24.375605,0.735379,-41.975706,2.614998,0
2018-02-28,sh.600577,3.9200,3.9300,3.8500,3.9100,3.9100,6625535,25861446.0000,3,0.338846,1,0.000000,24.375605,0.735379,-41.975706,2.614998,0
2018-03-01,sh.600577,3.9000,4.3000,3.8800,4.3000,3.9100,48127383,200435768.0000,3,2.461350,1,9.974427,26.806931,0.808728,-46.162541,2.875829,0
2018-03-02,sh.600577,4.7300,4.7300,4.5200,4.7300,4.3000,141116620,662079771.0000,3,7.217044,1,9.999995,29.487625,0.889601,-50.778795,3.163412,0
2018-03-05,sh.600577,5.0800,5.2000,5.0400,5.2000,4.7300,210680488,1088987042.0000,3,10.774709,1,9.936570,32.417685,0.977997,-55.824468,3.477747,0
2018-03-06,sh.600577,5.0900,5.1600,4.9500,5.0000,5.2000,196826560,988347187.0000,3,10.066185,1,-3.846150,31.170851,0.940382,-53.677373,3.343987,0
2018-03-07,sh.600577,4.9500,5.0700,4.8700,5.0200,5.0000,132380906,657876340.0000,3,6.770279,1,0.400000,31.295534,0.944143,-53.892082,3.357363,0
2018-03-08,sh.600577,4.9000,5.0000,4.7700,4.8300,5.0200,123975816,603008532.0000,3,6.340422,1,-3.784862,30.111042,0.908409,-51.852342,3.230292,0
2018-03-09,sh.600577,4.7800,5.0200,4.7600,4.9000,4.8300,116697880,571698783.0000,3,5.968211,1,1.449279,30.547434,0.921574,-52.603825,3.277108,0
2018-03-12,sh.600577,4.8700,5.1200,4.8200,5.0800,4.9000,148371043,735877440.0000,3,7.588053,1,3.673466,31.669584,0.955428,-54.536211,3.397491,0
2018-03-13,sh.600577,4.9500,4.9600,4.8000,4.8200,5.0800,100528148,489645455.0000,3,5.141252,1,-5.118105,30.048700,0.906528,-51.744987,3.223604,0
2018-03-14,sh.600577,4.7500,4.9100,4.6500,4.8400,4.8200,89925758,430785748.0000,3,4.599020,1,0.414937,30.173383,0.910290,-51.959697,3.236980,0
2018-03-15,sh.600577,4.7800,4.7800,4.6000,4.7100,4.8400,59956274,281715382.0000,3,3.066309,1,-2.685953,29.362941,0.885840,-50.564085,3.150036,0
2018-03-16,sh.600577,4.7200,5.1400,4.7100,4.8900,4.7100,136421738,673434150.0000,3,6.976937,1,3.821652,30.485092,0.919693,-52.496471,3.270420,0
2018-03-19,sh.600577,4.8600,4.9300,4.6000,4.8900,4.8900,77608667,372697473.0000,3,3.969094,1,0.000000,30.485092,0.919693,-52.496471,3.270420,0
2018-03-20,sh.600577,4.8200,4.8500,4.6700,4.7500,4.8900,60470723,287517698.0000,3,3.092619,1,-2.862983,26.246243,0.818726,219.848972,3.128826,0
2018-03-21,sh.600577,4.7500,4.8600,4.6100,4.6300,4.7500,65248566,309311326.0000,3,3.336969,1,-2.526314,25.583180,0.798042,214.294893,3.049782,0
2018-03-22,sh.600577,4.6500,4.6800,4.4300,4.4500,4.6300,64733928,294530580.0000,3,3.310649,1,-3.887696,24.588586,0.767017,205.963774,2.931216,0
2018-03-23,sh.600577,4.1600,4.3200,4.0200,4.0800,4.4500,67716068,283090016.0000,3,3.463163,1,-8.314605,22.544141,0.703242,188.838696,2.687497,0
2018-03-26,sh.600577,4.0200,4.2200,3.9700,4.2100,4.0800,41992904,172741579.0000,3,2.147618,1,3.186277,23.262460,0.725650,194.855615,2.773128,0
2018-03-27,sh.600577,4.2600,4.3400,4.2200,4.2800,4.2100,45359761,194214222.0000,3,2.319808,1,1.662712,23.649246,0.737715,198.095495,2.819237,0
2018-03-28,sh.600577,4.2000,4.2800,4.1400,4.1500,4.2800,33409202,139995562.0000,3,1.708627,1,-3.037386,22.930928,0.715308,192.078576,2.733606,0
2018-03-29,sh.600577,4.1600,4.3000,4.1500,4.2700,4.1500,33774866,143788234.0000,3,1.727328,1,2.891563,23.593991,0.735991,197.632655,2.812650,0
2018-03-30,sh.600577,4.2900,4.3400,4.2300,4.3300,4.2700,36569720,156991957.0000,3,1.870264,1,1.405151,23.925523,0.746333,200.409695,2.852172,0
2018-04-02,sh.600577,4.4000,4.4600,4.3300,4.3600,4.3300,46716808,204946485.0000,3,2.389210,1,0.692846,24.091288,0.751504,201.798214,2.871933,0
2018-04-03,sh.600577,4.2000,4.3000,4.1900,4.2300,4.3600,30376780,128294553.0000,3,1.553542,1,-2.981654,23.372970,0.729097,195.781295,2.786302,0
2018-04-04,sh.600577,4.2400,4.2600,4.1500,4.1600,4.2300,25402162,106857979.0000,3,1.299128,1,-1.654850,22.986183,0.717031,192.541416,2.740193,0
2018-04-09,sh.600577,4.1000,4.1500,4.0500,4.1100,4.1600,23387357,95729692.0000,3,1.196086,1,-1.201916,22.709907,0.708413,190.227216,2.707258,0
2018-04-10,sh.600577,4.1400,4.1900,4.0800,4.1800,4.1100,21597200,88986720.0000,3,1.104533,1,1.703156,23.096694,0.720479,193.467096,2.753367,0
2018-04-11,sh.600577,4.1900,4.2500,4.1500,4.2000,4.1800,23210500,97768311.0000,3,1.187041,1,0.478469,23.207204,0.723926,194.392775,2.766541,0
2018-04-12,sh.600577,4.1800,4.1900,4.0900,4.0900,4.2000,18196400,75151361.0000,3,0.930608,1,-2.619040,22.599397,0.704966,189.301536,2.694084,0
2018-04-13,sh.600577,4.1100,4.1500,4.0700,4.1100,4.0900,12197724,49972140.0000,3,0.623821,1,0.488997,22.709907,0.708413,190.227216,2.707258,0
2018-04-16,sh.600577,4.1300,4.4800,4.1000,4.2700,4.1100,58723979,251218904.0000,3,3.003286,1,3.892940,23.593991,0.735991,197.632655,2.812650,0
2018-04-17,sh.600577,4.2000,4.3100,4.1800,4.2000,4.2700,34575606,146756358.0000,3,1.768280,1,-1.639348,23.207204,0.723926,194.392775,2.766541,0
2018-04-18,sh.600577,4.2100,4.2600,4.0900,4.2400,4.2000,26749199,111710941.0000,3,1.368019,1,0.952380,23.428225,0.730820,196.244135,2.792889,0
2018-04-19,sh.600577,4.2000,4.2900,4.1800,4.2700,4.2400,27755067,118045480.0000,3,1.419461,1,0.707552,23.593991,0.735991,197.632655,2.812650,0
2018-04-20,sh.600577,4.2600,4.3300,4.2200,4.2800,4.2700,29486945,126142932.0000,3,1.508034,1,0.234197,23.649246,0.737715,198.095495,2.819237,0
2018-04-23,sh.600577,4.2800,4.3100,4.1300,4.2300,4.2800,19160359,80949312.0000,3,0.979907,1,-1.168229,23.372970,0.729097,195.781295,2.786302,0
2018-04-24,sh.600577,4.2400,4.3100,4.1700,4.3000,4.2300,25940346,110672497.0000,3,1.326652,1,1.654850,23.229603,0.699086,-49.612752,2.764765,0
2018-04-25,sh.600577,4.2900,4.4900,4.2700,4.4400,4.3000,57178926,252639068.0000,3,2.924268,1,3.255810,23.985916,0.721847,-51.228051,2.854780,0
2018-04-26,sh.600577,4.4300,4.6100,4.3900,4.4200,4.4400,49335028,221684461.0000,3,2.523112,1,-0.450450,23.877871,0.718596,-50.997294,2.841921,0
2018-04-27,sh.600577,4.2300,4.2500,3.9900,4.1400,4.3400,44488662,184222384.0000,3,2.275258,1,-4.608302,22.365246,0.673074,-47.766696,2.661890,0
2018-05-02,sh.600577,4.2200,4.2600,4.0700,4.1500,4.1400,25189351,104392410.0000,3,1.288244,1,0.241551,22.419268,0.674700,-47.882075,2.668319,0
2018-05-03,sh.600577,4.2100,4.4400,4.2000,4.3800,4.1500,61424926,266099349.0000,3,3.141419,1,5.542169,23.661782,0.712093,-50.535780,2.816202,0
2018-05-04,sh.600577,4.3500,4.3700,4.1900,4.2000,4.3800,45000918,191881636.0000,3,2.301456,1,-4.109596,22.689380,0.682829,-48.458967,2.700468,0
2018-05-07,sh.600577,4.2000,4.2300,4.0700,4.2000,4.2000,32526300,134873552.0000,3,1.663473,1,0.000000,22.689380,0.682829,-48.458967,2.700468,0
2018-05-08,sh.600577,4.1700,4.1900,4.1000,4.1600,4.2000,27263642,112870193.0000,3,1.394328,1,-0.952380,22.473290,0.676325,-47.997453,2.674749,0
2018-05-09,sh.600577,4.1400,4.1500,4.0500,4.0700,4.1600,30933902,126341347.0000,3,1.582034,1,-2.163454,21.987089,0.661693,-46.959047,2.616882,0
2018-05-10,sh.600577,4.0700,4.0800,4.0200,4.0700,4.0700,18104700,73290279.0000,3,0.925918,1,0.000000,21.987089,0.661693,-46.959047,2.616882,0
2018-05-11,sh.600577,4.0700,4.0900,4.0100,4.0200,4.0700,15019327,60582803.0000,3,0.768125,1,-1.228506,21.716978,0.653565,-46.382154,2.584734,0
2018-05-14,sh.600577,4.0000,4.0500,4.0000,4.0300,4.0200,12409500,49986417.0000,3,0.634652,1,0.248762,21.771000,0.655190,-46.497533,2.591163,0
2018-05-15,sh.600577,4.0300,4.0300,3.9100,3.9600,4.0300,24430028,96411848.0000,3,1.249411,1,-1.736977,21.392844,0.643810,-45.689883,2.546155,0
2018-05-16,sh.600577,3.9500,3.9500,3.8400,3.8500,3.9600,22143136,85809531.0000,3,1.132453,1,-2.777781,20.798598,0.625926,-44.420720,2.475429,0
2018-05-17,sh.600577,3.8300,3.8800,3.8200,3.8600,3.8500,10307100,39743694.0000,3,0.527130,1,0.259740,20.852620,0.627552,-44.536098,2.481859,0
2018-05-18,sh.600577,3.8500,3.9000,3.8300,3.8900,3.8600,8875900,34360651.0000,3,0.453935,1,0.777208,21.014687,0.632429,-44.882234,2.501148,0
2018-05-21,sh.600577,3.9000,3.9700,3.9000,3.9500,3.8900,12861200,50687860.0000,3,0.657753,1,1.542415,21.338821,0.642184,-45.574505,2.539726,0
2018-05-22,sh.600577,3.9500,3.9500,3.8800,3.9200,3.9500,11287204,44062978.0000,3,0.577255,1,-0.759493,21.176754,0.637307,-45.228369,2.520437,0
2018-05-23,sh.600577,3.9000,3.9100,3.8600,3.8700,3.9200,10779828,41799029.0000,3,0.551306,1,-1.275515,20.906643,0.629178,-44.651477,2.488288,0
2018-05-24,sh.600577,3.8700,3.9400,3.8400,3.8900,3.8700,10937600,42603030.0000,3,0.559375,1,0.516802,21.014687,0.632429,-44.882234,2.501148,0
2018-05-25,sh.600577,3.8700,3.8800,3.8000,3.8100,3.8900,12305377,47186419.0000,3,0.629327,1,-2.056559,20.582509,0.619423,-43.959206,2.449710,0
2018-05-28,sh.600577,3.8300,3.8600,3.7700,3.7900,3.8100,10162206,38755804.0000,3,0.519720,1,-0.524934,20.474464,0.616172,-43.728449,2.436851,0
2018-05-29,sh.600577,3.7700,3.7900,3.6700,3.6800,3.7900,14069200,52472663.0000,3,0.719533,1,-2.902372,19.880218,0.598288,-42.459285,2.366124,0
2018-05-30,sh.600577,3.6400,3.6400,3.5200,3.5300,3.6800,15034300,53905219.0000,3,0.768890,1,-4.076089,19.069883,0.573901,-40.728608,2.269679,0
2018-05-31,sh.600577,3.8200,3.8800,3.8200,3.8800,3.5300,35901018,139165457.0000,3,1.836065,1,9.915018,20.960665,0.630804,-44.766855,2.494718,0
2018-06-01,sh.600577,3.9000,3.9000,3.7100,3.7400,3.8800,35599380,134923196.0000,3,1.820638,1,-3.608250,20.204352,0.608043,-43.151556,2.404702,0
2018-06-04,sh.600577,3.7400,3.7400,3.6400,3.6500,3.7400,15273000,56108666.0000,3,0.781098,1,-2.406415,19.718151,0.593411,-42.113150,2.346835,0
2018-06-05,sh.600577,3.6600,3.7400,3.6600,3.7200,3.6500,11955420,44270444.0000,3,0.611429,1,1.917806,20.096308,0.604791,-42.920799,2.391843,0
2018-06-06,sh.600577,3.7000,3.7800,3.6700,3.7700,3.7200,15274838,56931302.0000,3,0.781192,1,1.344085,20.366419,0.612920,-43.497692,2.423991,0
2018-06-07,sh.600577,3.8000,3.8200,3.7300,3.7300,3.7700,14916100,56164197.0000,3,0.762845,1,-1.061007,20.150330,0.606417,-43.036178,2.398273,0
2018-06-08,sh.600577,3.7800,4.0600,3.7400,3.8900,3.7300,39869857,154448183.0000,3,2.039041,1,4.289546,21.014687,0.632429,-44.882234,2.501148,0
2018-06-11,sh.600577,3.8600,3.9700,3.8300,3.8900,3.8900,26160320,102125109.0000,3,1.337902,1,0.000000,21.014687,0.632429,-44.882234,2.501148,0
2018-06-12,sh.600577,3.8600,3.9600,3.7300,3.9400,3.8900,25166980,96516799.0000,3,1.287100,1,1.285346,21.284799,0.640558,-45.459126,2.533296,0
2018-06-13,sh.600577,3.9000,3.9000,3.8000,3.8100,3.9400,14526741,55866105.0000,3,0.742933,1,-3.299495,20.582509,0.619423,-43.959206,2.449710,0
2018-06-14,sh.600577,3.7800,3.8000,3.7100,3.7300,3.8100,11748661,44089561.0000,3,0.600855,1,-2.099735,20.150330,0.606417,-43.036178,2.398273,0
2018-06-15,sh.600577,3.7200,3.7600,3.6300,3.6900,3.7300,10972606,40571660.0000,3,0.561166,1,-1.072385,19.934241,0.599914,-42.574664,2.372554,0
2018-06-19,sh.600577,3.5500,3.5900,3.3200,3.3500,3.6900,22864200,79214403.0000,3,1.169330,1,-9.214096,18.097481,0.544637,-38.651795,2.153945,0
2018-06-20,sh.600577,3.3300,3.4500,3.3100,3.4000,3.3500,10339004,35107179.0000,3,0.528762,1,1.492543,18.367593,0.552766,-39.228688,2.186093,0
2018-06-21,sh.600577,3.3900,3.4600,3.3800,3.4100,3.4000,10179555,34762552.0000,3,0.520607,1,0.294117,18.421615,0.554392,-39.344066,2.192523,0
2018-06-22,sh.600577,3.3900,3.5300,3.3400,3.5100,3.4100,12895206,44521651.0000,3,0.659492,1,2.932549,18.961839,0.570650,-40.497851,2.256820,0
2018-06-25,sh.600577,3.5400,3.6000,3.4500,3.4700,3.5100,8054817,28277658.0000,3,0.411943,1,-1.139600,18.745749,0.564146,-40.036337,2.231101,0
2018-06-26,sh.600577,3.4300,3.5200,3.4000,3.4900,3.4700,6442708,22326303.0000,3,0.329496,1,0.576368,18.853794,0.567398,-40.267094,2.243960,0
2018-06-27,sh.600577,3.4900,3.5000,3.4500,3.4700,3.4900,5534100,19230490.0000,3,0.283027,1,-0.573065,18.745749,0.564146,-40.036337,2.231101,0
2018-06-28,sh.600577,3.4700,3.4900,3.3800,3.3900,3.4700,6397000,22014930.0000,3,0.327158,1,-2.305473,18.313571,0.551140,-39.113309,2.179663,0
2018-06-29,sh.600577,3.3700,3.4800,3.3600,3.4700,3.3900,7608522,26150061.0000,3,0.389118,1,2.359880,18.745749,0.564146,-40.036337,2.231101,0
2018-07-02,sh.600577,3.4700,3.4900,3.3700,3.4100,3.4700,9974500,34216798.0000,3,0.510120,1,-1.729105,18.421615,0.554392,-39.344066,2.192523,0
2018-07-03,sh.600577,3.5100,3.5900,3.4500,3.5000,3.4100,12393900,43396781.0000,3,0.633854,1,2.639294,18.907816,0.569024,-40.382473,2.250390,0
2018-07-04,sh.600577,3.4900,3.4900,3.4300,3.4400,3.5000,6862020,23682792.0000,3,0.350940,1,-1.714284,18.583682,0.559269,-39.690202,2.211812,0
2018-07-05,sh.600577,3.4600,3.4600,3.3800,3.3800,3.4400,6648800,22704164.0000,3,0.340036,1,-1.744184,18.259548,0.549514,-38.997931,2.173234,0
2018-07-06,sh.600577,3.4000,3.4400,3.3100,3.4100,3.3800,8995600,30428556.0000,3,0.460057,1,0.887573,18.421615,0.554392,-39.344066,2.192523,0
2018-07-09,sh.600577,3.4300,3.4500,3.3900,3.4400,3.4100,10344838,35427363.0000,3,0.529060,1,0.879765,18.583682,0.559269,-39.690202,2.211812,0
2018-07-10,sh.600577,3.4400,3.5100,3.4200,3.4800,3.4400,11549100,40105751.0000,3,0.590649,1,1.162790,18.799772,0.565772,-40.151716,2.237531,0
2018-07-11,sh.600577,3.4200,3.4300,3.3300,3.3600,3.4800,10437800,35254079.0000,3,0.533814,1,-3.448280,18.151504,0.546263,-38.767174,2.160374,0
2018-07-12,sh.600577,3.3300,3.4300,3.3300,3.4200,3.3600,10892900,37114022.0000,3,0.557089,1,1.785720,18.475638,0.556018,-39.459445,2.198952,0
2018-07-13,sh.600577,3.4200,3.4700,3.3900,3.4300,3.4200,8161326,27997440.0000,3,0.417390,1,0.292397,18.529660,0.557643,-39.574823,2.205382,0
2018-07-16,sh.600577,3.4100,3.4200,3.3800,3.4100,3.4300,6147600,20912224.0000,3,0.314403,1,-0.583090,18.421615,0.554392,-39.344066,2.192523,0
2018-07-17,sh.600577,3.3900,3.4400,3.3900,3.4300,3.4100,4996600,17024449.0000,3,0.255538,1,0.586510,18.529660,0.557643,-39.574823,2.205382,0
2018-07-18,sh.600577,3.4500,3.4600,3.4200,3.4500,3.4300,7896900,27133735.0000,3,0.403867,1,0.583090,18.637705,0.560895,-39.805580,2.218241,0
2018-07-19,sh.600577,3.4200,3.4400,3.3800,3.3900,3.4500,5604100,19052651.0000,3,0.286607,1,-1.739129,18.313571,0.551140,-39.113309,2.179663,0
2018-07-20,sh.600577,3.3800,3.4200,3.3600,3.3900,3.3900,5928300,20119176.0000,3,0.303188,1,0.000000,18.313571,0.551140,-39.113309,2.179663,0
2018-07-23,sh.600577,3.4000,3.4500,3.3700,3.4500,3.3900,9370360,32049344.0000,3,0.479223,1,1.769910,18.637705,0.560895,-39.805580,2.218241,0
2018-07-24,sh.600577,3.4500,3.5300,3.4300,3.5000,3.4500,14457886,50396167.0000,3,0.739411,1,1.449274,18.907816,0.569024,-40.382473,2.250390,0
2018-07-25,sh.600577,3.4900,3.5300,3.4700,3.5200,3.5000,10819606,37828410.0000,3,0.553341,1,0.571428,19.015861,0.572275,-40.613230,2.263249,0
2018-07-26,sh.600577,3.6500,3.8600,3.6100,3.6300,3.5200,41745307,155512846.0000,3,2.134956,1,3.125004,15.190054,0.575531,274.637591,2.278601,0
2018-07-27,sh.600577,3.6000,3.7000,3.6000,3.6200,3.6300,17627324,64217305.0000,3,0.901504,1,-0.275488,15.148208,0.573946,273.881014,2.272324,0
2018-07-30,sh.600577,3.5900,3.6600,3.5300,3.5400,3.6200,15155788,54434303.0000,3,0.775104,1,-2.209943,14.813441,0.561262,267.828395,2.222107,0
2018-07-31,sh.600577,3.5300,3.6000,3.5200,3.5900,3.5400,9715600,34684617.0000,3,0.496879,1,1.412428,15.022671,0.569189,271.611282,2.253493,0
2018-08-01,sh.600577,3.6000,3.6200,3.5300,3.5300,3.5900,8444600,30174112.0000,3,0.431877,1,-1.671308,14.771595,0.559676,267.071817,2.215830,0
2018-08-02,sh.600577,3.5300,3.5300,3.3800,3.4600,3.5300,13388560,46080579.0000,3,0.684723,1,-1.983001,14.478674,0.548578,261.775776,2.171890,0
2018-08-03,sh.600577,3.4600,3.5000,3.4600,3.4700,3.4600,6100134,21218228.0000,3,0.311976,1,0.289017,14.520520,0.550163,262.532353,2.178167,0
2018-08-06,sh.600577,3.4600,3.4800,3.4000,3.4200,3.4700,6774973,23290968.0000,3,0.346488,1,-1.440921,14.311291,0.542236,258.749466,2.146782,0
2018-08-07,sh.600577,3.4300,3.5100,3.4100,3.4900,3.4200,8094500,28044338.0000,3,0.413972,1,2.046782,14.604212,0.553334,264.045508,2.190721,0
2018-08-08,sh.600577,3.4900,3.5000,3.4400,3.4400,3.4900,6880404,23891279.0000,3,0.351880,1,-1.432663,14.394982,0.545407,260.262621,2.159336,0
2018-08-09,sh.600577,3.4500,3.5100,3.4200,3.4900,3.4400,9235108,32184345.0000,3,0.472306,1,1.453487,14.604212,0.553334,264.045508,2.190721,0
2018-08-10,sh.600577,3.5000,3.5200,3.4600,3.4800,3.4900,7399748,25798649.0000,3,0.378441,1,-0.286533,14.562366,0.551749,263.288930,2.184444,0
2018-08-13,sh.600577,3.4600,3.4800,3.4200,3.4800,3.4800,7547831,26010102.0000,3,0.386014,1,0.000000,14.562366,0.551749,263.288930,2.184444,0
2018-08-14,sh.600577,3.4800,3.4900,3.4600,3.4800,3.4800,4843756,16829050.0000,3,0.247721,1,0.000000,14.562366,0.551749,263.288930,2.184444,0
2018-08-15,sh.600577,3.4800,3.4900,3.4200,3.4300,3.4800,7135724,24580887.0000,3,0.364938,1,-1.436780,14.353136,0.543821,259.506044,2.153059,0
2018-08-16,sh.600577,3.4100,3.4400,3.3800,3.4000,3.4300,5866556,20014371.0000,3,0.300030,1,-0.874635,14.227599,0.539065,257.236311,2.134227,0
2018-08-17,sh.600577,3.4200,3.4500,3.3800,3.4000,3.4000,7370190,25165906.0000,3,0.376929,1,0.000000,14.227599,0.539065,257.236311,2.134227,0
2018-08-20,sh.600577,3.3900,3.4300,3.3800,3.4300,3.4000,6529594,22246168.0000,3,0.333939,1,0.882352,14.353136,0.543821,259.506044,2.153059,0
2018-08-21,sh.600577,3.4300,3.4500,3.4100,3.4400,3.4300,6361073,21844096.0000,3,0.325321,1,0.291545,14.394982,0.545407,260.262621,2.159336,0
2018-08-22,sh.600577,3.4300,3.4400,3.4000,3.4100,3.4400,4283639,14633576.0000,3,0.219076,1,-0.872092,14.269445,0.540650,257.992889,2.140504,0
2018-08-23,sh.600577,3.4000,3.4400,3.4000,3.4200,3.4100,4279762,14653683.0000,3,0.218877,1,0.293255,14.311291,0.542236,258.749466,2.146782,0
2018-08-24,sh.600577,3.4100,3.4200,3.3900,3.4000,3.4200,3967770,13502897.0000,3,0.202921,1,-0.584795,14.227599,0.539065,257.236311,2.134227,0
2018-08-27,sh.600577,3.4000,3.4500,3.3900,3.4500,3.4000,8045500,27606503.0000,3,0.411466,1,1.470587,14.436828,0.546992,261.019198,2.165613,0
2018-08-28,sh.600577,3.4500,3.4700,3.4400,3.4600,3.4500,6674304,23064626.0000,3,0.341340,1,0.289855,14.478674,0.548578,261.775776,2.171890,0
2018-08-29,sh.600577,3.4500,3.4800,3.4300,3.4300,3.4600,6294900,21736660.0000,3,0.321936,1,-0.867051,14.353136,0.543821,259.506044,2.153059,0
2018-08-30,sh.600577,3.4400,3.4600,3.4200,3.4300,3.4300,5167073,17769319.0000,3,0.264257,1,0.000000,14.353136,0.543821,259.506044,2.153059,0
2018-08-31,sh.600577,3.4400,3.5100,3.3900,3.4700,3.4300,13517802,46732033.0000,3,0.691333,1,1.166180,14.520520,0.550163,262.532353,2.178167,0
2018-09-03,sh.600577,3.4500,3.4700,3.4200,3.4600,3.4700,5513194,18981943.0000,3,0.281958,1,-0.288184,14.478674,0.548578,261.775776,2.171890,0
2018-09-04,sh.600577,3.4600,3.5100,3.4500,3.5000,3.4600,9362660,32608901.0000,3,0.478829,1,1.156068,14.646058,0.554920,264.802085,2.196999,0
2018-09-05,sh.600577,3.4900,3.5000,3.4400,3.4400,3.5000,6384162,22147657.0000,3,0.326501,1,-1.714284,14.394982,0.545407,260.262621,2.159336,0
2018-09-06,sh.600577,3.4400,3.4700,3.4000,3.4100,3.4400,4800896,16491754.0000,3,0.245529,1,-0.872092,14.269445,0.540650,257.992889,2.140504,0
2018-09-07,sh.600577,3.4100,3.4500,3.3900,3.4100,3.4100,5762900,19709437.0000,3,0.294729,1,0.000000,14.269445,0.540650,257.992889,2.140504,0
2018-09-10,sh.600577,3.4000,3.4200,3.3800,3.3900,3.4100,4975835,16905416.0000,3,0.254476,1,-0.586510,14.185753,0.537479,256.479734,2.127950,0
2018-09-11,sh.600577,3.3800,3.4100,3.3800,3.3900,3.3900,3067344,10396921.0000,3,0.156871,1,0.000000,14.185753,0.537479,256.479734,2.127950,0
2018-09-12,sh.600577,3.3900,3.4200,3.3800,3.4000,3.3900,3701000,12580333.0000,3,0.189278,1,0.294985,14.227599,0.539065,257.236311,2.134227,0
2018-09-13,sh.600577,3.4000,3.4300,3.3900,3.4200,3.4000,4522800,15424285.0000,3,0.231307,1,0.588235,14.311291,0.542236,258.749466,2.146782,0
2018-09-14,sh.600577,3.4200,3.4600,3.3900,3.4300,3.4200,7805235,26757783.0000,3,0.399179,1,0.292397,14.353136,0.543821,259.506044,2.153059,0
2018-09-17,sh.600577,3.4200,3.4500,3.4000,3.4100,3.4300,4422700,15122752.0000,3,0.226188,1,-0.583090,14.269445,0.540650,257.992889,2.140504,0
2018-09-18,sh.600577,3.4100,3.4400,3.3800,3.4400,3.4100,6217968,21196385.0000,3,0.318002,1,0.879765,14.394982,0.545407,260.262621,2.159336,0
2018-09-19,sh.600577,3.4400,3.4600,3.4000,3.4300,3.4400,7660600,26314693.0000,3,0.391782,1,-0.290697,14.353136,0.543821,259.506044,2.153059,0
2018-09-20,sh.600577,3.4300,3.4400,3.4000,3.4100,3.4300,5289200,18102034.0000,3,0.270502,1,-0.583090,14.269445,0.540650,257.992889,2.140504,0
2018-09-21,sh.600577,3.4100,3.4400,3.4000,3.4400,3.4100,6489002,22197755.0000,3,0.331863,1,0.879765,14.394982,0.545407,260.262621,2.159336,0
2018-09-25,sh.600577,3.4200,3.4300,3.4100,3.4200,3.4400,3672702,12559568.0000,3,0.187831,1,-0.581395,14.311291,0.542236,258.749466,2.146782,0
2018-09-26,sh.600577,3.4200,3.5000,3.4100,3.4600,3.4200,13458229,46531656.0000,3,0.688286,1,1.169590,14.478674,0.548578,261.775776,2.171890,0
2018-09-27,sh.600577,3.4500,3.4600,3.4100,3.4200,3.4600,6757800,23227417.0000,3,0.345610,1,-1.156068,14.311291,0.542236,258.749466,2.146782,0
2018-09-28,sh.600577,3.4100,3.4300,3.4100,3.4200,3.4200,4975600,17004007.0000,3,0.254464,1,0.000000,14.311291,0.542236,258.749466,2.146782,0
2018-10-08,sh.600577,3.4000,3.4100,3.3300,3.3400,3.4200,7407900,24971609.0000,3,0.378858,1,-2.339186,13.976524,0.529552,252.696847,2.096564,0
2018-10-09,sh.600577,3.3500,3.3800,3.3200,3.3300,3.3400,5012362,16799290.0000,3,0.256344,1,-0.299401,13.934678,0.527967,251.940270,2.090287,0
2018-10-10,sh.600577,3.3300,3.3500,3.3100,3.3300,3.3300,3221400,10745947.0000,3,0.164750,1,0.000000,13.934678,0.527967,251.940270,2.090287,0
2018-10-11,sh.600577,3.2600,3.3200,3.0200,3.2500,3.3300,22232306,71251945.0000,3,1.137014,1,-2.402400,13.599911,0.515283,245.887651,2.040070,0
2018-10-12,sh.600577,3.2000,3.2200,3.1100,3.2000,3.2500,5980600,18926602.0000,3,0.305862,1,-1.538460,13.390681,0.507355,242.104764,2.008684,0
2018-10-15,sh.600577,3.2800,3.3400,3.2000,3.2100,3.2000,6535799,21301288.0000,3,0.334257,1,0.312500,13.432527,0.508941,242.861341,2.014962,0
2018-10-16,sh.600577,3.1900,3.2300,3.1100,3.1100,3.2100,4801860,15159641.0000,3,0.245579,1,-3.115269,13.014068,0.493086,235.295567,1.952190,0
2018-10-17,sh.600577,3.1400,3.1800,3.0800,3.1300,3.1100,5010100,15661122.0000,3,0.256229,1,0.643094,13.097760,0.496257,236.808722,1.964744,0
2018-10-18,sh.600577,3.1200,3.1200,2.9500,2.9900,3.1300,6586300,20049037.0000,3,0.336839,1,-4.472847,12.511918,0.474060,226.216639,1.876865,0
2018-10-19,sh.600577,2.9600,3.0500,2.9200,3.0500,2.9900,5534638,16614235.0000,3,0.283055,1,2.006687,12.762993,0.483573,230.756103,1.914527,0
2018-10-22,sh.600577,3.0800,3.1900,3.0500,3.1600,3.0500,9219901,28937873.0000,3,0.471528,1,3.606562,13.223298,0.501013,239.078454,1.983576,0
2018-10-23,sh.600577,3.1400,3.2000,3.0900,3.1100,3.1600,5074190,15864874.0000,3,0.259506,1,-1.582284,13.014068,0.493086,235.295567,1.952190,0
2018-10-24,sh.600577,3.0800,3.1500,3.0800,3.1100,3.1100,4268490,13327149.0000,3,0.218301,1,0.000000,13.014068,0.493086,235.295567,1.952190,0
2018-10-25,sh.600577,3.0600,3.1300,3.0300,3.1300,3.1100,6147100,18959615.0000,3,0.314378,1,0.643094,13.097760,0.496257,236.808722,1.964744,0
2018-10-26,sh.600577,3.1600,3.1900,3.1200,3.1400,3.1300,5034925,15840893.0000,3,0.257498,1,0.319489,13.124669,0.494534,-221.833747,1.942924,0
2018-10-29,sh.600577,3.1300,3.1300,3.0600,3.0800,3.1400,5110900,15797493.0000,3,0.261384,1,-1.910834,12.873879,0.485084,-217.594885,1.905799,0
2018-10-30,sh.600577,3.0800,3.1200,3.0500,3.1100,3.0800,4207878,12997922.0000,3,0.215201,1,0.974025,12.999274,0.489809,-219.714316,1.924362,0
2018-10-31,sh.600577,3.1100,3.1600,3.1000,3.1400,3.1100,6682191,20933046.0000,3,0.341743,1,0.964637,13.124669,0.494534,-221.833747,1.942924,0
2018-11-01,sh.600577,3.1400,3.1600,3.1200,3.1300,3.1400,7453993,23445108.0000,3,0.381215,1,-0.318471,13.082871,0.492959,-221.127270,1.936737,0
2018-11-02,sh.600577,3.1500,3.1900,3.1400,3.1900,3.1300,9396120,29785647.0000,3,0.480540,1,1.916931,13.333661,0.502408,-225.366131,1.973863,0
2018-11-05,sh.600577,3.1900,3.2200,3.1500,3.1800,3.1900,8473287,26948848.0000,3,0.433344,1,-0.313479,13.291863,0.500834,-224.659654,1.967675,0
2018-11-06,sh.600577,3.1800,3.3700,3.1500,3.2900,3.1800,22511303,73767147.0000,3,1.151282,1,3.459116,13.751644,0.518158,-232.430900,2.035739,0
2018-11-07,sh.600577,3.2500,3.2800,3.2200,3.2600,3.2900,15596874,50622582.0000,3,0.797662,1,-0.911853,13.626249,0.513433,-230.311470,2.017176,0
2018-11-08,sh.600577,3.2600,3.3000,3.2300,3.2300,3.2600,7233400,23555959.0000,3,0.369934,1,-0.920245,13.500854,0.508708,-228.192039,1.998613,0
2018-11-09,sh.600577,3.2000,3.2300,3.1700,3.1800,3.2300,6493700,20712771.0000,3,0.332103,1,-1.547986,13.291863,0.500834,-224.659654,1.967675,0
2018-11-12,sh.600577,3.1600,3.2600,3.1600,3.2600,3.1800,8136600,26244037.0000,3,0.416125,1,2.515721,13.626249,0.513433,-230.311470,2.017176,0
2018-11-13,sh.600577,3.2100,3.3900,3.2000,3.3400,3.2600,19265052,63727829.0000,3,0.985261,1,2.453985,13.960636,0.526033,-235.963285,2.066678,0
2018-11-14,sh.600577,3.3300,3.3800,3.3000,3.3000,3.3400,14190002,47356534.0000,3,0.725711,1,-1.197604,13.793442,0.519733,-233.137377,2.041927,0
2018-11-15,sh.600577,3.3200,3.5000,3.3200,3.4200,3.3000,19892573,67765314.0000,3,1.017354,1,3.636368,14.295022,0.538632,-241.615100,2.116179,0
2018-11-16,sh.600577,3.4200,3.4900,3.4100,3.4700,3.4200,21097808,72868524.0000,3,1.078993,1,1.461987,14.504014,0.546507,-245.147485,2.147117,0
2018-11-19,sh.600577,3.4600,3.4600,3.4000,3.4200,3.4700,13596904,46512455.0000,3,0.695378,1,-1.440921,14.295022,0.538632,-241.615100,2.116179,0
2018-11-20,sh.600577,3.4000,3.4600,3.3300,3.3300,3.4200,13289800,45141838.0000,3,0.679672,1,-2.631583,13.918837,0.524458,-235.256808,2.060490,0
2018-11-21,sh.600577,3.2000,3.3300,3.2000,3.3200,3.3300,9843837,32362174.0000,3,0.503438,1,-0.300300,13.877039,0.522883,-234.550331,2.054302,0
2018-11-22,sh.600577,3.3100,3.3400,3.2900,3.3000,3.3200,7404500,24545366.0000,3,0.378684,1,-0.602409,13.793442,0.519733,-233.137377,2.041927,0
2018-11-23,sh.600577,3.3200,3.3200,3.1800,3.1800,3.3000,11048100,35738743.0000,3,0.565026,1,-3.636360,13.291863,0.500834,-224.659654,1.967675,0
2018-11-26,sh.600577,3.1900,3.2300,3.1500,3.1600,3.1800,6474200,20592802.0000,3,0.331106,1,-0.628930,13.208266,0.497684,-223.246701,1.955300,0
2018-11-27,sh.600577,3.1800,3.2000,3.1200,3.1400,3.1600,8895600,28055272.0000,3,0.454942,1,-0.632911,13.124669,0.494534,-221.833747,1.942924,0
2018-11-28,sh.600577,3.1500,3.1700,3.0900,3.1600,3.1400,14685128,45852199.0000,3,0.751033,1,0.636942,13.208266,0.497684,-223.246701,1.955300,0
2018-11-29,sh.600577,3.1700,3.1800,3.0500,3.0500,3.1600,15713100,48892463.0000,3,0.803606,1,-3.481017,12.748485,0.480359,-215.475455,1.887236,0
2018-11-30,sh.600577,3.0500,3.0800,3.0000,3.0700,3.0500,13612330,41316757.0000,3,0.696167,1,0.655737,12.832081,0.483509,-216.888409,1.899611,0
2018-12-03,sh.600577,3.1300,3.1600,3.1000,3.1600,3.0700,22781447,71432443.0000,3,1.165098,1,2.931601,13.208266,0.497684,-223.246701,1.955300,0
2018-12-04,sh.600577,3.2400,3.2700,3.1500,3.1900,3.1600,19343849,61835652.0000,3,0.989291,1,0.949366,13.333661,0.502408,-225.366131,1.973863,0
2018-12-05,sh.600577,3.1100,3.1700,3.1000,3.1300,3.1900,16800700,52503428.0000,3,0.859228,1,-1.880876,13.082871,0.492959,-221.127270,1.936737,0
2018-12-06,sh.600577,3.1200,3.1200,3.0500,3.0700,3.1300,13825581,42621798.0000,3,0.707074,1,-1.916939,12.832081,0.483509,-216.888409,1.899611,0
2018-12-07,sh.600577,3.0700,3.0900,3.0200,3.0500,3.0700,14265764,43486357.0000,3,0.729586,1,-0.651465,12.748485,0.480359,-215.475455,1.887236,0
2018-12-10,sh.600577,3.0100,3.0400,2.9800,3.0000,3.0500,13518364,40634716.0000,3,0.691362,1,-1.639343,12.539493,0.472484,-211.943070,1.856297,0
2018-12-11,sh.600577,3.0100,3.0400,3.0000,3.0400,3.0000,10086528,30391642.0000,3,0.515849,1,1.333332,12.706686,0.478784,-214.768978,1.881048,0
2018-12-12,sh.600577,3.0300,3.0500,3.0200,3.0300,3.0400,6363800,19321622.0000,3,0.325460,1,-0.328947,12.664888,0.477209,-214.062501,1.874860,0
2018-12-13,sh.600577,3.0400,3.0700,3.0100,3.0500,3.0300,8024300,24444324.0000,3,0.410382,1,0.660065,12.748485,0.480359,-215.475455,1.887236,0
2018-12-14,sh.600577,3.0500,3.0500,2.9900,2.9900,3.0500,7615800,22979095.0000,3,0.389490,1,-1.967211,12.497695,0.470910,-211.236593,1.850110,0
2018-12-17,sh.600577,2.9900,3.0300,2.9800,3.0300,2.9900,5029204,15111362.0000,3,0.257206,1,1.337791,12.664888,0.477209,-214.062501,1.874860,0
2018-12-18,sh.600577,3.0200,3.0400,2.9900,3.0300,3.0300,5249612,15795680.0000,3,0.268478,1,0.000000,12.664888,0.477209,-214.062501,1.874860,0
2018-12-19,sh.600577,3.0100,3.0300,3.0000,3.0000,3.0300,4209695,12676100.0000,3,0.215294,1,-0.990098,12.539493,0.472484,-211.943070,1.856297,0
2018-12-20,sh.600577,3.0000,3.0300,3.0000,3.0300,3.0000,4708250,14194848.0000,3,0.240791,1,0.999999,12.664888,0.477209,-214.062501,1.874860,0
2018-12-21,sh.600577,3.0000,3.0300,2.9800,3.0000,3.0300,6169011,18512579.0000,3,0.315498,1,-0.990098,12.539493,0.472484,-211.943070,1.856297,0
2018-12-24,sh.600577,3.0000,3.0200,2.9900,3.0100,3.0000,4014104,12061064.0000,3,0.205291,1,0.333333,12.581291,0.474059,-212.649547,1.862485,0
2018-12-25,sh.600577,3.0000,3.0000,2.9200,2.9600,3.0100,8690857,25625583.0000,3,0.444471,1,-1.661128,12.372300,0.466185,-209.117163,1.831547,0
2018-12-26,sh.600577,2.9500,3.0000,2.9500,2.9800,2.9600,5291000,15731698.0000,3,0.270595,1,0.675675,12.455896,0.469335,-210.530116,1.843922,0
2018-12-27,sh.600577,3.0100,3.0300,2.9500,2.9600,2.9800,5237902,15689234.0000,3,0.267879,1,-0.671140,12.372300,0.466185,-209.117163,1.831547,0
2018-12-28,sh.600577,2.9500,2.9800,2.9500,2.9700,2.9600,4025400,11926116.0000,3,0.205869,1,0.337838,12.414098,0.467760,-209.823639,1.837734,0
2019-01-02,sh.600577,2.9700,2.9800,2.9500,2.9500,2.9700,3586900,10626433.0000,3,0.183443,1,-0.673400,12.330501,0.464610,-208.410686,1.825359,0
2019-01-03,sh.600577,2.9500,2.9800,2.9400,2.9600,2.9500,5472743,16212135.0000,3,0.279889,1,0.338983,12.372300,0.466185,-209.117163,1.831547,0
2019-01-04,sh.600577,2.9500,3.0300,2.9200,3.0300,2.9600,12216600,36696856.0000,3,0.624786,1,2.364862,12.664888,0.477209,-214.062501,1.874860,0
2019-01-07,sh.600577,3.0400,3.1700,3.0200,3.1200,3.0300,22910195,70738221.0000,3,1.171683,1,2.970294,13.041073,0.491384,-220.420793,1.930549,0
2019-01-08,sh.600577,3.1000,3.1200,3.0600,3.1000,3.1200,13615300,42037804.0000,3,0.696319,1,-0.641025,12.957476,0.488234,-219.007839,1.918174,0
2019-01-09,sh.600577,3.1100,3.1200,3.0700,3.1000,3.1000,13120590,40708923.0000,3,0.671019,1,0.000000,12.957476,0.488234,-219.007839,1.918174,0
2019-01-10,sh.600577,3.0900,3.1200,3.0800,3.0900,3.1000,7957400,24646976.0000,3,0.406961,1,-0.322580,12.915678,0.486659,-218.301362,1.911986,0
2019-01-11,sh.600577,3.0900,3.1000,3.0600,3.1000,3.0900,7927308,24459541.0000,3,0.405422,1,0.323624,12.957476,0.488234,-219.007839,1.918174,0
2019-01-14,sh.600577,3.1000,3.1100,3.0800,3.1000,3.1000,6562600,20334770.0000,3,0.335627,1,0.000000,12.957476,0.488234,-219.007839,1.918174,0
2019-01-15,sh.600577,3.1100,3.1300,3.0900,3.1200,3.1000,7786002,24229456.0000,3,0.398195,1,0.645161,13.041073,0.491384,-220.420793,1.930549,0
2019-01-16,sh.600577,3.1300,3.1400,3.0700,3.0800,3.1200,8145700,25309482.0000,3,0.416591,1,-1.282050,12.873879,0.485084,-217.594885,1.905799,0
2019-01-17,sh.600577,3.0700,3.1200,3.0600,3.0800,3.0800,6961676,21504248.0000,3,0.356037,1,0.000000,12.873879,0.485084,-217.594885,1.905799,0
2019-01-18,sh.600577,3.0800,3.1000,3.0700,3.0900,3.0800,6270290,19346032.0000,3,0.320678,1,0.324675,12.915678,0.486659,-218.301362,1.911986,0
2019-01-21,sh.600577,3.1000,3.1100,3.0900,3.1000,3.0900,5273400,16347599.0000,3,0.269694,1,0.323624,12.957476,0.488234,-219.007839,1.918174,0
2019-01-22,sh.600577,3.1100,3.1200,3.0700,3.0700,3.1000,4867700,15046976.0000,3,0.253341,1,-0.967741,12.609483,0.475122,-213.126040,1.866658,0
2019-01-23,sh.600577,3.0700,3.1000,3.0600,3.1000,3.0700,4357501,13418299.0000,3,0.226787,1,0.977198,12.732702,0.479765,-215.208705,1.884899,0
2019-01-24,sh.600577,3.1100,3.1300,3.0800,3.0900,3.1000,4826300,14958333.0000,3,0.251186,1,-0.322580,12.691629,0.478217,-214.514484,1.878819,0
2019-01-25,sh.600577,3.0900,3.1000,3.0600,3.0600,3.0900,6077400,18706675.0000,3,0.316300,1,-0.970873,12.568410,0.473574,-212.431819,1.860578,0
2019-01-28,sh.600577,3.0700,3.0900,3.0200,3.0200,3.0600,7316300,22334149.0000,3,0.380779,1,-1.307188,12.404117,0.467384,-209.654932,1.836257,0
2019-01-29,sh.600577,3.0500,3.1700,3.0100,3.1100,3.0200,23262700,71844892.0000,3,1.210713,1,2.980130,12.773776,0.481312,-215.902927,1.890980,0
2019-01-30,sh.600577,3.0700,3.1000,3.0200,3.0200,3.1100,14814061,45002248.0000,3,0.771001,1,-2.893888,12.404117,0.467384,-209.654932,1.836257,0
2019-01-31,sh.600577,3.0100,3.0400,2.9400,2.9500,3.0200,11132868,33170698.0000,3,0.579413,1,-2.317879,12.116604,0.456550,-204.795381,1.793694,0
2019-02-01,sh.600577,2.9700,3.0200,2.9600,3.0100,2.9500,5812200,17435762.0000,3,0.302497,1,2.033896,12.363043,0.465836,-208.960710,1.830176,0
2019-02-11,sh.600577,3.0400,3.0600,3.0100,3.0600,3.0100,9981600,30392915.0000,3,0.519495,1,1.661128,12.568410,0.473574,-212.431819,1.860578,0
2019-02-12,sh.600577,3.0500,3.0900,3.0400,3.0900,3.0600,12861900,39494905.0000,3,0.669401,1,0.980391,12.691629,0.478217,-214.514484,1.878819,0
2019-02-13,sh.600577,3.0900,3.1400,3.0700,3.1300,3.0900,19225294,59849451.0000,3,1.000585,1,1.294505,12.855922,0.484407,-217.291370,1.903140,0
2019-02-14,sh.600577,3.1500,3.1500,3.1100,3.1200,3.1300,11627080,36336263.0000,3,0.605134,1,-0.319496,12.814849,0.482860,-216.597148,1.897060,0
2019-02-15,sh.600577,3.1200,3.1400,3.1000,3.1100,3.1200,14452610,45102312.0000,3,0.752190,1,-0.320512,12.773776,0.481312,-215.902927,1.890980,0
2019-02-18,sh.600577,3.1200,3.1900,3.1200,3.1900,3.1100,22697163,71735448.0000,3,1.181279,1,2.572353,13.102362,0.493693,-221.456700,1.939622,0
2019-02-19,sh.600577,3.2000,3.2400,3.1400,3.1900,3.1900,19650718,62477356.0000,3,1.022726,1,0.000000,13.102362,0.493693,-221.456700,1.939622,0
2019-02-20,sh.600577,3.1800,3.1900,3.1500,3.1800,3.1900,12001223,38067265.0000,3,0.624607,1,-0.313479,13.061288,0.492146,-220.762478,1.933542,0
2019-02-21,sh.600577,3.1800,3.2200,3.1500,3.1700,3.1800,21737189,69420718.0000,3,1.131317,1,-0.314465,13.020215,0.490598,-220.068257,1.927462,0
2019-02-22,sh.600577,3.1600,3.2600,3.1600,3.2300,3.1700,21364605,68382626.0000,3,1.111926,1,1.892743,13.266654,0.499884,-224.233586,1.963943,0
2019-02-25,sh.600577,3.2700,3.4400,3.2400,3.4200,3.2300,49110817,163732609.0000,3,2.555984,1,5.882355,14.047046,0.529289,-237.423797,2.079470,0
2019-02-26,sh.600577,3.4600,3.4600,3.3400,3.3800,3.4200,53124536,180590321.0000,3,2.764879,1,-1.169590,13.882753,0.523098,-234.646911,2.055148,0
2019-02-27,sh.600577,3.3500,3.4100,3.3200,3.3600,3.3800,38039315,128227967.0000,3,1.979765,1,-0.591722,13.800607,0.520003,-233.258468,2.042988,0
2019-02-28,sh.600577,3.3600,3.4000,3.3400,3.3600,3.3600,24294278,81875026.0000,3,1.264402,1,0.000000,13.800607,0.520003,-233.258468,2.042988,0
2019-03-01,sh.600577,3.4200,3.4500,3.3600,3.4000,3.3600,28233454,95966677.0000,3,1.469417,1,1.190482,13.964899,0.526193,-236.035354,2.067309,0
2019-03-04,sh.600577,3.4100,3.4700,3.4000,3.4300,3.4000,46539606,159616197.0000,3,2.422165,1,0.882352,14.088119,0.530836,-238.118019,2.085550,0
2019-03-05,sh.600577,3.4100,3.5300,3.3900,3.5100,3.4300,50295780,174063121.0000,3,2.617656,1,2.332359,14.416705,0.543217,-243.671792,2.134192,0
2019-03-06,sh.600577,3.5500,3.5700,3.4700,3.5700,3.5100,56700459,199296211.0000,3,2.950989,1,1.709400,14.663144,0.552503,-247.837122,2.170674,0
2019-03-07,sh.600577,3.5700,3.6900,3.5200,3.6500,3.5700,63069284,227643453.0000,3,3.282456,1,2.240901,14.991730,0.564884,-253.390895,2.219317,0
2019-03-08,sh.600577,3.6000,3.6300,3.3900,3.4000,3.6500,59687902,210543214.0000,3,3.106471,1,-6.849315,13.964899,0.526193,-236.035354,2.067309,0
2019-03-11,sh.600577,3.4100,3.7400,3.4100,3.7400,3.4000,96814052,350727813.0000,3,5.038711,1,9.999997,15.361389,0.578813,-259.638889,2.274040,0
2019-03-12,sh.600577,3.9000,3.9100,3.6500,3.7300,3.7400,103382036,387894117.0000,3,5.380543,1,-0.267379,15.320316,0.577265,-258.944668,2.267959,0
2019-03-13,sh.600577,3.7300,3.9200,3.6500,3.7700,3.7300,89002711,338465437.0000,3,4.632168,1,1.072385,15.484609,0.583456,-261.721554,2.292281,0
2019-03-14,sh.600577,3.6900,3.7500,3.5200,3.6100,3.7700,52953438,191458892.0000,3,2.755975,1,-4.244034,14.827437,0.558694,-250.614008,2.194996,0
2019-03-15,sh.600577,3.6300,3.7000,3.5900,3.6300,3.6100,36660004,133719015.0000,3,1.907979,1,0.554023,14.909584,0.561789,-252.002452,2.207156,0
2019-03-18,sh.600577,3.6300,3.6700,3.5500,3.6700,3.6300,34018551,123486730.0000,3,1.770504,1,1.101927,15.073877,0.567979,-254.779338,2.231478,0
2019-03-19,sh.600577,3.6500,3.7400,3.6500,3.6800,3.6700,31154782,114850185.0000,3,1.621458,1,0.272479,15.114950,0.569527,-255.473560,2.237558,0
2019-03-20,sh.600577,3.6700,3.6800,3.5800,3.6400,3.6800,29122711,105672081.0000,3,1.515699,1,-1.086955,14.950657,0.563336,-252.696673,2.213237,0
2019-03-21,sh.600577,3.6300,3.6900,3.6200,3.6500,3.6400,32573314,119221332.0000,3,1.695286,1,0.274725,14.991730,0.564884,-253.390895,2.219317,0
2019-03-22,sh.600577,3.6600,3.6600,3.5800,3.6400,3.6500,25354811,91763443.0000,3,1.319597,1,-0.273972,14.950657,0.563336,-252.696673,2.213237,0
2019-03-25,sh.600577,3.5900,3.6500,3.5600,3.6000,3.6400,22312205,80555270.0000,3,1.161244,1,-1.098907,14.786364,0.557146,-249.919787,2.188915,0
2019-03-26,sh.600577,3.6200,3.6300,3.4700,3.4900,3.6000,28253300,100118575.0000,3,1.470450,1,-3.055553,14.334559,0.540122,-242.283349,2.122032,0
2019-03-27,sh.600577,3.5100,3.5300,3.4300,3.4900,3.4900,18818777,65429248.0000,3,0.979428,1,0.000000,14.334559,0.540122,-242.283349,2.122032,0
2019-03-28,sh.600577,3.4800,3.5700,3.4500,3.5000,3.4900,23243804,81671022.0000,3,1.209729,1,0.286533,14.375632,0.541670,-242.977570,2.128112,0
2019-03-29,sh.600577,3.5000,3.5800,3.4500,3.5800,3.5000,23133895,81739674.0000,3,1.204009,1,2.285712,14.704218,0.554051,-248.531343,2.176755,0
2019-04-01,sh.600577,3.6000,3.7000,3.6000,3.6900,3.5800,35516822,130191091.0000,3,1.848482,1,3.072629,15.156023,0.571075,-256.167781,2.243638,0
2019-04-02,sh.600577,3.7400,3.7600,3.6700,3.6800,3.6900,34529040,127707451.0000,3,1.797072,1,-0.271002,16.165538,0.594293,221.429824,2.225499,0
2019-04-03,sh.600577,3.6700,3.7100,3.6400,3.7100,3.6800,25249295,93084708.0000,3,1.314106,1,0.815217,16.297323,0.599137,223.234958,2.243642,0
2019-04-04,sh.600577,3.7200,3.7800,3.7000,3.7300,3.7100,34315048,128210010.0000,3,1.785935,1,0.539083,16.385179,0.602367,224.438381,2.255737,0
2019-04-08,sh.600577,3.7500,3.7800,3.6300,3.7100,3.7300,36966433,137186254.0000,3,1.923927,1,-0.536192,16.297323,0.599137,223.234958,2.243642,0
2019-04-09,sh.600577,3.7000,3.7400,3.6700,3.7200,3.7100,26303546,97465816.0000,3,1.368974,1,0.269541,16.341251,0.600752,223.836670,2.249690,0
2019-04-10,sh.600577,3.6900,3.8500,3.6700,3.8000,3.7200,51315479,194164744.0000,3,2.670727,1,2.150536,16.692675,0.613672,228.650362,2.298070,0
2019-04-11,sh.600577,3.8000,3.8100,3.6900,3.7000,3.8000,30567400,114407077.0000,3,1.590888,1,-2.631577,16.253395,0.597522,222.633247,2.237594,0
2019-04-12,sh.600577,3.6800,3.7100,3.6600,3.7100,3.7000,19388634,71377553.0000,3,1.009086,1,0.270270,16.297323,0.599137,223.234958,2.243642,0
2019-04-15,sh.600577,3.7400,3.7900,3.6600,3.6700,3.7100,25345682,94573971.0000,3,1.319122,1,-1.078166,16.121610,0.592678,220.828112,2.219452,0
2019-04-16,sh.600577,3.6500,3.7200,3.6000,3.7200,3.6700,21594801,79183692.0000,3,1.123907,1,1.362396,16.341251,0.600752,223.836670,2.249690,0
2019-04-17,sh.600577,3.7200,3.8200,3.7000,3.7700,3.7200,38715229,145859228.0000,3,2.014943,1,1.344085,16.560891,0.608827,226.845227,2.279927,0
2019-04-18,sh.600577,3.7600,4.1500,3.7500,3.9200,3.7700,87724702,349352133.0000,3,4.565653,1,3.978782,17.219813,0.633051,235.870899,2.370641,0
2019-04-19,sh.600577,3.8900,4.0400,3.8300,4.0100,3.9200,48895755,192721999.0000,3,2.544791,1,2.295922,17.615165,0.647585,241.286303,2.425069,0
2019-04-22,sh.600577,4.0100,4.0500,3.8800,3.9000,4.0100,35929166,141909673.0000,3,1.869942,1,-2.743145,17.131956,0.629821,234.667476,2.358546,0
2019-04-23,sh.600577,3.9200,3.9200,3.7700,3.7900,3.9000,30272177,116098160.0000,3,1.575523,1,-2.820516,16.648747,0.612057,228.048650,2.292022,0
2019-04-24,sh.600577,3.8200,3.8500,3.7500,3.8500,3.7900,19579916,74583154.0000,3,1.019041,1,1.583112,16.912316,0.621746,231.658919,2.328308,0
2019-04-25,sh.600577,3.8300,3.8400,3.6200,3.6300,3.8500,32874302,122531672.0000,3,1.710951,1,-5.714281,15.945898,0.586218,218.421267,2.195262,0
2019-04-26,sh.600577,3.6200,3.6200,3.5300,3.5700,3.6300,20164186,72268407.0000,3,1.049450,1,-1.652897,15.682329,0.576528,214.810998,2.158976,0
2019-04-29,sh.600577,3.5600,3.5900,3.4300,3.4600,3.5700,23452300,82290209.0000,3,1.220581,1,-3.081230,15.199120,0.558764,208.192171,2.092453,0
2019-04-30,sh.600577,3.4600,3.5400,3.4600,3.5300,3.4600,13141300,46116418.0000,3,0.683942,1,2.023119,15.349137,0.577650,40.420913,2.095369,0
2019-05-06,sh.600577,3.4300,3.4700,3.2000,3.2400,3.5300,28937000,96679274.0000,3,1.506033,1,-8.215296,14.088160,0.530194,37.100214,1.923228,0
2019-05-07,sh.600577,3.2900,3.3000,3.2200,3.2900,3.2400,14234618,46512038.0000,3,0.740844,1,1.543208,14.305570,0.538376,37.672749,1.952908,0
2019-05-08,sh.600577,3.2200,3.3200,3.1900,3.2900,3.2900,15514485,50917453.0000,3,0.807455,1,0.000000,14.305570,0.538376,37.672749,1.952908,0
2019-05-09,sh.600577,3.2700,3.3100,3.2500,3.2600,3.2900,9034402,29635169.0000,3,0.470198,1,-0.911853,14.175124,0.533467,37.329228,1.935100,0
2019-05-10,sh.600577,3.2800,3.3800,3.2200,3.3500,3.2600,17174599,56831281.0000,3,0.893856,1,2.760734,14.566461,0.548195,38.359790,1.988523,0
2019-05-13,sh.600577,3.3200,3.6900,3.2900,3.6900,3.3500,19434644,70633034.0000,3,1.011481,1,10.149260,16.044848,0.603832,42.253022,2.190343,0
2019-05-14,sh.600577,3.8600,3.8600,3.5900,3.5900,3.6900,71967906,268512071.0000,3,3.745587,1,-2.710031,15.610029,0.587468,41.107954,2.130984,0
2019-05-15,sh.600577,3.5300,3.6200,3.5300,3.6000,3.5900,38341221,136795528.0000,3,1.995478,1,0.278551,15.653511,0.589105,41.222461,2.136920,0
2019-05-16,sh.600577,3.6000,3.6100,3.5000,3.5100,3.6000,27279680,96495729.0000,3,1.419778,1,-2.499998,15.262173,0.574377,40.191899,2.083497,0
2019-05-17,sh.600577,3.5300,3.5400,3.3600,3.3700,3.5100,21208300,72824473.0000,3,1.103791,1,-3.988607,14.653425,0.551467,38.588803,2.000395,0
2019-05-20,sh.600577,3.3600,3.4300,3.3000,3.4300,3.3700,15515943,52295999.0000,3,0.807531,1,1.780421,14.914317,0.561286,39.275844,2.036010,0
2019-05-21,sh.600577,3.4000,3.4700,3.3900,3.4500,3.4300,13054044,44899303.0000,3,0.679401,1,0.583090,15.001281,0.564559,39.504858,2.047882,0
2019-05-22,sh.600577,3.4400,3.4700,3.3800,3.3900,3.4500,10896800,37277374.0000,3,0.567127,1,-1.739129,14.740389,0.554740,38.817817,2.012267,0
2019-05-23,sh.600577,3.3600,3.4900,3.3600,3.4100,3.3900,15434099,53135699.0000,3,0.803271,1,0.589970,14.827353,0.558013,39.046831,2.024138,0
2019-05-24,sh.600577,3.3900,3.4200,3.3400,3.3400,3.4100,9765609,32936117.0000,3,0.508253,1,-2.052791,14.522979,0.546558,38.245283,1.982587,0
2019-05-27,sh.600577,3.3100,3.3800,3.2500,3.3600,3.3400,29560203,98278732.0000,3,1.538468,1,0.598802,14.609943,0.549831,38.474296,1.994459,0
2019-05-28,sh.600577,3.3300,3.3500,3.2700,3.3000,3.3600,27445924,90730597.0000,3,1.428430,1,-1.785713,14.349051,0.540013,37.787255,1.958844,0
2019-05-29,sh.600577,3.2800,3.2900,3.2100,3.2700,3.3000,19062957,62092953.0000,3,0.992136,1,-0.909090,14.218606,0.535103,37.443735,1.941036,0
2019-05-30,sh.600577,3.2200,3.2500,3.2000,3.2300,3.2700,13033340,41970504.0000,3,0.678323,1,-1.223240,14.044678,0.528558,36.985708,1.917292,0
2019-05-31,sh.600577,3.2300,3.2700,3.2100,3.2400,3.2300,8705540,28233313.0000,3,0.453082,1,0.309597,14.088160,0.530194,37.100214,1.923228,0
2019-06-03,sh.600577,3.2600,3.2600,3.1100,3.1400,3.2400,20866300,66021060.0000,3,1.085992,1,-3.086417,13.653340,0.513830,35.955146,1.863869,0
2019-06-04,sh.600577,3.1300,3.1400,3.0300,3.0600,3.1400,20084300,61556224.0000,3,1.045292,1,-2.547776,13.305484,0.500739,35.039091,1.816382,0
2019-06-05,sh.600577,3.1000,3.1100,3.0300,3.0400,3.0600,17000000,51841541.0000,3,0.884769,1,-0.653594,13.218520,0.497466,34.810078,1.804511,0
2019-06-06,sh.600577,3.0400,3.0400,2.9200,2.9700,3.0400,21743100,64455689.0000,3,1.131625,1,-2.302629,12.914146,0.486011,34.008530,1.762959,0
2019-06-10,sh.600577,2.9800,3.0000,2.9600,2.9800,2.9700,18062400,53682285.0000,3,0.940062,1,0.336700,12.957628,0.487648,34.123037,1.768895,0
2019-06-11,sh.600577,2.9700,3.0900,2.9700,3.0800,2.9800,24209900,73544589.0000,3,1.260010,1,3.355702,13.392448,0.504012,35.268105,1.828254,0
2019-06-12,sh.600577,3.0300,3.0600,3.0000,3.0100,3.0400,12775840,38668257.0000,3,0.664922,1,-0.986841,13.088074,0.492557,34.466557,1.786703,0
2019-06-13,sh.600577,3.0100,3.0700,3.0000,3.0500,3.0100,11649419,35400213.0000,3,0.606297,1,1.328902,13.262002,0.499102,34.924585,1.810446,0
2019-06-14,sh.600577,3.0500,3.0600,3.0000,3.0000,3.0500,9441400,28602908.0000,3,0.491380,1,-1.639343,13.044592,0.490920,34.352050,1.780767,0
2019-06-17,sh.600577,3.0000,3.0400,2.9900,3.0400,3.0000,7504633,22685288.0000,3,0.390580,1,1.333332,13.218520,0.497466,34.810078,1.804511,0
2019-06-18,sh.600577,3.0400,3.0400,3.0100,3.0300,3.0400,5072786,15345397.0000,3,0.264014,1,-0.328947,13.175038,0.495830,34.695571,1.798575,0
2019-06-19,sh.600577,3.0800,3.0900,3.0400,3.0400,3.0300,11768566,36007770.0000,3,0.612498,1,0.330033,13.218520,0.497466,34.810078,1.804511,0
2019-06-20,sh.600577,3.0300,3.0900,3.0300,3.0900,3.0400,14632600,44899697.0000,3,0.761557,1,1.644735,13.435930,0.505648,35.382612,1.834190,0
2019-06-21,sh.600577,3.0800,3.1400,3.0800,3.1200,3.0900,17087574,53172690.0000,3,0.889327,1,0.970873,13.566376,0.510557,35.726132,1.851998,0
2019-06-24,sh.600577,3.1200,3.1400,3.0800,3.0900,3.1200,9370338,29038226.0000,3,0.487682,1,-0.961538,13.435930,0.505648,35.382612,1.834190,0
2019-06-25,sh.600577,3.0900,3.0900,3.0100,3.0500,3.0900,11224501,34138092.0000,3,0.584182,1,-1.294497,13.262002,0.499102,34.924585,1.810446,0
2019-06-26,sh.600577,3.0200,3.0700,3.0200,3.0500,3.0500,6796900,20726725.0000,3,0.353746,1,0.000000,13.262002,0.499102,34.924585,1.810446,0
2019-06-27,sh.600577,3.0600,3.0900,3.0500,3.0600,3.0500,8530039,26178019.0000,3,0.443948,1,0.327869,13.305484,0.500739,35.039091,1.816382,0
2019-06-28,sh.600577,3.0600,3.0700,3.0100,3.0300,3.0600,7643185,23155220.0000,3,0.397791,1,-0.980391,13.175038,0.495830,34.695571,1.798575,0
2019-07-01,sh.600577,3.0700,3.1000,3.0600,3.1000,3.0300,12900577,39842140.0000,3,0.671414,1,2.310229,13.479412,0.507285,35.497119,1.840126,0
2019-07-02,sh.600577,3.1000,3.1000,3.0800,3.1000,3.1000,9324609,28811491.0000,3,0.485302,1,0.000000,13.479412,0.507285,35.497119,1.840126,0
2019-07-03,sh.600577,3.1000,3.1000,3.0500,3.0600,3.1000,7287401,22348674.0000,3,0.379275,1,-1.290321,13.305484,0.500739,35.039091,1.816382,0
2019-07-04,sh.600577,3.0600,3.1000,3.0600,3.0900,3.0600,9239540,28422925.0000,3,0.480874,1,0.980391,13.435930,0.505648,35.382612,1.834190,0
2019-07-05,sh.600577,3.0900,3.1000,3.0600,3.1000,3.0900,7510100,23150837.0000,3,0.390865,1,0.323624,13.479412,0.507285,35.497119,1.840126,0
2019-07-08,sh.600577,3.0800,3.0800,3.0000,3.0200,3.1000,12796602,38715339.0000,3,0.666002,1,-2.580643,13.131556,0.494193,34.581064,1.792639,0
2019-07-09,sh.600577,3.0200,3.0300,3.0000,3.0300,3.0200,5825340,17549135.0000,3,0.303181,1,0.331126,13.175038,0.495830,34.695571,1.798575,0
2019-07-10,sh.600577,3.0300,3.0400,3.0100,3.0100,3.0300,5648700,17065700.0000,3,0.293988,1,-0.660065,13.088074,0.492557,34.466557,1.786703,0
2019-07-11,sh.600577,3.0200,3.0400,3.0000,3.0100,3.0100,5738425,17337403.0000,3,0.298658,1,0.000000,13.088074,0.492557,34.466557,1.786703,0
2019-07-12,sh.600577,3.0300,3.0300,3.0100,3.0300,3.0100,4557865,13774492.0000,3,0.237215,1,0.664451,13.175038,0.495830,34.695571,1.798575,0
2019-07-15,sh.600577,3.0300,3.0500,2.9900,3.0400,3.0300,6884300,20796062.0000,3,0.358295,1,0.330033,13.218520,0.497466,34.810078,1.804511,0
2019-07-16,sh.600577,3.0400,3.0500,3.0200,3.0300,3.0400,5119739,15521780.0000,3,0.266458,1,-0.328947,13.175038,0.495830,34.695571,1.798575,0
2019-07-17,sh.600577,3.0300,3.0300,3.0100,3.0100,3.0300,8173601,24663869.0000,3,0.425397,1,-0.660065,13.088074,0.492557,34.466557,1.786703,0
2019-07-18,sh.600577,3.0100,3.0200,2.9700,2.9700,3.0100,8600500,25642680.0000,3,0.447615,1,-1.328902,12.914146,0.486011,34.008530,1.762959,0
2019-07-19,sh.600577,2.9700,3.0100,2.9700,2.9800,2.9700,5005500,14954826.0000,3,0.260512,1,0.336700,12.957628,0.487648,34.123037,1.768895,0
2019-07-22,sh.600577,2.9900,2.9900,2.9100,2.9300,2.9800,11303901,33202648.0000,3,0.588314,1,-1.677851,12.740218,0.479466,33.550503,1.739216,0
2019-07-23,sh.600577,2.9300,2.9500,2.9000,2.9400,2.9300,4874053,14270701.0000,3,0.253671,1,0.341297,12.783700,0.481102,33.665009,1.745152,0
2019-07-24,sh.600577,2.9300,2.9700,2.9300,2.9500,2.9400,6451496,19059192.0000,3,0.335770,1,0.340136,12.827182,0.482738,33.779516,1.751088,0
2019-07-25,sh.600577,2.9500,2.9500,2.9300,2.9400,2.9500,5421700,15915161.0000,3,0.282174,1,-0.338983,12.783700,0.481102,33.665009,1.745152,0
2019-07-26,sh.600577,2.9300,2.9500,2.9200,2.9400,2.9400,4709900,13790044.0000,3,0.245100,1,0.000000,12.783700,0.481102,33.665009,1.745152,0
2019-07-29,sh.600577,2.9500,2.9600,2.9400,2.9400,2.9400,5180416,15278898.0000,3,0.269616,1,0.000000,12.783700,0.481102,33.665009,1.745152,0
2019-07-30,sh.600577,2.9400,2.9700,2.9300,2.9500,2.9400,6063100,17911044.0000,3,0.315600,1,0.340100,12.827182,0.482738,33.779516,1.751088,0
2019-07-31,sh.600577,2.9500,2.9600,2.9400,2.9400,2.9500,5741721,16920366.0000,3,0.298800,1,-0.339000,12.783700,0.481102,33.665009,1.745152,0
2019-08-01,sh.600577,2.9500,2.9500,2.9200,2.9300,2.9400,5477808,16052089.0000,3,0.285100,1,-0.340100,12.740218,0.479466,33.550503,1.739216,0
2019-08-02,sh.600577,2.9000,2.9100,2.8500,2.8900,2.9300,12206671,35101206.0000,3,0.635300,1,-1.365200,12.566291,0.472920,33.092475,1.715472,0
2019-08-05,sh.600577,2.8800,2.8900,2.8500,2.8700,2.8900,7304080,20932746.0000,3,0.380100,1,-0.692000,12.479327,0.469647,32.863462,1.703600,0
2019-08-06,sh.600577,2.8200,2.8300,2.6200,2.7300,2.8700,18878847,51653989.0000,3,0.982600,1,-4.878000,15.496471,0.448607,58.899634,1.599189,0
2019-08-07,sh.600577,2.7300,2.7700,2.7000,2.7200,2.7300,7905242,21587661.0000,3,0.411400,1,-0.366300,15.439708,0.446964,58.683884,1.593331,0
2019-08-08,sh.600577,2.7100,2.7400,2.7100,2.7300,2.7200,4691273,12809424.0000,3,0.244200,1,0.367600,15.496471,0.448607,58.899634,1.599189,0
2019-08-09,sh.600577,2.7400,2.7500,2.6700,2.6800,2.7300,6550457,17700026.0000,3,0.340900,1,-1.831500,15.212653,0.440391,57.820886,1.569900,0
2019-08-12,sh.600577,2.7000,2.7200,2.6900,2.7200,2.6800,4871249,13167663.0000,3,0.253500,1,1.492500,15.439708,0.446964,58.683884,1.593331,0
2019-08-13,sh.600577,2.7000,2.7400,2.6900,2.7300,2.7200,5765271,15705131.0000,3,0.300100,1,0.367600,15.496471,0.448607,58.899634,1.599189,0
2019-08-14,sh.600577,2.7600,2.7700,2.7300,2.7500,2.7300,6334169,17402888.0000,3,0.329700,1,0.732600,15.609999,0.451893,59.331133,1.610905,0
2019-08-15,sh.600577,2.6900,2.7300,2.6400,2.7300,2.7500,6985600,18808821.0000,3,0.363600,1,-0.727300,15.496471,0.448607,58.899634,1.599189,0
2019-08-16,sh.600577,2.7200,2.7400,2.7000,2.7100,2.7300,6813700,18530142.0000,3,0.354600,1,-0.732600,15.382944,0.445320,58.468135,1.587474,0
2019-08-19,sh.600577,2.7200,2.7900,2.7100,2.7900,2.7100,11040344,30466072.0000,3,0.574600,1,2.952000,15.837053,0.458466,60.194131,1.634336,0
2019-08-20,sh.600577,2.7800,2.8200,2.7700,2.7900,2.7900,8587256,24078979.0000,3,0.446900,1,0.000000,15.837053,0.458466,60.194131,1.634336,0
2019-08-21,sh.600577,2.7800,2.8300,2.7700,2.8100,2.7900,7672665,21545751.0000,3,0.399300,1,0.716800,15.950580,0.461753,60.625631,1.646052,0
2019-08-22,sh.600577,2.8300,2.8300,2.7900,2.8100,2.8100,5431250,15228964.0000,3,0.282700,1,0.000000,15.950580,0.461753,60.625631,1.646052,0
2019-08-23,sh.600577,2.8100,2.8200,2.7800,2.7900,2.8100,5411550,15156407.0000,3,0.281600,1,-0.711700,15.837053,0.458466,60.194131,1.634336,0
2019-08-26,sh.600577,2.7400,2.7600,2.6900,2.7100,2.7900,13994899,38161087.0000,3,0.728400,1,-2.867400,15.382944,0.445320,58.468135,1.587474,0
2019-08-27,sh.600577,2.7300,2.7900,2.7200,2.7600,2.7100,16336103,45091094.0000,3,0.850200,1,1.845000,15.666762,0.453537,59.546883,1.616763,0
2019-08-28,sh.600577,2.7600,2.9300,2.7400,2.8200,2.7600,27659633,77628682.0000,3,1.439600,1,2.173900,16.007344,0.463396,60.841380,1.651910,0
2019-08-29,sh.600577,2.8100,2.8300,2.7700,2.8000,2.8200,14951200,41786907.0000,3,0.778100,1,-0.709200,15.893817,0.460110,60.409881,1.640194,0
2019-08-30,sh.600577,2.7900,2.8200,2.7300,2.7600,2.8000,13842000,38322450.0000,3,0.720400,1,-1.428600,15.666762,0.453537,59.546883,1.616763,0
2019-09-02,sh.600577,2.7500,2.8300,2.7400,2.8100,2.7600,20235011,56522866.0000,3,1.053100,1,1.811600,15.950580,0.461753,60.625631,1.646052,0
2019-09-03,sh.600577,2.8000,2.8100,2.7600,2.7900,2.8100,15957600,44455858.0000,3,0.830500,1,-0.711700,15.837053,0.458466,60.194131,1.634336,0
2019-09-04,sh.600577,2.7900,2.8600,2.7700,2.8200,2.7900,22653475,63548990.0000,3,1.179000,1,1.075300,16.007344,0.463396,60.841380,1.651910,0
2019-09-05,sh.600577,2.8300,2.8800,2.8200,2.8500,2.8200,27168648,77522633.0000,3,1.414000,1,1.063800,16.177635,0.468326,61.488629,1.669483,0
2019-09-06,sh.600577,2.8000,2.8200,2.7100,2.7600,2.8500,40742176,112586896.0000,3,2.120400,1,-3.157900,15.666762,0.453537,59.546883,1.616763,0
2019-09-09,sh.600577,2.7800,2.8700,2.7700,2.8700,2.7600,40128286,113060091.0000,3,2.088500,1,3.985500,16.291162,0.471612,61.920128,1.681199,0
2019-09-10,sh.600577,2.8800,2.8900,2.8100,2.8600,2.8700,19787000,56302149.0000,3,1.029800,1,-0.348400,16.234399,0.469969,61.704378,1.675341,0
2019-09-11,sh.600577,2.8700,2.8700,2.8300,2.8400,2.8600,23506761,66953271.0000,3,1.223400,1,-0.699300,16.120871,0.466683,61.272879,1.663625,0
2019-09-12,sh.600577,2.8500,2.8700,2.8300,2.8500,2.8400,20513400,58439758.0000,3,1.067600,1,0.352100,16.177635,0.468326,61.488629,1.669483,0
2019-09-16,sh.600577,2.8600,2.8800,2.8500,2.8500,2.8500,17633057,50491941.0000,3,0.917700,1,0.000000,16.177635,0.468326,61.488629,1.669483,0
2019-09-17,sh.600577,2.8600,2.8600,2.7600,2.7700,2.8500,20672966,57698802.0000,3,1.075900,1,-2.807000,15.723526,0.455180,59.762632,1.622621,0
2019-09-18,sh.600577,2.7800,2.7900,2.7500,2.7600,2.7700,10555630,29188351.0000,3,0.549400,1,-0.361000,15.666762,0.453537,59.546883,1.616763,0
2019-09-19,sh.600577,2.7700,2.7700,2.7300,2.7700,2.7600,11269817,30942845.0000,3,0.586500,1,0.362300,15.723526,0.455180,59.762632,1.622621,0
2019-09-20,sh.600577,2.7600,2.7700,2.7400,2.7600,2.7700,10077500,27752109.0000,3,0.524500,1,-0.361000,15.666762,0.453537,59.546883,1.616763,0
2019-09-23,sh.600577,2.7500,2.7500,2.7000,2.7200,2.7600,10225338,27777646.0000,3,0.532200,1,-1.449300,15.439708,0.446964,58.683884,1.593331,0
2019-09-24,sh.600577,2.7100,2.7400,2.7000,2.7100,2.7200,7979573,21709396.0000,3,0.415300,1,-0.367600,15.382944,0.445320,58.468135,1.587474,0
2019-09-25,sh.600577,2.7000,2.7000,2.6700,2.6800,2.7100,10663913,28595886.0000,3,0.555000,1,-1.107000,15.212653,0.440391,57.820886,1.569900,0
2019-09-26,sh.600577,2.6800,2.7000,2.6200,2.6300,2.6800,13338520,35324835.0000,3,0.694200,1,-1.865700,14.928835,0.432174,56.742138,1.540611,0
2019-09-27,sh.600577,2.6300,2.6600,2.6300,2.6500,2.6300,5897459,15596097.0000,3,0.306900,1,0.760500,15.042362,0.435461,57.173637,1.552327,0
2019-09-30,sh.600577,2.6600,2.6600,2.6300,2.6300,2.6500,5126300,13558235.0000,3,0.266800,1,-0.754700,14.928835,0.432174,56.742138,1.540611,0
2019-10-08,sh.600577,2.6200,2.6500,2.6200,2.6300,2.6300,5732023,15099584.0000,3,0.298300,1,0.000000,14.928835,0.432174,56.742138,1.540611,0
2019-10-09,sh.600577,2.6200,2.6700,2.6000,2.6600,2.6300,5863364,15458485.0000,3,0.305200,1,1.140700,15.099126,0.437104,57.389387,1.558184,0
2019-10-10,sh.600577,2.6500,2.6800,2.6500,2.6800,2.6600,5420500,14471303.0000,3,0.282100,1,0.751900,15.212653,0.440391,57.820886,1.569900,0
2019-10-11,sh.600577,2.6800,2.7100,2.6500,2.7000,2.6800,7523240,20147961.0000,3,0.391500,1,0.746300,15.326181,0.443677,58.252385,1.581616,0
2019-10-14,sh.600577,2.7000,2.7400,2.7000,2.7300,2.7000,9538042,26000177.0000,3,0.496400,1,1.111100,15.496471,0.448607,58.899634,1.599189,0
2019-10-15,sh.600577,2.7300,2.7300,2.6800,2.7000,2.7300,6638109,17915579.0000,3,0.345500,1,-1.098900,15.326181,0.443677,58.252385,1.581616,0
2019-10-16,sh.600577,2.7100,2.7100,2.6600,2.6800,2.7000,5334500,14324802.0000,3,0.277600,1,-0.740700,15.212653,0.440391,57.820886,1.569900,0
2019-10-17,sh.600577,2.6800,2.6900,2.6600,2.6800,2.6800,4673620,12489565.0000,3,0.243200,1,0.000000,15.212653,0.440391,57.820886,1.569900,0
2019-10-18,sh.600577,2.6700,2.6800,2.6100,2.6200,2.6800,8014862,21161232.0000,3,0.417100,1,-2.238800,14.872071,0.430531,56.526389,1.534753,0
2019-10-21,sh.600577,2.6300,2.6400,2.5800,2.6100,2.6200,5737492,14938004.0000,3,0.298600,1,-0.381700,14.815308,0.428888,56.310639,1.528895,0
2019-10-22,sh.600577,2.6100,2.6500,2.5900,2.6400,2.6100,6055000,15915801.0000,3,0.315100,1,1.149400,14.985599,0.433818,56.957888,1.546469,0
2019-10-23,sh.600577,2.6500,2.7600,2.6400,2.6900,2.6400,17437921,47210991.0000,3,0.907600,1,1.893900,15.269417,0.442034,58.036636,1.575758,0
2019-10-24,sh.600577,2.6700,2.7000,2.6600,2.7000,2.6900,8066402,21608991.0000,3,0.419800,1,0.371700,15.326181,0.443677,58.252385,1.581616,0
2019-10-25,sh.600577,2.6900,2.7400,2.6700,2.7300,2.7000,10952237,29658954.0000,3,0.570000,1,1.111100,14.188267,0.451914,24.021588,1.532437,0
2019-10-28,sh.600577,2.7300,2.7500,2.7000,2.7300,2.7300,14130933,38439690.0000,3,0.735400,1,0.000000,14.188267,0.451914,24.021588,1.532437,0
2019-10-29,sh.600577,2.7200,2.7300,2.6800,2.6900,2.7300,9783623,26475607.0000,3,0.509200,1,-1.465200,13.980381,0.445292,23.669624,1.509984,0
2019-10-30,sh.600577,2.6800,2.7000,2.6500,2.6700,2.6900,7405600,19790696.0000,3,0.385400,1,-0.743500,13.876437,0.441982,23.493641,1.498757,0
2019-10-31,sh.600577,2.6700,2.6900,2.6500,2.6600,2.6700,6522059,17431036.0000,3,0.339400,1,-0.374500,13.824466,0.440326,23.405650,1.493144,0
2019-11-01,sh.600577,2.6600,2.6800,2.6300,2.6700,2.6600,6348004,16900776.0000,3,0.330400,1,0.375900,13.876437,0.441982,23.493641,1.498757,0
2019-11-04,sh.600577,2.6700,2.6900,2.6400,2.6500,2.6700,7412404,19744327.0000,3,0.385800,1,-0.749100,13.772494,0.438671,23.317659,1.487531,0
2019-11-05,sh.600577,2.6600,2.6600,2.6200,2.6400,2.6500,7216639,19054742.0000,3,0.375600,1,-0.377400,13.720522,0.437016,23.229668,1.481917,0
2019-11-06,sh.600577,2.6400,2.6500,2.6200,2.6200,2.6400,4804400,12652127.0000,3,0.250000,1,-0.757600,13.616579,0.433705,23.053685,1.470691,0
2019-11-07,sh.600577,2.6200,2.6400,2.6200,2.6200,2.6200,5348500,14071065.0000,3,0.278400,1,0.000000,13.616579,0.433705,23.053685,1.470691,0
2019-11-08,sh.600577,2.6400,2.6600,2.6300,2.6500,2.6200,7985139,21172787.0000,3,0.415600,1,1.145000,13.772494,0.438671,23.317659,1.487531,0
2019-11-11,sh.600577,2.6500,2.6600,2.6000,2.6100,2.6500,7648339,20055779.0000,3,0.398100,1,-1.509400,13.564607,0.432050,22.965694,1.465077,0
2019-11-12,sh.600577,2.6100,2.6200,2.5800,2.6200,2.6100,6115081,15895587.0000,3,0.318300,1,0.383100,13.616579,0.433705,23.053685,1.470691,0
2019-11-13,sh.600577,2.6200,2.6300,2.5900,2.6000,2.6200,4547966,11829371.0000,3,0.236700,1,-0.763400,13.512636,0.430394,22.877703,1.459464,0
2019-11-14,sh.600577,2.5900,2.6100,2.5900,2.6000,2.6000,4164569,10836301.0000,3,0.216700,1,0.000000,13.512636,0.430394,22.877703,1.459464,0
2019-11-15,sh.600577,2.6000,2.6100,2.5800,2.5800,2.6000,5251797,13600109.0000,3,0.273300,1,-0.769200,13.408692,0.427083,22.701721,1.448237,0
2019-11-18,sh.600577,2.5800,2.6000,2.5700,2.5900,2.5800,4725281,12227436.0000,3,0.245900,1,0.387600,13.460664,0.428739,22.789712,1.453851,0
2019-11-19,sh.600577,2.5800,2.6200,2.5800,2.6200,2.5900,5980306,15605358.0000,3,0.311200,1,1.158300,13.616579,0.433705,23.053685,1.470691,0
2019-11-20,sh.600577,2.6200,2.6200,2.6000,2.6100,2.6200,4565940,11921470.0000,3,0.237600,1,-0.381700,13.564607,0.432050,22.965694,1.465077,0
2019-11-21,sh.600577,2.6100,2.6400,2.5900,2.6300,2.6100,5322140,13915178.0000,3,0.277000,1,0.766300,13.668551,0.435360,23.141677,1.476304,0
2019-11-22,sh.600577,2.6200,2.6500,2.5900,2.6100,2.6300,7524240,19732366.0000,3,0.391600,1,-0.760500,13.564607,0.432050,22.965694,1.465077,0
2019-11-25,sh.600577,2.6100,2.6600,2.5900,2.6500,2.6100,11149630,29384314.0000,3,0.580300,1,1.532600,13.772494,0.438671,23.317659,1.487531,0
2019-11-26,sh.600577,2.6600,2.6600,2.6100,2.6300,2.6500,7004509,18447016.0000,3,0.364600,1,-0.754700,13.668551,0.435360,23.141677,1.476304,0
2019-11-27,sh.600577,2.6300,2.6900,2.6300,2.6700,2.6300,14383104,38347508.0000,3,0.748600,1,1.520900,13.876437,0.441982,23.493641,1.498757,0
2019-11-28,sh.600577,2.6700,2.6900,2.6400,2.6700,2.6700,9406428,25118052.0000,3,0.489600,1,0.000000,13.876437,0.441982,23.493641,1.498757,0
2019-11-29,sh.600577,2.6600,2.6800,2.6400,2.6700,2.6700,6662897,17736588.0000,3,0.346800,1,0.000000,13.876437,0.441982,23.493641,1.498757,0
2019-12-02,sh.600577,2.6600,2.7300,2.6600,2.7100,2.6700,12843381,34571669.0000,3,0.668400,1,1.498100,14.084324,0.448603,23.845606,1.521211,0
2019-12-03,sh.600577,2.6900,2.7200,2.6700,2.7200,2.7100,10190447,27506068.0000,3,0.530400,1,0.369000,14.136296,0.450259,23.933597,1.526824,0
2019-12-04,sh.600577,2.6900,2.7200,2.6800,2.7000,2.7200,9729306,26265453.0000,3,0.506400,1,-0.735300,14.032352,0.446948,23.757615,1.515597,0
2019-12-05,sh.600577,2.7100,2.7100,2.6700,2.6900,2.7000,10109200,27181773.0000,3,0.526100,1,-0.370400,13.980381,0.445292,23.669624,1.509984,0
2019-12-06,sh.600577,2.6800,2.6900,2.6600,2.6800,2.6900,8724568,23302968.0000,3,0.454100,1,-0.371700,13.928409,0.443637,23.581632,1.504371,0
2019-12-09,sh.600577,2.6700,2.6900,2.6500,2.6700,2.6800,8745600,23351842.0000,3,0.455200,1,-0.373100,13.876437,0.441982,23.493641,1.498757,0
2019-12-10,sh.600577,2.6700,2.6700,2.6400,2.6500,2.6700,14022304,37157797.0000,3,0.729800,1,-0.749100,13.772494,0.438671,23.317659,1.487531,0
2019-12-11,sh.600577,2.6500,2.6600,2.6200,2.6300,2.6500,12899504,34010663.0000,3,0.671400,1,-0.754700,13.668551,0.435360,23.141677,1.476304,0
2019-12-12,sh.600577,2.6300,2.6400,2.6000,2.6000,2.6300,13279400,34656118.0000,3,0.691100,1,-1.140700,13.512636,0.430394,22.877703,1.459464,0
2019-12-13,sh.600577,2.6200,2.6300,2.6000,2.6200,2.6000,19429800,50766497.0000,3,1.011200,1,0.769200,13.616579,0.433705,23.053685,1.470691,0
2019-12-16,sh.600577,2.6300,2.6800,2.6200,2.6800,2.6200,22362789,59422179.0000,3,1.163900,1,2.290100,13.928409,0.443637,23.581632,1.504371,0
2019-12-17,sh.600577,2.6900,2.7400,2.6700,2.7400,2.6800,30789380,83461215.0000,3,1.602400,1,2.238800,14.240239,0.453569,24.109579,1.538050,0
2019-12-18,sh.600577,2.7300,2.7600,2.7000,2.7100,2.7400,22733251,62078301.0000,3,1.183200,1,-1.094900,14.084324,0.448603,23.845606,1.521211,0
2019-12-19,sh.600577,2.7200,2.7800,2.7100,2.7400,2.7100,22089695,60489829.0000,3,1.149700,1,1.107000,14.240239,0.453569,24.109579,1.538050,0
2019-12-20,sh.600577,2.7300,2.7500,2.7000,2.7100,2.7400,11991329,32715952.0000,3,0.624100,1,-1.094900,14.084324,0.448603,23.845606,1.521211,0
2019-12-23,sh.600577,2.7200,2.7200,2.6200,2.6400,2.7100,18412408,49167549.0000,3,0.958300,1,-2.583000,13.720522,0.437016,23.229668,1.481917,0
2019-12-24,sh.600577,2.6300,2.6700,2.6300,2.6600,2.6400,10895601,28888620.0000,3,0.567100,1,0.757600,13.824466,0.440326,23.405650,1.493144,0
2019-12-25,sh.600577,2.6700,2.6800,2.6500,2.6600,2.6600,8553102,22767714.0000,3,0.445100,1,0.000000,13.824466,0.440326,23.405650,1.493144,0
2019-12-26,sh.600577,2.6700,2.6900,2.6600,2.6900,2.6600,9370400,25048448.0000,3,0.487700,1,1.127800,13.980381,0.445292,23.669624,1.509984,0
2019-12-27,sh.600577,2.6900,2.7400,2.6800,2.6800,2.6900,14313800,38708522.0000,3,0.745000,1,-0.371700,13.928409,0.443637,23.581632,1.504371,0
2019-12-30,sh.600577,2.6700,2.7200,2.6500,2.7200,2.6800,12891597,34748852.0000,3,0.670900,1,1.492500,14.136296,0.450259,23.933597,1.526824,0
2019-12-31,sh.600577,2.7200,2.7400,2.7000,2.7300,2.7200,10601079,28843342.0000,3,0.551700,1,0.367600,14.188267,0.451914,24.021588,1.532437,0
2020-01-02,sh.600577,2.7500,2.8000,2.7400,2.7700,2.7300,21161440,58514717.0000,3,1.101400,1,1.465200,14.396154,0.458535,24.373553,1.554890,0
2020-01-03,sh.600577,2.7800,2.7900,2.7500,2.7700,2.7700,13192032,36549346.0000,3,0.686600,1,0.000000,14.396154,0.458535,24.373553,1.554890,0
2020-01-06,sh.600577,2.7500,2.8300,2.7400,2.8100,2.7700,24646690,68846840.0000,3,1.282700,1,1.444000,14.604041,0.465157,24.725518,1.577344,0
2020-01-07,sh.600577,2.8100,2.8300,2.7900,2.8200,2.8100,18618200,52380756.0000,3,0.969000,1,0.355900,14.656012,0.466812,24.813509,1.582957,0
2020-01-08,sh.600577,2.8200,2.8800,2.8000,2.8000,2.8200,27906300,79193508.0000,3,1.452400,1,-0.709200,14.552069,0.463501,24.637526,1.571730,0
2020-01-09,sh.600577,2.8400,2.9200,2.8300,2.8800,2.8000,30083745,86394505.0000,3,1.565700,1,2.857100,14.967842,0.476744,25.341456,1.616637,0
2020-01-10,sh.600577,2.8900,2.9000,2.8400,2.8600,2.8800,16522947,47268539.0000,3,0.859900,1,-0.694500,14.863899,0.473434,25.165473,1.605410,0
2020-01-13,sh.600577,2.8700,2.8800,2.8000,2.8600,2.8600,15842600,45019582.0000,3,0.824500,1,0.000000,14.863899,0.473434,25.165473,1.605410,0
2020-01-14,sh.600577,2.8600,2.8800,2.8200,2.8300,2.8600,16227225,46179420.0000,3,0.844500,1,-1.049000,14.707984,0.468468,24.901500,1.588570,0
2020-01-15,sh.600577,2.8200,2.8400,2.8100,2.8100,2.8300,10211600,28787746.0000,3,0.531500,1,-0.706700,14.604041,0.465157,24.725518,1.577344,0
2020-01-16,sh.600577,2.8200,2.8300,2.7800,2.8000,2.8100,9955400,27937880.0000,3,0.518100,1,-0.355900,14.552069,0.463501,24.637526,1.571730,0
2020-01-17,sh.600577,2.7900,2.8200,2.7900,2.8100,2.8000,8976437,25202889.0000,3,0.467200,1,0.357100,14.604041,0.465157,24.725518,1.577344,0
2020-01-20,sh.600577,2.8000,2.8300,2.7700,2.8200,2.8100,11789411,33027457.0000,3,0.613600,1,0.355900,14.656012,0.466812,24.813509,1.582957,0
2020-01-21,sh.600577,2.8100,2.8100,2.7500,2.7600,2.8200,13261340,36818229.0000,3,0.690200,1,-2.127700,14.344182,0.456880,24.285562,1.549277,0
2020-01-22,sh.600577,2.7600,2.7600,2.7100,2.7400,2.7600,12538159,34205593.0000,3,0.652600,1,-0.724600,14.240239,0.453569,24.109579,1.538050,0
2020-01-23,sh.600577,2.7200,2.7400,2.6400,2.6600,2.7400,17202038,46209298.0000,3,0.895300,1,-2.919700,13.824466,0.440326,23.405650,1.493144,0
2020-02-03,sh.600577,2.3900,2.4400,2.3900,2.3900,2.6600,19438900,46536583.0000,3,1.011700,1,-10.150400,12.421230,0.395632,21.029889,1.341584,0
2020-02-04,sh.600577,2.2800,2.4200,2.2800,2.3600,2.3900,21512399,50921236.0000,3,1.119600,1,-1.255200,12.265315,0.390665,20.765915,1.324744,0
2020-02-05,sh.600577,2.3800,2.4800,2.3800,2.4500,2.3600,25877365,63216176.0000,3,1.346800,1,3.813600,12.733060,0.405564,21.557836,1.375264,0
2020-02-06,sh.600577,2.4400,2.4800,2.4100,2.4700,2.4500,21639523,52994440.0000,3,1.126200,1,0.816300,12.837004,0.408874,21.733818,1.386491,0
2020-02-07,sh.600577,2.4700,2.4900,2.4400,2.4900,2.4700,15780560,38948704.0000,3,0.821300,1,0.809700,12.940947,0.412185,21.909800,1.397717,0
2020-02-10,sh.600577,2.4800,2.7400,2.4500,2.7300,2.4900,49984831,132069336.0000,3,2.601500,1,9.638600,14.188267,0.451914,24.021588,1.532437,0
2020-02-11,sh.600577,2.6700,2.6900,2.5800,2.6100,2.7300,45302315,118687379.0000,3,2.357800,1,-4.395600,13.564607,0.432050,22.965694,1.465077,0
2020-02-12,sh.600577,2.5900,2.6500,2.5800,2.6300,2.6100,17792588,46651319.0000,3,0.926000,1,0.766300,13.668551,0.435360,23.141677,1.476304,0
2020-02-13,sh.600577,2.6300,2.6300,2.5600,2.5700,2.6300,15970248,41437728.0000,3,0.831200,1,-2.281400,13.356721,0.425428,22.613730,1.442624,0
2020-02-14,sh.600577,2.5700,2.6600,2.5500,2.6100,2.5700,21692788,56727355.0000,3,1.129000,1,1.556400,13.564607,0.432050,22.965694,1.465077,0
2020-02-17,sh.600577,2.6400,2.6900,2.6000,2.6800,2.6100,25697850,68142310.0000,3,1.337500,1,2.682000,13.928409,0.443637,23.581632,1.504371,0
2020-02-18,sh.600577,2.6800,2.9300,2.6800,2.7900,2.6800,50566736,142131183.0000,3,2.631800,1,4.104500,14.500097,0.461846,24.549535,1.566117,0
2020-02-19,sh.600577,2.8400,3.0500,2.8000,2.9600,2.7900,96882049,285593424.0000,3,5.042200,1,6.093200,14.500097,0.461846,24.549535,1.566117,0
2020-02-20,sh.600577,2.9600,2.9800,2.8500,2.9500,2.9600,66465973,193885054.0000,3,3.459200,1,-0.337800,15.331644,0.488332,25.957394,1.655930,0
2020-02-21,sh.600577,2.9600,3.2000,2.9600,3.1600,2.9500,102386937,320006679.0000,3,5.328800,1,7.118600,16.423049,0.523094,27.805208,1.773810,0
2020-02-24,sh.600577,3.2100,3.4800,3.1700,3.4000,3.1600,143035139,485933937.0000,3,7.444300,1,7.594900,17.670370,0.562823,29.916996,1.908530,0
2020-02-25,sh.600577,3.2000,3.3700,3.1400,3.3200,3.4000,115326571,375003691.0000,3,6.002200,1,-2.352900,17.254596,0.549580,29.213067,1.863623,0
2020-02-26,sh.600577,3.2400,3.2900,3.0500,3.0800,3.3200,92054193,291582358.0000,3,4.791000,1,-7.228900,16.007276,0.509852,27.101279,1.728903,0
2020-02-27,sh.600577,3.0700,3.2300,3.0600,3.1600,3.0800,56681313,177823839.0000,3,2.950000,1,2.597400,16.423049,0.523094,27.805208,1.773810,0
2020-02-28,sh.600577,3.0300,3.0900,2.9000,2.9000,3.1600,60951589,182083142.0000,3,3.172200,1,-8.227800,15.071786,0.480055,25.517438,1.627864,0
2020-03-02,sh.600577,2.9500,3.0500,2.9300,3.0200,2.9000,32912544,98829602.0000,3,1.712900,1,4.137900,15.695446,0.499919,26.573332,1.695224,0
2020-03-03,sh.600577,3.0700,3.1400,2.9800,3.0300,3.0200,42860366,131954324.0000,3,2.230700,1,0.331100,15.747418,0.501575,26.661323,1.700837,0
2020-03-04,sh.600577,3.0100,3.0800,2.9600,3.0600,3.0300,27528095,83243736.0000,3,1.432700,1,0.990100,15.903333,0.506541,26.925297,1.717677,0
2020-03-05,sh.600577,3.1100,3.1500,3.0700,3.1000,3.0600,40690201,126577611.0000,3,2.117700,1,1.307200,16.111219,0.513162,27.277261,1.740130,0
2020-03-06,sh.600577,3.0200,3.1000,3.0100,3.0800,3.1000,30003013,91713256.0000,3,1.561500,1,-0.645200,16.007276,0.509852,27.101279,1.728903,0
2020-03-09,sh.600577,3.0700,3.0900,2.9600,2.9700,3.0800,33182000,100017908.0000,3,1.727000,1,-3.571400,15.435588,0.491643,26.133376,1.667157,0
2020-03-10,sh.600577,2.8700,3.0200,2.8500,3.0200,2.9700,36675469,107635802.0000,3,1.908800,1,1.683500,15.695446,0.499919,26.573332,1.695224,0
2020-03-11,sh.600577,3.0300,3.1400,3.0200,3.0400,3.0200,35935837,110541767.0000,3,1.870300,1,0.662300,15.799389,0.503230,26.749314,1.706450,0
2020-03-12,sh.600577,2.9800,3.0200,2.9100,2.9300,3.0400,25837852,76321039.0000,3,1.344700,1,-3.618400,15.227701,0.485021,25.781412,1.644704,0
2020-03-13,sh.600577,2.7500,2.9400,2.7300,2.9300,2.9300,31332580,89123763.0000,3,1.630700,1,0.000000,15.227701,0.485021,25.781412,1.644704,0
2020-03-16,sh.600577,2.9800,2.9900,2.7900,2.8000,2.9300,28856546,83118501.0000,3,1.501800,1,-4.436900,14.552069,0.463501,24.637526,1.571730,0
2020-03-17,sh.600577,2.7800,2.9300,2.6900,2.8700,2.8000,34796836,97703219.0000,3,1.811000,1,2.500000,14.915871,0.475089,25.253465,1.611024,0
2020-03-18,sh.600577,2.8900,2.9300,2.7800,2.7900,2.8700,24687060,70565182.0000,3,1.284800,1,-2.787500,14.500097,0.461846,24.549535,1.566117,0
2020-03-19,sh.600577,2.7800,2.8300,2.7300,2.8100,2.7900,21276700,58961534.0000,3,1.107400,1,0.716800,14.604041,0.465157,24.725518,1.577344,0
2020-03-20,sh.600577,2.8400,2.8800,2.8000,2.8700,2.8100,18841836,53616382.0000,3,0.980600,1,2.135200,14.915871,0.475089,25.253465,1.611024,0
2020-03-23,sh.600577,2.7800,2.8500,2.7500,2.7700,2.8700,19069042,53365941.0000,3,0.992500,1,-3.484300,14.396154,0.458535,24.373553,1.554890,0
2020-03-24,sh.600577,2.8200,2.8400,2.7300,2.8000,2.7700,17989204,50083958.0000,3,0.936300,1,1.083000,14.552069,0.463501,24.637526,1.571730,0
2020-03-25,sh.600577,2.8500,2.8700,2.8100,2.8300,2.8000,16389455,46432172.0000,3,0.853000,1,1.071400,14.707984,0.468468,24.901500,1.588570,0
2020-03-26,sh.600577,2.8200,2.8200,2.7500,2.7600,2.8300,13309900,37058757.0000,3,0.692700,1,-2.473500,14.344182,0.456880,24.285562,1.549277,0
2020-03-27,sh.600577,2.7800,2.8200,2.7600,2.7600,2.7600,16752855,46572167.0000,3,0.871900,1,0.000000,14.344182,0.456880,24.285562,1.549277,0
2020-03-30,sh.600577,2.7400,2.7400,2.6400,2.6600,2.7600,18461601,49333910.0000,3,0.960800,1,-3.623200,13.824466,0.440326,23.405650,1.493144,0
2020-03-31,sh.600577,2.7100,2.7500,2.7000,2.7200,2.6600,15463269,42119692.0000,3,0.804800,1,2.255600,11.940502,0.435612,13.234969,1.471214,0
2020-04-01,sh.600577,2.7300,2.7800,2.7100,2.7400,2.7200,12549292,34553869.0000,3,0.653100,1,0.735300,12.028299,0.438815,13.332285,1.482032,0
2020-04-02,sh.600577,2.7300,2.7900,2.7000,2.7900,2.7400,12622782,34760998.0000,3,0.657000,1,1.824800,12.247794,0.446822,13.575575,1.509076,0
2020-04-03,sh.600577,2.8000,2.8100,2.7100,2.7300,2.7900,12178100,33469131.0000,3,0.633800,1,-2.150500,11.984400,0.437213,13.283627,1.476623,0
2020-04-07,sh.600577,2.7800,2.8600,2.7600,2.8500,2.7300,23839600,67116116.0000,3,1.240700,1,4.395600,12.511187,0.456431,13.867523,1.541529,0
2020-04-08,sh.600577,2.8200,2.9200,2.8200,2.8900,2.8500,22842346,65823562.0000,3,1.188800,1,1.403500,12.686783,0.462837,14.062155,1.563165,0
2020-04-09,sh.600577,2.8900,2.9200,2.8600,2.8800,2.8900,16056554,46343141.0000,3,0.835700,1,-0.346000,12.642884,0.461236,14.013497,1.557756,0
2020-04-10,sh.600577,2.8800,2.8800,2.7900,2.8000,2.8800,14343191,40555295.0000,3,0.746500,1,-2.777800,12.291693,0.448424,13.624233,1.514485,0
2020-04-13,sh.600577,2.8000,2.8000,2.7600,2.7600,2.8000,10542960,29258772.0000,3,0.548700,1,-1.428600,12.116097,0.442018,13.429601,1.492849,0
2020-04-14,sh.600577,2.7900,2.8200,2.7700,2.8200,2.7600,11983478,33534985.0000,3,0.623700,1,2.173900,12.379491,0.451627,13.721549,1.525303,0
2020-04-15,sh.600577,2.8100,2.9500,2.8000,2.9000,2.8200,35802275,103745896.0000,3,1.863300,1,2.836900,12.730682,0.464439,14.110813,1.568574,0
2020-04-16,sh.600577,2.8800,3.1900,2.8700,3.1900,2.9000,80056825,251981929.0000,3,4.166600,1,10.000000,14.003750,0.510883,15.521894,1.725431,0
2020-04-17,sh.600577,3.2800,3.2800,2.9900,3.0300,3.1900,119264461,371857224.0000,3,6.207100,1,-5.015700,13.301367,0.485259,14.743366,1.638889,0
2020-04-20,sh.600577,3.0000,3.2000,3.0000,3.1500,3.0300,67185954,209886592.0000,3,3.496700,1,3.960400,13.828154,0.504477,15.327262,1.703796,0
2020-04-21,sh.600577,3.0900,3.1400,3.0200,3.0600,3.1500,43232838,131775241.0000,3,2.250100,1,-2.857100,13.433064,0.490063,14.889340,1.655116,0
2020-04-22,sh.600577,3.0200,3.0800,2.9800,3.0600,3.0600,28878361,87636270.0000,3,1.503000,1,0.000000,13.433064,0.490063,14.889340,1.655116,0
2020-04-23,sh.600577,3.0400,3.0700,2.9900,2.9900,3.0600,27472566,82736790.0000,3,1.429800,1,-2.287600,13.125772,0.478853,14.548735,1.617254,0
2020-04-24,sh.600577,2.9900,3.1000,2.9800,3.0200,2.9900,35074774,106960760.0000,3,1.825500,1,1.003300,13.257469,0.483657,14.694709,1.633480,0
2020-04-27,sh.600577,3.0000,3.1500,3.0000,3.1000,3.0200,39975720,123557381.0000,3,2.080500,1,2.649000,13.608660,0.496469,15.083972,1.676751,0
2020-04-28,sh.600577,3.0800,3.1200,2.9000,2.9900,3.1000,36000110,107864032.0000,3,1.873600,1,-3.548400,13.125772,0.478853,14.548735,1.617254,0
2020-04-29,sh.600577,3.0000,3.0900,2.9500,3.0400,2.9900,28407982,85672109.0000,3,1.478500,1,1.672200,13.345266,0.486860,14.792024,1.644298,0
2020-04-30,sh.600577,3.0500,3.1500,3.0100,3.1100,3.0400,51370860,159164133.0000,3,2.673600,1,2.302600,14.034831,0.522184,34.575467,1.649397,0
2020-05-06,sh.600577,3.0900,3.2000,3.0600,3.1700,3.1100,46897748,146974448.0000,3,2.440800,1,1.929300,14.305599,0.532258,35.242518,1.681218,0
2020-05-07,sh.600577,3.1800,3.1800,3.0700,3.0900,3.1700,34221344,106388940.0000,3,1.781100,1,-2.523700,13.944575,0.518826,34.353117,1.638790,0
2020-05-08,sh.600577,3.0800,3.1300,3.0600,3.1000,3.0900,25898380,80029875.0000,3,1.347900,1,0.323600,13.989703,0.520505,34.464292,1.644093,0
2020-05-11,sh.600577,3.0400,3.0500,2.9500,2.9700,3.0300,26346200,78702891.0000,3,1.371200,1,-1.980200,13.403038,0.498677,33.019015,1.575148,0
2020-05-12,sh.600577,2.9800,2.9800,2.9000,2.9300,2.9700,19170702,56067238.0000,3,0.997700,1,-1.346800,13.222526,0.491961,32.574315,1.553934,0
2020-05-13,sh.600577,2.9300,2.9500,2.9000,2.9300,2.9300,13031543,38216631.0000,3,0.678200,1,0.000000,13.222526,0.491961,32.574315,1.553934,0
2020-05-14,sh.600577,2.9100,2.9300,2.8700,2.8800,2.9300,15643992,45328008.0000,3,0.814200,1,-1.706500,12.996885,0.483566,32.018439,1.527416,0
2020-05-15,sh.600577,2.9000,2.9100,2.8300,2.8400,2.8800,19648817,56116161.0000,3,1.022600,1,-1.388900,12.816373,0.476849,31.573739,1.506202,0
2020-05-18,sh.600577,2.8400,2.8500,2.7900,2.8200,2.8400,15118060,42620268.0000,3,0.786800,1,-0.704200,12.726117,0.473491,31.351388,1.495595,0
2020-05-19,sh.600577,2.8400,2.9000,2.8300,2.8800,2.8200,15859164,45537124.0000,3,0.825400,1,2.127700,12.996885,0.483566,32.018439,1.527416,0
2020-05-20,sh.600577,2.8700,2.8900,2.8100,2.8400,2.8800,14546920,41296787.0000,3,0.757100,1,-1.388900,12.816373,0.476849,31.573739,1.506202,0
2020-05-21,sh.600577,2.8500,2.8600,2.8000,2.8100,2.8400,9872037,27883896.0000,3,0.513800,1,-1.056300,12.680989,0.471812,31.240213,1.490291,0
2020-05-22,sh.600577,2.8200,2.8200,2.7200,2.7600,2.8100,13375500,36902962.0000,3,0.696100,1,-1.779400,12.455348,0.463417,30.684337,1.463774,0
2020-05-25,sh.600577,2.7300,2.7600,2.7300,2.7400,2.7600,7389639,20267146.0000,3,0.384600,1,-0.724600,12.365092,0.460059,30.461987,1.453166,0
2020-05-26,sh.600577,2.7500,2.7800,2.7400,2.7700,2.7400,7878035,21799551.0000,3,0.410000,1,1.094900,12.500476,0.465096,30.795513,1.469077,0
2020-05-27,sh.600577,2.7900,2.8000,2.7500,2.7600,2.7700,9178794,25438050.0000,3,0.477700,1,-0.361000,12.455348,0.463417,30.684337,1.463774,0
2020-05-28,sh.600577,2.7600,2.7800,2.7300,2.7500,2.7600,8427144,23199410.0000,3,0.438600,1,-0.362300,12.410220,0.461738,30.573162,1.458470,0
2020-05-29,sh.600577,2.7400,2.7600,2.7200,2.7600,2.7500,6709100,18447240.0000,3,0.349200,1,0.363600,12.455348,0.463417,30.684337,1.463774,0
2020-06-01,sh.600577,2.7600,2.8400,2.7600,2.8300,2.7600,13270927,37360379.0000,3,0.690700,1,2.536200,12.771245,0.475170,31.462563,1.500898,0
2020-06-02,sh.600577,2.8500,2.8500,2.8200,2.8300,2.8300,11901800,33694263.0000,3,0.619400,1,0.000000,12.771245,0.475170,31.462563,1.500898,0
2020-06-03,sh.600577,2.8400,2.8400,2.8000,2.8100,2.8300,14355247,40463635.0000,3,0.747100,1,-0.706700,12.680989,0.471812,31.240213,1.490291,0
2020-06-04,sh.600577,2.8200,2.9100,2.8100,2.8800,2.8100,27295345,78299492.0000,3,1.420600,1,2.491100,12.996885,0.483566,32.018439,1.527416,0
2020-06-05,sh.600577,2.8600,2.8800,2.8300,2.8500,2.8800,11727440,33396556.0000,3,0.610400,1,-1.041700,12.861501,0.478528,31.684914,1.511505,0
2020-06-08,sh.600577,2.8400,2.9000,2.8300,2.8300,2.8500,12013785,34362651.0000,3,0.625300,1,-0.701800,12.771245,0.475170,31.462563,1.500898,0
2020-06-09,sh.600577,2.8200,2.8500,2.8200,2.8300,2.8300,8581152,24313324.0000,3,0.446600,1,0.000000,12.771245,0.475170,31.462563,1.500898,0
2020-06-10,sh.600577,2.8300,2.8300,2.7800,2.8100,2.8300,10257417,28717489.0000,3,0.533800,1,-0.706700,12.680989,0.471812,31.240213,1.490291,0
2020-06-11,sh.600577,2.8100,2.8300,2.7800,2.7900,2.8100,8892935,24965700.0000,3,0.462800,1,-0.711700,12.590733,0.468454,31.017863,1.479684,0
2020-06-12,sh.600577,2.7500,2.8200,2.7400,2.8000,2.7900,8545612,23776779.0000,3,0.444800,1,0.358400,12.635861,0.470133,31.129038,1.484988,0
2020-06-15,sh.600577,2.7800,2.8100,2.7700,2.7800,2.8000,8416111,23476305.0000,3,0.438000,1,-0.714300,12.545605,0.466775,30.906688,1.474381,0
2020-06-16,sh.600577,2.8000,2.8100,2.7900,2.8100,2.7800,9267771,25947577.0000,3,0.482300,1,1.079100,12.680989,0.471812,31.240213,1.490291,0
2020-06-17,sh.600577,2.8100,2.8100,2.7700,2.8100,2.8100,10206841,28484107.0000,3,0.531200,1,0.000000,12.680989,0.471812,31.240213,1.490291,0
2020-06-18,sh.600577,2.8100,2.8300,2.7800,2.8100,2.8100,10798483,30330161.0000,3,0.562000,1,0.000000,12.680989,0.471812,31.240213,1.490291,0
2020-06-19,sh.600577,2.8200,2.8300,2.8100,2.8300,2.8100,8851431,24977170.0000,3,0.460700,1,0.711700,12.771245,0.475170,31.462563,1.500898,0
2020-06-22,sh.600577,2.8300,2.8500,2.8200,2.8400,2.8300,11272295,31994970.0000,3,0.586700,1,0.353400,12.816373,0.476849,31.573739,1.506202,0
2020-06-23,sh.600577,2.8300,2.8500,2.8000,2.8000,2.8400,8167936,22980168.0000,3,0.425100,1,-1.408400,12.635861,0.470133,31.129038,1.484988,0
2020-06-24,sh.600577,2.8000,2.8200,2.7800,2.7800,2.8000,6743620,18795515.0000,3,0.351000,1,-0.714300,12.545605,0.466775,30.906688,1.474381,0
2020-06-29,sh.600577,2.7800,2.7800,2.7500,2.7700,2.7800,6806955,18807065.0000,3,0.354300,1,-0.359700,12.500476,0.465096,30.795513,1.469077,0
2020-06-30,sh.600577,2.7700,2.8000,2.7600,2.7800,2.7700,8253329,22972064.0000,3,0.429500,1,0.361000,12.545605,0.466775,30.906688,1.474381,0
2020-07-01,sh.600577,2.7800,2.8000,2.7600,2.8000,2.7800,11615222,32341141.0000,3,0.604500,1,0.719400,12.635861,0.470133,31.129038,1.484988,0
2020-07-02,sh.600577,2.8000,2.8700,2.7900,2.8600,2.8000,21027078,59842133.0000,3,1.094400,1,2.142900,12.906629,0.480207,31.796089,1.516809,0
2020-07-03,sh.600577,2.8500,2.9200,2.8500,2.9000,2.8600,25146732,72721587.0000,3,1.308800,1,1.398600,13.087141,0.486924,32.240789,1.538023,0
2020-07-06,sh.600577,2.9300,3.0600,2.9300,3.0500,2.9000,44910746,135803450.0000,3,2.337400,1,5.172400,13.764063,0.512109,33.908416,1.617576,0
2020-07-07,sh.600577,3.0900,3.1200,2.9900,3.0500,3.0500,47365508,144724011.0000,3,2.465100,1,0.000000,13.764063,0.512109,33.908416,1.617576,0
2020-07-08,sh.600577,3.0400,3.1300,3.0300,3.1100,3.0500,42961819,132541347.0000,3,2.236000,1,1.967200,14.034831,0.522184,34.575467,1.649397,0
2020-07-09,sh.600577,3.1100,3.1700,3.0900,3.1400,3.1100,44411882,139130886.0000,3,2.311400,1,0.964600,14.170215,0.527221,34.908993,1.665308,0
2020-07-10,sh.600577,3.1300,3.1600,3.0700,3.1000,3.1400,37288642,115980880.0000,3,1.940700,1,-1.273900,13.989703,0.520505,34.464292,1.644093,0
2020-07-13,sh.600577,3.0800,3.4100,3.0700,3.4100,3.1000,114098542,377546577.0000,3,5.938300,1,10.000000,15.388673,0.572555,37.910721,1.808503,0
2020-07-14,sh.600577,3.6200,3.7500,3.6200,3.7500,3.4100,52100749,193695683.0000,3,2.711600,1,9.970700,16.923028,0.629643,41.690676,1.988823,0
2020-07-15,sh.600577,4.1300,4.1300,3.5000,3.9600,3.7500,313478400,1222502998.0000,3,16.315100,1,5.600000,17.870717,0.664903,44.025354,2.100197,0
2020-07-16,sh.600577,3.9200,4.3600,3.8900,4.2300,3.9600,369946704,1585369516.0000,3,19.254000,1,6.818200,19.089175,0.710237,47.027082,2.243392,0
2020-07-17,sh.600577,4.3000,4.3000,3.8100,3.8100,4.2300,298784752,1172433273.0000,3,15.550300,1,-9.929100,17.193796,0.639717,42.357727,2.020644,0
2020-07-20,sh.600577,3.9500,4.0500,3.7000,3.7900,3.8100,199586361,773430474.0000,3,10.387500,1,-0.524900,17.103540,0.636359,42.135376,2.010037,0
2020-07-21,sh.600577,3.8500,3.9700,3.7200,3.9700,3.7900,192314467,742169094.5300,3,10.009100,1,4.749300,17.915845,0.666582,44.136529,2.105500,0
2020-07-22,sh.600577,3.9800,3.9800,3.8100,3.8200,3.9700,136519635,527350643.2000,3,7.105200,1,-3.778300,17.238924,0.641396,42.468902,2.025947,0
2020-07-23,sh.600577,3.7600,3.7900,3.4600,3.6400,3.8200,156627099,566382757.9100,3,8.151700,1,-4.712000,16.426619,0.611173,40.467749,1.930484,0
2020-07-24,sh.600577,3.5900,3.5900,3.3300,3.3900,3.6400,104678483,363836085.8900,3,5.448000,1,-6.868100,15.298417,0.569197,37.688371,1.797896,0
2020-07-27,sh.600577,3.3800,3.4700,3.3200,3.4300,3.3900,65143458,221150967.8100,3,3.390400,1,1.179900,15.478929,0.575913,38.133071,1.819110,0
2020-07-28,sh.600577,3.4400,3.4800,3.3400,3.3900,3.4300,56580430,192952002.5000,3,2.944700,1,-1.166200,15.298417,0.569197,37.688371,1.797896,0
2020-07-29,sh.600577,3.3700,3.5400,3.3300,3.5400,3.3900,75819491,261925255.7900,3,3.946000,1,4.424800,15.975338,0.594383,39.355998,1.877449,0
2020-07-30,sh.600577,3.5300,3.5400,3.4400,3.4600,3.5400,46558807,162164690.5500,3,2.423200,1,-2.259900,15.614314,0.580950,38.466597,1.835020,0
2020-07-31,sh.600577,3.4400,3.5600,3.4300,3.5200,3.4600,58625631,205125263.2100,3,3.051200,1,1.734100,15.885082,0.591025,39.133648,1.866842,0
2020-08-03,sh.600577,3.5400,3.6400,3.5300,3.5700,3.5200,66652073,238096868.9200,3,3.468900,1,1.420500,16.110722,0.599420,39.689523,1.893359,0
2020-08-04,sh.600577,3.5700,3.5800,3.5100,3.5600,3.5700,45950139,162794534.7700,3,2.391500,1,-0.280100,16.065594,0.597741,39.578348,1.888056,0
2020-08-05,sh.600577,3.5700,3.7200,3.5200,3.6600,3.5600,75093928,273522998.8700,3,3.908300,1,2.809000,16.516875,0.614531,40.690100,1.941091,0
2020-08-06,sh.600577,3.6700,3.6800,3.4800,3.5800,3.6600,66699279,237601227.6000,3,3.471400,1,-2.185800,16.155850,0.601099,39.800699,1.898663,0
2020-08-07,sh.600577,3.5400,3.5500,3.4000,3.4400,3.5800,50960397,176721826.0800,3,2.652200,1,-3.910600,15.524057,0.577592,38.244247,1.824413,0
2020-08-10,sh.600577,3.4400,3.6100,3.4300,3.5100,3.4400,44784682,158169432.7100,3,2.330800,1,2.034900,15.839954,0.589346,39.022473,1.861538,0
2020-08-11,sh.600577,3.5200,3.5700,3.4500,3.4700,3.5100,34024945,119705660.6000,3,1.770800,1,-1.139600,15.659442,0.582629,38.577772,1.840324,0
2020-08-12,sh.600577,3.4200,3.4700,3.3400,3.4100,3.4700,35741118,121055652.3500,3,1.860200,1,-1.729100,15.388673,0.572555,37.910721,1.808503,0
2020-08-13,sh.600577,3.4200,3.5800,3.4100,3.5400,3.4100,44949979,157859841.7700,3,2.339400,1,3.812300,15.975338,0.594383,39.355998,1.877449,0
2020-08-14,sh.600577,3.5500,3.8900,3.5100,3.8500,3.5400,129977251,485830029.6000,3,6.764700,1,8.757100,17.374308,0.646433,42.802427,2.041858,0
2020-08-17,sh.600577,3.8200,3.8900,3.7900,3.8400,3.8500,98191199,375689615.8600,3,5.110400,1,-0.259700,17.329180,0.644754,42.691252,2.036554,0
2020-08-18,sh.600577,3.8400,3.8500,3.7300,3.7700,3.8400,70843011,266811972.2200,3,3.687000,1,-1.822900,17.013284,0.633001,41.913026,1.999430,0
2020-08-19,sh.600577,3.6900,3.7500,3.6100,3.6200,3.7700,54092309,198773114.9200,3,2.815200,1,-3.978800,16.336363,0.607815,40.245399,1.919877,0
2020-08-20,sh.600577,3.5900,3.7400,3.5300,3.6300,3.6200,44001231,161140551.5600,3,2.290100,1,0.276200,16.381491,0.609494,40.356574,1.925180,0
2020-08-21,sh.600577,3.6500,3.6700,3.5700,3.6000,3.6300,23508827,85022968.8500,3,1.223500,1,-0.826400,16.246107,0.604457,40.023049,1.909270,0
2020-08-24,sh.600577,3.6000,3.6500,3.5400,3.6200,3.6000,21474120,77223477.2800,3,1.117600,1,0.555600,16.336363,0.607815,40.245399,1.919877,0
2020-08-25,sh.600577,3.6100,3.6300,3.5400,3.5500,3.6200,22813559,81518758.0500,3,1.187300,1,-1.933700,16.020466,0.596062,39.467173,1.882752,0
2020-08-26,sh.600577,3.5600,3.5700,3.4000,3.4500,3.5500,28002500,97681066.0000,3,1.457400,1,-2.816900,15.569186,0.579271,38.355422,1.829717,0
2020-08-27,sh.600577,3.4500,3.7100,3.4300,3.6800,3.4500,48147327,173721526.1400,3,2.505800,1,6.666700,16.607131,0.617889,40.912450,1.951698,0
2020-08-28,sh.600577,3.6800,3.7000,3.5800,3.6500,3.6800,28020978,101799514.8000,3,1.458400,1,-0.815200,16.471747,0.612852,40.578924,1.935787,0
2020-08-31,sh.600577,3.6500,3.8800,3.6500,3.7500,3.6500,63481479,239832167.3500,3,3.303900,1,2.739700,17.104871,0.629252,18.257349,2.045446,0
2020-09-01,sh.600577,3.7600,3.8300,3.7000,3.7800,3.7500,28550694,107448869.1500,3,1.485900,1,0.800000,17.241710,0.634286,18.403408,2.061810,0
2020-09-02,sh.600577,3.7900,3.8400,3.7100,3.7600,3.7800,29525595,111078196.1400,3,1.536700,1,-0.529100,17.150484,0.630930,18.306036,2.050901,0
2020-09-03,sh.600577,3.7800,3.8000,3.6300,3.6500,3.7600,29991095,110520395.5900,3,1.560900,1,-2.925500,16.648741,0.612472,17.770487,1.990901,0
2020-09-04,sh.600577,3.6000,3.7700,3.5500,3.7400,3.6500,33307609,122843943.0000,3,1.733500,1,2.465800,17.059258,0.627574,18.208663,2.039992,0
2020-09-07,sh.600577,3.7600,4.0900,3.7600,3.9500,3.7400,117585233,467095641.8200,3,6.119800,1,5.615000,18.017131,0.662812,19.231075,2.154537,0
2020-09-08,sh.600577,4.0000,4.1100,3.8200,3.9600,3.9500,70552336,278627706.5900,3,3.671900,1,0.253200,18.062744,0.664490,19.279761,2.159991,0
2020-09-09,sh.600577,3.9200,4.0200,3.8500,3.8600,3.9600,60037459,235571351.1300,3,3.124700,1,-2.525300,17.606614,0.647710,18.792898,2.105446,0
2020-09-10,sh.600577,3.8700,3.9000,3.7000,3.7000,3.8600,49728392,187808845.8900,3,2.588100,1,-4.145100,16.876806,0.620862,18.013918,2.018173,0
2020-09-11,sh.600577,3.7000,3.7900,3.6500,3.7400,3.7000,34887991,129631840.3100,3,1.815800,1,1.081100,17.059258,0.627574,18.208663,2.039992,0
2020-09-14,sh.600577,3.7700,3.9600,3.7700,3.8300,3.7400,53516247,207463287.9500,3,2.785300,1,2.406400,17.469775,0.642676,18.646839,2.089082,0
2020-09-15,sh.600577,3.8400,3.8600,3.7200,3.7500,3.8300,32655202,123133184.7200,3,1.699500,1,-2.088800,17.104871,0.629252,18.257349,2.045446,0
2020-09-16,sh.600577,3.7800,3.7900,3.6800,3.7100,3.7500,24101698,89606114.0800,3,1.254400,1,-1.066700,16.922419,0.622540,18.062604,2.023628,0
2020-09-17,sh.600577,3.7200,3.7700,3.6500,3.6900,3.7100,25067084,92705101.0800,3,1.304600,1,-0.539100,16.831193,0.619184,17.965232,2.012719,0
2020-09-18,sh.600577,3.7100,3.7500,3.6500,3.7300,3.6900,26418276,97673502.2000,3,1.374900,1,1.084000,17.013645,0.625896,18.159977,2.034537,0
2020-09-21,sh.600577,3.7600,3.9500,3.7500,3.7600,3.7300,42571479,162274654.7600,3,2.215600,1,0.804300,17.150484,0.630930,18.306036,2.050901,0
2020-09-22,sh.600577,3.7100,3.7900,3.6600,3.7100,3.7600,22420564,83346676.7100,3,1.166900,1,-1.329800,16.922419,0.622540,18.062604,2.023628,0
2020-09-23,sh.600577,3.7200,3.7300,3.5900,3.6400,3.7100,32341758,117770374.8000,3,1.683200,1,-1.886800,16.603128,0.610794,17.721800,1.985446,0
2020-09-24,sh.600577,3.6100,3.6200,3.4300,3.4600,3.6400,37939851,132917102.8300,3,1.974600,1,-4.945100,15.782094,0.580590,16.845448,1.887265,0
2020-09-25,sh.600577,3.5000,3.5000,3.3600,3.3900,3.4600,21041600,71766028.0000,3,1.095100,1,-2.023100,15.462803,0.568844,16.504644,1.849083,0
2020-09-28,sh.600577,3.3700,3.4200,3.2700,3.2900,3.3400,24428108,81786214.0600,3,1.271400,1,-1.497000,15.006674,0.552064,16.017781,1.794538,0
2020-09-29,sh.600577,3.3200,3.3600,3.2700,3.3000,3.2900,18420667,61084985.3700,3,0.958700,1,0.304000,15.052286,0.553742,16.066467,1.799993,0
2020-09-30,sh.600577,3.3000,3.3200,3.2400,3.2800,3.3000,20770241,68169344.3600,3,1.081000,1,-0.606100,14.961061,0.550386,15.969095,1.789083,0
2020-10-09,sh.600577,3.3500,3.4300,3.3300,3.3900,3.2800,21530155,72942784.0200,3,1.120500,1,3.353700,15.462803,0.568844,16.504644,1.849083,0
2020-10-12,sh.600577,3.4500,3.6000,3.4200,3.5900,3.3900,36291337,128361022.8700,3,1.888800,1,5.899700,16.375063,0.602404,17.478369,1.958174,0
2020-10-13,sh.600577,3.6000,3.6200,3.5200,3.5700,3.5900,24703300,88198115.0000,3,1.285700,1,-0.557100,16.283837,0.599048,17.380996,1.947265,0
2020-10-14,sh.600577,3.5400,3.5700,3.4800,3.5200,3.5700,23939878,84297984.1000,3,1.246000,1,-1.400600,16.055772,0.590658,17.137565,1.919992,0
2020-10-15,sh.600577,3.5400,3.5500,3.4400,3.4500,3.5200,18885200,65718189.3600,3,0.982900,1,-1.988600,15.736481,0.578912,16.796761,1.881810,0
2020-10-16,sh.600577,3.4900,3.5100,3.3800,3.4300,3.4500,21979278,75302548.2600,3,1.143900,1,-0.579700,15.645255,0.575556,16.699389,1.870901,0
2020-10-19,sh.600577,3.4500,3.4600,3.3300,3.3500,3.4300,20320069,68932750.8100,3,1.057600,1,-2.332400,15.280351,0.562132,16.309899,1.827265,0
2020-10-20,sh.600577,3.3500,3.4100,3.3200,3.4100,3.3500,14722127,49612017.1900,3,0.766200,1,1.791000,15.554029,0.572200,16.602016,1.859992,0
2020-10-21,sh.600577,3.3900,3.4100,3.2900,3.3300,3.4100,20433721,68189360.4900,3,1.063500,1,-2.346000,15.189125,0.558776,16.212526,1.816356,0
2020-10-22,sh.600577,3.3200,3.3600,3.2700,3.3500,3.3300,12325805,40968109.5800,3,0.641500,1,0.600600,15.280351,0.562132,16.309899,1.827265,0
2020-10-23,sh.600577,3.3500,3.3700,3.2800,3.2900,3.3500,13030204,43146807.9500,3,0.678200,1,-1.791000,15.006674,0.552064,16.017781,1.794538,0
2020-10-26,sh.600577,3.2600,3.3300,3.2600,3.3100,3.2900,11297494,37286313.2000,3,0.588000,1,0.607900,15.097899,0.555420,16.115154,1.805447,0
2020-10-27,sh.600577,3.2600,3.3200,3.2200,3.2600,3.3100,20635896,67162311.1800,3,1.074000,1,-1.510600,14.536616,0.526534,6.709714,1.772600,0
2020-10-28,sh.600577,3.2200,3.2800,3.1100,3.2700,3.2600,29922803,95823508.2200,3,1.557300,1,0.306700,14.581207,0.528149,6.730296,1.778037,0
2020-10-29,sh.600577,3.2000,3.2900,3.1900,3.2500,3.2700,15511500,50449914.6800,3,0.807300,1,-0.611600,14.492025,0.524919,6.689132,1.767162,0
2020-10-30,sh.600577,3.2600,3.2800,3.1500,3.1700,3.2500,20504108,65784093.9200,3,1.067100,1,-2.461500,14.135298,0.511998,6.524477,1.723663,0
2020-11-02,sh.600577,3.1400,3.2500,3.1400,3.2200,3.1700,17498773,55995698.2200,3,0.910700,1,1.577300,14.358252,0.520074,6.627387,1.750850,0
2020-11-03,sh.600577,3.2400,3.3200,3.2300,3.2900,3.2200,19572433,64279909.2400,3,1.018700,1,2.173900,14.670388,0.531380,6.771460,1.788912,0
2020-11-04,sh.600577,3.3000,3.3200,3.2400,3.2600,3.2900,14380948,47091451.0000,3,0.748500,1,-0.911900,14.536616,0.526534,6.709714,1.772600,0
2020-11-05,sh.600577,3.2700,3.3800,3.2600,3.3700,3.2600,26712585,89174741.4600,3,1.390300,1,3.374200,15.027115,0.544301,6.936116,1.832411,0
2020-11-06,sh.600577,3.3700,3.4000,3.3100,3.3500,3.3700,21091116,70648244.2400,3,1.097700,1,-0.593500,14.937933,0.541070,6.894952,1.821537,0
2020-11-09,sh.600577,3.3400,3.4200,3.3300,3.3800,3.3500,22576826,76415067.7500,3,1.175000,1,0.895500,15.071706,0.545916,6.956698,1.837849,0
2020-11-10,sh.600577,3.3800,3.4000,3.3100,3.3300,3.3800,17065270,57099906.7800,3,0.888200,1,-1.479300,14.848752,0.537840,6.853788,1.810662,0
2020-11-11,sh.600577,3.3300,3.3500,3.2900,3.3000,3.3300,13015304,43157101.3200,3,0.677400,1,-0.900900,14.714979,0.532995,6.792042,1.794350,0
2020-11-12,sh.600577,3.3000,3.3300,3.2800,3.3000,3.3000,10620601,35072872.8100,3,0.552800,1,0.000000,14.714979,0.532995,6.792042,1.794350,0
2020-11-13,sh.600577,3.3000,3.3000,3.2300,3.2700,3.3000,14824904,48306632.0000,3,0.771600,1,-0.909100,14.581207,0.528149,6.730296,1.778037,0
2020-11-16,sh.600577,3.2900,3.3900,3.2500,3.3700,3.2700,24611740,82060506.5900,3,1.280900,1,3.058100,15.027115,0.544301,6.936116,1.832411,0
2020-11-17,sh.600577,3.3700,3.4100,3.3500,3.3800,3.3700,17891062,60439207.5500,3,0.931100,1,0.296700,15.071706,0.545916,6.956698,1.837849,0
2020-11-18,sh.600577,3.3700,3.4300,3.3600,3.4100,3.3800,21702295,73709405.8300,3,1.129500,1,0.887600,15.205478,0.550761,7.018444,1.854161,0
2020-11-19,sh.600577,3.4100,3.4200,3.3600,3.3800,3.4100,14706569,49685680.0500,3,0.765400,1,-0.879800,15.071706,0.545916,6.956698,1.837849,0
2020-11-20,sh.600577,3.3600,3.4300,3.3300,3.4100,3.3800,19999287,67668612.7700,3,1.040900,1,0.887600,15.205478,0.550761,7.018444,1.854161,0
2020-11-23,sh.600577,3.4100,3.4900,3.4000,3.4500,3.4100,24590297,84910263.6700,3,1.279800,1,1.173000,15.383842,0.557222,7.100771,1.875911,0
2020-11-24,sh.600577,3.4700,3.5000,3.4400,3.5000,3.4500,23847478,82824840.4000,3,1.241100,1,1.449300,15.606796,0.565298,7.203681,1.903098,0
2020-11-25,sh.600577,3.5100,3.5800,3.4500,3.4700,3.5000,27625728,96577548.8000,3,1.437800,1,-0.857100,15.473023,0.560452,7.141935,1.886786,0
2020-11-26,sh.600577,3.5000,3.5000,3.3900,3.4300,3.4700,24845901,85099866.4400,3,1.293100,1,-1.152700,15.294660,0.553992,7.059607,1.865036,0
2020-11-27,sh.600577,3.4400,3.4400,3.3300,3.3700,3.4300,25220941,84788821.1900,3,1.312600,1,-1.749300,15.027115,0.544301,6.936116,1.832411,0
2020-11-30,sh.600577,3.3700,3.4200,3.3400,3.3600,3.3700,18831305,63711469.7500,3,0.980100,1,-0.296700,14.982524,0.542686,6.915534,1.826974,0
2020-12-01,sh.600577,3.3500,3.4500,3.3400,3.4200,3.3600,26693810,90622405.4400,3,1.389300,1,1.785700,15.250069,0.552376,7.039025,1.859599,0
2020-12-02,sh.600577,3.4100,3.4500,3.3900,3.4200,3.4200,16875147,57701303.2100,3,0.878300,1,0.000000,15.250069,0.552376,7.039025,1.859599,0
2020-12-03,sh.600577,3.4300,3.4300,3.3700,3.3900,3.4200,14929697,50530364.8300,3,0.777000,1,-0.877200,15.116297,0.547531,6.977280,1.843286,0
2020-12-04,sh.600577,3.3900,3.4300,3.3400,3.4100,3.3900,17568897,59417829.9200,3,0.914400,1,0.590000,15.205478,0.550761,7.018444,1.854161,0
2020-12-07,sh.600577,3.4000,3.4100,3.3500,3.3600,3.4100,13036627,43966476.5300,3,0.678500,1,-1.466300,14.982524,0.542686,6.915534,1.826974,0
2020-12-08,sh.600577,3.3500,3.3900,3.3500,3.3700,3.3600,10900275,36812543.7500,3,0.567300,1,0.297600,15.027115,0.544301,6.936116,1.832411,0
2020-12-09,sh.600577,3.3700,3.3900,3.2700,3.2800,3.3700,15855500,52768243.0000,3,0.825200,1,-2.670600,14.625797,0.529765,6.750878,1.783475,0
2020-12-10,sh.600577,3.2900,3.3100,3.2500,3.2600,3.2800,10783632,35357546.0000,3,0.561200,1,-0.609800,14.536616,0.526534,6.709714,1.772600,0
2020-12-11,sh.600577,3.2800,3.3700,3.2400,3.2600,3.2600,18813327,61998760.2200,3,0.979100,1,0.000000,14.536616,0.526534,6.709714,1.772600,0
2020-12-14,sh.600577,3.2500,3.3000,3.2400,3.2700,3.2600,9529669,31147965.9400,3,0.496000,1,0.306700,14.581207,0.528149,6.730296,1.778037,0
2020-12-15,sh.600577,3.2800,3.2900,3.2100,3.2500,3.2700,9842677,31903280.2400,3,0.512300,1,-0.611600,14.492025,0.524919,6.689132,1.767162,0
2020-12-16,sh.600577,3.2700,3.2800,3.2100,3.2100,3.2500,9078426,29381027.9800,3,0.472500,1,-1.230800,14.313661,0.518459,6.606805,1.745413,0
2020-12-17,sh.600577,3.2000,3.3300,3.1300,3.3000,3.2100,21812471,70390347.9500,3,1.135200,1,2.803700,14.714979,0.532995,6.792042,1.794350,0
2020-12-18,sh.600577,3.2900,3.3100,3.2300,3.2500,3.3000,11759061,38387006.6400,3,0.612000,1,-1.515200,14.492025,0.524919,6.689132,1.767162,0
2020-12-21,sh.600577,3.2600,3.3300,3.2200,3.3100,3.2500,14960481,49102811.6300,3,0.778600,1,1.846200,14.759570,0.534610,6.812624,1.799787,0
2020-12-22,sh.600577,3.3200,3.3200,3.2100,3.2200,3.3100,17027481,55528473.8700,3,0.886200,1,-2.719000,14.358252,0.520074,6.627387,1.750850,0
2020-12-23,sh.600577,3.2500,3.2800,3.2000,3.2300,3.2200,15459800,50042570.9800,3,0.804600,1,0.310600,14.402843,0.521689,6.647969,1.756288,0
2020-12-24,sh.600577,3.2400,3.2400,3.1500,3.1700,3.2300,16760571,53269986.7900,3,0.872300,1,-1.857600,14.135298,0.511998,6.524477,1.723663,0
2020-12-25,sh.600577,3.1600,3.2000,3.1400,3.1600,3.1700,10514522,33404043.3000,3,0.547200,1,-0.315500,14.090707,0.510383,6.503895,1.718226,0
2020-12-28,sh.600577,3.1700,3.1800,3.0700,3.1000,3.1600,20520600,63954311.0000,3,1.068000,1,-1.898700,13.823162,0.500692,6.380403,1.685601,0
2020-12-29,sh.600577,3.0900,3.1100,3.0400,3.0700,3.1000,15397596,47296479.7900,3,0.801400,1,-0.967700,13.689390,0.495847,6.318657,1.669289,0
2020-12-30,sh.600577,3.0800,3.1200,3.0700,3.0900,3.0700,11966184,37079524.8600,3,0.622800,1,0.651500,13.778571,0.499077,6.359821,1.680164,0
2020-12-31,sh.600577,3.1000,3.1300,3.0900,3.1100,3.0900,11891784,36969353.4000,3,0.618900,1,0.647200,13.867753,0.502307,6.400985,1.691038,0
2021-01-04,sh.600577,3.1300,3.2100,3.1100,3.2000,3.1100,19821185,62920385.0600,3,1.031600,1,2.893900,14.269071,0.516843,6.586223,1.739975,0
2021-01-05,sh.600577,3.1800,3.2400,3.1700,3.2100,3.2000,18706488,59982664.9100,3,0.973600,1,0.312500,14.313661,0.518459,6.606805,1.745413,0
2021-01-06,sh.600577,3.2100,3.2300,3.1500,3.1900,3.2100,13126913,41763202.0800,3,0.683200,1,-0.623100,14.224480,0.515228,6.565641,1.734538,0
2021-01-07,sh.600577,3.1700,3.2000,3.1100,3.1400,3.1900,17986827,56661290.4400,3,0.936100,1,-1.567400,14.001526,0.507153,6.462731,1.707351,0
2021-01-08,sh.600577,3.1300,3.1700,3.0700,3.1400,3.1400,11357373,35500940.7600,3,0.591100,1,0.000000,14.001526,0.507153,6.462731,1.707351,0
2021-01-11,sh.600577,3.1300,3.1600,3.0500,3.0600,3.1400,17514078,54247632.7000,3,0.911500,1,-2.547800,13.644799,0.494232,6.298075,1.663851,0
2021-01-12,sh.600577,3.0400,3.1100,3.0100,3.0700,3.0600,15025486,45996248.8000,3,0.782000,1,0.326800,13.689390,0.495847,6.318657,1.669289,0
2021-01-13,sh.600577,3.0700,3.0700,3.0100,3.0200,3.0700,15032311,45599018.4400,3,0.782400,1,-1.628700,13.466435,0.487771,6.215748,1.642102,0
2021-01-14,sh.600577,3.0000,3.0600,3.0000,3.0300,3.0200,14303689,43276741.5400,3,0.744400,1,0.331100,13.511026,0.489386,6.236330,1.647539,0
2021-01-15,sh.600577,3.0200,3.0700,3.0100,3.0300,3.0300,13252287,40269605.3500,3,0.689700,1,0.000000,13.511026,0.489386,6.236330,1.647539,0
2021-01-18,sh.600577,3.0400,3.0900,3.0400,3.0600,3.0300,12331107,37769564.9000,3,0.641800,1,0.990100,13.644799,0.494232,6.298075,1.663851,0
2021-01-19,sh.600577,3.0500,3.1100,3.0300,3.1000,3.0600,17896300,55094267.4400,3,0.931400,1,1.307200,13.823162,0.500692,6.380403,1.685601,0
2021-01-20,sh.600577,3.0900,3.1000,3.0500,3.0800,3.1000,9431890,28984423.4000,3,0.490900,1,-0.645200,13.733980,0.497462,6.339239,1.674726,0
2021-01-21,sh.600577,3.0700,3.0800,3.0300,3.0500,3.0800,15514175,47384639.6700,3,0.807400,1,-0.974000,13.600208,0.492616,6.277493,1.658414,0
2021-01-22,sh.600577,3.0500,3.0700,3.0000,3.0600,3.0500,15547300,47149608.0000,3,0.809200,1,0.327900,13.644799,0.494232,6.298075,1.663851,0
2021-01-25,sh.600577,3.0500,3.0500,2.8700,2.9100,3.0600,35851858,105710452.2100,3,1.865900,1,-4.902000,12.975936,0.470004,5.989346,1.582290,0
2021-01-26,sh.600577,2.9000,2.9100,2.8400,2.8700,2.9100,15320724,43987743.4000,3,0.797400,1,-1.374600,12.797573,0.463544,5.907018,1.560540,0
2021-01-27,sh.600577,2.8600,2.8900,2.8400,2.8700,2.8700,9154300,26240888.0000,3,0.476400,1,0.000000,12.797573,0.463544,5.907018,1.560540,0
2021-01-28,sh.600577,2.8600,2.8800,2.7800,2.8000,2.8700,15883105,44838116.2500,3,0.826600,1,-2.439000,12.485437,0.452238,5.762945,1.522478,0
2021-01-29,sh.600577,2.8100,2.8200,2.6900,2.7200,2.8000,17156100,47082736.0000,3,0.892900,1,-2.857100,12.128710,0.439317,5.598289,1.478979,0
2021-02-01,sh.600577,2.7400,2.7800,2.7100,2.7500,2.7200,11926200,32727169.0000,3,0.620700,1,1.102900,12.262483,0.444162,5.660035,1.495291,0
2021-02-02,sh.600577,2.7500,2.8500,2.7500,2.8100,2.7500,15339886,42981133.2200,3,0.798400,1,2.181800,12.530028,0.453853,5.783527,1.527916,0
2021-02-03,sh.600577,2.8200,2.8300,2.7500,2.7600,2.8100,14841442,41263202.9900,3,0.772400,1,-1.779400,12.307073,0.445777,5.680617,1.500729,0
2021-02-04,sh.600577,2.7500,2.7800,2.6800,2.7200,2.7600,12684700,34601693.0000,3,0.660200,1,-1.449300,12.128710,0.439317,5.598289,1.478979,0
2021-02-05,sh.600577,2.7300,2.7700,2.7000,2.7000,2.7200,9423359,25724932.5600,3,0.490400,1,-0.735300,12.039528,0.436087,5.557125,1.468104,0
2021-02-08,sh.600577,2.7100,2.8500,2.7100,2.8200,2.7000,16570807,46467508.2800,3,0.862400,1,4.444400,12.574618,0.455468,5.804109,1.533353,0
2021-02-09,sh.600577,2.8200,2.8500,2.8000,2.8100,2.8200,15325212,43166032.9100,3,0.797600,1,-0.354600,12.530028,0.453853,5.783527,1.527916,0
2021-02-10,sh.600577,2.8000,2.8200,2.7800,2.8000,2.8100,8708622,24408352.7700,3,0.453200,1,-0.355900,12.485437,0.452238,5.762945,1.522478,0
2021-02-18,sh.600577,2.8300,2.9200,2.8300,2.9100,2.8000,18545876,53625179.7300,3,0.965200,1,3.928600,12.975936,0.470004,5.989346,1.582290,0
2021-02-19,sh.600577,2.9000,3.2000,2.9000,3.1600,2.9100,54525396,170050445.4400,3,2.837800,1,8.591100,14.090707,0.510383,6.503895,1.718226,0
2021-02-22,sh.600577,3.1700,3.4800,3.1400,3.4800,3.1600,99126172,334426620.9600,3,5.159000,1,10.126600,15.517614,0.562067,7.162517,1.892223,0
2021-02-23,sh.600577,3.4400,3.5100,3.3800,3.4800,3.4800,56273989,194035177.0900,3,2.928800,1,0.000000,15.517614,0.562067,7.162517,1.892223,0
2021-02-24,sh.600577,3.4400,3.5800,3.4100,3.4800,3.4800,51327605,178859903.9900,3,2.671400,1,0.000000,15.517614,0.562067,7.162517,1.892223,0
2021-02-25,sh.600577,3.5000,3.5300,3.4400,3.4700,3.4800,32221414,112102452.5900,3,1.677000,1,-0.287400,15.473023,0.560452,7.141935,1.886786,0
2021-02-26,sh.600577,3.4100,3.4700,3.3100,3.3600,3.4700,35531557,120401878.9200,3,1.849200,1,-3.170000,14.982524,0.542686,6.915534,1.826974,0
2021-03-01,sh.600577,3.3600,3.5800,3.3600,3.5300,3.3600,36113818,126644320.2600,3,1.879600,1,5.059500,15.740568,0.570143,7.265427,1.919410,0
2021-03-02,sh.600577,3.5600,3.5700,3.4200,3.4600,3.5300,29400718,102394360.4800,3,1.530200,1,-1.983000,15.428433,0.558837,7.121353,1.881348,0
2021-03-03,sh.600577,3.4600,3.8100,3.4600,3.6200,3.4600,61066556,221356027.9400,3,3.178200,1,4.624300,16.141886,0.584679,7.450664,1.968347,0
2021-03-04,sh.600577,3.6300,3.8900,3.6000,3.7300,3.6200,73210893,272612091.3700,3,3.810300,1,3.038700,16.632385,0.602446,7.677066,2.028159,0
2021-03-05,sh.600577,3.7200,3.7200,3.5300,3.5500,3.7300,51442920,184586597.5400,3,2.677400,1,-4.825700,15.829750,0.573373,7.306591,1.930285,0
2021-03-08,sh.600577,3.5700,3.6700,3.4100,3.4600,3.5500,52315186,186378385.1900,3,2.722800,1,-2.535200,15.428433,0.558837,7.121353,1.881348,0
2021-03-09,sh.600577,3.5100,3.7500,3.4000,3.6100,3.4600,78478554,282408050.1800,3,4.084400,1,4.335300,16.097295,0.583064,7.430082,1.962910,0
2021-03-10,sh.600577,3.6100,3.6800,3.5200,3.6300,3.6100,42019891,150981140.9100,3,2.186900,1,0.554000,16.186477,0.586294,7.471246,1.973784,0
2021-03-11,sh.600577,3.6100,3.6500,3.5300,3.6100,3.6300,38476651,138334285.0000,3,2.002500,1,-0.551000,16.097295,0.583064,7.430082,1.962910,0
2021-03-12,sh.600577,3.6100,3.8300,3.6000,3.7600,3.6100,69993370,262050565.4000,3,3.642800,1,4.155100,16.766158,0.607291,7.738812,2.044471,0
2021-03-15,sh.600577,3.8000,3.8500,3.7000,3.8400,3.7600,64598502,245238502.4900,3,3.362000,1,2.127700,17.122885,0.620212,7.903467,2.087970,0
2021-03-16,sh.600577,3.9300,3.9500,3.6500,3.7600,3.8400,52599516,197642329.1300,3,2.737600,1,-2.083300,17.246207,0.580424,376.103618,1.960514,0
2021-03-17,sh.600577,3.6900,3.7500,3.6300,3.6500,3.7600,36874371,135143789.3800,3,1.919100,1,-2.925500,16.741664,0.563444,365.100587,1.903159,0
2021-03-18,sh.600577,3.6400,3.6900,3.6000,3.6300,3.6500,24727935,89930789.1500,3,1.287000,1,-0.547900,16.649929,0.560356,363.100036,1.892730,0
2021-03-19,sh.600577,3.5900,3.6600,3.5700,3.6200,3.6300,24558899,88873225.2700,3,1.278200,1,-0.275500,16.604061,0.558813,362.099760,1.887516,0
2021-03-22,sh.600577,3.6200,3.7800,3.6100,3.7400,3.6200,34325288,127784289.1700,3,1.786500,1,3.314900,17.154472,0.577337,374.103067,1.950086,0
2021-03-23,sh.600577,3.7200,3.7800,3.6700,3.6900,3.7400,27905655,103441337.2700,3,1.452400,1,-1.336900,16.925134,0.569618,369.101689,1.924015,0
2021-03-24,sh.600577,3.6500,3.7400,3.5600,3.5900,3.6900,26650184,96962302.8200,3,1.387000,1,-2.710000,16.466459,0.554182,359.098933,1.871874,0
2021-03-25,sh.600577,3.5600,3.6100,3.5000,3.5100,3.5900,19251278,68247651.0200,3,1.001900,1,-2.228400,16.099518,0.541832,351.096729,1.830161,0
2021-03-26,sh.600577,3.5300,3.6300,3.5200,3.6100,3.5100,23431458,84144394.9600,3,1.219500,1,2.849000,16.558194,0.557269,361.099484,1.882302,0
2021-03-29,sh.600577,3.6100,3.6600,3.5600,3.5900,3.6100,16769197,60358812.8000,3,0.872800,1,-0.554000,16.466459,0.554182,359.098933,1.871874,0
2021-03-30,sh.600577,3.5900,3.6700,3.4900,3.5700,3.5900,26004562,93027087.8500,3,1.353400,1,-0.557100,16.374724,0.551094,357.098382,1.861446,0
2021-03-31,sh.600577,3.5600,3.7100,3.5400,3.6600,3.5700,26622581,96665465.0800,3,1.385600,1,2.521000,16.787532,0.564987,366.100862,1.908373,0
2021-04-01,sh.600577,3.6400,3.6500,3.5700,3.6300,3.6600,15903376,57387490.8400,3,0.827700,1,-0.819700,16.649929,0.560356,363.100036,1.892730,0
2021-04-02,sh.600577,3.6200,3.6400,3.5600,3.5700,3.6300,14696181,52718908.9500,3,0.764800,1,-1.652900,16.375101,0.551107,357.106604,1.861488,0
2021-04-06,sh.600577,3.5700,3.7000,3.5700,3.6700,3.5700,22285215,81500773.1900,3,1.159800,1,2.801100,16.833787,0.566544,367.109590,1.913631,0
2021-04-07,sh.600577,3.6500,3.7000,3.6300,3.6600,3.6700,15092994,55232962.7100,3,0.785500,1,-0.272500,16.787918,0.565000,366.109292,1.908417,0
2021-04-08,sh.600577,3.6700,3.7400,3.6300,3.6500,3.6600,18859710,69061740.8000,3,0.981500,1,-0.273200,16.742050,0.563457,365.108993,1.903202,0
2021-04-09,sh.600577,3.7300,3.7500,3.6300,3.6800,3.6500,25060634,92236566.4200,3,1.304300,1,0.821900,16.879656,0.568088,368.109889,1.918845,0
2021-04-12,sh.600577,3.6500,3.6600,3.5400,3.5400,3.6800,27324736,97743500.4400,3,1.422100,1,-3.804300,16.237495,0.546476,354.105708,1.845846,0
2021-04-13,sh.600577,3.5300,3.5700,3.4800,3.5300,3.5400,14962238,52830639.6200,3,0.778700,1,-0.282500,16.191626,0.544932,353.105410,1.840631,0
2021-04-14,sh.600577,3.5500,3.5800,3.4900,3.5400,3.5300,10517794,37104832.0000,3,0.547400,1,0.283300,16.237495,0.546476,354.105708,1.845846,0
2021-04-15,sh.600577,3.5400,3.6100,3.4900,3.5600,3.5400,15227268,53919534.2400,3,0.792500,1,0.565000,16.329232,0.549563,356.106306,1.856274,0
2021-04-16,sh.600577,3.5600,3.6800,3.5600,3.6600,3.5600,24012905,87315102.6300,3,1.249700,1,2.809000,16.787918,0.565000,366.109292,1.908417,0
2021-04-19,sh.600577,3.6600,3.7700,3.6600,3.7500,3.6600,35198529,130665874.9100,3,1.831900,1,2.459000,17.200736,0.578894,375.111979,1.955345,0
2021-04-20,sh.600577,3.7400,3.7400,3.6600,3.6800,3.7500,19438548,71708732.8400,3,1.011700,1,-1.866700,16.879695,0.568089,368.110757,1.918850,0
2021-04-21,sh.600577,3.6900,3.7100,3.6100,3.6900,3.6800,15883045,58266439.9600,3,0.826600,1,0.271700,16.925564,0.569633,369.111058,1.924064,0
2021-04-22,sh.600577,3.6900,3.7800,3.6900,3.7400,3.6900,26656274,99782603.0100,3,1.387300,1,1.355000,17.154908,0.577351,374.112562,1.950135,0
2021-04-23,sh.600577,3.7200,3.8000,3.7200,3.7700,3.7400,22171703,83628528.6900,3,1.153900,1,0.802100,17.292514,0.581983,377.113465,1.965778,0
2021-04-26,sh.600577,3.7700,3.7700,3.6800,3.7000,3.7500,24769236,92044570.8400,3,1.289100,1,-1.333300,16.971433,0.571177,370.111359,1.929278,0
2021-04-27,sh.600577,3.6800,3.7600,3.6700,3.7600,3.7000,22769456,84661303.2600,3,1.185000,1,1.621600,15.467941,0.522345,15.093743,1.904109,0
2021-04-28,sh.600577,3.7600,3.7900,3.6800,3.7200,3.7600,21361311,79798752.5200,3,1.111700,1,-1.063800,15.303389,0.516788,14.933171,1.883852,0
2021-04-29,sh.600577,3.7400,3.7500,3.6300,3.6900,3.7200,21398284,78594250.3000,3,1.113700,1,-0.806500,15.179974,0.512620,14.812742,1.868660,0
2021-04-30,sh.600577,3.6700,3.7100,3.6400,3.6500,3.6900,15399434,56388737.4400,3,0.801400,1,-1.084000,15.015422,0.507063,14.652170,1.848404,0
2021-05-06,sh.600577,3.6400,3.7200,3.5500,3.5600,3.6500,22081994,79915843.8500,3,1.149200,1,-2.465800,14.645179,0.494560,14.290884,1.802827,0
2021-05-07,sh.600577,3.5600,3.7600,3.5500,3.6600,3.5600,31608934,115449483.0800,3,1.645100,1,2.809000,15.056560,0.508452,14.692313,1.853468,0
2021-05-10,sh.600577,3.6500,4.0300,3.6500,3.9700,3.6600,92394607,362059531.6900,3,4.808600,1,8.469900,16.331842,0.551518,15.936744,2.010455,0
2021-05-11,sh.600577,4.1000,4.2100,4.0000,4.2000,3.9700,98360003,404112636.8400,3,5.119000,1,5.793500,17.278020,0.583470,16.860032,2.126930,0
2021-05-12,sh.600577,4.1300,4.3100,4.1100,4.2300,4.2000,79784644,336762431.6800,3,4.152300,1,0.714300,17.401434,0.587638,16.980461,2.142123,0
2021-05-13,sh.600577,4.2200,4.4100,4.2100,4.2700,4.2300,77215949,333059819.8400,3,4.018600,1,0.945600,17.565987,0.593194,17.141032,2.162379,0
2021-05-14,sh.600577,4.3000,4.4000,4.2200,4.3500,4.2700,65086076,281393235.9400,3,3.387300,1,1.873500,17.895092,0.604308,17.462176,2.202892,0
2021-05-17,sh.600577,3.9200,4.2100,3.9200,4.1200,4.3500,146902091,592213235.8600,3,7.645400,1,-5.287400,16.948915,0.572356,16.538888,2.086417,0
2021-05-18,sh.600577,4.2800,4.5300,4.2800,4.5300,4.1200,148533971,669067166.6400,3,7.730300,1,9.951500,18.635578,0.629314,18.184749,2.294046,0
2021-05-19,sh.600577,4.5800,4.9000,4.4800,4.5300,4.5300,184945828,861119771.4600,3,9.625300,1,0.000000,18.635578,0.629314,18.184749,2.294046,0
2021-05-20,sh.600577,4.5700,4.7500,4.5200,4.6600,4.5300,112024096,519099396.6400,3,5.830200,1,2.869800,19.170374,0.647374,18.706607,2.359880,0
2021-05-21,sh.600577,4.8300,5.0400,4.7400,4.8800,4.6600,106368644,516881641.7200,3,5.535800,1,4.721000,20.075413,0.677937,19.589751,2.471290,0
2021-05-24,sh.600577,4.9000,5.1200,4.7600,4.8300,4.8800,94521334,462242253.0200,3,4.919300,1,-1.024600,19.869723,0.670990,19.389036,2.445970,0
2021-05-25,sh.600577,4.7500,4.9100,4.6500,4.8300,4.8300,71315348,342837093.5200,3,3.711500,1,0.000000,19.869723,0.670990,19.389036,2.445970,0
2021-05-26,sh.600577,4.9000,5.0700,4.8300,4.9800,4.8300,75018264,373905860.7800,3,3.904200,1,3.105600,20.486795,0.691829,19.991180,2.521932,0
2021-05-27,sh.600577,5.0800,5.1200,4.9300,5.0200,4.9800,72112694,361774662.7800,3,3.753000,1,0.803200,20.651347,0.697385,20.151752,2.542188,0
2021-05-28,sh.600577,4.9500,5.4500,4.9500,5.2000,5.0200,113718468,594010164.6300,3,5.918400,1,3.585700,21.391834,0.722391,20.874325,2.633342,0
2021-05-31,sh.600577,5.1800,5.7200,5.1700,5.7200,5.2000,127080592,702830662.2800,3,6.613800,1,10.000000,23.531017,0.794630,22.961757,2.896676,0
2021-06-01,sh.600577,5.7800,5.8200,5.6000,5.7300,5.7200,107618761,614568440.4500,3,5.600900,1,0.174800,23.572155,0.796020,23.001900,2.901740,0
2021-06-02,sh.600577,5.7000,5.7300,5.4300,5.4700,5.7300,83359095,461666898.1700,3,4.338300,1,-4.537500,22.502564,0.759900,21.958184,2.770073,0
2021-06-03,sh.600577,5.4700,5.6300,5.2600,5.5500,5.4700,80890023,443377057.4200,3,4.209800,1,1.462500,22.831669,0.771014,22.279328,2.810586,0
2021-06-04,sh.600577,5.5100,5.9300,5.4100,5.7500,5.5500,85706703,492527825.6000,3,4.460500,1,3.603600,23.654432,0.798798,23.082186,2.911869,0
2021-06-07,sh.600577,5.7500,5.8000,5.4600,5.6900,5.7500,78840364,441484341.1000,3,4.103200,1,-1.043500,23.407603,0.790463,22.841329,2.881484,0
2021-06-08,sh.600577,5.7000,5.7700,5.5000,5.5600,5.6900,51617789,289231707.2300,3,2.686400,1,-2.284700,22.872807,0.772403,22.319471,2.815650,0
2021-06-09,sh.600577,5.6000,5.6200,5.3700,5.4700,5.5600,55158795,302473969.7600,3,2.870700,1,-1.618700,22.502564,0.759900,21.958184,2.770073,0
2021-06-10,sh.600577,5.5800,5.6300,5.4500,5.6000,5.4700,54275090,301250112.9600,3,2.824700,1,2.376600,23.037360,0.777960,22.480042,2.835907,0
2021-06-11,sh.600577,5.5700,5.5800,5.2000,5.2700,5.6000,98290840,520961284.9900,3,5.115400,1,-5.892900,21.679801,0.732116,21.155326,2.668791,0
2021-06-15,sh.600577,5.2400,5.5500,5.1900,5.4200,5.2700,88624281,477826827.8800,3,4.612400,1,2.846300,22.296873,0.752954,21.757470,2.744753,0
2021-06-16,sh.600577,5.3600,5.6700,5.3200,5.3800,5.4200,77777262,423177549.5600,3,4.047800,1,-0.738000,22.132320,0.747397,21.596898,2.724496,0
2021-06-17,sh.600577,5.4900,5.5400,5.3700,5.4500,5.3800,45056800,244979713.5900,3,2.344900,1,1.301100,22.420287,0.757122,21.877898,2.759945,0
2021-06-18,sh.600577,5.5500,6.0000,5.4100,6.0000,5.4500,106859749,618066191.5400,3,5.561400,1,10.091700,24.682885,0.833528,24.085760,3.038472,0
2021-06-21,sh.600577,6.2800,6.6000,6.2000,6.6000,6.0000,98527680,629702051.9400,3,5.127800,1,10.000000,27.151174,0.916881,26.494336,3.342319,0
2021-06-22,sh.600577,7.0000,7.0000,6.5000,6.8300,6.6000,170553175,1154240912.5900,3,8.876300,1,3.484800,28.097351,0.948833,27.417623,3.458794,0
2021-06-23,sh.600577,6.8600,6.9100,6.3900,6.7000,6.8300,127130275,842772607.2100,3,6.616400,1,-1.903400,27.562555,0.930773,26.895765,3.392960,0
2021-06-24,sh.600577,6.6600,6.8300,6.5700,6.6900,6.7000,83141713,555832269.8100,3,4.327000,1,-0.149300,27.521417,0.929384,26.855622,3.387896,0
2021-06-25,sh.600577,6.6000,6.6000,6.2900,6.3900,6.6900,86433423,553727803.7600,3,4.435400,1,-4.484300,26.660231,0.900302,26.015270,3.281884,0
2021-06-28,sh.600577,6.5700,6.8500,6.4600,6.4900,6.3900,83517437,555086244.2600,3,4.346600,1,1.564900,26.698654,0.901600,26.052763,3.286614,0
2021-06-29,sh.600577,6.6500,6.7100,6.3500,6.4600,6.4900,61281654,398610447.7500,3,3.144700,1,-0.462200,26.952284,0.910165,26.300257,3.317835,0
2021-06-30,sh.600577,6.4600,6.5200,6.2300,6.3800,6.4600,57980429,367884632.2500,3,2.975300,1,-1.238400,26.618509,0.898894,25.974557,3.276748,0
2021-07-01,sh.600577,6.4000,6.5500,6.2300,6.3400,6.3800,38995834,249718940.4100,3,2.001100,1,-0.627000,26.451622,0.893258,25.811707,3.256204,0
2021-07-02,sh.600577,6.2900,6.4200,6.1800,6.2400,6.3400,46548233,293188109.0900,3,2.388700,1,-1.577300,26.034415,0.879169,25.404593,3.204845,0
2021-07-05,sh.600577,6.5700,6.8600,6.4500,6.7600,6.2400,140606428,944903213.6100,3,7.215300,1,8.333300,28.203949,0.952433,27.521643,3.471916,0
2021-07-06,sh.600577,6.8500,7.2200,6.7000,7.0400,6.7600,123230220,858853380.9200,3,6.323700,1,4.142000,29.372160,0.991883,28.661592,3.615723,0
2021-07-07,sh.600577,6.9600,7.6800,6.8800,7.6000,7.0400,103185289,749148292.8200,3,5.295000,1,7.954500,31.708582,1.070783,30.941492,3.903337,0
2021-07-08,sh.600577,7.5400,7.7700,7.4200,7.6500,7.6000,82023217,624570263.2200,3,4.209100,1,0.657900,31.917191,1.077827,31.145054,3.929017,0
2021-07-09,sh.600577,7.7000,8.4200,7.6100,8.4200,7.6500,113652944,930053303.2200,3,5.832200,1,10.065400,35.129771,1.186314,34.279916,4.324487,0
2021-07-12,sh.600577,8.6400,9.2600,8.3800,9.1700,8.4200,151699347,1374282473.6600,3,7.784600,1,8.907400,38.258908,1.291984,37.333352,4.709685,0
2021-07-13,sh.600577,8.9700,9.0400,8.5900,8.9500,9.1700,103547755,917330907.7400,3,5.313600,1,-2.399100,37.341028,1.260988,36.437678,4.596693,0
2021-07-14,sh.600577,8.7500,8.8200,8.3500,8.3500,8.9500,93545878,800146987.6100,3,4.800400,1,-6.703900,34.837719,1.176452,33.994928,4.288535,0
2021-07-15,sh.600577,8.3100,8.5800,8.1600,8.4300,8.3500,69302891,578614834.7500,3,3.556300,1,0.958100,35.171493,1.187723,34.320628,4.329623,0
2021-07-16,sh.600577,8.4300,9.0600,8.3800,8.5800,8.4300,86873924,763242604.4100,3,4.458000,1,1.779400,35.797320,1.208857,34.931316,4.406663,0
2021-07-19,sh.600577,8.8100,9.2700,8.5900,8.6800,8.5800,85853809,764370789.8500,3,4.405700,1,1.165500,36.214539,1.222947,35.338440,4.458022,0
2021-07-20,sh.600577,8.5300,8.9200,8.4000,8.8000,8.6800,61898185,544591540.5200,3,3.176400,1,1.382500,36.715200,1.239854,35.826990,4.519654,0
2021-07-21,sh.600577,9.0600,9.6600,8.8800,9.5300,8.8000,94331562,879938876.1300,3,4.840700,1,8.295500,39.760893,1.342705,38.799002,4.894580,0
2021-07-22,sh.600577,9.4000,9.6500,9.2000,9.3200,9.5300,59172134,553610967.6100,3,2.998000,1,-2.203600,39.384203,1.329985,38.431425,4.848209,0
2021-07-23,sh.600577,9.2400,9.5300,9.0300,9.1900,9.3200,51943667,480664008.9000,3,2.631700,1,-1.394800,38.834853,1.311433,37.895365,4.780584,0
2021-07-26,sh.600577,9.3000,9.4000,8.6700,9.1000,9.1900,64100520,575866300.6000,3,3.247700,1,-0.979300,38.454533,1.298590,37.524246,4.733766,0
2021-07-27,sh.600577,9.1100,9.1600,8.3000,8.3500,9.1000,65459764,569700698.7000,3,3.316500,1,-8.241800,35.285204,1.191563,34.431588,4.343621,0
2021-07-28,sh.600577,8.3100,8.4800,7.8400,8.0700,8.3500,94281540,766358512.6200,3,4.776800,1,-3.353300,34.101987,1.151607,33.276996,4.197966,0
2021-07-29,sh.600577,8.5000,8.8800,8.4500,8.8800,8.0700,40175924,352715135.3100,3,2.035500,1,10.037200,33.593788,1.110378,467.274799,4.361183,0
2021-07-30,sh.600577,9.3000,9.4300,8.7500,9.3600,8.8800,120737070,1109520440.6600,3,6.117200,1,5.405400,35.409668,1.170398,492.532896,4.596923,0
2021-08-02,sh.600577,9.3600,9.3700,8.8400,8.9500,9.3600,80388302,727453785.0400,3,4.072900,1,-4.380300,33.858604,1.119131,470.958272,4.395562,0
2021-08-03,sh.600577,9.0200,9.1400,8.5000,8.5400,8.9500,66456447,581277442.4300,3,3.367000,1,-4.581000,32.307539,1.067863,449.383647,4.194201,0
2021-08-04,sh.600577,8.5800,9.2800,8.5800,9.0900,8.5400,75043757,680656159.9900,3,3.802100,1,6.440300,34.388236,1.136637,478.325217,4.464319,0
2021-08-05,sh.600577,9.0800,9.5000,8.9000,9.2400,9.0900,75737038,698044832.6300,3,3.837200,1,1.650200,34.955698,1.155393,486.218372,4.537988,0
2021-08-06,sh.600577,9.3800,10.1600,9.2900,10.1600,9.2400,109890815,1103579640.7400,3,5.567600,1,9.956700,38.436136,1.270432,534.629725,4.989822,0
2021-08-09,sh.600577,10.2900,10.4900,9.1400,9.1400,10.1600,147059054,1394382944.8300,3,7.425300,1,-10.039400,34.695718,1.146800,482.602158,4.504237,0
2021-08-10,sh.600577,9.0000,9.3800,8.4600,8.6100,9.1400,143591114,1263503300.1900,3,7.250200,1,-5.798700,32.683822,1.080300,454.617569,4.243050,0
2021-08-11,sh.600577,8.5800,9.0000,8.5500,8.9600,8.6100,117281401,1036187235.6000,3,5.921800,1,4.065000,34.012432,1.124215,473.097958,4.415532,0
2021-08-12,sh.600577,8.8700,9.8600,8.7200,9.8600,8.9600,109001324,1033905007.9300,3,5.503700,1,10.044600,37.428860,1.237139,520.618958,4.859056,0
2021-08-13,sh.600577,9.8600,10.1500,9.5000,9.8800,9.8600,111853417,1102576621.6200,3,5.647700,1,0.202800,37.504780,1.239648,521.674980,4.868913,0
2021-08-16,sh.600577,9.8100,9.8400,8.9400,8.9800,9.8800,119124363,1102703258.4200,3,6.014900,1,-9.109300,34.088353,1.126725,474.153980,4.425388,0
2021-08-17,sh.600577,9.0200,9.5800,8.6500,8.7000,8.9800,84048375,755865965.9100,3,4.243800,1,-3.118000,33.025464,1.091593,459.369669,4.287403,0
2021-08-18,sh.600577,8.7000,9.0600,8.6800,8.8000,8.7000,60135145,531020158.7000,3,3.036400,1,1.149400,33.405068,1.104140,464.649780,4.336683,0
2021-08-19,sh.600577,8.8900,9.0500,8.5000,8.8800,8.8000,61049479,539121442.7400,3,3.082500,1,0.909100,33.708750,1.114178,468.873869,4.376108,0
2021-08-20,sh.600577,8.7400,8.9300,8.5200,8.6300,8.8800,44194579,383677911.5400,3,2.231500,1,-2.815300,32.759742,1.082810,455.673591,4.252906,0
2021-08-23,sh.600577,8.7300,9.1500,8.5900,9.1200,8.6300,57717489,515568275.0300,3,2.914300,1,5.677900,34.619797,1.144290,481.546135,4.494381,0
2021-08-24,sh.600577,9.0700,9.5000,8.8000,8.9000,9.1200,49145791,439434698.5400,3,2.481500,1,-2.412300,33.784671,1.116687,469.929891,4.385964,0
2021-08-25,sh.600577,9.0000,9.0300,8.6200,8.7800,8.9000,39537460,345633059.1000,3,1.996300,1,-1.348300,33.329147,1.101630,463.593758,4.326827,0
2021-08-26,sh.600577,8.8500,9.0400,8.6500,8.8100,8.7800,52623283,462954015.4100,3,2.657100,1,0.341700,33.443028,1.105395,465.177791,4.341611,0
2021-08-27,sh.600577,8.7500,8.7900,7.9500,8.5900,8.8100,101191299,845907701.8200,3,5.109400,1,-2.497200,32.607901,1.077791,453.561546,4.233194,0
2021-08-30,sh.600577,8.6600,8.7800,8.3500,8.5600,8.5900,63685552,542660393.4100,3,3.215600,1,-0.349200,32.494020,1.074027,451.977513,4.218410,0
2021-08-31,sh.600577,8.6100,8.6100,7.7500,8.3300,8.5600,108877900,881654235.5600,3,5.497500,1,-2.686900,31.620933,1.045169,439.833258,4.105065,0
2021-09-01,sh.600577,8.1900,8.2700,7.6100,7.6500,8.3300,77155685,605783572.4200,3,3.895800,1,-8.163300,29.039633,0.959849,403.928502,3.769958,0
2021-09-02,sh.600577,7.6000,8.2300,7.5600,8.0500,7.6500,73699628,586711245.9100,3,3.721300,1,5.228800,30.558045,1.010037,425.048946,3.967080,0
2021-09-03,sh.600577,8.1500,8.6200,8.0300,8.1500,8.0500,78731504,654811812.2700,3,3.975300,1,1.242200,30.937648,1.022584,430.329057,4.016360,0
2021-09-06,sh.600577,7.9700,8.2100,7.8200,8.0100,8.1500,43450299,347282650.6100,3,2.193900,1,-1.717800,30.406204,1.005018,422.936902,3.947367,0
2021-09-07,sh.600577,8.0400,8.8100,7.8600,8.7200,8.0100,134125334,1155283388.0100,3,6.772300,1,8.863900,33.101385,1.094102,460.425691,4.297259,0
2021-09-08,sh.600577,8.6100,8.7400,8.2100,8.3400,8.7200,88811589,744312793.8000,3,4.484300,1,-4.357800,31.658894,1.046423,440.361269,4.109993,0
2021-09-09,sh.600577,8.3000,8.5800,8.2200,8.3400,8.3400,43635945,365466964.2700,3,2.203300,1,0.000000,31.658894,1.046423,440.361269,4.109993,0
2021-09-10,sh.600577,8.3000,8.5200,8.1000,8.3000,8.3400,45055527,374911084.3600,3,2.275000,1,-0.479600,31.507052,1.041405,438.249224,4.090281,0
2021-09-13,sh.600577,8.2300,8.4400,7.9900,8.0800,8.3000,58874240,478817892.1200,3,2.972700,1,-2.650600,30.671926,1.013801,426.632980,3.981864,0
2021-09-14,sh.600577,8.1000,8.5500,7.9500,8.3600,8.0800,80270750,669095879.5500,3,4.053100,1,3.465300,31.734814,1.048933,441.417291,4.119849,0
2021-09-15,sh.600577,8.3400,9.0600,8.3000,8.8600,8.3600,91519087,806388205.8600,3,4.621000,1,5.980900,33.632829,1.111668,467.817847,4.366251,0
2021-09-16,sh.600577,8.8100,8.8700,8.1500,8.1700,8.8600,78772159,663884983.6800,3,3.977400,1,-7.787800,31.013568,1.025094,431.385080,4.026216,0
2021-09-17,sh.600577,8.1500,8.2500,7.8800,8.1400,8.1700,44222925,356903283.5700,3,2.232900,1,-0.367200,30.899687,1.021329,429.801046,4.011432,0
2021-09-22,sh.600577,8.1000,8.1100,7.9400,8.0500,8.1400,21881550,175611043.1600,3,1.104800,1,-1.105700,30.558045,1.010037,425.048946,3.967080,0
2021-09-23,sh.600577,8.0900,8.2500,7.7300,7.7900,8.0500,55163549,433689316.5500,3,2.785300,1,-3.229800,29.571077,0.977415,411.320657,3.838950,0
2021-09-24,sh.600577,7.7500,7.7900,7.3300,7.4000,7.7900,63760031,478747459.8600,3,3.219400,1,-5.006400,28.090625,0.928481,390.728224,3.646756,0
2021-09-27,sh.600577,7.4000,7.4500,6.6600,6.9200,7.4000,97134788,677401911.4800,3,4.904600,1,-6.486500,26.268530,0.868255,365.383691,3.410210,0
2021-09-28,sh.600577,6.9900,7.0200,6.7600,6.8900,6.9200,42720284,294548638.7700,3,2.157000,1,-0.433500,26.154649,0.864491,363.799657,3.395426,0
2021-09-29,sh.600577,6.8000,6.9200,6.5200,6.5600,6.8900,50026640,333393247.1300,3,2.526000,1,-4.789600,24.901959,0.823086,346.375290,3.232800,0
2021-09-30,sh.600577,6.6300,7.2100,6.6300,7.1300,6.5600,71028173,497641205.4800,3,3.586400,1,8.689000,27.065697,0.894604,376.471924,3.513699,0
2021-10-08,sh.600577,7.1600,7.4000,6.9200,7.0000,7.1300,39846003,281535394.4900,3,2.011900,1,-1.823300,26.572213,0.878293,369.607779,3.449634,0
2021-10-11,sh.600577,6.9700,7.0700,6.7600,6.9200,7.0000,30345157,209480177.2400,3,1.525300,1,-1.142900,26.387397,0.872184,367.037072,3.425641,0
2021-10-12,sh.600577,6.9300,6.9800,6.5100,6.6300,6.9200,40770298,271826926.6600,3,2.049300,1,-4.190800,25.281567,0.835633,351.655461,3.282081,0
2021-10-13,sh.600577,6.7000,6.7200,6.4000,6.5700,6.6300,41658546,270700359.6800,3,2.094000,1,-0.905000,25.052774,0.828071,348.473058,3.252379,0
2021-10-14,sh.600577,6.6000,6.8700,6.4800,6.7500,6.5700,57242952,384025410.2300,3,2.877300,1,2.739700,25.739152,0.850758,358.020265,3.341485,0
2021-10-15,sh.600577,6.7200,7.1900,6.6500,7.1700,6.7500,95283352,666085142.3600,3,4.789400,1,6.222200,27.340699,0.903694,380.297082,3.549400,0
2021-10-18,sh.600577,7.1500,7.8400,7.1000,7.7700,7.1700,90966710,684216844.9500,3,4.572400,1,8.368200,29.628623,0.979317,412.121105,3.846421,0
2021-10-19,sh.600577,7.8400,8.0500,7.5800,7.7000,7.7700,111077120,871619790.2800,3,5.583300,1,-0.900900,29.361699,0.970494,408.408303,3.811769,0
2021-10-20,sh.600577,7.6900,7.8500,7.3000,7.3900,7.7000,71035668,535709135.3900,3,3.570600,1,-4.026000,28.179605,0.931422,391.965890,3.658308,0
2021-10-21,sh.600577,7.4500,7.4700,7.1200,7.2300,7.3900,66261652,480241458.5400,3,3.330600,1,-2.165100,27.569491,0.911256,383.479484,3.579102,0
2021-10-22,sh.600577,7.2900,7.2900,6.9400,7.0000,7.2300,56263699,397983793.2600,3,2.828100,1,-3.181200,26.692454,0.882267,371.280275,3.465244,0
2021-10-25,sh.600577,7.0200,7.0900,6.8500,6.9900,7.0000,44943409,313307463.3800,3,2.259100,1,-0.142900,26.654321,0.881007,370.749875,3.460294,0
2021-10-26,sh.600577,7.2000,7.6500,7.0600,7.2200,6.9900,102499102,749370385.8600,3,5.152100,1,3.290400,27.531359,0.909996,382.949084,3.574152,0
2021-10-27,sh.600577,7.2500,7.8000,7.2200,7.4200,7.2200,113725366,858553998.2100,3,5.716400,1,2.770100,28.294001,0.935203,393.557092,3.673159,0
2021-10-28,sh.600577,7.4800,7.6300,7.0800,7.1700,7.4200,77415702,565628907.2300,3,3.891300,1,-3.369300,27.340699,0.903694,380.297082,3.549400,0
2021-10-29,sh.600577,7.3200,7.8900,7.3100,7.7400,7.1700,155856935,1210814223.8800,3,7.834100,1,7.949800,28.586892,0.891303,-86.542691,3.573204,0
2021-11-01,sh.600577,7.7400,8.5000,7.7400,8.3300,7.7400,178010016,1460722552.6500,3,8.947600,1,7.622700,30.765996,0.959244,-93.139614,3.845580,0
2021-11-02,sh.600577,8.3200,8.7800,8.3000,8.4000,8.3300,108582987,924695946.0300,3,5.457900,1,0.840300,31.024534,0.967305,-93.922300,3.877895,0
2021-11-03,sh.600577,8.4300,8.6400,8.1000,8.2400,8.4000,69359571,570706926.4700,3,3.486300,1,-1.904800,30.433591,0.948880,-92.133304,3.804031,0
2021-11-04,sh.600577,8.3100,8.7900,8.2000,8.6600,8.2400,72887406,626503173.3600,3,3.663700,1,5.097100,31.984817,0.997246,-96.829419,3.997926,0
2021-11-05,sh.600577,8.7000,8.7100,8.2700,8.3700,8.6600,64451428,544302024.0700,3,3.239600,1,-3.348700,30.913732,0.963851,-93.586863,3.864046,0
2021-11-08,sh.600577,8.4400,8.7700,8.4000,8.6700,8.3700,58443414,502338371.4600,3,2.937600,1,3.584200,32.021751,0.998397,-96.941231,4.002542,0
2021-11-09,sh.600577,8.5500,9.1600,8.4100,8.9500,8.6700,74244375,653525869.1800,3,3.731900,1,3.229500,33.055902,1.030641,-100.071975,4.131805,0
2021-11-10,sh.600577,8.9200,9.2800,8.7500,9.0800,8.9500,70607918,639099479.7100,3,3.549100,1,1.452500,33.536044,1.045611,-101.525534,4.191820,0
2021-11-11,sh.600577,9.0000,9.4900,8.9100,9.3500,9.0800,74713326,693407831.0000,3,3.755500,1,2.973600,34.533261,1.076703,-104.544465,4.316467,0
2021-11-12,sh.600577,9.3400,9.5300,9.1000,9.4900,9.3500,48820759,459041130.1800,3,2.454000,1,1.497300,35.050337,1.092825,-106.109837,4.381099,0
2021-11-15,sh.600577,9.4000,9.6100,8.9400,9.2500,9.4900,83452931,770458520.5600,3,4.194700,1,-2.529000,34.163922,1.065187,-103.426342,4.270302,0
2021-11-16,sh.600577,9.1100,9.2700,8.9000,8.9400,9.2500,72266330,654310806.7300,3,3.632500,1,-3.351400,33.018968,1.029489,-99.960162,4.127189,0
2021-11-17,sh.600577,8.9700,9.1600,8.7500,8.8800,8.9400,59566588,531510600.9700,3,2.994100,1,-0.671100,32.797365,1.022580,-99.289289,4.099489,0
2021-11-18,sh.600577,8.7300,9.1000,8.7100,8.9000,8.8800,42361637,377220635.3200,3,2.129300,1,0.225200,32.871233,1.024883,-99.512913,4.108723,0
2021-11-19,sh.600577,8.9700,9.2800,8.8000,9.1100,8.9000,44863486,409211343.9000,3,2.255100,1,2.359600,33.646846,1.049066,-101.860971,4.205670,0
2021-11-22,sh.600577,8.9900,9.3000,8.8900,9.1400,9.1100,46971070,425373876.4200,3,2.361000,1,0.329300,33.757648,1.052520,-102.196407,4.219520,0
2021-11-23,sh.600577,9.2500,9.5700,8.9800,9.1900,9.1400,61918974,571171483.0100,3,3.112300,1,0.547000,33.942318,1.058278,-102.755469,4.242602,0
2021-11-24,sh.600577,9.1100,9.1800,8.4300,8.6600,9.1900,101184098,881579997.6700,3,5.086000,1,-5.767100,31.984817,0.997246,-96.829419,3.997926,0
2021-11-25,sh.600577,8.6200,8.8300,8.4600,8.6700,8.6600,41880816,361450146.4400,3,2.105100,1,0.115500,32.021751,0.998397,-96.941231,4.002542,0
2021-11-26,sh.600577,8.6100,9.0300,8.5500,8.9100,8.6700,47046261,413808017.0400,3,2.364800,1,2.768200,32.908167,1.026035,-99.624725,4.113339,0
2021-11-29,sh.600577,8.7900,9.5200,8.6000,9.4100,8.9100,76006752,702439758.2100,3,3.820500,1,5.611700,34.754865,1.083612,-105.215339,4.344166,0
2021-11-30,sh.600577,9.4800,9.8200,9.1900,9.5100,9.4100,70319172,670989803.6500,3,3.534600,1,1.062700,35.124205,1.095128,-106.333461,4.390332,0
2021-12-01,sh.600577,9.5100,9.7400,9.3300,9.5200,9.5100,45860216,436648970.3900,3,2.305200,1,0.105200,35.161139,1.096279,-106.445273,4.394948,0
2021-12-02,sh.600577,9.5200,9.6000,9.2600,9.3400,9.5200,36861205,346039674.9200,3,1.852800,1,-1.890800,34.496327,1.075551,-104.432653,4.311850,0
2021-12-03,sh.600577,9.3500,9.4500,9.1300,9.4000,9.3400,33556339,313407571.6700,3,1.686700,1,0.642400,34.717931,1.082461,-105.103526,4.339550,0
2021-12-06,sh.600577,9.3700,9.3800,8.8000,8.8500,9.4000,59827887,541463112.6000,3,3.007200,1,-5.851100,32.686563,1.019125,-98.953852,4.085640,0
2021-12-07,sh.600577,8.8600,9.0000,8.2800,8.4800,8.8500,64276078,545224519.1600,3,3.230800,1,-4.180800,31.320006,0.976518,-94.816798,3.914828,0
2021-12-08,sh.600577,8.4900,8.5400,8.2800,8.4000,8.4800,53213921,444843436.3400,3,2.674800,1,-0.943400,31.024534,0.967305,-93.922300,3.877895,0
2021-12-09,sh.600577,8.4000,8.4100,8.1700,8.2800,8.4000,41072337,339227634.3400,3,2.064500,1,-1.428600,30.581327,0.953487,-92.580553,3.822497,0
2021-12-10,sh.600577,8.2700,8.2700,7.9600,8.0700,8.2800,64176971,516151233.1600,3,3.225800,1,-2.536200,29.805713,0.929304,-90.232495,3.725550,0
2021-12-13,sh.600577,8.0300,8.3800,7.9300,8.1500,8.0700,51613535,419242084.0900,3,2.594300,1,0.991300,30.101185,0.938516,-91.126994,3.762482,0
2021-12-14,sh.600577,8.1300,8.3100,7.9000,7.9600,8.1500,61908697,497060311.2200,3,3.111800,1,-2.331300,29.399439,0.916637,-89.002561,3.674768,0
2021-12-15,sh.600577,7.9700,8.0800,7.8300,8.0500,7.9600,33431410,266958125.8300,3,1.680400,1,1.130700,29.731845,0.927001,-90.008871,3.716316,0
2021-12-16,sh.600577,8.0200,8.0300,7.6900,7.9700,8.0500,73033909,573104606.8500,3,3.671000,1,-0.993800,29.436373,0.917788,-89.114373,3.679384,0
2021-12-17,sh.600577,7.9000,7.9800,7.7500,7.7700,7.9700,44383588,348302393.1400,3,2.230900,1,-2.509400,28.697694,0.894757,-86.878128,3.587053,0
2021-12-20,sh.600577,7.6900,7.7600,7.2800,7.3300,7.7700,69470984,518480769.8100,3,3.491900,1,-5.662800,27.072599,0.844089,-81.958388,3.383925,0
2021-12-21,sh.600577,7.3200,7.5500,7.2500,7.4400,7.3300,34091548,252803459.5200,3,1.713600,1,1.500700,27.478873,0.856756,-83.188323,3.434707,0
2021-12-22,sh.600577,7.4900,7.5600,7.3800,7.5200,7.4400,31202560,233114521.0700,3,1.568400,1,1.075300,27.774345,0.865969,-84.082821,3.471640,0
2021-12-23,sh.600577,7.6000,7.6700,7.4500,7.6400,7.5200,38056776,288626212.7200,3,1.912900,1,1.595700,28.217552,0.879787,-85.424568,3.527038,0
2021-12-24,sh.600577,7.6900,7.9400,7.5800,7.6000,7.6400,62204695,485153094.1700,3,3.126700,1,-0.523600,28.069817,0.875181,-84.977319,3.508572,0
2021-12-27,sh.600577,7.5800,7.5800,7.3100,7.3400,7.6000,44824983,332176025.5800,3,2.253100,1,-3.421100,27.109533,0.845241,-82.070200,3.388542,0
2021-12-28,sh.600577,7.3400,7.4800,7.2700,7.3400,7.3400,32063721,235813052.2900,3,1.611700,1,0.000000,27.109533,0.845241,-82.070200,3.388542,0
2021-12-29,sh.600577,7.3700,7.4000,7.1600,7.3200,7.3400,33890703,247121735.3900,3,1.703500,1,-0.272500,27.035665,0.842937,-81.846576,3.379309,0
2021-12-30,sh.600577,7.2800,7.6400,7.2600,7.4900,7.3200,43085690,322601556.2300,3,2.165700,1,2.322400,27.663543,0.862514,-83.747384,3.457790,0
2021-12-31,sh.600577,7.5000,7.6000,7.3700,7.4400,7.4900,29216138,217851007.4600,3,1.468500,1,-0.667600,27.478873,0.856756,-83.188323,3.434707,0
2022-01-04,sh.600577,7.5100,7.5600,7.3900,7.4500,7.4400,28989304,216161939.7600,3,1.452600,1,0.134400,27.602128,0.860599,-83.561460,3.450114,0
2022-01-05,sh.600577,7.4700,7.4700,7.0600,7.0900,7.4500,43307268,311987577.6800,3,2.170000,1,-4.832200,26.268334,0.819013,-79.523591,3.283397,0
2022-01-06,sh.600577,7.0900,7.2300,7.0200,7.0800,7.0900,41055099,292007800.0100,3,2.057200,1,-0.141000,26.231284,0.817858,-79.411428,3.278766,0
2022-01-07,sh.600577,7.1000,7.1500,6.8000,6.8800,7.0800,54749554,379908474.4100,3,2.743400,1,-2.824900,25.490288,0.794755,-77.168167,3.186145,0
2022-01-10,sh.600577,6.9400,7.0400,6.7900,6.9500,6.8800,25308435,175046703.8100,3,1.268100,1,1.017400,25.749636,0.802841,-77.953308,3.218562,0
2022-01-11,sh.600577,6.9500,7.1100,6.9200,7.0300,6.9500,32525671,229427670.7000,3,1.629800,1,1.151100,26.046035,0.812082,-78.850613,3.255611,0
2022-01-12,sh.600577,7.1100,7.2100,7.0300,7.2100,7.0300,28536275,203420000.9500,3,1.429900,1,2.560500,26.712932,0.832875,-80.869547,3.338969,0
2022-01-13,sh.600577,7.1900,7.9300,7.1200,7.7300,7.2100,116099306,889062941.0900,3,5.817500,1,7.212200,28.639524,0.892944,-86.702025,3.579782,0
2022-01-14,sh.600577,7.7100,7.8900,7.5300,7.7400,7.7300,69123108,531680233.3500,3,3.463600,1,0.129400,28.676573,0.894099,-86.814188,3.584413,0
2022-01-17,sh.600577,7.6800,8.0300,7.5600,7.9100,7.7400,58856644,461713716.3900,3,2.949200,1,2.196400,29.306421,0.913737,-88.720960,3.663141,0
2022-01-18,sh.600577,7.8200,7.8600,7.4500,7.5000,7.9100,53439854,407600667.7600,3,2.677700,1,-5.183300,27.787377,0.866375,-84.122275,3.473269,0
2022-01-19,sh.600577,7.4800,7.5100,7.2300,7.3200,7.5000,32179503,236671463.9600,3,1.612400,1,-2.400000,27.120480,0.845582,-82.103341,3.389910,0
2022-01-20,sh.600577,7.3300,7.3500,7.0000,7.0200,7.3200,41736006,295969059.2700,3,2.091300,1,-4.098400,26.008985,0.810927,-78.738450,3.250980,0
2022-01-21,sh.600577,6.9000,7.1100,6.6100,6.8900,7.0200,33986909,234434108.9000,3,1.703000,1,-1.851900,25.527337,0.795910,-77.280330,3.190776,0
2022-01-24,sh.600577,6.8800,7.1000,6.8000,7.0600,6.8900,21050791,146559154.3600,3,1.054800,1,2.467300,26.157185,0.815548,-79.187102,3.269504,0
2022-01-25,sh.600577,6.9900,7.0600,6.6100,6.6300,7.0600,32798449,222526028.5100,3,1.643500,1,-6.090700,24.564042,0.765875,-74.364091,3.070370,0
2022-01-26,sh.600577,6.6500,6.7700,6.5100,6.6800,6.6300,24603584,163648807.0000,3,1.232800,1,0.754100,24.749291,0.771651,-74.924906,3.093525,0
2022-01-27,sh.600577,6.6500,6.7100,6.3700,6.4200,6.6800,34164311,221756530.4300,3,1.711900,1,-3.892200,23.785995,0.741617,-72.008668,2.973118,0
2022-01-28,sh.600577,6.4900,6.5100,6.1100,6.2800,6.4200,36411106,228803525.2300,3,1.824500,1,-2.180700,23.267297,0.725445,-70.438385,2.908284,0
2022-02-07,sh.600577,6.3900,6.7500,6.3700,6.6300,6.2800,28582315,189249763.5300,3,1.432200,1,5.573200,24.564042,0.765875,-74.364091,3.070370,0
2022-02-08,sh.600577,6.6000,6.6800,6.4300,6.5400,6.6300,23784606,155513472.1400,3,1.191800,1,-1.357500,24.230593,0.755479,-73.354624,3.028690,0
2022-02-09,sh.600577,6.5500,6.5800,6.4600,6.5500,6.5400,30179542,196701262.0100,3,1.512200,1,0.152900,24.267643,0.756634,-73.466787,3.033321,0
2022-02-10,sh.600577,6.5500,6.6600,6.3800,6.4000,6.5500,35490707,229953333.7800,3,1.778400,1,-2.290100,23.711895,0.739307,-71.784341,2.963856,0
2022-02-11,sh.600577,6.3900,6.4000,6.1100,6.1300,6.4000,37476089,233239753.2900,3,1.877800,1,-4.218800,22.711550,0.708117,-68.755940,2.838818,0
2022-02-14,sh.600577,6.1000,6.1400,5.9700,6.0200,6.1300,31153512,188311259.3600,3,1.561000,1,-1.794500,22.304002,0.695410,-67.522146,2.787877,0
2022-02-15,sh.600577,6.0700,6.4800,6.0100,6.2500,6.0200,33763566,210265089.1400,3,1.691800,1,3.820600,23.156148,0.721979,-70.101896,2.894391,0
2022-02-16,sh.600577,6.2300,6.3600,6.1900,6.3100,6.2500,26179765,164172640.6800,3,1.311800,1,0.960000,23.378447,0.728910,-70.774874,2.922177,0
2022-02-17,sh.600577,6.2800,6.4900,6.2300,6.4200,6.3100,32234211,206191344.5800,3,1.615200,1,1.743300,23.785995,0.741617,-72.008668,2.973118,0
2022-02-18,sh.600577,6.4000,6.4000,6.2500,6.2900,6.4200,24506128,154347675.9500,3,1.227900,1,-2.024900,23.304347,0.726600,-70.550548,2.912915,0
2022-02-21,sh.600577,6.2900,6.3100,6.2000,6.2800,6.2900,17253475,107874005.0600,3,0.864500,1,-0.159000,23.267297,0.725445,-70.438385,2.908284,0
2022-02-22,sh.600577,6.2500,6.2700,6.1500,6.2100,6.2800,21471427,133000849.8600,3,1.075900,1,-1.114600,23.007948,0.717358,-69.653244,2.875867,0
2022-02-23,sh.600577,6.2000,6.5100,6.1900,6.4700,6.2100,47618624,305382310.9300,3,2.386100,1,4.186800,23.971244,0.747393,-72.569483,2.996273,0
2022-02-24,sh.600577,6.4500,6.9500,6.4100,6.6000,6.4700,90348455,605598732.9200,3,4.527100,1,2.009300,24.452892,0.762410,-74.027602,3.056476,0
2022-02-25,sh.600577,6.6900,6.8500,6.6900,6.7700,6.6000,53851407,364158610.9500,3,2.698400,1,2.575800,25.082739,0.782048,-75.934374,3.135204,0
2022-02-28,sh.600577,6.7700,6.8400,6.6500,6.7200,6.7700,27508792,184881427.0000,3,1.378400,1,-0.738600,24.897490,0.776272,0.000000,3.112049,0
2022-03-01,sh.600577,6.7000,7.0700,6.7000,6.9800,6.7200,50642087,351168160.0000,3,2.537600,1,3.869000,25.860786,0.806306,-78.289797,3.232455,0
2022-03-02,sh.600577,6.9200,6.9400,6.6600,6.7000,6.9800,44546954,300589488.0000,3,2.232100,1,-4.011500,24.823390,0.773962,-75.149232,3.102787,0
2022-03-03,sh.600577,6.7200,6.7700,6.4800,6.5300,6.7000,36515477,238740384.0000,3,1.829700,1,-2.537300,24.193543,0.754324,-73.242461,3.024059,0
2022-03-04,sh.600577,6.4500,6.5300,6.2400,6.2700,6.5300,40424466,256933104.0000,3,2.025600,1,-3.981600,23.230248,0.724289,-70.326222,2.903653,0
2022-03-07,sh.600577,6.2800,6.2900,5.9200,5.9500,6.2700,49083458,296970608.0000,3,2.459500,1,-5.103700,22.044653,0.687324,-66.737005,2.755460,0
2022-03-08,sh.600577,5.9500,6.0000,5.3600,5.4400,5.9500,93644252,520001664.0000,3,4.692300,1,-8.571400,20.155111,0.628411,-61.016690,2.519278,0
2022-03-09,sh.600577,5.4800,5.5200,5.1000,5.3900,5.4400,46908019,252056335.0000,3,2.350400,1,-0.919100,19.969862,0.622635,-60.455875,2.496122,0
2022-03-10,sh.600577,5.5100,5.7600,5.5100,5.7000,5.3900,54514803,308499680.0000,3,2.731600,1,5.751400,21.118407,0.658445,-63.932929,2.639684,0
2022-03-11,sh.600577,5.6000,5.7900,5.5200,5.7400,5.7000,36666723,206747153.0000,3,1.837300,1,0.701800,21.266606,0.663066,-64.381581,2.658208,0
2022-03-14,sh.600577,5.6800,5.7200,5.5000,5.5000,5.7400,24024324,134279800.0000,3,1.203800,1,-4.181200,20.377410,0.635342,-61.689668,2.547064,0
2022-03-15,sh.600577,5.4600,5.5400,5.2600,5.2800,5.5000,37172041,199393194.0000,3,1.862600,1,-4.000000,19.562314,0.609928,-59.222082,2.445181,0
2022-03-16,sh.600577,5.3900,5.5500,5.1500,5.5400,5.2800,47087351,252954847.0000,3,2.359400,1,4.924200,20.525609,0.639962,-62.138321,2.565588,0
2022-03-17,sh.600577,5.6100,5.8600,5.6100,5.7000,5.5400,46272016,266514253.0000,3,2.318600,1,2.888100,21.118407,0.658445,-63.932929,2.639684,0
2022-03-18,sh.600577,5.6500,5.7000,5.5500,5.6500,5.7000,26588600,149733699.8400,3,1.332300,1,-0.877200,20.933158,0.652669,-63.372114,2.616529,0
2022-03-21,sh.600577,5.6600,5.7900,5.5800,5.7100,5.6500,23107874,131447353.4500,3,1.157900,1,1.061900,21.155457,0.659600,-64.045092,2.644315,0
2022-03-22,sh.600577,5.5600,5.7100,5.5600,5.6400,5.7100,18384385,103854275.7500,3,0.921200,1,-1.225900,20.896108,0.651514,-63.259951,2.611898,0
2022-03-23,sh.600577,5.6500,5.8100,5.6300,5.7200,5.6400,19295603,110370842.9900,3,0.966900,1,1.418400,21.192506,0.660755,-64.157255,2.648946,0
2022-03-24,sh.600577,5.6500,5.6900,5.5600,5.6200,5.7200,18774249,105543518.5200,3,0.940700,1,-1.748300,20.822008,0.649204,-63.035625,2.602636,0
2022-03-25,sh.600577,5.5700,5.6500,5.5100,5.5200,5.6200,21731024,121282515.6800,3,1.088900,1,-1.779400,20.451510,0.637652,-61.913995,2.556326,0
2022-03-28,sh.600577,5.5200,5.5300,5.3200,5.4500,5.5200,19141607,103320358.8100,3,0.959100,1,-1.268100,20.192161,0.629566,-61.128853,2.523909,0
2022-03-29,sh.600577,5.4600,5.5500,5.2000,5.2400,5.4500,32066055,170295947.6500,3,1.606800,1,-3.853200,19.414114,0.605307,-58.773430,2.426657,0
2022-03-30,sh.600577,5.2900,5.5100,5.2800,5.4500,5.2400,35258710,190707525.9700,3,1.766700,1,4.007600,20.192161,0.629566,-61.128853,2.523909,0
2022-03-31,sh.600577,5.4100,5.4100,5.2000,5.2200,5.4500,33119844,174729420.3400,3,1.659600,1,-4.220200,19.340015,0.602997,-58.549104,2.417395,0
2022-04-01,sh.600577,5.1800,5.2700,5.0800,5.2200,5.2200,22458768,116164363.1500,3,1.125300,1,0.000000,19.340435,0.603010,-58.550377,2.417448,0
2022-04-06,sh.600577,5.2100,5.2100,5.0600,5.1300,5.2200,31295556,159846192.8600,3,1.568100,1,-1.724100,19.006980,0.592613,-57.540888,2.375768,0
2022-04-07,sh.600577,5.1000,5.1000,4.9200,4.9500,5.1300,28396913,141815397.1300,3,1.422900,1,-3.508800,18.340068,0.571820,-55.521910,2.292407,0
2022-04-08,sh.600577,4.9600,4.9700,4.7300,4.8100,4.9500,36106291,173694957.5200,3,1.809200,1,-2.828300,17.821359,0.555647,-53.951593,2.227571,0
2022-04-11,sh.600577,4.7400,4.7900,4.5400,4.6000,4.8100,36484258,169240947.1200,3,1.828100,1,-4.365900,17.043296,0.531388,-51.596118,2.130318,0
2022-04-12,sh.600577,4.5600,4.7500,4.5300,4.7500,4.6000,23834846,110320834.1800,3,1.194300,1,3.260900,17.599055,0.548716,-53.278600,2.199785,0
2022-04-13,sh.600577,4.7400,4.7400,4.5500,4.5800,4.7500,20172600,93441556.0000,3,1.010800,1,-3.578900,16.969194,0.529078,-51.371787,2.121056,0
2022-04-14,sh.600577,4.6200,4.6800,4.5200,4.5800,4.5800,16317900,74905634.0000,3,0.817600,1,0.000000,16.969194,0.529078,-51.371787,2.121056,0
2022-04-15,sh.600577,4.5300,4.6000,4.4700,4.5600,4.5800,15814454,71661799.8600,3,0.792400,1,-0.436700,16.895093,0.526767,-51.147456,2.111793,0
2022-04-18,sh.600577,4.5600,4.8000,4.4800,4.7500,4.5600,31761411,149383370.5200,3,1.591500,1,4.166700,17.599055,0.548716,-53.278600,2.199785,0
2022-04-19,sh.600577,4.7900,4.8500,4.6900,4.7300,4.7500,31301221,149197123.2400,3,1.568400,1,-0.421100,17.190376,0.515004,24.573082,2.159322,0
2022-04-20,sh.600577,4.8500,4.9700,4.7300,4.7500,4.7300,40238361,194991156.4100,3,2.016200,1,0.422800,17.263062,0.517182,24.676985,2.168452,0
2022-04-21,sh.600577,4.6800,4.7400,4.5000,4.5500,4.7500,28400579,130865796.3700,3,1.423100,1,-4.210500,16.536196,0.495406,23.637954,2.077149,0
2022-04-22,sh.600577,4.5000,4.5000,4.3600,4.4200,4.5500,25526609,112897976.4400,3,1.279000,1,-2.857100,16.063734,0.481251,22.962584,2.017802,0
2022-04-25,sh.600577,4.3500,4.3500,4.1300,4.1900,4.4200,36901827,155161155.3500,3,1.849000,1,-5.203600,15.227838,0.456209,21.767698,1.912803,0
2022-04-26,sh.600577,4.1600,4.2500,4.0200,4.0300,4.1900,34209104,141535716.7100,3,1.714100,1,-3.818600,14.646345,0.438788,20.936473,1.839761,0
2022-04-27,sh.600577,3.9500,4.2700,3.9400,4.2500,4.0300,37989889,156764554.2500,3,1.903500,1,5.459100,15.445898,0.462742,22.079407,1.940194,0
2022-04-28,sh.600577,4.2000,4.2300,4.0500,4.1600,4.2500,24605990,101807437.8700,3,1.232900,1,-2.117600,15.118808,0.452942,21.611844,1.899108,0
2022-04-29,sh.600577,4.1400,4.2600,4.0000,4.2400,4.1600,37240865,154801222.2900,3,1.866000,1,1.923100,15.738194,0.446115,-43.749861,1.891390,0
2022-05-05,sh.600577,4.2700,4.4600,4.2700,4.3500,4.2400,44976600,196026324.2700,3,2.253600,1,2.594300,16.146496,0.457688,-44.884881,1.940459,0
2022-05-06,sh.600577,4.2500,4.2600,4.1500,4.1600,4.3500,20339331,85481012.9600,3,1.019100,1,-4.367800,15.441247,0.437697,-42.924392,1.855704,0
2022-05-09,sh.600577,4.1600,4.2300,4.1400,4.1800,4.1600,13144044,54916300.5600,3,0.658600,1,0.480800,15.515483,0.439802,-43.130759,1.864625,0
2022-05-10,sh.600577,4.1000,4.3200,4.0800,4.3200,4.1800,29344978,125048230.2600,3,1.470400,1,3.349300,16.035141,0.454532,-44.575330,1.927077,0
2022-05-11,sh.600577,4.3300,4.7500,4.3000,4.7500,4.3200,50924005,234769399.4500,3,2.551600,1,9.953700,17.631231,0.499775,-49.012226,2.118892,0
2022-05-12,sh.600577,4.7500,5.1400,4.7000,4.8700,4.7500,114496991,560098900.9400,3,5.737000,1,2.526300,18.076652,0.512401,-50.250430,2.172422,0
2022-05-13,sh.600577,4.9100,4.9400,4.7500,4.8500,4.8700,55105425,265480318.1100,3,2.761100,1,-0.410700,18.002415,0.510296,-50.044062,2.163501,0
2022-05-16,sh.600577,4.8700,4.9300,4.6600,4.7000,4.8500,40845437,194489303.7800,3,2.046600,1,-3.092800,17.445639,0.494514,-48.496308,2.096588,0
2022-05-17,sh.600577,4.6900,4.9100,4.6100,4.8400,4.7000,52911117,253556719.9400,3,2.651200,1,2.978700,17.965297,0.509244,-49.940879,2.159040,0
2022-05-18,sh.600577,4.8900,5.0300,4.8100,4.8700,4.8400,54866531,269638309.0700,3,2.749200,1,0.619800,18.076652,0.512401,-50.250430,2.172422,0
2022-05-19,sh.600577,4.7800,4.9300,4.6900,4.8900,4.8700,48724981,235295848.9400,3,2.441400,1,0.410700,18.150889,0.514505,-50.456797,2.181344,0
2022-05-20,sh.600577,4.9200,5.0800,4.8100,5.0200,4.8900,73796791,366177551.3000,3,3.697700,1,2.658500,18.633427,0.528183,-51.798184,2.239335,0
2022-05-23,sh.600577,5.1100,5.1700,4.9400,5.0200,5.0200,67842376,341895622.3400,3,3.399300,1,0.000000,18.633427,0.528183,-51.798184,2.239335,0
2022-05-24,sh.600577,5.0500,5.0900,4.6300,4.6500,5.0200,61734314,298736632.1600,3,3.093300,1,-7.370500,17.260047,0.489253,-47.980390,2.074284,0
2022-05-25,sh.600577,4.6100,4.7300,4.5400,4.6900,4.6500,41615952,192784020.3600,3,2.085200,1,0.860200,17.408633,0.493465,-48.393436,2.092141,0
2022-05-26,sh.600577,4.7000,4.7400,4.5700,4.6700,4.6900,32572824,151571571.2300,3,1.632100,1,-0.426400,17.334396,0.491361,-48.187068,2.083219,0
2022-05-27,sh.600577,4.7400,4.9100,4.5700,4.6300,4.6700,46028878,218094775.3500,3,2.306300,1,-0.856500,17.185921,0.487152,-47.774330,2.065376,0
2022-05-30,sh.600577,4.6200,4.6600,4.4600,4.6000,4.6300,37409443,170230492.1800,3,1.874400,1,-0.647900,17.074566,0.483995,-47.464777,2.051993,0
2022-05-31,sh.600577,4.5800,4.6800,4.5000,4.6500,4.5700,34867934,160363413.3400,3,1.747100,1,1.750500,17.260159,0.489256,-47.980699,2.074297,0
2022-06-01,sh.600577,4.6800,4.8900,4.6500,4.8000,4.6500,58166099,277883893.1000,3,2.914500,1,3.225800,17.816938,0.505039,-49.528463,2.141210,0
2022-06-02,sh.600577,4.8000,5.0100,4.7700,4.9900,4.8000,64372603,317157645.3900,3,3.225500,1,3.958300,18.522192,0.525030,-51.488965,2.225967,0
2022-06-06,sh.600577,5.0200,5.2000,4.9500,5.1200,4.9900,71839448,366390581.0900,3,3.599600,1,2.605200,19.004734,0.538708,-52.830361,2.283958,0
2022-06-07,sh.600577,5.1200,5.1800,4.9700,5.0200,5.1200,53518311,271319262.3600,3,2.681600,1,-1.953100,18.633548,0.528186,-51.798518,2.239349,0
2022-06-08,sh.600577,5.0000,5.0600,4.7800,4.9600,5.0200,53940074,265420442.6200,3,2.702700,1,-1.195200,18.410836,0.521873,-51.179412,2.212584,0
2022-06-09,sh.600577,4.9400,4.9500,4.7800,4.7900,4.9600,36454556,176370503.6400,3,1.826600,1,-3.427400,17.779819,0.503987,-49.425279,2.136749,0
2022-06-10,sh.600577,4.7400,5.2700,4.7400,5.2700,4.7900,72735347,369738844.7200,3,3.644500,1,10.020900,19.561513,0.554490,-54.378126,2.350870,0
2022-06-13,sh.600577,5.4200,5.5000,5.2400,5.4300,5.2700,149786859,806544127.0500,3,7.505200,1,3.036100,20.155411,0.571325,-56.029074,2.422244,0
2022-06-14,sh.600577,5.3500,5.3700,5.0700,5.3100,5.4300,106735851,558436468.3600,3,5.348100,1,-2.209900,19.709988,0.558699,-54.790863,2.368714,0
2022-06-15,sh.600577,5.2600,5.5000,5.2100,5.3300,5.3100,95527372,511334071.8000,3,4.786500,1,0.376600,19.784225,0.560803,-54.997231,2.377636,0
2022-06-16,sh.600577,5.3200,5.4300,5.2500,5.2900,5.3300,52378692,278579329.7300,3,2.624500,1,-0.750500,19.635750,0.556595,-54.584494,2.359792,0
2022-06-17,sh.600577,5.2200,5.4500,5.1900,5.4400,5.2900,76467876,409494746.9100,3,3.831500,1,2.835500,20.192530,0.572377,-56.132259,2.426705,0
2022-06-20,sh.600577,5.4600,5.8500,5.4500,5.7300,5.4400,111425360,628932039.8500,3,5.583100,1,5.330900,21.268970,0.602890,-59.124603,2.556070,0
2022-06-21,sh.600577,5.7500,5.7500,5.4000,5.4800,5.7300,78357286,434834934.5800,3,3.926200,1,-4.363000,20.341004,0.576586,-56.544996,2.444548,0
2022-06-22,sh.600577,5.4900,5.5300,5.3800,5.3900,5.4800,42769100,232964453.5200,3,2.143000,1,-1.642300,20.006937,0.567116,-55.616337,2.404401,0
2022-06-23,sh.600577,5.4100,5.9300,5.3100,5.9300,5.3900,141928239,818310647.2100,3,7.111500,1,10.018600,22.011342,0.623933,-61.188289,2.645287,0
2022-06-24,sh.600577,6.0400,6.2600,5.8700,6.0500,5.9300,177390763,1070841889.8100,3,8.888400,1,2.023600,22.456766,0.636559,-62.426501,2.698817,0
2022-06-27,sh.600577,6.0500,6.3800,5.9500,6.3400,6.0500,122324271,755137463.0800,3,6.129200,1,4.793400,23.533206,0.667072,-65.418845,2.828182,0
2022-06-28,sh.600577,6.2500,6.4300,6.1600,6.2500,6.3400,74267306,465665291.5700,3,3.721200,1,-1.419600,23.199138,0.657603,-64.490187,2.788034,0
2022-06-29,sh.600577,6.2600,6.2900,5.6300,5.6300,6.2500,138510983,810839092.1700,3,6.940200,1,-9.920000,20.897783,0.592368,-58.092760,2.511461,0
2022-06-30,sh.600577,5.5500,5.6300,5.3800,5.5500,5.6300,114110667,629288385.5000,3,5.717600,1,-1.421000,20.600834,0.583951,-57.267286,2.475774,0
2022-07-01,sh.600577,5.5000,5.5400,5.3300,5.4500,5.5500,74340508,403582479.1100,3,3.724900,1,-1.801800,20.229818,0.573434,-56.235915,2.431186,0
2022-07-04,sh.600577,5.4400,5.4700,5.3000,5.4200,5.4500,55930153,301835781.1700,3,2.802400,1,-0.550500,20.118461,0.570278,-55.926359,2.417804,0
2022-07-05,sh.600577,5.5000,5.5700,5.4100,5.5400,5.4200,67100219,368511489.7400,3,3.362100,1,2.214000,20.563888,0.582904,-57.164581,2.471334,0
2022-07-06,sh.600577,5.5000,5.5800,5.2900,5.3700,5.5400,68230406,369348522.3100,3,3.418700,1,-3.068600,19.932867,0.565017,-55.410434,2.395499,0
2022-07-07,sh.600577,5.3900,5.8000,5.3400,5.7000,5.3700,105644659,591878966.6900,3,5.293400,1,6.145300,21.157791,0.599739,-58.815544,2.542709,0
2022-07-08,sh.600577,5.6700,5.7400,5.4500,5.5100,5.7000,71313048,397050485.3500,3,3.573200,1,-3.333300,20.452532,0.579747,-56.855026,2.457952,0
2022-07-11,sh.600577,5.5000,5.5000,5.2500,5.3300,5.5100,55439145,295753678.8500,3,2.777800,1,-3.266800,19.784391,0.560808,-54.997693,2.377656,0
2022-07-12,sh.600577,5.3700,5.4300,5.2100,5.2200,5.3300,43446068,230405614.2700,3,2.176900,1,-2.063800,19.376083,0.549234,-53.862656,2.328586,0
2022-07-13,sh.600577,5.2500,5.3400,5.2000,5.3100,5.2200,37889467,200302223.7700,3,1.898500,1,1.724100,19.710153,0.558704,-54.791323,2.368734,0
2022-07-14,sh.600577,5.3200,5.6500,5.2800,5.5100,5.3100,78755512,435104035.5700,3,3.946100,1,3.766500,20.452532,0.579747,-56.855026,2.457952,0
2022-07-15,sh.600577,5.5000,5.7200,5.4300,5.5200,5.5100,76677534,425324132.5600,3,3.842000,1,0.181500,20.489651,0.580799,-56.958211,2.462412,0
2022-07-18,sh.600577,5.5400,5.8500,5.5400,5.7400,5.5200,82739850,470709895.7500,3,4.145700,1,3.985500,21.306267,0.603947,-59.228285,2.560552,0
2022-07-19,sh.600577,5.9500,6.3100,5.9500,6.2000,5.7400,251180978,1549360876.6200,3,12.585600,1,8.013900,23.013738,0.652347,-63.974802,2.765753,0
2022-07-20,sh.600577,6.1900,6.6600,5.9600,6.5300,6.2000,217861788,1376861205.8000,3,10.916100,1,5.322600,24.238663,0.687069,-67.379913,2.912963,0
2022-07-21,sh.600577,6.5300,6.6500,6.1700,6.1900,6.5300,144674366,918376131.3000,3,7.249000,1,-5.206700,22.976619,0.651295,-63.871617,2.761292,0
2022-07-22,sh.600577,6.1900,6.4300,6.1500,6.3000,6.1900,90639862,568580573.7400,3,4.541600,1,1.777100,23.384927,0.662869,-65.006654,2.810362,0
2022-07-25,sh.600577,6.3500,6.3500,6.0500,6.1100,6.3000,61363567,378059426.2700,3,3.074700,1,-3.015900,22.679668,0.642878,-63.046136,2.725605,0
2022-07-26,sh.600577,6.1000,6.4000,6.0400,6.3300,6.1100,57529255,359026865.1200,3,2.882500,1,3.600700,23.496284,0.666025,-65.316209,2.823745,0
2022-07-27,sh.600577,6.4000,6.5500,6.3200,6.3800,6.3300,75667206,485324340.1800,3,3.791400,1,0.789900,23.681879,0.671286,-65.832135,2.846049,0
2022-07-28,sh.600577,6.3900,6.7500,6.2800,6.6100,6.3800,118706668,773734069.8100,3,5.947900,1,3.605000,24.535614,0.695486,-68.205394,2.948650,0
2022-07-29,sh.600577,6.5900,6.6000,6.3600,6.3600,6.6100,82681636,536232873.6900,3,4.142800,1,-3.782100,23.607641,0.669182,-65.625765,2.837127,0
2022-08-01,sh.600577,6.4000,6.9200,6.3500,6.8200,6.3600,125737216,833449963.9300,3,6.300100,1,7.232700,25.315112,0.717582,-70.372283,3.042328,0
2022-08-02,sh.600577,6.7700,7.3000,6.5800,6.9700,6.8200,201796549,1396660114.4100,3,10.111100,1,2.199400,25.871896,0.733364,-71.920060,3.109242,0
2022-08-03,sh.600577,7.0800,7.1600,6.4800,6.5000,6.9700,144694899,984229941.5700,3,7.250000,1,-6.743200,24.127306,0.683912,-67.070357,2.899580,0
2022-08-04,sh.600577,6.5500,6.7500,6.3800,6.5000,6.5000,80594233,527173756.0000,3,4.038200,1,0.000000,24.127306,0.683912,-67.070357,2.899580,0
2022-08-05,sh.600577,6.4800,6.7000,6.2100,6.3800,6.5000,94206688,600459571.0000,3,4.720300,1,-1.846200,23.681879,0.671286,-65.832135,2.846049,0
2022-08-08,sh.600577,6.2900,6.4700,6.0800,6.3800,6.3800,67448234,424880659.0000,3,3.379500,1,0.000000,23.681879,0.671286,-65.832135,2.846049,0
2022-08-09,sh.600577,6.3900,6.5800,6.3200,6.3800,6.3800,57072598,365958621.0000,3,2.859700,1,0.000000,23.681879,0.671286,-65.832135,2.846049,0
2022-08-10,sh.600577,6.3900,6.6400,6.2800,6.5400,6.3800,83569572,542535823.0000,3,4.187300,1,2.507800,24.275782,0.688121,-67.483098,2.917423,0
2022-08-11,sh.600577,6.5500,6.7200,6.3600,6.6400,6.5400,84681026,556554637.0000,3,4.243000,1,1.529100,24.646971,0.698643,-68.514950,2.962032,0
2022-08-12,sh.600577,6.8000,6.8300,6.4400,6.4800,6.6400,75095973,496147811.0000,3,3.762700,1,-2.409600,24.053068,0.681808,-66.863987,2.890658,0
2022-08-15,sh.600577,6.3600,6.5100,6.2500,6.3800,6.4800,44608346,285735615.6000,3,2.235100,1,-1.543200,23.681879,0.671286,-65.832135,2.846049,0
2022-08-16,sh.600577,6.4500,6.5700,6.3600,6.3900,6.3800,61265234,395166849.0600,3,3.069700,1,0.156700,23.718998,0.672338,-65.935320,2.850510,0
2022-08-17,sh.600577,6.3700,6.4400,6.2700,6.3300,6.3900,50146305,318156946.9000,3,2.512600,1,-0.939000,23.496284,0.666025,-65.316209,2.823745,0
2022-08-18,sh.600577,6.3300,6.5400,6.3100,6.4400,6.3300,63673993,410625841.5900,3,3.190400,1,1.737800,23.904592,0.677599,-66.451246,2.872815,0
2022-08-19,sh.600577,6.3800,6.4000,6.1600,6.1600,6.4400,63248636,394797130.3800,3,3.169100,1,-4.347800,22.865262,0.648138,-63.562062,2.747910,0
2022-08-22,sh.600577,6.1600,6.2000,5.9300,6.1300,6.1600,66740123,405568841.5900,3,3.344100,1,-0.487000,22.753905,0.644982,-63.252506,2.734527,0
2022-08-23,sh.600577,6.0600,6.3400,6.0100,6.2100,6.1300,68641208,426177260.7300,3,3.439300,1,1.305100,27.092375,0.663813,88.396127,2.738681,0
2022-08-24,sh.600577,6.1900,6.2100,5.6000,5.6300,6.2100,111057830,646476754.6400,3,5.564600,1,-9.339800,24.562008,0.601814,80.140128,2.482895,0
2022-08-25,sh.600577,5.6700,5.6900,5.3300,5.4900,5.6300,76829963,420695690.3200,3,3.849600,1,-2.486700,23.951230,0.586849,78.147300,2.421153,0
2022-08-26,sh.600577,5.4900,5.5500,5.3500,5.4000,5.4900,44952778,244820384.9100,3,2.252400,1,-1.639300,23.558587,0.577229,76.866197,2.381462,0
2022-08-29,sh.600577,5.2800,5.4400,5.1500,5.4300,5.4000,32920047,176016921.2900,3,1.649500,1,0.555600,23.689468,0.580435,77.293231,2.394692,0
2022-08-30,sh.600577,5.4400,5.4600,5.3000,5.3000,5.4300,32158261,172234824.9100,3,1.611300,1,-2.394100,23.122317,0.566539,75.442749,2.337361,0
2022-08-31,sh.600577,5.3300,5.3300,5.0100,5.0300,5.3000,54621797,279174387.6100,3,2.736900,1,-5.094300,21.944387,0.537678,71.599439,2.218288,0
2022-09-01,sh.600577,5.0500,5.1000,4.9800,4.9900,5.0300,31413002,157884146.7500,3,1.574000,1,-0.795200,21.769879,0.533402,71.030060,2.200647,0
2022-09-02,sh.600577,5.0300,5.0400,4.9300,5.0200,4.9900,26096212,130300107.1200,3,1.307600,1,0.601200,21.900760,0.536609,71.457094,2.213878,0
2022-09-05,sh.600577,5.0000,5.0600,4.9500,4.9700,5.0200,23022654,114852684.9300,3,1.153600,1,-0.996000,21.682625,0.531264,70.745370,2.191827,0
2022-09-06,sh.600577,4.9800,5.1800,4.9600,5.1800,4.9700,36463557,185930188.9400,3,1.827000,1,4.225400,22.598792,0.553712,73.734611,2.284440,0
2022-09-07,sh.600577,5.1500,5.2600,5.1300,5.2100,5.1800,27755383,144331833.5900,3,1.390700,1,0.579200,22.729673,0.556919,74.161646,2.297670,0
2022-09-08,sh.600577,5.1900,5.2200,5.0900,5.0900,5.2100,19443082,99900371.3800,3,0.974200,1,-2.303300,22.206149,0.544091,72.453508,2.244749,0
2022-09-09,sh.600577,5.0800,5.1100,5.0100,5.0900,5.0900,20410896,103210821.9000,3,1.022700,1,0.000000,22.206149,0.544091,72.453508,2.244749,0
2022-09-13,sh.600577,5.0900,5.1300,5.0500,5.0800,5.0900,14278387,72554831.0900,3,0.715400,1,-0.196500,22.162522,0.543023,72.311163,2.240338,0
2022-09-14,sh.600577,4.9700,5.0300,4.9500,5.0000,5.0800,15474247,77190839.5300,3,0.775300,1,-1.574800,21.813506,0.534471,71.172405,2.205058,0
2022-09-15,sh.600577,5.0000,5.0300,4.6500,4.7500,5.0000,44244377,212719649.2000,3,2.216900,1,-5.000000,20.722831,0.507747,67.613784,2.094805,0
2022-09-16,sh.600577,4.7700,4.7800,4.6400,4.6400,4.7500,18523468,87148985.7600,3,0.928100,1,-2.315800,20.242934,0.495989,66.047991,2.046293,0
2022-09-19,sh.600577,4.6700,4.6800,4.5400,4.6000,4.6400,18340067,84418153.5900,3,0.918900,1,-0.862100,20.068426,0.491713,65.478612,2.028653,0
2022-09-20,sh.600577,4.6200,4.7600,4.6200,4.6900,4.6000,19802307,93047646.3700,3,0.992200,1,1.956500,20.461069,0.501334,66.759716,2.068344,0
2022-09-21,sh.600577,4.6700,4.7500,4.6000,4.7300,4.6900,16075513,75241845.8400,3,0.805500,1,0.852900,20.635577,0.505610,67.329095,2.085984,0
2022-09-22,sh.600577,4.7200,4.7900,4.6600,4.7100,4.7300,14692522,69518517.4300,3,0.736200,1,-0.422800,20.548323,0.503472,67.044405,2.077164,0
2022-09-23,sh.600577,4.7100,4.7400,4.5400,4.5500,4.7100,26288422,121420700.1000,3,1.317200,1,-3.397000,19.850291,0.486369,64.766888,2.006602,0
2022-09-26,sh.600577,4.5200,4.6200,4.4800,4.5300,4.5500,20227882,92141393.4900,3,1.013500,1,-0.439600,19.763037,0.484231,64.482199,1.997782,0
2022-09-27,sh.600577,4.5600,4.7100,4.5600,4.7000,4.5300,25915245,120030981.9800,3,1.298500,1,3.752800,20.504696,0.502403,66.902060,2.072754,0
2022-09-28,sh.600577,4.6600,4.7000,4.4000,4.4000,4.7000,34365465,154758219.7600,3,1.721900,1,-6.383000,19.195885,0.470334,62.631716,1.940451,0
2022-09-29,sh.600577,4.4600,4.4800,4.3800,4.4200,4.4000,14644218,64854013.0200,3,0.733800,1,0.454500,19.283139,0.472472,62.916406,1.949271,0
2022-09-30,sh.600577,4.4200,4.4300,4.2500,4.2700,4.4200,25476424,110140533.8500,3,1.276500,1,-3.393700,18.628734,0.456438,60.781234,1.883119,0
2022-10-10,sh.600577,4.2900,4.3300,4.1700,4.2000,4.2700,21210465,90122719.1800,3,1.062800,1,-1.639300,18.323345,0.448956,59.784820,1.852248,0
2022-10-11,sh.600577,4.2300,4.3400,4.2100,4.2900,4.2000,17176953,73509190.1500,3,0.860700,1,2.142900,18.716057,0.458578,61.066146,1.891946,0
2022-10-12,sh.600577,4.3000,4.4600,4.2000,4.4500,4.2900,26915674,116266314.5300,3,1.348600,1,3.729600,19.414091,0.475681,63.343672,1.962508,0
2022-10-13,sh.600577,4.4300,4.5200,4.3900,4.4400,4.4500,21462684,95843543.3400,3,1.075400,1,-0.224700,19.370464,0.474612,63.201326,1.958098,0
2022-10-14,sh.600577,4.4800,4.5700,4.4400,4.5500,4.4400,27658916,125009596.9800,3,1.385900,1,2.477500,19.850363,0.486370,64.767125,2.006610,0
2022-10-17,sh.600577,4.5100,4.6300,4.4900,4.6100,4.5500,24289390,110633343.6100,3,1.217000,1,1.318700,20.112126,0.492784,65.621197,2.033070,0
2022-10-18,sh.600577,4.6500,4.6800,4.5400,4.5700,4.6100,17331774,79433475.4500,3,0.868400,1,-0.867700,19.937618,0.488508,65.051816,2.015430,0
2022-10-19,sh.600577,4.5800,4.6400,4.5000,4.5300,4.5700,25854153,118411665.2900,3,1.295400,1,-0.875300,19.763109,0.484232,64.482434,1.997789,0
2022-10-20,sh.600577,4.5200,4.5700,4.3900,4.4900,4.5300,25790330,115681514.8000,3,1.292200,1,-0.883000,19.588600,0.479957,63.913053,1.980149,0
2022-10-21,sh.600577,4.5200,4.5700,4.4500,4.4800,4.4900,15995600,71986109.0000,3,0.801500,1,-0.222700,19.544973,0.478888,63.770708,1.975739,0
2022-10-24,sh.600577,4.4800,4.5800,4.3700,4.3900,4.4800,22592904,101007161.7600,3,1.132000,1,-2.008900,19.152328,0.469267,62.489600,1.936048,0
2022-10-25,sh.600577,4.4100,4.5000,4.3000,4.4500,4.3900,22592591,99388751.7000,3,1.132000,1,1.366700,19.414091,0.475681,63.343672,1.962508,0
2022-10-26,sh.600577,4.4700,4.6000,4.4100,4.5600,4.4500,24718053,111920168.3300,3,1.238500,1,2.471900,19.893990,0.487439,64.909470,2.011020,0
2022-10-27,sh.600577,4.5600,4.6200,4.4400,4.4500,4.5600,22652276,102354586.7200,3,1.135000,1,-2.412300,19.414091,0.475681,63.343672,1.962508,0
2022-10-28,sh.600577,4.4100,4.4400,4.2400,4.2800,4.4500,30073153,129661973.5500,3,1.506800,1,-3.820200,18.672430,0.457509,60.923801,1.887536,0
2022-10-31,sh.600577,4.1800,4.3000,4.1700,4.2600,4.2800,20287773,85783062.6000,3,1.016500,1,-0.467300,21.485638,0.472853,-22.581135,1.837563,0
2022-11-01,sh.600577,4.2600,4.4400,4.2400,4.4400,4.2600,26337836,115403887.4900,3,1.319700,1,4.225400,22.393482,0.492832,-23.535268,1.915207,0
2022-11-02,sh.600577,4.4400,4.4800,4.3900,4.4300,4.4400,40829810,180834746.8900,3,2.045800,1,-0.225200,22.343047,0.491722,-23.482260,1.910893,0
2022-11-03,sh.600577,4.4100,4.5400,4.3800,4.4700,4.4300,32777290,146312952.1200,3,1.642300,1,0.902900,22.544790,0.496162,-23.694290,1.928148,0
2022-11-04,sh.600577,4.4700,4.6800,4.4400,4.6500,4.4700,46323691,213903915.0500,3,2.321100,1,4.026800,23.452634,0.516142,-24.648422,2.005791,0
2022-11-07,sh.600577,4.6700,4.7000,4.5500,4.6300,4.6500,34956340,161317664.0200,3,1.751500,1,-0.430100,23.351762,0.513922,-24.542408,1.997164,0
2022-11-08,sh.600577,4.6400,4.6500,4.5400,4.5800,4.6300,25160270,115062488.4400,3,1.260700,1,-1.079900,24.064096,0.529599,-25.291062,2.058087,0
2022-11-09,sh.600577,4.5700,4.7000,4.5400,4.5900,4.5800,30474481,140986254.2100,3,1.526900,1,0.218300,24.116638,0.530755,-25.346282,2.062580,0
2022-11-10,sh.600577,4.5800,4.5900,4.4700,4.5100,4.5900,29433805,133063735.9000,3,1.474800,1,-1.742900,23.696304,0.521505,-24.904517,2.026631,0
2022-11-11,sh.600577,4.6300,4.6700,4.5200,4.5500,4.5100,31990700,146213260.5200,3,1.602900,1,0.886900,23.906471,0.526130,-25.125400,2.044606,0
2022-11-14,sh.600577,4.5700,4.5800,4.4500,4.4700,4.5500,26166314,117999707.2200,3,1.311100,1,-1.758200,23.486137,0.516879,-24.683634,2.008656,0
2022-11-15,sh.600577,4.4800,4.6400,4.4400,4.6400,4.4700,41832211,191472097.3100,3,2.096000,1,3.803100,24.379346,0.536537,-25.622386,2.085048,0
2022-11-16,sh.600577,4.6500,4.6500,4.5500,4.5900,4.6400,24580573,112811599.8800,3,1.231600,1,-1.077600,24.116638,0.530755,-25.346282,2.062580,0
2022-11-17,sh.600577,4.5900,4.6000,4.5100,4.5400,4.5900,20242274,91731169.3500,3,1.014200,1,-1.089300,23.853929,0.524974,-25.070179,2.040112,0
2022-11-18,sh.600577,4.5400,4.5800,4.4900,4.4900,4.5400,20391284,92424687.0000,3,1.021700,1,-1.101300,23.591221,0.519192,-24.794076,2.017644,0
2022-11-21,sh.600577,4.5400,4.7300,4.5100,4.6800,4.4900,51595022,238938951.4300,3,2.585200,1,4.231600,24.589529,0.541163,-25.843285,2.103024,0
2022-11-22,sh.600577,4.6900,4.7100,4.5900,4.6200,4.6800,33003138,153019793.5600,3,1.653600,1,-1.282100,24.274279,0.534225,-25.511961,2.076062,0
2022-11-23,sh.600577,4.6000,4.6500,4.5400,4.6100,4.6200,21178693,97177547.5100,3,1.061200,1,-0.216500,24.221737,0.533068,-25.456740,2.071569,0
2022-11-24,sh.600577,4.6000,4.6900,4.5800,4.6400,4.6100,26895939,124994929.3600,3,1.347600,1,0.650800,24.379362,0.536537,-25.622402,2.085050,0
2022-11-25,sh.600577,4.6400,4.6600,4.5600,4.5700,4.6400,21449686,98117677.1600,3,1.074700,1,-1.508600,24.011570,0.528443,-25.235857,2.053594,0
2022-11-28,sh.600577,4.5100,4.5400,4.4600,4.5000,4.5700,18786721,84581835.4100,3,0.941300,1,-1.531700,23.643778,0.520349,-24.849313,2.022139,0
2022-11-29,sh.600577,4.5200,4.6000,4.5100,4.5800,4.5000,24166116,110401864.9300,3,1.210900,1,1.777800,24.064112,0.529599,-25.291078,2.058088,0
2022-11-30,sh.600577,4.6000,4.7300,4.5600,4.6200,4.5800,28632987,133078584.1000,3,1.434700,1,0.873400,24.274279,0.534225,-25.511961,2.076062,0
2022-12-01,sh.600577,4.6500,4.7400,4.6500,4.6800,4.6200,29346515,137549405.5700,3,1.470400,1,1.298700,24.589529,0.541163,-25.843285,2.103024,0
2022-12-02,sh.600577,4.6900,4.7000,4.6200,4.6600,4.6800,20010602,93177180.4600,3,1.002600,1,-0.427400,24.484445,0.538850,-25.732844,2.094037,0
2022-12-05,sh.600577,4.6700,4.6900,4.6300,4.6900,4.6600,23268442,108530967.8200,3,1.165900,1,0.643800,24.642071,0.542319,-25.898506,2.107518,0
2022-12-06,sh.600577,4.6800,4.7000,4.6300,4.6500,4.6900,22859930,106565272.9000,3,1.145400,1,-0.852900,24.431904,0.537694,-25.677623,2.089543,0
2022-12-07,sh.600577,4.6500,4.6900,4.6200,4.6300,4.6500,20714875,96186859.0000,3,1.037900,1,-0.430100,24.326820,0.535381,-25.567182,2.080556,0
2022-12-08,sh.600577,4.6300,4.6400,4.5800,4.6100,4.6300,15566438,71750292.1900,3,0.780000,1,-0.432000,24.221737,0.533068,-25.456740,2.071569,0
2022-12-09,sh.600577,4.6100,4.6300,4.5500,4.6000,4.6100,19144476,87730997.9800,3,0.959200,1,-0.216900,24.169195,0.531912,-25.401520,2.067075,0
2022-12-12,sh.600577,4.5800,4.6000,4.5200,4.5200,4.6000,16482700,74874940.6400,3,0.825900,1,-1.739100,23.748861,0.522661,-24.959754,2.031126,0
2022-12-13,sh.600577,4.5300,4.5500,4.4600,4.4600,4.5200,18306540,82228050.3700,3,0.917300,1,-1.327400,23.433611,0.515723,-24.628430,2.004164,0
2022-12-14,sh.600577,4.4800,4.5000,4.4500,4.4700,4.4600,11748300,52540617.0000,3,0.588700,1,0.224200,23.486153,0.516880,-24.683650,2.008658,0
2022-12-15,sh.600577,4.4700,4.5800,4.4400,4.5800,4.4700,17813600,80580368.0000,3,0.892600,1,2.460900,24.064112,0.529599,-25.291078,2.058088,0
2022-12-16,sh.600577,4.5500,4.5600,4.4600,4.4900,4.5800,13527356,60936475.8800,3,0.677800,1,-1.965100,23.591236,0.519192,-24.794092,2.017645,0
2022-12-19,sh.600577,4.4800,4.5100,4.3700,4.3900,4.4900,16432300,72748198.0000,3,0.823300,1,-2.227200,23.065819,0.507629,-24.241885,1.972709,0
2022-12-20,sh.600577,4.3900,4.4400,4.3400,4.4200,4.3900,10585700,46557767.9500,3,0.530400,1,0.683400,23.223444,0.511098,-24.407547,1.986190,0
2022-12-21,sh.600577,4.4200,4.4300,4.3300,4.3500,4.4200,9913965,43306902.1100,3,0.496700,1,-1.583700,22.855652,0.503004,-24.021002,1.954734,0
2022-12-22,sh.600577,4.3500,4.3800,4.2100,4.2300,4.3500,15259484,65274646.0200,3,0.764600,1,-2.758600,22.225151,0.489128,-23.358354,1.900810,0
2022-12-23,sh.600577,4.2100,4.2400,4.1900,4.2200,4.2300,10098900,42550019.1500,3,0.506000,1,-0.236400,22.172609,0.487972,-23.303133,1.896317,0
2022-12-26,sh.600577,4.2000,4.3300,4.2000,4.3100,4.2200,10137738,43390534.5100,3,0.508000,1,2.132700,22.645485,0.498379,-23.800119,1.936760,0
2022-12-27,sh.600577,4.3100,4.3600,4.2900,4.3400,4.3100,8707923,37669764.2600,3,0.436300,1,0.696100,22.803110,0.501848,-23.965781,1.950240,0
2022-12-28,sh.600577,4.3100,4.3400,4.2800,4.3100,4.3400,8680703,37431570.7400,3,0.435000,1,-0.691200,22.645485,0.498379,-23.800119,1.936760,0
2022-12-29,sh.600577,4.3200,4.3200,4.2200,4.2300,4.3100,14006566,59630661.5200,3,0.701800,1,-1.856100,22.225151,0.489128,-23.358354,1.900810,0
2022-12-30,sh.600577,4.2600,4.2900,4.2300,4.2400,4.2300,7360300,31337977.0000,3,0.368800,1,0.236400,22.277693,0.490284,-23.413575,1.905304,0
2023-01-03,sh.600577,4.2300,4.3200,4.2100,4.3000,4.2400,17832803,76176477.8100,3,0.893500,1,1.415100,22.593011,0.497224,-23.744970,1.932272,0
2023-01-04,sh.600577,4.3100,4.3400,4.2500,4.2900,4.3000,13611098,58430153.5000,3,0.682000,1,-0.232600,22.540469,0.496067,-23.689749,1.927778,0
2023-01-05,sh.600577,4.2800,4.3400,4.2700,4.3400,4.2900,13744973,59330043.8900,3,0.688700,1,1.165500,22.803179,0.501849,-23.965853,1.950246,0
2023-01-06,sh.600577,4.3700,4.4000,4.3300,4.3500,4.3400,16415118,71626809.7000,3,0.822500,1,0.230400,22.855720,0.503005,-24.021074,1.954740,0
2023-01-09,sh.600577,4.3400,4.4000,4.3200,4.3600,4.3500,12857871,56219522.9900,3,0.644200,1,0.229900,22.908262,0.504162,-24.076295,1.959234,0
2023-01-10,sh.600577,4.3500,4.3900,4.3200,4.3600,4.3600,13873219,60439169.5700,3,0.695100,1,0.000000,22.908262,0.504162,-24.076295,1.959234,0
2023-01-11,sh.600577,4.3500,4.3800,4.3400,4.3400,4.3600,11621495,50619151.2000,3,0.582300,1,-0.458700,22.803179,0.501849,-23.965853,1.950246,0
2023-01-12,sh.600577,4.3400,4.4200,4.3400,4.4000,4.3400,14171311,62187636.1900,3,0.710100,1,1.382500,23.118430,0.508787,-24.297178,1.977208,0
2023-01-13,sh.600577,4.4300,4.4300,4.3600,4.3900,4.4000,11434710,50213199.7000,3,0.572900,1,-0.227300,23.065888,0.507631,-24.241958,1.972715,0
2023-01-16,sh.600577,4.4000,4.6500,4.3700,4.5600,4.3900,39650028,179723371.4800,3,1.986700,1,3.872400,23.959100,0.527288,-25.180712,2.049107,0
2023-01-17,sh.600577,4.5600,4.5900,4.5200,4.5700,4.5600,16984603,77288406.1000,3,0.851000,1,0.219300,24.011642,0.528445,-25.235933,2.053600,0
2023-01-18,sh.600577,4.5700,4.6100,4.5400,4.6000,4.5700,14052400,64493438.0000,3,0.704100,1,0.656500,24.169268,0.531914,-25.401596,2.067081,0
2023-01-19,sh.600577,4.5800,4.6100,4.5600,4.6000,4.6000,13324200,61138561.2000,3,0.667600,1,0.000000,24.169268,0.531914,-25.401596,2.067081,0
2023-01-20,sh.600577,4.6200,4.6400,4.5500,4.5900,4.6000,24568158,112718175.1400,3,1.231000,1,-0.217400,24.116726,0.530757,-25.346375,2.062588,0
2023-01-30,sh.600577,4.6500,4.7700,4.6500,4.6700,4.5900,35754961,168334739.9200,3,1.791500,1,1.742900,24.537061,0.540008,-25.788142,2.098537,0
2023-01-31,sh.600577,4.6500,4.7200,4.6500,4.7100,4.6700,17421698,81826143.7900,3,0.872900,1,0.856500,24.747228,0.544633,-26.009025,2.116512,0
2023-02-01,sh.600577,4.7400,4.7600,4.6800,4.7400,4.7100,20859391,98459027.6100,3,1.045200,1,0.636900,24.904854,0.548102,-26.174688,2.129993,0
2023-02-02,sh.600577,4.7500,4.8800,4.7500,4.7800,4.7400,34591780,166175455.5300,3,1.733200,1,0.843900,25.115022,0.552728,-26.395571,2.147967,0
2023-02-03,sh.600577,4.7900,4.7900,4.6600,4.7400,4.7800,24821326,116756921.4100,3,1.243700,1,-0.836800,24.904854,0.548102,-26.174688,2.129993,0
2023-02-06,sh.600577,4.7300,4.7700,4.6800,4.6900,4.7400,15279460,71991317.6600,3,0.765600,1,-1.054900,24.642145,0.542321,-25.898583,2.107524,0
2023-02-07,sh.600577,4.6900,4.7800,4.6900,4.7500,4.6900,20890907,98979214.9700,3,1.046700,1,1.279300,24.957396,0.549259,-26.229909,2.134486,0
2023-02-08,sh.600577,4.7700,4.7700,4.7000,4.7100,4.7500,17781000,84099524.0000,3,0.890900,1,-0.842100,24.747228,0.544633,-26.009025,2.116512,0
2023-02-09,sh.600577,4.7200,4.8000,4.7000,4.7800,4.7100,20598083,98305633.1300,3,1.032100,1,1.486200,25.115022,0.552728,-26.395571,2.147967,0
2023-02-10,sh.600577,4.7900,4.8000,4.7200,4.7500,4.7800,17132604,81555947.7700,3,0.858400,1,-0.627600,24.957396,0.549259,-26.229909,2.134486,0
2023-02-13,sh.600577,4.7600,4.7800,4.7200,4.7300,4.7500,16522425,78379367.4000,3,0.827900,1,-0.421100,24.852312,0.546946,-26.119467,2.125499,0
2023-02-14,sh.600577,4.7300,4.7600,4.7000,4.7200,4.7300,13671129,64471717.5900,3,0.685000,1,-0.211400,24.799770,0.545790,-26.064246,2.121005,0
2023-02-15,sh.600577,4.7200,4.7500,4.6800,4.6900,4.7200,19217906,90492238.5700,3,0.962900,1,-0.635600,24.642145,0.542321,-25.898583,2.107524,0
2023-02-16,sh.600577,4.7200,4.7200,4.5000,4.5600,4.6900,31129187,144101884.4700,3,1.559700,1,-2.771900,23.959100,0.527288,-25.180712,2.049107,0
2023-02-17,sh.600577,4.5600,4.5900,4.4700,4.4800,4.5600,28353866,128197768.6700,3,1.420700,1,-1.754400,23.538765,0.518038,-24.738945,2.013157,0
2023-02-20,sh.600577,4.4800,4.5600,4.4700,4.5500,4.4800,18552783,83887065.1600,3,0.929600,1,1.562500,23.906558,0.526132,-25.125491,2.044613,0
2023-02-21,sh.600577,4.5600,4.6300,4.5300,4.6200,4.5500,18380804,84563220.6100,3,0.921000,1,1.538500,24.274351,0.534226,-25.512037,2.076069,0
2023-02-22,sh.600577,4.5900,4.6300,4.5800,4.6000,4.6200,10972852,50501903.6800,3,0.549800,1,-0.432900,24.169268,0.531914,-25.401596,2.067081,0
2023-02-23,sh.600577,4.5900,4.6100,4.5500,4.5700,4.6000,9930540,45464795.6000,3,0.497600,1,-0.652200,24.011642,0.528445,-25.235933,2.053600,0
2023-02-24,sh.600577,4.5800,4.6100,4.5300,4.5500,4.5700,11172800,50954276.0000,3,0.559800,1,-0.437600,23.906558,0.526132,-25.125491,2.044613,0
2023-02-27,sh.600577,4.5400,4.5700,4.4900,4.5100,4.5500,12001007,54354636.2700,3,0.601300,1,-0.879100,23.696391,0.521507,-24.904608,2.026638,0
2023-02-28,sh.600577,4.5200,4.5700,4.4800,4.5700,4.5100,16091005,72848371.8700,3,0.806200,1,1.330400,24.011642,0.528445,-25.235933,2.053600,0
2023-03-01,sh.600577,4.5700,4.5800,4.5200,4.5700,4.5700,14841312,67565254.8600,3,0.743600,1,0.000000,24.011642,0.528445,-25.235933,2.053600,0
2023-03-02,sh.600577,4.5800,4.5800,4.5100,4.5200,4.5700,15353200,69566791.0000,3,0.769300,1,-1.094100,23.748932,0.522663,-24.959829,2.031132,0
2023-03-03,sh.600577,4.5100,4.5300,4.4700,4.4800,4.5200,15014442,67422551.5800,3,0.752300,1,-0.885000,23.538765,0.518038,-24.738945,2.013157,0
2023-03-06,sh.600577,4.4800,4.5000,4.4300,4.4800,4.4800,14615834,65272978.5600,3,0.732300,1,0.000000,23.538765,0.518038,-24.738945,2.013157,0
2023-03-07,sh.600577,4.4800,4.4900,4.4100,4.4100,4.4800,16019555,71289612.5000,3,0.802700,1,-1.562500,23.170972,0.509943,-24.352399,1.981702,0
2023-03-08,sh.600577,4.4000,4.4400,4.3800,4.4000,4.4100,11631658,51256107.9400,3,0.582800,1,-0.226800,23.118430,0.508787,-24.297178,1.977208,0
2023-03-09,sh.600577,4.6800,4.7700,4.5000,4.5400,4.4000,53349118,244809518.4200,3,2.673100,1,3.181800,23.854016,0.524976,-25.070271,2.040119,0
2023-03-10,sh.600577,4.4700,4.5000,4.4000,4.4000,4.5400,33741857,149313321.8000,3,1.690600,1,-3.083700,23.118430,0.508787,-24.297178,1.977208,0
2023-03-13,sh.600577,4.3500,4.4000,4.2800,4.3200,4.4000,21354200,92248624.1500,3,1.070000,1,-1.818200,22.698095,0.499536,-23.855412,1.941259,0
2023-03-14,sh.600577,4.3000,4.3100,4.1600,4.2500,4.3200,26241884,111027109.2000,3,1.314900,1,-1.620400,22.330302,0.491442,-23.468866,1.909803,0
2023-03-15,sh.600577,4.2600,4.3600,4.2600,4.3100,4.2500,18519158,79950249.3000,3,0.927900,1,1.411800,22.645553,0.498380,-23.800191,1.936765,0
2023-03-16,sh.600577,4.2700,4.3000,4.2100,4.2300,4.3100,14455800,61423175.0000,3,0.724300,1,-1.856100,22.225218,0.489129,-23.358424,1.900816,0
2023-03-17,sh.600577,4.2400,4.2700,4.2300,4.2400,4.2300,10623160,45118876.6700,3,0.532300,1,0.236400,22.277760,0.490286,-23.413645,1.905310,0
2023-03-20,sh.600577,4.2400,4.2900,4.2100,4.2700,4.2400,12505781,53295446.3700,3,0.626600,1,0.707500,22.435385,0.493755,-23.579307,1.918791,0
2023-03-21,sh.600577,4.2700,4.3400,4.2600,4.3400,4.2700,20008333,86000398.0600,3,1.002500,1,1.639300,23.678884,0.514380,-617.190488,1.814432,0
2023-03-22,sh.600577,4.3600,4.4200,4.3400,4.3900,4.3400,17880339,78505246.2100,3,0.895900,1,1.152100,23.951682,0.520306,-624.300978,1.835335,0
2023-03-23,sh.600577,4.4000,4.4100,4.3400,4.3700,4.3900,13973732,61002010.7600,3,0.700200,1,-0.455600,23.842563,0.517935,-621.456782,1.826974,0
2023-03-24,sh.600577,4.3900,4.4100,4.3500,4.3700,4.3700,17705455,77635072.8600,3,0.887100,1,0.000000,23.842563,0.517935,-621.456782,1.826974,0
2023-03-27,sh.600577,4.3700,4.4100,4.3500,4.3700,4.3700,14378179,62919610.0200,3,0.720400,1,0.000000,23.842563,0.517935,-621.456782,1.826974,0
2023-03-28,sh.600577,4.3700,4.3800,4.3300,4.3400,4.3700,14849279,64655287.0700,3,0.744000,1,-0.686500,23.678884,0.514380,-617.190488,1.814432,0
2023-03-29,sh.600577,4.3300,4.3700,4.2600,4.2700,4.3400,13350991,57557226.1700,3,0.669000,1,-1.612900,23.296966,0.506083,-607.235803,1.785167,0
2023-03-30,sh.600577,4.2800,4.2900,4.2200,4.2600,4.2700,15061473,63938587.2200,3,0.754700,1,-0.234200,23.242407,0.504898,-605.813705,1.780986,0
2023-03-31,sh.600577,4.2600,4.2800,4.2400,4.2600,4.2600,13641054,58021842.9600,3,0.683500,1,0.000000,23.242407,0.504898,-605.813705,1.780986,0
2023-04-03,sh.600577,4.2600,4.2900,4.2300,4.2700,4.2600,13205351,56217374.7500,3,0.661700,1,0.234700,23.296972,0.506083,-607.235961,1.785167,0
2023-04-04,sh.600577,4.2700,4.2800,4.1900,4.2000,4.2700,25214509,106255381.9900,3,1.263400,1,-1.639300,22.915055,0.497787,-597.281273,1.755902,0
2023-04-06,sh.600577,4.2100,4.2200,4.1500,4.1800,4.2000,16708203,69764161.8600,3,0.837200,1,-0.476200,22.805935,0.495417,-594.437077,1.747541,0
2023-04-07,sh.600577,4.1800,4.2200,4.1600,4.2000,4.1800,9276001,38958815.2000,3,0.464800,1,0.478500,22.915055,0.497787,-597.281273,1.755902,0
2023-04-10,sh.600577,4.2300,4.6200,4.2200,4.5400,4.2000,97050340,436635128.5300,3,4.862700,1,8.095200,24.770083,0.538084,-645.632615,1.898047,0
2023-04-11,sh.600577,4.4700,4.5600,4.4200,4.4500,4.5400,44578350,199088650.2200,3,2.233600,1,-1.982400,24.279046,0.527417,-632.833730,1.860420,0
2023-04-12,sh.600577,4.4600,4.6700,4.4100,4.6100,4.4500,68478795,312764207.2000,3,3.431100,1,3.595500,25.152000,0.546380,-655.587302,1.927312,0
2023-04-13,sh.600577,4.6100,4.8400,4.6100,4.6500,4.6100,88513739,419184739.6700,3,4.435000,1,0.867700,25.370239,0.551121,-661.275695,1.944035,0
2023-04-14,sh.600577,4.6500,4.6900,4.5900,4.6300,4.6500,34667808,160417728.5800,3,1.737000,1,-0.430100,25.261120,0.548751,-658.431499,1.935673,0
2023-04-17,sh.600577,4.6500,4.6700,4.5700,4.6500,4.6300,37173387,171894673.6200,3,1.862600,1,0.432000,25.370239,0.551121,-661.275695,1.944035,0
2023-04-18,sh.600577,4.6600,4.7800,4.6400,4.7000,4.6500,37265740,175609700.5900,3,1.867200,1,1.075300,25.643037,0.557047,-668.386187,1.964938,0
2023-04-19,sh.600577,4.6900,4.8400,4.6600,4.7400,4.7000,51420335,244150739.2200,3,2.576400,1,0.851100,25.861276,0.561788,-674.074580,1.981661,0
2023-04-20,sh.600577,4.7100,4.7200,4.6200,4.6500,4.7400,31790815,147959590.4600,3,1.592900,1,-1.898700,25.370239,0.551121,-661.275695,1.944035,0
2023-04-21,sh.600577,4.6600,4.7200,4.5200,4.5500,4.6500,46722209,214310658.3900,3,2.341000,1,-2.150500,24.824643,0.539269,-647.054713,1.902227,0
2023-04-24,sh.600577,4.5500,4.6000,4.4900,4.5100,4.5500,28548853,129533736.5800,3,1.430400,1,-0.879100,24.606404,0.534528,-641.366320,1.885505,0
2023-04-25,sh.600577,4.5400,4.5700,4.3000,4.3800,4.5100,34422161,151700344.3000,3,1.724700,1,-2.882500,23.897191,0.519122,-622.880666,1.831160,0
2023-04-26,sh.600577,4.3600,4.4400,4.3400,4.3600,4.3800,28732893,125930643.3900,3,1.439700,1,-0.456600,23.788071,0.516752,-620.036462,1.822798,0
2023-04-27,sh.600577,4.3600,4.4100,4.3000,4.3900,4.3600,19151972,83632581.0500,3,0.959600,1,0.688100,23.951751,0.520307,-624.302768,1.835341,0
2023-04-28,sh.600577,4.3800,4.4200,4.3100,4.4000,4.3900,28656546,124937753.1800,3,1.435800,1,0.227800,24.077980,0.539681,91.011066,1.807270,0
2023-05-04,sh.600577,4.3000,4.3300,4.2400,4.2800,4.2800,26045694,111545181.1900,3,1.305000,1,0.000000,23.421308,0.524963,88.528946,1.757981,0
2023-05-05,sh.600577,4.2600,4.2700,4.1400,4.2000,4.2800,26692188,111757153.9100,3,1.337400,1,-1.869200,22.983526,0.515150,86.874199,1.725121,0
2023-05-08,sh.600577,4.2300,4.3000,4.2100,4.2900,4.2000,25474833,108809055.0000,3,1.276400,1,2.142900,23.476031,0.526189,88.735789,1.762088,0
2023-05-09,sh.600577,4.3100,4.3100,4.1800,4.1900,4.2900,24978853,105665829.0700,3,1.251600,1,-2.331000,22.928804,0.513924,86.667356,1.721014,0
2023-05-10,sh.600577,4.1800,4.2700,4.1500,4.2400,4.1900,23396592,98648613.5600,3,1.172300,1,1.193300,23.202417,0.520056,87.701573,1.741551,0
2023-05-11,sh.600577,4.2200,4.2700,4.2000,4.2200,4.2400,20437108,86440049.8000,3,1.024000,1,-0.471700,23.092972,0.517603,87.287886,1.733336,0
2023-05-12,sh.600577,4.2200,4.2500,4.1500,4.1500,4.2200,21051477,87989602.6600,3,1.054800,1,-1.658800,22.709913,0.509017,85.839983,1.704584,0
2023-05-15,sh.600577,4.1600,4.2500,4.1500,4.2400,4.1500,19687039,83026139.3600,3,0.986400,1,2.168700,23.202417,0.520056,87.701573,1.741551,0
2023-05-16,sh.600577,4.2500,4.2800,4.2200,4.2300,4.2400,17429600,74021385.0000,3,0.873300,1,-0.235800,23.147694,0.518830,87.494729,1.737443,0
2023-05-17,sh.600577,4.2100,4.2800,4.2100,4.2800,4.2300,15092828,64191598.7200,3,0.756200,1,1.182000,23.421308,0.524963,88.528946,1.757981,0
2023-05-18,sh.600577,4.2700,4.2900,4.2300,4.2500,4.2800,12004399,51122264.7800,3,0.601500,1,-0.700900,23.257140,0.521283,87.908416,1.745658,0
2023-05-19,sh.600577,4.2600,4.2800,4.2200,4.2800,4.2500,14145982,60345580.0100,3,0.708800,1,0.705900,23.421308,0.524963,88.528946,1.757981,0
2023-05-22,sh.600577,4.2900,4.3800,4.2700,4.3600,4.2800,24202056,105366880.3100,3,1.212600,1,1.869200,23.859089,0.534775,90.183693,1.790840,0
2023-05-23,sh.600577,4.3500,4.5500,4.3000,4.3100,4.3600,36366829,160014531.7300,3,1.822200,1,-1.146800,23.585476,0.528642,89.149476,1.770303,0
2023-05-24,sh.600577,4.2900,4.3800,4.2700,4.3300,4.3100,19472996,84445127.8900,3,0.975700,1,0.464000,23.694921,0.531095,89.563163,1.778518,0
2023-05-25,sh.600577,4.3200,4.4000,4.3200,4.3800,4.3300,22837103,99635519.7100,3,1.144300,1,1.154700,23.968535,0.537228,90.597379,1.799055,0
2023-05-26,sh.600577,4.3800,4.3800,4.2900,4.3400,4.3800,17964800,77686333.0000,3,0.900100,1,-0.913200,23.749644,0.532322,89.770006,1.782625,0
2023-05-29,sh.600577,4.3500,4.3600,4.2500,4.2700,4.3400,19717106,84341258.5500,3,0.987900,1,-1.612900,23.366585,0.523736,88.322103,1.753873,0
2023-05-30,sh.600577,4.2500,4.3100,4.1900,4.2600,4.2700,19267270,81755783.5000,3,0.965400,1,-0.234200,23.311863,0.522509,88.115259,1.749766,0
2023-05-31,sh.600577,4.2600,4.2700,4.1700,4.1900,4.2600,19037470,79948960.9000,3,0.953900,1,-1.643200,22.928804,0.513924,86.667356,1.721014,0
2023-06-01,sh.600577,4.1900,4.2500,4.1600,4.2000,4.1900,13450759,56660985.2300,3,0.673900,1,0.238700,22.983526,0.515150,86.874199,1.725121,0
2023-06-02,sh.600577,4.2200,4.3000,4.2000,4.2600,4.2000,16897358,71988033.0800,3,0.846600,1,1.428600,23.311863,0.522509,88.115259,1.749766,0
2023-06-05,sh.600577,4.2800,4.3000,4.2400,4.2600,4.2600,10943100,46620648.0000,3,0.548300,1,0.000000,23.311863,0.522509,88.115259,1.749766,0
2023-06-06,sh.600577,4.2700,4.2700,4.1500,4.1600,4.2600,18030357,75596305.6900,3,0.903400,1,-2.347400,22.764636,0.510244,86.046826,1.708691,0
2023-06-07,sh.600577,4.1500,4.1700,4.1000,4.1100,4.1600,15268200,63022579.0000,3,0.765000,1,-1.201900,22.491022,0.504111,85.012609,1.688154,0
2023-06-08,sh.600577,4.1100,4.1300,4.0800,4.0800,4.1100,13684331,56111457.4800,3,0.685700,1,-0.729900,22.326854,0.500432,84.392079,1.675832,0
2023-06-09,sh.600577,4.0900,4.1400,4.0600,4.1300,4.0800,12465423,51185448.9900,3,0.624600,1,1.225500,22.600468,0.506564,85.426296,1.696369,0
2023-06-12,sh.600577,4.1600,4.2900,4.1300,4.2500,4.1300,28351898,120079344.2400,3,1.420600,1,2.905600,23.257140,0.521283,87.908416,1.745658,0
2023-06-13,sh.600577,4.2600,4.3000,4.2400,4.2700,4.2500,25162368,107405230.4700,3,1.260800,1,0.470600,23.366585,0.523736,88.322103,1.753873,0
2023-06-14,sh.600577,4.2700,4.2800,4.2200,4.2300,4.2700,15767390,66969686.6500,3,0.790000,1,-0.936800,23.147694,0.518830,87.494729,1.737443,0
2023-06-15,sh.600577,4.2200,4.2600,4.2200,4.2500,4.2300,14099970,59748800.0600,3,0.706500,1,0.472800,23.257140,0.521283,87.908416,1.745658,0
2023-06-16,sh.600577,4.2600,4.2700,4.2300,4.2300,4.2500,14543429,61746579.3400,3,0.728700,1,-0.470600,23.147694,0.518830,87.494729,1.737443,0
2023-06-19,sh.600577,4.2400,4.2700,4.1800,4.1900,4.2300,13643579,57514624.0700,3,0.683600,1,-0.945600,22.928804,0.513924,86.667356,1.721014,0
2023-06-20,sh.600577,4.1900,4.2100,4.1600,4.1800,4.1900,10347162,43325812.4000,3,0.518400,1,-0.238700,22.874081,0.512697,86.460513,1.716906,0
2023-06-21,sh.600577,4.1800,4.2100,4.1200,4.1400,4.1800,15947932,66330113.1600,3,0.799100,1,-0.956900,22.655190,0.507791,85.633139,1.700477,0
2023-06-26,sh.600577,4.1200,4.1800,4.0800,4.0900,4.1400,17931169,73998617.5900,3,0.898400,1,-1.207700,22.381577,0.501658,84.598923,1.679939,0
2023-06-27,sh.600577,4.1000,4.1400,4.0800,4.1300,4.0900,14944931,61535982.2700,3,0.748800,1,0.978000,22.600468,0.506564,85.426296,1.696369,0
2023-06-28,sh.600577,4.1100,4.1500,4.0500,4.1500,4.1300,19645050,80464148.5000,3,0.984300,1,0.484300,22.709913,0.509017,85.839983,1.704584,0
2023-06-29,sh.600577,4.1200,4.2000,4.1100,4.1700,4.1500,15351504,63989860.6800,3,0.769200,1,0.481900,22.819358,0.511471,86.253669,1.712799,0
2023-06-30,sh.600577,4.1700,4.2400,4.1600,4.2200,4.1700,15973255,67221385.5200,3,0.800300,1,1.199000,23.093031,0.517605,87.288109,1.733340,0
2023-07-03,sh.600577,4.2400,4.3200,4.2300,4.2400,4.2200,20122155,85805488.4500,3,1.008200,1,0.473900,23.202477,0.520058,87.701797,1.741555,0
2023-07-04,sh.600577,4.2700,4.3100,4.2400,4.3000,4.2400,35349950,151400675.5500,3,1.771200,1,1.415100,23.530813,0.527417,88.942860,1.766200,0
2023-07-05,sh.600577,4.3000,4.3300,4.2700,4.2900,4.3000,21620800,92877090.0000,3,1.083300,1,-0.232600,23.476091,0.526190,88.736016,1.762093,0
2023-07-06,sh.600577,4.2900,4.3100,4.2600,4.2900,4.2900,14700611,63030899.5300,3,0.736600,1,0.000000,23.476091,0.526190,88.736016,1.762093,0
2023-07-07,sh.600577,4.2900,4.3100,4.2400,4.2900,4.2900,13831784,59088988.0000,3,0.693000,1,0.000000,23.476091,0.526190,88.736016,1.762093,0
2023-07-10,sh.600577,4.2800,4.3400,4.2700,4.3000,4.2900,16176599,69746520.2100,3,0.810500,1,0.233100,23.530813,0.527417,88.942860,1.766200,0
2023-07-11,sh.600577,4.2800,4.3500,4.2800,4.3500,4.3000,17889943,77440670.9500,3,0.896400,1,1.162800,23.804428,0.533550,89.977080,1.786737,0
2023-07-12,sh.600577,4.3400,4.3900,4.3100,4.3300,4.3500,23293543,101433715.5800,3,1.167100,1,-0.459800,23.694982,0.531097,89.563392,1.778522,0
2023-07-13,sh.600577,4.3300,4.3800,4.3000,4.3200,4.3300,18636200,80695382.0000,3,0.933800,1,-0.230900,23.640259,0.529870,89.356548,1.774415,0
2023-07-14,sh.600577,4.3300,4.3300,4.2600,4.2700,4.3200,15477823,66479673.9800,3,0.775500,1,-1.157400,23.366645,0.523737,88.322329,1.753878,0
2023-07-17,sh.600577,4.2600,4.2900,4.2500,4.2800,4.2700,13387506,57196628.0000,3,0.670800,1,0.234200,23.421368,0.524964,88.529173,1.757985,0
2023-07-18,sh.600577,4.2800,4.2900,4.2500,4.2700,4.2800,10386736,44345935.4200,3,0.520400,1,-0.233600,23.366645,0.523737,88.322329,1.753878,0
2023-07-19,sh.600577,4.2700,4.2900,4.2100,4.2500,4.2700,12915777,54852996.2500,3,0.647100,1,-0.468400,23.257199,0.521284,87.908641,1.745663,0
2023-07-20,sh.600577,4.2600,4.2800,4.1900,4.2100,4.2500,13643201,57819158.2000,3,0.683600,1,-0.941200,23.038308,0.516378,87.081266,1.729233,0
2023-07-21,sh.600577,4.2000,4.2100,4.1600,4.1800,4.2100,12289427,51386053.4000,3,0.615800,1,-0.712600,22.874140,0.512698,86.460734,1.716911,0
2023-07-24,sh.600577,4.1700,4.1800,4.1400,4.1600,4.1800,12717363,52931415.3200,3,0.637200,1,-0.478500,22.764694,0.510245,86.047046,1.708696,0
2023-07-25,sh.600577,4.1700,4.2300,4.1700,4.2300,4.1600,12860900,54193423.0000,3,0.644400,1,1.682700,23.147754,0.518831,87.494953,1.737448,0
2023-07-26,sh.600577,4.2400,4.2500,4.2000,4.2300,4.2300,10612700,44787484.0000,3,0.531700,1,0.000000,23.147754,0.518831,87.494953,1.737448,0
2023-07-27,sh.600577,4.2600,4.3400,4.2300,4.2800,4.2300,24455100,104708728.1200,3,1.225300,1,1.182000,23.421368,0.524964,88.529173,1.757985,0
2023-07-28,sh.600577,4.2600,4.3100,4.2200,4.3000,4.2800,22442999,96004643.4100,3,1.124500,1,0.467300,23.530813,0.527417,88.942860,1.766200,0
2023-07-31,sh.600577,4.2900,4.3600,4.2800,4.3500,4.3000,32200339,139662782.6100,3,1.613400,1,1.162800,23.804428,0.533550,89.977080,1.786737,0
2023-08-01,sh.600577,4.3500,4.7900,4.3200,4.7900,4.3500,185735881,864538200.1300,3,9.306300,1,10.114900,26.212232,0.587518,99.078210,1.967465,0
2023-08-02,sh.600577,5.2100,5.2700,5.0100,5.1100,4.7900,380940716,1973314283.6200,3,19.087000,1,6.680600,27.963362,0.626768,105.697213,2.098903,0
2023-08-03,sh.600577,4.6000,4.7500,4.6000,4.6000,5.1100,244134166,1133555668.0900,3,12.232300,1,-9.980400,25.172498,0.564214,95.148176,1.889423,0
2023-08-04,sh.600577,4.5000,4.9100,4.5000,4.7700,4.6000,199301109,926054726.4900,3,9.985900,1,3.695700,26.102786,0.585065,98.664522,1.959250,0
2023-08-07,sh.600577,4.7000,5.0700,4.6500,4.9800,4.7700,219577611,1083196016.7200,3,11.001900,1,4.402500,27.251965,0.610822,103.008243,2.045506,0
2023-08-08,sh.600577,4.8600,4.8700,4.7100,4.7400,4.9800,111191036,532069965.9400,3,5.571200,1,-4.819300,25.938618,0.581385,98.043990,1.946927,0
2023-08-09,sh.600577,4.6500,4.7300,4.6000,4.6200,4.7400,95063341,441970597.7800,3,4.763100,1,-2.531600,25.281944,0.566667,95.561864,1.897638,0
2023-08-10,sh.600577,4.5900,4.6200,4.4900,4.5200,4.6200,70916699,321419849.7500,3,3.553300,1,-2.164500,24.734716,0.554401,93.493425,1.856564,0
2023-08-11,sh.600577,4.5600,4.6100,4.4900,4.5600,4.5200,58817995,267448494.7800,3,2.947100,1,0.885000,24.953607,0.559307,94.320801,1.872994,0
2023-08-14,sh.600577,4.5000,4.5500,4.4600,4.5500,4.5600,43264389,194719361.5700,3,2.167800,1,-0.219300,24.898884,0.558081,94.113957,1.868886,0
2023-08-15,sh.600577,4.6000,4.7700,4.5700,4.6100,4.5500,91194403,424754781.5400,3,4.569300,1,1.318700,23.524402,0.565565,72.660092,1.906812,0
2023-08-16,sh.600577,4.5800,4.6500,4.5200,4.6500,4.6100,57250279,262011806.2100,3,2.868500,1,0.867700,23.728518,0.570472,73.290549,1.923357,0
2023-08-17,sh.600577,4.6000,4.6300,4.5200,4.6200,4.6500,50204326,229575718.0200,3,2.515500,1,-0.645200,23.575431,0.566792,72.817706,1.910948,0
2023-08-18,sh.600577,4.5800,4.6100,4.4000,4.4000,4.6200,58267130,261777396.8000,3,2.919500,1,-4.761900,22.452792,0.539802,69.350196,1.819951,0
2023-08-21,sh.600577,4.3800,4.4900,4.3600,4.4000,4.4000,30367340,134473819.0000,3,1.521600,1,0.000000,22.452792,0.539802,69.350196,1.819951,0
2023-08-22,sh.600577,4.4200,4.4500,4.3200,4.3900,4.4000,40048304,175338673.4600,3,2.006600,1,-0.227300,22.401762,0.538575,69.192582,1.815814,0
2023-08-23,sh.600577,4.3800,4.3800,4.2600,4.2700,4.3900,37884725,163371191.6200,3,1.898200,1,-2.733500,21.789414,0.523853,67.301213,1.766179,0
2023-08-24,sh.600577,4.2700,4.3300,4.2400,4.2500,4.2700,31309677,134045355.4500,3,1.568800,1,-0.468400,21.687355,0.521399,66.985985,1.757907,0
2023-08-25,sh.600577,4.2000,4.2400,4.1500,4.1600,4.2500,33607102,140829083.7200,3,1.683900,1,-2.117600,21.228094,0.510358,65.567458,1.720681,0
2023-08-28,sh.600577,4.4100,4.4200,4.1800,4.2000,4.1600,47276774,202541630.0900,3,2.368800,1,0.961500,21.432210,0.515265,66.197915,1.737226,0
2023-08-29,sh.600577,4.1900,4.3000,4.1800,4.2900,4.2000,36132788,153833037.0200,3,1.810400,1,2.142900,21.891472,0.526307,67.616442,1.774452,0
2023-08-30,sh.600577,4.2800,4.3300,4.2400,4.2800,4.2900,38178815,163592539.7600,3,1.912900,1,-0.233100,21.840443,0.525080,67.458827,1.770316,0
2023-08-31,sh.600577,4.2700,4.2800,4.2000,4.2100,4.2800,26625601,112441954.8500,3,1.334100,1,-1.635500,21.483479,0.516498,66.356271,1.741381,0
2023-09-01,sh.600577,4.2300,4.2500,4.2100,4.2400,4.2100,18253760,77243201.8000,3,0.914600,1,0.712600,21.636568,0.520178,66.829118,1.753790,0
2023-09-04,sh.600577,4.2500,4.3300,4.2300,4.3300,4.2400,29254717,125520192.3400,3,1.465800,1,2.122600,22.095835,0.531220,68.247661,1.791017,0
2023-09-05,sh.600577,4.3100,4.3200,4.2800,4.3000,4.3300,18143666,77875045.9600,3,0.909100,1,-0.692800,21.942746,0.527539,67.774813,1.778608,0
2023-09-06,sh.600577,4.2800,4.3300,4.2600,4.3300,4.3000,23993276,103358920.3500,3,1.202200,1,0.697700,22.095835,0.531220,68.247661,1.791017,0
2023-09-07,sh.600577,4.3100,4.3300,4.2300,4.2400,4.3300,23135666,98680779.6600,3,1.159200,1,-2.078500,21.636568,0.520178,66.829118,1.753790,0
2023-09-08,sh.600577,4.2400,4.2600,4.2000,4.2500,4.2400,16941200,71676287.0000,3,0.848800,1,0.235800,21.687598,0.521405,66.986734,1.757926,0
2023-09-11,sh.600577,4.2500,4.3000,4.2100,4.2900,4.2500,24508978,104583248.6200,3,1.228000,1,0.941200,21.891717,0.526312,67.617198,1.774472,0
2023-09-12,sh.600577,4.2800,4.3000,4.2600,4.2700,4.2900,16823440,71936615.4000,3,0.842900,1,-0.466200,21.789657,0.523859,67.301966,1.766199,0
2023-09-13,sh.600577,4.2700,4.2800,4.1900,4.2100,4.2700,22486344,94991372.8000,3,1.126700,1,-1.405200,21.483479,0.516498,66.356271,1.741381,0
2023-09-14,sh.600577,4.2100,4.2200,4.1600,4.1800,4.2100,17702966,74078749.5400,3,0.887000,1,-0.712600,21.330390,0.512817,65.883423,1.728972,0
2023-09-15,sh.600577,4.2000,4.3600,4.1700,4.2900,4.1800,51237999,218755958.9700,3,2.567200,1,2.631600,21.891717,0.526312,67.617198,1.774472,0
2023-09-18,sh.600577,4.2200,4.2800,4.2000,4.2300,4.2900,36684790,155123938.8000,3,1.838100,1,-1.398600,21.585539,0.518951,66.671502,1.749654,0
2023-09-19,sh.600577,4.2200,4.2300,4.1800,4.1900,4.2300,18021972,75632603.1200,3,0.903000,1,-0.945600,21.381420,0.514044,66.041039,1.733109,0
2023-09-20,sh.600577,4.1800,4.2000,4.1600,4.1600,4.1900,15926867,66537343.1600,3,0.798000,1,-0.716000,21.228331,0.510364,65.568192,1.720700,0
2023-09-21,sh.600577,4.1600,4.1700,4.1100,4.1100,4.1600,17950195,74124489.7100,3,0.899400,1,-1.201900,20.973183,0.504229,64.780112,1.700018,0
2023-09-22,sh.600577,4.1100,4.1800,4.1000,4.1700,4.1100,19443267,80682293.3900,3,0.974200,1,1.459900,21.279361,0.511590,65.725807,1.724836,0
2023-09-25,sh.600577,4.1600,4.1900,4.1400,4.1600,4.1700,14055090,58439541.6000,3,0.704200,1,-0.239800,21.228331,0.510364,65.568192,1.720700,0
2023-09-26,sh.600577,4.1600,4.1600,4.0800,4.0800,4.1600,22465700,92328776.0000,3,1.125600,1,-1.923100,20.820094,0.500549,64.307265,1.687609,0
2023-09-27,sh.600577,4.0800,4.1400,4.0600,4.1300,4.0800,23111016,95151235.3200,3,1.158000,1,1.225500,21.075242,0.506683,65.095344,1.708291,0
2023-09-28,sh.600577,4.1400,4.1900,4.1300,4.1700,4.1300,21673369,90275233.2700,3,1.085900,1,0.968500,21.279361,0.511590,65.725807,1.724836,0
2023-10-09,sh.600577,4.1600,4.2000,4.1400,4.1700,4.1700,21006433,87544900.3500,3,1.052500,1,0.000000,21.279361,0.511590,65.725807,1.724836,0
2023-10-10,sh.600577,4.1600,4.1900,4.1300,4.1600,4.1700,14904000,62005204.0000,3,0.746800,1,-0.239800,21.228331,0.510364,65.568192,1.720700,0
2023-10-11,sh.600577,4.1700,4.1700,4.1200,4.1300,4.1600,16335986,67725205.6800,3,0.818500,1,-0.721200,21.075242,0.506683,65.095344,1.708291,0
2023-10-12,sh.600577,4.1400,4.1900,4.1100,4.1800,4.1300,24970682,103801155.6600,3,1.251100,1,1.210700,21.330390,0.512817,65.883423,1.728972,0
2023-10-13,sh.600577,4.1700,4.1700,4.1400,4.1400,4.1800,14219936,59072876.7600,3,0.712500,1,-0.956900,21.126272,0.507910,65.252960,1.712427,0
2023-10-16,sh.600577,4.1500,4.1700,4.1000,4.1100,4.1400,17620932,72684240.8400,3,0.882900,1,-0.724600,20.973183,0.504229,64.780112,1.700018,0
2023-10-17,sh.600577,4.1200,4.1300,4.0800,4.0900,4.1100,15896300,65192736.0000,3,0.796500,1,-0.486600,20.871124,0.501776,64.464881,1.691746,0
2023-10-18,sh.600577,4.0900,4.1000,4.0200,4.0300,4.0900,19555900,79218350.0000,3,0.979800,1,-1.467000,20.564946,0.494415,63.519186,1.666928,0
2023-10-19,sh.600577,4.0100,4.0500,3.9700,3.9700,4.0300,19480052,77984499.0000,3,0.976000,1,-1.488800,20.258768,0.487054,62.573490,1.642110,0
2023-10-20,sh.600577,3.9700,4.0500,3.9600,4.0000,3.9700,17534213,70347808.6100,3,0.878500,1,0.755700,20.411857,0.490734,63.046338,1.654519,0
2023-10-23,sh.600577,3.9900,4.0000,3.8300,3.8600,4.0000,24704418,96399520.5700,3,1.237800,1,-3.500000,19.697442,0.473559,60.839716,1.596611,0
2023-10-24,sh.600577,3.8800,3.9200,3.8500,3.9000,3.8600,15056581,58598910.0900,3,0.754400,1,1.036300,19.110086,0.466760,78.820101,1.580203,0
2023-10-25,sh.600577,3.9200,4.0000,3.9200,3.9700,3.9000,19169109,76077879.3700,3,0.960500,1,1.794900,19.453088,0.475138,80.234821,1.608566,0
2023-10-26,sh.600577,3.9600,4.0400,3.9100,4.0300,3.9700,20193192,80286890.4800,3,1.011800,1,1.511300,19.747089,0.482319,81.447438,1.632877,0
2023-10-27,sh.600577,4.0100,4.1100,4.0000,4.1000,4.0300,22926750,93367122.0000,3,1.148700,1,1.737000,20.090091,0.490697,82.862158,1.661239,0
2023-10-30,sh.600577,4.1000,4.1400,4.0900,4.1400,4.1000,20446503,84267840.3600,3,1.024500,1,0.975600,20.286092,0.495484,83.670569,1.677446,0
2023-10-31,sh.600577,4.1200,4.1400,4.0700,4.0900,4.1400,17380000,71200111.0000,3,0.870800,1,-1.207700,20.041090,0.489500,82.660055,1.657187,0
2023-11-01,sh.600577,4.0900,4.2400,4.0700,4.2000,4.0900,44280164,184749676.1700,3,2.218600,1,2.689500,20.580093,0.502665,84.883186,1.701757,0
2023-11-02,sh.600577,4.1600,4.1600,4.0800,4.0800,4.2000,27927222,114991121.2900,3,1.399300,1,-2.857100,19.992090,0.488303,82.457952,1.653136,0
2023-11-03,sh.600577,4.0900,4.1600,4.0800,4.1400,4.0800,21805931,90236115.0300,3,1.092600,1,1.470600,20.286092,0.495484,83.670569,1.677446,0
2023-11-06,sh.600577,4.1500,4.2000,4.1500,4.1700,4.1400,22366700,93292260.2000,3,1.120700,1,0.724600,20.433092,0.499074,84.276878,1.689602,0
2023-11-07,sh.600577,4.1600,4.1800,4.1500,4.1700,4.1700,14723083,61389038.2800,3,0.737700,1,0.000000,20.433092,0.499074,84.276878,1.689602,0
2023-11-08,sh.600577,4.1700,4.1800,4.1100,4.1600,4.1700,25905839,107415398.2300,3,1.298000,1,-0.239800,20.384092,0.497877,84.074775,1.685550,0
2023-11-09,sh.600577,4.1400,4.2800,4.1300,4.1700,4.1600,37737100,158386324.0000,3,1.890800,1,0.240400,20.433092,0.499074,84.276878,1.689602,0
2023-11-10,sh.600577,4.1400,4.1500,4.1100,4.1300,4.1700,20066596,82912525.4800,3,1.005400,1,-0.959200,20.237091,0.494287,83.468466,1.673395,0
2023-11-13,sh.600577,4.2100,4.2100,4.1400,4.1700,4.1300,19461796,80976296.3600,3,0.975100,1,0.968500,20.433092,0.499074,84.276878,1.689602,0
2023-11-14,sh.600577,4.1600,4.1800,4.1500,4.1600,4.1700,15636100,65097818.0000,3,0.783400,1,-0.239800,20.384092,0.497877,84.074775,1.685550,0
2023-11-15,sh.600577,4.1700,4.2700,4.1700,4.2300,4.1600,38857310,163826791.2600,3,1.946900,1,1.682700,20.727094,0.506255,85.489494,1.713913,0
2023-11-16,sh.600577,4.2500,4.4100,4.2300,4.2800,4.2300,71953970,311000826.1500,3,3.605200,1,1.182000,20.972095,0.512239,86.500009,1.734172,0
2023-11-17,sh.600577,4.2200,4.2800,4.2000,4.2500,4.2800,31206831,132242040.9800,3,1.563600,1,-0.700900,20.825094,0.508649,85.893700,1.722016,0
2023-11-20,sh.600577,4.2500,4.3500,4.2400,4.3300,4.2500,36291918,156392958.8800,3,1.818400,1,1.882400,21.217096,0.518223,87.510523,1.754431,0
2023-11-21,sh.600577,4.3500,4.3800,4.3100,4.3300,4.3300,39801299,172698593.9900,3,1.994200,1,0.000000,21.217096,0.518223,87.510523,1.754431,0
2023-11-22,sh.600577,4.3000,4.3300,4.2200,4.2300,4.3300,28045925,119632397.7000,3,1.405200,1,-2.309500,20.727094,0.506255,85.489494,1.713913,0
2023-11-23,sh.600577,4.2200,4.2900,4.2100,4.2700,4.2300,20378524,86845838.4800,3,1.021100,1,0.945600,20.923094,0.511042,86.297906,1.730120,0
2023-11-24,sh.600577,4.2700,4.2900,4.1900,4.2100,4.2700,23739900,100226694.0000,3,1.189500,1,-1.405200,20.629093,0.503862,85.085289,1.705809,0
2023-11-27,sh.600577,4.2000,4.2500,4.1900,4.2200,4.2100,15846600,66897036.0000,3,0.794000,1,0.237500,20.678093,0.505058,85.287392,1.709861,0
2023-11-28,sh.600577,4.2200,4.2600,4.2100,4.2600,4.2200,13031900,55322431.0000,3,0.653000,1,0.947900,20.874094,0.509846,86.095803,1.726068,0
2023-11-29,sh.600577,4.2600,4.2800,4.2200,4.2400,4.2600,15143274,64438959.0200,3,0.758700,1,-0.469500,20.776094,0.507452,85.691597,1.717965,0
2023-11-30,sh.600577,4.2400,4.2400,4.1700,4.2100,4.2400,16268400,68372200.0000,3,0.815100,1,-0.707500,20.629093,0.503862,85.085289,1.705809,0
2023-12-01,sh.600577,4.1900,4.2200,4.1700,4.2000,4.2100,17660612,74006932.3100,3,0.884900,1,-0.237500,20.580093,0.502665,84.883186,1.701757,0
2023-12-04,sh.600577,4.2000,4.2600,4.1800,4.2200,4.2000,19933026,84360449.9600,3,0.998700,1,0.476200,20.678093,0.505058,85.287392,1.709861,0
2023-12-05,sh.600577,4.2100,4.2200,4.1200,4.1200,4.2200,18919992,78709056.8000,3,0.948000,1,-2.369700,20.188091,0.493090,83.266363,1.669343,0
2023-12-06,sh.600577,4.1100,4.1800,4.1000,4.1500,4.1200,14664772,60885072.7200,3,0.734800,1,0.728200,20.335092,0.496681,83.872672,1.681498,0
2023-12-07,sh.600577,4.1400,4.1600,4.1000,4.1400,4.1500,15868780,65490956.4000,3,0.795100,1,-0.241000,20.286092,0.495484,83.670569,1.677446,0
2023-12-08,sh.600577,4.1300,4.1500,4.0500,4.0600,4.1400,20283122,83063400.3200,3,1.016300,1,-1.932400,19.894090,0.485909,82.053746,1.645032,0
2023-12-11,sh.600577,4.0400,4.1400,3.9600,4.1300,4.0600,18736866,76442598.5000,3,0.938800,1,1.724100,,,,,0
2023-12-12,sh.600577,4.1100,4.1300,4.0900,4.1100,4.1300,8483438,34861217.1800,3,0.425100,1,-0.484300,20.139091,0.491893,83.064261,1.665291,0
2023-12-13,sh.600577,4.1100,4.1300,4.0800,4.0900,4.1100,12577400,51619533.0000,3,0.630200,1,-0.486600,20.041090,0.489500,82.660055,1.657187,0
2023-12-14,sh.600577,4.1000,4.1200,4.0800,4.0900,4.0900,10618800,43519690.0000,3,0.532000,1,0.000000,20.041090,0.489500,82.660055,1.657187,0
2023-12-15,sh.600577,4.0900,4.1200,4.0500,4.0700,4.0900,12387602,50571976.1400,3,0.620700,1,-0.489000,19.943090,0.487106,82.255849,1.649084,0
2023-12-18,sh.600577,4.0600,4.0600,3.9800,4.0000,4.0700,14045677,56462221.2600,3,0.703700,1,-1.719900,19.600088,0.478728,80.841130,1.620721,0
2023-12-19,sh.600577,4.0100,4.0700,3.9500,4.0400,4.0000,17607792,70945849.7600,3,0.882200,1,1.000000,19.796089,0.483516,81.649541,1.636928,0
2023-12-20,sh.600577,4.0300,4.0400,3.9600,3.9700,4.0400,12352287,49414670.3900,3,0.618900,1,-1.732700,19.453088,0.475138,80.234821,1.608566,0
2023-12-21,sh.600577,3.9600,4.0000,3.8900,3.9800,3.9700,15539972,61365834.9000,3,0.778600,1,0.251900,19.502088,0.476335,80.436924,1.612618,0
2023-12-22,sh.600577,3.9600,4.0200,3.9300,3.9800,3.9800,14988093,59596429.4500,3,0.751000,1,0.000000,19.502088,0.476335,80.436924,1.612618,0
2023-12-25,sh.600577,3.9600,4.0400,3.9600,4.0100,3.9800,13538785,54256015.3300,3,0.678400,1,0.753800,19.649089,0.479925,81.043232,1.624773,0
2023-12-26,sh.600577,4.0000,4.0100,3.9300,3.9400,4.0100,10733100,42523574.9800,3,0.537800,1,-1.745600,19.306087,0.471547,79.628513,1.596410,0
2023-12-27,sh.600577,3.9600,3.9800,3.9200,3.9700,3.9400,8269400,32674679.0000,3,0.414300,1,0.761400,19.453088,0.475138,80.234821,1.608566,0
2023-12-28,sh.600577,3.9500,4.0900,3.9400,4.0900,3.9700,23408303,94795860.4700,3,1.172900,1,3.022700,20.041090,0.489500,82.660055,1.657187,0
2023-12-29,sh.600577,4.1100,4.1500,4.0800,4.1400,4.0900,19773455,81654050.7000,3,0.990700,1,1.222500,20.286092,0.495484,83.670569,1.677446,0
2024-01-02,sh.600577,4.1600,4.2300,4.1400,4.1700,4.1400,26749280,112013827.6000,3,1.340200,1,0.724600,20.433150,0.499076,84.277116,1.689607,0
2024-01-03,sh.600577,4.1800,4.1900,4.1400,4.1700,4.1700,18273900,76129385.0000,3,0.915600,1,0.000000,20.433150,0.499076,84.277116,1.689607,0
2024-01-04,sh.600577,4.2000,4.2100,4.1200,4.1500,4.1700,12199600,50643490.1600,3,0.611200,1,-0.479600,20.335149,0.496682,83.872909,1.681503,0
2024-01-05,sh.600577,4.1700,4.2000,4.0900,4.1100,4.1500,18603400,77142106.0000,3,0.932100,1,-0.963900,20.139148,0.491895,83.064495,1.665296,0
2024-01-08,sh.600577,4.1100,4.1400,4.0300,4.0300,4.1100,19079904,77575393.6000,3,0.956000,1,-1.946500,19.747145,0.482320,81.447668,1.632881,0
2024-01-09,sh.600577,4.0400,4.1200,4.0300,4.0700,4.0300,16143482,65758731.7400,3,0.808900,1,0.992600,19.943146,0.487107,82.256082,1.649089,0
2024-01-10,sh.600577,4.0700,4.1100,4.0200,4.0500,4.0700,11345899,46161792.8200,3,0.568500,1,-0.491400,19.845146,0.484714,81.851875,1.640985,0
2024-01-11,sh.600577,4.0600,4.1500,4.0500,4.1400,4.0500,16162904,66414745.4800,3,0.809800,1,2.222200,20.286149,0.495485,83.670806,1.677451,0
2024-01-12,sh.600577,4.1400,4.1900,4.1200,4.1400,4.1400,13143700,54577482.0000,3,0.658600,1,0.000000,20.286149,0.495485,83.670806,1.677451,0
2024-01-15,sh.600577,4.1400,4.1800,4.1100,4.1500,4.1400,14438707,59972315.0500,3,0.723400,1,0.241500,20.335149,0.496682,83.872909,1.681503,0
2024-01-16,sh.600577,4.1400,4.1900,4.0900,4.1500,4.1500,15602826,64608930.6400,3,0.781800,1,0.000000,20.335149,0.496682,83.872909,1.681503,0
2024-01-17,sh.600577,4.1400,4.1800,4.0700,4.0700,4.1500,16614400,68593239.0000,3,0.832400,1,-1.927700,19.943146,0.487107,82.256082,1.649089,0
2024-01-18,sh.600577,4.0700,4.0700,3.9100,4.0400,4.0700,25421575,101576735.2000,3,1.273700,1,-0.737100,19.796145,0.483517,81.649772,1.636933,0
2024-01-19,sh.600577,4.0400,4.0600,3.9600,3.9600,4.0400,13185844,52672210.1200,3,0.660700,1,-1.980200,19.404142,0.473942,80.032945,1.604519,0
2024-01-22,sh.600577,3.9500,3.9500,3.6200,3.6700,3.9600,39228900,148725181.0000,3,1.965500,1,-7.323200,17.983132,0.439234,74.171946,1.487016,0
2024-01-23,sh.600577,3.6800,3.7600,3.5900,3.7400,3.6700,22801265,83936100.1500,3,1.142400,1,1.907400,18.326135,0.447612,75.586670,1.515379,0
2024-01-24,sh.600577,3.7500,3.7900,3.6300,3.7700,3.7400,18668246,69320534.3200,3,0.935400,1,0.802100,18.473136,0.451203,76.192980,1.527534,0
2024-01-25,sh.600577,3.7700,3.8700,3.7400,3.8600,3.7700,17614022,67382164.5200,3,0.882500,1,2.387300,18.914139,0.461974,78.011911,1.564000,0
2024-01-26,sh.600577,3.8800,3.9100,3.8500,3.8600,3.8600,16555822,64208168.1200,3,0.829500,1,0.000000,18.914139,0.461974,78.011911,1.564000,0
2024-01-29,sh.600577,3.8700,3.9000,3.7700,3.7800,3.8600,15884533,60834636.8300,3,0.795900,1,-2.072500,18.522136,0.452400,76.395083,1.531586,0
2024-01-30,sh.600577,3.6900,3.8000,3.6700,3.6800,3.7800,14798155,55262157.1500,3,0.741400,1,-2.645500,18.032132,0.440431,74.374049,1.491068,0
2024-01-31,sh.600577,3.6800,3.7000,3.4900,3.4900,3.6800,26135066,93311587.6100,3,1.309500,1,-5.163000,17.101126,0.417692,70.534085,1.414083,0
2024-02-01,sh.600577,3.4800,3.5600,3.3800,3.4800,3.4900,20489913,71303793.1400,3,1.026600,1,-0.286500,17.052125,0.416495,70.331982,1.410031,0
2024-02-02,sh.600577,3.4500,3.5200,3.2200,3.3400,3.4800,24862771,84204348.2700,3,1.245700,1,-4.023000,16.366120,0.399739,67.502534,1.353306,0
2024-02-05,sh.600577,3.3100,3.3100,3.0300,3.1100,3.3400,36222397,114375355.5200,3,1.814900,1,-6.886200,15.239112,0.372212,62.854156,1.260114,0
2024-02-06,sh.600577,3.0900,3.3900,3.0300,3.3400,3.1100,31134201,100086718.7300,3,1.560000,1,7.395500,16.366120,0.399739,67.502534,1.353306,0
2024-02-07,sh.600577,3.3500,3.5900,3.3400,3.5500,3.3400,39679330,139347291.4800,3,1.988100,1,6.287400,17.395128,0.424873,71.746705,1.438394,0
2024-02-08,sh.600577,3.5500,3.7400,3.5500,3.7000,3.5500,38773237,142834017.6700,3,1.942700,1,4.225400,18.130133,0.442825,74.778256,1.499171,0
2024-02-19,sh.600577,3.7400,3.7700,3.6300,3.6600,3.7000,32030329,117640765.9700,3,1.604900,1,-1.081100,17.934132,0.438038,73.969843,1.482964,0
2024-02-20,sh.600577,3.6700,3.7000,3.6200,3.6900,3.6600,19123529,70070456.1800,3,0.958200,1,0.819700,18.081133,0.441628,74.576153,1.495120,0
2024-02-21,sh.600577,3.6800,3.8000,3.6700,3.7000,3.6900,24996791,93452231.9800,3,1.252400,1,0.271000,18.130133,0.442825,74.778256,1.499171,0
2024-02-22,sh.600577,3.7200,3.7500,3.6700,3.7200,3.7000,18682059,69180483.3000,3,0.936000,1,0.540500,18.228134,0.445219,75.182463,1.507275,0
2024-02-23,sh.600577,3.7200,3.7400,3.6700,3.7300,3.7200,22846600,84776999.6400,3,1.144700,1,0.268800,18.277134,0.446415,75.384566,1.511327,0
2024-02-26,sh.600577,3.7300,3.8200,3.7200,3.7600,3.7300,26856522,101535818.1900,3,1.345600,1,0.804300,18.424135,0.450006,75.990877,1.523482,0
2024-02-27,sh.600577,3.7800,3.8200,3.7400,3.8200,3.7600,20443800,77244204.0000,3,1.024300,1,1.595700,18.718137,0.457187,77.203497,1.547793,0
2024-02-28,sh.600577,3.8400,3.9200,3.6800,3.6800,3.8200,36315810,138150667.8000,3,1.819600,1,-3.664900,18.032132,0.440431,74.374049,1.491068,0
2024-02-29,sh.600577,3.6800,3.7900,3.6700,3.7800,3.6800,21951980,82355933.4300,3,1.099900,1,2.717400,18.522136,0.452400,76.395083,1.531586,0
2024-03-01,sh.600577,3.8300,3.8800,3.8000,3.8700,3.7800,27305128,104961837.2800,3,1.368100,1,2.381000,18.963139,0.463171,78.214014,1.568052,0
2024-03-04,sh.600577,3.8900,3.9100,3.8000,3.8600,3.8700,23482516,90441164.3500,3,1.176600,1,-0.258400,18.914139,0.461974,78.011911,1.564000,0
2024-03-05,sh.600577,3.8100,3.8400,3.7800,3.8100,3.8600,20659800,78755616.0000,3,1.035100,1,-1.295300,18.669137,0.455990,77.001394,1.543741,0
2024-03-06,sh.600577,3.8000,3.8900,3.7900,3.8400,3.8100,17763023,68126673.2600,3,0.890000,1,0.787400,18.816138,0.459581,77.607704,1.555897,0
2024-03-07,sh.600577,3.8600,3.8800,3.8100,3.8200,3.8400,16900555,65065233.1000,3,0.846800,1,-0.520800,18.718137,0.457187,77.203497,1.547793,0
2024-03-08,sh.600577,3.8200,3.8600,3.7900,3.8300,3.8200,14081242,53867417.4400,3,0.705500,1,0.261800,18.767138,0.458384,77.405600,1.551845,0
2024-03-11,sh.600577,3.8400,3.9100,3.8300,3.9100,3.8300,22332509,86526117.2400,3,1.119000,1,2.088800,19.159141,0.467958,79.022428,1.584259,0
2024-03-12,sh.600577,3.9300,3.9800,3.9000,3.9100,3.9100,20418813,80219861.1200,3,1.023100,1,0.000000,19.159141,0.467958,79.022428,1.584259,0
2024-03-13,sh.600577,3.9100,4.0400,3.9100,4.0000,3.9100,39094424,155885655.7200,3,1.958800,1,2.301800,19.600144,0.478730,80.841358,1.620726,0
2024-03-14,sh.600577,3.9900,4.0700,3.9700,4.0300,4.0000,29799795,119865117.9000,3,1.493100,1,0.750000,19.747145,0.482320,81.447668,1.632881,0
2024-03-15,sh.600577,4.0200,4.0600,4.0000,4.0600,4.0300,21789222,87775197.1400,3,1.091700,1,0.744400,19.894146,0.485911,82.053979,1.645037,0
2024-03-18,sh.600577,4.0900,4.1600,4.0900,4.1500,4.0600,31799323,131219272.6300,3,1.593300,1,2.216700,20.335149,0.496682,83.872909,1.681503,0
2024-03-19,sh.600577,4.1500,4.2400,4.1400,4.1500,4.1500,41548432,173671930.0400,3,2.081700,1,0.000000,20.233393,0.481886,-42.393188,1.665505,0
2024-03-20,sh.600577,4.1500,4.2000,4.1400,4.1600,4.1500,24603672,102537304.7900,3,1.232700,1,0.241000,20.282149,0.483047,-42.495341,1.669518,0
2024-03-21,sh.600577,4.1600,4.1900,4.1100,4.1600,4.1600,25749007,107092946.0400,3,1.290100,1,0.000000,20.282149,0.483047,-42.495341,1.669518,0
2024-03-22,sh.600577,4.1500,4.5800,4.1300,4.5800,4.1600,156865468,692604205.8600,3,7.859600,1,10.096200,22.329865,0.531817,-46.785736,1.838075,0
2024-03-25,sh.600577,4.9500,5.0400,4.5600,5.0400,4.5800,355914658,1742024825.3200,3,17.832800,1,10.043700,24.572603,0.585230,-51.484740,2.022686,0
2024-03-26,sh.600577,5.1500,5.5400,5.1500,5.3100,5.0400,433544204,2349711345.4700,3,21.722300,1,5.357100,25.888992,0.616582,-54.242851,2.131044,0
2024-03-27,sh.600577,5.1600,5.3100,4.8300,4.8500,5.3100,359372996,1818328820.8300,3,18.006100,1,-8.662900,23.646255,0.563168,-49.543847,1.946434,0
2024-03-28,sh.600577,4.8500,5.3400,4.7600,5.1400,4.8500,246815600,1260992549.2600,3,12.366500,1,5.979400,25.060155,0.596842,-52.506262,2.062818,0
2024-03-29,sh.600577,5.1800,5.3100,5.0100,5.1800,5.1400,270183696,1392296616.4400,3,13.537300,1,0.778200,25.255175,0.601487,-52.914871,2.078871,0
2024-04-01,sh.600577,5.1500,5.2400,4.8700,5.1300,5.1800,189761607,965131986.0100,3,9.505700,1,-0.965300,25.016899,0.595812,-52.415632,2.059258,0
2024-04-02,sh.600577,5.1100,5.2000,4.8800,4.9100,5.1300,159814949,799779446.6700,3,8.005600,1,-4.288500,23.944049,0.570261,-50.167788,1.970946,0
2024-04-03,sh.600577,4.8800,4.9400,4.7100,4.7400,4.9100,114324202,545753799.2500,3,5.726800,1,-3.462300,23.115029,0.550516,-48.430817,1.902706,0
2024-04-08,sh.600577,4.7200,4.8100,4.6600,4.6800,4.7400,70518883,333578274.0100,3,3.532500,1,-1.265800,22.822434,0.543548,-47.817769,1.878621,0
2024-04-09,sh.600577,4.6800,4.7400,4.6100,4.7200,4.6800,67216112,314230881.5000,3,3.367000,1,0.854700,23.017497,0.548193,-48.226468,1.894678,0
2024-04-10,sh.600577,4.6900,4.7100,4.5000,4.5500,4.7200,73901763,338182465.0000,3,3.701900,1,-3.601700,22.188477,0.528449,-46.489498,1.826437,0
2024-04-11,sh.600577,4.5000,4.6500,4.4900,4.5700,4.5500,50998635,232947938.9600,3,2.554700,1,0.439600,22.286009,0.530772,-46.693847,1.834465,0
2024-04-12,sh.600577,4.5700,4.8300,4.5300,4.6700,4.5700,122411789,572833871.2000,3,6.131900,1,2.188200,22.773668,0.542386,-47.715594,1.874607,0
2024-04-15,sh.600577,4.6400,4.7200,4.4600,4.5500,4.6700,72154568,329485785.3600,3,3.614400,1,-2.569600,22.188477,0.528449,-46.489498,1.826437,0
2024-04-16,sh.600577,4.5000,4.5500,4.2500,4.2600,4.5500,91472547,397551836.5200,3,4.582100,1,-6.373600,20.774267,0.494768,-43.526431,1.710027,0
2024-04-17,sh.600577,4.3100,4.5600,4.3000,4.5500,4.2600,95335212,425018198.9600,3,4.775600,1,6.807500,22.188477,0.528449,-46.489498,1.826437,0
2024-04-18,sh.600577,4.4900,4.6500,4.3900,4.5100,4.5500,96778881,436217550.2900,3,4.847900,1,-0.879100,21.993414,0.523803,-46.080799,1.810380,0
2024-04-19,sh.600577,4.5100,4.5100,4.3400,4.4000,4.5100,63445135,279335317.6000,3,3.178100,1,-2.439000,21.456989,0.511028,-44.956877,1.766225,0
2024-04-22,sh.600577,4.3500,4.4500,4.2900,4.3700,4.4000,42979800,187852707.0000,3,2.152900,1,-0.681800,21.310915,0.507549,-44.650822,1.754201,0
2024-04-23,sh.600577,4.3900,4.4400,4.3200,4.3300,4.3700,34148685,148843795.9000,3,1.710600,1,-0.915300,21.115850,0.502903,-44.242119,1.738144,0
2024-04-24,sh.600577,4.3500,4.6500,4.3300,4.6400,4.3300,99254003,451364986.5200,3,4.971800,1,7.159400,22.627608,0.538908,-47.409568,1.862584,0
2024-04-25,sh.600577,4.6300,4.6300,4.4900,4.5300,4.6400,58128331,263146628.8100,3,2.911800,1,-2.370700,22.091178,0.526132,-46.285635,1.818428,0
2024-04-26,sh.600577,4.4600,4.6500,4.3800,4.5300,4.4000,103602146,469784421.8400,3,5.189600,1,2.954500,22.091178,0.526132,-46.285635,1.818428,0
2024-04-29,sh.600577,4.5400,4.7600,4.5400,4.7100,4.5300,105534918,492630004.3300,3,5.286500,1,3.973500,22.968973,0.547038,-48.124799,1.890683,0
2024-04-30,sh.600577,4.6900,4.6900,4.5600,4.6400,4.7100,68339278,315395157.4600,3,3.423300,1,-1.486200,22.206769,0.522981,-109.807106,1.822962,0
2024-05-06,sh.600577,4.6900,4.7900,4.5900,4.7700,4.6400,82915489,389642973.1100,3,3.987000,1,2.801700,22.828942,0.537633,-112.883598,1.874037,0
2024-05-07,sh.600577,4.7500,4.7900,4.6500,4.7200,4.7700,66153978,311485272.9400,3,3.181000,1,-1.048200,22.589645,0.531998,-111.700332,1.854393,0
2024-05-08,sh.600577,4.6900,4.7000,4.5600,4.5800,4.7200,51513800,236841463.0000,3,2.477000,1,-2.966100,21.919613,0.516218,-108.387186,1.799390,0
2024-05-09,sh.600577,4.5900,4.6900,4.5700,4.6200,4.5800,40841580,189261262.2000,3,1.963900,1,0.873400,22.111051,0.520726,-109.333799,1.815105,0
2024-05-10,sh.600577,4.6100,4.6300,4.4900,4.5500,4.6200,56685500,257240046.0000,3,2.725700,1,-1.515200,21.776035,0.512837,-107.677227,1.787603,0
2024-05-13,sh.600577,4.5300,4.6200,4.4300,4.5200,4.5500,53615185,243420929.9500,3,2.578100,1,-0.659300,21.632456,0.509455,-106.967267,1.775817,0
2024-05-14,sh.600577,4.4900,4.5900,4.4800,4.5200,4.5200,33302753,151221126.6800,3,1.601400,1,0.000000,21.632456,0.509455,-106.967267,1.775817,0
2024-05-15,sh.600577,4.5400,4.5400,4.3900,4.4100,4.5200,44542337,197824305.4300,3,2.141800,1,-2.433600,21.106003,0.497057,-104.364081,1.732600,0
2024-05-16,sh.600577,4.4500,4.4900,4.3800,4.3900,4.4100,35821447,158833368.6200,3,1.722500,1,-0.453500,21.010284,0.494803,-103.890775,1.724742,0
2024-05-17,sh.600577,4.4100,4.6100,4.4000,4.5800,4.3900,84298242,380384329.7400,3,4.053500,1,4.328000,21.919613,0.516218,-108.387186,1.799390,0
2024-05-20,sh.600577,4.5400,4.5400,4.3200,4.4700,4.5800,82317704,364205421.2000,3,3.958200,1,-2.401700,21.393159,0.503820,-105.784001,1.756173,0
2024-05-21,sh.600577,4.4600,4.5100,4.3600,4.3900,4.4700,50612969,223531134.4600,3,2.433700,1,-1.789700,21.010284,0.494803,-103.890775,1.724742,0
2024-05-22,sh.600577,4.3700,4.4200,4.3100,4.3700,4.3900,40036930,174381807.8000,3,1.925200,1,-0.455600,20.914565,0.492549,-103.417468,1.716885,0
2024-05-23,sh.600577,4.5000,4.6000,4.3300,4.3700,4.3700,112698318,503486114.2000,3,5.419100,1,0.000000,20.914565,0.492549,-103.417468,1.716885,0
2024-05-24,sh.600577,4.3100,4.4500,4.2800,4.3800,4.3700,74947810,328896361.0000,3,3.603900,1,0.228800,20.962425,0.493676,-103.654121,1.720814,0
2024-05-27,sh.600577,4.3400,4.3800,4.2800,4.3600,4.3800,48791705,211123798.5500,3,2.346100,1,-0.456600,20.866706,0.491421,-103.180815,1.712956,0
2024-05-28,sh.600577,4.3400,4.3800,4.2600,4.2700,4.3600,39694865,170998152.5500,3,1.908700,1,-2.064200,20.435971,0.481277,-101.050936,1.677597,0
2024-05-29,sh.600577,4.2900,4.3600,4.2700,4.3100,4.2700,34705465,150205065.1500,3,1.668800,1,0.936800,20.627409,0.485786,-101.997549,1.693312,0
2024-05-30,sh.600577,4.3300,4.3300,4.2400,4.2500,4.3100,32240100,137462833.0000,3,1.550300,1,-1.392100,20.340252,0.479023,-100.577629,1.669739,0
2024-05-31,sh.600577,4.2700,4.3200,4.2500,4.2900,4.2500,24610600,105577938.0000,3,1.183400,1,0.941200,20.531690,0.483532,-101.524242,1.685454,0
2024-06-03,sh.600577,4.2900,4.3500,4.2300,4.2800,4.2900,26460126,113334867.4000,3,1.272300,1,-0.233100,20.483830,0.482405,-101.287589,1.681526,0
2024-06-04,sh.600577,4.2400,4.2700,4.1900,4.2200,4.2800,42068230,177259642.0000,3,2.022800,1,-1.401900,20.196674,0.475642,-99.867669,1.657953,0
2024-06-05,sh.600577,4.2200,4.2500,4.1800,4.1800,4.2200,27447530,115839159.8600,3,1.319800,1,-0.947900,20.005236,0.471133,-98.921056,1.642238,0
2024-06-06,sh.600577,4.1900,4.2100,4.0700,4.0900,4.1800,33412800,137790678.8600,3,1.606600,1,-2.153100,19.574502,0.460989,-96.791177,1.606878,0
2024-06-07,sh.600577,4.1000,4.1500,4.0400,4.1000,4.0900,22088789,90457943.0700,3,1.062100,1,0.244500,19.622361,0.462117,-97.027830,1.610807,0
2024-06-11,sh.600577,4.0900,4.0900,4.0300,4.0700,4.1000,21870731,88714436.5100,3,1.051700,1,-0.731700,19.478783,0.458735,-96.317871,1.599021,0
2024-06-12,sh.600577,4.0700,4.1700,4.0500,4.1400,4.0700,31821614,130649759.4000,3,1.530100,1,1.719900,19.813799,0.466625,-97.974443,1.626522,0
2024-06-13,sh.600577,4.1300,4.1900,4.0900,4.1200,4.1400,26480610,109557623.1000,3,1.273300,1,-0.483100,19.718080,0.464371,-97.501137,1.618665,0
2024-06-14,sh.600577,4.1100,4.1600,4.0800,4.1300,4.1200,20067610,82715229.3000,3,0.964900,1,0.242700,19.765939,0.465498,-97.737790,1.622594,0
2024-06-17,sh.600577,4.1000,4.2000,4.1000,4.1400,4.1300,23702720,98483913.0000,3,1.139700,1,0.242100,19.813799,0.466625,-97.974443,1.626522,0
2024-06-18,sh.600577,4.1200,4.2100,4.1200,4.1900,4.1400,23855838,99603257.1200,3,1.147100,1,1.207700,20.053096,0.472261,-99.157710,1.646166,0
2024-06-19,sh.600577,4.2000,4.2400,4.1100,4.1600,4.1900,36864304,153407445.5600,3,1.772600,1,-0.716000,19.909517,0.468879,-98.447750,1.634380,0
2024-06-20,sh.600577,4.1600,4.1900,3.9500,3.9500,4.1600,53560538,216167310.0000,3,2.575500,1,-5.048100,18.904470,0.445210,-93.478032,1.551875,0
2024-06-21,sh.600577,3.9700,4.1200,3.9400,4.0500,3.9500,41715913,169258973.8500,3,2.005900,1,2.531600,19.383064,0.456481,-95.844564,1.591163,0
2024-06-24,sh.600577,4.0400,4.0500,3.9000,3.9000,4.0500,27905461,110283719.7300,3,1.341800,1,-3.703700,18.665173,0.439574,-92.294766,1.532231,0
2024-06-25,sh.600577,3.9100,3.9400,3.8500,3.8800,3.9000,21062000,82013007.0000,3,1.012800,1,-0.512800,18.569454,0.437320,-91.821459,1.524374,0
2024-06-26,sh.600577,3.8900,4.0000,3.8500,4.0000,3.8800,26477298,103977050.8400,3,1.273200,1,3.092800,19.143767,0.450845,-94.661298,1.571519,0
2024-06-27,sh.600577,4.0400,4.0400,3.8900,3.8900,4.0000,21655500,85307101.0000,3,1.041300,1,-2.750000,18.617313,0.438447,-92.058112,1.528303,0
2024-06-28,sh.600577,3.9100,4.0400,3.8900,3.9700,3.8900,33587649,134191282.5800,3,1.615100,1,2.056600,19.000189,0.447464,-93.951338,1.559733,0
2024-07-01,sh.600577,3.9600,4.0100,3.9100,3.9900,3.9700,24531900,97182689.0000,3,1.179600,1,0.503800,19.095969,0.449720,-94.424948,1.567596,0
2024-07-02,sh.600577,3.9700,4.0000,3.9400,3.9500,3.9900,15935800,63180434.0000,3,0.766300,1,-1.002500,18.904530,0.445211,-93.478332,1.551880,0
2024-07-03,sh.600577,3.9600,3.9700,3.8600,3.8700,3.9500,21839900,85089887.0000,3,1.050200,1,-2.025300,18.521654,0.436194,-91.585100,1.520450,0
2024-07-04,sh.600577,3.8700,3.9000,3.7700,3.7900,3.8700,21024200,80466812.0000,3,1.010900,1,-2.067200,18.138777,0.427177,-89.691868,1.489019,0
2024-07-05,sh.600577,3.8000,3.8300,3.7500,3.8100,3.7900,18245500,69253903.0000,3,0.877300,1,0.527700,18.234496,0.429432,-90.165176,1.496877,0
2024-07-08,sh.600577,3.8000,3.8000,3.6800,3.6900,3.8100,22174442,82477499.7300,3,1.066300,1,-3.149600,17.660182,0.415906,-87.325328,1.449731,0
2024-07-09,sh.600577,3.7200,3.9000,3.6600,3.8600,3.6900,40742753,153997653.7200,3,1.959100,1,4.607000,18.473794,0.435067,-91.348446,1.516521,0
2024-07-10,sh.600577,3.9000,3.9400,3.8000,3.8100,3.8600,27370300,105662855.0000,3,1.316100,1,-1.295300,18.234496,0.429432,-90.165176,1.496877,0
2024-07-11,sh.600577,3.8800,3.9100,3.8300,3.9000,3.8100,27341917,106208164.3000,3,1.314700,1,2.362200,18.665233,0.439576,-92.295062,1.532236,0
2024-07-12,sh.600577,3.9000,3.9000,3.8400,3.8600,3.9000,15973100,61780820.0000,3,0.768100,1,-1.025600,18.473794,0.435067,-91.348446,1.516521,0
2024-07-15,sh.600577,3.8500,3.8800,3.7900,3.8100,3.8600,16726300,63790473.0000,3,0.804300,1,-1.295300,18.234496,0.429432,-90.165176,1.496877,0
2024-07-16,sh.600577,3.8000,3.8400,3.7500,3.8000,3.8100,16300400,61642039.0000,3,0.783800,1,-0.262500,18.186637,0.428304,-89.928522,1.492948,0
2024-07-17,sh.600577,3.8000,3.8300,3.7600,3.8100,3.8000,19244700,73036275.0000,3,0.925400,1,0.263200,18.234496,0.429432,-90.165176,1.496877,0
2024-07-18,sh.600577,3.8000,3.8100,3.7300,3.7700,3.8100,19724100,74215807.0000,3,0.948400,1,-1.049900,18.043058,0.424923,-89.218560,1.481162,0
2024-07-19,sh.600577,3.7700,3.8000,3.7300,3.7300,3.7700,19521200,73372982.0000,3,0.938700,1,-1.061000,17.851620,0.420415,-88.271944,1.465446,0
2024-07-22,sh.600577,3.7300,3.7600,3.7200,3.7400,3.7300,13597300,50824465.0000,3,0.653800,1,0.268100,17.899479,0.421542,-88.508598,1.469375,0
2024-07-23,sh.600577,3.7400,3.7800,3.6800,3.6800,3.7400,19712000,73508721.0000,3,0.947800,1,-1.604300,17.612322,0.414779,-87.088674,1.445802,0
2024-07-24,sh.600577,3.6600,3.9000,3.6500,3.7800,3.6800,59561114,226980150.0200,3,2.864000,1,2.717400,18.090918,0.426050,-89.455214,1.485091,0
2024-07-25,sh.600577,3.7500,4.1600,3.6600,4.1000,3.7800,89148116,350662259.8800,3,4.286700,1,8.465600,19.622424,0.462118,-97.028142,1.610812,0
2024-07-26,sh.600577,4.0600,4.4800,4.0300,4.3800,4.1000,118803897,512211105.2500,3,5.712600,1,6.829300,20.962492,0.493677,-103.654454,1.720819,0
2024-07-29,sh.600577,4.3700,4.4200,4.2200,4.3600,4.3800,89103969,384109922.4800,3,4.284500,1,-0.456600,20.866773,0.491423,-103.181146,1.712962,0
2024-07-30,sh.600577,4.3500,4.5100,4.2600,4.4100,4.3600,72702899,319168727.3600,3,3.495900,1,1.146800,21.106071,0.497059,-104.364417,1.732606,0
2024-07-31,sh.600577,4.3900,4.6400,4.3800,4.6100,4.4100,77155084,350925468.5600,3,3.710000,1,4.535100,22.063262,0.519601,-109.097497,1.811182,0
2024-08-01,sh.600577,4.5800,4.6500,4.5400,4.5800,4.6100,49657436,228176214.0400,3,2.387800,1,-0.650800,21.919683,0.516220,-108.387535,1.799395,0
2024-08-02,sh.600577,4.5600,4.5900,4.3900,4.4200,4.5800,64916904,290444719.2400,3,3.121500,1,-3.493400,21.153930,0.498186,-104.601071,1.736534,0
2024-08-05,sh.600577,4.2700,4.4300,4.2200,4.2400,4.4200,50453000,217423340.0000,3,2.426000,1,-4.072400,20.292458,0.477898,-100.341298,1.665816,0
2024-08-06,sh.600577,4.3100,4.5900,4.2400,4.4400,4.2400,90906483,399053988.4800,3,4.371200,1,4.717000,21.249649,0.500440,-105.074379,1.744392,0
2024-08-07,sh.600577,4.5400,4.6200,4.3700,4.6000,4.4400,104002526,468514884.3700,3,5.000900,1,3.603600,22.015403,0.518474,-108.860843,1.807253,0
2024-08-08,sh.600577,4.5500,4.5900,4.4400,4.4800,4.6000,64172237,288521392.4000,3,3.085700,1,-2.608700,21.441088,0.504948,-106.020995,1.760107,0
2024-08-09,sh.600577,4.5000,4.7100,4.4800,4.4800,4.4800,64516959,295282907.0500,3,3.102300,1,0.000000,21.441088,0.504948,-106.020995,1.760107,0
2024-08-12,sh.600577,4.4700,4.5200,4.3700,4.4100,4.4800,40840452,180595184.9600,3,1.963800,1,-1.562500,21.106071,0.497059,-104.364417,1.732606,0
2024-08-13,sh.600577,4.4100,4.4600,4.3500,4.4100,4.4100,24399899,107376622.5900,3,1.173300,1,0.000000,21.106071,0.497059,-104.364417,1.732606,0
2024-08-14,sh.600577,4.4500,4.5300,4.3800,4.4600,4.4100,41441400,184815422.0000,3,1.992700,1,1.133800,21.345369,0.502694,-105.547687,1.752250,0
2024-08-15,sh.600577,4.4000,4.5900,4.3900,4.5800,4.4600,52775230,238332618.8000,3,2.537700,1,2.690600,21.919683,0.516220,-108.387535,1.799395,0
2024-08-16,sh.600577,4.9300,5.0400,4.8500,5.0400,4.5800,164335232,823308736.4700,3,7.902000,1,10.043700,20.675674,0.534034,-38.074982,2.010948,0
2024-08-19,sh.600577,4.9700,5.2500,4.8800,5.0700,5.0400,226323953,1147394323.3200,3,10.882700,1,0.595200,20.798744,0.537213,-38.301619,2.022918,0
2024-08-20,sh.600577,5.1800,5.3400,4.9700,5.0400,5.0700,137963857,703227116.0800,3,6.634000,1,-0.591700,20.675674,0.534034,-38.074982,2.010948,0
2024-08-21,sh.600577,4.9300,5.0600,4.8800,5.0000,5.0400,95322720,474166565.9400,3,4.583600,1,-0.793700,20.511581,0.529796,-37.772799,1.994988,0
2024-08-22,sh.600577,5.0000,5.2100,4.8600,4.9900,5.0000,115786221,580738261.7200,3,5.567500,1,-0.200000,20.470558,0.528736,-37.697254,1.990998,0
2024-08-23,sh.600577,4.9500,4.9700,4.8200,4.8400,4.9900,97453230,475627630.5900,3,4.686000,1,-3.006000,19.855211,0.512842,-36.564070,1.931148,0
2024-08-26,sh.600577,4.8200,4.9500,4.8200,4.8500,4.8400,71864041,350491652.9800,3,3.455600,1,0.206600,19.896234,0.513902,-36.639615,1.935138,0
2024-08-27,sh.600577,4.8400,4.8500,4.6500,4.7000,4.8500,80430662,378784161.4500,3,3.867500,1,-3.092800,19.280887,0.498008,-35.506431,1.875288,0
2024-08-28,sh.600577,4.7200,4.7900,4.6200,4.6400,4.7000,47641598,223357189.9800,3,2.290800,1,-1.276600,19.034748,0.491650,-35.053158,1.851349,0
2024-08-29,sh.600577,4.5800,4.7300,4.5100,4.6800,4.6400,63207449,291708208.4800,3,3.039300,1,0.862100,19.198840,0.495889,-35.355340,1.867308,0
2024-08-30,sh.600577,4.6500,5.0100,4.6300,4.8500,4.6800,92974609,451810728.9800,3,4.470700,1,3.632500,19.896234,0.513902,-36.639615,1.935138,0
2024-09-02,sh.600577,4.8000,4.8400,4.4200,4.4300,4.8500,127471353,581544268.3700,3,6.129400,1,-8.659800,18.173261,0.469399,-33.466700,1.767559,0
2024-09-03,sh.600577,4.4000,4.4800,4.3500,4.4500,4.4300,67537724,298966487.3600,3,3.247500,1,0.451500,18.255308,0.471518,-33.617791,1.775539,0
2024-09-04,sh.600577,4.2800,4.3000,4.1600,4.1800,4.4500,75181079,317094849.2000,3,3.615100,1,-6.067400,17.147682,0.442909,-31.578060,1.667810,0
2024-09-05,sh.600577,4.1600,4.2600,4.1600,4.2300,4.1800,47598974,200979511.5300,3,2.288800,1,1.196200,17.352798,0.448207,-31.955788,1.687760,0
2024-09-06,sh.600577,4.2300,4.2400,4.0600,4.0700,4.2300,43640262,179411101.7200,3,2.098400,1,-3.782500,16.696427,0.431254,-30.747059,1.623920,0
2024-09-09,sh.600577,4.0600,4.1000,3.9900,4.0100,4.0700,32347717,130651914.1900,3,1.555400,1,-1.474200,16.450288,0.424896,-30.293785,1.599980,0
2024-09-10,sh.600577,4.0500,4.0800,3.9500,4.0500,4.0100,30357344,121581527.6800,3,1.459700,1,0.997500,16.614381,0.429135,-30.595968,1.615940,0
2024-09-11,sh.600577,4.0400,4.0900,4.0000,4.0300,4.0500,28961100,116810004.0000,3,1.373400,1,-0.493800,16.762991,0.432973,-30.869637,1.630394,0
2024-09-12,sh.600577,4.1000,4.1900,4.0700,4.0700,4.0300,42166203,173663655.3900,3,1.999700,1,0.992600,16.929373,0.437270,-31.176036,1.646577,0
2024-09-13,sh.600577,4.0500,4.0900,4.0100,4.0200,4.0700,27651947,111720872.1100,3,1.311300,1,-1.228500,16.721395,0.431899,-30.793038,1.626348,0
2024-09-18,sh.600577,4.0200,4.0900,3.9700,4.0500,4.0200,33401197,134811803.7700,3,1.584000,1,0.746300,16.846182,0.435122,-31.022837,1.638485,0
2024-09-19,sh.600577,4.0500,4.1300,3.9900,4.0800,4.0100,35692474,145315843.3600,3,1.692600,1,1.745600,16.970968,0.438345,-31.252635,1.650622,0
2024-09-20,sh.600577,4.1000,4.1400,4.0500,4.1000,4.0800,34361774,140474142.4800,3,1.629500,1,0.490200,17.054159,0.440494,-31.405834,1.658714,0
2024-09-23,sh.600577,4.1100,4.1800,4.0900,4.1200,4.1000,33292974,137619457.4000,3,1.578900,1,0.487800,17.137350,0.442642,-31.559034,1.666805,0
2024-09-24,sh.600577,4.1300,4.4100,4.0700,4.4000,4.1200,81568300,349076581.8000,3,3.868200,1,6.796100,18.302024,0.472725,-33.703822,1.780083,0
2024-09-25,sh.600577,4.4100,4.6300,4.4100,4.4900,4.4000,77911426,353340234.0900,3,3.694800,1,2.045500,18.676384,0.482394,-34.393219,1.816494,0
2024-09-26,sh.600577,4.4500,4.6500,4.4400,4.6300,4.4900,64969152,295941728.5200,3,3.081000,1,3.118000,19.258721,0.497435,-35.465613,1.873133,0
2024-09-27,sh.600577,4.6900,4.7800,4.5700,4.7800,4.6300,59593320,278490686.7200,3,2.826100,1,3.239700,19.882654,0.513551,-36.614607,1.933817,0
2024-09-30,sh.600577,5.0600,5.2500,4.8800,5.2400,4.7800,132753003,679516906.1700,3,6.295600,1,9.623400,21.796047,0.562972,-40.138188,2.119917,0
2024-10-08,sh.600577,5.7600,5.7600,5.2500,5.6700,5.2400,200000193,1110188099.9100,3,9.484600,1,8.206100,23.584654,0.609170,-43.431971,2.293879,0
2024-10-09,sh.600577,5.4400,5.7600,5.2500,5.4300,5.6700,181046400,1000752677.0000,3,8.585800,1,-4.232800,22.586362,0.583385,-41.593581,2.196784,0
2024-10-10,sh.600577,5.3800,5.5500,4.9400,4.9600,5.4300,193253992,994146971.0100,3,9.164700,1,-8.655600,20.631373,0.532890,-37.993400,2.006639,0
2024-10-11,sh.600577,5.0000,5.0300,4.7500,4.8100,4.9600,79906871,389607426.6500,3,3.789400,1,-3.024200,20.007440,0.516774,-36.844406,1.945954,0
2024-10-14,sh.600577,4.8300,5.2900,4.7600,5.2900,4.8100,174987944,899154715.2100,3,8.298500,1,9.979200,22.004025,0.568344,-40.521186,2.140145,0
2024-10-15,sh.600577,5.2500,5.8200,5.1500,5.4500,5.2900,324767706,1815033661.1200,3,15.401500,1,3.024600,22.669553,0.585534,-41.746780,2.204875,0
2024-10-16,sh.600577,5.3000,5.4600,5.2000,5.3400,5.4500,147944127,789294273.0700,3,7.016000,1,-2.018300,22.212002,0.573716,-40.904184,2.160373,0
2024-10-17,sh.600577,5.4100,5.8300,5.3600,5.6900,5.3400,181748168,1025280035.4500,3,8.619100,1,6.554300,23.667845,0.611319,-43.585170,2.301971,0
2024-10-18,sh.600577,5.6200,6.2500,5.5700,6.0900,5.6900,264313143,1600981103.8400,3,12.534500,1,7.029900,25.331666,0.654294,-46.649154,2.463796,0
2024-10-21,sh.600577,6.1200,6.1300,5.7500,5.7900,6.0900,235903000,1393971812.7200,3,11.187200,1,-4.926100,24.083800,0.622063,-44.351166,2.342427,0
2024-10-22,sh.600577,5.8100,6.2600,5.8000,6.2300,5.7900,207135133,1256713130.3500,3,9.823000,1,7.599300,25.914003,0.669335,-47.721549,2.520435,0
2024-10-23,sh.600577,6.1500,6.1500,5.8700,5.9700,6.2300,169567834,1011274408.8200,3,8.041400,1,-4.173400,24.832520,0.641402,-45.729959,2.415249,0
2024-10-24,sh.600577,5.9300,6.0800,5.8700,5.9000,5.9700,112431192,669141814.5000,3,5.331800,1,-1.172500,24.541351,0.633881,-45.193762,2.386929,0
2024-10-25,sh.600577,5.8400,5.9700,5.7900,5.8400,5.9000,106100816,621396912.4600,3,5.031600,1,-1.016900,24.291778,0.627435,-44.734164,2.362655,0
2024-10-28,sh.600577,5.8300,6.0600,5.8100,6.0500,5.8400,107967048,639792836.4200,3,5.120100,1,3.595900,25.165284,0.649997,-46.342756,2.447614,0
2024-10-29,sh.600577,6.0500,6.0900,5.8600,5.9500,6.0500,100712150,601218007.5200,3,4.776100,1,-1.652900,24.749329,0.639253,-45.576760,2.407157,0
2024-10-30,sh.600577,5.8500,6.0000,5.7900,5.8700,5.9500,98406905,578082060.9300,3,4.666800,1,-1.344500,23.284314,0.593724,-157.532878,2.306994,0
2024-10-31,sh.600577,5.8400,5.8800,5.6400,5.7000,5.8700,155920753,890909233.0900,3,7.394200,1,-2.896100,22.609981,0.576529,-152.970597,2.240182,0
2024-11-01,sh.600577,5.6000,5.7000,5.2800,5.3100,5.7000,138860050,750611949.8200,3,6.585200,1,-6.842100,21.062982,0.537082,-142.504188,2.086906,0
2024-11-04,sh.600577,5.2900,5.4600,5.2700,5.3900,5.3100,73643299,396606718.5300,3,3.492400,1,1.506600,21.380315,0.545174,-144.651144,2.118347,0
2024-11-05,sh.600577,5.4200,5.7200,5.3400,5.6500,5.3900,103864311,577328833.4100,3,4.925600,1,4.823700,22.411648,0.571472,-151.628750,2.220531,0
2024-11-06,sh.600577,5.6500,5.6800,5.4600,5.5100,5.6500,100786584,558142514.4500,3,4.779600,1,-2.477900,21.856315,0.557311,-147.871577,2.165509,0
2024-11-07,sh.600577,5.5000,5.6400,5.4700,5.6100,5.5100,77536087,431568992.0100,3,3.677000,1,1.814900,22.252981,0.567426,-150.555272,2.204810,0
2024-11-08,sh.600577,5.6600,5.7700,5.4700,5.4900,5.6100,115303300,644176495.7500,3,5.468000,1,-2.139000,21.776981,0.555288,-147.334838,2.157649,0
2024-11-11,sh.600577,5.4900,5.7800,5.4400,5.7800,5.4900,138969736,789281765.8800,3,6.590400,1,5.282300,22.927314,0.584621,-155.117553,2.271623,0
2024-11-12,sh.600577,5.8700,5.8700,5.5600,5.6400,5.7800,108972591,618309943.1200,3,5.167800,1,-2.422100,22.371981,0.570460,-151.360380,2.216601,0
2024-11-13,sh.600577,5.6000,5.7100,5.5700,5.7000,5.6400,79385079,449228754.3100,3,3.764700,1,1.063800,22.609981,0.576529,-152.970597,2.240182,0
2024-11-14,sh.600577,5.6500,5.7400,5.3900,5.4000,5.7000,94445627,523358868.9200,3,4.478900,1,-5.263200,21.419982,0.546185,-144.919513,2.122277,0
2024-11-15,sh.600577,5.3800,5.4900,5.2200,5.2500,5.4000,69209240,371936692.1100,3,3.282100,1,-2.777800,20.824982,0.531014,-140.893971,2.063325,0
2024-11-18,sh.600577,5.3000,5.3200,5.1000,5.1400,5.2500,61469070,319595379.9000,3,2.915100,1,-2.095200,20.388649,0.519887,-137.941907,2.020094,0
2024-11-19,sh.600577,5.1400,5.5600,5.1300,5.5600,5.1400,123715312,665710869.8200,3,5.867000,1,8.171200,22.054648,0.562369,-149.213425,2.185160,0
2024-11-20,sh.600577,5.5400,5.5800,5.3500,5.5500,5.5600,98868700,540501584.0000,3,4.688700,1,-0.179900,22.014981,0.561357,-148.945055,2.181230,0
2024-11-21,sh.600577,5.6100,5.8500,5.4500,5.7000,5.5500,163997120,935806005.5400,3,7.777200,1,2.702700,22.609981,0.576529,-152.970597,2.240182,0
2024-11-22,sh.600577,5.9000,6.0000,5.5000,5.5000,5.7000,225867702,1313300061.1900,3,10.711300,1,-3.508800,21.816648,0.556300,-147.603208,2.161579,0
2024-11-25,sh.600577,5.4200,5.6300,5.2600,5.4300,5.5000,127898527,688720017.2500,3,6.065300,1,-1.272700,21.538982,0.549220,-145.724622,2.134068,0
2024-11-26,sh.600577,5.4000,5.6900,5.3500,5.5600,5.4300,138077026,770124199.1100,3,6.548000,1,2.394100,22.054648,0.562369,-149.213425,2.185160,0
2024-11-27,sh.600577,5.5000,5.5500,5.2300,5.5300,5.5600,108122810,581380185.2000,3,5.127500,1,-0.539600,21.935648,0.559334,-148.408316,2.173369,0
2024-11-28,sh.600577,5.7200,6.0800,5.6500,6.0800,5.5300,273278476,1624421119.0800,3,12.959700,1,9.945800,24.117313,0.614964,-163.168637,2.389527,0
2024-11-29,sh.600577,6.0800,6.5700,6.0400,6.3000,6.0800,395757137,2501673202.8500,3,18.768000,1,3.618400,24.989979,0.637216,-169.072765,2.475990,0
2024-12-02,sh.600577,6.1800,6.9300,6.1400,6.7200,6.3000,430216601,2821976874.0600,3,20.402200,1,6.666700,26.655977,0.679697,-180.344283,2.641056,0
2024-12-03,sh.600577,6.5200,6.6000,6.3200,6.4200,6.7200,245898031,1584574480.2000,3,11.661200,1,-4.464300,25.465978,0.649354,-172.293199,2.523152,0
2024-12-04,sh.600577,6.3900,6.6700,6.2100,6.2500,6.4200,182984364,1168585233.0700,3,8.677700,1,-2.648000,24.791646,0.632159,-167.730918,2.456340,0
2024-12-05,sh.600577,6.2300,6.6300,6.2000,6.5000,6.2500,192402646,1231895916.6200,3,9.124300,1,4.000000,25.783311,0.657445,-174.440155,2.554593,0
2024-12-06,sh.600577,6.5000,6.6800,6.3200,6.5400,6.5000,166619028,1086787640.9200,3,7.901600,1,0.615400,25.941978,0.661491,-175.513633,2.570314,0
2024-12-09,sh.600577,6.4500,7.1000,6.4200,6.7600,6.5400,217942735,1460860711.8800,3,10.335500,1,3.363900,26.814644,0.683743,-181.417761,2.656777,0
2024-12-10,sh.600577,6.9300,7.0500,6.6600,6.6800,6.7600,176269900,1200106883.4200,3,8.359300,1,-1.183400,26.497311,0.675651,-179.270805,2.625336,0
2024-12-11,sh.600577,6.6200,6.7900,6.5800,6.7100,6.6800,111278755,745183009.8200,3,5.277200,1,0.449100,26.616311,0.678686,-180.075914,2.637126,0
2024-12-12,sh.600577,6.7100,6.7500,6.5900,6.6700,6.7100,95513232,634432342.9200,3,4.529500,1,-0.596100,26.457644,0.674640,-179.002436,2.621406,0
2024-12-13,sh.600577,6.6000,6.7800,6.3500,6.3600,6.6700,130148076,848143664.7400,3,6.172000,1,-4.647700,25.227979,0.643285,-170.682982,2.499571,0
2024-12-16,sh.600577,6.4000,6.9700,6.3500,6.7000,6.3600,221489465,1487319319.5000,3,10.503700,1,5.345900,26.576644,0.677674,-179.807544,2.633196,0
2024-12-17,sh.600577,6.6400,6.8500,6.5600,6.7400,6.7000,188416410,1265446476.7000,3,8.935300,1,0.597000,26.735311,0.681720,-180.881022,2.648917,0
2024-12-18,sh.600577,6.6000,7.1500,6.5300,7.0200,6.7400,233509638,1602753107.6100,3,11.073700,1,4.154300,27.845976,0.710041,-188.395367,2.758961,0
2024-12-19,sh.600577,6.9200,7.3000,6.9200,7.1800,7.0200,216389374,1540423711.5200,3,10.261800,1,2.279200,28.480642,0.726224,-192.689279,2.821843,0
2024-12-20,sh.600577,7.0900,7.9000,7.0900,7.9000,7.1800,228043151,1745635753.5700,3,10.814500,1,10.027900,31.336640,0.799049,-212.011880,3.104813,0
2024-12-23,sh.600577,8.0600,8.4500,7.7500,7.8400,7.9000,336536051,2708119446.0300,3,15.959600,1,-0.759500,31.098640,0.792980,-210.401664,3.081232,0
2024-12-24,sh.600577,7.8400,8.0700,7.5400,8.0500,7.8400,274107899,2134583955.6500,3,12.999000,1,2.678600,31.931640,0.814221,-216.037422,3.163765,0
2024-12-25,sh.600577,7.9000,7.9600,7.4000,7.5900,8.0500,215235211,1643001254.5100,3,10.207100,1,-5.714300,30.106974,0.767694,-203.692427,2.982979,0
2024-12-26,sh.600577,7.5500,8.3400,7.5500,7.9400,7.5900,291265938,2336334703.0100,3,13.812700,1,4.611300,31.495307,0.803095,-213.085358,3.120534,0
2024-12-27,sh.600577,7.9300,8.2800,7.7700,8.0200,7.9400,204403665,1637828874.0300,3,9.693400,1,1.007600,31.812640,0.811186,-215.232314,3.151975,0
2024-12-30,sh.600577,8.0500,8.7400,8.0100,8.1000,8.0200,310843106,2593434428.1600,3,14.741100,1,0.997500,32.129973,0.819278,-217.379270,3.183416,0
2024-12-31,sh.600577,7.9000,7.9900,7.2900,7.2900,8.1000,270568240,2056046193.5600,3,12.831200,1,-10.000000,28.916975,0.737350,-195.641343,2.865075,0
