date,code,open,high,low,close,preclose,volume,amount,adjustflag,turn,tradestatus,pctChg,peTTM,psTTM,pcfNcfTTM,pbMRQ,isST
2017-09-01,sz.300699,13.5100,16.2100,13.5100,16.2100,11.2600,20000,319705.0000,3,0.021739,1,43.960910,29.924696,9.416856,418.754738,3.812761,0
2017-09-04,sz.300699,17.8300,17.8300,17.8300,17.8300,16.2100,10002,178335.0000,3,0.010872,1,9.993837,32.915319,10.357961,460.604379,4.193802,0
2017-09-05,sz.300699,19.6100,19.6100,19.6100,19.6100,17.8300,20984,411496.0000,3,0.022809,1,9.983178,36.201313,11.392014,506.587318,4.612476,0
2017-09-06,sz.300699,21.5700,21.5700,21.5700,21.5700,19.6100,19761,426244.0000,3,0.021479,1,9.994896,39.819598,12.530635,557.220216,5.073489,0
2017-09-07,sz.300699,23.7300,23.7300,23.7300,23.7300,21.5700,21501,510218.0000,3,0.023371,1,10.013910,43.807096,13.785441,613.019737,5.581543,0
2017-09-08,sz.300699,26.1000,26.1000,26.1000,26.1000,23.7300,35792,934171.0000,3,0.038904,1,9.987362,48.182268,15.162243,674.244212,6.138992,0
2017-09-11,sz.300699,28.7100,28.7100,28.7100,28.7100,26.1000,39669,1138896.0000,3,0.043118,1,9.999995,53.000494,16.678467,741.668633,6.752891,0
2017-09-12,sz.300699,31.5800,31.5800,31.5800,31.5800,28.7100,122092,3855665.3600,3,0.132709,1,9.996520,58.298698,18.345733,815.809663,7.427945,0
2017-09-13,sz.300699,34.7400,34.7400,34.7400,34.7400,31.5800,143422,4982480.2800,3,0.155893,1,10.006340,64.132260,20.181468,897.442296,8.171210,0
2017-09-14,sz.300699,38.2100,38.2100,38.2100,38.2100,34.7400,163077,6231172.1700,3,0.177258,1,9.988478,70.538101,22.197291,987.083193,8.987390,0
2017-09-15,sz.300699,42.0300,42.0300,42.0300,42.0300,38.2100,399792,16803257.7600,3,0.434557,1,9.997382,77.590066,24.416439,1085.765679,9.885894,0
2017-09-18,sz.300699,46.2300,46.2300,46.2300,46.2300,42.0300,396036,18308744.2800,3,0.430474,1,9.992864,85.343534,26.856340,1194.264748,10.873778,0
2017-09-19,sz.300699,50.8500,50.8500,50.8500,50.8500,46.2300,1204953,61271860.0500,3,1.309732,1,9.993508,93.872349,29.540231,1313.613723,11.960450,0
2017-09-20,sz.300699,55.9400,55.9400,55.9400,55.9400,50.8500,1045737,58498527.7800,3,1.136671,1,10.009830,103.268814,32.497159,1445.104261,13.157671,0
2017-09-21,sz.300699,61.5300,61.5300,61.5300,61.5300,55.9400,462793,28475653.2900,3,0.503036,1,9.992849,113.588311,35.744551,1589.511355,14.472497,0
2017-09-22,sz.300699,67.6800,67.6800,67.6800,67.6800,61.5300,1611649,109076404.3200,3,1.751792,1,9.995127,124.941604,39.317263,1748.384991,15.919041,0
2017-09-25,sz.300699,74.4500,74.4500,74.4500,74.4500,67.6800,3158199,235127915.5500,3,3.432825,1,10.002950,137.439457,43.250152,1923.275156,17.511416,0
2017-09-26,sz.300699,77.9800,78.0000,69.0900,69.9800,74.4500,60636671,4503394113.3800,3,65.909425,1,-6.004021,129.187551,40.653400,1807.801147,16.460025,0
2017-09-27,sz.300699,69.9500,73.2600,68.0200,71.9000,69.9800,31876410,2275140180.1000,3,34.648272,1,2.743638,132.731994,41.768783,1857.400722,16.911629,0
2017-09-28,sz.300699,71.0000,79.0900,70.5000,79.0900,71.9000,40201710,3101553408.5000,3,43.697511,1,9.999992,146.005193,45.945661,2043.140794,18.602792,0
2017-09-29,sz.300699,78.7300,80.0000,71.1800,71.5900,79.0900,36876710,2771710192.8200,3,40.083380,1,-9.482868,132.159714,41.588695,1849.392457,16.838714,0
2017-10-09,sz.300699,73.0900,76.5000,71.0800,73.7000,71.5900,25526778,1898047266.3900,3,27.746498,1,2.947340,136.054909,42.814455,1903.900322,17.335008,0
2017-10-10,sz.300699,72.0100,75.9500,71.0100,73.0300,73.7000,20126173,1481160498.5300,3,21.876275,1,-0.909088,134.818046,42.425233,1886.592138,17.177417,0
2017-10-11,sz.300699,74.6500,79.6000,71.9900,72.6500,73.0300,28945913,2191757807.6100,3,31.462949,1,-0.520330,134.116542,42.204480,1876.775555,17.088037,0
2017-10-12,sz.300699,71.0000,71.0000,67.0100,67.2000,72.6500,22735908,1557473233.4600,3,24.712943,1,-7.501727,124.055494,39.038418,1735.985097,15.806140,0
2017-10-13,sz.300699,68.5000,70.0100,68.0800,68.6500,67.2000,13146950,906789912.6200,3,14.290163,1,2.157745,126.732286,39.880764,1773.443109,16.147195,0
2017-10-16,sz.300699,69.0000,73.5400,67.3000,71.8300,68.6500,19725417,1412045742.3700,3,21.440671,1,4.632193,132.602770,41.728118,1855.592404,16.895164,0
2017-10-17,sz.300699,71.5000,74.7400,70.7000,73.2200,71.8300,17941797,1309371407.8100,3,19.501953,1,1.935124,135.168798,42.535609,1891.500429,17.222107,0
2017-10-18,sz.300699,72.9400,74.4700,71.5100,72.6600,73.2200,13781945,1005918369.7000,3,14.980375,1,-0.764815,134.135003,42.210289,1877.033886,17.090389,0
2017-10-19,sz.300699,73.3100,79.8900,73.0000,77.8800,72.6600,24646106,1885862527.3300,3,26.789246,1,7.184136,143.771456,45.242738,2011.882729,18.318188,0
2017-10-20,sz.300699,76.8800,80.8000,76.5000,79.5000,77.8800,20051356,1575382462.8500,3,21.794952,1,2.080127,146.762080,46.183842,2053.732369,18.699228,0
2017-10-23,sz.300699,80.7500,81.5000,76.8800,78.0500,79.5000,15012350,1179469913.0800,3,16.317772,1,-1.823896,144.085287,45.341495,2016.274358,18.358173,0
2017-10-24,sz.300699,77.5700,78.2600,72.5800,74.6600,78.0500,18200179,1363475867.2900,3,19.782803,1,-4.343369,137.827130,43.372147,1928.700109,17.560810,0
2017-10-25,sz.300699,74.0000,75.8600,73.2500,75.4000,74.6600,10955191,819859794.2400,3,11.907816,1,0.991157,139.193218,43.802034,1947.816612,17.734866,0
2017-10-26,sz.300699,74.9300,76.6000,72.5900,76.3500,75.4000,12740393,951540779.8400,3,13.848253,1,1.259943,140.946978,44.353916,1972.358068,17.958316,0
2017-10-27,sz.300699,75.8300,77.3900,74.6800,74.9000,76.3500,8998510,681961512.8100,3,9.780989,1,-1.899145,138.270186,43.511570,1934.900056,17.617260,0
2017-10-30,sz.300699,73.0000,73.5000,70.6000,70.7400,74.9000,12507461,900771794.3100,3,13.595066,1,-5.554077,87.622996,27.877234,30.189613,10.166336,0
2017-10-31,sz.300699,70.5700,77.8000,70.5700,77.0000,70.7400,17751302,1323576156.6300,3,19.294893,1,8.849311,95.377024,30.344177,32.861184,11.065986,0
2017-11-01,sz.300699,77.6000,84.7000,77.6000,83.7000,77.0000,29023335,2407498782.1900,3,31.547103,1,8.701295,103.676064,32.984514,35.720534,12.028871,0
2017-11-02,sz.300699,83.0100,85.8000,81.9100,83.7000,83.7000,21013034,1766864095.2300,3,22.840254,1,0.000000,103.676064,32.984514,35.720534,12.028871,0
2017-11-03,sz.300699,85.3000,87.5000,83.7100,87.5000,83.7000,18847747,1620546423.4000,3,20.486682,1,4.540028,108.382982,34.482019,37.342255,12.574984,0
2017-11-06,sz.300699,88.3300,90.4000,86.0000,87.8600,87.5000,14914139,1313995796.3200,3,16.211021,1,0.411429,108.828900,34.623888,37.495892,12.626721,0
2017-11-07,sz.300699,87.5000,95.6100,87.1500,93.5900,87.8600,19214655,1753886168.8400,3,20.885495,1,6.521734,115.926437,36.881967,39.941276,13.450203,0
2017-11-08,sz.300699,92.9500,94.8800,86.5000,87.0100,93.5900,20841143,1904000524.4200,3,22.653416,1,-7.030660,107.776037,34.288920,37.133138,12.504564,0
2017-11-09,sz.300699,88.0000,88.7500,86.2100,87.7500,87.0100,15064823,1318292661.5000,3,16.374808,1,0.850475,108.692647,34.580539,37.448947,12.610913,0
2017-11-10,sz.300699,88.0700,93.4500,87.3000,92.3300,87.7500,15592241,1422744037.8900,3,16.948088,1,5.219375,114.365722,36.385426,39.403547,13.269123,0
2017-11-13,sz.300699,91.8000,97.6700,90.5000,97.5200,92.3300,15429382,1442314276.8900,3,16.771067,1,5.621136,120.794382,38.430703,41.618477,14.014999,0
2017-11-14,sz.300699,96.0000,99.7700,90.7700,92.1400,97.5200,18618233,1780760772.1000,3,20.237210,1,-5.516814,114.130376,36.310551,39.322461,13.241818,0
2017-11-15,sz.300699,91.0000,93.1400,87.1000,88.8500,92.1400,13852529,1242154382.6800,3,15.057097,1,-3.570654,110.055176,35.014027,37.918393,12.768998,0
2017-11-16,sz.300699,88.1700,91.9500,87.3100,89.0600,88.8500,9731524,876029179.1600,3,10.577743,1,0.236352,110.315296,35.096784,38.008014,12.799178,0
2017-11-17,sz.300699,87.0000,87.9600,80.1500,80.1900,89.0600,19255613,1612591933.5700,3,20.930014,1,-9.959573,99.328358,31.601293,34.222576,11.524434,0
2017-11-20,sz.300699,79.0000,82.3000,76.5500,81.5600,80.1900,9995107,799465385.5600,3,10.864247,1,1.708436,101.025326,32.141182,34.807249,11.721322,0
2017-11-21,sz.300699,80.3600,82.7600,74.5000,77.9000,81.5600,14960709,1168702619.7100,3,16.261640,1,-4.487489,96.491820,30.698849,33.245276,11.195329,0
2017-11-22,sz.300699,77.2300,81.4900,76.5000,81.0300,77.9000,11771094,930174312.7300,3,12.794667,1,4.017968,100.368834,31.932320,34.581062,11.645154,0
2017-11-23,sz.300699,80.4600,82.1900,76.5400,76.5400,81.0300,10345219,825280605.4400,3,11.244803,1,-5.541155,94.807239,30.162900,32.664871,10.999878,0
2017-11-24,sz.300699,76.0500,76.5400,70.7000,70.8700,76.5400,11763009,866414233.1600,3,12.785879,1,-7.407889,87.784022,27.928465,30.245093,10.185019,0
2017-11-27,sz.300699,69.0600,72.2700,67.8700,68.3600,70.8700,8580519,600184239.7800,3,9.326651,1,-3.541699,84.674979,26.939324,29.173903,9.824296,0
2017-11-28,sz.300699,69.5500,72.3900,69.4000,71.9000,68.3600,8430985,600592161.2900,3,9.164114,1,5.178468,89.059844,28.334368,30.684664,10.333044,0
2017-11-29,sz.300699,71.9000,71.9000,68.7100,71.1500,71.9000,8669250,609754490.0600,3,9.423098,1,-1.043115,88.130847,28.038807,30.364588,10.225258,0
2017-11-30,sz.300699,71.4900,72.4400,70.1200,71.3100,71.1500,6859894,489583482.2200,3,7.456407,1,0.224871,88.329034,28.101860,30.432871,10.248253,0
2017-12-01,sz.300699,70.8400,74.6500,70.2300,73.3800,71.3100,8755553,636083472.5500,3,9.516905,1,2.902818,90.893065,28.917606,31.316282,10.545741,0
2017-12-04,sz.300699,72.9600,72.9900,66.0400,66.1000,73.3800,13271739,906809850.7200,3,14.425803,1,-9.920959,81.875601,26.048702,28.209406,9.499502,0
2017-12-05,sz.300699,65.1000,67.4700,61.5300,63.1500,66.1000,9957821,642195490.1700,3,10.823718,1,-4.462931,78.221546,24.886166,26.950439,9.075546,0
2017-12-06,sz.300699,63.1400,66.6900,62.4500,66.2500,63.1500,8498254,549093159.3400,3,9.237233,1,4.908944,82.061401,26.107814,28.273422,9.521059,0
2017-12-07,sz.300699,65.3700,67.1700,64.7000,65.6700,66.2500,6673059,439860499.5000,3,7.253325,1,-0.875474,81.342976,25.879248,28.025896,9.437705,0
2017-12-08,sz.300699,66.7000,69.8400,66.6700,68.0200,65.6700,9892003,676932079.1500,3,10.752177,1,3.578496,84.253833,26.805336,29.028802,9.775433,0
2017-12-11,sz.300699,67.1100,68.9500,66.7800,68.2000,68.0200,6205873,421232784.6000,3,6.745514,1,0.264628,84.476793,26.876271,29.105620,9.801302,0
2017-12-12,sz.300699,68.2000,69.4000,67.2000,67.3800,68.2000,6018168,410488996.8200,3,6.541487,1,-1.202346,83.461089,26.553125,28.755670,9.683456,0
2017-12-13,sz.300699,66.5700,67.8700,65.1900,67.6500,67.3800,5832063,387937905.2500,3,6.339199,1,0.400719,83.795528,26.659527,28.870898,9.722259,0
2017-12-14,sz.300699,68.8000,70.9400,68.5800,70.2900,67.6500,9764373,684834982.5600,3,10.613449,1,3.902438,87.065598,27.699898,29.997567,10.101664,0
2017-12-15,sz.300699,69.1800,69.9700,67.6100,67.9400,70.2900,7578269,520978759.1400,3,8.237249,1,-3.343290,84.154740,26.773810,28.994661,9.763936,0
2017-12-18,sz.300699,67.5000,67.9200,64.0500,65.1900,67.9400,6403089,421122191.6500,3,6.959879,1,-4.047689,80.748418,25.690089,27.821047,9.368722,0
2017-12-19,sz.300699,65.0000,66.3500,64.9200,65.4000,65.1900,3707888,243613376.8800,3,4.030313,1,0.322134,81.008537,25.772846,27.910668,9.398902,0
2017-12-20,sz.300699,65.4900,65.7000,63.3000,63.5000,65.4000,5207145,333284585.2800,3,5.659940,1,-2.905201,78.655078,25.024094,27.099808,9.125846,0
2017-12-21,sz.300699,63.1100,64.9800,61.7600,64.6100,63.5000,6367473,406319345.9900,3,6.921166,1,1.748032,80.029994,25.461523,27.573521,9.285368,0
2017-12-22,sz.300699,64.0500,65.5800,64.0500,64.2100,64.6100,4566290,295867625.8100,3,4.963359,1,-0.619102,79.534529,25.303891,27.402814,9.227883,0
2017-12-25,sz.300699,63.7900,67.1900,62.5000,66.2500,64.2100,8239798,536372791.5200,3,8.956302,1,3.177077,82.061401,26.107814,28.273422,9.521059,0
2017-12-26,sz.300699,65.7100,69.3600,65.6100,69.0500,66.2500,9448869,643101706.5400,3,10.270510,1,4.226420,85.529656,27.211239,29.468374,9.923459,0
2017-12-27,sz.300699,68.9800,69.6900,67.5500,67.8000,69.0500,6853493,469673728.1700,3,7.449449,1,-1.810282,83.981328,26.718639,28.934913,9.743816,0
2017-12-28,sz.300699,67.0000,69.5500,66.5000,67.9700,67.8000,5799344,396424359.2600,3,6.303635,1,0.250735,84.191900,26.785632,29.007464,9.768248,0
2017-12-29,sz.300699,66.9800,67.8100,64.4000,65.5400,67.9700,7107313,468617621.6900,3,7.725340,1,-3.575107,81.181950,25.828017,27.970416,9.419022,0
2018-01-02,sz.300699,66.0100,66.4900,64.3700,65.9800,65.5400,3919749,256817057.3100,3,4.260597,1,0.671350,81.726962,26.001413,28.158194,9.482257,0
2018-01-03,sz.300699,65.8300,68.0600,64.6400,67.9300,65.9800,7091739,472278301.0700,3,7.708412,1,2.955436,84.142354,26.769869,28.990393,9.762499,0
2018-01-04,sz.300699,67.3000,68.7900,67.1200,68.2700,67.9300,5887608,399858758.6000,3,6.399574,1,0.500510,84.563499,26.903856,29.135494,9.811362,0
2018-01-05,sz.300699,68.2700,69.3200,66.8800,66.8800,68.2700,5178500,353000921.7300,3,5.628804,1,-2.036033,82.841758,26.356085,28.542286,9.611599,0
2018-01-08,sz.300699,66.6000,66.6000,64.0800,65.0000,66.8800,6867277,445913559.3700,3,7.464432,1,-2.811001,80.513072,25.615214,27.739961,9.341417,0
2018-01-09,sz.300699,65.1000,65.5300,63.8000,64.4000,65.0000,5391833,348419429.9600,3,5.860688,1,-0.923075,79.769875,25.378766,27.483900,9.255188,0
2018-01-10,sz.300699,63.9800,64.4000,63.0100,63.7200,64.4000,4929033,313339404.8400,3,5.357645,1,-1.055901,78.927584,25.110791,27.193697,9.157463,0
2018-01-11,sz.300699,64.3000,65.4800,63.5200,64.7100,63.7200,5331359,345378256.9800,3,5.794955,1,1.553669,80.153860,25.500931,27.616198,9.299740,0
2018-01-12,sz.300699,64.6900,64.6900,62.6800,62.6900,64.7100,5977226,378090519.9500,3,6.496985,1,-3.121620,77.651761,24.704889,26.754125,9.009437,0
2018-01-15,sz.300699,62.3200,62.3600,56.4200,56.4200,62.6900,11481209,664810198.3200,3,12.479575,1,-10.001600,69.885347,22.234006,24.078286,8.108350,0
2018-01-16,sz.300699,55.0000,56.7700,54.7000,55.5700,56.4200,5957419,331644048.8800,3,6.475455,1,-1.506555,68.832483,21.899038,23.715533,7.986193,0
2018-01-17,sz.300699,53.1100,55.4600,51.2100,54.8200,55.5700,8455730,450135661.5800,3,9.191011,1,-1.349649,67.903486,21.603477,23.395456,7.878407,0
2018-01-18,sz.300699,54.2000,54.9800,53.2800,53.3600,54.8200,4797901,259296765.2600,3,5.215110,1,-2.663260,66.095039,21.028120,22.772374,7.668585,0
2018-01-19,sz.300699,53.6800,56.3700,53.4100,54.1700,53.3600,6184249,340798057.9300,3,6.722010,1,1.517986,67.098356,21.347325,23.118057,7.784993,0
2018-01-22,sz.300699,53.6500,53.7000,50.7000,52.6000,54.1700,6115860,318316343.9200,3,6.647674,1,-2.898283,65.153655,20.728619,22.448030,7.559362,0
2018-01-23,sz.300699,53.3900,54.2500,52.5800,53.0800,52.6000,4279161,228893423.6000,3,4.651262,1,0.912554,65.748213,20.917778,22.652879,7.628345,0
2018-01-24,sz.300699,52.5300,54.5800,52.2100,54.2700,53.0800,5340973,286831203.3300,3,5.805405,1,2.241896,67.222222,21.386733,23.160733,7.799364,0
2018-01-25,sz.300699,54.2600,56.9400,53.8000,54.9500,54.2700,7577596,422761030.0600,3,8.236517,1,1.252995,68.064513,21.654708,23.450936,7.897090,0
2018-01-26,sz.300699,55.0000,55.3500,53.2100,53.4000,54.9500,4222982,229025933.9900,3,4.590198,1,-2.820745,66.144585,21.043884,22.789445,7.674333,0
2018-01-29,sz.300699,52.9900,54.5000,52.3600,52.7000,53.4000,3355231,178527315.0800,3,3.646990,1,-1.310863,65.277522,20.768027,22.490707,7.573733,0
2018-01-30,sz.300699,52.7600,53.5000,52.4200,53.0000,52.7000,2599598,137598695.0200,3,2.825650,1,0.569259,65.649120,20.886251,22.618737,7.616848,0
2018-01-31,sz.300699,52.9900,52.9900,48.6000,48.6000,53.0000,6655248,334908463.6700,3,7.233965,1,-8.301889,60.199005,19.152299,20.740955,6.984505,0
2018-02-01,sz.300699,48.7000,49.3800,46.9700,47.1900,48.6000,4160104,199968566.0700,3,4.521852,1,-2.901234,58.452490,18.596645,20.139212,6.781869,0
2018-02-02,sz.300699,46.6100,47.1700,44.1100,45.7700,47.1900,4244441,195286718.9100,3,4.613523,1,-3.009108,56.693589,18.037051,19.533200,6.577795,0
2018-02-05,sz.300699,44.5300,45.6000,44.1600,44.2700,45.7700,3493914,156906400.1700,3,3.797733,1,-3.277256,54.835595,17.445931,18.893047,6.362223,0
2018-02-06,sz.300699,42.7000,43.6900,39.8400,39.8400,44.2700,6988572,290014366.3800,3,7.596274,1,-10.006780,49.348320,15.700156,17.002462,5.725570,0
2018-02-07,sz.300699,40.9500,41.4200,38.6500,40.5900,39.8400,5675813,229203379.1500,3,6.169362,1,1.882530,50.277317,15.995716,17.322539,5.833355,0
2018-02-08,sz.300699,40.4500,42.5000,40.4500,41.7600,40.5900,4990942,208347333.4100,3,5.424937,1,2.882479,51.726552,16.456790,17.821858,6.001501,0
2018-02-09,sz.300699,40.0000,41.2600,39.5000,41.0500,41.7600,4358536,176726482.9500,3,4.737539,1,-1.700189,50.847102,16.176993,17.518852,5.899464,0
2018-02-12,sz.300699,41.8900,42.8800,41.6800,42.1900,41.0500,3420026,144670019.6000,3,3.717420,1,2.777100,52.259177,16.626244,18.005368,6.063298,0
2018-02-13,sz.300699,42.1900,42.7500,41.8000,41.8200,42.1900,2823358,119146882.4800,3,3.068867,1,-0.876983,51.800872,16.480435,17.847464,6.010124,0
2018-02-14,sz.300699,42.0000,42.1800,40.8100,40.9900,41.8200,2211115,91149701.9300,3,2.403386,1,-1.984692,50.772782,16.153348,17.493246,5.890841,0
2018-02-22,sz.300699,41.3100,44.5000,40.9000,43.8500,40.9900,5145554,222271041.2200,3,5.592993,1,6.977304,54.315357,17.280417,18.713804,6.301863,0
2018-02-23,sz.300699,43.3300,44.5800,43.1300,44.2500,43.8500,3990372,175091233.6800,3,4.337361,1,0.912204,54.810822,17.438050,18.884512,6.359349,0
2018-02-26,sz.300699,45.3000,46.4800,45.0000,46.0000,44.2500,5861392,268499155.1900,3,6.371078,1,3.954802,56.978482,18.127690,19.631357,6.610849,0
2018-02-27,sz.300699,46.9900,49.6500,46.9900,47.1100,46.0000,8139639,392165741.5700,3,8.847434,1,2.413045,73.198287,18.260959,20.105070,6.770371,0
2018-02-28,sz.300699,47.0900,48.0900,45.7000,46.8300,47.1100,5870846,276943835.4800,3,6.381354,1,-0.594351,72.763231,18.152425,19.985575,6.730131,0
2018-03-01,sz.300699,46.2100,49.0900,46.0000,49.0900,46.8300,6649656,318236709.9700,3,7.227887,1,4.825963,76.274760,19.028455,20.950072,7.054925,0
2018-03-02,sz.300699,48.5000,49.3000,47.5800,48.0600,49.0900,5350010,259140098.5200,3,5.815228,1,-2.098184,74.674372,18.629202,20.510500,6.906900,0
2018-03-05,sz.300699,48.5000,49.4700,47.2600,49.4700,48.0600,6025878,292104644.8100,3,6.549867,1,2.933832,76.865194,19.175752,21.112244,7.109537,0
2018-03-06,sz.300699,49.7300,52.4700,48.8800,50.8500,49.4700,9629420,490144440.0000,3,10.466761,1,2.789564,79.009402,19.710673,21.701185,7.307862,0
2018-03-07,sz.300699,50.7500,51.2700,49.6300,50.1100,50.8500,4676997,235167163.5900,3,5.083692,1,-1.455256,77.859609,19.423831,21.385376,7.201514,0
2018-03-08,sz.300699,49.8000,50.9400,49.7500,50.2800,50.1100,3584460,180348252.6300,3,3.896152,1,0.339250,78.123750,19.489727,21.457927,7.225945,0
2018-03-09,sz.300699,50.2800,52.4000,49.9300,52.2300,50.2800,7181568,371429784.4200,3,7.806052,1,3.878283,81.153610,20.245593,22.290125,7.506188,0
2018-03-12,sz.300699,54.2000,54.5400,52.3800,53.8000,52.2300,6381850,339961728.4500,3,6.936793,1,3.005935,83.593035,20.854163,22.960152,7.731819,0
2018-03-13,sz.300699,53.7500,58.9700,53.4400,55.8400,53.8000,9618335,541928506.7500,3,10.454712,1,3.791823,86.762733,21.644915,23.830760,8.024996,0
2018-03-14,sz.300699,55.1200,56.6600,54.6600,55.1100,55.8400,5580300,310061895.2500,3,6.065543,1,-1.307306,85.628478,21.361950,23.519219,7.920084,0
2018-03-15,sz.300699,54.6000,54.6100,50.5000,52.2000,55.1100,8417884,440589919.3000,3,9.149874,1,-5.280348,81.106996,20.233965,22.277322,7.501876,0
2018-03-16,sz.300699,52.1500,53.3500,51.8100,51.9400,52.2000,3764087,197546156.1600,3,4.091399,1,-0.498088,80.703015,20.133182,22.166363,7.464511,0
2018-03-19,sz.300699,52.0000,53.6500,50.9900,53.0100,51.9400,4310497,227223581.3100,3,4.685323,1,2.060069,82.365553,20.547940,22.623005,7.618285,0
2018-03-20,sz.300699,52.3700,55.3900,52.0200,55.0300,53.0100,5671437,307732493.5100,3,6.164605,1,3.810603,85.504176,21.330940,23.485078,7.908587,0
2018-03-21,sz.300699,55.5000,56.9500,53.6800,53.7600,55.0300,7336749,405520914.8700,3,7.974727,1,-2.307833,83.530884,20.838658,22.943081,7.726070,0
2018-03-22,sz.300699,54.0000,55.3800,53.8000,54.3200,53.7600,4809180,262431411.6400,3,5.227370,1,1.041669,84.400997,21.055727,23.182072,7.806550,0
2018-03-23,sz.300699,51.5000,55.5500,51.0200,52.8100,54.3200,8933667,477816495.0100,3,9.710508,1,-2.779820,82.054798,20.470415,22.537651,7.589542,0
2018-03-26,sz.300699,54.0000,57.6500,53.0000,57.2300,52.8100,11017667,612502453.2300,3,11.975725,1,8.369623,88.922479,22.183713,24.423969,8.224758,0
2018-03-27,sz.300699,56.9400,58.6800,56.0100,58.2600,57.2300,12244768,704259236.6000,3,13.309530,1,1.799753,90.522866,22.582965,24.863540,8.372784,0
2018-03-28,sz.300699,57.2700,58.9600,56.8800,56.8900,58.2600,6893365,398130073.1900,3,7.492788,1,-2.351526,88.394196,22.051921,24.278867,8.175895,0
2018-03-29,sz.300699,57.3100,59.0000,56.8800,59.0000,56.8900,7845681,457049101.2500,3,8.527914,1,3.708913,91.672659,22.869807,25.179349,8.479132,0
2018-03-30,sz.300699,59.9500,60.9400,59.2200,60.2800,59.0000,7836687,471844679.4400,3,8.518138,1,2.169489,93.661489,23.365965,25.725613,8.663086,0
2018-04-02,sz.300699,60.5000,60.8000,58.6000,59.2000,60.2800,6926277,414496518.9300,3,7.528562,1,-1.791636,91.983413,22.947332,25.264703,8.507875,0
2018-04-03,sz.300699,58.4000,58.4000,56.2000,57.1300,59.2000,6850963,392027532.9500,3,7.446699,1,-3.496621,88.633942,22.145105,232.917292,8.109639,0
2018-04-04,sz.300699,57.6000,59.7800,57.0000,57.4400,57.1300,6099712,356128222.1900,3,6.630122,1,0.542618,89.114889,22.265269,234.181152,8.153644,0
2018-04-09,sz.300699,56.7200,58.8500,56.6000,57.9000,57.4400,5227143,302792293.7500,3,5.681677,1,0.800841,89.828553,22.443577,236.056558,8.218941,0
2018-04-10,sz.300699,57.5000,57.8700,54.2200,55.4200,57.9000,6942696,388483382.6400,3,7.546409,1,-4.283253,85.980974,21.482263,225.945673,7.866903,0
2018-04-11,sz.300699,55.6800,55.9000,54.8200,55.1000,55.4200,3794286,209708154.1700,3,4.124224,1,-0.577408,85.484512,21.358223,224.641043,7.821479,0
2018-04-12,sz.300699,55.2000,56.2000,54.4200,54.4200,55.1000,3892503,215834644.3600,3,4.230982,1,-1.234120,84.429531,21.094637,221.868703,7.724953,0
2018-04-13,sz.300699,54.9000,57.3800,54.7000,57.1000,54.4200,6717042,377273657.1200,3,7.301133,1,4.924661,88.587398,22.133476,232.794982,8.105380,0
2018-04-16,sz.300699,60.1000,60.8800,58.1900,58.5900,57.1000,9882672,587030427.4100,3,10.742035,1,2.609460,90.899049,22.711040,238.869668,8.316887,0
2018-04-17,sz.300699,58.2000,59.3500,56.2000,56.2800,58.5900,5654981,325729072.7300,3,6.146718,1,-3.942655,87.315215,21.815622,229.451867,7.988981,0
2018-04-18,sz.300699,56.9300,59.8000,56.3500,59.4600,56.2800,7283251,425422888.5600,3,7.916577,1,5.650321,92.248804,23.048275,242.416631,8.440384,0
2018-04-19,sz.300699,58.8000,60.4700,58.4100,58.5000,59.4600,6275907,372723882.6100,3,6.821638,1,-1.614529,90.759419,22.676153,238.502740,8.304111,0
2018-04-20,sz.300699,57.9800,59.5800,57.5100,57.7200,58.5000,4493565,262409583.9200,3,4.884310,1,-1.333331,89.549293,22.373804,235.322704,8.193390,0
2018-04-23,sz.300699,57.8100,59.7800,57.4700,58.4900,57.7200,5134479,301303462.9500,3,5.580955,1,1.334027,90.743904,22.672277,238.461971,8.302692,0
2018-04-24,sz.300699,58.1700,60.6400,57.5600,60.5000,58.4900,7413370,440593981.2400,3,8.058011,1,3.436482,93.862305,23.451406,246.656680,8.588013,0
2018-04-25,sz.300699,60.0600,60.4600,59.1500,59.6000,60.5000,4714084,281501759.5000,3,5.124004,1,-1.487606,92.466006,23.102542,242.987407,8.460257,0
2018-04-26,sz.300699,59.8200,60.1800,57.0100,57.3000,59.6000,4864562,284258259.1500,3,5.287567,1,-3.859059,88.897687,22.211001,233.610376,8.133771,0
2018-04-27,sz.300699,58.0200,58.7800,56.7000,56.7100,57.3000,3692299,213075960.0200,3,4.013368,1,-1.029669,80.570056,20.698942,435.458607,7.801550,0
2018-05-02,sz.300699,56.6200,57.5800,53.6000,53.6400,56.7100,5648413,311572832.9400,3,6.139579,1,-5.413507,76.208390,19.578403,411.885024,7.379212,0
2018-05-03,sz.300699,53.9500,54.9500,52.8700,54.7000,53.6400,3356295,181180051.1600,3,3.648147,1,1.976140,77.714372,19.965299,420.024437,7.525035,0
2018-05-04,sz.300699,54.6800,54.8700,53.8500,54.0300,54.7000,2250152,122327952.8500,3,2.445817,1,-1.224867,76.762478,19.720752,414.879713,7.432864,0
2018-05-07,sz.300699,54.5000,55.4500,54.1500,55.1700,54.0300,2407728,132440417.8300,3,2.617096,1,2.109938,78.382119,20.136848,423.633422,7.589693,0
2018-05-08,sz.300699,55.1300,56.5500,55.0800,55.6500,55.1700,2843721,159003347.1300,3,3.091001,1,0.870044,79.064073,20.312046,427.319194,7.655726,0
2018-05-09,sz.300699,55.6600,55.9500,55.2500,55.5000,55.6500,1816229,100888595.3100,3,1.974162,1,-0.269545,78.850963,20.257297,426.167390,7.635091,0
2018-05-10,sz.300699,55.8800,56.6000,54.4200,55.2200,55.5000,2792623,155089015.4300,3,3.035460,1,-0.504502,78.453156,20.155098,424.017357,7.596571,0
2018-05-11,sz.300699,55.2800,55.3500,53.5000,53.8100,55.2200,2994291,161837600.6400,3,3.254664,1,-2.553422,76.449915,19.640453,413.190401,7.402599,0
2018-05-14,sz.300699,53.5000,54.2000,53.3800,53.7800,53.8100,1601578,86154877.8300,3,1.740846,1,-0.055757,76.407293,19.629503,412.960040,7.398472,0
2018-05-15,sz.300699,53.7800,56.1200,52.8000,56.0900,53.7800,5067338,278959809.1400,3,5.507976,1,4.295280,79.689198,20.472644,430.697818,7.716257,0
2018-05-16,sz.300699,55.7000,55.8800,54.4500,54.8300,56.0900,2685638,148421618.2700,3,2.919172,1,-2.246387,77.899068,20.012749,421.022667,7.542919,0
2018-05-17,sz.300699,54.8000,55.5500,54.0200,55.4300,54.8300,2110915,115914982.8400,3,2.294473,1,1.094289,78.751511,20.231747,425.629882,7.625461,0
2018-05-18,sz.300699,55.2100,55.4000,54.0000,54.8000,55.4300,2214954,121126485.8400,3,2.407559,1,-1.136571,77.856446,20.001799,420.792306,7.538792,0
2018-05-21,sz.300699,54.9400,56.7800,54.9400,56.3000,54.8000,3753072,210340709.0900,3,4.079426,1,2.737226,79.987553,20.549294,432.310344,7.745146,0
2018-05-22,sz.300699,56.4000,57.5200,55.7000,57.5200,56.3000,4408487,250570542.6500,3,4.791834,1,2.166965,81.720854,20.994589,441.678347,7.912981,0
2018-05-23,sz.300699,57.3700,58.1600,56.6800,56.8000,57.5200,3756853,215494200.8500,3,4.083536,1,-1.251741,80.697922,20.731792,436.149689,7.813931,0
2018-05-24,sz.300699,56.7300,57.1800,55.8100,56.0000,56.8000,2284377,129050625.0300,3,2.483018,1,-1.408449,79.561332,20.439795,430.006736,7.703875,0
2018-05-25,sz.300699,55.9300,56.9800,55.6800,56.1800,56.0000,2358663,132904650.5700,3,2.563764,1,0.321429,79.817065,20.505494,431.388901,7.728638,0
2018-05-28,sz.300699,56.0000,56.5800,50.5600,50.5600,56.1800,7696996,401813031.9300,3,8.366300,1,-10.003560,71.832517,18.454215,388.234653,6.955499,0
2018-05-29,sz.300699,50.0100,50.3400,47.7500,48.4100,50.5600,5244864,255123579.6000,3,5.700939,1,-4.252377,68.777930,17.669473,371.725466,6.659725,0
2018-05-30,sz.300699,47.5800,48.3200,46.9300,47.1500,48.4100,2729947,130213152.8600,3,2.967334,1,-2.602765,66.987800,17.209577,362.050314,6.486388,0
2018-05-31,sz.300699,47.9300,48.1000,47.1600,47.8600,47.1500,2107788,100750293.0100,3,2.291074,1,1.505830,67.996524,17.468725,367.502186,6.584062,0
2018-06-01,sz.300699,47.8600,48.3400,46.5000,47.0200,47.8600,2226547,105550214.9200,3,2.420160,1,-1.755119,66.803104,17.162128,361.052084,6.468504,0
2018-06-04,sz.300699,47.1600,47.6900,46.8300,46.9800,47.0200,1342207,63396328.2400,3,1.458921,1,-0.085072,66.746274,17.147528,360.744937,6.463001,0
2018-06-05,sz.300699,47.4100,48.5900,47.4100,48.4800,46.9800,2512745,120646820.0200,3,2.731245,1,3.192848,68.877381,17.695022,372.262974,6.669355,0
2018-06-06,sz.300699,48.2500,49.3900,48.1500,49.1300,48.4800,2249044,109488280.1100,3,2.444613,1,1.340762,69.800861,17.932270,377.254124,6.758775,0
2018-06-07,sz.300699,49.2900,49.4700,48.0700,48.2500,49.1300,1709000,82965982.0000,3,1.857609,1,-1.791168,68.550612,17.611073,370.496875,6.637714,0
2018-06-08,sz.300699,48.2600,48.3000,47.0000,47.2000,48.2500,1710569,81394620.4000,3,1.859314,1,-2.176164,67.058837,17.227827,362.434249,6.493266,0
2018-06-11,sz.300699,47.2000,47.2000,45.2100,45.5100,47.2000,2402769,110698733.2900,3,2.611705,1,-3.580513,64.657789,16.610983,349.457260,6.260774,0
2018-06-12,sz.300699,45.7300,46.9000,45.7300,46.6500,45.5100,1851560,85940950.0100,3,2.012565,1,2.504951,66.277431,17.027079,358.210969,6.417603,0
2018-06-13,sz.300699,46.8300,48.4300,46.5100,47.3500,46.6500,2660000,126518735.1200,3,2.891304,1,1.500529,67.271947,17.282576,363.586053,6.513902,0
2018-06-14,sz.300699,47.3500,47.9400,46.4600,47.0900,47.3500,1448400,68431876.0000,3,1.574348,1,-0.549099,66.902556,17.187677,361.589593,6.478134,0
2018-06-15,sz.300699,47.4900,47.7800,46.4100,46.8000,47.0900,1618747,76015132.5500,3,1.759508,1,-0.615844,66.490542,17.081828,359.362772,6.438239,0
2018-06-19,sz.300699,45.8000,45.8500,41.8500,42.4300,46.5000,3589874,156490006.7000,3,3.902037,1,-8.752687,60.281916,15.486794,325.806889,5.837061,0
2018-06-20,sz.300699,42.0000,44.4400,42.0000,43.6800,42.4300,2205011,95543776.0600,3,2.396751,1,2.946029,62.057839,15.943040,335.405254,6.009023,0
2018-06-21,sz.300699,43.5200,44.0300,41.7200,41.8300,43.6800,2211901,94337493.6600,3,2.404240,1,-4.235344,59.429473,15.267797,321.199674,5.754520,0
2018-06-22,sz.300699,41.8000,42.9700,41.7300,42.5800,41.8300,1917943,81528459.6300,3,2.084721,1,1.792971,60.495027,15.541544,326.958693,5.857697,0
2018-06-25,sz.300699,43.2100,43.4700,42.6200,43.0600,42.5800,1442107,62087453.3400,3,1.567508,1,1.127289,61.176981,15.716742,330.644465,5.923730,0
2018-06-26,sz.300699,42.9500,44.6800,42.4000,44.0400,43.0600,2203610,96490380.0100,3,2.395228,1,2.275893,62.569304,16.074439,338.169583,6.058548,0
2018-06-27,sz.300699,44.0700,45.0000,43.6000,43.7200,44.0400,1757977,77499104.1600,3,1.910845,1,-0.726611,62.114668,15.957640,335.712402,6.014526,0
2018-06-28,sz.300699,43.7200,44.5100,43.2800,43.2800,43.7200,1435900,63104981.1000,3,1.560761,1,-1.006410,61.489544,15.797041,332.333777,5.953995,0
2018-06-29,sz.300699,43.6900,45.2000,43.5800,45.2000,43.2800,3059237,136907155.9100,3,3.325258,1,4.436234,64.217361,16.497834,347.076866,6.218128,0
2018-07-02,sz.300699,45.1500,45.8500,43.7000,44.0800,45.2000,2679663,119782125.5900,3,2.912677,1,-2.477874,62.626134,16.089038,338.476731,6.064050,0
2018-07-03,sz.300699,44.2200,46.4600,43.7500,46.3000,44.0800,3674670,166390470.9000,3,3.994207,1,5.036292,65.780172,16.899330,355.523426,6.369454,0
2018-07-04,sz.300699,46.2800,46.2800,44.6000,45.2700,46.3000,3004302,136389871.2400,3,3.265546,1,-2.224619,64.316812,16.523384,347.614374,6.227758,0
2018-07-05,sz.300699,45.4400,45.4400,44.3700,44.7900,45.2700,2030378,91133819.3900,3,2.206933,1,-1.060304,63.634858,16.348186,343.928602,6.161725,0
2018-07-06,sz.300699,44.9000,46.6600,44.8100,45.9900,44.7900,3133213,143684571.4300,3,3.405666,1,2.679171,65.339744,16.786181,353.143032,6.326808,0
2018-07-09,sz.300699,46.8800,50.5900,46.8800,48.8100,45.9900,6234128,306809003.0000,3,6.776226,1,6.131767,69.346225,17.815471,374.796943,6.714753,0
2018-07-10,sz.300699,48.6000,49.5000,48.3200,49.0500,48.8100,3587368,175188247.4800,3,3.899313,1,0.491698,69.687202,17.903070,376.639829,6.747769,0
2018-07-11,sz.300699,48.2000,48.2000,46.6200,47.3000,49.0500,3557860,168825771.5500,3,3.867239,1,-3.567788,67.200911,17.264327,363.202118,6.507023,0
2018-07-12,sz.300699,47.6200,49.4400,47.6200,48.9200,47.3000,3565134,173689079.9000,3,3.875146,1,3.424945,69.502506,17.855621,375.641599,6.729885,0
2018-07-13,sz.300699,48.9100,50.6600,48.8600,49.6000,48.9200,3980394,198453531.7200,3,4.326515,1,1.390025,70.468608,18.103818,380.863109,6.823432,0
2018-07-16,sz.300699,49.7800,50.3800,49.1100,49.9500,49.6000,2248350,112058166.0000,3,2.443859,1,0.705650,70.965866,18.231567,383.550651,6.871582,0
2018-07-17,sz.300699,50.0100,50.0500,48.0400,49.0800,49.9500,2803538,136704172.6500,3,3.047324,1,-1.741740,69.729824,17.914020,376.870189,6.751897,0
2018-07-18,sz.300699,49.5200,49.9600,48.2500,48.2700,49.0800,2401700,117574523.5500,3,2.610543,1,-1.650370,68.579026,17.618373,370.650449,6.640465,0
2018-07-19,sz.300699,47.9800,48.9000,47.3800,47.6200,48.2700,2026980,97075428.6600,3,2.203239,1,-1.346595,67.655547,17.381125,365.659299,6.551045,0
2018-07-20,sz.300699,47.7400,48.6900,47.0100,48.5100,47.6200,1815745,87328945.8500,3,1.973636,1,1.868961,68.920004,17.705972,372.493335,6.673482,0
2018-07-23,sz.300699,48.2400,50.2300,48.1800,49.6500,48.5100,2911945,144194607.6300,3,3.165158,1,2.350038,70.539645,18.122068,381.247044,6.830311,0
2018-07-24,sz.300699,49.9300,50.0000,49.1800,49.6000,49.6500,2622346,130013360.7900,3,2.850376,1,-0.100711,70.468608,18.103818,380.863109,6.823432,0
2018-07-25,sz.300699,49.9600,50.9500,49.5800,49.7100,49.6000,3344095,168192298.9300,3,3.634886,1,0.221775,70.624889,18.143968,381.707765,6.838565,0
2018-07-26,sz.300699,49.5800,49.9000,46.7800,46.9000,49.7100,4224900,202301767.9500,3,4.592283,1,-5.652781,66.632615,17.118328,360.130641,6.451996,0
2018-07-27,sz.300699,46.8100,47.1600,45.7700,45.7700,46.9000,2212951,102688373.1700,3,2.405382,1,-2.409384,65.027181,16.705882,351.453720,6.296542,0
2018-07-30,sz.300699,45.7000,46.2200,44.8000,44.9600,45.7700,1875500,84978059.0000,3,2.038587,1,-1.769721,63.876383,16.410235,345.233980,6.185111,0
2018-07-31,sz.300699,45.0100,45.4200,44.8300,45.2600,44.9600,1153300,52060583.0000,3,1.253587,1,0.667258,64.302605,16.519734,347.537587,6.226382,0
2018-08-01,sz.300699,45.3600,45.6700,43.5100,43.9500,45.2600,1643643,73528539.2100,3,1.786568,1,-2.894383,62.441438,16.041589,337.478501,6.046166,0
2018-08-02,sz.300699,43.8400,43.9400,42.0000,42.8200,43.9500,2410330,103168358.5600,3,2.619924,1,-2.571106,60.836004,15.629143,328.801579,5.890713,0
2018-08-03,sz.300699,42.8400,43.4500,42.5000,42.8000,42.8200,1600700,68749893.8300,3,1.739891,1,-0.046708,60.807589,15.621843,328.648005,5.887962,0
2018-08-06,sz.300699,42.9900,43.4900,42.6200,42.9700,42.8000,1703614,73396142.7600,3,1.851754,1,0.397201,61.049115,15.683892,329.953383,5.911349,0
2018-08-07,sz.300699,43.0000,44.2600,42.9700,44.1800,42.9700,2039147,89357746.2500,3,2.216464,1,2.815916,62.768208,16.125538,339.244600,6.077807,0
2018-08-08,sz.300699,44.0000,44.0000,41.6000,41.6000,44.1800,2397577,102611341.0300,3,2.606062,1,-5.839751,59.102704,15.183847,319.433575,5.722879,0
2018-08-09,sz.300699,41.1800,43.3500,41.0000,43.0000,41.6000,2726037,115722986.3000,3,2.963084,1,3.365388,61.091737,15.694842,330.183744,5.915476,0
2018-08-10,sz.300699,42.8000,43.4400,42.3900,42.8100,43.0000,1592192,68160650.3600,3,1.730643,1,-0.441857,60.821797,15.625493,328.724792,5.889338,0
2018-08-13,sz.300699,42.1000,44.0000,41.7900,43.7300,42.8100,2285024,98403572.2500,3,2.483722,1,2.149026,62.128876,15.961290,335.789189,6.015901,0
2018-08-14,sz.300699,43.7200,43.8100,42.9900,43.0800,43.7300,1252000,54213381.4600,3,1.360870,1,-1.486389,61.205396,15.724042,330.798039,5.926481,0
2018-08-15,sz.300699,43.0600,43.3300,42.0000,42.2000,43.0800,1563192,66532605.9600,3,1.699122,1,-2.042714,59.955146,15.402845,324.040790,5.805420,0
2018-08-16,sz.300699,41.4900,42.4200,41.4100,41.5000,42.2000,1430177,59812318.5000,3,1.554540,1,-1.658769,58.960630,15.147348,318.665706,5.709122,0
2018-08-17,sz.300699,42.1300,42.4300,40.6000,40.7200,41.5000,1421954,58737478.1500,3,1.545602,1,-1.879515,57.852454,14.862651,312.676327,5.601818,0
2018-08-20,sz.300699,40.7100,41.1700,39.7000,40.8700,40.7200,1505487,60893199.9700,3,1.636399,1,0.368364,58.065565,14.917400,313.828130,5.622453,0
2018-08-21,sz.300699,41.1800,41.3600,40.6200,41.0200,40.8700,1635628,67219845.2000,3,1.777857,1,0.367021,50.516644,13.608189,-1620.039917,5.609399,0
2018-08-22,sz.300699,41.3000,41.3900,40.9100,41.3300,41.0200,1113714,45873387.5100,3,1.210559,1,0.755732,50.898413,13.711030,-1632.283028,5.651791,0
2018-08-23,sz.300699,41.3300,41.7000,40.8500,41.7000,41.3300,1550477,64113892.5100,3,1.685301,1,0.895231,51.354073,13.833776,-1646.895772,5.702388,0
2018-08-24,sz.300699,41.6300,41.6300,40.6900,40.6900,41.7000,1120177,46038378.2500,3,1.217584,1,-2.422067,50.110245,13.498713,-1607.006929,5.564272,0
2018-08-27,sz.300699,40.6600,42.8000,40.6600,42.5600,40.6900,2818650,118459552.0000,3,3.063750,1,4.595731,52.413174,14.119076,-1680.860529,5.819991,0
2018-08-28,sz.300699,42.3700,42.5000,41.7300,42.2500,42.5600,1654779,69697635.6600,3,1.798673,1,-0.728387,52.031405,14.016235,-1668.617419,5.777599,0
2018-08-29,sz.300699,41.7000,41.8000,40.8500,40.9300,42.2500,1735414,71318961.0500,3,1.886320,1,-3.124260,50.405808,13.578332,-1616.485466,5.597092,0
2018-08-30,sz.300699,40.9000,41.0000,39.8200,40.1300,40.9300,1734417,69790980.7700,3,1.885236,1,-1.954555,49.420598,13.312936,-1584.890343,5.487693,0
2018-08-31,sz.300699,39.9100,40.1200,38.6700,38.6800,40.1300,2062392,81270213.9200,3,2.241730,1,-3.613259,47.634905,12.831905,-1527.624184,5.289409,0
2018-09-03,sz.300699,38.5100,39.9200,38.5100,39.7000,38.6800,1479200,58026305.7600,3,0.711155,1,2.637023,48.891048,13.170285,-1567.907965,5.428892,0
2018-09-04,sz.300699,39.8800,41.4000,39.2000,41.2100,39.7000,2491149,101440198.6300,3,1.197669,1,3.803522,50.750632,13.671220,-1627.543759,5.635381,0
2018-09-05,sz.300699,40.9100,42.0000,40.5600,40.5600,41.2100,1657446,68409853.0100,3,0.796850,1,-1.577282,49.950149,13.455586,-1601.872722,5.546495,0
2018-09-06,sz.300699,40.9600,41.7200,40.6000,41.0100,40.5600,1355562,55799755.3300,3,0.651713,1,1.109460,50.504329,13.604871,-1619.644978,5.608032,0
2018-09-07,sz.300699,41.3500,41.5900,39.5000,40.2800,41.0100,1560602,63553963.5600,3,0.750290,1,-1.780053,49.605325,13.362697,-1590.814429,5.508206,0
2018-09-10,sz.300699,40.0800,40.5100,39.3900,39.5400,40.2800,916026,36594445.1200,3,0.440398,1,-1.837135,48.694006,13.117206,-1561.588940,5.407012,0
2018-09-11,sz.300699,39.6500,40.8000,39.4800,40.4900,39.5400,1280444,51529835.4000,3,0.615599,1,2.402632,49.863943,13.432364,-1599.108149,5.536923,0
2018-09-12,sz.300699,40.3600,41.3800,40.1000,41.1000,40.4900,1443523,59080202.7900,3,0.694002,1,1.506537,50.615165,13.634728,-1623.199430,5.620339,0
2018-09-13,sz.300699,41.3500,41.8300,40.9500,41.6800,41.1000,1647302,68157239.2800,3,0.791973,1,1.411197,51.329443,13.827141,-1646.105894,5.699653,0
2018-09-14,sz.300699,41.7100,41.8700,40.0000,40.0100,41.6800,1716217,70640072.5000,3,0.825105,1,-4.006722,49.272817,13.273126,-1580.151075,5.471284,0
2018-09-17,sz.300699,39.9600,41.3500,39.5300,40.4300,40.0100,1524046,62026917.9000,3,0.732715,1,1.049743,49.790052,13.412459,-1596.738514,5.528718,0
2018-09-18,sz.300699,40.4600,41.0200,39.9000,41.0200,40.4300,1575416,63799350.7100,3,0.757412,1,1.459313,50.516644,13.608189,-1620.039917,5.609399,0
2018-09-19,sz.300699,38.9000,39.2500,37.2000,38.6200,41.0200,6353199,244344305.8600,3,3.054426,1,-5.850808,47.561014,12.812000,-1525.254549,5.281204,0
2018-09-20,sz.300699,37.6200,38.4900,37.5700,38.0000,38.6200,2898392,110065120.4000,3,1.393459,1,-1.605383,46.797476,12.606318,-1500.768329,5.196420,0
2018-09-21,sz.300699,37.9400,38.1500,37.8100,38.0900,38.0000,1748528,66473614.4500,3,0.840639,1,0.236843,46.908313,12.636175,-1504.322781,5.208728,0
2018-09-25,sz.300699,37.9000,38.7800,37.6600,38.2000,38.0900,1595299,61182989.1200,3,0.766971,1,0.288791,47.043779,12.672667,-1508.667110,5.223770,0
2018-09-26,sz.300699,38.3700,38.3700,37.8000,38.2400,38.2000,1938079,73906470.4000,3,0.931770,1,0.104714,47.093039,12.685937,-1510.246866,5.229240,0
2018-09-27,sz.300699,38.2700,38.3300,37.5400,37.5700,38.2400,1351900,51449562.0000,3,0.649953,1,-1.752097,46.267926,12.463668,-1483.785951,5.137619,0
2018-09-28,sz.300699,37.6100,38.2200,37.6100,37.9000,37.5700,923472,35011464.8800,3,0.443977,1,0.878365,46.674325,12.573144,-1496.818939,5.182746,0
2018-10-08,sz.300699,37.4100,38.2700,37.1000,37.9200,37.9000,1455000,54997810.0000,3,0.699520,1,0.052762,46.698955,12.579779,-1497.608817,5.185481,0
2018-10-09,sz.300699,38.3900,38.5000,37.3700,37.6100,37.9200,1168258,44130567.6200,3,0.561663,1,-0.817504,46.317187,12.476938,-1485.365707,5.143089,0
2018-10-10,sz.300699,37.6100,38.5200,37.6100,38.3200,37.6100,1562765,59724266.4500,3,0.751330,1,1.887793,47.191560,12.712477,-1513.406378,5.240180,0
2018-10-11,sz.300699,37.3700,40.5500,37.1100,37.9500,38.3200,5482601,212628815.0300,3,2.635868,1,-0.965550,46.735901,12.589731,-1498.793634,5.189583,0
2018-10-12,sz.300699,38.1700,38.9700,34.2300,37.3000,37.9500,4639764,168458393.1800,3,2.230658,1,-1.712784,45.935418,12.374097,-1473.122597,5.100697,0
2018-10-15,sz.300699,36.8800,36.9200,35.8100,36.4500,37.3000,2166176,78826649.6000,3,1.041432,1,-2.278816,44.888632,12.092113,-1439.552779,4.984461,0
2018-10-16,sz.300699,36.9800,37.3000,35.7400,35.8900,36.4500,2038413,74690387.1800,3,0.980007,1,-1.536355,44.198985,11.906336,-1417.436193,4.907882,0
2018-10-17,sz.300699,36.2000,36.5600,35.6500,36.0900,35.8900,1828900,66081472.8000,3,0.879280,1,0.557260,44.445288,11.972685,-1425.334974,4.935232,0
2018-10-18,sz.300699,35.9500,36.0000,34.7000,35.4700,36.0900,1477690,52143473.7400,3,0.710429,1,-1.717924,43.681750,11.767003,-1400.848754,4.850448,0
2018-10-19,sz.300699,35.4600,37.9000,35.0500,36.6800,35.4700,2211405,80776909.3600,3,1.063177,1,3.411331,45.171880,12.168415,-1448.636377,5.015913,0
2018-10-22,sz.300699,37.0700,38.8200,36.8400,38.8200,36.6800,3695222,140719821.4300,3,1.776551,1,5.834240,47.807317,12.878349,-1533.153330,5.308554,0
2018-10-23,sz.300699,38.6800,39.2700,38.4200,38.6600,38.8200,2797436,108400701.7500,3,1.344922,1,-0.412158,41.833153,11.892548,-18.178264,5.100725,0
2018-10-24,sz.300699,38.5700,40.1200,38.4300,39.0500,38.6600,2851461,112264795.1900,3,1.370896,1,1.008793,42.255163,12.012520,-18.361646,5.152180,0
2018-10-25,sz.300699,37.7000,39.9300,37.7000,39.6100,39.0500,2638895,102980225.2000,3,1.268701,1,1.434062,42.861127,12.184786,-18.624963,5.226066,0
2018-10-26,sz.300699,41.1400,41.3300,38.7800,39.2300,39.6100,3004777,119884571.4500,3,1.444606,1,-0.959356,42.449938,12.067891,-18.446283,5.175929,0
2018-10-29,sz.300699,39.0000,41.1200,38.7800,39.5900,39.2300,3517910,141055582.5700,3,1.691305,1,0.917667,42.839486,12.178634,-18.615558,5.223427,0
2018-10-30,sz.300699,39.1900,40.2500,39.1200,39.2700,39.5900,2906841,115654363.7400,3,1.397521,1,-0.808284,42.493221,12.080196,-18.465092,5.181207,0
2018-10-31,sz.300699,39.2600,40.3000,38.8800,39.1800,39.2700,3790198,149713170.9500,3,1.822212,1,-0.229183,42.395834,12.052510,-18.422773,5.169332,0
2018-11-01,sz.300699,39.2300,39.7200,38.5100,39.6000,39.1800,3765441,147658775.1400,3,1.810310,1,1.071971,42.850307,12.181710,-18.620260,5.224746,0
2018-11-02,sz.300699,40.2800,41.1200,40.0000,41.0600,39.6000,4030590,163820737.0800,3,1.937786,1,3.686876,44.430141,12.630834,-19.306765,5.417376,0
2018-11-05,sz.300699,41.2000,42.1000,40.5500,42.0300,41.0600,4628980,191765508.6900,3,2.225473,1,2.362390,45.479757,12.929224,-19.762867,5.545356,0
2018-11-06,sz.300699,41.7000,41.7000,40.8000,41.3800,42.0300,1955845,80579681.8100,3,0.940311,1,-1.546509,44.776406,12.729272,-19.457232,5.459596,0
2018-11-07,sz.300699,41.5400,42.0100,40.6500,40.7400,41.3800,2776696,114824749.4100,3,1.334951,1,-1.546639,44.083876,12.532396,-19.156298,5.375156,0
2018-11-08,sz.300699,41.1000,41.3200,40.0000,40.0000,40.7400,2335333,94562896.7700,3,1.122757,1,-1.816401,43.283138,12.304758,-18.808344,5.277521,0
2018-11-09,sz.300699,39.7900,40.2400,39.4200,39.9500,40.0000,1721758,68637318.7200,3,0.827769,1,-0.124998,43.229034,12.289377,-18.784833,5.270925,0
2018-11-12,sz.300699,39.5500,41.1300,39.5500,40.9100,39.9500,2525692,102488349.5600,3,1.214276,1,2.403002,44.267829,12.584691,-19.236234,5.397585,0
2018-11-13,sz.300699,40.7000,41.3900,40.5000,41.0800,40.9100,2777944,113846251.7600,3,1.335551,1,0.415551,44.451783,12.636986,-19.316169,5.420015,0
2018-11-14,sz.300699,40.8800,42.3800,40.6800,41.5300,41.0800,3522054,147064417.9700,3,1.693297,1,1.095416,44.938718,12.775415,-19.527763,5.479387,0
2018-11-15,sz.300699,41.5900,42.7500,41.1700,42.7500,41.5300,3525606,148224585.4800,3,1.695005,1,2.937638,46.258854,13.150710,-20.101418,5.640351,0
2018-11-16,sz.300699,42.9000,43.0500,42.0000,42.0800,42.7500,4241644,179498138.5400,3,2.039254,1,-1.567247,45.533861,12.944605,-19.786378,5.551953,0
2018-11-19,sz.300699,42.1500,42.1500,40.6500,41.3500,42.0800,3763891,154783881.6000,3,1.809565,1,-1.734799,44.743944,12.720043,-19.443125,5.455638,0
2018-11-20,sz.300699,38.5000,38.8700,37.6600,37.6600,41.3500,7008216,269249036.5100,3,3.369338,1,-8.923819,40.751074,11.584929,-17.708056,4.968786,0
2018-11-21,sz.300699,37.1600,38.3800,37.1500,38.1500,37.6600,2395013,90845326.2000,3,1.151450,1,1.301120,41.281293,11.735663,-17.938458,5.033436,0
2018-11-22,sz.300699,38.1500,38.3200,37.2200,37.3800,38.1500,2207103,83034628.4400,3,1.061108,1,-2.018350,40.448092,11.498796,-17.576397,4.931844,0
2018-11-23,sz.300699,37.4500,37.5000,36.2800,36.5600,37.3800,2143776,78718284.6900,3,1.030663,1,-2.193686,39.560788,11.246549,-17.190826,4.823655,0
2018-11-26,sz.300699,36.6200,36.6200,35.7600,36.0200,36.5600,1532589,55354653.7000,3,0.736822,1,-1.477026,38.976466,11.080434,-16.936914,4.752408,0
2018-11-27,sz.300699,36.2700,36.5900,36.1500,36.4000,36.0200,1014377,36861066.2500,3,0.487682,1,1.054972,39.387656,11.197330,-17.115593,4.802545,0
2018-11-28,sz.300699,36.4700,36.8000,36.0600,36.7200,36.4000,1578937,57592465.1800,3,0.759105,1,0.879120,39.733921,11.295768,-17.266060,4.844765,0
2018-11-29,sz.300699,36.9100,37.2200,36.0300,36.0300,36.7200,1509496,55446656.0000,3,0.725720,1,-1.879092,38.987287,11.083511,-16.941616,4.753727,0
2018-11-30,sz.300699,35.9900,36.9700,35.7000,36.7000,36.0300,1633151,59234598.1200,3,0.785170,1,1.859567,39.712279,11.289615,-17.256656,4.842126,0
2018-12-03,sz.300699,37.7300,38.2700,37.4000,38.0000,36.7000,2463350,93438064.4000,3,1.184304,1,3.542232,41.118981,11.689520,-17.867927,5.013645,0
2018-12-04,sz.300699,37.8100,38.0000,37.4900,37.7800,38.0000,1359888,51292052.4200,3,0.653793,1,-0.578951,40.880924,11.621844,-17.764481,4.984619,0
2018-12-05,sz.300699,37.2800,38.1600,37.2000,37.8600,37.7800,1445006,54701579.5000,3,0.694715,1,0.211757,40.967490,11.646453,-17.802097,4.995174,0
2018-12-06,sz.300699,37.8000,38.0500,37.5200,37.6000,37.8600,1116900,42189245.0000,3,0.536972,1,-0.686746,40.686150,11.566472,-17.679843,4.960870,0
2018-12-07,sz.300699,37.4000,37.9800,37.4000,37.9000,37.6000,899100,34003265.4600,3,0.432260,1,0.797880,41.010773,11.658758,-17.820906,5.000452,0
2018-12-10,sz.300699,37.7600,38.1100,37.4300,37.8300,37.9000,980300,36969143.0000,3,0.471299,1,-0.184696,40.935028,11.637225,-17.787991,4.991216,0
2018-12-11,sz.300699,37.8300,38.2800,37.6800,38.1600,37.8300,1833713,69872482.5600,3,0.881594,1,0.872318,41.292114,11.738739,-17.943160,5.034755,0
2018-12-12,sz.300699,38.1600,38.6200,38.0800,38.2000,38.1600,1221040,46789332.6000,3,0.531425,1,0.104824,41.335397,11.751044,-17.961968,5.040033,0
2018-12-13,sz.300699,38.4800,38.5300,38.1500,38.1700,38.2000,1270900,48741540.1500,3,0.553125,1,-0.078541,41.302934,11.741815,-17.947862,5.036075,0
2018-12-14,sz.300699,38.2800,38.2800,37.2300,37.3000,38.1700,1976690,74513906.5000,3,0.860301,1,-2.279274,40.608302,11.544341,-17.646015,4.951378,0
2018-12-17,sz.300699,37.0100,37.5800,36.6800,36.7000,37.3000,1763800,65332458.3000,3,0.767647,1,-1.608575,39.955085,11.358641,-17.362165,4.871731,0
2018-12-18,sz.300699,37.0000,37.1000,36.6100,36.8300,36.7000,1379300,50812676.0000,3,0.600303,1,0.354226,40.096615,11.398876,-17.423666,4.888988,0
2018-12-19,sz.300699,36.8000,37.0200,36.3600,36.7000,36.8300,1532286,56300835.7900,3,0.666886,1,-0.352976,39.955085,11.358641,-17.362165,4.871731,0
2018-12-20,sz.300699,36.5000,36.7300,35.7800,36.0100,36.7000,1676232,60528007.1000,3,0.729535,1,-1.880116,39.203886,11.145087,-17.035737,4.780137,0
2018-12-21,sz.300699,35.9500,36.1000,35.5200,35.7600,36.0100,1242943,44459636.3600,3,0.540958,1,-0.694252,38.931712,11.067712,-16.917466,4.746951,0
2018-12-24,sz.300699,35.8800,36.3700,35.6500,36.2500,35.7600,1918688,69038810.0800,3,0.835057,1,1.370251,39.465173,11.219366,-17.149277,4.811996,0
2018-12-25,sz.300699,35.8000,35.8300,35.2600,35.5100,36.2500,1888986,67151218.0000,3,0.822130,1,-2.041384,38.659539,10.990337,-16.799196,4.713765,0
2018-12-26,sz.300699,35.4600,35.9000,35.0000,35.2800,35.5100,1384600,48988844.0400,3,0.602610,1,-0.647704,38.409139,10.919152,-16.690386,4.683234,0
2018-12-27,sz.300699,35.8500,35.9800,35.0100,35.0100,35.2800,1682700,59710052.0000,3,0.732350,1,-0.765307,38.115192,10.835587,-16.562654,4.647393,0
2018-12-28,sz.300699,35.2000,35.8600,35.0000,35.8000,35.0100,1684969,59921525.0200,3,0.733338,1,2.256501,38.975260,11.080092,-16.936390,4.752261,0
2019-01-02,sz.300699,35.7500,36.5600,35.5700,35.9800,35.8000,1234474,44555002.6400,3,0.537272,1,0.502794,39.171225,11.135802,-17.021545,4.776155,0
2019-01-03,sz.300699,36.0600,37.1500,35.6100,36.1400,35.9800,1731562,63253267.6200,3,0.753616,1,0.444691,39.345416,11.185322,-17.097238,4.797394,0
2019-01-04,sz.300699,35.9800,36.4100,35.1100,36.1800,36.1400,1805277,64848680.6000,3,0.785698,1,0.110683,39.388964,11.197702,-17.116162,4.802704,0
2019-01-07,sz.300699,36.4900,37.4800,36.2000,37.3600,36.1800,2716292,100369623.3200,3,1.182193,1,3.261471,40.673623,11.562911,-17.674400,4.959343,0
2019-01-08,sz.300699,37.2500,37.3700,36.6900,36.8700,37.3600,1511230,55748334.3200,3,0.657722,1,-1.311568,40.140163,11.411256,-17.442589,4.894298,0
2019-01-09,sz.300699,36.8800,37.3000,36.7000,36.7400,36.8700,1419677,52567251.1500,3,0.617876,1,-0.352583,39.998633,11.371021,-17.381088,4.877041,0
2019-01-10,sz.300699,36.6000,36.8000,36.1600,36.1800,36.7400,1110353,40423910.4400,3,0.483251,1,-1.524228,39.388964,11.197702,-17.116162,4.802704,0
2019-01-11,sz.300699,36.4100,37.9300,36.4100,37.6800,36.1800,3172141,118545101.7300,3,1.380589,1,4.145937,41.022006,11.661951,-17.825787,5.001821,0
2019-01-14,sz.300699,37.8600,37.9000,37.0800,37.2800,37.6800,1526695,57042690.0700,3,0.664453,1,-1.061575,40.586528,11.538151,-17.636553,4.948723,0
2019-01-15,sz.300699,37.0200,37.6500,37.0200,37.5300,37.2800,1396400,52222559.0000,3,0.607746,1,0.670601,40.858702,11.615526,-17.754824,4.981909,0
2019-01-16,sz.300699,37.6100,37.6300,37.1400,37.2700,37.5300,1169207,43679247.5400,3,0.508866,1,-0.692775,40.575641,11.535056,-17.631823,4.947396,0
2019-01-17,sz.300699,37.4700,37.7800,37.1800,37.2400,37.2700,1154576,43172157.8000,3,0.502498,1,-0.080490,40.542980,11.525771,-17.617630,4.943413,0
2019-01-18,sz.300699,37.3600,37.6400,37.1800,37.4700,37.2400,929886,34739783.3800,3,0.404708,1,0.617614,40.793380,11.596956,-17.726439,4.973945,0
2019-01-21,sz.300699,37.5200,38.2300,37.2500,38.1500,37.4700,1682611,63647270.6500,3,0.732311,1,1.814786,41.533692,11.807416,-18.048136,5.064211,0
2019-01-22,sz.300699,38.1800,38.1800,37.4500,37.5100,38.1500,996339,37600212.7900,3,0.433630,1,-1.677597,40.836928,11.609336,-17.745363,4.979255,0
2019-01-23,sz.300699,37.7900,40.1400,37.4700,39.7500,37.5100,4529044,177004152.0400,3,1.971145,1,5.971746,43.275603,12.302616,-18.805070,5.276603,0
2019-01-24,sz.300699,39.5700,39.9800,38.9800,39.3000,39.7500,2594373,102357142.9600,3,1.129131,1,-1.132077,42.785691,12.163341,-18.592182,5.216868,0
2019-01-25,sz.300699,39.3300,40.7200,39.0100,40.0800,39.3000,3272187,131265304.4300,3,1.424132,1,1.984740,43.634872,12.404751,-18.961187,5.320409,0
2019-01-28,sz.300699,40.2300,40.3500,38.6000,38.6000,40.0800,3073158,120961130.6000,3,1.337510,1,-3.692623,42.023605,11.946691,-18.261024,5.123946,0
2019-01-29,sz.300699,38.9800,39.4900,38.1300,38.1300,38.6000,2566715,99852711.8400,3,1.117094,1,-1.217610,41.511918,11.801226,-18.038674,5.061556,0
2019-01-30,sz.300699,38.2200,39.6400,38.1500,38.3800,38.1300,3075709,120118155.2400,3,1.338620,1,0.655652,41.784092,11.878601,-18.156945,5.094742,0
2019-01-31,sz.300699,39.4200,39.4200,38.4700,39.0100,38.3800,2925290,114271993.8800,3,1.273154,1,1.641473,42.469969,12.073586,-18.454988,5.178372,0
2019-02-01,sz.300699,39.0100,40.0400,38.7900,39.7000,39.0100,2313781,91672706.0500,3,1.007011,1,1.768783,43.221168,12.287141,-18.781416,5.269966,0
2019-02-11,sz.300699,39.8000,42.1000,39.5200,41.6100,39.7000,3716941,153018668.9000,3,1.617699,1,4.811083,45.300575,12.878285,-19.685005,5.523508,0
2019-02-12,sz.300699,41.5000,42.0000,41.0500,41.7600,41.6100,2396641,99619529.1000,3,1.043074,1,0.360485,45.463879,12.924710,-19.755968,5.543420,0
2019-02-13,sz.300699,41.5000,42.5000,41.3500,42.0500,41.7600,2607076,109450413.8900,3,1.134660,1,0.694447,45.779600,13.014465,-19.893162,5.581916,0
2019-02-14,sz.300699,42.0000,42.3300,41.4800,42.1100,42.0500,2020978,84601376.3300,3,0.879576,1,0.142691,45.844922,13.033035,-19.921547,5.589880,0
2019-02-15,sz.300699,42.0600,42.0600,41.0000,41.2900,42.1100,2044592,84624540.2000,3,0.889854,1,-1.947280,44.952193,12.779245,-19.533618,5.481030,0
2019-02-18,sz.300699,41.2000,42.6800,41.2000,42.6500,41.2900,3132356,132085675.9900,3,1.363274,1,3.293777,46.432817,13.200165,-20.177012,5.661562,0
2019-02-19,sz.300699,43.0000,43.0000,41.6000,41.9800,42.6500,2948226,124216989.1000,3,1.283136,1,-1.570931,45.703392,12.992800,-19.860046,5.572623,0
2019-02-20,sz.300699,41.9800,42.2200,41.4300,41.9700,41.9800,1774365,74257805.9700,3,0.772245,1,-0.023817,45.692505,12.989705,-19.855315,5.571296,0
2019-02-21,sz.300699,41.9700,42.1900,41.1200,41.3500,41.9700,3425933,143431575.6800,3,1.491045,1,-1.477252,45.017514,12.797815,-19.562003,5.488994,0
2019-02-22,sz.300699,41.1800,41.7700,40.5800,41.6500,41.3500,3572244,146993701.3400,3,1.554723,1,0.725521,45.344123,12.890665,-19.703928,5.528818,0
2019-02-25,sz.300699,42.5200,45.6000,41.8500,44.8900,41.6500,6944305,302891152.5800,3,3.022322,1,7.779107,44.137780,12.189066,-21.236719,5.958911,0
2019-02-26,sz.300699,44.5300,46.3900,43.9300,45.0100,44.8900,6314212,286109647.8200,3,2.748091,1,0.267318,44.255769,12.221650,-21.293489,5.974840,0
2019-02-27,sz.300699,45.0200,47.3000,44.6500,45.7800,45.0100,5763062,265234969.4900,3,2.508218,1,1.710732,45.012866,12.430729,-21.657763,6.077053,0
2019-02-28,sz.300699,46.1600,47.1400,44.8800,45.3200,45.7800,3531698,161892567.6600,3,1.537077,1,-1.004804,44.560575,12.305824,-21.440145,6.015991,0
2019-03-01,sz.300699,45.9000,46.5800,45.4000,46.1600,45.3200,2837033,130626202.2600,3,1.234742,1,1.853487,45.386499,12.533911,-21.837535,6.127496,0
2019-03-04,sz.300699,46.4100,47.7100,46.0400,47.1900,46.1600,5741303,270132583.3200,3,2.498748,1,2.231367,46.399239,12.813589,-22.324811,6.264223,0
2019-03-05,sz.300699,46.8100,47.4500,46.4700,47.3800,47.1900,3881288,182435905.1000,3,1.689226,1,0.402633,46.586055,12.865180,-22.414697,6.289445,0
2019-03-06,sz.300699,47.4000,47.8800,46.6400,47.2000,47.3800,3309813,156350331.6400,3,1.440507,1,-0.379908,46.409072,12.816304,-22.329542,6.265551,0
2019-03-07,sz.300699,47.1000,47.2000,45.8000,46.8000,47.2000,4488654,208408488.1000,3,1.953566,1,-0.847461,46.015774,12.707692,-22.140308,6.212453,0
2019-03-08,sz.300699,46.0100,47.5000,45.1800,45.4900,46.8000,4084230,189004402.9200,3,1.777551,1,-2.799140,44.727726,12.351985,-21.520569,6.038557,0
2019-03-11,sz.300699,46.0200,48.4900,46.0200,48.4600,45.4900,5335680,253058346.2800,3,2.322211,1,6.528901,47.647958,13.158435,-22.925627,6.432809,0
2019-03-12,sz.300699,48.8000,50.1000,47.5500,48.5000,48.4600,6031071,295597045.0400,3,2.624862,1,0.082544,47.687288,13.169296,-22.944550,6.438119,0
2019-03-13,sz.300699,49.0000,49.0500,46.1800,46.4800,48.5000,3988471,189845852.0100,3,1.735875,1,-4.164949,45.701137,12.620801,-21.988922,6.169975,0
2019-03-14,sz.300699,46.3500,47.5000,45.1200,45.3700,46.4800,3455143,159184098.8500,3,1.503758,1,-2.388125,44.609737,12.319401,-21.463799,6.022628,0
2019-03-15,sz.300699,45.9800,47.1000,45.6000,46.1000,45.3700,2901474,134151619.4600,3,1.262789,1,1.608992,45.327504,12.517619,-21.809150,6.119532,0
2019-03-18,sz.300699,46.1600,47.2800,46.1000,47.1000,46.1000,2348389,109937507.3700,3,1.022073,1,2.169197,46.310747,12.789151,-22.282234,6.252276,0
2019-03-19,sz.300699,47.1800,47.7400,46.3300,47.2000,47.1000,2654606,125001701.7900,3,1.155346,1,0.212319,46.409072,12.816304,-22.329542,6.265551,0
2019-03-20,sz.300699,51.0000,51.0000,48.8000,49.8200,47.2000,8832342,439650780.7700,3,3.844040,1,5.550845,48.985168,13.527718,-23.569021,6.613342,0
2019-03-21,sz.300699,49.8000,53.6100,49.3600,52.5800,49.8200,7997956,414509824.2900,3,3.480896,1,5.539948,51.698919,14.277146,-24.874731,6.979718,0
2019-03-22,sz.300699,52.1100,52.9700,51.3500,52.5000,52.5800,4304686,224194540.3500,3,1.873499,1,-0.152153,51.620260,14.255423,-24.836884,6.969098,0
2019-03-25,sz.300699,51.6100,55.3500,51.6100,54.1200,52.5000,6338785,343421482.3500,3,2.758786,1,3.085712,53.213113,14.695305,-25.603280,7.184144,0
2019-03-26,sz.300699,58.9800,58.9900,55.1100,55.3100,54.1200,12762878,727995055.5300,3,5.554700,1,2.198822,54.380206,15.018475,92.251826,7.153856,0
2019-03-27,sz.300699,56.1900,60.6500,55.8700,59.8600,55.3100,9084398,528017784.2800,3,3.953740,1,8.226358,58.853718,16.253949,99.840793,7.742358,0
2019-03-28,sz.300699,58.9000,58.9000,55.6000,55.7600,59.8600,8724477,500367510.9300,3,3.797094,1,-6.849319,54.822641,15.140665,93.002383,7.212060,0
2019-03-29,sz.300699,55.9900,57.5300,55.8800,57.3200,55.7600,5728755,326158458.0100,3,2.493287,1,2.797707,56.356417,15.564256,95.604315,7.413832,0
2019-04-01,sz.300699,57.4500,60.9600,57.4500,59.9900,57.3200,5595930,331289076.6400,3,2.435478,1,4.658063,58.981533,16.289248,100.057621,7.759173,0
2019-04-02,sz.300699,60.5000,65.0000,60.0000,63.2800,59.9900,5509055,348828094.9600,3,2.397668,1,5.484242,62.216226,17.182591,105.545028,8.184705,0
2019-04-03,sz.300699,62.6700,64.9500,61.6100,64.2000,63.2800,3450599,217478089.7900,3,1.501781,1,1.453853,63.120760,17.432401,107.079501,8.303699,0
2019-04-04,sz.300699,64.6000,64.8700,62.0100,63.1100,64.2000,3470186,219423768.0100,3,1.510305,1,-1.697814,62.049084,17.136430,105.261485,8.162717,0
2019-04-08,sz.300699,63.5800,64.1800,59.7600,61.1000,63.1100,4854433,298219032.7100,3,2.112762,1,-3.184919,60.072873,16.590649,101.908996,7.902741,0
2019-04-09,sz.300699,61.3500,61.4000,59.2000,60.6200,61.1000,3221665,194030288.0200,3,1.402143,1,-0.785597,59.600942,16.460314,101.108401,7.840658,0
2019-04-10,sz.300699,60.6300,61.8600,59.2000,60.8300,60.6200,3369707,203913702.8100,3,1.466575,1,0.346425,59.807412,16.517336,101.458661,7.867819,0
2019-04-11,sz.300699,60.6800,60.8500,58.2100,58.9300,60.8300,4161297,246706195.2500,3,1.811093,1,-3.123461,57.939352,16.001423,98.289642,7.622071,0
2019-04-12,sz.300699,59.3000,60.3900,58.8700,59.3400,58.9300,2172716,129242998.8300,3,0.945616,1,0.695740,58.342459,16.112752,98.973483,7.675101,0
2019-04-15,sz.300699,60.7500,61.3500,58.4700,58.5100,59.3400,2559586,153404275.6500,3,1.113991,1,-1.398722,57.526412,15.887380,97.589122,7.567748,0
2019-04-16,sz.300699,58.3100,59.9000,57.7100,59.7700,58.5100,3064007,180481112.1600,3,1.333527,1,2.153482,58.765231,16.229511,99.690682,7.730718,0
2019-04-17,sz.300699,59.6000,60.5000,58.8900,59.4000,59.7700,2844293,169718121.5200,3,1.237902,1,-0.619038,58.401451,16.129044,99.073557,7.682862,0
2019-04-18,sz.300699,59.2600,60.5000,59.2600,59.4000,59.4000,1781773,106456742.7000,3,0.775469,1,0.000000,58.401451,16.129044,99.073557,7.682862,0
2019-04-19,sz.300699,59.5900,62.4800,59.3000,62.4700,59.4000,3573139,218444221.8400,3,1.555113,1,5.168350,61.419842,16.962649,104.194025,8.079939,0
2019-04-22,sz.300699,62.3000,63.3800,60.8000,62.0000,62.4700,3439784,212472920.2700,3,1.497074,1,-0.752363,60.957743,16.835029,103.410110,8.019148,0
2019-04-23,sz.300699,62.6800,63.6000,59.0700,59.5800,62.0000,5132820,312966762.0100,3,2.233922,1,-3.903223,49.196135,14.445402,109.747609,7.313832,0
2019-04-24,sz.300699,59.0000,62.2500,58.8100,61.8900,59.5800,4420549,270172114.3300,3,1.923925,1,3.877136,51.103538,15.005471,114.002678,7.597400,0
2019-04-25,sz.300699,61.9000,61.9000,59.0200,59.2800,61.8900,2939354,177654610.7200,3,1.279275,1,-4.217161,48.948420,14.372666,109.195003,7.277005,0
2019-04-26,sz.300699,59.2700,64.7000,58.9500,62.1800,59.2800,5255771,324984296.3900,3,2.287433,1,4.892040,51.342996,15.075782,114.536864,7.632999,0
2019-04-29,sz.300699,62.2100,63.4800,60.3300,60.5900,62.1800,4386804,269692580.7800,3,1.909239,1,-2.557092,50.030108,14.690280,111.608051,7.437816,0
2019-04-30,sz.300699,60.9900,61.4800,57.7600,58.0200,60.5900,4415008,262277405.4500,3,1.921514,1,-4.241623,47.908019,14.067174,106.874057,7.122332,0
2019-05-06,sz.300699,55.8500,55.9500,52.2800,52.5800,58.0200,6080261,329566638.3100,3,2.646270,1,-9.376075,43.416126,12.748225,96.853463,6.454537,0
2019-05-07,sz.300699,53.5600,53.9600,52.1100,53.2500,52.5800,3445855,183267133.2500,3,1.499716,1,1.274245,43.969355,12.910669,98.087617,6.536784,0
2019-05-08,sz.300699,52.0000,55.5500,51.6500,54.0200,53.2500,4016289,218518502.8900,3,1.747982,1,1.446010,44.605156,13.097359,99.505973,6.631306,0
2019-05-09,sz.300699,53.2600,55.2800,53.1400,54.2400,54.0200,2869708,156641244.8500,3,1.248963,1,0.407259,44.786814,13.150698,99.911217,6.658313,0
2019-05-10,sz.300699,55.0000,56.4000,53.0000,55.4900,54.2400,5089257,281040591.8200,3,2.214962,1,2.304572,45.818958,13.453766,102.213744,6.811758,0
2019-05-13,sz.300699,54.9000,55.9900,54.2000,54.7000,55.4900,3288556,180338497.9000,3,1.431256,1,-1.423681,45.166643,13.262227,100.758547,6.714781,0
2019-05-14,sz.300699,54.1500,56.2700,54.1000,55.8200,54.7000,3401360,188211013.0000,3,1.480351,1,2.047530,46.091444,13.533775,102.821611,6.852268,0
2019-05-15,sz.300699,55.9700,56.6000,55.2000,56.1200,55.8200,3478997,194584116.8600,3,1.514140,1,0.537440,46.339159,13.606512,103.374217,6.889095,0
2019-05-16,sz.300699,39.6000,40.7400,38.3100,40.2500,39.7300,4756336,189039036.5600,3,1.478620,1,1.308836,46.529074,13.662276,103.797882,6.917329,0
2019-05-17,sz.300699,40.1500,40.1500,38.2500,38.6000,40.2500,4504665,176869434.0900,3,1.400382,1,-4.099383,44.621671,13.102208,99.542813,6.633761,0
2019-05-20,sz.300699,38.0500,38.6000,36.8700,37.9000,38.6000,3297159,124094480.4200,3,1.025000,1,-1.813464,43.812469,12.864603,97.737633,6.513460,0
2019-05-21,sz.300699,37.9500,39.6600,37.9500,39.3100,37.9000,3559966,139076093.5300,3,1.106700,1,3.720316,45.442432,13.343207,101.373782,6.755781,0
2019-05-22,sz.300699,39.5900,39.5900,38.0000,38.6600,39.3100,3398873,131806821.0400,3,1.056620,1,-1.653527,44.691031,13.122574,99.697543,6.644073,0
2019-05-23,sz.300699,38.9700,38.9700,37.2800,37.3900,38.6600,3424630,130135098.6700,3,1.064627,1,-3.285050,43.222908,12.691491,96.422430,6.425812,0
2019-05-24,sz.300699,37.2500,37.6900,36.8200,37.2100,37.3900,2232010,83110570.6000,3,0.693873,1,-0.481413,43.014828,12.630392,95.958240,6.394877,0
2019-05-27,sz.300699,37.5000,39.3700,37.1200,38.9200,37.2100,5600405,215756179.2900,3,1.741019,1,4.595536,44.991591,13.210827,100.368039,6.688756,0
2019-05-28,sz.300699,39.0000,39.0900,38.0600,38.1500,38.9200,4138920,159589703.0600,3,1.286681,1,-1.978409,44.101470,12.949462,98.382340,6.556425,0
2019-05-29,sz.300699,38.0000,38.2900,37.6100,37.7500,38.1500,2865646,108406513.8800,3,0.890854,1,-1.048497,43.639069,12.813687,97.350808,6.487681,0
2019-05-30,sz.300699,37.5800,37.5800,35.2400,35.9700,37.7500,7888566,284603580.8800,3,2.452348,1,-4.715229,41.581386,12.209492,92.760492,6.181772,0
2019-05-31,sz.300699,36.0500,36.4900,35.5200,35.7200,35.9700,4394199,158364362.0400,3,1.366041,1,-0.695024,41.292385,12.124634,92.115785,6.138807,0
2019-06-03,sz.300699,36.0100,36.3000,33.4500,33.9900,35.7200,8849261,304139716.8800,3,2.751002,1,-4.843224,39.292502,11.537410,87.654410,5.841491,0
2019-06-04,sz.300699,34.0200,34.5900,33.7800,34.1800,33.9900,4309431,147261089.1000,3,1.339689,1,0.558984,39.512143,11.601903,88.144387,5.874144,0
2019-06-05,sz.300699,34.5600,34.7000,33.4000,33.5600,34.1800,3970534,134503163.2400,3,1.234335,1,-1.813923,38.795421,11.391453,86.545513,5.767591,0
2019-06-06,sz.300699,33.6100,34.0900,33.4000,33.5400,33.5600,2924620,98726403.3900,3,0.909187,1,-0.059596,38.772301,11.384664,86.493937,5.764154,0
2019-06-10,sz.300699,33.4300,34.5000,31.7000,34.1000,33.5400,6810532,225897455.5400,3,2.117215,1,1.669641,39.419662,11.574748,87.938081,5.860395,0
2019-06-11,sz.300699,33.9600,35.0800,33.6800,34.9800,34.1000,5541220,190989487.1200,3,1.722619,1,2.580648,40.436944,11.873451,90.207451,6.011631,0
2019-06-12,sz.300699,34.8000,34.9300,33.4800,33.7900,34.9800,7453029,253965099.1300,3,2.316951,1,-3.401940,39.061302,11.469523,87.138644,5.807119,0
2019-06-13,sz.300699,31.5000,31.9500,30.8000,31.4900,33.7900,18952186,596336897.2900,3,5.891736,1,-6.806751,36.402498,10.688822,81.207336,5.411843,0
2019-06-14,sz.300699,31.7100,32.6200,31.4000,31.4000,31.4900,8308554,265572371.0600,3,2.582911,1,-0.285805,36.298458,10.658272,80.975242,5.396376,0
2019-06-17,sz.300699,31.0900,31.9600,30.9900,31.3900,31.4000,7557471,238199435.0300,3,2.349419,1,-0.031848,36.286898,10.654878,80.949454,5.394657,0
2019-06-18,sz.300699,31.3600,32.2900,31.3600,31.5800,31.3900,5301028,168965218.9500,3,1.647950,1,0.605290,36.506538,10.719371,81.439431,5.427310,0
2019-06-19,sz.300699,32.3600,33.1500,32.0200,32.4800,31.5800,7361233,239408013.6800,3,2.288414,1,2.849904,37.546940,11.024863,83.760378,5.581984,0
2019-06-20,sz.300699,32.7500,33.9000,31.8500,33.2600,32.4800,6852987,225279707.1400,3,2.130413,1,2.401474,38.448621,11.289622,85.771864,5.716034,0
2019-06-21,sz.300699,33.3500,34.3400,33.3500,33.6800,33.2600,6380195,216153737.2800,3,1.983435,1,1.262784,38.934142,11.432185,86.854973,5.788214,0
2019-06-24,sz.300699,33.7100,34.0900,32.9200,33.5200,33.6800,3881704,130007563.2300,3,1.206720,1,-0.475059,38.749181,11.377876,86.442360,5.760717,0
2019-06-25,sz.300699,33.2600,33.3900,32.2000,32.7200,33.5200,4292874,140106603.8200,3,1.334542,1,-2.386632,37.824380,11.106327,84.379297,5.623230,0
2019-06-26,sz.300699,32.6800,33.5000,32.5600,32.9800,32.7200,4076580,135277623.8000,3,1.267301,1,0.794616,38.124940,11.194580,85.049792,5.667913,0
2019-06-27,sz.300699,33.5800,34.0500,33.2300,33.4600,32.9800,4215980,141636352.8000,3,1.310637,1,1.455426,38.679821,11.357509,86.287630,5.750405,0
2019-06-28,sz.300699,33.6100,33.6500,32.4200,32.7000,33.4600,3696500,121871149.8000,3,1.149145,1,-2.271364,37.801260,11.099539,84.327720,5.619793,0
2019-07-01,sz.300699,33.5000,35.1600,33.1000,34.9800,32.7000,10262225,350772277.9600,3,3.190256,1,6.972473,40.436944,11.873451,90.207451,6.011631,0
2019-07-02,sz.300699,34.7000,35.3000,34.2600,34.4500,34.9800,5202649,180412339.1000,3,1.617367,1,-1.515148,39.824263,11.693551,88.840671,5.920546,0
2019-07-03,sz.300699,34.5000,35.1800,33.9100,34.5700,34.4500,5273180,182089326.0000,3,1.639293,1,0.348328,39.962983,11.734283,89.150131,5.941169,0
2019-07-04,sz.300699,34.4000,35.4500,34.2500,35.2100,34.5700,5418744,188978332.5200,3,1.684545,1,1.851315,40.702825,11.951521,90.800582,6.051159,0
2019-07-05,sz.300699,35.2400,35.9600,34.7800,35.7300,35.2100,4755863,168528114.0000,3,1.478473,1,1.476855,41.303945,12.128028,92.141573,6.140526,0
2019-07-08,sz.300699,35.4100,35.7000,33.9100,34.1600,35.7300,4778393,165436801.1100,3,1.485477,1,-4.394066,39.489023,11.595114,88.092811,5.870707,0
2019-07-09,sz.300699,34.0000,34.7800,34.0000,34.4700,34.1600,2701855,93102873.7800,3,0.839936,1,0.907498,39.847383,11.700339,88.892248,5.923983,0
2019-07-10,sz.300699,35.1200,35.6900,34.4100,34.4200,34.4700,5515646,193626953.1000,3,1.714669,1,-0.145063,39.789583,11.683367,88.763306,5.915390,0
2019-07-11,sz.300699,34.7900,35.1900,34.1300,34.4800,34.4200,3952089,136942233.2800,3,1.228600,1,0.174321,39.858943,11.703734,88.918036,5.925702,0
2019-07-12,sz.300699,34.5900,34.6300,33.8100,34.2000,34.4800,3742326,127887247.8000,3,1.163391,1,-0.812061,39.535263,11.608692,88.195964,5.877581,0
2019-07-15,sz.300699,34.3200,35.9500,33.8100,35.5300,34.2000,6031706,212332686.2200,3,1.875099,1,3.888883,41.072745,12.060141,91.625807,6.106154,0
2019-07-16,sz.300699,35.4500,35.8700,35.1300,35.4400,35.5300,3363853,119318137.6800,3,1.045733,1,-0.253308,40.968705,12.029592,91.393712,6.090687,0
2019-07-17,sz.300699,35.7000,36.5000,35.5300,35.9500,35.4400,5237655,189022285.3500,3,1.628249,1,1.439058,41.558266,12.202704,92.708915,6.178335,0
2019-07-18,sz.300699,35.7000,36.3600,35.1600,35.9400,35.9500,4273523,153217258.5000,3,1.328526,1,-0.027822,41.546706,12.199309,92.683127,6.176616,0
2019-07-19,sz.300699,35.9700,36.4900,35.6000,36.1200,35.9400,3293628,118599536.3300,3,1.023902,1,0.500836,41.754786,12.260408,93.147316,6.207551,0
2019-07-22,sz.300699,36.3900,37.1200,35.3100,36.6100,36.1200,6414467,233549690.4000,3,1.994089,1,1.356594,42.321227,12.426731,94.410943,6.291762,0
2019-07-23,sz.300699,36.5300,36.9600,36.1600,36.8600,36.6100,3705983,135654564.4100,3,1.152093,1,0.682874,42.610228,12.511590,95.055650,6.334726,0
2019-07-24,sz.300699,36.8600,38.4400,36.6000,37.6000,36.8600,7242743,273507511.6500,3,2.251578,1,2.007591,43.465669,12.762772,96.963984,6.461902,0
2019-07-25,sz.300699,37.6000,39.0900,37.4100,38.6000,37.6000,9611746,368307730.9700,3,2.988039,1,2.659575,44.621671,13.102208,99.542813,6.633761,0
2019-07-26,sz.300699,38.5000,39.3600,38.0000,38.1000,38.6000,6921278,266490717.6700,3,2.151600,1,-1.295300,44.043670,12.932490,98.253399,6.547832,0
2019-07-29,sz.300699,38.1000,38.7000,37.7700,37.9500,38.1000,4476972,170575645.8200,3,1.391773,1,-0.393695,43.870270,12.881575,97.866574,6.522053,0
2019-07-30,sz.300699,38.0400,38.4800,37.7900,37.8800,37.9500,4062331,154614784.1800,3,1.262900,1,-0.184500,43.789349,12.857814,97.686056,6.510023,0
2019-07-31,sz.300699,37.7500,38.1600,37.4800,37.6600,37.8800,3779751,142828207.5200,3,1.175000,1,-0.580800,43.535029,12.783138,97.118714,6.472214,0
2019-08-01,sz.300699,37.5200,38.3000,37.4000,37.8300,37.6600,4564765,173048829.4600,3,1.419100,1,0.451400,43.731549,12.840842,97.557115,6.501430,0
2019-08-02,sz.300699,36.9800,38.0200,36.6100,37.5000,37.8300,5574374,208464186.0600,3,1.732900,1,-0.872300,43.350069,12.728829,96.706101,6.444716,0
2019-08-05,sz.300699,37.4300,38.2700,36.8600,36.9500,37.5000,4761516,179497920.8000,3,1.480200,1,-1.466700,42.714268,12.542139,95.287745,6.350194,0
2019-08-06,sz.300699,36.0900,36.5900,35.1100,36.1400,36.9500,7150390,257093101.5400,3,2.222900,1,-2.192200,41.777906,12.267196,93.198893,6.210988,0
2019-08-07,sz.300699,36.5100,36.5400,34.5000,34.7200,36.1400,6506811,229554151.5100,3,2.022800,1,-3.929200,40.136384,11.785198,89.536955,5.966948,0
2019-08-08,sz.300699,35.0000,35.3200,34.4000,34.5800,34.7200,4641466,161594895.6300,3,1.442900,1,-0.403200,39.974543,11.737677,89.175919,5.942888,0
2019-08-09,sz.300699,34.7200,35.1000,34.0000,34.1000,34.5800,3162935,109140847.7900,3,0.983300,1,-1.388100,39.419662,11.574748,87.938081,5.860395,0
2019-08-12,sz.300699,34.3800,35.2600,34.1100,35.2000,34.1000,3250356,112860641.0600,3,1.010500,1,3.225800,40.691264,11.948127,90.774793,6.049440,0
2019-08-13,sz.300699,34.8000,35.4900,34.6000,34.9500,35.2000,3173507,110697742.8500,3,0.986600,1,-0.710200,40.402264,11.863268,90.130086,6.006476,0
2019-08-14,sz.300699,35.4500,35.6600,34.8500,35.0000,34.9500,3032079,107104166.0900,3,0.942600,1,0.143100,40.460064,11.880240,90.259028,6.015068,0
2019-08-15,sz.300699,33.9900,35.3700,33.6800,35.3000,35.0000,2989928,104305981.8400,3,0.929500,1,0.857100,40.806865,11.982071,91.032676,6.066626,0
2019-08-16,sz.300699,35.3000,37.0600,35.1600,36.7100,35.3000,5301210,192304861.1500,3,1.648000,1,3.994300,42.436827,12.460675,94.668826,6.308948,0
2019-08-19,sz.300699,37.0800,38.4200,36.7100,38.0000,36.7100,6554247,247364478.3600,3,2.037500,1,3.514000,43.928070,12.898546,97.995516,6.530646,0
2019-08-20,sz.300699,38.9800,39.6300,37.9700,38.2000,38.0000,9075783,349564258.0600,3,2.821400,1,0.526300,41.912964,12.782670,49.850417,6.609603,0
2019-08-21,sz.300699,38.2000,39.1000,37.9300,38.6600,38.2000,6440830,248742288.5700,3,2.002300,1,1.204200,42.417675,12.936597,50.450710,6.689195,0
2019-08-22,sz.300699,38.6600,39.2400,38.5800,38.7600,38.6600,4746629,184380735.1200,3,1.475600,1,0.258700,42.527395,12.970060,50.581208,6.706498,0
2019-08-23,sz.300699,38.8000,40.1500,38.8000,39.5600,38.7600,7924039,313712934.9600,3,2.463400,1,2.064000,43.405153,13.237760,51.625196,6.844919,0
2019-08-26,sz.300699,38.9000,39.9000,38.6600,39.0000,39.5600,5628785,220276934.3900,3,1.749800,1,-1.415600,42.790722,13.050370,50.894405,6.748024,0
2019-08-27,sz.300699,39.3900,39.5800,38.6000,38.8200,39.0000,6579980,256796994.2900,3,2.045500,1,-0.461500,42.593227,12.990137,50.659507,6.716880,0
2019-08-28,sz.300699,38.8000,39.3300,38.2600,38.6900,38.8200,6015417,233198284.0200,3,1.870000,1,-0.334900,42.450591,12.946636,50.489859,6.694386,0
2019-08-29,sz.300699,38.8800,39.1000,38.4000,38.7000,38.6900,4303738,166759218.4000,3,1.337900,1,0.025900,42.461563,12.949982,50.502909,6.696116,0
2019-08-30,sz.300699,38.8800,41.2800,38.8800,41.0900,38.7000,12466814,503732199.9300,3,3.875600,1,6.175700,45.083866,13.749736,53.621823,7.109649,0
2019-09-02,sz.300699,41.3700,42.5500,40.7300,42.2000,41.0900,10918601,457681082.9500,3,3.394300,1,2.701400,46.301756,14.121169,55.070356,7.301708,0
2019-09-03,sz.300699,41.3000,41.5000,40.3100,40.8000,42.2000,11766304,481718552.6300,3,3.657800,1,-3.317500,44.765679,13.652695,53.243377,7.059472,0
2019-09-04,sz.300699,40.6500,41.2000,40.2000,40.6600,40.8000,5643547,229239279.7900,3,1.754400,1,-0.343100,44.612071,13.605847,53.060679,7.035248,0
2019-09-05,sz.300699,41.0000,41.7700,40.6600,40.6600,40.6600,8396888,346228019.6500,3,2.610400,1,0.000000,44.612071,13.605847,53.060679,7.035248,0
2019-09-06,sz.300699,40.5100,41.8900,40.4800,41.1000,40.6600,6495616,268372073.7900,3,2.019300,1,1.082100,45.094838,13.753082,53.634872,7.111379,0
2019-09-09,sz.300699,41.6200,41.8700,40.7600,41.7300,41.1000,5629701,233004322.2000,3,1.750100,1,1.532800,45.786073,13.963896,54.457013,7.220386,0
2019-09-10,sz.300699,41.9900,43.1700,41.6900,42.6700,41.7300,8037339,341828085.0600,3,2.498600,1,2.252600,46.817439,14.278443,55.683698,7.383031,0
2019-09-11,sz.300699,42.5000,42.8000,41.4900,41.4900,42.6700,6592293,277495311.4900,3,2.049400,1,-2.765400,45.522746,13.883586,54.143816,7.178860,0
2019-09-12,sz.300699,41.5200,42.0800,41.1800,41.9100,41.4900,4034111,168457773.6700,3,1.254100,1,1.012300,45.983569,14.024128,54.691910,7.251531,0
2019-09-16,sz.300699,42.0900,42.2500,41.4100,41.6800,41.9100,4827650,202444359.4600,3,1.500800,1,-0.548800,45.731213,13.947164,54.391764,7.211735,0
2019-09-17,sz.300699,41.4200,41.6400,39.4200,40.1000,41.6800,6815104,275177911.0500,3,2.118600,1,-3.790800,43.997640,13.418457,52.329888,6.938353,0
2019-09-18,sz.300699,40.3100,40.4700,39.4500,39.7100,40.1000,4290236,170718652.4200,3,1.333700,1,-0.972600,43.569733,13.287953,51.820944,6.870873,0
2019-09-19,sz.300699,39.7200,40.2700,39.5400,40.2200,39.7100,4319399,172707678.9100,3,1.342800,1,1.284300,44.129304,13.458612,52.486486,6.959116,0
2019-09-20,sz.300699,40.1300,40.8400,39.7600,39.8000,40.2200,4552707,182895243.5900,3,1.415300,1,-1.044300,43.668481,13.318070,51.938392,6.886445,0
2019-09-23,sz.300699,39.9900,40.2500,38.8200,39.2900,39.8000,5039475,197760146.2500,3,1.566600,1,-1.281400,43.108910,13.147411,51.272850,6.798202,0
2019-09-24,sz.300699,39.6000,39.6700,39.1000,39.3300,39.2900,4174610,164544538.8000,3,1.297800,1,0.101800,43.152798,13.160796,51.325049,6.805123,0
2019-09-25,sz.300699,39.1600,39.4100,38.6200,38.9000,39.3300,3856473,150317890.2800,3,1.198900,1,-1.093300,42.681003,13.016907,50.763906,6.730722,0
2019-09-26,sz.300699,38.8200,39.3700,37.6400,37.6800,38.9000,4729161,181217334.9000,3,1.470200,1,-3.136200,41.342421,12.608665,49.171825,6.519630,0
2019-09-27,sz.300699,37.9100,39.5600,37.8000,38.7400,37.6800,5701934,221310998.8200,3,1.772600,1,2.813200,42.505451,12.963367,50.555108,6.703037,0
2019-09-30,sz.300699,39.0500,39.6500,38.7100,39.5000,38.7400,4269627,167592525.2700,3,1.327300,1,1.961800,43.339322,13.217682,51.546897,6.834537,0
2019-10-08,sz.300699,39.2900,39.3600,37.9800,38.1900,39.5000,4792860,185050946.6700,3,1.490000,1,-3.316500,41.901992,12.779324,49.837367,6.607873,0
2019-10-09,sz.300699,38.1800,39.6500,37.5100,39.5100,38.1900,4843804,188997994.5600,3,1.505800,1,3.456400,43.350293,13.221028,51.559947,6.836268,0
2019-10-10,sz.300699,39.5200,41.1000,39.4100,40.8000,39.5100,6634630,268788619.7600,3,2.062500,1,3.265000,44.765679,13.652695,53.243377,7.059472,0
2019-10-11,sz.300699,41.5000,41.7800,40.6900,41.1900,40.8000,6710227,277005072.7900,3,2.086000,1,0.955900,45.193586,13.783198,53.752321,7.126952,0
2019-10-14,sz.300699,41.5500,42.0900,40.8800,40.9500,41.1900,5802726,240234814.3800,3,1.803900,1,-0.582700,44.930259,13.702888,53.439125,7.085426,0
2019-10-15,sz.300699,40.9300,41.8900,40.7500,41.2200,40.9500,5421730,224598233.7000,3,1.685500,1,0.659300,45.226502,13.793237,53.791471,7.132143,0
2019-10-16,sz.300699,41.2000,41.5000,40.6100,40.9100,41.2200,3679878,150855470.9600,3,1.144000,1,-0.752100,44.886371,13.689503,53.386925,7.078504,0
2019-10-17,sz.300699,40.6800,42.1400,40.6800,41.4400,40.9100,6025434,250733006.0900,3,1.873100,1,1.295500,45.467886,13.866854,54.078567,7.170208,0
2019-10-18,sz.300699,41.4700,41.5000,40.2000,40.6300,41.4400,4669385,190356016.6300,3,1.451600,1,-1.954600,44.579155,13.595808,53.021530,7.030057,0
2019-10-21,sz.300699,40.7500,40.7800,39.0000,39.7000,40.6300,4021842,159751481.3400,3,1.250300,1,-2.288900,43.558761,13.284607,51.807894,6.869143,0
2019-10-22,sz.300699,39.8800,40.5000,39.7400,40.2100,39.7000,3297366,132568716.6400,3,1.025100,1,1.284600,44.118332,13.455266,52.473436,6.957386,0
2019-10-23,sz.300699,40.1000,40.6800,39.4800,39.6000,40.2100,3171371,126512825.8400,3,0.985900,1,-1.517000,43.449041,13.251145,51.677395,6.851840,0
2019-10-24,sz.300699,39.5100,39.8800,39.0800,39.2800,39.6000,2299269,90681080.4300,3,0.714800,1,-0.808100,43.097938,13.144065,51.259800,6.796472,0
2019-10-25,sz.300699,39.2200,40.1600,39.2200,40.0000,39.2800,2848158,113196553.9000,3,0.885400,1,1.833000,43.887921,13.384995,52.199389,6.921051,0
2019-10-28,sz.300699,40.0900,41.4300,39.7200,41.4300,40.0000,5635895,230165450.8200,3,1.752100,1,3.575000,45.456914,13.863508,54.065517,7.168478,0
2019-10-29,sz.300699,41.4300,41.4600,40.6200,40.9200,41.4300,4238163,173971276.1000,3,1.317500,1,-1.231000,41.577105,12.560864,29.873555,6.741782,0
2019-10-30,sz.300699,40.8000,41.7600,40.7000,41.1700,40.9200,4979953,205429599.7700,3,1.548100,1,0.610900,41.831119,12.637605,30.056067,6.782971,0
2019-10-31,sz.300699,41.3100,41.5500,40.4800,40.7700,41.1700,3481474,142122016.1200,3,1.082300,1,-0.971600,41.424696,12.514820,29.764048,6.717069,0
2019-11-01,sz.300699,40.5300,40.6500,39.1400,39.6100,40.7700,6589797,260429676.6900,3,2.048600,1,-2.845200,40.246068,12.158745,28.917193,6.525953,0
2019-11-04,sz.300699,39.4500,40.0000,38.8600,39.5000,39.6100,4543982,179122424.3700,3,1.412600,1,-0.277700,40.134302,12.124979,28.836888,6.507830,0
2019-11-05,sz.300699,39.5100,39.7400,38.9300,39.6500,39.5000,3705091,145804129.6000,3,1.151800,1,0.379800,40.286711,12.171023,28.946395,6.532543,0
2019-11-06,sz.300699,39.6800,40.1500,39.0100,39.0500,39.6500,3401380,134549756.7000,3,1.057400,1,-1.513200,39.677076,11.986846,28.508366,6.433690,0
2019-11-07,sz.300699,38.8100,39.3600,38.5100,38.8800,39.0500,4301564,167282512.9200,3,1.337200,1,-0.435300,39.504346,11.934663,28.384258,6.405682,0
2019-11-08,sz.300699,39.1300,39.8000,38.9000,39.1500,38.8800,3267479,128687130.1300,3,1.015800,1,0.694400,39.778681,12.017543,28.581371,6.450166,0
2019-11-11,sz.300699,39.0000,39.0000,38.0000,38.0100,39.1500,4312191,165241480.8000,3,1.340500,1,-2.911900,38.620375,11.667606,27.749116,6.262345,0
2019-11-12,sz.300699,38.1000,38.7000,37.8800,38.2900,38.0100,2321964,88802168.0000,3,0.721800,1,0.736700,38.904871,11.753556,27.953530,6.308476,0
2019-11-13,sz.300699,38.3400,39.1100,38.2900,38.8800,38.2900,2625020,101588384.8900,3,0.816000,1,1.540900,39.504346,11.934663,28.384258,6.405682,0
2019-11-14,sz.300699,38.9000,39.1900,38.6500,38.9300,38.8800,2346227,91324387.2300,3,0.729400,1,0.128600,39.555149,11.950011,28.420760,6.413920,0
2019-11-15,sz.300699,38.9900,39.1600,38.0100,38.1200,38.9300,2470349,95129188.3800,3,0.768000,1,-2.080700,38.732141,11.701372,27.829422,6.280468,0
2019-11-18,sz.300699,38.1400,38.5000,37.9000,38.2000,38.1200,1766517,67503753.9800,3,0.549200,1,0.209900,38.813426,11.725929,27.887825,6.293648,0
2019-11-19,sz.300699,38.3400,39.2000,38.1700,39.1600,38.2000,3121953,121387879.2600,3,0.970500,1,2.513100,39.788842,12.020612,28.588671,6.451813,0
2019-11-20,sz.300699,39.0000,39.6600,38.5700,38.6100,39.1600,3196577,124773042.5100,3,0.993700,1,-1.404500,39.230010,11.851783,28.187145,6.361198,0
2019-11-21,sz.300699,38.6000,38.8400,38.2000,38.8000,38.6100,2097589,81050493.8000,3,0.652100,1,0.492100,39.423061,11.910106,28.325854,6.392501,0
2019-11-22,sz.300699,38.9000,39.1000,38.2000,38.2000,38.8000,2623572,101192363.1200,3,0.815600,1,-1.546400,38.813426,11.725929,27.887825,6.293648,0
2019-11-25,sz.300699,38.3000,39.1600,37.1800,39.0600,38.2000,4303770,165315837.2500,3,1.337900,1,2.251300,39.687236,11.989916,28.515667,6.435338,0
2019-11-26,sz.300699,38.8600,39.1500,38.6100,38.9700,39.0600,3595166,139867031.8900,3,1.117600,1,-0.230400,39.595791,11.962289,28.449962,6.420510,0
2019-11-27,sz.300699,38.9900,39.0200,37.9100,38.0600,38.9700,2825599,108050079.1100,3,0.878400,1,-2.335100,38.671178,11.682954,27.785619,6.270583,0
2019-11-28,sz.300699,38.0400,38.0400,37.2600,37.2800,38.0600,2617174,98372569.5000,3,0.813600,1,-2.049400,37.878652,11.443525,27.216182,6.142074,0
2019-11-29,sz.300699,37.0100,37.6700,37.0100,37.5600,37.2800,2530867,94646642.0100,3,0.786800,1,0.751100,38.163149,11.529474,27.420595,6.188205,0
2019-12-02,sz.300699,37.5800,38.2000,37.5600,37.9200,37.5600,1889620,71540104.8000,3,0.587400,1,0.958500,38.528930,11.639980,27.683412,6.247517,0
2019-12-03,sz.300699,37.8600,38.8500,37.6500,38.7400,37.9200,2996094,114902285.8600,3,0.931400,1,2.162500,39.362098,11.891688,28.282051,6.382616,0
2019-12-04,sz.300699,38.6000,40.4000,38.6000,40.2000,38.7400,8145976,324400643.7800,3,2.532400,1,3.768700,40.845543,12.339852,29.347921,6.623159,0
2019-12-05,sz.300699,40.4500,40.8900,40.0200,40.6000,40.2000,8138841,329918237.6300,3,2.530200,1,0.995000,41.251966,12.462637,29.639940,6.689061,0
2019-12-06,sz.300699,40.7200,41.6000,40.7200,41.5900,40.6000,7551636,311147019.7700,3,2.347600,1,2.438400,42.257864,12.766529,30.362687,6.852168,0
2019-12-09,sz.300699,42.0000,42.2500,41.2300,41.6800,41.5900,4819468,200818832.2300,3,1.498200,1,0.216400,42.349309,12.794155,30.428392,6.866996,0
2019-12-10,sz.300699,41.8900,41.9500,41.3800,41.7500,41.6800,3932716,163916363.2700,3,1.222600,1,0.167900,42.420433,12.815642,30.479495,6.878529,0
2019-12-11,sz.300699,41.6700,42.2400,41.5500,41.7700,41.7500,3585256,150155871.2900,3,1.114600,1,0.047900,42.440754,12.821782,30.494096,6.881824,0
2019-12-12,sz.300699,42.3000,42.7000,41.3800,41.8000,41.7700,6552665,275824262.8300,3,2.037100,1,0.071800,42.471236,12.830990,30.515998,6.886767,0
2019-12-13,sz.300699,42.1700,42.6000,41.7500,42.1100,41.8000,5913510,249962576.2500,3,1.838400,1,0.741600,42.786214,12.926149,30.742312,6.937841,0
2019-12-16,sz.300699,42.1300,42.6000,41.4600,42.3900,42.1100,7337450,309059715.8000,3,2.274500,1,0.664900,43.070710,13.012098,30.946726,6.983973,0
2019-12-17,sz.300699,42.4200,43.1500,41.8000,42.5600,42.3900,7935440,336855647.4700,3,2.459900,1,0.401000,43.243440,13.064281,31.070834,7.011981,0
2019-12-18,sz.300699,42.3100,42.5000,41.7500,41.9900,42.5600,4825996,203323053.8800,3,1.496000,1,-1.339300,42.664287,12.889313,30.654707,6.918070,0
2019-12-19,sz.300699,41.8700,42.2600,41.2200,42.0000,41.9900,4711781,196561123.9100,3,1.460600,1,0.023800,42.674448,12.892383,30.662007,6.919718,0
2019-12-20,sz.300699,42.0000,42.9800,41.5900,42.2900,42.0000,5365046,227209732.4600,3,1.663100,1,0.690500,42.969104,12.981402,30.873721,6.967497,0
2019-12-23,sz.300699,42.2500,42.2500,41.0500,41.5000,42.2900,5061784,210302978.3400,3,1.569100,1,-1.868100,42.166418,12.738902,30.296983,6.837340,0
2019-12-24,sz.300699,41.3600,43.1600,41.2800,43.1200,41.5000,7483772,319012381.5900,3,2.319800,1,3.903600,43.812433,13.236180,31.479661,7.104244,0
2019-12-25,sz.300699,43.1500,43.5600,42.7200,43.2000,43.1200,6077468,261787445.9400,3,1.883900,1,0.185500,43.893717,13.260737,31.538064,7.117424,0
2019-12-26,sz.300699,43.4200,46.4600,43.4200,46.0000,43.2000,10548024,478633569.6700,3,3.269700,1,6.481500,46.738681,14.120229,33.582198,7.578739,0
2019-12-27,sz.300699,45.7600,46.3500,45.4000,45.6500,46.0000,7123829,326301343.4800,3,2.208300,1,-0.760900,46.383060,14.012792,33.326681,7.521074,0
2019-12-30,sz.300699,45.7500,45.9700,44.6000,45.7700,45.6500,5870832,266343908.4900,3,1.819900,1,0.262900,46.504987,14.049628,33.414287,7.540845,0
2019-12-31,sz.300699,46.0000,46.9900,45.1000,45.5000,45.7700,6517169,300037098.0400,3,2.020200,1,-0.589900,46.230651,13.966748,33.217174,7.496361,0
2020-01-02,sz.300699,45.6000,47.2700,45.0800,47.1000,45.5000,9599323,444339276.9600,3,2.975600,1,3.516500,47.856345,14.457886,34.385251,7.759969,0
2020-01-03,sz.300699,46.8000,47.1700,45.5000,46.0000,47.1000,8516860,393896920.6300,3,2.640100,1,-2.335500,46.738681,14.120229,33.582198,7.578739,0
2020-01-06,sz.300699,45.7900,47.6000,45.4800,47.5000,46.0000,10131438,474192232.2800,3,3.140600,1,3.260900,48.262768,14.580671,34.677270,7.825872,0
2020-01-07,sz.300699,47.1500,48.3900,46.8000,47.2200,47.5000,7661595,363945380.7500,3,2.375000,1,-0.589500,47.978272,14.494722,34.472857,7.779740,0
2020-01-08,sz.300699,45.5000,46.1800,44.7700,44.9300,47.2200,12366312,560957243.1500,3,3.833300,1,-4.849600,45.651498,13.791780,32.801047,7.402451,0
2020-01-09,sz.300699,45.2900,46.4600,45.2300,45.8900,44.9300,6817735,312852651.1800,3,2.113400,1,2.136700,46.626914,14.086463,33.501893,7.560616,0
2020-01-10,sz.300699,45.8900,46.2800,45.5500,45.9000,45.8900,3359210,154277131.8900,3,1.041300,1,0.021800,46.637075,14.089533,33.509193,7.562263,0
2020-01-13,sz.300699,45.8200,50.4800,45.6800,50.3000,45.9000,12959318,630781745.0800,3,4.017200,1,9.586100,51.107731,15.440163,36.721404,8.287186,0
2020-01-14,sz.300699,50.5000,50.5000,49.0900,49.3900,50.3000,5721487,284022237.8300,3,1.773600,1,-1.809100,50.183118,15.160828,36.057060,8.137259,0
2020-01-15,sz.300699,49.4500,49.9600,48.5200,49.3100,49.3900,5685077,278437751.1100,3,1.762300,1,-0.162000,50.101834,15.136271,35.998656,8.124078,0
2020-01-16,sz.300699,49.4800,50.0900,48.8500,49.1500,49.3100,5809289,286862117.1100,3,1.800800,1,-0.324500,49.939264,15.087157,35.881849,8.097718,0
2020-01-17,sz.300699,49.0000,49.9800,48.9000,49.6000,49.1500,4982843,247122070.5900,3,1.544600,1,0.915600,50.396490,15.225290,36.210370,8.171857,0
2020-01-20,sz.300699,49.5100,50.5000,49.1800,50.3200,49.6000,5384519,269828170.5400,3,1.669100,1,1.451600,51.128052,15.446302,36.736005,8.290481,0
2020-01-21,sz.300699,50.2300,50.2300,49.0700,49.1100,50.3200,5037757,248780152.0500,3,1.561600,1,-2.404600,49.898622,15.074879,35.852647,8.091127,0
2020-01-22,sz.300699,48.4900,49.5800,48.2000,49.4000,49.1100,4737226,231960214.4700,3,1.468500,1,0.590500,50.193279,15.163898,36.064361,8.138906,0
2020-01-23,sz.300699,48.9800,49.5300,46.3000,46.9000,49.4000,6365590,303686176.4100,3,1.973200,1,-5.060700,47.653133,14.396494,34.239241,7.727018,0
2020-02-03,sz.300699,42.2100,44.3800,42.2100,42.2700,46.9000,11674902,501567892.0200,3,3.619000,1,-9.872100,42.948783,12.975262,30.859120,6.964202,0
2020-02-04,sz.300699,43.1000,46.2600,43.1000,45.8000,42.2700,9859360,446353038.1800,3,3.056200,1,8.351100,46.535469,14.058836,33.436189,7.545788,0
2020-02-05,sz.300699,45.8900,47.6500,45.0500,45.3800,45.8000,10579694,490055230.6600,3,3.279500,1,-0.917000,46.108724,13.929913,33.129569,7.476591,0
2020-02-06,sz.300699,45.5500,46.9000,44.7800,46.4100,45.3800,7002646,323560167.3900,3,2.170700,1,2.269700,47.155265,14.246083,33.881518,7.646288,0
2020-02-07,sz.300699,46.4100,48.2300,45.4000,47.8800,46.4100,8895508,417840084.3800,3,2.757500,1,3.167400,48.648870,14.697316,34.954688,7.888479,0
2020-02-10,sz.300699,47.6000,49.0400,47.2600,48.5300,47.8800,6214811,300035567.9800,3,1.926500,1,1.357600,49.309308,14.896841,35.429219,7.995569,0
2020-02-11,sz.300699,48.5400,48.9600,48.1200,48.3100,48.5300,4736965,229763882.1600,3,1.468400,1,-0.453300,49.085775,14.829310,35.268609,7.959323,0
2020-02-12,sz.300699,48.0000,49.9000,47.8300,49.5500,48.3100,6101462,299702454.1500,3,1.891400,1,2.566800,50.345687,15.209942,36.173868,8.163620,0
2020-02-13,sz.300699,49.4800,50.3800,48.7200,49.5200,49.5500,5227489,258630509.1000,3,1.620400,1,-0.060500,50.315206,15.200733,36.151966,8.158677,0
2020-02-14,sz.300699,49.3400,50.4600,48.8000,49.1400,49.5200,4807028,238500598.2400,3,1.490100,1,-0.767400,49.929104,15.084088,35.874548,8.096070,0
2020-02-17,sz.300699,49.5000,54.0000,49.4800,53.2000,49.1400,10047892,526997953.0700,3,3.114700,1,8.262100,54.054300,16.330352,38.838542,8.764976,0
2020-02-18,sz.300699,53.5600,54.6600,52.5100,54.0000,53.2000,7252720,388704089.5200,3,2.248200,1,1.503800,54.867147,16.575921,39.422581,8.896780,0
2020-02-19,sz.300699,53.5700,56.5000,53.5400,54.7200,54.0000,9462563,522465444.3000,3,2.933200,1,1.333300,54.867147,16.575921,39.422581,8.896780,0
2020-02-20,sz.300699,54.7200,55.7800,53.7800,55.4300,54.7200,6419047,352902901.6500,3,1.989800,1,1.297500,56.320110,17.014876,40.466549,9.132380,0
2020-02-21,sz.300699,55.6000,57.5000,55.0100,56.1000,55.4300,6821134,383204009.6000,3,2.114400,1,1.208700,57.000869,17.220540,40.955681,9.242766,0
2020-02-24,sz.300699,56.1000,56.9700,55.3800,56.3500,56.1000,6732531,378864102.0900,3,2.087000,1,0.445600,56.254952,17.031980,41.138193,9.283955,0
2020-02-25,sz.300699,55.3800,57.4900,53.5000,56.7500,56.3500,11581074,644365364.3300,3,3.589900,1,0.709900,56.654277,17.152881,41.430212,9.349857,0
2020-02-26,sz.300699,55.6200,56.5000,53.5800,53.9300,56.7500,9050513,494378950.9700,3,2.805500,1,-4.969200,53.839034,16.300526,39.371477,8.885247,0
2020-02-27,sz.300699,54.0400,54.7900,52.1000,53.3800,53.9300,5894500,315355064.7500,3,1.827200,1,-1.019800,53.289962,16.134287,38.969951,8.794632,0
2020-02-28,sz.300699,51.7700,52.7700,50.1100,50.3800,53.3800,7772782,398677413.3400,3,2.409400,1,-5.620100,50.295022,15.227527,36.779808,8.300367,0
2020-03-02,sz.300699,51.4800,52.6700,51.2000,52.0900,50.3800,6624113,345038961.3600,3,2.053400,1,3.394200,52.002138,15.744380,38.028189,8.582098,0
2020-03-03,sz.300699,52.9800,54.4800,51.6600,52.3800,52.0900,9044486,481567738.0400,3,2.803600,1,0.556700,52.291648,15.832034,38.239903,8.629877,0
2020-03-04,sz.300699,52.0300,53.3300,51.3200,52.1600,52.3800,5093629,266121916.1500,3,1.578900,1,-0.420000,52.072020,15.765538,38.079293,8.593631,0
2020-03-05,sz.300699,53.0000,53.4000,51.0000,52.0000,52.1600,5886695,306039702.1900,3,1.824800,1,-0.306700,51.912289,15.717177,37.962485,8.567270,0
2020-03-06,sz.300699,51.6300,52.5800,51.3600,51.5400,52.0000,3109978,161346292.5400,3,0.964000,1,-0.884600,51.453065,15.578141,37.626663,8.491483,0
2020-03-09,sz.300699,51.0000,51.5100,49.0000,49.1400,51.5400,6501459,325866509.5700,3,2.015300,1,-4.656600,49.057113,14.852733,35.874548,8.096070,0
2020-03-10,sz.300699,49.0100,51.4600,48.8200,51.3500,49.1400,6493104,327011854.9400,3,2.012800,1,4.497400,51.263386,15.520713,37.487954,8.460179,0
2020-03-11,sz.300699,51.5100,51.9800,49.8000,49.8000,51.3500,5382561,273936871.8600,3,1.668500,1,-3.018500,49.716000,15.052220,36.356380,8.204809,0
2020-03-12,sz.300699,49.3900,50.2500,48.6600,48.7700,49.8000,4389755,215655259.1600,3,1.360800,1,-2.068300,48.687738,14.740899,35.604431,8.035111,0
2020-03-13,sz.300699,46.8200,49.0500,46.0800,48.8000,48.7700,7596190,363745515.5900,3,2.354700,1,0.061500,48.717687,14.749966,35.626332,8.040053,0
2020-03-16,sz.300699,49.1000,49.1300,44.8700,45.2600,48.8000,8502550,396416585.3000,3,2.635600,1,-7.254100,45.183658,13.679989,33.041963,7.456820,0
2020-03-17,sz.300699,45.8800,47.8400,44.6400,46.7200,45.2600,8322983,386369464.5600,3,2.580000,1,3.225800,46.641195,14.121279,34.107833,7.697363,0
2020-03-18,sz.300699,47.4800,49.1400,46.2000,46.2400,46.7200,6247426,298000132.5700,3,1.936600,1,-1.027400,46.162005,13.976198,33.757410,7.618280,0
2020-03-19,sz.300699,47.1000,48.1400,45.8800,47.6400,46.2400,6078974,285354516.9400,3,1.884400,1,3.027700,47.559644,14.399352,34.779477,7.848937,0
2020-03-20,sz.300699,48.1400,48.5800,46.8900,47.8800,47.6400,3931483,187613120.6800,3,1.218700,1,0.503800,47.799239,14.471893,34.954688,7.888479,0
2020-03-23,sz.300699,46.5500,48.8700,46.1000,47.4000,47.8800,6097542,290693378.6500,3,1.890100,1,-1.002500,47.320048,14.326812,34.604265,7.809396,0
2020-03-24,sz.300699,48.7100,49.4400,47.7300,49.3500,47.4000,5624831,274079733.4200,3,1.743600,1,4.113900,49.266759,14.916206,36.027858,8.130669,0
2020-03-25,sz.300699,50.3500,50.6400,49.7200,50.3300,49.3500,5081761,255169578.7100,3,1.575300,1,1.985800,50.245106,15.212414,36.743305,8.292129,0
2020-03-26,sz.300699,50.0000,50.7600,49.5000,49.9400,50.3300,3043035,152483764.8200,3,0.943300,1,-0.774900,49.855764,15.094535,36.458586,8.227874,0
2020-03-27,sz.300699,50.0000,50.4500,49.0000,49.5100,49.9400,3655783,181963969.2300,3,1.133200,1,-0.861000,49.426489,14.964566,36.144666,8.157029,0
2020-03-30,sz.300699,49.3700,50.2500,48.4500,49.7300,49.5100,4240085,209075817.9800,3,1.314400,1,0.444400,49.646118,15.031062,36.305276,8.193276,0
2020-03-31,sz.300699,49.6500,50.8000,49.2500,49.5700,49.7300,3700913,184918472.7800,3,1.147200,1,-0.321700,49.243258,14.982712,60.872530,7.917027,0
2020-04-01,sz.300699,49.3700,50.8700,49.3700,49.9000,49.5700,4873787,245127103.9200,3,1.510800,1,0.665700,49.571083,15.082456,61.277774,7.969733,0
2020-04-02,sz.300699,50.0100,51.2800,49.5100,51.2000,49.9000,4178730,210933001.7000,3,1.295300,1,2.605200,50.862514,15.475385,62.874189,8.177361,0
2020-04-03,sz.300699,51.1800,51.6500,49.4000,50.0800,51.2000,5751738,289013530.6100,3,1.782900,1,-2.187500,49.749896,15.136861,61.498816,7.998481,0
2020-04-07,sz.300699,51.9000,51.9800,50.6100,51.2900,50.0800,7520691,384978605.3300,3,2.331300,1,2.416100,50.951920,15.502588,62.984710,8.191735,0
2020-04-08,sz.300699,50.8000,51.5100,50.6800,50.8000,51.2900,3177744,161960756.6900,3,0.985000,1,-0.955400,50.465150,15.354484,62.382984,8.113475,0
2020-04-09,sz.300699,51.0000,51.3000,50.0800,50.7000,50.8000,3634663,184228906.8300,3,1.126700,1,-0.196800,50.365809,15.324259,62.260183,8.097504,0
2020-04-10,sz.300699,50.8500,51.3400,50.2000,50.5100,50.7000,3514561,178676112.5700,3,1.089500,1,-0.374800,50.177062,15.266830,62.026861,8.067158,0
2020-04-13,sz.300699,50.0300,50.5100,48.1100,48.4500,50.5100,4629605,226612922.3200,3,1.435100,1,-4.078400,48.130640,14.644188,59.497157,7.738147,0
2020-04-14,sz.300699,48.9000,50.0000,48.2600,49.9700,48.4500,4136638,203796288.0800,3,1.282300,1,3.137300,49.640621,15.103613,61.363735,7.980912,0
2020-04-15,sz.300699,50.5500,51.2200,50.0100,50.5100,49.9700,3798792,192297046.7200,3,1.177600,1,1.080600,50.177062,15.266830,62.026861,8.067158,0
2020-04-16,sz.300699,50.0900,50.9600,49.8900,50.6400,50.5100,2423888,122391339.3100,3,0.751400,1,0.257400,50.306205,15.306123,62.186503,8.087921,0
2020-04-17,sz.300699,50.8100,52.3600,50.8100,51.7100,50.6400,5148213,265648830.6500,3,1.595900,1,2.113000,51.369152,15.629535,63.500475,8.258815,0
2020-04-20,sz.300699,52.1000,52.6300,51.3300,52.3000,51.7100,3232705,168407142.0700,3,1.002100,1,1.141000,51.955263,15.807864,64.225002,8.353046,0
2020-04-21,sz.300699,52.0200,52.1800,50.9300,51.6100,52.3000,2615153,134669726.5500,3,0.810700,1,-1.319300,51.269811,15.599309,63.377674,8.242844,0
2020-04-22,sz.300699,51.2400,52.8200,51.2400,52.6600,51.6100,3329949,174238558.2300,3,1.032200,1,2.034500,52.312890,15.916676,64.667086,8.410543,0
2020-04-23,sz.300699,52.7100,53.1000,51.9300,52.0300,52.6600,3059306,160451173.4400,3,0.948300,1,-1.196400,51.687043,15.726256,63.893439,8.309923,0
2020-04-24,sz.300699,51.6400,52.3000,51.3200,52.1400,52.0300,2272650,117871348.1500,3,0.704500,1,0.211400,51.796318,15.759504,64.028520,8.327492,0
2020-04-27,sz.300699,52.0000,52.7800,51.5200,51.8200,52.1400,2380251,123930041.0500,3,0.737800,1,-0.613700,51.478427,15.662783,63.635556,8.276384,0
2020-04-28,sz.300699,52.0000,52.8800,50.4000,52.6900,51.8200,3959948,205564496.0700,3,1.227500,1,1.678900,51.059250,15.444042,154.161690,7.980660,0
2020-04-29,sz.300699,52.4100,55.1000,52.4100,54.2300,52.6900,4835484,261528050.7900,3,1.498900,1,2.922800,52.551587,15.895434,158.667460,8.213915,0
2020-04-30,sz.300699,54.1000,55.1300,53.9600,54.7200,54.2300,4936509,269620346.3500,3,1.530200,1,0.903600,53.026421,16.039058,160.101114,8.288132,0
2020-05-06,sz.300699,54.9000,56.5200,54.3800,56.3500,54.7200,5233089,291878414.3900,3,1.622200,1,2.978800,54.605973,16.516830,164.870208,8.535019,0
2020-05-07,sz.300699,56.3500,56.8400,55.3500,56.3000,56.3500,4526566,254348562.3900,3,1.403200,1,-0.088700,54.557521,16.502174,164.723917,8.527446,0
2020-05-08,sz.300699,56.3200,56.5700,55.1800,55.7400,56.3000,4920120,274344725.4600,3,1.525200,1,-0.994700,54.014853,16.338032,163.085455,8.442626,0
2020-05-11,sz.300699,55.9800,56.3400,55.2600,55.5200,55.7400,3601428,200533945.3000,3,1.116400,1,-0.394700,53.801662,16.273547,162.441774,8.409304,0
2020-05-12,sz.300699,56.0600,58.5000,55.5300,58.3000,55.5200,5985309,341974914.8500,3,1.855300,1,5.007200,56.495621,17.088397,170.575566,8.830375,0
2020-05-13,sz.300699,57.9900,59.1900,57.2000,58.2000,58.3000,4247112,247812618.4600,3,1.316500,1,-0.171500,56.398716,17.059086,170.282983,8.815228,0
2020-05-14,sz.300699,57.7000,59.0600,57.3200,58.1000,57.7000,3632667,211174709.7100,3,1.126100,1,0.693200,56.301811,17.029775,169.990401,8.800082,0
2020-05-15,sz.300699,58.5800,58.9700,56.9400,57.0000,58.1000,4348661,249671195.8000,3,1.348000,1,-1.893300,55.235856,16.707352,166.771994,8.633471,0
2020-05-18,sz.300699,57.6100,59.5000,57.2000,58.7300,57.0000,4791267,280855468.2800,3,1.485200,1,3.035100,56.912312,17.214435,171.833670,8.895505,0
2020-05-19,sz.300699,58.7400,60.6400,58.2000,60.3000,58.7300,4266806,255047697.6600,3,1.322600,1,2.673200,58.433721,17.674620,176.427215,9.133304,0
2020-05-20,sz.300699,60.4000,60.8000,59.0900,59.4600,60.3000,3715659,222513050.9900,3,1.151800,1,-1.393000,57.619719,17.428406,173.969522,9.006074,0
2020-05-21,sz.300699,59.5900,60.4600,58.6800,59.3500,59.4600,3608414,214745862.5900,3,1.118500,1,-0.185000,57.513123,17.396164,173.647681,8.989413,0
2020-05-22,sz.300699,59.0700,60.0800,58.2500,58.8900,59.3500,3928400,232343604.0100,3,1.217700,1,-0.775100,57.067360,17.261333,172.301802,8.919739,0
2020-05-25,sz.300699,59.1700,59.4800,57.6000,58.3700,58.8900,3019487,176293875.6800,3,0.936000,1,-0.883000,56.563454,17.108915,170.780373,8.840977,0
2020-05-26,sz.300699,59.1800,60.6000,58.7500,60.5700,58.3700,3789165,226854959.4300,3,1.174600,1,3.769100,58.695365,17.753760,177.217187,9.174199,0
2020-05-27,sz.300699,60.6300,61.1000,59.8000,59.9400,60.5700,3150180,190262093.2800,3,0.976500,1,-1.040100,58.084863,17.569100,175.373918,9.078777,0
2020-05-28,sz.300699,60.1100,60.4400,58.0000,59.9000,59.9400,3458877,205157658.2500,3,1.072200,1,-0.066700,58.046101,17.557375,175.256885,9.072718,0
2020-05-29,sz.300699,59.5500,60.1000,58.3500,59.0000,59.9000,4895278,288489009.3100,3,1.517500,1,-1.502500,57.173956,17.293575,172.623643,8.936400,0
2020-06-01,sz.300699,59.5900,61.3300,58.8000,60.9700,59.0000,4149253,250149923.8800,3,1.286200,1,3.339000,59.082985,17.871005,178.387517,9.234785,0
2020-06-02,sz.300699,60.8400,61.2600,60.0800,60.0900,60.9700,2582747,156405656.3700,3,0.800600,1,-1.443300,58.230221,17.613067,175.812791,9.101496,0
2020-06-03,sz.300699,60.1400,60.4300,58.1000,58.2500,60.0900,4922210,291106785.8700,3,1.525800,1,-3.062100,56.447168,17.073742,170.429274,8.822802,0
2020-06-04,sz.300699,58.9000,59.3000,57.7900,57.9700,58.2500,3778149,220321273.5500,3,1.171200,1,-0.480700,56.175834,16.991670,169.610044,8.780392,0
2020-06-05,sz.300699,58.4800,58.7200,57.5100,57.9200,57.9700,2955119,171686910.1200,3,0.916000,1,-0.086300,56.127382,16.977015,169.463752,8.772818,0
2020-06-08,sz.300699,58.3600,59.1600,57.6800,57.8100,57.9200,3238266,188719377.7700,3,1.003800,1,-0.189900,56.020786,16.944773,169.141912,8.756157,0
2020-06-09,sz.300699,57.8800,59.4700,57.7600,58.7400,57.8100,3551518,209029076.5700,3,1.100900,1,1.608700,56.922003,17.217366,171.862928,8.897019,0
2020-06-10,sz.300699,58.9800,59.5800,58.0000,58.7000,58.7400,2565435,150265131.6900,3,0.795200,1,-0.068100,56.883241,17.205642,171.745895,8.890961,0
2020-06-11,sz.300699,58.6300,59.9600,58.6200,59.5500,58.7000,3762574,223278386.1600,3,1.166300,1,1.448000,57.706933,17.454786,174.232846,9.019705,0
2020-06-12,sz.300699,58.8800,60.4800,58.6300,60.2000,59.5500,4798486,286327038.6300,3,1.487500,1,1.091500,58.336816,17.645309,176.134632,9.118157,0
2020-06-15,sz.300699,59.6800,59.9400,55.4100,55.8600,60.2000,11675449,671243762.0900,3,3.619200,1,-7.209300,54.131139,16.373205,163.436554,8.460802,0
2020-06-16,sz.300699,56.5000,58.8000,56.4200,57.8600,55.8600,6397227,369468519.0600,3,1.983000,1,3.580400,56.069239,16.959428,169.288203,8.763731,0
2020-06-17,sz.300699,58.4200,58.4200,55.1800,55.7100,57.8600,7593744,425780712.2500,3,2.353900,1,-3.715900,53.985781,16.329238,162.997680,8.438082,0
2020-06-18,sz.300699,55.9800,56.4800,55.1000,55.8200,55.7100,3986673,221891965.3100,3,1.235800,1,0.197500,54.092377,16.361481,163.319521,8.454743,0
2020-06-19,sz.300699,56.1500,58.3000,56.1200,58.2000,55.8200,6415533,369632356.5600,3,1.988700,1,4.263700,56.398716,17.059086,170.282983,8.815228,0
2020-06-22,sz.300699,58.5000,59.7000,58.0800,58.2500,58.2000,5267975,309861731.3200,3,1.633000,1,0.085900,56.447168,17.073742,170.429274,8.822802,0
2020-06-23,sz.300699,58.4800,60.8800,57.8800,60.6500,58.2500,6159991,368164880.6700,3,1.909500,1,4.120200,58.772889,17.777209,177.451253,9.186316,0
2020-06-24,sz.300699,60.5000,63.5900,60.3300,62.0000,60.6500,7189164,446945239.2500,3,2.228500,1,2.225900,60.081106,18.172909,181.401116,9.390793,0
2020-06-29,sz.300699,62.4300,63.3500,61.6100,62.7000,62.0000,5683475,355036611.6400,3,1.761800,1,1.129000,60.759441,18.378087,183.449193,9.496818,0
2020-06-30,sz.300699,62.7600,63.9900,62.3100,62.7300,62.7000,4761055,300953061.1100,3,1.475800,1,0.047800,60.788513,18.386881,183.536968,9.501362,0
2020-07-01,sz.300699,63.3400,63.9800,61.8600,62.9900,62.7300,5389507,338560379.2500,3,1.670700,1,0.414500,61.040466,18.463090,184.297682,9.540743,0
2020-07-02,sz.300699,63.1400,63.8800,60.3700,60.9000,62.9900,10690774,660204716.1800,3,3.314000,1,-3.318000,59.015151,17.850487,178.182709,9.224182,0
2020-07-03,sz.300699,60.5800,61.3500,59.8300,60.3700,60.9000,7512548,454646138.3900,3,2.328800,1,-0.870300,58.501555,17.695138,176.632022,9.143906,0
2020-07-06,sz.300699,60.6100,62.1000,60.6100,61.5200,60.3700,8640145,530931214.0100,3,2.678300,1,1.904900,59.615962,18.032216,179.996720,9.318090,0
2020-07-07,sz.300699,62.0000,63.9600,61.5000,62.8500,61.5200,8385596,528535471.8300,3,2.599400,1,2.161900,60.904799,18.422054,183.888067,9.519538,0
2020-07-08,sz.300699,62.6800,66.3900,62.3000,66.0900,62.8500,13018207,842751440.5200,3,4.035400,1,5.155100,64.044521,19.371735,193.367738,10.010283,0
2020-07-09,sz.300699,66.4000,68.3300,65.2100,66.0500,66.0900,12162711,808493573.8700,3,3.770200,1,-0.060500,64.005759,19.360011,193.250705,10.004224,0
2020-07-10,sz.300699,65.3000,67.5500,65.0500,66.9700,66.0500,7871093,523390957.6900,3,2.439900,1,1.392900,64.897285,19.629673,195.942464,10.143571,0
2020-07-13,sz.300699,66.9000,70.1300,66.9000,69.1300,66.9700,9044449,624723983.8300,3,2.803600,1,3.225300,66.990433,20.262794,202.262244,10.470734,0
2020-07-14,sz.300699,69.2900,70.5000,67.6800,69.0900,69.1300,8174640,562618551.2500,3,2.534000,1,-0.057900,66.951671,20.251070,202.145211,10.464676,0
2020-07-15,sz.300699,68.4200,70.8500,67.9900,69.7800,69.0900,8219417,573007498.4400,3,2.547900,1,0.998700,67.620316,20.453317,204.164030,10.569186,0
2020-07-16,sz.300699,70.3500,70.5600,66.1800,67.2000,69.7800,8695265,590989781.4000,3,2.695400,1,-3.697300,65.120167,19.697089,196.615403,10.178408,0
2020-07-17,sz.300699,67.1100,72.5000,66.6800,71.9500,67.2000,10555206,743692347.7400,3,3.271900,1,7.068500,69.723155,21.089368,210.513069,10.897864,0
2020-07-20,sz.300699,74.0100,76.5000,73.8000,75.4000,71.9500,14119334,1062166451.9600,3,4.376800,1,4.795000,73.066378,22.100603,220.607164,11.420416,0
2020-07-21,sz.300699,75.0000,75.5000,72.6600,73.2500,75.4000,8611839,633178487.2100,3,2.669500,1,-2.851500,70.982920,21.470413,214.316641,11.094768,0
2020-07-22,sz.300699,72.8700,74.7000,72.8700,73.8000,73.2500,6148282,454211513.3000,3,1.905900,1,0.750900,71.515897,21.631625,215.925845,11.178073,0
2020-07-23,sz.300699,73.8000,75.5000,72.3000,74.6900,73.8000,7868256,584126479.8300,3,2.439000,1,1.206000,72.378352,21.892494,218.529828,11.312877,0
2020-07-24,sz.300699,75.5400,77.2000,72.3000,73.3200,74.6900,8676281,649418397.3800,3,2.689500,1,-1.834200,71.050753,21.490931,214.521449,11.105370,0
2020-07-27,sz.300699,72.0000,75.4100,72.0000,73.1900,73.3200,6222449,460875123.7900,3,1.928900,1,-0.177300,70.924777,21.452827,214.141092,11.085680,0
2020-07-28,sz.300699,73.5600,79.1800,73.5000,76.6500,73.1900,8871634,682913275.1400,3,2.750100,1,4.727400,74.277690,22.466992,224.264444,11.609747,0
2020-07-29,sz.300699,77.0000,78.9500,74.8700,78.0600,76.6500,6734883,518813221.7100,3,2.087700,1,1.839500,75.644051,22.880279,228.389857,11.823312,0
2020-07-30,sz.300699,78.6300,79.4800,77.2300,78.4000,78.0600,5093694,398940151.6600,3,1.579000,1,0.435600,75.973528,22.979937,229.384637,11.874809,0
2020-07-31,sz.300699,77.8800,79.3700,75.7400,77.5500,78.4000,5865062,453665072.9100,3,1.818100,1,-1.084200,75.149835,22.730792,226.897686,11.746065,0
2020-08-03,sz.300699,78.0900,82.8800,78.0000,81.3000,77.5500,7275783,585819181.3600,3,2.255400,1,4.835600,78.783773,23.829960,237.869528,12.314056,0
2020-08-04,sz.300699,80.7000,81.8400,80.1800,81.3800,81.3000,4641665,376058735.8900,3,1.438800,1,0.098400,78.861297,23.853409,238.103594,12.326173,0
2020-08-05,sz.300699,78.3500,82.0700,77.8100,81.4000,81.3800,9021168,721094724.6400,3,2.796400,1,0.024600,78.880678,23.859271,238.162110,12.329203,0
2020-08-06,sz.300699,81.4200,85.8900,81.4200,83.0500,81.4000,7606444,638130909.0100,3,2.357900,1,2.027000,80.479611,24.342905,242.989721,12.579119,0
2020-08-07,sz.300699,83.1100,90.1300,81.8800,89.1300,83.0500,10006321,865235835.7800,3,3.101800,1,7.320900,86.371435,26.125023,260.778734,13.500023,0
2020-08-10,sz.300699,88.4000,93.0000,80.5000,81.8500,89.1300,15208947,1311499073.0500,3,4.714500,1,-8.167800,79.316751,23.991172,239.478732,12.397362,0
2020-08-11,sz.300699,82.2500,85.5600,81.4800,83.0000,81.8500,8019440,669501660.5000,3,2.485900,1,1.405000,76.363621,22.841165,311.762598,12.859375,0
2020-08-12,sz.300699,81.3500,81.7700,75.7000,78.3700,83.0000,10061973,785470871.0400,3,3.119000,1,-5.578300,72.103819,21.567014,294.371503,12.142038,0
2020-08-13,sz.300699,79.1500,80.9800,77.0000,78.2600,78.3700,5342115,423551654.6300,3,1.656000,1,-0.140400,72.002614,21.536742,293.958324,12.124996,0
2020-08-14,sz.300699,79.0000,83.5600,78.7000,82.3100,78.2600,6841087,559111862.9300,3,2.120600,1,5.175100,75.728791,22.651281,309.170836,12.752471,0
2020-08-17,sz.300699,83.8000,86.9600,82.0000,85.5500,82.3100,7367394,619569303.6900,3,2.283800,1,3.936300,78.709732,23.542912,321.340846,13.254452,0
2020-08-18,sz.300699,85.0000,86.5100,83.5200,84.9100,85.5500,4923607,418008820.6100,3,1.526200,1,-0.748100,78.120904,23.366787,318.936894,13.155295,0
2020-08-19,sz.300699,84.9200,85.7000,83.2800,83.4900,84.9100,4207947,355891522.7900,3,1.304400,1,-1.672400,76.814442,22.976011,313.603124,12.935291,0
2020-08-20,sz.300699,82.2900,83.5500,79.2100,79.6000,83.4900,6869180,555305192.6700,3,2.129300,1,-4.659200,73.235473,21.905503,298.991600,12.332605,0
2020-08-21,sz.300699,80.5100,82.3300,80.5000,80.7700,79.6000,4026876,327136808.7000,3,1.248300,1,1.469800,74.311924,22.227481,303.386325,12.513876,0
2020-08-24,sz.300699,80.6800,81.8000,78.2800,80.3800,80.7700,5192098,415686776.1800,3,1.609500,1,-0.482900,73.953107,22.120155,301.921417,12.453452,0
2020-08-25,sz.300699,80.5600,81.3900,78.3800,78.9500,80.3800,4409818,350655005.9500,3,1.367000,1,-1.779000,72.637444,21.726627,296.550085,12.231899,0
2020-08-26,sz.300699,78.9500,80.1200,75.7000,75.9500,78.9500,5694334,440774539.3200,3,1.765100,1,-3.799900,69.877313,20.901042,285.281558,11.767102,0
2020-08-27,sz.300699,76.2700,77.5000,74.9800,77.2200,75.9500,3140137,240663249.6900,3,0.973400,1,1.672200,71.045769,21.250540,290.051901,11.963866,0
2020-08-28,sz.300699,77.5900,77.7600,75.2000,77.5100,77.2200,4908673,375673463.8300,3,1.521600,1,0.375600,71.312582,21.330346,291.141192,12.008797,0
2020-08-31,sz.300699,77.4400,79.6500,77.0000,78.0000,77.5100,5318733,417799863.0200,3,1.648700,1,0.632200,71.763403,21.465192,292.981718,12.084713,0
2020-09-01,sz.300699,78.0700,81.5300,77.5500,81.4500,78.0000,6096717,486861239.2400,3,1.181300,1,4.423100,74.937553,22.414614,305.940525,12.619230,0
2020-09-02,sz.300699,81.7000,81.8400,79.6900,80.7500,81.4500,3705721,298873195.5100,3,0.718000,1,-0.859400,74.293523,22.221977,303.311202,12.510777,0
2020-09-03,sz.300699,80.7500,81.1800,78.8100,78.9000,80.7500,4362206,348636932.0300,3,0.845200,1,-2.291000,72.591442,21.712867,296.362277,12.224152,0
2020-09-04,sz.300699,78.4000,79.4900,77.7800,79.0000,78.9000,2866310,225404812.2100,3,0.555400,1,0.126700,72.683447,21.740386,296.737894,12.239646,0
2020-09-07,sz.300699,78.7800,79.8800,75.5900,76.6000,79.0000,3706561,287090786.7300,3,0.718200,1,-3.038000,70.475342,21.079919,287.723072,11.867808,0
2020-09-08,sz.300699,78.0000,78.0000,73.1600,73.6000,76.6000,5864008,435762859.5000,3,1.136200,1,-3.916400,67.715211,20.254335,276.454544,11.403012,0
2020-09-09,sz.300699,73.4100,73.6000,70.3900,72.2000,73.6000,5833243,420082895.8700,3,1.130200,1,-1.902200,66.427150,19.869062,271.195898,11.186107,0
2020-09-10,sz.300699,72.2300,74.8800,72.2300,73.0000,72.2000,5201099,384220626.2900,3,1.007700,1,1.108000,67.163185,20.089218,274.200839,11.310052,0
2020-09-11,sz.300699,72.5300,73.9400,72.0100,73.4300,73.0000,2878129,210064431.8400,3,0.557600,1,0.589000,67.558804,20.207552,275.815995,11.376673,0
2020-09-14,sz.300699,73.4700,74.8800,72.0100,72.7100,73.4300,4059489,297954069.1100,3,0.786500,1,-0.980500,66.896372,20.009411,273.111548,11.265122,0
2020-09-15,sz.300699,73.4000,73.8600,71.5000,71.9800,72.7100,4705633,339491708.2300,3,0.911700,1,-1.004000,66.224740,19.808519,270.369540,11.152021,0
2020-09-16,sz.300699,72.2800,72.4800,69.5800,70.2800,71.9800,5337207,377104893.7100,3,1.034100,1,-2.361800,64.660666,19.340688,263.984041,10.888637,0
2020-09-17,sz.300699,70.5400,71.1900,69.6700,70.5200,70.2800,3214960,226460523.9300,3,0.622900,1,0.341500,64.881477,19.406735,264.885523,10.925820,0
2020-09-18,sz.300699,70.2100,71.7800,70.0200,71.4900,70.5200,4098597,291466370.6400,3,0.794100,1,1.375500,65.773919,19.673674,268.529013,11.076105,0
2020-09-21,sz.300699,72.6400,75.1500,71.4200,71.8300,71.4900,8950030,654918254.9800,3,1.734100,1,0.475600,66.086734,19.767240,269.806113,11.128782,0
2020-09-22,sz.300699,71.2000,72.6000,70.3000,70.8100,71.8300,3401404,243331700.3600,3,0.659000,1,-1.420000,65.148289,19.486541,265.974814,10.970751,0
2020-09-23,sz.300699,71.3800,72.0700,70.8000,71.7000,70.8100,2898350,207076959.9600,3,0.561600,1,1.256900,65.967128,19.731465,269.317810,11.108640,0
2020-09-24,sz.300699,71.5500,72.1800,70.6600,70.7500,71.7000,2695255,192257460.2100,3,0.522200,1,-1.325000,65.093087,19.470030,265.749443,10.961455,0
2020-09-25,sz.300699,70.8100,72.2900,69.9100,70.5000,70.7500,3220058,228310930.9200,3,0.623900,1,-0.353400,64.863076,19.401231,264.810399,10.922722,0
2020-09-28,sz.300699,70.5000,70.7500,67.8500,68.3300,70.5000,3691947,253700580.2600,3,0.715300,1,-3.078000,62.866581,18.804058,256.659498,10.586519,0
2020-09-29,sz.300699,69.0100,71.5100,68.1500,71.2400,68.3300,4486540,315329031.4600,3,0.869300,1,4.258700,65.543908,19.604875,267.589969,11.037372,0
2020-09-30,sz.300699,71.0100,72.7700,70.5100,71.3300,71.2400,3635196,260839970.6600,3,0.704300,1,0.126300,65.626712,19.629642,267.928025,11.051316,0
2020-10-09,sz.300699,73.0000,73.0000,70.5200,71.5300,71.3300,5771678,412542200.5900,3,1.118300,1,0.280400,65.810721,19.684681,268.679260,11.082302,0
2020-10-12,sz.300699,71.9700,75.6000,71.9500,75.4200,71.5300,6294154,469944912.4500,3,1.219500,1,5.438300,69.389690,20.755189,283.290785,11.684988,0
2020-10-13,sz.300699,75.3000,76.0000,74.5500,75.6000,75.4200,3230036,243174644.5800,3,0.625800,1,0.238700,69.555298,20.804724,283.966896,11.712876,0
2020-10-14,sz.300699,75.6600,77.4200,74.6700,74.9000,75.6000,4721195,358262804.1100,3,0.914700,1,-0.925900,68.911268,20.612088,281.337573,11.604424,0
2020-10-15,sz.300699,75.5000,78.5000,75.3000,75.9300,74.9000,6303808,484170107.1300,3,1.221400,1,1.375200,69.858913,20.895538,285.206434,11.764004,0
2020-10-16,sz.300699,75.8600,76.4800,74.4700,75.0100,75.9300,3162852,237814525.9000,3,0.612800,1,-1.211600,69.012472,20.642359,281.750752,11.621466,0
2020-10-19,sz.300699,75.0600,75.6500,72.8000,72.8600,75.0100,3541277,262355005.1200,3,0.686100,1,-2.866300,67.034379,20.050690,273.674974,11.288362,0
2020-10-20,sz.300699,72.8600,73.5900,72.3700,73.1100,72.8600,3109693,226739546.8600,3,0.602500,1,0.343100,67.264390,20.119489,274.614018,11.327095,0
2020-10-21,sz.300699,73.2000,73.7000,70.3300,70.9100,73.1100,3247247,232730412.1100,3,0.629200,1,-3.009200,65.240294,19.514061,266.350431,10.986244,0
2020-10-22,sz.300699,71.0000,71.0000,69.3000,70.1500,70.9100,3416983,239418027.1700,3,0.662000,1,-1.071800,64.541060,19.304913,263.495738,10.868496,0
2020-10-23,sz.300699,70.1400,70.7300,68.6000,68.7200,70.1500,2844723,197971312.1900,3,0.551200,1,-2.038500,63.225398,18.911384,258.124406,10.646942,0
2020-10-26,sz.300699,68.4400,70.9000,67.8000,70.8300,68.7200,3382978,236901508.3000,3,0.655500,1,3.070400,65.166690,19.492045,266.049937,10.973849,0
2020-10-27,sz.300699,70.1800,70.8500,68.4800,69.0400,70.8300,6775632,468999961.5700,3,1.312800,1,-2.527200,59.445030,17.810324,-85.426725,10.185205,0
2020-10-28,sz.300699,69.7500,71.3000,69.0800,70.9100,69.0400,4185870,294988837.0500,3,0.811000,1,2.708600,61.055143,18.292730,-87.740572,10.461079,0
2020-10-29,sz.300699,70.0200,70.8500,69.5900,69.9500,70.9100,3649929,255683084.4600,3,0.707200,1,-1.353800,60.228561,18.045077,-86.552715,10.319454,0
2020-10-30,sz.300699,70.0000,70.3700,65.8600,66.0700,69.9500,9457240,639317540.9100,3,1.832400,1,-5.546800,56.887792,17.044150,-81.751792,9.747052,0
2020-11-02,sz.300699,66.1500,69.0900,65.5000,68.4500,66.0700,5337257,361380210.9500,3,1.034100,1,3.602200,58.937027,17.658121,-84.696688,10.098165,0
2020-11-03,sz.300699,68.6000,69.8800,67.5200,68.5300,68.4500,4319284,296433557.1300,3,0.836900,1,0.116900,59.005908,17.678758,-84.795676,10.109967,0
2020-11-04,sz.300699,68.5400,72.4200,68.5400,72.2000,68.5300,8814756,626016156.5800,3,1.707900,1,5.355300,62.165863,18.625512,-89.336755,10.651388,0
2020-11-05,sz.300699,72.6600,73.3800,71.6000,72.7700,72.2000,4508768,327514089.6700,3,0.873600,1,0.789500,62.656646,18.772556,-90.042045,10.735478,0
2020-11-06,sz.300699,73.0100,73.7800,72.2800,72.4800,72.7700,4540958,331072636.2400,3,0.879800,1,-0.398500,62.406949,18.697744,-89.683213,10.692695,0
2020-11-09,sz.300699,72.6500,74.1900,72.0000,73.8200,72.4800,4345177,318929612.8100,3,0.841900,1,1.848800,63.560720,19.043426,-91.341264,10.890380,0
2020-11-10,sz.300699,74.1000,74.2800,72.3000,73.0600,73.8200,3754909,275529643.7600,3,0.727500,1,-1.029500,62.906343,18.847368,-90.400877,10.778260,0
2020-11-11,sz.300699,73.0700,73.7700,70.6500,70.7800,73.0600,3426719,246596046.8600,3,0.663900,1,-3.120700,60.943210,18.259193,-87.579716,10.441901,0
2020-11-12,sz.300699,70.7000,71.7600,69.1200,70.3200,70.7800,3990983,280235975.6900,3,0.773300,1,-0.649900,60.547140,18.140527,-87.010535,10.374038,0
2020-11-13,sz.300699,70.5900,73.4000,70.1300,72.8200,70.3200,4218870,304900386.7100,3,0.817400,1,3.555200,62.699697,18.785454,-90.103912,10.742854,0
2020-11-16,sz.300699,73.4200,73.4200,71.0000,71.7800,72.8200,2391343,171782496.7500,3,0.463300,1,-1.428200,61.804233,18.517165,-88.817067,10.589427,0
2020-11-17,sz.300699,71.6000,72.3800,70.1500,71.3900,71.7800,2339459,166665518.0200,3,0.453300,1,-0.543300,61.468434,18.416556,-88.334500,10.531891,0
2020-11-18,sz.300699,71.0200,71.7500,68.9000,69.4500,71.3900,3503459,244599918.6500,3,0.678800,1,-2.717500,59.798050,17.916092,-85.934039,10.245691,0
2020-11-19,sz.300699,69.0000,72.6800,67.5800,72.1900,69.4500,6146540,436092067.2900,3,1.190900,1,3.945300,62.157253,18.622933,-89.324381,10.649912,0
2020-11-20,sz.300699,73.0000,74.3600,72.3100,72.9300,72.1900,4135048,302981662.3200,3,0.801200,1,1.025100,62.794410,18.813831,-90.240021,10.759082,0
2020-11-23,sz.300699,73.1000,73.5000,70.7400,71.0600,72.9300,4377941,314069311.3200,3,0.848200,1,-2.564100,61.184297,18.331425,-87.926174,10.483208,0
2020-11-24,sz.300699,71.0600,72.0400,70.2500,70.5500,71.0600,3296879,234342948.7800,3,0.638800,1,-0.717700,60.745175,18.199860,-87.295125,10.407970,0
2020-11-25,sz.300699,70.0000,70.5300,67.8800,68.1900,70.5500,5254467,362665323.8000,3,1.018100,1,-3.345100,58.713161,17.591048,-84.374977,10.059808,0
2020-11-26,sz.300699,68.3000,68.9700,67.1000,68.6900,68.1900,3794389,258321962.9100,3,0.735200,1,0.733200,59.143672,17.720034,-84.993652,10.133571,0
2020-11-27,sz.300699,68.7500,70.3900,67.8500,69.4700,68.6900,3174940,219629368.3800,3,0.615200,1,1.135500,59.815270,17.921251,-85.958786,10.248641,0
2020-11-30,sz.300699,69.4000,73.7500,68.5000,71.6000,69.4700,6474618,464843878.9300,3,1.254500,1,3.066100,61.649249,18.470730,-88.594344,10.562872,0
2020-12-01,sz.300699,71.6000,74.6600,71.1000,74.5400,71.6000,6720742,496496243.8000,3,1.302200,1,4.106100,64.180657,19.229165,-92.232156,10.996599,0
2020-12-02,sz.300699,74.9800,79.2600,74.9600,78.5200,74.5400,10271057,796929657.0300,3,1.990000,1,5.339400,67.607529,20.255890,-97.156814,11.583753,0
2020-12-03,sz.300699,78.4800,79.2500,77.9700,78.6400,78.5200,4732755,371609091.3100,3,0.917000,1,0.152800,67.710851,20.286846,-97.305296,11.601456,0
2020-12-04,sz.300699,78.3000,80.6000,78.2600,79.2500,78.6400,5458919,433338247.0600,3,1.057700,1,0.775700,68.236075,20.444209,-98.060081,11.691447,0
2020-12-07,sz.300699,78.9800,80.2100,78.3200,80.0700,79.2500,4836465,383756483.1000,3,0.937100,1,1.034700,68.942114,20.655745,-99.074708,11.812418,0
2020-12-08,sz.300699,79.7600,80.0100,78.3900,79.2500,80.0700,5377384,425267539.8900,3,1.041900,1,-1.024100,68.236075,20.444209,-98.060081,11.691447,0
2020-12-09,sz.300699,79.8800,80.8500,77.6600,78.4800,79.2500,4402208,347128163.5200,3,0.852900,1,-0.971600,67.573088,20.245571,-97.107320,11.577852,0
2020-12-10,sz.300699,77.8600,80.3000,76.8600,79.9000,78.4800,4780280,378407225.1200,3,0.926200,1,1.809400,68.795740,20.611890,-98.864359,11.787339,0
2020-12-11,sz.300699,79.7400,80.3800,77.0600,78.4000,79.9000,6150550,482824252.2500,3,1.191700,1,-1.877300,67.504206,20.224933,-97.008332,11.566050,0
2020-12-14,sz.300699,78.5500,81.3300,78.2000,80.2000,78.4000,5801529,463065970.0300,3,1.123100,1,2.295900,69.054047,20.689281,-99.235564,11.831597,0
2020-12-15,sz.300699,80.5000,82.5500,79.6500,80.6600,80.2000,5567885,450597653.2800,3,1.077900,1,0.573600,69.450118,20.807948,-99.804746,11.899459,0
2020-12-16,sz.300699,80.3800,83.8900,80.3800,81.2800,80.6600,8599426,705081437.9500,3,1.664700,1,0.768700,69.983952,20.967890,-100.571903,11.990925,0
2020-12-17,sz.300699,80.9800,82.3200,78.3700,79.2500,81.2800,5476616,436773708.1500,3,1.060200,1,-2.497500,68.236075,20.444209,-98.060081,11.691447,0
2020-12-18,sz.300699,79.6200,80.3000,77.2200,77.4200,79.2500,6766643,530449275.7500,3,1.309900,1,-2.309100,66.660403,19.972121,-95.795728,11.421474,0
2020-12-21,sz.300699,77.2000,82.3000,77.2000,82.3000,77.4200,8123380,657176195.2700,3,1.572600,1,6.303300,70.862196,21.231020,-101.834002,12.141402,0
2020-12-22,sz.300699,82.0000,82.7600,79.8100,80.0000,82.3000,6254042,507027121.2800,3,1.210700,1,-2.794700,68.881843,20.637687,-98.988094,11.802092,0
2020-12-23,sz.300699,80.4100,83.2800,78.5800,83.2800,80.0000,8581233,699669224.2100,3,1.661200,1,4.100000,71.705998,21.483832,-103.046606,12.285977,0
2020-12-24,sz.300699,83.9700,89.0500,83.8800,86.1600,83.2800,10530957,913761545.2800,3,2.038700,1,3.458200,74.185745,22.226789,-106.610177,12.710853,0
2020-12-25,sz.300699,85.6800,89.6000,84.0300,89.0900,86.1600,8309614,724394147.1600,3,1.608600,1,3.400600,76.708542,22.982644,-110.235616,13.143104,0
2020-12-28,sz.300699,89.8900,90.2000,86.1900,87.1900,89.0900,7477633,654588331.2700,3,1.447600,1,-2.132700,75.072598,22.492499,-107.884649,12.862805,0
2020-12-29,sz.300699,87.1700,87.7800,84.0000,85.1000,87.1900,6000556,514294971.0600,3,1.161600,1,-2.397100,73.273060,21.953339,-105.298585,12.554475,0
2020-12-30,sz.300699,85.6000,88.0800,84.4600,87.3200,85.1000,6820850,589479135.1300,3,1.320400,1,2.608700,75.184531,22.526035,-108.045504,12.881983,0
2020-12-31,sz.300699,86.7200,89.1000,86.2000,89.0500,87.3200,7635326,668944376.7900,3,1.478100,1,1.981200,76.674101,22.972325,-110.186122,13.137203,0
2021-01-04,sz.300699,91.4600,95.8800,89.5200,94.9000,89.0500,9452178,881444728.3900,3,1.829800,1,6.569300,81.711086,24.481456,-117.424626,14.000231,0
2021-01-05,sz.300699,94.9200,98.0900,93.5900,95.1100,94.9000,8465764,809891735.4100,3,1.638900,1,0.221300,81.891901,24.535630,-117.684470,14.031212,0
2021-01-06,sz.300699,95.1100,101.5000,94.1700,98.1500,95.1100,9694136,955276070.6200,3,1.876700,1,3.196300,84.509411,25.319862,-121.446018,14.479691,0
2021-01-07,sz.300699,97.0100,105.3400,96.5000,104.1000,98.1500,10437385,1065849243.6500,3,2.020500,1,6.062100,89.632498,26.854790,-128.808257,15.357472,0
2021-01-08,sz.300699,102.5000,105.3400,98.6800,105.0000,104.1000,9988777,1019393366.6900,3,1.933700,1,0.864600,90.407419,27.086964,-129.921873,15.490245,0
2021-01-11,sz.300699,105.5000,106.6000,95.7300,96.8100,105.0000,10566388,1056356162.0200,3,2.045500,1,-7.800000,83.355640,24.974181,-119.787967,14.282006,0
2021-01-12,sz.300699,96.3900,100.6000,96.3900,98.9500,96.8100,10109045,998374933.3800,3,1.957000,1,2.210500,85.198229,25.526239,-122.435899,14.597712,0
2021-01-13,sz.300699,99.1500,100.4800,92.3000,93.2600,98.9500,13968020,1334204928.4400,3,2.704000,1,-5.750400,80.299008,24.058383,-115.395370,13.758288,0
2021-01-14,sz.300699,93.0000,93.2600,89.3000,90.5000,93.2600,8068901,737352465.4500,3,1.562000,1,-2.959500,77.922585,23.346383,-111.980281,13.351116,0
2021-01-15,sz.300699,91.5500,93.0500,89.8300,91.6000,90.5000,6903875,632983217.9700,3,1.336500,1,1.215500,78.869710,23.630151,-113.341368,13.513395,0
2021-01-18,sz.300699,91.6100,94.7500,89.4300,92.6800,91.6000,8671810,804491346.6700,3,1.678700,1,1.179000,79.799615,23.908760,-114.677707,13.672723,0
2021-01-19,sz.300699,92.1000,93.9900,88.4100,89.0900,92.6800,9781529,883767310.2100,3,1.893600,1,-3.873500,76.708542,22.982644,-110.235616,13.143104,0
2021-01-20,sz.300699,89.3400,92.7100,88.3400,92.0000,89.0900,6014964,548619519.6600,3,1.164400,1,3.266400,79.214119,23.733340,-113.836308,13.572405,0
2021-01-21,sz.300699,91.5700,93.9500,91.0000,92.5800,92.0000,5774405,535661678.7900,3,1.117800,1,0.630400,79.713512,23.882963,-114.553972,13.657970,0
2021-01-22,sz.300699,92.5900,96.9500,92.0500,96.0700,92.5800,8302159,792801980.5600,3,1.607200,1,3.769700,82.718483,24.783282,-118.872327,14.172837,0
2021-01-25,sz.300699,95.2500,99.1800,94.3800,94.8000,96.0700,9177987,886351344.2800,3,1.776700,1,-1.322000,81.624984,24.455659,-117.300891,13.985479,0
2021-01-26,sz.300699,94.8800,95.0000,89.2000,92.0500,94.8000,9120902,831890096.4700,3,1.765700,1,-2.900800,79.257170,23.746238,-113.898176,13.579782,0
2021-01-27,sz.300699,91.1100,92.8700,89.1500,92.5000,92.0500,5122664,468136648.2100,3,0.991700,1,0.488900,79.644631,23.862325,-114.454984,13.646168,0
2021-01-28,sz.300699,90.4100,92.0500,87.0000,88.5000,92.5000,5682174,508966320.6400,3,1.100000,1,-4.324300,76.200538,22.830441,-109.505579,13.056064,0
2021-01-29,sz.300699,89.7800,91.7300,86.2600,88.7200,88.5000,6056915,539551705.8600,3,1.172500,1,0.248600,76.389964,22.887195,-109.777796,13.088520,0
2021-02-01,sz.300699,88.7600,90.4500,87.2100,88.6000,88.7200,5691747,504176694.0100,3,1.101800,1,-0.135300,76.286641,22.856238,-109.629314,13.070816,0
2021-02-02,sz.300699,89.9400,91.4500,87.2500,91.3100,88.6000,6110727,548971058.5400,3,1.183000,1,3.058700,73.773567,22.373015,-112.982536,13.470612,0
2021-02-03,sz.300699,90.8000,91.2000,85.6500,88.2900,91.3100,8162357,718040601.6500,3,1.580100,1,-3.307400,71.333569,21.633047,-109.245735,13.025083,0
2021-02-04,sz.300699,88.3000,88.8800,86.1200,87.9000,88.2900,5454910,476888928.8000,3,1.056000,1,-0.441700,71.018470,21.537488,-108.763168,12.967548,0
2021-02-05,sz.300699,88.0400,90.4500,85.0000,85.0200,87.9000,5902078,514084172.8000,3,1.142600,1,-3.276500,68.691585,20.831823,-105.199597,12.542673,0
2021-02-08,sz.300699,85.7700,88.3300,85.0800,86.9100,85.0200,4579687,396929341.2100,3,0.886600,1,2.223000,70.218604,21.294916,-107.538190,12.821497,0
2021-02-09,sz.300699,87.9500,90.8000,87.0900,89.7200,86.9100,7907759,707383327.1200,3,1.530800,1,3.233200,72.488933,21.983429,-111.015147,13.236046,0
2021-02-10,sz.300699,89.5400,91.2000,88.8800,90.5100,89.7200,4686724,423220822.3000,3,0.907300,1,0.880500,73.127210,22.176997,-111.992655,13.352591,0
2021-02-18,sz.300699,92.3300,93.1200,86.6000,87.7900,90.5100,7129766,634882580.1600,3,1.380200,1,-3.005200,70.929596,21.510535,-108.627060,12.951320,0
2021-02-19,sz.300699,87.7000,87.7000,75.1700,79.7300,87.7900,21046977,1663926932.3600,3,4.074400,1,-9.181000,64.417550,19.535653,-98.654009,11.762260,0
2021-02-22,sz.300699,78.8700,79.4200,74.3500,74.5900,79.7300,17851423,1372315745.4700,3,3.455800,1,-6.446800,60.264707,18.276237,-92.294024,11.003975,0
2021-02-23,sz.300699,73.7800,76.1800,73.0800,75.0000,74.5900,7687310,576523347.8600,3,1.488200,1,0.549700,60.595965,18.376696,-92.801338,11.064461,0
2021-02-24,sz.300699,75.5000,76.1500,73.4000,74.2800,75.0000,6306701,470751783.4900,3,1.220900,1,-0.960000,60.014243,18.200280,-91.910445,10.958242,0
2021-02-25,sz.300699,74.5000,75.5800,72.4900,75.0000,74.2800,8142929,604706228.8500,3,1.576400,1,0.969300,60.595965,18.376696,-92.801338,11.064461,0
2021-02-26,sz.300699,73.5000,74.7000,72.3600,72.7800,75.0000,6798978,497273410.2900,3,1.316200,1,-2.960000,58.802324,17.832746,-90.054418,10.736953,0
2021-03-01,sz.300699,73.4000,74.5800,72.8100,74.5600,72.7800,6240879,461474002.5800,3,1.208100,1,2.445700,60.240468,18.268886,-92.256904,10.999549,0
2021-03-02,sz.300699,75.1000,75.4500,72.9600,74.0600,74.5600,5248243,386943546.0200,3,1.016000,1,-0.670600,59.836495,18.146375,-91.638228,10.925786,0
2021-03-03,sz.300699,73.1000,73.7700,72.0700,73.5500,74.0600,5059744,370464525.3300,3,0.979500,1,-0.688600,59.424443,18.021413,-91.007179,10.850548,0
2021-03-04,sz.300699,73.4000,73.9400,71.4600,71.8000,73.5500,5516578,400072695.9500,3,1.067900,1,-2.379300,58.010537,17.592624,-88.841814,10.592377,0
2021-03-05,sz.300699,71.0000,72.4600,70.7000,72.0500,71.8000,4396759,316055368.7200,3,0.851200,1,0.348200,58.212523,17.653879,-89.151152,10.629259,0
2021-03-08,sz.300699,72.4500,72.6900,67.1100,67.2300,72.0500,7594890,527745107.3600,3,1.470300,1,-6.689800,54.318223,16.472870,-83.187119,9.918183,0
2021-03-09,sz.300699,67.2000,67.2000,63.0000,63.7000,67.2300,8860965,575906077.3200,3,1.715400,1,-5.250600,51.466173,15.607941,-78.819270,9.397415,0
2021-03-10,sz.300699,66.0300,67.7600,65.5900,65.8600,63.7000,8359024,556999638.7400,3,1.618200,1,3.390900,53.211336,16.137190,-81.491948,9.716072,0
2021-03-11,sz.300699,66.0000,67.5500,65.1800,67.3300,65.8600,4620677,308533927.4600,3,0.894500,1,2.232000,54.399017,16.497373,-83.310855,9.932935,0
2021-03-12,sz.300699,68.3400,68.4000,65.0400,66.9200,67.3300,5872445,389614057.8400,3,1.136800,1,-0.608900,54.067759,16.396913,-82.803541,9.872450,0
2021-03-15,sz.300699,67.2600,67.5500,65.0900,65.8400,66.9200,4189776,277082653.6400,3,0.811100,1,-1.613900,53.195177,16.132289,-81.467201,9.713121,0
2021-03-16,sz.300699,65.9100,68.8500,65.9000,66.4800,65.8400,7305343,491924206.5000,3,1.414200,1,0.972100,53.712263,16.289104,-82.259106,9.807538,0
2021-03-17,sz.300699,66.4900,69.6900,66.2000,68.6500,66.4800,7145919,488755310.9600,3,1.383400,1,3.264100,55.465506,16.820803,-84.944158,10.127670,0
2021-03-18,sz.300699,68.7600,71.1400,68.4900,70.5000,68.6500,7062344,494807231.0400,3,1.367200,1,2.694800,56.960207,17.274094,-87.233258,10.400593,0
2021-03-19,sz.300699,69.5800,70.3500,68.0000,68.5400,70.5000,6158680,425048019.6500,3,1.192200,1,-2.780100,55.376632,16.793850,-84.808049,10.111442,0
2021-03-22,sz.300699,68.3100,71.2900,68.3100,71.2500,68.5400,5786760,406579195.4300,3,1.120200,1,3.953900,57.566166,17.457861,-88.161271,10.511238,0
2021-03-23,sz.300699,71.2900,72.0700,70.6200,71.8000,71.2500,5162483,368497554.5900,3,0.999400,1,0.771900,58.010537,17.592624,-88.841814,10.592377,0
2021-03-24,sz.300699,71.0200,71.9400,69.7300,70.4000,71.8000,4173596,294608958.0600,3,0.808000,1,-1.949900,56.879412,17.249592,-87.109523,10.385841,0
2021-03-25,sz.300699,70.3000,73.9200,70.1100,73.6000,70.4000,5835387,425306444.2000,3,1.129700,1,4.545500,59.464840,18.033665,-91.069046,10.857924,0
2021-03-26,sz.300699,73.7000,74.5500,72.5100,73.6400,73.6000,4303553,316154770.4500,3,0.833100,1,0.054300,59.497158,18.043465,-91.118540,10.863825,0
2021-03-29,sz.300699,73.2800,73.8800,71.7000,72.8000,73.6400,5635386,410397622.0000,3,1.090900,1,-1.140700,58.818483,17.837646,-90.079165,10.739903,0
2021-03-30,sz.300699,72.9800,74.3000,72.5900,73.7300,72.8000,4720473,347487311.4300,3,0.914200,1,1.277500,59.556136,18.065517,58.655341,10.510441,0
2021-03-31,sz.300699,73.6400,74.0100,69.2100,69.3200,73.7300,8897245,625874366.0400,3,1.723100,1,-5.981300,55.993915,16.984967,55.146999,9.881781,0
2021-04-01,sz.300699,69.9900,70.4900,68.4100,69.3200,69.3200,5134699,354773809.1200,3,0.994400,1,0.000000,55.993915,16.984967,55.146999,9.881781,0
2021-04-02,sz.300699,69.3000,69.9000,67.4200,68.1800,69.3200,7881385,537566692.1500,3,1.526300,1,-1.644500,55.073068,16.705642,54.240081,9.719271,0
2021-04-06,sz.300699,68.6800,69.1500,67.2700,67.7000,68.1800,5886055,400228000.4500,3,1.139900,1,-0.704000,54.685344,16.588031,53.858220,9.650845,0
2021-04-07,sz.300699,67.5500,68.2100,67.0800,68.0100,67.7000,4351272,294905304.9600,3,0.842700,1,0.457900,54.935749,16.663988,54.104838,9.695037,0
2021-04-08,sz.300699,67.6600,70.1800,67.3000,69.4200,68.0100,4992907,345513950.3200,3,0.966900,1,2.073200,56.074691,17.009470,55.226553,9.896037,0
2021-04-09,sz.300699,69.0100,69.8000,68.1900,68.2800,69.4200,3654217,251363616.8100,3,0.707700,1,-1.642200,55.153844,16.730144,54.319635,9.733526,0
2021-04-12,sz.300699,68.3900,68.5100,65.3600,65.6000,68.2800,4622095,307139254.2000,3,0.895100,1,-3.925000,52.989048,16.073483,52.187581,9.351484,0
2021-04-13,sz.300699,65.5900,66.4000,65.2200,65.5200,65.6000,2379089,156531415.7500,3,0.460700,1,-0.122000,52.924427,16.053881,52.123938,9.340080,0
2021-04-14,sz.300699,65.5900,66.7900,65.2200,65.7200,65.5200,2310670,152526331.3600,3,0.447500,1,0.305300,53.085979,16.102886,52.283046,9.368590,0
2021-04-15,sz.300699,65.6100,65.8000,64.2200,65.5000,65.7200,2863049,186010030.1200,3,0.554500,1,-0.334800,52.908272,16.048981,52.108027,9.337229,0
2021-04-16,sz.300699,65.5200,66.4500,64.9000,66.3200,65.5000,2501427,164631153.7100,3,0.484400,1,1.251900,53.570635,16.249900,52.760372,9.454122,0
2021-04-19,sz.300699,66.1900,67.9400,65.0500,67.7700,66.3200,4486262,300709204.8500,3,0.868800,1,2.186400,54.741887,16.605182,53.913908,9.660824,0
2021-04-20,sz.300699,67.3100,68.2800,66.7300,66.7500,67.7700,4975578,335573447.8900,3,0.963600,1,-1.505100,53.917972,16.355259,53.102455,9.515420,0
2021-04-21,sz.300699,66.7400,68.4500,66.3700,67.8500,66.7500,4272460,289103714.0000,3,0.827400,1,1.647900,51.074818,15.613766,162.824359,9.118873,0
2021-04-22,sz.300699,68.5000,68.7800,66.9100,67.6000,67.8500,3410751,230001529.5200,3,0.660500,1,-0.368500,50.886628,15.556236,162.224417,9.085274,0
2021-04-23,sz.300699,67.8500,67.9500,67.0100,67.7500,67.6000,3265837,220668484.7000,3,0.632500,1,0.221900,50.999542,15.590754,162.584382,9.105433,0
2021-04-26,sz.300699,68.4500,69.9600,67.3800,67.6300,67.7500,6265689,430778545.4900,3,1.213400,1,-0.177100,50.909211,15.563140,162.296410,9.089306,0
2021-04-27,sz.300699,67.2000,68.0900,65.5000,65.9900,67.6300,4935753,327525320.8300,3,0.955900,1,-2.425000,49.674683,15.185740,158.360788,8.868894,0
2021-04-28,sz.300699,65.5100,66.8400,65.5100,66.5500,65.9900,3510081,232306247.6000,3,0.679800,1,0.848600,50.096229,15.314608,159.704659,8.944156,0
2021-04-29,sz.300699,64.0000,64.2000,60.5000,62.4000,66.5500,13447826,830132881.0300,3,2.604300,1,-6.235900,46.972272,14.359602,149.745616,8.386406,0
2021-04-30,sz.300699,62.1100,63.6900,62.0100,63.1500,62.4000,5848465,368030735.4700,3,1.132600,1,1.201900,47.536842,14.532194,151.545443,8.487205,0
2021-05-06,sz.300699,63.1500,63.6600,62.3100,63.0500,63.1500,3855124,242950540.1300,3,0.746600,1,-0.158400,47.461566,14.509182,151.305466,8.473765,0
2021-05-07,sz.300699,63.0500,63.6700,60.9600,61.0900,63.0500,5622316,349797064.2800,3,1.088800,1,-3.108600,45.986155,14.058143,146.601918,8.210346,0
2021-05-10,sz.300699,61.0000,61.6600,59.0000,59.7200,61.0900,5490895,330824604.2000,3,1.063400,1,-2.242600,44.954873,13.742876,143.314233,8.026221,0
2021-05-11,sz.300699,59.8000,60.0600,58.0000,59.0600,59.7200,6213569,366395562.3800,3,1.203300,1,-1.105200,44.458051,13.590995,141.730386,7.937519,0
2021-05-12,sz.300699,59.4900,60.1000,58.1600,59.8000,59.0600,3982491,235656073.2100,3,0.771300,1,1.253000,45.015094,13.761286,143.506215,8.036973,0
2021-05-13,sz.300699,59.0500,59.6000,57.6700,58.0000,59.8000,5300606,309801952.9800,3,1.026500,1,-3.010000,43.660125,13.347066,139.186630,7.795057,0
2021-05-14,sz.300699,58.1200,61.5000,58.1200,61.2300,58.0000,6541519,392667738.9900,3,1.266800,1,5.569000,46.091542,14.090360,146.937885,8.229161,0
2021-05-17,sz.300699,61.3900,63.7700,61.1900,62.5900,61.2300,6259137,393487343.6000,3,1.212200,1,2.221100,47.115296,14.403325,150.201572,8.411942,0
2021-05-18,sz.300699,62.5900,63.6300,61.8400,63.1000,62.5900,4694343,295918173.7700,3,0.909100,1,0.814800,47.499204,14.520688,151.425454,8.480485,0
2021-05-19,sz.300699,62.7200,65.4800,62.6100,65.2100,63.1000,6176006,398898463.0800,3,1.196100,1,3.343900,49.087530,15.006245,156.488968,8.764063,0
2021-05-20,sz.300699,64.6400,65.5000,64.2000,64.4000,65.2100,4604367,297816424.1200,3,0.891700,1,-1.242100,48.477793,14.819846,154.545155,8.655201,0
2021-05-21,sz.300699,64.9800,65.1300,62.8000,63.1700,64.4000,4442651,281896134.1800,3,0.860400,1,-1.909900,47.551898,14.536796,151.593438,8.489892,0
2021-05-24,sz.300699,63.1200,64.9100,62.0500,64.2700,63.1700,5951014,381001936.1700,3,1.152500,1,1.741300,48.379935,14.789930,154.233184,8.637730,0
2021-05-25,sz.300699,64.0500,66.0900,63.7700,65.4000,64.2700,6357306,414588545.4800,3,1.231200,1,1.758200,49.230554,15.049968,156.944924,8.789599,0
2021-05-26,sz.300699,65.3100,65.9500,64.6000,65.5000,65.4000,5437445,355115671.9800,3,1.053000,1,0.152900,49.305830,15.072980,157.184901,8.803039,0
2021-05-27,sz.300699,65.2000,70.5800,64.7100,68.7000,65.0000,10615433,723926959.0100,3,2.055800,1,5.692300,51.714665,15.809370,164.864163,9.233111,0
2021-05-28,sz.300699,68.7000,70.3500,68.0000,68.8000,68.7000,7971257,549577918.6300,3,1.543700,1,0.145600,51.789941,15.832382,165.104140,9.246551,0
2021-05-31,sz.300699,68.9200,71.0900,68.6000,71.0000,68.8000,7914406,556692979.3900,3,1.532700,1,3.197700,53.446014,16.338650,170.383633,9.542225,0
2021-06-01,sz.300699,70.6100,72.2900,69.4600,71.7800,71.0000,7389427,528025100.2700,3,1.431100,1,1.098600,54.033168,16.518145,172.255453,9.647055,0
2021-06-02,sz.300699,71.8800,72.4200,69.7400,70.3000,71.7800,6003202,424774560.4600,3,1.162600,1,-2.061900,52.919082,16.177565,168.703794,9.448147,0
2021-06-03,sz.300699,70.3000,70.9900,69.0200,69.1000,70.3000,5677383,397161394.4800,3,1.099500,1,-1.707000,52.015769,15.901419,165.824071,9.286870,0
2021-06-04,sz.300699,69.1500,70.6800,69.0000,69.5200,69.1000,4541574,317196909.8000,3,0.879500,1,0.607800,52.331929,15.998070,166.831974,9.343317,0
2021-06-07,sz.300699,70.0000,70.6000,68.9200,70.1400,69.5200,4132066,288346292.5400,3,0.800200,1,0.891800,52.798640,16.140745,168.319831,9.426643,0
2021-06-08,sz.300699,70.2000,71.2300,68.4300,69.3400,70.1400,4203004,292908571.7100,3,0.814000,1,-1.140600,52.196432,15.956648,166.400016,9.319125,0
2021-06-09,sz.300699,69.5600,71.3000,69.5400,70.0000,69.3400,4534425,318493500.3500,3,0.878100,1,0.951800,52.693254,16.108528,167.983864,9.407828,0
2021-06-10,sz.300699,70.4900,71.9700,69.9000,71.1200,70.0000,6113236,434808048.3000,3,1.183900,1,1.600000,53.536346,16.366265,170.671605,9.558353,0
2021-06-11,sz.300699,71.2000,72.4000,69.2800,69.2800,71.1200,8006877,566324733.3000,3,1.550600,1,-2.587200,52.151266,15.942841,166.256030,9.311061,0
2021-06-15,sz.300699,69.8600,73.7800,69.1000,73.4300,69.2800,9614920,693095928.6000,3,1.862100,1,5.990200,55.275223,16.897846,176.215073,9.868811,0
2021-06-16,sz.300699,72.9000,73.2900,68.3500,69.1700,73.4300,7594621,532569459.8500,3,1.470800,1,-5.801400,52.068462,15.917527,165.992055,9.296278,0
2021-06-17,sz.300699,69.0500,71.0000,68.9300,70.5500,69.1700,4620003,324533250.4400,3,0.894700,1,1.995100,53.107272,16.235095,169.303737,9.481746,0
2021-06-18,sz.300699,70.8100,73.4900,70.5600,72.2500,70.5500,5983663,433206614.8300,3,1.158800,1,2.409600,54.386965,16.626302,173.383345,9.710222,0
2021-06-21,sz.300699,72.2400,75.2200,72.0000,74.4400,72.2500,10741254,797674155.3600,3,2.080200,1,3.031100,56.035512,17.130269,178.638840,10.004553,0
2021-06-22,sz.300699,74.9900,75.5900,73.0000,73.3900,74.4400,8073371,597938460.5000,3,1.563500,1,-1.410500,55.245113,16.888641,176.119082,9.863435,0
2021-06-23,sz.300699,71.7200,74.4700,69.7100,73.7700,73.3900,9609375,699208148.7600,3,1.861000,1,0.517800,55.531162,16.976088,177.030995,9.914506,0
2021-06-24,sz.300699,73.8300,76.2000,73.5000,74.0900,73.7700,6321870,471694663.0600,3,1.224300,1,0.433800,55.772045,17.049727,177.798921,9.957514,0
2021-06-25,sz.300699,73.5100,75.2000,71.9200,74.1100,74.0900,5232950,385654830.3800,3,1.013400,1,0.027000,55.787100,17.054329,177.846916,9.960202,0
2021-06-28,sz.300699,74.0200,75.3900,72.5100,74.8000,74.1100,6486627,479939318.4600,3,1.256200,1,0.931000,56.306505,17.213113,179.502757,10.052936,0
2021-06-29,sz.300699,74.5900,76.1700,72.8000,73.4200,74.8000,7811866,582989272.6800,3,1.512900,1,-1.844900,55.267696,16.895545,176.191075,9.867467,0
2021-06-30,sz.300699,73.4000,75.9600,72.1100,75.9500,73.4200,7851325,588394534.1400,3,1.520500,1,3.445900,57.172180,17.477753,182.262492,10.207493,0
2021-07-01,sz.300699,75.5000,76.6000,73.0000,73.0200,75.9500,6538860,486648936.7900,3,1.266300,1,-3.857800,54.966591,16.803496,175.231167,9.813708,0
2021-07-02,sz.300699,72.5000,72.8000,68.9000,69.0000,73.0200,8037309,562471885.9100,3,1.556500,1,-5.505300,51.940493,15.878406,165.584094,9.273430,0
2021-07-05,sz.300699,68.6800,70.5000,67.4800,69.0500,69.0000,5903602,407129184.1000,3,1.143300,1,0.072500,51.978131,15.889912,165.704083,9.280150,0
2021-07-06,sz.300699,68.9700,69.6700,67.5500,68.6400,69.0500,4348047,297611749.8300,3,0.842100,1,-0.593800,51.669499,15.795563,164.720177,9.225047,0
2021-07-07,sz.300699,68.1600,70.3500,68.0100,69.6700,68.6400,5150492,357600840.3800,3,0.997500,1,1.500600,52.444843,16.032588,167.191940,9.363476,0
2021-07-08,sz.300699,69.7000,75.8700,69.7000,75.1000,69.6700,12350929,912749542.2000,3,2.391900,1,7.793900,56.532334,17.282150,180.222688,10.093255,0
2021-07-09,sz.300699,74.5700,76.1000,73.6700,76.0600,75.1000,9818866,735822590.2600,3,1.901500,1,1.278300,57.254984,17.503067,182.526467,10.222277,0
2021-07-12,sz.300699,76.8000,77.5200,75.3500,75.6600,76.0600,6845875,521005907.5400,3,1.325800,1,-0.525900,56.953880,17.411018,181.566559,10.168518,0
2021-07-13,sz.300699,74.1400,76.0900,72.6300,73.5000,75.6600,7956683,587986689.9200,3,1.540900,1,-2.854900,55.327916,16.913955,176.383057,9.878219,0
2021-07-14,sz.300699,73.5800,73.8700,69.3500,69.4100,73.5000,9179066,651094093.0100,3,1.777600,1,-5.564600,52.249125,15.972756,166.568000,9.328533,0
2021-07-15,sz.300699,70.2000,71.9300,68.1000,69.4500,69.4100,7745586,538837442.4600,3,1.500000,1,0.057600,52.279235,15.981961,166.663990,9.333909,0
2021-07-16,sz.300699,69.0600,71.1500,67.3000,70.2700,69.4500,9263237,645298368.4700,3,1.793900,1,1.180700,52.896499,16.170661,168.631801,9.444115,0
2021-07-19,sz.300699,70.4900,71.8700,66.6200,66.7900,70.2700,11780512,805964000.6800,3,2.281400,1,-4.952300,50.276892,15.369837,160.280604,8.976412,0
2021-07-20,sz.300699,66.0900,67.8500,65.4800,67.6800,66.7900,5808107,388415852.3000,3,1.124800,1,1.332500,50.946849,15.574646,162.416398,9.096025,0
2021-07-21,sz.300699,67.6600,70.1400,67.6600,69.5100,67.6800,5727425,396604070.7500,3,1.109200,1,2.703900,52.324401,15.995769,166.807977,9.341973,0
2021-07-22,sz.300699,69.4000,70.1800,68.6600,69.6400,69.5100,4139124,286512930.1600,3,0.801600,1,0.187000,52.422260,16.025684,167.119947,9.359445,0
2021-07-23,sz.300699,69.6400,69.9000,66.6700,68.3400,69.6400,8014471,544735079.7300,3,1.552100,1,-1.866700,51.443671,15.726526,164.000246,9.184728,0
2021-07-26,sz.300699,68.6000,74.0300,68.5800,71.9200,68.3400,14551988,1046274715.6900,3,2.818200,1,5.238500,54.138554,16.550362,172.591421,9.665871,0
2021-07-27,sz.300699,71.5600,74.3000,70.0000,70.6400,71.9200,13281374,960862439.1500,3,2.572100,1,-1.779800,53.175021,16.255806,169.519716,9.493842,0
2021-07-28,sz.300699,70.2100,70.2100,65.6500,66.0600,70.6400,10174659,680666518.7400,3,1.970500,1,-6.483600,49.727376,15.201848,158.528772,8.878301,0
2021-07-29,sz.300699,67.1700,69.8700,66.2500,69.1800,66.0600,7766815,530503295.4900,3,1.504100,1,4.723000,52.075990,15.919828,166.016053,9.297622,0
2021-07-30,sz.300699,69.1300,69.7500,67.0300,68.2200,69.1800,5908029,402489181.3200,3,1.144200,1,-1.387700,51.353340,15.698911,163.712274,9.168600,0
2021-08-02,sz.300699,69.0100,81.5000,68.9900,79.1000,68.2200,22765972,1760543505.2800,3,4.408900,1,15.948400,59.543377,18.202637,189.821766,10.630845,0
2021-08-03,sz.300699,78.6100,81.6800,77.2700,79.9100,79.1000,15083527,1206021585.8500,3,2.921100,1,1.024000,60.153113,18.389036,191.765579,10.739707,0
2021-08-04,sz.300699,79.6800,81.4800,78.9500,80.3600,79.9100,10482375,840941134.5400,3,2.030000,1,0.563100,60.491855,18.492590,192.845475,10.800186,0
2021-08-05,sz.300699,82.0000,83.7700,79.0200,80.3300,80.3600,17761629,1444176056.0400,3,3.439800,1,-0.037300,60.469272,18.485687,192.773482,10.796154,0
2021-08-06,sz.300699,78.9000,82.5000,78.7200,81.4900,80.3300,13236436,1072603361.0000,3,2.563400,1,1.444000,61.342475,18.752628,195.557215,10.952055,0
2021-08-09,sz.300699,82.0000,83.9900,79.5800,80.0800,81.4900,12040014,977330824.5300,3,2.331700,1,-1.730300,60.281082,18.428156,192.173540,10.762555,0
2021-08-10,sz.300699,79.5000,83.9300,79.5000,82.6500,80.0800,14500678,1198158477.5000,3,2.808200,1,3.209300,62.215677,19.019569,198.340948,11.107957,0
2021-08-11,sz.300699,81.7900,84.8400,81.2500,82.6500,82.6500,11886528,986569722.3900,3,2.302000,1,0.000000,62.215677,19.019569,198.340948,11.107957,0
2021-08-12,sz.300699,81.8000,85.8100,80.5200,82.2800,82.6500,13635678,1134092281.6400,3,2.640700,1,-0.447700,61.937156,18.934424,197.453033,11.058229,0
2021-08-13,sz.300699,82.7000,85.4700,81.4200,82.6000,82.2800,11409287,949770971.7900,3,2.209600,1,0.388900,62.178039,19.008063,198.220959,11.101237,0
2021-08-16,sz.300699,83.1200,84.8500,79.2300,80.6800,82.6000,10219894,833488153.4200,3,1.979200,1,-2.324500,60.732739,18.566229,193.613402,10.843193,0
2021-08-17,sz.300699,80.8400,82.5700,78.0300,79.0100,80.6800,8801387,705349678.0800,3,1.704500,1,-2.069900,59.475628,18.181926,189.605787,10.618749,0
2021-08-18,sz.300699,79.1100,84.3000,77.8100,82.6800,79.0100,11879565,973169045.5400,3,2.300600,1,4.645000,62.238260,19.026473,198.412941,11.111988,0
2021-08-19,sz.300699,82.0000,83.6000,80.1200,82.4300,82.6800,8677314,710150964.0900,3,1.680500,1,-0.302400,62.050070,18.968943,197.812998,11.078389,0
2021-08-20,sz.300699,82.4500,82.5000,78.5100,80.0000,82.4300,9233212,737404339.8400,3,1.788100,1,-2.948000,60.220861,18.409747,191.981558,10.751803,0
2021-08-23,sz.300699,80.5300,86.9500,80.5300,85.3000,80.0000,15112795,1281584296.6000,3,2.926800,1,6.625000,64.210493,19.629392,204.700337,11.464110,0
2021-08-24,sz.300699,83.3200,83.4700,79.5000,82.7200,85.3000,17497688,1422096512.8000,3,3.443600,1,-3.024600,59.221844,17.909522,418.764025,11.252086,0
2021-08-25,sz.300699,82.8000,84.7100,80.8100,81.7300,82.7200,9023451,741657169.0800,3,1.775900,1,-1.196800,58.513072,17.695180,413.752221,11.117420,0
2021-08-26,sz.300699,81.9900,83.5000,79.0000,79.4300,81.7300,9229714,746331234.2200,3,1.816500,1,-2.814100,56.866430,17.197212,402.108638,10.804560,0
2021-08-27,sz.300699,78.9600,79.0100,73.9500,74.7800,79.4300,15311065,1160656399.3900,3,3.013300,1,-5.854200,53.537349,16.190451,378.568348,10.172038,0
2021-08-30,sz.300699,75.1500,78.2000,74.4100,74.6100,74.7800,12706666,967676890.9400,3,2.500700,1,-0.227300,53.415640,16.153644,377.707736,10.148913,0
2021-08-31,sz.300699,74.5900,75.2200,71.7800,73.0400,74.6100,10340988,754631823.9800,3,2.035200,1,-2.104300,52.291628,15.813727,369.759724,9.935352,0
2021-09-01,sz.300699,72.8000,73.9600,71.8900,73.2800,73.0400,7286458,531714843.4200,3,1.434000,1,0.328600,52.463452,15.865689,370.974707,9.967999,0
2021-09-02,sz.300699,73.2500,73.2500,70.9200,71.4800,73.2800,7365750,527046532.0800,3,1.449600,1,-2.456300,51.174775,15.475975,361.862337,9.723152,0
2021-09-03,sz.300699,71.3000,72.7200,69.6500,71.6600,71.4800,8036206,572189425.7500,3,1.581600,1,0.251800,51.303643,15.514946,362.773574,9.747636,0
2021-09-06,sz.300699,72.0000,73.6100,70.4000,73.0900,71.6600,7988219,578900274.2400,3,1.572100,1,1.995500,52.327425,15.824553,370.012845,9.942154,0
2021-09-07,sz.300699,73.4800,74.0400,72.1800,72.3900,73.0900,7035595,511701094.2800,3,1.384600,1,-0.957700,51.826273,15.672997,366.469146,9.846935,0
2021-09-08,sz.300699,72.3500,73.3700,70.8500,71.6600,72.3900,6077287,436524233.2800,3,1.196000,1,-1.008400,51.303643,15.514946,362.773574,9.747636,0
2021-09-09,sz.300699,71.1000,72.6000,71.1000,72.5900,71.6600,5264916,378975872.9200,3,1.036200,1,1.297800,51.969459,15.716299,367.481632,9.874141,0
2021-09-10,sz.300699,72.9400,72.9800,70.9000,71.7600,72.5900,5641104,403624133.0200,3,1.110200,1,-1.143400,51.375236,15.536597,363.279817,9.761239,0
2021-09-13,sz.300699,71.6700,71.8900,69.8100,70.0500,71.7600,6607381,464789236.5100,3,1.300400,1,-2.382900,50.150993,15.166369,354.623065,9.528634,0
2021-09-14,sz.300699,70.6800,72.5900,70.0200,70.3600,70.0500,8010174,570313053.1800,3,1.576400,1,0.442500,50.372932,15.233486,356.192418,9.570802,0
2021-09-15,sz.300699,70.3800,71.9200,69.0000,71.5600,70.3600,7086587,503241502.4900,3,1.394700,1,1.705500,51.232050,15.493296,362.267331,9.734034,0
2021-09-16,sz.300699,71.5700,72.1400,70.4400,71.4000,71.5600,5056654,360374844.3600,3,0.995200,1,-0.223600,51.117501,15.458654,361.457343,9.712269,0
2021-09-17,sz.300699,71.2100,71.3900,69.4200,70.0400,71.4000,4288391,301099806.5300,3,0.844000,1,-1.904800,50.143834,15.164204,354.572441,9.527274,0
2021-09-22,sz.300699,69.0100,70.6000,67.6800,70.0500,70.0400,5007619,345417548.1200,3,0.985500,1,0.014300,50.150993,15.166369,354.623065,9.528634,0
2021-09-23,sz.300699,70.4600,70.8600,69.2900,70.0800,70.0500,4781035,333445912.9200,3,0.940900,1,0.042800,50.172471,15.172864,354.774938,9.532715,0
2021-09-24,sz.300699,69.6600,70.1000,68.4800,68.5700,70.0800,4482269,310937184.5500,3,0.882100,1,-2.154700,49.091415,14.845937,347.130672,9.327315,0
2021-09-27,sz.300699,68.2000,69.2700,66.5400,66.6400,68.5700,6111032,413298827.5700,3,1.202700,1,-2.814600,47.709667,14.428077,337.360186,9.064785,0
2021-09-28,sz.300699,66.7000,67.3200,66.0300,66.0800,66.6400,4040127,268913705.9500,3,0.795100,1,-0.840300,47.308746,14.306833,334.525227,8.988610,0
2021-09-29,sz.300699,65.9800,66.6100,65.5600,66.4400,66.0800,3940787,260849088.1700,3,0.775600,1,0.544800,47.566481,14.384776,336.347701,9.037580,0
2021-09-30,sz.300699,66.4800,66.8600,65.0600,65.5200,66.4400,4220727,277172458.0400,3,0.830700,1,-1.384700,46.907824,14.185589,331.690267,8.912435,0
2021-10-08,sz.300699,65.6100,66.3000,64.3000,64.8000,65.5200,3549339,231943384.5100,3,0.698500,1,-1.098900,46.392354,14.029703,328.045319,8.814497,0
2021-10-11,sz.300699,64.8000,67.8600,64.4400,67.2800,64.8000,6318422,422752128.1700,3,1.243500,1,3.827200,48.167863,14.566642,340.600140,9.151842,0
2021-10-12,sz.300699,66.8500,66.8500,64.5300,64.6400,67.2800,4444343,289643705.1200,3,0.874700,1,-3.923900,46.277805,13.995062,327.235331,8.792732,0
2021-10-13,sz.300699,64.1000,64.1800,59.0000,61.5700,64.6400,9650791,590484581.1400,3,1.899300,1,-4.749400,44.079895,13.330383,311.693678,8.375132,0
2021-10-14,sz.300699,61.6400,62.1100,60.5200,61.4700,61.5700,5323108,327260460.7900,3,1.047600,1,-0.162400,44.008302,13.308732,311.187435,8.361529,0
2021-10-15,sz.300699,61.8000,62.8900,61.2000,62.6600,61.4700,5614920,350460908.9600,3,1.105000,1,1.935900,44.860260,13.566377,317.211724,8.523401,0
2021-10-18,sz.300699,62.8000,64.3000,62.5800,63.1500,62.6600,4081850,258109311.3400,3,0.803300,1,0.782000,45.211067,13.672465,319.692313,8.590053,0
2021-10-19,sz.300699,62.9800,63.5000,62.6000,63.2100,63.1500,3893601,245470032.3000,3,0.766300,1,0.095000,45.254023,13.685456,319.996059,8.598215,0
2021-10-20,sz.300699,62.8000,63.4300,61.8700,61.9800,63.2100,5545681,346193534.5900,3,1.091400,1,-1.945900,44.373427,13.419151,313.769273,8.430903,0
2021-10-21,sz.300699,62.0800,62.6700,61.2600,61.7400,61.9800,3900916,240864714.0700,3,0.767700,1,-0.387200,44.201604,13.367189,312.554290,8.398256,0
2021-10-22,sz.300699,61.4000,63.8400,61.4000,63.0300,61.7400,5462843,344777611.7000,3,1.075100,1,2.089400,45.125155,13.646484,319.084822,8.573730,0
2021-10-25,sz.300699,63.0500,64.1600,61.3000,63.9800,63.0300,7663809,480293571.0700,3,1.508300,1,1.507200,45.805290,13.852167,323.894129,8.702955,0
2021-10-26,sz.300699,64.4600,66.2600,64.0200,64.9900,63.9800,7463657,483122507.0900,3,1.468900,1,1.578600,45.801311,13.611027,124.901715,8.429510,0
2021-10-27,sz.300699,65.7700,67.2300,64.8200,66.6000,64.9900,11302009,750202588.6000,3,2.224300,1,2.477300,46.935949,13.948213,127.995910,8.638334,0
2021-10-28,sz.300699,66.4400,67.1700,65.3000,66.3000,66.6000,5744590,380844450.1800,3,1.130600,1,-0.450500,46.724526,13.885384,127.419352,8.599423,0
2021-10-29,sz.300699,66.2900,68.0700,65.6600,67.8900,66.3000,6298766,423940107.8300,3,1.239600,1,2.398200,47.845068,14.218381,130.475110,8.805653,0
2021-11-01,sz.300699,67.8900,72.2700,67.6300,71.7400,67.8900,11448520,809944193.7900,3,2.253100,1,5.670900,50.558333,15.024697,137.874273,9.305017,0
2021-11-02,sz.300699,71.6800,73.5600,71.2100,72.2500,71.7400,9482466,688802451.7700,3,1.866200,1,0.710900,50.917752,15.131508,138.854422,9.371166,0
2021-11-03,sz.300699,72.0000,74.2000,71.2000,73.4700,72.2500,9063129,661889174.0800,3,1.783700,1,1.688600,51.777540,15.387016,141.199092,9.529406,0
2021-11-04,sz.300699,73.3400,78.2700,73.3400,77.6600,73.4700,14124357,1085413067.7200,3,2.779700,1,5.703000,54.730417,16.264538,149.251688,10.072869,0
2021-11-05,sz.300699,77.6500,78.3000,74.3700,74.4300,77.6600,9825157,744677218.5100,3,1.933600,1,-4.159200,52.454094,15.588071,143.044078,9.653922,0
2021-11-08,sz.300699,74.6000,76.2600,73.2900,74.4800,74.4300,5882696,437210101.2300,3,1.157700,1,0.067200,52.489331,15.598542,143.140171,9.660408,0
2021-11-09,sz.300699,74.5700,78.2800,74.5700,76.7300,74.4800,10206812,787878116.3000,3,2.008800,1,3.020900,54.075005,16.069766,147.464357,9.952243,0
2021-11-10,sz.300699,78.2500,78.2700,75.9800,77.1100,76.7300,8050067,619865093.4800,3,1.584300,1,0.495200,54.342808,16.149350,148.194664,10.001531,0
2021-11-11,sz.300699,76.4900,77.1500,75.0500,76.5100,77.1100,7282494,553837881.6600,3,1.433200,1,-0.778100,53.919962,16.023691,147.041548,9.923708,0
2021-11-12,sz.300699,76.5100,79.2000,76.5100,79.0500,76.5100,8635281,679064064.6500,3,1.699500,1,3.319800,55.710011,16.555650,151.923074,10.253158,0
2021-11-15,sz.300699,79.0500,80.9600,76.5000,77.1000,79.0500,7430171,579031799.7000,3,1.462300,1,-2.466800,54.335760,16.147256,148.175446,10.000234,0
2021-11-16,sz.300699,76.8700,80.0000,76.5100,76.6100,77.1000,8486386,661705177.3700,3,1.670200,1,-0.635500,53.990436,16.044634,147.233734,9.936679,0
2021-11-17,sz.300699,77.1800,79.9900,75.5000,79.3300,76.6100,10095818,788932645.2800,3,1.986900,1,3.550500,55.907340,16.614291,152.461195,10.289475,0
2021-11-18,sz.300699,79.3300,82.7200,78.8200,81.3900,79.3300,10814481,879000227.6300,3,2.128300,1,2.596700,57.359112,17.045722,156.420227,10.556667,0
2021-11-19,sz.300699,81.6500,83.1100,80.8100,81.3000,81.3900,7365137,604191077.2800,3,1.449500,1,-0.110600,57.295685,17.026873,156.247260,10.544994,0
2021-11-22,sz.300699,82.9600,88.2800,82.5200,86.3300,81.3000,13231390,1133776001.8400,3,2.604000,1,6.187000,60.840547,18.080319,165.914218,11.197408,0
2021-11-23,sz.300699,86.3500,87.7800,85.0900,85.5200,86.3300,7528489,649619422.1900,3,1.481600,1,-0.938300,60.269705,17.910679,164.357511,11.092348,0
2021-11-24,sz.300699,85.2700,86.8600,83.5300,84.7200,85.5200,7659511,649073627.1200,3,1.507400,1,-0.935500,59.705910,17.743133,162.820023,10.988584,0
2021-11-25,sz.300699,84.7300,87.3500,84.6000,84.9000,84.7200,5874237,502712221.5900,3,1.156100,1,0.212500,59.832763,17.780830,163.165958,11.011931,0
2021-11-26,sz.300699,81.5500,84.7900,80.8800,81.8300,84.9000,17744004,1461522081.3700,3,3.492100,1,-3.616000,57.669199,17.137872,157.265846,10.613737,0
2021-11-29,sz.300699,82.0000,84.7300,81.7500,83.9900,81.8300,8798762,734078683.2700,3,1.731600,1,2.639600,59.191446,17.590247,161.417065,10.893899,0
2021-11-30,sz.300699,83.9900,86.5800,83.6700,84.3000,83.9900,8015702,679301932.1100,3,1.577500,1,0.369100,59.409917,17.655171,162.012841,10.934108,0
2021-12-01,sz.300699,83.5200,85.7800,83.0800,83.9600,84.3000,5632165,472904028.3300,3,1.108400,1,-0.403300,59.170304,17.583964,161.359409,10.890008,0
2021-12-02,sz.300699,82.9800,83.0100,80.8600,81.1000,83.9600,7793097,636824105.4600,3,1.533700,1,-3.406400,57.154736,16.984986,155.862888,10.519053,0
2021-12-03,sz.300699,81.5000,82.1900,80.2500,81.6600,81.1000,5624418,457055606.7800,3,1.106900,1,0.690500,57.549393,17.102269,156.939130,10.591687,0
2021-12-06,sz.300699,81.1200,83.6800,80.9900,81.7900,81.6600,6491244,534445763.7100,3,1.277500,1,0.159200,57.641010,17.129495,157.188972,10.608549,0
2021-12-07,sz.300699,82.1900,82.1900,79.0000,80.3300,81.7900,6064176,485443270.0300,3,1.193500,1,-1.785100,56.612084,16.823723,154.383055,10.419180,0
2021-12-08,sz.300699,80.5900,83.7700,80.5900,82.6200,80.3300,5845902,483333962.0800,3,1.150500,1,2.850700,58.225947,17.303324,158.784116,10.716204,0
2021-12-09,sz.300699,82.6000,82.6100,80.4600,82.1000,82.6200,5252493,429005347.1900,3,1.033700,1,-0.629400,57.859480,17.194419,157.784748,10.648757,0
2021-12-10,sz.300699,83.8900,86.2600,82.0600,85.8500,82.1000,12772698,1083978819.8400,3,2.513700,1,4.567600,60.502270,17.979791,164.991725,11.135150,0
2021-12-13,sz.300699,85.4300,85.7700,83.3000,83.7600,85.8500,7263660,611680068.0300,3,1.429500,1,-2.434500,59.029355,17.542077,160.975037,10.864067,0
2021-12-14,sz.300699,83.3600,85.4300,83.3500,84.5800,83.7600,4414722,372966260.1200,3,0.868400,1,0.979000,59.607245,17.713812,162.550962,10.970425,0
2021-12-15,sz.300699,84.5600,85.8300,83.8300,85.0000,84.5800,4153365,352928643.2400,3,0.817000,1,0.496600,59.903238,17.801774,163.358144,11.024901,0
2021-12-16,sz.300699,85.4000,85.4000,83.6000,83.9300,85.0000,4144958,349439079.9800,3,0.815300,1,-1.258800,59.149162,17.577681,161.301753,10.886117,0
2021-12-17,sz.300699,84.4300,84.4300,82.2300,82.9600,83.9300,3501893,290573829.7000,3,0.688800,1,-1.155700,58.465560,17.374531,159.437548,10.760304,0
2021-12-20,sz.300699,83.0000,83.8000,81.0500,81.3500,82.9600,4176912,342839849.7300,3,0.821600,1,-1.940700,57.330922,17.037345,156.343353,10.551479,0
2021-12-21,sz.300699,81.9700,83.2800,81.4000,82.5800,81.3500,2884749,238790419.1500,3,0.567400,1,1.512000,58.197757,17.294947,158.707241,10.711016,0
2021-12-22,sz.300699,82.9400,83.2600,81.4100,81.6900,82.5800,2611514,214495661.0100,3,0.513700,1,-1.077700,57.570535,17.108552,156.996785,10.595579,0
2021-12-23,sz.300699,81.6900,82.3100,80.0000,80.9800,81.6900,4900144,396277870.7000,3,0.963900,1,-0.869100,57.070167,16.959855,155.632265,10.503488,0
2021-12-24,sz.300699,81.1000,82.7800,80.9800,81.2500,80.9800,4379825,358560178.4900,3,0.861500,1,0.333400,57.260448,17.016401,156.151167,10.538508,0
2021-12-27,sz.300699,82.0200,83.0700,79.7000,79.8000,81.2500,3825485,310288786.2700,3,0.752500,1,-1.784600,56.238569,16.712724,153.364469,10.350437,0
2021-12-28,sz.300699,80.0000,81.4700,78.5600,80.7700,79.8000,3893329,312265796.2700,3,0.765800,1,1.215500,56.922171,16.915874,155.228674,10.476250,0
2021-12-29,sz.300699,82.0100,82.5000,80.1000,81.5400,80.7700,5356078,436387409.1800,3,1.053500,1,0.953300,57.464824,17.077137,156.708506,10.576123,0
2021-12-30,sz.300699,81.5500,83.2800,80.5200,82.6200,81.5400,4837997,398995924.7800,3,0.951600,1,1.324500,58.225947,17.303324,158.784116,10.716204,0
2021-12-31,sz.300699,86.5000,87.2800,83.3000,84.4800,82.6200,10160898,861051169.1600,3,1.998700,1,2.251300,59.536771,17.692869,162.358776,10.957455,0
2022-01-04,sz.300699,83.8800,86.2000,83.1600,84.7500,84.4800,6894425,584259941.1500,3,1.356100,1,0.319600,59.727052,17.749416,162.877679,10.992475,0
2022-01-05,sz.300699,84.6700,85.4800,78.5800,80.1000,84.7500,10260992,829507147.0600,3,2.018400,1,-5.486700,56.449992,16.775554,153.941027,10.389348,0
2022-01-06,sz.300699,79.9900,80.6700,76.5800,77.8000,80.1000,7036280,547487844.7500,3,1.384000,1,-2.871400,54.829081,16.293859,149.520748,10.091027,0
2022-01-07,sz.300699,77.9000,78.2000,75.8000,76.7000,77.8000,4970704,382447140.6200,3,0.977700,1,-1.413900,54.053863,16.063483,147.406702,9.948352,0
2022-01-10,sz.300699,76.5500,77.7900,75.8900,76.1000,76.7000,3592005,275688578.3800,3,0.706600,1,-0.782300,53.631017,15.937823,146.253585,9.870529,0
2022-01-11,sz.300699,76.1000,77.2200,74.3000,76.5400,76.1000,5452968,412965359.7000,3,1.072600,1,0.578200,53.941104,16.029974,147.099204,9.927599,0
2022-01-12,sz.300699,76.1800,77.3700,75.8100,76.9200,76.5400,5315897,407829451.5500,3,1.045600,1,0.496500,54.208907,16.109558,147.829511,9.976887,0
2022-01-13,sz.300699,77.0000,77.2800,74.5000,74.5000,76.9200,4805601,361697037.1400,3,0.945300,1,-3.146100,52.503426,15.602731,143.178608,9.663002,0
2022-01-14,sz.300699,74.1000,74.7000,71.3100,72.9100,74.5000,14183282,1029206102.0300,3,2.789900,1,-2.134200,51.382883,15.269733,140.122850,9.456771,0
2022-01-17,sz.300699,72.1900,73.3800,70.7100,72.7600,72.9100,10603354,765430099.0900,3,2.085700,1,-0.205700,49.678485,14.465168,139.834571,9.437315,0
2022-01-18,sz.300699,72.9000,73.0800,70.8000,71.6500,72.7600,7769287,556914874.9900,3,1.528200,1,-1.525600,48.920609,14.244493,137.701306,9.293343,0
2022-01-19,sz.300699,71.7300,72.4600,69.8000,70.6800,71.6500,6268153,444020991.5000,3,1.233000,1,-1.353800,48.258320,14.051651,135.837101,9.167530,0
2022-01-20,sz.300699,71.2800,71.8900,69.5000,70.0900,70.6800,6135841,433110750.8500,3,1.206900,1,-0.834700,47.855484,13.934355,134.703204,9.091004,0
2022-01-21,sz.300699,69.8100,70.3500,68.7500,69.1100,70.0900,5313937,369000603.3600,3,1.045300,1,-1.398200,47.186368,13.739524,132.819780,8.963893,0
2022-01-24,sz.300699,69.0000,71.2900,68.2400,70.5700,69.1100,5814054,407532451.2900,3,1.143600,1,2.112600,48.183215,14.029782,135.625697,9.153262,0
2022-01-25,sz.300699,70.3800,73.3000,70.3800,70.5100,70.5700,7689301,556434847.7700,3,1.512500,1,-0.085000,48.142249,14.017853,135.510385,9.145480,0
2022-01-26,sz.300699,71.4900,73.8300,70.7800,71.8400,70.5100,5742647,416746791.8000,3,1.129600,1,1.886300,49.050335,14.282266,138.066459,9.317987,0
2022-01-27,sz.300699,72.2200,72.4000,69.8000,70.1000,71.8400,3849080,273160772.5600,3,0.757100,1,-2.422000,47.862312,13.936343,134.722422,9.092301,0
2022-01-28,sz.300699,70.9600,73.1900,69.4000,71.9200,70.1000,6162745,443252008.7900,3,1.212200,1,2.596300,49.104957,14.298171,138.220208,9.328363,0
2022-02-07,sz.300699,72.9900,73.1900,70.4000,70.9900,71.9200,4519864,322520896.5100,3,0.889100,1,-1.293100,48.469979,14.113281,136.432878,9.207738,0
2022-02-08,sz.300699,71.0000,71.3800,68.4700,70.4000,70.9900,4147226,289151681.1900,3,0.815800,1,-0.831100,48.067144,13.995985,135.298980,9.131212,0
2022-02-09,sz.300699,70.3600,71.5700,69.4900,70.7200,70.4000,4494394,316103223.0800,3,0.884100,1,0.454500,48.285631,14.059603,135.913976,9.172718,0
2022-02-10,sz.300699,70.9000,70.9500,69.7000,69.9900,70.7200,2551630,179405048.2100,3,0.501900,1,-1.032200,47.787207,13.914474,134.511017,9.078033,0
2022-02-11,sz.300699,70.0600,70.0600,66.0300,66.4900,69.9900,7408084,499630610.4500,3,1.457200,1,-5.000700,45.397505,13.218651,127.784506,8.624067,0
2022-02-14,sz.300699,66.4900,70.8700,66.0800,68.9800,66.4900,6177883,426403318.0500,3,1.215200,1,3.744900,47.097607,13.713679,132.569938,8.947032,0
2022-02-15,sz.300699,69.5000,72.5900,68.9000,71.2600,68.9800,5529247,391877083.4300,3,1.087600,1,3.305300,48.654327,14.166958,136.951780,9.242758,0
2022-02-16,sz.300699,71.1500,71.7700,70.2600,70.6800,71.2600,4448054,315293279.0200,3,0.874900,1,-0.813900,48.258320,14.051651,135.837101,9.167530,0
2022-02-17,sz.300699,70.5000,71.4200,70.3800,71.2400,70.6800,3560976,252360911.8100,3,0.700400,1,0.792300,48.640672,14.162982,136.913343,9.240164,0
2022-02-18,sz.300699,70.6800,71.0200,70.0000,70.9000,71.2400,2112600,149006678.3600,3,0.415600,1,-0.477300,48.408530,14.095388,136.259911,9.196065,0
2022-02-21,sz.300699,70.6200,71.3500,70.3100,70.5000,70.9000,2140636,151410818.4200,3,0.421100,1,-0.564200,48.135421,14.015865,135.491166,9.144183,0
2022-02-22,sz.300699,70.7000,71.5000,69.2500,70.6400,70.5000,3537063,248969208.1200,3,0.695700,1,0.198600,48.231009,14.043698,135.760227,9.162341,0
2022-02-23,sz.300699,70.4900,73.9500,70.2400,73.2900,70.6400,6112729,447062182.1500,3,1.202400,1,3.751400,50.040354,14.570536,140.853157,9.506059,0
2022-02-24,sz.300699,73.1000,73.5800,70.8300,72.1600,73.2900,6413774,464187186.8400,3,1.261600,1,-1.541800,49.268822,14.345884,138.681455,9.359493,0
2022-02-25,sz.300699,72.2000,74.1200,72.2000,72.6100,72.1600,4754798,347576097.4900,3,0.935300,1,0.623600,49.576070,14.435347,139.546292,9.417860,0
2022-02-28,sz.300699,73.0500,75.3900,72.6000,73.3300,72.6100,5752700,424748688.0000,3,1.131600,1,0.991600,50.067665,14.578488,0.000000,9.511247,0
2022-03-01,sz.300699,73.5300,74.8400,73.5200,73.9500,73.3300,4508329,334463280.0000,3,0.886800,1,0.845500,50.490984,14.701748,142.121585,9.591664,0
2022-03-02,sz.300699,74.1500,74.1500,72.5200,73.4000,73.9500,3820231,279403360.0000,3,0.751400,1,-0.743700,50.115459,14.592404,141.064562,9.520326,0
2022-03-03,sz.300699,73.6600,73.6900,71.2500,71.4500,73.4000,4318927,310455856.0000,3,0.849500,1,-2.656700,48.784054,14.204732,137.316934,9.267402,0
2022-03-04,sz.300699,71.0400,72.9600,70.7600,71.2000,71.4500,3384079,243132466.0000,3,0.665700,1,-0.349900,48.613361,14.155030,136.836469,9.234976,0
2022-03-07,sz.300699,71.2300,71.5000,67.7700,68.2100,71.2000,5840297,402390768.0000,3,1.148800,1,-4.199400,46.571873,13.560598,131.090106,8.847159,0
2022-03-08,sz.300699,68.5700,69.5600,66.5200,66.6700,68.2100,4217058,285899776.0000,3,0.829500,1,-2.257700,45.520404,13.254436,128.130441,8.647414,0
2022-03-09,sz.300699,67.0600,67.5900,62.5000,65.1800,66.6700,5344179,347969776.0000,3,1.051200,1,-2.234900,44.503074,12.958214,125.266868,8.454154,0
2022-03-10,sz.300699,67.0100,69.5200,67.0100,68.1200,65.1800,5094050,347538928.0000,3,1.002000,1,4.510600,46.510424,13.542706,130.917138,8.835486,0
2022-03-11,sz.300699,67.5800,67.7700,65.8800,67.6500,68.1200,3245620,217393902.0000,3,0.638400,1,-0.690000,46.189521,13.449267,130.013864,8.774524,0
2022-03-14,sz.300699,67.5100,68.6500,66.8600,67.0500,67.6500,3496007,236979634.0000,3,0.687700,1,-0.886900,45.779858,13.329983,128.860748,8.696701,0
2022-03-15,sz.300699,67.6000,68.2800,64.2100,64.3000,67.0500,5341752,352910112.0000,3,1.050700,1,-4.101400,43.902235,12.783264,123.575631,8.340013,0
2022-03-16,sz.300699,63.9600,65.0000,59.5900,63.0900,64.3000,15639653,969940176.0000,3,3.076300,1,-1.881800,43.076081,12.542708,121.250180,8.183071,0
2022-03-17,sz.300699,64.0200,64.3900,60.8900,61.5700,63.0900,13296622,827458048.0000,3,2.615500,1,-2.409300,42.038268,12.240522,118.328952,7.985920,0
2022-03-18,sz.300699,61.2000,61.8600,60.5200,61.3400,61.5700,5597930,342577961.2100,3,1.101100,1,-0.373600,41.881230,12.194797,117.886924,7.956087,0
2022-03-21,sz.300699,61.3800,64.9800,61.3800,63.5600,61.3400,9019908,573237948.3800,3,1.774200,1,3.619200,43.396984,12.636148,122.153454,8.244032,0
2022-03-22,sz.300699,63.5000,64.1000,62.7000,62.9800,63.5600,3972193,251435650.6900,3,0.781300,1,-0.912500,43.000976,12.520840,121.038775,8.168803,0
2022-03-23,sz.300699,63.2400,64.6000,62.4300,63.0000,62.9800,5491500,347402905.0000,3,1.080200,1,0.031800,43.014631,12.524816,121.077212,8.171397,0
2022-03-24,sz.300699,62.6300,62.8500,61.3600,61.5600,63.0000,4131773,255171066.2800,3,0.812700,1,-2.285700,42.031440,12.238534,118.309733,7.984623,0
2022-03-25,sz.300699,62.1300,63.4800,61.3000,61.3600,61.5600,5236122,326763931.7300,3,1.030000,1,-0.324900,41.894885,12.198773,117.925361,7.958682,0
2022-03-28,sz.300699,61.0200,61.2400,58.3000,59.2800,61.3600,8403209,498508119.2100,3,1.652900,1,-3.389800,40.474720,11.785255,113.927891,7.688896,0
2022-03-29,sz.300699,59.6800,60.7000,58.2000,58.5700,59.2800,4311579,255561135.6200,3,0.848100,1,-1.197700,39.989952,11.644103,112.563370,7.596805,0
2022-03-30,sz.300699,59.0100,60.9800,58.8600,60.6500,58.5700,4437768,266388741.9200,3,0.872900,1,3.551300,41.410117,12.057620,116.560840,7.866591,0
2022-03-31,sz.300699,60.6500,60.6600,58.7500,58.9600,60.6500,3529496,209276128.9400,3,0.694300,1,-2.786500,40.256233,11.721637,113.312896,7.647390,0
2022-04-01,sz.300699,58.7000,58.9000,57.9000,58.4400,58.9600,3625512,211779413.2000,3,0.713100,1,-0.882000,39.901191,11.618258,112.313529,7.579944,0
2022-04-06,sz.300699,58.4000,58.4000,55.7800,56.5500,58.4400,6164521,347959883.9200,3,1.212600,1,-3.234100,38.610752,11.242513,108.681212,7.334802,0
2022-04-07,sz.300699,56.5600,56.9800,54.6600,54.8000,56.5500,5390454,298411264.7400,3,1.060300,1,-3.094600,37.415902,10.894602,105.317956,7.107819,0
2022-04-08,sz.300699,54.9000,55.1800,53.5600,54.0000,54.8000,5029402,272666371.6900,3,0.989300,1,-1.459900,36.869684,10.735556,103.780468,7.004055,0
2022-04-11,sz.300699,54.0000,54.0700,51.9100,52.0800,54.0000,4868502,256407813.6200,3,0.957600,1,-3.555600,35.558762,10.353848,100.090496,6.755022,0
2022-04-12,sz.300699,50.0000,51.9700,49.7000,51.4800,52.0800,7937812,404943213.6500,3,1.561400,1,-1.152100,35.186270,10.234564,60.584936,6.435645,0
2022-04-13,sz.300699,51.5000,51.6000,49.0800,49.4100,51.4800,6379471,318147901.3200,3,1.254900,1,-4.021000,33.771438,9.823034,58.148828,6.176869,0
2022-04-14,sz.300699,50.0000,50.3200,49.4300,49.6200,49.4100,3296805,164196980.2000,3,0.648500,1,0.425000,33.914972,9.864783,58.395970,6.203122,0
2022-04-15,sz.300699,49.5000,49.9200,48.1000,48.6700,49.6200,3429335,167169260.5900,3,0.674600,1,-1.914600,33.265652,9.675917,57.277949,6.084360,0
2022-04-18,sz.300699,48.4900,50.3600,47.5500,50.1000,48.6700,5436237,268260179.1200,3,1.069300,1,2.938200,34.243049,9.960211,58.960864,6.263128,0
2022-04-19,sz.300699,50.1100,51.6200,49.0600,49.4300,50.1000,4964333,249204778.6000,3,0.976500,1,-1.337300,33.785108,9.827010,58.172365,6.179369,0
2022-04-20,sz.300699,50.1600,50.1900,48.6000,49.0100,49.4300,3696047,182340974.3000,3,0.727000,1,-0.849700,33.498040,9.743511,57.678083,6.126864,0
2022-04-21,sz.300699,49.0100,49.4500,47.2100,47.3200,49.0100,4468887,214634986.7300,3,0.879000,1,-3.448300,32.342935,9.407528,55.689183,5.915593,0
2022-04-22,sz.300699,47.1000,47.9900,46.0000,46.6400,47.3200,3694264,173453595.6300,3,0.726700,1,-1.437000,31.878159,9.272340,54.888916,5.830584,0
2022-04-25,sz.300699,46.0000,46.0300,42.3000,42.4800,46.6400,6227992,276277426.6700,3,1.225100,1,-8.919400,29.034825,8.445304,49.993164,5.310532,0
2022-04-26,sz.300699,42.9900,44.7000,42.6800,42.8700,42.4800,8267081,362090330.6100,3,1.626100,1,0.918100,29.731327,8.635794,24.266504,5.104848,0
2022-04-27,sz.300699,43.1300,47.4600,42.7700,47.1800,42.8700,9869366,446881817.2000,3,1.941300,1,10.053700,32.720411,9.504006,26.706173,5.618072,0
2022-04-28,sz.300699,46.5800,47.3700,45.8900,46.9900,47.1800,6294192,293903533.2400,3,1.238100,1,-0.402700,32.588642,9.465732,26.598624,5.595447,0
2022-04-29,sz.300699,47.1800,50.0700,46.5000,49.8100,46.9900,9503948,463708514.3700,3,1.869400,1,6.001300,34.544376,10.033797,28.194881,5.931245,0
2022-05-05,sz.300699,49.9900,51.7700,49.5600,50.7700,49.8100,6552206,333680583.9000,3,1.288800,1,1.927300,35.210158,10.227181,28.738288,6.045560,0
2022-05-06,sz.300699,49.5800,50.2000,49.0000,49.6900,50.7700,4397540,218076887.9900,3,0.865000,1,-2.127200,34.461153,10.009624,28.126955,5.916956,0
2022-05-09,sz.300699,49.6600,51.4800,49.4000,50.9700,49.6900,3353903,169851291.6600,3,0.659700,1,2.576000,35.348863,10.267469,28.851497,6.069375,0
2022-05-10,sz.300699,50.0200,51.6800,49.8000,51.3300,50.9700,3716505,189558494.4000,3,0.731000,1,0.706300,35.598531,10.339988,29.055275,6.112243,0
2022-05-11,sz.300699,51.5500,53.8100,51.5500,51.9900,51.3300,5304048,280849554.7100,3,1.043300,1,1.285800,36.056256,10.472939,29.428867,6.190834,0
2022-05-12,sz.300699,51.5200,52.3800,51.0800,51.4600,51.9900,2867400,148009232.9500,3,0.564000,1,-1.019400,35.688689,10.366176,29.128861,6.127723,0
2022-05-13,sz.300699,52.1100,53.0100,51.7400,52.8000,51.4600,3665672,192423014.6700,3,0.721000,1,2.604000,36.618010,10.636107,29.887366,6.287287,0
2022-05-16,sz.300699,53.1500,54.0000,52.6100,53.2000,52.8000,3552980,188790022.0600,3,0.698900,1,0.757600,36.895419,10.716684,30.113786,6.334918,0
2022-05-17,sz.300699,53.6000,54.4000,52.2200,53.9800,53.2000,3735841,199980439.0200,3,0.734800,1,1.466200,37.436367,10.873808,30.555304,6.427798,0
2022-05-18,sz.300699,54.1000,54.4000,52.9500,53.2300,53.9800,2327490,124197368.2800,3,0.457800,1,-1.389400,36.916225,10.722727,30.130767,6.338490,0
2022-05-19,sz.300699,52.5500,55.5200,52.2300,55.2800,53.2300,4240098,230187961.9300,3,0.834000,1,3.851200,38.337947,11.135682,31.291167,6.582599,0
2022-05-20,sz.300699,55.8000,56.8800,54.0300,54.8200,55.2800,4749014,262093832.0300,3,0.934100,1,-0.832100,38.018926,11.043019,31.030785,6.527823,0
2022-05-23,sz.300699,54.1500,54.4500,52.1500,54.3600,54.8200,5321522,283624211.5100,3,1.046800,1,-0.839100,37.699905,10.950356,30.770402,6.473047,0
2022-05-24,sz.300699,54.2400,55.2900,52.4000,52.4800,54.3600,3799312,203901841.4700,3,0.747300,1,-3.458400,36.396082,10.571646,29.706231,6.249182,0
2022-05-25,sz.300699,53.0000,53.1500,52.0100,53.0200,52.4800,2380909,125414809.8500,3,0.468300,1,1.029000,36.770585,10.680424,30.011897,6.313484,0
2022-05-26,sz.300699,53.1000,54.5600,52.4300,53.6800,53.0200,3407379,183030015.2200,3,0.670200,1,1.244800,37.228310,10.813375,30.385489,6.392075,0
2022-05-27,sz.300699,53.8000,54.7800,52.7000,53.3500,53.1800,2929971,157209931.2600,3,0.576300,1,0.319700,36.999447,10.746900,30.198693,6.352779,0
2022-05-30,sz.300699,53.5600,54.5200,52.5600,54.4800,53.3500,2857774,153881845.4700,3,0.562100,1,2.118100,37.783128,10.974529,30.838328,6.487337,0
2022-05-31,sz.300699,54.2300,55.4300,53.8000,55.0300,54.4800,3971707,217498110.6000,3,0.781200,1,1.009500,38.164566,11.085321,31.149655,6.552829,0
2022-06-01,sz.300699,55.3200,56.3300,54.6800,56.1400,55.0300,3722306,207406624.7700,3,0.732200,1,2.017100,38.934376,11.308921,31.777969,6.685005,0
2022-06-02,sz.300699,56.4500,57.2100,55.8700,56.5900,56.1400,3265374,184935914.2500,3,0.642300,1,0.801600,39.246462,11.399570,32.032691,6.738590,0
2022-06-06,sz.300699,56.0500,58.3300,56.0500,57.6900,56.5900,4248274,244783616.5800,3,0.835600,1,1.943800,40.009337,11.621156,32.655344,6.869575,0
2022-06-07,sz.300699,57.7800,58.3000,56.8100,57.2500,57.6900,3148276,180703891.4200,3,0.619300,1,-0.762700,39.704187,11.532521,32.406283,6.817181,0
2022-06-08,sz.300699,57.4900,57.7400,55.9000,56.7900,57.2500,4098802,231564880.9400,3,0.806200,1,-0.803500,39.385166,11.439858,32.145900,6.762405,0
2022-06-09,sz.300699,56.5000,56.6300,54.5000,54.9100,56.7900,3637669,201052659.1900,3,0.715500,1,-3.310400,38.081343,11.061148,31.081729,6.538540,0
2022-06-10,sz.300699,54.9100,56.2000,54.7000,55.6600,54.9100,6585475,365967716.3200,3,1.295400,1,1.365900,38.601485,11.212229,31.506265,6.627848,0
2022-06-13,sz.300699,55.3000,56.9700,55.0000,56.7900,55.6600,4389233,246827849.3400,3,0.863400,1,2.030200,39.385166,11.439858,32.145900,6.762405,0
2022-06-14,sz.300699,56.4600,56.4600,53.7100,55.0700,56.7900,6203959,338645101.3200,3,1.220300,1,-3.028700,38.192307,11.093379,31.172297,6.557592,0
2022-06-15,sz.300699,55.1300,56.6600,54.6800,54.6900,55.0700,4266021,236954222.8700,3,0.839100,1,-0.690000,37.928768,11.016831,30.957198,6.512343,0
2022-06-16,sz.300699,54.6900,57.5500,54.6900,55.9100,54.6900,6039812,340255890.4100,3,1.188000,1,2.230800,38.774866,11.262590,31.647778,6.657617,0
2022-06-17,sz.300699,55.0100,55.8700,52.6000,54.6800,55.9100,8625622,468155750.6800,3,1.696700,1,-2.200000,37.921833,11.014817,30.951538,6.511152,0
2022-06-20,sz.300699,54.7100,56.6800,54.7000,55.6300,54.6800,6762318,377899093.6800,3,1.330200,1,1.737400,38.580680,11.206186,31.489284,6.624276,0
2022-06-21,sz.300699,55.7200,55.9500,53.9300,54.4000,55.6300,3823359,208980827.6700,3,0.752100,1,-2.211000,37.727646,10.958413,30.793044,6.477810,0
2022-06-22,sz.300699,54.4000,54.7900,52.3500,52.4500,54.4000,5472372,291029368.3800,3,1.076400,1,-3.584600,36.375277,10.565603,29.689249,6.245610,0
2022-06-23,sz.300699,52.6100,55.7500,52.3500,55.5600,52.4500,7188767,390166459.4100,3,1.414000,1,5.929500,38.532133,11.192085,31.449661,6.615940,0
2022-06-24,sz.300699,55.6000,59.0000,55.6000,57.4500,55.5600,7552057,435538903.8000,3,1.485500,1,3.401700,39.842891,11.572810,32.519492,6.840997,0
2022-06-27,sz.300699,57.8400,58.1100,56.6700,57.1000,57.4500,5280942,302647374.6000,3,1.038800,1,-0.609200,39.600158,11.502305,32.321375,6.799319,0
2022-06-28,sz.300699,57.4400,59.6800,57.0000,59.2900,57.1000,7758603,455983480.4200,3,1.526100,1,3.835400,41.118973,11.943462,33.561022,7.060099,0
2022-06-29,sz.300699,58.6600,59.1700,57.6900,57.9000,59.2900,6803275,396486393.8800,3,1.338200,1,-2.344400,40.154977,11.663458,32.774214,6.894581,0
2022-06-30,sz.300699,57.8200,59.8600,57.7000,58.8700,57.9000,5714951,338732565.6900,3,1.124100,1,1.675300,40.827694,11.858856,33.323281,7.010086,0
2022-07-01,sz.300699,59.2200,60.2000,57.7600,57.9400,58.8700,6230614,366898981.0300,3,1.225600,1,-1.579800,40.182717,11.671516,32.796856,6.899344,0
2022-07-04,sz.300699,57.5000,61.0000,56.9000,60.8300,57.9400,7354049,441022157.1200,3,1.446600,1,4.987900,42.186999,12.253682,34.432737,7.243478,0
2022-07-05,sz.300699,60.4000,60.9000,59.2000,60.7800,60.8300,5414965,325538639.4000,3,1.065100,1,-0.082200,42.152323,12.243610,34.404434,7.237524,0
2022-07-06,sz.300699,60.5000,61.6200,59.6000,60.1300,60.7800,4526375,274296997.2200,3,0.890300,1,-1.069400,41.701533,12.112673,34.036503,7.160124,0
2022-07-07,sz.300699,60.6900,61.4700,59.9100,60.7000,60.1300,3756887,228304770.9100,3,0.739000,1,0.947900,42.096841,12.227494,34.359150,7.227998,0
2022-07-08,sz.300699,61.1900,62.1600,60.2000,60.2700,60.7000,4010639,244773453.9700,3,0.788900,1,-0.708400,41.798626,12.140874,34.115749,7.176795,0
2022-07-11,sz.300699,60.0800,60.0800,57.7800,59.3000,60.2700,6043042,353795397.2000,3,1.188700,1,-1.609400,41.125909,11.945476,33.566682,7.061290,0
2022-07-12,sz.300699,60.6500,67.1000,60.6500,63.5900,59.3000,17069178,1098551574.1100,3,3.357500,1,7.234400,44.101122,12.809660,35.995031,7.572132,0
2022-07-13,sz.300699,64.5800,65.3100,63.0000,64.5800,63.5900,7476467,480243042.2500,3,1.470600,1,1.556800,44.787710,13.009087,36.555419,7.690018,0
2022-07-14,sz.300699,65.0000,67.1000,63.5600,66.3700,64.5800,9080222,601704880.0200,3,1.786100,1,2.771800,46.029116,13.369667,37.568646,7.903167,0
2022-07-15,sz.300699,66.6500,70.7300,66.2000,68.3900,66.3700,8614743,595110943.2200,3,1.694500,1,3.043500,47.430032,13.776579,38.712064,8.143703,0
2022-07-18,sz.300699,68.4200,68.9500,66.6600,68.8800,68.3900,5794004,393389364.2900,3,1.139700,1,0.716500,47.769858,13.875285,38.989428,8.202051,0
2022-07-19,sz.300699,68.4900,73.0000,66.9800,70.7000,68.8800,12330388,866129652.5100,3,2.425400,1,2.642300,49.032070,14.241908,40.019636,8.418772,0
2022-07-20,sz.300699,71.0700,73.0000,69.4500,72.2800,70.7000,9547678,685802347.6100,3,1.878000,1,2.234800,50.127836,14.560186,40.913993,8.606914,0
2022-07-21,sz.300699,72.4000,73.1300,69.4100,71.2000,72.2800,7079074,503399062.5900,3,1.392500,1,-1.494200,49.378831,14.342629,40.302661,8.478311,0
2022-07-22,sz.300699,71.0000,71.9300,69.1800,70.2100,71.2000,5867315,410588127.4000,3,1.154100,1,-1.390400,48.692244,14.143202,39.742273,8.360424,0
2022-07-25,sz.300699,70.5100,72.2200,70.1100,70.2800,70.2100,5791873,411502955.6000,3,1.139300,1,0.099700,48.740790,14.157303,39.781896,8.368760,0
2022-07-26,sz.300699,70.5000,70.7600,68.2500,68.8800,70.2800,4667338,321768387.3900,3,0.918100,1,-1.992000,47.769858,13.875285,38.989428,8.202051,0
2022-07-27,sz.300699,68.8100,69.4700,68.1900,68.6000,68.8800,3604622,247740901.2100,3,0.709000,1,-0.406500,47.575672,13.818881,38.830934,8.168710,0
2022-07-28,sz.300699,68.8600,70.4800,68.7000,70.0200,68.6000,5308310,369407932.9700,3,1.044200,1,2.070000,48.560474,14.104928,39.634723,8.337799,0
2022-07-29,sz.300699,69.5100,70.8800,67.9900,70.0500,70.0200,5095782,355184419.4000,3,1.002300,1,0.042800,48.581280,14.110971,39.651705,8.341372,0
2022-08-01,sz.300699,69.6700,74.3000,69.6600,72.3500,70.0500,9861557,709978102.9000,3,1.939800,1,3.283400,50.176383,14.574287,40.953617,8.615250,0
2022-08-02,sz.300699,71.0200,72.7700,68.8300,69.5200,72.3500,5475461,384362796.2500,3,1.077000,1,-3.911500,48.213713,14.004208,39.351699,8.278261,0
2022-08-03,sz.300699,69.5000,71.8800,69.5000,70.5800,69.5200,5563287,395087567.6400,3,1.094300,1,1.524700,48.948847,14.217735,39.951711,8.404483,0
2022-08-04,sz.300699,70.6100,71.1900,68.6200,69.1900,70.5800,4524555,314922021.2700,3,0.890000,1,-1.969400,47.984850,13.937732,39.164903,8.238965,0
2022-08-05,sz.300699,69.4000,69.5800,67.5200,68.2900,69.1900,5026034,342741275.8700,3,0.988600,1,-1.300800,47.360680,13.756435,38.655459,8.131796,0
2022-08-08,sz.300699,68.8000,72.9900,68.1000,72.3400,68.2900,7814503,559003150.0600,3,1.537100,1,5.930600,50.169447,14.572272,40.947956,8.614059,0
2022-08-09,sz.300699,72.2000,74.8600,71.8000,74.3000,72.3400,6255954,459830560.6700,3,1.230600,1,2.709400,51.528752,14.967098,42.057411,8.847451,0
2022-08-10,sz.300699,73.9900,78.2300,73.8100,75.5500,74.3000,7627528,578836045.2800,3,1.500300,1,1.682400,52.395656,15.218899,42.764972,8.996297,0
2022-08-11,sz.300699,75.9700,76.6500,74.3100,75.1700,75.5500,5151188,386649369.7900,3,1.013200,1,-0.503000,52.132117,15.142352,42.549874,8.951048,0
2022-08-12,sz.300699,75.1700,75.1700,73.2600,73.7000,75.1700,3543963,262154151.6400,3,0.697100,1,-1.955600,51.112639,14.846233,41.717782,8.776004,0
2022-08-15,sz.300699,73.1400,76.2900,73.0100,74.9500,73.7000,4846666,363688808.3400,3,0.950800,1,1.696100,51.979542,15.098034,42.425343,8.924851,0
2022-08-16,sz.300699,74.4800,78.2500,74.4800,78.0400,74.9500,7408201,572421751.8500,3,1.453400,1,4.122700,48.742075,15.332220,95.377921,9.177265,0
2022-08-17,sz.300699,77.9400,78.0500,75.3300,76.1100,78.0400,4525304,344541619.2700,3,0.887800,1,-2.473100,47.536639,14.953040,93.019139,8.950303,0
2022-08-18,sz.300699,75.8000,77.4000,74.7900,76.4600,76.1100,4197036,320568257.0800,3,0.823400,1,0.459900,47.755241,15.021804,93.446897,8.991462,0
2022-08-19,sz.300699,76.5100,76.6600,72.7000,72.8400,76.4600,5237094,388877654.2500,3,1.027400,1,-4.734500,45.494269,14.310596,89.022652,8.565761,0
2022-08-22,sz.300699,73.2000,75.9800,73.0600,75.1500,72.8400,5878940,440541106.9900,3,1.153300,1,3.171300,46.937044,14.764433,91.845858,8.837410,0
2022-08-23,sz.300699,75.5000,75.5000,72.8000,73.0000,75.1500,5251506,385453242.7200,3,1.030300,1,-2.860900,45.594201,14.342031,89.218199,8.584576,0
2022-08-24,sz.300699,73.0200,73.6000,70.3000,71.1800,73.0000,5646299,404299278.4900,3,1.107700,1,-2.493200,44.457469,13.984462,86.993855,8.370550,0
2022-08-25,sz.300699,71.4800,71.9300,68.9500,70.1900,71.1800,3992042,279816318.4400,3,0.783200,1,-1.390800,43.839137,13.789961,85.783909,8.254129,0
2022-08-26,sz.300699,70.2700,70.6800,68.0700,68.4500,70.1900,4334425,299797097.5000,3,0.850300,1,-2.479000,42.752371,13.448110,83.657338,8.049510,0
2022-08-29,sz.300699,70.0000,79.5800,68.9000,78.4000,68.4500,14932466,1137905134.6700,3,2.929500,1,14.536200,48.966923,15.402948,95.817901,9.219600,0
2022-08-30,sz.300699,77.9700,78.6900,75.5000,77.5800,78.4000,9914000,768993785.6700,3,1.945000,1,-1.045900,48.454769,15.241846,94.815724,9.123170,0
2022-08-31,sz.300699,77.3900,78.1300,75.2000,75.9400,77.5800,5409662,412291026.3500,3,1.061300,1,-2.113900,47.430461,14.919641,92.811370,8.930311,0
2022-09-01,sz.300699,75.2800,77.4500,74.3600,74.4800,75.9400,4132584,312035957.7600,3,0.810700,1,-1.922600,46.518577,14.632801,91.027006,8.758620,0
2022-09-02,sz.300699,74.4500,78.5000,72.9000,78.1000,74.4800,7215937,553829330.9000,3,1.415600,1,4.860400,48.779549,15.344008,95.451251,9.184321,0
2022-09-05,sz.300699,77.1800,81.3000,76.6900,79.8000,78.1000,9005941,717277303.1900,3,1.766800,1,2.176700,49.841332,15.678001,97.528935,9.384236,0
2022-09-06,sz.300699,79.8000,81.1000,78.5000,80.8900,79.8000,8177222,654438979.1000,3,1.604200,1,1.365900,50.522122,15.892149,98.861097,9.512416,0
2022-09-07,sz.300699,80.5100,82.6900,79.3000,82.3100,80.8900,6296915,512349073.0000,3,1.235300,1,1.755500,51.409023,16.171131,100.596575,9.679404,0
2022-09-08,sz.300699,82.1000,87.7000,81.6100,86.0200,82.3100,10421747,888575850.4500,3,2.044600,1,4.507400,53.726208,16.900020,105.130815,10.115689,0
2022-09-09,sz.300699,85.5000,86.7700,83.4500,84.5400,86.0200,6989477,593560804.6600,3,1.371200,1,-1.720500,52.801832,16.609250,103.322007,9.941645,0
2022-09-13,sz.300699,84.6100,86.7600,83.9100,85.8100,84.5400,5231834,446395332.6400,3,1.026400,1,1.502200,53.595047,16.858762,104.874159,10.090993,0
2022-09-14,sz.300699,85.0000,90.7900,84.5300,90.0000,85.8100,7591750,674386328.5900,3,1.489400,1,4.882900,56.212029,17.681956,109.995040,10.583724,0
2022-09-15,sz.300699,89.2000,89.5800,85.0700,87.2100,90.0000,7483125,650910813.8000,3,1.468100,1,-3.100000,54.469456,17.133815,106.585193,10.255629,0
2022-09-16,sz.300699,86.2000,88.8000,85.3500,85.7600,87.2100,6848437,596140343.2800,3,1.343500,1,-1.662700,53.563818,16.848939,104.813051,10.085113,0
2022-09-19,sz.300699,85.3000,86.4300,83.0000,83.8100,85.7600,6944749,587291305.3100,3,1.362400,1,-2.273800,52.345890,16.465830,102.429825,9.855799,0
2022-09-20,sz.300699,84.5000,84.7000,81.6700,83.2300,83.8100,5514831,458985614.1300,3,1.081900,1,-0.692000,51.983635,16.351880,101.720968,9.787593,0
2022-09-21,sz.300699,82.6900,83.1600,80.3600,82.5900,83.2300,6531852,535676580.6800,3,1.281400,1,-0.769000,51.583905,16.226141,100.938781,9.712331,0
2022-09-22,sz.300699,82.3800,87.5200,82.1000,85.3000,82.5900,9276594,797659090.7500,3,1.819900,1,3.281300,53.276512,16.758565,104.250854,10.031019,0
2022-09-23,sz.300699,84.9000,86.9900,84.7000,85.2100,85.3000,5992214,513117059.1000,3,1.175600,1,-0.105500,53.220300,16.740883,104.140859,10.020435,0
2022-09-26,sz.300699,84.9900,86.1900,82.1300,85.0400,85.2100,5911248,501967050.4800,3,1.159700,1,-0.199500,53.114121,16.707483,103.933091,10.000444,0
2022-09-27,sz.300699,84.4000,89.6100,84.0000,87.9600,85.0400,7022502,615810694.5600,3,1.377700,1,3.433700,54.937889,17.281165,107.501819,10.343827,0
2022-09-28,sz.300699,87.6900,88.6000,84.7300,85.4000,87.9600,6090459,525532490.6900,3,1.194800,1,-2.910400,53.338969,16.778211,104.373071,10.042778,0
2022-09-29,sz.300699,85.2500,89.2700,85.2500,86.4500,85.4000,6567016,575063947.4100,3,1.288300,1,1.229500,53.994776,16.984501,105.656346,10.166255,0
2022-09-30,sz.300699,86.0300,86.4000,82.0000,82.9100,86.4500,6439769,537253658.4000,3,1.263400,1,-4.094900,51.783770,16.289010,101.329875,9.749962,0
2022-10-10,sz.300699,81.9800,83.6000,78.8300,79.3200,82.9100,7649934,615408578.2400,3,1.500800,1,-4.330000,49.541535,15.583697,96.942295,9.327789,0
2022-10-11,sz.300699,79.7100,79.7100,77.8900,78.5200,79.3200,5036508,396185817.5500,3,0.988100,1,-1.008600,49.041872,15.426524,95.964561,9.233712,0
2022-10-12,sz.300699,77.5000,77.6000,67.3000,70.6100,78.5200,19723277,1375731833.6500,3,3.869400,1,-10.073900,44.101459,13.872476,86.297219,8.303520,0
2022-10-13,sz.300699,70.0000,75.5600,69.0700,74.3000,70.6100,11914075,869764253.9900,3,2.337300,1,5.225900,46.406153,14.597437,90.807016,8.737452,0
2022-10-14,sz.300699,74.4000,80.9000,74.0200,78.8000,74.3000,9291432,725741074.9100,3,1.822800,1,6.056500,49.216754,15.481534,96.306768,9.266639,0
2022-10-17,sz.300699,79.0100,81.1600,78.0100,79.9300,78.8000,5181002,413518628.3600,3,1.016400,1,1.434000,49.922527,15.703541,97.687817,9.399523,0
2022-10-18,sz.300699,80.0500,80.7000,77.6000,79.3200,79.9300,6100423,480863745.6300,3,1.196800,1,-0.763200,49.541535,15.583697,96.942295,9.327789,0
2022-10-19,sz.300699,79.9400,80.0000,77.7000,78.0600,79.3200,2481486,194595707.6000,3,0.486800,1,-1.588500,48.754566,15.336149,95.402364,9.179617,0
2022-10-20,sz.300699,77.6800,78.9800,76.5300,77.6000,78.0600,3876250,301499963.1200,3,0.760500,1,-0.589300,48.467260,15.245775,94.840168,9.125522,0
2022-10-21,sz.300699,77.6000,79.0000,76.6600,78.3100,77.6000,3117038,243757783.4700,3,0.611500,1,0.914900,48.910711,15.385266,95.707906,9.209016,0
2022-10-24,sz.300699,77.8900,83.3500,77.8900,81.7200,78.3100,7393297,604118492.3800,3,1.450400,1,4.354500,51.040522,16.055216,99.875496,9.610022,0
2022-10-25,sz.300699,80.8000,82.3400,79.5000,80.2000,81.7200,6021051,485428313.8400,3,1.181200,1,-1.860000,46.686360,16.082643,81.973967,8.878098,0
2022-10-26,sz.300699,80.6400,81.2300,77.4000,78.5000,80.2000,6178324,486105662.2200,3,1.212100,1,-2.119700,45.696749,15.741739,80.236364,8.689909,0
2022-10-27,sz.300699,78.0000,79.3300,74.9600,76.5200,78.5000,5685896,436216885.8600,3,1.115500,1,-2.522300,44.544143,15.344686,78.212568,8.470724,0
2022-10-28,sz.300699,76.3600,79.5000,75.8000,76.3000,76.5200,4982577,384731582.7400,3,0.977500,1,-0.287500,44.416075,15.300569,77.987702,8.446370,0
2022-10-31,sz.300699,76.5000,78.6800,74.6100,77.6000,76.3000,4955597,380625166.0400,3,0.972200,1,1.703800,45.172837,15.561261,79.316457,8.590279,0
2022-11-01,sz.300699,78.0100,78.4500,73.9900,76.2000,77.6000,6301080,475931859.9100,3,1.236200,1,-1.804100,44.357863,15.280516,77.885490,8.435300,0
2022-11-02,sz.300699,75.5900,77.3000,74.5400,74.9900,76.2000,5093276,384008558.5100,3,0.999200,1,-1.587900,43.653493,15.037873,76.648726,8.301354,0
2022-11-03,sz.300699,74.6000,78.2700,74.1900,76.6800,74.9900,4760580,364968945.0700,3,0.933900,1,2.253600,44.637283,15.376771,78.376107,8.488436,0
2022-11-04,sz.300699,76.7300,77.5800,75.4200,76.4700,76.6800,6056743,462929939.5200,3,1.188200,1,-0.273900,44.515037,15.334660,78.161462,8.465189,0
2022-11-07,sz.300699,76.8000,78.6000,72.8700,73.4000,76.4700,8426247,628610250.8900,3,1.653100,1,-4.014600,42.727915,14.719027,75.023556,8.125342,0
2022-11-08,sz.300699,73.0000,73.8800,72.7700,73.6400,73.4000,3383311,248174438.9800,3,0.663700,1,0.327000,42.867625,14.767155,75.268865,8.151909,0
2022-11-09,sz.300699,74.5700,76.8800,73.8800,74.0100,73.6400,6463857,487127892.6600,3,1.268100,1,0.502400,43.083011,14.841352,75.647049,8.192868,0
2022-11-10,sz.300699,73.7000,74.2600,72.4200,73.4600,74.0100,2858901,209845822.7800,3,0.560900,1,-0.743100,42.762843,14.731059,75.084883,8.131984,0
2022-11-11,sz.300699,74.9300,75.1700,72.3800,72.6800,73.4600,4461375,327716645.3100,3,0.875200,1,-1.061800,42.308786,14.574645,74.287630,8.045638,0
2022-11-14,sz.300699,72.2000,73.7700,71.3000,72.4600,72.6800,3370209,244564854.4100,3,0.661200,1,-0.302700,42.180719,14.530528,74.062764,8.021284,0
2022-11-15,sz.300699,72.1500,74.0000,71.8000,73.4100,72.4600,5397250,395585278.6900,3,1.058800,1,1.311100,42.733736,14.721033,75.033777,8.126449,0
2022-11-16,sz.300699,73.5900,75.3700,72.0000,72.5600,73.4100,4797216,353242718.5900,3,0.941100,1,-1.157900,42.238931,14.550581,74.164976,8.032354,0
2022-11-17,sz.300699,71.9800,73.4900,68.9200,73.1000,72.5600,6206425,442425083.3300,3,1.217600,1,0.744200,42.553278,14.658868,74.716920,8.092132,0
2022-11-18,sz.300699,73.5200,75.1800,72.8000,73.6200,73.1000,3499783,259148550.0000,3,0.686600,1,0.711400,42.855983,14.763144,75.248422,8.149695,0
2022-11-21,sz.300699,73.3800,76.4400,73.2200,74.6600,73.6200,4238351,317835178.9800,3,0.831500,1,1.412700,43.461392,14.971697,76.311426,8.264823,0
2022-11-22,sz.300699,74.6800,75.5700,73.7100,74.0500,74.6600,3436103,256432399.2700,3,0.674100,1,-0.817000,43.106296,14.849373,75.687934,8.197296,0
2022-11-23,sz.300699,73.6900,74.3800,72.2700,74.0000,74.0500,3040175,222608775.2800,3,0.596400,1,-0.067500,43.077190,14.839346,75.636828,8.191761,0
2022-11-24,sz.300699,74.2900,74.9000,73.5000,73.5000,74.0000,2201470,162924079.2000,3,0.431900,1,-0.675700,42.786128,14.739081,75.125768,8.136411,0
2022-11-25,sz.300699,73.1100,73.3500,72.1100,72.2800,73.5000,1914150,139084266.8700,3,0.375500,1,-1.659900,42.075936,14.494432,73.878782,8.001358,0
2022-11-28,sz.300699,72.0800,72.2900,70.6300,72.2600,72.2800,1683976,120825774.1300,3,0.330400,1,-0.027700,42.064294,14.490421,73.858340,7.999144,0
2022-11-29,sz.300699,72.6000,73.1600,70.5000,70.7500,72.2600,4170209,297932587.5900,3,0.818100,1,-2.089700,41.185286,14.187618,72.314940,7.831988,0
2022-11-30,sz.300699,71.0300,71.4900,69.4500,71.0900,70.7500,5854975,410450423.6900,3,1.148600,1,0.480600,41.383208,14.255799,72.662461,7.869626,0
2022-12-01,sz.300699,70.9800,74.2100,70.2000,72.7000,71.0900,6720069,488732048.6700,3,1.318400,1,2.264700,42.320428,14.578655,74.308073,8.047852,0
2022-12-02,sz.300699,72.8800,74.5000,72.2000,72.5500,72.7000,3409661,249813421.3200,3,0.668900,1,-0.206300,42.233110,14.548576,74.154755,8.031247,0
2022-12-05,sz.300699,72.5500,73.3900,70.3000,70.4000,72.5500,4357740,311158920.1700,3,0.854900,1,-2.963500,40.981543,14.117432,71.957198,7.793243,0
2022-12-06,sz.300699,70.4900,71.5000,69.1100,71.5000,70.4000,4738264,334300628.5700,3,0.929600,1,1.562500,41.621879,14.338017,73.081529,7.915013,0
2022-12-07,sz.300699,71.2000,73.9300,70.8000,71.9400,71.5000,5601047,406544652.3800,3,1.098800,1,0.615400,41.878014,14.426251,73.531262,7.963720,0
2022-12-08,sz.300699,71.8500,71.8500,70.0000,70.6300,71.9400,5156175,363550385.0000,3,1.011600,1,-1.821000,41.115431,14.163555,72.192286,7.818704,0
2022-12-09,sz.300699,70.8000,71.7400,69.9000,71.1900,70.6300,5007457,354666790.0300,3,0.982400,1,0.792900,41.441421,14.275852,72.764672,7.880696,0
2022-12-12,sz.300699,71.1900,75.5000,71.0000,75.1800,71.1900,7522656,556777627.7500,3,1.475800,1,5.604700,43.764096,15.075974,76.842928,8.322387,0
2022-12-13,sz.300699,75.4600,75.4600,72.9100,73.6500,75.1800,4552000,334764989.1500,3,0.893000,1,-2.035100,42.873446,14.769160,75.279086,8.153016,0
2022-12-14,sz.300699,73.6500,74.5200,72.7400,72.7500,73.6500,2153527,158120794.2000,3,0.422500,1,-1.222000,42.349535,14.588682,74.359179,8.053387,0
2022-12-15,sz.300699,72.0100,73.4400,71.9100,73.0700,72.7500,1711193,124584513.6600,3,0.335700,1,0.439900,42.535814,14.652852,74.686257,8.088811,0
2022-12-16,sz.300699,72.5500,72.9400,71.0600,71.3700,73.0700,2705247,193954577.7700,3,0.530700,1,-2.326500,41.546203,14.311948,72.948654,7.900622,0
2022-12-19,sz.300699,71.4300,72.5500,70.7800,71.3900,71.3700,2044145,146196002.6300,3,0.401000,1,0.028000,41.557846,14.315959,72.969096,7.902836,0
2022-12-20,sz.300699,71.5700,72.1100,70.3000,70.4100,71.3900,1604917,113625241.9800,3,0.314900,1,-1.372700,40.987364,14.119438,71.967419,7.794350,0
2022-12-21,sz.300699,70.7000,70.7700,69.7000,70.1500,70.4100,1671218,117170442.1400,3,0.327900,1,-0.369300,40.836012,14.067299,71.701668,7.765568,0
2022-12-22,sz.300699,70.2700,70.5600,68.0000,68.2600,70.1500,3149261,217076984.0700,3,0.617800,1,-2.694200,39.735797,13.688294,69.769863,7.556346,0
2022-12-23,sz.300699,68.7300,68.7300,67.0400,67.4400,68.2600,1971035,133758872.4500,3,0.386700,1,-1.201300,39.258455,13.523858,68.931725,7.465573,0
2022-12-26,sz.300699,67.2300,70.1600,67.2300,69.8000,67.4400,2491795,173476484.5800,3,0.488800,1,3.499400,40.632268,13.997113,71.343927,7.726823,0
2022-12-27,sz.300699,69.8000,71.2000,69.5000,70.8700,69.8000,2088190,147026497.0300,3,0.409700,1,1.533000,41.255141,14.211682,72.437594,7.845272,0
2022-12-28,sz.300699,71.4900,72.4500,70.2500,70.5600,70.8700,1603381,113968789.8600,3,0.314600,1,-0.437400,41.074683,14.149517,72.120737,7.810955,0
2022-12-29,sz.300699,70.2500,73.2300,70.2500,72.6500,70.5600,3004228,216875403.6100,3,0.589400,1,2.962000,42.291322,14.568629,74.256967,8.042317,0
2022-12-30,sz.300699,72.5500,74.3600,71.9200,72.2500,72.6500,2354478,171707344.3500,3,0.461900,1,-0.550600,42.058472,14.488416,73.848119,7.998037,0
2023-01-03,sz.300699,72.5500,76.3000,72.3200,75.5800,72.2500,4877045,365272429.5300,3,0.956800,1,4.609000,43.996946,15.156187,77.251776,8.366666,0
2023-01-04,sz.300699,76.3300,76.3300,73.4900,74.3900,75.5800,3321506,248617193.2500,3,0.651600,1,-1.574500,43.304218,14.917554,76.035454,8.234934,0
2023-01-05,sz.300699,74.8500,74.8500,72.6100,73.3800,74.3900,4127020,303192619.0200,3,0.809700,1,-1.357700,42.716273,14.715017,75.003114,8.123128,0
2023-01-06,sz.300699,73.2400,73.4800,72.6600,72.9000,73.3800,2982665,217649747.5100,3,0.585100,1,-0.654100,42.436853,14.618762,74.512496,8.069992,0
2023-01-09,sz.300699,72.9100,73.3000,69.7000,69.9800,72.9000,7906134,559007205.2000,3,1.551000,1,-4.005500,40.737051,14.033209,71.527908,7.746749,0
2023-01-10,sz.300699,69.2200,69.2200,64.6400,66.0000,69.9800,12973896,855861914.4800,3,2.545300,1,-5.687300,38.420196,13.235093,67.459873,7.306165,0
2023-01-11,sz.300699,66.0000,66.8800,63.9900,64.2000,66.0000,10741264,702844406.6100,3,2.107300,1,-2.727300,37.372373,12.874136,65.620059,7.106906,0
2023-01-12,sz.300699,64.9800,68.0000,64.9800,67.5000,64.2000,11848603,792646371.9400,3,2.324500,1,5.140200,37.545049,13.892774,68.993052,7.472215,0
2023-01-13,sz.300699,67.2800,67.5000,65.1100,65.7300,67.5000,6413791,422938307.9300,3,1.258300,1,-2.622200,36.560534,13.528475,67.183901,7.276277,0
2023-01-16,sz.300699,66.0500,66.4500,65.3000,65.9500,65.7300,6660583,438734132.3300,3,1.306700,1,0.334700,36.682903,13.573755,67.408767,7.300630,0
2023-01-17,sz.300699,66.0500,67.5900,65.5200,66.2500,65.9500,7177547,477314332.9200,3,1.408100,1,0.454900,36.849770,13.635500,67.715403,7.333840,0
2023-01-18,sz.300699,66.2700,66.8900,65.8800,66.1200,66.2500,3722152,246626934.6300,3,0.730200,1,-0.196200,36.777461,13.608744,67.582528,7.319449,0
2023-01-19,sz.300699,66.1300,69.2100,65.8000,68.7000,66.1200,5816182,394083121.5700,3,1.141000,1,3.902000,38.212516,14.139757,70.219595,7.605054,0
2023-01-20,sz.300699,69.1800,69.3000,67.9800,68.8000,68.7000,4336647,297590703.0200,3,0.850800,1,0.145600,38.268138,14.160339,70.321807,7.616124,0
2023-01-30,sz.300699,69.5000,72.3500,69.3500,71.5000,68.8000,7429739,526765504.2300,3,1.457600,1,3.924400,39.769940,14.716050,73.081529,7.915013,0
2023-01-31,sz.300699,71.4800,73.2600,71.0400,72.1900,71.5000,5623719,406947073.8800,3,1.103300,1,0.965000,40.153734,14.858065,73.786792,7.991395,0
2023-02-01,sz.300699,72.1900,72.7800,71.3500,71.9000,72.1900,4216599,303340080.0800,3,0.827200,1,-0.401700,39.992430,14.798377,73.490377,7.959292,0
2023-02-02,sz.300699,71.9000,72.2000,70.6000,70.7000,71.9000,4488688,320187735.5000,3,0.880600,1,-1.669000,39.324962,14.551394,72.263834,7.826453,0
2023-02-03,sz.300699,70.6000,71.5000,70.3300,71.4600,70.7000,3226699,229104464.5400,3,0.633000,1,1.075000,39.747691,14.707817,73.040645,7.910585,0
2023-02-06,sz.300699,70.9000,71.6500,69.4500,69.5000,71.4600,4574923,320925591.0600,3,0.897500,1,-2.742800,38.657494,14.304412,71.037291,7.693614,0
2023-02-07,sz.300699,69.5500,69.9100,68.0000,68.7500,69.5000,4400785,302193119.8500,3,0.863400,1,-1.079100,38.240327,14.150048,70.270701,7.610589,0
2023-02-08,sz.300699,68.6000,68.8900,67.3000,67.5000,68.7500,3936637,266950928.3300,3,0.772300,1,-1.818200,37.545049,13.892774,68.993052,7.472215,0
2023-02-09,sz.300699,67.5800,69.4900,67.0200,69.1700,67.5000,4850249,333198699.3800,3,0.951500,1,2.474100,38.473941,14.236492,70.699991,7.657083,0
2023-02-10,sz.300699,69.0100,69.1900,65.9700,66.4000,69.1700,8507669,569624157.9600,3,1.669100,1,-4.004600,36.933203,13.666373,67.868721,7.350445,0
2023-02-13,sz.300699,66.3200,67.5700,66.3200,66.6800,66.4000,5141948,343223999.0000,3,1.008800,1,0.421700,37.088946,13.724003,68.154914,7.381441,0
2023-02-14,sz.300699,66.7200,67.5900,66.6000,67.5000,66.6800,3695587,248023724.3800,3,0.725000,1,1.229800,37.545049,13.892774,68.993052,7.472215,0
2023-02-15,sz.300699,67.2000,67.4700,66.5500,67.0700,67.5000,3126956,209225835.8600,3,0.613500,1,-0.637000,37.305873,13.804272,68.553541,7.424614,0
2023-02-16,sz.300699,67.0600,67.4600,65.6800,66.2200,67.0700,3820563,255334966.6500,3,0.749500,1,-1.267300,36.833083,13.629326,67.684740,7.330519,0
2023-02-17,sz.300699,66.1400,67.3000,65.9700,67.0800,66.2200,5443877,363345716.5300,3,1.068000,1,1.298700,37.311435,13.806330,68.563762,7.425721,0
2023-02-20,sz.300699,66.8500,67.0800,64.8800,66.1700,67.0800,5967665,392372713.8300,3,1.170800,1,-1.356600,36.805272,13.619035,67.633634,7.324984,0
2023-02-21,sz.300699,66.0000,66.6500,65.4100,65.7700,66.1700,3964602,261438451.7700,3,0.777800,1,-0.604500,36.582783,13.536707,67.224786,7.280705,0
2023-02-22,sz.300699,65.4400,66.3000,64.9000,65.1300,65.7700,3113621,203381675.7300,3,0.610800,1,-0.973100,36.226800,13.404983,66.570630,7.209857,0
2023-02-23,sz.300699,65.2000,66.2700,65.0200,65.5500,65.1300,2960333,194448330.1400,3,0.580800,1,0.644900,36.460414,13.491427,66.999920,7.256351,0
2023-02-24,sz.300699,65.5400,67.2000,65.2800,65.7700,65.5500,4761841,314662465.4800,3,0.934200,1,0.335600,36.582783,13.536707,67.224786,7.280705,0
2023-02-27,sz.300699,65.5600,66.9500,64.9000,66.0200,65.7700,4779100,315596528.5200,3,0.937600,1,0.380100,36.721839,13.588162,67.480316,7.308379,0
2023-02-28,sz.300699,65.8000,66.8500,65.7100,66.6500,66.0200,3094811,205717817.1500,3,0.607100,1,0.954300,37.072259,13.717828,68.124251,7.378120,0
2023-03-01,sz.300699,66.6600,66.8500,65.9100,66.5600,66.6500,3976260,264050089.0500,3,0.780100,1,-0.135000,37.022199,13.699304,68.032260,7.368157,0
2023-03-02,sz.300699,66.6000,67.5000,64.4700,64.6000,66.5600,6871697,450178747.4500,3,1.348100,1,-2.944700,35.932002,13.295899,66.028906,7.151186,0
2023-03-03,sz.300699,64.6000,65.5300,64.1400,65.2700,64.6000,4194971,271850765.1800,3,0.823000,1,1.037200,36.304671,13.433798,66.713726,7.225355,0
2023-03-06,sz.300699,65.6000,68.5400,65.2700,67.5100,65.2700,7729396,521106060.0300,3,1.516400,1,3.431900,37.550611,13.894832,69.003273,7.473322,0
2023-03-07,sz.300699,67.5100,67.5300,65.3100,65.3100,67.5100,3854492,255569173.0300,3,0.756200,1,-3.258800,36.326920,13.442031,66.754611,7.229783,0
2023-03-08,sz.300699,65.2700,65.6600,64.7700,64.9500,65.3100,2784800,181209885.4800,3,0.546300,1,-0.551200,36.126680,13.367936,66.386648,7.189931,0
2023-03-09,sz.300699,65.1500,65.2100,63.5600,63.6200,64.9500,5390677,345137857.1000,3,1.057600,1,-2.047700,35.386904,13.094197,65.027229,7.042701,0
2023-03-10,sz.300699,63.1300,63.5900,62.6200,62.8000,63.6200,3464515,218442592.8400,3,0.679700,1,-1.288900,34.930801,12.925425,64.189092,6.951927,0
2023-03-13,sz.300699,62.3600,63.1200,62.2700,62.5800,62.8000,2570410,160822715.9800,3,0.504300,1,-0.350300,34.808432,12.880145,63.964225,6.927573,0
2023-03-14,sz.300699,62.3000,63.1800,60.7100,62.8000,62.5800,4663483,288996611.4600,3,0.914900,1,0.351600,34.930801,12.925425,64.189092,6.951927,0
2023-03-15,sz.300699,62.7100,63.6600,61.2600,61.4500,62.8000,3740774,232942606.6500,3,0.733900,1,-2.149700,34.179900,12.647570,62.809231,6.802483,0
2023-03-16,sz.300699,61.4700,61.8000,60.2000,60.2900,61.4500,3831040,233206225.9500,3,0.751600,1,-1.887700,33.534681,12.408820,61.623572,6.674071,0
2023-03-17,sz.300699,60.9200,61.0000,59.6900,59.6900,60.2900,4964999,298371870.7800,3,0.974000,1,-0.995200,33.200947,12.285329,61.010301,6.607652,0
2023-03-20,sz.300699,59.6900,60.7100,59.0800,59.9400,59.6900,3523134,211537962.3300,3,0.691200,1,0.418800,33.340003,12.336783,61.265830,6.635327,0
2023-03-21,sz.300699,60.3700,61.3600,60.1600,60.7800,59.9400,2703608,163968811.8800,3,0.530400,1,1.401400,33.807230,12.509671,62.124411,6.728314,0
2023-03-22,sz.300699,60.5700,60.9300,60.3600,60.4700,60.7800,2541596,153917994.3600,3,0.498600,1,-0.510000,33.634801,12.445867,61.807554,6.693997,0
2023-03-23,sz.300699,60.3100,60.8400,60.2100,60.7800,60.4700,2528778,153305080.2400,3,0.496100,1,0.512700,33.807230,12.509671,62.124411,6.728314,0
2023-03-24,sz.300699,60.7800,60.9900,59.7600,59.8800,60.7800,4070067,244491688.1100,3,0.798500,1,-1.480800,33.306630,12.324434,61.204503,6.628685,0
2023-03-27,sz.300699,59.8700,60.8900,59.8300,60.3300,59.8800,3585284,216424819.9700,3,0.703400,1,0.751500,33.556930,12.417053,61.664457,6.678499,0
2023-03-28,sz.300699,59.0000,59.0000,53.1000,54.4000,60.3300,21571533,1182457124.0200,3,4.232000,1,-9.829300,30.182623,11.229395,-48.315067,5.778329,0
2023-03-29,sz.300699,54.2000,54.3900,51.7100,51.9200,54.4000,18546689,974884373.5900,3,3.638500,1,-4.558800,28.806650,10.717467,-46.112468,5.514905,0
2023-03-30,sz.300699,51.9300,52.2000,50.7200,51.6600,51.9200,11580012,594843376.7800,3,2.271800,1,-0.500800,28.662395,10.663797,-45.881551,5.487288,0
2023-03-31,sz.300699,51.8700,51.9500,50.9800,51.0600,51.6600,11450481,587076894.9000,3,2.246400,1,-1.161400,28.329498,10.539943,-45.348664,5.423557,0
2023-04-03,sz.300699,50.9000,51.4800,50.5000,51.3800,51.0600,11093153,564980676.7200,3,2.176300,1,0.626700,28.507043,10.605998,-45.632870,5.457547,0
2023-04-04,sz.300699,51.0000,51.6200,49.8900,50.3000,51.3800,12925630,652121362.8800,3,2.535800,1,-2.102000,27.907829,10.383062,-44.673674,5.342830,0
2023-04-06,sz.300699,50.3800,53.0700,50.2800,52.6400,50.3000,13970505,726431829.0300,3,2.740800,1,4.652100,29.206126,10.866091,-46.751933,5.591383,0
2023-04-07,sz.300699,52.5400,55.1100,52.4300,53.5700,52.6400,13599775,733052768.3800,3,2.668000,1,1.766700,29.722116,11.058064,-47.577907,5.690167,0
2023-04-10,sz.300699,53.5300,54.7200,53.4500,53.8100,53.5700,7008676,379486671.4800,3,1.375000,1,0.448000,29.855274,11.107606,-47.791062,5.715660,0
2023-04-11,sz.300699,53.8100,54.7800,53.3500,53.9300,53.8100,5265270,283707810.2600,3,1.033000,1,0.223000,29.921854,11.132376,-47.897639,5.728406,0
2023-04-12,sz.300699,53.9200,54.6100,53.2700,53.5600,53.9300,5389293,289495860.4200,3,1.057300,1,-0.686100,29.716567,11.056000,-47.569026,5.689105,0
2023-04-13,sz.300699,53.3600,53.6100,53.0600,53.1700,53.5600,4064711,216412609.6900,3,0.797400,1,-0.728200,29.500185,10.975495,-47.222649,5.647679,0
2023-04-14,sz.300699,53.1700,54.0700,53.1500,53.7700,53.1700,4229651,226793981.3800,3,0.829800,1,1.128500,29.833081,11.099349,-47.755536,5.711411,0
2023-04-17,sz.300699,53.7000,54.1900,53.5000,53.9000,53.7700,3740149,201231603.1700,3,0.733800,1,0.241800,29.905209,11.126184,-47.870995,5.725219,0
2023-04-18,sz.300699,53.9200,53.9200,53.3500,53.6400,53.9000,2777092,148724035.0100,3,0.544800,1,-0.482400,29.760954,11.072514,-47.640077,5.697602,0
2023-04-19,sz.300699,53.5000,53.8200,52.8700,53.1700,53.6400,4194149,223178937.8300,3,0.822800,1,-0.876200,29.500185,10.975495,-47.222649,5.647679,0
2023-04-20,sz.300699,53.0900,53.2600,51.8500,52.4000,53.1700,5603202,293068916.6100,3,1.099300,1,-1.448200,29.072967,10.816550,-46.538778,5.565890,0
2023-04-21,sz.300699,52.4000,53.3900,51.0200,51.2000,52.4000,4850715,252742738.7400,3,0.951600,1,-2.290100,28.407174,10.568842,-45.473004,5.438427,0
2023-04-24,sz.300699,51.0000,51.7000,50.5000,50.7900,51.2000,5050168,257582770.7300,3,0.990800,1,-0.800800,29.310830,10.628595,-32.180150,5.199906,0
2023-04-25,sz.300699,50.8000,51.2900,49.8000,50.1800,50.7900,4359107,219524364.1500,3,0.855200,1,-1.201000,28.958800,10.500943,-31.793659,5.137454,0
2023-04-26,sz.300699,50.1700,51.9800,50.1200,51.1100,50.1800,5216628,267691016.9900,3,1.023400,1,1.853300,29.495501,10.695559,-32.382900,5.232668,0
2023-04-27,sz.300699,51.1100,52.3100,50.6700,51.8600,51.1100,6019301,311254107.1000,3,1.180900,1,1.467400,29.928325,10.852509,-32.858094,5.309453,0
2023-04-28,sz.300699,52.0800,52.7000,51.4100,52.1300,51.8600,3685178,191520069.4700,3,0.723000,1,0.520600,30.084142,10.909010,-33.029164,5.337096,0
2023-05-04,sz.300699,52.2100,52.6800,51.2500,51.4400,52.1300,4325362,224258237.3200,3,0.848600,1,-1.323600,29.685944,10.764617,-32.591985,5.266454,0
2023-05-05,sz.300699,51.5000,51.6300,50.2000,50.7100,51.4400,3600986,182954293.5600,3,0.706500,1,-1.419100,29.264662,10.611853,-32.129463,5.191716,0
2023-05-08,sz.300699,50.7000,52.1200,50.7000,51.8700,50.7100,4481710,231899765.9000,3,0.879200,1,2.287500,29.934096,10.854601,-32.864430,5.310477,0
2023-05-09,sz.300699,51.8300,52.1500,49.9500,49.9800,51.8700,5721662,289854456.3200,3,1.122500,1,-3.643700,28.843380,10.459089,-31.666941,5.116978,0
2023-05-10,sz.300699,50.3000,51.0800,49.3000,50.5800,49.9800,4850631,242557390.6300,3,0.951600,1,1.200500,29.189639,10.584649,-32.047096,5.178406,0
2023-05-11,sz.300699,31.1800,31.3400,30.5100,30.6500,31.1800,5386216,166130525.3600,3,0.660400,1,-1.699800,28.300908,10.262380,-31.071364,5.020740,0
2023-05-12,sz.300699,30.5100,30.9400,29.9900,30.0000,30.6500,5908168,179035921.5500,3,0.724400,1,-2.120700,27.700725,10.044744,-30.412428,4.914265,0
2023-05-15,sz.300699,30.0100,31.5500,29.9800,31.2600,30.0000,9121364,282680162.4300,3,1.118400,1,4.200000,28.864156,10.466623,-31.689750,5.120664,0
2023-05-16,sz.300699,31.3000,31.4900,30.9400,31.0600,31.2600,4079793,127100455.5700,3,0.500200,1,-0.639800,28.679484,10.399658,-31.487000,5.087902,0
2023-05-17,sz.300699,30.9500,31.7800,30.8800,31.4300,31.0600,5512377,172903326.7900,3,0.675900,1,1.191200,29.021126,10.523543,-31.862087,5.148511,0
2023-05-18,sz.300699,31.5000,31.5700,30.7100,30.8200,31.4300,4991800,154465073.1900,3,0.612100,1,-1.940800,28.457878,10.319300,-31.243701,5.048588,0
2023-05-19,sz.300699,30.8200,31.2900,30.6100,31.1700,30.8200,4353443,135261282.6700,3,0.533800,1,1.135600,28.781053,10.436489,-31.598513,5.105921,0
2023-05-22,sz.300699,31.2100,31.5800,31.0100,31.3200,31.1700,4182984,131055210.0300,3,0.512900,1,0.481200,28.919557,10.486713,-31.750575,5.130492,0
2023-05-23,sz.300699,31.3300,31.6600,30.9100,31.3600,31.3200,4519097,141526862.3700,3,0.554100,1,0.127700,28.956491,10.500106,-31.791125,5.137045,0
2023-05-24,sz.300699,31.3100,31.5800,31.1500,31.3800,31.3600,3491935,109595722.0400,3,0.428200,1,0.063800,28.974959,10.506802,-31.811400,5.140321,0
2023-05-25,sz.300699,31.3300,31.8400,31.1300,31.4300,31.3800,5866016,184472075.5000,3,0.719300,1,0.159300,29.021126,10.523543,-31.862087,5.148511,0
2023-05-26,sz.300699,31.4300,31.5400,30.4000,30.8500,31.4300,5086492,156692580.9000,3,0.622200,1,-1.845400,28.553997,10.354154,-31.349229,5.065640,0
2023-05-29,sz.300699,31.0900,32.6200,31.0900,31.8700,30.8500,14256794,457557568.1500,3,1.743800,1,3.306300,29.498084,10.696496,-32.385735,5.233126,0
2023-05-30,sz.300699,31.6800,31.9900,29.7200,30.2300,31.8700,16102635,489873893.2800,3,1.969600,1,-5.145900,27.980141,10.146064,-30.719196,4.963834,0
2023-05-31,sz.300699,30.0100,30.2200,29.2000,29.2900,30.2300,11799212,348692362.2200,3,1.443200,1,-3.109500,27.110100,9.830573,-29.763985,4.809484,0
2023-06-01,sz.300699,29.2400,29.3800,28.7100,28.8000,29.2900,8861957,256989156.7100,3,1.084000,1,-1.672900,26.656568,9.666115,-29.266055,4.729025,0
2023-06-02,sz.300699,28.9900,30.6700,28.9000,30.3500,28.8000,11980008,358240308.6400,3,1.465300,1,5.381900,28.091210,10.186340,-30.841138,4.983539,0
2023-06-05,sz.300699,30.3400,30.4900,29.4800,29.4800,30.3500,7156764,213420745.0200,3,0.875400,1,-2.866600,27.285959,9.894343,-29.957059,4.840683,0
2023-06-06,sz.300699,29.4200,29.6700,28.3900,28.4000,29.4800,8802420,252993323.7800,3,1.076700,1,-3.663500,26.286338,9.531863,-28.859582,4.663344,0
2023-06-07,sz.300699,28.5100,28.5600,28.1000,28.1400,28.4000,4983048,140744651.5800,3,0.609500,1,-0.915500,26.045688,9.444600,-28.595375,4.620652,0
2023-06-08,sz.300699,28.1400,28.5400,27.9000,28.3400,28.1400,5539919,156429939.9100,3,0.677600,1,0.710700,26.230803,9.511726,-28.798611,4.653492,0
2023-06-09,sz.300699,28.3000,28.5400,27.9400,28.3900,28.3400,7132411,201452467.6400,3,0.872400,1,0.176400,26.277082,9.528507,-28.849420,4.661702,0
2023-06-12,sz.300699,28.2600,28.9300,28.1400,28.7300,28.3900,6702994,191788026.3400,3,0.819900,1,1.197600,26.591778,9.642621,-29.194922,4.717531,0
2023-06-13,sz.300699,28.7300,28.7300,28.4600,28.6300,28.7300,3740254,107002145.8300,3,0.457500,1,-0.348100,26.499220,9.609058,-29.093304,4.701111,0
2023-06-14,sz.300699,28.6500,28.8700,28.3600,28.5500,28.6300,4111094,117853137.0000,3,0.502900,1,-0.279400,26.425174,9.582208,-29.012010,4.687975,0
2023-06-15,sz.300699,28.5700,29.1300,28.4200,29.0900,28.5500,5955642,172098072.1100,3,0.728500,1,1.891400,26.924985,9.763447,-29.560748,4.776644,0
2023-06-16,sz.300699,29.0900,29.4200,28.8500,29.1500,29.0900,5517622,160441305.2300,3,0.674900,1,0.206300,26.980519,9.783585,-29.621719,4.786496,0
2023-06-19,sz.300699,29.0900,29.1500,28.7800,28.8300,29.1500,4233252,122365323.9400,3,0.517800,1,-1.097800,26.684335,9.676184,-29.296541,4.733951,0
2023-06-20,sz.300699,28.8800,29.8900,28.7700,29.5500,28.8300,10376727,305731556.4900,3,1.269200,1,2.497400,27.350749,9.917837,-30.028192,4.852177,0
2023-06-21,sz.300699,29.5600,29.6900,28.6300,28.6300,29.5500,6686124,194148074.5200,3,0.817800,1,-3.113400,26.499220,9.609058,-29.093304,4.701111,0
2023-06-26,sz.300699,28.5000,29.3500,28.3800,28.8900,28.6300,6064538,175013132.0400,3,0.741800,1,0.908100,26.739870,9.696322,-29.357512,4.743803,0
2023-06-27,sz.300699,29.0800,29.6000,28.8800,29.1500,28.8900,4768845,139125229.6400,3,0.583300,1,0.900000,26.980519,9.783585,-29.621719,4.786496,0
2023-06-28,sz.300699,29.1300,29.5500,28.6600,29.3300,29.1500,5592906,162933169.4000,3,0.684100,1,0.617500,27.147123,9.843998,-29.804632,4.816052,0
2023-06-29,sz.300699,29.3300,29.5800,28.9200,28.9500,29.3300,5051615,147231613.5400,3,0.617900,1,-1.295600,26.795404,9.716459,-29.418483,4.753656,0
2023-06-30,sz.300699,28.9500,31.6400,28.8600,30.8500,28.9500,21545116,660566087.3000,3,2.635300,1,6.563000,28.553997,10.354154,-31.349229,5.065640,0
2023-07-03,sz.300699,30.9100,31.8800,30.8400,31.4200,30.8500,15510219,485255030.1900,3,1.897100,1,1.847600,29.081575,10.545463,-31.928453,5.159235,0
2023-07-04,sz.300699,31.2500,31.3000,30.7100,31.0600,31.4200,9863399,305784734.4800,3,1.206400,1,-1.145800,28.748368,10.424637,-31.562628,5.100122,0
2023-07-05,sz.300699,31.2500,31.2800,30.7200,30.8400,31.0600,5447767,168396380.3800,3,0.666300,1,-0.708300,28.544741,10.350798,-31.339067,5.063998,0
2023-07-06,sz.300699,31.1200,31.3500,30.5000,30.5600,30.8400,7992821,246398656.7600,3,0.977600,1,-0.907900,28.285580,10.256822,-31.054536,5.018021,0
2023-07-07,sz.300699,30.4900,30.6600,30.0500,30.1500,30.5600,6057786,183230847.6200,3,0.741000,1,-1.341600,27.906095,10.119214,-30.637901,4.950698,0
2023-07-10,sz.300699,30.3000,30.9800,30.1300,30.9800,30.1500,8044721,246199638.7300,3,0.984000,1,2.752900,28.674322,10.397786,-31.481333,5.086986,0
2023-07-11,sz.300699,31.0700,31.0700,30.4200,30.8000,30.9800,5298077,162477994.3700,3,0.648000,1,-0.581000,28.507718,10.337373,-31.298420,5.057430,0
2023-07-12,sz.300699,30.6800,30.6900,29.6000,29.6100,30.8000,12254196,366318504.6900,3,1.498900,1,-3.863600,27.406284,9.937974,-30.089163,4.862029,0
2023-07-13,sz.300699,29.5400,30.2200,29.5000,30.1100,29.6100,8125141,242967016.3800,3,0.993800,1,1.688600,27.869072,10.105789,-30.597254,4.944130,0
2023-07-14,sz.300699,30.0100,30.1000,29.5000,29.5700,30.1100,6386164,190174297.9300,3,0.781100,1,-1.793400,27.369261,9.924549,-30.048516,4.855461,0
2023-07-17,sz.300699,29.4600,29.8700,29.0900,29.2500,29.5700,4766755,140217336.3800,3,0.583000,1,-1.082200,27.073077,9.817148,-29.723337,4.802916,0
2023-07-18,sz.300699,29.4300,30.0500,29.2000,29.9600,29.2500,6579101,195966951.8300,3,0.804700,1,2.427400,27.730235,10.055445,-30.444827,4.919500,0
2023-07-19,sz.300699,29.8800,29.8800,29.3300,29.5600,29.9600,4258493,125861476.1700,3,0.520900,1,-1.335100,27.360005,9.921193,-30.038354,4.853819,0
2023-07-20,sz.300699,29.6200,29.9200,29.2300,29.2500,29.5600,4213064,124499718.7400,3,0.515300,1,-1.048700,27.073077,9.817148,-29.723337,4.802916,0
2023-07-21,sz.300699,29.1000,29.4900,29.0200,29.2000,29.2500,2834487,82814925.7000,3,0.346700,1,-0.170900,27.026798,9.800367,-29.672528,4.794706,0
2023-07-24,sz.300699,29.1800,29.5900,28.8900,29.0100,29.2000,4299082,125491070.7600,3,0.525800,1,-0.650700,26.850939,9.736597,-29.479453,4.763508,0
2023-07-25,sz.300699,29.3000,30.6800,29.2900,30.6500,29.0100,13542449,407995876.1800,3,1.656500,1,5.653200,28.368882,10.287029,-31.145993,5.032799,0
2023-07-26,sz.300699,30.6500,30.6600,30.2800,30.3400,30.6500,4635135,141113316.7200,3,0.566900,1,-1.011400,28.081954,10.182984,-30.830976,4.981897,0
2023-07-27,sz.300699,30.3800,30.5200,29.4200,29.6400,30.3400,7074259,211681178.2300,3,0.865300,1,-2.307200,27.434051,9.948043,-30.119648,4.866955,0
2023-07-28,sz.300699,29.6000,30.1200,29.4800,30.0700,29.6400,4777821,142764210.0900,3,0.584400,1,1.450700,27.832048,10.092364,-30.556607,4.937562,0
2023-07-31,sz.300699,30.1000,30.6000,30.0100,30.3500,30.0700,5961805,180692165.7300,3,0.729200,1,0.931200,28.091210,10.186340,-30.841138,4.983539,0
2023-08-01,sz.300699,30.3500,30.6600,30.0500,30.3800,30.3500,5377244,163245898.7100,3,0.657700,1,0.098800,28.118977,10.196409,-30.871623,4.988465,0
2023-08-02,sz.300699,30.2500,30.6200,30.1400,30.4500,30.3800,4123275,125557538.6000,3,0.504300,1,0.230400,28.183767,10.219903,-30.942756,4.999959,0
2023-08-03,sz.300699,30.2400,30.4200,30.0000,30.3000,30.4500,4098198,123773528.9200,3,0.501300,1,-0.492600,28.044931,10.169559,-30.790329,4.975329,0
2023-08-04,sz.300699,30.3100,30.5900,30.1400,30.4200,30.3000,4956783,150634695.9600,3,0.606300,1,0.396000,28.156000,10.209834,-30.912271,4.995033,0
2023-08-07,sz.300699,30.3300,30.5600,29.8500,29.9900,30.4200,6965993,209483199.0700,3,0.852000,1,-1.413500,27.758002,10.065514,-30.475312,4.924426,0
2023-08-08,sz.300699,29.3300,29.3300,27.0000,27.4400,29.9900,24306974,671721659.6000,3,2.973100,1,-8.502800,25.397786,9.209660,-27.884047,4.505710,0
2023-08-09,sz.300699,27.3000,27.6900,27.1800,27.4100,27.4400,6798104,186609391.6700,3,0.831500,1,-0.109300,25.370018,9.199591,-27.853562,4.500784,0
2023-08-10,sz.300699,27.5000,27.9900,27.4100,27.7700,27.4100,5302238,147159232.9800,3,0.648500,1,1.313400,25.703225,9.320417,-28.219387,4.559897,0
2023-08-11,sz.300699,27.7500,28.0500,27.5900,27.6100,27.7700,4797403,133403153.9400,3,0.586800,1,-0.576200,25.555133,9.266717,-28.056798,4.533625,0
2023-08-14,sz.300699,27.5000,27.7000,27.1600,27.4200,27.6100,4709021,129039649.1200,3,0.576000,1,-0.688200,25.379274,9.202947,-27.863723,4.502426,0
2023-08-15,sz.300699,27.6800,27.8100,27.0700,27.3700,27.4200,4886600,133344536.6200,3,0.597700,1,-0.182300,27.024919,9.401248,-540.381043,4.558083,0
2023-08-16,sz.300699,27.2900,27.5800,27.1900,27.2000,27.3700,3669288,100270398.5200,3,0.448800,1,-0.621100,26.857062,9.342855,-537.024639,4.529772,0
2023-08-17,sz.300699,27.2000,29.0300,27.0300,28.8300,27.2000,14752967,417809504.5400,3,1.804500,1,5.992600,28.466511,9.902739,-569.206630,4.801225,0
2023-08-18,sz.300699,28.8300,29.0400,28.5700,28.5800,28.8300,6191046,178329376.4600,3,0.757300,1,-0.867200,28.219663,9.816868,-564.270742,4.759591,0
2023-08-21,sz.300699,28.7100,28.8600,27.9200,27.9700,28.5800,4695402,133070596.8200,3,0.574300,1,-2.134400,27.617354,9.607340,-552.227175,4.658005,0
2023-08-22,sz.300699,27.9800,28.2300,27.2800,27.6700,27.9700,5668840,157172222.4400,3,0.693400,1,-1.072600,27.321137,9.504294,-546.304109,4.608044,0
2023-08-23,sz.300699,27.5500,27.8600,26.8700,26.8800,27.6700,5223944,142011945.1200,3,0.639000,1,-2.855100,26.541097,9.232939,-530.706702,4.476481,0
2023-08-24,sz.300699,27.0000,27.6600,26.6800,27.1900,26.8800,4455696,121170617.7100,3,0.545000,1,1.153300,26.847188,9.339420,-536.827204,4.528107,0
2023-08-25,sz.300699,27.1500,27.2700,26.3900,26.5600,27.1900,4912937,131347862.5900,3,0.600900,1,-2.317000,26.225132,9.123023,-524.388765,4.423189,0
2023-08-28,sz.300699,27.8100,28.3800,26.8900,26.9800,26.5600,6523403,180043420.5200,3,0.797900,1,1.581300,26.639836,9.267288,-532.681057,4.493134,0
2023-08-29,sz.300699,27.1200,28.1900,26.8600,28.0100,26.9800,6702680,186062998.7700,3,0.819800,1,3.817600,27.656850,9.621080,-553.016917,4.664666,0
2023-08-30,sz.300699,28.2000,28.3400,27.8900,28.1100,28.0100,4514341,126911595.8600,3,0.552200,1,0.357000,27.755589,9.655429,-554.991272,4.681320,0
2023-08-31,sz.300699,28.1100,28.1500,27.8200,27.9700,28.1100,3197176,89326347.5000,3,0.391100,1,-0.498000,27.617354,9.607340,-552.227175,4.658005,0
2023-09-01,sz.300699,28.0000,28.1000,27.7800,27.9000,27.9700,2837066,79140052.9400,3,0.347000,1,-0.250300,27.548237,9.583296,-550.845126,4.646347,0
2023-09-04,sz.300699,28.0900,28.3500,27.9300,28.3100,27.9000,4410245,124434931.1400,3,0.539400,1,1.469500,27.953068,9.724126,-558.939983,4.714627,0
2023-09-05,sz.300699,28.2800,28.4200,28.0800,28.1000,28.3100,3200536,90224321.4400,3,0.391500,1,-0.741800,27.745715,9.651994,-554.793837,4.679654,0
2023-09-06,sz.300699,28.1400,28.5800,27.7300,28.4600,28.1000,4520820,127935218.5200,3,0.553000,1,1.281100,28.101176,9.775649,-561.901516,4.739607,0
2023-09-07,sz.300699,28.5300,28.5300,27.9100,27.9200,28.4600,4152201,116789332.1100,3,0.507900,1,-1.897400,27.567985,9.590166,-551.239997,4.649678,0
2023-09-08,sz.300699,27.9200,28.5000,27.9200,28.1500,27.9200,4599677,130081144.2100,3,0.562600,1,0.823800,27.795085,9.669168,-555.781014,4.687981,0
2023-09-11,sz.300699,28.2000,28.3500,27.7500,28.1400,28.1500,5512564,154776980.0800,3,0.674300,1,-0.035500,27.785211,9.665733,-555.583579,4.686316,0
2023-09-12,sz.300699,28.2200,28.2300,27.8300,27.8400,28.1400,3762160,105142710.4000,3,0.460200,1,-1.066100,27.488993,9.562687,-549.660513,4.636355,0
2023-09-13,sz.300699,27.8100,27.9300,27.3000,27.4900,27.8400,4179648,115187786.5700,3,0.511200,1,-1.257200,27.143406,9.442466,-542.750269,4.578067,0
2023-09-14,sz.300699,27.5000,27.5500,27.1200,27.2400,27.4900,2903130,79272000.3100,3,0.355100,1,-0.909400,26.896558,9.356595,-537.814381,4.536433,0
2023-09-15,sz.300699,27.4800,27.5900,27.0200,27.1700,27.2400,4244818,115713070.2600,3,0.519200,1,-0.257000,26.827441,9.332551,-536.432333,4.524776,0
2023-09-18,sz.300699,27.1300,27.3400,26.7700,27.0900,27.1700,4655830,125873014.3600,3,0.569500,1,-0.294400,26.748449,9.305072,-534.852848,4.511453,0
2023-09-19,sz.300699,27.0400,27.1200,26.6600,26.7700,27.0900,3362356,90072704.3000,3,0.411300,1,-1.181200,26.432484,9.195156,-528.534911,4.458162,0
2023-09-20,sz.300699,26.7700,26.9000,26.4100,26.5000,26.7700,3490764,92861749.8600,3,0.427000,1,-1.008600,26.165888,9.102414,-523.204152,4.413197,0
2023-09-21,sz.300699,27.2500,28.1900,27.0500,27.3800,26.5000,15850269,435147607.8200,3,1.938700,1,3.320800,27.034793,9.404683,-540.578479,4.559748,0
2023-09-22,sz.300699,27.0800,27.8000,27.0800,27.7200,27.3800,8918263,245618315.2500,3,1.090800,1,1.241800,27.370506,9.521469,-547.291287,4.616371,0
2023-09-25,sz.300699,27.6600,28.1100,27.5200,27.9100,27.7200,7189213,200319671.8500,3,0.879400,1,0.685400,27.558111,9.586731,-551.042562,4.648012,0
2023-09-26,sz.300699,27.9300,27.9400,27.1000,27.2000,27.9100,6151907,168376462.1200,3,0.752500,1,-2.543900,26.857062,9.342855,-537.024639,4.529772,0
2023-09-27,sz.300699,27.1300,27.8800,27.1100,27.4400,27.2000,5139657,141248564.3800,3,0.628700,1,0.882400,27.094036,9.425292,-541.763092,4.569741,0
2023-09-28,sz.300699,27.5700,27.6400,27.3000,27.4500,27.4400,4422278,121486737.0300,3,0.540900,1,0.036400,27.103910,9.428727,-541.960527,4.571406,0
2023-10-09,sz.300699,27.4400,27.6400,27.1800,27.3200,27.4500,4616357,126428745.9600,3,0.564700,1,-0.473600,26.975549,9.384074,-539.393865,4.549756,0
2023-10-10,sz.300699,27.4100,27.9300,27.3500,27.5300,27.3200,4940278,136556252.0300,3,0.604300,1,0.768700,27.182902,9.456206,-543.540012,4.584729,0
2023-10-11,sz.300699,27.6100,27.8500,27.5000,27.6500,27.5300,4607389,127433297.0300,3,0.563600,1,0.435900,27.301389,9.497424,-545.909238,4.604713,0
2023-10-12,sz.300699,27.7700,28.2000,27.5000,28.1300,27.6500,6919334,193112267.7900,3,0.846300,1,1.736000,27.775337,9.662298,-555.386143,4.684650,0
2023-10-13,sz.300699,28.1200,28.1700,27.4500,27.6600,28.1300,4538661,125946051.1100,3,0.555100,1,-1.670800,27.311263,9.500859,-546.106673,4.606378,0
2023-10-16,sz.300699,27.7400,27.8600,27.0900,27.1900,27.6600,3809012,103985581.2900,3,0.465900,1,-1.699200,26.847188,9.339420,-536.827204,4.528107,0
2023-10-17,sz.300699,27.2300,27.3300,26.8200,27.1100,27.1900,3614660,97838330.8000,3,0.442100,1,-0.294200,26.768197,9.311941,-535.247719,4.514784,0
2023-10-18,sz.300699,27.1200,27.2100,26.6800,26.9400,27.1100,4735359,127100426.8300,3,0.579200,1,-0.627100,26.600340,9.253548,-531.891315,4.486473,0
2023-10-19,sz.300699,26.7500,26.8900,26.5100,26.5100,26.9400,3800562,101324760.6600,3,0.464900,1,-1.596100,26.175762,9.105849,-523.401588,4.414862,0
2023-10-20,sz.300699,26.5800,26.5900,25.9800,26.1400,26.5100,4228810,110897918.0000,3,0.517200,1,-1.395700,25.810427,8.978759,-516.096473,4.353244,0
2023-10-23,sz.300699,26.0800,26.1600,25.2600,25.3600,26.1400,5109768,130349884.6400,3,0.625000,1,-2.983900,25.040261,8.710838,-500.696502,4.223346,0
2023-10-24,sz.300699,25.6000,26.1300,25.1100,25.6000,25.3600,5520425,141442362.3500,3,0.675200,1,0.946400,25.277235,8.793275,-505.434954,4.263315,0
2023-10-25,sz.300699,26.0000,26.4400,25.7100,25.7200,25.6000,5107444,133238908.8800,3,0.624700,1,0.468800,25.395722,8.834494,-507.804181,4.283299,0
2023-10-26,sz.300699,25.7200,26.3800,25.1300,26.2400,25.7200,6143034,158892060.8000,3,0.751400,1,2.021800,25.909166,9.013107,-518.070828,4.369898,0
2023-10-27,sz.300699,25.8100,26.4600,25.5100,26.0200,26.2400,9512833,247699727.2000,3,1.163600,1,-0.838400,26.863827,9.333108,-37.236652,4.150068,0
2023-10-30,sz.300699,26.0000,26.1600,25.7100,25.8600,26.0200,7904635,204837318.1900,3,0.966900,1,-0.614900,26.698638,9.275718,-37.007680,4.124549,0
2023-10-31,sz.300699,25.8900,25.9800,25.4500,25.6400,25.8600,5852523,150402891.7600,3,0.715900,1,-0.850700,26.471504,9.196806,-36.692843,4.089460,0
2023-11-01,sz.300699,25.6000,26.0300,25.6000,25.7000,25.6400,4030204,103890038.9000,3,0.493000,1,0.234000,26.533449,9.218328,-36.778707,4.099029,0
2023-11-02,sz.300699,25.8100,25.8600,24.8100,24.8500,25.7000,8431638,212213791.6900,3,1.031300,1,-3.307400,25.655884,8.913441,-35.562291,3.963458,0
2023-11-03,sz.300699,24.9100,25.4700,24.6500,25.1900,24.8500,7933138,198693557.0800,3,0.970300,1,1.368200,26.006910,9.035396,-36.048858,4.017687,0
2023-11-06,sz.300699,25.3900,26.3300,25.3000,26.1600,25.1900,10535540,273158435.1300,3,1.288700,1,3.850700,27.008367,9.383325,-37.437003,4.172397,0
2023-11-07,sz.300699,26.1500,26.3200,25.8600,26.2000,26.1600,5792324,151345397.9800,3,0.708500,1,0.152900,27.049664,9.397673,-37.494247,4.178777,0
2023-11-08,sz.300699,26.1500,26.3400,25.8300,25.9300,26.2000,6385408,166413293.8600,3,0.781000,1,-1.030500,26.770908,9.300826,-37.107855,4.135713,0
2023-11-09,sz.300699,25.9800,26.3400,25.8900,26.0800,25.9300,6144721,160427455.8700,3,0.751600,1,0.578500,26.925773,9.354630,-37.322517,4.159637,0
2023-11-10,sz.300699,26.0800,26.1300,25.8200,25.8400,26.0800,4027554,104459726.1400,3,0.492600,1,-0.920200,26.677990,9.268544,-36.979058,4.121359,0
2023-11-13,sz.300699,25.9600,26.5600,25.7500,26.5200,25.8400,9490240,248657868.5400,3,1.160800,1,2.631600,27.380042,9.512453,-37.952192,4.229815,0
2023-11-14,sz.300699,26.4500,26.9300,26.3500,26.5800,26.5200,6247639,166461672.6700,3,0.764200,1,0.226200,27.441988,9.533975,-38.038056,4.239385,0
2023-11-15,sz.300699,26.8900,26.9000,26.4500,26.5200,26.5800,6031536,160387844.9800,3,0.737800,1,-0.225700,27.380042,9.512453,-37.952192,4.229815,0
2023-11-16,sz.300699,26.5400,26.5600,26.1300,26.1800,26.5200,4344945,114263793.2200,3,0.531500,1,-1.282100,27.029016,9.390499,-37.465625,4.175587,0
2023-11-17,sz.300699,26.1100,26.3300,26.0800,26.2400,26.1800,3377160,88557935.2800,3,0.413100,1,0.229200,27.090962,9.412020,-37.551490,4.185157,0
2023-11-20,sz.300699,26.3400,26.7200,26.0500,26.4700,26.2400,5349984,141339081.4000,3,0.654400,1,0.876500,27.328420,9.494519,-37.880638,4.221841,0
2023-11-21,sz.300699,26.4900,26.8000,26.0700,26.2300,26.4700,6739160,178106076.0800,3,0.824300,1,-0.906700,27.080637,9.408433,-37.537179,4.183562,0
2023-11-22,sz.300699,26.2300,26.2800,25.7000,25.7000,26.2300,5644717,146047241.9400,3,0.690400,1,-2.020600,26.533449,9.218328,-36.778707,4.099029,0
2023-11-23,sz.300699,25.6500,25.8800,25.6400,25.7800,25.7000,2915400,75068981.9000,3,0.356600,1,0.311300,26.616044,9.247023,-36.893194,4.111789,0
2023-11-24,sz.300699,25.7800,25.7900,25.2200,25.3600,25.7800,4510783,114643760.0500,3,0.551700,1,-1.629200,26.182423,9.096373,-36.292141,4.044801,0
2023-11-27,sz.300699,25.2400,25.5000,25.1100,25.3700,25.3600,5085620,128701561.4000,3,0.622100,1,0.039400,26.192747,9.099960,-36.306452,4.046396,0
2023-11-28,sz.300699,25.3600,25.6000,25.2200,25.3400,25.3700,3629720,92127620.6000,3,0.444000,1,-0.118200,26.161775,9.089199,-36.263519,4.041611,0
2023-11-29,sz.300699,25.2800,25.6200,25.2200,25.3500,25.3400,4130395,104941371.0500,3,0.505200,1,0.039500,26.172099,9.092786,-36.277830,4.043206,0
2023-11-30,sz.300699,25.3100,25.3700,24.8300,24.9000,25.3500,4384773,109867588.3000,3,0.536300,1,-1.775100,25.707505,8.931376,-35.633845,3.971433,0
2023-12-01,sz.300699,24.9100,25.2600,24.7200,25.0700,24.9000,4566340,114167199.8000,3,0.558500,1,0.682700,25.883018,8.992353,-35.877128,3.998547,0
2023-12-04,sz.300699,25.0500,25.2600,24.8600,25.1000,25.0700,4157346,104242557.0000,3,0.508500,1,0.119700,25.913991,9.003114,-35.920061,4.003332,0
2023-12-05,sz.300699,25.0900,25.0900,24.5000,24.5000,25.1000,5182771,128238193.6600,3,0.633900,1,-2.390400,25.294533,8.787900,-35.061414,3.907635,0
2023-12-06,sz.300699,24.5000,24.6200,23.9400,23.9900,24.5000,6764900,163871073.7000,3,0.827500,1,-2.081600,24.767994,8.604968,-34.331564,3.826292,0
2023-12-07,sz.300699,24.0900,24.1400,23.0000,23.2600,23.9900,9220740,215123952.5300,3,1.127800,1,-3.042900,24.014320,8.343125,-33.286877,3.709861,0
2023-12-08,sz.300699,23.2500,23.3500,22.7100,22.7500,23.2600,9280410,212644082.4700,3,1.135100,1,-2.192600,23.487781,8.160193,-32.557027,3.628518,0
2023-12-11,sz.300699,22.7500,22.9400,22.2500,22.6300,22.7500,9302342,209755012.1200,3,1.137800,1,-0.527500,,,,,0
2023-12-12,sz.300699,22.6100,23.0800,22.5900,23.0000,22.6300,7749308,177615721.0200,3,0.947900,1,1.635000,23.745889,8.249865,-32.914797,3.668392,0
2023-12-13,sz.300699,22.9100,23.4000,22.8200,23.0600,23.0000,9059457,210347893.1500,3,1.108100,1,0.260900,23.807834,8.271387,-33.000661,3.677962,0
2023-12-14,sz.300699,23.1200,23.3200,22.9700,23.0900,23.0600,4526825,104621266.7800,3,0.553700,1,0.130100,23.838807,8.282147,-33.043594,3.682747,0
2023-12-15,sz.300699,22.9100,23.4700,22.9000,23.0400,23.0900,6126353,142195564.3100,3,0.749300,1,-0.216500,23.787186,8.264213,-32.972040,3.674772,0
2023-12-18,sz.300699,23.0100,23.1800,22.7200,23.1300,23.0400,6667197,153396298.7400,3,0.815500,1,0.390600,23.880104,8.296495,-33.100837,3.689126,0
2023-12-19,sz.300699,23.1900,24.5000,23.0300,24.4100,23.1300,18229751,438105754.8400,3,2.229800,1,5.533900,25.201615,8.755618,-34.932617,3.893280,0
2023-12-20,sz.300699,24.3800,25.8000,24.3800,25.1000,24.4100,18885747,479304842.2300,3,2.310000,1,2.826700,25.913991,9.003114,-35.920061,4.003332,0
2023-12-21,sz.300699,24.9600,25.5600,24.5600,25.1800,25.1000,13203953,331023860.1300,3,1.615000,1,0.318700,25.996586,9.031809,-36.034547,4.016092,0
2023-12-22,sz.300699,25.1500,26.8500,25.0200,26.5300,25.1800,23063160,604584289.4200,3,2.821000,1,5.361400,27.390366,9.516040,-37.966502,4.231410,0
2023-12-25,sz.300699,26.4500,27.6900,25.8900,26.1700,26.5300,19009494,503395322.5300,3,2.325200,1,-1.357000,27.018691,9.386912,-37.451314,4.173992,0
2023-12-26,sz.300699,26.0100,26.1500,25.5000,25.8700,26.1700,13490138,348453475.5200,3,1.650100,1,-1.146400,26.708962,9.279305,-37.021991,4.126143,0
2023-12-27,sz.300699,25.7800,25.8300,25.2000,25.4700,25.8700,13157654,335127126.2200,3,1.609400,1,-1.546200,26.295990,9.135829,-36.449559,4.062345,0
2023-12-28,sz.300699,25.5000,26.9400,25.5000,26.7100,25.4700,18648334,492065609.4400,3,2.281000,1,4.868500,27.576204,9.580604,-38.224096,4.260120,0
2023-12-29,sz.300699,26.7200,26.8900,26.2600,26.6700,26.7100,13349265,355384290.7400,3,1.632800,1,-0.149800,27.534906,9.566257,-38.166853,4.253740,0
2024-01-02,sz.300699,27.0600,27.8300,26.8600,27.0900,26.6700,20514373,561082953.0600,3,2.509200,1,1.574800,27.968527,9.716907,-38.767906,4.320728,0
2024-01-03,sz.300699,27.1300,27.5800,26.5700,27.1000,27.0900,14816268,400547259.2900,3,1.812300,1,0.036900,27.978851,9.720493,-38.782217,4.322323,0
2024-01-04,sz.300699,26.8000,27.3400,26.7000,27.0100,27.1000,8979615,242921320.9800,3,1.098300,1,-0.332100,27.885933,9.688211,-38.653420,4.307968,0
2024-01-05,sz.300699,26.9800,27.1900,26.1100,26.3800,27.0100,11349480,301021022.5200,3,1.388200,1,-2.332500,27.235502,9.462237,-37.751841,4.207486,0
2024-01-08,sz.300699,26.1000,26.5000,25.5500,25.6100,26.3800,7871828,203951028.4900,3,0.962800,1,-2.918900,26.440531,9.186046,-36.649910,4.084675,0
2024-01-09,sz.300699,25.6600,26.2500,25.3300,25.9000,25.6100,8079211,208726320.8000,3,0.988200,1,1.132400,26.739935,9.290066,-37.064923,4.130928,0
2024-01-10,sz.300699,25.7300,26.1300,25.3800,25.4800,25.9000,6923953,178354503.5600,3,0.846900,1,-1.621600,26.306315,9.139416,-36.463870,4.063940,0
2024-01-11,sz.300699,25.4300,26.2600,25.4300,26.0300,25.4800,8399824,217537159.5300,3,1.027400,1,2.158600,26.874151,9.336695,-37.250963,4.151663,0
2024-01-12,sz.300699,26.2900,26.8500,26.0800,26.1500,26.0300,10371600,274733554.1900,3,1.268600,1,0.461000,26.998043,9.379738,-37.422693,4.170802,0
2024-01-15,sz.300699,25.9200,25.9400,24.9300,25.0000,26.1500,11621625,294450656.3300,3,1.421500,1,-4.397700,25.810748,8.967245,-35.776953,3.987383,0
2024-01-16,sz.300699,24.8000,25.2500,24.3700,24.8800,25.0000,10693642,264759444.9400,3,1.308000,1,-0.480000,25.686857,8.924202,-35.605223,3.968243,0
2024-01-17,sz.300699,24.8000,24.9600,24.0600,24.0700,24.8800,5889162,144134268.3600,3,0.720300,1,-3.255600,24.850589,8.633663,-34.446050,3.839052,0
2024-01-18,sz.300699,23.8200,24.2600,23.0800,23.8800,24.0700,11018092,260308161.9500,3,1.347700,1,-0.789400,24.654427,8.565512,-34.174145,3.808748,0
2024-01-19,sz.300699,24.0100,24.3500,23.7000,23.8000,23.8800,6188397,148109791.5800,3,0.756900,1,-0.335000,24.571832,8.536817,-34.059659,3.795988,0
2024-01-22,sz.300699,23.6800,23.8000,22.2800,22.4700,23.8000,8135571,186735104.4600,3,0.995100,1,-5.588200,23.198701,8.059760,-32.156325,3.583859,0
2024-01-23,sz.300699,22.4600,22.8600,21.9200,22.6800,22.4700,7688721,172503595.0700,3,0.940500,1,0.934600,23.415511,8.135085,-32.456852,3.617353,0
2024-01-24,sz.300699,22.8800,23.0300,21.8800,22.7700,22.6800,7653003,171616446.0000,3,0.936100,1,0.396800,23.508430,8.167367,-32.585649,3.631708,0
2024-01-25,sz.300699,22.7800,23.7100,22.4900,23.7100,22.7700,8869393,206146814.8700,3,1.084900,1,4.128200,24.478914,8.504535,-33.930862,3.781634,0
2024-01-26,sz.300699,23.6600,23.7700,23.1800,23.2600,23.7100,5925624,138761533.7400,3,0.724800,1,-1.897900,24.014320,8.343125,-33.286877,3.709861,0
2024-01-29,sz.300699,23.5000,23.5600,22.2000,22.2000,23.2600,7794160,176768943.8100,3,0.953300,1,-4.557200,22.919945,7.962913,-31.769934,3.540796,0
2024-01-30,sz.300699,22.4300,24.5600,22.0300,23.2500,22.2000,15313730,360636387.4600,3,1.873100,1,4.729700,22.240815,7.677228,-33.272566,3.708266,0
2024-01-31,sz.300699,23.0100,24.0100,22.7300,23.4900,23.2500,14252914,335618132.5100,3,1.743400,1,1.032300,22.470398,7.756477,-33.616025,3.746545,0
2024-02-01,sz.300699,23.2000,24.6500,23.1000,24.1600,23.4900,14867886,357225212.0000,3,1.818600,1,2.852300,23.111316,7.977713,-34.574847,3.853406,0
2024-02-02,sz.300699,24.1600,24.6800,23.2300,24.3700,24.1600,13833654,332915159.8100,3,1.692100,1,0.869200,23.312200,8.047055,-34.875374,3.886900,0
2024-02-05,sz.300699,23.9800,26.0700,22.4300,24.7800,24.3700,16914888,410111777.1600,3,2.069000,1,1.682400,23.704404,8.182439,-35.462116,3.952294,0
2024-02-06,sz.300699,24.6700,26.4600,24.5000,26.4600,24.7800,19973477,513891690.4500,3,2.443100,1,6.779700,25.311482,8.737180,-37.866327,4.220246,0
2024-02-07,sz.300699,26.4600,27.5000,26.2600,27.2400,26.4600,25018390,672186162.8600,3,3.060100,1,2.947800,26.057626,8.994739,-38.982568,4.344652,0
2024-02-08,sz.300699,27.4500,28.9000,26.7600,26.7800,27.2400,25591140,717652277.6600,3,3.130200,1,-1.688700,25.617592,8.842846,-38.324272,4.271284,0
2024-02-19,sz.300699,26.8000,27.2600,26.0800,26.8200,26.7800,17199837,459622359.5800,3,2.103800,1,0.149400,25.655856,8.856054,-38.381515,4.277664,0
2024-02-20,sz.300699,26.6600,26.7700,25.9500,26.5900,26.8200,15101036,397684491.2900,3,1.847100,1,-0.857600,25.435840,8.780107,-38.052367,4.240980,0
2024-02-21,sz.300699,26.3000,27.1500,26.2000,26.5100,26.5900,13710386,367123759.5500,3,1.677000,1,-0.300900,25.359312,8.753691,-37.937881,4.228220,0
2024-02-22,sz.300699,26.3500,26.8500,26.2500,26.5900,26.5100,9484734,251866735.5800,3,1.160100,1,0.301800,25.435840,8.780107,-38.052367,4.240980,0
2024-02-23,sz.300699,26.7100,27.0500,26.3400,26.6800,26.5900,12548803,334237681.8500,3,1.534900,1,0.338500,25.521933,8.809825,-38.181164,4.255335,0
2024-02-26,sz.300699,26.6700,26.9700,26.1700,26.5600,26.6800,14315255,379744153.3400,3,1.751000,1,-0.449800,25.407142,8.770201,-38.009435,4.236195,0
2024-02-27,sz.300699,26.5400,27.4800,26.3700,27.4800,26.5600,19169860,519669657.7300,3,2.344800,1,3.463900,26.287208,9.073988,-39.326026,4.382931,0
2024-02-28,sz.300699,27.5900,28.5600,26.4200,26.4200,27.4800,24934868,687116994.5300,3,3.049900,1,-3.857400,25.273218,8.723972,-37.809084,4.213866,0
2024-02-29,sz.300699,26.1900,27.3600,26.1200,27.3400,26.4200,16028903,431424447.3700,3,1.960600,1,3.482200,26.153285,9.027759,-39.125676,4.360602,0
2024-03-01,sz.300699,27.4000,28.2000,27.1800,27.9300,27.3400,15804758,438746467.6500,3,1.933200,1,2.158000,26.717676,9.222579,-39.970012,4.454704,0
2024-03-04,sz.300699,27.8800,28.1800,27.4200,27.7500,27.9300,13426190,372069156.1200,3,1.642200,1,-0.644500,26.545489,9.163143,-39.712418,4.425995,0
2024-03-05,sz.300699,27.6400,28.4000,27.4300,28.2600,27.7500,16766733,469072277.3300,3,2.050800,1,1.837800,27.033352,9.331546,-40.442267,4.507337,0
2024-03-06,sz.300699,28.3200,30.1100,27.7400,29.7700,28.2600,28926222,843938554.5200,3,3.538100,1,5.343200,28.477809,9.830154,-42.603195,4.748175,0
2024-03-07,sz.300699,29.6400,30.1000,28.8300,29.0000,29.7700,19643846,577022360.1200,3,2.402700,1,-2.586500,27.741232,9.575897,-41.501265,4.625364,0
2024-03-08,sz.300699,28.8400,29.4800,28.7100,29.3200,29.0000,13034670,378922967.4100,3,1.594300,1,1.103400,28.047342,9.681562,-41.959210,4.676402,0
2024-03-11,sz.300699,29.2500,30.6000,29.1500,30.2000,29.3200,20174925,607354363.0800,3,2.467700,1,3.001400,28.889145,9.972141,-43.218559,4.816758,0
2024-03-12,sz.300699,30.0800,30.9500,29.6000,30.0100,30.2000,19362497,583267892.6900,3,2.368300,1,-0.629100,28.707392,9.909402,-42.946654,4.786454,0
2024-03-13,sz.300699,29.8600,30.3000,29.3000,29.3800,30.0100,17628096,522954716.6500,3,2.156200,1,-2.099300,28.104737,9.701374,-42.045075,4.685972,0
2024-03-14,sz.300699,29.2000,29.5700,28.4900,28.8500,29.3800,15998666,463327503.2900,3,1.956900,1,-1.803900,27.597742,9.526366,-41.286604,4.601439,0
2024-03-15,sz.300699,28.8000,29.1000,28.5700,29.0500,28.8500,9132846,263438000.9600,3,1.117100,1,0.693200,27.789061,9.592407,-41.572819,4.633339,0
2024-03-18,sz.300699,29.0700,29.9100,28.9100,29.8700,29.0500,16449261,485319298.4600,3,2.012000,1,2.822700,28.573468,9.863174,-42.746303,4.764125,0
2024-03-19,sz.300699,29.9100,31.6200,29.7900,30.6000,29.8700,27608875,848666422.5600,3,3.377000,1,2.443900,29.271782,10.104222,-43.790990,4.880556,0
2024-03-20,sz.300699,30.4500,31.1000,30.2300,30.4300,30.6000,14226234,434903196.5800,3,1.740100,1,-0.555600,29.109161,10.048088,-43.547707,4.853442,0
2024-03-21,sz.300699,30.4000,31.1200,30.2900,30.5700,30.4300,13587605,416563346.2800,3,1.662000,1,0.460100,29.243084,10.094316,-43.748058,4.875771,0
2024-03-22,sz.300699,30.8300,31.4600,30.6800,31.3600,30.5700,23810069,741376199.0000,3,2.912300,1,2.584200,29.998794,10.355177,-44.878610,5.001773,0
2024-03-25,sz.300699,31.4000,31.4000,29.4900,29.5300,31.3600,20419870,619995277.1400,3,2.497700,1,-5.835500,28.248226,9.750905,-42.259737,4.709896,0
2024-03-26,sz.300699,29.2500,30.4000,29.2300,29.8700,29.5300,14126006,421069055.4900,3,1.727800,1,1.151400,28.573468,9.863174,-42.746303,4.764125,0
2024-03-27,sz.300699,29.8400,29.8900,28.1500,28.1800,29.8700,20649477,593143136.0900,3,2.525800,1,-5.657900,26.956824,9.305130,-40.327781,4.494578,0
2024-03-28,sz.300699,28.4800,30.8800,28.4000,30.3500,28.1800,29964312,896161048.0700,3,3.665100,1,7.700500,29.032634,10.021671,-43.433221,4.840682,0
2024-03-29,sz.300699,30.1100,30.9500,29.9900,30.4000,30.3500,16226571,492697339.6000,3,1.984800,1,0.164700,29.080463,10.038182,-43.504775,4.848657,0
2024-04-01,sz.300699,30.7900,30.8300,29.8900,30.2700,30.4000,16603608,500755495.1300,3,2.030900,1,-0.427600,28.956106,9.995255,-43.318734,4.827923,0
2024-04-02,sz.300699,30.0000,30.0800,28.9600,29.2000,30.2700,18584631,545661310.0500,3,2.273200,1,-3.534900,27.932550,9.641938,-41.787481,4.657263,0
2024-04-03,sz.300699,29.1100,29.3400,28.6500,28.7600,29.2000,10851221,313286592.1700,3,1.327300,1,-1.506800,27.511649,9.496648,-41.157806,4.587085,0
2024-04-08,sz.300699,28.5100,28.8500,28.0000,28.0300,28.7600,11175465,317293311.9100,3,1.366900,1,-2.538200,26.813335,9.255600,-40.113119,4.470653,0
2024-04-09,sz.300699,28.5500,29.2300,28.2500,28.8300,28.0300,16116331,463836639.0600,3,1.971300,1,2.854100,27.449314,9.519762,-94.995399,4.399369,0
2024-04-10,sz.300699,28.4000,28.6800,27.5000,27.9100,28.8300,14870152,415057618.1800,3,1.818900,1,-3.191100,26.573374,9.215975,-91.963982,4.258980,0
2024-04-11,sz.300699,27.7600,28.2400,27.4900,27.5800,27.9100,11179183,310957622.1700,3,1.367400,1,-1.182400,26.259178,9.107007,-90.876625,4.208623,0
2024-04-12,sz.300699,27.7000,28.0600,27.5100,27.6000,27.5800,8690692,241550646.9300,3,1.063000,1,0.072500,26.278220,9.113612,-90.942526,4.211675,0
2024-04-15,sz.300699,27.7800,28.3600,27.5800,27.9600,27.6000,13808867,386868236.5600,3,1.689000,1,1.304300,26.620979,9.232485,-92.128732,4.266610,0
2024-04-16,sz.300699,27.7700,28.3300,27.3300,27.4600,27.9600,12241868,339050477.2500,3,1.497400,1,-1.788300,26.144925,9.067383,-90.481223,4.190311,0
2024-04-17,sz.300699,27.6000,28.8100,27.6000,28.7900,27.4600,16451216,468575747.1700,3,2.012200,1,4.843400,27.411230,9.506553,-94.863598,4.393265,0
2024-04-18,sz.300699,28.8200,29.3600,28.4100,28.8000,28.7900,16591109,479935371.4500,3,2.029400,1,0.034700,27.420751,9.509856,-94.896548,4.394791,0
2024-04-19,sz.300699,28.7100,29.5500,28.5000,29.3400,28.8000,17976362,523635569.4600,3,2.198800,1,1.875000,27.934890,9.688165,-96.675859,4.477193,0
2024-04-22,sz.300699,29.3000,29.3000,28.4500,28.7500,29.3400,13425215,387160939.0100,3,1.642100,1,-2.010900,27.373146,9.493345,-94.731797,4.387161,0
2024-04-23,sz.300699,28.5600,28.9000,28.0300,28.1000,28.7500,10624326,301149653.6800,3,1.299500,1,-2.260900,26.754275,9.278713,-92.590035,4.287973,0
2024-04-24,sz.300699,28.0800,28.6100,27.7300,28.3800,28.1000,14070534,397139774.8600,3,1.721000,1,0.996400,27.020865,9.371170,-93.512640,4.330700,0
2024-04-25,sz.300699,28.3800,28.3800,25.7200,26.2600,28.3800,40317489,1077747534.7500,3,4.931500,1,-7.470000,25.002393,8.671139,-86.527200,4.007195,0
2024-04-26,sz.300699,26.1900,26.6600,25.9700,26.2600,26.2600,21704812,572363791.9400,3,2.654800,1,0.000000,25.002393,8.671139,-86.527200,4.007195,0
2024-04-29,sz.300699,26.3100,27.4400,26.3000,27.2600,26.2600,22082142,598803126.7700,3,2.701000,1,3.808100,26.381506,9.165809,-139.973563,4.158676,0
2024-04-30,sz.300699,27.3000,27.3000,25.9900,26.0500,27.2600,23200261,612083631.5500,3,2.837800,1,-4.438700,25.210500,8.758963,-133.760504,3.974083,0
2024-05-06,sz.300699,26.4600,27.0000,26.3900,26.9200,26.0500,15375426,412574720.8800,3,1.880700,1,3.339700,26.052463,9.051488,-138.227745,4.106807,0
2024-05-07,sz.300699,26.9200,28.0200,26.7000,27.7100,26.9200,23192327,635963590.0800,3,2.836800,1,2.934600,26.817005,9.317115,-142.284206,4.227326,0
2024-05-08,sz.300699,27.5000,27.6000,26.8100,26.8700,27.7100,14820544,401239415.5900,3,1.812800,1,-3.031400,26.004075,9.034677,-137.971007,4.099179,0
2024-05-09,sz.300699,26.9000,27.7000,26.7200,27.6200,26.8700,15249516,416717541.9000,3,1.865300,1,2.791200,26.729905,9.286854,-141.822077,4.213596,0
2024-05-10,sz.300699,27.5800,27.7000,26.8600,27.1200,27.6200,14973702,406447463.6800,3,1.831500,1,-1.810300,26.246018,9.118736,-139.254697,4.137318,0
2024-05-13,sz.300699,26.8300,26.9100,26.2800,26.4200,27.1200,12043140,319555117.2000,3,1.473100,1,-2.581100,25.568577,8.883370,-135.660365,4.030529,0
2024-05-14,sz.300699,26.4400,26.5700,26.0800,26.1500,26.4200,9910506,260054741.0400,3,1.212200,1,-1.022000,25.307278,8.792586,-134.273980,3.989339,0
2024-05-15,sz.300699,26.0200,26.6000,25.9500,26.2500,26.1500,8297028,218204814.9000,3,1.014900,1,0.382400,25.404055,8.826210,-134.787456,4.004594,0
2024-05-16,sz.300699,26.2200,26.6500,26.0700,26.1000,26.2500,9209763,242154902.2400,3,1.126500,1,-0.571400,25.258889,8.775774,-134.017242,3.981711,0
2024-05-17,sz.300699,26.3200,27.6800,26.3000,27.6800,26.1000,27282513,738897697.7500,3,3.337100,1,6.053600,26.787971,9.307028,-142.130163,4.222749,0
2024-05-20,sz.300699,27.9700,28.5500,27.6000,27.8800,27.6800,24162339,676004871.9600,3,2.955400,1,0.722500,26.981526,9.374275,-143.157115,4.253261,0
2024-05-21,sz.300699,27.7100,27.7100,27.1300,27.2000,27.8800,11451902,312664324.5300,3,1.400700,1,-2.439000,26.323440,9.145635,-139.665478,4.149522,0
2024-05-22,sz.300699,27.2300,27.4500,26.9800,27.2700,27.2000,11860426,322290095.7300,3,1.450700,1,0.257400,26.391184,9.169171,-140.024911,4.160201,0
2024-05-23,sz.300699,27.3500,27.3500,26.7000,26.7200,27.2700,12139794,326603445.7800,3,1.484900,1,-2.016900,25.858909,8.984241,-137.200793,4.076296,0
2024-05-24,sz.300699,26.6700,26.7900,26.2600,26.4600,26.7200,9441343,250313149.5700,3,1.154800,1,-0.973100,25.607288,8.896820,-135.865755,4.036631,0
2024-05-27,sz.300699,26.4600,26.5900,25.5400,26.0900,26.4600,12510020,323638059.5400,3,1.530200,1,-1.398300,25.249211,8.772412,-133.965894,3.980185,0
2024-05-28,sz.300699,26.0700,26.2100,25.6300,25.7700,26.0900,6631136,171537422.8000,3,0.811100,1,-1.226500,24.939524,8.664816,-132.322771,3.931367,0
2024-05-29,sz.300699,25.8700,26.0800,25.6000,25.7900,25.7700,5568631,143869884.8200,3,0.681100,1,0.077600,24.958879,8.671541,-132.425466,3.934419,0
2024-05-30,sz.300699,25.6000,25.9500,25.4500,25.6500,25.7900,6944249,178597013.3800,3,0.849400,1,-0.542800,24.823391,8.624468,-131.706599,3.913061,0
2024-05-31,sz.300699,25.8200,26.2400,25.8200,26.0500,25.6500,8445163,219929699.5100,3,1.033000,1,1.559500,25.210500,8.758963,-133.760504,3.974083,0
2024-06-03,sz.300699,26.0000,26.3800,25.8100,25.9200,26.0500,8462758,220704255.6500,3,1.035100,1,-0.499000,25.084690,8.715252,-133.092985,3.954251,0
2024-06-04,sz.300699,25.9200,26.3900,25.7200,26.3600,25.9200,9407306,246242517.0100,3,1.150700,1,1.697500,25.510510,8.863196,-135.352279,4.021375,0
2024-06-05,sz.300699,26.2500,26.7500,26.1500,26.2100,26.3600,9785524,259075454.8700,3,1.196900,1,-0.569000,25.365344,8.812760,-134.582065,3.998492,0
2024-06-06,sz.300699,26.2500,26.3000,25.4700,25.5100,26.2100,9766029,251685514.7600,3,1.194500,1,-2.670700,24.687903,8.577395,-130.987733,3.891703,0
2024-06-07,sz.300699,25.8000,25.8600,25.0700,25.2200,25.5100,7905958,200258666.7000,3,0.967000,1,-1.136800,24.407248,8.479886,-129.498653,3.847462,0
2024-06-11,sz.300699,25.0800,25.7000,24.8500,25.6000,25.2200,8033488,203474100.6600,3,0.982600,1,1.506700,24.775002,8.607656,-131.449861,3.905433,0
2024-06-12,sz.300699,25.6000,26.1900,25.5100,26.0000,25.6000,6949458,179986458.3800,3,0.850000,1,1.562500,25.162112,8.742151,-133.503766,3.966455,0
2024-06-13,sz.300699,26.0300,26.1300,25.6800,25.9000,26.0000,5542530,143444961.6800,3,0.677900,1,-0.384600,25.065334,8.708527,-132.990290,3.951200,0
2024-06-14,sz.300699,25.8300,25.9000,25.3400,25.6900,25.9000,6488260,165849188.4200,3,0.793600,1,-0.810800,24.862102,8.637917,-131.911990,3.919163,0
2024-06-17,sz.300699,25.7800,26.7300,25.7100,26.3700,25.6900,12654508,334496887.4200,3,1.547800,1,2.646900,25.520188,8.866558,-135.403627,4.022901,0
2024-06-18,sz.300699,26.4000,26.7400,26.3500,26.5300,26.3700,8655289,230043757.8700,3,1.058700,1,0.606800,25.675032,8.920356,-136.225188,4.047310,0
2024-06-19,sz.300699,26.4200,26.5400,26.1100,26.1400,26.5300,6011679,157861103.2600,3,0.735300,1,-1.470000,25.297600,8.789224,-134.222632,3.987813,0
2024-06-20,sz.300699,26.0300,26.1000,25.4100,25.4300,26.1400,7179295,184712143.3200,3,0.878100,1,-2.716100,24.610481,8.550496,-130.576952,3.879498,0
2024-06-21,sz.300699,25.5200,25.7200,25.2600,25.4500,25.4300,4409166,112449015.8700,3,0.539300,1,0.078600,24.629836,8.557221,-130.679647,3.882550,0
2024-06-24,sz.300699,25.2400,25.5500,24.5000,24.7600,25.4500,6255996,156569336.2200,3,0.765200,1,-2.711200,23.962073,8.325217,-127.136663,3.777286,0
2024-06-25,sz.300699,24.7600,25.0600,24.2000,24.4400,24.7600,5173979,127216386.6600,3,0.632900,1,-1.292400,23.652385,8.217622,-125.493540,3.728468,0
2024-06-26,sz.300699,24.5000,25.0500,24.2200,25.0400,24.4400,5405181,133287531.1200,3,0.661100,1,2.455000,24.233049,8.419364,-128.574396,3.820002,0
2024-06-27,sz.300699,24.9000,25.0200,24.4600,24.5700,25.0400,4568322,112547886.9200,3,0.558800,1,-1.877000,23.778196,8.261332,-126.161058,3.748300,0
2024-06-28,sz.300699,24.5000,25.2300,24.4300,24.8300,24.5700,5536534,138284863.7200,3,0.677200,1,1.058200,24.029817,8.348754,-127.496096,3.787965,0
2024-07-01,sz.300699,24.8200,25.1100,24.7300,25.0300,24.8300,4784220,119279370.8700,3,0.585200,1,0.805500,24.223371,8.416001,-128.523048,3.818476,0
2024-07-02,sz.300699,25.1000,26.2000,24.9900,25.9000,25.0300,14186057,365667823.6200,3,1.735200,1,3.475800,25.065334,8.708527,-132.990290,3.951200,0
2024-07-03,sz.300699,25.5200,25.6900,25.0700,25.5400,25.4000,9446506,240809343.9200,3,1.155500,1,0.551200,24.716936,8.587482,-131.141776,3.896280,0
2024-07-04,sz.300699,25.5100,26.5400,25.4600,26.1100,25.5400,16056068,420596289.2500,3,1.963900,1,2.231800,25.268567,8.779137,-134.068589,3.983236,0
2024-07-05,sz.300699,26.1200,26.6800,25.7700,26.4100,26.1100,12633006,332386074.6100,3,1.545200,1,1.149000,25.558899,8.880008,-135.609017,4.029003,0
2024-07-08,sz.300699,26.3500,26.3700,25.6300,25.7100,26.4100,7027158,182273938.6000,3,0.859500,1,-2.650500,24.881457,8.644642,-132.014685,3.922214,0
2024-07-09,sz.300699,25.7000,26.5000,25.4700,26.2700,25.7100,8698155,226186055.8000,3,1.063900,1,2.178100,25.423411,8.832935,-134.890151,4.007645,0
2024-07-10,sz.300699,26.1800,26.3400,25.8500,25.9800,26.2700,5033141,131360376.9800,3,0.615600,1,-1.103900,25.142756,8.735426,-133.401070,3.963404,0
2024-07-11,sz.300699,26.4100,27.2000,26.1100,27.1700,25.9800,15943839,426934561.4500,3,1.950200,1,4.580400,26.294407,9.135547,-139.511435,4.144946,0
2024-07-12,sz.300699,27.0200,27.4000,26.8800,26.9300,27.1700,7053348,191029468.5100,3,0.862700,1,-0.883300,26.062141,9.054851,-138.279093,4.108332,0
2024-07-15,sz.300699,26.9900,27.2600,26.8000,26.8700,26.9300,5362840,144840926.6000,3,0.656000,1,-0.222800,26.004075,9.034677,-137.971007,4.099179,0
2024-07-16,sz.300699,26.7500,27.6000,26.7300,27.5600,26.8700,11330957,310552548.2900,3,1.386000,1,2.567900,26.671839,9.266680,-141.513991,4.204443,0
2024-07-17,sz.300699,27.4900,28.5500,27.4000,27.9300,27.5600,17371730,489671015.8600,3,2.124800,1,1.342500,27.029915,9.391087,-143.413853,4.260888,0
2024-07-18,sz.300699,27.6600,28.2300,27.5000,27.9500,27.9300,8312295,231651528.4200,3,1.016700,1,0.071600,27.049270,9.397812,-143.516548,4.263939,0
2024-07-19,sz.300699,27.8900,28.3100,27.8100,28.2600,27.9500,8902621,250947833.8100,3,1.088900,1,1.109100,27.349280,9.502045,-145.108324,4.311232,0
2024-07-22,sz.300699,28.0800,28.4400,27.8800,28.0300,28.2600,7379686,207555871.4000,3,0.902700,1,-0.813900,27.126692,9.424711,-143.927329,4.276144,0
2024-07-23,sz.300699,28.0500,28.1200,27.1400,27.1500,28.0300,9937204,274163620.6700,3,1.215500,1,-3.139500,26.275051,9.128823,-139.408740,4.141895,0
2024-07-24,sz.300699,27.1500,27.7900,27.0500,27.2300,27.1500,7760096,212597036.7700,3,0.949200,1,0.294700,26.352473,9.155722,-139.819521,4.154099,0
2024-07-25,sz.300699,27.0700,27.3800,26.9700,27.0200,27.2300,5221511,141629491.6200,3,0.638700,1,-0.771200,26.149241,9.085112,-138.741221,4.122062,0
2024-07-26,sz.300699,27.0000,28.2200,26.9500,28.0200,27.0200,10007373,277897412.1900,3,1.224100,1,3.701000,27.117014,9.421349,-143.875981,4.274618,0
2024-07-29,sz.300699,28.0300,28.5100,27.9000,27.9600,28.0200,11503365,324995536.2700,3,1.407000,1,-0.214100,27.058948,9.401174,-143.567896,4.265465,0
2024-07-30,sz.300699,27.8000,28.0000,27.5600,27.6300,27.9600,5874767,162922822.7100,3,0.718600,1,-1.180300,26.739583,9.290216,-141.873425,4.215122,0
2024-07-31,sz.300699,27.6500,28.3700,27.4400,28.2100,27.6300,10344519,288895001.5900,3,1.265300,1,2.099200,27.300891,9.485233,-144.851586,4.303604,0
2024-08-01,sz.300699,28.2200,28.7500,28.1800,28.2200,28.2100,8679376,246814030.8700,3,1.061600,1,0.035400,27.310569,9.488596,-144.902933,4.305130,0
2024-08-02,sz.300699,28.0200,28.5800,27.9300,27.9900,28.2200,6022144,169968330.0400,3,0.736600,1,-0.815000,27.087981,9.411261,-143.721938,4.270042,0
2024-08-05,sz.300699,27.9300,28.3500,27.2700,27.2700,27.9900,8438810,234424398.7500,3,1.032200,1,-2.572300,26.391184,9.169171,-140.024911,4.160201,0
2024-08-06,sz.300699,27.6600,28.2900,27.4400,28.1500,27.2700,8460705,236322175.3600,3,1.034900,1,3.227000,27.242825,9.465059,-144.543500,4.294451,0
2024-08-07,sz.300699,28.2200,28.8800,27.9600,28.5000,28.1500,10843557,309188059.9700,3,1.326300,1,1.243300,27.581546,9.582742,-146.340666,4.347845,0
2024-08-08,sz.300699,28.5000,28.5300,27.6000,27.7500,28.5000,6806300,189635514.2000,3,0.832500,1,-2.631600,26.855715,9.330565,-142.489596,4.233428,0
2024-08-09,sz.300699,27.8000,27.9900,27.4600,27.5000,27.7500,4700180,129902410.7000,3,0.574900,1,-0.900900,26.613772,9.246506,-141.205906,4.195289,0
2024-08-12,sz.300699,27.5200,27.7900,27.2300,27.3500,27.5000,3865400,106336084.8000,3,0.472800,1,-0.545500,26.468606,9.196070,-140.435692,4.172406,0
2024-08-13,sz.300699,27.3000,27.7600,27.2500,27.7500,27.3500,4016447,110737537.1100,3,0.491300,1,1.462500,26.855715,9.330565,-142.489596,4.233428,0
2024-08-14,sz.300699,27.6500,27.8500,27.2200,27.3000,27.7500,3671747,100903849.8900,3,0.449100,1,-1.621600,26.420217,9.179258,-140.178954,4.164778,0
2024-08-15,sz.300699,27.2900,27.7500,27.1200,27.2500,27.3000,3943924,108001701.3600,3,0.482400,1,-0.183200,26.371829,9.162446,-139.922216,4.157150,0
2024-08-16,sz.300699,27.2600,27.3700,26.7700,26.9600,27.2500,6588542,177634278.3600,3,0.805900,1,-1.064200,26.091174,9.064938,-138.433135,4.112909,0
2024-08-19,sz.300699,26.8800,27.1900,26.4800,26.6500,26.9600,6824598,182257298.0200,3,0.834800,1,-1.149900,25.791165,8.960704,-136.841360,4.065617,0
2024-08-20,sz.300699,26.6500,26.7300,26.1000,26.1600,26.6500,4432500,116623759.2000,3,0.542200,1,-1.838600,25.316956,8.795949,-134.325327,3.990864,0
2024-08-21,sz.300699,26.1400,26.3600,25.9400,26.1600,26.1600,3529223,92310625.4000,3,0.431700,1,0.000000,25.316956,8.795949,-134.325327,3.990864,0
2024-08-22,sz.300699,26.2600,26.4700,25.7100,26.2000,26.1600,4291286,112194221.6100,3,0.524900,1,0.152900,25.355667,8.809398,-134.530718,3.996966,0
2024-08-23,sz.300699,26.2500,26.4100,25.9400,26.2700,26.2000,3550609,93005365.7400,3,0.434300,1,0.267200,25.423411,8.832935,-134.890151,4.007645,0
2024-08-26,sz.300699,26.3100,26.3500,25.9700,26.1000,26.2700,3649830,95429237.1000,3,0.444300,1,-0.647100,25.258889,8.775774,-134.017242,3.981711,0
2024-08-27,sz.300699,26.0100,26.4600,25.4600,26.1800,26.1000,6314119,164685258.6200,3,0.768700,1,0.306500,26.278868,8.883307,-656.499705,3.840980,0
2024-08-28,sz.300699,26.0000,26.9200,26.0000,26.8000,26.1800,6781369,180993473.0000,3,0.825500,1,2.368200,26.901209,9.093684,-672.047063,3.931943,0
2024-08-29,sz.300699,26.6600,27.5500,26.6400,27.4200,26.8000,7744110,211025318.9700,3,0.942700,1,2.313400,27.523551,9.304060,-687.594420,4.022905,0
2024-08-30,sz.300699,27.4000,28.0700,27.2000,27.9000,27.4200,8321978,230548372.5600,3,1.013100,1,1.750500,28.005364,9.466932,-699.631084,4.093328,0
2024-09-02,sz.300699,27.9000,27.9000,27.2400,27.2600,27.9000,5097199,140250465.3800,3,0.620500,1,-2.293900,27.362947,9.249769,-683.582199,3.999431,0
2024-09-03,sz.300699,27.2600,27.6600,27.2000,27.4200,27.2600,4270960,117310909.5800,3,0.519900,1,0.586900,27.523551,9.304060,-687.594420,4.022905,0
2024-09-04,sz.300699,27.3500,27.6000,27.2000,27.3300,27.4200,3104576,85059942.9500,3,0.377900,1,-0.328200,27.433211,9.273521,-685.337546,4.009701,0
2024-09-05,sz.300699,27.3300,27.7700,27.2800,27.6600,27.3300,3705360,102307855.9200,3,0.451100,1,1.207500,27.764457,9.385496,-693.612752,4.058117,0
2024-09-06,sz.300699,27.7200,27.7400,27.0500,27.0800,27.6600,3405304,93109202.2800,3,0.414600,1,-2.096900,27.182267,9.188692,-679.068450,3.973023,0
2024-09-09,sz.300699,26.9800,27.2400,26.5600,27.1100,27.0800,6912124,185815220.0400,3,0.841500,1,0.110800,27.212380,9.198872,-679.820741,3.977424,0
2024-09-10,sz.300699,27.0900,27.4800,26.8500,27.3000,27.1100,3855049,104802283.3400,3,0.469300,1,0.700800,27.403098,9.263342,-684.585254,4.005300,0
2024-09-11,sz.300699,27.3500,27.6300,27.2000,27.3900,27.3000,3777196,103677160.0500,3,0.459800,1,0.329700,27.493438,9.293880,-686.842129,4.018504,0
2024-09-12,sz.300699,27.3800,27.7200,26.6800,26.8900,27.3900,4540258,122930535.8400,3,0.552700,1,-1.825500,26.991549,9.124222,-674.303937,3.945147,0
2024-09-13,sz.300699,26.9100,26.9800,26.3800,26.3800,26.8900,3965919,105689709.9400,3,0.482800,1,-1.896600,26.479623,8.951171,-661.514982,3.870323,0
2024-09-18,sz.300699,26.3800,27.0700,26.2100,26.9200,26.3800,3980940,106162737.2000,3,0.484600,1,2.047000,27.021663,9.134402,-675.056229,3.949548,0
2024-09-19,sz.300699,27.0000,27.0800,26.0400,26.4800,26.9200,9174961,242546773.4900,3,1.116900,1,-1.634500,26.580001,8.985102,-664.022620,3.884994,0
2024-09-20,sz.300699,26.6900,26.6900,26.1800,26.3600,26.4800,3887962,102370212.5300,3,0.473300,1,-0.453200,26.459548,8.944384,-661.013454,3.867388,0
2024-09-23,sz.300699,26.4000,26.5300,25.8100,25.8100,26.3600,4549220,119000248.0000,3,0.553800,1,-2.086500,25.907471,8.757760,-647.221444,3.786695,0
2024-09-24,sz.300699,25.9000,26.5600,25.4600,26.5300,25.8100,8685880,226567763.4000,3,1.057400,1,2.789600,26.630190,9.002068,-665.276439,3.892330,0
2024-09-25,sz.300699,26.7000,27.1800,26.0700,26.3200,26.5300,12621172,336247157.1400,3,1.536500,1,-0.791600,26.419397,8.930812,-660.010399,3.861520,0
2024-09-26,sz.300699,26.0800,27.4800,26.0700,27.4800,26.3200,11505184,308202579.3600,3,1.400600,1,4.407300,27.583777,9.324419,-689.099003,4.031708,0
2024-09-27,sz.300699,28.0000,29.8500,28.0000,29.3800,27.4800,21668689,625257456.9700,3,2.637900,1,6.914100,29.490953,9.969120,-736.744131,4.310465,0
2024-09-30,sz.300699,30.2000,33.7900,29.7200,32.9200,29.3800,47615303,1508685472.2500,3,5.796500,1,12.049000,33.044322,11.170301,-825.514526,4.829834,0
2024-10-08,sz.300699,39.4900,39.4900,33.8000,37.1000,32.9200,50372540,1842337657.1500,3,6.132200,1,12.697400,37.240107,12.588644,-930.333807,5.443100,0
2024-10-09,sz.300699,35.0900,36.0000,32.3700,32.3700,37.1000,39006090,1336265199.1800,3,4.748500,1,-12.749300,32.492244,10.983677,-811.722516,4.749141,0
2024-10-10,sz.300699,32.5000,33.5800,31.3600,31.7100,32.3700,23852118,774989777.2300,3,2.903700,1,-2.038900,31.829752,10.759728,-795.172103,4.652310,0
2024-10-11,sz.300699,31.5000,31.8800,30.5000,30.9500,31.7100,16157931,502166432.3100,3,1.967000,1,-2.396700,31.066882,10.501847,-776.114052,4.540807,0
2024-10-14,sz.300699,31.3500,32.8200,30.7000,32.5100,30.9500,23361674,747409758.9000,3,2.844000,1,5.040400,32.632773,11.031181,-815.233209,4.769681,0
2024-10-15,sz.300699,32.4000,33.4800,31.6800,32.0700,32.5100,19885236,650359829.6700,3,2.420800,1,-1.353400,32.191112,10.881882,-804.199601,4.705127,0
2024-10-16,sz.300699,31.7400,32.5600,31.4300,31.9100,32.0700,10656817,341098538.0900,3,1.297300,1,-0.498900,32.030507,10.827591,-800.187379,4.681652,0
2024-10-17,sz.300699,31.9300,32.8500,31.9300,32.1400,31.9100,13904076,450551418.6900,3,1.692600,1,0.720800,32.261376,10.905634,-805.954948,4.715397,0
2024-10-18,sz.300699,32.1200,34.6500,31.7600,33.6900,32.1400,23292009,776636418.7000,3,2.835500,1,4.822700,33.817229,11.431575,-844.823341,4.942804,0
2024-10-21,sz.300699,34.0600,35.5000,33.7300,34.7000,33.6900,27201931,946253499.2500,3,3.311500,1,2.997900,34.831044,11.774284,-870.150488,5.090985,0
2024-10-22,sz.300699,35.1000,35.1600,34.0000,34.3800,34.7000,16699577,575426672.9800,3,2.033000,1,-0.922200,34.509835,11.665703,-862.126045,5.044037,0
2024-10-23,sz.300699,34.3500,35.6800,34.2100,34.8800,34.3800,21041476,738546364.8700,3,2.561500,1,1.454300,35.011723,11.835361,-874.664237,5.117394,0
2024-10-24,sz.300699,35.0000,36.2000,34.5200,34.7000,34.8800,19212294,677683722.2800,3,2.338800,1,-0.516100,34.831044,11.774284,-870.150488,5.090985,0
2024-10-25,sz.300699,35.0600,36.5000,34.8300,35.7300,34.7000,28188475,1006637814.8000,3,3.431600,1,2.968300,35.864933,12.123780,-895.979162,5.242101,0
2024-10-28,sz.300699,36.2600,37.1800,35.9200,36.3900,35.7300,32505319,1190032454.2500,3,3.957100,1,1.847200,34.895945,11.317484,1569.204100,5.496120,0
2024-10-29,sz.300699,35.6200,36.2000,34.8100,34.9000,36.3900,21309866,753889756.6000,3,2.594200,1,-4.094500,33.467119,10.854086,1504.952544,5.271080,0
2024-10-30,sz.300699,34.8000,35.5300,34.5200,34.9400,34.9000,13939194,488152263.1800,3,1.696900,1,0.114600,33.505477,10.866526,1506.677418,5.277121,0
2024-10-31,sz.300699,34.7700,35.3600,34.4400,34.9600,34.9400,14822410,517008194.4800,3,1.804400,1,0.057200,33.524656,10.872746,1507.539855,5.280142,0
2024-11-01,sz.300699,34.6700,34.8800,33.2300,33.4300,34.9600,20876514,705501940.9500,3,2.541400,1,-4.376400,32.057473,10.396908,1441.563425,5.049060,0
2024-11-04,sz.300699,33.1800,36.3300,33.1800,35.7600,33.4300,26429614,932521113.3500,3,3.217500,1,6.969800,34.291810,11.121551,1542.037335,5.400969,0
2024-11-05,sz.300699,36.2000,38.3800,36.1000,37.7600,35.7600,36822443,1390545298.5300,3,4.482700,1,5.592800,36.209697,11.743561,1628.281033,5.703037,0
2024-11-06,sz.300699,38.2000,39.3000,37.2200,37.6900,37.7600,39249864,1501947616.9800,3,4.778200,1,-0.185400,36.142571,11.721791,1625.262504,5.692464,0
2024-11-07,sz.300699,37.0000,37.4600,36.0000,36.9100,37.6900,25519870,936391679.6000,3,3.106700,1,-2.069500,35.394595,11.479207,1591.627461,5.574658,0
2024-11-08,sz.300699,37.3000,38.5200,36.9100,38.1800,36.9100,30915005,1171620471.7500,3,3.763500,1,3.440800,36.612453,11.874184,1646.392210,5.766471,0
2024-11-11,sz.300699,38.5000,39.8700,37.7000,39.3800,38.1800,33077662,1284119312.5900,3,4.026800,1,3.143000,37.763185,12.247390,1698.138429,5.947712,0
2024-11-12,sz.300699,39.5300,39.5300,37.1600,37.4900,39.3800,28676495,1091279953.7500,3,3.491000,1,-4.799400,35.950782,11.659590,1616.638134,5.662258,0
2024-11-13,sz.300699,37.2500,37.6500,36.6400,37.2900,37.4900,14230795,527677800.3800,3,1.732400,1,-0.533500,35.758994,11.597389,1608.013764,5.632051,0
2024-11-14,sz.300699,37.2300,37.6300,36.2000,36.3200,37.2900,11540213,423877309.2600,3,1.404900,1,-2.601200,34.828819,11.295714,1566.185570,5.485548,0
2024-11-15,sz.300699,36.3800,36.6800,34.9400,34.9600,36.3200,14761683,525397160.1600,3,1.797000,1,-3.744500,33.524656,10.872746,1507.539855,5.280142,0
2024-11-18,sz.300699,35.0100,35.8100,34.3900,35.0200,34.9600,13120778,460632391.3500,3,1.597300,1,0.171600,33.582192,10.891407,1510.127166,5.289204,0
2024-11-19,sz.300699,35.5000,35.6000,33.9300,35.2600,35.0200,17121654,593220172.2200,3,2.084300,1,0.685300,33.812339,10.966048,1520.476410,5.325452,0
2024-11-20,sz.300699,35.0100,35.8500,34.7300,35.6200,35.2600,12670144,448027297.0400,3,1.542400,1,1.021000,34.157558,11.078010,1536.000276,5.379824,0
2024-11-21,sz.300699,35.4700,35.6700,34.8100,35.4700,35.6200,8640165,304950562.9600,3,1.051800,1,-0.421100,34.013717,11.031359,1529.531998,5.357169,0
2024-11-22,sz.300699,35.3500,35.3500,33.3800,33.4500,35.4700,13781364,472803806.0200,3,1.677700,1,-5.695000,32.076651,10.403128,1442.425862,5.052081,0
2024-11-25,sz.300699,33.4500,33.9900,32.4200,32.9300,33.4500,12148422,400634157.2800,3,1.478900,1,-1.554600,31.578001,10.241406,1420.002501,4.973543,0
2024-11-26,sz.300699,32.7900,33.1800,32.5500,32.6000,32.9300,6468725,212316954.1700,3,0.787500,1,-1.002100,31.261550,10.138774,1405.772290,4.923702,0
2024-11-27,sz.300699,32.6600,34.4000,32.3000,34.3600,32.6000,14553232,486969471.3600,3,1.771700,1,5.398800,32.949290,10.686143,1481.666745,5.189522,0
2024-11-28,sz.300699,34.2300,35.0000,33.8100,33.9200,34.3600,9337878,321046212.0500,3,1.136800,1,-1.280600,32.527355,10.549301,1462.693132,5.123067,0
2024-11-29,sz.300699,33.8700,34.9700,33.6500,34.6200,33.9200,10434237,359468923.6700,3,1.270200,1,2.063700,33.198615,10.767005,1492.878426,5.228791,0
2024-12-02,sz.300699,34.5600,35.2500,34.5000,34.8300,34.6200,9281250,323119944.8200,3,1.129900,1,0.606600,33.399993,10.832316,1501.934015,5.260508,0
2024-12-03,sz.300699,35.1500,35.1500,34.3200,34.7300,34.8300,8750428,303296453.3000,3,1.065300,1,-0.287100,33.304099,10.801215,1497.621830,5.245404,0
2024-12-04,sz.300699,34.5900,34.6400,33.7500,33.9600,34.7300,9524520,325148764.9600,3,1.159500,1,-2.217100,32.565713,10.561741,1464.418006,5.129108,0
2024-12-05,sz.300699,33.9400,34.7500,33.7500,34.3300,33.9600,7078689,243127710.6600,3,0.861700,1,1.089500,32.920522,10.676813,1480.373090,5.184991,0
2024-12-06,sz.300699,34.2400,34.9500,34.1300,34.7800,34.3300,8102289,280817934.8300,3,0.986300,1,1.310800,33.352046,10.816765,1499.777922,5.252956,0
2024-12-09,sz.300699,34.7900,35.1300,34.3000,34.9300,34.7800,7947236,275949484.4000,3,0.967500,1,0.431300,33.495887,10.863416,1506.246200,5.275611,0
2024-12-10,sz.300699,36.0400,36.2000,35.2600,35.4300,34.9300,15781115,563921322.1700,3,1.921100,1,1.431400,33.975359,11.018919,1527.807124,5.351128,0
2024-12-11,sz.300699,35.3700,35.7000,34.8000,34.9800,35.4300,9417393,330421280.8400,3,1.146400,1,-1.270100,33.543835,10.878966,1508.402292,5.283163,0
2024-12-12,sz.300699,34.9000,35.7800,34.8100,35.1700,34.9800,10905764,385225045.4800,3,1.327600,1,0.543200,33.726034,10.938057,1516.595443,5.311859,0
2024-12-13,sz.300699,35.0000,35.0200,33.6900,33.9800,35.1700,15905896,542010914.6800,3,1.936300,1,-3.383600,32.584891,10.567961,1465.280443,5.132129,0
2024-12-16,sz.300699,33.9800,34.1100,33.5900,33.7400,33.9800,8535972,288345630.2400,3,1.039100,1,-0.706300,32.354745,10.493320,1454.931199,5.095881,0
2024-12-17,sz.300699,33.6200,33.9900,33.0000,33.2000,33.7400,8168923,272883401.5200,3,0.994500,1,-1.600500,31.836916,10.325377,1431.645400,5.014323,0
2024-12-18,sz.300699,33.3400,33.5500,32.9100,32.9800,33.2000,7357373,243833819.4500,3,0.895700,1,-0.662700,31.625948,10.256956,1422.158593,4.981095,0
2024-12-19,sz.300699,32.7900,33.1500,32.5000,32.9600,32.9800,8132050,266984384.9000,3,0.990000,1,-0.060600,31.606769,10.250736,1421.296156,4.978074,0
2024-12-20,sz.300699,32.9100,33.9500,32.8300,33.7000,32.9600,9210464,309529826.0600,3,1.121300,1,2.245100,32.316387,10.480880,1453.206325,5.089839,0
2024-12-23,sz.300699,33.6600,33.8300,33.0100,33.0100,33.7000,6514151,217237471.4800,3,0.793000,1,-2.047500,31.654716,10.266286,1423.452249,4.985626,0
2024-12-24,sz.300699,33.0200,33.7900,33.0200,33.4500,33.0100,7364560,246717906.7200,3,0.896500,1,1.332900,32.076651,10.403128,1442.425862,5.052081,0
2024-12-25,sz.300699,33.4000,34.1500,33.1800,33.7700,33.4500,9704502,327348182.3600,3,1.181400,1,0.956700,32.383513,10.502650,1456.224854,5.100412,0
2024-12-26,sz.300699,36.4700,38.8000,35.5400,37.2400,33.7700,60770869,2230889129.7700,3,7.398100,1,10.275400,35.711046,11.581839,1605.857672,5.624499,0
2024-12-27,sz.300699,37.9000,38.0500,36.1800,36.4300,37.2400,47533039,1754778362.1400,3,5.786500,1,-2.175100,34.934302,11.329924,1570.928974,5.502162,0
2024-12-30,sz.300699,36.7400,37.0200,35.6300,35.8100,36.4300,29308145,1060440295.5700,3,3.567900,1,-1.701900,34.339758,11.137101,1544.193427,5.408521,0
2024-12-31,sz.300699,35.8200,35.9100,34.6000,34.6500,35.8100,24733688,867534275.2000,3,3.011000,1,-3.239300,33.227383,10.776335,1494.172082,5.233322,0
