date,code,open,high,low,close,preclose,volume,amount,adjustflag,turn,tradestatus,pctChg,peTTM,psTTM,pcfNcfTTM,pbMRQ,isST
1996-07-26,sh.600730,14.9500,16.1900,14.5100,15.1800,4.8000,23833628,369901553.0000,3,65.297611,1,216.250000,135.191165,22.240385,0.000000,13.162036,0
1996-07-29,sh.600730,15.0000,15.0000,13.7500,14.5000,15.1800,4774527,68104597.0000,3,13.080896,1,-4.479580,129.135171,21.244109,0.000000,12.572433,0
1996-07-30,sh.600730,14.3800,14.3800,13.8500,13.9000,14.5000,2235545,31375259.0000,3,6.124781,1,-4.137934,123.791646,20.365043,0.000000,12.052194,0
1996-07-31,sh.600730,14.5000,14.5000,13.8300,14.2500,13.9000,1899989,26766875.0000,3,5.205449,1,2.517988,126.908702,20.877832,0.000000,12.355666,0
1996-08-01,sh.600730,14.0100,14.2500,13.8000,13.8900,14.2500,859500,12006875.0000,3,2.354795,1,-2.526314,123.702588,20.350392,0.000000,12.043523,0
1996-08-02,sh.600730,13.9300,13.9700,13.0100,13.2000,13.8900,1171528,15745314.0000,3,3.209666,1,-4.967607,117.557535,19.339465,0.000000,11.445249,0
1996-08-05,sh.600730,13.2000,13.2000,12.3000,12.7000,13.2000,1822988,23097446.0000,3,4.994488,1,-3.787879,113.104598,18.606910,0.000000,11.011717,0
1996-08-06,sh.600730,12.6000,12.9600,12.4100,12.8300,12.7000,1182423,15007664.0000,3,3.239515,1,1.023623,114.262361,18.797374,0.000000,11.124435,0
1996-08-07,sh.600730,13.0000,13.4800,12.9000,12.9100,12.8300,2129420,28080198.0000,3,5.834027,1,0.623538,114.974831,18.914583,0.000000,11.193800,0
1996-08-08,sh.600730,13.0200,13.3700,12.6600,13.2000,12.9100,1568768,20531613.0000,3,4.297995,1,2.246320,117.557535,19.339465,0.000000,11.445249,0
1996-08-09,sh.600730,13.1500,13.3900,12.9300,13.0000,13.2000,921315,12131042.0000,3,2.524151,1,-1.515150,115.776360,19.046443,0.000000,11.271836,0
1996-08-12,sh.600730,13.5000,14.0900,13.4900,13.8000,13.0000,3026723,41967586.0000,3,8.292392,1,6.153848,122.901059,20.218532,0.000000,11.965487,0
1996-08-13,sh.600730,14.0000,14.0000,13.5000,13.6300,13.8000,896500,12267116.0000,3,2.456164,1,-1.231885,121.387060,19.969463,0.000000,11.818087,0
1996-08-14,sh.600730,14.2500,14.3000,13.0800,13.4000,13.6300,1110820,15128473.0000,3,3.043342,1,-1.687458,119.338709,19.632487,0.000000,11.618662,0
1996-08-15,sh.600730,13.5000,13.6000,12.9200,13.0000,13.4000,901850,11892502.0000,3,2.470822,1,-2.985072,115.776360,19.046443,0.000000,11.271836,0
1996-08-16,sh.600730,13.2000,13.4000,12.8200,13.0800,13.0000,946200,12336772.0000,3,2.592329,1,0.615384,116.488830,19.163652,0.000000,11.341201,0
1996-08-19,sh.600730,13.2100,13.2500,13.0100,13.0900,13.0800,501200,6597133.0000,3,1.373151,1,0.076454,116.577889,19.178303,0.000000,11.349872,0
1996-08-20,sh.600730,13.0200,13.1900,12.7000,12.7000,13.0900,366660,4750362.0000,3,1.004548,1,-2.979376,113.104598,18.606910,0.000000,11.011717,0
1996-08-21,sh.600730,12.8000,13.1200,12.7400,13.0000,12.7000,502221,6477162.0000,3,1.375948,1,2.362206,115.776360,19.046443,0.000000,11.271836,0
1996-08-22,sh.600730,13.0900,13.0900,12.5100,12.6800,13.0000,333420,4288225.0000,3,0.913479,1,-2.461536,112.926480,18.577607,0.000000,10.994375,0
1996-08-23,sh.600730,12.7000,12.8000,12.0800,12.1000,12.6800,770500,9481017.0000,3,2.110959,1,-4.574132,107.761073,17.727843,0.000000,10.491478,0
1996-08-26,sh.600730,12.1000,12.1000,10.6000,10.8000,12.1000,1440500,16374883.0000,3,3.946575,1,-10.743800,96.183437,15.823199,0.000000,9.364295,0
1996-08-27,sh.600730,10.7500,10.7500,10.3100,10.5500,10.8000,893760,9389646.0000,3,2.448658,1,-2.314815,93.956969,15.456921,0.000000,9.147528,0
1996-08-28,sh.600730,10.7700,11.3000,10.6100,11.1400,10.5500,2347400,25946840.0000,3,6.431233,1,5.592419,99.211435,16.321336,0.000000,9.659096,0
1996-08-29,sh.600730,11.1400,11.1400,11.1400,11.1400,11.1400,0,0.0000,3,,1,0.000000,99.211435,16.321336,0.000000,9.659096,0
1996-08-30,sh.600730,11.2000,11.2000,10.4000,10.6900,11.1400,1311050,13898968.0000,3,3.591918,1,-4.039504,95.203791,15.662036,0.000000,9.268917,0
1996-09-02,sh.600730,10.6900,10.7500,10.4100,10.4500,10.6900,1048586,11003036.0000,3,2.872838,1,-2.245087,93.066382,15.310410,0.000000,9.060822,0
1996-09-03,sh.600730,10.4500,10.8000,10.3300,10.7100,10.4500,1440133,15268229.0000,3,3.945570,1,2.488040,95.381909,15.691339,0.000000,9.286259,0
1996-09-04,sh.600730,10.8000,11.1300,10.6000,10.8800,10.7100,1555918,16943620.0000,3,4.262789,1,1.587302,96.895907,15.940408,0.000000,9.433660,0
1996-09-05,sh.600730,11.0000,11.9800,11.0000,11.3000,10.8800,3893100,45442768.0000,3,10.666027,1,3.860295,100.636374,16.555754,0.000000,9.797827,0
1996-09-06,sh.600730,11.3000,11.5000,10.8800,10.8900,11.3000,1013650,11315729.0000,3,2.777123,1,-3.628317,96.984966,15.955059,0.000000,9.442330,0
1996-09-09,sh.600730,10.8800,10.8900,10.5500,10.5900,10.8900,465100,4976780.0000,3,1.274247,1,-2.754822,94.313204,15.515525,0.000000,9.182211,0
1996-09-10,sh.600730,10.4100,10.7000,9.9000,10.0000,10.5900,637210,6532443.0000,3,1.745781,1,-5.571295,89.058738,14.651110,0.000000,8.670643,0
1996-09-11,sh.600730,9.9900,10.2400,9.8500,10.1000,10.0000,367400,3676125.0000,3,1.006575,1,1.000004,89.949326,14.797621,0.000000,8.757350,0
1996-09-12,sh.600730,10.0700,10.2000,9.5200,9.7400,10.1000,637500,6223514.0000,3,1.746575,1,-3.564362,86.743211,14.270181,0.000000,8.445206,0
1996-09-13,sh.600730,9.7400,10.1800,9.3200,10.1800,9.7400,647035,6228194.0000,3,1.772699,1,4.517459,90.661796,14.914830,0.000000,8.826715,0
1996-09-16,sh.600730,10.0900,10.1000,9.6500,9.8000,10.1800,353300,3460710.0000,3,0.967945,1,-3.732810,87.277564,14.358088,0.000000,8.497230,0
1996-09-17,sh.600730,9.7000,9.7800,9.5000,9.6100,9.8000,389515,3750679.0000,3,1.067164,1,-1.938781,85.585448,14.079717,0.000000,8.332488,0
1996-09-18,sh.600730,9.5800,9.9800,9.4600,9.5200,9.6100,498415,4800368.0000,3,1.365521,1,-0.936516,84.783919,13.947857,0.000000,8.254452,0
1996-09-19,sh.600730,9.5600,9.6700,9.4000,9.5500,9.5200,327080,3097469.0000,3,0.896110,1,0.315123,85.051095,13.991810,0.000000,8.280464,0
1996-09-20,sh.600730,9.5800,10.5500,9.5800,10.5500,9.5500,2287352,23225958.0000,3,6.266718,1,10.471200,93.956969,15.456921,0.000000,9.147528,0
1996-09-23,sh.600730,10.6000,10.9900,10.5000,10.9900,10.5500,2583999,27820939.0000,3,7.079449,1,4.170612,97.875553,16.101570,0.000000,9.529037,0
1996-09-24,sh.600730,11.2800,11.4800,10.3000,10.6600,10.9900,1296000,14231416.0000,3,3.550685,1,-3.002729,94.936615,15.618083,0.000000,9.242906,0
1996-09-25,sh.600730,10.6200,10.8200,10.3000,10.5000,10.6600,775460,8130332.0000,3,2.124548,1,-1.500937,93.511675,15.383665,0.000000,9.104175,0
1996-09-26,sh.600730,10.4000,10.9600,10.4000,10.4500,10.5000,1635685,17319838.0000,3,4.481329,1,-0.476192,93.066382,15.310410,0.000000,9.060822,0
1996-09-27,sh.600730,8.6600,8.8000,8.4000,8.5700,8.6500,583760,5019143.0000,3,1.332785,1,-0.924855,91.588007,15.067201,0.000000,8.916889,0
1996-10-03,sh.600730,8.6000,8.6000,8.2000,8.3000,8.5700,709980,5998439.0000,3,1.620959,1,-3.150519,88.702503,14.592505,0.000000,8.635961,0
1996-10-04,sh.600730,8.3000,8.4000,8.2100,8.2200,8.3000,716440,5945741.0000,3,1.635708,1,-0.963854,87.847540,14.451855,0.000000,8.552722,0
1996-10-07,sh.600730,8.3100,8.5000,8.2000,8.3400,8.2200,535001,4481334.0000,3,1.221463,1,1.459853,89.129985,14.662831,0.000000,8.677580,0
1996-10-08,sh.600730,8.4000,8.9700,8.4000,8.6200,8.3400,1164500,10033104.0000,3,2.658676,1,3.357311,92.122359,15.155108,0.000000,8.968913,0
1996-10-09,sh.600730,8.6400,8.6900,8.3800,8.4600,8.6200,1471900,12515133.0000,3,3.360502,1,-1.856147,90.412431,14.873807,0.000000,8.802437,0
1996-10-10,sh.600730,8.4600,8.7000,8.4500,8.7000,8.4600,1284428,11051766.0000,3,2.932484,1,2.836877,92.977323,15.295759,0.000000,9.052151,0
1996-10-11,sh.600730,8.8800,9.0500,8.7600,8.8100,8.7000,2042204,18170197.0000,3,4.662566,1,1.264375,94.152898,15.489153,0.000000,9.166604,0
1996-10-14,sh.600730,9.0000,9.0800,8.8200,9.0100,8.8100,1834500,16457285.0000,3,4.188356,1,2.270145,96.290308,15.840780,0.000000,9.374699,0
1996-10-15,sh.600730,9.0400,9.3800,8.9000,9.2600,9.0100,2366373,21849797.0000,3,5.402678,1,2.774695,98.962070,16.280313,0.000000,9.634819,0
1996-10-16,sh.600730,9.3700,10.0600,9.3700,9.5300,9.2600,5826427,57181476.0000,3,13.302345,1,2.915761,101.847573,16.755009,0.000000,9.915747,0
1996-10-17,sh.600730,9.5500,9.8000,9.1000,9.7000,9.5300,3010790,28935284.0000,3,6.873950,1,1.783841,103.664371,17.053892,0.000000,10.092629,0
1996-10-18,sh.600730,9.6500,9.7800,9.1800,9.3600,9.7000,2380423,22566254.0000,3,5.434756,1,-3.505156,100.030775,16.456127,0.000000,9.738866,0
1996-10-21,sh.600730,9.2300,9.3000,9.0000,9.1600,9.3600,1166650,10649439.0000,3,2.663584,1,-2.136750,97.893365,16.104500,0.000000,9.530771,0
1996-10-22,sh.600730,8.6000,9.2000,8.6000,8.9000,9.1600,918560,8207116.0000,3,2.097169,1,-2.838431,95.114733,15.647385,0.000000,9.260247,0
1996-10-23,sh.600730,8.9500,9.2000,8.8100,9.1700,8.9000,1294840,11747632.0000,3,2.956256,1,3.033713,98.000236,16.122081,0.000000,9.541176,0
1996-10-24,sh.600730,9.1900,9.3800,9.0000,9.2700,9.1700,2067866,19173787.0000,3,4.721155,1,1.090517,99.068941,16.297895,0.000000,9.645223,0
1996-10-25,sh.600730,9.3000,9.7800,9.2000,9.7100,9.2700,4509485,43120376.0000,3,10.295628,1,4.746489,103.771242,17.071473,0.000000,10.103033,0
1996-10-28,sh.600730,9.5100,10.3500,9.5000,10.1300,9.7100,4463498,45088419.0000,3,10.190635,1,4.325438,108.259802,17.809889,0.000000,10.540034,0
1996-10-29,sh.600730,10.2000,10.3000,9.7100,9.8800,10.1300,2982640,30037820.0000,3,6.809680,1,-2.467917,105.588040,17.370356,0.000000,10.279914,0
1996-10-30,sh.600730,9.8500,9.9200,8.9500,9.1000,9.8800,2005363,18897260.0000,3,4.578454,1,-7.894734,97.252142,15.999012,0.000000,9.468342,0
1996-10-31,sh.600730,9.4000,9.4000,9.0300,9.3300,9.1000,1264061,11715330.0000,3,2.885984,1,2.527467,99.710164,16.403383,0.000000,9.707652,0
1996-11-01,sh.600730,9.1000,9.2000,8.7600,8.9400,9.3300,1258111,11278927.0000,3,2.872400,1,-4.180068,95.542215,15.717711,0.000000,9.301866,0
1996-11-04,sh.600730,8.9200,9.1900,8.8100,9.0500,8.9400,541180,4872852.0000,3,1.235571,1,1.230432,96.717790,15.911105,0.000000,9.416318,0
1996-11-05,sh.600730,9.1000,9.1000,8.7800,8.8100,9.0500,558319,4983355.0000,3,1.274701,1,-2.651931,94.152898,15.489153,0.000000,9.166604,0
1996-11-06,sh.600730,8.7500,9.3400,8.7000,9.3400,8.8100,1104001,9972246.0000,3,2.520550,1,6.015888,99.817034,16.420964,0.000000,9.718057,0
1996-11-07,sh.600730,9.3400,9.6500,9.2000,9.5700,9.3400,1964947,18538146.0000,3,4.486180,1,2.462522,102.275055,16.825335,0.000000,9.957367,0
1996-11-08,sh.600730,9.5500,9.5500,9.0800,9.2700,9.5700,809661,7535772.0000,3,1.848541,1,-3.134788,99.068941,16.297895,0.000000,9.645223,0
1996-11-11,sh.600730,9.2500,9.3000,9.1000,9.1500,9.2700,607142,5578432.0000,3,1.386169,1,-1.294507,97.786495,16.086919,0.000000,9.520366,0
1996-11-12,sh.600730,9.2800,9.4800,9.2300,9.3900,9.1500,1040225,9720451.0000,3,2.374943,1,2.622959,100.351386,16.508871,0.000000,9.770081,0
1996-11-13,sh.600730,9.5000,9.5000,9.1000,9.2000,9.3900,792855,7318182.0000,3,1.810171,1,-2.023435,98.320847,16.174825,0.000000,9.572390,0
1996-11-14,sh.600730,9.3500,9.3900,9.0700,9.3100,9.2000,992804,9160327.0000,3,2.266676,1,1.195659,99.496423,16.368220,0.000000,9.686842,0
1996-11-15,sh.600730,9.2800,9.5000,9.2000,9.3500,9.3100,2172855,20343408.0000,3,4.960856,1,0.429645,99.923904,16.438545,0.000000,9.728462,0
1996-11-18,sh.600730,9.5000,9.9600,9.3500,9.9400,9.3500,2933611,28577333.0000,3,6.697742,1,6.310152,106.229263,17.475844,0.000000,10.342343,0
1996-11-19,sh.600730,10.0100,10.5000,9.9000,10.1500,9.9400,5461846,55487218.0000,3,12.469968,1,2.112677,108.473543,17.845052,0.000000,10.560843,0
1996-11-20,sh.600730,10.0200,10.1000,9.7600,9.9100,10.1500,1873160,18609191.0000,3,4.276621,1,-2.364530,105.908652,17.423100,0.000000,10.311129,0
1996-11-21,sh.600730,10.0000,10.2000,9.0000,9.0000,9.9100,1808060,17445414.0000,3,4.127991,1,-9.182642,96.183437,15.823199,0.000000,9.364295,0
1996-11-22,sh.600730,8.9300,9.2700,8.8800,9.1700,9.0000,996032,8986312.0000,3,2.274046,1,1.888890,98.000236,16.122081,0.000000,9.541176,0
1996-11-25,sh.600730,9.0000,9.4800,9.0000,9.4100,9.1700,1008503,9339366.0000,3,2.302518,1,2.617228,100.565127,16.544033,0.000000,9.790890,0
1996-11-26,sh.600730,9.4600,9.5800,9.2000,9.3300,9.4100,766960,7178278.0000,3,1.751050,1,-0.850159,99.710164,16.403383,0.000000,9.707652,0
1996-11-27,sh.600730,9.3300,9.5000,9.1500,9.4400,9.3300,749259,7031328.0000,3,1.710637,1,1.178989,100.885739,16.596777,0.000000,9.822105,0
1996-11-28,sh.600730,9.5000,9.8500,9.3500,9.7000,9.4400,1723866,16700168.0000,3,3.935767,1,2.754240,103.664371,17.053892,0.000000,10.092629,0
1996-11-29,sh.600730,9.6500,10.4800,9.6200,10.3500,9.7000,5168052,53046936.0000,3,11.799205,1,6.701037,110.610953,18.196678,0.000000,10.768939,0
1996-12-02,sh.600730,10.5100,11.6000,10.5100,11.6000,10.3500,5717942,63863249.0000,3,13.054662,1,12.077290,123.969764,20.394345,0.000000,12.069535,0
1996-12-03,sh.600730,11.8500,12.3800,11.0000,11.1200,11.6000,5575334,65722765.0000,3,12.729073,1,-4.137935,118.839981,19.550441,0.000000,11.570106,0
1996-12-04,sh.600730,11.0200,11.4700,10.6800,11.3800,11.1200,3593654,39962817.0000,3,8.204689,1,2.338131,121.618613,20.007556,0.000000,11.840630,0
1996-12-05,sh.600730,11.8000,11.8900,11.3000,11.6800,11.3800,4104334,47367847.0000,3,9.370626,1,2.636206,124.824728,20.534996,0.000000,12.152773,0
1996-12-06,sh.600730,11.6000,11.7500,11.2000,11.5600,11.6800,3352190,38655499.0000,3,7.653402,1,-1.027396,123.542282,20.324020,0.000000,12.027916,0
1996-12-09,sh.600730,11.6100,12.0000,11.5600,11.9800,11.5600,4386070,51954491.0000,3,10.013858,1,3.633210,128.030842,21.062436,0.000000,12.464917,0
1996-12-10,sh.600730,12.0000,12.0800,11.3500,11.7700,11.9800,3333271,38867823.0000,3,7.610208,1,-1.752914,125.786562,20.693228,0.000000,12.246416,0
1996-12-11,sh.600730,11.7800,12.8200,11.7800,12.5800,11.7700,6317313,78724847.0000,3,14.423089,1,6.881899,134.443071,22.117315,0.000000,13.089203,0
1996-12-12,sh.600730,12.7000,12.8000,11.3000,11.4200,12.5800,3342910,40062908.0000,3,7.632215,1,-9.220984,122.046095,20.077881,0.000000,11.882249,0
1996-12-13,sh.600730,11.4000,11.6000,10.1800,10.2000,11.4200,2141410,23350838.0000,3,4.889064,1,-10.683010,109.007896,17.932958,0.000000,10.612867,0
1996-12-16,sh.600730,9.1800,9.1800,9.1800,9.1800,10.2000,658500,6045030.0000,3,1.503425,1,-9.999995,98.107106,16.139663,0.000000,9.551580,0
1996-12-17,sh.600730,8.2600,8.9000,8.2600,8.2600,9.1800,1795829,14917743.0000,3,4.100066,1,-10.021790,88.275021,14.522180,0.000000,8.594341,0
1996-12-18,sh.600730,7.8100,8.8800,7.6800,8.7500,8.2600,2825527,23677383.0000,3,6.450975,1,5.932200,93.511675,15.383665,0.000000,9.104175,0
1996-12-19,sh.600730,8.7500,8.7500,7.8800,7.8800,8.7500,2399700,19702499.0000,3,5.478767,1,-9.942856,84.213943,13.854089,0.000000,8.198960,0
1996-12-20,sh.600730,7.6000,8.0500,7.1800,7.3500,7.8800,1756008,13178595.0000,3,4.009151,1,-6.725891,78.549807,12.922279,0.000000,7.647507,0
1996-12-23,sh.600730,7.4900,7.6800,7.4000,7.6100,7.3500,868362,6564199.0000,3,1.982562,1,3.537418,81.328440,13.379394,0.000000,7.918031,0
1996-12-24,sh.600730,7.7000,7.7300,7.0100,7.0100,7.6100,880060,6484725.0000,3,2.009269,1,-7.884362,74.916211,12.324514,0.000000,7.293745,0
1996-12-25,sh.600730,7.1100,7.4000,6.9000,7.3200,7.0100,794916,5710340.0000,3,1.814877,1,4.422253,78.229196,12.869535,0.000000,7.616293,0
1996-12-26,sh.600730,7.4200,7.6500,7.1500,7.6300,7.3200,1068230,7947054.0000,3,2.438881,1,4.234972,81.542181,13.414556,0.000000,7.938841,0
1996-12-27,sh.600730,7.5900,7.6600,7.3000,7.6000,7.6300,954712,7201068.0000,3,2.179708,1,-0.393188,81.221569,13.361812,0.000000,7.907627,0
1996-12-30,sh.600730,7.6000,7.7800,7.3000,7.7200,7.6000,1245890,9536487.0000,3,2.844498,1,1.578946,82.504015,13.572788,0.000000,8.032484,0
1996-12-31,sh.600730,7.7500,7.7600,7.4300,7.4800,7.7200,817180,6205686.0000,3,1.865708,1,-3.108805,79.939124,13.150836,0.000000,7.782769,0
1997-01-02,sh.600730,7.5800,7.6500,7.4400,7.4800,7.4800,480288,3604924.0000,3,1.096548,1,0.000000,79.939124,13.150836,0.000000,7.782769,0
1997-01-03,sh.600730,7.5000,7.6800,7.3600,7.4200,7.4800,576420,4341423.0000,3,1.316027,1,-0.802138,79.297901,13.045348,0.000000,7.720341,0
1997-01-06,sh.600730,7.2600,7.3200,7.1500,7.1500,7.4200,460700,3346828.0000,3,1.051826,1,-3.638814,76.412398,12.570652,0.000000,7.439412,0
1997-01-07,sh.600730,7.1000,7.3800,7.0200,7.3000,7.1500,285320,2068389.0000,3,0.651416,1,2.097903,78.015455,12.834372,0.000000,7.595483,0
1997-01-08,sh.600730,7.4500,7.4500,7.2000,7.3300,7.3000,232674,1702079.0000,3,0.531219,1,0.410955,78.336066,12.887116,0.000000,7.626698,0
1997-01-09,sh.600730,7.3500,7.4700,7.2600,7.3500,7.3300,221020,1630852.0000,3,0.504612,1,0.272851,78.549807,12.922279,0.000000,7.647507,0
1997-01-10,sh.600730,7.3200,7.5600,7.3000,7.4800,7.3500,455590,3372405.0000,3,1.040160,1,1.768709,79.939124,13.150836,0.000000,7.782769,0
1997-01-13,sh.600730,7.5600,7.7000,7.4300,7.6900,7.4800,729393,5502712.0000,3,1.665281,1,2.807487,82.183404,13.520044,0.000000,8.001269,0
1997-01-14,sh.600730,7.7500,7.7500,7.3600,7.4200,7.6900,519900,3901281.0000,3,1.186986,1,-3.511053,79.297901,13.045348,0.000000,7.720341,0
1997-01-15,sh.600730,7.3500,7.4800,7.3500,7.4100,7.4200,245280,1820272.0000,3,0.560000,1,-0.134774,79.191030,13.027767,0.000000,7.709936,0
1997-01-16,sh.600730,7.3200,7.4900,7.3200,7.3600,7.4100,253270,1866610.0000,3,0.578242,1,-0.674760,78.656678,12.939860,0.000000,7.657912,0
1997-01-17,sh.600730,7.3600,7.4800,7.3200,7.3800,7.3600,313710,2314128.0000,3,0.716233,1,0.271739,78.870419,12.975023,0.000000,7.678722,0
1997-01-20,sh.600730,7.3900,7.4500,7.3500,7.4000,7.3800,362770,2677672.0000,3,0.828242,1,0.271002,79.084160,13.010186,0.000000,7.699531,0
1997-01-21,sh.600730,7.4200,7.5700,7.4200,7.4600,7.4000,509400,3817108.0000,3,1.163014,1,0.810810,79.725383,13.115674,0.000000,7.761960,0
1997-01-22,sh.600730,7.4600,7.5500,7.4000,7.5000,7.4600,426210,3180949.0000,3,0.973082,1,0.536192,80.152865,13.185999,0.000000,7.803579,0
1997-01-23,sh.600730,7.5100,8.1900,7.5100,7.9500,7.5000,2157517,17034665.0000,3,4.925838,1,5.999998,84.962036,13.977159,0.000000,8.271794,0
1997-01-24,sh.600730,7.9400,7.9400,7.7000,7.9000,7.9500,1056752,8261950.0000,3,2.412676,1,-0.628927,84.427684,13.889252,0.000000,8.219770,0
1997-01-27,sh.600730,7.8200,7.9500,7.8000,7.9000,7.9000,767100,6039399.0000,3,1.751370,1,0.000000,84.427684,13.889252,0.000000,8.219770,0
1997-01-28,sh.600730,7.9000,7.9000,7.7000,7.8600,7.9000,552530,4315741.0000,3,1.261484,1,-0.506329,84.000202,13.818927,0.000000,8.178151,0
1997-01-29,sh.600730,7.8500,7.8900,7.7800,7.8800,7.8600,562790,4413356.0000,3,1.284909,1,0.254453,84.213943,13.854089,0.000000,8.198960,0
1997-01-30,sh.600730,7.8800,7.8800,7.7000,7.8000,7.8800,602394,4714538.0000,3,1.375329,1,-1.015227,83.358979,13.713439,0.000000,8.115722,0
1997-01-31,sh.600730,7.8000,8.1500,7.8000,8.0200,7.8000,1056540,8487230.0000,3,2.412192,1,2.820516,85.710130,14.100228,0.000000,8.344627,0
1997-02-17,sh.600730,7.9600,8.1000,7.8000,7.9900,8.0200,568310,4515531.0000,3,1.297511,1,-0.374073,85.389518,14.047484,0.000000,8.313413,0
1997-02-18,sh.600730,8.0000,8.2700,7.1900,7.1900,7.9900,1585543,12103891.0000,3,3.619961,1,-10.012510,76.839879,12.640978,0.000000,7.481031,0
1997-02-19,sh.600730,7.2600,7.7500,7.2600,7.7000,7.1900,790922,5974510.0000,3,1.805758,1,7.093182,82.290274,13.537626,0.000000,8.011674,0
1997-02-20,sh.600730,6.9300,8.1800,6.9300,7.9600,7.7000,1877832,14362489.0000,3,4.287288,1,3.376626,85.068907,13.994740,0.000000,8.282198,0
1997-02-21,sh.600730,8.2800,8.7600,8.2100,8.7600,7.9600,4255596,36868309.0000,3,9.715973,1,10.050250,93.618546,15.401247,0.000000,9.114580,0
1997-02-24,sh.600730,9.3100,9.5400,8.9400,9.0000,8.7600,5691462,52321889.0000,3,12.994205,1,2.739723,96.183437,15.823199,0.000000,9.364295,0
1997-02-25,sh.600730,9.0000,9.1800,8.8200,8.9600,9.0000,2076830,18694800.0000,3,4.741621,1,-0.444444,95.755956,15.752873,0.000000,9.322675,0
1997-02-26,sh.600730,8.9700,9.0500,8.7500,8.9500,8.9600,1214575,10784387.0000,3,2.773002,1,-0.111610,95.649085,15.735292,0.000000,9.312271,0
1997-02-27,sh.600730,9.0000,9.0500,8.7800,8.8800,8.9500,1284470,11429521.0000,3,2.932580,1,-0.782119,94.900992,15.612223,0.000000,9.239437,0
1997-02-28,sh.600730,8.9000,9.2100,8.7800,9.2000,8.8800,1936614,17491955.0000,3,4.421493,1,3.603600,98.320847,16.174825,0.000000,9.572390,0
1997-03-03,sh.600730,9.2000,9.3000,9.0100,9.3000,9.2000,2049646,18770543.0000,3,4.679557,1,1.086961,99.389552,16.350639,0.000000,9.676438,0
1997-03-04,sh.600730,9.2000,9.3500,9.0000,9.2400,9.3000,1535780,14087692.0000,3,3.506347,1,-0.645166,98.748329,16.245151,0.000000,9.614009,0
1997-03-05,sh.600730,9.1000,9.2200,9.0000,9.0500,9.2400,1387143,12617496.0000,3,3.166993,1,-2.056273,96.717790,15.911105,0.000000,9.416318,0
1997-03-06,sh.600730,9.0000,9.3000,8.9100,9.3000,9.0500,1525040,13974200.0000,3,3.481826,1,2.762431,99.389552,16.350639,0.000000,9.676438,0
1997-03-07,sh.600730,9.3500,9.6000,9.1500,9.3500,9.3000,2073872,19406912.0000,3,4.734868,1,0.537636,99.923904,16.438545,0.000000,9.728462,0
1997-03-10,sh.600730,9.4000,9.8800,9.4000,9.6500,9.3500,2858484,27482994.0000,3,6.526219,1,3.208548,103.130019,16.965985,0.000000,10.040605,0
1997-03-11,sh.600730,9.7000,9.7900,9.3000,9.4700,9.6500,1615480,15251527.0000,3,3.688311,1,-1.865278,101.206350,16.649521,0.000000,9.853319,0
1997-03-12,sh.600730,9.4200,9.8000,9.3300,9.4700,9.4700,1606791,15186633.0000,3,3.668473,1,0.000000,101.206350,16.649521,0.000000,9.853319,0
1997-03-13,sh.600730,9.5100,9.5100,9.0000,9.2800,9.4700,1250068,11593576.0000,3,2.854037,1,-2.006341,99.175811,16.315476,0.000000,9.655628,0
1997-03-14,sh.600730,9.1900,9.5500,9.1500,9.3000,9.2800,1567220,14628569.0000,3,3.578128,1,0.215522,99.389552,16.350639,0.000000,9.676438,0
1997-03-17,sh.600730,9.3500,9.4500,9.2100,9.4000,9.3000,1827550,17011847.0000,3,4.172489,1,1.075263,100.458257,16.526452,0.000000,9.780485,0
1997-03-18,sh.600730,9.3500,9.4000,9.0100,9.1500,9.4000,1333620,12263512.0000,3,3.044795,1,-2.659575,97.786495,16.086919,0.000000,9.520366,0
1997-03-19,sh.600730,9.2000,9.4400,9.1300,9.2200,9.1500,1024429,9481734.0000,3,2.338879,1,0.765034,98.534588,16.209988,0.000000,9.593200,0
1997-03-20,sh.600730,9.3400,9.3400,8.8100,8.9500,9.2200,921050,8393486.0000,3,2.102854,1,-2.928421,95.649085,15.735292,0.000000,9.312271,0
1997-03-21,sh.600730,8.6400,9.1200,8.6400,9.0900,8.9500,1062879,9508918.0000,3,2.426664,1,1.564250,97.145272,15.981431,0.000000,9.457938,0
1997-03-24,sh.600730,9.1800,9.6500,9.1800,9.2500,9.0900,1968530,18301288.0000,3,4.494361,1,1.760174,98.855200,16.262732,0.000000,9.624414,0
1997-03-25,sh.600730,9.3000,9.3000,8.9800,9.0500,9.2500,1045074,9472750.0000,3,2.386014,1,-2.162160,96.717790,15.911105,0.000000,9.416318,0
1997-03-26,sh.600730,9.0000,9.2400,9.0000,9.1800,9.0500,873114,7971548.0000,3,1.993411,1,1.436465,98.107106,16.139663,0.000000,9.551580,0
1997-03-27,sh.600730,9.2500,9.4900,9.1000,9.3800,9.1800,2093608,19562952.0000,3,4.779927,1,2.178647,100.244516,16.491289,0.000000,9.759676,0
1997-03-28,sh.600730,9.4500,9.4500,9.0000,9.1100,9.3800,1154120,10792645.0000,3,2.634977,1,-2.878470,97.359013,16.016593,0.000000,9.478747,0
1997-03-31,sh.600730,9.2100,9.8500,9.2100,9.6800,9.1100,2180568,20805850.0000,3,4.978466,1,6.256868,103.450631,17.018729,0.000000,10.071819,0
1997-04-01,sh.600730,9.7900,10.4400,9.7500,10.3000,9.6800,4793445,48664312.0000,3,10.943938,1,6.404957,110.076601,18.108772,0.000000,10.716915,0
1997-04-02,sh.600730,10.3200,10.3800,10.0000,10.0500,10.3000,2265084,22916300.0000,3,5.171425,1,-2.427184,107.404839,17.669238,0.000000,10.456796,0
1997-04-03,sh.600730,10.0600,10.1500,9.8000,9.9900,10.0500,1541099,15338192.0000,3,3.518491,1,-0.597019,106.763616,17.563751,0.000000,10.394367,0
1997-04-04,sh.600730,10.1000,10.3000,9.9000,10.1000,9.9900,2277746,23040717.0000,3,5.200333,1,1.101107,107.939191,17.757145,0.000000,10.508819,0
1997-04-07,sh.600730,10.1000,10.1000,9.7200,9.9000,10.1000,1591485,15724721.0000,3,3.633527,1,-1.980205,105.801781,17.405519,0.000000,10.300724,0
1997-04-08,sh.600730,9.8000,9.8800,9.5000,9.5500,9.9000,1621060,15561751.0000,3,3.701050,1,-3.535348,102.061314,16.790172,0.000000,9.936557,0
1997-04-09,sh.600730,9.5100,9.8000,9.4500,9.7900,9.5500,1355783,13068506.0000,3,3.095395,1,2.513087,104.626206,17.212124,0.000000,10.186272,0
1997-04-10,sh.600730,9.7900,10.1900,9.6000,9.7000,9.7900,1819580,18054883.0000,3,4.154292,1,-0.919307,103.664371,17.053892,0.000000,10.092629,0
1997-04-11,sh.600730,9.7000,9.8600,9.5500,9.6700,9.7000,942461,9125430.0000,3,2.151737,1,-0.309276,103.343760,17.001148,0.000000,10.061414,0
1997-04-14,sh.600730,9.7200,10.4800,9.7200,10.1500,9.6700,3428240,34854538.0000,3,7.827032,1,4.963801,108.473543,17.845052,0.000000,10.560843,0
1997-04-15,sh.600730,10.1500,10.3000,10.0000,10.1300,10.1500,1620581,16401225.0000,3,3.699957,1,-0.197040,108.259802,17.809889,0.000000,10.540034,0
1997-04-16,sh.600730,10.2500,10.8000,10.2000,10.7000,10.1300,4188277,44396216.0000,3,9.562276,1,5.626848,114.351420,18.812025,0.000000,11.133106,0
1997-04-17,sh.600730,10.7000,10.7300,10.4100,10.6000,10.7000,2377687,25163895.0000,3,5.428509,1,-0.934574,113.282715,18.636212,0.000000,11.029058,0
1997-04-18,sh.600730,10.7000,10.7500,10.2500,10.6000,10.6000,1782667,18635760.0000,3,4.070016,1,0.000000,113.282715,18.636212,0.000000,11.029058,0
1997-04-21,sh.600730,10.9000,11.4500,10.9000,11.4200,10.6000,5280033,59398143.0000,3,12.054870,1,7.735846,122.046095,20.077881,0.000000,11.882249,0
1997-04-22,sh.600730,11.4200,11.7000,11.1000,11.4000,11.4200,3165037,36290418.0000,3,7.226112,1,-0.175135,121.832354,20.042718,0.000000,11.861440,0
1997-04-23,sh.600730,11.3700,11.5000,11.2000,11.4400,11.4000,2591999,29354321.0000,3,5.917806,1,0.350877,122.259836,20.113044,0.000000,11.903059,0
1997-04-24,sh.600730,11.3000,11.4500,10.5300,11.0000,11.4400,2009380,22460925.0000,3,4.587626,1,-3.846150,117.557535,19.339465,0.000000,11.445249,0
1997-04-25,sh.600730,11.0000,11.2000,10.5000,10.6900,11.0000,1700521,18223035.0000,3,3.882468,1,-2.818186,114.244550,18.794444,0.000000,11.122701,0
1997-04-28,sh.600730,10.6000,11.3800,10.2000,10.5200,10.6900,1834955,19803802.0000,3,4.189395,1,-1.590263,61.323280,17.795095,0.000000,6.573671,0
1997-04-29,sh.600730,10.5000,11.0800,10.0600,10.9000,10.5200,2271872,23984199.0000,3,5.186922,1,3.612159,63.538380,18.437883,0.000000,6.811123,0
1997-04-30,sh.600730,10.9000,11.7000,10.9000,11.5600,10.9000,5299181,60871843.0000,3,12.098587,1,6.055053,67.385658,19.554306,0.000000,7.223539,0
1997-05-05,sh.600730,11.7100,12.7200,11.7100,12.7200,11.5600,5422451,67228590.0000,3,12.380025,1,10.034600,74.147540,21.516503,0.000000,7.948393,0
1997-05-06,sh.600730,13.0000,13.8000,12.9000,13.1800,12.7200,6082727,81509000.0000,3,13.887505,1,3.616352,76.828977,22.294615,0.000000,8.235835,0
1997-05-07,sh.600730,13.1500,13.1800,12.4700,12.9700,13.1800,3844272,48941781.0000,3,8.776877,1,-1.593323,75.604843,21.939390,0.000000,8.104611,0
1997-05-08,sh.600730,12.9000,13.3800,12.0000,12.1800,12.9700,2977093,37830318.0000,3,6.797016,1,-6.090979,70.999767,20.603066,0.000000,7.610961,0
1997-05-09,sh.600730,12.3000,12.8000,11.9800,12.7900,12.1800,3102841,38259929.0000,3,7.084112,1,5.008207,74.555585,21.634911,0.000000,7.992134,0
1997-05-12,sh.600730,13.0500,13.4800,12.7900,13.1500,12.7900,3708326,48513719.0000,3,8.466498,1,2.814696,76.654100,22.243869,0.000000,8.217089,0
1997-05-13,sh.600730,13.1300,13.1300,12.3000,12.6300,13.1500,2190524,27593851.0000,3,5.001196,1,-3.954369,73.622912,21.364263,0.000000,7.892154,0
1997-05-14,sh.600730,12.0800,12.5000,11.8800,11.9300,12.6300,1587100,19215063.0000,3,3.623516,1,-5.542358,69.542465,20.180179,0.000000,7.454743,0
1997-05-15,sh.600730,11.9000,12.3000,11.6100,12.2000,11.9300,1146384,13764298.0000,3,2.617315,1,2.263198,71.116352,20.636897,0.000000,7.623459,0
1997-05-16,sh.600730,10.9800,11.8000,10.9800,11.0000,12.2000,2614100,29400684.0000,3,5.968265,1,-9.836064,64.121301,18.607038,0.000000,6.873610,0
1997-05-19,sh.600730,11.2000,12.0000,11.1300,11.6000,11.0000,1750021,20059035.0000,3,3.995482,1,5.454549,67.618826,19.621968,0.000000,7.248534,0
1997-05-20,sh.600730,11.6000,11.8900,11.4000,11.6000,11.6000,985039,11464107.0000,3,2.248947,1,0.000000,67.618826,19.621968,0.000000,7.248534,0
1997-05-21,sh.600730,11.6000,11.6000,11.0500,11.1500,11.6000,778270,8775462.0000,3,1.776872,1,-3.879317,64.995682,18.860771,0.000000,6.967341,0
1997-05-22,sh.600730,10.1200,10.5700,10.0400,10.0400,11.1500,1170200,11895346.0000,3,2.671689,1,-9.955154,58.525260,16.983151,0.000000,6.273732,0
1997-05-23,sh.600730,9.5500,10.1500,9.5500,9.9800,10.0400,638230,6357923.0000,3,1.457146,1,-0.597614,58.175507,16.881658,0.000000,6.236239,0
1997-05-26,sh.600730,10.0000,10.4000,9.6000,9.6900,9.9800,481200,4743212.0000,3,1.098630,1,-2.905811,56.485037,16.391109,0.000000,6.055026,0
1997-05-27,sh.600730,9.6200,10.2000,9.6200,10.1000,9.6900,989080,9838757.0000,3,2.258174,1,4.231174,58.875012,17.084644,0.000000,6.311224,0
1997-05-28,sh.600730,10.0600,10.2000,9.9500,9.9700,10.1000,693480,6971411.0000,3,1.583288,1,-1.287130,58.117215,16.864743,0.000000,6.229990,0
1997-05-29,sh.600730,9.9700,10.4000,9.9700,10.0000,9.9700,708600,7210144.0000,3,1.617808,1,0.300900,58.292091,16.915489,0.000000,6.248737,0
1997-05-30,sh.600730,10.0500,10.6000,9.5000,9.5000,10.0000,1224976,12686016.0000,3,2.796749,1,-5.000000,55.377487,16.069715,0.000000,5.936300,0
1997-06-02,sh.600730,10.4500,10.4500,10.4500,10.4500,9.5000,442626,4625442.0000,3,1.010562,1,9.999998,60.915236,17.676686,0.000000,6.529930,0
1997-06-03,sh.600730,11.4900,11.5000,11.2000,11.5000,10.4500,2447858,28067631.0000,3,5.588717,1,10.047850,67.035905,19.452813,0.000000,7.186047,0
1997-06-04,sh.600730,12.1800,12.2600,11.7500,12.1000,11.5000,4986660,60072710.0000,3,11.385068,1,5.217395,70.533431,20.467742,0.000000,7.560971,0
1997-06-05,sh.600730,12.1000,12.6000,11.5300,12.4100,12.1000,2599673,31686490.0000,3,5.935326,1,2.561979,72.340486,20.992122,0.000000,7.754682,0
1997-06-06,sh.600730,11.5000,12.3300,11.4000,12.1500,12.4100,3180768,37838690.0000,3,7.262027,1,-2.095087,70.824891,20.552320,0.000000,7.592215,0
1997-06-09,sh.600730,12.1800,12.4800,12.0000,12.2000,12.1500,2255840,27600170.0000,3,5.150320,1,0.411524,71.116352,20.636897,0.000000,7.623459,0
1997-06-10,sh.600730,12.2000,12.7800,11.9500,12.0500,12.2000,2750886,34224934.0000,3,6.280562,1,-1.229505,70.241970,20.383165,0.000000,7.529728,0
1997-06-11,sh.600730,12.2000,12.3500,11.2000,11.4000,12.0500,1778495,20893377.0000,3,4.060491,1,-5.394196,66.452984,19.283658,0.000000,7.123560,0
1997-06-12,sh.600730,11.8800,11.9900,11.4000,11.5500,11.4000,1734552,20227102.0000,3,3.960164,1,1.315794,67.327366,19.537390,0.000000,7.217291,0
1997-06-13,sh.600730,11.1000,12.2000,11.1000,11.9900,11.5500,2313836,27497766.0000,3,5.282731,1,3.809520,69.892218,20.281672,0.000000,7.492235,0
1997-06-16,sh.600730,12.2000,12.9000,12.1100,12.7500,11.9900,3365055,42533120.0000,3,7.682774,1,6.338617,74.322417,21.567249,0.000000,7.967139,0
1997-06-17,sh.600730,12.8000,13.3300,12.5800,12.9500,12.7500,4422250,57450125.0000,3,10.096461,1,1.568626,75.488258,21.905559,0.000000,8.092114,0
1997-06-18,sh.600730,12.9100,13.3500,12.8000,12.9100,12.9500,2947123,38555570.0000,3,6.728591,1,-0.308880,75.255090,21.837897,0.000000,8.067119,0
1997-06-19,sh.600730,13.0000,13.2000,12.4000,12.4200,12.9100,2827844,36087248.0000,3,6.456265,1,-3.795506,72.398778,21.009038,0.000000,7.760931,0
1997-06-20,sh.600730,12.4200,12.4200,12.4200,12.4200,12.4200,0,0.0000,3,,1,0.000000,72.398778,21.009038,0.000000,7.760931,0
1997-06-23,sh.600730,13.0000,13.5700,12.6000,13.4700,12.4200,4060153,53434916.0000,3,9.269756,1,8.454107,78.519447,22.785164,0.000000,8.417048,0
1997-06-24,sh.600730,13.4200,13.9700,13.3100,13.6000,13.4700,5622650,77018166.0000,3,12.837100,1,0.965109,79.277244,23.005066,0.000000,8.498282,0
1997-06-25,sh.600730,13.8100,13.9600,13.3500,13.4400,13.6000,4014910,54770635.0000,3,9.166461,1,-1.176476,78.344571,22.734418,0.000000,8.398302,0
1997-06-26,sh.600730,13.1000,13.5800,13.1000,13.2000,13.4400,2056424,27474359.0000,3,4.695032,1,-1.785713,76.945561,22.328446,0.000000,8.248332,0
1997-06-27,sh.600730,13.1700,13.5700,12.6200,12.6800,13.2000,2023974,26037759.0000,3,4.620945,1,-3.939390,73.914372,21.448841,0.000000,7.923398,0
1997-07-02,sh.600730,13.0500,13.2700,11.4100,12.0900,12.6800,1528724,18586481.0000,3,3.490237,1,-4.652998,70.475139,20.450827,0.000000,7.554723,0
1997-07-03,sh.600730,12.0800,12.0800,11.5500,11.7800,12.0900,1021280,12002358.0000,3,2.331689,1,-2.564106,68.668084,19.926447,0.000000,7.361012,0
1997-07-04,sh.600730,11.7800,12.4700,11.6000,12.2500,11.7800,1537809,18696867.0000,3,3.510979,1,3.989816,71.407812,20.721475,0.000000,7.654702,0
1997-07-07,sh.600730,12.3200,12.8100,12.2100,12.5000,12.2500,2276143,28757434.0000,3,5.196674,1,2.040816,72.865114,21.144362,0.000000,7.810921,0
1997-07-08,sh.600730,12.5000,12.7800,12.3800,12.6400,12.5000,1210677,15232909.0000,3,2.764103,1,1.120003,73.681204,21.381179,0.000000,7.898403,0
1997-07-09,sh.600730,12.6400,13.3900,12.6400,13.2000,12.6400,2404718,31607740.0000,3,5.490224,1,4.430375,76.945561,22.328446,0.000000,8.248332,0
1997-07-10,sh.600730,12.9900,13.3500,12.9600,13.1000,13.2000,1994005,26347211.0000,3,4.552523,1,-0.757571,76.362640,22.159291,0.000000,8.185845,0
1997-07-11,sh.600730,13.0200,13.7000,12.8100,13.2500,13.1000,2364571,31672111.0000,3,5.398564,1,1.145035,77.237021,22.413023,0.000000,8.279576,0
1997-07-14,sh.600730,13.5000,14.2000,13.4000,14.0000,13.2500,4935670,68719479.0000,3,11.268653,1,5.660378,81.608928,23.681685,0.000000,8.748231,0
1997-07-15,sh.600730,14.0000,14.8500,13.8000,14.5000,14.0000,5008760,71627112.0000,3,11.435525,1,3.571429,84.523533,24.527460,0.000000,9.060668,0
1997-07-16,sh.600730,15.0000,15.2000,13.0500,13.7500,14.5000,14309386,196983288.0000,3,32.669831,1,-5.172414,80.151626,23.258798,0.000000,8.592013,0
1997-07-17,sh.600730,13.5000,13.7200,12.8500,13.2400,13.7500,5321558,70119572.0000,3,12.149676,1,-3.709093,77.178729,22.396108,0.000000,8.273327,0
1997-07-18,sh.600730,13.0000,13.3800,12.7800,13.0500,13.2400,6818238,88214880.0000,3,15.566753,1,-1.435042,76.071179,22.074714,0.000000,8.154601,0
1997-07-21,sh.600730,13.6000,13.6800,13.1000,13.5500,13.0500,3390396,45467191.0000,3,7.740630,1,3.831418,78.985784,22.920488,0.000000,8.467038,0
1997-07-22,sh.600730,13.0000,13.6900,13.0000,13.4000,13.5500,1552100,20706740.0000,3,3.543607,1,-1.107015,78.111403,22.666756,0.000000,8.373307,0
1997-07-23,sh.600730,13.5800,13.5800,12.9500,13.0300,13.4000,1269355,16713900.0000,3,2.898071,1,-2.761193,75.954595,22.040883,0.000000,8.142104,0
1997-07-24,sh.600730,13.0000,13.6500,12.9100,13.2500,13.0300,3121462,41813749.0000,3,7.126626,1,1.688414,77.237021,22.413023,0.000000,8.279576,0
1997-07-25,sh.600730,13.2500,13.5700,13.0200,13.4000,13.2500,1731284,23133342.0000,3,3.952703,1,1.132073,78.111403,22.666756,0.000000,8.373307,0
1997-07-28,sh.600730,13.5500,14.1500,13.3500,13.8000,13.3000,5257004,73055902.0000,3,12.002292,1,3.759398,80.443086,23.343375,0.000000,8.623256,0
1997-07-29,sh.600730,14.0500,14.5800,13.8500,14.1800,13.8000,4967803,70769259.0000,3,11.342016,1,2.753624,82.658186,23.986164,0.000000,8.860708,0
1997-07-30,sh.600730,14.5000,14.6000,13.9000,14.5500,14.1800,6635594,94917174.0000,3,15.149758,1,2.609308,84.814993,24.612037,0.000000,9.091912,0
1997-07-31,sh.600730,14.4100,14.6000,14.2500,14.3000,14.5500,3163554,45666325.0000,3,7.222726,1,-1.718213,83.357691,24.189150,0.000000,8.935693,0
1997-08-01,sh.600730,14.3000,14.5000,14.2100,14.4500,14.3000,1917300,27528466.0000,3,4.377397,1,1.048948,84.232072,24.442882,0.000000,9.029424,0
1997-08-04,sh.600730,14.5200,14.9700,14.3000,14.6700,14.4500,2352001,34214614.0000,3,5.369865,1,1.522493,85.514498,24.815023,0.000000,9.166897,0
1997-08-05,sh.600730,14.6800,15.0000,14.0000,14.0500,14.6700,3221100,46604634.0000,3,7.354110,1,-4.226311,81.900389,23.766263,0.000000,8.779475,0
1997-08-06,sh.600730,14.0700,14.4500,14.0700,14.3500,14.0500,685705,9745887.0000,3,1.565537,1,2.135233,83.649151,24.273727,0.000000,8.966937,0
1997-08-07,sh.600730,14.3700,14.3700,14.0200,14.3000,14.3500,460118,6517958.0000,3,1.050498,1,-0.348433,83.357691,24.189150,0.000000,8.935693,0
1997-08-08,sh.600730,14.5000,15.2500,14.5000,15.2500,14.3000,3801058,56587433.0000,3,8.678215,1,6.643355,88.895440,25.796121,0.000000,9.529323,0
1997-08-11,sh.600730,15.3900,16.1800,15.3800,16.0500,15.2500,3183736,49963901.0000,3,7.268804,1,5.245897,93.558807,27.149360,0.000000,10.029222,0
1997-08-12,sh.600730,15.7800,16.0000,15.2500,15.5000,16.0500,1499199,23266652.0000,3,3.422829,1,-3.426786,90.352742,26.219009,0.000000,9.685542,0
1997-08-13,sh.600730,15.3500,15.7800,15.0800,15.7000,15.5000,1087833,16857586.0000,3,2.483637,1,1.290321,91.518584,26.557318,0.000000,9.810516,0
1997-08-14,sh.600730,15.8800,16.0000,15.4000,15.8500,15.7000,1126008,17757324.0000,3,2.570795,1,0.955418,92.392965,26.811051,0.000000,9.904247,0
1997-08-15,sh.600730,15.8000,16.2000,15.6500,15.8800,15.8500,1167719,18590071.0000,3,2.666025,1,0.189273,92.567841,26.861797,0.000000,9.922994,0
1997-08-18,sh.600730,15.7000,15.7000,14.8100,14.9000,15.8800,1578150,23994397.0000,3,3.603082,1,-6.171288,86.855216,25.204079,0.000000,9.310618,0
1997-08-19,sh.600730,14.9500,15.2000,14.5000,14.6200,14.9000,942070,13930669.0000,3,2.150845,1,-1.879193,85.223038,24.730446,0.000000,9.135653,0
1997-08-20,sh.600730,14.5000,14.7900,14.2500,14.7200,14.6200,525280,7686027.0000,3,1.199269,1,0.683997,85.805959,24.899600,0.000000,9.198140,0
1997-08-21,sh.600730,14.8000,14.8500,14.4100,14.8400,14.7200,696577,10216490.0000,3,1.590358,1,0.815217,86.505464,25.102586,0.000000,9.273125,0
1997-08-22,sh.600730,14.8000,15.0100,14.6600,14.9000,14.8400,1405875,20920602.0000,3,3.209760,1,0.404309,86.855216,25.204079,0.000000,9.310618,0
1997-08-25,sh.600730,14.9400,15.3500,14.9400,15.2900,14.9000,1831403,27823396.0000,3,4.181285,1,2.617452,89.128608,25.863783,0.000000,9.554318,0
1997-08-26,sh.600730,15.4200,16.4500,15.4200,16.4500,15.2900,3434152,54633062.0000,3,7.840530,1,7.586663,95.890491,27.825980,0.000000,10.279172,0
1997-08-27,sh.600730,16.2500,16.3000,14.8800,14.9000,16.4500,2330480,36553426.0000,3,5.320731,1,-9.422499,86.855216,25.204079,0.000000,9.310618,0
1997-08-28,sh.600730,15.1000,15.5000,14.8100,15.0000,14.9000,1671886,25590924.0000,3,3.817091,1,0.671144,87.438137,25.373234,0.000000,9.373105,0
1997-08-29,sh.600730,15.2200,15.8800,14.9600,15.6000,15.0000,2515365,38725068.0000,3,5.742842,1,4.000002,90.935663,26.388163,0.000000,9.748029,0
1997-09-01,sh.600730,15.3000,15.5000,14.9000,15.3300,15.6000,1382001,20995792.0000,3,3.155253,1,-1.730772,40.664101,15.210382,0.000000,8.365068,0
1997-09-02,sh.600730,15.3000,15.4900,14.9800,15.3300,15.3300,707149,10741019.0000,3,1.614495,1,0.000000,40.664101,15.210382,0.000000,8.365068,0
1997-09-03,sh.600730,15.3500,15.6700,14.9800,15.4000,15.3300,1435013,21683795.0000,3,3.276285,1,0.456619,40.849782,15.279835,0.000000,8.403265,0
1997-09-04,sh.600730,15.4000,15.4500,14.9800,15.3800,15.4000,4792031,72484818.0000,3,10.940710,1,-0.129867,40.796730,15.259991,0.000000,8.392352,0
1997-09-05,sh.600730,15.5300,15.5900,14.9000,15.2000,15.3800,4360381,65991046.0000,3,9.955208,1,-1.170353,40.319265,15.081396,0.000000,8.294132,0
1997-09-08,sh.600730,15.0100,15.2000,14.6000,14.9000,15.2000,1263970,18776192.0000,3,2.885776,1,-1.973685,39.523490,14.783737,0.000000,8.130432,0
1997-09-09,sh.600730,14.7000,15.0000,14.7000,14.9000,14.9000,671900,9980044.0000,3,1.534018,1,0.000000,39.523490,14.783737,0.000000,8.130432,0
1997-09-10,sh.600730,14.8000,15.1400,14.7000,15.1000,14.9000,692025,10303636.0000,3,1.579966,1,1.342287,40.054007,14.982176,0.000000,8.239565,0
1997-09-11,sh.600730,15.0200,15.1900,14.6000,14.8300,15.1000,1863590,27632908.0000,3,4.254772,1,-1.788082,39.337809,14.714283,0.000000,8.092235,0
1997-09-12,sh.600730,14.7800,14.9900,14.6000,14.9800,14.8300,698000,10350293.0000,3,1.593607,1,1.011461,39.735697,14.863113,0.000000,8.174085,0
1997-09-15,sh.600730,15.0800,15.1800,14.0000,14.2200,14.9800,1374500,20144399.0000,3,3.138128,1,-5.073427,37.719733,14.109043,0.000000,7.759379,0
1997-09-16,sh.600730,14.3000,14.5700,14.0100,14.1800,14.2200,348060,4948165.0000,3,0.794658,1,-0.281294,37.613630,14.069355,0.000000,7.737552,0
1997-09-17,sh.600730,14.3800,14.3800,13.7000,13.8800,14.1800,352270,4916309.0000,3,0.804269,1,-2.115657,36.817855,13.771696,0.000000,7.573852,0
1997-09-18,sh.600730,13.8500,13.9500,13.6000,13.7600,13.8800,404005,5566115.0000,3,0.922386,1,-0.864552,36.499545,13.652632,0.000000,7.508372,0
1997-09-19,sh.600730,13.7000,14.2700,13.7000,14.2300,13.7600,490067,6895586.0000,3,1.118874,1,3.415693,37.746259,14.118965,0.000000,7.764835,0
1997-09-22,sh.600730,14.0000,14.1200,13.2000,13.3500,14.2300,432600,5938868.0000,3,0.987671,1,-6.184112,35.411986,13.245831,0.000000,7.284649,0
1997-09-23,sh.600730,13.2000,13.2000,12.0200,12.2900,13.3500,974900,12108727.0000,3,2.225799,1,-7.940078,32.600248,12.194102,0.000000,6.706242,0
1997-09-24,sh.600730,12.3500,13.5200,12.3500,13.3800,12.2900,2838333,37013377.0000,3,6.480212,1,8.869000,35.491564,13.275597,0.000000,7.301019,0
1997-09-25,sh.600730,13.4800,13.6500,13.0200,13.3000,13.3800,2100391,28083707.0000,3,4.795413,1,-0.597907,35.279357,13.196222,0.000000,7.257365,0
1997-09-26,sh.600730,13.1100,13.2500,12.6200,13.0000,13.3000,1437700,18520283.0000,3,3.282420,1,-2.255641,34.483582,12.898562,0.000000,7.093665,0
1997-09-29,sh.600730,12.8100,12.8100,12.2600,12.4500,13.0000,1918840,24018975.0000,3,4.380913,1,-4.230771,33.024661,12.352854,0.000000,6.793549,0
1997-09-30,sh.600730,12.5000,12.7800,12.3500,12.6800,12.4500,1640680,20540722.0000,3,3.745845,1,1.847394,33.634755,12.581059,0.000000,6.919052,0
1997-10-06,sh.600730,12.3000,12.9700,12.3000,12.6500,12.6800,858280,10824547.0000,3,1.959543,1,-0.236598,33.555178,12.551293,0.000000,6.902682,0
1997-10-07,sh.600730,12.5000,12.9500,12.4500,12.8200,12.6500,1473935,18599730.0000,3,3.365148,1,1.343874,34.006117,12.719967,0.000000,6.995445,0
1997-10-08,sh.600730,12.9500,13.4600,12.8500,13.4000,12.8200,1896590,25033695.0000,3,4.330114,1,4.524181,35.544615,13.295441,0.000000,7.311932,0
1997-10-09,sh.600730,13.3000,13.7300,13.1800,13.4500,13.4000,1898917,25638309.0000,3,4.335427,1,0.373136,35.677244,13.345051,0.000000,7.339215,0
1997-10-10,sh.600730,13.3000,13.4900,13.2600,13.4900,13.4500,1110400,14877885.0000,3,2.535160,1,0.297397,35.783348,13.384739,0.000000,7.361042,0
1997-10-13,sh.600730,13.4900,13.4900,13.4900,13.4900,13.4900,0,0.0000,3,,1,0.000000,35.783348,13.384739,0.000000,7.361042,0
1997-10-14,sh.600730,13.3000,13.4000,12.8800,13.4000,13.4900,401022,5271090.0000,3,0.915575,1,-0.667162,35.544615,13.295441,0.000000,7.311932,0
1997-10-15,sh.600730,13.4000,13.8000,13.2800,13.8000,13.4000,583500,7896381.0000,3,1.332192,1,2.985079,36.605649,13.692320,0.000000,7.530199,0
1997-10-16,sh.600730,13.7800,14.1800,13.5100,14.0900,13.8000,1183600,16582574.0000,3,2.702283,1,2.101449,37.374898,13.980057,0.000000,7.688442,0
1997-10-17,sh.600730,14.0000,14.3500,13.8000,14.2700,14.0900,2505390,35198993.0000,3,5.720068,1,1.277504,37.852363,14.158653,0.000000,7.786662,0
1997-10-20,sh.600730,14.0200,14.3800,13.9700,14.2700,14.2700,2873360,40459453.0000,3,6.560183,1,0.000000,37.852363,14.158653,0.000000,7.786662,0
1997-10-21,sh.600730,14.2500,14.3800,13.7600,14.2200,14.2700,3742361,52348231.0000,3,8.544203,1,-0.350387,37.719733,14.109043,0.000000,7.759379,0
1997-10-22,sh.600730,14.1500,14.1500,13.6000,13.7000,14.2200,2628800,36318713.0000,3,6.001826,1,-3.656825,36.340390,13.593100,0.000000,7.475632,0
1997-10-23,sh.600730,13.8800,13.9500,13.5000,13.7500,13.7000,797850,10927932.0000,3,1.821575,1,0.364965,36.473019,13.642710,0.000000,7.502915,0
1997-10-24,sh.600730,13.6400,13.9000,13.5000,13.8300,13.7500,1437138,19732442.0000,3,3.281137,1,0.581818,36.685226,13.722086,0.000000,7.546569,0
1997-10-27,sh.600730,13.8600,14.5000,13.5600,14.4500,13.8300,10889332,152736852.0000,3,24.861489,1,4.483007,38.329828,14.337248,0.000000,7.884882,0
1997-10-28,sh.600730,14.4000,14.9000,13.9000,13.9200,14.4500,4207570,60866816.0000,3,9.606324,1,-3.667818,36.923959,13.811384,0.000000,7.595679,0
1997-10-29,sh.600730,13.8500,14.1000,13.6200,14.0000,13.9200,1540033,21335212.0000,3,3.516057,1,0.574712,37.136165,13.890759,0.000000,7.639332,0
1997-10-30,sh.600730,14.1300,14.6600,13.8100,13.8800,14.0000,2363915,33730552.0000,3,5.397066,1,-0.857142,36.817855,13.771696,0.000000,7.573852,0
1997-10-31,sh.600730,13.7000,13.8800,13.5100,13.7700,13.8800,890740,12167258.0000,3,2.033653,1,-0.792505,36.526071,13.662554,0.000000,7.513829,0
1997-11-03,sh.600730,13.7800,13.9700,13.5000,13.5700,13.7700,600854,8203796.0000,3,1.371813,1,-1.452438,35.995554,13.464115,0.000000,7.404695,0
1997-11-04,sh.600730,13.5500,13.7000,13.4500,13.4700,13.5700,705750,9561141.0000,3,1.611301,1,-0.736915,35.730296,13.364895,0.000000,7.350129,0
1997-11-05,sh.600730,13.5000,13.8000,13.4500,13.7200,13.4700,2328754,31538603.0000,3,5.316790,1,1.855976,36.393442,13.612944,0.000000,7.486545,0
1997-11-06,sh.600730,13.9000,13.9000,13.3200,13.4200,13.7200,1138600,15449827.0000,3,2.599543,1,-2.186590,35.597667,13.315285,0.000000,7.322845,0
1997-11-07,sh.600730,13.2800,13.5800,13.2500,13.4000,13.4200,1057977,14129822.0000,3,2.415473,1,-0.149035,35.544615,13.295441,0.000000,7.311932,0
1997-11-10,sh.600730,13.4000,14.7000,13.4000,14.1600,13.4000,3311722,47164573.0000,3,7.561009,1,5.671644,37.560579,14.049511,0.000000,7.726639,0
1997-11-11,sh.600730,14.1800,14.2000,13.6100,13.9000,14.1600,878250,12189836.0000,3,2.005137,1,-1.836160,36.870907,13.791540,0.000000,7.584765,0
1997-11-12,sh.600730,13.8500,14.1000,13.6100,13.8000,13.9000,1052810,14612215.0000,3,2.403676,1,-0.719420,36.605649,13.692320,0.000000,7.530199,0
1997-11-13,sh.600730,13.6800,13.8000,13.4600,13.8000,13.8000,695920,9458032.0000,3,1.588858,1,0.000000,36.605649,13.692320,0.000000,7.530199,0
1997-11-14,sh.600730,13.8200,13.9500,13.6600,13.7300,13.8000,665225,9194928.0000,3,1.518779,1,-0.507251,36.419968,13.622866,0.000000,7.492002,0
1997-11-17,sh.600730,14.0000,14.1800,13.7600,13.7600,13.7300,653400,9101840.0000,3,1.491781,1,0.218505,36.499545,13.652632,0.000000,7.508372,0
1997-11-18,sh.600730,13.7000,14.0000,13.5500,13.5800,13.7600,382355,5228202.0000,3,0.872957,1,-1.308142,36.022080,13.474037,0.000000,7.410152,0
1997-11-19,sh.600730,13.6500,13.6500,13.3800,13.4800,13.5800,508816,6859711.0000,3,1.161680,1,-0.736380,35.756822,13.374817,0.000000,7.355585,0
1997-11-20,sh.600730,13.3800,13.4900,13.2500,13.3500,13.4800,503850,6732320.0000,3,1.150342,1,-0.964385,35.411986,13.245831,0.000000,7.284649,0
1997-11-21,sh.600730,13.1000,13.2500,12.8800,12.8800,13.3500,692900,9060730.0000,3,1.581963,1,-3.520601,34.165272,12.779499,0.000000,7.028185,0
1997-11-24,sh.600730,12.8800,12.8800,12.4000,12.4400,12.8800,544060,6859295.0000,3,1.242146,1,-3.416153,32.998135,12.342932,0.000000,6.788092,0
1997-11-25,sh.600730,12.4000,12.6500,12.2400,12.5000,12.4400,496136,6156367.0000,3,1.132731,1,0.482318,33.157290,12.402464,0.000000,6.820832,0
1997-11-26,sh.600730,12.5000,12.6800,12.3800,12.6800,12.5000,748975,9357783.0000,3,1.709989,1,1.440002,33.634755,12.581059,0.000000,6.919052,0
1997-11-27,sh.600730,12.6800,12.7000,12.3000,12.3800,12.6800,302800,3772723.0000,3,0.691324,1,-2.365932,32.838980,12.283400,0.000000,6.755352,0
1997-11-28,sh.600730,12.2000,12.6000,12.1000,12.6000,12.3800,258071,3180810.0000,3,0.589203,1,1.777062,33.422549,12.501684,0.000000,6.875399,0
1997-12-01,sh.600730,12.5300,12.5800,12.3100,12.3900,12.6000,259370,3219876.0000,3,0.592169,1,-1.666667,32.865506,12.293322,0.000000,6.760809,0
1997-12-02,sh.600730,12.4200,12.8900,12.4200,12.6000,12.3900,292501,3717950.0000,3,0.667811,1,1.694915,33.422549,12.501684,0.000000,6.875399,0
1997-12-03,sh.600730,12.6500,12.6500,12.3800,12.4800,12.6000,165292,2067071.0000,3,0.377379,1,-0.952388,33.104239,12.382620,0.000000,6.809919,0
1997-12-04,sh.600730,12.4800,12.8300,12.3800,12.7500,12.4800,367500,4658925.0000,3,0.839041,1,2.163465,33.820436,12.650513,0.000000,6.957249,0
1997-12-05,sh.600730,12.8500,13.1000,12.7100,12.7500,12.7500,614000,7961582.0000,3,1.401826,1,0.000000,33.820436,12.650513,0.000000,6.957249,0
1997-12-08,sh.600730,12.7500,12.9800,12.7500,12.8000,12.7500,240650,3084801.0000,3,0.549429,1,0.392158,33.953065,12.700123,0.000000,6.984532,0
1997-12-09,sh.600730,12.8000,12.8200,12.6000,12.7500,12.8000,322220,4081917.0000,3,0.735662,1,-0.390626,33.820436,12.650513,0.000000,6.957249,0
1997-12-10,sh.600730,12.8400,12.9000,12.7000,12.7600,12.7500,272220,3482469.0000,3,0.621507,1,0.078433,33.846962,12.660435,0.000000,6.962705,0
1997-12-11,sh.600730,12.7800,12.7800,12.4800,12.6200,12.7600,371420,4663947.0000,3,0.847991,1,-1.097181,33.475600,12.521527,0.000000,6.886312,0
1997-12-12,sh.600730,12.7000,12.8000,12.5300,12.6300,12.6200,381600,4836680.0000,3,0.871233,1,0.079241,33.502126,12.531449,0.000000,6.891769,0
1997-12-15,sh.600730,12.5800,12.8800,12.5000,12.8800,12.6300,602563,7666671.0000,3,1.375715,1,1.979414,34.165272,12.779499,0.000000,7.028185,0
1997-12-16,sh.600730,13.0000,13.3800,12.9200,13.1700,12.8800,727090,9583432.0000,3,1.660023,1,2.251552,34.934521,13.067236,0.000000,7.186429,0
1997-12-17,sh.600730,12.9900,13.0000,12.5800,12.5800,13.1700,535600,6840007.0000,3,1.222831,1,-4.479879,33.369497,12.481840,0.000000,6.864485,0
1997-12-18,sh.600730,12.6000,12.7800,12.4800,12.6300,12.5800,427800,5399053.0000,3,0.976712,1,0.397458,33.502126,12.531449,0.000000,6.891769,0
1997-12-19,sh.600730,12.7000,12.9500,12.5500,12.9500,12.6300,416865,5298963.0000,3,0.951747,1,2.533648,34.350953,12.848953,0.000000,7.066382,0
1997-12-22,sh.600730,13.0000,13.4000,12.8800,13.2500,12.9500,1785383,23604885.0000,3,4.076217,1,2.316604,35.146728,13.146612,0.000000,7.230082,0
1997-12-23,sh.600730,13.3000,13.6900,13.0000,13.1000,13.2500,1528358,20350405.0000,3,3.489402,1,-1.132073,34.748840,12.997782,0.000000,7.148232,0
1997-12-24,sh.600730,13.1300,13.2000,12.9000,12.9900,13.1000,553502,7193191.0000,3,1.263703,1,-0.839699,34.457056,12.888640,0.000000,7.088209,0
1997-12-25,sh.600730,13.0100,13.2800,12.9500,13.1000,12.9900,720740,9439452.0000,3,1.645525,1,0.846810,34.748840,12.997782,0.000000,7.148232,0
1997-12-26,sh.600730,13.1600,13.3000,12.9800,13.1300,13.1000,827230,10841027.0000,3,1.888653,1,0.229006,34.828418,13.027548,0.000000,7.164602,0
1997-12-29,sh.600730,13.3000,13.5900,13.1900,13.3000,13.1300,1131110,15163191.0000,3,2.582443,1,1.294745,35.279357,13.196222,0.000000,7.257365,0
1997-12-30,sh.600730,13.2800,13.3000,13.0500,13.1200,13.3000,450998,5915256.0000,3,1.029676,1,-1.353386,34.801892,13.017626,0.000000,7.159145,0
1997-12-31,sh.600730,13.2000,13.4900,13.0500,13.2900,13.1200,626226,8235167.0000,3,1.429740,1,1.295732,35.252831,13.186300,0.000000,7.251909,0
1998-01-05,sh.600730,13.2900,13.9500,13.2900,13.8200,13.2900,1921295,26389130.0000,3,4.386518,1,3.987959,36.658700,13.712164,0.000000,7.541112,0
1998-01-06,sh.600730,14.0200,14.0500,13.6000,13.9300,13.8200,1278883,17701811.0000,3,2.919824,1,0.795952,36.950484,13.821306,0.000000,7.601135,0
1998-01-07,sh.600730,13.8900,13.8900,13.5500,13.7500,13.9300,862630,11843793.0000,3,1.969475,1,-1.292177,36.473019,13.642710,0.000000,7.502915,0
1998-01-08,sh.600730,13.7500,14.1500,13.5000,14.1000,13.7500,1937860,27012258.0000,3,4.424338,1,2.545457,37.401424,13.989979,0.000000,7.693899,0
1998-01-09,sh.600730,14.0500,14.4900,13.8000,14.0400,14.1000,1605560,22737560.0000,3,3.665662,1,-0.425535,37.242269,13.930447,0.000000,7.661159,0
1998-01-12,sh.600730,14.3000,14.3500,13.7500,13.7800,14.0400,1323492,18709479.0000,3,3.021671,1,-1.851853,36.552597,13.672476,0.000000,7.519285,0
1998-01-13,sh.600730,13.5100,13.5200,12.4000,12.8900,13.7800,1574238,20240499.0000,3,3.594151,1,-6.458631,34.191798,12.789421,0.000000,7.033642,0
1998-01-14,sh.600730,12.9800,13.2000,12.9000,13.0500,12.8900,1091304,14235662.0000,3,2.491562,1,1.241271,34.616211,12.948172,0.000000,7.120949,0
1998-01-15,sh.600730,13.1000,13.3900,12.9100,13.0800,13.0500,661959,8657611.0000,3,1.511322,1,0.229883,34.695789,12.977938,0.000000,7.137319,0
1998-01-16,sh.600730,13.0800,13.1200,12.9000,13.0000,13.0800,543481,7068247.0000,3,1.240824,1,-0.611620,34.483582,12.898562,0.000000,7.093665,0
1998-01-19,sh.600730,13.0800,13.0800,12.6600,12.7500,13.0000,730294,9313665.0000,3,1.667338,1,-1.923077,33.820436,12.650513,0.000000,6.957249,0
1998-01-20,sh.600730,12.7300,13.1000,12.6000,12.8100,12.7500,403114,5185310.0000,3,0.920352,1,0.470591,33.979591,12.710045,0.000000,6.989989,0
1998-01-21,sh.600730,12.8800,12.9800,12.8000,12.8800,12.8100,197900,2551515.0000,3,0.451826,1,0.546446,34.165272,12.779499,0.000000,7.028185,0
1998-01-22,sh.600730,12.8600,13.0600,12.8600,12.9000,12.8800,376670,4882913.0000,3,0.859977,1,0.155276,34.218324,12.799343,0.000000,7.039099,0
1998-01-23,sh.600730,12.9700,13.1100,12.9500,13.0800,12.9000,345494,4504267.0000,3,0.788799,1,1.395351,34.695789,12.977938,0.000000,7.137319,0
1998-02-09,sh.600730,13.5000,13.7300,13.1900,13.2300,13.0800,343300,4559360.0000,3,0.783790,1,1.146786,35.093676,13.126768,0.000000,7.219169,0
1998-02-10,sh.600730,13.1800,13.1800,12.9000,12.9400,13.2300,329470,4276183.0000,3,0.752215,1,-2.191988,34.324427,12.839031,0.000000,7.060925,0
1998-02-11,sh.600730,12.9800,13.4600,12.9000,13.1000,12.9400,312920,4139298.0000,3,0.714429,1,1.236482,34.748840,12.997782,0.000000,7.148232,0
1998-02-12,sh.600730,13.0900,13.1800,12.9200,12.9900,13.1000,256050,3339700.0000,3,0.584589,1,-0.839699,34.457056,12.888640,0.000000,7.088209,0
1998-02-13,sh.600730,13.0600,13.1500,12.9500,12.9800,12.9900,357700,4659008.0000,3,0.816667,1,-0.076984,34.430530,12.878718,0.000000,7.082752,0
1998-02-16,sh.600730,13.0000,13.1300,12.9000,12.9300,12.9800,418740,5432648.0000,3,0.956027,1,-0.385202,34.297901,12.829109,0.000000,7.055469,0
1998-02-17,sh.600730,13.0900,13.0900,12.9000,13.0400,12.9300,324323,4207428.0000,3,0.740463,1,0.850732,34.589685,12.938250,0.000000,7.115492,0
1998-02-18,sh.600730,13.1000,13.1000,12.8200,12.8500,13.0400,294630,3800232.0000,3,0.672671,1,-1.457052,34.085694,12.749733,0.000000,7.011815,0
1998-02-19,sh.600730,12.9500,12.9500,12.7800,12.8300,12.8500,253955,3255671.0000,3,0.579806,1,-0.155646,34.032643,12.729889,0.000000,7.000902,0
1998-02-20,sh.600730,12.8800,12.9500,12.6800,12.7300,12.8300,309755,3947646.0000,3,0.707203,1,-0.779426,33.767384,12.630669,0.000000,6.946335,0
1998-02-23,sh.600730,12.6500,12.6500,12.2900,12.5600,12.7300,533195,6595425.0000,3,1.217340,1,-1.335421,33.316445,12.461996,0.000000,6.853572,0
1998-02-24,sh.600730,12.7500,12.7500,12.3000,12.4600,12.5600,225427,2811200.0000,3,0.514674,1,-0.796181,33.051187,12.362776,0.000000,6.799005,0
1998-02-25,sh.600730,12.0000,12.4500,12.0000,12.1300,12.4600,269300,3296074.0000,3,0.614840,1,-2.648474,32.175835,12.035351,0.000000,6.618935,0
1998-02-26,sh.600730,12.1000,12.6700,11.8500,12.4600,12.1300,576093,7036743.0000,3,1.315281,1,2.720527,33.051187,12.362776,0.000000,6.799005,0
1998-02-27,sh.600730,12.5800,12.5800,12.1700,12.1900,12.4600,315800,3866510.0000,3,0.721005,1,-2.166938,32.334990,12.094883,0.000000,6.651675,0
1998-03-02,sh.600730,12.1000,12.1000,11.7800,11.8000,12.1900,424880,5067219.0000,3,0.970046,1,-3.199339,31.300482,11.707926,0.000000,6.438865,0
1998-03-03,sh.600730,11.7500,11.9700,11.6000,11.8500,11.8000,296211,3475569.0000,3,0.676281,1,0.423730,31.433111,11.757536,0.000000,6.466149,0
1998-03-04,sh.600730,11.8900,12.0000,11.7500,11.7800,11.8500,332420,3930555.0000,3,0.758950,1,-0.590723,31.247430,11.688082,0.000000,6.427952,0
1998-03-05,sh.600730,11.9900,12.3500,11.8800,12.0100,11.7800,389835,4714926.0000,3,0.890034,1,1.952466,31.857525,11.916287,0.000000,6.553455,0
1998-03-06,sh.600730,12.1200,12.2000,11.9000,12.0000,12.0100,232500,2789652.0000,3,0.530822,1,-0.083266,31.830999,11.906365,0.000000,6.547999,0
1998-03-09,sh.600730,11.9500,11.9500,11.6500,11.6700,12.0000,302500,3549035.0000,3,0.690639,1,-2.750000,30.955646,11.578940,0.000000,6.367929,0
1998-03-10,sh.600730,11.6500,11.6500,11.4400,11.5800,11.6700,290310,3344326.0000,3,0.662808,1,-0.771209,30.716914,11.489642,0.000000,6.318819,0
1998-03-11,sh.600730,11.8000,11.8500,11.4500,11.4600,11.5800,276400,3207364.0000,3,0.631050,1,-1.036268,30.398604,11.370579,0.000000,6.253339,0
1998-03-12,sh.600730,11.4400,11.4600,11.0800,11.0800,11.4600,518741,5796529.0000,3,1.184340,1,-3.315882,29.390622,10.993544,0.000000,6.045986,0
1998-03-13,sh.600730,11.0800,11.1000,10.7400,10.9700,11.0800,568791,6213161.0000,3,1.298610,1,-0.992777,29.098838,10.884402,0.000000,5.985962,0
1998-03-16,sh.600730,10.9900,11.2000,10.9500,11.1500,10.9700,346653,3858404.0000,3,0.791445,1,1.640833,29.576303,11.062998,0.000000,6.084182,0
1998-03-17,sh.600730,11.2200,11.7900,11.1700,11.7200,11.1500,479704,5533487.0000,3,1.095215,1,5.112113,31.088275,11.628550,0.000000,6.395212,0
1998-03-18,sh.600730,11.7200,11.8700,11.3800,11.5200,11.7200,299445,3464210.0000,3,0.683664,1,-1.706483,30.557759,11.430111,0.000000,6.286079,0
1998-03-19,sh.600730,11.4800,11.7500,11.4000,11.7000,11.5200,409580,4756256.0000,3,0.935114,1,1.562494,31.035224,11.608706,0.000000,6.384299,0
1998-03-20,sh.600730,11.7000,11.8300,11.6100,11.6800,11.7000,262800,3067042.0000,3,0.600000,1,-0.170936,30.982172,11.588862,0.000000,6.373385,0
1998-03-23,sh.600730,11.6000,11.7000,11.4600,11.5500,11.6800,350125,4038705.0000,3,0.799372,1,-1.113015,30.637336,11.459877,0.000000,6.302449,0
1998-03-24,sh.600730,11.5100,11.5500,11.3000,11.5400,11.5500,385564,4386098.0000,3,0.880283,1,-0.086582,30.610810,11.449955,0.000000,6.296992,0
1998-03-25,sh.600730,11.7000,12.2500,11.5000,11.9900,11.5400,1103515,13265126.0000,3,2.519441,1,3.899478,31.804473,11.896443,0.000000,6.542542,0
1998-03-26,sh.600730,11.9000,12.2000,11.6100,11.8100,11.9900,381772,4572361.0000,3,0.871626,1,-1.501246,31.327008,11.717848,0.000000,6.444322,0
1998-03-27,sh.600730,11.9500,12.7700,11.9500,12.7100,11.8100,1668573,20976784.0000,3,3.809527,1,7.620657,33.714333,12.610825,0.000000,6.935422,0
1998-03-30,sh.600730,12.7500,13.6000,12.7500,13.1500,12.7100,2050503,27161744.0000,3,4.681514,1,3.461838,34.881469,13.047392,0.000000,7.175515,0
1998-03-31,sh.600730,13.1500,13.2000,12.6500,12.7600,13.1500,831821,10695020.0000,3,1.899135,1,-2.965775,33.846962,12.660435,0.000000,6.962705,0
1998-04-01,sh.600730,12.7900,13.8800,12.7900,13.6900,12.7600,2920685,39647532.0000,3,6.668231,1,7.288396,36.313864,13.583178,0.000000,7.470175,0
1998-04-02,sh.600730,13.7600,14.1100,13.5000,13.5900,13.6900,2910202,40298318.0000,3,6.644297,1,-0.730456,36.048606,13.483959,0.000000,7.415609,0
1998-04-03,sh.600730,13.7900,14.2000,13.5500,14.1600,13.5900,3845478,53505847.0000,3,8.779630,1,4.194258,37.560579,14.049511,0.000000,7.726639,0
1998-04-06,sh.600730,14.9900,15.0000,13.8000,14.2900,14.1600,4570620,65876602.0000,3,10.435205,1,0.918080,37.905414,14.178497,0.000000,7.797575,0
1998-04-07,sh.600730,14.2800,14.2800,13.8000,14.2700,14.2900,2218676,31219165.0000,3,5.065470,1,-0.139955,37.852363,14.158653,0.000000,7.786662,0
1998-04-08,sh.600730,14.2700,15.7000,14.2500,15.7000,14.2700,6505635,97870151.0000,3,14.853048,1,10.021020,41.645557,15.577495,0.000000,8.566965,0
1998-04-09,sh.600730,15.8000,16.2000,14.6900,14.8100,15.7000,4854054,74867947.0000,3,11.082315,1,-5.668786,39.284758,14.694439,0.000000,8.081322,0
1998-04-10,sh.600730,14.8000,15.2500,14.5000,14.8800,14.8100,2378080,35185718.0000,3,5.429406,1,0.472652,39.470438,14.763893,0.000000,8.119518,0
1998-04-13,sh.600730,14.9000,15.0300,14.4000,14.5000,14.8800,1918120,28260192.0000,3,4.379269,1,-2.553764,38.462457,14.386858,0.000000,7.912165,0
1998-04-14,sh.600730,14.4000,14.4900,14.0100,14.2000,14.5000,1359107,19290556.0000,3,3.102984,1,-2.068967,37.666682,14.089199,0.000000,7.748465,0
1998-04-15,sh.600730,14.1500,15.0000,14.0600,14.7800,14.2000,1133015,16538103.0000,3,2.586792,1,4.084507,39.205180,14.664673,0.000000,8.064952,0
1998-04-16,sh.600730,14.7000,15.1700,14.5800,14.7200,14.7800,1522623,22628915.0000,3,3.476308,1,-0.405950,39.046025,14.605141,0.000000,8.032212,0
1998-04-17,sh.600730,14.6100,15.1500,14.4500,14.5400,14.7200,1357456,20174350.0000,3,3.099215,1,-1.222828,38.568560,14.426546,0.000000,7.933992,0
1998-04-20,sh.600730,14.3000,14.6700,14.0100,14.2900,14.5400,521780,7474479.0000,3,1.191279,1,-1.719395,37.905414,14.178497,0.000000,7.797575,0
1998-04-21,sh.600730,14.3000,14.6800,14.2900,14.4000,14.2900,497990,7168338.0000,3,1.136963,1,0.769767,38.197198,14.287638,0.000000,7.857599,0
1998-04-22,sh.600730,14.6000,15.4800,14.3900,15.3000,14.4000,1341985,19905591.0000,3,3.063893,1,6.250004,40.584523,15.180616,0.000000,8.348698,0
1998-04-23,sh.600730,15.4500,15.8000,15.1000,15.2000,15.3000,2659165,41092921.0000,3,6.071153,1,-0.653597,40.319265,15.081396,0.000000,8.294132,0
1998-04-24,sh.600730,15.1100,15.1800,14.1000,14.1500,15.2000,4049788,58495852.0000,3,9.246091,1,-6.907896,37.534053,14.039589,0.000000,7.721182,0
1998-04-27,sh.600730,14.0800,14.1000,13.0000,13.2500,14.1500,2895221,39458981.0000,3,6.610094,1,-6.360421,35.146728,13.146612,0.000000,7.230082,0
1998-04-28,sh.600730,13.1500,13.8000,13.0500,13.5000,13.2500,2333499,31411947.0000,3,5.327623,1,1.886792,35.809874,13.394661,0.000000,7.366499,0
1998-04-29,sh.600730,12.1600,13.4500,12.1500,12.9500,13.5000,4753526,60110327.0000,3,10.852799,1,-4.074075,121.243375,17.124913,0.000000,7.585816,0
1998-04-30,sh.600730,12.8000,13.2000,12.5100,12.9200,12.9500,3024300,38997806.0000,3,6.904795,1,-0.231658,120.962502,17.085242,0.000000,7.568242,0
1998-05-04,sh.600730,13.0000,13.2900,12.9200,13.2000,12.9200,1885691,24759746.0000,3,4.305231,1,2.167181,123.583980,17.455510,0.000000,7.732260,0
1998-05-05,sh.600730,13.1900,14.2500,13.1800,14.0200,13.2000,3765950,52019025.0000,3,8.598059,1,6.212126,131.261167,18.539868,0.000000,8.212598,0
1998-05-06,sh.600730,14.0500,14.2600,13.8000,13.9300,14.0200,1813719,25428859.0000,3,4.140911,1,-0.641941,130.418549,18.420853,0.000000,8.159878,0
1998-05-07,sh.600730,13.9900,14.6000,13.6000,13.6000,13.9300,1731462,24471801.0000,3,3.953110,1,-2.368987,127.328949,17.984465,0.000000,7.966571,0
1998-05-08,sh.600730,13.6100,14.0800,13.3000,14.0000,13.6000,1332649,18326057.0000,3,3.042578,1,2.941174,131.073918,18.513420,0.000000,8.200882,0
1998-05-11,sh.600730,14.2800,14.2800,13.5500,13.7300,14.0000,1560186,21652982.0000,3,3.562068,1,-1.928575,128.546064,18.156375,0.000000,8.042722,0
1998-05-12,sh.600730,13.9000,15.0800,13.6500,14.8500,13.7300,5400950,79242042.0000,3,12.330936,1,8.157327,139.031978,19.637449,0.000000,8.698793,0
1998-05-13,sh.600730,14.8500,15.8000,14.8500,15.6800,14.8500,6773449,104818924.0000,3,15.464495,1,5.589225,146.802789,20.735030,0.000000,9.184988,0
1998-05-14,sh.600730,15.9000,16.2100,15.0000,15.3300,15.6800,4047889,63292850.0000,3,9.241756,1,-2.232145,143.525941,20.272195,0.000000,8.979966,0
1998-05-15,sh.600730,15.4100,15.7000,14.5800,14.9000,15.3300,2942652,44501960.0000,3,6.718384,1,-2.804960,139.500099,19.703568,0.000000,8.728082,0
1998-05-18,sh.600730,15.1000,15.3400,14.8500,15.0500,14.9000,1469239,22077786.0000,3,3.354427,1,1.006715,140.904462,19.901926,0.000000,8.815948,0
1998-05-19,sh.600730,15.1800,15.6000,15.0000,15.1900,15.0500,1126133,17207398.0000,3,2.571080,1,0.930229,142.215201,20.087060,0.000000,8.897957,0
1998-05-20,sh.600730,15.2000,15.4000,14.6300,14.7500,15.1900,953500,14247085.0000,3,2.176941,1,-2.896640,138.095735,19.505210,0.000000,8.640215,0
1998-05-21,sh.600730,15.0000,16.2300,15.0000,16.2000,14.7500,5598056,88801414.0000,3,12.780950,1,9.830514,151.671248,21.422671,0.000000,9.489592,0
1998-05-22,sh.600730,16.4800,17.0000,15.8800,16.8000,16.2000,5758801,95313753.0000,3,13.147947,1,3.703694,157.288702,22.216104,0.000000,9.841058,0
1998-05-25,sh.600730,17.1000,17.7000,16.8000,16.9900,16.8000,4466861,76680015.0000,3,10.198313,1,1.130956,159.067562,22.467357,0.000000,9.952356,0
1998-05-26,sh.600730,17.0000,17.3500,16.6500,17.2500,16.9900,2279397,38675150.0000,3,5.204103,1,1.530313,161.501792,22.811178,0.000000,10.104658,0
1998-05-27,sh.600730,17.3500,17.5000,17.0000,17.1300,17.2500,1172946,20158355.0000,3,2.677959,1,-0.695657,160.378302,22.652491,0.000000,10.034365,0
1998-05-28,sh.600730,17.8000,18.0000,15.8900,16.0800,17.1300,3352433,55118806.0000,3,7.653957,1,-6.129593,150.547758,21.263985,0.000000,9.419299,0
1998-05-29,sh.600730,16.0800,16.0800,16.0800,16.0800,16.0800,0,0.0000,3,,1,0.000000,150.547758,21.263985,0.000000,9.419299,0
1998-06-01,sh.600730,16.6900,17.6900,16.4800,17.6900,16.0800,4213616,72804459.0000,3,9.620128,1,10.012440,165.621258,23.393028,0.000000,10.362400,0
1998-06-02,sh.600730,17.9800,18.0800,17.0000,17.2200,17.6900,2306661,40052039.0000,3,5.266349,1,-2.656875,161.220920,22.771506,0.000000,10.087085,0
1998-06-03,sh.600730,17.3000,17.3000,16.6800,16.7500,17.2200,1490096,25105394.0000,3,3.402046,1,-2.729381,156.820581,22.149984,0.000000,9.811769,0
1998-06-04,sh.600730,16.7500,16.8000,15.9500,16.2800,16.7500,2244780,36431776.0000,3,5.125068,1,-2.805966,152.420242,21.528462,0.000000,9.536454,0
1998-06-05,sh.600730,16.1000,16.4700,15.7800,16.0800,16.2800,1477084,23773295.0000,3,3.372338,1,-1.228506,150.547758,21.263985,0.000000,9.419299,0
1998-06-08,sh.600730,16.0800,16.3000,15.6500,15.7100,16.0800,1132160,17981874.0000,3,2.584840,1,-2.300994,147.083661,20.774702,0.000000,9.202561,0
1998-06-09,sh.600730,15.7800,15.9000,14.6400,15.1900,15.7100,1128364,17292559.0000,3,2.576174,1,-3.309996,142.215201,20.087060,0.000000,8.897957,0
1998-06-10,sh.600730,15.1500,15.4800,14.9000,15.1900,15.1900,1058166,16053980.0000,3,2.415904,1,0.000000,142.215201,20.087060,0.000000,8.897957,0
1998-06-11,sh.600730,15.2000,15.3600,14.6000,14.7000,15.1900,509244,7600709.0000,3,1.162658,1,-3.225805,137.627614,19.439091,0.000000,8.610926,0
1998-06-12,sh.600730,15.0200,15.4900,15.0200,15.2400,14.7000,864863,13187626.0000,3,1.974573,1,3.673469,142.683323,20.153180,0.000000,8.927246,0
1998-06-15,sh.600730,15.3000,15.7500,15.2000,15.3800,15.2400,1140222,17672965.0000,3,2.603247,1,0.918637,143.994062,20.338314,0.000000,9.009255,0
1998-06-16,sh.600730,15.3000,15.3900,14.7800,15.2000,15.3800,656405,9870231.0000,3,1.498642,1,-1.170353,142.308826,20.100284,0.000000,8.903815,0
1998-06-17,sh.600730,15.3000,15.8000,15.0200,15.6500,15.2000,683266,10582069.0000,3,1.559968,1,2.960525,146.521916,20.695359,0.000000,9.167414,0
1998-06-18,sh.600730,15.8000,15.8000,15.5800,15.7400,15.6500,549512,8616822.0000,3,1.254594,1,0.575081,147.364534,20.814373,0.000000,9.220134,0
1998-06-19,sh.600730,15.7500,15.9800,15.4400,15.8800,15.7400,872183,13673832.0000,3,1.991285,1,0.889456,148.675273,20.999508,0.000000,9.302143,0
1998-06-22,sh.600730,15.9500,15.9600,15.5200,15.6200,15.8800,641318,10055586.0000,3,1.464196,1,-1.637281,146.241043,20.655687,0.000000,9.149841,0
1998-06-23,sh.600730,15.7800,15.7800,15.0000,15.2100,15.6200,664000,10098548.0000,3,1.515982,1,-2.624839,142.402450,20.113508,0.000000,8.909672,0
1998-06-24,sh.600730,15.2100,15.2100,14.8400,14.9600,15.2100,870505,13007871.0000,3,1.987454,1,-1.643655,140.061844,19.782911,0.000000,8.763228,0
1998-06-25,sh.600730,14.9600,15.3600,14.9500,15.1000,14.9600,479662,7209186.0000,3,1.095119,1,0.935831,141.372583,19.968046,0.000000,8.845237,0
1998-06-26,sh.600730,15.1000,15.2900,14.7500,14.8900,15.1000,431477,6426544.0000,3,0.985107,1,-1.390729,139.406475,19.690344,0.000000,8.722224,0
1998-06-29,sh.600730,14.8000,14.8000,14.0900,14.1800,14.8900,697721,9948137.0000,3,1.592970,1,-4.768301,132.759154,18.751449,0.000000,8.306322,0
1998-06-30,sh.600730,14.2100,14.3300,13.5000,13.6200,14.1800,603050,8334270.0000,3,1.376826,1,-3.949227,127.516198,18.010913,0.000000,7.978287,0
1998-07-01,sh.600730,13.9700,14.0200,13.3000,13.3200,13.6200,679963,9199452.0000,3,1.552427,1,-2.202645,124.707471,17.614197,0.000000,7.802553,0
1998-07-02,sh.600730,13.3000,13.8000,13.0200,13.8000,13.3200,427400,5644120.0000,3,0.975799,1,3.603607,129.201434,18.248942,0.000000,8.083727,0
1998-07-03,sh.600730,13.6700,13.8000,13.5000,13.5500,13.8000,401381,5475627.0000,3,0.916395,1,-1.811594,126.860828,17.918346,0.000000,7.937282,0
1998-07-06,sh.600730,13.4500,13.4500,13.0700,13.1000,13.5500,357970,4704626.0000,3,0.817283,1,-3.321032,122.647738,17.323271,0.000000,7.673682,0
1998-07-07,sh.600730,13.0000,13.2000,12.8600,13.1800,13.1000,203303,2657703.0000,3,0.464162,1,0.610686,123.396732,17.429062,0.000000,7.720545,0
1998-07-08,sh.600730,13.3000,13.5500,13.2500,13.4300,13.1800,191290,2564411.0000,3,0.436735,1,1.896813,125.737337,17.759659,0.000000,7.866989,0
1998-07-09,sh.600730,13.4500,13.7500,13.4500,13.6100,13.4300,182500,2485822.0000,3,0.416667,1,1.340278,127.422574,17.997689,0.000000,7.972429,0
1998-07-10,sh.600730,13.6500,13.8800,13.4000,13.8100,13.6100,341056,4666080.0000,3,0.778667,1,1.469513,129.295058,18.262166,0.000000,8.089584,0
1998-07-13,sh.600730,13.8100,14.2000,13.4200,13.9500,13.8100,356815,4914159.0000,3,0.814646,1,1.013754,130.605797,18.447300,0.000000,8.171593,0
1998-07-14,sh.600730,13.8800,13.8900,13.3800,13.3800,13.9500,312200,4238356.0000,3,0.712785,1,-4.086020,125.269216,17.693540,0.000000,7.837700,0
1998-07-15,sh.600730,13.4000,13.4400,13.0000,13.0900,13.3800,430866,5662143.0000,3,0.983712,1,-2.167414,122.554114,17.310047,0.000000,7.667825,0
1998-07-16,sh.600730,13.2000,13.3400,12.8600,12.9600,13.0900,630095,8190554.0000,3,1.438573,1,-0.993125,121.336999,17.138137,0.000000,7.591674,0
1998-07-17,sh.600730,13.0600,13.1100,12.7700,12.8900,12.9600,456720,5889698.0000,3,1.042740,1,-0.540121,120.681629,17.045570,0.000000,7.550669,0
1998-07-20,sh.600730,12.8900,12.8900,12.0800,12.1000,12.8900,415750,5137672.0000,3,0.949201,1,-6.128782,113.285315,16.000884,0.000000,7.087905,0
1998-07-21,sh.600730,12.3800,12.6200,11.9500,12.6000,12.1000,503377,6149542.0000,3,1.149263,1,4.132231,117.966527,16.662078,0.000000,7.380794,0
1998-07-22,sh.600730,12.5900,12.6000,12.3100,12.5100,12.6000,280849,3502275.0000,3,0.641208,1,-0.714287,117.123909,16.543063,0.000000,7.328074,0
1998-07-23,sh.600730,12.5700,12.7000,12.5000,12.6000,12.5100,246530,3100974.0000,3,0.562854,1,0.719426,117.966527,16.662078,0.000000,7.380794,0
1998-07-24,sh.600730,12.7000,13.3000,12.6900,13.0700,12.6000,570648,7475650.0000,3,1.302849,1,3.730153,122.366865,17.283600,0.000000,7.656109,0
1998-07-27,sh.600730,13.0700,13.1800,12.8000,12.9200,13.0700,277846,3594415.0000,3,0.634352,1,-1.147663,120.962502,17.085242,0.000000,7.568242,0
1998-07-28,sh.600730,12.9500,12.9700,12.7500,12.8000,12.9200,191050,2448870.0000,3,0.436187,1,-0.928792,119.839011,16.926555,0.000000,7.497949,0
1998-07-29,sh.600730,12.8500,12.8500,12.4000,12.4800,12.8000,342791,4307281.0000,3,0.782628,1,-2.500005,116.843036,16.503391,0.000000,7.310500,0
1998-07-30,sh.600730,12.6000,12.8000,12.4500,12.6200,12.4800,288415,3633795.0000,3,0.658482,1,1.121798,118.153775,16.688526,0.000000,7.392509,0
1998-07-31,sh.600730,12.8000,12.8000,12.4500,12.5000,12.6200,433166,5419521.0000,3,0.988963,1,-0.950871,117.030284,16.529839,0.000000,7.322216,0
1998-08-03,sh.600730,12.4800,12.7300,12.4300,12.4600,12.5000,186080,2326156.0000,3,0.424840,1,-0.320000,116.655787,16.476944,0.000000,7.298785,0
1998-08-04,sh.600730,12.4000,12.4700,12.3000,12.4000,12.4600,167900,2079795.0000,3,0.383333,1,-0.481544,116.094042,16.397600,0.000000,7.263638,0
1998-08-05,sh.600730,12.4800,12.8000,12.3300,12.7900,12.4000,260942,3282301.0000,3,0.595758,1,3.145164,119.745387,16.913331,0.000000,7.492091,0
1998-08-06,sh.600730,12.8500,13.2000,12.8000,12.9200,12.7900,550520,7165518.0000,3,1.256895,1,1.016420,120.962502,17.085242,0.000000,7.568242,0
1998-08-07,sh.600730,13.0500,13.0500,12.6000,12.6100,12.9200,317930,4053062.0000,3,0.725868,1,-2.399384,118.060151,16.675302,0.000000,7.386652,0
1998-08-10,sh.600730,12.6500,13.1900,12.5100,13.0900,12.6100,775280,10007280.0000,3,1.770046,1,3.806507,122.554114,17.310047,0.000000,7.667825,0
1998-08-11,sh.600730,13.0800,13.7400,13.0300,13.6000,13.0900,2331112,31389791.0000,3,5.322174,1,3.896106,127.328949,17.984465,0.000000,7.966571,0
1998-08-12,sh.600730,13.6000,13.9000,13.1000,13.8000,13.6000,1908152,25814658.0000,3,4.356511,1,1.470587,129.201434,18.248942,0.000000,8.083727,0
1998-08-13,sh.600730,13.8000,14.1700,13.6100,13.7600,13.8000,1935236,26973138.0000,3,4.418347,1,-0.289855,128.826937,18.196047,0.000000,8.060295,0
1998-08-14,sh.600730,13.8000,13.8300,13.3000,13.3100,13.7600,1166723,15781545.0000,3,2.663751,1,-3.270347,124.613847,17.600973,0.000000,7.796696,0
1998-08-17,sh.600730,13.2600,13.2600,12.1800,12.1800,13.3100,853400,10730330.0000,3,1.948402,1,-8.489858,114.034309,16.106675,0.000000,7.134767,0
1998-08-18,sh.600730,12.0100,12.8500,11.8000,12.4200,12.1800,539457,6701033.0000,3,1.231637,1,1.970441,116.281290,16.424048,0.000000,7.275354,0
1998-08-19,sh.600730,12.6000,12.9900,12.4000,12.9200,12.4200,401541,5100599.0000,3,0.916760,1,4.025765,120.962502,17.085242,0.000000,7.568242,0
1998-08-20,sh.600730,12.9000,13.0500,12.6000,12.9800,12.9200,515609,6659723.0000,3,1.177189,1,0.464392,121.524247,17.164585,0.000000,7.603389,0
1998-08-21,sh.600730,12.0000,12.9500,11.8200,12.6700,12.9800,2393675,30197015.0000,3,5.465011,1,-2.388286,-86.038147,21.595443,0.000000,7.517678,0
1998-08-24,sh.600730,12.5900,13.3100,12.3400,13.1900,12.6700,1516224,19613014.0000,3,3.461699,1,4.104179,-89.569310,22.481760,0.000000,7.826218,0
1998-08-25,sh.600730,13.1800,13.8400,13.0500,13.6000,13.1900,1628869,22149209.0000,3,3.718879,1,3.108422,-92.353497,23.180586,0.000000,8.069489,0
1998-08-26,sh.600730,13.6200,13.9000,13.5000,13.5100,13.6000,1229950,16833222.0000,3,2.808105,1,-0.661766,-91.742334,23.027186,0.000000,8.016088,0
1998-08-27,sh.600730,13.4000,13.9500,13.3600,13.7200,13.5100,1149037,15793122.0000,3,2.623372,1,1.554404,-93.168380,23.385121,0.000000,8.140690,0
1998-08-28,sh.600730,13.6500,13.9800,13.2500,13.3000,13.7200,831532,11377942.0000,3,1.898475,1,-3.061225,-90.316287,22.669250,0.000000,7.891486,0
1998-08-31,sh.600730,13.0100,13.7400,13.0100,13.7400,13.3000,843506,11277439.0000,3,1.925813,1,3.308268,-93.304194,23.419210,0.000000,8.152557,0
1998-09-01,sh.600730,13.7000,13.7900,13.4800,13.5000,13.7400,423883,5773660.0000,3,0.967769,1,-1.746723,-91.674427,23.010141,0.000000,8.010155,0
1998-09-02,sh.600730,13.3800,14.0600,13.3100,14.0000,13.5000,1363995,18871014.0000,3,3.114144,1,3.703704,-95.069776,23.862368,0.000000,8.306827,0
1998-09-03,sh.600730,13.9000,14.4000,13.8500,14.0000,14.0000,1427230,20223235.0000,3,3.258516,1,0.000000,-95.069776,23.862368,0.000000,8.306827,0
1998-09-04,sh.600730,14.0000,14.4400,13.9000,14.3500,14.0000,991080,14086548.0000,3,2.262740,1,2.500003,-97.446520,24.458928,0.000000,8.514498,0
1998-09-07,sh.600730,14.4300,14.5500,14.1500,14.3000,14.3500,820802,11785212.0000,3,1.873977,1,-0.348433,-97.106985,24.373705,0.000000,8.484830,0
1998-09-08,sh.600730,14.3800,14.3800,13.9300,13.9600,14.3000,733000,10335983.0000,3,1.673516,1,-2.377624,-94.798148,23.794190,0.000000,8.283093,0
1998-09-09,sh.600730,13.9000,14.5500,13.8500,14.4000,13.9600,712880,10163215.0000,3,1.627580,1,3.151859,-97.786055,24.544150,0.000000,8.544165,0
1998-09-10,sh.600730,14.4800,14.6000,14.2100,14.4000,14.4000,898517,12980480.0000,3,2.051409,1,0.000000,-97.786055,24.544150,0.000000,8.544165,0
1998-09-11,sh.600730,14.5000,14.5000,14.1100,14.2000,14.4000,741639,10558576.0000,3,1.693240,1,-1.388888,-96.427915,24.203259,0.000000,8.425496,0
1998-09-14,sh.600730,14.1500,14.3000,13.9800,14.2400,14.2000,1034544,14577647.0000,3,2.361973,1,0.281690,-96.699543,24.271438,0.000000,8.449230,0
1998-09-15,sh.600730,14.2000,14.3000,13.8500,13.8800,14.2400,624349,8799545.0000,3,1.425454,1,-2.528088,-94.254892,23.657834,0.000000,8.235626,0
1998-09-16,sh.600730,13.8500,14.6800,13.8500,14.5500,13.8800,1245662,17882099.0000,3,2.843977,1,4.827090,-98.804660,24.799819,0.000000,8.633167,0
1998-09-17,sh.600730,14.5500,14.5500,14.0000,14.1200,14.5500,804929,11490711.0000,3,1.837737,1,-2.955328,-95.884660,24.066903,0.000000,8.378028,0
1998-09-18,sh.600730,13.9900,14.3000,13.7000,13.8500,14.1200,506076,7120568.0000,3,1.155425,1,-1.912178,-94.051171,23.606700,0.000000,8.217825,0
1998-09-21,sh.600730,13.9000,14.3000,13.7500,14.0200,13.8500,390570,5448862.0000,3,0.891712,1,1.227437,-95.205590,23.896458,0.000000,8.318694,0
1998-09-22,sh.600730,14.0800,14.2000,13.6600,13.7500,14.0200,489305,6752984.0000,3,1.117135,1,-1.925823,-93.372101,23.436255,0.000000,8.158491,0
1998-09-23,sh.600730,13.7500,14.1900,13.0200,13.7400,13.7500,642113,8850395.0000,3,1.466011,1,-0.072729,-93.304194,23.419210,0.000000,8.152557,0
1998-09-24,sh.600730,13.8000,13.9800,13.5800,13.6500,13.7400,483050,6632099.0000,3,1.102854,1,-0.655023,-92.693031,23.265809,0.000000,8.099156,0
1998-09-25,sh.600730,13.7000,14.0000,13.4000,13.9800,13.6500,482343,6568937.0000,3,1.101240,1,2.417582,-94.933962,23.828279,0.000000,8.294960,0
1998-09-28,sh.600730,13.9000,14.0000,13.6500,13.8000,13.9800,571485,7888898.0000,3,1.304760,1,-1.287549,-93.711636,23.521477,0.000000,8.188158,0
1998-09-29,sh.600730,13.9500,14.2200,13.9000,13.9700,13.8000,509275,7171697.0000,3,1.162728,1,1.231885,-94.866055,23.811235,0.000000,8.289027,0
1998-09-30,sh.600730,13.9600,14.3500,13.8000,14.1200,13.9700,512439,7261585.0000,3,1.169952,1,1.073727,-95.884660,24.066903,0.000000,8.378028,0
1998-10-05,sh.600730,14.2000,14.2000,13.9200,14.0000,14.1200,242416,3401200.0000,3,0.553461,1,-0.849858,-95.069776,23.862368,0.000000,8.306827,0
1998-10-06,sh.600730,14.0000,14.0800,13.8000,14.0000,14.0000,272100,3778255.0000,3,0.621233,1,0.000000,-95.069776,23.862368,0.000000,8.306827,0
1998-10-07,sh.600730,13.9500,14.0900,13.8400,14.0000,14.0000,256075,3574554.0000,3,0.584646,1,0.000000,-95.069776,23.862368,0.000000,8.306827,0
1998-10-08,sh.600730,14.0000,14.2500,13.9500,14.2500,14.0000,352250,4976085.0000,3,0.804224,1,1.785714,-96.767450,24.288482,0.000000,8.455163,0
1998-10-09,sh.600730,14.3000,14.4100,14.0200,14.3600,14.2500,809330,11524949.0000,3,1.847785,1,0.771927,-97.514427,24.475972,0.000000,8.520431,0
1998-10-12,sh.600730,14.4400,14.4900,14.2500,14.3500,14.3600,444210,6375013.0000,3,1.014178,1,-0.069633,-97.446520,24.458928,0.000000,8.514498,0
1998-10-13,sh.600730,14.4000,14.6500,14.2000,14.5800,14.3500,883650,12803622.0000,3,2.017466,1,1.602784,-99.008381,24.850952,0.000000,8.650967,0
1998-10-14,sh.600730,14.5800,14.6400,14.2100,14.2700,14.5800,372300,5355780.0000,3,0.850000,1,-2.126197,-96.903264,24.322571,0.000000,8.467030,0
1998-10-15,sh.600730,14.2800,14.6800,13.8000,14.5500,14.2700,766911,11064775.0000,3,1.750938,1,1.962156,-98.804660,24.799819,0.000000,8.633167,0
1998-10-16,sh.600730,14.8500,14.8500,14.3800,14.5500,14.5500,433035,6302322.0000,3,0.988664,1,0.000000,-98.804660,24.799819,0.000000,8.633167,0
1998-10-19,sh.600730,14.5000,14.5200,14.1500,14.1600,14.5500,449180,6398058.0000,3,1.025525,1,-2.680415,-96.156288,24.135081,0.000000,8.401762,0
1998-10-20,sh.600730,14.1500,14.2600,13.8000,13.9800,14.1600,597120,8410246.0000,3,1.363288,1,-1.271189,-94.933962,23.828279,0.000000,8.294960,0
1998-10-21,sh.600730,14.0000,14.0000,13.5000,13.5400,13.9800,502000,6889705.0000,3,1.146119,1,-3.147351,-91.946055,23.078319,0.000000,8.033888,0
1998-10-22,sh.600730,13.4900,13.7000,13.4100,13.6500,13.5400,420504,5683657.0000,3,0.960055,1,0.812405,-92.693031,23.265809,0.000000,8.099156,0
1998-10-23,sh.600730,13.4800,13.9500,13.4100,13.5900,13.6500,463100,6375004.0000,3,1.057306,1,-0.439557,-92.285590,23.163542,0.000000,8.063556,0
1998-10-26,sh.600730,13.5000,13.5000,13.0300,13.3200,13.5900,348500,4628583.0000,3,0.795662,1,-1.986758,-90.452101,22.703339,0.000000,7.903353,0
1998-10-27,sh.600730,13.5000,13.5500,13.2200,13.5100,13.3200,421775,5653180.0000,3,0.962957,1,1.426430,-91.742334,23.027186,0.000000,8.016088,0
1998-10-28,sh.600730,13.5000,13.6300,13.3800,13.5000,13.5100,435400,5882036.0000,3,0.994064,1,-0.074021,-91.674427,23.010141,0.000000,8.010155,0
1998-10-29,sh.600730,13.6800,13.8800,13.5000,13.5200,13.5000,240200,3295892.0000,3,0.548402,1,0.148151,-91.810241,23.044230,0.000000,8.022021,0
1998-10-30,sh.600730,13.5500,13.8800,13.3500,13.7000,13.5200,697732,9513228.0000,3,1.592995,1,1.331356,-93.032566,23.351032,0.000000,8.128824,0
1998-11-02,sh.600730,13.6900,14.4500,13.6900,14.4500,13.7000,1035275,14703451.0000,3,2.363642,1,5.474452,-98.125590,24.629373,0.000000,8.573832,0
1998-11-03,sh.600730,14.3000,14.6000,14.2100,14.2600,14.4500,581231,8356614.0000,3,1.327011,1,-1.314876,-96.835357,24.305527,0.000000,8.461097,0
1998-11-04,sh.600730,14.1300,14.4000,14.0700,14.3300,14.2600,480867,6848896.0000,3,1.097870,1,0.490881,-97.310706,24.424839,0.000000,8.502631,0
1998-11-05,sh.600730,14.3300,14.4900,14.1200,14.3600,14.3300,580445,8352284.0000,3,1.325217,1,0.209349,-97.514427,24.475972,0.000000,8.520431,0
1998-11-06,sh.600730,14.3800,14.4800,14.0800,14.1000,14.3600,391200,5577897.0000,3,0.893151,1,-1.810580,-95.748846,24.032814,0.000000,8.366161,0
1998-11-09,sh.600730,14.2200,14.3700,13.9600,14.0500,14.1000,417100,5882324.0000,3,0.952283,1,-0.354611,-95.409311,23.947591,0.000000,8.336494,0
1998-11-10,sh.600730,14.0500,14.1000,13.7800,13.9600,14.0500,492915,6857039.0000,3,1.125377,1,-0.640571,-94.798148,23.794190,0.000000,8.283093,0
1998-11-11,sh.600730,13.8800,14.0000,13.7500,13.8000,13.9600,395200,5463662.0000,3,0.902283,1,-1.146131,-93.711636,23.521477,0.000000,8.188158,0
1998-11-12,sh.600730,13.8800,13.9200,13.7000,13.7000,13.8000,414314,5704732.0000,3,0.945922,1,-0.724640,-93.032566,23.351032,0.000000,8.128824,0
1998-11-13,sh.600730,13.7500,13.9200,13.7000,13.8400,13.7000,270101,3732784.0000,3,0.616669,1,1.021900,-93.983264,23.589656,0.000000,8.211892,0
1998-11-16,sh.600730,13.9000,13.9100,13.7000,13.8500,13.8400,249600,3432945.0000,3,0.569863,1,0.072256,-94.051171,23.606700,0.000000,8.217825,0
1998-11-17,sh.600730,13.8000,13.9000,13.6600,13.8700,13.8500,288610,3967891.0000,3,0.658927,1,0.144401,-94.186985,23.640789,0.000000,8.229692,0
1998-11-18,sh.600730,13.9000,14.2100,13.7200,13.8000,13.8700,330674,4629401.0000,3,0.754963,1,-0.504684,-93.711636,23.521477,0.000000,8.188158,0
1998-11-19,sh.600730,13.8200,14.0000,13.7200,13.8700,13.8000,152400,2104620.0000,3,0.347945,1,0.507244,-94.186985,23.640789,0.000000,8.229692,0
1998-11-20,sh.600730,13.9200,13.9900,13.8000,13.8700,13.8700,208640,2893570.0000,3,0.476347,1,0.000000,-94.186985,23.640789,0.000000,8.229692,0
1998-11-23,sh.600730,13.9000,13.9700,13.6100,13.7000,13.8700,175900,2419723.0000,3,0.401598,1,-1.225667,-93.032566,23.351032,0.000000,8.128824,0
1998-11-24,sh.600730,13.7000,13.7500,13.5000,13.5500,13.7000,285701,3881286.0000,3,0.652285,1,-1.094888,-92.013962,23.095364,0.000000,8.039822,0
1998-11-25,sh.600730,13.5100,13.8500,13.5100,13.5700,13.5500,89621,1219096.0000,3,0.204614,1,0.147598,-92.149776,23.129453,0.000000,8.051689,0
1998-11-26,sh.600730,13.5800,13.7000,13.3500,13.3800,13.5700,153900,2077009.0000,3,0.351370,1,-1.400144,-90.859543,22.805606,0.000000,7.938953,0
1998-11-27,sh.600730,13.4000,13.4800,13.1200,13.2000,13.3800,236800,3151000.0000,3,0.540639,1,-1.345294,-89.637217,22.498805,0.000000,7.832151,0
1998-11-30,sh.600730,13.1500,13.2000,13.0900,13.1900,13.2000,181504,2384691.0000,3,0.414393,1,-0.075759,-89.569310,22.481760,0.000000,7.826218,0
1998-12-01,sh.600730,13.3000,13.3100,12.9800,13.1400,13.1900,305129,3990859.0000,3,0.696642,1,-0.379069,-89.229775,22.396537,0.000000,7.796550,0
1998-12-02,sh.600730,13.1500,13.2500,12.9300,13.1900,13.1400,370140,4819203.0000,3,0.845068,1,0.380512,-89.569310,22.481760,0.000000,7.826218,0
1998-12-03,sh.600730,13.0500,13.2000,12.8600,13.0000,13.1900,291570,3795625.0000,3,0.665685,1,-1.440482,-88.279078,22.157914,0.000000,7.713482,0
1998-12-04,sh.600730,12.9800,13.1000,12.7800,12.9000,13.0000,225468,2901530.0000,3,0.514767,1,-0.769234,-87.600008,21.987468,0.000000,7.654148,0
1998-12-07,sh.600730,13.2500,13.2500,12.3500,12.8400,12.9000,222905,2902441.0000,3,0.508916,1,-0.465112,-87.192566,21.885201,0.000000,7.618547,0
1998-12-08,sh.600730,12.8300,13.5000,12.8000,12.9000,12.8400,114700,1496620.0000,3,0.261872,1,0.467286,-87.600008,21.987468,0.000000,7.654148,0
1998-12-09,sh.600730,13.0000,13.0000,12.4100,12.7800,12.9000,286200,3595520.0000,3,0.653425,1,-0.930232,-86.785124,21.782933,0.000000,7.582946,0
1998-12-10,sh.600730,12.5100,12.6600,12.4500,12.5000,12.7800,82500,1032988.0000,3,0.188356,1,-2.190921,-84.883728,21.305686,0.000000,7.416810,0
1998-12-11,sh.600730,12.4000,12.6600,12.4000,12.5400,12.5000,45400,566276.0000,3,0.103653,1,0.320000,-85.155356,21.373864,0.000000,7.440544,0
1998-12-14,sh.600730,12.4500,12.6800,12.3000,12.3400,12.5400,74000,919353.0000,3,0.168950,1,-1.594895,-83.797217,21.032973,0.000000,7.321875,0
1998-12-15,sh.600730,12.3600,12.4000,12.0100,12.4000,12.3400,432277,5283630.0000,3,0.986934,1,0.486219,-84.204659,21.135241,0.000000,7.357475,0
1998-12-16,sh.600730,12.3000,12.3600,12.0100,12.2000,12.4000,105700,1283368.0000,3,0.241324,1,-1.612902,-82.846519,20.794350,0.000000,7.238806,0
1998-12-17,sh.600730,11.6000,12.2200,11.6000,12.0900,12.2000,256180,3107401.0000,3,0.584886,1,-0.901637,-82.099542,20.606860,0.000000,7.173538,0
1998-12-18,sh.600730,12.0500,12.8000,11.8100,12.0000,12.0900,501000,6122640.0000,3,1.143836,1,-0.744418,-81.488379,20.453459,0.000000,7.120137,0
1998-12-21,sh.600730,12.0000,12.0000,11.7600,11.8000,12.0000,390580,4636044.0000,3,0.891735,1,-1.666665,-80.130240,20.112568,0.000000,7.001468,0
1998-12-22,sh.600730,11.7900,12.1700,11.5900,12.1600,11.8000,228240,2728654.0000,3,0.521096,1,3.050845,-82.574891,20.726171,0.000000,7.215073,0
1998-12-23,sh.600730,12.2000,12.2000,11.7500,11.9000,12.1600,153600,1827363.0000,3,0.350685,1,-2.138160,-80.809309,20.283013,0.000000,7.060803,0
1998-12-24,sh.600730,11.8000,11.9000,11.7500,11.8500,11.9000,142200,1678432.0000,3,0.324658,1,-0.420162,-80.469775,20.197790,0.000000,7.031136,0
1998-12-25,sh.600730,11.8500,11.8900,11.7300,11.8500,11.8500,152400,1800705.0000,3,0.347945,1,0.000000,-80.469775,20.197790,0.000000,7.031136,0
1998-12-28,sh.600730,11.8500,11.9500,11.2000,11.5000,11.8500,131561,1535266.0000,3,0.300368,1,-2.953590,-78.093030,19.601231,0.000000,6.823465,0
1998-12-29,sh.600730,11.5000,11.5000,10.8600,11.0000,11.5000,421803,4658139.0000,3,0.963021,1,-4.347826,-74.697681,18.749004,0.000000,6.526793,0
1998-12-30,sh.600730,10.9900,11.1700,10.8800,11.1400,11.0000,161599,1782446.0000,3,0.368947,1,1.272730,-75.648379,18.987627,0.000000,6.609861,0
1998-12-31,sh.600730,11.2100,11.2100,11.0000,11.0800,11.1400,64480,714614.0000,3,0.147215,1,-0.538603,-75.240937,18.885360,0.000000,6.574260,0
1999-01-04,sh.600730,11.0000,11.0000,10.8700,10.8900,11.0800,73400,801280.0000,3,0.167580,1,-1.714798,-73.950704,18.561514,0.000000,6.461525,0
1999-01-05,sh.600730,10.7500,10.8600,10.4800,10.8600,10.8900,135704,1438586.0000,3,0.309826,1,-0.275488,-73.746983,18.510380,0.000000,6.443724,0
1999-01-06,sh.600730,10.8800,11.0200,10.5600,10.9900,10.8600,117377,1270184.0000,3,0.267984,1,1.197055,-74.629774,18.731959,0.000000,6.520859,0
1999-01-07,sh.600730,10.9200,11.0800,10.8000,10.9600,10.9900,103358,1129416.0000,3,0.235977,1,-0.272973,-74.426053,18.680826,0.000000,6.503059,0
1999-01-08,sh.600730,10.9500,11.3000,10.8000,11.3000,10.9600,239957,2679707.0000,3,0.547847,1,3.102191,-76.734890,19.260340,0.000000,6.704796,0
1999-01-11,sh.600730,11.3000,11.6500,11.2400,11.6500,11.3000,201681,2292532.0000,3,0.460459,1,3.097340,-79.111635,19.856899,0.000000,6.912467,0
1999-01-12,sh.600730,11.5300,11.6400,11.3500,11.5500,11.6500,229332,2642560.0000,3,0.523589,1,-0.858364,-78.432565,19.686454,0.000000,6.853132,0
1999-01-13,sh.600730,11.5000,11.5000,10.7200,10.9000,11.5500,234600,2604745.0000,3,0.535616,1,-5.627710,-74.018611,18.578558,0.000000,6.467458,0
1999-01-14,sh.600730,10.8500,11.0000,10.7800,10.9300,10.9000,259700,2820486.0000,3,0.592922,1,0.275236,-74.222332,18.629692,0.000000,6.485258,0
1999-01-15,sh.600730,9.8500,10.1000,9.8400,9.8400,10.9300,176500,1739068.0000,3,0.402968,1,-9.972553,-66.820471,16.771836,0.000000,5.838513,0
1999-01-18,sh.600730,8.8600,9.5000,8.8600,9.3500,9.8400,1390987,12685399.0000,3,3.175769,1,-4.979672,-63.493029,15.936653,0.000000,5.547774,0
1999-01-19,sh.600730,9.4900,9.5000,9.2200,9.4700,9.3500,417789,3910738.0000,3,0.953856,1,1.283421,-64.307913,16.141188,0.000000,5.618975,0
1999-01-20,sh.600730,9.5000,9.7700,9.3100,9.4600,9.4700,313015,2979321.0000,3,0.714646,1,-0.105599,-64.240006,16.124143,0.000000,5.613042,0
1999-01-21,sh.600730,9.5000,9.6800,9.3900,9.5400,9.4600,207890,1976809.0000,3,0.474635,1,0.845665,-64.783262,16.260500,0.000000,5.660509,0
1999-01-22,sh.600730,9.6500,9.7000,9.4500,9.5000,9.5400,271090,2576585.0000,3,0.618927,1,-0.419287,-64.511634,16.192321,0.000000,5.636775,0
1999-01-25,sh.600730,9.5000,9.5000,9.1800,9.2600,9.5000,188030,1745611.0000,3,0.429292,1,-2.526314,-62.881866,15.783252,0.000000,5.494373,0
1999-01-26,sh.600730,9.2000,9.4500,9.2000,9.3000,9.2600,107700,995605.0000,3,0.245890,1,0.431965,-63.153494,15.851430,0.000000,5.518106,0
1999-01-27,sh.600730,9.2100,9.4700,9.1800,9.3900,9.3000,169006,1580210.0000,3,0.385858,1,0.967743,-63.764657,16.004831,0.000000,5.571508,0
1999-01-28,sh.600730,9.4000,10.1800,9.3600,10.1500,9.3900,768288,7645642.0000,3,1.754082,1,8.093709,-68.925587,17.300217,0.000000,6.022450,0
1999-01-29,sh.600730,10.1000,10.3000,9.7000,10.0000,10.1500,315412,3153375.0000,3,0.720119,1,-1.477829,-67.906983,17.044549,0.000000,5.933448,0
1999-02-01,sh.600730,9.9000,10.1100,9.8000,9.8600,10.0000,174000,1732971.0000,3,0.397260,1,-1.400003,-66.956285,16.805925,0.000000,5.850380,0
1999-02-02,sh.600730,9.9000,9.9000,9.6800,9.7500,9.8600,108100,1054882.0000,3,0.246804,1,-1.115615,-66.209308,16.618435,0.000000,5.785112,0
1999-02-03,sh.600730,9.7300,9.8500,9.3100,9.6500,9.7500,86700,844296.0000,3,0.197945,1,-1.025645,-65.530238,16.447990,0.000000,5.725777,0
1999-02-04,sh.600730,9.3900,9.5000,9.2800,9.5000,9.6500,106200,995727.0000,3,0.242466,1,-1.554400,-64.511634,16.192321,0.000000,5.636775,0
1999-02-05,sh.600730,9.3100,9.4000,8.8000,8.9500,9.5000,207200,1881909.0000,3,0.473059,1,-5.789475,-60.776750,15.254871,0.000000,5.310436,0
1999-02-08,sh.600730,8.7000,9.0000,8.7000,8.9000,8.9500,122482,1085938.0000,3,0.279639,1,-0.558661,-60.437215,15.169649,0.000000,5.280769,0
1999-02-09,sh.600730,8.9500,9.1800,8.9500,9.1500,8.9000,81878,745108.0000,3,0.186936,1,2.808989,-62.134889,15.595762,0.000000,5.429105,0
1999-03-01,sh.600730,9.3100,9.3100,9.0000,9.1600,9.1500,99890,911702.0000,3,0.228059,1,0.109292,-62.202796,15.612807,0.000000,5.435038,0
1999-03-02,sh.600730,9.1000,9.3900,9.1000,9.3600,9.1600,154586,1436202.0000,3,0.352936,1,2.183404,-63.560936,15.953698,0.000000,5.553707,0
1999-03-03,sh.600730,9.4200,9.9100,9.3600,9.7000,9.3600,263266,2548312.0000,3,0.601064,1,3.632480,-65.869773,16.533212,0.000000,5.755444,0
1999-03-04,sh.600730,9.6900,9.6900,9.4500,9.6400,9.7000,253100,2423218.0000,3,0.577854,1,-0.618551,-65.462331,16.430945,0.000000,5.719844,0
1999-03-05,sh.600730,9.6900,10.2800,9.6000,10.0300,9.6400,505544,5047752.0000,3,1.154210,1,4.045637,-68.110704,17.095683,0.000000,5.951248,0
1999-03-08,sh.600730,10.1000,10.4400,10.1000,10.2200,10.0300,417865,4264017.0000,3,0.954030,1,1.894322,-69.400936,17.419529,0.000000,6.063984,0
1999-03-09,sh.600730,10.2200,10.2300,9.9600,9.9600,10.2200,289500,2918494.0000,3,0.660959,1,-2.544034,-67.635355,16.976371,0.000000,5.909714,0
1999-03-10,sh.600730,9.9300,9.9400,9.7100,9.8100,9.9600,273270,2678278.0000,3,0.623904,1,-1.506020,-66.616750,16.720702,0.000000,5.820712,0
1999-03-11,sh.600730,9.9000,10.5000,9.8500,10.2900,9.8100,664500,6827059.0000,3,1.517123,1,4.892962,-69.876285,17.538841,0.000000,6.105518,0
1999-03-12,sh.600730,10.4400,10.4900,10.0600,10.2300,10.2900,300589,3061046.0000,3,0.686276,1,-0.583094,-69.468843,17.436574,0.000000,6.069917,0
1999-03-15,sh.600730,10.2300,10.7100,10.2000,10.5900,10.2300,776358,8196025.0000,3,1.772507,1,3.519068,-71.913495,18.050177,0.000000,6.283521,0
1999-03-16,sh.600730,10.6000,10.6800,10.4500,10.6000,10.5900,315234,3325865.0000,3,0.719712,1,0.094431,-71.981402,18.067222,0.000000,6.289455,0
1999-03-17,sh.600730,10.5700,10.6800,10.2500,10.2800,10.6000,276700,2877656.0000,3,0.631735,1,-3.018874,-69.808378,17.521796,0.000000,6.099584,0
1999-03-18,sh.600730,10.2300,10.2800,10.1500,10.2000,10.2800,172100,1758157.0000,3,0.392922,1,-0.778209,-69.265122,17.385440,0.000000,6.052117,0
1999-03-19,sh.600730,10.1900,10.9800,10.1000,10.7300,10.2000,2258340,24061236.0000,3,5.156027,1,5.196076,-72.864192,18.288801,0.000000,6.366590,0
1999-03-22,sh.600730,10.7600,10.8800,10.6000,10.6500,10.7300,462420,4958958.0000,3,1.055753,1,-0.745572,-72.320937,18.152445,0.000000,6.319122,0
1999-03-23,sh.600730,10.6000,10.6400,10.4100,10.4600,10.6500,219250,2295699.0000,3,0.500571,1,-1.784034,-71.030704,17.828598,0.000000,6.206386,0
1999-03-24,sh.600730,10.6500,10.7500,10.2000,10.2800,10.4600,483252,4970293.0000,3,1.103315,1,-1.720844,-69.808378,17.521796,0.000000,6.099584,0
1999-03-25,sh.600730,10.2000,10.3500,10.1400,10.2900,10.2800,174989,1790989.0000,3,0.399518,1,0.097278,-69.876285,17.538841,0.000000,6.105518,0
1999-03-26,sh.600730,10.2500,10.3000,9.9500,10.1100,10.2900,268800,2719978.0000,3,0.613699,1,-1.749274,-68.653960,17.232039,0.000000,5.998716,0
1999-03-29,sh.600730,10.1100,10.2500,10.0000,10.2500,10.1100,241085,2432432.0000,3,0.550422,1,1.384771,-69.604657,17.470663,0.000000,6.081784,0
1999-03-30,sh.600730,10.3000,10.3500,10.0500,10.1500,10.2500,192400,1954958.0000,3,0.439269,1,-0.975614,-68.925587,17.300217,0.000000,6.022450,0
1999-03-31,sh.600730,10.0300,10.0600,9.6800,10.0000,10.1500,371409,3670327.0000,3,0.847966,1,-1.477829,-67.906983,17.044549,0.000000,5.933448,0
1999-04-01,sh.600730,10.0100,10.0500,9.8100,9.9200,10.0000,148165,1473657.0000,3,0.338276,1,-0.799999,-67.363727,16.908193,0.000000,5.885980,0
1999-04-02,sh.600730,9.9300,10.2100,9.8800,10.0600,9.9200,268577,2692114.0000,3,0.613189,1,1.411294,-68.314425,17.146816,0.000000,5.969049,0
1999-04-05,sh.600730,10.0600,10.5400,9.8500,10.4500,10.0600,693268,7081552.0000,3,1.582804,1,3.876733,-70.962797,17.811554,0.000000,6.200453,0
1999-04-06,sh.600730,10.4600,10.6300,10.2300,10.3400,10.4500,344058,3569496.0000,3,0.785521,1,-1.052628,-70.215820,17.624064,0.000000,6.135185,0
1999-04-07,sh.600730,10.3500,10.5800,10.1800,10.2800,10.3400,426520,4409960.0000,3,0.973790,1,-0.580275,-69.808378,17.521796,0.000000,6.099584,0
1999-04-08,sh.600730,10.2500,10.2600,10.0800,10.1800,10.2800,289600,2942189.0000,3,0.661187,1,-0.972757,-69.129308,17.351351,0.000000,6.040250,0
1999-04-09,sh.600730,10.1500,10.4700,9.9800,10.1700,10.1800,379360,3899934.0000,3,0.866119,1,-0.098234,-69.061401,17.334306,0.000000,6.034316,0
1999-04-12,sh.600730,10.1700,10.2800,9.8000,9.8000,10.1700,369800,3684684.0000,3,0.844292,1,-3.638150,-66.548843,16.703658,0.000000,5.814779,0
1999-04-13,sh.600730,10.2000,10.3200,9.8700,9.9600,9.8000,157180,1573976.0000,3,0.358858,1,1.632651,-67.635355,16.976371,0.000000,5.909714,0
1999-04-14,sh.600730,10.0200,10.0200,9.7800,9.9600,9.9600,191453,1885997.0000,3,0.437107,1,0.000000,-67.635355,16.976371,0.000000,5.909714,0
1999-04-15,sh.600730,9.9100,10.0700,9.7900,9.9000,9.9600,184530,1830795.0000,3,0.421301,1,-0.602414,-67.227913,16.874103,0.000000,5.874113,0
1999-04-16,sh.600730,9.8200,9.9000,9.5000,9.7500,9.9000,156940,1526464.0000,3,0.358311,1,-1.515148,-66.209308,16.618435,0.000000,5.785112,0
1999-04-19,sh.600730,9.5300,9.7000,9.5000,9.6000,9.7500,171819,1644533.0000,3,0.392281,1,-1.538458,-65.190703,16.362767,0.000000,5.696110,0
1999-04-20,sh.600730,9.5500,9.6000,9.3500,9.3900,9.6000,212540,2004443.0000,3,0.485251,1,-2.187500,-63.764657,16.004831,0.000000,5.571508,0
1999-04-21,sh.600730,9.6500,9.6600,9.3500,9.3500,9.3900,113202,1066156.0000,3,0.258452,1,-0.425985,-63.493029,15.936653,0.000000,5.547774,0
1999-04-22,sh.600730,9.3000,9.3000,8.9900,9.2400,9.3500,250899,2281785.0000,3,0.572829,1,-1.176477,-62.746052,15.749163,0.000000,5.482506,0
1999-04-23,sh.600730,9.1400,9.2400,8.9000,9.2100,9.2400,145280,1331133.0000,3,0.331689,1,-0.324672,-62.542331,15.698030,0.000000,5.464705,0
1999-04-26,sh.600730,9.2000,9.8600,9.0100,9.5600,9.2100,383649,3636615.0000,3,0.875911,1,3.800221,-38.194842,8.976453,-34.161335,6.943251,0
1999-04-27,sh.600730,9.5000,9.9600,9.4000,9.8800,9.5600,586643,5727001.0000,3,1.339368,1,3.347277,-39.473330,9.276920,-35.304810,7.175661,0
1999-04-28,sh.600730,9.8800,10.4900,9.7900,10.0000,9.8800,767197,7786754.0000,3,1.751591,1,1.214574,-39.952763,9.389595,-35.733614,7.262814,0
1999-04-29,sh.600730,9.9900,10.1700,9.8500,10.0500,10.0000,282230,2822859.0000,3,0.644361,1,0.500002,-40.152527,9.436543,-35.912282,7.299129,0
1999-04-30,sh.600730,10.0500,10.0600,9.8300,9.9500,10.0500,238799,2371737.0000,3,0.545203,1,-0.995029,-39.753000,9.342647,-35.554946,7.226500,0
1999-05-04,sh.600730,9.9100,10.3400,9.9100,10.0400,9.9500,388938,3960822.0000,3,0.887986,1,0.904524,-40.112574,9.427154,-35.876548,7.291866,0
1999-05-05,sh.600730,10.1500,10.2400,9.9000,10.1700,10.0400,223222,2252549.0000,3,0.509639,1,1.294822,-40.631960,9.549218,-36.341085,7.386282,0
1999-05-06,sh.600730,10.1800,10.3400,10.0300,10.2500,10.1700,237607,2427556.0000,3,0.542482,1,0.786627,-40.951582,9.624335,-36.626954,7.444385,0
1999-05-07,sh.600730,10.3000,10.3400,9.9600,10.0100,10.2500,150999,1523470.0000,3,0.344747,1,-2.341461,-39.992716,9.398985,-35.769347,7.270077,0
1999-05-10,sh.600730,9.4900,9.9000,9.4600,9.8800,10.0100,443647,4326290.0000,3,1.012893,1,-1.298702,-39.473330,9.276920,-35.304810,7.175661,0
1999-05-11,sh.600730,9.8800,10.6500,9.8800,10.6200,9.8800,1559240,16327275.0000,3,3.559909,1,7.489876,-42.429835,9.971750,-37.949098,7.713109,0
1999-05-12,sh.600730,10.6500,11.0900,10.5000,10.8000,10.6200,1682482,18261743.0000,3,3.841283,1,1.694918,-43.148984,10.140763,-38.592303,7.843840,0
1999-05-13,sh.600730,10.8000,10.9100,10.6200,10.8300,10.8000,690040,7455190.0000,3,1.575434,1,0.277775,-43.268843,10.168932,-38.699504,7.865628,0
1999-05-14,sh.600730,10.8200,11.2800,10.7500,10.8400,10.8300,1541820,16979772.0000,3,3.520137,1,0.092338,-43.308795,10.178321,-38.735237,7.872891,0
1999-05-17,sh.600730,10.8800,11.6800,10.8800,11.5000,10.8400,2223173,25317306.0000,3,5.075737,1,6.088559,-45.945678,10.798034,-41.093656,8.352237,0
1999-05-18,sh.600730,11.4000,11.5300,11.0400,11.0900,11.5000,1226635,13866429.0000,3,2.800537,1,-3.565216,-44.307615,10.413061,-39.628578,8.054461,0
1999-05-19,sh.600730,11.0900,11.9400,11.0500,11.7200,11.0900,1468573,16955640.0000,3,3.352906,1,5.680795,-46.824639,11.004605,-41.879795,8.512019,0
1999-05-20,sh.600730,11.7900,11.8900,11.3000,11.7700,11.7200,1730265,20174274.0000,3,3.950377,1,0.426623,-47.024402,11.051553,-42.058463,8.548333,0
1999-05-21,sh.600730,11.8000,12.9500,11.4900,12.9300,11.7700,2772746,33793913.0000,3,6.330470,1,9.855563,-51.658923,12.140747,-46.203563,9.390819,0
1999-05-24,sh.600730,12.9000,13.6500,12.2000,12.8600,12.9300,4461131,58636558.0000,3,10.185231,1,-0.541382,-51.379254,12.075019,-45.953427,9.339979,0
1999-05-25,sh.600730,12.9000,13.3900,12.6000,12.7500,12.8600,3452580,44893308.0000,3,7.882603,1,-0.855363,-50.939773,11.971734,-45.560358,9.260088,0
1999-05-26,sh.600730,12.7500,12.7500,12.7500,12.7500,12.7500,0,0.0000,3,,1,0.000000,-50.939773,11.971734,-45.560358,9.260088,0
1999-05-27,sh.600730,13.0000,13.5000,12.6000,12.6900,12.7500,1838809,23683827.0000,3,4.198194,1,-0.470591,-50.700057,11.915396,-45.345956,9.216512,0
1999-05-28,sh.600730,12.7000,12.8800,12.1000,12.1400,12.6900,1827376,22563084.0000,3,4.172091,1,-4.334116,-48.502655,11.398968,-43.380607,8.817057,0
1999-05-31,sh.600730,12.1400,13.0000,12.1400,12.8800,12.1400,2105574,26745217.0000,3,4.807247,1,6.095550,-51.459159,12.093799,-46.024895,9.354505,0
1999-06-01,sh.600730,12.8800,13.0900,12.4600,12.8800,12.8800,1308270,16805684.0000,3,2.986918,1,0.000000,-51.459159,12.093799,-46.024895,9.354505,0
1999-06-02,sh.600730,12.8900,13.7800,12.6000,13.3500,12.8800,2452902,32464626.0000,3,5.600233,1,3.649071,-53.336939,12.535110,-47.704374,9.695857,0
1999-06-03,sh.600730,13.3100,13.3100,12.5800,12.6600,13.3500,1263753,16391595.0000,3,2.885281,1,-5.168543,-50.580198,11.887227,-45.238755,9.194723,0
1999-06-04,sh.600730,12.6800,13.1000,12.3200,12.9200,12.6600,1234103,15589043.0000,3,2.817587,1,2.053714,-51.618970,12.131357,-46.167829,9.383556,0
1999-06-07,sh.600730,12.9000,13.3500,12.7100,13.1600,12.9200,1237836,16184239.0000,3,2.826110,1,1.857583,-52.577837,12.356707,-47.025436,9.557864,0
1999-06-08,sh.600730,13.2400,13.3000,12.6200,12.8300,13.1600,755028,9680269.0000,3,1.723808,1,-2.507598,-51.259395,12.046851,-45.846226,9.318191,0
1999-06-09,sh.600730,12.8000,12.9500,12.6000,12.7500,12.8300,812420,10321558.0000,3,1.854840,1,-0.623538,-50.939773,11.971734,-45.560358,9.260088,0
1999-06-10,sh.600730,12.8000,12.9000,12.4500,12.6000,12.7500,1013415,12729205.0000,3,2.313733,1,-1.176468,-50.340482,11.830890,-45.024353,9.151146,0
1999-06-11,sh.600730,12.6000,12.8500,12.5000,12.6000,12.6000,608532,7694754.0000,3,1.389342,1,0.000000,-50.340482,11.830890,-45.024353,9.151146,0
1999-06-14,sh.600730,12.7000,13.1700,12.5000,12.9000,12.6000,1071817,13777325.0000,3,2.447071,1,2.380946,-51.539065,12.112578,-46.096362,9.369031,0
1999-06-15,sh.600730,13.0000,13.7500,12.8200,13.1200,12.9000,2615049,34582188.0000,3,5.970432,1,1.705428,-52.418025,12.319149,-46.882501,9.528813,0
1999-06-16,sh.600730,13.1500,14.4300,13.1500,14.4300,13.1200,4016030,56129265.0000,3,9.169018,1,9.984759,-57.651837,13.549186,-51.563605,10.480241,0
1999-06-17,sh.600730,14.6100,14.9800,14.0300,14.3400,14.4300,3151993,45653013.0000,3,7.196331,1,-0.623702,-57.292263,13.464679,-51.242002,10.414876,0
1999-06-18,sh.600730,14.3000,14.3000,13.5800,13.6800,14.3400,2362461,32624961.0000,3,5.393747,1,-4.602509,-54.655380,12.844966,-48.883584,9.935530,0
1999-06-21,sh.600730,13.6800,13.7000,13.1100,13.5100,13.6800,1610954,21551717.0000,3,3.677977,1,-1.242691,-53.976183,12.685343,-48.276112,9.812062,0
1999-06-22,sh.600730,13.5100,14.1000,13.3000,14.0700,13.5100,2718659,37199427.0000,3,6.206984,1,4.145073,-56.213538,13.211160,-50.277195,10.218780,0
1999-06-23,sh.600730,14.0000,14.3900,14.0000,14.2000,14.0700,2067771,29319873.0000,3,4.720938,1,0.923952,-56.732924,13.333225,-50.741732,10.313196,0
1999-06-24,sh.600730,14.2000,15.0500,13.9000,14.7000,14.2000,3366009,49706635.0000,3,7.684952,1,3.521127,-58.730562,13.802705,-52.528412,10.676337,0
1999-06-25,sh.600730,15.7700,16.1700,14.7000,14.7000,14.7000,4470267,70270133.0000,3,10.206089,1,0.000000,-58.730562,13.802705,-52.528412,10.676337,0
1999-06-28,sh.600730,14.9000,15.5100,14.9000,15.2000,14.7000,2386920,36450339.0000,3,5.449589,1,3.401361,-60.728200,14.272185,-54.315093,11.039478,0
1999-06-29,sh.600730,15.4000,16.3000,15.0100,15.7500,15.2000,2778087,43483140.0000,3,6.342664,1,3.618423,-62.925602,14.788612,-56.280442,11.438933,0
1999-06-30,sh.600730,15.7500,15.8000,14.2000,14.5000,15.7500,1811649,26879554.0000,3,4.136185,1,-7.936508,-57.931507,13.614913,-51.813740,10.531081,0
1999-07-01,sh.600730,14.2000,14.4000,13.2000,13.6000,14.5000,2290578,31085070.0000,3,5.229630,1,-6.206894,-54.335758,12.769849,-48.597715,9.877428,0
1999-07-02,sh.600730,13.5000,14.0800,13.1100,13.6800,13.6000,753490,10200184.0000,3,1.720297,1,0.588235,-54.655380,12.844966,-48.883584,9.935530,0
1999-07-05,sh.600730,13.6800,13.8000,12.6000,12.9000,13.6800,722921,9483762.0000,3,1.650505,1,-5.701759,-51.539065,12.112578,-46.096362,9.369031,0
1999-07-06,sh.600730,12.8500,13.1000,12.4900,12.6800,12.9000,638690,8182414.0000,3,1.458196,1,-1.705421,-50.660104,11.906007,-45.310222,9.209249,0
1999-07-07,sh.600730,12.6800,13.6800,12.6800,13.6800,12.6800,918995,12107341.0000,3,2.098162,1,7.886435,-54.655380,12.844966,-48.883584,9.935530,0
1999-07-08,sh.600730,13.6500,14.1200,13.2700,13.6400,13.6800,1474273,20266392.0000,3,3.365920,1,-0.292397,-54.495569,12.807408,-48.740649,9.906479,0
1999-07-09,sh.600730,13.5800,14.8800,13.5800,14.4000,13.6400,1627308,23321760.0000,3,3.715315,1,5.571842,-57.531979,13.521017,-51.456404,10.458453,0
1999-07-12,sh.600730,14.3000,15.4000,13.9000,14.2900,14.4000,2711274,39833937.0000,3,6.190123,1,-0.763887,-57.092499,13.417731,-51.063334,10.378562,0
1999-07-13,sh.600730,14.0000,14.4600,13.5500,13.5500,14.2900,2360800,32951997.0000,3,5.389954,1,-5.178445,-54.135994,12.722901,-48.419047,9.841114,0
1999-07-14,sh.600730,13.4500,14.0500,13.1700,13.2000,13.5500,1803470,24477620.0000,3,4.117511,1,-2.583029,-52.737648,12.394266,-47.168370,9.586915,0
1999-07-15,sh.600730,13.2000,14.5200,12.9800,14.5200,13.2000,8833254,124730409.0000,3,16.185653,1,10.000010,-58.011412,13.633692,-51.885207,10.545607,0
1999-07-16,sh.600730,14.4900,14.4900,14.0000,14.1600,14.5200,2354170,33478130.0000,3,4.313674,1,-2.479343,-56.573113,13.295667,-50.598797,10.284145,0
1999-07-19,sh.600730,14.2000,14.7000,14.0800,14.3800,14.1600,2445377,35301401.0000,3,4.480798,1,1.553674,-57.452074,13.502238,-51.384937,10.443927,0
1999-07-20,sh.600730,14.4500,15.2500,14.2300,15.1500,14.3800,2742355,40712476.0000,3,5.024967,1,5.354656,-60.528436,14.225237,-54.136425,11.003164,0
1999-07-21,sh.600730,15.2000,15.2300,14.6100,14.9800,15.1500,2303452,34442356.0000,3,4.220741,1,-1.122113,-59.849239,14.065614,-53.528953,10.879696,0
1999-07-22,sh.600730,14.9600,14.9800,14.6000,14.7000,14.9800,1307186,19230911.0000,3,2.395228,1,-1.869157,-58.730562,13.802705,-52.528412,10.676337,0
1999-07-23,sh.600730,14.6800,15.4000,14.6800,14.9000,14.7000,1734756,26114172.0000,3,3.178688,1,1.360543,-59.529617,13.990497,-53.243085,10.821593,0
1999-07-26,sh.600730,14.8800,15.4200,14.8800,15.2900,14.9000,1816428,27726603.0000,3,3.328340,1,2.617452,-61.087775,14.356691,-54.636695,11.104843,0
1999-07-27,sh.600730,15.4000,16.0500,15.3800,15.9000,15.2900,3443167,54336414.0000,3,6.309103,1,3.989533,-63.524894,14.929456,-56.816446,11.547875,0
1999-07-28,sh.600730,15.9800,16.0500,15.6600,15.9000,15.9000,2612701,41404118.0000,3,4.787395,1,0.000000,-63.524894,14.929456,-56.816446,11.547875,0
1999-07-29,sh.600730,16.2800,16.3000,15.0500,15.2200,15.9000,2967216,46069229.0000,3,5.436992,1,-4.276726,-60.808106,14.290964,-54.386560,11.054004,0
1999-07-30,sh.600730,15.2500,15.4500,14.9500,15.3800,15.2200,1693029,25729514.0000,3,3.102229,1,1.051247,-61.447350,14.441197,-54.958298,11.170209,0
1999-08-02,sh.600730,15.4000,15.7600,15.4000,15.6000,15.3800,1242175,19386201.0000,3,2.276105,1,1.430431,-73.966143,14.136683,-55.744438,11.550242,0
1999-08-03,sh.600730,15.7800,15.8000,15.4000,15.5500,15.6000,1080189,16786890.0000,3,1.979289,1,-0.320514,-73.729072,14.091373,-55.565769,11.513222,0
1999-08-04,sh.600730,15.6000,15.9100,15.2100,15.2100,15.5500,1874582,29294230.0000,3,3.434899,1,-2.186496,-72.116989,13.783266,-54.350827,11.261486,0
1999-08-05,sh.600730,15.2900,15.6200,14.5100,14.5800,15.2100,1499370,22761457.0000,3,2.747377,1,-4.142013,-69.129895,13.212362,-52.099609,10.795034,0
1999-08-06,sh.600730,14.9200,16.0400,14.9100,15.9300,14.5800,3364811,52264212.0000,3,6.165527,1,9.259262,-75.530811,14.435728,-56.923647,11.794574,0
1999-08-09,sh.600730,16.2000,17.1800,16.0000,16.6800,15.9300,2748815,46072137.0000,3,5.036804,1,4.708098,-79.086875,15.115377,-59.603668,12.349874,0
1999-08-10,sh.600730,16.7000,16.7500,16.0700,16.3400,16.6800,1218200,19905814.0000,3,2.232174,1,-2.038370,-77.474793,14.807269,-58.388725,12.098138,0
1999-08-11,sh.600730,16.2000,16.5000,16.2000,16.4000,16.3400,801238,13059404.0000,3,1.468152,1,0.367194,-77.759278,14.861641,-58.603127,12.142562,0
1999-08-12,sh.600730,16.5000,16.8000,16.2900,16.4500,16.4000,550456,9058402.0000,3,1.008631,1,0.304885,-77.996349,14.906951,-58.781795,12.179582,0
1999-08-13,sh.600730,16.5000,16.8000,16.4900,16.6900,16.4500,704442,11701860.0000,3,1.290788,1,1.458965,-79.134290,15.124439,-59.639401,12.357278,0
1999-08-16,sh.600730,16.9000,17.0000,16.4300,16.4800,16.6900,469940,7777007.0000,3,0.861097,1,-1.258244,-78.138592,14.934137,-58.888996,12.201794,0
1999-08-17,sh.600730,16.5000,17.6200,16.5000,17.6000,16.4800,4010949,69130975.0000,3,7.349481,1,6.796122,-83.448981,15.949079,-62.891160,13.031043,0
1999-08-18,sh.600730,17.6000,17.8800,17.2200,17.5800,17.6000,1999356,35204120.0000,3,3.663529,1,-0.113639,-83.354153,15.930955,-62.819693,13.016235,0
1999-08-19,sh.600730,17.4800,19.3400,17.4800,19.3400,17.5800,8903294,165236449.0000,3,16.313992,1,10.011380,-91.699051,17.525862,-69.108809,14.319339,0
1999-08-20,sh.600730,19.2000,21.2700,18.8000,21.2700,19.3400,10808201,218959344.0000,3,19.804457,1,9.979319,-100.849990,19.274824,-76.005397,15.748311,0
1999-08-23,sh.600730,21.0000,22.3000,19.5100,20.9000,21.2700,14125362,298292802.0000,3,25.882672,1,-1.739543,-99.095665,18.939531,-74.683253,15.474363,0
1999-08-24,sh.600730,21.1000,22.0000,19.9600,20.7100,20.9000,11387171,236885761.0000,3,20.865335,1,-0.909093,-98.194796,18.767353,-74.004314,15.333687,0
1999-08-25,sh.600730,20.7100,20.7100,19.6000,20.2000,20.7100,1947246,38985470.0000,3,3.568045,1,-2.462571,-95.776672,18.305192,-72.181900,14.956083,0
1999-08-26,sh.600730,19.6100,20.4200,19.0000,19.9500,20.2000,1783940,35740625.0000,3,3.268811,1,-1.237624,-94.591317,18.078643,-71.288560,14.770983,0
1999-08-27,sh.600730,19.8800,20.3000,19.5500,20.2000,19.9500,1205365,24159032.0000,3,2.208656,1,1.253133,-95.776672,18.305192,-72.181900,14.956083,0
1999-08-30,sh.600730,20.1000,20.5300,19.8100,20.4300,20.2000,1750356,35301816.0000,3,3.207273,1,1.138612,-96.867198,18.513618,-73.003773,15.126375,0
1999-08-31,sh.600730,20.3500,20.4800,20.3000,20.3400,20.4300,794179,16187874.0000,3,1.455218,1,-0.440529,-96.440470,18.432060,-72.682170,15.059739,0
1999-09-01,sh.600730,20.4500,20.4500,19.9900,20.1000,20.3400,690888,13932050.0000,3,1.265952,1,-1.179940,-95.302530,18.214573,-71.824564,14.882043,0
1999-09-02,sh.600730,20.1000,20.4900,19.5100,20.4900,20.1000,1104106,22021432.0000,3,2.023114,1,1.940295,-97.151683,18.567990,-73.218175,15.170799,0
1999-09-03,sh.600730,20.4400,21.4200,19.8000,21.0000,20.4900,3302979,68763043.0000,3,6.052229,1,2.489020,-99.569807,19.030151,-75.040589,15.548403,0
1999-09-06,sh.600730,20.5000,21.6400,20.3200,21.6400,21.0000,3303522,70383968.0000,3,6.053224,1,3.047616,-102.604316,19.610117,-77.327540,16.022259,0
1999-09-07,sh.600730,21.5800,22.0000,20.9900,21.5500,21.6400,2115975,45670982.0000,3,3.877216,1,-0.415897,-102.177588,19.528559,-77.005938,15.955623,0
1999-09-08,sh.600730,21.5500,21.6000,20.9100,21.4600,21.5500,795752,16923146.0000,3,1.458100,1,-0.417634,-101.750860,19.447001,-76.684335,15.888987,0
1999-09-09,sh.600730,21.4600,22.9100,21.1900,22.9000,21.4600,7023339,156231015.0000,3,12.869247,1,6.710161,-108.578504,20.751926,-81.829976,16.955163,0
1999-09-10,sh.600730,22.7000,23.5300,21.3000,22.3800,22.9000,6415980,142729016.0000,3,11.756350,1,-2.270744,-106.112966,20.280703,-79.971828,16.570155,0
1999-09-13,sh.600730,22.1800,22.3600,21.4000,22.0900,22.3800,2233784,49073589.0000,3,4.093084,1,-1.295795,-104.737954,20.017906,-78.935553,16.355439,0
1999-09-14,sh.600730,21.9000,21.9000,21.4500,21.6000,22.0900,1040184,22479053.0000,3,1.905986,1,-2.218197,-102.414659,19.573869,-77.184606,15.992643,0
1999-09-15,sh.600730,21.6000,22.0200,21.0000,21.9900,21.6000,2011663,43783625.0000,3,3.686080,1,1.805553,-104.263812,19.927286,-78.578217,16.281399,0
1999-09-16,sh.600730,21.8200,21.9000,21.1800,21.8200,21.9900,828060,17812124.0000,3,1.517300,1,-0.773079,-103.457771,19.773233,-77.970745,16.155531,0
1999-09-17,sh.600730,21.6000,21.6500,21.1100,21.1500,21.8200,604638,12945465.0000,3,1.107911,1,-3.070578,-100.281020,19.166080,-75.576593,15.659463,0
1999-09-20,sh.600730,21.1500,21.7500,21.1500,21.6500,21.1500,645806,13874589.0000,3,1.183346,1,2.364066,-102.651730,19.619179,-77.363274,16.029663,0
1999-09-21,sh.600730,21.6500,21.9700,21.2100,21.5500,21.6500,915335,19808847.0000,3,1.677218,1,-0.461896,-102.177588,19.528559,-77.005938,15.955623,0
1999-09-22,sh.600730,21.5000,21.6000,21.0000,21.4800,21.5500,657030,14009208.0000,3,1.203912,1,-0.324825,-101.845689,19.465125,-76.755802,15.903795,0
1999-09-23,sh.600730,21.3900,21.3900,19.3300,19.8000,21.4800,3947266,78348057.0000,3,7.232791,1,-7.821230,-93.880104,17.942713,-70.752555,14.659923,0
1999-09-24,sh.600730,19.7000,19.7000,17.8200,18.3000,19.8000,6261698,113498458.0000,3,11.473651,1,-7.575758,-86.767975,16.583417,-65.392513,13.549323,0
1999-09-27,sh.600730,17.2800,17.7900,17.0600,17.5000,18.3000,2530504,43877269.0000,3,4.636781,1,-4.371581,-82.974839,15.858459,-62.533824,12.957003,0
1999-09-28,sh.600730,17.5000,18.9900,17.0900,17.3600,17.5000,1760054,31583683.0000,3,3.225043,1,-0.799996,-82.311041,15.731591,-62.033554,12.853347,0
1999-09-29,sh.600730,17.4200,17.5100,16.0500,16.2000,17.3600,3484290,57898032.0000,3,6.384455,1,-6.682026,-76.810994,14.680402,-57.888454,11.994482,0
1999-09-30,sh.600730,15.2100,16.3000,15.2100,15.6000,16.2000,2797335,44107656.0000,3,5.125710,1,-3.703706,-73.966143,14.136683,-55.744438,11.550242,0
1999-10-08,sh.600730,15.6000,16.0600,14.8500,15.2900,15.6000,2349386,35747218.0000,3,4.304908,1,-1.987182,-72.496302,13.855762,-54.636695,11.320718,0
1999-10-11,sh.600730,16.4500,16.4500,15.0000,15.2800,15.2900,1396655,21560388.0000,3,2.559167,1,-0.065404,-72.448888,13.846700,-54.600962,11.313314,0
1999-10-12,sh.600730,16.1000,16.1000,15.0200,15.6300,15.2800,1889986,29183712.0000,3,3.463125,1,2.290578,-74.108385,14.163869,-55.851638,11.572454,0
1999-10-13,sh.600730,15.6800,15.7000,15.1000,15.1000,15.6300,612739,9411508.0000,3,1.122755,1,-3.390913,-71.595433,13.683584,-53.957757,11.180042,0
1999-10-14,sh.600730,15.0000,15.5200,14.9100,15.2200,15.1000,334595,5093985.0000,3,0.613097,1,0.794701,-72.164403,13.792328,-54.386560,11.268890,0
1999-10-15,sh.600730,15.4500,15.7600,15.2900,15.5000,15.2200,722684,11213368.0000,3,1.324213,1,1.839683,-73.492001,14.046063,-55.387101,11.476202,0
1999-10-18,sh.600730,15.5500,15.5500,14.9200,14.9400,15.5000,555691,8397731.0000,3,1.018223,1,-3.612906,-70.836806,13.538593,-53.386019,11.061578,0
1999-10-19,sh.600730,14.8500,14.8800,14.1000,14.1500,14.9400,778654,11161273.0000,3,1.426770,1,-5.287818,-67.091084,12.822697,-50.563064,10.476662,0
1999-10-20,sh.600730,14.1300,14.7400,14.1000,14.4800,14.1500,509598,7326516.0000,3,0.933764,1,2.332155,-68.655753,13.121742,-51.742273,10.720994,0
1999-10-21,sh.600730,14.4800,14.4800,14.0300,14.1400,14.4800,403833,5711111.0000,3,0.739965,1,-2.348061,-67.043670,12.813635,-50.527330,10.469258,0
1999-10-22,sh.600730,14.2100,15.1900,14.2000,14.7500,14.1400,809760,11996148.0000,3,1.483767,1,4.314000,-69.935936,13.366415,-52.707080,10.920902,0
1999-10-25,sh.600730,14.8500,14.8500,14.4000,14.4200,14.7500,278260,4027135.0000,3,0.509871,1,-2.237288,-68.371268,13.067370,-51.527871,10.676570,0
1999-10-26,sh.600730,14.4000,14.9400,14.3000,14.6800,14.4200,224380,3291902.0000,3,0.411144,1,1.803053,-69.604037,13.302981,-52.456945,10.869074,0
1999-10-27,sh.600730,15.0800,15.7900,14.7800,15.7000,14.6800,1294521,19875449.0000,3,2.372021,1,6.948225,-74.440284,14.227303,-56.101774,11.624282,0
1999-10-28,sh.600730,15.7000,15.7000,15.0100,15.1800,15.7000,691174,10598760.0000,3,1.266476,1,-3.312099,-71.974746,13.756080,-54.243626,11.239274,0
1999-10-29,sh.600730,15.0000,15.3000,14.8500,15.2500,15.1800,742782,11141151.0000,3,1.361040,1,0.461131,-72.306646,13.819514,-54.493761,11.291102,0
1999-11-01,sh.600730,15.2400,15.2400,14.7100,14.7900,15.2500,438274,6547982.0000,3,0.803073,1,-3.016394,-70.125593,13.402663,-52.850015,10.950518,0
1999-11-02,sh.600730,14.7900,15.0000,14.7800,14.9300,14.7900,174640,2597314.0000,3,0.320002,1,0.946588,-70.789392,13.529531,-53.350285,11.054174,0
1999-11-03,sh.600730,15.0000,15.1500,14.6200,14.8000,14.9300,169693,2519660.0000,3,0.310938,1,-0.870731,-70.173007,13.411725,-52.885748,10.957922,0
1999-11-04,sh.600730,14.8000,14.8000,14.3000,14.4000,14.8000,344076,4984774.0000,3,0.630469,1,-2.702707,-68.276439,13.049246,-51.456404,10.661762,0
1999-11-05,sh.600730,14.4000,14.6500,14.2000,14.2800,14.4000,230130,3306629.0000,3,0.421680,1,-0.833333,-67.707469,12.940502,-51.027600,10.572914,0
1999-11-08,sh.600730,14.2000,14.5800,14.0000,14.5400,14.2800,673240,9625303.0000,3,1.233614,1,1.820730,-68.940238,13.176114,-51.956674,10.765418,0
1999-11-09,sh.600730,14.7500,14.7800,14.2800,14.3000,14.5400,177260,2551736.0000,3,0.324803,1,-1.650617,-67.802297,12.958626,-51.099068,10.587722,0
1999-11-10,sh.600730,14.3000,14.4000,14.0000,14.1400,14.3000,285062,4024713.0000,3,0.522335,1,-1.118880,-67.043670,12.813635,-50.527330,10.469258,0
1999-11-11,sh.600730,14.1000,14.2000,14.0000,14.1800,14.1400,212352,2993261.0000,3,0.389104,1,0.282885,-67.233327,12.849883,-50.670264,10.498874,0
1999-11-12,sh.600730,14.1600,14.2500,14.0100,14.1800,14.1800,168330,2378988.0000,3,0.308440,1,0.000000,-67.233327,12.849883,-50.670264,10.498874,0
1999-11-15,sh.600730,14.1800,14.1800,14.0000,14.0400,14.1800,151737,2132228.0000,3,0.278036,1,-0.987309,-66.569528,12.723015,-50.169994,10.395218,0
1999-11-16,sh.600730,14.0100,14.3500,13.7000,13.7800,14.0400,276465,3837032.0000,3,0.506582,1,-1.851853,-65.336759,12.487404,-49.240920,10.202714,0
1999-11-17,sh.600730,13.6800,13.8500,13.2000,13.7000,13.7800,348302,4701769.0000,3,0.638213,1,-0.580551,-64.957446,12.414908,-48.955051,10.143482,0
1999-11-18,sh.600730,13.7000,14.3500,13.6000,14.0000,13.7000,445810,6270743.0000,3,0.816882,1,2.189782,-66.379871,12.686767,-50.027059,10.365602,0
1999-11-19,sh.600730,14.1500,14.7800,14.1500,14.3000,14.0000,666465,9678469.0000,3,1.221200,1,2.142859,-67.802297,12.958626,-51.099068,10.587722,0
1999-11-22,sh.600730,14.5000,14.7000,14.1600,14.6300,14.3000,1115564,16055528.0000,3,2.044109,1,2.307692,-69.366966,13.257672,-52.278277,10.832054,0
1999-11-23,sh.600730,14.7300,14.7300,14.4500,14.4600,14.6300,278745,4063132.0000,3,0.510760,1,-1.161996,-68.560924,13.103618,-51.670806,10.706186,0
1999-11-24,sh.600730,14.4800,14.6000,14.3000,14.3000,14.4600,107300,1546837.0000,3,0.196612,1,-1.106500,-67.802297,12.958626,-51.099068,10.587722,0
1999-11-25,sh.600730,14.3600,14.3600,14.0500,14.0500,14.3000,99200,1400078.0000,3,0.181770,1,-1.748252,-66.616942,12.732077,-50.205727,10.402622,0
1999-11-26,sh.600730,14.1600,14.2000,13.9800,14.0900,14.0500,122149,1719742.0000,3,0.223820,1,0.284697,-66.806599,12.768325,-50.348662,10.432238,0
1999-11-29,sh.600730,14.1100,14.4200,14.0800,14.0800,14.0900,102000,1440985.0000,3,0.186900,1,-0.070974,-66.759185,12.759263,-50.312928,10.424834,0
1999-11-30,sh.600730,14.1300,14.2500,14.0000,14.0000,14.0800,86150,1209210.0000,3,0.157857,1,-0.568181,-66.379871,12.686767,-50.027059,10.365602,0
1999-12-01,sh.600730,14.0100,14.2500,14.0100,14.1100,14.0000,87958,1243817.0000,3,0.161170,1,0.785712,-66.901428,12.786449,-50.420129,10.447046,0
1999-12-02,sh.600730,14.1100,14.1500,14.0000,14.0000,14.1100,116300,1637978.0000,3,0.213103,1,-0.779586,-66.379871,12.686767,-50.027059,10.365602,0
1999-12-03,sh.600730,14.0200,14.1000,13.8000,14.0600,14.0000,130563,1818472.0000,3,0.239238,1,0.428574,-66.664357,12.741139,-50.241461,10.410026,0
1999-12-06,sh.600730,14.0100,14.0400,13.6100,13.8200,14.0600,170769,2352721.0000,3,0.312909,1,-1.706975,-65.526416,12.523651,-49.383854,10.232330,0
1999-12-07,sh.600730,14.0200,14.1400,13.6800,13.9300,13.8200,235720,3266092.0000,3,0.431923,1,0.795952,-66.047972,12.623333,-49.776924,10.313774,0
1999-12-08,sh.600730,14.4800,14.4800,13.7700,13.8000,13.9300,111800,1557041.0000,3,0.204857,1,-0.933238,-65.431588,12.505527,-49.312387,10.217522,0
1999-12-09,sh.600730,13.8000,13.8300,13.6100,13.6600,13.8000,112770,1542136.0000,3,0.206635,1,-1.014495,-64.767789,12.378660,-48.812116,10.113866,0
1999-12-10,sh.600730,13.6300,14.1000,13.5800,14.1000,13.6600,209203,2913055.0000,3,0.383334,1,3.221087,-66.854013,12.777387,-50.384395,10.439642,0
1999-12-13,sh.600730,14.1000,14.1000,13.6800,13.7000,14.1000,199600,2784038.0000,3,0.365738,1,-2.836884,-64.957446,12.414908,-48.955051,10.143482,0
1999-12-14,sh.600730,13.7000,13.9000,13.6200,13.7000,13.7000,136020,1866274.0000,3,0.249237,1,0.000000,-64.957446,12.414908,-48.955051,10.143482,0
1999-12-15,sh.600730,13.7000,14.7000,13.7000,14.5000,13.7000,946362,13729600.0000,3,1.734071,1,5.839417,-68.750581,13.139866,-51.813740,10.735802,0
1999-12-16,sh.600730,14.5000,14.9200,14.4100,14.6900,14.5000,669298,9806721.0000,3,1.226391,1,1.310342,-69.651451,13.312043,-52.492679,10.876478,0
1999-12-17,sh.600730,14.6400,14.8000,14.2000,14.2000,14.6900,264500,3803386.0000,3,0.484658,1,-3.335601,-67.328155,12.868007,-50.741732,10.513682,0
1999-12-21,sh.600730,14.0000,14.1200,13.8100,13.9600,14.2000,225900,3153968.0000,3,0.413929,1,-1.690139,-66.190215,12.650519,-49.884125,10.335986,0
1999-12-22,sh.600730,13.9000,14.2000,13.8600,14.1000,13.9600,190460,2672339.0000,3,0.348990,1,1.002868,-66.854013,12.777387,-50.384395,10.439642,0
1999-12-23,sh.600730,14.1000,14.1800,13.8300,13.9500,14.1000,86197,1201240.0000,3,0.157943,1,-1.063834,-66.142801,12.641457,-49.848391,10.328582,0
1999-12-24,sh.600730,13.9500,14.1500,13.8800,13.9500,13.9500,114511,1595478.0000,3,0.209825,1,0.000000,-66.142801,12.641457,-49.848391,10.328582,0
1999-12-27,sh.600730,14.0000,14.3500,13.8200,14.1900,13.9500,158650,2241516.0000,3,0.290703,1,1.720428,-67.280741,12.858945,-50.705998,10.506278,0
1999-12-28,sh.600730,14.2800,14.3600,13.9500,13.9800,14.1900,119445,1691454.0000,3,0.218866,1,-1.479916,-66.285043,12.668643,-49.955592,10.350794,0
1999-12-29,sh.600730,13.9000,15.2800,13.7300,15.2800,13.9800,264070,3705163.0000,3,0.483870,1,9.299001,-72.448888,13.846700,-54.600962,11.313314,0
1999-12-30,sh.600730,14.4300,14.7800,14.2800,14.6600,15.2800,744855,10893603.0000,3,1.364838,1,-4.057591,-69.509208,13.284857,-52.385478,10.854266,0
2000-01-04,sh.600730,14.5000,15.1300,14.3600,14.9600,14.6600,934395,13959713.0000,3,1.712143,1,2.046386,-70.931634,13.556717,-53.457486,11.076386,0
2000-01-05,sh.600730,14.9600,15.8000,14.8600,15.1100,14.9600,1492121,22906662.0000,3,2.734095,1,1.002671,-71.642847,13.692646,-53.993490,11.187446,0
2000-01-06,sh.600730,15.0500,15.7100,14.9000,15.5800,15.1100,1534628,23591969.0000,3,2.811983,1,3.110525,-73.871314,14.118559,-55.672970,11.535434,0
2000-01-07,sh.600730,15.6800,16.2000,15.6400,15.9000,15.5800,3228227,51357510.0000,3,5.915257,1,2.053913,-75.388568,14.408543,-56.816446,11.772362,0
2000-01-10,sh.600730,16.1000,16.6600,15.7800,16.5900,15.9000,4058404,66134760.0000,3,7.436435,1,4.339626,-78.660148,15.033819,-59.282065,12.283238,0
2000-01-11,sh.600730,16.5000,16.5000,15.0300,15.5000,16.5900,1581126,25244773.0000,3,2.897183,1,-6.570224,-73.492001,14.046063,-55.387101,11.476202,0
2000-01-12,sh.600730,15.3000,15.6000,14.7200,14.8000,15.5000,945256,14209507.0000,3,1.732044,1,-4.516128,-70.173007,13.411725,-52.885748,10.957922,0
2000-01-13,sh.600730,14.7500,15.0000,14.5100,14.7000,14.8000,438832,6455263.0000,3,0.804096,1,-0.675678,-69.698865,13.321105,-52.528412,10.883882,0
2000-01-14,sh.600730,14.6000,14.9800,14.0000,14.1000,14.7000,776067,11027665.0000,3,1.422030,1,-4.081629,-66.854013,12.777387,-50.384395,10.439642,0
2000-01-17,sh.600730,14.0000,14.2600,13.7000,14.2000,14.1000,938337,13019539.0000,3,1.719366,1,0.709216,-67.328155,12.868007,-50.741732,10.513682,0
2000-01-18,sh.600730,14.1800,14.1800,13.7800,13.8000,14.2000,729748,10140032.0000,3,1.337157,1,-2.816899,-65.431588,12.505527,-49.312387,10.217522,0
2000-01-19,sh.600730,13.8100,14.2900,13.8000,14.0000,13.8000,612641,8560338.0000,3,1.122576,1,1.449274,-66.379871,12.686767,-50.027059,10.365602,0
2000-01-20,sh.600730,14.0000,14.2000,13.8000,14.0300,14.0000,924403,12958415.0000,3,1.693834,1,0.214284,-66.522114,12.713953,-50.134260,10.387814,0
2000-01-21,sh.600730,14.1000,15.3800,14.1000,14.9000,14.0300,3202410,47720980.0000,3,5.867951,1,6.200997,-70.647149,13.502345,-53.243085,11.031962,0
2000-01-24,sh.600730,14.9000,15.1800,14.5300,14.6900,14.9000,1911426,28273246.0000,3,3.502410,1,-1.409396,-69.651451,13.312043,-52.492679,10.876478,0
2000-01-25,sh.600730,14.9000,15.0000,14.0000,14.1500,14.6900,1624928,23271008.0000,3,2.977444,1,-3.675970,-67.091084,12.822697,-50.563064,10.476662,0
2000-01-26,sh.600730,14.3300,14.3300,13.9000,14.0900,14.1500,1066414,14956813.0000,3,1.954049,1,-0.424025,-66.806599,12.768325,-50.348662,10.432238,0
2000-01-27,sh.600730,14.5000,15.1500,14.2500,14.9000,14.0900,2406259,35690090.0000,3,4.409120,1,5.748754,-70.647149,13.502345,-53.243085,11.031962,0
2000-01-28,sh.600730,15.0000,15.8900,15.0000,15.4100,14.9000,4092832,63286125.0000,3,7.499519,1,3.422821,-73.065273,13.964506,-55.065499,11.409566,0
2000-02-14,sh.600730,16.0000,16.9500,16.0000,16.9500,15.4100,2979763,49628215.0000,3,5.459982,1,9.993517,-80.367059,15.360050,-60.568475,12.549783,0
2000-02-15,sh.600730,17.9500,18.6500,17.0000,17.6500,16.9500,7543175,138796452.0000,3,13.821771,1,4.129786,-83.686052,15.994388,-63.069828,13.068063,0
2000-02-16,sh.600730,17.8000,18.8500,17.7800,18.5000,17.6500,4697210,85619086.0000,3,8.606954,1,4.815866,-87.716259,16.764656,-66.107186,13.697403,0
2000-02-17,sh.600730,18.7700,20.0000,16.6500,16.6500,18.5000,4649276,83694733.0000,3,8.519122,1,-10.000000,-78.944633,15.088191,-59.496467,12.327662,0
2000-02-18,sh.600730,16.4000,17.0000,15.2000,16.9700,16.6500,2128419,34194594.0000,3,3.900018,1,1.921920,-80.461887,15.378174,-60.639943,12.564591,0
2000-02-21,sh.600730,17.0000,17.1800,15.8800,16.0000,16.9700,2177800,35613811.0000,3,3.990502,1,-5.715965,-75.862710,14.499162,-57.173782,11.846402,0
2000-02-22,sh.600730,16.0000,16.5000,15.5100,15.7600,16.0000,972318,15669423.0000,3,1.781631,1,-1.499999,-74.724770,14.281675,-56.316175,11.668706,0
2000-02-23,sh.600730,15.7100,16.1000,15.6000,15.8500,15.7600,1049073,16697138.0000,3,1.922274,1,0.571067,-75.151497,14.363233,-56.637778,11.735342,0
2000-02-24,sh.600730,16.3000,16.8100,16.1000,16.7400,15.8500,1344420,22254796.0000,3,2.463454,1,5.615138,-79.371361,15.169749,-59.818069,12.394298,0
2000-02-25,sh.600730,16.9000,16.9500,16.3000,16.3000,16.7400,1127399,18758703.0000,3,2.065795,1,-2.628438,-77.285136,14.771022,-58.245790,12.068522,0
2000-02-28,sh.600730,16.3500,16.8900,16.0200,16.8000,16.3000,1737212,28899278.0000,3,3.183188,1,3.067485,-79.655846,15.224120,-60.032471,12.438722,0
2000-02-29,sh.600730,17.0000,17.9000,16.8000,17.2900,16.8000,3637876,63349117.0000,3,6.665879,1,2.916677,-81.979141,15.668157,-61.783418,12.801519,0
2000-03-01,sh.600730,17.5000,17.5500,16.4600,16.6000,17.2900,1781641,29868520.0000,3,3.264598,1,-3.990749,-78.707562,15.042881,-59.317799,12.290642,0
2000-03-02,sh.600730,16.7000,17.1400,16.3500,16.8200,16.6000,1011725,16843240.0000,3,1.853839,1,1.325297,-79.750674,15.242244,-60.103938,12.453530,0
2000-03-03,sh.600730,17.0000,17.0400,16.5200,16.7400,16.8200,1079220,18066902.0000,3,1.977514,1,-0.475624,-79.371361,15.169749,-59.818069,12.394298,0
2000-03-06,sh.600730,16.9300,16.9300,15.4500,15.5200,16.7400,1276957,20689439.0000,3,2.339838,1,-7.287929,-73.586829,14.064187,-55.458569,11.491010,0
2000-03-07,sh.600730,15.5200,16.0400,15.4500,15.7900,15.5200,1121200,17598421.0000,3,2.054436,1,1.739687,-74.867012,14.308861,-56.423376,11.690918,0
2000-03-08,sh.600730,15.9000,16.3800,15.5000,16.2000,15.7900,956633,15213869.0000,3,1.752891,1,2.596585,-76.810994,14.680402,-57.888454,11.994482,0
2000-03-09,sh.600730,16.2100,16.3700,15.8000,15.8700,16.2000,623078,9911402.0000,3,1.141700,1,-2.037042,-75.246326,14.381357,-56.709245,11.750150,0
2000-03-10,sh.600730,15.9500,16.3500,15.5100,15.7700,15.8700,591150,9368268.0000,3,1.083196,1,-0.630116,-74.772184,14.290737,-56.351909,11.676110,0
2000-03-13,sh.600730,15.8700,15.9000,15.5800,15.7800,15.7700,556855,8743216.0000,3,1.020356,1,0.063407,-74.819598,14.299799,-56.387643,11.683514,0
2000-03-14,sh.600730,15.5000,15.8700,15.0000,15.3500,15.7800,806590,12333427.0000,3,1.477959,1,-2.724964,-72.780788,13.910134,-54.851097,11.365142,0
2000-03-15,sh.600730,15.4000,15.9400,15.3500,15.4000,15.3500,732000,11392968.0000,3,1.341284,1,0.325728,-73.017859,13.955444,-55.029765,11.402162,0
2000-03-16,sh.600730,15.3800,15.4000,14.4300,14.6500,15.4000,774745,11513037.0000,3,1.419608,1,-4.870130,-69.461794,13.275795,-52.349744,10.846862,0
2000-03-17,sh.600730,14.8500,15.0800,14.6500,14.9200,14.6500,1005524,14866018.0000,3,1.842477,1,1.843006,-70.741977,13.520469,-53.314552,11.046770,0
2000-03-20,sh.600730,14.7200,15.1400,14.7200,14.9500,14.9200,956600,14336147.0000,3,1.752830,1,0.201071,-70.884220,13.547655,-53.421753,11.068982,0
2000-03-21,sh.600730,15.0500,15.9800,15.0500,15.8000,14.9500,1567823,24680983.0000,3,2.872808,1,5.685621,-74.914426,14.317923,-56.459110,11.698322,0
2000-03-22,sh.600730,16.0000,16.3800,15.6000,15.8000,15.8000,1314482,21064214.0000,3,2.408597,1,0.000000,-74.914426,14.317923,-56.459110,11.698322,0
2000-03-23,sh.600730,15.8000,16.0800,15.5300,15.9300,15.8000,884799,13993358.0000,3,1.621266,1,0.822785,-75.530811,14.435728,-56.923647,11.794574,0
2000-03-24,sh.600730,16.0000,16.7900,16.0000,16.2000,15.9300,1963591,32251191.0000,3,3.597995,1,1.694918,-76.810994,14.680402,-57.888454,11.994482,0
2000-03-27,sh.600730,16.2200,16.9700,16.2200,16.6600,16.2000,1477500,24714593.0000,3,2.707304,1,2.839500,-78.992047,15.097253,-59.532201,12.335066,0
2000-03-28,sh.600730,16.9700,16.9700,16.3200,16.5200,16.6600,950534,15717301.0000,3,1.741715,1,-0.840332,-78.328248,14.970385,-59.031930,12.231410,0
2000-03-29,sh.600730,16.6000,16.8000,15.9900,16.2000,16.5200,903880,14774805.0000,3,1.656229,1,-1.937044,-76.810994,14.680402,-57.888454,11.994482,0
2000-03-30,sh.600730,16.5000,16.6600,16.2500,16.4000,16.2000,726569,11921632.0000,3,1.331332,1,1.234561,-77.759278,14.861641,-58.603127,12.142562,0
2000-03-31,sh.600730,16.4000,16.4900,16.0300,16.1900,16.4000,592053,9632331.0000,3,1.084851,1,-1.280482,-76.763580,14.671340,-57.852721,11.987078,0
2000-04-03,sh.600730,16.1600,16.2800,15.8000,15.9600,16.1900,731975,11751723.0000,3,1.341238,1,-1.420633,-75.673053,14.462914,-57.030848,11.816786,0
2000-04-04,sh.600730,15.7700,15.9000,15.4900,15.4900,15.9600,858100,13390702.0000,3,1.572343,1,-2.944864,-73.444586,14.037001,-55.351368,11.468798,0
2000-04-05,sh.600730,15.5000,15.8700,15.4900,15.6000,15.4900,485200,7588571.0000,3,0.889058,1,0.710140,-73.966143,14.136683,-55.744438,11.550242,0
2000-04-06,sh.600730,15.8000,16.3900,15.7200,16.3600,15.6000,1292811,20832293.0000,3,2.368888,1,4.871796,-77.569621,14.825393,-58.460192,12.112946,0
2000-04-07,sh.600730,16.5000,16.6000,16.2200,16.2700,16.3600,636379,10448485.0000,3,1.166072,1,-0.550123,-77.142893,14.743836,-58.138590,12.046310,0
2000-04-10,sh.600730,16.2800,16.5800,16.2800,16.4000,16.2700,758235,12458077.0000,3,1.389355,1,0.799011,-77.759278,14.861641,-58.603127,12.142562,0
2000-04-11,sh.600730,16.4000,16.9000,16.3500,16.8000,16.4000,1469242,24541749.0000,3,2.692172,1,2.439022,-79.655846,15.224120,-60.032471,12.438722,0
2000-04-12,sh.600730,16.8000,16.8000,16.3000,16.3900,16.8000,637167,10530014.0000,3,1.167516,1,-2.440475,-77.711864,14.852579,-58.567393,12.135158,0
2000-04-13,sh.600730,16.3900,16.8500,16.3000,16.8000,16.3900,1142822,18929443.0000,3,2.094055,1,2.501524,-79.655846,15.224120,-60.032471,12.438722,0
2000-04-14,sh.600730,17.5000,18.4800,17.2100,18.4800,16.8000,8784114,161054167.0000,3,16.095612,1,10.000000,-87.621430,16.746532,-66.035718,13.682595,0
2000-04-17,sh.600730,18.9000,20.3300,18.6100,20.2900,18.4800,14583774,285478082.0000,3,26.722645,1,9.794380,855.680167,10.184716,116.251816,14.560956,0
2000-04-18,sh.600730,20.0000,20.1400,19.0000,19.5000,20.2900,5186998,101199228.0000,3,9.504420,1,-3.893548,822.363886,9.788170,111.725501,13.994019,0
2000-04-19,sh.600730,19.5000,21.0000,19.3000,19.5800,19.5000,5132431,103470184.0000,3,9.404433,1,0.410256,825.737687,9.828326,112.183862,14.051430,0
2000-04-20,sh.600730,19.4700,20.0800,19.2000,19.7000,19.5800,2993703,58582077.0000,3,5.485525,1,0.612875,830.798388,9.888561,112.871404,14.137547,0
2000-04-21,sh.600730,20.0000,20.9000,19.5100,19.8000,19.7000,3716014,74835028.0000,3,6.809055,1,0.507606,835.015638,9.938757,113.444355,14.209311,0
2000-04-24,sh.600730,19.5800,19.7800,18.4100,18.5000,19.8000,2854840,53829035.0000,3,5.231079,1,-6.565653,780.191379,9.286212,105.995988,13.276377,0
2000-04-25,sh.600730,18.7000,19.2800,18.4300,18.8200,18.5000,1787361,33574707.0000,3,3.275079,1,1.729728,793.686582,9.446839,107.829433,13.506022,0
2000-04-26,sh.600730,19.0000,19.1900,18.0000,18.2200,18.8200,1119609,20767588.0000,3,2.051521,1,-3.188100,768.383077,9.145664,104.391725,13.075437,0
2000-04-27,sh.600730,18.2200,18.4900,17.5000,17.5000,18.2200,1700338,30283130.0000,3,3.115622,1,-3.951698,738.018872,8.784255,100.266476,12.558735,0
2000-04-28,sh.600730,17.4500,18.2900,17.3100,18.2500,17.5000,1343167,24056292.0000,3,2.461158,1,4.285715,769.648253,9.160723,104.563610,13.096966,0
2000-05-08,sh.600730,18.4500,18.5400,17.6000,17.7500,18.2500,980069,17499287.0000,3,1.795834,1,-2.739726,748.561999,8.909744,101.698854,12.738145,0
2000-05-09,sh.600730,17.7600,18.0000,16.9900,17.0300,17.7500,1062105,18334405.0000,3,1.946153,1,-4.056334,718.197794,8.548335,97.573604,12.221443,0
2000-05-10,sh.600730,17.0400,17.4600,16.9500,17.1100,17.0300,970601,16587850.0000,3,1.778485,1,0.469759,721.571595,8.588491,98.031965,12.278855,0
2000-05-11,sh.600730,17.3000,17.4500,16.9500,16.9500,17.1100,521870,8926413.0000,3,0.956251,1,-0.935125,714.823993,8.508178,97.115243,12.164032,0
2000-05-12,sh.600730,17.1000,17.2700,16.5000,16.5600,16.9500,684560,11492575.0000,3,1.254357,1,-2.300893,698.376716,8.312415,94.880733,11.884151,0
2000-05-16,sh.600730,16.5200,16.7700,16.3000,16.5700,16.5600,346826,5760872.0000,3,0.635508,1,0.060388,698.798441,8.317434,94.938029,11.891328,0
2000-05-17,sh.600730,16.5300,16.9000,16.5200,16.6100,16.5700,569720,9522307.0000,3,1.043929,1,0.241406,700.485341,8.337513,95.167209,11.920034,0
2000-05-18,sh.600730,16.3200,16.8800,16.3200,16.8500,16.6100,598518,9988484.0000,3,1.096697,1,1.444911,710.606743,8.457983,96.542292,12.092268,0
2000-05-19,sh.600730,16.8700,17.4000,16.6000,17.3300,16.8500,959604,16334839.0000,3,1.758335,1,2.848662,730.849546,8.698922,99.292458,12.436736,0
2000-05-22,sh.600730,17.3000,17.8900,17.0000,17.4400,17.3300,1095791,19075442.0000,3,2.007878,1,0.634741,735.488522,8.754137,99.922705,12.515676,0
2000-05-23,sh.600730,17.4500,17.6300,17.0000,17.0900,17.4400,854030,14673893.0000,3,1.564886,1,-2.006883,720.728144,8.578452,97.917375,12.264502,0
2000-05-24,sh.600730,17.1000,17.8800,17.0000,17.5500,17.0900,1170140,20353566.0000,3,2.144111,1,2.691627,740.127498,8.809353,100.552951,12.594617,0
2000-05-25,sh.600730,17.6500,17.8200,17.5500,17.8000,17.5500,1007197,17820639.0000,3,1.845542,1,1.424501,750.670624,8.934842,101.985329,12.774027,0
2000-05-26,sh.600730,17.9500,18.0000,17.4800,17.6700,17.8000,850140,15122507.0000,3,1.557758,1,-0.730332,745.188198,8.869588,101.240493,12.680734,0
2000-05-29,sh.600730,17.5400,17.8500,17.2200,17.3400,17.6700,1115269,19424822.0000,3,2.043568,1,-1.867572,731.271271,8.703942,99.349753,12.443912,0
2000-05-30,sh.600730,17.3500,17.4500,16.8000,16.9000,17.3400,1433209,24488839.0000,3,2.626147,1,-2.537488,712.715368,8.483080,96.828768,12.128150,0
2000-05-31,sh.600730,16.8000,17.2300,16.7900,17.1200,16.9000,793359,13433604.0000,3,1.453715,1,1.301782,721.993320,8.593511,98.089261,12.286031,0
2000-06-01,sh.600730,17.2000,17.3700,16.8700,16.9800,17.1200,730969,12412968.0000,3,1.339394,1,-0.817765,716.089169,8.523237,97.287129,12.185561,0
2000-06-02,sh.600730,17.0000,17.0500,16.7000,16.7000,16.9800,805290,13587829.0000,3,1.475577,1,-1.648992,704.280867,8.382689,95.682865,11.984621,0
2000-06-05,sh.600730,16.7000,17.6900,16.7000,17.2900,16.7000,1354266,23536305.0000,3,2.481496,1,3.532935,729.162646,8.678844,99.063278,12.408030,0
2000-06-06,sh.600730,17.3000,19.0200,17.3000,19.0200,17.2900,3025327,55202636.0000,3,5.543472,1,10.005780,802.121083,9.547230,108.975335,13.649551,0
2000-06-07,sh.600730,19.2000,19.3000,18.3000,18.4600,19.0200,2150296,40126177.0000,3,3.940105,1,-2.944276,778.504479,9.266134,105.766808,13.247671,0
2000-06-08,sh.600730,18.4600,18.4800,17.6800,17.8000,18.4600,1171186,21032595.0000,3,2.146028,1,-3.575297,750.670624,8.934842,101.985329,12.774027,0
2000-06-09,sh.600730,17.8000,18.1800,17.5500,17.6100,17.8000,744049,13232776.0000,3,1.363362,1,-1.067408,742.657848,8.839470,100.896722,12.637676,0
2000-06-12,sh.600730,17.5000,17.7900,17.4000,17.6000,17.6100,509886,8957045.0000,3,0.934292,1,-0.056787,742.236123,8.834451,100.839427,12.630499,0
2000-06-13,sh.600730,17.6200,18.0700,17.5100,17.9900,17.6000,524809,9325237.0000,3,0.961636,1,2.215905,758.683401,9.030214,103.073937,12.910379,0
2000-06-14,sh.600730,18.0000,18.1800,17.6500,17.6900,17.9900,486800,8685475.0000,3,0.891990,1,-1.667589,746.031649,8.879627,101.355083,12.695087,0
2000-06-15,sh.600730,17.7000,17.7100,17.4800,17.6000,17.6900,549390,9632491.0000,3,1.006677,1,-0.508763,742.236123,8.834451,100.839427,12.630499,0
2000-06-16,sh.600730,17.6200,17.8000,17.4000,17.4800,17.6000,474450,8360764.0000,3,0.869361,1,-0.681823,737.175422,8.774216,100.151885,12.544382,0
2000-06-19,sh.600730,17.3000,17.8200,17.2000,17.6000,17.4800,425138,7500230.0000,3,0.779004,1,0.686504,742.236123,8.834451,100.839427,12.630499,0
2000-06-20,sh.600730,17.6300,17.8800,17.4900,17.7800,17.6000,344086,6094412.0000,3,0.630488,1,1.022729,749.827174,8.924803,101.870739,12.759675,0
2000-06-21,sh.600730,17.7500,18.5300,17.7500,18.0600,17.7800,950213,17269664.0000,3,1.741127,1,1.574796,761.635476,9.065351,103.475003,12.960614,0
2000-06-22,sh.600730,18.1100,18.1800,17.7000,17.7600,18.0600,353539,6317531.0000,3,0.647809,1,-1.661125,748.983724,8.914764,101.756149,12.745322,0
2000-06-23,sh.600730,17.7600,18.3000,17.5800,18.0500,17.7600,678680,12189654.0000,3,1.243582,1,1.632877,761.213751,9.060331,103.417708,12.953438,0
2000-06-26,sh.600730,18.3000,18.3500,17.8000,17.8800,18.0500,479105,8616095.0000,3,0.877890,1,-0.941829,754.044425,8.974999,102.443690,12.831439,0
2000-06-27,sh.600730,17.7800,17.8600,17.4100,17.4900,17.8800,817840,14353424.0000,3,1.498573,1,-2.181205,737.597147,8.779235,100.209180,12.551558,0
2000-06-28,sh.600730,17.5100,17.8500,17.3600,17.4500,17.4900,653571,11448048.0000,3,1.197574,1,-0.228696,735.910247,8.759157,99.980000,12.522853,0
2000-06-29,sh.600730,17.5000,17.5500,17.0200,17.2800,17.4500,805368,13881671.0000,3,1.475720,1,-0.974212,728.740921,8.673824,99.005983,12.400854,0
2000-06-30,sh.600730,17.1800,17.2800,17.0500,17.1000,17.2800,623887,10704046.0000,3,1.143182,1,-1.041668,721.149869,8.583472,97.974670,12.271678,0
2000-07-03,sh.600730,17.1000,17.2000,16.6800,16.7800,17.1000,507050,8533272.0000,3,0.929095,1,-1.871343,707.654667,8.422846,96.141226,12.042033,0
2000-07-04,sh.600730,16.6800,17.0000,16.6000,16.8200,16.7800,468986,7870000.0000,3,0.859349,1,0.238373,709.341568,8.442924,96.370407,12.070738,0
2000-07-05,sh.600730,16.8700,17.2000,16.8600,16.9900,16.8200,271950,4623241.0000,3,0.498309,1,1.010702,716.510894,8.528257,97.344424,12.192737,0
2000-07-06,sh.600730,17.1000,17.1000,16.6800,16.7200,16.9900,500867,8405276.0000,3,0.917766,1,-1.589173,705.124317,8.392728,95.797455,11.998974,0
2000-07-07,sh.600730,16.7500,17.2000,16.6400,17.2000,16.7200,949809,15992251.0000,3,1.740387,1,2.870822,725.367120,8.633668,98.547622,12.343442,0
2000-07-10,sh.600730,17.4500,17.4500,16.8000,17.1000,17.2000,1114390,18831282.0000,3,2.041958,1,-0.581398,721.149869,8.583472,97.974670,12.271678,0
2000-07-11,sh.600730,17.1000,17.2000,16.6800,16.8500,17.1000,926050,15600435.0000,3,1.696852,1,-1.461988,710.606743,8.457983,96.542292,12.092268,0
2000-07-12,sh.600730,17.1000,17.1000,16.5800,16.6600,16.8500,1127938,18812924.0000,3,2.066782,1,-1.127600,702.593966,8.362611,95.453685,11.955916,0
2000-07-13,sh.600730,16.6600,17.1400,16.5900,17.0300,16.6600,1403749,23585061.0000,3,2.572166,1,2.220893,718.197794,8.548335,97.573604,12.221443,0
2000-07-14,sh.600730,17.0800,17.2000,16.6600,16.7300,17.0300,674800,11343379.0000,3,1.236473,1,-1.761604,705.546042,8.397748,95.854751,12.006151,0
2000-07-17,sh.600730,16.9300,17.0800,16.6500,16.7800,16.7300,575920,9677052.0000,3,1.055290,1,0.298871,707.654667,8.422846,96.141226,12.042033,0
2000-07-18,sh.600730,16.2000,16.5000,15.3800,15.8400,16.7800,1902505,30057369.0000,3,3.486064,1,-5.601910,668.012511,7.951006,90.755484,11.367449,0
2000-07-19,sh.600730,16.2000,16.6000,16.0100,16.2600,15.8400,935437,15253957.0000,3,1.714052,1,2.651515,685.724964,8.161828,93.161880,11.668859,0
2000-07-20,sh.600730,16.2600,16.2600,16.0600,16.1200,16.2600,448981,7251562.0000,3,0.822692,1,-0.861005,679.820813,8.091554,92.359748,11.568389,0
2000-07-21,sh.600730,16.1200,16.2300,15.8500,15.9100,16.1200,574690,9173732.0000,3,1.053036,1,-1.302736,670.964586,7.986143,91.156550,11.417684,0
2000-07-24,sh.600730,15.8100,15.8100,15.5100,15.6400,15.9100,608065,9481715.0000,3,1.114191,1,-1.697043,659.578009,7.850614,89.609582,11.223921,0
2000-07-25,sh.600730,15.5800,15.9500,15.5300,15.9300,15.6400,296714,4694796.0000,3,0.543685,1,1.854220,671.808036,7.996182,91.271140,11.432037,0
2000-07-26,sh.600730,15.9300,16.5500,15.8900,16.2000,15.9300,758566,12404806.0000,3,1.389962,1,1.694918,683.194613,8.131710,92.818109,11.625800,0
2000-07-27,sh.600730,16.2000,16.4000,16.0300,16.2000,16.2000,411110,6638643.0000,3,0.753299,1,0.000000,683.194613,8.131710,92.818109,11.625800,0
2000-07-28,sh.600730,16.3000,16.6300,16.2000,16.4800,16.2000,655634,10807828.0000,3,1.201354,1,1.728387,695.002915,8.272258,94.422372,11.826740,0
2000-07-31,sh.600730,16.5000,16.6200,16.3100,16.5000,16.4800,570506,9416057.0000,3,1.045369,1,0.121362,695.846365,8.282297,94.536963,11.841093,0
2000-08-01,sh.600730,16.6500,16.9000,16.4000,16.7200,16.5000,884595,14751008.0000,3,1.620892,1,1.333329,705.124317,8.392728,95.797455,11.998974,0
2000-08-02,sh.600730,16.6000,16.7800,16.5000,16.5500,16.7200,452594,7515686.0000,3,0.829313,1,-1.016747,697.954991,8.307395,94.823438,11.876975,0
2000-08-03,sh.600730,16.6000,16.6200,16.2100,16.2200,16.5500,376020,6142527.0000,3,0.689002,1,-1.993957,684.038063,8.141749,92.932699,11.640153,0
2000-08-04,sh.600730,16.2000,16.5800,16.0800,16.5300,16.2200,390185,6384393.0000,3,0.714957,1,1.911229,697.111541,8.297356,94.708848,11.862622,0
2000-08-07,sh.600730,16.5300,16.5300,16.1500,16.2900,16.5300,252922,4133481.0000,3,0.463443,1,-1.451904,686.990139,8.176886,93.333765,11.690388,0
2000-08-08,sh.600730,16.3000,16.7500,16.3000,16.6000,16.2900,591159,9798340.0000,3,1.083213,1,1.903005,-656.795680,7.497731,95.109914,12.187284,0
2000-08-09,sh.600730,16.6000,17.1800,16.4800,17.1700,16.6000,1450214,24478896.0000,3,2.657306,1,3.433733,-679.348302,7.755183,98.375736,12.605763,0
2000-08-10,sh.600730,17.5000,17.5700,16.9600,17.0300,17.1700,794443,13663322.0000,3,1.455701,1,-0.815372,-673.809062,7.691949,97.573604,12.502979,0
2000-08-11,sh.600730,17.0300,17.1000,16.8200,16.8500,17.0300,470160,7976587.0000,3,0.861500,1,-1.056960,-666.687181,7.610648,96.542292,12.370827,0
2000-08-14,sh.600730,16.8200,17.0000,16.7000,16.9000,16.8500,523273,8818796.0000,3,0.958822,1,0.296731,-668.665481,7.633232,96.828768,12.407536,0
2000-08-15,sh.600730,17.4000,17.4000,16.7900,16.8500,16.9000,376000,6384222.0000,3,0.688965,1,-0.295853,-666.687181,7.610648,96.542292,12.370827,0
2000-08-16,sh.600730,16.8500,16.9800,16.8300,16.9200,16.8500,389970,6589164.0000,3,0.714563,1,0.415428,-669.456801,7.642265,96.943358,12.422219,0
2000-08-17,sh.600730,16.9300,17.0800,16.9300,17.0000,16.9200,514890,8756579.0000,3,0.943461,1,0.472813,-672.622082,7.678399,97.401719,12.480953,0
2000-08-18,sh.600730,17.0000,17.1000,16.7600,16.8200,17.0000,388210,6564774.0000,3,0.711338,1,-1.058825,-665.500201,7.597098,96.370407,12.348802,0
2000-08-21,sh.600730,16.8000,16.9800,16.6000,16.8500,16.8200,531710,8893789.0000,3,0.974281,1,0.178363,-666.687181,7.610648,96.542292,12.370827,0
2000-08-22,sh.600730,16.8000,16.8300,16.4000,16.4100,16.8500,356270,5944246.0000,3,0.652813,1,-2.611279,-649.278139,7.411913,94.021306,12.047791,0
2000-08-23,sh.600730,16.3100,16.4900,15.9000,16.2400,16.4100,665931,10762819.0000,3,1.220222,1,-1.035954,-642.551918,7.335129,93.047289,11.922981,0
2000-08-24,sh.600730,16.2400,16.4000,16.0000,16.1600,16.2400,697138,11277790.0000,3,1.277404,1,-0.492610,-639.386638,7.298996,92.588928,11.864247,0
2000-08-25,sh.600730,16.1600,16.4800,16.1500,16.3800,16.1600,348779,5671568.0000,3,0.639087,1,1.361382,-648.091159,7.398363,93.849421,12.025766,0
2000-08-28,sh.600730,16.3000,16.3000,16.1000,16.2200,16.3800,536005,8671286.0000,3,0.982151,1,-0.976800,-641.760598,7.326096,92.932699,11.908298,0
2000-08-29,sh.600730,16.3000,16.7000,16.2000,16.6900,16.2200,482350,7963981.0000,3,0.883836,1,2.897665,-660.356620,7.538381,95.625570,12.253359,0
2000-08-30,sh.600730,16.7000,16.7300,16.2700,16.2800,16.6900,288000,4748638.0000,3,0.527718,1,-2.456560,-644.134558,7.353196,93.276470,11.952348,0
2000-08-31,sh.600730,16.2800,16.4800,16.1000,16.2200,16.2800,271740,4423935.0000,3,0.497924,1,-0.368559,-641.760598,7.326096,92.932699,11.908298,0
2000-09-01,sh.600730,16.2100,16.6000,16.1200,16.2800,16.2200,347544,5692946.0000,3,0.636824,1,0.369922,-644.134558,7.353196,93.276470,11.952348,0
2000-09-04,sh.600730,16.3000,16.8000,16.3000,16.7500,16.2800,722349,12015856.0000,3,1.323599,1,2.886974,-662.730580,7.565481,95.969341,12.297410,0
2000-09-05,sh.600730,16.8000,16.8800,16.1200,16.2100,16.7500,325420,5378522.0000,3,0.596285,1,-3.223886,-641.364938,7.321579,92.875404,11.900956,0
2000-09-06,sh.600730,16.0000,16.2000,15.6100,15.7100,16.2100,313205,4975190.0000,3,0.573903,1,-3.084510,-621.581935,7.095744,90.010647,11.533869,0
2000-09-07,sh.600730,15.8000,16.4700,15.6500,15.8000,15.7100,227605,3618300.0000,3,0.417053,1,0.572885,-625.142876,7.136394,90.526304,11.599945,0
2000-09-08,sh.600730,15.8500,16.1800,15.8100,16.0700,15.8000,245141,3923279.0000,3,0.449185,1,1.708858,-635.825697,7.258345,92.073272,11.798172,0
2000-09-11,sh.600730,16.1000,16.1200,15.8000,15.9900,16.0700,229300,3668811.0000,3,0.420159,1,-0.497822,-632.660417,7.222212,91.614911,11.739438,0
2000-09-12,sh.600730,16.0000,16.1600,15.8900,15.9500,15.9900,317831,5087521.0000,3,0.582379,1,-0.250156,-631.077777,7.204145,91.385731,11.710071,0
2000-09-13,sh.600730,15.9200,16.0800,15.6300,15.9500,15.9500,390274,6202274.0000,3,0.715120,1,0.000000,-631.077777,7.204145,91.385731,11.710071,0
2000-09-14,sh.600730,15.9500,16.1600,15.7200,15.7600,15.9500,211900,3357710.0000,3,0.388276,1,-1.191220,-623.560236,7.118327,90.297123,11.570578,0
2000-09-15,sh.600730,15.7800,15.8000,15.5300,15.6000,15.7600,332930,5195881.0000,3,0.610046,1,-1.015227,-617.229675,7.046060,89.380401,11.453110,0
2000-09-18,sh.600730,15.6200,15.6500,15.4500,15.4700,15.6000,210301,3263289.0000,3,0.385346,1,-0.833334,-612.086094,6.987343,88.635564,11.357668,0
2000-09-19,sh.600730,15.4500,15.4800,14.7600,14.8000,15.4700,287487,4310057.0000,3,0.526778,1,-4.330964,-585.576871,6.684724,84.796791,10.865771,0
2000-09-20,sh.600730,14.8900,15.1800,14.7500,14.9600,14.8000,214651,3205036.0000,3,0.393317,1,1.081080,-591.907432,6.756991,85.713513,10.983239,0
2000-09-21,sh.600730,14.9600,15.0000,14.7800,14.7800,14.9600,248260,3695611.0000,3,0.454900,1,-1.203211,-584.785551,6.675690,84.682200,10.851088,0
2000-09-22,sh.600730,14.8000,14.8000,14.4500,14.4900,14.7800,251543,3656524.0000,3,0.460916,1,-1.962111,-573.311410,6.544706,83.020642,10.638177,0
2000-09-25,sh.600730,14.4500,14.6800,14.4200,14.6500,14.4900,144510,2108686.0000,3,0.264794,1,1.104209,-579.641970,6.616973,83.937364,10.755645,0
2000-09-26,sh.600730,14.7000,14.8000,14.5000,14.7700,14.6500,192070,2811086.0000,3,0.351940,1,0.819118,-584.389891,6.671174,84.624905,10.843746,0
2000-09-27,sh.600730,14.7700,15.0900,14.6000,15.0500,14.7700,132055,1966378.0000,3,0.241972,1,1.895733,-595.468372,6.797641,86.229169,11.049315,0
2000-09-28,sh.600730,15.1000,15.1000,14.7900,14.8000,15.0500,136594,2026413.0000,3,0.250289,1,-1.661129,-585.576871,6.684724,84.796791,10.865771,0
2000-09-29,sh.600730,14.7000,14.9500,14.7000,14.8100,14.8000,122800,1825590.0000,3,0.225013,1,0.067569,-585.972531,6.689240,84.854086,10.873113,0
2000-10-09,sh.600730,15.0000,15.2800,14.8000,15.1500,14.8100,158065,2371081.0000,3,0.289631,1,2.295741,-599.424973,6.842808,86.802120,11.122732,0
2000-10-10,sh.600730,15.2000,15.3500,15.1500,15.2100,15.1500,166480,2534939.0000,3,0.305050,1,0.396042,-601.798933,6.869909,87.145891,11.166782,0
2000-10-11,sh.600730,15.2100,15.3500,15.1000,15.1400,15.2100,192250,2920336.0000,3,0.352270,1,-0.460222,-599.029313,6.838292,86.744825,11.115390,0
2000-10-12,sh.600730,15.1900,15.4000,15.0500,15.3000,15.1400,206750,3146024.0000,3,0.378839,1,1.056802,-605.359873,6.910559,87.661547,11.232858,0
2000-10-13,sh.600730,15.3600,15.5500,15.2800,15.2900,15.3000,248608,3835936.0000,3,0.455538,1,-0.065361,-604.964213,6.906042,87.604252,11.225516,0
2000-10-16,sh.600730,15.3900,15.4900,15.0900,15.1000,15.2900,212050,3220533.0000,3,0.388551,1,-1.242640,-597.446672,6.820225,86.515645,11.086023,0
2000-10-17,sh.600730,15.1800,15.1800,14.8900,15.1500,15.1000,75900,1143746.0000,3,0.139076,1,0.331121,-599.424973,6.842808,86.802120,11.122732,0
2000-10-18,sh.600730,15.1800,15.4700,15.1300,15.2700,15.1500,156950,2393784.0000,3,0.287588,1,0.792085,-604.172893,6.897009,87.489662,11.210833,0
2000-10-19,sh.600730,15.3600,15.5300,15.3000,15.3900,15.2700,238900,3696756.0000,3,0.437750,1,0.785854,-608.920814,6.951209,88.177203,11.298934,0
2000-10-20,sh.600730,15.3900,15.9800,15.3500,15.9100,15.3900,604058,9542191.0000,3,1.106848,1,3.378814,-629.495136,7.186078,91.156550,11.680704,0
2000-10-23,sh.600730,16.0000,16.0100,15.6300,15.7800,15.9100,222147,3504694.0000,3,0.407052,1,-0.817097,-624.351556,7.127361,90.411713,11.585261,0
2000-10-24,sh.600730,15.7800,15.9400,15.5000,15.6200,15.7800,191209,3007605.0000,3,0.350363,1,-1.013941,-618.020995,7.055094,89.494991,11.467794,0
2000-10-25,sh.600730,15.6200,15.8100,15.5000,15.6600,15.6200,297787,4660659.0000,3,0.545651,1,0.256082,-619.603635,7.073160,89.724172,11.497161,0
2000-10-26,sh.600730,15.6500,15.6800,15.3300,15.3400,15.6600,189651,2930592.0000,3,0.347508,1,-2.043421,-606.942514,6.928626,87.890728,11.262225,0
2000-10-27,sh.600730,15.4000,15.6000,15.2500,15.3000,15.3400,176139,2707971.0000,3,0.322749,1,-0.260756,-605.359873,6.910559,87.661547,11.232858,0
2000-10-30,sh.600730,15.3000,15.3500,15.1100,15.1800,15.3000,202700,3079704.0000,3,0.371418,1,-0.784313,-600.611953,6.856358,86.974006,11.144757,0
2000-10-31,sh.600730,15.2800,15.6600,15.2800,15.4000,15.1800,357066,5542506.0000,3,0.654272,1,1.449271,-609.316474,6.955726,88.234498,11.306275,0
2000-11-01,sh.600730,15.4000,16.1000,15.4000,15.9100,15.4000,434133,6866919.0000,3,0.795486,1,3.311690,-629.495136,7.186078,91.156550,11.680704,0
2000-11-02,sh.600730,16.1000,16.2500,15.8500,16.0500,15.9100,632773,10155463.0000,3,1.159465,1,0.879946,-635.034377,7.249312,91.958682,11.783488,0
2000-11-03,sh.600730,16.0500,16.3600,15.9000,16.3000,16.0500,604458,9741315.0000,3,1.107581,1,1.557632,-644.925878,7.362229,93.391060,11.967032,0
2000-11-06,sh.600730,16.3600,16.9500,16.2300,16.9200,16.3000,1270708,21257084.0000,3,2.328388,1,3.803686,-669.456801,7.642265,96.943358,12.422219,0
2000-11-07,sh.600730,16.9200,16.9600,16.8000,16.8500,16.9200,695466,11738378.0000,3,1.274340,1,-0.413710,-666.687181,7.610648,96.542292,12.370827,0
2000-11-08,sh.600730,16.8500,17.0500,16.6500,16.9600,16.8500,774705,13060474.0000,3,1.419534,1,0.652811,-671.039441,7.660332,97.172539,12.451586,0
2000-11-09,sh.600730,16.9600,17.0900,16.8000,17.0000,16.9600,741705,12575405.0000,3,1.359067,1,0.235854,-672.622082,7.678399,97.401719,12.480953,0
2000-11-10,sh.600730,17.2000,17.4800,17.0000,17.4000,17.0000,1583781,27369537.0000,3,2.902048,1,2.352939,-688.448484,7.859067,99.693524,12.774623,0
2000-11-13,sh.600730,17.4500,17.4900,17.1800,17.2200,17.4000,856651,14824187.0000,3,1.569688,1,-1.034485,-681.326603,7.777766,98.662212,12.642472,0
2000-11-14,sh.600730,17.2200,17.2500,16.9000,16.9500,17.2200,774641,13169140.0000,3,1.419417,1,-1.567936,-670.643781,7.655815,97.115243,12.444245,0
2000-11-15,sh.600730,17.0800,18.2000,17.0000,17.6300,16.9500,2336089,41630013.0000,3,4.280543,1,4.011790,-697.548665,7.962951,101.011312,12.943483,0
2000-11-16,sh.600730,17.5000,17.9600,17.5000,17.6200,17.6300,842945,14952555.0000,3,1.544574,1,-0.056712,-697.153005,7.958435,100.954017,12.936141,0
2000-11-17,sh.600730,17.6500,17.8500,17.3500,17.7200,17.6200,664450,11678254.0000,3,1.217508,1,0.567528,-701.109605,8.003602,101.526968,13.009558,0
2000-11-20,sh.600730,17.7500,18.2000,17.6000,18.0500,17.7200,800000,14340412.0000,3,1.465884,1,1.862302,-714.166387,8.152653,103.417708,13.251836,0
2000-11-21,sh.600730,18.1000,18.1000,17.7800,17.7800,18.0500,444650,7951363.0000,3,0.814756,1,-1.495837,-703.483565,8.030702,101.870739,13.053609,0
2000-11-22,sh.600730,17.7900,17.8900,17.3800,17.7000,17.7800,406682,7200675.0000,3,0.745186,1,-0.449943,-700.318285,7.994568,101.412378,12.994875,0
2000-11-23,sh.600730,17.7500,17.8600,17.6200,17.8000,17.7000,468896,8322714.0000,3,0.859184,1,0.564963,-704.274885,8.039735,101.985329,13.068292,0
2000-11-24,sh.600730,17.9400,17.9400,16.8000,16.9500,17.8000,574547,9973935.0000,3,1.052774,1,-4.775273,-670.643781,7.655815,97.115243,12.444245,0
2000-11-27,sh.600730,16.8200,17.0000,16.6500,16.8300,16.9500,384292,6486557.0000,3,0.704159,1,-0.707970,-665.895861,7.601615,96.427702,12.356144,0
2000-11-28,sh.600730,16.8600,17.2000,16.8000,17.2000,16.8300,329195,5602636.0000,3,0.603202,1,2.198460,-680.535283,7.768733,98.547622,12.627788,0
2000-11-29,sh.600730,17.1000,17.3000,16.8000,17.0300,17.2000,227308,3865138.0000,3,0.416509,1,-0.988372,-673.809062,7.691949,97.573604,12.502979,0
2000-11-30,sh.600730,17.0000,17.2400,16.9000,16.9000,17.0300,235450,4011964.0000,3,0.431428,1,-0.763365,-668.665481,7.633232,96.828768,12.407536,0
2000-12-01,sh.600730,17.0100,17.2000,16.8000,16.8900,16.9000,215126,3651144.0000,3,0.394187,1,-0.059173,-668.269821,7.628715,96.771473,12.400194,0
2000-12-04,sh.600730,16.9000,17.2000,16.8200,17.1200,16.8900,230650,3921660.0000,3,0.422633,1,1.361761,-677.370002,7.732599,98.089261,12.569054,0
2000-12-05,sh.600730,17.1600,17.1800,16.5100,16.9500,17.1200,897406,15087278.0000,3,1.644366,1,-0.992991,-670.643781,7.655815,97.115243,12.444245,0
2000-12-06,sh.600730,16.8000,18.6500,16.8000,18.6500,16.9500,2793486,50341593.0000,3,5.118657,1,10.029490,-737.905990,8.423655,106.855415,13.692340,0
2000-12-07,sh.600730,18.6500,18.8000,17.8000,17.9600,18.6500,1715984,31244571.0000,3,3.144291,1,-3.699735,-710.605446,8.112003,102.902051,13.185760,0
2000-12-08,sh.600730,17.9600,18.8500,17.7000,18.5000,17.9600,1934723,35556642.0000,3,3.545099,1,3.006687,-731.971089,8.355905,105.995988,13.582214,0
2000-12-11,sh.600730,18.5000,18.6600,18.0000,18.1600,18.5000,671295,12293171.0000,3,1.230050,1,-1.837839,-718.518647,8.202337,104.047954,13.332595,0
2000-12-12,sh.600730,18.1600,18.5000,18.0300,18.1000,18.1600,420356,7640202.0000,3,0.770241,1,-0.330394,-716.144687,8.175236,103.704183,13.288544,0
2000-12-13,sh.600730,18.0000,18.0600,17.7000,17.9700,18.1000,475919,8508074.0000,3,0.872052,1,-0.718238,-711.001106,8.116519,102.959347,13.193102,0
2000-12-14,sh.600730,17.9700,18.0900,17.7900,18.0000,17.9700,484811,8664940.0000,3,0.888346,1,0.166949,-712.188086,8.130069,103.131232,13.215127,0
2000-12-15,sh.600730,18.0000,18.0800,17.8000,17.8500,18.0000,283570,5064788.0000,3,0.519601,1,-0.833331,-706.253186,8.062319,102.271805,13.105001,0
2000-12-18,sh.600730,17.8500,18.5600,17.7800,18.0000,17.8500,594327,10845483.0000,3,1.089018,1,0.840334,-712.188086,8.130069,103.131232,13.215127,0
2000-12-19,sh.600730,18.0800,18.6000,17.9100,18.2500,18.0000,713777,13125932.0000,3,1.307893,1,1.388889,-722.079588,8.242987,104.563610,13.398670,0
2000-12-20,sh.600730,18.1000,19.1300,18.1000,18.8900,18.2500,2136362,40236474.0000,3,3.914573,1,3.506846,-747.401831,8.532056,108.230498,13.868542,0
2000-12-21,sh.600730,18.9800,19.0900,18.7100,18.9900,18.8900,1279829,24237500.0000,3,2.345101,1,0.529383,-751.358431,8.577223,108.803450,13.941959,0
2000-12-22,sh.600730,18.8600,19.0000,18.5100,18.6500,18.9900,686951,12868795.0000,3,1.258738,1,-1.790417,-737.905990,8.423655,106.855415,13.692340,0
2000-12-25,sh.600730,19.0000,19.3900,18.7500,19.1500,18.6500,864953,16576885.0000,3,1.584901,1,2.680965,-757.688992,8.649490,109.720172,14.059427,0
2000-12-26,sh.600730,19.2500,19.3800,18.8000,18.8600,19.1500,570302,10864793.0000,3,1.044995,1,-1.514355,-746.214851,8.518506,108.058613,13.846516,0
2000-12-27,sh.600730,18.8800,19.0700,18.4200,18.5000,18.8600,590896,11058506.0000,3,1.082731,1,-1.908805,-731.971089,8.355905,105.995988,13.582214,0
2000-12-28,sh.600730,18.5000,18.5500,18.0000,18.2000,18.5000,570150,10419416.0000,3,1.044717,1,-1.621618,-720.101287,8.220403,104.277135,13.361962,0
2000-12-29,sh.600730,18.2000,18.5000,18.2000,18.4000,18.2000,290751,5342471.0000,3,0.532759,1,1.098895,-728.014488,8.310738,105.423037,13.508797,0
2001-01-02,sh.600730,18.4000,18.9600,18.4000,18.7800,18.4000,293280,5495489.0000,3,0.537393,1,2.065223,-743.049570,8.482372,107.600252,13.787783,0
2001-01-03,sh.600730,18.9500,19.0000,18.5000,19.0000,18.7800,610797,11506041.0000,3,1.119197,1,1.171455,-751.754091,8.581740,108.860745,13.949301,0
2001-01-04,sh.600730,19.0000,19.0000,18.7000,18.8000,19.0000,486540,9182109.0000,3,0.891514,1,-1.052636,-743.840890,8.491406,107.714842,13.802466,0
2001-01-05,sh.600730,18.8200,18.8200,18.3000,18.4500,18.8000,552259,10212894.0000,3,1.011934,1,-1.861694,-729.992789,8.333321,105.709513,13.545505,0
2001-01-08,sh.600730,18.5000,18.5100,17.7000,17.9700,18.4500,844230,15166695.0000,3,1.546929,1,-2.601634,-711.001106,8.116519,102.959347,13.193102,0
2001-01-09,sh.600730,17.5000,17.9500,17.0500,17.4400,17.9700,779114,13568048.0000,3,1.427613,1,-2.949353,-690.031124,7.877134,99.922705,12.803990,0
2001-01-10,sh.600730,17.4500,17.7400,17.3900,17.4300,17.4400,539940,9449774.0000,3,0.989362,1,-0.057341,-689.635464,7.872617,99.865410,12.796648,0
2001-01-11,sh.600730,17.5100,17.8500,17.4700,17.6600,17.4300,376092,6638967.0000,3,0.689134,1,1.319561,-698.735645,7.976501,101.183198,12.965508,0
2001-01-12,sh.600730,17.6800,17.7700,17.5800,17.6900,17.6600,179361,3172931.0000,3,0.328653,1,0.169879,-699.922625,7.990051,101.355083,12.987533,0
2001-01-15,sh.600730,17.6900,17.6900,16.9000,16.9500,17.6900,400702,6869352.0000,3,0.734228,1,-4.183153,-670.643781,7.655815,97.115243,12.444245,0
2001-01-16,sh.600730,16.8000,17.1700,16.7000,17.1100,16.9500,198690,3368844.0000,3,0.364071,1,0.943952,-676.974342,7.728083,98.031965,12.561712,0
2001-01-17,sh.600730,17.1000,17.2500,17.1000,17.1000,17.1100,219149,3760865.0000,3,0.401559,1,-0.058447,-676.578682,7.723566,97.974670,12.554371,0
2001-01-18,sh.600730,17.2800,17.4100,17.1000,17.2000,17.1000,340240,5881038.0000,3,0.623440,1,0.584798,-680.535283,7.768733,98.547622,12.627788,0
2001-01-19,sh.600730,17.3600,17.5800,17.2500,17.4100,17.2000,250050,4362452.0000,3,0.458180,1,1.220925,-688.844144,7.863584,99.750819,12.781965,0
2001-02-05,sh.600730,17.3900,17.4500,16.7800,16.8100,17.4100,182600,3120846.0000,3,0.334588,1,-3.446297,-665.104541,7.592581,96.313112,12.341460,0
2001-02-06,sh.600730,16.7100,16.7800,16.2000,16.4000,16.8100,554631,9086062.0000,3,1.016281,1,-2.439023,-648.882479,7.407397,93.964011,12.040449,0
2001-02-07,sh.600730,16.4500,16.8000,16.4500,16.5000,16.4000,300640,5012897.0000,3,0.550879,1,0.609758,-652.839079,7.452564,94.536963,12.113866,0
2001-02-08,sh.600730,16.5100,16.9000,16.4500,16.5100,16.5000,619639,10283953.0000,3,1.135398,1,0.060607,-653.234739,7.457080,94.594258,12.121208,0
2001-02-09,sh.600730,16.5500,17.1000,16.5500,16.8700,16.5100,129400,2179103.0000,3,0.237107,1,2.180500,-667.478501,7.619682,96.656882,12.385511,0
2001-02-12,sh.600730,16.4500,16.9200,16.4500,16.8800,16.8700,126702,2127237.0000,3,0.232163,1,0.059267,-667.874161,7.624198,96.714178,12.392852,0
2001-02-13,sh.600730,16.9200,17.8000,16.9200,17.6400,16.8800,473780,8232283.0000,3,0.868133,1,4.502371,104.779716,3.558107,27.255388,9.505476,0
2001-02-14,sh.600730,17.6400,17.6700,17.2100,17.3000,17.6400,251310,4384372.0000,3,0.460489,1,-1.927439,102.760152,3.489526,26.730057,9.322264,0
2001-02-15,sh.600730,17.3200,17.6000,17.0300,17.0400,17.3000,168635,2917325.0000,3,0.308999,1,-1.502881,101.215780,3.437083,26.328334,9.182161,0
2001-02-16,sh.600730,17.0000,17.2500,16.7100,17.2500,17.0400,168620,2863948.0000,3,0.308972,1,1.232389,102.463157,3.479441,26.652803,9.295321,0
2001-02-19,sh.600730,16.8500,17.5500,16.8500,17.5000,17.2500,131270,2284921.0000,3,0.240533,1,1.449275,103.948131,3.529868,27.039075,9.430036,0
2001-02-20,sh.600730,17.5700,17.6600,17.2100,17.2800,17.5000,208921,3644891.0000,3,0.382817,1,-1.257139,102.641354,3.485492,26.699156,9.311487,0
2001-02-21,sh.600730,17.1000,17.2700,16.7800,16.9000,17.2800,209050,3551838.0000,3,0.383054,1,-2.199080,100.384195,3.408844,26.112021,9.106720,0
2001-02-22,sh.600730,16.8000,17.2000,16.8000,17.0500,16.9000,107869,1835727.0000,3,0.197654,1,0.887572,101.275179,3.439100,26.343785,9.187549,0
2001-02-23,sh.600730,17.0600,17.2500,16.9000,17.2300,17.0500,130902,2232339.0000,3,0.239859,1,1.055720,102.344359,3.475407,26.621901,9.284544,0
2001-02-26,sh.600730,17.2500,17.4900,17.2500,17.3900,17.2300,178799,3117297.0000,3,0.327623,1,0.928612,103.294742,3.507680,26.869116,9.370761,0
2001-02-27,sh.600730,17.4300,17.4800,17.2600,17.4500,17.3900,206008,3580822.0000,3,0.377480,1,0.345034,103.651136,3.519782,26.961821,9.403093,0
2001-02-28,sh.600730,17.4900,17.4900,17.3000,17.3500,17.4500,117500,2039557.0000,3,0.215302,1,-0.573068,103.057147,3.499612,26.807312,9.349207,0
2001-03-01,sh.600730,17.5000,17.6000,17.3600,17.6000,17.3500,337780,5921350.0000,3,0.618933,1,1.440922,104.542120,3.550038,27.193584,9.483922,0
2001-03-02,sh.600730,17.6100,17.7500,17.5700,17.5800,17.6000,293949,5186092.0000,3,0.538619,1,-0.113639,104.423322,3.546004,27.162683,9.473145,0
2001-03-05,sh.600730,17.5100,17.5700,17.2200,17.2500,17.5800,237500,4112112.0000,3,0.435184,1,-1.877133,102.463157,3.479441,26.652803,9.295321,0
2001-03-06,sh.600730,17.2500,17.5300,17.2000,17.5300,17.2500,124052,2158693.0000,3,0.227307,1,1.623192,104.126327,3.535919,27.085428,9.446202,0
2001-03-07,sh.600730,17.5900,17.6900,17.4000,17.4700,17.5300,191668,3351026.0000,3,0.351204,1,-0.342278,103.769934,3.523816,26.992723,9.413870,0
2001-03-08,sh.600730,17.4600,17.4800,17.3000,17.3700,17.4700,174150,3025808.0000,3,0.319105,1,-0.572401,103.175945,3.503646,26.838214,9.359984,0
2001-03-09,sh.600730,17.3500,17.7500,17.3000,17.5600,17.3700,884263,15522601.0000,3,1.620283,1,1.093832,104.304524,3.541970,27.131781,9.462367,0
2001-03-12,sh.600730,17.6900,17.9900,17.5100,17.9000,17.5600,1181098,21051685.0000,3,2.164190,1,1.936220,106.324088,3.610550,27.657111,9.645580,0
2001-03-13,sh.600730,17.9100,17.9500,17.7400,17.8300,17.9000,723931,12922279.0000,3,1.326498,1,-0.391060,105.908295,3.596431,27.548955,9.607859,0
2001-03-14,sh.600730,17.8300,17.9800,17.7300,17.8800,17.8300,582282,10393351.0000,3,1.066947,1,0.280422,106.205290,3.606516,27.626210,9.634802,0
2001-03-19,sh.600730,18.0500,18.1000,17.5000,17.6000,17.8800,556569,9853414.0000,3,1.019832,1,-1.565989,104.542120,3.550038,27.193584,9.483922,0
2001-03-20,sh.600730,17.6000,17.7000,17.4900,17.6200,17.6000,378584,6651634.0000,3,0.693700,1,0.113639,104.660918,3.554072,27.224486,9.494699,0
2001-03-21,sh.600730,17.6000,17.6000,17.3800,17.4500,17.6200,534725,9331154.0000,3,0.979806,1,-0.964813,103.651136,3.519782,26.961821,9.403093,0
2001-03-22,sh.600730,17.4600,17.7800,17.3600,17.5800,17.4500,477441,8374771.0000,3,0.874841,1,0.744981,104.423322,3.546004,27.162683,9.473145,0
2001-03-23,sh.600730,17.6000,18.1000,17.5800,17.6100,17.5800,1035916,18530284.0000,3,1.898165,1,0.170652,104.601519,3.552055,27.209035,9.489310,0
2001-03-26,sh.600730,18.0000,18.0500,17.7500,17.9400,17.6100,1161871,20814893.0000,3,2.128960,1,1.873935,106.561684,3.618619,27.718915,9.667134,0
2001-03-27,sh.600730,18.1000,18.3000,17.8900,18.1600,17.9400,1646112,29809374.0000,3,3.016261,1,1.226306,107.868460,3.662994,28.058835,9.785683,0
2001-03-28,sh.600730,18.2600,18.3100,17.8500,17.9700,18.1600,807031,14547929.0000,3,1.478767,1,-1.046258,106.739880,3.624670,27.765268,9.683300,0
2001-03-29,sh.600730,17.9700,18.0400,17.7200,17.8600,17.9700,470433,8429892.0000,3,0.862000,1,-0.612124,106.086492,3.602482,27.595308,9.624025,0
2001-03-30,sh.600730,17.8700,17.9700,17.6800,17.9700,17.8600,433581,7716209.0000,3,0.794474,1,0.615894,106.739880,3.624670,27.765268,9.683300,0
2001-04-02,sh.600730,18.0000,18.1500,17.8500,17.9800,17.9700,447526,8055949.0000,3,0.820026,1,0.055650,106.799279,3.626687,27.780719,9.688688,0
2001-04-03,sh.600730,17.9000,18.1000,17.6600,17.8100,17.9800,401220,7143981.0000,3,0.735177,1,-0.945495,105.789498,3.592397,27.518053,9.597082,0
2001-04-04,sh.600730,17.8100,17.9000,17.3800,17.4200,17.8100,523500,9224957.0000,3,0.959238,1,-2.189778,103.472939,3.513731,26.915468,9.386927,0
2001-04-05,sh.600730,17.3200,17.5000,17.2000,17.4000,17.4200,415803,7221202.0000,3,0.761899,1,-0.114813,103.354141,3.509697,26.884566,9.376150,0
2001-04-06,sh.600730,17.4100,17.6500,17.2000,17.4000,17.4000,490814,8531107.0000,3,0.899345,1,0.000000,103.354141,3.509697,26.884566,9.376150,0
2001-04-09,sh.600730,17.4000,17.4000,17.0000,17.2100,17.4000,451418,7760009.0000,3,0.827158,1,-1.091957,102.225562,3.471373,26.590999,9.273767,0
2001-04-10,sh.600730,17.4000,17.6700,17.2700,17.4200,17.2100,285621,4997228.0000,3,0.523359,1,1.220227,103.472939,3.513731,26.915468,9.386927,0
2001-04-11,sh.600730,17.4200,17.4600,17.1600,17.2000,17.4200,457000,7875440.0000,3,0.837386,1,-1.262912,102.166163,3.469356,26.575548,9.268378,0
2001-04-12,sh.600730,17.2200,17.6500,17.1800,17.4000,17.2000,492436,8575599.0000,3,0.902317,1,1.162784,103.354141,3.509697,26.884566,9.376150,0
2001-04-13,sh.600730,17.4000,17.5800,17.2600,17.3700,17.4000,338898,5888506.0000,3,0.620981,1,-0.172407,103.175945,3.503646,26.838214,9.359984,0
2001-04-16,sh.600730,17.5000,17.8500,17.4000,17.7300,17.3700,634700,11226315.0000,3,1.162995,1,2.072531,105.314306,3.576260,27.394446,9.553974,0
2001-04-17,sh.600730,17.7500,17.9800,17.6400,17.9200,17.7300,912430,16295854.0000,3,1.671895,1,1.071633,106.442886,3.614585,27.688013,9.656357,0
2001-04-18,sh.600730,18.0200,18.0600,17.7100,17.8100,17.9200,805385,14467790.0000,3,1.475751,1,-0.613843,105.789498,3.592397,27.518053,9.597082,0
2001-04-19,sh.600730,17.7800,17.9700,17.5600,17.8000,17.8100,419711,7431924.0000,3,0.769059,1,-0.056150,105.730099,3.590380,27.502602,9.591694,0
2001-04-20,sh.600730,17.6000,18.2500,17.6000,17.8000,17.8000,1289860,23272137.0000,3,2.363481,1,0.000000,105.730099,3.590380,27.502602,9.591694,0
2001-04-23,sh.600730,17.8500,18.6500,17.7600,18.2800,17.8000,2142249,39190269.0000,3,3.925360,1,2.696637,108.581247,3.687199,28.244246,9.850346,0
2001-04-24,sh.600730,18.2800,18.5600,18.1300,18.4000,18.2800,1124989,20667054.0000,3,2.061379,1,0.656449,109.294035,3.711404,28.429656,9.915009,0
2001-04-25,sh.600730,18.4200,18.5000,17.6300,17.7900,18.4000,902315,16235686.0000,3,1.653361,1,-3.315210,105.670700,3.588363,27.487152,9.586305,0
2001-04-26,sh.600730,17.6500,18.1800,17.6100,17.9900,17.7900,727913,13049251.0000,3,1.333795,1,1.124221,106.858678,3.628704,27.796170,9.694077,0
2001-04-27,sh.600730,18.0000,18.4500,17.9000,18.3300,17.9900,1793872,32820630.0000,3,3.287010,1,1.889940,108.878242,3.697284,28.321500,9.877289,0
2001-04-30,sh.600730,18.5200,18.9000,18.2800,18.3100,18.3300,2135541,39657984.0000,3,3.913068,1,-0.109113,108.759444,3.693250,28.290598,9.866512,0
2001-05-08,sh.600730,18.3800,18.8000,18.3000,18.4600,18.3100,1021540,18972526.0000,3,1.871823,1,0.819222,109.650428,3.723506,28.522362,9.947341,0
2001-05-09,sh.600730,18.5000,19.1800,18.4500,19.1200,18.4600,3412558,64714565.0000,3,6.253016,1,3.575308,113.570758,3.856633,29.542121,10.302988,0
2001-05-10,sh.600730,19.1400,19.6800,19.0000,19.2500,19.1200,2966177,57365655.0000,3,5.435088,1,0.679912,114.342944,3.882854,29.742983,10.373039,0
2001-05-11,sh.600730,19.2500,19.3500,18.8500,19.0500,19.2500,1659849,31619472.0000,3,3.041432,1,-1.038965,113.154965,3.842513,29.433965,10.265268,0
2001-05-14,sh.600730,19.2000,19.4000,19.0500,19.3000,19.0500,1020227,19661380.0000,3,1.869418,1,1.312336,114.639938,3.892940,29.820237,10.399982,0
2001-05-15,sh.600730,19.4000,19.6900,19.2500,19.3500,19.3000,1530222,29813891.0000,3,2.803909,1,0.259073,114.936933,3.903025,29.897492,10.426925,0
2001-05-16,sh.600730,19.4800,19.5000,19.0000,19.0700,19.3500,1425149,27289014.0000,3,2.611378,1,-1.447032,113.273763,3.846547,29.464867,10.276045,0
2001-05-17,sh.600730,19.0700,19.1000,18.7500,18.7700,19.0700,1341377,25317144.0000,3,2.457878,1,-1.573148,111.491795,3.786035,29.001340,10.114387,0
2001-05-18,sh.600730,18.9500,19.1500,18.7800,19.1200,18.7700,714993,13594106.0000,3,1.310121,1,1.864680,113.570758,3.856633,29.542121,10.302988,0
2001-05-21,sh.600730,19.1200,19.1500,18.7900,18.8800,19.1200,987023,18650534.0000,3,1.808576,1,-1.255239,112.145183,3.808223,29.171300,10.173662,0
2001-05-22,sh.600730,18.8500,19.1800,18.8000,18.9000,18.8800,463797,8786691.0000,3,0.849841,1,0.105935,112.263981,3.812257,29.202201,10.184439,0
2001-05-23,sh.600730,19.0600,19.0600,18.3800,18.5500,18.9000,968029,17977295.0000,3,1.773772,1,-1.851854,110.185018,3.741660,28.661420,9.995838,0
2001-05-24,sh.600730,18.5500,18.7200,18.3800,18.7000,18.5500,601139,11141227.0000,3,1.101500,1,0.808634,111.076002,3.771916,28.893183,10.076667,0
2001-05-25,sh.600730,18.6200,18.7500,18.3800,18.4900,18.7000,456542,8437832.0000,3,0.836547,1,-1.123000,109.828625,3.729557,28.568715,9.963506,0
2001-05-28,sh.600730,18.4100,18.7000,18.3000,18.3800,18.4900,435426,8060110.0000,3,0.797855,1,-0.594920,109.175237,3.707370,28.398755,9.904232,0
2001-05-29,sh.600730,18.5000,18.7500,18.4000,18.6400,18.3800,358942,6677916.0000,3,0.657709,1,1.414582,110.719609,3.759813,28.800478,10.044335,0
2001-05-30,sh.600730,18.6600,19.1000,18.6000,18.9800,18.6400,426416,8058174.0000,3,0.781345,1,1.824035,112.739173,3.828394,29.325809,10.227547,0
2001-05-31,sh.600730,19.1500,19.1800,18.7800,18.8600,18.9800,345972,6532743.0000,3,0.633943,1,-0.632239,112.026385,3.804189,29.140398,10.162884,0
2001-06-01,sh.600730,18.9000,19.1600,18.8000,19.0000,18.8600,570141,10816553.0000,3,1.044700,1,0.742309,112.857970,3.832428,29.356710,10.238325,0
2001-06-04,sh.600730,19.0500,19.8000,19.0000,19.0000,19.0000,3274829,63414436.0000,3,6.000648,1,0.000000,112.857970,3.832428,29.356710,10.238325,0
2001-06-05,sh.600730,19.3800,20.9000,19.3300,20.9000,19.0000,3606915,74754794.0000,3,6.609147,1,9.999998,124.143767,4.215671,32.292382,11.262157,0
2001-06-06,sh.600730,21.2100,21.4800,20.7200,20.9100,20.9000,7019942,148105980.0000,3,12.863023,1,0.047848,124.203166,4.217688,32.307832,11.267546,0
2001-06-07,sh.600730,20.9800,21.1600,20.4000,20.5000,20.9100,2348860,48388403.0000,3,4.303944,1,-1.960784,121.767810,4.134988,31.674345,11.046613,0
2001-06-08,sh.600730,20.4900,20.5800,19.8600,20.1000,20.5000,1929474,38870802.0000,3,3.535481,1,-1.951218,119.391853,4.054305,31.056309,10.831070,0
2001-06-11,sh.600730,20.1000,20.5800,19.9000,20.3300,20.1000,1398983,28332190.0000,3,2.563433,1,1.144276,120.758028,4.100698,31.411680,10.955007,0
2001-06-12,sh.600730,20.3300,20.4600,20.0000,20.1500,20.3300,739822,14903364.0000,3,1.355616,1,-0.885393,119.688848,4.064391,31.133564,10.858013,0
2001-06-13,sh.600730,20.2000,20.6800,20.1000,20.3500,20.1500,864120,17619013.0000,3,1.583374,1,0.992560,120.876826,4.104732,31.442582,10.965785,0
2001-06-14,sh.600730,20.2800,20.5800,19.4000,19.4700,20.3500,1980216,39260977.0000,3,3.628458,1,-4.324330,115.649720,3.927230,30.082903,10.491588,0
2001-06-15,sh.600730,19.3900,19.6000,19.1200,19.2000,19.4700,1416827,27345250.0000,3,2.596129,1,-1.386741,114.045949,3.872769,29.665728,10.346097,0
2001-06-18,sh.600730,19.1900,19.4000,18.4700,18.5000,19.2000,1196296,22511018.0000,3,2.192038,1,-3.645837,109.888024,3.731574,28.584165,9.968895,0
2001-06-19,sh.600730,18.5000,18.9900,18.4100,18.6000,18.5000,663449,12372854.0000,3,1.215674,1,0.540543,110.482013,3.751745,28.738674,10.022781,0
2001-06-20,sh.600730,18.7000,19.0000,18.5900,18.6900,18.6000,397700,7478110.0000,3,0.728727,1,0.483872,111.016604,3.769899,28.877733,10.071278,0
2001-06-21,sh.600730,18.7800,19.1000,18.7000,19.0000,18.6900,371627,7037632.0000,3,0.680952,1,1.658638,112.857970,3.832428,29.356710,10.238325,0
2001-06-22,sh.600730,19.0800,19.3000,18.9100,19.1100,19.0000,422917,8088180.0000,3,0.774934,1,0.578951,113.511359,3.854616,29.526670,10.297599,0
2001-06-25,sh.600730,19.1800,19.5500,19.0100,19.4800,19.1100,594280,11479761.0000,3,1.088932,1,1.936154,115.709119,3.929247,30.098354,10.496977,0
2001-06-26,sh.600730,19.4800,19.4800,19.1200,19.2000,19.4800,443450,8521373.0000,3,0.812558,1,-1.437365,114.045949,3.872769,29.665728,10.346097,0
2001-06-27,sh.600730,19.2000,19.2900,18.7100,18.9000,19.2000,594204,11253531.0000,3,1.088792,1,-1.562506,112.263981,3.812257,29.202201,10.184439,0
2001-06-28,sh.600730,18.9300,19.1400,18.8100,18.9500,18.9000,432177,8197198.0000,3,0.791902,1,0.264556,112.560976,3.822342,29.279456,10.211382,0
2001-06-29,sh.600730,18.9000,19.1300,18.8100,18.8800,18.9500,236840,4488216.0000,3,0.433975,1,-0.369402,112.145183,3.808223,29.171300,10.173662,0
2001-07-02,sh.600730,18.8000,18.9000,18.5000,18.5900,18.8800,505641,9403523.0000,3,0.926514,1,-1.536012,110.422614,3.749728,28.723224,10.017392,0
2001-07-03,sh.600730,18.5500,18.8600,18.5500,18.8500,18.5900,173696,3249437.0000,3,0.318273,1,1.398603,111.966986,3.802172,29.124947,10.157496,0
2001-07-04,sh.600730,18.9800,18.9800,18.6000,18.6500,18.8500,135600,2544557.0000,3,0.248467,1,-1.061012,110.779008,3.761830,28.815929,10.049724,0
2001-07-05,sh.600730,18.7500,18.7600,18.3500,18.3500,18.6500,430959,7958065.0000,3,0.789670,1,-1.608575,108.997040,3.701318,28.352402,9.888066,0
2001-07-06,sh.600730,18.3500,18.6500,18.3000,18.3400,18.3500,264450,4877024.0000,3,0.484566,1,-0.054497,108.937641,3.699301,28.336951,9.882678,0
2001-07-09,sh.600730,18.3700,18.4800,18.2900,18.3500,18.3400,267224,4905975.0000,3,0.489649,1,0.054527,108.997040,3.701318,28.352402,9.888066,0
2001-07-10,sh.600730,18.3600,18.7000,18.3600,18.5400,18.3500,164241,3051244.0000,3,0.300948,1,1.035425,110.125620,3.739643,28.645969,9.990449,0
2001-07-11,sh.600730,18.6800,18.7000,18.2000,18.2000,18.5400,229900,4225275.0000,3,0.421258,1,-1.833873,108.106056,3.671062,28.120638,9.807237,0
2001-07-12,sh.600730,18.2000,18.2000,17.8000,17.9700,18.2000,453332,8147694.0000,3,0.830665,1,-1.263744,106.739880,3.624670,27.765268,9.683300,0
2001-07-13,sh.600730,18.0200,18.4600,17.9000,17.9000,17.9700,224750,4070128.0000,3,0.411822,1,-0.389536,106.324088,3.610550,27.657111,9.645580,0
2001-07-16,sh.600730,18.0000,18.2800,17.5500,17.6800,17.9000,507695,8990456.0000,3,0.930277,1,-1.229046,105.017311,3.566175,27.317192,9.527031,0
2001-07-17,sh.600730,17.7000,17.9900,17.5000,17.9800,17.6800,215559,3803307.0000,3,0.394981,1,1.696828,106.799279,3.626687,27.780719,9.688688,0
2001-07-18,sh.600730,17.9300,18.1000,17.7800,17.9100,17.9800,182100,3262725.0000,3,0.333672,1,-0.389320,106.383487,3.612567,27.672562,9.650968,0
2001-07-19,sh.600730,17.9000,18.1000,17.8000,18.0200,17.9100,218080,3921112.0000,3,0.399600,1,0.614186,107.036875,3.634755,27.842522,9.710243,0
2001-07-20,sh.600730,18.1000,18.3600,17.9000,18.2500,18.0200,444715,8055649.0000,3,0.814876,1,1.276357,108.403051,3.681148,28.197893,9.834180,0
2001-07-23,sh.600730,18.2600,18.3800,18.0500,18.2700,18.2500,253523,4605551.0000,3,0.464544,1,0.109591,108.521848,3.685182,28.228795,9.844957,0
2001-07-24,sh.600730,18.2700,18.2700,17.8000,18.0000,18.2700,230556,4134448.0000,3,0.422460,1,-1.477835,106.918077,3.630721,27.811620,9.699465,0
2001-07-25,sh.600730,17.9100,18.1500,17.6500,17.7000,18.0000,149950,2674436.0000,3,0.274762,1,-1.666662,105.136109,3.570209,27.348093,9.537808,0
2001-07-26,sh.600730,17.7200,17.7600,17.5300,17.5900,17.7000,122800,2168229.0000,3,0.225013,1,-0.621472,104.482721,3.548021,27.178134,9.478533,0
2001-07-27,sh.600730,17.5900,17.6100,16.6000,16.7000,17.5900,497500,8521219.0000,3,0.911596,1,-5.059690,99.196216,3.368502,25.803003,8.998949,0
2001-07-30,sh.600730,16.5100,16.8000,16.0000,16.0400,16.7000,403930,6606634.0000,3,0.740143,1,-3.952095,61.886289,2.359582,18.795307,8.374958,0
2001-07-31,sh.600730,16.1000,16.3800,15.8800,15.9500,16.0400,265461,4270511.0000,3,0.486419,1,-0.561104,61.539047,2.346343,18.689847,8.327967,0
2001-08-01,sh.600730,16.1800,16.5700,16.1000,16.5500,15.9500,342935,5605146.0000,3,0.628379,1,3.761752,63.853996,2.434606,19.392913,8.641244,0
2001-08-02,sh.600730,16.6000,16.6500,15.8500,16.1900,16.5500,266440,4298284.0000,3,0.488213,1,-2.175219,62.465026,2.381648,18.971073,8.453278,0
2001-08-03,sh.600730,16.3500,16.4800,16.1700,16.2200,16.1900,169440,2763859.0000,3,0.310474,1,0.185292,62.580774,2.386061,19.006227,8.468942,0
2001-08-06,sh.600730,16.0300,16.4400,15.0300,15.2100,16.2200,360650,5594337.0000,3,0.660839,1,-6.226876,58.683944,2.237484,17.822732,7.941591,0
2001-08-07,sh.600730,15.2100,15.8500,15.0000,15.6400,15.2100,298791,4573490.0000,3,0.547491,1,2.827090,60.342990,2.300740,18.326596,8.166107,0
2001-08-08,sh.600730,15.6400,15.7900,15.3100,15.5000,15.6400,138477,2153595.0000,3,0.253739,1,-0.895143,59.802836,2.280145,18.162547,8.093008,0
2001-08-09,sh.600730,15.3100,15.8400,15.3000,15.7900,15.5000,139987,2201353.0000,3,0.256506,1,1.870967,60.921727,2.322806,18.502363,8.244426,0
2001-08-10,sh.600730,15.8500,16.2600,15.8000,16.2100,15.7900,312676,5030095.0000,3,0.572933,1,2.659906,62.542191,2.384590,18.994509,8.463720,0
2001-08-13,sh.600730,16.2100,16.4500,16.0000,16.2400,16.2100,157824,2559825.0000,3,0.289190,1,0.185075,62.657939,2.389003,19.029662,8.479384,0
2001-08-14,sh.600730,16.1000,16.2500,15.8500,15.8700,16.2400,204790,3284473.0000,3,0.375248,1,-2.278324,61.230387,2.334574,18.596105,8.286196,0
2001-08-15,sh.600730,15.9800,16.0500,15.8400,16.0000,15.8700,188032,2997390.0000,3,0.344541,1,0.819156,61.731959,2.353698,18.748436,8.354073,0
2001-08-16,sh.600730,16.1800,16.3700,15.8800,15.9000,16.0000,187930,3037114.0000,3,0.344354,1,-0.625002,61.346135,2.338987,18.631258,8.301860,0
2001-08-17,sh.600730,15.8500,16.0000,15.7000,15.8700,15.9000,289590,4582450.0000,3,0.530632,1,-0.188678,61.230387,2.334574,18.596105,8.286196,0
2001-08-20,sh.600730,15.7500,16.1500,15.6300,16.0000,15.8700,74160,1180890.0000,3,0.135887,1,0.819156,61.731959,2.353698,18.748436,8.354073,0
2001-08-21,sh.600730,16.1000,16.2700,16.0500,16.2300,16.0000,95100,1538468.0000,3,0.174257,1,1.437497,62.619356,2.387532,19.017945,8.474163,0
2001-08-22,sh.600730,16.2000,16.2100,15.7300,15.8700,16.2300,121600,1929122.0000,3,0.222814,1,-2.218112,61.230387,2.334574,18.596105,8.286196,0
2001-08-23,sh.600730,15.8000,15.9000,15.5300,15.9000,15.8700,94270,1481156.0000,3,0.172736,1,0.189034,61.346135,2.338987,18.631258,8.301860,0
2001-08-24,sh.600730,16.0800,16.0800,15.5800,15.7000,15.9000,134590,2122470.0000,3,0.246617,1,-1.257860,60.574485,2.309566,18.396903,8.197434,0
2001-08-27,sh.600730,15.6000,15.6000,15.0600,15.0600,15.7000,187630,2867225.0000,3,0.343805,1,-4.076429,58.105207,2.215418,17.646965,7.863271,0
2001-08-28,sh.600730,15.1200,15.5000,15.0000,15.5000,15.0600,171258,2591176.0000,3,0.313805,1,2.921644,59.802836,2.280145,18.162547,8.093008,0
2001-08-29,sh.600730,15.6100,15.9000,15.3800,15.5600,15.5000,191149,3003205.0000,3,0.350253,1,0.387099,60.034331,2.288971,18.232854,8.124336,0
2001-08-30,sh.600730,15.3200,15.5300,15.2000,15.2900,15.5600,80200,1229652.0000,3,0.146955,1,-1.735221,58.992604,2.249252,17.916474,7.983361,0
2001-08-31,sh.600730,15.3900,15.4000,15.3000,15.3600,15.2900,59500,914028.0000,3,0.109025,1,0.457814,59.262681,2.259550,17.998498,8.019910,0
2001-09-03,sh.600730,15.3600,15.3600,14.8500,15.2200,15.3600,96700,1467263.0000,3,0.177189,1,-0.911454,58.722526,2.238955,17.834450,7.946812,0
2001-09-04,sh.600730,15.2200,15.8000,15.2200,15.8000,15.2200,158850,2486634.0000,3,0.291070,1,3.810775,60.960310,2.324277,18.514080,8.249647,0
2001-09-05,sh.600730,15.8500,16.5000,15.7800,16.0500,15.8000,472684,7667449.0000,3,0.866125,1,1.582272,61.924872,2.361053,18.807025,8.380180,0
2001-09-06,sh.600730,16.0500,16.5000,16.0000,16.1300,16.0500,265844,4327758.0000,3,0.487120,1,0.498442,62.233532,2.372822,18.900767,8.421950,0
2001-09-07,sh.600730,16.0900,16.0900,15.3800,15.3800,16.1300,233900,3662029.0000,3,0.428588,1,-4.649715,59.339846,2.262492,18.021934,8.030353,0
2001-09-10,sh.600730,15.2100,16.1900,15.0000,16.0200,15.3800,265012,4194680.0000,3,0.485596,1,4.161251,61.809124,2.356640,18.771871,8.364516,0
2001-09-11,sh.600730,16.0000,16.3600,15.9300,16.0200,16.0200,200939,3235525.0000,3,0.368191,1,0.000000,61.809124,2.356640,18.771871,8.364516,0
2001-09-12,sh.600730,15.6000,15.9300,15.2100,15.9000,16.0200,340863,5344933.0000,3,0.624582,1,-0.749069,61.346135,2.338987,18.631258,8.301860,0
2001-09-13,sh.600730,16.0000,16.1200,15.7200,15.8000,15.9000,158700,2531428.0000,3,0.290795,1,-0.628927,60.960310,2.324277,18.514080,8.249647,0
2001-09-14,sh.600730,15.7000,15.8200,15.3100,15.5500,15.8000,346949,5395034.0000,3,0.635734,1,-1.582278,59.995748,2.287500,18.221136,8.119115,0
2001-09-17,sh.600730,15.3000,15.6200,15.3000,15.3100,15.5500,308101,4746057.0000,3,0.564550,1,-1.543407,59.069769,2.252195,17.939910,7.993804,0
2001-09-18,sh.600730,15.3000,15.7500,15.2000,15.5100,15.3100,98000,1516483.0000,3,0.179571,1,1.306334,59.841418,2.281616,18.174265,8.098230,0
2001-09-19,sh.600730,15.7000,16.0100,15.4100,15.9700,15.5100,188015,2963663.0000,3,0.344510,1,2.965829,61.616212,2.349285,18.713282,8.338409,0
2001-09-20,sh.600730,16.0000,16.1000,15.7000,15.7500,15.9700,181000,2890980.0000,3,0.331656,1,-1.377585,60.767398,2.316921,18.455491,8.223541,0
2001-09-21,sh.600730,15.7200,15.8000,15.5200,15.6500,15.7500,91700,1434374.0000,3,0.168027,1,-0.634923,60.381573,2.302211,18.338314,8.171328,0
2001-09-24,sh.600730,15.5000,15.6500,15.3800,15.4000,15.6500,119100,1838711.0000,3,0.218233,1,-1.597444,59.417011,2.265434,18.045369,8.040795,0
2001-09-25,sh.600730,15.4000,15.6000,15.3000,15.4000,15.4000,83858,1291606.0000,3,0.153658,1,0.000000,59.417011,2.265434,18.045369,8.040795,0
2001-09-26,sh.600730,15.4000,15.4000,15.0800,15.3000,15.4000,169493,2581721.0000,3,0.310571,1,-0.649347,59.031186,2.250724,17.928192,7.988583,0
2001-09-27,sh.600730,15.3000,15.3800,15.0000,15.0300,15.3000,225640,3412774.0000,3,0.413452,1,-1.764709,57.989459,2.211005,17.611812,7.847608,0
2001-09-28,sh.600730,14.8800,14.8800,14.0100,14.1300,15.0300,467010,6654045.0000,3,0.855728,1,-5.988021,54.517037,2.078609,16.557212,7.377691,0
2001-10-08,sh.600730,14.1500,14.4400,13.3100,13.4700,14.1300,240600,3327517.0000,3,0.440865,1,-4.670912,51.970593,1.981519,15.783839,7.033085,0
2001-10-09,sh.600730,13.4700,13.9500,13.4700,13.8400,13.4700,154225,2115650.0000,3,0.282595,1,2.746844,53.398145,2.035949,16.217397,7.226273,0
2001-10-10,sh.600730,13.8300,13.8300,13.1000,13.1500,13.8400,150000,2005471.0000,3,0.274853,1,-4.985553,50.735954,1.934445,15.408871,6.866004,0
2001-10-11,sh.600730,13.2000,13.4800,12.7500,12.7500,13.1500,227100,2943943.0000,3,0.416128,1,-3.041822,49.192655,1.875603,14.940160,6.657152,0
2001-10-12,sh.600730,12.7500,13.5500,12.6800,13.2500,12.7500,368542,4843944.0000,3,0.675300,1,3.921569,51.121779,1.949156,15.526048,6.918217,0
2001-10-15,sh.600730,13.2500,13.7000,13.1000,13.5000,13.2500,203980,2742212.0000,3,0.373764,1,1.886792,52.086341,1.985933,15.818993,7.048749,0
2001-10-16,sh.600730,13.5400,13.5900,13.2800,13.2900,13.5000,82800,1105947.0000,3,0.151719,1,-1.555556,51.276109,1.955040,15.572919,6.939102,0
2001-10-17,sh.600730,13.2500,13.4000,13.0000,13.0100,13.2900,82593,1084929.0000,3,0.151340,1,-2.106845,50.195799,1.913851,15.244822,6.792906,0
2001-10-18,sh.600730,13.0100,13.3000,12.9000,13.0200,13.0100,82680,1078477.0000,3,0.151499,1,0.076866,50.234382,1.915322,15.256540,6.798127,0
2001-10-19,sh.600730,13.0500,13.1900,12.4500,12.5000,13.0200,205012,2607867.0000,3,0.375655,1,-3.993859,48.228093,1.838826,14.647215,6.526620,0
2001-10-22,sh.600730,12.4300,12.6100,11.9200,11.9900,12.5000,216539,2653799.0000,3,0.396776,1,-4.080002,46.260387,1.763802,14.049609,6.260334,0
2001-10-23,sh.600730,13.1900,13.1900,12.8800,13.1900,11.9900,2586505,34041148.0000,3,4.739394,1,10.008340,50.890284,1.940330,15.455742,6.886889,0
2001-10-24,sh.600730,13.7800,14.3600,13.1800,13.8000,13.1900,2344984,31760644.0000,3,4.296842,1,4.624720,53.243815,2.030064,16.170526,7.205388,0
2001-10-25,sh.600730,13.6900,13.9600,13.2000,13.3000,13.8000,976265,13189947.0000,3,1.788864,1,-3.623188,51.314691,1.956511,15.584637,6.944323,0
2001-10-26,sh.600730,13.3800,13.5600,13.2200,13.5000,13.3000,505833,6764394.0000,3,0.926865,1,1.503758,52.086341,1.985933,15.818993,7.048749,0
2001-10-29,sh.600730,13.5000,13.7700,13.4800,13.6600,13.5000,214200,2925660.0000,3,0.392490,1,1.185184,52.703660,2.009470,16.006477,7.132290,0
2001-10-30,sh.600730,13.6000,13.6600,13.4000,13.4700,13.6600,158240,2138278.0000,3,0.289952,1,-1.390919,51.970593,1.981519,15.783839,6.979285,0
2001-10-31,sh.600730,13.4000,13.5500,13.2100,13.5500,13.4700,167450,2229204.0000,3,0.306828,1,0.593912,52.279253,1.993288,15.877582,7.020736,0
2001-11-01,sh.600730,13.5600,13.8500,13.4100,13.6400,13.5500,220337,3010231.0000,3,0.403736,1,0.664208,52.626495,2.006527,15.983042,7.067368,0
2001-11-02,sh.600730,13.5500,13.6500,13.3100,13.4000,13.6400,240699,3239018.0000,3,0.441046,1,-1.759536,51.700516,1.971222,15.701815,6.943016,0
2001-11-05,sh.600730,13.3000,13.3500,13.0100,13.1100,13.4000,150499,1978657.0000,3,0.275768,1,-2.164179,50.581624,1.928561,15.362000,6.792756,0
2001-11-06,sh.600730,13.0500,13.2900,13.0200,13.1000,13.1100,82148,1079298.0000,3,0.150524,1,-0.076272,50.543042,1.927090,15.350282,6.787575,0
2001-11-07,sh.600730,14.1000,14.1000,12.5000,12.6000,13.1000,673257,8821493.0000,3,1.233646,1,-3.816794,48.613918,1.853537,14.764393,6.528507,0
2001-11-08,sh.600730,12.5000,12.7900,12.2000,12.7500,12.6000,238088,2996793.0000,3,0.436262,1,1.190473,49.192655,1.875603,14.940160,6.606228,0
2001-11-09,sh.600730,12.7000,13.0800,12.4000,12.9200,12.7500,221272,2828432.0000,3,0.405449,1,1.333334,49.848557,1.900611,15.139362,6.694311,0
2001-11-12,sh.600730,13.0200,13.2000,12.8000,12.9000,12.9200,164895,2150740.0000,3,0.302146,1,-0.154802,49.771392,1.897669,15.115926,6.683948,0
2001-11-13,sh.600730,12.8000,12.8900,12.6000,12.7300,12.9000,77420,984931.0000,3,0.141861,1,-1.317830,49.115490,1.872661,14.916724,6.595865,0
2001-11-14,sh.600730,12.7000,12.9500,12.6100,12.6500,12.7300,82110,1045506.0000,3,0.150455,1,-0.628436,48.806830,1.860892,14.822982,6.554414,0
2001-11-15,sh.600730,12.7800,12.9600,12.6500,12.7800,12.6500,129800,1661177.0000,3,0.237840,1,1.027669,49.308403,1.880016,14.975313,6.621772,0
2001-11-16,sh.600730,13.9000,13.9000,13.1800,13.2000,12.7800,763017,10234683.0000,3,1.398118,1,3.286386,50.928867,1.941801,15.467460,6.839389,0
2001-11-19,sh.600730,13.0100,13.4900,13.0100,13.4800,13.2000,313352,4188067.0000,3,0.574172,1,2.121210,52.009176,1.982990,15.795557,6.984466,0
2001-11-20,sh.600730,13.4800,13.7300,13.4000,13.6100,13.4800,514312,7001821.0000,3,0.942402,1,0.964392,52.510748,2.002114,15.947888,7.051824,0
2001-11-21,sh.600730,13.6100,13.7200,13.4000,13.6700,13.6100,324210,4406186.0000,3,0.594068,1,0.440855,52.742243,2.010941,16.018195,7.082912,0
2001-11-22,sh.600730,13.7500,13.7800,13.6100,13.7100,13.6700,326122,4463841.0000,3,0.597571,1,0.292611,52.896573,2.016825,16.065066,7.103638,0
2001-11-23,sh.600730,13.7000,14.0500,13.6000,13.8500,13.7100,623487,8622011.0000,3,1.142449,1,1.021155,53.436727,2.037420,16.229115,7.176177,0
2001-11-26,sh.600730,13.8500,13.8500,13.4000,13.7900,13.8500,226815,3107038.0000,3,0.415606,1,-0.433216,53.205233,2.028593,16.158808,7.145088,0
2001-11-27,sh.600730,13.8000,14.0000,13.7500,13.9900,13.7900,393176,5479637.0000,3,0.720438,1,1.450325,53.976882,2.058015,16.393164,7.248716,0
2001-11-28,sh.600730,13.9500,14.3300,13.9500,14.1000,13.9900,895045,12691668.0000,3,1.640040,1,0.786280,54.401289,2.074196,16.522059,7.305710,0
2001-11-29,sh.600730,14.1400,14.2300,13.9800,14.1500,14.1000,389881,5514816.0000,3,0.714400,1,0.354604,54.594202,2.081552,16.580648,7.331617,0
2001-11-30,sh.600730,14.1000,14.2000,13.9800,14.2000,14.1500,368749,5191485.0000,3,0.675679,1,0.353358,54.787114,2.088907,16.639237,7.357524,0
2001-12-03,sh.600730,14.2100,14.5500,14.1300,14.3000,14.2000,1402985,20181224.0000,3,2.570766,1,0.704228,55.172939,2.103617,16.756414,7.409338,0
2001-12-04,sh.600730,14.2800,14.4100,14.1800,14.3700,14.3000,265347,3788798.0000,3,0.486210,1,0.489508,55.443016,2.113915,16.838439,7.445607,0
2001-12-05,sh.600730,14.2600,14.3700,13.9000,13.9000,14.3700,554216,7785088.0000,3,1.015520,1,-3.270705,53.629640,2.044775,16.287704,7.202083,0
2001-12-06,sh.600730,13.8100,14.0900,13.8100,14.0400,13.9000,312864,4370567.0000,3,0.573278,1,1.007197,54.169794,2.065370,16.451752,7.274622,0
2001-12-07,sh.600730,14.1200,14.1300,13.8000,13.8700,14.0400,311170,4341066.0000,3,0.570174,1,-1.210827,53.513892,2.040362,16.252550,7.186539,0
2001-12-10,sh.600730,13.8000,13.9300,13.7300,13.8800,13.8700,195166,2696455.0000,3,0.357613,1,0.072100,53.552475,2.041833,16.264268,7.191721,0
2001-12-11,sh.600730,13.9300,13.9400,13.6600,13.6900,13.8800,267600,3686750.0000,3,0.490338,1,-1.368880,52.819408,2.013883,16.041630,7.093275,0
2001-12-12,sh.600730,13.9800,13.9800,13.6200,13.6800,13.6900,174115,2389169.0000,3,0.319040,1,-0.073041,52.780825,2.012412,16.029913,7.088094,0
2001-12-13,sh.600730,13.7000,13.7400,13.2200,13.2800,13.6800,288730,3883077.0000,3,0.529056,1,-2.923981,51.237526,1.953569,15.561202,6.880839,0
2001-12-14,sh.600730,13.2300,13.4500,13.0300,13.1800,13.2800,165796,2186179.0000,3,0.303797,1,-0.753008,50.851702,1.938859,15.444024,6.829026,0
2001-12-17,sh.600730,13.1500,13.2800,13.1000,13.1700,13.1800,98124,1292139.0000,3,0.179798,1,-0.075874,50.813119,1.937388,15.432306,6.823844,0
2001-12-18,sh.600730,13.2300,13.6000,13.1700,13.5200,13.1700,232210,3111855.0000,3,0.425491,1,2.657558,52.163506,1.988875,15.842428,7.005192,0
2001-12-19,sh.600730,13.5000,13.5500,13.2900,13.3000,13.5200,115000,1544119.0000,3,0.210721,1,-1.627221,51.314691,1.956511,15.584637,6.891202,0
2001-12-20,sh.600730,13.2800,13.2800,12.8000,12.8600,13.3000,216655,2803461.0000,3,0.396989,1,-3.308275,49.617062,1.891785,15.069055,6.663222,0
2001-12-21,sh.600730,12.7100,13.1500,12.7100,12.9000,12.8600,203500,2618251.0000,3,0.372884,1,0.311042,49.771392,1.897669,15.115926,6.683948,0
2001-12-24,sh.600730,12.9000,12.9000,12.5800,12.6000,12.9000,149800,1895960.0000,3,0.274487,1,-2.325576,48.613918,1.853537,14.764393,6.528507,0
2001-12-25,sh.600730,12.3200,12.7500,12.3200,12.6300,12.6000,76536,961879.0000,3,0.140241,1,0.238093,48.729665,1.857950,14.799547,6.544051,0
2001-12-26,sh.600730,12.5000,12.8600,12.5000,12.7500,12.6300,123832,1571523.0000,3,0.226904,1,0.950118,49.192655,1.875603,14.940160,6.606228,0
2001-12-27,sh.600730,12.7500,12.8800,12.6700,12.6700,12.7500,131150,1672871.0000,3,0.240313,1,-0.627450,48.883995,1.863834,14.846418,6.564777,0
2001-12-28,sh.600730,12.7000,12.7100,12.4500,12.5500,12.6700,280982,3525628.0000,3,0.514859,1,-0.947118,48.421006,1.846182,14.705804,6.502600,0
2001-12-31,sh.600730,12.6600,12.8800,12.5500,12.7000,12.5500,189913,2418862.0000,3,0.347988,1,1.195216,48.999743,1.868248,14.881571,6.580321,0
2002-01-04,sh.600730,12.7000,12.8000,12.3500,12.3500,12.7000,192900,2406352.0000,3,0.353461,1,-2.755901,47.649356,1.816761,14.471449,6.398973,0
2002-01-07,sh.600730,12.2500,12.3800,12.2500,12.3000,12.3500,116859,1435806.0000,3,0.214127,1,-0.404860,47.456444,1.809405,14.412860,6.373067,0
2002-01-08,sh.600730,12.3500,12.4400,12.1500,12.1600,12.3000,63900,784770.0000,3,0.117087,1,-1.138214,46.916289,1.788810,14.248811,6.300528,0
2002-01-09,sh.600730,12.1500,12.2000,11.5600,11.6900,12.1600,227399,2702065.0000,3,0.416676,1,-3.865134,45.102913,1.719670,13.698076,6.057004,0
2002-01-10,sh.600730,11.6500,12.1500,11.4800,12.0900,11.6900,308253,3608536.0000,3,0.564829,1,3.421733,46.646212,1.778513,14.166787,6.264258,0
2002-01-11,sh.600730,11.9300,11.9300,11.5000,11.5000,12.0900,180800,2107676.0000,3,0.331290,1,-4.880067,44.369846,1.691720,13.475438,5.958558,0
2002-01-14,sh.600730,11.3800,11.5000,10.3500,10.3500,11.5000,625000,6748781.0000,3,1.145222,1,-9.999996,39.932861,1.522548,12.127894,5.362702,0
2002-01-15,sh.600730,10.0100,10.3600,9.4200,9.4700,10.3500,968574,9551740.0000,3,1.774771,1,-8.502417,36.537603,1.393095,11.096730,4.906743,0
2002-01-16,sh.600730,9.7000,9.8000,9.1600,9.7600,9.4700,1097239,10417496.0000,3,2.010531,1,3.062301,37.656495,1.435756,11.436546,5.057002,0
2002-01-17,sh.600730,9.6800,9.6900,9.1800,9.2500,9.7600,463683,4370194.0000,3,0.849632,1,-5.225412,35.688789,1.360732,10.838939,4.792753,0
2002-01-18,sh.600730,9.1800,9.5200,8.8000,9.3000,9.2500,527953,4884252.0000,3,0.967397,1,0.540543,35.881701,1.368087,10.897528,4.818660,0
2002-01-21,sh.600730,9.2900,9.6000,8.6000,8.9000,9.3000,418659,3766352.0000,3,0.767132,1,-4.301081,34.338402,1.309244,10.428817,4.611406,0
2002-01-22,sh.600730,8.8000,9.4900,8.7900,9.0000,8.9000,392651,3594094.0000,3,0.719476,1,1.123600,34.724227,1.323955,10.545995,4.663219,0
2002-01-23,sh.600730,8.9500,9.8800,8.8500,9.8200,9.0000,535461,5041958.0000,3,0.981154,1,9.111108,37.887990,1.444582,11.506852,5.088091,0
2002-01-24,sh.600730,9.7900,10.2000,9.4000,9.9900,9.8200,945403,9380495.0000,3,1.732314,1,1.731162,38.543892,1.469590,11.706055,5.176174,0
2002-01-25,sh.600730,9.6200,10.2500,9.6200,9.9900,9.9900,586167,5906502.0000,3,1.074066,1,0.000000,38.543892,1.469590,11.706055,5.176174,0
2002-01-28,sh.600730,9.9000,10.0800,9.1000,9.1100,9.9900,765273,7346852.0000,3,1.402251,1,-8.808810,35.148634,1.340137,10.674891,4.720214,0
2002-01-29,sh.600730,9.0000,9.6000,8.9100,9.4800,9.1100,468601,4415114.0000,3,0.858643,1,4.061470,36.576186,1.394566,11.108448,4.911925,0
2002-01-30,sh.600730,10.3000,10.4300,10.3000,10.4300,9.4800,787685,8214828.0000,3,1.443318,1,10.021110,40.241521,1.534317,12.221637,5.404153,0
2002-01-31,sh.600730,10.5800,11.4200,10.5600,11.1500,10.4300,3471251,38229636.0000,3,6.360563,1,6.903157,43.019459,1.640233,13.065316,5.777211,0
2002-02-01,sh.600730,11.1500,11.7400,11.0100,11.4600,11.1500,2447052,27920965.0000,3,4.483867,1,2.780273,44.215516,1.685836,13.428567,5.937833,0
2002-02-04,sh.600730,11.4800,12.1900,11.4500,12.1700,11.4600,2310065,27616142.0000,3,4.232858,1,6.195463,46.954872,1.790281,14.260529,6.305709,0
2002-02-05,sh.600730,12.2800,12.3000,11.6600,11.9200,12.1700,1567810,18627000.0000,3,2.872784,1,-2.054232,45.953961,1.382181,27.971676,5.622687,0
2002-02-06,sh.600730,11.9200,11.9200,11.6000,11.6100,11.9200,1340485,15683851.0000,3,2.456244,1,-2.600675,44.758849,1.346235,27.244225,5.476459,0
2002-02-07,sh.600730,11.5500,12.5000,11.5100,12.3600,11.6100,2335306,28741639.0000,3,4.279109,1,6.459949,47.650248,1.433201,29.004187,5.830235,0
2002-02-08,sh.600730,12.4700,12.6100,12.2000,12.2500,12.3600,1070969,13230806.0000,3,1.962395,1,-0.889965,47.226176,1.420446,28.746059,5.778348,0
2002-02-25,sh.600730,12.6500,12.6900,12.1600,12.2400,12.2500,849687,10473490.0000,3,1.556928,1,-0.081635,47.187624,1.419287,28.722593,5.773631,0
2002-02-26,sh.600730,12.2100,12.2100,11.7800,12.1900,12.2400,767242,9196496.0000,3,1.405859,1,-0.408498,46.994864,1.413489,28.605262,5.750046,0
2002-02-27,sh.600730,12.1800,12.2800,12.0200,12.1200,12.1900,484042,5878083.0000,3,0.886937,1,-0.574239,46.725000,1.405372,28.440999,5.717027,0
2002-02-28,sh.600730,12.1200,12.5000,11.9800,12.1300,12.1200,661777,8125004.0000,3,1.212610,1,0.082510,46.763552,1.406532,28.464465,5.721744,0
2002-03-01,sh.600730,12.1000,12.1200,11.8300,11.8800,12.1300,694730,8283593.0000,3,1.272992,1,-2.061006,45.799753,1.377543,27.877811,5.603818,0
2002-03-04,sh.600730,11.8000,12.2000,11.7400,12.1700,11.8800,376095,4498038.0000,3,0.689139,1,2.441077,46.917760,1.411170,28.558330,5.740612,0
2002-03-05,sh.600730,12.1500,12.5300,12.1100,12.4200,12.1700,1135661,14085763.0000,3,2.080934,1,2.054232,47.881560,1.440159,29.144984,5.858537,0
2002-03-06,sh.600730,12.4800,12.7900,12.3900,12.4200,12.4200,1504632,18984061.0000,3,2.757019,1,0.000000,47.881560,1.440159,29.144984,5.858537,0
2002-03-07,sh.600730,12.4100,12.8800,12.3800,12.8000,12.4200,1407500,17850979.0000,3,2.579039,1,3.059582,49.346535,1.484221,30.036699,6.037784,0
2002-03-08,sh.600730,12.9000,13.5000,12.8200,13.2500,12.8000,2196200,28949495.0000,3,4.024217,1,3.515624,51.081374,1.536401,31.092677,6.250050,0
2002-03-12,sh.600730,13.3800,13.6800,13.1700,13.2600,13.2500,1924761,25807057.0000,3,3.526845,1,0.075473,51.119926,1.537561,31.116143,6.254767,0
2002-03-13,sh.600730,13.1600,13.2900,12.7500,12.8000,13.2600,995889,12930398.0000,3,1.824822,1,-3.469080,49.346535,1.484221,30.036699,6.037784,0
2002-03-14,sh.600730,12.7800,13.4000,12.7200,13.3500,12.8000,864341,11244947.0000,3,1.583779,1,4.296876,51.466894,1.547997,31.327338,6.297220,0
2002-03-15,sh.600730,13.3600,13.6000,12.7800,12.7900,13.3500,1155266,15308647.0000,3,2.116857,1,-4.194759,49.307983,1.483062,30.013233,6.033067,0
2002-03-18,sh.600730,13.0100,13.3000,12.7200,12.8700,12.7900,603599,7801118.0000,3,1.106007,1,0.625488,49.616399,1.492338,30.200962,6.070803,0
2002-03-19,sh.600730,12.8500,13.2600,12.8000,13.2500,12.8700,586907,7692283.0000,3,1.075422,1,2.952604,51.081374,1.536401,31.092677,6.250050,0
2002-03-20,sh.600730,13.2000,13.6500,13.2000,13.4300,13.2500,1373251,18505046.0000,3,2.516283,1,1.358493,51.775310,1.557273,31.515068,6.334956,0
2002-03-21,sh.600730,13.4000,13.6700,13.2700,13.4500,13.4300,863598,11646489.0000,3,1.582418,1,0.148917,51.852414,1.559592,31.562000,6.344390,0
2002-03-22,sh.600730,13.4800,13.5000,13.0500,13.1600,13.4500,719949,9497091.0000,3,1.319202,1,-2.156134,50.734406,1.525965,30.881481,6.207597,0
2002-03-25,sh.600730,13.3800,13.3800,13.1600,13.3000,13.1600,681650,9031016.0000,3,1.249025,1,1.063832,51.274134,1.542199,31.210007,6.273635,0
2002-03-26,sh.600730,13.3500,13.3500,12.8500,12.9200,13.3000,672768,8750017.0000,3,1.232750,1,-2.857144,49.809159,1.498136,30.318293,6.094388,0
2002-03-27,sh.600730,12.9500,13.0000,12.8500,13.0000,12.9200,363897,4707882.0000,3,0.666788,1,0.619194,50.117574,1.507412,30.506022,6.132125,0
2002-03-28,sh.600730,13.0000,13.1200,12.8800,12.9500,13.0000,323106,4196011.0000,3,0.592045,1,-0.384617,49.924815,1.501615,30.388691,6.108539,0
2002-03-29,sh.600730,12.9000,12.9000,12.3000,12.4800,12.9500,785502,9889317.0000,3,1.439318,1,-3.629346,48.112871,1.447116,29.285781,5.886840,0
2002-04-01,sh.600730,12.3800,12.5800,12.2800,12.5000,12.4800,283866,3537271.0000,3,0.520143,1,0.160260,48.189975,1.449435,29.332714,5.896274,0
2002-04-02,sh.600730,12.4800,12.5000,12.0500,12.1000,12.5000,348079,4247217.0000,3,0.637804,1,-3.199997,46.647896,1.403053,28.394067,5.707593,0
2002-04-03,sh.600730,12.2000,12.3000,12.0100,12.1800,12.1000,261052,3174997.0000,3,0.478340,1,0.661156,46.956312,1.412330,28.581796,5.745329,0
2002-04-04,sh.600730,12.1800,12.8000,12.1000,12.7800,12.1800,522014,6549283.0000,3,0.956515,1,4.926104,49.269431,1.481902,29.989767,6.028350,0
2002-04-05,sh.600730,12.8000,13.1000,12.7900,12.8600,12.7800,627437,8100080.0000,3,1.149687,1,0.625977,49.577847,1.491179,30.177496,6.066086,0
2002-04-08,sh.600730,12.8600,12.9800,12.7800,12.9200,12.8600,224136,2886585.0000,3,0.410697,1,0.466566,49.809159,1.498136,30.318293,6.094388,0
2002-04-09,sh.600730,12.9000,13.4200,12.9000,13.3600,12.9200,760647,10059881.0000,3,1.393775,1,3.405570,51.505446,1.549156,31.350804,6.301937,0
2002-04-10,sh.600730,13.4000,14.1800,13.2000,13.7000,13.3600,2389126,32928924.0000,3,4.377726,1,2.544911,52.816213,1.588581,32.148654,6.462316,0
2002-04-11,sh.600730,13.6700,13.6900,13.2000,13.2400,13.7000,893951,12013330.0000,3,1.638035,1,-3.357665,51.042822,1.535242,31.069210,6.245333,0
2002-04-12,sh.600730,13.1800,13.4900,13.1800,13.3100,13.2400,487358,6520713.0000,3,0.893013,1,0.528706,51.312686,1.543358,31.233474,6.278352,0
2002-04-15,sh.600730,13.3000,13.6400,13.3000,13.5100,13.3100,563889,7610452.0000,3,1.033245,1,1.502628,52.083725,1.566549,31.702797,6.372693,0
2002-04-16,sh.600730,13.8800,13.9000,13.3300,13.4500,13.5100,383931,5193329.0000,3,0.703498,1,-0.444119,51.852414,1.559592,31.562000,6.344390,0
2002-04-17,sh.600730,13.5000,13.6100,13.2000,13.3400,13.4500,258923,3452348.0000,3,0.474439,1,-0.817841,51.428342,1.546837,31.303872,6.292503,0
2002-04-18,sh.600730,13.4800,13.5000,13.0500,13.0800,13.3400,365710,4839480.0000,3,0.670110,1,-1.949027,50.425990,1.516689,30.693752,6.169861,0
2002-04-19,sh.600730,13.0800,13.2800,12.8100,13.2400,13.0800,420557,5477527.0000,3,0.770610,1,1.223240,51.042822,1.535242,31.069210,6.245333,0
2002-04-22,sh.600730,13.0500,13.2200,12.9100,12.9500,13.2400,316780,4131797.0000,3,0.580453,1,-2.190332,49.924815,1.501615,30.388691,6.108539,0
2002-04-23,sh.600730,12.9000,13.1200,12.9000,12.9600,12.9500,225394,2936923.0000,3,0.413002,1,0.077222,49.963366,1.502774,30.412158,6.113256,0
2002-04-24,sh.600730,12.9600,13.0500,12.8000,12.8200,12.9600,296620,3822940.0000,3,0.543513,1,-1.080250,49.423639,1.486541,30.083631,6.047218,0
2002-04-25,sh.600730,12.8000,12.9600,12.7800,12.9100,12.8200,259880,3342839.0000,3,0.476192,1,0.702029,49.770607,1.496977,30.294827,6.089671,0
2002-04-26,sh.600730,12.9600,13.4100,12.9600,13.3500,12.9100,491649,6529696.0000,3,0.900875,1,3.408215,51.466894,1.547997,31.327338,6.297220,0
2002-04-29,sh.600730,13.4000,13.7800,13.4000,13.7200,13.3500,1312504,17933979.0000,3,2.404973,1,2.771535,52.893317,1.590900,32.195587,6.416175,0
2002-04-30,sh.600730,13.8000,13.8900,13.5000,13.6200,13.7200,668507,9119477.0000,3,1.224942,1,-0.728866,52.507797,1.579304,31.960925,6.369409,0
2002-05-08,sh.600730,13.5200,13.5200,13.3100,13.3200,13.6200,245750,3294039.0000,3,0.450301,1,-2.202645,51.351238,1.544518,31.256940,6.229114,0
2002-05-09,sh.600730,13.2800,13.5000,13.1500,13.3100,13.3200,222840,2976942.0000,3,0.408322,1,-0.075070,51.312686,1.543358,31.233474,6.224438,0
2002-05-10,sh.600730,13.3100,13.6200,13.1100,13.1600,13.3100,530902,7056318.0000,3,0.972801,1,-1.126976,50.734406,1.525965,30.881481,6.154290,0
2002-05-13,sh.600730,13.2000,13.3700,13.1000,13.2300,13.1600,205099,2705418.0000,3,0.375814,1,0.531913,51.004270,1.534082,31.045744,6.187025,0
2002-05-14,sh.600730,13.2000,13.6100,13.1800,13.2800,13.2300,482612,6484511.0000,3,0.884316,1,0.377930,51.197030,1.539880,31.163075,6.210408,0
2002-05-15,sh.600730,13.3000,13.3500,12.9700,12.9900,13.2800,431393,5667827.0000,3,0.790465,1,-2.183735,50.079022,1.506253,30.482556,6.074789,0
2002-05-16,sh.600730,12.9200,13.0000,12.5600,12.5800,12.9900,592363,7567200.0000,3,1.085419,1,-3.156273,48.498391,1.458711,29.520443,5.883052,0
2002-05-17,sh.600730,12.5800,12.9500,12.5500,12.8300,12.5800,517459,6594353.0000,3,0.948168,1,1.987281,49.462191,1.487700,30.107097,5.999965,0
2002-05-20,sh.600730,12.8400,12.8500,12.4600,12.6200,12.8300,325798,4101090.0000,3,0.596977,1,-1.636789,48.652599,1.463350,29.614308,5.901758,0
2002-05-21,sh.600730,12.8500,13.5800,12.8500,13.0500,12.6200,1458400,19222340.0000,3,2.672306,1,3.407292,50.310334,1.513210,30.623353,6.102848,0
2002-05-22,sh.600730,13.1200,13.5000,13.0600,13.1000,13.0500,1305254,17324035.0000,3,2.391688,1,0.383143,50.503094,1.519008,30.740684,6.126231,0
2002-05-23,sh.600730,13.3000,13.4700,13.1100,13.1800,13.1000,542744,7175303.0000,3,0.994499,1,0.610686,50.811510,1.528284,30.928413,6.163643,0
2002-05-24,sh.600730,13.1900,13.2600,12.7800,12.8400,13.1800,356400,4602931.0000,3,0.653051,1,-2.579667,49.500743,1.488860,30.130564,6.004641,0
2002-05-27,sh.600730,12.9900,13.2100,12.6100,12.9300,12.8400,243050,3118983.0000,3,0.445354,1,0.700936,49.847711,1.499296,30.341759,6.046730,0
2002-05-28,sh.600730,12.9500,13.1800,12.9000,12.9700,12.9300,269529,3517283.0000,3,0.493873,1,0.309358,50.001918,1.503934,30.435624,6.065436,0
2002-05-29,sh.600730,12.9900,13.0000,12.5100,12.5700,12.9700,562063,7092052.0000,3,1.029899,1,-3.084044,48.459839,1.457552,29.496977,5.878376,0
2002-05-30,sh.600730,12.5500,12.7000,12.3000,12.5000,12.5700,502502,6257038.0000,3,0.920762,1,-0.556879,48.189975,1.449435,29.332714,5.845640,0
2002-05-31,sh.600730,12.5000,12.5800,12.3500,12.3600,12.5000,244198,3038928.0000,3,0.447457,1,-1.120003,47.650248,1.433201,29.004187,5.780169,0
2002-06-03,sh.600730,12.3000,12.3000,11.6500,11.6900,12.3600,465604,5530890.0000,3,0.853152,1,-5.420713,45.067265,1.355512,27.431954,5.466843,0
2002-06-04,sh.600730,11.7500,11.8700,11.5300,11.7600,11.6900,302199,3547868.0000,3,0.553736,1,0.598808,45.337129,1.363628,27.596217,5.499578,0
2002-06-05,sh.600730,11.7600,11.7800,11.2000,11.2400,11.7600,316030,3590424.0000,3,0.579079,1,-4.421772,43.332426,1.303332,26.375976,5.256400,0
2002-06-06,sh.600730,11.0100,12.2500,11.0100,11.9100,11.2400,513802,5936409.0000,3,0.941467,1,5.960855,45.915409,1.381022,27.948210,5.569726,0
2002-06-07,sh.600730,11.8800,12.2600,11.7100,12.0600,11.9100,643827,7763892.0000,3,1.179719,1,1.259451,46.493688,1.398415,28.300202,5.639874,0
2002-06-10,sh.600730,12.0000,12.0200,11.7600,11.8000,12.0600,266460,3155430.0000,3,0.488249,1,-2.155889,45.491337,1.368267,27.690082,5.518284,0
2002-06-11,sh.600730,11.8500,12.0800,11.8000,11.9600,11.8000,179511,2144187.0000,3,0.328928,1,1.355931,46.108168,1.386819,28.065540,5.593108,0
2002-06-12,sh.600730,11.8400,11.8600,11.6000,11.7500,11.9600,230298,2698946.0000,3,0.421988,1,-1.755853,45.298577,1.362469,27.572751,5.494902,0
2002-06-13,sh.600730,11.7500,11.8000,11.5500,11.5500,11.7500,180499,2103070.0000,3,0.330738,1,-1.702126,44.527537,1.339278,27.103427,5.401371,0
2002-06-14,sh.600730,11.5000,11.6500,11.3600,11.3700,11.5500,180228,2063846.0000,3,0.330242,1,-1.558444,43.833602,1.318406,26.681036,5.317194,0
2002-06-17,sh.600730,11.2500,11.4000,11.2000,11.3400,11.3700,149660,1693731.0000,3,0.274230,1,-0.263850,43.717946,1.314927,26.610638,5.303165,0
2002-06-18,sh.600730,11.4400,11.7500,11.4400,11.6600,11.3400,184499,2149652.0000,3,0.338068,1,2.821867,44.951609,1.352033,27.361555,5.452813,0
2002-06-19,sh.600730,11.6100,11.6600,11.4100,11.4300,11.6600,95700,1101400.0000,3,0.175356,1,-1.972552,44.064914,1.325363,26.821833,5.345253,0
2002-06-20,sh.600730,11.5300,11.7800,11.5000,11.5200,11.4300,98680,1144567.0000,3,0.180817,1,0.787403,44.411881,1.335799,27.033029,5.387342,0
2002-06-21,sh.600730,11.6200,12.1000,11.6000,12.0000,11.5200,696730,8329255.0000,3,1.276656,1,4.166663,46.262376,1.391458,28.159405,5.611814,0
2002-06-24,sh.600730,13.2000,13.2000,12.7600,13.2000,12.0000,2114065,27611471.0000,3,3.873717,1,9.999999,50.888614,1.530603,30.975346,6.172996,0
2002-06-25,sh.600730,13.4000,13.4000,13.0000,13.0400,13.2000,1619937,21400081.0000,3,2.968299,1,-1.212120,50.271782,1.512051,30.599887,6.098172,0
2002-06-26,sh.600730,12.8700,13.6600,12.6500,13.2900,13.0400,1303634,17397234.0000,3,2.388720,1,1.917178,51.235582,1.541039,31.186541,6.215085,0
2002-06-27,sh.600730,13.3000,13.3900,13.0200,13.1000,13.2900,543403,7165201.0000,3,0.995707,1,-1.429643,50.503094,1.519008,30.740684,6.126231,0
2002-06-28,sh.600730,13.2900,13.4500,12.9500,13.0800,13.1000,751460,9874521.0000,3,1.376941,1,-0.152675,50.425990,1.516689,30.693752,6.116878,0
2002-07-01,sh.600730,13.1500,13.4100,13.0000,13.0300,13.0800,517632,6822406.0000,3,0.948485,1,-0.380000,50.233230,1.510891,30.576421,6.093495,0
2002-07-02,sh.600730,13.0300,13.2700,12.9300,13.2600,13.0300,420367,5514811.0000,3,0.770261,1,1.770000,51.119926,1.537561,31.116143,6.201055,0
2002-07-03,sh.600730,13.3700,13.3700,13.1800,13.2900,13.2600,325853,4317221.0000,3,0.597078,1,0.230000,51.235582,1.541039,31.186541,6.215085,0
2002-07-04,sh.600730,13.2900,13.3000,13.0000,13.0600,13.2900,343110,4490340.0000,3,0.628699,1,-1.730000,50.348886,1.514370,30.646819,6.107525,0
2002-07-05,sh.600730,13.0000,13.2700,13.0000,13.1800,13.0600,278874,3659244.0000,3,0.510996,1,0.920000,50.811510,1.528284,30.928413,6.163643,0
2002-07-08,sh.600730,13.2100,13.4500,13.0800,13.4000,13.1800,730436,9730590.0000,3,1.338418,1,1.670000,51.659654,1.553794,31.444669,6.266526,0
2002-07-09,sh.600730,13.4500,13.6600,13.2500,13.5900,13.4000,1891903,25639116.0000,3,3.466637,1,1.420000,52.392141,1.575826,31.890526,6.355380,0
2002-07-10,sh.600730,13.7800,13.8000,13.0800,13.1700,13.5900,1537075,20531738.0000,3,2.816466,1,-3.090000,50.772958,1.527125,30.904947,6.158966,0
2002-07-11,sh.600730,13.0900,13.3400,13.0900,13.1600,13.1700,530681,7025414.0000,3,0.972396,1,-0.080000,50.734406,1.525965,30.881481,6.154290,0
2002-07-12,sh.600730,13.1800,13.3000,13.1400,13.1900,13.1600,312109,4123289.0000,3,0.571894,1,0.230000,50.850062,1.529444,30.951880,6.168319,0
2002-07-15,sh.600730,13.1900,13.2900,13.0000,13.2800,13.1900,354027,4660725.0000,3,0.648703,1,0.680000,51.197030,1.539880,31.163075,6.210408,0
2002-07-16,sh.600730,13.3700,13.5000,13.2300,13.2500,13.2800,584108,7808750.0000,3,1.070293,1,-0.230000,51.081374,1.536401,31.092677,6.196378,0
2002-07-17,sh.600730,13.2200,13.3400,13.0800,13.3200,13.2500,203908,2682463.0000,3,0.373632,1,0.530000,51.351238,1.544518,31.256940,6.229114,0
2002-07-18,sh.600730,13.3500,13.3800,13.2000,13.2900,13.3200,196789,2616660.0000,3,0.360587,1,-0.230000,51.235582,1.541039,31.186541,6.215085,0
2002-07-19,sh.600730,13.3000,13.5500,13.3000,13.4900,13.2900,1071370,14444685.0000,3,1.963130,1,1.500000,52.006621,1.564230,31.655865,6.308615,0
2002-07-22,sh.600730,13.3800,13.5000,13.1000,13.1200,13.4900,538835,7154014.0000,3,0.987337,1,-2.740000,50.580198,1.521327,30.787616,6.135584,0
2002-07-23,sh.600730,13.1500,13.2500,13.0500,13.1200,13.1200,239480,3142275.0000,3,0.438812,1,0.000000,50.580198,1.521327,30.787616,6.135584,0
2002-07-24,sh.600730,13.1500,13.2000,13.0300,13.0700,13.1200,237210,3101042.0000,3,0.434653,1,-0.380000,50.387438,1.515529,30.670285,6.112201,0
2002-07-25,sh.600730,13.1000,13.2600,13.0500,13.0600,13.0700,182769,2392533.0000,3,0.334898,1,-0.080000,50.348886,1.514370,30.646819,6.107525,0
2002-07-26,sh.600730,13.1000,13.1800,13.0300,13.0500,13.0600,164966,2154624.0000,3,0.302276,1,-0.076571,50.310334,1.513210,30.623353,6.102848,0
2002-07-29,sh.600730,13.0000,13.0200,12.6800,12.7800,13.0500,404907,5181507.0000,3,0.741933,1,-2.070000,49.269431,1.481902,29.989767,5.976582,0
2002-07-30,sh.600730,12.6500,12.8500,12.6400,12.7200,12.7800,180124,2287994.0000,3,0.330051,1,-0.470000,49.038119,1.474945,29.848969,5.948523,0
2002-07-31,sh.600730,12.7300,12.8800,12.6300,12.7000,12.7200,176674,2252821.0000,3,0.323729,1,-0.160000,48.961015,1.472626,29.802037,5.939170,0
2002-08-01,sh.600730,12.7000,12.7500,12.5800,12.6400,12.7000,167131,2109278.0000,3,0.306243,1,-0.470000,48.729703,1.465669,29.661240,5.911111,0
2002-08-02,sh.600730,12.6000,12.7100,12.6000,12.6500,12.6400,84392,1068326.0000,3,0.154636,1,0.080000,48.768255,1.466828,29.684706,5.915788,0
2002-08-05,sh.600730,12.6600,12.7000,12.5600,12.6100,12.6500,83700,1054279.0000,3,0.153368,1,-0.320000,48.614047,1.462190,29.590842,5.897082,0
2002-08-06,sh.600730,12.5700,12.8000,12.5200,12.7100,12.6100,100532,1277837.0000,3,0.184210,1,0.790000,48.999567,1.473786,29.825503,5.943847,0
2002-08-07,sh.600730,12.7300,12.7300,12.6000,12.6200,12.7100,85750,1084639.0000,3,0.157124,1,-0.710000,48.652599,1.463350,29.614308,5.901758,0
2002-08-08,sh.600730,12.7400,12.7500,12.5500,12.5800,12.6200,91610,1156541.0000,3,0.167862,1,-0.320000,48.498391,1.458711,29.520443,5.883052,0
2002-08-09,sh.600730,12.6000,12.6000,12.2600,12.2700,12.5800,330870,4091475.0000,3,0.606271,1,-2.460000,47.303280,1.422765,28.792992,5.738080,0
2002-08-12,sh.600730,12.2000,12.2300,12.0200,12.1800,12.2700,172100,2088126.0000,3,0.315348,1,-0.730000,46.956312,1.412330,28.581796,5.695992,0
2002-08-13,sh.600730,12.2500,12.2600,12.1800,12.2000,12.1800,84100,1027108.0000,3,0.154101,1,0.160000,47.033416,1.414649,28.628729,5.705345,0
2002-08-14,sh.600730,12.3000,12.4000,12.2300,12.3900,12.2000,71313,878012.0000,3,0.130671,1,1.560000,45.520008,1.269676,53.793193,5.650098,0
2002-08-15,sh.600730,12.3900,12.4000,12.2000,12.2700,12.3900,50700,623374.0000,3,0.092900,1,-0.970000,45.079136,1.257379,53.272194,5.595375,0
2002-08-16,sh.600730,12.2500,12.4300,12.1100,12.3600,12.2700,86650,1065657.0000,3,0.158774,1,0.730000,45.409790,1.266602,53.662943,5.636417,0
2002-08-19,sh.600730,12.3000,12.4000,12.2100,12.2200,12.3600,58150,715200.0000,3,0.106551,1,-1.130000,44.895439,1.252255,53.055111,5.572574,0
2002-08-20,sh.600730,12.2100,12.4500,12.2100,12.4300,12.2200,120067,1485046.0000,3,0.220005,1,1.720000,45.666965,1.273775,53.966860,5.668338,0
2002-08-21,sh.600730,12.4100,12.4500,12.3000,12.4300,12.4300,95400,1182148.0000,3,0.174807,1,0.000000,45.666965,1.273775,53.966860,5.668338,0
2002-08-22,sh.600730,12.4500,12.8800,12.3800,12.6500,12.4300,436201,5533743.0000,3,0.799275,1,1.770000,46.475230,1.296320,54.922025,5.768663,0
2002-08-23,sh.600730,12.7200,12.7900,12.5100,12.6000,12.6500,129183,1627461.0000,3,0.236709,1,-0.400000,46.291533,1.291196,54.704942,5.745862,0
2002-08-26,sh.600730,12.6200,12.6600,12.5000,12.5200,12.6000,99428,1250735.0000,3,0.182187,1,-0.630000,45.997619,1.282998,54.357609,5.709380,0
2002-08-27,sh.600730,12.5000,13.2000,12.5000,12.8700,12.5200,476758,6131547.0000,3,0.873590,1,2.800000,47.283495,1.318864,55.877191,5.868988,0
2002-08-28,sh.600730,12.9000,12.9300,12.7200,12.7400,12.8700,147830,1888921.0000,3,0.270877,1,-1.010000,46.805884,1.305542,55.312775,5.809705,0
2002-08-29,sh.600730,12.6900,12.7500,12.5400,12.5600,12.7400,122980,1548144.0000,3,0.225343,1,-1.410000,46.144576,1.287097,54.531276,5.727621,0
2002-08-30,sh.600730,12.6000,12.6000,12.4900,12.5000,12.5600,126579,1585638.0000,3,0.231938,1,-0.480000,45.924140,1.280948,54.270776,5.700260,0
2002-09-02,sh.600730,12.4600,12.6200,12.4500,12.5500,12.5000,127800,1598707.0000,3,0.234175,1,0.400000,46.107837,1.286072,54.487859,5.723061,0
2002-09-03,sh.600730,12.6300,12.7800,12.5500,12.6300,12.5500,101284,1286779.0000,3,0.185588,1,0.640000,46.401751,1.294270,54.835192,5.759543,0
2002-09-04,sh.600730,12.6600,12.9000,12.6200,12.7300,12.6300,193051,2465077.0000,3,0.353738,1,0.790000,46.769144,1.304518,55.269358,5.805145,0
2002-09-05,sh.600730,12.7000,12.7000,12.3600,12.3800,12.7300,231851,2893665.0000,3,0.424833,1,-2.750000,45.483268,1.268651,53.749777,5.645537,0
2002-09-06,sh.600730,12.4200,12.5500,12.4000,12.4000,12.3800,89750,1119439.0000,3,0.164454,1,0.160000,45.556747,1.270701,53.836610,5.654658,0
2002-09-09,sh.600730,12.3800,12.4800,12.3200,12.4000,12.4000,119985,1487127.0000,3,0.219855,1,0.000000,45.556747,1.270701,53.836610,5.654658,0
2002-09-10,sh.600730,12.4000,12.4600,12.3500,12.4100,12.4000,61255,759684.0000,3,0.112241,1,0.080000,45.593486,1.271725,53.880026,5.659218,0
2002-09-11,sh.600730,12.4900,12.5000,12.2100,12.3600,12.4100,109100,1340298.0000,3,0.199910,1,-0.400000,45.409790,1.266602,53.662943,5.636417,0
2002-09-12,sh.600730,12.2800,12.5000,12.2800,12.3700,12.3600,89425,1110848.0000,3,0.163858,1,0.080000,45.446529,1.267626,53.706360,5.640977,0
2002-09-13,sh.600730,12.3800,12.4500,12.3300,12.3600,12.3700,78020,965284.0000,3,0.142960,1,-0.080000,45.409790,1.266602,53.662943,5.636417,0
2002-09-16,sh.600730,12.3100,12.3500,12.1200,12.1900,12.3600,121716,1483745.0000,3,0.223027,1,-1.380000,44.785222,1.249181,52.924861,5.558893,0
2002-09-17,sh.600730,12.2000,12.3500,12.0000,12.2300,12.1900,123359,1501560.0000,3,0.226037,1,0.330000,44.932179,1.253280,53.098527,5.577134,0
2002-09-18,sh.600730,12.1600,12.3400,12.1600,12.2500,12.2300,62200,763492.0000,3,0.113972,1,0.160000,45.005657,1.255329,53.185361,5.586255,0
2002-09-19,sh.600730,12.1500,12.4800,12.1500,12.3900,12.2500,121094,1494052.0000,3,0.221887,1,1.140000,45.520008,1.269676,53.793193,5.650098,0
2002-09-20,sh.600730,12.3100,12.4800,12.2200,12.2600,12.3900,53100,654572.0000,3,0.097298,1,-1.050000,45.042397,1.256354,53.228777,5.590815,0
2002-09-23,sh.600730,12.2000,12.2800,12.1800,12.2100,12.2600,43607,533086.0000,3,0.079903,1,-0.410000,44.858700,1.251230,53.011694,5.568014,0
2002-09-24,sh.600730,12.2000,12.3000,12.2000,12.2200,12.2100,76795,939593.0000,3,0.140716,1,0.080000,44.895439,1.252255,53.055111,5.572574,0
2002-09-25,sh.600730,12.2200,12.3500,12.1200,12.2200,12.2200,79695,972491.0000,3,0.146029,1,0.000000,44.895439,1.252255,53.055111,5.572574,0
2002-09-26,sh.600730,12.1600,12.3000,12.0500,12.1000,12.2200,133550,1621501.0000,3,0.244711,1,-0.980000,44.454568,1.239958,52.534111,5.517852,0
2002-09-27,sh.600730,12.1000,12.1200,11.9600,12.0100,12.1000,150293,1809983.0000,3,0.275390,1,-0.740000,44.123914,1.230735,52.143362,5.476810,0
2002-10-08,sh.600730,11.9800,11.9800,11.7400,11.8500,12.0100,84775,1002107.0000,3,0.155338,1,-1.330000,43.536085,1.214339,51.448696,5.403846,0
2002-10-09,sh.600730,11.8600,11.8600,11.4800,11.5100,11.8500,149800,1732708.0000,3,0.274487,1,-2.870000,42.286948,1.179497,49.972531,5.248799,0
2002-10-10,sh.600730,11.5000,11.6200,11.5000,11.5500,11.5100,102600,1186890.0000,3,0.188000,1,0.350000,42.433906,1.183596,50.146197,5.267040,0
2002-10-11,sh.600730,11.5500,11.6200,11.4300,11.4300,11.5500,69900,803650.0000,3,0.128082,1,-1.040000,41.993034,1.171299,49.625198,5.212318,0
2002-10-14,sh.600730,11.4100,11.6200,11.2500,11.5400,11.4300,89145,1018610.0000,3,0.163345,1,0.960000,42.397166,1.182571,50.102780,5.262480,0
2002-10-15,sh.600730,11.4500,11.6000,11.4000,11.4000,11.5400,48200,554181.0000,3,0.088319,1,-1.210000,41.882816,1.168225,49.494948,5.198637,0
2002-10-16,sh.600730,11.5500,11.6600,11.5000,11.5000,11.4000,100700,1166917.0000,3,0.184518,1,0.880000,42.250209,1.178472,49.929114,5.244239,0
2002-10-17,sh.600730,11.5000,11.5000,11.2000,11.2300,11.5000,83104,941320.0000,3,0.152276,1,-2.350000,41.258248,1.150804,48.756865,5.121114,0
2002-10-18,sh.600730,11.3600,11.3600,11.1500,11.3200,11.2300,89830,1008590.0000,3,0.164600,1,0.800000,41.588901,1.160027,49.147615,5.162155,0
2002-10-21,sh.600730,11.2000,11.3800,11.1700,11.3800,11.3200,47480,534176.0000,3,0.087000,1,0.530000,41.809337,1.166175,49.408114,5.189517,0
2002-10-22,sh.600730,11.4000,11.6200,11.4000,11.5700,11.3800,103241,1191739.0000,3,0.189174,1,1.670000,42.507384,1.185646,50.233030,5.276161,0
2002-10-23,sh.600730,11.5800,11.6000,11.4000,11.5400,11.5700,64860,747519.0000,3,0.118847,1,-0.260000,42.397166,1.182571,50.102780,5.262480,0
2002-10-24,sh.600730,11.5400,11.5400,11.3000,11.3100,11.5400,80544,915285.0000,3,0.147585,1,-1.990000,41.552162,1.159002,49.104198,5.157595,0
2002-10-25,sh.600730,11.3000,11.3800,11.1500,11.1600,11.3100,110550,1241740.0000,3,0.202567,1,-1.330000,41.001072,1.143631,48.452949,5.089192,0
2002-10-28,sh.600730,11.1500,11.1800,10.9000,10.9500,11.1600,125500,1385989.0000,3,0.229960,1,-1.880000,40.229547,1.122111,47.541200,4.993428,0
2002-10-29,sh.600730,11.0000,11.0700,10.6500,10.9500,10.9500,159657,1728837.0000,3,0.292548,1,0.000000,40.229547,1.122111,47.541200,4.993428,0
2002-10-30,sh.600730,11.0000,11.0000,10.8300,10.8700,10.9500,61630,672629.0000,3,0.112928,1,-0.730000,38.072099,0.961045,47.193867,4.894260,0
2002-10-31,sh.600730,10.8700,11.0200,10.8700,10.9000,10.8700,63450,695222.0000,3,0.116263,1,0.280000,38.177174,0.963697,47.324117,4.907768,0
2002-11-01,sh.600730,10.9000,11.0200,10.7500,10.9000,10.9000,67065,728707.0000,3,0.122887,1,0.000000,38.177174,0.963697,47.324117,4.907768,0
2002-11-04,sh.600730,10.9500,11.1900,10.9500,11.1900,10.9000,77532,859421.0000,3,0.142066,1,2.660000,39.192897,0.989337,48.583199,5.038341,0
2002-11-05,sh.600730,11.1200,11.5200,11.1000,11.4300,11.1900,240020,2733557.0000,3,0.439802,1,2.140000,40.033495,1.010556,49.625198,5.146402,0
2002-11-06,sh.600730,11.4500,11.4500,11.3200,11.3500,11.4300,119893,1363971.0000,3,0.219686,1,-0.700000,39.753296,1.003483,49.277865,5.110382,0
2002-11-07,sh.600730,11.3500,11.3800,11.3000,11.3100,11.3500,95169,1078801.0000,3,0.174383,1,-0.350000,39.613196,0.999946,49.104198,5.092372,0
2002-11-08,sh.600730,11.5000,11.5100,10.8100,10.8300,11.3100,243300,2694316.0000,3,0.445812,1,-4.240000,37.931999,0.957508,47.020200,4.876250,0
2002-11-11,sh.600730,10.8500,10.9300,10.7100,10.7100,10.8300,108300,1172349.0000,3,0.198444,1,-1.110000,37.511700,0.946899,46.499201,4.822219,0
2002-11-12,sh.600730,10.7100,10.8000,10.3000,10.3100,10.7100,191005,2009009.0000,3,0.349989,1,-3.730000,36.110703,0.911534,44.762536,4.642118,0
2002-11-13,sh.600730,10.3100,10.4900,10.0300,10.4000,10.3100,318666,3251797.0000,3,0.583909,1,0.870000,36.425927,0.919491,45.153286,4.682641,0
2002-11-14,sh.600730,10.4000,10.4000,10.0500,10.0600,10.4000,151300,1535274.0000,3,0.277235,1,-3.270000,35.235080,0.889431,43.677121,4.529554,0
2002-11-15,sh.600730,10.0100,10.3000,10.0000,10.1000,10.0600,192639,1952771.0000,3,0.352983,1,0.400000,35.375179,0.892967,43.850787,4.547564,0
2002-11-18,sh.600730,10.1500,10.2000,10.0500,10.1800,10.1000,104740,1061410.0000,3,0.191921,1,0.790000,35.655379,0.900040,44.198120,4.583585,0
2002-11-19,sh.600730,10.1000,10.3200,10.0800,10.2700,10.1800,101653,1040231.0000,3,0.186264,1,0.880000,35.970603,0.907997,44.588870,4.624108,0
2002-11-20,sh.600730,10.2200,10.2200,9.8400,9.8500,10.2700,185600,1854040.0000,3,0.340085,1,-4.090000,34.499556,0.870864,42.765372,4.435001,0
2002-11-21,sh.600730,9.8200,9.8300,9.5000,9.5300,9.8500,203901,1961539.0000,3,0.373619,1,-3.250000,33.378758,0.842572,41.376040,4.290920,0
2002-11-22,sh.600730,9.6300,10.0000,9.4800,9.8100,9.5300,318568,3109699.0000,3,0.583730,1,2.940000,34.359456,0.867327,42.591705,4.416991,0
2002-11-25,sh.600730,9.7200,9.9000,9.6000,9.8500,9.8100,140563,1377998.0000,3,0.257561,1,0.410000,34.499556,0.870864,42.765372,4.435001,0
2002-11-26,sh.600730,9.8500,9.9300,9.4500,9.4800,9.8500,164300,1579002.0000,3,0.301056,1,-3.760000,33.203634,0.838151,41.158957,4.268407,0
2002-11-27,sh.600730,9.4000,9.5600,9.3100,9.5300,9.4800,144771,1362212.0000,3,0.265272,1,0.530000,33.378758,0.842572,41.376040,4.290920,0
2002-11-28,sh.600730,9.6000,9.9800,9.5000,9.9500,9.5300,186059,1821885.0000,3,0.340926,1,4.410000,34.849806,0.879705,43.199538,4.480026,0
2002-11-29,sh.600730,10.0800,10.2900,9.9000,10.1000,9.9500,624897,6358828.0000,3,1.145033,1,1.510000,35.375179,0.892967,43.850787,4.547564,0
2002-12-02,sh.600730,10.1000,10.1000,9.7200,9.7300,10.1000,273700,2701814.0000,3,0.501515,1,-3.660000,34.079257,0.860254,42.244372,4.380971,0
2002-12-03,sh.600730,9.6800,9.9100,9.6800,9.8700,9.7300,123850,1218595.0000,3,0.226937,1,1.440000,34.569606,0.872632,42.852205,4.444006,0
2002-12-04,sh.600730,9.9900,10.2500,9.8200,9.9800,9.8700,255200,2569185.0000,3,0.467617,1,1.110000,34.954880,0.882358,43.329788,4.493534,0
2002-12-05,sh.600730,9.9600,9.9800,9.7000,9.8700,9.9800,146000,1431800.0000,3,0.267524,1,-1.100000,34.569606,0.872632,42.852205,4.444006,0
2002-12-06,sh.600730,9.8700,10.0100,9.7500,9.9200,9.8700,69401,687476.0000,3,0.127167,1,0.510000,34.744731,0.877053,43.069288,4.466519,0
2002-12-09,sh.600730,9.8200,10.0000,9.8200,9.8900,9.9200,52400,518792.0000,3,0.096015,1,-0.300000,34.639656,0.874400,42.939038,4.453011,0
2002-12-10,sh.600730,9.8900,9.9800,9.6000,9.6200,9.8900,78638,765104.0000,3,0.144093,1,-2.730000,33.693983,0.850529,41.766789,4.331443,0
2002-12-11,sh.600730,9.6000,9.6600,9.4000,9.6300,9.6200,108345,1032748.0000,3,0.198526,1,0.100000,33.729008,0.851413,41.810206,4.335945,0
2002-12-12,sh.600730,9.6200,9.9400,9.5900,9.6800,9.6300,108110,1055766.0000,3,0.198096,1,0.520000,33.904132,0.855834,42.027289,4.358458,0
2002-12-13,sh.600730,9.6200,10.0000,9.4000,9.9200,9.6800,220918,2160260.0000,3,0.404800,1,2.480000,34.744731,0.877053,43.069288,4.466519,0
2002-12-16,sh.600730,9.9800,10.0600,9.8500,9.9100,9.9200,154524,1539077.0000,3,0.283143,1,-0.100000,34.709706,0.876169,43.025871,4.462016,0
2002-12-17,sh.600730,9.8500,10.0500,9.8300,10.0300,9.9100,164089,1637657.0000,3,0.300669,1,1.210000,35.130005,0.886778,43.546871,4.516047,0
2002-12-18,sh.600730,10.0300,10.3800,9.9800,10.3100,10.0300,825764,8459036.0000,3,1.513092,1,2.790000,36.110703,0.911534,44.762536,4.642118,0
2002-12-19,sh.600730,10.2200,10.3500,10.1100,10.1700,10.3100,257724,2633487.0000,3,0.472242,1,-1.360000,35.620354,0.899156,44.154703,4.579082,0
2002-12-20,sh.600730,10.1700,10.5000,10.0600,10.3100,10.1700,467639,4828662.0000,3,0.856880,1,1.380000,36.110703,0.911534,44.762536,4.642118,0
2002-12-23,sh.600730,10.4000,10.4000,10.1900,10.2200,10.3100,219918,2260592.0000,3,0.402968,1,-0.870000,35.795479,0.903577,44.371786,4.601595,0
2002-12-24,sh.600730,10.2100,10.2900,10.1100,10.2700,10.2200,96940,986263.0000,3,0.177628,1,0.490000,35.970603,0.907997,44.588870,4.624108,0
2002-12-25,sh.600730,10.3100,10.4500,10.1100,10.1300,10.2700,115630,1181473.0000,3,0.211875,1,-1.360000,35.480254,0.895619,43.981037,4.561072,0
2002-12-26,sh.600730,10.0800,10.2000,9.7400,9.7600,10.1300,239900,2383930.0000,3,0.439582,1,-3.650000,34.184332,0.862907,42.374622,4.394478,0
2002-12-27,sh.600730,9.6900,10.1000,9.5500,9.8400,9.7600,338799,3300591.0000,3,0.620800,1,0.820000,34.464531,0.869980,42.721955,4.430498,0
2002-12-30,sh.600730,9.7200,9.7500,9.5600,9.6200,9.8400,201319,1939728.0000,3,0.368888,1,-2.240000,33.693983,0.850529,41.766789,4.331443,0
2002-12-31,sh.600730,9.5900,9.7700,9.4500,9.4500,9.6200,183560,1751260.0000,3,0.336347,1,-1.770000,33.098559,0.835499,41.028707,4.254899,0
2003-01-02,sh.600730,9.2900,9.5800,9.2900,9.3400,9.4500,219300,2065645.0000,3,0.401835,1,-1.160000,32.713285,0.825773,40.551124,4.205371,0
2003-01-03,sh.600730,9.4600,9.4600,9.2000,9.2900,9.3400,104250,967995.0000,3,0.191023,1,-0.540000,32.538160,0.821353,40.334041,4.182859,0
2003-01-06,sh.600730,9.2400,9.5900,9.2000,9.5200,9.2900,185487,1752289.0000,3,0.339878,1,2.480000,33.343734,0.841688,41.332623,4.286417,0
2003-01-07,sh.600730,9.5400,9.6400,9.3600,9.4800,9.5200,151168,1440649.0000,3,0.276993,1,-0.420000,33.203634,0.838151,41.158957,4.268407,0
2003-01-08,sh.600730,9.4200,9.8700,9.4100,9.7900,9.4800,206462,1993122.0000,3,0.378312,1,3.270000,34.289407,0.865559,42.504872,4.407986,0
2003-01-09,sh.600730,9.8000,10.2000,9.7000,10.2000,9.7900,584340,5821273.0000,3,1.070718,1,4.190000,35.725429,0.901808,44.284953,4.592590,0
2003-01-10,sh.600730,10.1500,10.4100,10.0400,10.2200,10.2000,739319,7573894.0000,3,1.354695,1,0.200000,35.795479,0.903577,44.371786,4.601595,0
2003-01-13,sh.600730,10.1200,10.4300,10.0500,10.3900,10.2200,484922,5002383.0000,3,0.888549,1,1.660000,36.390902,0.918607,45.109869,4.678138,0
2003-01-14,sh.600730,10.3800,11.0600,10.3000,11.0500,10.3900,1479729,15915592.0000,3,2.711388,1,6.350000,38.702548,0.976959,47.975366,4.975306,0
2003-01-15,sh.600730,11.3000,11.8000,11.2500,11.5200,11.0500,3429442,39600104.0000,3,6.283954,1,4.250000,40.348720,1.018513,50.015947,5.186925,0
2003-01-16,sh.600730,11.5000,12.6700,11.3800,12.6700,11.5200,9267848,115969607.0000,3,16.981984,1,9.980000,44.376587,1.120187,55.008859,5.704717,0
2003-01-17,sh.600730,12.9200,12.9800,12.4600,12.7700,12.6700,4640639,58876829.0000,3,8.503296,1,0.790000,44.726836,1.129029,55.443025,5.749742,0
2003-01-20,sh.600730,12.6100,12.7000,12.0000,12.3900,12.7700,2426892,29959626.0000,3,4.446927,1,-2.980000,43.395888,1.095432,53.793193,5.578646,0
2003-01-21,sh.600730,12.5500,13.3100,12.3000,12.3100,12.3900,5779923,73523870.0000,3,10.590868,1,-0.650000,43.115689,1.088359,53.445860,5.542626,0
2003-01-22,sh.600730,12.1100,12.3900,11.8400,12.1400,12.3100,2457385,29699516.0000,3,4.502801,1,-1.380000,42.520265,1.073329,52.707778,5.466082,0
2003-01-23,sh.600730,12.1000,12.1500,11.7400,11.7600,12.1400,1310200,15642121.0000,3,2.400751,1,-3.130000,41.189318,1.039732,51.057946,5.294986,0
2003-01-24,sh.600730,11.7800,11.9900,11.5100,11.9700,11.7600,1587264,18741368.0000,3,2.908430,1,1.790000,41.924841,1.058299,51.969695,5.389539,0
2003-01-27,sh.600730,12.0500,12.1500,11.8000,12.0100,11.9700,998907,11977232.0000,3,1.830352,1,0.330000,42.064941,1.061835,52.143362,5.407549,0
2003-01-28,sh.600730,12.0100,12.0500,11.8600,11.9500,12.0100,725835,8670751.0000,3,1.329987,1,-0.500000,41.854792,1.056530,51.882862,5.380534,0
2003-01-29,sh.600730,11.9600,12.3700,11.9500,12.0000,11.9500,1134015,13811558.0000,3,2.077918,1,0.420000,42.029916,1.060951,52.099945,5.403047,0
2003-02-10,sh.600730,11.9900,11.9900,11.5800,11.6200,12.0000,484160,5682351.0000,3,0.887153,1,-3.170000,40.698969,1.027354,50.450113,5.231950,0
2003-02-11,sh.600730,11.6200,11.8500,11.5300,11.8300,11.6200,294723,3449040.0000,3,0.540037,1,1.810000,41.434492,1.045921,51.361862,5.326504,0
2003-02-12,sh.600730,11.7500,12.3000,11.6800,12.2700,11.8300,1002730,12083581.0000,3,1.837357,1,3.720000,42.975589,1.084822,53.272194,5.524615,0
2003-02-13,sh.600730,12.2900,12.3300,11.9200,11.9800,12.2700,954056,11583671.0000,3,1.748169,1,-2.360000,41.959866,1.059183,52.013112,5.394042,0
2003-02-14,sh.600730,11.9300,12.0000,11.7500,11.9000,11.9800,599283,7120480.0000,3,1.098099,1,-0.670000,41.679667,1.052110,51.665779,5.358021,0
2003-02-17,sh.600730,12.0000,12.1300,11.7800,11.9000,11.9000,504876,6035238.0000,3,0.925112,1,0.000000,41.679667,1.052110,51.665779,5.358021,0
2003-02-18,sh.600730,11.9500,11.9700,11.8000,11.8400,11.9000,203796,2415352.0000,3,0.373427,1,-0.500000,41.469517,1.046805,51.405279,5.331006,0
2003-02-19,sh.600730,11.8200,11.9800,11.7200,11.9100,11.8400,355872,4205082.0000,3,0.652084,1,0.590000,41.714692,1.052994,51.709195,5.362524,0
2003-02-20,sh.600730,11.9400,11.9800,11.7300,11.7500,11.9100,370051,4374542.0000,3,0.678065,1,-1.340000,41.154293,1.038848,51.014529,5.290483,0
2003-02-21,sh.600730,11.7500,11.7900,11.4500,11.5000,11.7500,647599,7488428.0000,3,1.186631,1,-2.130000,40.278670,1.016745,49.929114,5.177920,0
2003-02-24,sh.600730,11.5000,11.6000,11.4300,11.4500,11.5000,346100,3987611.0000,3,0.634178,1,-0.430000,40.103545,1.012324,49.712031,5.155407,0
2003-02-25,sh.600730,11.4500,11.7800,11.4100,11.7400,11.4500,373788,4364423.0000,3,0.684912,1,2.530000,41.119268,1.037964,50.971113,5.285981,0
2003-02-26,sh.600730,11.7500,11.7700,11.6200,11.6400,11.7400,262100,3063018.0000,3,0.480260,1,-0.850000,40.769019,1.029122,50.536947,5.240955,0
2003-02-27,sh.600730,11.7000,11.7200,11.5600,11.6000,11.6400,256600,2989270.0000,3,0.470182,1,-0.340000,40.628919,1.025586,50.363280,5.222945,0
2003-02-28,sh.600730,11.6500,11.7500,11.4500,11.5300,11.6000,408799,4700334.0000,3,0.749065,1,-0.600000,40.383744,1.019397,50.059364,5.191428,0
2003-03-03,sh.600730,11.5400,11.7200,11.5300,11.7200,11.5300,353686,4119307.0000,3,0.648078,1,1.650000,41.049218,1.036195,50.884280,5.276976,0
2003-03-04,sh.600730,11.7300,11.8200,11.6600,11.7200,11.7200,348082,4084708.0000,3,0.637810,1,0.000000,41.049218,1.036195,50.884280,5.276976,0
2003-03-05,sh.600730,11.6700,11.7700,11.5000,11.5400,11.7200,242390,2802039.0000,3,0.444144,1,-1.540000,40.418769,1.020281,50.102780,5.195930,0
2003-03-06,sh.600730,11.5500,11.5500,11.2600,11.2700,11.5400,438600,5002021.0000,3,0.803671,1,-2.340000,39.473096,0.996410,48.930532,5.074362,0
2003-03-07,sh.600730,11.3200,11.3600,11.2000,11.2000,11.2700,289689,3270726.0000,3,0.530813,1,-0.620000,39.227922,0.990221,48.626615,5.042844,0
2003-03-10,sh.600730,11.2300,11.2500,10.8500,10.8700,11.2000,475779,5239091.0000,3,0.871796,1,-2.950000,38.072099,0.961045,47.193867,4.894260,0
2003-03-11,sh.600730,10.8600,11.0000,10.8100,10.9200,10.8700,287771,3140101.0000,3,0.527299,1,0.460000,38.247224,0.965465,47.410950,4.916773,0
2003-03-12,sh.600730,10.9200,10.9800,10.7000,10.9800,10.9200,254730,2760065.0000,3,0.466756,1,0.550000,38.457373,0.970770,47.671450,4.943788,0
2003-03-13,sh.600730,10.9600,10.9600,10.7500,10.7500,10.9800,194600,2107700.0000,3,0.356576,1,-2.090000,37.651800,0.950435,46.672867,4.840229,0
2003-03-14,sh.600730,10.7500,11.0200,10.7000,10.9100,10.7500,298391,3251843.0000,3,0.546758,1,1.490000,38.212199,0.964581,47.367533,4.912270,0
2003-03-17,sh.600730,10.9100,10.9100,10.7200,10.9000,10.9100,203028,2192128.0000,3,0.372019,1,-0.090000,38.177174,0.963697,47.324117,4.907768,0
2003-03-18,sh.600730,10.8900,11.3500,10.8600,10.8700,10.9000,479852,5328954.0000,3,0.879259,1,-0.280000,38.072099,0.961045,47.193867,4.894260,0
2003-03-19,sh.600730,10.8200,11.0000,10.7000,10.8600,10.8700,247959,2679564.0000,3,0.454349,1,-0.090000,38.037074,0.960161,47.150450,4.889757,0
2003-03-20,sh.600730,10.9600,10.9800,10.7900,10.8200,10.8600,104900,1141206.0000,3,0.192214,1,-0.370000,37.896974,0.956624,46.976784,4.871747,0
2003-03-21,sh.600730,10.8300,10.9500,10.7600,10.9000,10.8200,191439,2085356.0000,3,0.350784,1,0.740000,38.177174,0.963697,47.324117,4.907768,0
2003-03-24,sh.600730,10.9000,10.9500,10.8300,10.9100,10.9000,125750,1369722.0000,3,0.230419,1,0.090000,38.212199,0.964581,47.367533,4.912270,0
2003-03-25,sh.600730,10.9000,10.9000,10.6400,10.6400,10.9100,291950,3130608.0000,3,0.534956,1,-2.470000,37.266526,0.940710,46.195285,4.790702,0
2003-03-26,sh.600730,10.6500,10.6800,10.3300,10.3400,10.6400,398000,4159104.0000,3,0.729277,1,-2.820000,36.215778,0.914186,44.892786,4.655625,0
2003-03-27,sh.600730,10.3300,10.7700,10.2500,10.7200,10.3400,395100,4152708.0000,3,0.723963,1,3.680000,37.546725,0.947783,46.542618,4.826722,0
2003-03-28,sh.600730,10.6800,10.8600,10.6300,10.6600,10.7200,314551,3373536.0000,3,0.576369,1,-0.560000,37.336576,0.942478,46.282118,4.799707,0
2003-03-31,sh.600730,10.6800,10.8600,10.6000,10.7900,10.6600,314222,3371526.0000,3,0.575766,1,1.220000,37.791900,0.953972,46.846534,4.858240,0
2003-04-01,sh.600730,10.7500,11.0800,10.7500,10.9000,10.7900,413429,4523686.0000,3,0.757549,1,1.020000,38.177174,0.963697,47.324117,4.907768,0
2003-04-02,sh.600730,10.9000,10.9000,10.7900,10.8500,10.9000,255383,2768250.0000,3,0.467952,1,-0.460000,38.002049,0.959276,47.107034,4.885255,0
2003-04-03,sh.600730,10.9200,11.1600,10.8500,10.9200,10.8500,521780,5749468.0000,3,0.956086,1,0.650000,38.247224,0.965465,47.410950,4.916773,0
2003-04-04,sh.600730,10.9200,10.9800,10.8500,10.9600,10.9200,252850,2760827.0000,3,0.463311,1,0.370000,38.387323,0.969002,47.584616,4.934783,0
2003-04-07,sh.600730,10.9900,11.1500,10.8800,10.8800,10.9600,379000,4184070.0000,3,0.694462,1,-0.730000,38.107124,0.961929,47.237283,4.898763,0
2003-04-08,sh.600730,10.9000,11.2300,10.8800,11.0900,10.8800,464700,5152142.0000,3,0.851495,1,1.930000,38.842648,0.980496,48.149032,4.993316,0
2003-04-09,sh.600730,11.0900,11.1800,10.6000,10.8600,11.0900,570651,6178762.0000,3,1.045635,1,-2.070000,38.037074,0.960161,47.150450,4.889757,0
2003-04-10,sh.600730,10.8000,11.0000,10.5800,11.0000,10.8600,983113,10581147.0000,3,1.801412,1,1.290000,38.527423,0.972538,47.758283,4.952793,0
2003-04-11,sh.600730,11.0000,11.0800,10.7000,10.8800,11.0000,698213,7553642.0000,3,1.279374,1,-1.090000,38.107124,0.961929,47.237283,4.898763,0
2003-04-14,sh.600730,10.8200,11.2900,10.7000,11.2000,10.8800,1161115,12840789.0000,3,2.127574,1,2.940000,39.227922,0.990221,48.626615,5.042844,0
2003-04-15,sh.600730,11.1000,11.1800,11.0000,11.1500,11.2000,868497,9625261.0000,3,1.591394,1,-0.450000,64.547667,1.074770,23.845314,4.929862,0
2003-04-16,sh.600730,11.1500,11.8500,11.1200,11.3000,11.1500,1504407,17274892.0000,3,2.756607,1,1.350000,65.416022,1.089228,24.166103,4.996183,0
2003-04-17,sh.600730,11.3200,12.4000,11.3200,12.2400,11.3000,3573740,42788758.0000,3,6.548359,1,8.320000,70.857708,1.179837,26.176380,5.411794,0
2003-04-18,sh.600730,12.3000,12.3800,11.7800,11.8500,12.2400,1518797,18157502.0000,3,2.782975,1,-3.190000,68.599987,1.142244,25.342329,5.239360,0
2003-04-21,sh.600730,11.8500,11.8500,11.2500,11.3600,11.8500,1026690,11753013.0000,3,1.881260,1,-4.140000,65.763363,1.095012,24.294418,5.022711,0
2003-04-22,sh.600730,11.2600,11.5600,11.2000,11.2900,11.3600,415449,4721215.0000,3,0.761250,1,-0.620000,65.358131,1.088264,24.144717,4.991761,0
2003-04-23,sh.600730,11.2100,11.3900,11.0900,11.1000,11.2900,353770,3966503.0000,3,0.648232,1,-1.680000,64.258216,1.069950,23.738384,4.907755,0
2003-04-24,sh.600730,11.0800,11.1000,10.3800,10.5300,11.1000,877093,9372888.0000,3,1.607145,1,-5.140000,60.958470,1.015007,22.519386,4.655735,0
2003-04-25,sh.600730,9.4900,10.7800,9.4900,10.5500,10.5300,601311,6256304.0000,3,1.101815,1,0.190000,61.074250,1.016934,22.562158,4.664577,0
2003-04-28,sh.600730,10.5500,11.1800,10.4800,11.1000,10.5500,863057,9406462.0000,3,1.581426,1,5.210000,64.258216,1.069950,23.738384,4.907755,0
2003-04-29,sh.600730,11.2400,11.5700,10.9500,11.0200,11.1000,1796963,20366017.0000,3,3.292673,1,-0.720000,63.795094,1.062239,23.567297,4.872383,0
2003-04-30,sh.600730,10.9000,11.0700,10.6500,10.7600,11.0200,661498,7124453.0000,3,1.212099,1,-2.360000,62.289946,1.037177,23.011262,4.757427,0
2003-05-12,sh.600730,10.8000,10.9000,10.3000,10.3500,10.7600,525247,5488296.0000,3,0.962439,1,-3.810000,59.916445,0.997656,22.134439,4.576149,0
2003-05-13,sh.600730,10.3500,10.3600,9.5100,9.8200,10.3500,915421,8941927.0000,3,1.677376,1,-5.120000,56.848259,0.946568,21.000985,4.341815,0
2003-05-14,sh.600730,9.8000,10.1800,9.7600,10.0000,9.8200,404082,4037757.0000,3,0.740422,1,1.830000,57.890285,0.963919,21.385931,4.421400,0
2003-05-15,sh.600730,9.9900,10.8000,9.8200,10.6000,10.0000,849009,8852061.0000,3,1.555686,1,6.000000,61.363702,1.021754,22.669087,4.686684,0
2003-05-16,sh.600730,10.6000,10.6600,10.2500,10.3300,10.6000,490404,5081962.0000,3,0.898594,1,-2.550000,59.800664,0.995728,22.091667,4.567307,0
2003-05-19,sh.600730,10.3000,10.6000,10.2500,10.4100,10.3300,313600,3285539.0000,3,0.574626,1,0.770000,60.263786,1.003440,22.262755,4.602678,0
2003-05-20,sh.600730,10.4000,10.4000,10.1600,10.1800,10.4100,333701,3412426.0000,3,0.611459,1,-2.210000,58.932310,0.981269,21.770878,4.500986,0
2003-05-21,sh.600730,10.1800,10.4800,10.1500,10.2600,10.1800,242470,2483390.0000,3,0.444291,1,0.790000,59.395432,0.988981,21.941966,4.536357,0
2003-05-22,sh.600730,10.2600,10.2600,10.1000,10.1700,10.2600,220166,2235903.0000,3,0.403422,1,-0.880000,58.874419,0.980305,21.749492,4.496564,0
2003-05-23,sh.600730,10.1800,10.4800,10.1800,10.3400,10.1700,332861,3428919.0000,3,0.609919,1,1.670000,59.858554,0.996692,22.113053,4.571728,0
2003-05-26,sh.600730,10.3200,10.4700,10.2400,10.3700,10.3400,276178,2866423.0000,3,0.506056,1,0.290000,60.032225,0.999584,22.177211,4.584992,0
2003-05-27,sh.600730,10.3200,10.6600,10.3000,10.4900,10.3700,427730,4489083.0000,3,0.783753,1,1.160000,60.726908,1.011151,22.433842,4.638049,0
2003-05-28,sh.600730,10.4000,10.6000,10.4000,10.4400,10.4900,338306,3558797.0000,3,0.619897,1,-0.480000,60.437457,1.006331,22.326912,4.615942,0
2003-05-29,sh.600730,10.3500,10.7900,10.3500,10.7600,10.4400,761376,8119109.0000,3,1.395111,1,3.070000,62.289946,1.037177,23.011262,4.757427,0
2003-05-30,sh.600730,9.6900,11.1500,9.6900,10.8900,10.7600,1069814,11603070.0000,3,1.960279,1,1.210000,63.042520,1.049708,23.289279,4.814905,0
2003-06-02,sh.600730,10.9000,11.1000,10.7000,10.8200,10.8900,289661,3138293.0000,3,0.530762,1,-0.640000,62.637288,1.042960,23.139578,4.783955,0
2003-06-03,sh.600730,10.8000,10.8100,10.4800,10.5000,10.8200,418814,4436159.0000,3,0.767416,1,-2.960000,60.784799,1.012115,22.455228,4.642470,0
2003-06-04,sh.600730,10.4300,10.5800,10.3500,10.5300,10.5000,327305,3413829.0000,3,0.599739,1,0.290000,60.958470,1.015007,22.519386,4.655735,0
2003-06-05,sh.600730,10.5000,10.5000,10.3500,10.3500,10.5300,166605,1736058.0000,3,0.305279,1,-1.710000,59.916445,0.997656,22.134439,4.576149,0
2003-06-06,sh.600730,10.3000,10.4000,10.2400,10.2500,10.3500,238813,2454322.0000,3,0.437590,1,-0.970000,59.337542,0.988017,21.920580,4.531935,0
2003-06-09,sh.600730,10.2800,10.3000,10.0200,10.0500,10.2500,256587,2597299.0000,3,0.470158,1,-1.950000,58.179736,0.968738,21.492861,4.443507,0
2003-06-10,sh.600730,10.0500,10.1800,10.0500,10.1100,10.0500,173810,1758371.0000,3,0.318482,1,0.600000,58.527078,0.974522,21.621177,4.470036,0
2003-06-11,sh.600730,10.2500,10.3700,10.2000,10.3600,10.1100,142685,1469734.0000,3,0.261450,1,2.470000,59.974335,0.998620,22.155825,4.580571,0
2003-06-12,sh.600730,10.3600,10.4000,10.1800,10.2300,10.3600,135761,1395292.0000,3,0.248762,1,-1.250000,59.221761,0.986089,21.877808,4.523093,0
2003-06-13,sh.600730,10.2300,10.3900,10.2000,10.3000,10.2300,122416,1259825.0000,3,0.224310,1,0.680000,59.626993,0.992836,22.027509,4.554042,0
2003-06-16,sh.600730,10.3000,10.3000,10.1700,10.2200,10.3000,134432,1370896.0000,3,0.246327,1,-0.780000,59.163871,0.985125,21.856422,4.518671,0
2003-06-17,sh.600730,10.1900,10.4000,10.1700,10.3800,10.2200,122429,1260690.0000,3,0.224333,1,1.570000,60.090115,1.000548,22.198597,4.589414,0
2003-06-18,sh.600730,10.3800,10.4000,10.2400,10.2600,10.3800,133620,1381156.0000,3,0.244839,1,-1.160000,59.395432,0.988981,21.941966,4.536357,0
2003-06-19,sh.600730,10.2100,10.2600,10.1000,10.1100,10.2600,158780,1609524.0000,3,0.290941,1,-1.460000,58.527078,0.974522,21.621177,4.470036,0
2003-06-20,sh.600730,10.1000,10.2000,10.0500,10.0900,10.1100,152000,1535678.0000,3,0.278518,1,-0.200000,58.411297,0.972594,21.578405,4.461193,0
2003-06-23,sh.600730,10.0300,10.1200,10.0000,10.0200,10.0900,119312,1197612.0000,3,0.218622,1,-0.690000,58.006065,0.965847,21.428703,4.430243,0
2003-06-24,sh.600730,10.0000,10.0500,9.9600,10.0000,10.0200,118300,1182937.0000,3,0.216768,1,-0.200000,57.890285,0.963919,21.385931,4.421400,0
2003-06-25,sh.600730,10.0000,10.0000,9.8800,9.9000,10.0000,103200,1026302.0000,3,0.189099,1,-1.000000,57.311382,0.954280,21.172072,4.377186,0
2003-06-26,sh.600730,9.9000,10.2000,9.7300,10.0500,9.9000,218228,2157010.0000,3,0.399871,1,1.520000,58.179736,0.968738,21.492861,4.443507,0
2003-06-27,sh.600730,9.9800,10.0200,9.8100,9.8200,10.0500,107338,1066377.0000,3,0.196681,1,-2.290000,56.848259,0.946568,21.000985,4.341815,0
2003-06-30,sh.600730,9.8000,9.9500,9.7800,9.8000,9.8200,81400,800688.0000,3,0.149154,1,-0.200000,56.732479,0.944640,20.958213,4.332972,0
2003-07-01,sh.600730,9.9500,10.0500,9.8300,9.8400,9.8000,67900,671414.0000,3,0.124417,1,0.410000,56.964040,0.948496,21.043757,4.350658,0
2003-07-02,sh.600730,9.8400,9.9600,9.7500,9.7800,9.8400,115700,1132380.0000,3,0.212003,1,-0.610000,56.616698,0.942713,20.915441,4.324130,0
2003-07-03,sh.600730,9.8000,9.8600,9.7800,9.8200,9.7800,83102,816276.0000,3,0.152272,1,0.410000,56.848259,0.946568,21.000985,4.341815,0
2003-07-04,sh.600730,9.2100,9.8600,9.2100,9.5900,9.8200,241800,2311090.0000,3,0.443063,1,-2.340000,55.516783,0.924398,20.509108,4.240123,0
2003-07-07,sh.600730,9.5800,9.5800,9.4000,9.4100,9.5900,167165,1581580.0000,3,0.306306,1,-1.880000,54.474758,0.907048,20.124162,4.160538,0
2003-07-08,sh.600730,9.5000,9.6500,9.4500,9.6000,9.4100,139312,1330566.0000,3,0.255269,1,2.020000,55.574673,0.925362,20.530494,4.244544,0
2003-07-09,sh.600730,9.6200,9.7300,9.6000,9.6300,9.6000,94700,914941.0000,3,0.173524,1,0.310000,55.748344,0.928254,20.594652,4.257809,0
2003-07-10,sh.600730,9.5100,9.8000,9.5100,9.7700,9.6300,153438,1489937.0000,3,0.281153,1,1.450000,56.558808,0.941749,20.894055,4.319708,0
2003-07-11,sh.600730,9.7500,9.9500,9.6600,9.8100,9.7700,136575,1338511.0000,3,0.250254,1,0.410000,56.790369,0.945604,20.979599,4.337394,0
2003-07-14,sh.600730,9.8000,9.8000,9.5200,9.6200,9.8100,89789,866132.0000,3,0.164525,1,-1.940000,55.690454,0.927290,20.573266,4.253387,0
2003-07-15,sh.600730,9.6200,9.7000,9.5200,9.6100,9.6200,96299,923136.0000,3,0.176454,1,-0.100000,55.632563,0.926326,20.551880,4.248966,0
2003-07-16,sh.600730,9.5600,9.7300,9.5500,9.5700,9.6100,50899,487728.0000,3,0.093265,1,-0.420000,55.401002,0.922470,20.466336,4.231280,0
2003-07-17,sh.600730,9.5800,9.7000,9.5500,9.6000,9.5700,115681,1112531.0000,3,0.211969,1,0.310000,55.574673,0.925362,20.530494,4.244544,0
2003-07-18,sh.600730,9.6000,9.6000,9.3500,9.3600,9.6000,197399,1860920.0000,3,0.361705,1,-2.500000,54.185306,0.902228,20.017232,4.138431,0
2003-07-21,sh.600730,9.3600,9.3600,9.0000,9.0600,9.3600,305431,2780834.0000,3,0.559658,1,-3.210000,52.448598,0.873310,19.375654,4.005789,0
2003-07-22,sh.600730,9.1300,9.2500,9.0500,9.1200,9.0600,117758,1071789.0000,3,0.215774,1,0.660000,52.795940,0.879094,19.503970,4.032317,0
2003-07-23,sh.600730,9.1200,9.3800,9.1200,9.2500,9.1200,143101,1325415.0000,3,0.262212,1,1.430000,53.548513,0.891625,19.781987,4.089795,0
2003-07-24,sh.600730,9.2600,9.3000,9.1000,9.1400,9.2500,75692,693053.0000,3,0.138695,1,-1.190000,52.911720,0.881022,19.546741,4.041160,0
2003-07-25,sh.600730,9.1000,9.4100,9.0500,9.2000,9.1400,119565,1099506.0000,3,0.219085,1,0.660000,53.259062,0.886805,19.675057,4.067688,0
2003-07-28,sh.600730,9.1500,9.2500,9.1500,9.2200,9.2000,133049,1222858.0000,3,0.243793,1,0.220000,53.374842,0.888733,19.717829,4.076531,0
2003-07-29,sh.600730,9.2100,9.3000,9.2100,9.2500,9.2200,83942,775857.0000,3,0.153812,1,0.330000,57.677374,0.706758,36.707912,4.016052,0
2003-07-30,sh.600730,9.2500,9.3000,9.1000,9.1200,9.2500,68701,631386.0000,3,0.125885,1,-1.410000,56.866773,0.696826,36.192017,3.959610,0
2003-07-31,sh.600730,9.0100,9.2000,9.0100,9.1300,9.1200,55680,508854.0000,3,0.102026,1,0.110000,56.929127,0.697590,36.231701,3.963951,0
2003-08-01,sh.600730,9.1300,9.3000,9.0500,9.2800,9.1300,117591,1080735.0000,3,0.215468,1,1.640000,57.864435,0.709051,36.826964,4.029077,0
2003-08-04,sh.600730,9.2000,9.4800,9.1200,9.4200,9.2800,184811,1735851.0000,3,0.338639,1,1.510000,58.737390,0.719747,37.382544,4.089860,0
2003-08-05,sh.600730,9.3500,9.4600,9.3100,9.3100,9.4200,73629,688681.0000,3,0.134914,1,-1.170000,58.051497,0.711343,36.946017,4.042102,0
2003-08-06,sh.600730,9.3500,9.3900,9.2000,9.3700,9.3100,75254,700915.0000,3,0.137892,1,0.640000,58.425621,0.715927,37.184123,4.068152,0
2003-08-07,sh.600730,9.2600,9.4000,9.2600,9.3100,9.3700,64000,597171.0000,3,0.117271,1,-0.640000,58.051497,0.711343,36.946017,4.042102,0
2003-08-08,sh.600730,9.3700,10.2400,9.2700,10.1000,9.3100,2796346,27835312.0000,3,5.123897,1,8.490000,62.977457,0.771704,40.081071,4.385094,0
2003-08-11,sh.600730,10.0500,10.2000,9.8400,10.1300,10.1000,982395,9806275.0000,3,1.800096,1,0.300000,63.164518,0.773996,40.200124,4.398119,0
2003-08-12,sh.600730,10.1200,10.1700,10.0000,10.1200,10.1300,406175,4096803.0000,3,0.744257,1,-0.100000,63.102164,0.773232,40.160440,4.393777,0
2003-08-13,sh.600730,10.1800,10.3500,9.8300,9.9100,10.1200,1621014,16424092.0000,3,2.970272,1,-2.080000,61.792732,0.757187,39.327071,4.302602,0
2003-08-14,sh.600730,9.8600,10.1700,9.6800,9.8100,9.9100,673708,6682798.0000,3,1.234472,1,-1.010000,61.169193,0.749546,38.930229,4.259185,0
2003-08-15,sh.600730,9.8000,9.9800,9.7000,9.9400,9.8100,412387,4083262.0000,3,0.755639,1,1.330000,61.979794,0.759479,39.446124,4.315627,0
2003-08-18,sh.600730,9.9700,10.0600,9.8500,9.9800,9.9400,207967,2067226.0000,3,0.381069,1,0.400000,62.229210,0.762535,39.604860,4.332994,0
2003-08-19,sh.600730,9.9700,10.0900,9.8700,10.0400,9.9800,302468,3016334.0000,3,0.554229,1,0.600000,62.603333,0.767119,39.842966,4.359044,0
2003-08-20,sh.600730,10.0500,10.0900,9.7900,10.0100,10.0400,238798,2372317.0000,3,0.437563,1,-0.300000,62.416271,0.764827,39.723913,4.346019,0
2003-08-21,sh.600730,10.0000,10.0000,9.8200,9.9200,10.0100,150500,1486881.0000,3,0.275769,1,-0.900000,61.855086,0.757951,39.366755,4.306944,0
2003-08-22,sh.600730,9.8500,9.8900,9.7500,9.7700,9.9200,173259,1698846.0000,3,0.317472,1,-1.510000,60.919777,0.746490,38.771492,4.241819,0
2003-08-25,sh.600730,9.7500,9.7500,9.4700,9.4700,9.7700,229700,2204568.0000,3,0.420892,1,-3.070000,59.049160,0.723568,37.580965,4.111568,0
2003-08-26,sh.600730,9.4100,9.6000,9.3900,9.4600,9.4700,147650,1399840.0000,3,0.270547,1,-0.110000,58.986806,0.722804,37.541281,4.107227,0
2003-08-27,sh.600730,9.5000,9.5500,9.3000,9.4000,9.4600,166048,1560434.0000,3,0.304259,1,-0.630000,58.612682,0.718219,37.303175,4.081177,0
2003-08-28,sh.600730,9.3500,9.4700,9.2800,9.4200,9.4000,165161,1549202.0000,3,0.302634,1,0.210000,58.737390,0.719747,37.382544,4.089860,0
2003-08-29,sh.600730,9.3800,9.5200,9.3300,9.5000,9.4200,147959,1393881.0000,3,0.271113,1,0.850000,59.236222,0.725860,37.700017,4.124593,0
2003-09-02,sh.600730,9.8000,10.1500,9.7000,9.8600,9.5000,810495,8018169.0000,3,1.485114,1,3.790000,61.480963,0.753366,39.128650,4.280894,0
2003-09-03,sh.600730,9.8000,9.9000,9.6600,9.8900,9.8600,269950,2629350.0000,3,0.494644,1,0.300000,61.668024,0.755658,39.247702,4.293919,0
2003-09-04,sh.600730,9.8900,10.0000,9.7800,9.8800,9.8900,145191,1429065.0000,3,0.266041,1,-0.100000,61.605670,0.754894,39.208018,4.289577,0
2003-09-05,sh.600730,9.8600,9.8600,9.6000,9.6200,9.8800,115200,1114148.0000,3,0.211087,1,-2.630000,59.984469,0.735029,38.176228,4.176694,0
2003-09-08,sh.600730,9.6200,9.6200,9.3900,9.5200,9.6200,156187,1481156.0000,3,0.286190,1,-1.040000,59.360929,0.727388,37.779386,4.133277,0
2003-09-09,sh.600730,9.5200,9.5300,9.3400,9.3800,9.5200,133100,1250843.0000,3,0.243886,1,-1.470000,58.487975,0.716691,37.223807,4.072493,0
2003-09-10,sh.600730,9.4000,9.4900,9.3700,9.4200,9.3800,177300,1671127.0000,3,0.324876,1,0.430000,58.737390,0.719747,37.382544,4.089860,0
2003-09-11,sh.600730,9.4000,9.4800,9.3900,9.4000,9.4200,132400,1246614.0000,3,0.242604,1,-0.210000,58.612682,0.718219,37.303175,4.081177,0
2003-09-12,sh.600730,9.3900,9.4100,9.2200,9.2500,9.4000,147100,1369175.0000,3,0.269539,1,-1.600000,57.677374,0.706758,36.707912,4.016052,0
2003-09-15,sh.600730,9.2200,9.3400,9.0000,9.0900,9.2500,363194,3309787.0000,3,0.665500,1,-1.730000,56.679711,0.694533,36.072964,3.946585,0
2003-09-16,sh.600730,9.1100,9.3300,9.0200,9.3200,9.0900,268116,2458206.0000,3,0.491284,1,2.530000,58.113851,0.712107,36.985701,4.046443,0
2003-09-17,sh.600730,9.4100,9.5900,9.3500,9.3900,9.3200,439584,4154116.0000,3,0.805474,1,0.750000,58.550328,0.717455,37.263491,4.076835,0
2003-09-18,sh.600730,9.3500,9.3500,9.1000,9.2100,9.3900,131809,1214665.0000,3,0.241521,1,-1.920000,57.427958,0.703702,36.549175,3.998685,0
2003-09-19,sh.600730,9.1700,9.3000,9.1500,9.2400,9.2100,70499,649166.0000,3,0.129179,1,0.330000,57.615020,0.705994,36.668228,4.011710,0
2003-09-22,sh.600730,9.4300,9.4300,9.2400,9.2400,9.2400,79900,742522.0000,3,0.146405,1,0.000000,57.615020,0.705994,36.668228,4.011710,0
2003-09-23,sh.600730,9.2000,9.3000,9.0800,9.2700,9.2400,74900,688558.0000,3,0.137243,1,0.320000,57.802081,0.708286,36.787280,4.024735,0
2003-09-24,sh.600730,9.2700,9.3500,9.2600,9.3400,9.2700,98900,919446.0000,3,0.181220,1,0.760000,58.238559,0.713635,37.065070,4.055127,0
2003-09-25,sh.600730,9.2700,9.2700,9.1200,9.1500,9.3400,79300,728929.0000,3,0.145306,1,-2.030000,57.053834,0.699118,36.311069,3.972635,0
2003-09-26,sh.600730,9.1800,9.1800,9.0800,9.0800,9.1500,108500,988285.0000,3,0.198810,1,-0.770000,56.617357,0.693769,36.033280,3.942243,0
2003-09-29,sh.600730,9.0900,9.1700,9.0100,9.0400,9.0800,107891,976862.0000,3,0.197695,1,-0.440000,56.367941,0.690713,35.874543,3.924876,0
2003-09-30,sh.600730,9.1000,9.1000,8.7000,8.9300,9.0400,262601,2322624.0000,3,0.481178,1,-1.220000,55.682048,0.682308,35.438016,3.877118,0
2003-10-08,sh.600730,8.8500,8.9300,8.7100,8.8200,8.9300,89550,788973.0000,3,0.164087,1,-1.230000,54.996155,0.673904,35.001490,3.829359,0
2003-10-09,sh.600730,8.7900,8.9200,8.7900,8.8000,8.8200,70300,622501.0000,3,0.128815,1,-0.230000,54.871447,0.672375,34.922121,3.820676,0
2003-10-10,sh.600730,8.7800,9.1200,8.7500,9.0700,8.8000,174450,1563215.0000,3,0.319654,1,3.070000,56.555003,0.693005,35.993596,3.937901,0
2003-10-13,sh.600730,9.0700,9.1000,8.9800,8.9800,9.0700,119100,1075725.0000,3,0.218233,1,-0.990000,55.993818,0.686129,35.636438,3.898826,0
2003-10-14,sh.600730,8.9900,8.9900,8.8200,8.8600,8.9800,53570,475255.0000,3,0.098159,1,-1.340000,55.245571,0.676960,35.160227,3.846726,0
2003-10-15,sh.600730,8.9500,9.1200,8.8600,8.8600,8.8600,77150,694583.0000,3,0.141366,1,0.000000,55.245571,0.676960,35.160227,3.846726,0
2003-10-16,sh.600730,8.8000,8.9500,8.7800,8.8400,8.8600,62900,554332.0000,3,0.115255,1,-0.230000,55.120863,0.675432,35.080858,3.838043,0
2003-10-17,sh.600730,8.8200,8.9000,8.8000,8.8800,8.8400,45650,403510.0000,3,0.083647,1,0.450000,55.370279,0.678488,35.239595,3.855409,0
2003-10-20,sh.600730,8.8500,8.8700,8.5600,8.6000,8.8800,107999,932707.0000,3,0.197892,1,-3.150000,53.624369,0.657094,34.128437,3.733842,0
2003-10-21,sh.600730,8.5900,8.7800,8.5500,8.6400,8.6000,76169,654811.0000,3,0.139569,1,0.470000,53.873785,0.660150,34.287174,3.751209,0
2003-10-22,sh.600730,8.6500,8.8900,8.6100,8.8000,8.6400,137429,1205011.0000,3,0.251819,1,1.850000,54.871447,0.672375,34.922121,3.820676,0
2003-10-23,sh.600730,8.8500,9.0800,8.8200,8.8500,8.8000,205707,1842122.0000,3,0.376928,1,0.570000,55.183217,0.676196,35.120543,3.842384,0
2003-10-24,sh.600730,8.8000,8.9100,8.6100,8.7100,8.8000,85180,740756.0000,3,0.156080,1,-1.020000,54.310262,0.665499,34.564963,3.781601,0
2003-10-27,sh.600730,8.5700,8.7000,8.5700,8.6400,8.7100,76500,660745.0000,3,0.140175,1,-0.800000,44.880744,0.585478,34.287174,3.655628,0
2003-10-28,sh.600730,8.6400,8.8100,8.1000,8.1800,8.6400,178790,1498863.0000,3,0.327607,1,-5.320000,42.491260,0.554307,32.461699,3.460999,0
2003-10-29,sh.600730,8.1800,8.2600,7.8000,8.0000,8.1800,306499,2448300.0000,3,0.561615,1,-2.200000,41.556245,0.542109,31.747383,3.384840,0
2003-10-30,sh.600730,8.0000,8.0900,7.8100,7.9900,8.0000,106849,846450.0000,3,0.195785,1,-0.120000,41.504299,0.541432,31.707699,3.380609,0
2003-10-31,sh.600730,7.9900,8.1500,7.8600,7.9500,7.9900,136660,1095566.0000,3,0.250410,1,-0.500000,41.296518,0.538721,31.548962,3.363685,0
2003-11-03,sh.600730,7.9000,8.0300,7.7500,8.0000,7.9500,121879,965545.0000,3,0.223326,1,0.630000,41.556245,0.542109,31.747383,3.384840,0
2003-11-04,sh.600730,8.0000,8.2200,8.0000,8.1200,8.0000,191460,1556675.0000,3,0.350823,1,1.500000,42.179588,0.550241,32.223594,3.435613,0
2003-11-05,sh.600730,8.1500,8.1500,7.8300,7.8700,8.1200,191810,1530687.0000,3,0.351464,1,-3.080000,40.880956,0.533300,31.231488,3.329837,0
2003-11-06,sh.600730,7.8700,7.8700,7.2000,7.2000,7.8700,408008,3016041.0000,3,0.747615,1,-8.510000,37.400620,0.487898,28.572645,3.046356,0
2003-11-07,sh.600730,7.2000,7.6000,6.9000,7.2100,7.2000,622418,4461242.0000,3,1.140490,1,0.140000,37.452565,0.488576,28.612329,3.050587,0
2003-11-10,sh.600730,7.2000,7.2100,7.0500,7.1000,7.2100,253701,1803186.0000,3,0.464870,1,-1.530000,36.881167,0.481122,28.175803,3.004046,0
2003-11-11,sh.600730,7.0900,7.2800,7.0500,7.1400,7.1000,85017,606173.0000,3,0.155781,1,0.560000,37.088948,0.483832,28.334539,3.020970,0
2003-11-12,sh.600730,7.1500,7.1800,6.8600,6.8800,7.1400,203390,1417361.0000,3,0.372683,1,-3.640000,35.738370,0.466214,27.302750,2.910963,0
2003-11-13,sh.600730,6.8800,7.2000,6.8000,7.0700,6.8800,232795,1632628.0000,3,0.426563,1,2.760000,36.725331,0.479089,28.056750,2.991353,0
2003-11-14,sh.600730,7.0300,7.1800,7.0200,7.1800,7.0700,135197,962038.0000,3,0.247729,1,1.560000,37.296730,0.486543,28.493276,3.037894,0
2003-11-17,sh.600730,7.0800,7.1800,7.0000,7.1000,7.1800,259935,1832143.0000,3,0.476293,1,-1.114206,36.881167,0.481122,28.175803,3.004046,0
2003-11-18,sh.600730,7.1000,7.1000,7.0000,7.0000,7.1000,102700,722670.0000,3,0.188183,1,-1.410000,36.361714,0.474346,27.778960,2.961735,0
2003-11-19,sh.600730,7.1000,7.6000,7.1000,7.4200,7.0000,844191,6271753.0000,3,1.546857,1,6.000000,38.543417,0.502806,29.445698,3.139439,0
2003-11-20,sh.600730,7.3600,8.1600,7.3600,8.1600,7.4200,1235279,9705762.0000,3,2.263469,1,9.970000,42.387369,0.552951,32.382331,3.452537,0
2003-11-21,sh.600730,8.1600,8.2800,7.6500,7.7100,8.1600,1119874,8891804.0000,3,2.052006,1,-5.510000,40.049831,0.522458,30.596541,3.262140,0
2003-11-24,sh.600730,7.6200,8.1400,7.6200,8.0000,7.7100,643627,5095954.0000,3,1.179353,1,3.760000,41.556245,0.542109,31.747383,3.384840,0
2003-11-25,sh.600730,8.0100,8.2800,7.9400,8.0500,8.0000,837058,6777303.0000,3,1.533787,1,0.630000,41.815971,0.545497,31.945804,3.405996,0
2003-11-26,sh.600730,8.0300,8.0300,7.7500,7.9500,8.0500,449367,3546424.0000,3,0.823400,1,-1.240000,41.296518,0.538721,31.548962,3.363685,0
2003-11-27,sh.600730,7.9800,7.9800,7.7600,7.7700,7.9500,286130,2243464.0000,3,0.524292,1,-2.260000,40.361503,0.526524,30.834646,3.287526,0
2003-11-28,sh.600730,7.7400,8.2800,7.7400,8.0500,7.7700,550092,4424043.0000,3,1.007964,1,3.600000,41.815971,0.545497,31.945804,3.405996,0
2003-12-01,sh.600730,8.0300,8.2800,8.0300,8.2300,8.0500,543825,4456511.0000,3,0.996480,1,2.240000,42.750987,0.557695,32.660120,3.482155,0
2003-12-02,sh.600730,8.2800,8.4500,8.1900,8.2200,8.2300,821270,6840345.0000,3,1.504858,1,-0.120000,42.699041,0.557017,32.620436,3.477923,0
2003-12-03,sh.600730,8.1600,8.2300,8.0300,8.1200,8.2200,425323,3467632.0000,3,0.779343,1,-1.220000,42.179588,0.550241,32.223594,3.435613,0
2003-12-04,sh.600730,8.1000,8.2400,8.0300,8.1700,8.1200,319205,2587272.0000,3,0.584897,1,0.620000,42.439315,0.553629,32.422015,3.456768,0
2003-12-05,sh.600730,8.2500,8.2500,8.0800,8.1800,8.1700,209031,1697318.0000,3,0.383019,1,0.120000,42.491260,0.554307,32.461699,3.460999,0
2003-12-08,sh.600730,8.1800,8.2400,7.9700,7.9800,8.1800,192010,1547219.0000,3,0.351830,1,-2.440000,41.452354,0.540754,31.668015,3.376378,0
2003-12-09,sh.600730,7.9800,8.1000,7.8500,8.0700,7.9800,163750,1304050.0000,3,0.300048,1,1.130000,41.919862,0.546853,32.025173,3.414458,0
2003-12-10,sh.600730,8.1000,8.1600,7.9700,8.1600,8.0700,319798,2594125.0000,3,0.585983,1,1.120000,42.387369,0.552951,32.382331,3.452537,0
2003-12-11,sh.600730,8.3000,8.4000,8.1000,8.2000,8.1600,341740,2813143.0000,3,0.626189,1,0.490000,42.595151,0.555662,32.541068,3.469461,0
2003-12-12,sh.600730,8.1200,8.1900,8.0000,8.1300,8.2000,326440,2636119.0000,3,0.598154,1,-0.850000,42.231534,0.550918,32.263278,3.439844,0
2003-12-15,sh.600730,8.0600,8.1900,8.0600,8.1900,8.1300,268986,2184699.0000,3,0.492878,1,0.740000,42.543205,0.554984,32.501383,3.465230,0
2003-12-16,sh.600730,8.2400,8.2400,7.9500,8.1700,8.1900,392765,3167286.0000,3,0.719685,1,-0.240000,42.439315,0.553629,32.422015,3.456768,0
2003-12-17,sh.600730,8.1600,8.6600,8.1100,8.3000,8.1700,1539590,12927504.0000,3,2.821075,1,1.590000,43.114604,0.562438,32.937910,3.511772,0
2003-12-18,sh.600730,8.0600,8.3300,7.9200,8.0700,8.3000,501494,4056813.0000,3,0.918915,1,-2.770000,41.919862,0.546853,32.025173,3.414458,0
2003-12-19,sh.600730,8.1500,8.1500,7.2600,7.4200,8.0700,814851,6175847.0000,3,1.493096,1,-8.050000,38.543417,0.502806,29.445698,3.139439,0
2003-12-22,sh.600730,7.3900,7.9200,7.2400,7.7700,7.4200,470321,3534678.0000,3,0.861795,1,4.720000,40.361503,0.526524,30.834646,3.287526,0
2003-12-23,sh.600730,7.7700,7.9000,7.6800,7.7300,7.7700,284561,2206820.0000,3,0.521417,1,-0.510000,40.153721,0.523813,30.675909,3.270602,0
2003-12-24,sh.600730,7.6000,7.7200,7.5500,7.6100,7.7300,259825,1982071.0000,3,0.476092,1,-1.550000,39.530378,0.515681,30.199698,3.219829,0
2003-12-25,sh.600730,7.6300,7.7900,7.5500,7.7100,7.6100,296393,2274656.0000,3,0.543097,1,1.310000,40.049831,0.522458,30.596541,3.262140,0
2003-12-26,sh.600730,7.5500,7.8200,7.5500,7.7700,7.7100,187905,1445803.0000,3,0.344309,1,0.780000,40.361503,0.526524,30.834646,3.287526,0
2003-12-29,sh.600730,7.7600,7.8200,7.5800,7.6000,7.7700,250700,1935236.0000,3,0.459371,1,-2.190000,39.478432,0.515004,30.160014,3.215598,0
2003-12-30,sh.600730,7.7600,7.7600,7.5500,7.6400,7.6000,171162,1302800.0000,3,0.313629,1,0.530000,39.686214,0.517714,30.318751,3.232523,0
2003-12-31,sh.600730,7.6500,7.7500,7.5500,7.6500,7.6400,175700,1337319.0000,3,0.321945,1,0.130000,39.738159,0.518392,30.358435,3.236754,0
2004-01-02,sh.600730,7.6500,8.4000,7.6200,8.2800,7.6500,1391472,11300320.0000,3,2.549670,1,8.240000,43.010713,0.561083,32.858542,3.503310,0
2004-01-05,sh.600730,8.2800,8.3900,8.0300,8.3400,8.2800,1932928,15907280.0000,3,3.541809,1,0.720000,43.322385,0.565149,33.096647,3.528696,0
2004-01-06,sh.600730,8.3500,8.4000,8.1500,8.3100,8.3400,922123,7635670.0000,3,1.689656,1,-0.360000,43.166549,0.563116,32.977594,3.516003,0
2004-01-07,sh.600730,8.3800,8.3800,8.1800,8.2300,8.3100,495229,4072980.0000,3,0.907435,1,-0.960000,42.750987,0.557695,32.660120,3.482155,0
2004-01-08,sh.600730,8.3000,8.6000,8.1600,8.5000,8.2300,1312724,11045201.0000,3,2.405376,1,3.280000,44.153510,0.575991,33.731595,3.596393,0
2004-01-09,sh.600730,8.5100,8.5800,8.2500,8.2600,8.5000,925500,7730599.0000,3,1.695844,1,-2.820000,42.906823,0.559728,32.779173,3.494848,0
2004-01-12,sh.600730,8.2500,8.3000,8.0600,8.2400,8.2600,511470,4175384.0000,3,0.937194,1,-0.240000,42.802932,0.558372,32.699805,3.486386,0
2004-01-13,sh.600730,8.2700,8.6000,8.1800,8.4700,8.2400,1114365,9455006.0000,3,2.041912,1,2.790000,43.997674,0.573958,33.612542,3.583700,0
2004-01-14,sh.600730,8.5900,8.5900,8.3200,8.3300,8.4700,397775,3337000.0000,3,0.728865,1,-1.650000,43.270440,0.564471,33.056963,3.524465,0
2004-01-15,sh.600730,8.3500,8.5500,8.2900,8.3300,8.3300,521611,4404933.0000,3,0.955776,1,0.000000,43.270440,0.564471,33.056963,3.524465,0
2004-01-16,sh.600730,8.3100,8.6400,8.2500,8.5900,8.3300,1216277,10368525.0000,3,2.228651,1,3.120000,44.621018,0.582090,34.088753,3.634472,0
2004-01-29,sh.600730,8.7100,9.0900,8.6600,8.9800,8.5900,1217310,10845749.0000,3,2.230544,1,4.540000,46.646885,0.608518,35.636438,3.799483,0
2004-01-30,sh.600730,9.0500,9.2000,8.8000,8.8100,8.9800,1211029,10918685.0000,3,2.219035,1,-1.890000,45.763814,0.596998,34.961806,3.727555,0
2004-02-02,sh.600730,8.8100,9.2700,8.7100,9.0200,8.8100,680311,6113814.0000,3,1.246571,1,2.380000,46.854666,0.611228,35.795174,3.816408,0
2004-02-03,sh.600730,9.0000,9.2000,8.9200,9.0200,9.0200,509799,4602487.0000,3,0.934133,1,0.000000,46.854666,0.611228,35.795174,3.816408,0
2004-02-04,sh.600730,9.1200,9.2500,8.9700,9.2500,9.0200,804169,7321462.0000,3,1.473523,1,2.550000,48.049408,0.626814,36.707912,3.913722,0
2004-02-05,sh.600730,9.2500,9.2800,9.0200,9.1600,9.2500,749016,6822350.0000,3,1.372463,1,-0.970000,47.581900,0.620715,36.350754,3.875642,0
2004-02-06,sh.600730,9.1700,9.1700,8.9600,8.9700,9.1600,770478,6950291.0000,3,1.411789,1,-2.070000,46.594939,0.607840,35.596753,3.795252,0
2004-02-09,sh.600730,8.9500,9.1800,8.9500,9.1400,8.9700,536116,4870567.0000,3,0.982355,1,1.900000,47.478009,0.619360,36.271385,3.867180,0
2004-02-10,sh.600730,9.1300,9.3000,9.1200,9.2000,9.1400,836890,7701358.0000,3,1.533479,1,0.660000,47.789681,0.623426,36.509491,3.892566,0
2004-02-11,sh.600730,9.1500,9.3500,9.1000,9.3400,9.2000,869949,8009730.0000,3,1.594055,1,1.520000,48.516916,0.632913,37.065070,3.951801,0
2004-02-12,sh.600730,9.3500,9.6700,9.3100,9.6000,9.3400,1831812,17498088.0000,3,3.356529,1,2.780000,49.867493,0.650531,38.096860,4.061808,0
2004-02-13,sh.600730,9.7200,9.8500,9.4500,9.5500,9.6000,2309253,22274282.0000,3,4.231370,1,-0.520000,49.607767,0.647143,37.898439,4.040653,0
2004-02-16,sh.600730,9.6500,10.0900,9.6500,10.0700,9.5500,2287517,22698280.0000,3,4.191542,1,5.450000,52.308923,0.682380,39.962019,4.260668,0
2004-02-17,sh.600730,10.0600,10.0800,9.8800,10.0200,10.0700,1272712,12714359.0000,3,2.332060,1,-0.500000,52.049196,0.678992,39.763597,4.239513,0
2004-02-18,sh.600730,10.0400,10.1200,9.8500,9.9000,10.0200,1208525,12015117.0000,3,2.214446,1,-1.200000,51.425853,0.670860,39.287387,4.188740,0
2004-02-19,sh.600730,9.9000,9.9700,9.6900,9.8600,9.9000,1015010,9949142.0000,3,1.859858,1,-0.400000,51.218071,0.668150,39.128650,4.171816,0
2004-02-20,sh.600730,9.8800,9.9500,9.7000,9.9400,9.8600,643008,6313519.0000,3,1.178219,1,0.810000,51.633634,0.673571,39.446124,4.205664,0
2004-02-23,sh.600730,10.0300,10.0600,9.4600,9.4700,9.9400,703550,6856446.0000,3,1.289153,1,-4.730000,49.192205,0.641722,37.580965,4.006805,0
2004-02-24,sh.600730,9.4300,9.4500,9.0300,9.1900,9.4700,1250555,11441075.0000,3,2.291460,1,-2.960000,47.737736,0.622748,36.469806,3.888335,0
2004-02-25,sh.600730,9.1500,9.4200,8.8500,8.9200,9.1900,751462,6885998.0000,3,1.376945,1,-2.940000,46.335213,0.604452,35.398332,3.774097,0
2004-02-26,sh.600730,8.9100,9.0000,8.7000,8.9100,8.9200,551150,4876344.0000,3,1.009902,1,-0.110000,46.283267,0.603774,35.358648,3.769866,0
2004-02-27,sh.600730,8.9200,9.1500,8.8700,9.1000,8.9100,433187,3891491.0000,3,0.793752,1,2.130000,47.270228,0.616649,36.112648,3.850256,0
2004-03-01,sh.600730,9.0800,9.1900,8.9000,9.1500,9.1000,420407,3808355.0000,3,0.770335,1,0.550000,47.529955,0.620037,36.311069,3.871411,0
2004-03-02,sh.600730,9.1400,9.1400,8.9100,9.0300,9.1500,499310,4499917.0000,3,0.914913,1,-1.310000,46.906611,0.611906,35.834859,3.820639,0
2004-03-03,sh.600730,8.9300,9.0500,8.7600,8.8100,9.0300,355800,3161801.0000,3,0.651952,1,-2.440000,45.763814,0.596998,34.961806,3.727555,0
2004-03-04,sh.600730,8.7600,8.9100,8.7200,8.8700,8.8100,286220,2526118.0000,3,0.524457,1,0.680000,46.075486,0.601064,35.199911,3.752942,0
2004-03-05,sh.600730,8.9000,9.0500,8.8700,8.9100,8.8700,268315,2403356.0000,3,0.491648,1,0.450000,46.283267,0.603774,35.358648,3.769866,0
2004-03-08,sh.600730,8.8700,8.8700,8.5500,8.5800,8.9100,358649,3118677.0000,3,0.657172,1,-3.700000,44.569072,0.581412,34.049068,3.630241,0
2004-03-09,sh.600730,8.5600,8.6500,8.4100,8.4500,8.5800,359860,3081234.0000,3,0.659391,1,-1.520000,43.893783,0.572603,33.533173,3.575238,0
2004-03-10,sh.600730,8.4600,8.6500,8.4600,8.6500,8.4500,370114,3161297.0000,3,0.678180,1,2.370000,44.932689,0.586156,34.326858,3.659859,0
2004-03-11,sh.600730,8.6500,8.8200,8.6100,8.7500,8.6500,378719,3309126.0000,3,0.693947,1,1.160000,45.452143,0.592932,34.723700,3.702169,0
2004-03-12,sh.600730,8.7800,8.8800,8.6900,8.7900,8.7500,330669,2908489.0000,3,0.605903,1,0.460000,45.659924,0.595642,34.882437,3.719093,0
2004-03-15,sh.600730,8.8300,9.1100,8.8100,9.0100,8.7900,409245,3669828.0000,3,0.749882,1,2.500000,46.802720,0.610550,35.755490,3.812176,0
2004-03-16,sh.600730,9.0600,9.0600,8.9300,8.9900,9.0100,399710,3593063.0000,3,0.732410,1,-0.220000,46.698830,0.609195,35.676122,3.803714,0
2004-03-17,sh.600730,9.0100,9.1900,8.9100,9.1900,8.9900,720347,6553434.0000,3,1.319931,1,2.220000,47.737736,0.622748,36.469806,3.888335,0
2004-03-18,sh.600730,9.1900,9.2600,9.0800,9.1000,9.1900,781444,7173100.0000,3,1.431882,1,-0.980000,47.270228,0.616649,36.112648,3.850256,0
2004-03-19,sh.600730,9.1500,9.2700,9.0000,9.2300,9.1000,759790,6962457.0000,3,1.392205,1,1.430000,47.945517,0.625459,36.628543,3.905260,0
2004-03-22,sh.600730,9.4000,9.9300,9.2800,9.7300,9.2300,3541320,33996533.0000,3,6.488954,1,5.420000,50.542782,0.659340,38.612755,4.116812,0
2004-03-23,sh.600730,9.6800,9.7000,9.5200,9.5900,9.7300,932160,8938740.0000,3,1.708048,1,-1.440000,49.815548,0.649853,38.057176,4.057577,0
2004-03-24,sh.600730,9.6500,9.6500,9.3000,9.4100,9.5900,723451,6882516.0000,3,1.325619,1,-1.880000,48.880533,0.637656,37.342859,3.981419,0
2004-03-25,sh.600730,9.4000,9.4800,9.2600,9.3800,9.4100,409570,3829444.0000,3,0.750477,1,-0.320000,48.724697,0.635623,37.223807,3.968725,0
2004-03-26,sh.600730,9.4000,9.6500,9.2900,9.5000,9.3800,547880,5179903.0000,3,1.003910,1,1.280000,49.348040,0.643755,37.700017,4.019498,0
2004-03-29,sh.600730,9.4500,9.4900,9.3000,9.3100,9.5000,336538,3148400.0000,3,0.616657,1,-2.000000,48.361080,0.630880,36.946017,3.939108,0
2004-03-30,sh.600730,9.3200,9.6500,9.2800,9.6400,9.3100,841839,8010713.0000,3,1.542548,1,3.540000,50.075275,0.653242,38.255597,4.078733,0
2004-03-31,sh.600730,9.8800,10.3800,9.8600,9.9700,9.6400,3426618,34524867.0000,3,6.278779,1,3.420000,51.789470,0.675604,39.565176,4.218357,0
2004-04-01,sh.600730,9.8800,9.9800,9.7000,9.8400,9.9700,1101913,10806805.0000,3,2.019095,1,-1.300000,51.114181,0.666794,39.049281,4.163354,0
2004-04-02,sh.600730,9.8600,10.0800,9.8100,9.9200,9.8400,945450,9415187.0000,3,1.732400,1,0.810000,51.529743,0.672215,39.366755,4.197202,0
2004-04-05,sh.600730,9.9100,10.2700,9.8500,10.1900,9.9200,1336999,13534690.0000,3,2.449856,1,2.720000,52.932267,0.690512,40.438229,4.311440,0
2004-04-06,sh.600730,10.1900,10.2500,9.9200,10.1400,10.1900,945385,9513210.0000,3,1.732281,1,-0.490000,52.672540,0.687123,40.239808,4.290285,0
2004-04-07,sh.600730,10.1400,10.2800,9.9300,10.1500,10.1400,1148512,11599126.0000,3,2.104481,1,0.100000,52.724485,0.687801,40.279492,4.294516,0
2004-04-08,sh.600730,10.1000,10.3500,10.1000,10.2000,10.1500,1653921,16950857.0000,3,3.030570,1,0.490000,52.984212,0.691189,40.477914,4.315671,0
2004-04-09,sh.600730,10.2500,10.3300,9.8100,9.8300,10.2000,1386710,13896375.0000,3,2.540944,1,-3.630000,51.062236,0.666117,39.009597,4.159123,0
2004-04-12,sh.600730,9.8300,10.1100,9.6300,10.0400,9.8300,1532187,15190993.0000,3,2.807510,1,2.140000,52.153087,0.680347,39.842966,4.247975,0
2004-04-13,sh.600730,10.3800,10.7000,10.2500,10.2900,10.0400,3376471,35229072.0000,3,6.186892,1,2.490000,56.495167,0.720701,18.764979,4.238440,0
2004-04-14,sh.600730,10.2800,10.9000,10.2500,10.8200,10.2900,3609344,38070080.0000,3,6.613598,1,5.150000,59.405025,0.757822,19.731494,4.456747,0
2004-04-15,sh.600730,10.7500,10.7900,10.3100,10.3700,10.8200,1725455,18261526.0000,3,3.161645,1,-4.160000,56.934391,0.726305,18.910868,4.271392,0
2004-04-16,sh.600730,10.4000,10.5200,10.0700,10.4100,10.3700,1206257,12412319.0000,3,2.210291,1,0.390000,57.154003,0.729106,18.983812,4.287868,0
2004-04-19,sh.600730,10.4100,10.5000,10.1000,10.1900,10.4100,757980,7802342.0000,3,1.388888,1,-2.110000,55.946137,0.713698,18.582617,4.197250,0
2004-04-20,sh.600730,10.1000,10.3000,10.0000,10.0300,10.1900,732692,7399307.0000,3,1.342552,1,-1.570000,55.067690,0.702491,18.290839,4.131346,0
2004-04-21,sh.600730,10.0200,10.3000,9.8800,10.1100,10.0300,642200,6481429.0000,3,1.176738,1,0.800000,55.506913,0.708094,18.436728,4.164298,0
2004-04-22,sh.600730,10.0500,10.3800,10.0000,10.3500,10.1100,490108,5005765.0000,3,0.898052,1,2.370000,56.824585,0.724904,18.874395,4.263154,0
2004-04-23,sh.600730,10.3500,10.3500,9.9800,10.0200,10.3500,488350,4943575.0000,3,0.894830,1,-3.190000,55.012787,0.701791,18.272603,4.127227,0
2004-04-26,sh.600730,10.0000,10.1200,9.8600,9.9400,10.0200,338299,3368136.0000,3,0.619884,1,-0.800000,54.573563,0.696188,18.126714,4.094275,0
2004-04-27,sh.600730,9.5600,9.9300,9.5600,9.8200,9.9400,351580,3442110.0000,3,0.644219,1,-1.210000,52.087575,0.632278,-61.289426,4.007078,0
2004-04-28,sh.600730,9.8500,10.0800,9.8000,9.9400,9.8200,290698,2886459.0000,3,0.532662,1,1.220000,52.724083,0.640004,-62.038381,4.056045,0
2004-04-29,sh.600730,9.9200,10.0200,9.7200,9.7400,9.9400,311090,3058289.0000,3,0.570027,1,-2.010000,51.663237,0.627127,-60.790123,3.974434,0
2004-04-30,sh.600730,9.6800,9.9000,9.3000,9.4600,9.7400,384731,3657103.0000,3,0.704964,1,-2.870000,50.178051,0.609099,-59.042563,3.860179,0
2004-05-10,sh.600730,9.4700,9.4700,9.1200,9.1300,9.4600,175350,1623008.0000,3,0.321303,1,-3.490000,48.427654,0.587851,-56.982939,3.725522,0
2004-05-11,sh.600730,9.1500,9.3500,9.1300,9.3000,9.1300,197200,1820394.0000,3,0.361340,1,1.860000,49.329374,0.598797,-58.043958,3.794891,0
2004-05-12,sh.600730,9.2700,9.5100,9.2500,9.4900,9.3000,181129,1708733.0000,3,0.331893,1,2.040000,50.337178,0.611030,-59.229802,3.872421,0
2004-05-13,sh.600730,9.5500,9.5500,9.3400,9.4000,9.4900,172586,1620921.0000,3,0.316239,1,-0.950000,49.859797,0.605236,-58.668086,3.835696,0
2004-05-14,sh.600730,9.4000,9.4000,9.1800,9.2200,9.4000,132678,1227794.0000,3,0.243113,1,-1.910000,48.905035,0.593646,-57.544655,3.762247,0
2004-05-17,sh.600730,9.2000,9.4900,9.2000,9.3700,9.2200,211590,1991838.0000,3,0.387708,1,1.630000,49.700670,0.603304,-58.480848,3.823455,0
2004-05-18,sh.600730,9.3800,9.6700,9.3800,9.6700,9.3700,227397,2169612.0000,3,0.416672,1,3.200000,51.291940,0.622620,-60.353233,3.945871,0
2004-05-19,sh.600730,9.6700,9.7400,9.5900,9.6600,9.6700,265487,2569472.0000,3,0.486466,1,-0.100000,51.238898,0.621976,-60.290820,3.941790,0
2004-05-20,sh.600730,9.6800,9.7300,9.4200,9.4500,9.6600,242000,2326503.0000,3,0.443430,1,-2.170000,50.125009,0.608455,-58.980150,3.856099,0
2004-05-21,sh.600730,9.4500,9.5200,9.3200,9.4500,9.4500,124893,1177471.0000,3,0.228848,1,0.000000,50.125009,0.608455,-58.980150,3.856099,0
2004-05-24,sh.600730,9.4600,9.4800,9.3500,9.3600,9.4500,73849,694462.0000,3,0.135318,1,-0.950000,49.647628,0.602660,-58.418435,3.819374,0
2004-05-25,sh.600730,9.3200,9.3300,8.7500,8.7900,9.3600,478020,4291621.0000,3,0.875902,1,-6.090000,46.624215,0.565960,-54.860902,3.586784,0
2004-05-26,sh.600730,8.7600,9.0000,8.7500,8.8200,8.7900,284830,2515014.0000,3,0.521910,1,0.340000,46.783342,0.567891,-55.048140,3.599026,0
2004-05-27,sh.600730,8.8400,9.0600,8.7600,9.0300,8.8200,419303,3754591.0000,3,0.768312,1,2.380000,47.897231,0.581413,-56.358810,3.684717,0
2004-05-28,sh.600730,9.1000,9.1600,8.9000,8.9500,9.0300,221872,2003926.0000,3,0.406548,1,-0.890000,47.472892,0.576262,-55.859508,3.652073,0
2004-05-31,sh.600730,9.0800,9.0800,8.8300,8.8900,8.9500,215831,1917814.0000,3,0.395479,1,-0.670000,47.154638,0.572398,-55.485030,3.627589,0
2004-06-01,sh.600730,8.9800,9.2000,8.9400,9.1800,8.8900,316538,2874965.0000,3,0.580010,1,3.260000,48.692866,0.591071,-57.295003,3.745925,0
2004-06-02,sh.600730,9.1800,9.3700,9.1300,9.2800,9.1800,417993,3864709.0000,3,0.765911,1,1.090000,49.223289,0.597509,-57.919132,3.786730,0
2004-06-03,sh.600730,9.2900,9.3300,8.9400,9.0200,9.2800,294370,2670140.0000,3,0.539390,1,-2.800000,47.844188,0.580769,-56.296398,3.680636,0
2004-06-04,sh.600730,9.0200,9.1900,9.0100,9.1300,9.0200,203700,1855359.0000,3,0.373251,1,1.220000,48.427654,0.587851,-56.982939,3.725522,0
2004-06-07,sh.600730,8.9700,9.1300,8.8500,9.0200,9.1300,172090,1542455.0000,3,0.315330,1,-1.200000,47.844188,0.580769,-56.296398,3.680636,0
2004-06-08,sh.600730,9.0200,9.0400,8.8700,8.8800,9.0200,121800,1087812.0000,3,0.223181,1,-1.550000,47.101596,0.571754,-55.422618,3.623509,0
2004-06-09,sh.600730,8.8800,8.9400,8.5100,8.5500,8.8800,289000,2530432.0000,3,0.529550,1,-3.720000,45.351199,0.550507,-53.362993,3.488851,0
2004-06-10,sh.600730,8.6000,8.7400,8.5000,8.5800,8.5500,148610,1277675.0000,3,0.272306,1,0.350000,45.510326,0.552438,-53.550232,3.501093,0
2004-06-11,sh.600730,8.6700,8.8800,8.6100,8.6100,8.5800,178540,1562891.0000,3,0.327149,1,0.350000,45.669453,0.554370,-53.737470,3.513335,0
2004-06-14,sh.600730,8.6000,8.6500,8.2600,8.3000,8.6100,133681,1121286.0000,3,0.244951,1,-3.600000,44.025140,0.534410,-51.802672,3.386838,0
2004-06-15,sh.600730,8.3000,8.5500,8.2000,8.4700,8.3000,152390,1269373.0000,3,0.279233,1,2.050000,44.926860,0.545356,-52.863690,3.456207,0
2004-06-16,sh.600730,8.4000,8.5700,8.2800,8.4700,8.4700,135760,1148258.0000,3,0.248760,1,0.000000,44.926860,0.545356,-52.863690,3.456207,0
2004-06-17,sh.600730,8.4700,8.5200,8.2700,8.3300,8.4700,96424,807568.0000,3,0.176683,1,-1.650000,44.184267,0.536342,-51.989910,3.399080,0
2004-06-18,sh.600730,8.2500,8.5700,8.2100,8.4100,8.3300,198170,1663417.0000,3,0.363118,1,0.960000,44.608606,0.541493,-52.489213,3.431724,0
2004-06-22,sh.600730,8.8000,8.9200,8.6000,8.7000,8.4100,320844,2818251.0000,3,0.587900,1,3.450000,46.146834,0.560165,-54.299186,3.550059,0
2004-06-23,sh.600730,8.6500,8.6500,8.5100,8.6000,8.7000,143820,1229688.0000,3,0.263529,1,-1.150000,45.616410,0.553726,-53.675058,3.509254,0
2004-06-24,sh.600730,8.6000,8.7200,8.5300,8.6200,8.6000,161711,1391189.0000,3,0.296312,1,0.230000,45.722495,0.555014,-53.799883,3.517415,0
2004-06-25,sh.600730,8.6200,8.6200,8.2500,8.2600,8.6200,190211,1591634.0000,3,0.348534,1,-4.180000,43.812971,0.531835,-51.553020,3.370516,0
2004-06-28,sh.600730,8.1700,8.2600,7.8400,7.9300,8.2600,223660,1789147.0000,3,0.409824,1,-4.000000,42.062574,0.510587,-49.493396,3.235859,0
2004-06-29,sh.600730,8.0000,8.0500,7.8200,8.0100,7.9300,169477,1348968.0000,3,0.310542,1,1.010000,42.486912,0.515738,-49.992699,3.268503,0
2004-06-30,sh.600730,8.0100,8.1200,7.8000,7.8100,8.0100,86100,684479.0000,3,0.157766,1,-2.500000,41.426066,0.502861,-48.744442,3.186892,0
2004-07-01,sh.600730,7.9000,8.1600,7.9000,8.1400,7.8100,303498,2438052.0000,3,0.556116,1,4.230000,43.176463,0.524108,-50.804066,3.321550,0
2004-07-02,sh.600730,8.1500,8.1800,8.0000,8.0400,8.1400,157150,1269077.0000,3,0.287955,1,-1.230000,42.646039,0.517670,-50.179938,3.280745,0
2004-07-05,sh.600730,8.0100,8.0700,7.9000,8.0400,8.0400,77000,614934.0000,3,0.141091,1,0.000000,42.646039,0.517670,-50.179938,3.280745,0
2004-07-06,sh.600730,8.0500,8.2000,8.0200,8.0800,8.0400,111730,906709.0000,3,0.204729,1,0.500000,42.858209,0.520245,-50.429589,3.297067,0
2004-07-07,sh.600730,8.0800,8.0800,7.9300,7.9300,8.0800,97500,779600.0000,3,0.178655,1,-1.860000,42.062574,0.510587,-49.493396,3.235859,0
2004-07-08,sh.600730,7.9200,7.9900,7.8800,7.9400,7.9300,85509,678491.0000,3,0.156683,1,0.130000,42.115616,0.511231,-49.555809,3.239939,0
2004-07-09,sh.600730,8.0000,8.0600,7.9600,7.9600,7.9400,66300,529853.0000,3,0.121485,1,0.250000,42.221701,0.512519,-49.680635,3.248100,0
2004-07-12,sh.600730,8.0000,8.0000,7.6900,7.7000,7.9600,108530,841954.0000,3,0.198865,1,-3.270000,40.842600,0.495778,-48.057900,3.142007,0
2004-07-13,sh.600730,7.8500,7.8500,7.7000,7.8200,7.7000,78810,612190.0000,3,0.144408,1,1.560000,41.479108,0.503505,-48.806855,3.190973,0
2004-07-14,sh.600730,7.7800,7.8500,7.4100,7.6800,7.8200,170500,1304219.0000,3,0.312416,1,-1.790000,40.736515,0.494490,-47.933075,3.133845,0
2004-07-15,sh.600730,7.7000,7.8000,7.6400,7.7500,7.6800,174075,1345163.0000,3,0.318967,1,0.910000,41.107812,0.498997,-48.369965,3.162409,0
2004-07-16,sh.600730,7.8500,8.1500,7.7600,8.0600,7.7500,620047,4948755.0000,3,1.136146,1,4.000000,42.752124,0.518957,-50.304763,3.288906,0
2004-07-19,sh.600730,5.8500,5.8500,5.6000,5.6200,5.7600,232601,1336556.0000,3,0.304292,1,-2.430000,41.733711,0.506595,-49.106436,3.210559,0
2004-07-20,sh.600730,5.5800,5.5800,5.4000,5.5600,5.6200,321416,1760122.0000,3,0.420481,1,-1.070000,41.288156,0.501187,-48.582168,3.176283,0
2004-07-21,sh.600730,5.5000,5.5600,5.4500,5.5100,5.5600,101420,557573.0000,3,0.132679,1,-0.900000,40.916859,0.496680,-48.145278,3.147719,0
2004-07-22,sh.600730,5.5100,5.5700,5.4100,5.4500,5.5100,185774,1019301.0000,3,0.243032,1,-1.090000,40.471304,0.491271,-47.621010,3.113443,0
2004-07-23,sh.600730,5.4000,5.4500,5.3800,5.4200,5.4500,135345,731662.0000,3,0.177060,1,-0.550000,40.248526,0.488567,-47.358876,3.096305,0
2004-07-26,sh.600730,5.4000,5.4000,5.1500,5.2000,5.4200,206393,1081016.0000,3,0.270007,1,-4.060000,38.614822,0.468736,-45.436560,2.970624,0
2004-07-27,sh.600730,5.2000,5.2900,5.0800,5.2000,5.2000,99680,516585.0000,3,0.130403,1,0.000000,38.614822,0.468736,-45.436560,2.970624,0
2004-07-28,sh.600730,5.2100,5.2700,5.1000,5.1900,5.2000,155094,803378.0000,3,0.202896,1,-0.190000,38.540562,0.467834,-45.349182,2.964912,0
2004-07-29,sh.600730,5.1500,5.3500,5.1500,5.3100,5.1900,252790,1336401.0000,3,0.330704,1,2.310000,39.431674,0.478651,-46.397718,3.033465,0
2004-07-30,sh.600730,5.3200,5.4100,5.2200,5.2300,5.3100,197560,1051298.0000,3,0.258451,1,-1.510000,38.837600,0.471440,-45.698694,2.987763,0
2004-08-02,sh.600730,5.2400,5.2800,5.1100,5.1900,5.2300,160328,833973.0000,3,0.209744,1,-0.760000,38.540562,0.467834,-45.349182,2.964912,0
2004-08-03,sh.600730,5.1900,5.2800,5.1600,5.2300,5.1900,115480,601035.0000,3,0.151073,1,0.770000,38.837600,0.471440,-45.698694,2.987763,0
2004-08-04,sh.600730,5.2800,5.5000,5.2700,5.4200,5.2300,425190,2292709.0000,3,0.556240,1,3.630000,40.248526,0.488567,-47.358876,3.096305,0
2004-08-05,sh.600730,5.4200,5.4200,5.2800,5.2800,5.4200,176596,939294.0000,3,0.231026,1,-2.580000,39.208896,0.475947,-46.135584,3.016326,0
2004-08-06,sh.600730,5.2800,5.3300,5.2000,5.2300,5.2800,123870,651713.0000,3,0.162049,1,-0.950000,38.837600,0.471440,-45.698694,2.987763,0
2004-08-09,sh.600730,5.2200,5.2500,5.1800,5.2500,5.2300,59585,311306.0000,3,0.077950,1,0.380000,38.986118,0.473243,-45.873450,2.999188,0
2004-08-10,sh.600730,5.2500,5.3000,5.2400,5.2800,5.2500,68361,360332.0000,3,0.089431,1,0.570000,39.208896,0.475947,-46.135584,3.016326,0
2004-08-11,sh.600730,5.2800,5.2800,5.1800,5.2000,5.2800,137514,715508.0000,3,0.179898,1,-1.520000,38.614822,0.468736,-45.436560,2.970624,0
2004-08-12,sh.600730,5.1700,5.1900,5.0800,5.1200,5.2000,153750,788136.0000,3,0.201138,1,-1.540000,38.020748,0.461524,-44.737536,2.924922,0
2004-08-13,sh.600730,5.1100,5.1500,5.0500,5.0700,5.1200,159300,811304.0000,3,0.208399,1,-0.980000,37.649451,0.457017,-44.300646,2.896359,0
2004-08-16,sh.600730,5.0400,5.0600,4.8600,4.8800,5.0700,251769,1242646.0000,3,0.329368,1,-3.750000,36.238525,0.439890,-42.640464,2.787817,0
2004-08-17,sh.600730,4.9600,4.9700,4.8500,4.9200,4.8800,167705,824202.0000,3,0.219394,1,0.820000,36.535562,0.443496,-42.989976,2.810668,0
2004-08-18,sh.600730,4.8900,4.9500,4.8800,4.9000,4.9200,87030,428339.0000,3,0.113854,1,-0.410000,36.387044,0.441693,-42.815220,2.799242,0
2004-08-19,sh.600730,4.8700,4.8900,4.7000,4.7100,4.9000,215040,1020859.0000,3,0.281319,1,-3.880000,34.976117,0.424566,-41.155038,2.690700,0
2004-08-20,sh.600730,4.6800,4.7300,4.6000,4.7000,4.7100,156003,729494.0000,3,0.204086,1,-0.210000,34.901858,0.423665,-41.067660,2.684987,0
2004-08-23,sh.600730,4.8000,5.0000,4.7300,4.8600,4.7000,310278,1520562.0000,3,0.405911,1,3.400000,34.979922,0.393986,-8.973380,2.723586,0
2004-08-24,sh.600730,4.7600,5.0000,4.7600,4.9900,4.8600,299995,1480354.0000,3,0.392458,1,2.670000,35.915599,0.404525,-9.213409,2.796440,0
2004-08-25,sh.600730,4.9100,4.9800,4.8700,4.9200,4.9900,123780,608820.0000,3,0.161931,1,-1.400000,35.411773,0.398850,-9.084163,2.757211,0
2004-08-26,sh.600730,4.8800,4.9500,4.8800,4.9100,4.9200,87855,431376.0000,3,0.114933,1,-0.200000,35.339798,0.398039,-9.065699,2.751607,0
2004-08-27,sh.600730,4.9200,4.9200,4.7500,4.7500,4.9100,104596,505544.0000,3,0.136834,1,-3.260000,34.188195,0.385069,-8.770279,2.661941,0
2004-08-30,sh.600730,4.7500,4.9600,4.7500,4.9500,4.7500,173336,844023.0000,3,0.226761,1,4.210000,35.627698,0.401282,-9.139554,2.774023,0
2004-08-31,sh.600730,5.0000,5.2500,5.0000,5.0800,4.9500,347361,1769751.0000,3,0.454423,1,2.630000,36.563375,0.411821,-9.379583,2.846876,0
2004-09-01,sh.600730,5.0300,5.0300,4.9200,4.9600,5.0800,91790,456382.0000,3,0.120081,1,-2.360000,35.699673,0.402093,-9.158018,2.779627,0
2004-09-02,sh.600730,4.9600,5.0900,4.9200,5.0800,4.9600,159794,799090.0000,3,0.209045,1,2.420000,36.563375,0.411821,-9.379583,2.846876,0
2004-09-03,sh.600730,5.0900,5.3200,5.0900,5.1300,5.0800,305924,1584309.0000,3,0.400215,1,0.980000,36.923251,0.415874,-9.471901,2.874897,0
2004-09-06,sh.600730,5.1000,5.1700,5.0900,5.1000,5.1300,105116,537465.0000,3,0.137514,1,-0.580000,36.707326,0.413442,-9.416510,2.858084,0
2004-09-07,sh.600730,5.1300,5.1600,5.0800,5.1500,5.1000,115034,588910.0000,3,0.150489,1,0.980000,37.067201,0.417496,-9.508829,2.886105,0
2004-09-08,sh.600730,5.1600,5.1800,5.0800,5.0900,5.1500,112414,575896.0000,3,0.147062,1,-1.170000,36.635350,0.412632,-9.398046,2.852480,0
2004-09-09,sh.600730,5.0900,5.0900,4.9600,4.9700,5.0900,258799,1296170.0000,3,0.338565,1,-2.360000,35.771649,0.402903,-9.176481,2.785231,0
2004-09-10,sh.600730,4.9500,5.0100,4.9000,4.9900,4.9700,111177,551650.0000,3,0.145443,1,0.400000,35.915599,0.404525,-9.213409,2.796440,0
2004-09-13,sh.600730,4.9900,4.9900,4.8000,4.8200,4.9900,93826,457561.0000,3,0.122745,1,-3.410000,34.692021,0.390743,-8.899525,2.701170,0
2004-09-14,sh.600730,4.7600,5.1200,4.7600,5.0400,4.8200,200570,1008890.0000,3,0.262389,1,4.560000,36.275475,0.408578,-9.305728,2.824460,0
2004-09-15,sh.600730,5.0400,5.4700,5.0100,5.3100,5.0400,1098154,5817928.0000,3,1.436622,1,5.360000,38.218804,0.430466,-9.804249,2.975770,0
2004-09-16,sh.600730,5.3500,5.4400,5.2500,5.3700,5.3100,642163,3419141.0000,3,0.840088,1,1.130000,38.650655,0.435330,-9.915031,3.009395,0
2004-09-17,sh.600730,5.3900,5.8000,5.3100,5.6800,5.3700,1726063,9723359.0000,3,2.258063,1,5.770000,40.881884,0.460461,-10.487407,3.183122,0
2004-09-20,sh.600730,5.6900,6.0800,5.6000,6.0700,5.6800,1973788,11520009.0000,3,2.582140,1,6.870000,43.688915,0.492077,-11.207493,3.401681,0
2004-09-21,sh.600730,6.1400,6.2300,5.9500,6.0700,6.0700,2159955,13106155.0000,3,2.825687,1,0.000000,43.688915,0.492077,-11.207493,3.401681,0
2004-09-22,sh.600730,6.0500,6.0500,5.7500,5.8100,6.0700,1144664,6735383.0000,3,1.497467,1,-4.280000,41.817561,0.471000,-10.727436,3.255975,0
2004-09-23,sh.600730,5.7600,6.0100,5.7200,6.0000,5.8100,663081,3867728.0000,3,0.867453,1,3.270000,43.185089,0.486403,-11.078247,3.362452,0
2004-09-24,sh.600730,6.1000,6.1600,5.6400,5.7200,6.0000,1432686,8649162.0000,3,1.874262,1,-4.670000,41.169785,0.463704,-10.561262,3.205538,0
2004-09-27,sh.600730,5.7000,6.0000,5.6100,5.7500,5.7200,699666,4029804.0000,3,0.915314,1,0.520000,41.385710,0.466136,-10.616654,3.222350,0
2004-09-28,sh.600730,5.7500,5.8800,5.7500,5.8100,5.7500,513471,2994169.0000,3,0.671731,1,1.040000,41.817561,0.471000,-10.727436,3.255975,0
2004-09-29,sh.600730,5.8000,6.0000,5.7000,5.7600,5.8100,441038,2582107.0000,3,0.576973,1,-0.860000,41.457685,0.466946,-10.635117,3.227954,0
2004-09-30,sh.600730,5.7300,5.8100,5.5000,5.5200,5.7600,399322,2244522.0000,3,0.522399,1,-4.170000,39.730282,0.447490,-10.191987,3.093456,0
2004-10-08,sh.600730,5.5000,5.8000,5.4500,5.8000,5.5200,314921,1754427.0000,3,0.411985,1,5.070000,41.745586,0.470189,-10.708972,3.250371,0
2004-10-11,sh.600730,5.8000,6.2500,5.7100,5.9900,5.8000,2144797,12994844.0000,3,2.805857,1,3.280000,43.113114,0.485592,-11.059783,3.356848,0
2004-10-12,sh.600730,5.9500,5.9800,5.7900,5.8400,5.9900,606773,3563642.0000,3,0.793790,1,-2.500000,42.033486,0.473432,-10.782827,3.272787,0
2004-10-13,sh.600730,5.8000,6.0300,5.7500,6.0100,5.8400,523881,3075692.0000,3,0.685349,1,2.910000,43.257064,0.487213,-11.096711,3.368056,0
2004-10-14,sh.600730,6.0500,6.0800,5.4500,5.5200,6.0100,648200,3714811.0000,3,0.847985,1,-8.150000,39.730282,0.447490,-10.191987,3.093456,0
2004-10-15,sh.600730,5.5200,5.7500,5.5000,5.5800,5.5200,519909,2920031.0000,3,0.680153,1,1.090000,40.162133,0.452354,-10.302770,3.127081,0
2004-10-19,sh.600730,5.7700,5.8000,5.5500,5.5700,5.5800,469669,2656415.0000,3,0.614428,1,-0.180000,40.090157,0.451544,-10.284306,3.121477,0
2004-10-20,sh.600730,5.5300,5.6300,5.3100,5.3800,5.5700,426497,2310328.0000,3,0.557950,1,-3.410000,38.722630,0.436141,-9.933495,3.014999,0
2004-10-21,sh.600730,5.3200,5.4500,5.0900,5.1300,5.3800,518010,2707304.0000,3,0.677669,1,-4.650000,36.923251,0.415874,-9.471901,2.874897,0
2004-10-22,sh.600730,4.8000,4.9300,4.6200,4.6400,5.1300,1608539,7589634.0000,3,2.104316,1,-9.550000,33.396469,0.376151,-8.567178,2.600296,0
2004-10-25,sh.600730,4.6800,4.8000,4.6800,4.7000,4.6400,713750,3369713.0000,3,0.933739,1,1.290000,33.828320,0.381015,-8.677960,2.633921,0
2004-10-26,sh.600730,4.7200,4.7300,4.4000,4.6200,4.7000,670950,3063012.0000,3,0.877747,1,-1.700000,33.252518,0.374530,-8.530250,2.589088,0
2004-10-27,sh.600730,4.7300,4.9500,4.7300,4.9400,4.6200,952765,4600810.0000,3,1.246422,1,6.930000,32.977175,0.401596,-9.848076,2.687278,0
2004-10-28,sh.600730,4.9300,5.1000,4.8400,5.0200,4.9400,922956,4579775.0000,3,1.207425,1,1.620000,33.511218,0.408100,-10.007559,2.730797,0
2004-10-29,sh.600730,4.8500,5.0500,4.6000,4.9200,5.0200,606137,2988571.0000,3,0.792958,1,-1.990000,32.843664,0.399970,-9.808205,2.676398,0
2004-11-01,sh.600730,4.8800,5.0200,4.8700,4.9900,4.9200,532086,2638563.0000,3,0.696083,1,1.420000,33.310952,0.405661,-9.947752,2.714477,0
2004-11-02,sh.600730,5.1000,5.1200,4.9200,5.0100,4.9900,922562,4640153.0000,3,1.206910,1,0.400000,33.444463,0.407287,-9.987623,2.725357,0
2004-11-03,sh.600730,5.0000,5.0800,4.8900,5.0500,5.0100,517769,2587088.0000,3,0.677353,1,0.800000,33.711484,0.410539,-10.067365,2.747116,0
2004-11-04,sh.600730,5.0200,5.0700,4.8100,4.8300,5.0500,420779,2088153.0000,3,0.550470,1,-4.360000,32.242865,0.392654,-9.628786,2.627440,0
2004-11-05,sh.600730,5.0200,5.0300,4.8500,4.8800,4.8300,240936,1182204.0000,3,0.315196,1,1.040000,32.576642,0.396719,-9.728463,2.654639,0
2004-11-08,sh.600730,4.8100,4.9000,4.8100,4.8900,4.8800,134640,655850.0000,3,0.176138,1,0.200000,32.643398,0.397532,-9.748399,2.660079,0
2004-11-09,sh.600730,4.8600,4.9500,4.8500,4.9300,4.8900,191916,942832.0000,3,0.251068,1,0.820000,32.910419,0.400783,-9.828140,2.681838,0
2004-11-10,sh.600730,4.9500,5.2500,4.9500,5.2100,4.9300,953932,4914376.0000,3,1.247949,1,5.680000,34.779571,0.423546,-10.386331,2.834154,0
2004-11-11,sh.600730,5.2100,5.5700,5.2100,5.2100,5.2100,1507748,8144228.0000,3,1.972459,1,0.000000,34.779571,0.423546,-10.386331,2.834154,0
2004-11-12,sh.600730,5.2200,5.3500,5.1500,5.2700,5.2100,707771,3720474.0000,3,0.925917,1,1.150000,35.180104,0.428424,-10.505943,2.866793,0
2004-11-15,sh.600730,5.2700,5.3900,5.2600,5.3700,5.2700,395189,2106851.0000,3,0.516992,1,1.900000,35.847658,0.436553,-10.705297,2.921191,0
2004-11-16,sh.600730,5.3800,5.3900,5.2500,5.3000,5.3700,428081,2270099.0000,3,0.560022,1,-1.300000,35.380370,0.430863,-10.565749,2.883112,0
2004-11-17,sh.600730,5.3100,5.3200,5.2000,5.2000,5.3000,295178,1547743.0000,3,0.386156,1,-1.890000,34.712816,0.422733,-10.366395,2.828714,0
2004-11-18,sh.600730,5.1900,5.7100,5.1500,5.7000,5.2000,1868674,10276146.0000,3,2.444628,1,9.620000,38.050586,0.463380,-11.363164,3.100705,0
2004-11-19,sh.600730,5.7000,5.7000,5.5000,5.5900,5.7000,1704665,9536710.0000,3,2.230069,1,-1.930000,37.316277,0.454438,-11.143875,3.040867,0
2004-11-22,sh.600730,5.6500,6.0500,5.5900,5.8700,5.5900,3128334,18330510.0000,3,4.092535,1,5.010000,39.185428,0.477201,-11.702066,3.193183,0
2004-11-23,sh.600730,5.8400,6.2000,5.7300,6.0700,5.8700,3205409,19263233.0000,3,4.193366,1,3.410000,40.520537,0.493460,-12.100773,3.301979,0
2004-11-24,sh.600730,6.0700,6.0700,5.7000,5.7000,6.0700,1429203,8399722.0000,3,1.869706,1,-6.100000,38.050586,0.463380,-11.363164,3.100705,0
2004-11-25,sh.600730,5.6200,5.7500,5.5200,5.6500,5.7000,1028723,5780354.0000,3,1.345791,1,-0.880000,37.716809,0.459316,-11.263487,3.073506,0
2004-11-26,sh.600730,5.6500,5.7800,5.6500,5.6700,5.6500,670240,3816559.0000,3,0.876818,1,0.350000,37.850320,0.460942,-11.303358,3.084386,0
2004-11-29,sh.600730,5.6800,5.6800,5.3500,5.4200,5.6700,433600,2384793.0000,3,0.567242,1,-4.410000,36.181435,0.440618,-10.804974,2.948390,0
2004-11-30,sh.600730,5.4600,5.5500,5.4300,5.5000,5.4200,426285,2332336.0000,3,0.557673,1,1.480000,36.715478,0.447121,-10.964457,2.991909,0
2004-12-01,sh.600730,5.5400,5.6500,5.4600,5.5000,5.5000,400130,2222129.0000,3,0.523456,1,0.000000,36.715478,0.447121,-10.964457,2.991909,0
2004-12-02,sh.600730,5.5000,5.7000,5.4000,5.6800,5.5000,760177,4229238.0000,3,0.994475,1,3.270000,37.917076,0.461755,-11.323293,3.089826,0
2004-12-03,sh.600730,5.8200,5.9300,5.6800,5.9100,5.6800,1670060,9770894.0000,3,2.184799,1,4.050000,39.452450,0.480452,-11.781807,3.214942,0
2004-12-06,sh.600730,6.0100,6.5000,6.0100,6.2000,5.9100,5946580,37112953.0000,3,7.779409,1,4.910000,41.388357,0.504028,-12.359933,3.372697,0
2004-12-07,sh.600730,6.1700,6.1700,5.8800,5.9300,6.2000,1743220,10468259.0000,3,2.280508,1,-4.350000,39.585961,0.482078,-11.821678,3.225822,0
2004-12-08,sh.600730,5.9600,6.1000,5.8100,5.9300,5.9300,762679,4517060.0000,3,0.997749,1,0.000000,39.585961,0.482078,-11.821678,3.225822,0
2004-12-09,sh.600730,5.9600,6.0500,5.8400,5.9400,5.9300,622976,3695628.0000,3,0.814987,1,0.170000,39.652716,0.482891,-11.841613,3.231262,0
2004-12-10,sh.600730,5.8900,5.9200,5.6600,5.6600,5.9400,941640,5409124.0000,3,1.231868,1,-4.710000,37.783565,0.460129,-11.283423,3.078946,0
2004-12-13,sh.600730,5.6500,5.7300,5.5500,5.7300,5.6600,426455,2406721.0000,3,0.557895,1,1.240000,38.250853,0.465819,-11.422970,3.117025,0
2004-12-14,sh.600730,5.7300,5.8900,5.7000,5.7900,5.7300,495970,2877191.0000,3,0.648836,1,1.050000,38.651385,0.470697,-11.542583,3.149664,0
2004-12-15,sh.600730,5.7800,5.7800,5.5800,5.6600,5.7900,444746,2508541.0000,3,0.581824,1,-2.250000,37.783565,0.460129,-11.283423,3.078946,0
2004-12-16,sh.600730,5.6600,5.7400,5.5500,5.5600,5.6600,247310,1394751.0000,3,0.323535,1,-1.770000,37.116011,0.451999,-11.084069,3.024548,0
2004-12-17,sh.600730,5.5600,5.6500,5.5200,5.5300,5.5600,287549,1604659.0000,3,0.376176,1,-0.540000,36.915744,0.449560,-11.024263,3.008228,0
2004-12-20,sh.600730,5.5000,5.5800,5.4600,5.5400,5.5300,218519,1207649.0000,3,0.285870,1,0.180000,36.982500,0.450373,-11.044198,3.013668,0
2004-12-21,sh.600730,5.5200,5.6200,5.5100,5.5500,5.5400,168999,939390.0000,3,0.221087,1,0.180000,37.049255,0.451186,-11.064133,3.019108,0
2004-12-22,sh.600730,5.6400,5.9000,5.5800,5.8900,5.5500,674152,3893054.0000,3,0.881936,1,6.130000,39.318939,0.478826,-11.741936,3.204062,0
2004-12-23,sh.600730,5.8500,5.8900,5.6400,5.6500,5.8900,422320,2430649.0000,3,0.552486,1,-4.070000,37.716809,0.459316,-11.263487,3.073506,0
2004-12-24,sh.600730,5.6000,5.8000,5.6000,5.6900,5.6500,274600,1564503.0000,3,0.359236,1,0.710000,37.983831,0.462567,-11.343229,3.095266,0
2004-12-27,sh.600730,5.6900,5.7600,5.6800,5.6900,5.6900,161180,920638.0000,3,0.210858,1,0.000000,37.983831,0.462567,-11.343229,3.095266,0
2004-12-29,sh.600730,5.7200,5.9500,5.7200,5.7600,5.6900,645012,3770009.0000,3,0.843815,1,1.230000,38.451119,0.468258,-11.482776,3.133344,0
2004-12-30,sh.600730,5.7300,5.7900,5.5800,5.6700,5.7600,341327,1925095.0000,3,0.446529,1,-1.560000,37.850320,0.460942,-11.303358,3.084386,0
2004-12-31,sh.600730,5.6000,5.7500,5.3100,5.3500,5.6700,419982,2322708.0000,3,0.549427,1,-5.640000,35.714147,0.434927,-10.665426,2.910311,0
2005-01-04,sh.600730,5.3200,5.4500,5.2500,5.3000,5.3500,367039,1958224.0000,3,0.480166,1,-0.930000,35.380370,0.430863,-10.565749,2.883112,0
2005-01-05,sh.600730,5.3300,5.5500,5.3000,5.5100,5.3000,365051,1986862.0000,3,0.477565,1,3.960000,36.782234,0.447934,-10.984392,2.997349,0
2005-01-06,sh.600730,5.5100,5.5100,5.4100,5.4500,5.5100,244668,1331202.0000,3,0.320078,1,-1.090000,36.381701,0.443057,-10.864780,2.964710,0
2005-01-07,sh.600730,5.4500,5.6200,5.4500,5.5200,5.4500,245331,1358054.0000,3,0.320946,1,1.280000,36.848989,0.448747,-11.004327,3.002788,0
2005-01-10,sh.600730,5.5000,5.5900,5.4700,5.5900,5.5200,137415,760692.0000,3,0.179768,1,1.270000,37.316277,0.454438,-11.143875,3.040867,0
2005-01-11,sh.600730,5.5500,5.7000,5.5100,5.6000,5.5900,206200,1159027.0000,3,0.269754,1,0.180000,37.383032,0.455251,-11.163810,3.046307,0
2005-01-12,sh.600730,5.5900,5.5900,5.5100,5.5300,5.6000,158528,877034.0000,3,0.207389,1,-1.250000,36.915744,0.449560,-11.024263,3.008228,0
2005-01-13,sh.600730,5.4900,5.6500,5.4800,5.5600,5.5300,245477,1373636.0000,3,0.321137,1,0.540000,37.116011,0.451999,-11.084069,3.024548,0
2005-01-14,sh.600730,5.5500,5.9000,5.5100,5.7300,5.5600,2060948,11887521.0000,3,2.696164,1,3.060000,38.250853,0.465819,-11.422970,3.117025,0
2005-01-18,sh.600730,5.7300,6.1200,5.7300,6.1000,5.7300,4570402,27198227.0000,3,5.979071,1,6.460000,40.720803,0.495898,-12.160579,3.318299,0
2005-01-19,sh.600730,6.0800,6.0800,5.8900,5.9200,6.1000,1521897,9051480.0000,3,1.990969,1,-2.950000,39.519206,0.481265,-11.801742,3.220382,0
2005-01-20,sh.600730,5.8500,6.0600,5.8400,5.9600,5.9200,1394407,8336823.0000,3,1.824185,1,0.680000,39.786227,0.484517,-11.881484,3.242141,0
2005-01-21,sh.600730,5.9500,6.0000,5.3600,5.7100,5.9600,2216597,12576066.0000,3,2.899787,1,-4.190000,38.117342,0.464193,-11.383100,3.106145,0
2005-01-24,sh.600730,5.9200,6.0800,5.7500,6.0000,5.7100,2367833,14168407.0000,3,3.097636,1,5.080000,40.053249,0.487769,-11.961225,3.263901,0
2005-01-25,sh.600730,5.9700,5.9700,5.8200,5.9100,6.0000,867077,5105279.0000,3,1.134324,1,-1.500000,39.452450,0.480452,-11.781807,3.214942,0
2005-01-26,sh.600730,5.8500,5.9000,5.7000,5.7400,5.9100,791632,4553515.0000,3,1.035625,1,-2.880000,38.317608,0.466632,-11.442906,3.122465,0
2005-01-27,sh.600730,5.7000,5.7000,5.4900,5.5200,5.7400,855500,4751236.0000,3,1.119178,1,-3.830000,36.848989,0.448747,-11.004327,3.002788,0
2005-01-28,sh.600730,5.5300,5.5900,5.4000,5.4600,5.5200,531060,2918925.0000,3,0.694741,1,-1.090000,36.448456,0.443870,-10.884715,2.970149,0
2005-01-31,sh.600730,5.4500,5.4500,5.1900,5.2000,5.4600,652300,3456927.0000,3,0.853349,1,-4.760000,34.712816,0.422733,-10.366395,2.828714,0
2005-02-01,sh.600730,5.2000,5.3400,5.1500,5.1600,5.2000,470456,2458979.0000,3,0.615458,1,-0.770000,34.445794,0.419481,-10.286654,2.806954,0
2005-02-02,sh.600730,5.2100,5.6000,5.2100,5.5400,5.1600,806994,4371868.0000,3,1.055722,1,7.360000,36.982500,0.450373,-11.044198,3.013668,0
2005-02-03,sh.600730,5.5400,5.6100,5.3500,5.3600,5.5400,686700,3756355.0000,3,0.898352,1,-3.250000,35.780902,0.435740,-10.685361,2.915751,0
2005-02-04,sh.600730,5.3600,5.5100,5.3300,5.4700,5.3600,394340,2151847.0000,3,0.515882,1,2.050000,36.515212,0.444683,-10.904650,2.975589,0
2005-02-16,sh.600730,5.5700,5.6300,5.5000,5.5200,5.4700,302010,1680228.0000,3,0.395094,1,0.910000,36.848989,0.448747,-11.004327,3.002788,0
2005-02-17,sh.600730,5.5000,5.6500,5.4000,5.6300,5.5200,493344,2737132.0000,3,0.645400,1,1.990000,37.583298,0.457690,-11.223617,3.062627,0
2005-02-18,sh.600730,5.6300,5.6300,5.4800,5.4800,5.6300,211200,1171802.0000,3,0.276295,1,-2.660000,36.581967,0.445496,-10.924586,2.981029,0
2005-02-21,sh.600730,5.4800,5.6000,5.4600,5.5700,5.4800,305536,1698260.0000,3,0.399707,1,1.640000,37.182766,0.452812,-11.104004,3.029988,0
2005-02-22,sh.600730,5.6000,5.7600,5.5900,5.7400,5.5700,936299,5340390.0000,3,1.224881,1,3.050000,38.317608,0.466632,-11.442906,3.122465,0
2005-02-23,sh.600730,5.7600,5.8500,5.6500,5.7600,5.7400,868770,5009197.0000,3,1.136538,1,0.350000,38.451119,0.468258,-11.482776,3.133344,0
2005-02-24,sh.600730,5.7500,5.8800,5.7000,5.8000,5.7600,867997,5039293.0000,3,1.135527,1,0.690000,38.718141,0.471510,-11.562518,3.155104,0
2005-02-25,sh.600730,5.8000,5.8700,5.7500,5.7600,5.8000,846100,4903571.0000,3,1.106881,1,-0.690000,38.451119,0.468258,-11.482776,3.133344,0
2005-02-28,sh.600730,5.7400,5.8500,5.7000,5.7600,5.7600,417073,2408593.0000,3,0.545621,1,0.000000,38.451119,0.468258,-11.482776,3.133344,0
2005-03-01,sh.600730,5.7300,5.8300,5.6700,5.7000,5.7600,546293,3122700.0000,3,0.714669,1,-1.040000,38.050586,0.463380,-11.363164,3.100705,0
2005-03-02,sh.600730,5.7800,5.9400,5.7000,5.8300,5.7000,1340788,7819928.0000,3,1.754040,1,2.280000,38.918407,0.473949,-11.622324,3.171423,0
2005-03-03,sh.600730,5.8000,5.8100,5.6600,5.7800,5.8300,619978,3552474.0000,3,0.811065,1,-0.860000,38.584630,0.469884,-11.522647,3.144224,0
2005-03-04,sh.600730,5.8000,5.8400,5.6300,5.6500,5.7800,398414,2279632.0000,3,0.521211,1,-2.250000,37.716809,0.459316,-11.263487,3.073506,0
2005-03-07,sh.600730,5.7500,5.7700,5.6000,5.6600,5.6500,304072,1723259.0000,3,0.397792,1,0.180000,37.783565,0.460129,-11.283423,3.078946,0
2005-03-08,sh.600730,5.6200,5.8200,5.6200,5.8200,5.6600,557938,3205264.0000,3,0.729903,1,2.830000,38.851651,0.473136,-11.602389,3.165984,0
2005-03-09,sh.600730,5.8500,5.8900,5.7000,5.8200,5.8200,770145,4461842.0000,3,1.007516,1,0.000000,38.851651,0.473136,-11.602389,3.165984,0
2005-03-10,sh.600730,5.8300,5.8300,5.5700,5.6000,5.8200,549080,3111748.0000,3,0.718315,1,-3.780000,37.383032,0.455251,-11.163810,3.046307,0
2005-03-11,sh.600730,5.6000,5.6400,5.4200,5.4400,5.6000,805620,4423250.0000,3,1.053925,1,-2.860000,36.314946,0.442244,-10.844844,2.959270,0
2005-03-14,sh.600730,5.4200,5.6300,5.4000,5.5000,5.4400,562998,3101381.0000,3,0.736523,1,1.100000,35.548356,0.451060,-11.070625,2.911829,0
2005-03-15,sh.600730,5.5100,5.5100,5.3500,5.3600,5.5000,630318,3402695.0000,3,0.824592,1,-2.550000,34.643488,0.439579,-10.788828,2.837709,0
2005-03-16,sh.600730,5.3600,5.4200,5.3000,5.3600,5.3600,360670,1932624.0000,3,0.471834,1,0.000000,34.643488,0.439579,-10.788828,2.837709,0
2005-03-17,sh.600730,5.3900,5.4600,5.3700,5.3800,5.3600,333027,1801538.0000,3,0.435671,1,0.370000,34.772755,0.441219,-10.829084,2.848298,0
2005-03-18,sh.600730,5.3700,5.4900,5.1500,5.2000,5.3800,432640,2280021.0000,3,0.565986,1,-3.350000,33.609354,0.426457,-10.466773,2.753002,0
2005-03-21,sh.600730,5.2000,5.2700,5.1600,5.1800,5.2000,225300,1172491.0000,3,0.294741,1,-0.380000,33.480088,0.424817,-10.426516,2.742413,0
2005-03-22,sh.600730,5.1600,5.1800,4.7600,4.8400,5.1800,459592,2270468.0000,3,0.601245,1,-6.560000,31.282553,0.396933,-9.742150,2.562409,0
2005-03-23,sh.600730,4.8000,4.9400,4.7500,4.8600,4.8400,538671,2606745.0000,3,0.704698,1,0.410000,31.411820,0.398573,-9.782407,2.572998,0
2005-03-24,sh.600730,4.8600,4.9700,4.7800,4.9300,4.8600,252147,1226549.0000,3,0.329863,1,1.440000,31.864253,0.404314,-9.923306,2.610057,0
2005-03-25,sh.600730,4.9300,4.9500,4.8300,4.9100,4.9300,219600,1073294.0000,3,0.287284,1,-0.410000,31.734986,0.402674,-9.883049,2.599469,0
2005-03-28,sh.600730,4.9000,4.9000,4.7300,4.8100,4.9100,180480,862993.0000,3,0.236107,1,-2.040000,31.088653,0.394473,-9.681765,2.546527,0
2005-03-29,sh.600730,4.8000,4.8600,4.7700,4.7800,4.8100,171237,825830.0000,3,0.224015,1,-0.620000,30.894753,0.392012,-9.621380,2.530644,0
2005-03-30,sh.600730,4.7700,4.7800,4.5500,4.5600,4.7800,325500,1513457.0000,3,0.425824,1,-4.600000,29.472818,0.373970,-9.178555,2.414171,0
2005-03-31,sh.600730,4.5600,4.6600,4.5000,4.6400,4.5600,259872,1189839.0000,3,0.339969,1,1.750000,29.989885,0.380531,-9.339582,2.456525,0
2005-04-01,sh.600730,4.7400,4.9700,4.6300,4.8600,4.6400,400168,1914167.0000,3,0.523506,1,4.740000,31.411820,0.398573,-9.782407,2.572998,0
2005-04-04,sh.600730,4.7800,4.8500,4.6800,4.8300,4.8600,385579,1850345.0000,3,0.504420,1,-0.620000,31.217920,0.396113,-9.722022,2.557115,0
2005-04-05,sh.600730,5.1000,5.2800,4.9300,5.0200,4.8300,2544725,13064333.0000,3,3.329049,1,3.930000,32.445954,0.411695,-10.104462,2.657705,0
2005-04-06,sh.600730,4.9800,5.1800,4.8600,5.1400,5.0200,981392,4949885.0000,3,1.283872,1,2.390000,33.221554,0.421536,-10.346003,2.721236,0
2005-04-07,sh.600730,5.1500,5.2500,5.0500,5.1400,5.1400,918989,4754691.0000,3,1.202236,1,0.000000,33.221554,0.421536,-10.346003,2.721236,0
2005-04-08,sh.600730,5.1400,5.1700,5.0700,5.1600,5.1400,594568,3038644.0000,3,0.777823,1,0.390000,33.350821,0.423176,-10.386259,2.731825,0
2005-04-11,sh.600730,5.0000,5.2300,5.0000,5.1500,5.1600,581970,2991363.0000,3,0.761342,1,-0.190000,33.286187,0.422356,-10.366131,2.726530,0
2005-04-12,sh.600730,5.1300,5.1500,4.9800,4.9800,5.1500,445300,2256574.0000,3,0.582548,1,-3.300000,32.187420,0.408415,-10.023948,2.636529,0
2005-04-13,sh.600730,5.0000,5.1500,5.0000,5.0800,4.9800,445640,2267888.0000,3,0.582993,1,2.010000,32.833754,0.416616,-10.225232,2.689471,0
2005-04-14,sh.600730,5.1200,5.2200,4.9800,4.9900,5.0800,446140,2286164.0000,3,0.583647,1,-1.770000,32.252053,0.409235,-10.044076,2.641823,0
2005-04-15,sh.600730,4.9600,4.9800,4.7600,4.7800,4.9900,434720,2104889.0000,3,0.568707,1,-4.210000,30.894753,0.392012,-9.621380,2.530644,0
2005-04-18,sh.600730,4.9000,4.9700,4.7800,4.8200,4.7800,348158,1680399.0000,3,0.455466,1,0.840000,31.153286,0.395293,-9.701893,2.551821,0
2005-04-19,sh.600730,4.8200,4.8600,4.7500,4.8500,4.8200,239749,1147518.0000,3,0.313643,1,0.620000,31.347186,0.397753,-9.762279,2.567703,0
2005-04-20,sh.600730,4.8800,4.9500,4.7700,4.7800,4.8500,573600,2791376.0000,3,0.750392,1,-1.440000,30.894753,0.392012,-9.621380,2.530644,0
2005-04-21,sh.600730,4.7600,4.7700,4.4000,4.5100,4.7800,662671,3011737.0000,3,0.866917,1,-5.650000,29.149652,0.369869,-9.077913,2.387700,0
2005-04-22,sh.600730,4.5100,4.6300,4.5000,4.5800,4.5100,344774,1572634.0000,3,0.451039,1,1.550000,29.602085,0.375610,-9.218812,2.424759,0
2005-04-25,sh.600730,4.5000,4.5000,4.1200,4.2200,4.5800,879341,3683749.0000,3,1.150368,1,-7.860000,27.827522,0.360854,-23.174937,2.218575,0
2005-04-26,sh.600730,4.2200,4.3500,4.1500,4.2700,4.2200,506759,2154304.0000,3,0.662950,1,1.180000,28.157232,0.365129,-23.449521,2.244861,0
2005-04-27,sh.600730,4.3200,4.3200,4.1000,4.1200,4.2700,445011,1853439.0000,3,0.582170,1,-3.510000,27.168102,0.352303,-22.625768,2.166002,0
2005-04-28,sh.600730,4.1000,4.2800,4.0300,4.2700,4.1200,657417,2750344.0000,3,0.860043,1,3.640000,28.157232,0.365129,-23.449521,2.244861,0
2005-04-29,sh.600730,4.2600,4.3200,4.1500,4.1600,4.2700,399120,1692359.0000,3,0.522135,1,-2.580000,27.431870,0.355723,-22.845435,2.187031,0
2005-05-09,sh.600730,4.1800,4.3200,4.0700,4.0800,4.1600,247840,1026941.0000,3,0.324228,1,-1.920000,26.904334,0.348882,-22.406100,2.144973,0
2005-05-10,sh.600730,4.0800,4.1000,3.8000,3.9900,4.0800,474460,1869985.0000,3,0.620696,1,-2.210000,26.310856,0.341186,-21.911848,2.097657,0
2005-05-11,sh.600730,4.0000,4.1900,3.9700,4.1500,3.9900,653165,2684980.0000,3,0.854481,1,4.010000,27.365928,0.354868,-22.790518,2.181774,0
2005-05-12,sh.600730,4.2200,4.2200,4.0700,4.1300,4.1500,431391,1781536.0000,3,0.564352,1,-0.480000,27.234044,0.353158,-22.680685,2.171259,0
2005-05-13,sh.600730,4.1000,4.2400,4.1000,4.1900,4.1300,469051,1965436.0000,3,0.613620,1,1.450000,27.629696,0.358288,-23.010186,2.202803,0
2005-05-16,sh.600730,4.1700,4.2000,4.1400,4.1800,4.1900,237095,989096.0000,3,0.310171,1,-0.240000,27.563754,0.357433,-22.955269,2.197545,0
2005-05-17,sh.600730,4.2000,4.3000,4.2000,4.2300,4.1800,498735,2115770.0000,3,0.652453,1,1.200000,27.893464,0.361709,-23.229854,2.223832,0
2005-05-18,sh.600730,4.2600,4.3100,4.1700,4.2600,4.2300,408950,1733332.0000,3,0.534995,1,0.710000,28.091290,0.364274,-23.394604,2.239604,0
2005-05-19,sh.600730,4.2900,4.2900,4.1300,4.1800,4.2600,255012,1070719.0000,3,0.333611,1,-1.880000,27.563754,0.357433,-22.955269,2.197545,0
2005-05-20,sh.600730,4.1700,4.2200,4.1100,4.1200,4.1800,183923,765206.0000,3,0.240611,1,-1.440000,27.168102,0.352303,-22.625768,2.166002,0
2005-05-23,sh.600730,4.1300,4.1300,4.0200,4.0300,4.1200,328213,1332630.0000,3,0.429373,1,-2.180000,26.574624,0.344607,-22.131515,2.118686,0
2005-05-24,sh.600730,4.0300,4.1800,4.0000,4.1600,4.0300,289223,1190451.0000,3,0.378366,1,3.230000,27.431870,0.355723,-22.845435,2.187031,0
2005-05-25,sh.600730,4.1600,4.2400,4.1100,4.1500,4.1600,259009,1081723.0000,3,0.338840,1,-0.240000,27.365928,0.354868,-22.790518,2.181774,0
2005-05-26,sh.600730,4.1500,4.1800,4.0700,4.1000,4.1500,171960,707653.0000,3,0.224961,1,-1.200000,27.036218,0.350592,-22.515934,2.155487,0
2005-05-27,sh.600730,4.1000,4.2000,4.0600,4.0800,4.1000,179656,743727.0000,3,0.235029,1,-0.490000,26.904334,0.348882,-22.406100,2.144973,0
2005-05-30,sh.600730,4.0800,4.1700,4.0800,4.1400,4.0800,109220,450899.0000,3,0.142883,1,1.470000,27.299986,0.354013,-22.735601,2.176516,0
2005-05-31,sh.600730,4.1700,4.1900,4.1300,4.1400,4.1400,129020,536437.0000,3,0.168786,1,0.000000,27.299986,0.354013,-22.735601,2.176516,0
2005-06-01,sh.600730,4.1100,4.1300,4.0300,4.0400,4.1400,116900,475864.0000,3,0.152930,1,-2.420000,26.640566,0.345462,-22.186432,2.123943,0
2005-06-02,sh.600730,4.0200,4.0800,4.0100,4.0400,4.0400,132972,537349.0000,3,0.173956,1,0.000000,26.640566,0.345462,-22.186432,2.123943,0
2005-06-03,sh.600730,4.0400,4.0900,4.0000,4.0500,4.0400,187900,760025.0000,3,0.245814,1,0.250000,26.706508,0.346317,-22.241349,2.129201,0
2005-06-06,sh.600730,4.0800,4.4600,3.9700,4.4600,4.0500,2049597,8862627.0000,3,2.681315,1,10.120000,29.410130,0.381376,-24.492943,2.344749,0
2005-06-07,sh.600730,4.6500,4.9100,4.5800,4.7400,4.4600,6633017,31474661.0000,3,8.677416,1,6.280000,31.256506,0.405319,-26.030616,2.491953,0
2005-06-08,sh.600730,4.6100,5.1800,4.5200,5.0500,4.7400,5585611,27016415.0000,3,7.307183,1,6.540000,33.300707,0.431827,-27.733040,2.654929,0
2005-06-09,sh.600730,5.0000,5.0100,4.7000,4.9400,5.0500,3437603,16871127.0000,3,4.497126,1,-2.180000,32.575345,0.422421,-27.128954,2.597099,0
2005-06-10,sh.600730,4.9000,4.9000,4.6600,4.8100,4.9400,1677689,8024301.0000,3,2.194779,1,-2.630000,31.718100,0.411305,-26.415035,2.528754,0
2005-06-13,sh.600730,4.7500,4.8400,4.7000,4.8400,4.8100,1132845,5411981.0000,3,1.482005,1,0.620000,31.915926,0.413870,-26.579785,2.544526,0
2005-06-14,sh.600730,4.8700,4.8800,4.6200,4.6500,4.8400,1242028,5847386.0000,3,1.624840,1,-3.930000,30.663028,0.397623,-25.536364,2.444638,0
2005-06-15,sh.600730,4.6000,4.6400,4.3800,4.3900,4.6500,881468,3946205.0000,3,1.153150,1,-5.590000,28.948536,0.375390,-24.108524,2.307948,0
2005-06-16,sh.600730,4.3800,4.4800,4.3500,4.4600,4.3900,786907,3485967.0000,3,1.029444,1,1.590000,29.410130,0.381376,-24.492943,2.344749,0
2005-06-17,sh.600730,4.4800,4.4900,4.3500,4.3900,4.4600,632060,2775101.0000,3,0.826871,1,-1.570000,28.948536,0.375390,-24.108524,2.307948,0
2005-06-20,sh.600730,4.3700,4.5700,4.3100,4.5400,4.3900,847039,3785388.0000,3,1.108110,1,3.420000,29.937666,0.388217,-24.932278,2.386808,0
2005-06-21,sh.600730,4.5900,4.6000,4.3800,4.4200,4.5400,661385,2959535.0000,3,0.865234,1,-2.640000,29.146362,0.377956,-24.273275,2.323720,0
2005-06-22,sh.600730,4.4100,4.5400,4.4100,4.5100,4.4200,550560,2467837.0000,3,0.720251,1,2.040000,29.739840,0.385652,-24.767527,2.371036,0
2005-06-23,sh.600730,4.5100,4.5800,4.4300,4.5000,4.5100,691710,3128566.0000,3,0.904906,1,-0.220000,29.673898,0.384797,-24.712610,2.365779,0
2005-06-24,sh.600730,4.4800,4.5000,4.4400,4.4900,4.5000,297010,1327132.0000,3,0.388553,1,-0.220000,29.607956,0.383941,-24.657693,2.360521,0
2005-06-29,sh.600730,4.5600,4.5800,4.4300,4.4900,4.4900,463066,2077706.0000,3,0.605790,1,0.000000,29.607956,0.383941,-24.657693,2.360521,0
2005-06-30,sh.600730,4.4900,4.4900,4.0900,4.1000,4.4900,1147300,4818592.0000,3,1.500916,1,-8.690000,27.036218,0.350592,-22.515934,2.155487,0
2005-07-01,sh.600730,4.0700,4.1400,3.8200,3.8300,4.1000,907740,3606137.0000,3,1.187520,1,-6.590000,25.255784,0.327505,-21.033177,2.013540,0
2005-07-04,sh.600730,3.8000,3.8400,3.6800,3.8100,3.8300,729041,2742779.0000,3,0.953743,1,-0.520000,25.123900,0.325794,-20.923343,2.003026,0
2005-07-05,sh.600730,3.8100,3.8100,3.6800,3.7600,3.8100,419560,1570005.0000,3,0.548875,1,-1.310000,24.794190,0.321519,-20.648759,1.976739,0
2005-07-06,sh.600730,3.7500,3.8000,3.7300,3.7500,3.7600,293201,1106275.0000,3,0.383570,1,-0.270000,24.728248,0.320664,-20.593842,1.971482,0
2005-07-07,sh.600730,3.7600,3.8400,3.7400,3.7600,3.7500,275273,1041717.0000,3,0.360116,1,0.270000,24.794190,0.321519,-20.648759,1.976739,0
2005-07-08,sh.600730,3.7300,3.7300,3.4200,3.4600,3.7600,633568,2234428.0000,3,0.828844,1,-7.980000,22.815930,0.295866,-19.001251,1.819021,0
2005-07-11,sh.600730,3.5000,3.6500,3.4700,3.4700,3.4600,313810,1111246.0000,3,0.410531,1,0.290000,22.881872,0.296721,-19.056168,1.824278,0
2005-07-12,sh.600730,3.4700,3.6500,3.4400,3.6300,3.4700,631010,2256066.0000,3,0.825497,1,4.610000,23.936944,0.310403,-19.934839,1.908395,0
2005-07-13,sh.600730,3.5800,3.6300,3.5400,3.5600,3.6300,363884,1304169.0000,3,0.476039,1,-1.930000,23.475350,0.304417,-19.550421,1.871594,0
2005-07-14,sh.600730,3.6000,3.6500,3.5400,3.5400,3.5600,253022,909325.0000,3,0.331007,1,-0.560000,23.343466,0.302707,-19.440587,1.861079,0
2005-07-15,sh.600730,3.4900,3.5900,3.3900,3.3900,3.5400,523400,1812540.0000,3,0.684720,1,-4.240000,22.354336,0.289880,-18.616833,1.782220,0
2005-07-18,sh.600730,3.4900,3.4900,3.2300,3.2300,3.3900,458478,1507988.0000,3,0.599788,1,-4.720000,21.299264,0.276198,-17.738162,1.698103,0
2005-07-19,sh.600730,3.2300,3.3300,3.2100,3.3000,3.2300,279115,915678.0000,3,0.365143,1,2.170000,21.760858,0.282184,-18.122581,1.734904,0
2005-07-20,sh.600730,3.3000,3.3500,3.2800,3.3300,3.3000,252365,838555.0000,3,0.330148,1,0.910000,21.958684,0.284749,-18.287332,1.750676,0
2005-07-21,sh.600730,3.3000,3.5400,3.2300,3.4400,3.3300,545863,1856219.0000,3,0.714106,1,3.300000,22.684046,0.294156,-18.891418,1.808506,0
2005-07-22,sh.600730,3.4500,3.6100,3.3600,3.5400,3.4400,801943,2818910.0000,3,1.049114,1,2.910000,23.343466,0.302707,-19.440587,1.861079,0
2005-07-25,sh.600730,3.5300,3.5400,3.4400,3.5300,3.5400,279073,973938.0000,3,0.365088,1,-0.280000,23.277524,0.301852,-19.385670,1.855822,0
2005-07-26,sh.600730,3.5200,3.6200,3.5200,3.6000,3.5300,735951,2640576.0000,3,0.962783,1,1.980000,23.739118,0.307837,-19.770088,1.892623,0
2005-07-27,sh.600730,3.6000,3.6700,3.5200,3.6600,3.6000,695070,2510856.0000,3,0.909301,1,1.670000,24.134770,0.312968,-20.099590,1.924167,0
2005-07-28,sh.600730,3.6800,3.6800,3.5600,3.6000,3.6600,634868,2297311.0000,3,0.830544,1,-1.640000,23.739118,0.307837,-19.770088,1.892623,0
2005-07-29,sh.600730,3.5800,3.6600,3.5200,3.5700,3.6000,392387,1406676.0000,3,0.513327,1,-0.830000,23.541292,0.305272,-19.605337,1.876851,0
2005-08-01,sh.600730,3.5200,3.6200,3.5200,3.6100,3.5700,380316,1355075.0000,3,0.497535,1,1.120447,23.805060,0.308692,-19.825005,1.897880,0
2005-08-02,sh.600730,3.6100,3.6900,3.5600,3.6900,3.6100,485355,1762523.0000,3,0.634949,1,2.216071,24.332596,0.315533,-20.264340,1.939938,0
2005-08-03,sh.600730,3.7300,3.8200,3.7200,3.7200,3.6900,1098791,4132290.0000,3,1.437456,1,0.813007,24.530422,0.318098,-20.429091,1.955710,0
2005-08-04,sh.600730,3.7000,3.7000,3.5800,3.6500,3.7200,795398,2887207.0000,3,1.040552,1,-1.881719,24.068828,0.312113,-20.044673,1.918909,0
2005-08-05,sh.600730,3.6400,3.8100,3.6400,3.7900,3.6500,1619798,6083969.0000,3,2.119045,1,3.835613,24.992016,0.324084,-20.813510,1.992511,0
2005-08-08,sh.600730,3.8000,3.9100,3.7900,3.8200,3.7900,1389001,5350921.0000,3,1.817113,1,0.791556,25.189842,0.326650,-20.978260,2.008283,0
2005-08-09,sh.600730,3.8100,3.9500,3.8100,3.9500,3.8200,1080277,4209265.0000,3,1.413235,1,3.403144,26.047088,0.337766,-21.692180,2.076628,0
2005-08-10,sh.600730,3.9000,4.1500,3.9000,4.1200,3.9500,1646070,6595981.0000,3,2.153414,1,4.303793,27.168102,0.352303,-22.625768,2.166002,0
2005-08-11,sh.600730,4.0800,4.1800,4.0200,4.1500,4.1200,1521357,6231698.0000,3,1.990263,1,0.728160,27.365928,0.354868,-22.790518,2.181774,0
2005-08-12,sh.600730,4.1500,4.3800,4.0500,4.0700,4.1500,2250050,9439811.0000,3,2.943550,1,-1.927709,26.838392,0.348027,-22.351183,2.139715,0
2005-08-15,sh.600730,4.0600,4.1900,4.0200,4.1800,4.0700,1037949,4269240.0000,3,1.357861,1,2.702694,27.563754,0.357433,-22.955269,2.197545,0
2005-08-16,sh.600730,4.2500,4.4400,4.2000,4.3200,4.1800,2166560,9347004.0000,3,2.834328,1,3.349291,28.486942,0.369405,-23.724106,2.271147,0
2005-08-17,sh.600730,4.2800,4.4600,4.2800,4.4400,4.3200,2193655,9645123.0000,3,2.869774,1,2.777775,29.278246,0.379666,-24.383109,2.334235,0
2005-08-18,sh.600730,4.4400,4.6000,4.1000,4.1200,4.4400,2191230,9713741.0000,3,2.866601,1,-7.207211,27.168102,0.352303,-22.625768,2.166002,0
2005-08-19,sh.600730,4.0800,4.1500,3.9100,4.0000,4.1200,2044276,8257740.0000,3,2.674354,1,-2.912619,26.376798,0.342041,-21.966765,2.102914,0
2005-08-22,sh.600730,4.0100,4.2000,4.0000,4.1900,4.0000,1031812,4223818.0000,3,1.349833,1,4.750001,27.629696,0.358288,-23.010186,2.202803,0
2005-08-23,sh.600730,4.3000,4.4000,4.2000,4.2400,4.1900,2669144,11456175.0000,3,3.491816,1,1.193311,27.959406,0.362564,-23.284771,2.229089,0
2005-08-24,sh.600730,4.2100,4.2300,4.0800,4.1900,4.2400,982020,4072098.0000,3,1.284694,1,-1.179239,27.629696,0.358288,-23.010186,2.202803,0
2005-08-25,sh.600730,4.1400,4.3000,4.1400,4.2300,4.1900,752211,3171066.0000,3,0.984054,1,0.954653,27.893464,0.361709,-23.229854,2.223832,0
2005-08-26,sh.600730,4.2100,4.2900,4.1000,4.1900,4.2300,885225,3725191.0000,3,1.158065,1,-0.945626,27.629696,0.358288,-23.010186,2.202803,0
2005-08-29,sh.600730,4.1700,4.1700,4.0800,4.1200,4.1900,729736,3007517.0000,3,0.954652,1,-1.670649,27.168102,0.352303,-22.625768,2.166002,0
2005-08-30,sh.600730,4.1800,4.2200,4.1000,4.1000,4.1200,409940,1704757.0000,3,0.536290,1,-0.485436,25.805813,0.384510,-30.197570,2.109823,0
2005-08-31,sh.600730,4.1000,4.2400,4.0400,4.2000,4.1000,816442,3384638.0000,3,1.068082,1,2.439022,26.435223,0.393889,-30.934096,2.161282,0
2005-09-01,sh.600730,4.2700,4.4700,4.2600,4.3800,4.2000,2136805,9369040.0000,3,2.795402,1,4.285722,27.568161,0.410770,-32.259843,2.253909,0
2005-09-02,sh.600730,4.4000,4.6800,4.3200,4.6400,4.3800,3569233,16209513.0000,3,4.669326,1,5.936067,29.204628,0.435153,-34.174811,2.387702,0
2005-09-05,sh.600730,4.6100,4.6100,4.4500,4.5800,4.6400,1583075,7172487.0000,3,2.071003,1,-1.293102,28.826981,0.429526,-33.732896,2.356827,0
2005-09-06,sh.600730,4.6000,4.6000,4.4000,4.5300,4.5800,1908122,8602289.0000,3,2.496235,1,-1.091697,28.512276,0.424837,-33.364633,2.331097,0
2005-09-07,sh.600730,4.7700,4.9000,4.6600,4.7900,4.5300,6829675,32566043.0000,3,8.934687,1,5.739509,30.148743,0.449221,-35.279600,2.464891,0
2005-09-08,sh.600730,4.7700,4.7700,4.5800,4.6500,4.7900,2035681,9537570.0000,3,2.663110,1,-2.922753,29.267569,0.436091,-34.248464,2.392848,0
2005-09-09,sh.600730,4.6000,4.7000,4.4800,4.5000,4.6500,1232964,5643671.0000,3,1.612983,1,-3.225809,28.323453,0.422023,-33.143675,2.315660,0
2005-09-12,sh.600730,4.4800,4.5800,4.4700,4.5200,4.5000,640042,2880531.0000,3,0.837313,1,0.444444,28.449335,0.423899,-33.290980,2.325951,0
2005-09-13,sh.600730,4.5200,4.6500,4.4800,4.6400,4.5200,1059484,4821400.0000,3,1.386033,1,2.654865,29.204628,0.435153,-34.174811,2.387702,0
2005-09-14,sh.600730,4.6500,4.7000,4.5600,4.6800,4.6400,1575309,7305550.0000,3,2.060844,1,0.862068,29.456392,0.438904,-34.469422,2.408286,0
2005-09-15,sh.600730,4.6700,4.7200,4.6300,4.6800,4.6800,965520,4510371.0000,3,1.263108,1,0.000000,29.456392,0.438904,-34.469422,2.408286,0
2005-09-16,sh.600730,4.5700,4.6800,4.5700,4.6400,4.6800,811896,3744110.0000,3,1.062135,1,-0.854700,29.204628,0.435153,-34.174811,2.387702,0
2005-09-19,sh.600730,4.7300,4.7300,4.6500,4.7100,4.6400,1115074,5238834.0000,3,1.458757,1,1.508624,29.645215,0.441718,-34.690380,2.423724,0
2005-09-20,sh.600730,4.7600,4.7600,4.5700,4.6800,4.7100,1069802,4960475.0000,3,1.399532,1,-0.636947,29.456392,0.438904,-34.469422,2.408286,0
2005-09-21,sh.600730,4.6400,4.6900,4.5600,4.6800,4.6800,1295951,5996652.0000,3,1.695383,1,0.000000,29.456392,0.438904,-34.469422,2.408286,0
2005-09-22,sh.600730,4.7400,4.8100,4.3800,4.4900,4.6800,2454774,11356728.0000,3,3.211374,1,-4.059830,28.260512,0.421086,-33.070022,2.310514,0
2005-09-23,sh.600730,4.5000,4.5200,4.2900,4.3100,4.4900,1211878,5287144.0000,3,1.585398,1,-4.008905,27.127574,0.404205,-31.744275,2.217887,0
2005-09-26,sh.600730,4.2400,4.3700,4.2400,4.3500,4.3100,458596,1973441.0000,3,0.599942,1,0.928073,27.379338,0.407956,-32.038886,2.238471,0
2005-09-27,sh.600730,4.3800,4.3900,4.1500,4.1700,4.3500,622250,2642911.0000,3,0.814037,1,-4.137927,26.246400,0.391075,-30.713139,2.145845,0
2005-09-28,sh.600730,4.2000,4.2300,4.1000,4.1100,4.1700,516050,2156770.0000,3,0.675105,1,-1.438848,25.868754,0.385448,-30.271223,2.114969,0
2005-09-30,sh.600730,4.2300,4.3300,4.1500,4.1600,4.1100,694281,2941899.0000,3,0.908269,1,1.216538,26.183459,0.390137,-30.639486,2.140699,0
2005-10-10,sh.600730,4.1600,4.1800,4.1100,4.1400,4.1600,263310,1089493.0000,3,0.344466,1,-0.480769,26.057577,0.388262,-30.492181,2.130407,0
2005-10-11,sh.600730,4.1100,4.2700,4.0000,4.2600,4.1400,444632,1862531.0000,3,0.581675,1,2.898560,26.812869,0.399516,-31.376012,2.192158,0
2005-10-12,sh.600730,4.1900,4.3600,4.1600,4.3300,4.2600,733184,3144115.0000,3,0.959163,1,1.643185,27.253456,0.406080,-31.891580,2.228179,0
2005-10-13,sh.600730,4.3600,4.3800,4.2300,4.2600,4.3300,755305,3256328.0000,3,0.988102,1,-1.616621,26.812869,0.399516,-31.376012,2.192158,0
2005-10-14,sh.600730,4.2400,4.2800,4.1400,4.1600,4.2600,455812,1908251.0000,3,0.596300,1,-2.347427,26.183459,0.390137,-30.639486,2.140699,0
2005-10-17,sh.600730,4.1500,4.1800,4.1000,4.1800,4.1600,273452,1133368.0000,3,0.357734,1,0.480769,26.309341,0.392013,-30.786791,2.150990,0
2005-10-18,sh.600730,4.2000,4.3000,4.1500,4.3000,4.1800,614913,2608318.0000,3,0.804439,1,2.870822,27.064633,0.403267,-31.670623,2.212741,0
2005-10-19,sh.600730,4.4000,4.4000,4.2000,4.2100,4.3000,669560,2880268.0000,3,0.875929,1,-2.093027,26.498164,0.394826,-31.007749,2.166428,0
2005-10-20,sh.600730,4.2800,4.3900,4.2100,4.3800,4.2100,1176363,5057115.0000,3,1.538936,1,4.038006,27.568161,0.410770,-32.259843,2.253909,0
2005-10-21,sh.600730,4.4600,4.6500,4.4600,4.5200,4.3800,3625197,16543633.0000,3,4.742539,1,3.196344,28.449335,0.423899,-33.290980,2.325951,0
2005-10-24,sh.600730,4.5000,4.5000,4.3800,4.4500,4.5200,1161012,5142212.0000,3,1.518854,1,-1.548676,32.201179,0.424295,-78.623178,2.251472,0
2005-10-25,sh.600730,4.4600,4.4900,4.2200,4.2500,4.4500,803469,3489232.0000,3,1.051111,1,-4.494378,30.753935,0.405226,-75.089552,2.150282,0
2005-10-26,sh.600730,4.2300,4.2700,4.1500,4.1600,4.2500,605200,2538685.0000,3,0.791732,1,-2.117651,30.102675,0.396645,-73.499420,2.104747,0
2005-10-27,sh.600730,4.1400,4.1800,4.0500,4.0700,4.1600,771780,3171798.0000,3,1.009655,1,-2.163454,29.451415,0.388063,-71.909289,2.059211,0
2005-10-28,sh.600730,4.1000,4.1500,3.8200,3.8300,4.0700,768810,3036987.0000,3,1.005769,1,-5.896811,27.714722,0.365180,-67.668937,1.937783,0
2005-10-31,sh.600730,3.8500,3.9600,3.8000,3.8900,3.8300,307180,1193700.0000,3,0.401858,1,1.566584,28.148896,0.370901,-68.729025,1.968140,0
2005-11-01,sh.600730,3.8500,3.8900,3.6500,3.7800,3.8900,681651,2536437.0000,3,0.891746,1,-2.827767,27.352911,0.360413,-66.785531,1.912486,0
2005-11-02,sh.600730,3.8000,3.9600,3.7900,3.9200,3.7800,809214,3150786.0000,3,1.058626,1,3.703706,28.365982,0.373761,-69.259069,1.983319,0
2005-11-03,sh.600730,3.9600,4.0300,3.8800,3.9500,3.9200,847321,3342397.0000,3,1.108479,1,0.765305,28.583069,0.376622,-69.789113,1.998497,0
2005-11-04,sh.600730,3.9900,3.9900,3.9000,3.9400,3.9500,504071,1987918.0000,3,0.659434,1,-0.253164,28.510707,0.375668,-69.612432,1.993438,0
2005-11-07,sh.600730,3.9600,4.0800,3.8900,4.0700,3.9400,910432,3630163.0000,3,1.191041,1,3.299495,29.451415,0.388063,-71.909289,2.059211,0
2005-11-08,sh.600730,4.1000,4.1500,4.0700,4.1300,4.0700,1411380,5807940.0000,3,1.846389,1,1.474200,29.885588,0.393784,-72.969376,2.089568,0
2005-11-09,sh.600730,4.1200,4.1300,4.0100,4.0300,4.1300,652592,2648911.0000,3,0.853731,1,-2.421305,29.161966,0.384250,-71.202563,2.038973,0
2005-11-10,sh.600730,4.0300,4.0300,3.8200,3.8300,4.0300,679860,2650780.0000,3,0.889403,1,-4.962786,27.714722,0.365180,-67.668937,1.937783,0
2005-11-11,sh.600730,3.8400,3.9300,3.7800,3.8700,3.8300,490583,1892128.0000,3,0.641788,1,1.044385,28.004171,0.368994,-68.375663,1.958021,0
2005-11-14,sh.600730,3.8300,3.8900,3.8300,3.8800,3.8700,232462,898447.0000,3,0.304110,1,0.258404,28.076533,0.369947,-68.552344,1.963081,0
2005-11-15,sh.600730,3.8400,3.9400,3.8300,3.8500,3.8800,318280,1231217.0000,3,0.416379,1,-0.773201,27.859447,0.367087,-68.022300,1.947902,0
2005-11-16,sh.600730,3.8600,3.9100,3.8000,3.9000,3.8500,301260,1162169.0000,3,0.394113,1,1.298706,28.221258,0.371854,-68.905707,1.973200,0
2005-11-17,sh.600730,3.8800,4.0000,3.8800,3.9800,3.9000,538848,2126776.0000,3,0.704929,1,2.051280,28.800155,0.379482,-70.319157,2.013676,0
2005-11-18,sh.600730,3.9800,4.0700,3.9400,4.0500,3.9800,862177,3467888.0000,3,1.127913,1,1.758798,29.306691,0.386156,-71.555926,2.049092,0
2005-11-21,sh.600730,4.0500,4.0700,4.0000,4.0300,4.0500,333720,1347259.0000,3,0.436578,1,-0.493827,29.161966,0.384250,-71.202563,2.038973,0
2005-11-22,sh.600730,4.0100,4.0200,3.9300,3.9500,4.0300,613964,2435403.0000,3,0.803197,1,-1.985116,28.583069,0.376622,-69.789113,1.998497,0
2005-11-23,sh.600730,3.9000,3.9800,3.8900,3.9600,3.9500,236756,936470.0000,3,0.309728,1,0.253164,28.655431,0.377575,-69.965794,2.003557,0
2005-11-24,sh.600730,3.9400,4.1100,3.9400,4.1100,3.9600,1175225,4768800.0000,3,1.537448,1,3.787881,29.740864,0.391877,-72.616014,2.079449,0
2005-11-25,sh.600730,4.0900,4.1400,4.0500,4.0700,4.1100,1076199,4406674.0000,3,1.407900,1,-0.973235,29.451415,0.388063,-71.909289,2.059211,0
2005-11-28,sh.600730,4.1500,4.1500,4.0000,4.0400,4.0700,338700,1374330.0000,3,0.443093,1,-0.737106,29.234329,0.385203,-71.379245,2.044033,0
2005-11-29,sh.600730,4.0700,4.0700,3.9800,3.9800,4.0400,262300,1051781.0000,3,0.343145,1,-1.485147,28.800155,0.379482,-70.319157,2.013676,0
2005-11-30,sh.600730,3.9800,3.9800,3.9200,3.9800,3.9800,253840,1004898.0000,3,0.332077,1,0.000000,28.800155,0.379482,-70.319157,2.013676,0
2005-12-01,sh.600730,4.0100,4.0400,3.9300,3.9800,3.9800,196721,784932.0000,3,0.257353,1,0.000000,28.800155,0.379482,-70.319157,2.013676,0
2005-12-02,sh.600730,3.9600,4.0000,3.9000,3.9300,3.9800,209400,828160.0000,3,0.273940,1,-1.256280,28.438344,0.374715,-69.435750,1.988378,0
2005-12-05,sh.600730,3.8800,3.9000,3.7100,3.7200,3.9300,313800,1190639.0000,3,0.410518,1,-5.343513,26.918738,0.354692,-65.725443,1.882129,0
2005-12-06,sh.600730,3.7100,3.7800,3.7000,3.7600,3.7200,262583,984918.0000,3,0.343515,1,1.075268,27.208187,0.358506,-66.432168,1.902367,0
2005-12-07,sh.600730,3.7300,3.8200,3.7300,3.8200,3.7600,229268,869232.0000,3,0.299932,1,1.595743,27.642360,0.364227,-67.492256,1.932724,0
2005-12-08,sh.600730,3.8300,3.8300,3.7600,3.8000,3.8200,185380,703515.0000,3,0.242517,1,-0.523560,27.497636,0.362320,-67.138894,1.922605,0
2005-12-09,sh.600730,3.8000,3.9000,3.8000,3.8600,3.8000,265568,1026208.0000,3,0.347420,1,1.578946,27.931809,0.368040,-68.198981,1.952962,0
2005-12-12,sh.600730,3.8600,3.9500,3.8600,3.8900,3.8600,328421,1273881.0000,3,0.429645,1,0.777208,28.148896,0.370901,-68.729025,1.968140,0
2005-12-13,sh.600730,3.8800,3.9100,3.8300,3.8800,3.8900,175400,674938.0000,3,0.229461,1,-0.257069,28.076533,0.369947,-68.552344,1.963081,0
2005-12-14,sh.600730,3.8600,3.9700,3.8300,3.9700,3.8800,575648,2250137.0000,3,0.753072,1,2.319585,28.727793,0.378529,-70.142476,2.008616,0
2005-12-15,sh.600730,3.9700,3.9800,3.8900,3.9200,3.9700,374220,1470675.0000,3,0.489560,1,-1.259445,28.365982,0.373761,-69.259069,1.983319,0
2005-12-16,sh.600730,3.9300,3.9700,3.8900,3.9700,3.9200,375155,1476680.0000,3,0.490784,1,1.275509,28.727793,0.378529,-70.142476,2.008616,0
2005-12-19,sh.600730,4.0500,4.1000,4.0000,4.0000,3.9700,2012390,8127974.0000,3,2.632640,1,0.755667,28.944880,0.381389,-70.672520,2.023795,0
2005-12-20,sh.600730,4.0000,4.0000,3.9500,4.0000,4.0000,480324,1906396.0000,3,0.628367,1,0.000000,28.944880,0.381389,-70.672520,2.023795,0
2005-12-21,sh.600730,4.0000,4.0000,3.9200,3.9400,4.0000,266600,1054124.0000,3,0.348770,1,-1.499999,28.510707,0.375668,-69.612432,1.993438,0
2005-12-22,sh.600730,3.8900,3.9300,3.8600,3.9200,3.9400,369100,1434966.0000,3,0.482862,1,-0.507614,28.365982,0.373761,-69.259069,1.983319,0
2005-12-23,sh.600730,3.9300,3.9700,3.9000,3.9500,3.9200,264200,1041990.0000,3,0.345631,1,0.765305,28.583069,0.376622,-69.789113,1.998497,0
2005-12-26,sh.600730,3.9500,4.0000,3.9400,3.9800,3.9500,379220,1504471.0000,3,0.496102,1,0.759493,28.800155,0.379482,-70.319157,2.013676,0
2005-12-27,sh.600730,3.9700,3.9800,3.9400,3.9500,3.9800,202094,800851.0000,3,0.264383,1,-0.753768,28.583069,0.376622,-69.789113,1.998497,0
2005-12-28,sh.600730,3.9500,3.9500,3.9100,3.9500,3.9500,286749,1128619.0000,3,0.375130,1,0.000000,28.583069,0.376622,-69.789113,1.998497,0
2005-12-29,sh.600730,3.9800,4.0100,3.9200,4.0000,3.9500,522760,2083995.0000,3,0.683883,1,1.265822,28.944880,0.381389,-70.672520,2.023795,0
2005-12-30,sh.600730,4.0000,4.0000,3.9300,3.9300,4.0000,269770,1067893.0000,3,0.352917,1,-1.749998,28.438344,0.374715,-69.435750,1.988378,0
2006-01-04,sh.600730,3.9500,4.0400,3.9400,4.0200,3.9300,633248,2534916.0000,3,0.828425,1,2.290074,29.089604,0.383278,-71.025882,2.033914,0
2006-01-05,sh.600730,4.0300,4.0900,4.0000,4.0800,4.0200,809591,3279894.0000,3,1.059120,1,1.492536,29.523777,0.388999,-72.085970,2.064271,0
2006-01-06,sh.600730,4.1000,4.1700,4.0800,4.1700,4.0800,1277822,5283422.0000,3,1.671667,1,2.205886,30.175037,0.397580,-73.676102,2.109806,0
2006-01-09,sh.600730,4.3900,4.3900,4.2000,4.2400,4.1700,1995661,8507127.0000,3,2.610755,1,1.678650,30.681573,0.404254,-74.912871,2.145222,0
2006-01-10,sh.600730,4.2400,4.3200,4.2000,4.2400,4.2400,737620,3127297.0000,3,0.964966,1,0.000000,30.681573,0.404254,-74.912871,2.145222,0
2006-01-11,sh.600730,4.2400,4.2900,4.1100,4.1100,4.2400,1121600,4690430.0000,3,1.467295,1,-3.066029,29.740864,0.391859,-72.616014,2.079449,0
2006-01-12,sh.600730,4.1100,4.2600,4.0900,4.2600,4.1100,1220163,5111504.0000,3,1.596236,1,3.649637,30.826297,0.406161,-75.266233,2.155341,0
2006-01-13,sh.600730,4.3100,4.4400,4.2900,4.3200,4.2600,2945473,12866097.0000,3,3.853314,1,1.408449,31.260470,0.411881,-76.326321,2.185698,0
2006-01-16,sh.600730,4.2700,4.2900,4.1800,4.1900,4.3200,1015452,4304569.0000,3,1.328430,1,-3.009262,30.319762,0.399487,-74.029464,2.119925,0
2006-01-17,sh.600730,4.1800,4.2300,4.1700,4.2000,4.1900,576200,2419226.0000,3,0.753794,1,0.238658,30.392124,0.400440,-74.206145,2.124984,0
2006-01-18,sh.600730,4.2100,4.3200,4.1700,4.2900,4.2000,900286,3843773.0000,3,1.177768,1,2.142861,31.043384,0.409021,-75.796277,2.170520,0
2006-01-19,sh.600730,4.2600,4.3500,4.2400,4.3100,4.2900,1017449,4370090.0000,3,1.331043,1,0.466200,31.188108,0.410928,-76.149640,2.180639,0
2006-01-20,sh.600730,4.3000,4.3200,4.2100,4.2700,4.3100,871286,3710012.0000,3,1.139830,1,-0.928073,30.898659,0.407114,-75.442915,2.160401,0
2006-01-23,sh.600730,4.2600,4.2800,4.1700,4.2300,4.2700,698827,2954724.0000,3,0.914216,1,-0.936767,30.609210,0.403300,-74.736189,2.140163,0
2006-01-24,sh.600730,4.2000,4.3500,4.2000,4.2900,4.2300,995556,4273683.0000,3,1.302402,1,1.418438,31.043384,0.409021,-75.796277,2.170520,0
2006-01-25,sh.600730,4.2600,4.3000,4.1700,4.1800,4.2900,743234,3127171.0000,3,0.972310,1,-2.564106,30.247399,0.398533,-73.852783,2.114866,0
2006-02-06,sh.600730,4.1800,4.2800,4.1800,4.2700,4.1800,641289,2720235.0000,3,0.838944,1,2.153114,30.898659,0.407114,-75.442915,2.160401,0
2006-02-07,sh.600730,4.2700,4.3300,4.2500,4.3300,4.2700,1099894,4724367.0000,3,1.438898,1,1.405151,31.332832,0.412835,-76.503002,2.190758,0
2006-02-08,sh.600730,4.3300,4.3800,4.2400,4.3800,4.3300,895588,3869912.0000,3,1.171622,1,1.154739,31.694643,0.417602,-77.386409,2.216055,0
2006-02-09,sh.600730,4.3500,4.3500,4.2900,4.3000,4.3800,599333,2581939.0000,3,0.784057,1,-1.826482,31.115746,0.409974,-75.972958,2.175579,0
2006-02-10,sh.600730,4.3000,4.4200,4.3000,4.3700,4.3000,912321,3989611.0000,3,1.193513,1,1.627900,31.622281,0.416648,-77.209728,2.210996,0
2006-02-13,sh.600730,4.4000,4.4300,4.2000,4.3000,4.3700,703181,3014285.0000,3,0.919912,1,-1.601824,31.115746,0.409974,-75.972958,2.175579,0
2006-02-14,sh.600730,4.2800,4.4000,4.2500,4.3800,4.3000,984033,4295496.0000,3,1.287327,1,1.860463,31.694643,0.417602,-77.386409,2.216055,0
2006-02-15,sh.600730,4.4400,4.4400,4.3600,4.4000,4.3800,1424290,6261652.0000,3,1.863278,1,0.456621,31.839368,0.419509,-77.739771,2.226174,0
2006-02-16,sh.600730,4.4400,4.4400,4.2200,4.2200,4.4000,1199300,5145605.0000,3,1.568943,1,-4.090916,30.536848,0.402347,-74.559508,2.135103,0
2006-02-17,sh.600730,4.3200,4.3200,4.1700,4.2000,4.2200,632240,2665165.0000,3,0.827106,1,-0.473933,30.392124,0.400440,-74.206145,2.124984,0
2006-02-20,sh.600730,4.3000,4.3100,4.2000,4.3000,4.2000,847209,3616250.0000,3,1.108332,1,2.380962,31.115746,0.409974,-75.972958,2.175579,0
2006-02-21,sh.600730,4.3800,4.3800,4.1800,4.3500,4.3000,1688147,7203392.0000,3,2.208460,1,1.162784,31.477557,0.414742,-76.856365,2.200877,0
2006-02-22,sh.600730,4.3600,4.4900,4.3300,4.4000,4.3500,3652697,16173665.0000,3,4.778515,1,1.149430,31.839368,0.419509,-77.739771,2.226174,0
2006-02-23,sh.600730,4.3600,4.3800,4.2600,4.3600,4.4000,874087,3787827.0000,3,1.143494,1,-0.909090,31.549919,0.415695,-77.033046,2.205936,0
2006-02-24,sh.600730,4.3800,4.4400,4.3400,4.4400,4.3600,1093535,4820531.0000,3,1.430580,1,1.834861,32.128817,0.423322,-78.446497,2.246412,0
2006-02-27,sh.600730,4.4200,4.4800,4.3600,4.4000,4.4400,861817,3817841.0000,3,1.127442,1,-0.900900,31.839368,0.419509,-77.739771,2.226174,0
2006-02-28,sh.600730,4.3800,4.3800,4.2500,4.3700,4.4000,870690,3740246.0000,3,1.139050,1,-0.681823,31.622281,0.416648,-77.209728,2.210996,0
2006-03-01,sh.600730,4.3400,4.3800,4.3000,4.3700,4.3700,789498,3431078.0000,3,1.032834,1,0.000000,31.622281,0.416648,-77.209728,2.210996,0
2006-03-02,sh.600730,4.3500,4.3500,4.2000,4.3000,4.3700,1327567,5691098.0000,3,1.736744,1,-1.601824,31.115746,0.409974,-75.972958,2.175579,0
2006-03-03,sh.600730,4.2500,4.3000,4.1800,4.2400,4.3000,647580,2738058.0000,3,0.847174,1,-1.395359,30.681573,0.404254,-74.912871,2.145222,0
2006-03-06,sh.600730,4.2000,4.2400,4.1500,4.1800,4.2400,342682,1437186.0000,3,0.448302,1,-1.415093,30.247399,0.398533,-73.852783,2.114866,0
2006-03-07,sh.600730,4.1600,4.2000,4.0700,4.1500,4.1800,818500,3389621.0000,3,1.070774,1,-0.717697,30.030313,0.395673,-73.322739,2.099687,0
2006-03-08,sh.600730,4.1200,4.1500,4.0500,4.1500,4.1500,336474,1379378.0000,3,0.440181,1,0.000000,30.030313,0.395673,-73.322739,2.099687,0
2006-03-09,sh.600730,4.1300,4.2100,4.0900,4.1900,4.1500,480090,1992122.0000,3,0.628061,1,0.963854,30.319762,0.399487,-74.029464,2.119925,0
2006-03-10,sh.600730,4.1700,4.1700,3.9400,3.9600,4.1900,1362100,5506304.0000,3,1.781920,1,-5.489261,28.655431,0.377558,-69.965794,2.003557,0
2006-03-13,sh.600730,3.9600,3.9600,3.8900,3.9400,3.9600,568680,2227702.0000,3,0.743956,1,-0.505050,28.510707,0.375651,-69.612432,1.993438,0
2006-03-14,sh.600730,3.9300,3.9400,3.8700,3.9400,3.9400,497538,1939333.0000,3,0.650887,1,0.000000,28.510707,0.375651,-69.612432,1.993438,0
2006-03-15,sh.600730,3.9400,3.9700,3.8900,3.9500,3.9400,353387,1393112.0000,3,0.462306,1,0.253807,28.583069,0.376604,-69.789113,1.998497,0
2006-03-16,sh.600730,3.9500,3.9700,3.9300,3.9500,3.9500,412087,1627855.0000,3,0.539099,1,0.000000,28.583069,0.376604,-69.789113,1.998497,0
2006-03-17,sh.600730,3.9400,3.9900,3.9400,3.9500,3.9500,395986,1567551.0000,3,0.518035,1,0.000000,28.583069,0.376604,-69.789113,1.998497,0
2006-03-20,sh.600730,3.9600,4.0900,3.9100,4.0400,3.9500,713507,2861609.0000,3,0.933421,1,2.278479,29.234329,0.385185,-71.379245,2.044033,0
2006-03-21,sh.600730,4.0400,4.1200,4.0300,4.0300,4.0400,596800,2418819.0000,3,0.780743,1,-0.247519,29.161966,0.384232,-71.202563,2.038973,0
2006-03-22,sh.600730,4.0300,4.0900,4.0200,4.0800,4.0300,516006,2088964.0000,3,0.675047,1,1.240688,29.523777,0.388999,-72.085970,2.064271,0
2006-03-23,sh.600730,4.0700,4.1200,4.0200,4.1000,4.0800,762660,3097049.0000,3,0.997724,1,0.490196,29.668502,0.390906,-72.439332,2.074390,0
2006-03-24,sh.600730,4.0800,4.0800,3.9900,3.9900,4.1000,593774,2399866.0000,3,0.776784,1,-2.682924,28.872518,0.380418,-70.495838,2.018735,0
2006-03-27,sh.600730,4.0000,4.0000,3.9000,3.9700,3.9900,513562,2030311.0000,3,0.671850,1,-0.501253,28.727793,0.378511,-70.142476,2.008616,0
2006-03-28,sh.600730,3.9700,4.0500,3.9600,4.0500,3.9700,485920,1946273.0000,3,0.635688,1,2.015117,29.306691,0.386139,-71.555926,2.049092,0
2006-03-29,sh.600730,4.0600,4.1000,4.0300,4.0600,4.0500,814700,3316613.0000,3,1.065803,1,0.246907,29.379053,0.387092,-71.732607,2.054152,0
2006-03-30,sh.600730,4.0700,4.0700,3.9800,4.0000,4.0600,562220,2261058.0000,3,0.735505,1,-1.477831,28.944880,0.381372,-70.672520,2.023795,0
2006-03-31,sh.600730,3.9700,4.0100,3.9500,3.9700,4.0000,528421,2100182.0000,3,0.691289,1,-0.749999,28.727793,0.378511,-70.142476,2.008616,0
2006-04-03,sh.600730,3.9700,4.0600,3.9300,4.0600,3.9700,597338,2404699.0000,3,0.781447,1,2.267000,29.379053,0.387092,-71.732607,2.054152,0
2006-04-04,sh.600730,4.0400,4.1000,4.0200,4.0900,4.0600,743434,3015096.0000,3,0.972572,1,0.738922,29.596140,0.389952,-72.262651,2.069330,0
2006-04-05,sh.600730,4.0800,4.1200,4.0500,4.1000,4.0900,912522,3738544.0000,3,1.193776,1,0.244493,29.668502,0.390906,-72.439332,2.074390,0
2006-04-06,sh.600730,4.1000,4.1200,4.0200,4.0800,4.1000,1179129,4796146.0000,3,1.542555,1,-0.487804,29.523777,0.388999,-72.085970,2.064271,0
2006-04-07,sh.600730,4.0700,4.1900,4.0700,4.1700,4.0800,1241431,5152860.0000,3,1.624059,1,2.205886,30.175037,0.397580,-73.676102,2.109806,0
2006-04-10,sh.600730,4.1700,4.3900,4.1700,4.2900,4.1700,2039032,8768124.0000,3,2.667493,1,2.877695,31.043384,0.409021,-75.796277,2.170520,0
2006-04-11,sh.600730,4.3000,4.3400,4.2200,4.2800,4.2900,1260405,5397246.0000,3,1.648881,1,-0.233095,30.971021,0.408068,-75.619596,2.165460,0
2006-04-12,sh.600730,4.2800,4.3800,4.2600,4.3500,4.2800,1289777,5593907.0000,3,1.687306,1,1.635507,31.477557,0.414742,-76.856365,2.200877,0
2006-04-13,sh.600730,4.3100,4.3700,4.1700,4.1800,4.3500,1207460,5151042.0000,3,1.579618,1,-3.908048,30.247399,0.398533,-73.852783,2.114866,0
2006-04-14,sh.600730,4.1500,4.2600,4.0800,4.2400,4.1800,1388179,5796978.0000,3,1.816037,1,1.435405,30.681573,0.404254,-74.912871,2.145222,0
2006-05-11,sh.600730,4.6600,4.6600,4.6600,4.6600,4.2400,366470,1707750.0000,3,0.479422,1,9.905663,32.737462,0.438511,147.056212,2.276753,0
2006-05-12,sh.600730,5.1200,5.1200,4.7000,4.9000,4.6600,6370695,30918824.0000,3,8.334243,1,5.150220,34.423512,0.461095,154.629923,2.394010,0
2006-05-15,sh.600730,4.9000,5.1200,4.8500,5.0500,4.9000,4552469,22703571.0000,3,5.955611,1,3.061226,35.477293,0.475210,159.363492,2.467296,0
2006-05-16,sh.600730,5.0500,5.3400,4.8900,5.1600,5.0500,5114990,26139039.0000,3,6.691510,1,2.178211,36.250066,0.485561,162.834776,2.521039,0
2006-05-17,sh.600730,5.2600,5.6700,5.2600,5.6200,5.1600,6009181,32843946.0000,3,7.861304,1,8.914730,39.481661,0.528848,177.351054,2.745783,0
2006-05-18,sh.600730,5.6500,5.7000,5.2800,5.3300,5.6200,4350863,23656790.0000,3,5.691867,1,-5.160142,37.444351,0.501559,168.199487,2.604097,0
2006-06-15,sh.600730,3.7000,4.1500,3.5100,4.1000,5.3300,4651006,17906390.0000,3,4.680399,1,-23.076920,28.803347,0.385814,129.384222,2.003151,0
2006-06-16,sh.600730,4.0500,4.1000,3.9700,4.0600,4.1000,3541133,14273147.0000,3,3.563512,1,-0.975609,28.522339,0.382050,128.121937,1.983608,0
2006-06-19,sh.600730,4.0000,4.0500,3.9100,4.0000,4.0600,1878297,7494781.0000,3,1.890167,1,-1.477831,28.100826,0.376404,126.228509,1.954294,0
2006-06-20,sh.600730,3.9800,4.1400,3.9600,4.0800,4.0000,2956437,12043798.0000,3,2.975121,1,1.999998,28.662843,0.383932,128.753079,1.993380,0
2006-06-21,sh.600730,4.0700,4.0700,3.9700,3.9900,4.0800,1743058,6991713.0000,3,1.754074,1,-2.205880,28.030574,0.375463,125.912938,1.949408,0
2006-06-22,sh.600730,3.9800,4.0200,3.8000,3.8900,3.9900,1800743,7035396.0000,3,1.812123,1,-2.506263,27.328053,0.366053,122.757225,1.900551,0
2006-06-23,sh.600730,3.8700,4.0600,3.8200,4.0400,3.8900,2621976,10483311.0000,3,2.638546,1,3.856037,28.381834,0.380168,127.490794,1.973837,0
2006-06-26,sh.600730,4.0800,4.1100,4.0300,4.0900,4.0400,2398289,9762842.0000,3,2.413445,1,1.237628,28.733095,0.384873,129.068650,1.998266,0
2006-06-27,sh.600730,4.0900,4.0900,4.0000,4.0600,4.0900,1436260,5787650.0000,3,1.445337,1,-0.733501,28.522339,0.382050,128.121937,1.983608,0
2006-06-28,sh.600730,4.0600,4.1700,4.0300,4.1300,4.0600,2509601,10371136.0000,3,2.525461,1,1.724142,29.014103,0.388637,130.330935,2.017809,0
2006-06-29,sh.600730,4.1300,4.2000,4.0900,4.1900,4.1300,2700205,11237744.0000,3,2.717269,1,1.452783,29.435615,0.394283,132.224363,2.047123,0
2006-06-30,sh.600730,4.2100,4.2400,4.1400,4.1700,4.1900,2204329,9215647.0000,3,2.218260,1,-0.477326,29.295111,0.392401,131.593221,2.037352,0
2006-07-03,sh.600730,4.1700,4.1900,4.0800,4.1900,4.1700,2590172,10755194.0000,3,2.606541,1,0.479616,29.435615,0.394283,132.224363,2.047123,0
2006-07-04,sh.600730,4.1900,4.3400,4.1300,4.2400,4.1900,3817292,16180355.0000,3,3.841416,1,1.193311,29.786876,0.398988,133.802219,2.071552,0
2006-07-05,sh.600730,4.2600,4.3200,4.1800,4.2800,4.2400,3192830,13592786.0000,3,3.213008,1,0.943407,30.067884,0.402752,135.064505,2.091095,0
2006-07-06,sh.600730,4.2800,4.5100,4.2600,4.4500,4.2800,5143590,22697350.0000,3,5.176096,1,3.971953,31.262169,0.418750,140.429216,2.174152,0
2006-07-07,sh.600730,4.4500,4.5100,4.3700,4.3900,4.4500,2255541,9935665.0000,3,2.269795,1,-1.348313,30.840657,0.413104,138.535789,2.144838,0
2006-07-10,sh.600730,4.3500,4.4600,4.2800,4.4600,4.3900,2381368,10408896.0000,3,2.396417,1,1.594537,31.332421,0.419691,140.744787,2.179038,0
2006-07-11,sh.600730,4.4700,4.4900,4.3800,4.4000,4.4600,1762068,7803454.0000,3,1.773204,1,-1.345290,30.910909,0.414045,138.851360,2.149723,0
2006-07-12,sh.600730,4.4500,4.4500,4.3100,4.3600,4.4000,2626915,11433966.0000,3,2.643516,1,-0.909090,30.629901,0.410281,137.589075,2.130180,0
2006-07-13,sh.600730,4.3000,4.3000,3.9200,3.9300,4.3600,3283854,13564630.0000,3,3.304607,1,-9.862387,27.609062,0.369817,124.019510,1.920094,0
2006-07-14,sh.600730,3.9200,3.9900,3.8300,3.9400,3.9300,1579663,6200213.0000,3,1.589646,1,0.254453,27.679314,0.370758,124.335081,1.924980,0
2006-07-17,sh.600730,3.9500,4.0800,3.9200,4.0600,3.9400,1714363,6866894.0000,3,1.725197,1,3.045682,28.522339,0.382050,128.121937,1.983608,0
2006-07-18,sh.600730,4.0100,4.0700,3.9500,4.0600,4.0600,1084192,4348774.0000,3,1.091044,1,0.000000,28.522339,0.382050,128.121937,1.983608,0
2006-07-19,sh.600730,4.0300,4.0300,3.9100,3.9300,4.0600,1067564,4239468.0000,3,1.074311,1,-3.201967,27.609062,0.369817,124.019510,1.920094,0
2006-07-20,sh.600730,3.9000,4.0000,3.9000,3.9700,3.9300,775431,3070801.0000,3,0.780331,1,1.017811,27.890070,0.373581,125.281795,1.939637,0
2006-07-21,sh.600730,4.0000,4.0500,3.9700,4.0300,3.9700,998200,4007228.0000,3,1.004508,1,1.511340,28.311582,0.379227,127.175223,1.968951,0
2006-07-24,sh.600730,4.0100,4.1800,3.8400,4.1700,4.0300,1959219,7939228.0000,3,1.971601,1,3.473942,29.295111,0.392401,131.593221,2.037352,0
2006-07-25,sh.600730,4.1600,4.3100,4.1400,4.3000,4.1700,4238638,17976467.0000,3,4.265425,1,3.117509,30.208388,0.404634,135.695647,2.100866,0
2006-07-26,sh.600730,4.3800,4.4400,4.2600,4.3000,4.3000,5156752,22348044.0000,3,5.189341,1,0.000000,30.208388,0.404634,135.695647,2.100866,0
2006-07-27,sh.600730,4.2800,4.3000,4.0900,4.1000,4.3000,2607750,10935604.0000,3,2.624230,1,-4.651169,28.803347,0.385814,129.384222,2.003151,0
2006-07-28,sh.600730,4.1000,4.1800,4.0600,4.1200,4.1000,1267478,5241954.0000,3,1.275488,1,0.487804,28.943851,0.387696,130.015364,2.012923,0
2006-07-31,sh.600730,4.1000,4.1000,3.9200,3.9300,4.1200,1033491,4114597.0000,3,1.040022,1,-4.611646,28.473390,0.386354,14.436004,1.893782,0
2006-08-01,sh.600730,3.9200,4.0200,3.8600,3.8700,3.9300,903519,3543101.0000,3,0.909229,1,-1.526722,28.038682,0.380455,14.215607,1.864869,0
2006-08-02,sh.600730,3.8800,3.9400,3.7800,3.8500,3.8700,864190,3325609.0000,3,0.869651,1,-0.516795,27.893779,0.378489,14.142141,1.855232,0
2006-08-03,sh.600730,3.8200,3.9000,3.8000,3.8800,3.8500,389242,1499512.0000,3,0.391702,1,0.779226,28.111134,0.381438,14.252340,1.869688,0
2006-08-04,sh.600730,3.8800,3.9100,3.6900,3.7000,3.8800,639300,2430044.0000,3,0.643340,1,-4.639177,26.807009,0.363743,13.591149,1.782950,0
2006-08-07,sh.600730,3.7000,3.7000,3.5700,3.5800,3.7000,671364,2434721.0000,3,0.675607,1,-3.243247,25.937592,0.351946,13.150355,1.725125,0
2006-08-08,sh.600730,3.5800,3.7500,3.5800,3.7400,3.5800,626970,2303654.0000,3,0.630932,1,4.469276,27.096814,0.367675,13.738080,1.802225,0
2006-08-09,sh.600730,3.7400,3.7500,3.6800,3.7400,3.7400,547416,2031315.0000,3,0.550875,1,0.000000,27.096814,0.367675,13.738080,1.802225,0
2006-08-10,sh.600730,3.7400,3.8400,3.7300,3.8000,3.7400,534645,2024234.0000,3,0.538024,1,1.604277,27.531523,0.373574,13.958477,1.831138,0
2006-08-11,sh.600730,3.7900,3.8400,3.7600,3.8000,3.8000,488864,1856859.0000,3,0.491953,1,0.000000,27.531523,0.373574,13.958477,1.831138,0
2006-08-14,sh.600730,3.7900,3.8300,3.6100,3.6700,3.8000,576195,2137155.0000,3,0.579836,1,-3.421050,26.589655,0.360793,13.480950,1.768494,0
2006-08-15,sh.600730,3.6700,3.8100,3.6500,3.7900,3.6700,643432,2396067.0000,3,0.647498,1,3.269752,27.459071,0.372590,13.921744,1.826319,0
2006-08-17,sh.600730,3.8100,3.9300,3.7600,3.8600,3.7900,1653439,6361008.0000,3,1.663888,1,1.846964,27.966231,0.379472,14.178874,1.860051,0
2006-08-18,sh.600730,3.8500,3.8700,3.7700,3.7900,3.8600,461694,1760041.0000,3,0.464612,1,-1.813470,27.459071,0.372590,13.921744,1.826319,0
2006-08-21,sh.600730,3.6000,3.7800,3.6000,3.7700,3.7900,604594,2237652.0000,3,0.608415,1,-0.527704,27.314168,0.370624,13.848279,1.816682,0
2006-08-22,sh.600730,3.7700,3.8400,3.7500,3.8300,3.7700,764075,2905432.0000,3,0.768904,1,1.591511,27.748877,0.376523,14.068676,1.845594,0
2006-08-23,sh.600730,3.8300,3.9100,3.7900,3.8300,3.8300,988155,3807587.0000,3,0.994400,1,0.000000,27.748877,0.376523,14.068676,1.845594,0
2006-08-24,sh.600730,3.7900,3.9000,3.7800,3.8700,3.8300,797052,3064553.0000,3,0.802089,1,1.044385,28.038682,0.380455,14.215607,1.864869,0
2006-08-25,sh.600730,3.9000,3.9000,3.8100,3.8300,3.8700,727568,2803260.0000,3,0.732166,1,-1.033591,27.748877,0.376523,14.068676,1.845594,0
2006-08-28,sh.600730,3.8300,3.9500,3.8200,3.9300,3.8300,1124527,4379525.0000,3,1.131634,1,2.610970,28.473390,0.386354,14.436004,1.893782,0
2006-08-29,sh.600730,3.9300,4.0400,3.8900,3.9200,3.9300,1977128,7842837.0000,3,1.989623,1,-0.254453,28.400939,0.385371,14.399271,1.888963,0
2006-08-30,sh.600730,3.9800,3.9800,3.9000,3.9500,3.9200,684908,2690261.0000,3,0.689236,1,0.765305,28.618293,0.388320,14.509470,1.903420,0
2006-08-31,sh.600730,3.9500,3.9600,3.8900,3.9300,3.9500,1045405,4096196.0000,3,1.052012,1,-0.506329,28.473390,0.386354,14.436004,1.893782,0
2006-09-01,sh.600730,3.9400,3.9400,3.8000,3.8000,3.9300,933126,3598608.0000,3,0.939023,1,-3.307891,27.531523,0.373574,13.958477,1.831138,0
2006-09-04,sh.600730,3.7800,3.8800,3.7800,3.8700,3.8000,648152,2494671.0000,3,0.652248,1,1.842103,28.038682,0.380455,14.215607,1.864869,0
2006-09-05,sh.600730,3.8700,3.9300,3.8500,3.9200,3.8700,807714,3142896.0000,3,0.812818,1,1.291995,28.400939,0.385371,14.399271,1.888963,0
2006-09-06,sh.600730,3.9300,3.9300,3.8600,3.9300,3.9200,734539,2859389.0000,3,0.739181,1,0.255102,28.473390,0.386354,14.436004,1.893782,0
2006-09-07,sh.600730,3.9300,3.9300,3.8100,3.8200,3.9300,744958,2860990.0000,3,0.749666,1,-2.798985,27.676425,0.375540,14.031943,1.840776,0
2006-09-08,sh.600730,3.8200,3.8700,3.8000,3.8100,3.8200,424023,1625099.0000,3,0.426703,1,-0.261780,27.603974,0.374557,13.995210,1.835957,0
2006-09-11,sh.600730,3.8100,3.8400,3.7500,3.8300,3.8100,613016,2328685.0000,3,0.616890,1,0.524934,27.748877,0.376523,14.068676,1.845594,0
2006-09-12,sh.600730,3.8100,3.9100,3.8000,3.8900,3.8300,976241,3786480.0000,3,0.982411,1,1.566584,28.183585,0.382421,14.289073,1.874507,0
2006-09-13,sh.600730,3.9800,3.9800,3.8400,3.8600,3.8900,984666,3842780.0000,3,0.990889,1,-0.771214,27.966231,0.379472,14.178874,1.860051,0
2006-09-14,sh.600730,3.8400,3.9300,3.8200,3.9200,3.8600,744850,2869388.0000,3,0.749557,1,1.554409,28.400939,0.385371,14.399271,1.888963,0
2006-09-15,sh.600730,3.8800,3.9800,3.8800,3.9500,3.9200,1627184,6422026.0000,3,1.637467,1,0.765305,28.618293,0.388320,14.509470,1.903420,0
2006-09-18,sh.600730,3.9600,4.0000,3.9300,4.0000,3.9500,1216331,4813708.0000,3,1.224018,1,1.265822,28.980550,0.393235,14.693134,1.927514,0
2006-09-19,sh.600730,3.9900,4.0400,3.9600,3.9800,4.0000,1123191,4494826.0000,3,1.130289,1,-0.499999,28.835647,0.391269,14.619668,1.917876,0
2006-09-20,sh.600730,3.9600,4.0000,3.8800,3.9900,3.9800,931072,3668705.0000,3,0.936956,1,0.251256,28.908099,0.392252,14.656401,1.922695,0
2006-09-21,sh.600730,3.9900,4.1000,3.9800,4.0900,3.9900,2550256,10322379.0000,3,2.566373,1,2.506269,29.632612,0.402083,15.023729,1.970883,0
2006-09-22,sh.600730,4.1800,4.2500,4.0000,4.0100,4.0900,5939161,24446240.0000,3,5.976695,1,-1.955988,29.053001,0.394218,14.729867,1.932332,0
2006-09-25,sh.600730,3.9700,4.0400,3.9100,3.9700,4.0100,1520475,6027925.0000,3,1.530084,1,-0.997511,28.763196,0.390286,14.582935,1.913057,0
2006-09-26,sh.600730,3.9700,3.9700,3.8900,3.8900,3.9700,864245,3381317.0000,3,0.869707,1,-2.015111,28.183585,0.382421,14.289073,1.874507,0
2006-09-27,sh.600730,3.8900,3.9400,3.8900,3.9400,3.8900,654144,2557488.0000,3,0.658278,1,1.285346,28.545842,0.387337,14.472737,1.898601,0
2006-09-28,sh.600730,3.9400,4.0100,3.9100,3.9800,3.9400,958792,3805590.0000,3,0.964851,1,1.015227,28.835647,0.391269,14.619668,1.917876,0
2006-09-29,sh.600730,4.0500,4.0500,3.9600,3.9800,3.9800,1000730,3998127.0000,3,1.007054,1,0.000000,28.835647,0.391269,14.619668,1.917876,0
2006-10-09,sh.600730,4.0500,4.0600,4.0000,4.0600,3.9800,1487860,6002154.0000,3,1.497263,1,2.010048,29.415258,0.399134,14.913531,1.956426,0
2006-10-10,sh.600730,4.0600,4.1800,4.0300,4.1600,4.0600,2485221,10227152.0000,3,2.500927,1,2.463052,30.139772,0.408965,15.280859,2.004614,0
2006-10-11,sh.600730,4.1500,4.1600,4.0600,4.1500,4.1600,1121270,4610864.0000,3,1.128356,1,-0.240379,30.067321,0.407982,15.244126,1.999795,0
2006-10-12,sh.600730,4.1500,4.1500,4.0600,4.0700,4.1500,1225746,5021181.0000,3,1.233492,1,-1.927709,29.487710,0.400117,14.950264,1.961245,0
2006-10-13,sh.600730,4.0600,4.1400,4.0400,4.1000,4.0700,1375228,5637493.0000,3,1.383919,1,0.737094,29.705064,0.403066,15.060462,1.975701,0
2006-10-16,sh.600730,4.1000,4.2400,4.0500,4.2300,4.1000,2279957,9434362.0000,3,2.294366,1,3.170735,30.646932,0.415846,15.537989,2.038346,0
2006-10-17,sh.600730,4.2500,4.4300,4.1600,4.2700,4.2300,7096795,30587835.0000,3,7.141644,1,0.945626,30.936737,0.419779,15.684920,2.057621,0
2006-10-18,sh.600730,4.3000,4.7000,4.2200,4.6000,4.2700,10989358,49757324.0000,3,11.058807,1,7.728335,33.327633,0.452221,16.897104,2.216641,0
2006-10-19,sh.600730,4.5500,4.7500,4.4900,4.6200,4.6000,7562485,34782863.0000,3,7.610277,1,0.434782,33.472535,0.454187,16.970569,2.226278,0
2006-10-20,sh.600730,4.6100,4.6500,4.4500,4.5400,4.6200,3645506,16557552.0000,3,3.668544,1,-1.731600,32.892924,0.446322,16.676707,2.187728,0
2006-10-23,sh.600730,4.4400,4.5800,4.2100,4.3600,4.5400,4009209,17426240.0000,3,4.034546,1,-3.964754,31.588800,0.428626,16.015516,2.100990,0
2006-10-24,sh.600730,4.3300,4.6600,4.3000,4.6200,4.3600,5027069,22547060.0000,3,5.058838,1,5.963297,33.472535,0.454187,16.970569,2.226278,0
2006-10-25,sh.600730,4.6300,4.6900,4.4500,4.6900,4.6200,5659007,26114431.0000,3,5.694770,1,1.515155,33.979695,0.461068,17.227699,2.260010,0
2006-10-26,sh.600730,4.5800,4.7500,4.5500,4.6600,4.6900,4771869,22228208.0000,3,4.802026,1,-0.639663,33.762341,0.458119,17.117501,2.245553,0
2006-10-27,sh.600730,4.6200,4.6500,4.3600,4.5200,4.6600,3249189,14645223.0000,3,3.269723,1,-3.004289,32.748022,0.444356,16.603241,2.178090,0
2006-10-30,sh.600730,4.4800,4.5500,4.2800,4.3500,4.5200,2210634,9667635.0000,3,2.224604,1,-3.761064,35.655362,0.457412,67.064062,2.076677,0
2006-10-31,sh.600730,4.4500,4.4700,4.3200,4.4200,4.3500,1778343,7814978.0000,3,1.789582,1,1.609199,36.229127,0.464772,68.143254,2.110095,0
2006-11-01,sh.600730,4.4700,4.5400,4.3800,4.5300,4.4200,2493667,11161819.0000,3,2.509426,1,2.488691,37.130757,0.476339,69.839126,2.162609,0
2006-11-02,sh.600730,4.7000,4.7000,4.4600,4.7000,4.5300,3767151,17385050.0000,3,3.790958,1,3.752751,38.524185,0.494215,72.460021,2.243766,0
2006-11-03,sh.600730,4.6400,4.7200,4.5800,4.6500,4.7000,2312150,10761454.0000,3,2.326762,1,-1.063824,38.114353,0.488957,71.689170,2.219896,0
2006-11-06,sh.600730,4.8000,5.0500,4.6100,4.8900,4.6500,12219349,60203493.0000,3,12.296571,1,5.161285,40.081545,0.514194,75.389256,2.334472,0
2006-11-07,sh.600730,5.0000,5.0300,4.7200,4.9300,4.8900,5315259,26081930.0000,3,5.348850,1,0.817995,40.409411,0.518400,76.005937,2.353568,0
2006-11-08,sh.600730,5.0000,5.0000,4.6000,4.6300,4.9300,3838144,18286848.0000,3,3.862400,1,-6.085187,37.950420,0.486854,71.380829,2.210348,0
2006-11-09,sh.600730,4.5600,4.6400,4.4900,4.5900,4.6300,2756781,12535393.0000,3,2.774203,1,-0.863930,37.622555,0.482648,70.764148,2.191253,0
2006-11-10,sh.600730,4.6100,4.6100,4.2200,4.2700,4.5900,4125130,18051177.0000,3,4.151199,1,-6.971681,34.999632,0.448999,65.830700,2.038486,0
2006-11-13,sh.600730,4.2300,4.3200,4.0600,4.0800,4.2700,2245863,9379208.0000,3,2.260056,1,-4.449650,33.442271,0.429021,62.901465,1.947780,0
2006-11-14,sh.600730,4.1000,4.1800,3.9800,4.1200,4.0800,2229442,9104952.0000,3,2.243531,1,0.980391,33.770136,0.433227,63.518146,1.966876,0
2006-11-15,sh.600730,4.1000,4.1800,4.0200,4.1400,4.1200,2174795,8910757.0000,3,2.188539,1,0.485436,33.934069,0.435330,63.826486,1.976424,0
2006-11-16,sh.600730,4.1500,4.1700,3.8600,3.9000,4.1400,5705300,22686160.0000,3,5.741356,1,-5.797096,31.966877,0.410093,60.126400,1.861849,0
2006-11-17,sh.600730,3.8800,3.9300,3.7500,3.9300,3.9000,4268813,16400895.0000,3,4.295791,1,0.769230,32.212776,0.413248,60.588911,1.876171,0
2006-11-20,sh.600730,3.9000,3.9000,3.7900,3.8600,3.9300,2970953,11356920.0000,3,2.989728,1,-1.781175,31.639011,0.405887,59.509719,1.842753,0
2006-11-21,sh.600730,3.8400,3.9300,3.8100,3.9200,3.8600,1879236,7289276.0000,3,1.891112,1,1.554409,32.130809,0.412196,60.434741,1.871397,0
2006-11-22,sh.600730,3.9200,4.0000,3.8700,3.9700,3.9200,2192976,8674781.0000,3,2.206835,1,1.275509,32.540641,0.417454,61.205592,1.895266,0
2006-11-23,sh.600730,3.9700,4.0500,3.9500,3.9800,3.9700,1945855,7778502.0000,3,1.958152,1,0.251889,32.622607,0.418505,61.359762,1.900040,0
2006-11-24,sh.600730,3.9900,4.0500,3.9600,4.0200,3.9800,2001742,8029785.0000,3,2.014392,1,1.005024,32.950473,0.422711,61.976443,1.919136,0
2006-11-27,sh.600730,4.0500,4.0900,3.9900,4.0800,4.0200,2261379,9096097.0000,3,2.275670,1,1.492536,33.442271,0.429021,62.901465,1.947780,0
2006-11-28,sh.600730,4.0900,4.0900,4.0100,4.0400,4.0800,1859266,7518521.0000,3,1.871016,1,-0.980391,33.114406,0.424814,62.284784,1.928684,0
2006-11-29,sh.600730,4.0200,4.0300,3.9500,4.0000,4.0400,2005312,7990380.0000,3,2.017985,1,-0.990098,32.786540,0.420608,61.668103,1.909588,0
2006-11-30,sh.600730,4.0000,4.1000,4.0000,4.0700,4.0000,2955596,12021031.0000,3,2.974274,1,1.750004,33.360305,0.427969,62.747295,1.943006,0
2006-12-01,sh.600730,4.0700,4.1000,4.0100,4.0400,4.0700,2195616,8859864.0000,3,2.209492,1,-0.737106,33.114406,0.424814,62.284784,1.928684,0
2006-12-04,sh.600730,4.0200,4.1000,3.9800,4.0900,4.0400,3010333,12233519.0000,3,3.029357,1,1.237628,33.524237,0.430072,63.055635,1.952554,0
2006-12-05,sh.600730,4.1100,4.2600,4.0800,4.2300,4.0900,4105262,17203113.0000,3,4.131206,1,3.422980,34.671766,0.444793,65.214019,2.019390,0
2006-12-06,sh.600730,4.2500,4.2500,3.9800,4.1100,4.2300,3562922,14678799.0000,3,3.585439,1,-2.836877,33.688170,0.432175,63.363976,1.962102,0
2006-12-07,sh.600730,4.1100,4.1500,4.0400,4.0700,4.1100,2914584,11919200.0000,3,2.933003,1,-0.973235,33.360305,0.427969,62.747295,1.943006,0
2006-12-08,sh.600730,4.0100,4.0400,3.8500,3.8600,4.0700,2172458,8612427.0000,3,2.186187,1,-5.159712,31.639011,0.405887,59.509719,1.842753,0
2006-12-11,sh.600730,3.8500,3.9700,3.8500,3.9700,3.8600,917140,3592878.0000,3,0.922936,1,2.849745,32.540641,0.417454,61.205592,1.895266,0
2006-12-12,sh.600730,3.9800,3.9900,3.8000,3.9300,3.9700,1394396,5458422.0000,3,1.403208,1,-1.007556,32.212776,0.413248,60.588911,1.876171,0
2006-12-13,sh.600730,3.9200,3.9400,3.8600,3.9200,3.9300,805377,3141418.0000,3,0.810467,1,-0.254453,32.130809,0.412196,60.434741,1.871397,0
2006-12-14,sh.600730,3.9300,4.0000,3.9000,4.0000,3.9200,1191976,4720104.0000,3,1.199509,1,2.040814,32.786540,0.420608,61.668103,1.909588,0
2006-12-15,sh.600730,4.0200,4.0500,3.9800,4.0300,4.0000,1322161,5308860.0000,3,1.330517,1,0.750005,33.032439,0.423763,62.130614,1.923910,0
2006-12-18,sh.600730,4.0400,4.0900,4.0300,4.0700,4.0300,1796139,7290175.0000,3,1.807490,1,0.992555,33.360305,0.427969,62.747295,1.943006,0
2006-12-19,sh.600730,4.0700,4.1400,3.9000,4.1400,4.0700,3401228,13748166.0000,3,3.422723,1,1.719894,33.934069,0.435330,63.826486,1.976424,0
2006-12-20,sh.600730,4.1200,4.1300,4.0400,4.1300,4.1400,2338025,9558828.0000,3,2.352801,1,-0.241540,33.852103,0.434278,63.672316,1.971650,0
2006-12-21,sh.600730,4.1300,4.1700,4.0700,4.0800,4.1300,2921648,12043629.0000,3,2.940112,1,-1.210658,33.442271,0.429021,62.901465,1.947780,0
2006-12-22,sh.600730,4.0600,4.0800,3.9900,4.0400,4.0800,1679815,6769624.0000,3,1.690431,1,-0.980391,33.114406,0.424814,62.284784,1.928684,0
2006-12-26,sh.600730,4.1000,4.1200,3.9500,3.9900,4.0400,1760042,7101542.0000,3,1.771165,1,-1.237622,32.704574,0.419557,61.513933,1.904814,0
2006-12-27,sh.600730,3.9700,4.0500,3.9600,3.9800,3.9900,1628932,6510303.0000,3,1.639226,1,-0.250626,32.622607,0.418505,61.359762,1.900040,0
2006-12-28,sh.600730,3.9800,4.0000,3.8700,3.9000,3.9800,1808061,7100486.0000,3,1.819487,1,-2.010048,31.966877,0.410093,60.126400,1.861849,0
2006-12-29,sh.600730,3.9200,4.0800,3.9000,4.0500,3.9000,2790337,11215954.0000,3,2.807971,1,3.846156,33.196372,0.425866,62.438954,1.933458,0
2007-01-04,sh.600730,4.0800,4.1800,4.0600,4.0700,4.0500,4928155,20292270.0000,3,4.959299,1,0.493827,33.360305,0.427969,62.747295,1.943006,0
2007-01-05,sh.600730,4.0400,4.1000,3.9500,4.0900,4.0700,2345174,9398117.0000,3,2.359995,1,0.491400,33.524237,0.430072,63.055635,1.952554,0
2007-01-08,sh.600730,4.0600,4.2900,4.0600,4.2600,4.0900,5087099,21296618.0000,3,5.119248,1,4.156481,34.917665,0.447948,65.676530,2.033712,0
2007-01-09,sh.600730,4.2600,4.3000,4.2000,4.2900,4.2600,4397088,18760458.0000,3,4.424876,1,0.704219,35.163564,0.451102,66.139040,2.048033,0
2007-01-10,sh.600730,4.2900,4.3900,4.2400,4.3800,4.2900,3991746,17274597.0000,3,4.016973,1,2.097906,35.901261,0.460566,67.526573,2.090999,0
2007-01-11,sh.600730,4.3800,4.5800,4.3100,4.4100,4.3800,6078989,27157810.0000,3,6.117406,1,0.684925,36.147160,0.463721,67.989083,2.105321,0
2007-01-12,sh.600730,4.4100,4.4900,4.1100,4.1700,4.4100,4157921,17896701.0000,3,4.184198,1,-5.442172,34.179968,0.438484,64.288997,1.990746,0
2007-01-15,sh.600730,4.1600,4.3800,4.1400,4.3700,4.1700,3105667,13301103.0000,3,3.125294,1,4.796158,35.819295,0.459515,67.372402,2.086225,0
2007-01-16,sh.600730,4.3700,4.4200,4.3100,4.4000,4.3700,4105417,17940156.0000,3,4.131362,1,0.686504,36.065194,0.462669,67.834913,2.100547,0
2007-01-17,sh.600730,4.4000,4.5500,4.3000,4.4200,4.4000,4759530,21109661.0000,3,4.789609,1,0.454545,36.229127,0.464772,68.143254,2.110095,0
2007-01-18,sh.600730,4.4600,4.7400,4.3900,4.7100,4.4200,7884794,36044772.0000,3,7.934623,1,6.561085,38.606151,0.495266,72.614191,2.248540,0
2007-01-19,sh.600730,4.7000,4.8000,4.6100,4.7100,4.7100,5961032,27937691.0000,3,5.998704,1,0.000000,38.606151,0.495266,72.614191,2.248540,0
2007-01-22,sh.600730,4.8600,4.9300,4.7600,4.9100,4.7100,6666400,32224359.0000,3,6.708529,1,4.246280,40.245478,0.516297,75.697596,2.344020,0
2007-01-23,sh.600730,4.9000,4.9100,4.7000,4.8700,4.9100,5692397,27341347.0000,3,5.728371,1,-0.814663,39.917613,0.512091,75.080915,2.324924,0
2007-01-24,sh.600730,4.8600,5.0500,4.8200,4.9900,4.8700,5692120,28319503.0000,3,5.728092,1,2.464063,40.901209,0.524709,76.930958,2.382211,0
2007-01-25,sh.600730,4.9500,4.9500,4.6300,4.6400,4.9900,4746645,22610807.0000,3,4.776642,1,-7.014027,38.032387,0.487906,71.534999,2.215122,0
2007-01-26,sh.600730,4.5500,4.6400,4.3600,4.5800,4.6400,3959670,17821469.0000,3,3.984694,1,-1.293102,37.540588,0.481597,70.609978,2.186479,0
2007-01-29,sh.600730,4.5600,4.8200,4.5600,4.7900,4.5800,4091002,19341057.0000,3,4.116856,1,4.585154,39.261882,0.503679,73.847553,2.286732,0
2007-01-30,sh.600730,4.8400,4.9600,4.7300,4.8700,4.7900,6079989,29560921.0000,3,6.118413,1,1.670145,39.917613,0.512091,75.080915,2.324924,0
2007-01-31,sh.600730,4.9900,5.3600,4.9900,5.3600,4.8700,16910845,89800072.0000,3,17.017716,1,10.061610,43.933964,0.563615,82.635258,2.558848,0
2007-02-01,sh.600730,5.1500,5.2500,4.8200,5.1700,5.3600,10975332,55690663.0000,3,11.044693,1,-3.544777,42.376603,0.543636,79.706023,2.468143,0
2007-02-02,sh.600730,5.1000,5.3900,5.0200,5.0900,5.1700,8148978,42508509.0000,3,8.200477,1,-1.547387,41.720872,0.535224,78.472661,2.429951,0
2007-02-05,sh.600730,5.0500,5.2200,5.0400,5.1000,5.0900,3851847,19724488.0000,3,3.876189,1,0.196459,41.802839,0.536276,78.626831,2.434725,0
2007-02-06,sh.600730,5.1100,5.4500,5.1100,5.4300,5.1000,6130769,32440651.0000,3,6.169513,1,6.470587,44.507728,0.570976,83.714450,2.592266,0
2007-02-07,sh.600730,5.4000,5.4900,5.2700,5.4300,5.4300,6646138,35571881.0000,3,6.688139,1,0.000000,44.507728,0.570976,83.714450,2.592266,0
2007-02-08,sh.600730,5.4500,5.4500,5.2800,5.3500,5.4300,4333894,23217673.0000,3,4.361283,1,-1.473295,43.851997,0.562564,82.481088,2.554074,0
2007-02-09,sh.600730,5.3600,5.6500,5.2800,5.3800,5.3500,4944474,27090546.0000,3,4.975721,1,0.560752,44.097896,0.565718,82.943598,2.568396,0
2007-02-12,sh.600730,5.4500,5.4900,5.3500,5.4200,5.3800,3758071,20303970.0000,3,3.781821,1,0.743494,44.425762,0.569924,83.560279,2.587492,0
2007-02-13,sh.600730,5.4200,5.5300,5.3600,5.4900,5.4200,3641390,19797878.0000,3,3.664402,1,1.291507,44.999526,0.577285,84.639471,2.620910,0
2007-02-14,sh.600730,5.5200,5.6000,5.4000,5.5300,5.4900,4961275,27274429.0000,3,4.992629,1,0.728605,45.327392,0.581491,85.256152,2.640006,0
2007-02-15,sh.600730,5.5000,5.7100,5.5000,5.6600,5.5300,4971983,27903414.0000,3,5.003404,1,2.350807,46.392954,0.595161,87.260365,2.702067,0
2007-02-16,sh.600730,5.6600,5.9500,5.6200,5.6900,5.6600,5515050,32084044.0000,3,5.549903,1,0.530039,46.638853,0.598315,87.722876,2.716389,0
2007-02-26,sh.600730,5.8000,6.0600,5.6800,6.0400,5.6900,4499631,26523849.0000,3,4.528067,1,6.151141,49.507676,0.635119,93.118835,2.883478,0
2007-02-27,sh.600730,6.0700,6.1400,5.4400,5.4400,6.0400,7073330,40716123.0000,3,7.118031,1,-9.933773,44.589695,0.572027,83.868620,2.597040,0
2007-02-28,sh.600730,5.2200,5.7400,5.2200,5.7100,5.4400,5194826,28720452.0000,3,5.227656,1,4.963235,46.802786,0.600418,88.031217,2.725937,0
2007-03-01,sh.600730,5.7000,5.7000,5.3800,5.4600,5.7100,4272507,23608727.0000,3,4.299508,1,-4.378284,44.753627,0.574130,84.176960,2.606588,0
2007-03-02,sh.600730,5.4700,5.6800,5.4700,5.6000,5.4600,4119928,23049686.0000,3,4.145965,1,2.564100,45.901156,0.588852,86.335344,2.673424,0
2007-03-05,sh.600730,5.6600,5.7800,5.4500,5.7000,5.6000,4171808,23497818.0000,3,4.198172,1,1.785713,46.720820,0.599367,87.877047,2.721163,0
2007-03-06,sh.600730,5.6600,5.7000,5.5000,5.6500,5.7000,2761753,15461231.0000,3,2.779206,1,-0.877188,46.310988,0.594109,87.106195,2.697294,0
2007-03-07,sh.600730,5.6400,5.7700,5.6200,5.7500,5.6500,3421243,19553932.0000,3,3.442864,1,1.769910,47.130651,0.604625,88.647898,2.745033,0
2007-03-08,sh.600730,5.8000,5.9300,5.7200,5.9000,5.7500,4215182,24644002.0000,3,4.241821,1,2.608697,48.360147,0.620397,90.960452,2.816643,0
2007-03-09,sh.600730,5.8900,5.9600,5.7200,5.8400,5.9000,4063201,23697661.0000,3,4.088879,1,-1.016948,47.868349,0.614088,90.035430,2.787999,0
2007-03-12,sh.600730,5.8500,6.1500,5.8000,6.1400,5.8400,7175727,43093585.0000,3,7.221075,1,5.136981,50.327339,0.645634,94.660538,2.931218,0
2007-03-13,sh.600730,6.1400,6.2300,6.0000,6.1700,6.1400,5692056,34829257.0000,3,5.728028,1,0.488603,50.573238,0.648788,95.123049,2.945540,0
2007-03-14,sh.600730,6.0800,6.2800,5.8200,6.1300,6.1700,6361098,38548293.0000,3,6.401298,1,-0.648298,50.245373,0.644582,94.506368,2.926444,0
2007-03-15,sh.600730,6.1200,6.3300,6.1000,6.2300,6.1300,4543875,28313018.0000,3,4.572591,1,1.631320,51.065036,0.655098,96.048070,2.974184,0
2007-03-16,sh.600730,6.2500,6.5300,5.9800,6.1300,6.2300,7432842,46920661.0000,3,7.479815,1,-1.605135,50.245373,0.644582,94.506368,2.926444,0
2007-03-19,sh.600730,5.8500,6.1800,5.8000,6.1000,6.1300,4331352,26241892.0000,3,4.358725,1,-0.489400,49.999474,0.641428,94.043857,2.912122,0
2007-03-20,sh.600730,6.1200,6.3400,6.1000,6.3200,6.1000,4031451,25181147.0000,3,4.056928,1,3.606562,51.802733,0.664561,97.435602,3.017150,0
2007-03-21,sh.600730,6.3000,6.4800,6.2500,6.4700,6.3200,4994496,31777337.0000,3,5.026060,1,2.373412,53.032229,0.680334,99.748156,3.088759,0
2007-03-22,sh.600730,6.4900,6.6400,6.4000,6.4300,6.4700,5689687,37068200.0000,3,5.725644,1,-0.618237,52.704363,0.676128,99.131475,3.069663,0
2007-03-23,sh.600730,6.4000,6.8000,6.3700,6.7300,6.4300,6616865,43755120.0000,3,6.658681,1,4.665633,55.163354,0.707674,103.756583,3.212882,0
2007-03-26,sh.600730,6.8200,6.9800,6.7600,6.8900,6.7300,5749484,39447011.0000,3,5.785819,1,2.377412,56.474815,0.724498,106.223307,3.289266,0
2007-03-27,sh.600730,6.8000,6.9900,6.7400,6.9700,6.8900,4825338,33153943.0000,3,4.855833,1,1.161102,57.130546,0.732910,107.456669,3.327458,0
2007-03-28,sh.600730,6.9800,7.0600,6.2900,6.7800,6.9700,6916203,46671972.0000,3,6.959911,1,-2.725963,55.573186,0.712931,104.527434,3.236752,0
2007-03-29,sh.600730,6.7600,6.8300,6.3300,6.3900,6.7800,5564202,36329388.0000,3,5.599366,1,-5.752217,52.376498,0.671922,98.514794,3.050567,0
2007-03-30,sh.600730,6.3200,6.5400,6.3200,6.5100,6.3900,3250113,21039584.0000,3,3.270653,1,1.877940,53.360094,0.684540,100.364837,3.107855,0
2007-04-02,sh.600730,6.5100,6.7100,6.4500,6.6700,6.5100,3445731,22604339.0000,3,3.467507,1,2.457755,54.671556,0.701364,102.831561,3.184239,0
2007-04-03,sh.600730,6.6900,7.3100,6.6100,7.3000,6.6700,8775274,61451673.0000,3,8.830731,1,9.445279,59.835436,0.767610,112.544288,3.484999,0
2007-04-04,sh.600730,7.2000,7.2800,7.1000,7.1500,7.3000,7438109,53488384.0000,3,7.485115,1,-2.054796,58.605940,0.751837,110.231734,3.413389,0
2007-04-05,sh.600730,7.1700,7.4800,7.1500,7.3500,7.1500,8500915,62487447.0000,3,8.554638,1,2.797200,60.245267,0.772868,113.315139,3.508869,0
2007-04-06,sh.600730,7.3200,7.7700,7.2000,7.6800,7.3500,8395903,62968260.0000,3,8.448962,1,4.489795,62.950157,0.807568,118.402757,3.666410,0
2007-04-09,sh.600730,8.4500,8.4500,8.4500,8.4500,7.6800,3867071,32676750.0000,3,3.891510,1,10.026040,69.261566,0.888535,130.273867,4.034005,0
2007-04-10,sh.600730,9.3000,9.3000,8.9000,9.3000,8.4500,23850113,220560090.0000,3,24.000838,1,10.059180,76.228706,0.977914,143.378339,4.439793,0
2007-04-11,sh.600730,9.7600,10.2300,9.5100,10.2300,9.3000,9156737,92852889.0000,3,9.214605,1,9.999992,83.851576,1.075706,157.716173,4.883772,0
2007-04-12,sh.600730,11.2500,11.2500,10.9000,11.2500,10.2300,6649591,74423206.0000,3,6.691614,1,9.970679,92.212144,1.182961,173.441539,5.370717,0
2007-04-13,sh.600730,12.3800,12.3800,12.3800,12.3800,11.2500,2994437,37071130.0000,3,3.013361,1,10.044450,101.474342,1.301783,190.862778,5.910176,0
2007-04-16,sh.600730,13.6200,13.6200,13.0000,13.6200,12.3800,3457190,46772433.0000,3,3.479038,1,10.016150,111.638169,1.432172,209.979890,6.502148,0
2007-04-17,sh.600730,14.9600,14.9800,13.0200,14.1000,13.6200,27236802,394557193.0000,3,27.408930,1,3.524233,115.572554,1.482645,217.380062,6.731299,0
2007-04-18,sh.600730,14.1000,14.1000,12.6900,13.3900,14.1000,20024600,265761703.0000,3,20.151149,1,-5.035461,109.752943,1.407987,206.433974,6.392347,0
2007-04-19,sh.600730,13.0800,13.0800,12.0500,12.0500,13.3900,16826198,209922818.0000,3,16.932534,1,-10.007470,98.769452,1.267083,185.775160,5.752635,0
2007-04-20,sh.600730,11.9000,12.7400,11.9000,12.4600,12.0500,14910534,184013876.0000,3,15.004764,1,3.402488,102.130072,1.310195,192.096140,5.948368,0
2007-04-23,sh.600730,12.4500,12.8000,12.1100,12.7900,12.4600,15289558,190651883.0000,3,15.386183,1,2.648474,104.834962,1.344895,197.183759,6.105909,0
2007-04-24,sh.600730,12.7700,12.7700,12.2000,12.3100,12.7900,10920362,135553012.0000,3,10.989375,1,-3.752928,100.900577,1.294422,189.783586,5.876758,0
2007-04-25,sh.600730,12.3600,12.9500,12.0000,12.5900,12.3100,10609501,133824436.0000,3,10.676550,1,2.274571,103.195635,1.323865,194.100354,6.010429,0
2007-04-26,sh.600730,12.5900,12.6800,12.3000,12.4400,12.5900,6962626,86809458.0000,3,7.006628,1,-1.191426,101.966140,1.308092,191.787800,5.938820,0
2007-04-27,sh.600730,12.4400,12.5700,12.0200,12.2200,12.4400,7480033,91670045.0000,3,7.527304,1,-1.768483,100.162880,1.284959,188.396054,5.833792,0
2007-04-30,sh.600730,12.3000,12.5000,11.9100,12.3100,12.2200,9883634,120817277.0000,3,9.946095,1,0.736499,100.188970,1.482581,23.580899,5.626134,0
2007-05-08,sh.600730,12.7500,13.5400,12.6500,13.5400,12.3100,19626741,258816417.0000,3,19.750776,1,9.991873,110.199728,1.630719,25.937073,6.188290,0
2007-05-09,sh.600730,14.3000,14.6700,13.3400,13.8100,13.5400,23066087,324262253.0000,3,23.211857,1,1.994095,112.397211,1.663237,26.454282,6.311690,0
2007-05-10,sh.600730,13.8100,13.8200,13.2000,13.4800,13.8100,8892233,119401507.0000,3,8.948429,1,-2.389579,109.711398,1.623492,25.822138,6.160868,0
2007-05-11,sh.600730,13.4300,13.5000,13.0000,13.4000,13.4800,5872017,77677755.0000,3,5.909126,1,-0.593471,109.060292,1.613857,25.668891,6.124305,0
2007-05-15,sh.600730,13.5500,14.0800,12.6100,12.6300,13.4000,6797938,90493024.0000,3,6.840899,1,-5.746265,102.793395,1.521121,24.193887,5.772386,0
2007-05-16,sh.600730,12.4500,12.8500,12.0200,12.8300,12.6300,5485863,68312504.0000,3,5.520532,1,1.583530,104.421160,1.545208,24.577005,5.863793,0
2007-05-17,sh.600730,12.9300,13.2700,12.9200,13.1000,12.8300,6318394,82732552.0000,3,6.358324,1,2.104446,106.618644,1.577726,25.094214,5.987193,0
2007-05-18,sh.600730,13.2000,13.7500,13.1000,13.3300,13.1000,8148913,109360738.0000,3,8.200412,1,1.755722,108.490574,1.605427,25.534799,6.092312,0
2007-05-21,sh.600730,12.7900,13.4900,12.5200,13.1700,13.3300,6907631,90664720.0000,3,6.951285,1,-1.200299,107.188362,1.586157,25.228305,6.019186,0
2007-05-22,sh.600730,13.2100,13.8800,13.2100,13.6100,13.1700,11294248,152951187.0000,3,11.365624,1,3.340923,110.769446,1.639149,26.071164,6.220282,0
2007-05-23,sh.600730,13.6000,14.9700,13.5000,14.9700,13.6100,11309150,160531347.0000,3,11.380620,1,9.992657,121.838252,1.802944,28.676365,6.841854,0
2007-05-24,sh.600730,15.7000,16.4700,15.1000,15.9900,14.9700,26718228,424688470.0000,3,26.887079,1,6.813624,130.139856,1.925790,30.630266,7.308032,0
2007-05-25,sh.600730,15.5000,16.8800,15.0000,15.6000,15.9900,17996438,282574873.0000,3,18.110170,1,-2.439021,126.965713,1.878819,29.883186,7.129787,0
2007-05-28,sh.600730,15.6300,16.0000,15.1100,15.3500,15.6000,11553189,179157954.0000,3,11.626201,1,-1.602564,124.931006,1.848710,29.404289,7.015528,0
2007-05-29,sh.600730,15.3700,15.4800,15.0100,15.4000,15.3500,9157699,139904761.0000,3,9.215573,1,0.325728,125.337948,1.854732,29.500068,7.038380,0
2007-05-30,sh.600730,13.8700,14.9800,13.8600,13.8600,15.4000,6832750,97985719.0000,3,6.875931,1,-10.000000,112.804153,1.669258,26.550061,6.334542,0
2007-05-31,sh.600730,13.2900,13.2900,12.4700,12.4700,13.8600,9810053,123732739.0000,3,9.872049,1,-10.028860,101.491182,1.501851,23.887393,5.699260,0
2007-06-01,sh.600730,12.2500,12.8000,11.2200,11.2200,12.4700,7262741,84655553.0000,3,7.308639,1,-10.024060,91.317648,1.351304,21.492907,5.127963,0
2007-06-04,sh.600730,10.9000,11.5000,10.1000,10.1000,11.2200,9078116,93553156.0000,3,9.135487,1,-9.982173,82.202160,1.216415,19.347447,4.616080,0
2007-06-05,sh.600730,9.2500,9.8800,9.0900,9.6100,10.1000,10313582,95625703.0000,3,10.378761,1,-4.851492,78.214135,1.157401,18.408809,4.392132,0
2007-06-06,sh.600730,9.5800,10.2300,9.3000,9.9900,9.6100,9939150,98043102.0000,3,10.001962,1,3.954216,81.306889,1.203167,19.136733,4.565806,0
2007-06-07,sh.600730,9.9900,10.9900,9.8900,10.9900,9.9900,10688071,113211605.0000,3,10.755616,1,10.010010,89.445717,1.323604,21.052321,5.022844,0
2007-06-08,sh.600730,11.2100,11.7800,11.0000,11.1900,10.9900,11204215,127419655.0000,3,11.275022,1,1.819834,91.073483,1.347691,21.435439,5.114251,0
2007-06-11,sh.600730,11.2100,11.3500,11.0000,11.1300,11.1900,7754689,86298260.0000,3,7.803696,1,-0.536188,90.585153,1.340465,21.320504,5.086829,0
2007-06-12,sh.600730,11.2100,12.2400,11.0300,12.2400,11.1300,12950909,151813551.0000,3,13.032755,1,9.973042,99.619252,1.474150,23.446808,5.594141,0
2007-06-13,sh.600730,12.2400,12.5900,11.9000,12.4600,12.2400,10920532,134086492.0000,3,10.989546,1,1.797388,101.409794,1.500646,23.868237,5.694689,0
2007-06-14,sh.600730,12.3000,12.4800,11.8000,11.9400,12.4600,7691172,93166823.0000,3,7.739778,1,-4.173358,97.177604,1.438019,22.872131,5.457030,0
2007-06-15,sh.600730,11.2600,13.1200,11.2600,13.1000,11.9400,23604286,299243584.0000,3,12.823220,1,9.715250,106.618644,1.577726,25.094214,5.987193,0
2007-06-18,sh.600730,13.2400,14.4100,12.9300,14.4100,13.1000,20208352,276740194.0000,3,10.978352,1,9.999995,117.280508,1.735499,27.603635,6.585913,0
2007-06-19,sh.600730,14.9200,15.2700,13.9500,14.4300,14.4100,21287639,307689963.0000,3,11.564683,1,0.138796,117.443285,1.737908,27.641947,6.595053,0
2007-06-20,sh.600730,14.7300,15.3000,14.2500,14.6200,14.4300,19979254,294808546.0000,3,10.853892,1,1.316698,118.989662,1.760791,28.005909,6.681891,0
2007-06-21,sh.600730,14.4200,15.0300,13.9000,14.4000,14.6200,13329343,194793203.0000,3,7.241274,1,-1.504790,117.199120,1.734294,27.584479,6.581342,0
2007-06-22,sh.600730,14.5000,14.7500,12.9600,13.2700,14.4000,11383358,154795770.0000,3,6.184102,1,-7.847217,108.002244,1.598201,25.419864,6.064890,0
2007-06-25,sh.600730,13.5000,13.8500,11.9400,11.9400,13.2700,9126728,116790969.0000,3,4.958169,1,-10.022610,97.177604,1.438019,22.872131,5.457030,0
2007-06-26,sh.600730,9.5000,10.0000,8.9400,9.9600,9.9300,5961022,55509189.0000,3,2.698645,1,0.302112,97.275269,1.439464,22.895118,5.462514,0
2007-06-27,sh.600730,10.0000,10.9600,9.4700,10.9600,9.9600,10628715,107020526.0000,3,4.811780,1,10.040160,107.041863,1.583989,25.193825,6.010959,0
2007-06-28,sh.600730,11.0000,11.0000,9.8600,9.8600,10.9600,9565330,99649346.0000,3,4.330369,1,-10.036500,96.298610,1.425012,22.665247,5.407670,0
2007-06-29,sh.600730,9.2000,9.5500,8.8700,8.8700,9.8600,8944301,81640939.0000,3,4.049220,1,-10.040570,86.629683,1.281933,20.389528,4.864709,0
2007-07-02,sh.600730,8.6700,9.0500,8.0300,8.7500,8.8700,6646315,57214413.0000,3,3.008887,1,-1.352874,85.457691,1.264590,20.113683,4.798895,0
2007-07-03,sh.600730,8.7500,9.6000,8.7300,9.5000,8.7500,9535730,88069441.0000,3,4.316969,1,8.571429,92.782636,1.372983,21.837713,5.210229,0
2007-07-04,sh.600730,9.8000,10.1500,9.4100,9.6300,9.5000,13033886,127895625.0000,3,5.900637,1,1.368422,94.052294,1.391771,22.136545,5.281527,0
2007-07-05,sh.600730,9.4000,9.4000,8.6700,8.6700,9.6300,6106163,54137237.0000,3,2.764352,1,-9.968848,84.676364,1.253028,19.929786,4.755020,0
2007-07-06,sh.600730,8.4300,9.2600,8.0000,9.1900,8.6700,9129002,79397737.0000,3,4.132837,1,5.997687,89.754993,1.328181,21.125114,5.040211,0
2007-07-09,sh.600730,9.2100,9.6000,8.8000,9.2700,9.1900,8813256,81460869.0000,3,3.989894,1,0.870521,90.536320,1.339742,21.309010,5.084087,0
2007-07-10,sh.600730,9.2500,9.2500,8.6500,8.6900,9.2700,6019878,53558817.0000,3,2.725290,1,-6.256751,84.871696,1.255918,19.975760,4.765989,0
2007-07-11,sh.600730,8.5900,9.0300,8.5000,8.9900,8.6900,4384790,38602102.0000,3,1.985061,1,3.452246,87.801674,1.299276,20.665372,4.930522,0
2007-07-12,sh.600730,9.0800,9.2700,8.9100,9.1200,8.9900,6510945,59012760.0000,3,2.947603,1,1.446052,89.071331,1.318064,20.964204,5.001820,0
2007-07-13,sh.600730,9.1000,9.1000,8.7100,8.9700,9.1200,3136616,27824093.0000,3,1.419993,1,-1.644733,87.606342,1.296385,20.619398,4.919553,0
2007-07-16,sh.600730,8.9000,8.9700,8.3000,8.3800,8.9700,3915748,33547364.0000,3,1.772718,1,-6.577482,81.844052,1.211116,19.263161,4.595971,0
2007-07-17,sh.600730,8.3200,8.7300,8.2000,8.5000,8.3800,3259410,27799073.0000,3,1.475584,1,1.431980,83.016043,1.228459,19.539006,4.661784,0
2007-07-18,sh.600730,8.4100,8.6000,8.3500,8.4200,8.5000,2887962,24483028.0000,3,1.307424,1,-0.941176,82.234716,1.216897,19.355110,4.617908,0
2007-07-19,sh.600730,8.4300,8.7900,8.3900,8.5300,8.4200,2781806,23834155.0000,3,1.259366,1,1.306409,83.309041,1.232794,19.607967,4.678237,0
2007-07-20,sh.600730,8.6200,9.0400,8.5100,8.9900,8.5300,7253090,64446806.0000,3,3.283583,1,5.392732,87.801674,1.299276,20.665372,4.930522,0
2007-07-23,sh.600730,9.0800,9.5000,9.0000,9.4600,8.9900,8636061,80627659.0000,3,3.909675,1,5.228034,92.391973,1.367202,21.745765,5.188291,0
2007-07-24,sh.600730,9.5100,9.7700,9.3800,9.3900,9.4600,8848050,84446884.0000,3,4.005646,1,-0.739954,91.708311,1.357085,21.584855,5.149900,0
2007-07-25,sh.600730,9.3800,9.7700,9.3200,9.6900,9.3900,7529598,71905438.0000,3,3.408763,1,3.194880,94.638289,1.400443,22.274467,5.314434,0
2007-07-26,sh.600730,9.8000,10.1900,9.7600,9.9500,9.6900,8658210,86545661.0000,3,3.919703,1,2.683181,97.177603,1.438019,22.872131,5.457030,0
2007-07-27,sh.600730,9.9500,10.6400,9.6000,10.3900,9.9500,10501762,107930971.0000,3,4.754306,1,4.422116,101.474905,1.501610,23.883562,5.698345,0
2007-07-30,sh.600730,10.5800,10.9900,10.5000,10.8400,10.3900,11548194,124803509.0000,3,5.228042,1,4.331086,105.869872,1.566646,24.917980,5.945146,0
2007-07-31,sh.600730,10.8000,11.8000,10.2500,11.4000,10.8400,15806996,173662397.0000,3,7.156066,1,5.166047,111.339164,1.647580,26.205255,6.252275,0
2007-08-01,sh.600730,11.3900,11.3900,10.2600,10.2600,11.4000,13189697,141288094.0000,3,5.971175,1,-9.999995,100.205247,1.482822,23.584730,5.627048,0
2007-08-02,sh.600730,10.1300,10.5500,9.8000,10.4000,10.2600,9826241,101170998.0000,3,4.448488,1,1.364516,101.572570,1.503055,23.906549,5.703830,0
2007-08-03,sh.600730,10.4500,10.5300,9.9900,10.1800,10.4000,7500496,76362137.0000,3,3.395588,1,-2.115378,99.423920,1.471260,23.400833,5.583172,0
2007-08-06,sh.600730,10.1800,10.3000,10.0000,10.2700,10.1800,6777440,68617475.0000,3,3.068250,1,0.884088,100.302913,1.484267,23.607717,5.632532,0
2007-08-07,sh.600730,10.2700,10.2700,9.8500,9.9300,10.2700,6793968,67999398.0000,3,3.075732,1,-3.310615,96.982272,1.435129,22.826157,5.446061,0
2007-08-08,sh.600730,9.9000,10.1800,9.6800,9.9900,9.9300,5622140,56214934.0000,3,2.545228,1,0.604224,97.568267,1.443800,22.964079,5.478967,0
2007-08-09,sh.600730,10.0200,10.1600,9.8700,9.9500,9.9900,4534850,45267685.0000,3,2.052995,1,-0.400400,97.177603,1.438019,22.872131,5.457030,0
2007-08-10,sh.600730,9.9800,10.5700,9.6800,10.4600,9.9500,13883193,141880188.0000,3,6.285131,1,5.125631,102.158566,1.511727,24.044471,5.736737,0
2007-08-13,sh.600730,10.2800,10.7200,10.0000,10.4800,10.4600,10761973,111008495.0000,3,4.872108,1,0.191200,102.353898,1.514617,24.090445,5.747706,0
2007-08-14,sh.600730,10.6300,10.9000,10.5200,10.8000,10.4800,12362656,133051189.0000,3,5.596761,1,3.053442,105.479208,1.560865,24.826031,5.923208,0
2007-08-15,sh.600730,10.7800,10.7800,10.0200,10.3100,10.8000,7373126,76541130.0000,3,3.337926,1,-4.537035,100.693577,1.490048,23.699665,5.654470,0
2007-08-16,sh.600730,10.3000,10.3000,9.9000,10.1800,10.3100,5606165,56594884.0000,3,2.537996,1,-1.260913,99.423920,1.471260,23.400833,5.583172,0
2007-08-17,sh.600730,10.1500,10.4600,10.1000,10.1600,10.1800,3767576,38637495.0000,3,1.705639,1,-0.196468,99.228588,1.468369,23.354859,5.572203,0
2007-08-20,sh.600730,10.3600,10.6000,10.3000,10.4400,10.1600,6870185,71799244.0000,3,3.110237,1,2.755903,45.934662,1.400670,22.328915,4.669993,0
2007-08-21,sh.600730,10.5000,10.7500,10.5000,10.5700,10.4400,8176062,86705227.0000,3,3.701427,1,1.245212,46.506646,1.418111,22.606957,4.728145,0
2007-08-22,sh.600730,10.4100,10.8800,10.3100,10.7400,10.5700,11080094,118490219.0000,3,5.016126,1,1.608326,47.254624,1.440919,22.970550,4.804188,0
2007-08-23,sh.600730,10.7500,11.2900,10.7500,11.2300,10.7400,14288166,158503694.0000,3,6.468469,1,4.562382,49.410561,1.506659,24.018555,5.023374,0
2007-08-24,sh.600730,11.3600,11.7400,11.1600,11.1800,11.2300,21480632,245589277.0000,3,9.724607,1,-0.445229,49.190567,1.499951,23.911615,5.001008,0
2007-08-27,sh.600730,11.1200,11.2400,10.6600,10.7700,11.1800,11695944,127034008.0000,3,5.294931,1,-3.667261,47.386620,1.444944,23.034714,4.817608,0
2007-08-28,sh.600730,10.7000,10.7000,10.3800,10.5300,10.7700,6699839,70418956.0000,3,3.033118,1,-2.228419,46.330651,1.412744,22.521405,4.710252,0
2007-08-29,sh.600730,10.5000,11.0100,10.4000,10.6800,10.5300,6820294,73579092.0000,3,3.087650,1,1.424507,46.990631,1.432869,22.842223,4.777349,0
2007-08-30,sh.600730,10.7500,11.3500,10.6700,11.2100,10.6800,10361826,115127583.0000,3,4.690955,1,4.962544,49.322564,1.503976,23.975779,5.014428,0
2007-08-31,sh.600730,11.2600,11.5000,11.0400,11.1100,11.2100,10651978,119864979.0000,3,4.822311,1,-0.892064,48.882576,1.490559,23.761900,4.969696,0
2007-09-03,sh.600730,11.2100,11.5000,11.2000,11.3700,11.1100,12413305,141500198.0000,3,5.619691,1,2.340236,50.026543,1.525442,24.317985,5.085998,0
2007-09-04,sh.600730,11.4000,11.7500,11.2500,11.6000,11.3700,16120872,186238385.0000,3,7.298162,1,2.022871,51.038514,1.556300,24.809905,5.188881,0
2007-09-05,sh.600730,11.6500,11.7400,11.0800,11.3000,11.6000,9380333,106435437.0000,3,4.246619,1,-2.586209,49.718552,1.516051,24.168270,5.054686,0
2007-09-06,sh.600730,11.3900,11.6300,11.2800,11.5500,11.3000,11010566,126326507.0000,3,4.984650,1,2.212389,50.818520,1.549592,24.702966,5.166516,0
2007-09-07,sh.600730,11.4100,11.5500,11.0100,11.0700,11.5500,9802815,110007089.0000,3,4.437882,1,-4.155849,48.706582,1.485193,23.676349,4.951803,0
2007-09-10,sh.600730,10.9100,11.2000,10.5600,11.1200,11.0700,8107197,87801175.0000,3,3.670251,1,0.451673,48.926575,1.491901,23.783288,4.974169,0
2007-09-11,sh.600730,11.0800,11.4500,10.7000,10.8300,11.1200,12262145,137056420.0000,3,5.551258,1,-2.607913,47.650612,1.452994,23.163041,4.844447,0
2007-09-12,sh.600730,10.7000,11.9000,10.3500,11.7400,10.8300,22706730,256515617.0000,3,10.279680,1,8.402584,51.654496,1.575083,25.109335,5.251506,0
2007-09-13,sh.600730,11.8000,12.0700,11.5000,11.6800,11.7400,23125500,272194409.0000,3,10.469263,1,-0.511069,51.390503,1.567033,24.981008,5.224667,0
2007-09-14,sh.600730,11.7500,11.8000,11.1600,11.5400,11.6800,10413285,119847431.0000,3,4.714251,1,-1.198633,50.774521,1.548250,24.681578,5.162042,0
2007-09-17,sh.600730,11.5500,12.2200,11.4800,12.0500,11.5400,22989115,273357231.0000,3,10.407520,1,4.419413,53.018456,1.616673,25.772358,5.390174,0
2007-09-18,sh.600730,12.0400,12.5000,11.8800,12.3300,12.0500,19141054,234137217.0000,3,8.665444,1,2.323649,54.250420,1.654239,26.371218,5.515423,0
2007-09-19,sh.600730,12.4100,12.4500,11.7000,11.8200,12.3300,10358869,124463040.0000,3,4.689617,1,-4.136255,52.006485,1.585816,25.280438,5.287291,0
2007-09-20,sh.600730,11.8500,12.2000,11.7500,11.8600,11.8200,7865608,94017827.0000,3,3.560880,1,0.338409,52.182480,1.591182,25.365989,5.305184,0
2007-09-21,sh.600730,11.8800,11.9000,11.2100,11.4200,11.8600,8765446,100493977.0000,3,3.968250,1,-3.709946,50.246537,1.532150,24.424924,5.108364,0
2007-09-24,sh.600730,11.4200,11.5200,10.9000,11.1600,11.4200,6624319,73960778.0000,3,2.998929,1,-2.276710,49.102570,1.497268,23.868840,4.992062,0
2007-09-25,sh.600730,11.2100,11.4800,11.1200,11.2800,11.1600,4116671,46456599.0000,3,1.863679,1,1.075268,49.630555,1.513367,24.125494,5.045740,0
2007-09-26,sh.600730,11.2500,11.4900,11.1800,11.3900,11.2800,4975933,56404338.0000,3,2.252680,1,0.975183,50.114541,1.528125,24.360760,5.094945,0
2007-09-27,sh.600730,11.3300,11.5900,11.2200,11.4100,11.3900,6569526,75267482.0000,3,2.974124,1,0.175588,50.202538,1.530809,24.403536,5.103891,0
2007-09-28,sh.600730,11.4700,11.6500,11.3700,11.5200,11.4100,6790815,78406873.0000,3,3.074305,1,0.964072,50.686524,1.545567,24.638802,5.153096,0
2007-10-08,sh.600730,11.7700,11.8200,11.3700,11.3900,11.5200,5447266,62670442.0000,3,2.466060,1,-1.128473,50.114541,1.528125,24.360760,5.094945,0
2007-10-09,sh.600730,11.3900,11.5600,11.2200,11.4000,11.3900,4476045,50765235.0000,3,2.026373,1,0.087790,50.158539,1.529467,24.382148,5.099418,0
2007-10-10,sh.600730,11.4600,11.7900,11.4500,11.7000,11.4000,9215638,107241628.0000,3,4.172059,1,2.631581,51.478501,1.569716,25.023784,5.233613,0
2007-10-11,sh.600730,11.7000,11.7000,11.0500,11.2000,11.7000,6466690,73294747.0000,3,2.927568,1,-4.273504,49.278565,1.502634,23.954391,5.009954,0
2007-10-12,sh.600730,11.2000,11.2200,10.0800,10.5000,11.2000,10301588,107534406.0000,3,4.663685,1,-6.249999,46.198655,1.408720,22.457242,4.696832,0
2007-10-15,sh.600730,10.5000,10.5200,9.9500,10.2700,10.5000,5999005,60992152.0000,3,2.715840,1,-2.190472,45.186684,1.377862,21.965321,4.593949,0
2007-10-16,sh.600730,10.4900,11.3000,10.4900,11.2800,10.2700,10155043,111238647.0000,3,4.597341,1,9.834461,49.630555,1.513367,24.125494,5.045740,0
2007-10-17,sh.600730,11.1500,11.4400,10.7100,10.8100,11.2800,6123144,67306535.0000,3,2.772040,1,-4.166661,47.562615,1.450310,23.120265,4.835501,0
2007-10-18,sh.600730,10.6500,10.6500,10.1900,10.2200,10.8100,4816869,49682961.0000,3,2.180669,1,-5.457911,44.966690,1.371154,21.858382,4.571583,0
2007-10-19,sh.600730,10.3500,10.5000,10.1200,10.2200,10.2200,2620839,26879800.0000,3,1.186493,1,0.000000,44.966690,1.371154,21.858382,4.571583,0
2007-10-22,sh.600730,10.1500,10.5800,9.8800,10.5600,10.2200,5767910,59973591.0000,3,2.611220,1,3.326812,46.462647,1.416769,22.585569,4.723671,0
2007-10-23,sh.600730,10.7000,11.5000,10.6300,10.9700,10.5600,12468584,137381384.0000,3,5.644716,1,3.882574,48.266594,1.471777,23.462471,4.907071,0
2007-10-24,sh.600730,10.9700,10.9700,10.2000,10.2300,10.9700,5020326,52337521.0000,3,2.272777,1,-6.745677,45.010689,1.372495,21.879770,4.576057,0
2007-10-25,sh.600730,10.2600,10.4300,9.2100,9.2100,10.2300,6524824,62406654.0000,3,2.953886,1,-9.970670,40.522820,1.235648,19.698209,4.119793,0
2007-10-26,sh.600730,9.0800,9.4200,8.8000,9.3400,9.2100,3351313,30479659.0000,3,1.517190,1,1.411510,41.094803,1.253090,19.976251,4.177944,0
2007-10-29,sh.600730,9.4500,9.4600,8.9300,9.1500,9.3400,4008440,36334571.0000,3,1.814681,1,-2.034267,37.817259,1.202284,28.129347,3.909525,0
2007-10-30,sh.600730,9.3000,9.3500,9.0000,9.3000,9.1500,2685578,24621020.0000,3,1.215802,1,1.639351,38.437214,1.221994,28.590484,3.973615,0
2007-10-31,sh.600730,9.3200,9.7400,9.3200,9.6300,9.3000,4042648,38634635.0000,3,1.830168,1,3.548386,39.801115,1.265355,29.604985,4.114614,0
2007-11-01,sh.600730,9.6000,9.6000,9.1000,9.1500,9.6300,3799912,35078526.0000,3,1.720278,1,-4.984429,37.817259,1.202284,28.129347,3.909525,0
2007-11-02,sh.600730,9.0900,9.0900,8.7800,8.8500,9.1500,3516197,31179422.0000,3,1.591836,1,-3.278680,36.577349,1.162865,27.207073,3.781343,0
2007-11-05,sh.600730,8.8000,9.0700,8.5000,9.0000,8.8500,2066399,18413557.0000,3,0.935490,1,1.694911,37.197304,1.182575,27.668210,3.845434,0
2007-11-06,sh.600730,9.0300,9.1600,8.9100,9.0400,9.0000,1855103,16810255.0000,3,0.839833,1,0.444444,37.362626,1.187830,27.791180,3.862525,0
2007-11-07,sh.600730,9.1400,9.1400,8.7300,8.8800,9.0400,1973234,17494171.0000,3,0.893313,1,-1.769910,36.701340,1.166807,27.299301,3.794162,0
2007-11-08,sh.600730,8.8200,8.9800,8.4900,8.5000,8.8800,1841085,16049572.0000,3,0.833487,1,-4.279281,35.130787,1.116876,26.131087,3.631799,0
2007-11-09,sh.600730,8.5000,8.5700,8.2000,8.3500,8.5000,2516516,21002899.0000,3,1.139265,1,-1.764701,34.510832,1.097166,25.669951,3.567708,0
2007-11-12,sh.600730,8.2500,8.5000,8.1100,8.4800,8.3500,1885281,15739468.0000,3,0.853495,1,1.556876,35.048127,1.114248,26.069602,3.623253,0
2007-11-13,sh.600730,8.6000,8.6500,8.3500,8.4800,8.4800,1884730,16059248.0000,3,0.853246,1,0.000000,35.048127,1.114248,26.069602,3.623253,0
2007-11-14,sh.600730,8.5800,8.8500,8.5100,8.8100,8.4800,2732148,23812671.0000,3,1.236885,1,3.891520,36.412028,1.157609,27.084103,3.764253,0
2007-11-15,sh.600730,8.7800,8.9500,8.6600,8.8800,8.8100,2708655,23882884.0000,3,1.226249,1,0.794548,36.701340,1.166807,27.299301,3.794162,0
2007-11-16,sh.600730,8.9000,9.1900,8.8000,9.1400,8.8800,5902430,53388613.0000,3,2.672119,1,2.927930,37.775929,1.200970,28.098605,3.905252,0
2007-11-19,sh.600730,9.2900,9.3500,9.1100,9.2700,9.1400,4502746,41583845.0000,3,2.038461,1,1.422321,38.313223,1.218052,28.498256,3.960797,0
2007-11-20,sh.600730,9.1500,9.2700,9.0400,9.2000,9.2700,2945094,26903208.0000,3,1.333289,1,-0.755131,38.023911,1.208854,28.283059,3.930888,0
2007-11-21,sh.600730,9.1900,9.6600,9.1200,9.2000,9.2000,4339681,40568326.0000,3,1.964639,1,0.000000,38.023911,1.208854,28.283059,3.930888,0
2007-11-22,sh.600730,9.0000,9.0500,8.5000,8.5500,9.2000,2734524,24114922.0000,3,1.237960,1,-7.065214,35.337439,1.123446,26.284800,3.653162,0
2007-11-23,sh.600730,8.5000,8.7900,8.3600,8.7800,8.5500,1313493,11279807.0000,3,0.594638,1,2.690053,36.288037,1.153667,26.991876,3.751435,0
2007-11-26,sh.600730,8.7800,8.9200,8.5700,8.5800,8.7800,1496325,13094116.0000,3,0.677409,1,-2.277902,35.461430,1.127388,26.377027,3.665980,0
2007-11-27,sh.600730,8.4800,8.6700,8.4400,8.5800,8.5800,919380,7881676.0000,3,0.416217,1,0.000000,35.461430,1.127388,26.377027,3.665980,0
2007-11-28,sh.600730,8.5800,8.7700,8.5500,8.6700,8.5800,895362,7750610.0000,3,0.405344,1,1.048953,35.833403,1.139213,26.653709,3.704435,0
2007-11-29,sh.600730,8.7700,8.9000,8.6100,8.8800,8.6700,1744756,15327934.0000,3,0.789877,1,2.422146,36.701340,1.166807,27.299301,3.794162,0
2007-11-30,sh.600730,8.8900,8.9000,8.6000,8.6200,8.8800,1255709,10912521.0000,3,0.568478,1,-2.927930,35.626751,1.132644,26.499997,3.683071,0
2007-12-03,sh.600730,8.6700,8.7600,8.5200,8.6600,8.6200,1172507,10121433.0000,3,0.530812,1,0.464037,35.792073,1.137900,26.622967,3.700162,0
2007-12-04,sh.600730,8.7000,8.7500,8.6100,8.7000,8.6600,1381784,12023338.0000,3,0.625554,1,0.461893,35.957394,1.143155,26.745936,3.717253,0
2007-12-05,sh.600730,8.7300,8.9700,8.6500,8.9000,8.7000,2433347,21521981.0000,3,1.101613,1,2.298849,36.784001,1.169435,27.360786,3.802707,0
2007-12-06,sh.600730,8.9200,8.9500,8.7800,8.9100,8.9000,1697355,15020665.0000,3,0.768418,1,0.112362,36.825331,1.170749,27.391528,3.806980,0
2007-12-07,sh.600730,8.9200,9.0400,8.8800,9.0300,8.9100,2636458,23696126.0000,3,1.193564,1,1.346800,37.321295,1.186516,27.760438,3.858252,0
2007-12-10,sh.600730,8.9600,9.2700,8.8100,9.2200,9.0300,3612882,32959326.0000,3,1.635606,1,2.104103,38.106572,1.211482,28.344544,3.939434,0
2007-12-11,sh.600730,9.2000,9.4300,9.1200,9.4000,9.2200,4563462,42450491.0000,3,2.065948,1,1.952271,38.850518,1.235133,28.897908,4.016342,0
2007-12-12,sh.600730,9.3500,9.4400,9.1900,9.2900,9.4000,2662203,24758353.0000,3,1.205220,1,-1.170209,38.395884,1.220680,28.559741,3.969342,0
2007-12-13,sh.600730,9.2600,9.4300,9.0100,9.0100,9.2900,3455231,32058657.0000,3,1.564235,1,-3.013991,37.238635,1.183889,27.698953,3.849707,0
2007-12-17,sh.600730,9.2200,9.5000,9.2100,9.2300,9.0100,3888276,36337663.0000,3,1.760281,1,2.441724,38.147902,1.212796,28.375287,3.943706,0
2007-12-18,sh.600730,9.2300,9.4600,9.1800,9.2800,9.2300,2625110,24471378.0000,3,1.188427,1,0.541714,38.354554,1.219366,28.528999,3.965070,0
2007-12-19,sh.600730,9.3000,9.5900,9.3000,9.4900,9.2800,4406646,41767604.0000,3,1.994955,1,2.262932,39.222491,1.246959,29.174590,4.054797,0
2007-12-20,sh.600730,9.4900,9.5300,9.4300,9.4900,9.4900,3611974,34251109.0000,3,1.635195,1,0.000000,39.222491,1.246959,29.174590,4.054797,0
2007-12-21,sh.600730,9.3800,9.7400,9.3800,9.6400,9.4900,4892108,46923786.0000,3,2.214731,1,1.580617,39.842446,1.266669,29.635727,4.118887,0
2007-12-24,sh.600730,9.6600,9.8700,9.6200,9.7000,9.6400,5296405,51554314.0000,3,2.397763,1,0.622401,40.090428,1.274553,29.820182,4.144523,0
2007-12-25,sh.600730,9.7300,10.0500,9.7000,10.0500,9.7000,6160129,60981140.0000,3,2.788783,1,3.608251,41.536990,1.320542,30.896168,4.294068,0
2007-12-26,sh.600730,10.1000,10.2700,10.0500,10.2000,10.0500,5121967,51971506.0000,3,2.318792,1,1.492533,42.156945,1.340251,31.357305,4.358159,0
2007-12-27,sh.600730,10.3000,10.3500,10.1000,10.1100,10.2000,5235510,53403449.0000,3,2.370195,1,-0.882355,41.784972,1.328425,31.080623,4.319704,0
2007-12-28,sh.600730,10.1400,10.6600,10.0500,10.5100,10.1100,8553848,89066842.0000,3,3.872456,1,3.956484,43.438185,1.380984,32.310321,4.490612,0
2008-01-02,sh.600730,10.5500,11.1200,10.4000,11.0100,10.5100,10065874,108988043.0000,3,4.556973,1,4.757374,45.504702,1.446683,33.847444,4.704248,0
2008-01-03,sh.600730,11.1300,11.1300,10.8200,11.0200,11.0100,6119132,67063564.0000,3,2.770224,1,0.090829,45.546032,1.447997,33.878186,4.708520,0
2008-01-04,sh.600730,10.9500,11.0500,10.7800,10.9100,11.0200,5566412,60493721.0000,3,2.519999,1,-0.998191,45.091399,1.433543,33.540019,4.661521,0
2008-01-07,sh.600730,11.0000,11.4500,11.0000,11.3900,10.9100,6089488,68841078.0000,3,2.756803,1,4.399638,47.075255,1.496614,35.015657,4.866610,0
2008-01-08,sh.600730,11.4000,11.4200,10.5600,10.7800,11.3900,7670578,84150636.0000,3,3.472587,1,-5.355580,44.554104,1.416462,33.140367,4.605975,0
2008-01-09,sh.600730,10.7500,10.9200,10.5600,10.9200,10.7800,4405897,47523509.0000,3,1.994616,1,1.298705,45.132729,1.434857,33.570762,4.665793,0
2008-01-10,sh.600730,11.0100,11.3000,10.9200,11.0400,10.9200,6123183,68254656.0000,3,2.772057,1,1.098900,45.628693,1.450625,33.939671,4.717066,0
2008-01-11,sh.600730,11.1100,11.6300,11.0300,11.5000,11.0400,13917086,158730647.0000,3,6.300475,1,4.166667,47.529889,1.511067,35.353824,4.913610,0
2008-01-14,sh.600730,11.6200,12.6300,11.6200,12.5000,11.5000,25402057,311918475.0000,3,11.499895,1,8.695652,51.662922,1.642465,38.428070,5.340881,0
2008-01-15,sh.600730,12.5000,13.1700,12.1200,12.8900,12.5000,22763314,286808424.0000,3,10.305296,1,3.120003,53.274806,1.693710,39.627025,5.507516,0
2008-01-16,sh.600730,12.5200,14.1800,12.0000,13.8100,12.8900,37589513,502508803.0000,3,17.017341,1,7.137317,57.077197,1.814595,42.455331,5.900605,0
2008-01-17,sh.600730,14.2800,14.5600,12.8900,13.4500,13.8100,23441418,316400818.0000,3,10.612284,1,-2.606811,55.589305,1.767292,41.348603,5.746788,0
2008-01-18,sh.600730,13.4400,14.0000,13.2500,13.3400,13.4500,14351243,195136096.0000,3,6.497025,1,-0.817841,55.134671,1.752838,41.010436,5.699788,0
2008-01-21,sh.600730,13.4500,13.5400,12.0100,12.2400,13.3400,13680192,173835756.0000,3,6.193230,1,-8.245880,50.588334,1.608301,37.628766,5.229790,0
2008-01-22,sh.600730,11.7900,12.0000,11.0200,11.0200,12.2400,10985540,125610893.0000,3,4.973320,1,-9.967316,45.546032,1.447997,33.878186,4.708520,0
2008-01-23,sh.600730,11.0000,12.1200,11.0000,12.1200,11.0200,15476723,180661635.0000,3,7.006546,1,9.981845,50.092370,1.592534,37.259856,5.178518,0
2008-01-24,sh.600730,12.2900,13.3300,12.1800,13.1200,12.1200,21992150,285374254.0000,3,9.956179,1,8.250825,54.225403,1.723931,40.334102,5.605788,0
2008-01-25,sh.600730,12.9800,13.5800,12.4400,12.6600,13.1200,16594755,215713572.0000,3,7.512696,1,-3.506098,52.324208,1.663488,38.919949,5.409244,0
2008-01-28,sh.600730,12.5100,12.9800,11.5100,12.0000,12.6600,10766607,133068172.0000,3,4.874206,1,-5.213269,49.596406,1.576766,36.890947,5.127245,0
2008-01-29,sh.600730,12.3000,12.7800,12.2100,12.5700,12.0000,7162983,89352324.0000,3,3.242791,1,4.749997,51.952235,1.651662,38.643267,5.370790,0
2008-01-30,sh.600730,12.7700,12.9700,11.8500,12.3300,12.5700,8051716,100509228.0000,3,3.645134,1,-1.909306,50.960307,1.620127,37.905448,5.268245,0
2008-01-31,sh.600730,12.3400,12.5400,11.5600,11.7000,12.3300,4738052,57490355.0000,3,2.144988,1,-5.109490,48.356495,1.537347,35.968673,4.999064,0
2008-02-04,sh.600730,11.7500,12.8500,11.7500,12.7400,11.7000,6976989,86181988.0000,3,3.158588,1,8.888888,52.654851,1.674000,39.165889,5.443426,0
2008-02-05,sh.600730,12.5100,13.2000,12.3000,12.8800,12.7400,9485549,120792285.0000,3,4.294251,1,1.098904,53.233475,1.692396,39.596283,5.503243,0
2008-02-13,sh.600730,12.6000,13.1700,12.5100,12.6700,12.8800,5894180,75958282.0000,3,2.668384,1,-1.630435,52.365538,1.664802,38.950691,5.413517,0
2008-02-14,sh.600730,12.8200,13.5000,12.6200,13.2800,12.6700,10980063,144262298.0000,3,4.970840,1,4.814520,54.886689,1.744954,40.825981,5.674152,0
2008-02-15,sh.600730,13.1000,13.2500,12.8000,13.1100,13.2800,5823931,75581220.0000,3,2.636582,1,-1.280121,54.184073,1.722617,40.303359,5.601516,0
2008-02-18,sh.600730,13.3900,13.6800,13.1300,13.4900,13.1100,10764144,144642059.0000,3,4.873091,1,2.898552,55.754626,1.772548,41.471573,5.763878,0
2008-02-19,sh.600730,13.4400,13.5700,13.1700,13.3800,13.4900,7958941,106285871.0000,3,3.603133,1,-0.815416,55.299992,1.758094,41.133406,5.716879,0
2008-02-20,sh.600730,13.4000,13.5000,12.8500,12.8900,13.3800,9891341,129022695.0000,3,4.477960,1,-3.662180,53.274806,1.693710,39.627025,5.507516,0
2008-02-21,sh.600730,12.7800,13.5900,12.6800,13.2700,12.8900,9841703,130670162.0000,3,4.455488,1,2.948022,54.845359,1.743640,40.795239,5.669879,0
2008-02-22,sh.600730,13.1700,13.4100,12.4500,12.7800,13.2700,7930147,101815058.0000,3,3.590097,1,-3.692545,52.820172,1.679256,39.288858,5.460516,0
2008-02-25,sh.600730,12.8500,12.9700,11.7700,11.8400,12.7800,7086962,86509058.0000,3,3.208375,1,-7.355239,48.935120,1.555743,36.399068,5.058882,0
2008-02-26,sh.600730,12.1800,12.3300,11.5600,12.0600,11.8400,5360342,64239268.0000,3,2.426708,1,1.858110,49.844388,1.584650,37.075402,5.152882,0
2008-02-27,sh.600730,12.1900,12.3800,12.0000,12.2900,12.0600,4298481,52577722.0000,3,1.945987,1,1.907127,50.794985,1.614871,37.782478,5.251154,0
2008-02-28,sh.600730,12.4500,12.8900,12.3300,12.5900,12.2900,6968097,88185144.0000,3,3.154563,1,2.441010,52.034896,1.654290,38.704752,5.379335,0
2008-02-29,sh.600730,12.5100,12.6900,12.3600,12.6200,12.5900,4468935,55983665.0000,3,2.023154,1,0.238282,52.158887,1.658232,38.796979,5.392153,0
2008-03-03,sh.600730,12.5700,13.3300,12.3800,13.2000,12.6200,9144381,119465093.0000,3,4.139799,1,4.595879,54.556046,1.734443,40.580042,5.639970,0
2008-03-04,sh.600730,13.2800,13.5800,12.9300,13.2700,13.2000,12769564,169351228.0000,3,5.780975,1,0.530308,54.845359,1.743640,40.795239,5.669879,0
2008-03-05,sh.600730,13.1800,13.3400,12.6500,13.2700,13.2700,7548750,98434297.0000,3,3.417433,1,0.000000,54.845359,1.743640,40.795239,5.669879,0
2008-03-06,sh.600730,13.2700,13.8800,13.1500,13.2600,13.2700,10099110,136319974.0000,3,4.572020,1,-0.075360,54.804028,1.742326,40.764496,5.665606,0
2008-03-07,sh.600730,13.0000,13.1500,12.6000,12.6700,13.2600,6175848,79186154.0000,3,2.795900,1,-4.449473,52.365538,1.664802,38.950691,5.413517,0
2008-03-10,sh.600730,12.3600,12.6000,12.0000,12.1000,12.6700,5013288,61446751.0000,3,2.269591,1,-4.498814,50.009709,1.589906,37.198371,5.169972,0
2008-03-11,sh.600730,12.0500,12.5300,12.0000,12.5200,12.1000,2930464,35990244.0000,3,1.326665,1,3.471075,51.745583,1.645093,38.489555,5.349426,0
2008-03-12,sh.600730,12.7500,12.8000,12.0100,12.0500,12.5200,3129041,38688490.0000,3,1.416564,1,-3.753995,49.803057,1.583336,37.044659,5.148609,0
2008-03-13,sh.600730,11.9800,12.2500,11.2700,11.6500,12.0500,4280019,50417205.0000,3,1.937629,1,-3.319507,48.149844,1.530777,35.814961,4.977701,0
2008-03-14,sh.600730,11.6600,11.8500,11.3200,11.5400,11.6500,2731414,31542808.0000,3,1.236552,1,-0.944203,47.695210,1.516323,35.476794,4.930701,0
2008-03-17,sh.600730,11.5500,11.5500,10.3900,10.3900,11.5400,3925687,42730359.0000,3,1.777218,1,-9.965335,42.942221,1.365217,31.941411,4.439340,0
2008-03-18,sh.600730,10.1000,10.3900,9.3500,9.4400,10.3900,5039393,48646914.0000,3,2.281409,1,-9.143414,39.015839,1.240389,29.020878,4.033433,0
2008-03-19,sh.600730,9.7500,10.1500,9.4800,9.9000,9.4400,4242332,41932271.0000,3,1.920568,1,4.872882,40.917035,1.300832,30.435031,4.229977,0
2008-03-20,sh.600730,9.7000,10.5300,9.1800,10.3200,9.9000,4576882,45696802.0000,3,2.072024,1,4.242425,42.652909,1.356019,31.726214,4.409431,0
2008-03-21,sh.600730,10.3000,10.6300,10.1300,10.4100,10.3200,3607172,37641822.0000,3,1.633021,1,0.872095,43.024882,1.367845,32.002896,4.447885,0
2008-03-24,sh.600730,10.5900,10.6700,9.9900,10.0000,10.4100,4330099,45131255.0000,3,1.960301,1,-3.938519,41.330338,1.313972,30.742456,4.272705,0
2008-03-25,sh.600730,9.9700,11.0000,9.8600,11.0000,10.0000,4340855,46738937.0000,3,1.965171,1,10.000000,45.463372,1.445369,33.816701,4.699975,0
2008-03-26,sh.600730,11.7900,12.1000,11.3300,11.3600,11.0000,19508729,229257943.0000,3,8.831896,1,3.272724,46.951264,1.492672,34.923430,4.853792,0
2008-03-27,sh.600730,10.9000,11.1500,10.5100,10.5600,11.3600,8194536,88989210.0000,3,3.709790,1,-7.042247,43.644837,1.387554,32.464033,4.511976,0
2008-03-28,sh.600730,10.4300,11.0500,9.9000,11.0100,10.5600,5387502,57353356.0000,3,2.439004,1,4.261362,45.504702,1.446683,33.847444,4.704248,0
2008-03-31,sh.600730,10.6900,10.9000,10.2200,10.2700,11.0100,3525510,37166249.0000,3,1.596052,1,-6.721160,42.446257,1.349449,31.572502,4.388068,0
2008-04-01,sh.600730,10.3000,10.5400,9.2400,9.2500,10.2700,5320884,51257334.0000,3,2.408845,1,-9.931845,38.230563,1.215424,28.436772,3.952252,0
2008-04-02,sh.600730,9.5000,9.6500,8.5000,8.7500,9.2500,4550144,41148219.0000,3,2.059919,1,-5.405406,36.164046,1.149725,26.899649,3.738616,0
2008-04-03,sh.600730,8.6000,9.2500,8.3100,9.0400,8.7500,3624703,31738463.0000,3,1.640958,1,3.314285,37.362626,1.187830,27.791180,3.862525,0
2008-04-07,sh.600730,8.9200,9.7000,8.8000,9.6600,9.0400,3673952,34503793.0000,3,1.663254,1,6.858406,39.925106,1.269297,29.697212,4.127433,0
2008-04-08,sh.600730,9.6800,9.9800,9.4800,9.7700,9.6600,4368749,42715052.0000,3,1.977799,1,1.138723,40.379740,1.283750,30.035379,4.174432,0
2008-04-09,sh.600730,9.6000,10.1700,9.0200,9.0900,9.7700,3670454,35688010.0000,3,1.661670,1,-6.960085,37.569277,1.194400,27.944892,3.883888,0
2008-04-10,sh.600730,8.9100,9.4700,8.9100,9.4500,9.0900,2334664,21591270.0000,3,1.056938,1,3.960392,39.057169,1.241703,29.051621,4.037706,0
2008-04-11,sh.600730,9.6500,9.9300,9.4600,9.7700,9.4500,2591446,25216709.0000,3,1.173187,1,3.386250,40.379740,1.283750,30.035379,4.174432,0
2008-04-14,sh.600730,9.5700,9.6100,8.8000,8.9400,9.7700,2868216,26388979.0000,3,1.298485,1,-8.495402,36.949322,1.174691,27.483755,3.819798,0
2008-04-15,sh.600730,8.9000,9.6400,8.9000,9.6100,8.9400,3182474,29695503.0000,3,1.440754,1,7.494409,39.718455,1.262727,29.543500,4.106069,0
2008-04-16,sh.600730,9.7000,9.7600,9.2200,9.3300,9.6100,2412054,22912847.0000,3,1.091973,1,-2.913629,38.561205,1.225936,28.682711,3.986433,0
2008-04-17,sh.600730,9.4000,9.6000,8.9100,9.1800,9.3300,2229180,20541804.0000,3,1.009183,1,-1.607713,37.941250,1.206226,28.221574,3.922343,0
2008-04-18,sh.600730,8.9300,9.1700,8.5100,8.6000,9.1800,2896782,25510204.0000,3,1.311417,1,-6.318082,35.544091,1.130016,26.438512,3.674526,0
2008-04-21,sh.600730,9.1800,9.3500,8.6600,8.8000,8.6000,4039077,36526301.0000,3,1.828551,1,2.325579,11.807577,1.115535,57.083963,3.752788,0
2008-04-22,sh.600730,8.5300,9.1600,8.5300,9.1000,8.8000,3428992,30430495.0000,3,1.552357,1,3.409093,12.210108,1.153565,59.030007,3.880724,0
2008-04-23,sh.600730,9.0800,9.4500,8.9300,9.3400,9.1000,4080749,37643613.0000,3,1.847417,1,2.637360,12.532133,1.183988,60.586843,3.983073,0
2008-04-24,sh.600730,10.1600,10.2700,9.7800,10.2700,9.3400,10421230,105142891.0000,3,4.717848,1,9.957176,13.779979,1.301880,66.619580,4.379674,0
2008-04-25,sh.600730,10.2400,10.5300,9.9000,10.0200,10.2700,9419272,96073822.0000,3,4.264247,1,-2.434275,13.444537,1.270189,64.997876,4.273061,0
2008-04-28,sh.600730,9.6000,9.7000,9.0200,9.0600,10.0200,15267338,140735288.0000,3,6.911755,1,-9.580838,12.273705,1.193690,-22.722588,3.818133,0
2008-04-29,sh.600730,8.9000,9.2700,8.7000,9.2600,9.0600,8390835,74755637.0000,3,3.798658,1,2.207503,12.544648,1.220040,-23.224191,3.902418,0
2008-04-30,sh.600730,9.1600,9.4300,9.0000,9.3500,9.2600,10795077,99745141.0000,3,4.887095,1,0.971924,12.666572,1.231898,-23.449912,3.940347,0
2008-05-05,sh.600730,9.3600,9.8700,9.1600,9.8500,9.3500,11964091,113425780.0000,3,5.416325,1,5.347593,13.343929,1.297775,-24.703918,4.151060,0
2008-05-06,sh.600730,9.8500,10.3100,9.6600,10.1300,9.8500,17775005,178559857.0000,3,8.047013,1,2.842637,13.723249,1.334666,-25.406161,4.269060,0
2008-05-07,sh.600730,10.0000,10.1700,9.3100,9.3200,10.1300,7584342,74291236.0000,3,3.433546,1,-7.996056,12.625931,1.227946,-23.374672,3.927704,0
2008-05-08,sh.600730,9.1800,9.7500,9.1600,9.7100,9.3200,4810798,45755658.0000,3,2.177921,1,4.184553,13.154269,1.279330,-24.352796,4.092060,0
2008-05-09,sh.600730,9.7500,9.8700,9.2700,9.4600,9.7100,5590230,53298554.0000,3,2.530782,1,-2.574665,12.815591,1.246391,-23.725793,3.986704,0
2008-05-12,sh.600730,9.2000,9.6400,9.0300,9.5300,9.4600,5266278,49124095.0000,3,2.384124,1,0.739954,12.910421,1.255614,-23.901354,4.016204,0
2008-05-13,sh.600730,9.1100,9.4600,9.0000,9.2000,9.5300,5539093,51117469.0000,3,2.507631,1,-3.462749,12.463365,1.212135,-23.073710,3.877132,0
2008-05-14,sh.600730,9.1600,9.7500,9.1500,9.7100,9.2000,6086463,57685564.0000,3,2.755434,1,5.543481,13.154269,1.279330,-24.352796,4.092060,0
2008-05-15,sh.600730,9.9000,9.9500,9.6200,9.7400,9.7100,8170845,79748476.0000,3,3.699065,1,0.308957,13.194911,1.283282,-24.428037,4.104703,0
2008-05-16,sh.600730,9.9000,10.2700,9.8800,10.0800,9.7400,19984793,201662926.0000,3,9.047418,1,3.490761,13.655513,1.328079,-25.280761,4.247989,0
2008-05-19,sh.600730,9.9500,10.0000,9.5800,9.7300,10.0800,5711984,55624155.0000,3,2.585901,1,-3.472226,13.181363,1.281965,-24.402956,4.100489,0
2008-05-20,sh.600730,9.6800,9.8600,8.7600,8.9400,9.7300,5726882,53556854.0000,3,2.592646,1,-8.119219,12.111140,1.177879,-22.421627,3.767561,0
2008-05-21,sh.600730,8.9100,9.2600,8.5300,9.1400,8.9400,5641894,50069095.0000,3,2.554171,1,2.237145,12.382082,1.204230,-22.923229,3.851847,0
2008-05-22,sh.600730,9.0800,9.1900,8.8300,9.0000,9.1400,3795631,34115550.0000,3,1.718340,1,-1.531732,12.192423,1.185784,-22.572108,3.792847,0
2008-05-23,sh.600730,8.9000,9.1000,8.6000,8.9300,9.0000,3362488,29750651.0000,3,1.522249,1,-0.777774,12.097593,1.176562,-22.396547,3.763347,0
2008-05-26,sh.600730,8.5500,8.8800,8.4000,8.4800,8.9300,3091270,26681858.0000,3,1.399465,1,-5.039202,11.487971,1.117272,-21.267941,3.573705,0
2008-05-27,sh.600730,8.4800,8.7000,8.3500,8.6300,8.4800,2129129,18180293.0000,3,0.963889,1,1.768875,11.691178,1.137035,-21.644143,3.636919,0
2008-05-28,sh.600730,8.6300,8.8400,8.5000,8.7800,8.6300,2519766,21957920.0000,3,1.140736,1,1.738118,11.894386,1.156799,-22.020345,3.700133,0
2008-05-29,sh.600730,9.0000,9.0000,8.6100,8.7500,8.7800,3667748,32031330.0000,3,1.660445,1,-0.341683,11.853744,1.152846,-21.945105,3.687490,0
2008-05-30,sh.600730,8.6700,8.9600,8.6500,8.9500,8.7500,4213711,37280630.0000,3,1.907611,1,2.285712,12.124687,1.179197,-22.446707,3.771776,0
2008-06-02,sh.600730,9.1000,9.1000,8.8600,8.9800,8.9500,5696354,51181604.0000,3,2.578826,1,0.335193,12.165328,1.183149,-22.521947,3.784418,0
2008-06-03,sh.600730,8.8800,8.9600,8.6600,8.7300,8.9800,2835469,24786857.0000,3,1.283660,1,-2.783965,11.826650,1.150211,-21.894944,3.679062,0
2008-06-04,sh.600730,8.8600,9.1000,8.5000,8.6100,8.7300,2114022,18417886.0000,3,0.957050,1,-1.374569,11.664084,1.134400,-21.593983,3.628490,0
2008-06-05,sh.600730,8.6000,8.6600,8.4000,8.5800,8.6100,1649138,14084621.0000,3,0.746590,1,-0.348429,11.623443,1.130448,-21.518743,3.615847,0
2008-06-06,sh.600730,8.6800,8.7000,8.3100,8.4100,8.5800,1937693,16353244.0000,3,0.877223,1,-1.981353,11.393141,1.108050,-21.092381,3.544205,0
2008-06-11,sh.600730,7.5700,7.5700,7.5700,7.5700,8.4100,885200,6700964.0000,3,0.400743,1,-9.988106,10.255182,0.997376,-18.985651,3.190206,0
2008-06-12,sh.600730,7.4800,7.4800,6.8100,6.8500,7.5700,4896001,34312375.0000,3,2.216494,1,-9.511231,9.279788,0.902514,-17.179882,2.886778,0
2008-06-13,sh.600730,6.9000,7.0200,6.2800,6.3000,6.8500,2991639,19717919.0000,3,1.354360,1,-8.029193,8.534696,0.830049,-15.800475,2.654993,0
2008-06-16,sh.600730,6.3000,6.4600,6.0300,6.3600,6.3000,2395886,15094680.0000,3,1.084654,1,0.952380,8.615979,0.837954,-15.950956,2.680279,0
2008-06-17,sh.600730,6.3600,6.3900,5.7200,5.7300,6.3600,3692458,21892588.0000,3,1.671632,1,-9.905662,7.762509,0.754949,-14.370909,2.414779,0
2008-06-18,sh.600730,5.5700,6.1000,5.2200,6.0000,5.7300,4883675,27961562.0000,3,2.210913,1,4.712041,8.128282,0.790523,-15.048072,2.528565,0
2008-06-19,sh.600730,5.8000,5.9700,5.4000,5.4000,6.0000,2921551,16423665.0000,3,1.322630,1,-9.999999,7.315454,0.711471,-13.543265,2.275708,0
2008-06-20,sh.600730,5.4000,5.6800,4.9800,5.2800,5.4000,4170631,22361011.0000,3,1.888108,1,-2.222220,7.152888,0.695660,-13.242303,2.225137,0
2008-06-23,sh.600730,5.2300,5.3000,5.0000,5.1600,5.2800,1858255,9609049.0000,3,0.841260,1,-2.272734,6.990322,0.679850,-12.941342,2.174566,0
2008-06-24,sh.600730,5.0300,5.3800,5.0300,5.3000,5.1600,2107762,11118017.0000,3,0.954216,1,2.713185,7.179982,0.698295,-13.292463,2.233565,0
2008-06-25,sh.600730,5.3500,5.6400,5.3200,5.6300,5.3000,3032057,16827554.0000,3,1.372658,1,6.226413,7.627038,0.741774,-14.120107,2.372636,0
2008-06-26,sh.600730,5.6500,5.8400,5.5600,5.7400,5.6300,3964626,22686862.0000,3,1.794846,1,1.953813,7.776056,0.756267,-14.395989,2.418994,0
2008-06-27,sh.600730,5.5000,5.5800,5.1700,5.1800,5.7400,3890540,20694446.0000,3,1.761306,1,-9.756097,7.017417,0.682485,-12.991502,2.182994,0
2008-06-30,sh.600730,5.1800,5.3600,5.0800,5.2400,5.1800,1619359,8431951.0000,3,0.733108,1,1.158300,7.098699,0.690390,-13.141983,2.208280,0
2008-07-01,sh.600730,5.2800,5.3000,5.0600,5.1100,5.2400,1489163,7655398.0000,3,0.674167,1,-2.480909,6.922587,0.673262,-12.815941,2.153494,0
2008-07-02,sh.600730,5.0800,5.2600,5.0800,5.1700,5.1100,1466913,7597386.0000,3,0.664094,1,1.174167,7.003869,0.681167,-12.966422,2.178780,0
2008-07-03,sh.600730,5.1200,5.6200,5.0500,5.5900,5.1700,4364222,23560684.0000,3,1.975749,1,8.123793,7.572849,0.736504,-14.019787,2.355779,0
2008-07-04,sh.600730,5.4200,5.6500,5.4100,5.4600,5.5900,2729445,15044980.0000,3,1.235661,1,-2.325583,7.396736,0.719376,-13.693745,2.300994,0
2008-07-07,sh.600730,5.4600,5.9800,5.4600,5.9600,5.4600,5106734,29353496.0000,3,2.311896,1,9.157510,8.074093,0.785253,-14.947751,2.511708,0
2008-07-08,sh.600730,6.0100,6.2500,5.8900,6.1100,5.9600,6827812,41484430.0000,3,3.091054,1,2.516780,8.277300,0.805016,-15.323953,2.574922,0
2008-07-09,sh.600730,6.0600,6.1900,6.0100,6.1700,6.1100,5465005,33408253.0000,3,2.474090,1,0.981996,8.358583,0.812921,-15.474434,2.600207,0
2008-07-10,sh.600730,6.1000,6.2500,5.9700,5.9800,6.1700,4880783,29886189.0000,3,2.209604,1,-3.079417,8.101187,0.787888,-14.997912,2.520136,0
2008-07-11,sh.600730,5.9100,6.0000,5.7000,5.8300,5.9800,3849720,22446188.0000,3,1.742826,1,-2.508363,7.897980,0.768125,-14.621710,2.456922,0
2008-07-14,sh.600730,5.8300,6.1500,5.7100,6.0900,5.8300,3324326,19968538.0000,3,1.504973,1,4.459695,8.250206,0.802381,-15.273793,2.566493,0
2008-07-15,sh.600730,6.0900,6.2300,5.8100,5.8400,6.0900,3557682,21462805.0000,3,1.610616,1,-4.105090,7.911528,0.769442,-14.646790,2.461136,0
2008-07-16,sh.600730,5.5900,5.6200,5.2600,5.3000,5.8400,6459562,34908125.0000,3,2.924341,1,-9.246574,7.179982,0.698295,-13.292463,2.233565,0
2008-07-17,sh.600730,5.3600,5.4300,5.1100,5.1800,5.3000,2995267,15882382.0000,3,1.356003,1,-2.264158,7.017417,0.682485,-12.991502,2.182994,0
2008-07-18,sh.600730,5.1500,5.4800,5.1500,5.4000,5.1800,2440237,12932203.0000,3,1.104732,1,4.247109,7.315454,0.711471,-13.543265,2.275708,0
2008-07-21,sh.600730,5.4200,5.6300,5.3400,5.6000,5.4000,3442367,18979919.0000,3,1.558412,1,3.703700,7.586396,0.737821,-14.044867,2.359994,0
2008-07-22,sh.600730,5.5200,5.7900,5.5200,5.6600,5.6000,3370279,19145590.0000,3,1.525776,1,1.071428,7.667679,0.745727,-14.195348,2.385279,0
2008-07-23,sh.600730,5.6700,5.7600,5.5500,5.6300,5.6600,2852307,16143396.0000,3,1.291282,1,-0.530031,7.627038,0.741774,-14.120107,2.372636,0
2008-07-24,sh.600730,5.7000,5.8600,5.6400,5.8000,5.6300,3311807,19118697.0000,3,1.499305,1,3.019539,7.857339,0.764172,-14.546469,2.444279,0
2008-07-25,sh.600730,5.7100,5.8900,5.6800,5.8200,5.8000,3149512,18205328.0000,3,1.425832,1,0.344827,7.884433,0.766807,-14.596630,2.452708,0
2008-07-28,sh.600730,5.8500,5.9700,5.8200,5.9100,5.8200,3053281,17960802.0000,3,1.382266,1,1.546386,8.006357,0.778665,-14.822351,2.490636,0
2008-07-29,sh.600730,5.8300,5.8300,5.6500,5.6800,5.9100,3211566,18383193.0000,3,1.453924,1,-3.891709,7.694773,0.748362,-14.245508,2.393708,0
2008-07-30,sh.600730,5.7600,5.8200,5.6500,5.7600,5.6800,2459062,14127589.0000,3,1.113255,1,1.408458,7.803150,0.758902,-14.446149,2.427422,0
2008-07-31,sh.600730,5.7700,5.8100,5.4500,5.4900,5.7600,2536751,14109625.0000,3,1.148426,1,-4.687508,7.437378,0.723328,-13.768986,2.313637,0
2008-08-01,sh.600730,5.4500,5.6700,5.3400,5.5900,5.4900,1907698,10468654.0000,3,0.863644,1,1.821500,7.572849,0.736504,-14.019787,2.355779,0
2008-08-04,sh.600730,5.5400,5.5700,5.3900,5.4100,5.5900,1361535,7446737.0000,3,0.616387,1,-3.220000,7.329001,0.712788,-13.568345,2.279922,0
2008-08-05,sh.600730,5.4000,5.4700,5.2100,5.2500,5.4100,1166381,6239797.0000,3,0.528038,1,-2.957500,7.112246,0.691708,-13.167063,2.212494,0
2008-08-06,sh.600730,5.3000,5.3700,5.1800,5.3000,5.2500,1061908,5593442.0000,3,0.480742,1,0.952400,7.179982,0.698295,-13.292463,2.233565,0
2008-08-07,sh.600730,5.3000,5.8300,5.2600,5.8300,5.3000,7098982,40183504.0000,3,3.213816,1,10.000000,7.897980,0.768125,-14.621710,2.456922,0
2008-08-08,sh.600730,5.8500,6.0200,5.3500,5.3600,5.8300,12091425,70733933.0000,3,5.473971,1,-8.061700,7.261265,0.706200,-13.442944,2.258851,0
2008-08-11,sh.600730,5.2500,5.2500,4.8200,4.8200,5.3600,4917045,24341125.0000,3,2.226021,1,-10.074600,6.529720,0.635053,-12.088618,2.031280,0
2008-08-12,sh.600730,4.5800,4.7100,4.3800,4.5000,4.8200,3485831,15812832.0000,3,1.578088,1,-6.639000,6.096211,0.592892,-11.286054,1.896423,0
2008-08-13,sh.600730,4.4200,4.5000,4.1100,4.3000,4.5000,3060575,13072526.0000,3,1.385569,1,-4.444400,5.825269,0.566541,-10.784451,1.812138,0
2008-08-14,sh.600730,4.2500,4.4400,4.1500,4.3500,4.3000,2210562,9535453.0000,3,1.000755,1,1.162800,5.893004,0.573129,-10.909852,1.833209,0
2008-08-15,sh.600730,4.3500,4.4300,4.2200,4.3400,4.3500,2044006,8892763.0000,3,0.925352,1,-0.229900,5.879457,0.571812,-10.884772,1.828995,0
2008-08-18,sh.600730,4.2800,4.3600,3.9100,3.9100,4.3400,2380837,9732014.0000,3,1.077841,1,-9.907800,6.632163,0.572448,-13.900545,1.640617,0
2008-08-19,sh.600730,3.8800,4.0600,3.8000,4.0300,3.9100,1594036,6324323.0000,3,0.721644,1,3.069100,6.835707,0.590017,-14.327160,1.690968,0
2008-08-20,sh.600730,4.0600,4.4300,3.9200,4.4200,4.0300,3543283,15187280.0000,3,1.604098,1,9.677400,7.497227,0.647115,-15.713659,1.854610,0
2008-08-21,sh.600730,4.3000,4.5800,4.1000,4.3800,4.4200,4028235,17481480.0000,3,1.823643,1,-0.905000,7.429379,0.641259,-15.571454,1.837826,0
2008-08-22,sh.600730,4.3000,4.5500,4.2600,4.4300,4.3800,3785580,16734372.0000,3,1.713789,1,1.141600,7.514190,0.648579,-15.749211,1.858806,0
2008-08-25,sh.600730,4.3800,4.5400,4.3100,4.3400,4.4300,2129145,9433608.0000,3,0.963896,1,-2.031600,7.361531,0.635403,-15.429249,1.821043,0
2008-08-26,sh.600730,4.2100,4.3000,3.9300,4.0100,4.3400,2838841,11525865.0000,3,1.285186,1,-7.603700,6.801783,0.587089,-14.256057,1.682576,0
2008-08-27,sh.600730,4.0000,4.1900,3.9500,4.1500,4.0100,2174965,8864332.0000,3,0.984640,1,3.491300,7.039252,0.607585,-14.753775,1.741320,0
2008-08-28,sh.600730,4.2000,4.2100,4.0600,4.1200,4.1500,1642156,6777190.0000,3,0.743429,1,-0.722900,6.988366,0.603193,-14.647121,1.728732,0
2008-08-29,sh.600730,4.1500,4.3200,4.1000,4.2600,4.1200,2151883,9126831.0000,3,0.974190,1,3.398100,7.225835,0.623690,-15.144839,1.787475,0
2008-09-01,sh.600730,4.1600,4.2500,4.0700,4.1000,4.2600,1444258,5987179.0000,3,0.653837,1,-3.755900,6.954442,0.600265,-14.576019,1.720340,0
2008-09-02,sh.600730,4.1000,4.3000,3.9900,4.2400,4.1000,2516390,10614150.0000,3,1.139208,1,3.414600,7.191911,0.620762,-15.073737,1.779083,0
2008-09-03,sh.600730,4.2000,4.4800,4.1900,4.3400,4.2400,4947686,21475113.0000,3,2.239892,1,2.358500,7.361531,0.635403,-15.429249,1.821043,0
2008-09-04,sh.600730,4.2700,4.3900,4.2200,4.2900,4.3400,2107085,9073216.0000,3,0.953909,1,-1.152100,7.276721,0.628082,-15.251493,1.800063,0
2008-09-05,sh.600730,4.2000,4.4800,4.1000,4.3200,4.2900,4486321,19406287.0000,3,2.031025,1,0.699300,7.327607,0.632474,-15.358147,1.812651,0
2008-09-08,sh.600730,4.2200,4.7500,4.2200,4.7500,4.3200,20375668,96266538.0000,3,9.224373,1,9.953700,8.056975,0.695429,-16.886851,1.993077,0
2008-09-09,sh.600730,4.8000,4.8700,4.4400,4.6100,4.7500,15542878,71889094.0000,3,7.036496,1,-2.947400,7.819506,0.674932,-16.389133,1.934333,0
2008-09-10,sh.600730,4.5000,4.9700,4.4500,4.7600,4.6100,13793750,65796613.0000,3,6.244639,1,3.253800,8.073937,0.696893,-16.922402,1.997273,0
2008-09-11,sh.600730,4.6500,4.8300,4.5200,4.5900,4.7600,6527992,30416964.0000,3,2.955321,1,-3.571400,7.785582,0.672004,-16.318031,1.925941,0
2008-09-12,sh.600730,4.5400,4.6400,4.3000,4.3200,4.5900,7799542,34553329.0000,3,3.530971,1,-5.882400,7.327607,0.632474,-15.358147,1.812651,0
2008-09-16,sh.600730,4.3500,4.3500,3.9200,3.9600,4.3200,6748584,27535917.0000,3,3.055186,1,-8.333300,6.716973,0.579768,-14.078301,1.661597,0
2008-09-17,sh.600730,3.9600,4.0800,3.7200,3.8300,3.9600,5073063,19744843.0000,3,2.296652,1,-3.282800,6.496466,0.560735,-13.616135,1.607049,0
2008-09-18,sh.600730,3.7300,3.7700,3.4500,3.6200,3.8300,5643381,20170866.0000,3,2.554844,1,-5.483000,6.140263,0.529990,-12.869558,1.518934,0
2008-09-19,sh.600730,3.9800,3.9800,3.8400,3.9800,3.6200,4579134,18094844.0000,3,2.073043,1,9.944800,6.750897,0.582696,-14.149404,1.669988,0
2008-09-22,sh.600730,4.2600,4.3800,4.0000,4.1500,3.9800,9299640,38932215.0000,3,4.210088,1,4.271400,7.039252,0.607585,-14.753775,1.741320,0
2008-09-23,sh.600730,4.0200,4.0300,3.8500,3.8600,4.1500,4117886,16148948.0000,3,1.864229,1,-6.988000,6.547352,0.565128,-13.722789,1.619637,0
2008-09-24,sh.600730,3.8400,4.0800,3.7700,4.0700,3.8600,4440419,17528790.0000,3,2.010245,1,5.440400,6.903556,0.595873,-14.469365,1.707752,0
2008-09-25,sh.600730,4.1200,4.2500,4.0600,4.2300,4.0700,7396526,30811795.0000,3,3.348519,1,3.931200,7.174948,0.619298,-15.038185,1.774887,0
2008-09-26,sh.600730,4.2400,4.2800,4.0400,4.1300,4.2300,4418596,18312381.0000,3,2.000365,1,-2.364100,7.005328,0.604657,-14.682673,1.732928,0
2008-10-06,sh.600730,4.1300,4.1300,3.7800,3.9300,4.1300,2553192,10118260.0000,3,1.155869,1,-4.842600,6.666087,0.575376,-13.971647,1.649009,0
2008-10-07,sh.600730,3.7100,3.9500,3.7100,3.8800,3.9300,2007400,7731165.0000,3,0.908780,1,-1.272300,6.581277,0.568056,-13.793891,1.628029,0
2008-10-08,sh.600730,3.8000,3.8700,3.7000,3.7400,3.8800,2124698,8030992.0000,3,0.961883,1,-3.608200,6.343808,0.547559,-13.296173,1.569286,0
2008-10-09,sh.600730,3.8400,3.8400,3.6100,3.6200,3.7400,2622041,9662681.0000,3,1.187038,1,-3.208600,6.140263,0.529990,-12.869558,1.518934,0
2008-10-10,sh.600730,3.4500,3.4900,3.2600,3.2700,3.6200,2613627,8763660.0000,3,1.183228,1,-9.668500,5.546591,0.478748,-11.625264,1.372076,0
2008-10-13,sh.600730,3.2000,3.3700,3.1200,3.3600,3.2700,1872910,6080639.0000,3,0.847895,1,2.752300,5.699250,0.491925,-11.945225,1.409839,0
2008-10-14,sh.600730,3.4800,3.5000,3.2400,3.2500,3.3600,2134368,7222701.0000,3,0.966261,1,-3.273800,5.512667,0.475820,-11.554161,1.363684,0
2008-10-15,sh.600730,3.1900,3.3000,3.1900,3.2500,3.2500,904809,2927520.0000,3,0.409621,1,0.000000,5.512667,0.475820,-11.554161,1.363684,0
2008-10-16,sh.600730,3.1700,3.1800,3.0000,3.0200,3.2500,1719734,5303541.0000,3,0.778550,1,-7.076900,5.122540,0.442147,-10.736482,1.267177,0
2008-10-17,sh.600730,3.0300,3.1200,3.0100,3.0900,3.0200,1454840,4449171.0000,3,0.658628,1,2.317900,5.241274,0.452395,-10.985341,1.296549,0
2008-10-20,sh.600730,3.1300,3.2400,3.0600,3.2200,3.0900,1730358,5451951.0000,3,0.783359,1,4.207100,5.461781,0.471428,-11.447508,1.351096,0
2008-10-21,sh.600730,3.2000,3.3000,3.1500,3.1900,3.2200,1777267,5761350.0000,3,0.804596,1,-0.931700,5.410895,0.467036,-11.340854,1.338508,0
2008-10-22,sh.600730,3.1500,3.2300,3.1100,3.1400,3.1900,1574818,4979454.0000,3,0.712944,1,-1.567400,5.326085,0.459715,-11.163097,1.317529,0
2008-10-23,sh.600730,3.0900,3.1700,3.0200,3.1700,3.1400,1233505,3831659.0000,3,0.558426,1,0.955400,5.376971,0.464107,-11.269751,1.330116,0
2008-10-24,sh.600730,3.1700,3.1800,3.0500,3.0900,3.1700,1319131,4102726.0000,3,0.597191,1,-2.523700,5.241274,0.452395,-10.985341,1.296549,0
2008-10-27,sh.600730,3.0000,3.0800,2.7800,2.7800,3.0900,2220499,6405371.0000,3,1.005253,1,-10.032400,4.715451,0.407009,-9.883252,1.166474,0
2008-10-28,sh.600730,2.7700,2.8600,2.6800,2.8300,2.7800,1800893,5008388.0000,3,0.815291,1,1.798600,4.800261,0.414329,-10.061008,1.187454,0
2008-10-29,sh.600730,2.9000,2.9000,2.7500,2.7600,2.8300,1825054,5143259.0000,3,0.826230,1,-2.473500,5.013043,0.476721,-15.759289,1.161311,0
2008-10-30,sh.600730,2.7900,2.8600,2.7200,2.7700,2.7600,1495024,4182161.0000,3,0.676820,1,0.362300,5.031206,0.478449,-15.816388,1.165518,0
2008-10-31,sh.600730,2.8000,2.8100,2.6600,2.6900,2.7700,1233295,3360568.0000,3,0.558331,1,-2.888100,4.885901,0.464631,-15.359597,1.131857,0
2008-11-03,sh.600730,2.7000,2.7500,2.6000,2.6000,2.6900,1158231,3072757.0000,3,0.524349,1,-3.345700,4.722432,0.449085,-14.845707,1.093988,0
2008-11-04,sh.600730,2.6100,2.6700,2.5600,2.6400,2.6000,999307,2620366.0000,3,0.452401,1,1.538500,4.795085,0.455994,-15.074103,1.110819,0
2008-11-05,sh.600730,2.6500,2.7500,2.6400,2.7200,2.6400,1423997,3845855.0000,3,0.644665,1,3.030300,4.940390,0.469812,-15.530894,1.144480,0
2008-11-06,sh.600730,2.6500,2.7000,2.6200,2.6800,2.7200,842130,2232105.0000,3,0.381245,1,-1.470600,4.867738,0.462903,-15.302498,1.127650,0
2008-11-07,sh.600730,2.6000,2.9000,2.6000,2.8000,2.6800,2553567,7119280.0000,3,1.156038,1,4.477600,5.085696,0.483630,-15.987685,1.178141,0
2008-11-10,sh.600730,2.8200,3.0500,2.8000,3.0300,2.8000,4602675,13609536.0000,3,2.083701,1,8.214300,5.503450,0.523357,-17.300959,1.274917,0
2008-11-11,sh.600730,2.9700,3.0300,2.9400,2.9500,3.0300,2911918,8683550.0000,3,1.318269,1,-2.640300,5.358144,0.509539,-16.844168,1.241256,0
2008-11-12,sh.600730,2.9500,3.1500,2.9000,3.1200,2.9500,4292207,13104511.0000,3,1.943147,1,5.762700,5.666918,0.538902,-17.814849,1.312786,0
2008-11-13,sh.600730,3.0100,3.3600,3.0000,3.3000,3.1200,6077218,19492991.0000,3,2.751248,1,5.769200,5.993856,0.569993,-18.842629,1.388524,0
2008-11-14,sh.600730,3.3500,3.4600,3.2600,3.4500,3.3000,8949467,30005408.0000,3,4.051559,1,4.545500,6.266304,0.595902,-19.699112,1.451639,0
2008-11-17,sh.600730,3.4400,3.5500,3.3300,3.5400,3.4500,6753961,23271863.0000,3,3.057620,1,2.608700,6.429773,0.611447,-20.213002,1.489507,0
2008-11-18,sh.600730,3.4800,3.5400,3.1900,3.1900,3.5400,6070678,20193009.0000,3,2.748288,1,-9.887000,5.794061,0.550993,-18.214541,1.342240,0
2008-11-19,sh.600730,3.1100,3.4000,3.1100,3.3800,3.1900,4515508,14938120.0000,3,2.044239,1,5.956100,6.139162,0.583811,-19.299420,1.422185,0
2008-11-20,sh.600730,3.3000,3.5600,3.2500,3.4700,3.3800,6569946,22613522.0000,3,2.974314,1,2.662700,6.302630,0.599356,-19.813310,1.460054,0
2008-11-21,sh.600730,3.4400,3.5500,3.2500,3.4300,3.4700,5672156,19357642.0000,3,2.567871,1,-1.152700,6.229978,0.592447,-19.584914,1.443223,0
2008-11-24,sh.600730,3.3900,3.4900,3.3100,3.4400,3.4300,6003026,20534457.0000,3,2.717661,1,0.291500,6.248141,0.594174,-19.642013,1.447431,0
2008-11-25,sh.600730,3.4600,3.5200,3.2700,3.3800,3.4400,4706029,15763414.0000,3,2.130490,1,-1.744200,6.139162,0.583811,-19.299420,1.422185,0
2008-11-26,sh.600730,3.4300,3.6000,3.4200,3.4700,3.3800,7817258,27425528.0000,3,3.538991,1,2.662700,6.302630,0.599356,-19.813310,1.460054,0
2008-11-27,sh.600730,3.6500,3.7100,3.4900,3.5100,3.4700,9164394,33162799.0000,3,4.148860,1,1.152700,6.375283,0.606265,-20.041705,1.476884,0
2008-11-28,sh.600730,3.4000,3.5000,3.2800,3.2900,3.5100,4488882,14945931.0000,3,2.032185,1,-6.267800,5.975693,0.568266,-18.785530,1.384316,0
2008-12-01,sh.600730,3.2900,3.5200,3.2300,3.4600,3.2900,4259449,14503933.0000,3,1.928317,1,5.167200,6.284467,0.597629,-19.756211,1.455846,0
2008-12-02,sh.600730,3.3600,3.6800,3.3200,3.5400,3.4600,6535573,23212023.0000,3,2.958753,1,2.312100,6.429773,0.611447,-20.213002,1.489507,0
2008-12-03,sh.600730,3.6000,3.8800,3.5300,3.7400,3.5400,10891660,40413718.0000,3,4.930819,1,5.649700,6.793037,0.645992,-21.354979,1.573660,0
2008-12-04,sh.600730,3.7900,3.9000,3.6400,3.6800,3.7400,9346413,35339893.0000,3,4.231262,1,-1.604300,6.684058,0.635628,-21.012386,1.548414,0
2008-12-05,sh.600730,3.6500,3.8000,3.6200,3.7700,3.6800,5627170,20952738.0000,3,2.547505,1,2.445700,6.847526,0.651174,-21.526276,1.586283,0
2008-12-08,sh.600730,3.7900,4.0000,3.7800,3.9700,3.7700,7903085,30883622.0000,3,3.577846,1,5.305000,7.210790,0.685719,-22.668253,1.670436,0
2008-12-09,sh.600730,3.9900,3.9900,3.7300,3.7500,3.9700,6023975,23141971.0000,3,2.727145,1,-5.541600,6.811200,0.647719,-21.412078,1.577868,0
2008-12-10,sh.600730,3.7500,3.9500,3.7500,3.8900,3.7500,5433366,20927616.0000,3,2.459767,1,3.733300,7.065485,0.671901,-22.211462,1.636775,0
2008-12-11,sh.600730,3.8800,3.9400,3.7200,3.7900,3.8900,5705328,21878465.0000,3,2.582888,1,-2.570700,6.883853,0.654628,-21.640474,1.594699,0
2008-12-12,sh.600730,3.8000,3.9000,3.5000,3.6400,3.7900,6419693,24100234.0000,3,2.906292,1,-3.957800,6.611405,0.628719,-20.783990,1.531584,0
2008-12-15,sh.600730,3.6400,3.7600,3.6000,3.7200,3.6400,3804569,14037674.0000,3,1.722386,1,2.197800,6.756710,0.642537,-21.240781,1.565245,0
2008-12-16,sh.600730,3.8000,3.9700,3.7400,3.9300,3.7200,12571523,48880040.0000,3,5.691318,1,5.645200,7.138138,0.678810,-22.439858,1.653606,0
2008-12-17,sh.600730,3.8500,3.9300,3.8200,3.8800,3.9300,8029149,31177714.0000,3,3.634917,1,-1.272300,7.047322,0.670173,-22.154363,1.632567,0
2008-12-18,sh.600730,3.8900,3.9400,3.7500,3.8800,3.8800,5408797,20758975.0000,3,2.448644,1,0.000000,7.047322,0.670173,-22.154363,1.632567,0
2008-12-19,sh.600730,3.8800,3.9400,3.8300,3.8900,3.8800,5688260,22204226.0000,3,2.575161,1,0.257700,7.065485,0.671901,-22.211462,1.636775,0
2008-12-22,sh.600730,3.8900,3.9100,3.7200,3.7800,3.8900,4603470,17492244.0000,3,2.084060,1,-2.827800,6.865690,0.652901,-21.583375,1.590491,0
2008-12-23,sh.600730,3.7900,3.8300,3.4600,3.4700,3.7800,4966404,17946359.0000,3,2.248366,1,-8.201100,6.302630,0.599356,-19.813310,1.460054,0
2008-12-24,sh.600730,3.4100,3.4700,3.3200,3.3600,3.4700,2949228,10022816.0000,3,1.335160,1,-3.170000,6.102835,0.580356,-19.185222,1.413770,0
2008-12-25,sh.600730,3.4100,3.4300,3.2800,3.3100,3.3600,2198008,7352779.0000,3,0.995071,1,-1.488100,6.012019,0.571720,-18.899728,1.392731,0
2008-12-26,sh.600730,3.3200,3.3500,3.2700,3.2900,3.3100,1758207,5819987.0000,3,0.795967,1,-0.604200,5.975693,0.568266,-18.785530,1.384316,0
2008-12-30,sh.600730,3.2900,3.4200,3.2500,3.3000,3.2900,3113691,10401922.0000,3,1.409615,1,0.304000,5.993856,0.569993,-18.842629,1.388524,0
2008-12-31,sh.600730,3.3100,3.3100,3.1700,3.1900,3.3000,1775438,5745922.0000,3,0.803768,1,-3.333300,5.794061,0.550993,-18.214541,1.342240,0
2009-01-05,sh.600730,3.2300,3.3200,3.2300,3.3100,3.1900,1879396,6157161.0000,3,0.850831,1,3.761800,6.012019,0.571720,-18.899728,1.392731,0
2009-01-06,sh.600730,3.3100,3.4700,3.2900,3.4600,3.3100,3555361,12043004.0000,3,1.609566,1,4.531700,6.284467,0.597629,-19.756211,1.455846,0
2009-01-07,sh.600730,3.4300,3.5400,3.4100,3.4700,3.4600,4197997,14618687.0000,3,1.900497,1,0.289000,6.302630,0.599356,-19.813310,1.460054,0
2009-01-08,sh.600730,3.4000,3.4500,3.3100,3.3500,3.4700,2178943,7347510.0000,3,0.986440,1,-3.458200,6.084672,0.578629,-19.128123,1.409562,0
2009-01-09,sh.600730,3.3400,3.5000,3.3400,3.4500,3.3500,2730354,9350240.0000,3,1.236073,1,2.985100,6.266304,0.595902,-19.699112,1.451639,0
2009-01-12,sh.600730,3.4600,3.5800,3.4200,3.5000,3.4500,4355889,15277495.0000,3,1.971977,1,1.449300,6.357120,0.604538,-19.984606,1.472677,0
2009-01-13,sh.600730,3.4800,3.4800,3.3700,3.4000,3.5000,2636053,8989262.0000,3,1.193381,1,-2.857100,6.175488,0.587265,-19.413617,1.430600,0
2009-01-14,sh.600730,3.4000,3.6000,3.4000,3.5900,3.4000,4687240,16502751.0000,3,2.121984,1,5.588200,6.520589,0.620083,-20.498496,1.510546,0
2009-01-15,sh.600730,3.5400,3.6900,3.4900,3.6300,3.5900,5844167,21086216.0000,3,2.645743,1,1.114200,6.593242,0.626992,-20.726892,1.527376,0
2009-01-16,sh.600730,3.6100,3.7400,3.6000,3.6400,3.6300,5310178,19540562.0000,3,2.403998,1,0.275500,6.611405,0.628719,-20.783990,1.531584,0
2009-01-19,sh.600730,3.6800,3.6900,3.5400,3.6600,3.6400,3686880,13348618.0000,3,1.669106,1,0.549500,6.647731,0.632174,-20.898188,1.539999,0
2009-01-20,sh.600730,3.6300,3.6900,3.6000,3.6600,3.6600,1837325,6695829.0000,3,0.831785,1,0.000000,6.647731,0.632174,-20.898188,1.539999,0
2009-01-21,sh.600730,3.6200,3.6900,3.5900,3.6600,3.6600,2847965,10406302.0000,3,1.289317,1,0.000000,6.647731,0.632174,-20.898188,1.539999,0
2009-01-22,sh.600730,3.6900,3.7900,3.6500,3.7300,3.6600,3956975,14694407.0000,3,1.791382,1,1.912600,6.774874,0.644265,-21.297880,1.569453,0
2009-01-23,sh.600730,3.7700,3.7800,3.6900,3.7200,3.7300,3226137,12060896.0000,3,1.460521,1,-0.268096,6.756710,0.642537,-21.240781,1.565245,0
2009-02-02,sh.600730,3.8100,3.8800,3.7000,3.8700,3.7200,4692670,17890162.0000,3,2.124443,1,4.032300,7.029158,0.668446,-22.097265,1.628360,0
2009-02-03,sh.600730,3.9300,4.0100,3.8500,4.0000,3.8700,7438909,29213611.0000,3,3.367707,1,3.359200,7.265280,0.690900,-22.839550,1.683059,0
2009-02-04,sh.600730,4.0300,4.0700,3.9100,4.0600,4.0000,7672909,30704270.0000,3,3.473642,1,1.500000,7.374259,0.701264,-23.182143,1.708305,0
2009-02-05,sh.600730,4.0000,4.1000,3.9100,3.9400,4.0600,7478624,29856734.0000,3,3.385686,1,-2.955700,7.156301,0.680537,-22.496957,1.657813,0
2009-02-06,sh.600730,4.0000,4.2600,3.9600,4.2200,3.9400,9538262,39434145.0000,3,4.318115,1,7.106600,7.664870,0.728900,-24.095725,1.775627,0
2009-02-09,sh.600730,4.2900,4.4200,4.1700,4.3500,4.2200,10704305,45897613.0000,3,4.846001,1,3.080600,7.900992,0.751354,-24.838011,1.830327,0
2009-02-10,sh.600730,4.3500,4.6200,4.2600,4.5900,4.3500,9325505,41650432.0000,3,4.221797,1,5.517200,8.336909,0.792808,-26.208384,1.931310,0
2009-02-11,sh.600730,4.4400,4.6800,4.4000,4.5100,4.5900,9377167,42579377.0000,3,4.245185,1,-1.742900,8.191603,0.778990,-25.751593,1.897649,0
2009-02-12,sh.600730,4.5100,4.8000,4.3600,4.7600,4.5100,8901693,40779906.0000,3,4.029931,1,5.543200,8.645683,0.822172,-27.179064,2.002840,0
2009-02-13,sh.600730,4.8000,5.1300,4.6500,5.1000,4.7600,10260366,50113056.0000,3,4.645023,1,7.142900,9.263232,0.880898,-29.120426,2.145900,0
2009-02-16,sh.600730,5.1500,5.1900,4.8800,5.0900,5.1000,10703006,53787753.0000,3,4.845413,1,-0.196100,9.245069,0.879171,-29.063327,2.141693,0
2009-02-17,sh.600730,5.0600,5.0600,4.6600,4.7300,5.0900,8045519,39119789.0000,3,3.642328,1,-7.072700,8.591194,0.816990,-27.007768,1.990217,0
2009-02-18,sh.600730,4.6500,4.9500,4.5000,4.5800,4.7300,8816969,42017508.0000,3,3.991575,1,-3.171200,8.318746,0.791081,-26.151285,1.927103,0
2009-02-19,sh.600730,4.6500,4.7400,4.4400,4.5700,4.5800,6097243,27819400.0000,3,2.760314,1,-0.218300,8.300582,0.789354,-26.094186,1.922895,0
2009-02-20,sh.600730,4.5800,4.8200,4.4500,4.8100,4.5700,5641341,26251684.0000,3,2.553920,1,5.251600,8.736499,0.830808,-27.464559,2.023879,0
2009-02-23,sh.600730,4.7800,5.0800,4.7100,5.0400,4.8100,8435348,41734644.0000,3,3.818810,1,4.781700,9.154253,0.870535,-28.777833,2.120655,0
2009-02-24,sh.600730,4.9100,5.2200,4.8300,4.8500,5.0400,10472796,52354868.0000,3,4.741193,1,-3.769800,8.809152,0.837717,-27.692954,2.040709,0
2009-02-25,sh.600730,5.0000,5.1300,4.8000,5.1100,4.8500,12877977,64555354.0000,3,5.830055,1,5.360800,9.281395,0.882625,-29.177525,2.150108,0
2009-02-26,sh.600730,5.2500,5.3000,4.6000,4.6100,5.1100,17378921,87468338.0000,3,7.867700,1,-9.784700,8.373235,0.796263,-26.322581,1.939726,0
2009-02-27,sh.600730,4.4300,4.5000,4.1500,4.1500,4.6100,8709652,36928007.0000,3,3.942991,1,-9.978309,7.537728,0.716809,-23.696033,1.746174,0
2009-03-02,sh.600730,4.0500,4.2500,4.0000,4.2000,4.1500,4248317,17738866.0000,3,1.923277,1,1.204800,7.628544,0.725445,-23.981527,1.767212,0
2009-03-03,sh.600730,4.1000,4.2400,3.9800,4.1400,4.2000,3920917,16121826.0000,3,1.775058,1,-1.428600,7.519565,0.715082,-23.638934,1.741966,0
2009-03-04,sh.600730,4.1200,4.4400,4.1200,4.4000,4.1400,5749326,24789752.0000,3,2.602807,1,6.280199,7.991808,0.759990,-25.123505,1.851365,0
2009-03-05,sh.600730,4.5000,4.6000,4.3200,4.5400,4.4000,9383891,42344366.0000,3,4.248229,1,3.181800,8.246093,0.784172,-25.922889,1.910272,0
2009-03-06,sh.600730,4.4300,4.5100,4.3500,4.4600,4.5400,3119603,13895206.0000,3,1.412291,1,-1.762100,8.100787,0.770354,-25.466098,1.876611,0
2009-03-09,sh.600730,4.4600,4.5000,4.1400,4.1800,4.4600,4417499,19065983.0000,3,1.999869,1,-6.278000,7.592218,0.721991,-23.867330,1.758797,0
2009-03-10,sh.600730,4.1000,4.3000,4.0900,4.2900,4.1800,2412593,10199192.0000,3,1.092217,1,2.631600,7.792013,0.740991,-24.495417,1.805081,0
2009-03-11,sh.600730,4.3600,4.4300,4.3000,4.3100,4.2900,3257930,14181555.0000,3,1.474914,1,0.466200,7.828339,0.744445,-24.609615,1.813496,0
2009-03-12,sh.600730,4.3000,4.5000,4.2000,4.4000,4.3100,3875477,16789073.0000,3,1.754487,1,2.088200,7.991808,0.759990,-25.123505,1.851365,0
2009-03-16,sh.600730,4.3700,4.3900,4.2100,4.3800,4.4000,2626502,11297449.0000,3,1.189057,1,-0.454500,7.955482,0.756536,-25.009307,1.842950,0
2009-03-17,sh.600730,4.3800,4.5400,4.3500,4.5100,4.3800,4377735,19553920.0000,3,1.981867,1,2.968000,8.191603,0.778990,-25.751593,1.897649,0
2009-03-18,sh.600730,4.5300,4.6600,4.4900,4.5400,4.5100,6369824,29136580.0000,3,2.883716,1,0.665200,8.246093,0.784172,-25.922889,1.910272,0
2009-03-19,sh.600730,4.5600,4.6800,4.5100,4.6500,4.5400,5802496,26895132.0000,3,2.626878,1,2.422900,8.445888,0.803172,-26.550977,1.956556,0
2009-03-20,sh.600730,4.6300,4.6700,4.4700,4.5600,4.6500,6008851,27395471.0000,3,2.720298,1,-1.935500,90.037943,0.999860,-14.288025,1.889050,0
2009-03-23,sh.600730,4.5500,4.7100,4.5400,4.6500,4.5600,4689467,21772266.0000,3,2.122993,1,1.973700,91.815008,1.019594,-14.570026,1.926334,0
2009-03-24,sh.600730,4.6900,4.7800,4.6500,4.7500,4.6500,6407204,30319384.0000,3,2.900638,1,2.150500,93.789524,1.041521,-14.883360,1.967760,0
2009-03-25,sh.600730,4.7400,4.8100,4.6300,4.6300,4.7500,6102773,28827680.0000,3,2.762818,1,-2.526300,91.420104,1.015209,-14.507359,1.918048,0
2009-03-26,sh.600730,4.7400,4.9000,4.6800,4.8600,4.6300,8805091,42332655.0000,3,3.986198,1,4.967600,95.961492,1.065640,-15.228027,2.013329,0
2009-03-27,sh.600730,4.9200,4.9700,4.8100,4.9400,4.8600,9874242,48528478.0000,3,4.470219,1,1.646100,97.541105,1.083181,-15.478694,2.046471,0
2009-03-30,sh.600730,4.9500,5.1200,4.8900,5.0600,4.9400,9052251,45218571.0000,3,4.098091,1,2.429100,99.910524,1.109494,-15.854695,2.096182,0
2009-03-31,sh.600730,5.0000,5.4300,4.9200,5.3800,5.0600,17600669,91742926.0000,3,7.968089,1,6.324100,106.228976,1.179659,-16.857363,2.228747,0
2009-04-01,sh.600730,5.4000,5.5000,5.2100,5.2800,5.3800,15567755,82567057.0000,3,7.047758,1,-1.858700,104.254460,1.157732,-16.544029,2.187321,0
2009-04-02,sh.600730,5.2800,5.3500,5.1200,5.1400,5.2800,11961294,62805083.0000,3,5.415059,1,-2.651500,101.490137,1.127035,-16.105362,2.129324,0
2009-04-03,sh.600730,5.1700,5.1900,4.9500,5.0600,5.1400,8989560,45533144.0000,3,4.069710,1,-1.556400,99.910524,1.109494,-15.854695,2.096182,0
2009-04-07,sh.600730,5.0600,5.2500,5.0400,5.2200,5.0600,7142682,36704239.0000,3,3.233600,1,3.162100,103.069750,1.144576,-16.356029,2.162465,0
2009-04-08,sh.600730,5.1800,5.3400,4.9800,4.9900,5.2200,11193448,58192594.0000,3,5.067443,1,-4.406100,98.528363,1.094145,-15.635361,2.067184,0
2009-04-09,sh.600730,4.9000,5.0400,4.8700,5.0200,4.9900,7235655,35884300.0000,3,3.275690,1,0.601200,99.120718,1.100723,-15.729361,2.079612,0
2009-04-10,sh.600730,5.0500,5.3300,5.0400,5.2100,5.0200,9234142,48076199.0000,3,4.180436,1,3.784900,102.872299,1.142384,-16.324696,2.158322,0
2009-04-13,sh.600730,5.2800,5.3000,5.1500,5.1900,5.2100,7173015,37397445.0000,3,3.247332,1,-0.383900,102.477395,1.137998,-16.262029,2.150037,0
2009-04-14,sh.600730,5.1500,5.5400,5.1500,5.4600,5.1900,14698306,78655945.0000,3,6.654145,1,5.202300,107.808589,1.197201,-17.108030,2.261889,0
2009-04-15,sh.600730,5.3700,5.6600,5.2800,5.6300,5.4600,12569033,68231908.0000,3,5.690191,1,3.113600,111.165267,1.234476,-17.640698,2.332314,0
2009-04-16,sh.600730,5.6200,6.1900,5.5400,6.1900,5.6300,18025353,106149450.0000,3,8.160350,1,9.946700,122.222558,1.357266,-19.395368,2.564302,0
2009-04-17,sh.600730,6.6100,6.8100,6.6100,6.8100,6.1900,9259801,62526575.0000,3,4.192052,1,10.016200,134.464559,1.493212,-21.338038,2.821147,0
2009-04-20,sh.600730,7.4900,7.4900,7.1800,7.4900,6.8100,5935587,44330049.0000,3,2.687130,1,9.985300,147.891270,1.642314,-23.468708,3.102847,0
2009-04-21,sh.600730,8.1900,8.1900,6.8900,7.3200,7.4900,59370699,449846771.0000,3,26.878013,1,-2.269700,159.500584,1.831574,64.825883,3.024394,0
2009-04-22,sh.600730,7.0200,7.1600,6.5900,6.5900,7.3200,31968890,218378425.0000,3,14.472800,1,-9.972700,143.594105,1.648917,58.361007,2.722781,0
2009-04-23,sh.600730,6.3500,6.6900,6.2900,6.5000,6.5900,18235197,118294815.0000,3,8.255349,1,-1.365700,141.633033,1.626397,57.563967,2.685596,0
2009-04-27,sh.600730,6.3000,6.5200,6.2100,6.2500,6.5000,12641269,79946432.0000,3,5.722894,1,-3.846200,136.185608,1.563844,55.349968,2.582304,0
2009-04-28,sh.600730,6.2100,6.4500,6.0600,6.3700,6.2500,9176714,57499784.0000,3,4.154437,1,1.920000,138.800372,1.593869,56.412688,2.631884,0
2009-04-29,sh.600730,6.3000,6.4800,6.2400,6.4100,6.3700,11169958,71411060.0000,3,5.056809,1,0.627900,139.671960,1.603878,56.766927,2.648410,0
2009-04-30,sh.600730,6.4500,6.6400,6.2900,6.5600,6.4100,16224831,105328841.0000,3,7.345226,1,2.340100,142.940414,1.641410,58.095327,2.710386,0
2009-05-04,sh.600730,6.5600,7.0400,6.4600,6.8200,6.5600,18561310,126015118.0000,3,8.402986,1,3.963400,148.605736,1.706466,60.397885,2.817810,0
2009-05-05,sh.600730,6.8300,6.8300,6.6000,6.7000,6.8200,12682298,85096947.0000,3,5.741468,1,-1.759500,145.990972,1.676440,59.335166,2.768229,0
2009-05-06,sh.600730,6.7000,7.0700,6.6000,6.9100,6.7000,17617386,121080428.0000,3,7.975657,1,3.134300,150.566809,1.728986,61.194925,2.854995,0
2009-05-07,sh.600730,6.9200,6.9700,6.6000,6.7600,6.9100,12599424,85029067.0000,3,5.703950,1,-2.170800,147.298354,1.691453,59.866526,2.793019,0
2009-05-08,sh.600730,6.6800,6.7900,6.4900,6.6400,6.7600,9614621,63780846.0000,3,4.352684,1,-1.775100,144.683590,1.661428,58.803806,2.743439,0
2009-05-11,sh.600730,6.6400,6.6800,6.2500,6.2600,6.6400,9355505,60443969.0000,3,4.235379,1,-5.722900,136.403505,1.566346,55.438528,2.586435,0
2009-05-12,sh.600730,6.2000,6.4500,6.1500,6.4300,6.2600,4809463,30391439.0000,3,2.177317,1,2.715700,140.107754,1.608882,56.944047,2.656674,0
2009-05-13,sh.600730,6.4400,6.5700,6.3800,6.4900,6.4300,5469924,35505072.0000,3,2.476317,1,0.933100,141.415136,1.623895,57.475407,2.681464,0
2009-05-14,sh.600730,6.4500,6.7000,6.4100,6.6900,6.4900,8031913,52863552.0000,3,3.636168,1,3.081700,145.773075,1.673938,59.246606,2.764098,0
2009-05-15,sh.600730,6.7300,6.7900,6.5400,6.6600,6.6900,7171131,47763569.0000,3,3.246479,1,-0.448400,145.119384,1.666432,58.980926,2.751703,0
2009-05-18,sh.600730,6.6500,6.8600,6.4600,6.8100,6.6600,8954694,59727551.0000,3,4.053925,1,2.252300,148.387839,1.703964,60.309325,2.813678,0
2009-05-19,sh.600730,6.8800,7.0600,6.7300,7.0000,6.8100,20498029,141620477.0000,3,9.279768,1,2.790000,152.527881,1.751505,61.991964,2.892180,0
2009-05-20,sh.600730,7.0000,7.0900,6.8500,6.9600,7.0000,14321126,99742556.0000,3,6.457943,1,-0.571400,151.656293,1.741496,61.637725,2.875653,0
2009-05-21,sh.600730,6.8800,7.0500,6.7000,6.9700,6.9600,17719538,122385124.0000,3,7.990417,1,0.143700,151.874190,1.743998,61.726285,2.879785,0
2009-05-22,sh.600730,7.0000,7.1700,6.9600,7.0400,6.9700,20892341,147774462.0000,3,9.421155,1,1.004300,153.399469,1.761514,62.346204,2.908707,0
2009-05-25,sh.600730,6.8000,6.9100,6.6000,6.8400,7.0400,8353626,56364728.0000,3,3.766969,1,-2.840900,149.041530,1.711471,60.575005,2.826073,0
2009-05-26,sh.600730,6.8100,7.4000,6.7500,7.1200,6.8400,19191504,136397468.0000,3,8.654182,1,4.093600,155.142645,1.781531,63.054684,2.941760,0
2009-05-27,sh.600730,7.0600,7.1200,6.8800,6.9400,7.1200,8330460,57972901.0000,3,3.756523,1,-2.528100,151.220499,1.736492,61.460605,2.867390,0
2009-06-01,sh.600730,6.9300,6.9800,6.8300,6.9300,6.9400,6655175,45960973.0000,3,3.001073,1,-0.144100,151.002602,1.733990,61.372045,2.863258,0
2009-06-02,sh.600730,6.9500,6.9700,6.8400,6.8800,6.9300,6546480,45090559.0000,3,2.952058,1,-0.721500,149.913118,1.721479,60.929245,2.842600,0
2009-06-03,sh.600730,6.8800,6.9300,6.8300,6.9300,6.8800,6377840,43903266.0000,3,2.876012,1,0.726700,151.002602,1.733990,61.372045,2.863258,0
2009-06-04,sh.600730,6.9300,6.9300,6.6900,6.7700,6.9300,6957504,47175427.0000,3,3.137404,1,-2.308800,147.516251,1.693955,59.955086,2.797151,0
2009-06-05,sh.600730,6.7700,6.8400,6.6500,6.6700,6.7700,5989802,40246030.0000,3,2.701031,1,-1.477100,145.337281,1.668934,59.069486,2.755834,0
2009-06-08,sh.600730,6.6500,6.8000,6.6500,6.7600,6.6700,3931081,26494701.0000,3,1.772675,1,1.349300,147.298354,1.691453,59.866526,2.793019,0
2009-06-09,sh.600730,6.7700,6.8000,6.6200,6.7400,6.7600,3611618,24223384.0000,3,1.628617,1,-0.295900,146.862560,1.686449,59.689406,2.784756,0
2009-06-11,sh.600730,6.8000,7.0000,6.7800,6.8800,6.7400,9216742,63720632.0000,3,4.156181,1,2.077200,149.913118,1.721479,60.929245,2.842600,0
2009-06-12,sh.600730,6.9300,6.9500,6.5200,6.5700,6.8800,5802068,38999864.0000,3,2.616374,1,-4.505800,143.158311,1.643912,58.183887,2.714517,0
2009-06-15,sh.600730,6.5500,6.7000,6.5000,6.6800,6.5700,3595463,23692923.0000,3,1.621332,1,1.674300,145.555178,1.671436,59.158046,2.759966,0
2009-06-16,sh.600730,6.6400,6.6800,6.5600,6.6200,6.6800,2913258,19250649.0000,3,1.313699,1,-0.898200,144.247796,1.656423,58.626686,2.735176,0
2009-06-17,sh.600730,6.6000,6.7800,6.5800,6.7400,6.6200,4231416,28372378.0000,3,1.908107,1,1.812700,146.862560,1.686449,59.689406,2.784756,0
2009-06-18,sh.600730,6.7500,6.9200,6.7000,6.9100,6.7400,8351054,57031101.0000,3,3.765809,1,2.522300,150.566809,1.728986,61.194925,2.854995,0
2009-06-19,sh.600730,6.9200,7.0000,6.7700,6.9200,6.9100,9698896,66963690.0000,3,4.373603,1,0.144700,150.784706,1.731488,61.283485,2.859126,0
2009-06-22,sh.600730,6.9300,7.1000,6.8000,6.8300,6.9200,8600674,59953810.0000,3,3.878372,1,-1.300600,148.823633,1.708968,60.486445,2.821941,0
2009-06-23,sh.600730,6.7100,6.8500,6.6100,6.8000,6.8300,4810118,32499757.0000,3,2.169066,1,-0.439200,148.169942,1.701462,60.220765,2.809546,0
2009-06-24,sh.600730,6.8000,6.8700,6.7200,6.8400,6.8000,4689047,31878721.0000,3,2.114470,1,0.588200,149.041530,1.711471,60.575005,2.826073,0
2009-06-25,sh.600730,6.7800,7.0300,6.7800,6.9800,6.8400,10508441,73192139.0000,3,4.738658,1,2.046800,152.092087,1.746501,61.814845,2.883917,0
2009-06-26,sh.600730,6.9900,7.0400,6.8500,6.9900,6.9800,5992787,41520489.0000,3,2.702377,1,0.143300,152.309984,1.749003,61.903405,2.888048,0
2009-06-29,sh.600730,7.0000,7.2400,7.0000,7.0500,6.9900,13791550,98395100.0000,3,6.219137,1,0.858400,153.617366,1.764016,62.434764,2.912838,0
2009-06-30,sh.600730,7.0700,7.1300,6.9000,7.0200,7.0500,8272228,58035100.0000,3,3.730264,1,-0.425500,152.963675,1.756509,62.169084,2.900443,0
2009-07-01,sh.600730,7.0100,7.0900,6.9300,6.9700,7.0200,6621044,46393997.0000,3,2.985682,1,-0.712300,151.874190,1.743998,61.726285,2.879785,0
2009-07-02,sh.600730,6.9700,7.0300,6.8400,6.9300,6.9700,7693561,53120185.0000,3,3.469321,1,-0.573900,151.002602,1.733990,61.372045,2.863258,0
2009-07-03,sh.600730,6.9300,7.0900,6.8600,7.0700,6.9300,9758373,68336488.0000,3,4.400423,1,2.020200,154.053160,1.769020,62.611884,2.921102,0
2009-07-06,sh.600730,7.0400,7.2900,7.0000,7.2500,7.0700,14898648,106691588.0000,3,6.718370,1,2.546000,157.975306,1.814059,64.205963,2.995472,0
2009-07-07,sh.600730,7.2600,7.2900,7.0600,7.1600,7.2500,10456415,74912277.0000,3,4.715197,1,-1.241381,156.014233,1.791539,63.408924,2.958287,0
2009-07-08,sh.600730,7.1000,7.2300,7.0200,7.1500,7.1600,7282885,51909762.0000,3,3.284131,1,-0.139700,155.796336,1.789037,63.320364,2.954155,0
2009-07-09,sh.600730,7.1600,7.4500,7.1100,7.4000,7.1500,14685655,106993505.0000,3,6.622323,1,3.496500,161.243760,1.851591,65.534362,3.057447,0
2009-07-10,sh.600730,7.5900,8.1400,7.5900,7.9300,7.4000,44306888,355061675.0000,3,19.979669,1,7.162200,172.792300,1.984205,70.228040,3.276427,0
2009-07-13,sh.600730,7.6000,7.9500,7.5000,7.6900,7.9300,21810819,167996410.0000,3,9.835332,1,-3.026500,167.562772,1.924153,68.102601,3.177266,0
2009-07-14,sh.600730,7.7000,7.7900,7.6200,7.7300,7.6900,11289395,86833630.0000,3,5.090820,1,0.520200,168.434360,1.934162,68.456841,3.193793,0
2009-07-15,sh.600730,7.7400,7.9500,7.7000,7.8200,7.7300,12076371,94450155.0000,3,5.445697,1,1.164300,170.395433,1.956681,69.253880,3.230978,0
2009-07-16,sh.600730,7.8200,7.8200,7.5800,7.6000,7.8200,11684816,89587501.0000,3,5.269130,1,-2.813300,165.601700,1.901634,67.305561,3.140081,0
2009-07-17,sh.600730,7.5500,7.7000,7.5100,7.6000,7.6000,7818915,59511624.0000,3,3.525847,1,0.000000,165.601700,1.901634,67.305561,3.140081,0
2009-07-20,sh.600730,7.6300,7.8500,7.6300,7.7500,7.6000,9324271,72345155.0000,3,4.204670,1,1.973700,168.870154,1.939166,68.633961,3.202056,0
2009-07-21,sh.600730,7.8400,7.8400,7.3300,7.3900,7.7500,9995918,76098736.0000,3,4.507541,1,-4.645200,161.025863,1.849089,65.445803,3.053316,0
2009-07-22,sh.600730,7.4000,7.5200,7.3800,7.4700,7.3900,7796482,57992923.0000,3,3.515732,1,1.082500,162.769039,1.869106,66.154282,3.086369,0
2009-07-23,sh.600730,7.4600,7.5200,7.3900,7.5100,7.4700,5632482,42028436.0000,3,2.539901,1,0.535500,163.640627,1.879115,66.508522,3.102896,0
2009-07-24,sh.600730,7.5300,7.5600,7.2700,7.3900,7.5100,7087061,52693400.0000,3,3.195827,1,-1.597900,161.025863,1.849089,65.445803,3.053316,0
2009-07-27,sh.600730,7.4300,7.5500,7.3800,7.5300,7.3900,6472383,48495614.0000,3,2.918645,1,1.894500,164.076421,1.884119,66.685642,3.111159,0
2009-07-28,sh.600730,7.5300,7.7300,7.4600,7.7200,7.5300,10582688,80943561.0000,3,4.772138,1,2.523200,168.216463,1.931660,68.368281,3.189661,0
2009-07-29,sh.600730,7.7200,7.7300,6.9500,7.0500,7.7200,10838419,79736503.0000,3,4.887457,1,-8.678800,153.617366,1.764016,62.434764,2.912838,0
2009-07-30,sh.600730,7.0000,7.1900,6.8200,7.0700,7.0500,7221234,50632808.0000,3,3.256330,1,0.283700,154.053160,1.769020,62.611884,2.921102,0
2009-07-31,sh.600730,7.2000,7.3000,7.1100,7.2600,7.0700,5865895,42341059.0000,3,2.645156,1,2.687400,158.193203,1.816561,64.294523,2.999604,0
2009-08-03,sh.600730,7.2900,7.4000,7.2300,7.3900,7.2600,5953090,43579283.0000,3,2.684476,1,1.790600,161.025863,1.849089,65.445803,3.053316,0
2009-08-04,sh.600730,7.3900,7.4500,7.1800,7.3900,7.3900,6702816,48901131.0000,3,3.022556,1,0.000000,161.025863,1.849089,65.445803,3.053316,0
2009-08-05,sh.600730,7.4000,7.5800,7.3000,7.5500,7.3900,9503105,70914733.0000,3,4.285313,1,2.165100,164.512215,1.889123,66.862762,3.119423,0
2009-08-06,sh.600730,7.5600,7.7200,7.3100,7.5500,7.5500,10457270,78806307.0000,3,4.715583,1,0.000000,164.512215,1.889123,66.862762,3.119423,0
2009-08-07,sh.600730,7.5700,7.7200,7.4800,7.5200,7.5500,11612240,88422951.0000,3,5.236403,1,-0.397400,163.858524,1.881617,66.597082,3.107028,0
2009-08-10,sh.600730,7.6100,8.1500,7.6100,7.9600,7.5200,25129253,198653592.0000,3,11.331740,1,5.851100,173.445991,1.991711,70.493720,3.288822,0
2009-08-11,sh.600730,7.9200,7.9300,7.5500,7.7000,7.9600,11881042,91621685.0000,3,5.357616,1,-3.266300,118.372235,2.161901,-85.974246,3.143065,0
2009-08-12,sh.600730,7.7000,7.7000,7.1000,7.1200,7.7000,9039968,66255088.0000,3,4.076467,1,-7.532500,109.455885,1.999057,-79.498264,2.906315,0
2009-08-13,sh.600730,7.1200,7.2400,6.9100,7.0100,7.1200,6306427,44396271.0000,3,2.843809,1,-1.544900,107.764853,1.968172,-78.270060,2.861414,0
2009-08-14,sh.600730,7.0500,7.1000,6.4500,6.4600,7.0100,7174154,48134081.0000,3,3.235100,1,-7.845900,99.309693,1.813751,-72.129043,2.636909,0
2009-08-17,sh.600730,6.3500,6.4500,5.8100,5.8200,6.4600,6554539,40338280.0000,3,2.955692,1,-9.907100,89.470962,1.634060,-64.983131,2.375667,0
2009-08-18,sh.600730,5.8200,6.0500,5.8200,6.0300,5.8200,4260690,25404849.0000,3,1.921308,1,3.608200,92.699296,1.693021,-67.327884,2.461387,0
2009-08-19,sh.600730,6.0300,6.0500,5.5200,5.6200,6.0300,4042682,23421996.0000,3,1.823000,1,-6.799300,86.396358,1.577907,-62.750034,2.294029,0
2009-08-20,sh.600730,5.6600,5.8700,5.6100,5.8500,5.6200,3509865,20183872.0000,3,1.582732,1,4.092500,89.932152,1.642483,-65.318096,2.387913,0
2009-08-21,sh.600730,5.8400,6.0500,5.7600,6.0500,5.8500,4872194,29000478.0000,3,2.197058,1,3.418800,93.006756,1.698637,-67.551193,2.469551,0
2009-08-24,sh.600730,6.0600,6.1500,5.9500,6.1200,6.0500,4929774,29927835.0000,3,2.223023,1,1.157000,94.082867,1.718290,-68.332777,2.498125,0
2009-08-25,sh.600730,6.1100,6.5400,5.9100,6.4900,6.1200,9326246,57128849.0000,3,4.205561,1,6.045800,99.770884,1.822174,-72.464007,2.649155,0
2009-08-26,sh.600730,6.3900,6.6900,6.2100,6.4800,6.4900,9123975,59018141.0000,3,4.114349,1,-0.154100,99.617153,1.819366,-72.352352,2.645073,0
2009-08-27,sh.600730,6.4200,6.6200,6.3300,6.5000,6.4800,6280234,40706967.0000,3,2.831997,1,0.308600,99.924614,1.824982,-72.575662,2.653237,0
2009-08-28,sh.600730,6.4600,6.4900,6.1500,6.2000,6.5000,5201780,32604243.0000,3,2.345681,1,-4.615400,95.312709,1.740752,-69.226016,2.530780,0
2009-08-31,sh.600730,6.0900,6.0900,5.6500,5.6900,6.2000,4393547,25840826.0000,3,1.981218,1,-8.225800,87.472470,1.597561,-63.531618,2.322603,0
2009-09-01,sh.600730,5.7400,5.8800,5.6100,5.7500,5.6900,3051423,17618639.0000,3,1.376003,1,1.054500,88.394851,1.614407,-64.201547,2.347094,0
2009-09-02,sh.600730,5.6500,5.8200,5.6200,5.7900,5.7500,1853573,10655387.0000,3,0.835847,1,0.695700,89.009771,1.625637,-64.648167,2.363422,0
2009-09-03,sh.600730,5.8000,6.0800,5.7600,6.0300,5.7900,3911665,23289541.0000,3,1.763919,1,4.145100,92.699296,1.693021,-67.327884,2.461387,0
2009-09-04,sh.600730,6.0200,6.2100,5.9700,6.1500,6.0300,4253736,25936005.0000,3,1.918172,1,1.990000,94.544058,1.726713,-68.667742,2.510370,0
2009-09-07,sh.600730,6.1800,6.4300,6.1200,6.3700,6.1500,6475749,40532680.0000,3,2.920163,1,3.577200,97.926122,1.788482,-71.124149,2.600172,0
2009-09-08,sh.600730,6.6100,6.8600,6.4200,6.5200,6.3700,16985923,112462659.0000,3,7.659602,1,2.354800,100.232074,1.830597,-72.798972,2.661401,0
2009-09-09,sh.600730,6.3800,6.4800,6.3200,6.4300,6.5200,7433701,47501839.0000,3,3.352140,1,-1.380400,98.848503,1.805328,-71.794078,2.624664,0
2009-09-10,sh.600730,6.3800,6.4600,6.3100,6.3600,6.4300,4816128,30772090.0000,3,2.171776,1,-1.088600,97.772391,1.785674,-71.012494,2.596090,0
2009-09-11,sh.600730,6.3500,6.5600,6.3100,6.4900,6.3600,6493156,42201752.0000,3,2.928012,1,2.044000,99.770884,1.822174,-72.464007,2.649155,0
2009-09-14,sh.600730,6.5400,6.7200,6.4800,6.6500,6.4900,7847223,51732245.0000,3,3.538613,1,2.465300,102.230566,1.867097,-74.250485,2.714465,0
2009-09-15,sh.600730,6.6400,6.7500,6.5000,6.7300,6.6500,8336732,55342458.0000,3,3.759351,1,1.203000,103.460408,1.889558,-75.143724,2.747121,0
2009-09-16,sh.600730,7.0500,7.3500,6.9700,7.0300,6.7300,23089197,164531162.0000,3,10.411801,1,4.457700,108.072313,1.973788,-78.493370,2.869578,0
2009-09-17,sh.600730,6.9300,7.3500,6.8800,7.1400,7.0300,16463204,118230271.0000,3,7.423888,1,1.564700,109.763345,2.004672,-79.721574,2.914479,0
2009-09-18,sh.600730,7.1500,7.4200,6.8000,6.9300,7.1400,13648212,97929519.0000,3,6.154500,1,-2.941200,106.535011,1.945711,-77.376821,2.828759,0
2009-09-21,sh.600730,6.8100,6.9200,6.5200,6.9000,6.9300,7186691,48300493.0000,3,3.240754,1,-0.432900,106.073821,1.937288,-77.041857,2.816513,0
2009-09-22,sh.600730,6.9000,6.9500,6.5800,6.5900,6.9000,5155667,34860905.0000,3,2.324887,1,-4.492800,101.308185,1.850251,-73.580556,2.689974,0
2009-09-23,sh.600730,6.6600,6.7100,6.3300,6.3900,6.5900,4859136,31675858.0000,3,2.191170,1,-3.034900,98.233582,1.794097,-71.347459,2.608336,0
2009-09-24,sh.600730,6.3300,6.4800,6.1400,6.3500,6.3900,3787468,23981038.0000,3,1.707914,1,-0.626000,97.618661,1.782867,-70.900839,2.592008,0
2009-09-25,sh.600730,6.4300,6.4700,6.3200,6.3800,6.3500,2695908,17264018.0000,3,1.215688,1,0.472400,98.079852,1.791290,-71.235804,2.604254,0
2009-09-28,sh.600730,6.4000,6.4600,6.0500,6.0900,6.3800,2578675,16131622.0000,3,1.162823,1,-4.545500,93.621677,1.709867,-67.997813,2.485879,0
2009-09-29,sh.600730,6.0400,6.1200,5.8300,5.9200,6.0900,2970211,17715117.0000,3,1.339382,1,-2.791500,91.008264,1.662137,-66.099680,2.416487,0
2009-09-30,sh.600730,5.9800,6.1300,5.9400,5.9400,5.9200,2638279,15910129.0000,3,1.189701,1,0.337800,91.315724,1.667752,-66.322990,2.424650,0
2009-10-09,sh.600730,6.0600,6.2600,6.0500,6.2500,5.9400,3563650,22027227.0000,3,1.606986,1,5.218900,96.081359,1.754790,-69.784291,2.551189,0
2009-10-12,sh.600730,6.2500,6.4000,6.2100,6.3300,6.2500,3265866,20588550.0000,3,1.472704,1,1.280000,97.311201,1.777251,-70.677529,2.583845,0
2009-10-13,sh.600730,6.3400,6.4600,6.3100,6.4500,6.3300,2271210,14480195.0000,3,1.024175,1,1.895700,99.155963,1.810943,-72.017388,2.632827,0
2009-10-14,sh.600730,6.7500,7.1000,6.7500,7.1000,6.4500,7607150,53547533.0000,3,3.430355,1,10.077500,109.148424,1.993441,-79.274954,2.898151,0
2009-10-15,sh.600730,7.4000,7.5800,6.9600,6.9800,7.1000,24425599,176805778.0000,3,11.014436,1,-1.690100,107.303662,1.959749,-77.935096,2.849168,0
2009-10-16,sh.600730,6.9000,6.9600,6.7500,6.9000,6.9800,10514834,71837418.0000,3,4.741540,1,-1.146100,106.073821,1.937288,-77.041857,2.816513,0
2009-10-19,sh.600730,6.9000,7.0700,6.8500,7.0500,6.9000,7929625,55469662.0000,3,3.575771,1,2.173900,108.379773,1.979403,-78.716680,2.877742,0
2009-10-20,sh.600730,7.0500,7.1800,7.0000,7.1500,7.0500,8150235,57661192.0000,3,3.675252,1,1.418400,109.917075,2.007480,-79.833228,2.918561,0
2009-10-21,sh.600730,7.1000,7.1100,6.9500,6.9600,7.1500,7400711,51874114.0000,3,3.337263,1,-2.657300,106.996202,1.954134,-77.711786,2.841004,0
2009-10-22,sh.600730,6.9000,7.0900,6.8900,7.0200,6.9600,5172245,36222739.0000,3,2.332363,1,0.862100,107.918583,1.970980,-78.381715,2.865496,0
2009-10-23,sh.600730,7.0500,7.1400,6.9900,7.0500,7.0200,6232397,44098130.0000,3,2.810426,1,0.427400,108.379773,1.979403,-78.716680,2.877742,0
2009-10-26,sh.600730,7.0700,7.1700,7.0100,7.1700,7.0500,7292876,51741452.0000,3,3.288636,1,1.702100,110.224536,2.013095,-80.056538,2.926724,0
2009-10-27,sh.600730,7.1300,7.1300,6.8200,6.8500,7.1700,5719920,39894314.0000,3,2.579330,1,-4.463000,77.086717,2.019697,123.336286,2.776624,0
2009-10-28,sh.600730,6.8000,6.9700,6.7500,6.9500,6.8500,3938107,27043139.0000,3,1.775843,1,1.459853,78.212071,2.049181,125.136816,2.817159,0
2009-10-29,sh.600730,6.8100,6.9000,6.6700,6.7000,6.9500,3584986,24319931.0000,3,1.616607,1,-3.597100,75.398687,1.975470,120.635492,2.715822,0
2009-10-30,sh.600730,6.7800,6.9200,6.7100,6.7400,6.7000,4447243,30355041.0000,3,2.005432,1,0.597000,75.848828,1.987263,121.355703,2.732036,0
2009-11-02,sh.600730,6.6400,6.9300,6.5000,6.9300,6.7400,5999968,40844286.0000,3,2.705615,1,2.819000,77.987000,2.043284,124.776710,2.809052,0
2009-11-03,sh.600730,6.9300,7.2300,6.9300,7.1500,6.9300,10100142,71972745.0000,3,4.554540,1,3.174600,80.462778,2.108150,128.737875,2.898228,0
2009-11-04,sh.600730,7.1000,7.2000,7.0800,7.1700,7.1500,8424563,60203515.0000,3,3.798957,1,0.279700,80.687849,2.114047,129.097981,2.906335,0
2009-11-05,sh.600730,7.1600,7.3200,7.1600,7.2300,7.1700,8761197,63371085.0000,3,3.950758,1,0.836800,81.363061,2.131738,130.178299,2.930656,0
2009-11-06,sh.600730,7.2400,7.3300,7.1700,7.1900,7.2300,7887513,57109168.0000,3,3.556781,1,-0.553300,80.912919,2.119944,129.458087,2.914442,0
2009-11-09,sh.600730,7.1800,7.2600,7.1000,7.2200,7.1900,6175825,44380195.0000,3,2.784915,1,0.417200,81.250525,2.128790,129.998246,2.926603,0
2009-11-10,sh.600730,7.2800,7.3200,7.1900,7.2400,7.2200,8790795,63896123.0000,3,3.964105,1,0.277000,81.475596,2.134687,130.358352,2.934710,0
2009-11-11,sh.600730,7.2000,7.3800,7.2000,7.3500,7.2400,8225136,60122094.0000,3,3.709028,1,1.519300,82.713485,2.167120,132.338935,2.979298,0
2009-11-12,sh.600730,7.3500,7.4000,7.2800,7.3100,7.3500,10059521,73818234.0000,3,4.536222,1,-0.544200,82.263344,2.155326,131.618723,2.963084,0
2009-11-13,sh.600730,7.3100,7.5400,7.2500,7.5300,7.3100,12923884,95861985.0000,3,5.827873,1,3.009600,84.739121,2.220192,135.579888,3.052260,0
2009-11-16,sh.600730,7.5600,7.6500,7.5200,7.6200,7.5300,13238518,100339026.0000,3,5.969754,1,1.195200,85.751940,2.246728,137.200365,3.088741,0
2009-11-17,sh.600730,7.6500,7.6900,7.5300,7.6000,7.6200,7559356,57359086.0000,3,3.408802,1,-0.262500,85.526869,2.240831,136.840259,3.080634,0
2009-11-18,sh.600730,7.6200,7.6900,7.5100,7.6200,7.6000,8404547,63951776.0000,3,3.789931,1,0.263200,85.751940,2.246728,137.200365,3.088741,0
2009-11-19,sh.600730,7.6200,7.8900,7.5900,7.8800,7.6200,13274160,102675408.0000,3,5.985826,1,3.412100,88.677859,2.323388,141.881742,3.194131,0
2009-11-20,sh.600730,7.8100,7.9700,7.7200,7.8200,7.8800,10714329,84097574.0000,3,4.831500,1,-0.761400,88.002647,2.305697,140.801424,3.169811,0
2009-11-23,sh.600730,7.8500,8.1400,7.8500,8.0500,7.8200,16874808,135774780.0000,3,7.609496,1,2.941200,90.590960,2.373512,144.942643,3.263040,0
2009-11-24,sh.600730,8.0600,8.0600,7.3600,7.4200,8.0500,18910667,147150584.0000,3,8.527542,1,-7.826100,83.501233,2.187759,133.599306,3.007672,0
2009-11-25,sh.600730,7.3800,7.7300,7.3600,7.6700,7.4200,10688466,80618442.0000,3,4.819838,1,3.369300,86.314616,2.261470,138.100630,3.109009,0
2009-11-27,sh.600730,7.2300,7.4000,6.9800,7.0800,7.6700,11665090,83436931.0000,3,5.260235,1,-7.692300,79.675030,2.087511,127.477505,2.869854,0
2009-11-30,sh.600730,7.0800,7.3600,7.0800,7.3500,7.0800,6700210,48539586.0000,3,3.021381,1,3.813600,82.713485,2.167120,132.338935,2.979298,0
2009-12-01,sh.600730,7.3300,7.5700,7.2800,7.5600,7.3500,7129597,53129924.0000,3,3.215008,1,2.857100,85.076727,2.229037,136.120047,3.064421,0
2009-12-02,sh.600730,7.6100,7.8800,7.5800,7.7100,7.5600,10796648,83484554.0000,3,4.868621,1,1.984100,86.764758,2.273264,138.820842,3.125223,0
2009-12-03,sh.600730,7.6000,7.8300,7.6000,7.8300,7.7100,10032080,77794144.0000,3,4.523848,1,1.556400,88.115182,2.308646,140.981477,3.173864,0
2009-12-04,sh.600730,7.9600,8.1000,7.4100,7.5700,7.8300,15844920,123150128.0000,3,7.145080,1,-3.320600,85.189263,2.231986,136.300100,3.068474,0
2009-12-07,sh.600730,7.6000,8.0500,7.5500,7.9900,7.5700,17805845,140237896.0000,3,8.029336,1,5.548200,89.915748,2.355821,143.862325,3.238720,0
2009-12-08,sh.600730,7.8700,7.9500,7.6600,7.8100,7.9900,10404126,81137183.0000,3,4.691618,1,-2.252800,87.890111,2.302749,140.621372,3.165757,0
2009-12-09,sh.600730,7.7600,8.1000,7.6900,7.9900,7.8100,16009079,127171850.0000,3,7.219105,1,2.304700,89.915748,2.355821,143.862325,3.238720,0
2009-12-10,sh.600730,7.9500,8.3400,7.8500,7.9400,7.9900,18396242,148835525.0000,3,8.295568,1,-0.625800,89.353071,2.341079,142.962060,3.218452,0
2009-12-11,sh.600730,7.9000,7.9400,7.7100,7.8500,7.9400,9948639,77712517.0000,3,4.486221,1,-1.133500,88.340253,2.314543,141.341583,3.181971,0
2009-12-14,sh.600730,7.8000,7.8200,7.4000,7.6400,7.8500,8213504,62065234.0000,3,3.703783,1,-2.675200,85.977010,2.252625,137.560471,3.096848,0
2009-12-15,sh.600730,7.6400,7.7500,7.5300,7.6200,7.6400,4353686,33293641.0000,3,1.963243,1,-0.261800,85.751940,2.246728,137.200365,3.088741,0
2009-12-16,sh.600730,7.6300,7.7500,7.5600,7.6100,7.6200,4634615,35525612.0000,3,2.089925,1,-0.131200,85.639404,2.243780,137.020312,3.084688,0
2009-12-17,sh.600730,7.6100,7.6600,7.3100,7.3300,7.6100,5289020,39481426.0000,3,2.385021,1,-3.679400,82.488414,2.161223,131.978829,2.971191,0
2009-12-18,sh.600730,7.3000,7.3900,7.0700,7.1100,7.3300,5206291,37595012.0000,3,2.347716,1,-3.001400,80.012637,2.096357,128.017663,2.882015,0
2009-12-21,sh.600730,7.1800,7.2800,7.1200,7.2600,7.1100,3540242,25481188.0000,3,1.596430,1,2.109700,81.700667,2.140583,130.718458,2.942817,0
2009-12-22,sh.600730,7.2600,7.3000,6.9100,7.0200,7.2600,3771448,26860511.0000,3,1.700690,1,-3.305800,78.999818,2.069820,126.397187,2.845533,0
2009-12-23,sh.600730,7.0100,7.2100,7.0000,7.2000,7.0200,3789544,27009256.0000,3,1.708850,1,2.564100,81.025455,2.122893,129.638140,2.918496,0
2009-12-24,sh.600730,7.2000,7.3800,7.1900,7.3500,7.2000,4644822,33883829.0000,3,2.094528,1,2.083300,82.713485,2.167120,132.338935,2.979298,0
2009-12-25,sh.600730,7.3500,7.5000,7.2800,7.3700,7.3500,4361631,32261996.0000,3,1.966826,1,0.272100,82.938556,2.173017,132.699041,2.987405,0
2009-12-28,sh.600730,7.4600,7.5900,7.4000,7.5700,7.3700,4980271,37403659.0000,3,2.245794,1,2.713700,85.189263,2.231986,136.300100,3.068474,0
2009-12-29,sh.600730,7.5700,7.5900,7.3300,7.5300,7.5700,4617396,34578089.0000,3,2.082160,1,-0.528400,84.739121,2.220192,135.579888,3.052260,0
2009-12-30,sh.600730,7.5200,7.5700,7.3800,7.4700,7.5300,3887280,28995927.0000,3,1.752923,1,-0.796800,84.063909,2.202501,134.499570,3.027939,0
2009-12-31,sh.600730,7.5600,8.2200,7.5500,8.2200,7.4700,48235646,393380457.0000,3,21.751296,1,10.040200,92.504061,2.423636,148.003543,3.331949,0
2010-01-04,sh.600730,8.2000,8.3900,8.0600,8.3700,8.2200,38209371,314921219.0000,3,17.230065,1,1.824800,94.192091,2.467863,150.704338,3.392751,0
2010-01-05,sh.600730,8.3300,8.4900,8.2000,8.3300,8.3700,24104516,201407302.0000,3,10.869647,1,-0.477900,93.741950,2.456069,149.984126,3.376537,0
2010-01-06,sh.600730,8.3100,8.5000,8.1800,8.2000,8.3300,16714915,139180639.0000,3,7.537394,1,-1.560600,92.278990,2.417739,147.643437,3.323842,0
2010-01-07,sh.600730,8.1000,8.2300,7.8300,7.9500,8.2000,17237577,137870489.0000,3,7.773082,1,-3.048800,89.465606,2.344027,143.142113,3.222506,0
2010-01-08,sh.600730,7.8600,8.1800,7.8000,8.1700,7.9500,13177369,105967070.0000,3,5.942179,1,2.767300,91.941384,2.408894,147.103279,3.311682,0
2010-01-11,sh.600730,8.1100,8.5800,8.0100,8.4800,8.1700,23069503,193611403.0000,3,10.402920,1,3.794400,95.429980,2.500296,152.684921,3.437339,0
2010-01-12,sh.600730,8.4200,8.7700,8.3800,8.5300,8.4800,22384411,191845498.0000,3,10.093986,1,0.589600,95.992657,2.515038,153.585186,3.457607,0
2010-01-13,sh.600730,8.3200,8.6800,8.2700,8.4800,8.5300,14930565,127214840.0000,3,6.732762,1,-0.586200,95.429980,2.500296,152.684921,3.437339,0
2010-01-14,sh.600730,8.5300,8.8700,8.5300,8.6800,8.4800,19228113,167854827.0000,3,8.670691,1,2.358500,97.680687,2.559265,156.285980,3.518409,0
2010-01-15,sh.600730,8.6800,8.7800,8.5000,8.5700,8.6800,12454689,106949373.0000,3,5.616295,1,-1.267300,96.442798,2.526832,154.305397,3.473821,0
2010-01-18,sh.600730,8.5300,8.7200,8.4600,8.7100,8.5700,10593559,91173824.0000,3,4.777040,1,1.633600,98.018293,2.568110,156.826139,3.530569,0
2010-01-19,sh.600730,8.8800,9.1700,8.7000,8.7300,8.7100,17840746,158253824.0000,3,8.045074,1,0.229600,98.243364,2.574007,157.186245,3.538676,0
2010-01-20,sh.600730,8.6600,8.6900,8.1600,8.2100,8.7300,15431275,130658778.0000,3,6.958551,1,-5.956500,92.391525,2.420687,147.823490,3.327896,0
2010-01-21,sh.600730,8.1600,8.4900,8.1600,8.3900,8.2100,7925376,66335866.0000,3,3.573855,1,2.192400,94.417162,2.473760,151.064444,3.400858,0
2010-01-22,sh.600730,8.1600,8.4900,8.1000,8.3100,8.3900,7959358,65982049.0000,3,3.589179,1,-0.953500,93.516879,2.450172,149.624020,3.368431,0
2010-01-25,sh.600730,8.2600,8.5500,8.2100,8.3900,8.3100,8562154,72098751.0000,3,3.861002,1,0.962700,94.417162,2.473760,151.064444,3.400858,0
2010-01-26,sh.600730,8.3900,8.4700,7.7800,7.8600,8.3900,8701736,70033617.0000,3,3.923945,1,-6.317000,88.452788,2.317491,141.521636,3.186025,0
2010-01-27,sh.600730,7.9300,7.9700,7.6000,7.7300,7.8600,4729829,36862655.0000,3,2.132861,1,-1.653900,86.989828,2.279161,139.180948,3.133329,0
2010-01-28,sh.600730,7.7500,7.8800,7.6900,7.8400,7.7300,4002520,31217343.0000,3,1.804889,1,1.423000,88.227717,2.311594,141.161530,3.177918,0
2010-01-29,sh.600730,7.7900,8.0600,7.7200,7.8500,7.8400,4970616,39259377.0000,3,2.241441,1,0.127600,88.340253,2.314543,141.341583,3.181971,0
2010-02-01,sh.600730,7.9500,7.9500,7.3800,7.5800,7.8500,5863571,44602023.0000,3,2.644108,1,-3.439500,85.301798,2.234934,136.480153,3.072527,0
2010-02-02,sh.600730,7.5700,7.7400,7.5500,7.5900,7.5800,3662348,28012424.0000,3,1.651493,1,0.131900,85.414334,2.237883,136.660206,3.076581,0
2010-02-03,sh.600730,7.6000,7.8200,7.3500,7.7900,7.5900,5909642,45123217.0000,3,2.664883,1,2.635000,87.665041,2.296852,140.261266,3.157650,0
2010-02-04,sh.600730,7.7800,7.9800,7.6800,7.8900,7.7900,6362691,50182972.0000,3,2.869180,1,1.283700,88.790394,2.326337,142.061795,3.198185,0
2010-02-05,sh.600730,7.7200,7.8300,7.5500,7.6500,7.8900,6609244,50843193.0000,3,2.980361,1,-3.041800,86.089546,2.255573,137.740524,3.100902,0
2010-02-08,sh.600730,7.7800,8.0800,7.6600,7.8600,7.6500,6458916,50879383.0000,3,2.912572,1,2.745100,88.452788,2.317491,141.521636,3.186025,0
2010-02-09,sh.600730,7.7700,7.9200,7.7200,7.8800,7.8600,4508965,35247295.0000,3,2.033265,1,0.254500,88.677859,2.323388,141.881742,3.194131,0
2010-02-10,sh.600730,7.9600,7.9600,7.8200,7.9400,7.8800,3644887,28796490.0000,3,1.643619,1,0.761400,89.353071,2.341079,142.962060,3.218452,0
2010-02-11,sh.600730,7.9000,7.9600,7.8200,7.8400,7.9400,3172830,25050631.0000,3,1.430750,1,-1.259400,88.227717,2.311594,141.161530,3.177918,0
2010-02-12,sh.600730,7.9200,8.0100,7.8800,7.9400,7.8400,3875712,30849204.0000,3,1.747707,1,1.275500,89.353071,2.341079,142.962060,3.218452,0
2010-02-22,sh.600730,7.9300,8.2700,7.9100,8.0800,7.9400,7030174,56765659.0000,3,3.170174,1,1.763200,90.928566,2.382357,145.482802,3.275201,0
2010-02-23,sh.600730,8.0500,8.2000,7.9300,8.1900,8.0800,6812309,55030604.0000,3,3.071930,1,1.361400,92.166455,2.414790,147.463384,3.319789,0
2010-02-24,sh.600730,8.2000,8.3300,8.1300,8.3200,8.1900,7265531,60100231.0000,3,3.276306,1,1.587300,93.629414,2.453120,149.804073,3.372484,0
2010-02-25,sh.600730,8.3200,8.4300,8.2600,8.4000,8.3200,7730600,64415725.0000,3,3.486023,1,0.961500,94.529697,2.476708,151.244497,3.404912,0
2010-02-26,sh.600730,8.3700,8.4500,8.2900,8.3300,8.4000,5696467,47593749.0000,3,2.568755,1,-0.833300,93.741950,2.456069,149.984126,3.376537,0
2010-03-01,sh.600730,8.3400,8.5300,8.3100,8.4300,8.3300,7402824,62303648.0000,3,3.338216,1,1.200500,94.867303,2.485554,151.784656,3.417072,0
2010-03-02,sh.600730,8.5000,8.5400,8.3300,8.4700,8.4300,6024371,50598107.0000,3,2.716619,1,0.474500,95.317445,2.497347,152.504868,3.433286,0
2010-03-03,sh.600730,8.4200,8.6600,8.3500,8.6000,8.4700,10293930,87900843.0000,3,4.641926,1,1.534800,96.780404,2.535677,154.845556,3.485981,0
2010-03-04,sh.600730,8.5800,8.7100,8.1100,8.1900,8.6000,9500453,79802551.0000,3,4.284117,1,-4.767400,92.166455,2.414790,147.463384,3.319789,0
2010-03-05,sh.600730,8.1900,8.4800,8.1500,8.4700,8.1900,8837168,73700418.0000,3,3.985017,1,3.418800,95.317445,2.497347,152.504868,3.433286,0
2010-03-08,sh.600730,8.5000,8.8000,8.3000,8.7400,8.4700,16116704,139477079.0000,3,7.267638,1,3.187700,98.355899,2.576956,157.366298,3.542730,0
2010-03-09,sh.600730,8.6900,8.7600,8.5200,8.6400,8.7400,9297232,80289167.0000,3,4.192477,1,-1.144200,97.230546,2.547471,155.565768,3.502195,0
2010-03-10,sh.600730,8.6400,8.7300,8.2900,8.4400,8.6400,7749158,65657961.0000,3,3.494391,1,-2.314800,94.979839,2.488502,151.964709,3.421126,0
2010-03-11,sh.600730,8.4500,8.4800,8.2000,8.3000,8.4400,5044578,41970775.0000,3,2.274793,1,-1.658800,93.404344,2.447224,149.443967,3.364377,0
2010-03-12,sh.600730,8.3100,8.3800,8.0500,8.0800,8.3000,5802095,47553314.0000,3,2.616386,1,-2.650600,90.928566,2.382357,145.482802,3.275201,0
2010-03-15,sh.600730,8.0700,8.1700,8.0100,8.1000,8.0800,3818580,30830279.0000,3,1.721944,1,0.247500,91.153637,2.388254,145.842908,3.283308,0
2010-03-16,sh.600730,8.1400,8.2600,8.0100,8.2500,8.1000,4316188,35156254.0000,3,1.946334,1,1.851900,92.841667,2.432481,148.543702,3.344110,0
2010-03-17,sh.600730,8.2500,8.4800,8.2100,8.4500,8.2500,7168832,60046760.0000,3,3.232700,1,2.424200,95.092374,2.491450,152.144762,3.425179,0
2010-03-18,sh.600730,8.4500,8.7400,8.4400,8.5700,8.4500,12181687,104665823.0000,3,5.493188,1,1.420100,96.442798,2.526832,154.305397,3.473821,0
2010-03-19,sh.600730,8.5700,8.6600,8.4800,8.6200,8.5700,7314904,62771867.0000,3,3.298570,1,0.583400,97.005475,2.541574,155.205662,3.494088,0
2010-03-22,sh.600730,8.5800,8.8500,8.5100,8.7900,8.6200,11961977,103806687.0000,3,5.394112,1,1.972200,98.918576,2.591698,158.266563,3.562997,0
2010-03-24,sh.600730,8.7100,8.7600,8.5500,8.5600,8.7900,8683067,75043507.0000,3,3.915527,1,-2.616600,96.330263,2.523884,154.125344,3.469767,0
2010-03-25,sh.600730,8.5600,8.5900,8.2900,8.3600,8.5600,8507353,71429514.0000,3,3.836290,1,-2.336400,94.079556,2.464914,150.524285,3.388698,0
2010-03-26,sh.600730,8.3100,8.7400,8.3000,8.6900,8.3600,9893516,84908639.0000,3,4.461364,1,3.947400,97.793222,2.562214,156.466033,3.522462,0
2010-03-29,sh.600730,8.8000,9.0300,8.5600,8.9000,8.6900,16549202,145580405.0000,3,7.462667,1,2.416600,100.156465,2.624131,160.247146,3.607585,0
2010-03-30,sh.600730,8.8800,8.9600,8.7600,8.8600,8.9000,9931056,88056855.0000,3,4.478293,1,-0.449400,99.706323,2.612337,159.526934,3.591371,0
2010-03-31,sh.600730,8.8800,9.1000,8.8100,8.9600,8.8600,12805633,114698894.0000,3,5.774549,1,1.128700,100.831677,2.641822,161.327463,3.631906,0
2010-04-01,sh.600730,9.4500,9.8600,9.4500,9.8600,8.9600,32911219,323940962.0000,3,14.840926,1,10.044600,110.959859,2.907184,177.532231,3.996718,0
2010-04-02,sh.600730,9.7400,9.7400,9.4000,9.4300,9.8600,34734283,331171893.0000,3,15.663015,1,-4.361100,106.120839,2.780400,169.789953,3.822419,0
2010-04-06,sh.600730,9.3600,9.5500,9.2800,9.4000,9.4300,12659337,118782727.0000,3,5.708579,1,-0.318100,105.783233,2.771554,169.249794,3.810258,0
2010-04-07,sh.600730,9.4000,9.4000,9.1800,9.2500,9.4000,9921010,91824681.0000,3,4.473762,1,-1.595700,104.095202,2.727327,166.549000,3.749456,0
2010-04-08,sh.600730,9.2400,9.3800,9.2200,9.3700,9.2500,8937054,83127316.0000,3,4.030059,1,1.297300,105.445627,2.762709,168.709635,3.798098,0
2010-04-09,sh.600730,9.3700,9.4700,9.2500,9.3800,9.3700,9160959,85730382.0000,3,4.131026,1,0.106700,105.558162,2.765657,168.889688,3.802151,0
2010-04-12,sh.600730,9.4100,9.4700,9.3000,9.4200,9.3800,8932273,83781311.0000,3,4.027903,1,0.426400,106.008303,2.777451,169.609900,3.818365,0
2010-04-13,sh.600730,9.4200,9.4200,8.7800,9.0300,9.4200,16055175,145647208.0000,3,7.239892,1,-4.140100,101.619424,2.662461,162.587834,3.660280,0
2010-04-14,sh.600730,8.9700,9.0800,8.8800,9.0100,9.0300,6673324,59969132.0000,3,3.009257,1,-0.221500,101.394354,2.656564,162.227728,3.652173,0
2010-04-15,sh.600730,9.0100,9.1000,8.8900,8.9000,9.0100,6260137,56060677.0000,3,2.822935,1,-1.220900,100.156465,2.624131,160.247146,3.607585,0
2010-04-16,sh.600730,8.9000,9.1000,8.8300,8.9800,8.9000,6523020,58866490.0000,3,2.940492,1,0.898900,101.056748,2.647719,161.687569,3.640013,0
2010-04-19,sh.600730,8.9800,9.1300,8.5200,8.5400,8.9800,8153241,72271176.0000,3,3.675374,1,-4.899800,96.105192,2.517987,153.765239,3.461660,0
2010-04-20,sh.600730,8.5100,8.7800,8.4500,8.7800,8.5400,7180044,61956058.0000,3,3.236670,1,2.810300,98.806041,2.588750,158.086510,3.558943,0
2010-04-21,sh.600730,8.7800,9.1600,8.7100,9.1200,8.7800,10754484,96804937.0000,3,4.847980,1,3.872400,102.632243,2.688997,164.208311,3.696761,0
2010-04-22,sh.600730,9.2900,9.5400,9.2100,9.2300,9.1200,22253623,208277433.0000,3,10.031641,1,1.206100,103.870132,2.721430,166.188894,3.741349,0
2010-04-23,sh.600730,9.0200,9.4400,9.0200,9.1500,9.2300,10396049,95901053.0000,3,4.686402,1,-0.866700,102.969849,2.697843,164.748470,3.708922,0
2010-04-26,sh.600730,9.1600,9.2600,8.9000,9.0300,9.1500,8334757,75134687.0000,3,3.757199,1,-1.311500,95.489999,2.616080,10.008594,3.590622,0
2010-04-27,sh.600730,8.9600,9.0100,8.3000,8.5700,9.0300,9145123,78640673.0000,3,4.122501,1,-5.094100,90.625614,2.482814,9.498743,3.407711,0
2010-04-28,sh.600730,8.4500,8.6100,8.1500,8.3000,8.5700,5927181,49765103.0000,3,2.671895,1,-3.150500,87.770431,2.404592,9.199483,3.300350,0
2010-04-29,sh.600730,8.3000,8.4700,8.0500,8.0800,8.3000,4757816,39662597.0000,3,2.144761,1,-2.650600,85.443986,2.340856,8.955641,3.212871,0
2010-04-30,sh.600730,8.1000,8.1500,7.5100,7.7200,8.0800,5833688,45114366.0000,3,2.629750,1,-4.455400,81.637076,2.236560,8.556627,3.069723,0
2010-05-04,sh.600730,7.6600,7.8900,7.5600,7.7800,7.7200,3527491,27393357.0000,3,1.590147,1,0.777200,82.271561,2.253943,8.623130,3.093581,0
2010-05-05,sh.600730,7.6600,8.0900,7.6600,8.0900,7.7800,4578274,36111818.0000,3,2.063826,1,3.984600,85.549734,2.343753,8.966725,3.216847,0
2010-05-06,sh.600730,8.1000,8.1300,7.6300,7.6400,8.0900,5224963,41372640.0000,3,2.355345,1,-5.562400,80.791096,2.213384,8.467958,3.037913,0
2010-05-07,sh.600730,7.4500,7.6400,7.3800,7.4400,7.6400,4642991,34848149.0000,3,2.092999,1,-2.617800,78.676146,2.155442,8.246283,2.958386,0
2010-05-10,sh.600730,7.5000,7.5800,7.1500,7.4000,7.4400,3484724,25705581.0000,3,1.570868,1,-0.537600,78.253156,2.143853,8.201948,2.942481,0
2010-05-11,sh.600730,7.5600,7.6200,7.1200,7.1800,7.4000,3657832,27100357.0000,3,1.648903,1,-2.973000,75.926711,2.080117,7.958107,2.855002,0
2010-05-12,sh.600730,7.1300,7.2700,6.9600,7.0300,7.1800,3491286,24731585.0000,3,1.573826,1,-2.089100,74.340498,2.036661,7.791851,2.795357,0
2010-05-13,sh.600730,7.1400,7.2000,6.8700,7.1900,7.0300,4062556,28690955.0000,3,1.831347,1,2.276000,76.032458,2.083014,7.969190,2.858978,0
2010-05-14,sh.600730,7.1300,7.2700,7.1000,7.1700,7.1900,3780218,27150926.0000,3,1.704073,1,-0.278200,75.820963,2.077220,7.947023,2.851026,0
2010-05-18,sh.600730,6.6300,6.8400,6.4500,6.8200,7.1700,8073889,53249202.0000,3,3.639603,1,-4.881500,72.119800,1.975821,7.559093,2.711854,0
2010-05-19,sh.600730,6.7000,6.8000,6.5400,6.6600,6.8200,4646320,30960846.0000,3,2.094500,1,-2.346000,70.427840,1.929468,7.381754,2.648233,0
2010-05-20,sh.600730,6.5500,6.7400,6.4100,6.4200,6.6600,3400024,22405562.0000,3,1.532686,1,-3.603600,67.889900,1.859938,7.115744,2.552801,0
2010-05-21,sh.600730,6.2100,6.4900,6.1700,6.4700,6.4200,4147337,26248070.0000,3,1.869565,1,0.778800,68.418637,1.874423,7.171163,2.572683,0
2010-05-24,sh.600730,6.5000,6.8100,6.4800,6.7700,6.4700,5335320,35810906.0000,3,2.405092,1,4.636800,71.591063,1.961336,7.503674,2.691972,0
2010-05-25,sh.600730,6.7000,6.8700,6.6400,6.7800,6.7700,5074225,34295979.0000,3,2.287394,1,0.147700,71.696810,1.964233,7.514758,2.695949,0
2010-05-26,sh.600730,6.7600,6.8500,6.6800,6.8300,6.7800,3680663,24947070.0000,3,1.659195,1,0.737500,72.225548,1.978719,7.570177,2.715830,0
2010-05-27,sh.600730,6.8200,6.9700,6.6500,6.8900,6.8300,5127585,35065992.0000,3,2.311448,1,0.878500,72.860033,1.996101,7.636679,2.739688,0
2010-05-28,sh.600730,6.9600,7.0300,6.8500,6.9300,6.8900,5728191,39738646.0000,3,2.582193,1,0.580600,73.283023,2.007690,7.681014,2.755594,0
2010-05-31,sh.600730,6.8800,7.0500,6.7300,6.9900,6.9300,9180053,63687883.0000,3,4.138247,1,0.865800,73.917508,2.025072,7.747516,2.779452,0
2010-06-01,sh.600730,6.9100,7.0000,6.4700,6.6200,6.9900,8504719,57136380.0000,3,3.833816,1,-5.293300,70.004850,1.917880,7.337419,2.632328,0
2010-06-02,sh.600730,6.5000,6.6700,6.3900,6.6700,6.6200,4639859,30284418.0000,3,2.091588,1,0.755300,70.533588,1.932365,7.392837,2.652209,0
2010-06-03,sh.600730,6.6700,6.8000,6.5700,6.5800,6.6700,4946725,33221054.0000,3,2.229919,1,-1.349300,69.581860,1.906291,7.293084,2.616422,0
2010-06-04,sh.600730,6.5200,6.7200,6.5000,6.6600,6.5800,2813124,18619962.0000,3,1.268119,1,1.215800,70.427840,1.929468,7.381754,2.648233,0
2010-06-07,sh.600730,6.5200,7.3200,6.4200,7.0900,6.6600,16965061,119032618.0000,3,7.647627,1,6.456500,74.974983,2.054043,7.858353,2.819215,0
2010-06-08,sh.600730,7.0100,7.2300,6.9000,7.0500,7.0900,11144520,78671436.0000,3,5.023803,1,-0.564200,74.551993,2.042455,7.814018,2.803310,0
2010-06-09,sh.600730,7.0500,7.1300,6.8900,7.1000,7.0500,8383104,58906963.0000,3,3.778993,1,0.709216,75.080730,2.056940,7.869437,2.823191,0
2010-06-10,sh.600730,7.0500,7.1700,7.0200,7.0800,7.1000,5204076,36958469.0000,3,2.345929,1,-0.281700,74.869235,2.051146,7.847270,2.815239,0
2010-06-11,sh.600730,7.0400,7.1100,6.8700,6.8800,7.0800,5621898,39149941.0000,3,2.534278,1,-2.824900,72.754285,1.993204,7.625595,2.735712,0
2010-06-17,sh.600730,6.9200,7.0100,6.8100,6.8500,6.8800,3039177,20966797.0000,3,1.370021,1,-0.436000,72.437043,1.984513,7.592344,2.723783,0
2010-06-18,sh.600730,6.8500,6.9600,6.5800,6.6500,6.8500,4033619,27504036.0000,3,1.375122,1,-2.919700,70.322093,1.926571,7.370670,2.644257,0
2010-06-21,sh.600730,6.6600,6.8700,6.5100,6.8600,6.6500,2691852,18159929.0000,3,0.917694,1,3.157900,72.542790,1.987410,7.603428,2.727759,0
2010-06-22,sh.600730,6.8100,6.9700,6.8000,6.9400,6.8600,2719228,18795256.0000,3,0.927026,1,1.166200,73.388770,2.010587,7.692098,2.759570,0
2010-06-23,sh.600730,6.9300,7.0600,6.8300,6.9700,6.9400,3850140,26768675.0000,3,1.312572,1,0.432300,73.706013,2.019278,7.725349,2.771499,0
2010-06-24,sh.600730,6.9700,7.0200,6.8800,6.9200,6.9700,2209462,15333348.0000,3,0.753239,1,-0.717400,73.177275,2.004792,7.669930,2.751617,0
2010-06-25,sh.600730,6.9300,6.9400,6.6900,6.7800,6.9200,2347911,15951940.0000,3,0.800439,1,-2.023100,71.696810,1.964233,7.514758,2.695949,0
2010-06-28,sh.600730,6.7800,6.8200,6.6200,6.7000,6.7800,1477672,9932110.0000,3,0.503761,1,-1.179900,70.850830,1.941056,7.426088,2.664138,0
2010-06-29,sh.600730,6.6600,6.7200,6.2100,6.2300,6.7000,2927462,18818284.0000,3,0.998017,1,-7.014900,65.880697,1.804893,6.905154,2.477251,0
2010-06-30,sh.600730,6.2100,6.2900,6.0000,6.0400,6.2300,2267529,13801864.0000,3,0.773035,1,-3.049800,63.871495,1.749848,6.694563,2.401701,0
2010-07-01,sh.600730,6.0800,6.1200,5.9800,5.9900,6.0400,1757498,10615418.0000,3,0.599158,1,-0.827800,63.342757,1.735362,6.639145,2.381819,0
2010-07-02,sh.600730,5.9900,6.0300,5.7400,5.9700,5.9900,2245021,13247976.0000,3,0.765362,1,-0.333900,63.131262,1.729568,6.616977,2.373866,0
2010-07-05,sh.600730,5.8900,6.0300,5.8700,5.9800,5.9700,1351206,8041078.0000,3,0.460647,1,0.167500,63.237010,1.732465,6.628061,2.377843,0
2010-07-06,sh.600730,6.0000,6.1800,5.9200,6.1300,5.9800,2445655,14937358.0000,3,0.833761,1,2.508400,64.823222,1.775922,6.794317,2.437488,0
2010-07-07,sh.600730,6.1300,6.2000,6.0800,6.2000,6.1300,1965455,12095262.0000,3,0.670054,1,1.141900,65.563455,1.796201,6.871903,2.465322,0
2010-07-08,sh.600730,6.2000,6.2400,6.0900,6.1900,6.2000,2341739,14450019.0000,3,0.798335,1,-0.161300,65.457707,1.793304,6.860819,2.461346,0
2010-07-09,sh.600730,6.1900,6.4000,6.1600,6.3300,6.1900,3768097,23715066.0000,3,1.284602,1,2.261700,66.938172,1.833864,7.015991,2.517014,0
2010-07-12,sh.600730,6.3300,6.4200,6.2600,6.4000,6.3300,3163800,20174905.0000,3,1.078588,1,1.105800,67.678405,1.854143,7.093577,2.544848,0
2010-07-13,sh.600730,6.3200,6.3500,6.1800,6.3100,6.4000,2795729,17494637.0000,3,0.953107,1,-1.406200,66.726677,1.828069,6.993824,2.509062,0
2010-07-14,sh.600730,6.3100,6.7200,6.2900,6.4600,6.3100,5577958,36447076.0000,3,1.901611,1,2.377200,68.312890,1.871526,7.160079,2.568706,0
2010-07-15,sh.600730,6.4400,6.6000,6.3400,6.3600,6.4600,5655441,36772225.0000,3,1.928026,1,-1.548000,67.255415,1.842555,7.049242,2.528943,0
2010-07-16,sh.600730,6.2500,6.4600,6.1500,6.4500,6.3600,3596130,22670371.0000,3,1.225976,1,1.415089,68.207142,1.868629,7.148996,2.564730,0
2010-07-19,sh.600730,6.3600,6.6600,6.3200,6.6000,6.4500,4973146,32685637.0000,3,1.695422,1,2.325600,69.793355,1.912085,7.315251,2.624375,0
2010-07-20,sh.600730,6.6000,6.8400,6.5500,6.7700,6.6000,6717571,45256969.0000,3,2.290123,1,2.575800,71.591063,1.961336,7.503674,2.691972,0
2010-07-21,sh.600730,6.7700,6.7800,6.6600,6.7100,6.7700,4761780,32014754.0000,3,1.623364,1,-0.886300,70.956578,1.943953,7.437172,2.668115,0
2010-07-22,sh.600730,6.6800,6.8200,6.6600,6.7800,6.7100,4496375,30382368.0000,3,1.532883,1,1.043200,71.696810,1.964233,7.514758,2.695949,0
2010-07-23,sh.600730,6.7600,6.7800,6.6200,6.7200,6.7800,3696437,24734810.0000,3,1.260172,1,-0.885000,71.062325,1.946851,7.448256,2.672091,0
2010-07-26,sh.600730,6.7100,6.9100,6.7000,6.8600,6.7200,5375884,36563728.0000,3,1.832721,1,2.083300,72.542790,1.987410,7.603428,2.727759,0
2010-07-27,sh.600730,6.8500,6.8500,6.6900,6.7400,6.8600,3556161,24030769.0000,3,1.212350,1,-1.749300,71.273820,1.952645,7.470423,2.680044,0
2010-07-28,sh.600730,6.7500,7.0200,6.7100,7.0100,6.7400,9051371,62546691.0000,3,3.085751,1,4.005900,74.129003,2.030866,7.769684,2.787404,0
2010-07-29,sh.600730,6.9500,7.2200,6.9500,7.1900,7.0100,10834974,77284553.0000,3,3.693808,1,2.567800,76.032458,2.083014,7.969190,2.858978,0
2010-07-30,sh.600730,7.2000,7.3600,7.0600,7.3200,7.1900,9944136,71833804.0000,3,3.390108,1,1.808100,77.407176,2.120676,8.113279,2.910670,0
2010-08-02,sh.600730,7.2800,7.5200,7.1400,7.3000,7.3200,18158237,131396625.0000,3,6.190421,1,-0.273200,77.195681,2.114882,8.091111,2.902718,0
2010-08-03,sh.600730,7.2800,7.2800,7.0500,7.0600,7.3000,10146301,72824782.0000,3,3.459029,1,-3.287700,74.657740,2.045352,7.825102,2.807286,0
2010-08-04,sh.600730,7.0100,7.1400,6.9600,7.1300,7.0600,5129103,36164448.0000,3,1.748590,1,0.991500,75.397973,2.065632,7.902688,2.835120,0
2010-08-05,sh.600730,7.1300,7.1900,7.0500,7.0900,7.1300,4422712,31508885.0000,3,1.507770,1,-0.561000,74.974983,2.054043,7.858353,2.819215,0
2010-08-06,sh.600730,7.0500,7.2500,7.0500,7.2200,7.0900,5579153,39975323.0000,3,1.902019,1,1.833600,76.349701,2.091705,8.002442,2.870907,0
2010-08-09,sh.600730,7.2200,7.3000,7.1800,7.2900,7.2200,6119776,44350634.0000,3,2.086325,1,0.969500,77.089933,2.111985,8.080028,2.898741,0
2010-08-10,sh.600730,7.2800,7.2800,6.9700,6.9800,7.2900,6032880,42819037.0000,3,2.056701,1,-4.252400,73.811760,2.022175,7.736432,2.775475,0
2010-08-11,sh.600730,6.9600,7.0900,6.9500,7.0600,6.9800,3031344,21316103.0000,3,1.033432,1,1.146100,74.657740,2.045352,7.825102,2.807286,0
2010-08-12,sh.600730,6.9900,7.1500,6.9100,6.9900,7.0600,4066018,28633588.0000,3,1.386168,1,-0.991500,73.917508,2.025072,7.747516,2.779452,0
2010-08-13,sh.600730,6.9500,7.0900,6.9200,7.0800,6.9900,3285326,23091715.0000,3,1.120018,1,1.287600,74.869235,2.051146,7.847270,2.815239,0
2010-08-16,sh.600730,7.0500,7.2400,7.0500,7.2000,7.0800,5099126,36596230.0000,3,1.738370,1,1.694900,76.138206,2.085911,7.980274,2.862954,0
2010-08-17,sh.600730,7.2000,7.3200,7.1800,7.2700,7.2000,6709402,48788698.0000,3,2.287338,1,0.972200,76.878438,2.106191,8.057860,2.890789,0
2010-08-18,sh.600730,7.2500,7.3700,7.1600,7.3200,7.2700,6773267,49273860.0000,3,2.309110,1,0.687800,77.407176,2.120676,8.113279,2.910670,0
2010-08-19,sh.600730,7.3200,8.0500,7.2300,8.0500,7.3200,36781236,288634271.0000,3,12.539286,1,9.972700,85.126744,2.332165,8.922390,3.200942,0
2010-08-20,sh.600730,7.9000,8.8500,7.7600,8.4300,8.0500,49456963,410704140.0000,3,16.860635,1,4.720500,89.145149,2.442254,9.343571,3.352043,0
2010-08-23,sh.600730,8.2500,8.7700,8.2100,8.5200,8.4300,26810833,228219358.0000,3,9.140223,1,1.067600,90.096877,2.468328,9.443324,3.387829,0
2010-08-24,sh.600730,8.4300,8.5600,8.2200,8.3100,8.5200,19178675,159789804.0000,3,6.538304,1,-2.464800,87.876179,2.407489,9.210566,3.304327,0
2010-08-25,sh.600730,8.2000,8.2100,7.8700,8.0400,8.3100,16636230,133944546.0000,3,5.671545,1,-3.249100,85.020996,2.329268,8.911306,3.196966,0
2010-08-26,sh.600730,8.0500,8.1700,7.8500,8.0600,8.0400,12745386,102114087.0000,3,4.345097,1,0.248800,85.232491,2.335062,8.933474,3.204918,0
2010-08-27,sh.600730,7.9800,8.0200,7.7800,7.9500,8.0600,9212989,72809513.0000,3,3.140849,1,-1.364800,84.069269,2.303194,8.811553,3.161179,0
2010-08-30,sh.600730,7.9600,8.1000,7.9200,8.0900,7.9500,12431588,99868364.0000,3,4.238118,1,1.761000,85.549734,2.343753,8.966725,3.216847,0
2010-08-31,sh.600730,8.0100,8.3200,7.9500,8.1300,8.0900,16418036,134257979.0000,3,5.597159,1,0.494400,125.096019,2.188758,12.783092,3.232826,0
2010-09-01,sh.600730,8.1000,8.1500,7.8000,7.9400,8.1300,12059456,96321573.0000,3,4.111253,1,-2.337000,122.172496,2.137606,12.484348,3.157274,0
2010-09-02,sh.600730,7.9600,8.5900,7.9300,8.4100,7.9400,21099270,174600906.0000,3,7.193064,1,5.919400,129.404369,2.264139,13.223346,3.344165,0
2010-09-03,sh.600730,8.4800,9.1200,8.4800,8.7300,8.4100,25360680,222908808.0000,3,8.645844,1,3.805000,134.328198,2.350290,13.726493,3.471411,0
2010-09-06,sh.600730,8.7600,9.0600,8.4600,8.8000,8.7300,18473566,162011144.0000,3,6.297921,1,0.801800,135.405285,2.369135,13.836557,3.499245,0
2010-09-07,sh.600730,8.6800,9.2400,8.5300,9.2200,8.8000,21445587,191805083.0000,3,7.311128,1,4.772700,141.867810,2.482208,14.496938,3.666255,0
2010-09-08,sh.600730,9.0900,9.3900,8.9700,9.2400,9.2200,16192163,148474646.0000,3,5.520156,1,0.216914,142.175549,2.487592,14.528385,3.674208,0
2010-09-09,sh.600730,9.2800,9.3200,8.8100,8.8200,9.2400,13429224,120757599.0000,3,4.578228,1,-4.545500,135.713024,2.374520,13.868004,3.507198,0
2010-09-10,sh.600730,8.8500,8.9800,8.6000,8.8900,8.8200,9922722,87614884.0000,3,3.382808,1,0.793700,136.790112,2.393365,13.978067,3.535033,0
2010-09-13,sh.600730,8.9000,9.0700,8.7000,8.8700,8.8900,11099517,98619916.0000,3,3.783995,1,-0.225000,136.482373,2.387981,13.946620,3.527080,0
2010-09-14,sh.600730,8.9000,8.9600,8.6700,8.8800,8.8700,11970679,105372802.0000,3,4.080987,1,0.112700,136.636242,2.390673,13.962344,3.531057,0
2010-09-15,sh.600730,8.8700,9.1200,8.6100,8.7300,8.8800,10157072,90760747.0000,3,3.462701,1,-1.689200,134.328198,2.350290,13.726493,3.471411,0
2010-09-16,sh.600730,8.6800,8.7700,7.9900,8.1900,8.7300,10767349,89315503.0000,3,3.670754,1,-6.185600,126.019237,2.204911,12.877432,3.256684,0
2010-09-20,sh.600730,8.2000,8.2500,7.8800,8.0000,8.1900,6065594,48933433.0000,3,2.067854,1,-2.319900,123.095714,2.153759,12.578688,3.181132,0
2010-09-21,sh.600730,8.0100,8.1000,7.7800,8.0200,8.0000,3494436,27974195.0000,3,1.191307,1,0.250000,123.403453,2.159144,12.610135,3.189085,0
2010-09-27,sh.600730,8.0800,8.2300,8.0000,8.2200,8.0200,4092410,33284757.0000,3,1.395165,1,2.493800,126.480846,2.212988,12.924602,3.268613,0
2010-09-28,sh.600730,8.2700,8.4300,8.1300,8.3600,8.2200,5219415,43045160.0000,3,1.779378,1,1.703200,128.635021,2.250678,13.144729,3.324283,0
2010-09-29,sh.600730,8.2500,8.5400,8.2400,8.5100,8.3600,7865671,66299798.0000,3,2.681527,1,1.794300,130.943066,2.291061,13.380579,3.383929,0
2010-09-30,sh.600730,8.4000,8.7800,8.3300,8.7400,8.5100,6103104,52555460.0000,3,2.080641,1,2.702700,134.482067,2.352982,13.742217,3.475387,0
2010-10-08,sh.600730,8.7300,9.1500,8.6300,8.9500,8.7400,10894009,97324712.0000,3,3.713934,1,2.402700,137.713330,2.409518,14.072407,3.558892,0
2010-10-12,sh.600730,8.7000,8.7000,8.3800,8.5200,8.9500,19921043,169443523.0000,3,6.791388,1,-4.804500,131.096935,2.293754,13.396303,3.387906,0
2010-10-13,sh.600730,8.4700,8.4700,8.2200,8.3600,8.5200,9467305,78759617.0000,3,3.227549,1,-1.877900,128.635021,2.250678,13.144729,3.324283,0
2010-10-14,sh.600730,8.3400,8.4000,8.0200,8.0600,8.3600,8311771,67912496.0000,3,2.833610,1,-3.588500,124.018932,2.169912,12.673028,3.204991,0
2010-10-15,sh.600730,8.0500,8.2200,8.0100,8.1100,8.0600,5651341,45792798.0000,3,1.926629,1,0.620300,124.788280,2.183373,12.751645,3.224873,0
2010-10-18,sh.600730,8.0800,8.1400,7.7900,7.9300,8.1100,6108268,48497272.0000,3,2.082402,1,-2.219500,122.018626,2.134914,12.468625,3.153297,0
2010-10-19,sh.600730,7.8900,8.3500,7.8900,8.3200,7.9300,6940308,57288227.0000,3,2.366057,1,4.918000,128.019542,2.239910,13.081836,3.308378,0
2010-10-20,sh.600730,8.1400,8.3800,8.0700,8.3400,8.3200,6287679,51982782.0000,3,2.143566,1,0.240400,128.327282,2.245294,13.113282,3.316330,0
2010-10-21,sh.600730,8.2100,8.4000,8.0600,8.3800,8.3400,10116855,83718591.0000,3,3.448991,1,0.479600,128.942760,2.256063,13.176176,3.332236,0
2010-10-22,sh.600730,8.4200,8.4200,8.1500,8.2700,8.3800,5993140,49487289.0000,3,2.043153,1,-1.312600,127.250194,2.226449,13.003219,3.288495,0
2010-10-25,sh.600730,8.2800,8.4000,8.2400,8.3600,8.2700,6969437,58029772.0000,3,2.375988,1,1.088300,128.635021,2.250678,13.144729,3.324283,0
2010-10-26,sh.600730,8.3500,8.3700,8.1800,8.3000,8.3600,7547143,62323971.0000,3,2.572936,1,-0.717700,127.711803,2.234525,13.050389,3.300425,0
2010-10-27,sh.600730,8.3000,8.4600,8.2600,8.2700,8.3000,7755157,64909846.0000,3,2.643852,1,-0.361400,127.250194,2.226449,13.003219,3.288495,0
2010-10-28,sh.600730,8.2400,8.3300,8.1000,8.1500,8.2700,5084898,41612511.0000,3,1.733519,1,-1.451000,125.403758,2.194142,12.814538,3.240778,0
2010-10-29,sh.600730,8.1300,8.2600,8.0900,8.2500,8.1500,4304930,35255484.0000,3,1.467616,1,1.227000,210.475711,2.347473,37.281180,3.291808,0
2010-11-01,sh.600730,8.2500,8.6400,8.2500,8.6000,8.2500,14033703,119031344.0000,3,4.784304,1,4.242400,219.404984,2.447062,38.862806,3.431461,0
2010-11-02,sh.600730,8.6300,8.7200,8.4200,8.5000,8.6000,9124316,78119213.0000,3,3.110619,1,-1.162800,216.853763,2.418608,38.410913,3.391560,0
2010-11-03,sh.600730,8.5200,8.6600,8.4800,8.5300,8.5000,6450176,55308116.0000,3,2.198964,1,0.352900,217.619129,2.427144,38.546481,3.403530,0
2010-11-04,sh.600730,8.5400,8.8000,8.5300,8.7800,8.5300,9598917,83750490.0000,3,3.272418,1,2.930800,223.997181,2.498280,39.676214,3.503282,0
2010-11-05,sh.600730,8.7800,8.8300,8.6200,8.7700,8.7800,8494037,73939402.0000,3,2.895747,1,-0.113900,223.742059,2.495435,39.631024,3.499292,0
2010-11-08,sh.600730,8.7500,8.9700,8.7300,8.9600,8.7700,10939897,97024509.0000,3,3.729578,1,2.166500,228.589378,2.549498,40.489621,3.575103,0
2010-11-09,sh.600730,8.9300,8.9800,8.8000,8.9300,8.9600,7837263,69514176.0000,3,2.671843,1,-0.334800,227.824012,2.540961,40.354053,3.563133,0
2010-11-10,sh.600730,8.9200,8.9700,8.7600,8.8700,8.9300,7511380,66383681.0000,3,2.560744,1,-0.671900,226.293280,2.523889,40.082918,3.539193,0
2010-11-11,sh.600730,8.7900,9.0400,8.6000,8.6400,8.8700,12234103,108747966.0000,3,4.170793,1,-2.593000,220.425472,2.458444,39.043563,3.447421,0
2010-11-12,sh.600730,8.5200,8.6200,7.8000,7.9400,8.6400,8542504,70663974.0000,3,2.912270,1,-8.101900,202.566927,2.259265,35.880312,3.168116,0
2010-11-15,sh.600730,7.9400,8.2300,7.9400,8.2300,7.9400,4435062,35925002.0000,3,1.511980,1,3.652400,209.965467,2.341782,37.190802,3.283828,0
2010-11-16,sh.600730,8.2500,8.5600,8.0600,8.1300,8.2300,5997231,49752303.0000,3,2.044548,1,-1.215100,207.414246,2.313328,36.738909,3.243927,0
2010-11-17,sh.600730,8.1900,8.5700,8.0000,8.0600,8.1300,5706628,47212633.0000,3,1.945477,1,-0.861000,205.628392,2.293410,36.422583,3.215997,0
2010-11-18,sh.600730,8.0900,8.5100,8.0900,8.4100,8.0600,9281936,77466933.0000,3,3.164354,1,4.342400,214.557664,2.392999,38.004209,3.355649,0
2010-11-22,sh.600730,8.5100,8.8600,8.4000,8.6800,8.4100,12619779,109428976.0000,3,4.302276,1,3.210500,221.445960,2.469826,39.224321,3.463381,0
2010-11-23,sh.600730,8.6000,8.7500,8.3000,8.7000,8.6800,8228198,70526878.0000,3,2.805118,1,0.230400,221.956204,2.475517,39.314699,3.471362,0
2010-11-24,sh.600730,8.6000,9.1500,8.5800,9.0200,8.7000,18878457,168992724.0000,3,6.435955,1,3.678200,230.120111,2.566570,40.760757,3.599044,0
2010-11-25,sh.600730,8.9900,9.0700,8.8100,8.9600,9.0200,11073963,98822229.0000,3,3.775283,1,-0.665200,228.589378,2.549498,40.489621,3.575103,0
2010-11-26,sh.600730,8.9300,9.0000,8.6100,8.8100,8.9600,7316131,64254775.0000,3,2.494181,1,-1.674100,224.762547,2.506816,39.811782,3.515252,0
2010-11-29,sh.600730,8.7700,9.6900,8.7300,9.6900,8.8100,32433385,308369099.0000,3,11.057037,1,9.988600,247.213290,2.757213,43.788441,3.866379,0
2010-11-30,sh.600730,9.6600,9.6600,8.7200,9.1000,9.6900,34951265,319206164.0000,3,11.915421,1,-6.088800,232.161087,2.589333,41.122272,3.630964,0
2010-12-01,sh.600730,8.9500,8.9500,8.6200,8.7700,9.1000,13487670,118113528.0000,3,4.598153,1,-3.626400,223.742059,2.495435,39.631024,3.499292,0
2010-12-02,sh.600730,8.8300,8.9900,8.7000,8.9300,8.7700,12367949,109164444.0000,3,4.216423,1,1.824400,227.824012,2.540961,40.354053,3.563133,0
2010-12-03,sh.600730,8.8700,8.9500,8.5200,8.7200,8.9300,7389833,64288169.0000,3,2.519307,1,-2.351600,222.466448,2.481207,39.405078,3.479342,0
2010-12-06,sh.600730,8.7400,8.7400,8.2500,8.3400,8.7200,8425474,70841837.0000,3,2.872373,1,-4.357800,212.771810,2.373081,37.687884,3.327719,0
2010-12-07,sh.600730,8.3300,8.4600,8.1400,8.4400,8.3400,4273111,35538352.0000,3,1.456769,1,1.199000,215.323030,2.401536,38.139777,3.367620,0
2010-12-08,sh.600730,8.4200,8.4600,8.2300,8.2500,8.4400,4538597,37799575.0000,3,1.547277,1,-2.251200,210.475711,2.347473,37.281180,3.291808,0
2010-12-09,sh.600730,8.2000,8.3500,8.1300,8.1400,8.2500,4268635,35088094.0000,3,1.455243,1,-1.333300,207.669368,2.316173,36.784098,3.247918,0
2010-12-10,sh.600730,7.9900,8.2700,7.9900,8.2300,8.1400,3193379,26141873.0000,3,1.088672,1,1.105700,209.965467,2.341782,37.190802,3.283828,0
2010-12-13,sh.600730,8.2500,8.4200,8.2300,8.4100,8.2300,4057830,33975357.0000,3,1.383376,1,2.187100,214.557664,2.392999,38.004209,3.355649,0
2010-12-14,sh.600730,8.4400,8.5100,8.3300,8.5000,8.4100,3910282,33026622.0000,3,1.333075,1,1.070200,216.853763,2.418608,38.410913,3.391560,0
2010-12-15,sh.600730,8.5200,8.6200,8.4000,8.4700,8.5000,4531377,38661896.0000,3,1.544816,1,-0.352900,216.088397,2.410072,38.275345,3.379590,0
2010-12-16,sh.600730,8.4600,8.5600,8.3700,8.4200,8.4700,2673387,22569453.0000,3,0.911398,1,-0.590300,214.812786,2.395845,38.049399,3.359640,0
2010-12-17,sh.600730,8.4300,8.4400,8.3200,8.4000,8.4200,3399097,28411236.0000,3,1.158804,1,-0.237500,214.302542,2.390154,37.959020,3.351659,0
2010-12-20,sh.600730,8.4000,8.4700,8.0100,8.1800,8.4000,5118504,41926527.0000,3,1.744976,1,-2.619000,208.689856,2.327555,36.964855,3.263878,0
2010-12-21,sh.600730,8.2400,8.3900,8.1200,8.3700,8.1800,2911761,24090992.0000,3,0.992664,1,2.322700,213.537176,2.381618,37.823452,3.339689,0
2010-12-22,sh.600730,8.3700,8.3900,8.1700,8.2200,8.3700,2777735,22984510.0000,3,0.946972,1,-1.792100,209.710345,2.338936,37.145612,3.279838,0
2010-12-23,sh.600730,8.2600,8.2600,8.0800,8.2000,8.2200,2336891,19124657.0000,3,0.796682,1,-0.243300,209.200101,2.333246,37.055234,3.271858,0
2010-12-24,sh.600730,8.1900,8.2500,8.0300,8.1100,8.2000,1792167,14552480.0000,3,0.610977,1,-1.097600,206.904002,2.307637,36.648530,3.235947,0
2010-12-27,sh.600730,8.0500,8.2200,7.9500,7.9600,8.1100,3004418,24294120.0000,3,1.024252,1,-1.849600,203.077171,2.264955,35.970690,3.176096,0
2010-12-28,sh.600730,8.0800,8.0900,7.4000,7.5400,7.9600,5078218,39294994.0000,3,1.731242,1,-5.276400,192.362044,2.145448,34.072739,3.008513,0
2010-12-29,sh.600730,7.5400,7.6800,7.3000,7.6400,7.5400,3493529,26108675.0000,3,1.190997,1,1.326300,194.913264,2.173902,34.524632,3.048414,0
2010-12-30,sh.600730,7.6400,7.6800,7.5300,7.5800,7.6400,1919402,14575679.0000,3,0.654353,1,-0.785300,193.382532,2.156829,34.253497,3.024474,0
2010-12-31,sh.600730,7.5900,7.7600,7.5500,7.7000,7.5800,1886789,14491111.0000,3,0.643235,1,1.583100,196.443997,2.190974,34.795768,3.072354,0
2011-01-04,sh.600730,7.7900,7.8500,7.6200,7.8000,7.7000,2963630,22970230.0000,3,1.010347,1,1.298700,198.995218,2.219429,35.247661,3.112255,0
2011-01-05,sh.600730,7.7900,8.0100,7.7000,7.9400,7.8000,3952564,31177253.0000,3,1.347489,1,1.794900,202.566927,2.259265,35.880312,3.168116,0
2011-01-06,sh.600730,7.9400,8.2200,7.8900,8.1000,7.9400,6730207,54466776.0000,3,2.294430,1,2.015100,206.648880,2.304791,36.603341,3.231957,0
2011-01-07,sh.600730,8.0900,8.4400,8.0500,8.4100,8.1000,7118829,58791273.0000,3,2.426918,1,3.827200,214.557664,2.392999,38.004209,3.355649,0
2011-01-10,sh.600730,8.3500,8.4900,8.2600,8.4100,8.4100,6583968,55160291.0000,3,2.244575,1,0.000000,214.557664,2.392999,38.004209,3.355649,0
2011-01-11,sh.600730,8.3600,8.4800,8.1600,8.3500,8.4100,10238898,85162366.0000,3,3.490597,1,-0.713400,213.026932,2.375927,37.733073,3.331709,0
2011-01-12,sh.600730,8.2900,8.3500,8.1300,8.3200,8.3500,10926119,89817272.0000,3,3.724881,1,-0.359300,212.261565,2.367391,37.597506,3.319739,0
2011-01-13,sh.600730,8.2600,8.2800,7.9800,8.1800,8.3200,10111499,82405530.0000,3,3.447165,1,-1.682700,208.689856,2.327555,36.964855,3.263878,0
2011-01-14,sh.600730,8.0700,8.2600,7.8100,8.2300,8.1800,10123864,80996701.0000,3,3.451380,1,0.611200,209.965467,2.341782,37.190802,3.283828,0
2011-01-17,sh.600730,8.0900,9.0400,7.9300,8.4500,8.2300,15105659,126423027.0000,3,5.149750,1,2.673100,215.578152,2.404381,38.184967,3.371610,0
2011-01-18,sh.600730,8.4800,8.5200,8.2300,8.3800,8.4500,8867094,74324442.0000,3,3.022928,1,-0.828400,213.792298,2.384463,37.868641,3.343679,0
2011-01-19,sh.600730,8.3500,8.4900,8.2000,8.3800,8.3800,7325203,60944708.0000,3,2.497274,1,0.000000,213.792298,2.384463,37.868641,3.343679,0
2011-01-20,sh.600730,8.3000,8.3200,7.6900,7.7300,8.3800,7068142,56816527.0000,3,2.409638,1,-7.756600,197.209363,2.199511,34.931336,3.084325,0
2011-01-21,sh.600730,7.7000,7.9200,7.6200,7.7000,7.7300,3846640,29888090.0000,3,1.311378,1,-0.388100,196.443997,2.190974,34.795768,3.072354,0
2011-01-24,sh.600730,7.6900,7.8400,7.4600,7.4800,7.7000,3007284,22940616.0000,3,1.025229,1,-2.857100,190.831311,2.128375,33.801604,2.984573,0
2011-01-25,sh.600730,7.4800,7.5400,7.0000,7.2600,7.4800,2391250,17363740.0000,3,0.815214,1,-2.941200,185.218626,2.065776,32.807439,2.896791,0
2011-01-26,sh.600730,7.2600,7.4500,7.2600,7.3500,7.2600,1885299,13846211.0000,3,0.642727,1,1.239700,187.514724,2.091385,33.214143,2.932702,0
2011-01-28,sh.600730,7.4000,7.6200,7.4000,7.5200,7.3500,2055402,15449641.0000,3,0.700718,1,2.312900,191.851800,2.139757,33.982361,3.000533,0
2011-01-31,sh.600730,7.5300,7.6700,7.4300,7.6400,7.5200,1742837,13235869.0000,3,0.594160,1,1.595700,194.913264,2.173902,34.524632,3.048414,0
2011-02-01,sh.600730,7.6300,7.6800,7.4800,7.6200,7.6400,2174557,16445703.0000,3,0.741340,1,-0.261800,194.403020,2.168211,34.434254,3.040434,0
2011-02-09,sh.600730,7.5800,7.7100,7.4200,7.6600,7.6200,2083764,15876397.0000,3,0.710387,1,0.524900,195.423509,2.179593,34.615011,3.056394,0
2011-02-10,sh.600730,7.5800,7.8200,7.5800,7.7800,7.6600,2954506,22882035.0000,3,1.007236,1,1.566600,198.484973,2.213738,35.157283,3.104275,0
2011-02-11,sh.600730,7.8000,7.9100,7.7600,7.8600,7.7800,2684720,21089504.0000,3,0.915262,1,1.028300,200.525950,2.236501,35.518797,3.136196,0
2011-02-14,sh.600730,7.8100,8.1800,7.8100,8.0200,7.8600,4039035,32451777.0000,3,1.376969,1,2.035600,204.607903,2.282028,36.241826,3.200037,0
2011-02-15,sh.600730,8.0300,8.1000,7.8400,7.8600,8.0200,5794476,46134449.0000,3,1.975425,1,-1.995000,200.525950,2.236501,35.518797,3.136196,0
2011-02-16,sh.600730,7.8400,8.3000,7.7300,8.2200,7.8600,10062227,80404116.0000,3,3.430367,1,4.580200,209.710345,2.338936,37.145612,3.279838,0
2011-02-17,sh.600730,8.1500,8.2400,8.0400,8.1300,8.2200,4768907,38671531.0000,3,1.625793,1,-1.094900,207.414246,2.313328,36.738909,3.243927,0
2011-02-18,sh.600730,8.1300,8.1800,8.0100,8.1300,8.1300,3937120,31916346.0000,3,1.342224,1,0.000000,207.414246,2.313328,36.738909,3.243927,0
2011-02-21,sh.600730,8.0800,8.2600,8.0300,8.2300,8.1300,4750532,38776241.0000,3,1.619529,1,1.230000,209.965467,2.341782,37.190802,3.283828,0
2011-02-24,sh.600730,9.0500,9.0500,9.0500,9.0500,8.2300,3546016,32091445.0000,3,1.208891,1,9.963500,230.885477,2.575106,40.896325,3.611014,0
2011-02-25,sh.600730,9.9600,9.9600,9.3800,9.6900,9.0500,48135850,468395415.0000,3,16.410247,1,7.071800,247.213290,2.757213,43.788441,3.866379,0
2011-02-28,sh.600730,9.8000,10.6600,9.7900,10.6100,9.6900,59515438,616893693.0000,3,20.289723,1,9.494300,270.684520,3.018992,47.945857,4.233465,0
2011-03-01,sh.600730,10.3000,10.7900,10.1300,10.7100,10.6100,44099822,463382957.0000,3,15.034304,1,0.942511,273.235741,3.047446,48.397751,4.273366,0
2011-03-02,sh.600730,10.5000,11.3500,10.3000,10.7500,10.7100,29811562,320995656.0000,3,10.163217,1,0.373500,274.256229,3.058828,48.578508,4.289326,0
2011-03-03,sh.600730,10.6200,10.7500,10.3100,10.3800,10.7500,16729157,175362677.0000,3,5.703225,1,-3.441900,264.816713,2.953547,46.906503,4.141693,0
2011-03-04,sh.600730,10.5600,11.4200,10.4000,11.4200,10.3800,24252184,269362351.0000,3,8.267940,1,10.019300,291.349408,3.249471,51.606192,4.556661,0
2011-03-07,sh.600730,11.7300,12.2000,11.4800,11.5900,11.4200,32740550,386867251.0000,3,11.161754,1,1.488600,295.686484,3.297843,52.374410,4.624492,0
2011-03-08,sh.600730,11.5000,11.8800,11.1600,11.8600,11.5900,20255956,233549750.0000,3,6.905565,1,2.329600,302.574780,3.374670,53.594521,4.732224,0
2011-03-09,sh.600730,11.7900,12.0800,11.5200,11.6600,11.8600,14949596,175649047.0000,3,5.096546,1,-1.686300,297.472338,3.317761,52.690735,4.652422,0
2011-03-10,sh.600730,11.5700,12.1500,11.3900,11.6500,11.6600,17456751,205197663.0000,3,5.951273,1,-0.085800,297.217216,3.314916,52.645546,4.648432,0
2011-03-11,sh.600730,11.5600,12.0600,11.4600,11.8400,11.6500,16010489,189596521.0000,3,5.458220,1,1.630900,302.064535,3.368979,53.504143,4.724244,0
2011-03-14,sh.600730,12.3000,12.9200,11.9000,12.0600,11.8400,25479620,312855628.0000,3,8.686392,1,1.858100,307.677221,3.431578,54.498307,4.812025,0
2011-03-15,sh.600730,11.9000,11.9600,11.2100,11.5000,12.0600,19975789,230526000.0000,3,6.810052,1,-4.643400,293.390385,3.272235,51.967706,4.588581,0
2011-03-16,sh.600730,11.4800,11.7000,11.2500,11.5000,11.5000,12110595,138295890.0000,3,4.128687,1,0.000000,293.390385,3.272235,51.967706,4.588581,0
2011-03-17,sh.600730,11.3200,11.7300,11.1700,11.2700,11.5000,10105859,115427225.0000,3,3.445242,1,-2.000000,287.522577,3.206790,50.928352,4.496810,0
2011-03-18,sh.600730,11.5000,11.9000,11.3600,11.7300,11.2700,12439410,145104224.0000,3,4.240785,1,4.081600,299.258193,3.337679,53.007060,4.680353,0
2011-03-21,sh.600730,11.7500,12.7600,11.7300,12.3200,11.7300,24936536,307301213.0000,3,8.501246,1,5.029800,314.310395,3.505559,55.673229,4.915767,0
2011-03-22,sh.600730,12.3000,12.6700,12.0100,12.4000,12.3200,18368796,227893577.0000,3,6.262203,1,0.649400,316.351372,3.528323,56.034744,4.947688,0
2011-03-23,sh.600730,12.3900,12.5000,12.1300,12.4900,12.4000,12792730,157779654.0000,3,4.361237,1,0.725800,318.647470,3.553931,56.441448,4.983598,0
2011-03-24,sh.600730,12.4900,13.1500,12.3300,12.7300,12.4900,17906783,229306445.0000,3,6.104696,1,1.921500,324.770400,3.622221,57.525991,5.079360,0
2011-03-25,sh.600730,13.2600,13.2600,12.2500,12.4000,12.7300,21329103,268226706.0000,3,7.271417,1,-2.592300,316.351372,3.528323,56.034744,4.947688,0
2011-03-28,sh.600730,12.2800,12.6800,12.1000,12.4300,12.4000,16327698,202048464.0000,3,5.566362,1,0.241900,317.116738,3.536859,56.170312,4.959658,0
2011-03-29,sh.600730,12.3200,13.1200,12.2500,12.8000,12.4300,22222782,282078315.0000,3,7.576086,1,2.976700,326.556255,3.642139,57.842316,5.107291,0
2011-03-30,sh.600730,12.8100,13.1100,12.1200,12.1500,12.8000,16715104,208920951.0000,3,5.698434,1,-5.078100,309.973320,3.457187,54.905011,4.847936,0
2011-03-31,sh.600730,12.0000,12.2500,11.6300,11.6900,12.1500,12751625,151691977.0000,3,4.347224,1,-3.786000,298.237704,3.326298,52.826303,4.664393,0
2011-04-01,sh.600730,11.6500,12.0200,11.6100,11.8200,11.6900,5802647,68692806.0000,3,1.978211,1,1.112100,301.554291,3.363288,53.413764,4.716264,0
2011-04-06,sh.600730,11.7300,11.9200,11.4500,11.9100,11.8200,8667299,101431883.0000,3,2.954815,1,0.761400,303.850390,3.388897,53.820468,4.752174,0
2011-04-07,sh.600730,11.8100,11.9300,11.6700,11.8300,11.9100,4835814,57093398.0000,3,1.648603,1,-0.671700,301.809413,3.366134,53.458953,4.720254,0
2011-04-08,sh.600730,11.7500,12.1600,11.7300,11.9500,11.8300,5969564,71601458.0000,3,2.035116,1,1.014400,304.870878,3.400279,54.001225,4.768134,0
2011-04-11,sh.600730,11.9000,12.4100,11.7000,12.2300,11.9500,10764253,130046836.0000,3,3.669698,1,2.343100,312.014296,3.479950,55.266526,4.879856,0
2011-04-12,sh.600730,12.2000,12.4000,11.7900,11.9300,12.2300,7214029,86988098.0000,3,2.459373,1,-2.453000,304.360634,3.394588,53.910846,4.760154,0
2011-04-13,sh.600730,11.8100,11.8800,11.5600,11.7200,11.9300,6869488,80137601.0000,3,2.341913,1,-1.760300,299.003071,3.334834,52.961871,4.676363,0
2011-04-14,sh.600730,11.8800,11.9200,11.6100,11.8300,11.7200,4897013,57698978.0000,3,1.669467,1,0.938600,301.809413,3.366134,53.458953,4.720254,0
2011-04-15,sh.600730,11.8800,11.8800,11.5200,11.6200,11.8300,4460781,51996264.0000,3,1.520748,1,-1.775100,296.451850,3.306380,52.509978,4.636462,0
2011-04-18,sh.600730,11.4800,11.5800,11.2000,11.4000,11.6200,7620037,86476188.0000,3,2.597787,1,-1.893300,290.839164,3.243780,51.515813,4.548681,0
2011-04-19,sh.600730,11.3500,11.5900,11.2000,11.4100,11.4000,5768331,65860055.0000,3,1.966512,1,0.087700,291.094286,3.246626,51.561002,4.552671,0
2011-04-20,sh.600730,11.4200,11.5200,11.1900,11.2600,11.4100,4915302,55567914.0000,3,1.675702,1,-1.314600,287.267455,3.203944,50.883163,4.492820,0
2011-04-21,sh.600730,11.4500,11.5800,11.2700,11.4800,11.2600,4445184,50774714.0000,3,1.515431,1,1.953800,292.880141,3.266544,51.877327,4.580601,0
2011-04-22,sh.600730,11.4400,11.7600,11.3800,11.5000,11.4800,4605155,53390738.0000,3,1.569968,1,0.174200,293.390385,3.272235,51.967706,4.588581,0
2011-04-25,sh.600730,11.4900,11.9700,11.4000,11.8100,11.5000,8651283,101472566.0000,3,2.949355,1,2.695700,301.299169,3.360443,53.368575,4.712274,0
2011-04-26,sh.600730,11.8000,11.8000,10.9800,11.0200,11.8100,6187867,70216277.0000,3,2.109538,1,-6.689200,281.144525,3.135654,49.798619,4.397058,0
2011-04-27,sh.600730,11.1300,11.2300,10.7900,10.9100,11.0200,4920353,54175762.0000,3,1.677424,1,-0.998200,278.338183,3.104355,49.301537,4.353167,0
2011-04-28,sh.600730,10.9800,11.0800,10.5300,10.5400,10.9100,4619948,49570294.0000,3,1.575011,1,-3.391400,268.898666,2.999074,47.629532,4.205535,0
2011-04-29,sh.600730,10.5500,10.6900,10.3400,10.4900,10.5400,4494843,47220010.0000,3,1.532361,1,-0.474400,313.438759,2.311639,-24.341271,4.116788,0
2011-05-03,sh.600730,10.4900,10.7600,10.2100,10.7400,10.4900,4782705,50323818.0000,3,1.630497,1,2.383200,320.908701,2.366730,-24.921378,4.214900,0
2011-05-04,sh.600730,10.6300,10.8300,10.4700,10.4800,10.7400,4045209,42976344.0000,3,1.379074,1,-2.420900,313.139961,2.309435,-24.318067,4.112864,0
2011-05-05,sh.600730,10.3900,11.0200,10.2900,10.6800,10.4800,6280233,67427603.0000,3,2.141027,1,1.908400,319.115915,2.353508,-24.782152,4.191353,0
2011-05-06,sh.600730,10.5000,10.8100,10.3500,10.6200,10.6800,4203689,44778632.0000,3,1.433102,1,-0.561800,317.323129,2.340286,-24.642927,4.167806,0
2011-05-09,sh.600730,10.7000,10.9300,10.6000,10.8600,10.6200,3787000,40951657.0000,3,1.291046,1,2.259900,324.494273,2.393174,-25.199829,4.261994,0
2011-05-10,sh.600730,10.8500,10.9800,10.6800,10.9200,10.8600,3598254,38960877.0000,3,1.226700,1,0.552500,326.287059,2.406396,-25.339055,4.285541,0
2011-05-11,sh.600730,10.8500,11.0800,10.8300,11.0000,10.9200,4133118,45387927.0000,3,1.409043,1,0.732600,328.677440,2.424025,-25.524689,4.316937,0
2011-05-12,sh.600730,10.9300,10.9900,10.4000,10.4000,11.0000,5880362,62782279.0000,3,2.004705,1,-5.454500,310.749580,2.291806,-24.132433,4.081468,0
2011-05-13,sh.600730,10.3500,10.5400,10.3000,10.4400,10.4000,4030264,41923612.0000,3,1.373979,1,0.384600,311.944771,2.300620,-24.225250,4.097166,0
2011-05-16,sh.600730,10.4700,10.7700,10.3500,10.5800,10.4400,3741689,39716585.0000,3,1.275599,1,1.341000,316.127938,2.331471,-24.550110,4.152108,0
2011-05-17,sh.600730,10.5900,10.7500,10.4300,10.6400,10.5800,3868738,41049933.0000,3,1.318912,1,0.567100,317.920724,2.344693,-24.689335,4.175655,0
2011-05-18,sh.600730,10.6900,10.8800,10.5600,10.8100,10.6400,3946988,42531729.0000,3,1.345589,1,1.597700,323.000285,2.382156,-25.083808,4.242372,0
2011-05-19,sh.600730,10.8300,10.9000,10.6800,10.7100,10.8100,3624544,39110981.0000,3,1.235662,1,-0.925100,320.012308,2.360119,-24.851765,4.203127,0
2011-05-23,sh.600730,10.7500,10.7500,9.8800,9.9500,10.7100,4865397,49782707.0000,3,1.658688,1,-7.096200,297.303685,2.192641,-23.088241,3.904866,0
2011-05-24,sh.600730,9.9000,10.1400,9.9000,10.0800,9.9500,3514674,35241964.0000,3,1.198206,1,1.306500,301.188055,2.221289,-23.389896,3.955884,0
2011-05-25,sh.600730,10.0800,10.0800,9.8100,9.8200,10.0800,2671145,26573891.0000,3,0.910634,1,-2.579400,293.419315,2.163993,-22.786586,3.853847,0
2011-05-26,sh.600730,9.8700,10.0800,9.8200,9.8500,9.8200,2713582,26980708.0000,3,0.925102,1,0.305500,294.315708,2.170604,-22.856198,3.865621,0
2011-05-27,sh.600730,9.8600,10.0800,9.3200,9.3500,9.8500,4482965,43486738.0000,3,1.528311,1,-5.076100,279.375824,2.060421,-21.695985,3.669396,0
2011-05-30,sh.600730,9.3000,9.3700,9.0400,9.1000,9.3500,3545062,32613085.0000,3,1.208566,1,-2.673800,271.905883,2.005330,-21.115879,3.571284,0
2011-05-31,sh.600730,9.1500,9.3700,9.0300,9.3200,9.1000,2508541,23116764.0000,3,0.855200,1,2.417600,278.479431,2.053810,-21.626373,3.657623,0
2011-06-01,sh.600730,9.3100,9.4800,9.1700,9.4200,9.3200,3168706,29609016.0000,3,1.080260,1,1.073000,281.467408,2.075847,-21.858415,3.696868,0
2011-06-02,sh.600730,9.3800,9.3800,9.0900,9.3000,9.4200,2633785,24364088.0000,3,0.897898,1,-1.273900,277.881836,2.049403,-21.579964,3.649774,0
2011-06-03,sh.600730,9.3000,9.5900,9.3000,9.4500,9.3000,2760320,26156918.0000,3,0.941035,1,1.612900,282.363801,2.082458,-21.928028,3.708641,0
2011-06-07,sh.600730,9.3600,9.5800,9.3600,9.5500,9.4500,2751699,26166592.0000,3,0.938096,1,1.058200,285.351778,2.104495,-22.160071,3.747886,0
2011-06-08,sh.600730,9.5700,9.7900,9.4600,9.7600,9.5500,3300117,31963480.0000,3,1.125060,1,2.199000,291.626529,2.150771,-22.647360,3.830300,0
2011-06-09,sh.600730,9.7500,9.7500,9.3600,9.3700,9.7600,3349629,31934080.0000,3,1.141940,1,-3.995900,279.973420,2.064829,-21.742394,3.677245,0
2011-06-10,sh.600730,9.3000,9.8000,9.3000,9.6900,9.3700,5487321,52614005.0000,3,1.870712,1,3.415200,289.534945,2.135346,-22.484930,3.802829,0
2011-06-13,sh.600730,9.5600,9.6000,9.3300,9.5100,9.6900,1719166,16274081.0000,3,0.586090,1,-1.857600,284.156587,2.095680,-22.067254,3.732188,0
2011-06-14,sh.600730,9.6900,9.8100,9.5200,9.7000,9.5100,2951910,28637078.0000,3,1.006351,1,1.997900,289.833743,2.137549,-22.508134,3.806753,0
2011-06-15,sh.600730,9.6500,9.7800,9.5000,9.5600,9.7000,2541077,24557587.0000,3,0.866292,1,-1.443300,285.650576,2.106698,-22.183275,3.751811,0
2011-06-16,sh.600730,9.5900,9.5900,9.3500,9.4600,9.5600,2894584,27390307.0000,3,0.986808,1,-1.046000,282.662599,2.084662,-21.951232,3.712566,0
2011-06-17,sh.600730,9.5500,9.5500,9.2100,9.2500,9.4600,1816210,17018906.0000,3,0.619174,1,-2.219900,276.387848,2.038385,-21.463943,3.630152,0
2011-06-20,sh.600730,9.2100,9.6700,9.0800,9.6200,9.2500,4323757,40350941.0000,3,1.474035,1,4.000000,287.443362,2.119920,-22.322500,3.775358,0
2011-06-21,sh.600730,9.6200,9.8600,9.4300,9.8100,9.6200,9098624,87685891.0000,3,3.101860,1,1.975100,293.120517,2.161790,-22.763381,3.849923,0
2011-06-22,sh.600730,9.7800,9.8800,9.3000,9.3900,9.8100,5764138,54685240.0000,3,1.965083,1,-4.281300,280.571015,2.069236,-21.788802,3.685094,0
2011-06-23,sh.600730,9.2500,9.3000,8.4500,8.8400,9.3900,22419379,193016800.0000,3,7.643109,1,-5.857300,264.137143,1.948035,-20.512568,3.469248,0
2011-06-24,sh.600730,8.5800,9.0100,8.5200,8.8500,8.8400,14258935,125012669.0000,3,4.861089,1,0.113100,264.435941,1.950238,-20.535772,3.473172,0
2011-06-27,sh.600730,8.7500,8.9900,8.7100,8.8800,8.8500,8985495,79772215.0000,3,3.063293,1,0.339000,265.332334,1.956849,-20.605385,3.484945,0
2011-06-28,sh.600730,8.8400,8.9100,8.6900,8.8100,8.8800,6056671,53227937.0000,3,2.064812,1,-0.788300,263.240750,1.941424,-20.442955,3.457474,0
2011-06-29,sh.600730,8.8000,8.9800,8.7600,8.8800,8.8100,7351794,65343835.0000,3,2.506339,1,0.794600,265.332334,1.956849,-20.605385,3.484945,0
2011-06-30,sh.600730,8.8900,9.0700,8.8000,8.9600,8.8800,7469176,66724760.0000,3,2.546356,1,0.900900,267.722715,1.974479,-20.791019,3.516341,0
2011-07-01,sh.600730,9.1400,9.3400,9.0000,9.0200,8.9600,9621007,88191508.0000,3,3.279948,1,0.669600,269.515501,1.987701,-20.930245,3.539888,0
2011-07-04,sh.600730,8.9800,9.2300,8.9800,9.2100,9.0200,7453575,67923337.0000,3,2.541038,1,2.106400,275.192657,2.029570,-21.371126,3.614454,0
2011-07-05,sh.600730,9.2000,9.3200,9.1200,9.2700,9.2100,6049591,55808655.0000,3,2.062398,1,0.651500,276.985443,2.042792,-21.510351,3.638001,0
2011-07-06,sh.600730,9.2600,9.2700,9.0200,9.1700,9.2700,5508881,50263142.0000,3,1.878062,1,-1.078700,273.997466,2.020756,-21.278309,3.598756,0
2011-07-07,sh.600730,9.1400,9.4800,9.0600,9.3200,9.1700,8443751,78053190.0000,3,2.878604,1,1.635800,278.479431,2.053810,-21.626373,3.657623,0
2011-07-08,sh.600730,9.2700,9.4000,9.2100,9.2400,9.3200,4384300,40670998.0000,3,1.494675,1,-0.858368,276.089050,2.036181,-21.440738,3.626227,0
2011-07-11,sh.600730,9.2500,9.3000,9.1400,9.2500,9.2400,4179192,38486948.0000,3,1.424750,1,0.108200,276.387848,2.038385,-21.463943,3.630152,0
2011-07-12,sh.600730,9.0900,9.0900,8.7600,8.7700,9.2500,7502209,66700081.0000,3,2.557618,1,-5.189200,262.045559,1.932609,-20.350138,3.441776,0
2011-07-13,sh.600730,8.8100,8.9800,8.7700,8.9400,8.7700,3913949,34870236.0000,3,1.334325,1,1.938400,267.125120,1.970071,-20.744611,3.508492,0
2011-07-14,sh.600730,8.9500,9.0800,8.9000,9.0700,8.9400,5965328,53595298.0000,3,2.033672,1,1.454100,271.009490,1.998719,-21.046266,3.559511,0
2011-07-15,sh.600730,9.0500,9.6000,9.0000,9.3800,9.0700,11722224,109656444.0000,3,3.996285,1,3.417900,280.272217,2.067032,-21.765598,3.681170,0
2011-07-18,sh.600730,9.3500,9.5500,9.3000,9.3500,9.3800,5897906,55431454.0000,3,2.010686,1,-0.319800,279.375824,2.060421,-21.695985,3.669396,0
2011-07-19,sh.600730,9.3000,9.3000,9.1600,9.2000,9.3500,4277749,39407364.0000,3,1.458350,1,-1.604300,274.893859,2.027366,-21.347921,3.610529,0
2011-07-20,sh.600730,9.2500,9.4700,9.2400,9.3800,9.2000,5166133,48309546.0000,3,1.761214,1,1.956500,280.272217,2.067032,-21.765598,3.681170,0
2011-07-21,sh.600730,9.3800,9.4400,9.1000,9.1600,9.3800,4437792,40875968.0000,3,1.512911,1,-2.345400,273.698669,2.018552,-21.255104,3.594831,0
2011-07-22,sh.600730,9.2000,9.2300,9.0200,9.0800,9.1600,4133244,37611899.0000,3,1.409086,1,-0.873400,271.308287,2.000923,-21.069470,3.563435,0
2011-07-25,sh.600730,9.0100,9.0300,8.4000,8.5100,9.0800,4937875,43093979.0000,3,1.683397,1,-6.277500,254.276820,1.875314,-19.746827,3.339739,0
2011-07-26,sh.600730,8.5100,8.5900,8.4200,8.5400,8.5100,2275433,19355435.0000,3,0.775730,1,0.352500,255.173213,1.881925,-19.816440,3.351513,0
2011-07-27,sh.600730,8.5200,8.7000,8.4200,8.6000,8.5400,2820172,24155906.0000,3,0.961440,1,0.702600,256.965999,1.895147,-19.955666,3.375060,0
2011-07-28,sh.600730,8.5100,8.6700,8.4200,8.6300,8.6000,2434121,20756115.0000,3,0.829829,1,0.348800,257.862392,1.901758,-20.025278,3.386833,0
2011-07-29,sh.600730,8.6700,8.7700,8.5200,8.6400,8.6300,3139578,27175057.0000,3,1.070330,1,0.115900,258.161190,1.903962,-20.048483,3.390758,0
2011-08-01,sh.600730,8.5800,8.9200,8.5600,8.8900,8.6400,3558563,31119125.0000,3,1.213169,1,2.893500,265.631131,1.959053,-20.628589,3.488870,0
2011-08-02,sh.600730,8.8800,8.8900,8.6100,8.7900,8.8900,2346437,20527298.0000,3,0.799936,1,-1.124900,262.643155,1.937016,-20.396547,3.449625,0
2011-08-03,sh.600730,8.7300,8.9100,8.6300,8.8000,8.7900,2202538,19378161.0000,3,0.750879,1,0.113800,262.941952,1.939220,-20.419751,3.453550,0
2011-08-04,sh.600730,8.8100,9.0400,8.7200,8.9300,8.8000,3783253,33699624.0000,3,1.289769,1,1.477300,266.826322,1.967868,-20.721406,3.504568,0
2011-08-05,sh.600730,8.6000,8.8600,8.4500,8.6800,8.9300,3442387,29855780.0000,3,1.173562,1,-2.799600,259.356380,1.912776,-20.141300,3.406456,0
2011-08-08,sh.600730,8.5400,8.6400,7.8800,8.1300,8.6800,4183672,34485872.0000,3,1.426278,1,-6.336400,242.922508,1.791575,-18.865065,3.190609,0
2011-08-10,sh.600730,7.7100,8.2700,7.7100,8.1700,8.1300,10374440,82882460.0000,3,3.536805,1,0.492000,244.117699,1.800390,-18.957882,3.206307,0
2011-08-11,sh.600730,7.8200,8.1600,7.7700,8.0800,8.1700,6714725,53685878.0000,3,2.289152,1,-1.101600,241.428520,1.780557,-18.749044,3.170986,0
2011-08-12,sh.600730,8.1500,8.4300,8.0500,8.3000,8.0800,8231707,67991829.0000,3,2.806315,1,2.722800,248.002069,1.829037,-19.259538,3.257325,0
2011-08-15,sh.600730,8.2600,8.3200,8.1500,8.3000,8.3000,4665757,38501253.0000,3,1.590628,1,0.000000,248.002069,1.829037,-19.259538,3.257325,0
2011-08-16,sh.600730,8.3000,9.1000,8.2400,8.8900,8.3000,13726201,119357234.0000,3,4.679472,1,7.108400,265.631131,1.959053,-20.628589,3.488870,0
2011-08-17,sh.600730,8.7500,8.8300,8.5700,8.6600,8.8900,7956447,69220859.0000,3,2.712474,1,-2.587200,258.758785,1.908369,-20.094891,3.398607,0
2011-08-18,sh.600730,8.6600,8.8000,8.6100,8.6500,8.6600,3955243,34371935.0000,3,1.348403,1,-0.115500,258.459987,1.906165,-20.071687,3.394682,0
2011-08-19,sh.600730,8.4700,8.6000,8.2400,8.4000,8.6500,4279008,35886418.0000,3,1.458779,1,-2.890200,-897.413752,2.040835,21.606859,3.353013,0
2011-08-22,sh.600730,8.3900,8.6300,8.3200,8.4700,8.4000,2896510,24602526.0000,3,0.987465,1,0.833300,-904.892200,2.057842,21.786916,3.380955,0
2011-08-23,sh.600730,8.6400,8.7000,8.4800,8.6400,8.4700,3098320,26721932.0000,3,1.056265,1,2.007100,-923.054145,2.099145,22.224197,3.448813,0
2011-08-24,sh.600730,8.6700,8.7500,8.3000,8.3300,8.6400,4434670,37958910.0000,3,1.511847,1,-3.588000,-889.935304,2.023828,21.426801,3.325071,0
2011-08-25,sh.600730,8.3500,8.7000,8.0000,8.6300,8.3300,5287555,44748291.0000,3,1.802608,1,3.601400,-921.985796,2.096715,22.198475,3.444822,0
2011-08-26,sh.600730,8.5100,8.6300,8.4500,8.5300,8.6300,2574388,22022515.0000,3,0.877648,1,-1.158753,-911.302299,2.072420,21.941250,3.404905,0
2011-08-29,sh.600730,8.5000,8.6800,8.4500,8.6500,8.5300,3410158,29266656.0000,3,1.162575,1,1.406800,-924.122495,2.101575,22.249920,3.452805,0
2011-08-30,sh.600730,8.6200,8.8400,8.4900,8.5200,8.6500,4457014,38691344.0000,3,1.519464,1,-1.502900,-910.233949,2.069990,21.915528,3.400913,0
2011-08-31,sh.600730,8.5300,8.5300,8.1800,8.5100,8.5200,3847063,32235529.0000,3,1.311523,1,-0.117400,-909.165599,2.067561,21.889806,3.396921,0
2011-09-01,sh.600730,8.4300,8.5400,8.2900,8.3400,8.5100,2172269,18295930.0000,3,0.740560,1,-1.997600,-891.003654,2.026258,21.452524,3.329063,0
2011-09-02,sh.600730,8.3400,8.3800,8.1900,8.2100,8.3400,1480285,12205844.0000,3,0.504652,1,-1.558800,-877.115108,1.994674,21.118132,3.277171,0
2011-09-05,sh.600730,8.1600,8.3400,8.0000,8.2300,8.2100,1916877,15644924.0000,3,0.653493,1,0.243600,-879.251807,1.999533,21.169577,3.285154,0
2011-09-06,sh.600730,8.1700,8.2400,8.0000,8.0400,8.2300,1677559,13540376.0000,3,0.571906,1,-2.308600,-858.953163,1.953371,20.680850,3.209312,0
2011-09-07,sh.600730,8.0900,8.2000,8.0000,8.1900,8.0400,3550066,28726890.0000,3,1.210272,1,1.865700,-874.978409,1.989814,21.066687,3.269188,0
2011-09-08,sh.600730,8.2500,8.4000,8.2100,8.2800,8.1900,4037628,33544215.0000,3,1.376489,1,1.098903,-884.593556,2.011681,21.298189,3.305113,0
2011-09-09,sh.600730,8.2900,8.3400,8.0900,8.2500,8.2800,2827652,23206429.0000,3,0.963990,1,-0.362300,-881.388507,2.004392,21.221022,3.293138,0
2011-09-13,sh.600730,8.1000,8.1700,8.0100,8.1300,8.2500,1519805,12296064.0000,3,0.518125,1,-1.454500,-868.568310,1.975237,20.912352,3.245238,0
2011-09-14,sh.600730,8.2000,8.2300,7.9000,8.1900,8.1300,2505307,20282493.0000,3,0.854097,1,0.738000,-874.978409,1.989814,21.066687,3.269188,0
2011-09-15,sh.600730,8.1700,8.3000,8.1000,8.2200,8.1900,5425245,44392905.0000,3,1.849549,1,0.366300,-878.183458,1.997103,21.143854,3.281163,0
2011-09-16,sh.600730,8.2700,8.3800,8.1100,8.1400,8.2200,3971399,32808647.0000,3,1.353911,1,-0.973200,-869.636660,1.977667,20.938075,3.249229,0
2011-09-19,sh.600730,8.0700,8.0700,7.8600,7.9000,8.1400,2768627,21966165.0000,3,0.943867,1,-2.948400,-843.996267,1.919357,20.320736,3.153429,0
2011-09-20,sh.600730,7.9100,8.0800,7.8500,7.9700,7.9000,1421111,11326269.0000,3,0.484478,1,0.886100,-851.474715,1.936364,20.500793,3.181371,0
2011-09-21,sh.600730,7.9500,8.2500,7.9200,8.1600,7.9700,4404586,35785693.0000,3,1.501591,1,2.383900,-871.773359,1.982526,20.989520,3.257213,0
2011-09-22,sh.600730,8.1100,8.1500,7.9600,7.9800,8.1600,3660180,29354286.0000,3,1.247811,1,-2.205900,-852.543065,1.938794,20.526516,3.185362,0
2011-09-26,sh.600730,7.8500,8.0200,7.7800,7.8600,7.9800,2081631,16416918.0000,3,0.709660,1,-1.503800,-839.722868,1.909639,20.217846,3.137462,0
2011-09-27,sh.600730,7.9000,8.0900,7.7000,7.9400,7.8600,1578255,12422570.0000,3,0.538051,1,1.017800,-848.269666,1.929075,20.423626,3.169396,0
2011-09-28,sh.600730,8.0000,8.0300,7.7700,7.8100,7.9400,1276467,10051248.0000,3,0.435167,1,-1.637300,-834.381120,1.897491,20.089234,3.117504,0
2011-09-29,sh.600730,7.8000,7.8000,7.3400,7.4000,7.8100,2371994,17944064.0000,3,0.808649,1,-5.249700,-790.578782,1.797879,19.034614,2.953845,0
2011-09-30,sh.600730,7.5400,7.5400,7.1100,7.1600,7.4000,3170833,22938229.0000,3,1.080985,1,-3.243200,-764.938389,1.739569,18.417275,2.858044,0
2011-10-10,sh.600730,7.1500,7.2500,7.1000,7.1200,7.1600,1133501,8132925.0000,3,0.386428,1,-0.558700,-760.664990,1.729851,18.314385,2.842078,0
2011-10-11,sh.600730,7.3500,7.3900,7.1000,7.1700,7.1200,1873300,13510947.0000,3,0.638637,1,0.702200,-766.006739,1.741999,18.442997,2.862036,0
2011-10-12,sh.600730,7.1200,7.4300,7.1200,7.3900,7.1700,2458747,17960470.0000,3,0.838224,1,3.068300,-789.510432,1.795449,19.008891,2.949853,0
2011-10-13,sh.600730,7.3200,7.5600,7.3200,7.5200,7.3900,3201206,23908968.0000,3,1.091340,1,1.759100,-803.398978,1.827034,19.343283,3.001745,0
2011-10-14,sh.600730,7.5000,7.5800,7.2800,7.3400,7.5200,5079976,37439527.0000,3,1.731841,1,-2.393600,-784.168684,1.783301,18.880279,2.929895,0
2011-10-17,sh.600730,7.3800,7.5800,7.2400,7.4900,7.3400,4628174,34339648.0000,3,1.577815,1,2.043600,-800.193929,1.819745,19.266116,2.989770,0
2011-10-18,sh.600730,7.4000,7.6800,7.3800,7.5700,7.4900,8457886,64091283.0000,3,2.883423,1,1.068100,-808.740727,1.839181,19.471895,3.021703,0
2011-10-19,sh.600730,7.5700,7.6200,7.2600,7.3300,7.5700,4336717,32233107.0000,3,1.478453,1,-3.170400,-783.100334,1.780872,18.854556,2.925903,0
2011-10-20,sh.600730,7.3500,7.3500,6.8200,6.8900,7.3300,5541931,38753076.0000,3,1.889329,1,-6.002700,-736.092947,1.673971,17.722769,2.750269,0
2011-10-21,sh.600730,6.8900,6.9500,6.7400,6.7500,6.8900,1897056,12997528.0000,3,0.646735,1,-2.031900,-721.136051,1.639957,17.362654,2.694385,0
2011-10-24,sh.600730,6.7700,6.8700,6.5300,6.8000,6.7500,1863980,12592679.0000,3,0.635459,1,0.740700,-726.477800,1.652105,17.491266,2.714344,0
2011-10-25,sh.600730,6.8000,7.1300,6.7300,7.0600,6.8000,3346771,23299313.0000,3,1.140965,1,3.823500,-754.254892,1.715274,18.160050,2.818128,0
2011-10-26,sh.600730,6.9900,7.2100,6.9200,7.0900,7.0600,3276001,23256893.0000,3,1.116839,1,0.424900,-757.459941,1.722562,18.237218,2.830103,0
2011-10-27,sh.600730,7.0900,7.2800,7.0300,7.0700,7.0900,2945073,21020165.0000,3,1.004020,1,-0.282100,-755.323242,1.717703,18.185773,2.822119,0
2011-10-28,sh.600730,7.1700,7.2900,7.1200,7.2100,7.0700,3383239,24323626.0000,3,1.153398,1,1.980200,-770.280137,1.751717,18.545887,2.878003,0
2011-11-01,sh.600730,7.1600,7.2600,7.0800,7.2000,7.2100,2628138,18862321.0000,3,0.895972,1,-0.138700,-155.173261,1.534759,19.540147,2.927349,0
2011-11-02,sh.600730,7.0800,7.4300,7.0300,7.3600,7.2000,4424090,32039597.0000,3,1.508240,1,2.222200,-158.621555,1.568864,19.974373,2.992401,0
2011-11-03,sh.600730,7.3700,7.6800,7.3700,7.4900,7.3600,6576997,49627474.0000,3,2.242199,1,1.766300,-161.423295,1.596575,20.327181,3.045256,0
2011-11-04,sh.600730,7.5700,7.6300,7.4400,7.5400,7.4900,4039237,30398386.0000,3,1.377038,1,0.667600,-162.500887,1.607233,20.462876,3.065585,0
2011-11-07,sh.600730,7.5500,7.7800,7.5100,7.7000,7.5400,5872388,44997054.0000,3,2.001987,1,2.122000,-165.949181,1.641339,20.897102,3.130637,0
2011-11-08,sh.600730,7.6700,7.8100,7.6100,7.6900,7.7000,4214763,32486753.0000,3,1.436877,1,-0.129900,-165.733663,1.639208,20.869963,3.126571,0
2011-11-09,sh.600730,7.6800,7.7500,7.5100,7.6900,7.6900,4008450,30721188.0000,3,1.366542,1,0.000000,-165.733663,1.639208,20.869963,3.126571,0
2011-11-10,sh.600730,7.6700,7.8700,7.6000,7.7000,7.6900,4475885,34774999.0000,3,1.525898,1,0.130000,-165.949181,1.641339,20.897102,3.130637,0
2011-11-11,sh.600730,7.7100,8.1300,7.7100,7.9400,7.7000,8424522,67217613.0000,3,2.872048,1,3.116900,-171.121624,1.692498,21.548440,3.228215,0
2011-11-14,sh.600730,7.8800,8.2600,7.8600,8.2200,7.9400,7305155,58997830.0000,3,2.490439,1,3.526400,-177.156139,1.752183,22.308335,3.342057,0
2011-11-15,sh.600730,8.1800,8.2800,8.0600,8.1400,8.2200,3472086,28213642.0000,3,1.183687,1,-0.973200,-175.431992,1.735130,22.091222,3.309530,0
2011-11-16,sh.600730,8.1300,8.5200,8.0600,8.1600,8.1400,7462844,61832294.0000,3,2.544198,1,0.245700,-175.863029,1.739393,22.145500,3.317662,0
2011-11-17,sh.600730,8.1500,8.3900,8.1400,8.1900,8.1600,4491129,37045491.0000,3,1.531095,1,0.367600,-176.509584,1.745788,22.226917,3.329859,0
2011-11-18,sh.600730,8.0600,8.2700,7.7500,7.9000,8.1900,4780392,38032214.0000,3,1.629709,1,-3.540900,-170.259550,1.683971,21.439884,3.211952,0
2011-11-21,sh.600730,7.9100,8.0200,7.7900,7.9900,7.9000,2866082,22691849.0000,3,0.977091,1,1.139200,-172.199216,1.703156,21.684136,3.248544,0
2011-11-22,sh.600730,7.9000,8.1800,7.8000,8.1600,7.9900,3392896,27072604.0000,3,1.156690,1,2.127700,-175.863029,1.739393,22.145500,3.317662,0
2011-11-23,sh.600730,8.1800,8.1900,8.0200,8.0800,8.1600,2949423,23869326.0000,3,1.005503,1,-0.980400,-174.138881,1.722340,21.928387,3.285136,0
2011-11-24,sh.600730,7.9600,8.4500,7.9100,8.4000,8.0800,7420552,61451227.0000,3,2.529780,1,3.960400,-181.035471,1.790552,22.796838,3.415240,0
2011-11-25,sh.600730,8.3700,8.4400,8.0900,8.0900,8.4000,4421600,36552336.0000,3,1.507391,1,-3.690500,-174.354400,1.724472,21.955527,3.289202,0
2011-11-28,sh.600730,8.0600,8.1400,7.8000,7.9700,8.0900,5809915,45957129.0000,3,1.980689,1,-1.483300,-171.768179,1.698893,21.629857,3.240413,0
2011-11-29,sh.600730,7.9900,8.0600,7.8800,8.0200,7.9700,2259122,18038112.0000,3,0.770169,1,0.627400,-172.845771,1.709551,21.765553,3.260741,0
2011-11-30,sh.600730,7.9700,8.1800,7.5000,8.1000,8.0200,10627569,83804995.0000,3,3.623101,1,0.997500,-174.569918,1.726604,21.982666,3.293267,0
2011-12-01,sh.600730,8.1900,8.9100,8.0800,8.6900,8.1000,22139033,192222025.0000,3,7.547535,1,7.284000,-187.285505,1.852368,23.583872,3.533147,0
2011-12-02,sh.600730,8.4900,8.9200,8.2500,8.5600,8.6900,15954968,135574926.0000,3,5.439293,1,-1.496000,-184.483765,1.824658,23.231064,3.480292,0
2011-12-05,sh.600730,8.4100,8.6700,8.1200,8.3500,8.5600,10560387,88167688.0000,3,3.600197,1,-2.453300,-179.957879,1.779894,22.661143,3.394911,0
2011-12-06,sh.600730,8.2400,8.3700,7.5200,7.5200,8.3500,13184533,105188401.0000,3,4.494809,1,-9.940100,-162.069850,1.602970,20.408598,3.057453,0
2011-12-07,sh.600730,7.4200,7.4500,7.0000,7.1700,7.5200,9946186,71421822.0000,3,3.390807,1,-4.654300,-154.526705,1.528364,19.458730,2.915152,0
2011-12-08,sh.600730,7.1100,7.1800,6.8400,7.0900,7.1700,4337635,30500685.0000,3,1.478766,1,-1.115800,-152.802558,1.511311,19.241617,2.882625,0
2011-12-09,sh.600730,7.0000,7.1200,6.9700,7.0500,7.0900,2042625,14442410.0000,3,0.696362,1,-0.564200,-151.940484,1.502785,19.133061,2.866362,0
2011-12-12,sh.600730,7.1300,7.1300,6.9000,6.9500,7.0500,2398550,16761801.0000,3,0.817702,1,-1.418400,-149.785300,1.481468,18.861670,2.825705,0
2011-12-13,sh.600730,6.9000,6.9000,6.6100,6.6600,6.9500,2802518,18775347.0000,3,0.955421,1,-4.172700,-143.535266,1.419652,18.074636,2.707798,0
2011-12-14,sh.600730,6.6600,6.8000,6.5500,6.5800,6.6600,1730643,11527255.0000,3,0.590003,1,-1.201200,-141.811119,1.402599,17.857523,2.675272,0
2011-12-15,sh.600730,6.5900,6.6400,6.4300,6.5400,6.5800,2730478,17882739.0000,3,0.930862,1,-0.607900,-140.949045,1.394072,17.748967,2.659009,0
2011-12-16,sh.600730,6.5900,6.7400,6.4600,6.7200,6.5400,1921403,12665792.0000,3,0.655036,1,2.752300,-144.828377,1.432441,18.237471,2.732192,0
2011-12-19,sh.600730,6.7200,6.8200,6.5100,6.8000,6.7200,2258145,15081283.0000,3,0.769836,1,1.190500,-146.552524,1.449494,18.454583,2.764718,0
2011-12-20,sh.600730,6.8000,6.8500,6.6500,6.7100,6.8000,1470944,9950587.0000,3,0.501467,1,-1.323500,-144.612858,1.430310,18.210332,2.728126,0
2011-12-21,sh.600730,6.7500,6.8200,6.3000,6.3200,6.7100,2538557,16765072.0000,3,0.865433,1,-5.812200,-136.207640,1.347177,17.151907,2.569562,0
2011-12-22,sh.600730,6.2900,6.2900,5.7600,6.0000,6.3200,3141024,18720241.0000,3,1.070823,1,-5.063300,-129.311051,1.278966,16.283456,2.439457,0
2011-12-23,sh.600730,5.9700,6.1500,5.9300,6.0600,6.0000,1905075,11514965.0000,3,0.649469,1,1.000000,-130.604161,1.291755,16.446291,2.463852,0
2011-12-26,sh.600730,5.9900,6.1400,5.9600,6.0600,6.0600,1073496,6541890.0000,3,0.365971,1,0.000000,-130.604161,1.291755,16.446291,2.463852,0
2011-12-27,sh.600730,6.0000,6.0400,5.8200,5.8200,6.0600,1263100,7488753.0000,3,0.430610,1,-3.960400,-125.431719,1.240597,15.794952,2.366274,0
2011-12-28,sh.600730,5.7600,5.8400,5.4200,5.6400,5.8200,2088422,11735404.0000,3,0.711975,1,-3.092800,-121.552387,1.202228,15.306449,2.293090,0
2011-12-29,sh.600730,5.5400,5.7100,5.5400,5.6600,5.6400,1628179,9214209.0000,3,0.555071,1,0.354600,-121.983424,1.206491,15.360727,2.301221,0
2011-12-30,sh.600730,5.7200,5.8000,5.6600,5.7200,5.6600,973333,5579298.0000,3,0.331824,1,1.060100,-123.276535,1.219280,15.523561,2.325616,0
2012-01-04,sh.600730,5.7900,5.7900,5.4000,5.4400,5.7200,1066607,6005143.0000,3,0.363623,1,-4.895100,-117.242019,1.159595,14.763667,2.211775,0
2012-01-05,sh.600730,5.4200,5.4200,4.9000,4.9000,5.4400,3577458,18206950.0000,3,1.219610,1,-9.926500,-105.604025,1.044489,13.298156,1.992224,0
2012-01-06,sh.600730,4.8900,5.0600,4.8100,5.0500,4.9000,1619250,7999354.0000,3,0.552027,1,3.061200,-108.836801,1.076463,13.705242,2.053210,0
2012-01-09,sh.600730,5.0500,5.2800,4.9600,5.2600,5.0500,2431163,12566015.0000,3,0.828821,1,4.158400,-113.362688,1.121226,14.275163,2.138591,0
2012-01-10,sh.600730,5.2600,5.7900,5.2500,5.6900,5.2600,5907490,33149364.0000,3,2.013954,1,8.174900,-122.629980,1.212886,15.442144,2.313419,0
2012-01-11,sh.600730,5.6800,5.8400,5.6100,5.7000,5.6900,3594168,20527392.0000,3,1.225307,1,0.175700,-122.845498,1.215017,15.469283,2.317484,0
2012-01-12,sh.600730,5.7000,5.8400,5.6500,5.7200,5.7000,2455376,14130228.0000,3,0.837075,1,0.350900,-123.276535,1.219280,15.523561,2.325616,0
2012-01-13,sh.600730,5.7200,5.7800,5.4300,5.4700,5.7200,2747709,15254464.0000,3,0.936736,1,-4.370600,-117.888574,1.165990,14.845084,2.223972,0
2012-01-16,sh.600730,5.4100,5.7000,5.3100,5.4400,5.4700,1705543,9392988.0000,3,0.581446,1,-0.548400,-117.242019,1.159595,14.763667,2.211775,0
2012-01-17,sh.600730,5.4400,5.7700,5.3700,5.7600,5.4400,2299644,12963074.0000,3,0.783984,1,5.882400,-124.138608,1.227807,15.632118,2.341879,0
2012-01-18,sh.600730,5.7100,5.9500,5.6200,5.6300,5.7600,2150312,12399670.0000,3,0.733074,1,-2.256900,-121.336869,1.200096,15.279310,2.289024,0
2012-01-19,sh.600730,5.6000,5.7600,5.6000,5.6800,5.6300,1483992,8443600.0000,3,0.505916,1,0.888100,-122.414461,1.210754,15.415005,2.309353,0
2012-01-20,sh.600730,5.7800,5.7800,5.6500,5.7100,5.6800,1994543,11389528.0000,3,0.679970,1,0.528200,-123.061016,1.217149,15.496422,2.321550,0
2012-01-30,sh.600730,5.6200,5.7800,5.5500,5.5600,5.7100,3256980,18400949.0000,3,1.110354,1,-2.627000,-119.828240,1.185175,15.089336,2.260564,0
2012-01-31,sh.600730,5.5100,5.6200,5.3700,5.5000,5.5600,3275320,17941491.0000,3,1.116607,1,-1.079100,-118.535130,1.172385,14.926501,2.236169,0
2012-02-01,sh.600730,5.5000,5.5900,5.4500,5.5000,5.5000,2213606,12201819.0000,3,0.754652,1,0.000000,-118.535130,1.172385,14.926501,2.236169,0
2012-02-02,sh.600730,5.5500,5.6500,5.4900,5.6400,5.5000,3628105,20241689.0000,3,1.236876,1,2.545500,-121.552387,1.202228,15.306449,2.293090,0
2012-02-03,sh.600730,5.6300,5.9500,5.6200,5.8600,5.6400,8154594,47578589.0000,3,2.780026,1,3.900700,-126.293793,1.249123,15.903509,2.382537,0
2012-02-06,sh.600730,5.8600,5.9500,5.8000,5.9200,5.8600,4886655,28699418.0000,3,1.665935,1,1.023900,-127.586903,1.261913,16.066343,2.406931,0
2012-02-07,sh.600730,5.8600,5.8600,5.6500,5.6900,5.9200,3848856,22051309.0000,3,1.312134,1,-3.885100,-122.629980,1.212886,15.442144,2.313419,0
2012-02-08,sh.600730,5.6800,5.8500,5.6100,5.8500,5.6900,4099175,23653100.0000,3,1.397471,1,2.812000,-126.078274,1.246991,15.876370,2.378471,0
2012-02-09,sh.600730,5.8500,6.1300,5.8300,6.0300,5.8500,7111114,42623446.0000,3,2.424287,1,3.076900,-129.957606,1.285360,16.364873,2.451655,0
2012-02-10,sh.600730,6.0100,6.2200,5.9900,6.0400,6.0300,4356903,26421678.0000,3,1.485335,1,0.165800,-130.173124,1.287492,16.392012,2.455720,0
2012-02-13,sh.600730,6.0000,6.1500,5.9600,6.0800,6.0400,4100298,24855320.0000,3,1.397854,1,0.662300,-131.035198,1.296018,16.500569,2.471983,0
2012-02-14,sh.600730,6.0900,6.1600,6.0200,6.1500,6.0800,3049421,18591946.0000,3,1.039594,1,1.151300,-132.543827,1.310940,16.690542,2.500444,0
2012-02-15,sh.600730,6.1500,6.7700,6.1000,6.7700,6.1500,6834901,44778817.0000,3,2.330122,1,10.081300,-145.905969,1.443099,18.373166,2.752521,0
2012-02-16,sh.600730,6.9800,7.4000,6.9000,7.1600,6.7700,22652342,161371419.0000,3,7.722530,1,5.760700,-154.311187,1.526232,19.431591,2.911086,0
2012-02-20,sh.600730,6.7200,7.0400,6.6800,6.9400,7.1600,31317530,214159589.0000,3,10.676625,1,-3.072600,-149.569782,1.479337,18.834531,2.821639,0
2012-02-21,sh.600730,6.8100,6.8900,6.6000,6.8200,6.9400,18436018,124371880.0000,3,6.285120,1,-1.729100,-146.983561,1.453758,18.508862,2.772850,0
2012-02-22,sh.600730,6.7500,6.9500,6.7300,6.8900,6.8200,17075318,116570357.0000,3,5.821237,1,1.026400,-148.492190,1.468679,18.698835,2.801310,0
2012-02-23,sh.600730,6.8100,7.0500,6.6700,7.0400,6.8900,21021725,144424194.0000,3,7.166627,1,2.177100,-151.724966,1.500653,19.105922,2.862297,0
2012-02-27,sh.600730,6.9500,7.0900,6.8700,6.8900,7.0400,17798542,123785502.0000,3,6.067795,1,-2.130700,-148.492190,1.468679,18.698835,2.801310,0
2012-02-28,sh.600730,6.8800,6.8800,6.6500,6.7300,6.8900,8310873,56120234.0000,3,2.833304,1,-2.322200,-145.043895,1.434573,18.264610,2.736258,0
2012-02-29,sh.600730,6.6900,6.7600,6.5800,6.6200,6.7300,5266271,35093397.0000,3,1.795352,1,-1.634500,-142.673192,1.411125,17.966080,2.691535,0
2012-03-01,sh.600730,6.5700,6.9000,6.5700,6.7900,6.6200,7644077,51803267.0000,3,2.605983,1,2.568000,-146.337006,1.447363,18.427444,2.760653,0
2012-03-02,sh.600730,6.7900,6.9500,6.7200,6.8400,6.7900,6512683,44538101.0000,3,2.220273,1,0.736400,-147.414598,1.458021,18.563140,2.780981,0
2012-03-05,sh.600730,6.8600,6.9400,6.7600,6.8400,6.8400,6953315,47497025.0000,3,2.370491,1,0.000000,-147.414598,1.458021,18.563140,2.780981,0
2012-03-06,sh.600730,6.8000,6.8200,6.6700,6.6900,6.8400,5111861,34340774.0000,3,1.742712,1,-2.193000,-144.181821,1.426047,18.156053,2.719995,0
2012-03-07,sh.600730,6.6200,6.7700,6.5900,6.6500,6.6900,5817865,38948210.0000,3,1.983399,1,-0.597900,-143.319748,1.417520,18.047497,2.703732,0
2012-03-08,sh.600730,6.6700,6.8300,6.6600,6.7800,6.6500,4569052,30843125.0000,3,1.557660,1,1.954900,-146.121487,1.445231,18.400305,2.756587,0
2012-03-09,sh.600730,6.7900,6.8700,6.7300,6.8500,6.7800,6858457,46696857.0000,3,2.338153,1,1.032400,-147.630116,1.460152,18.590279,2.785047,0
2012-03-12,sh.600730,6.8600,6.9500,6.7900,6.8700,6.8500,7376159,50718817.0000,3,2.514645,1,0.292000,-148.061153,1.464416,18.644557,2.793179,0
2012-03-13,sh.600730,6.8700,7.0700,6.7600,6.9900,6.8700,8603580,59554594.0000,3,2.933092,1,1.746700,-150.647374,1.489995,18.970226,2.841968,0
2012-03-14,sh.600730,6.9800,7.0300,6.2900,6.3700,6.9900,10285996,68941996.0000,3,3.506653,1,-8.869800,-137.285232,1.357835,17.287602,2.589891,0
2012-03-15,sh.600730,6.3000,6.5000,6.0000,6.1300,6.3700,5557610,34589782.0000,3,1.894674,1,-3.767700,-132.112790,1.306676,16.636264,2.492312,0
2012-03-16,sh.600730,6.1800,6.2800,6.1000,6.2500,6.1300,5155790,31910106.0000,3,1.757688,1,1.957600,-134.699011,1.332256,16.961933,2.541101,0
2012-03-19,sh.600730,6.2400,6.4900,6.1800,6.4100,6.2500,6872176,43596556.0000,3,2.342830,1,2.560000,-138.147306,1.366362,17.396159,2.606154,0
2012-03-20,sh.600730,6.3800,6.3800,6.1100,6.1500,6.4100,4964102,30988214.0000,3,1.692338,1,-4.056200,-132.543827,1.310940,16.690542,2.500444,0
2012-03-21,sh.600730,6.1900,6.2500,6.0700,6.1900,6.1500,3334260,20525864.0000,3,1.136700,1,0.650400,-133.405900,1.319466,16.799099,2.516707,0
2012-03-22,sh.600730,6.1900,6.3300,6.1500,6.2600,6.1900,2948781,18374793.0000,3,1.005285,1,1.130900,-134.914529,1.334387,16.989072,2.545167,0
2012-03-23,sh.600730,6.2300,6.2300,6.0400,6.0700,6.2600,2802550,17164635.0000,3,0.955432,1,-3.035100,-130.819679,1.293887,16.473430,2.467918,0
2012-03-26,sh.600730,6.1100,6.1200,6.0400,6.0900,6.0700,1611978,9791033.0000,3,0.549548,1,0.329500,-131.250716,1.298150,16.527708,2.476049,0
2012-03-27,sh.600730,6.1500,6.3500,6.1000,6.1900,6.0900,3460284,21580697.0000,3,1.179664,1,1.642000,-133.405900,1.319466,16.799099,2.516707,0
2012-03-28,sh.600730,6.1800,6.2000,5.7500,5.8100,6.1900,3609151,21571652.0000,3,1.230415,1,-6.138900,-125.216201,1.238465,15.767813,2.362208,0
2012-03-29,sh.600730,5.8100,5.8800,5.5200,5.6400,5.8100,2428048,13785664.0000,3,0.827759,1,-2.926000,-121.552387,1.202228,15.306449,2.293090,0
2012-03-30,sh.600730,5.6900,5.7400,5.5600,5.6600,5.6400,1859771,10506353.0000,3,0.634024,1,0.354600,-121.983424,1.206491,15.360727,2.301221,0
2012-04-05,sh.600730,5.6500,5.8500,5.6400,5.8300,5.6600,1744381,10053189.0000,3,0.594686,1,3.003500,-125.647237,1.242728,15.822091,2.370339,0
2012-04-06,sh.600730,5.8000,6.0300,5.7700,6.0100,5.8300,3895625,23124406.0000,3,1.328078,1,3.087500,-129.526569,1.281097,16.310595,2.443523,0
2012-04-09,sh.600730,5.9900,6.0800,5.9000,5.9300,6.0100,1833646,10967320.0000,3,0.625118,1,-1.331100,-127.802422,1.264044,16.093482,2.410997,0
2012-04-10,sh.600730,5.8700,6.0800,5.7400,6.0700,5.9300,2091793,12348311.0000,3,0.713124,1,2.360900,-303.702765,1.725808,8.882024,2.384266,0
2012-04-11,sh.600730,5.9800,6.1000,5.9600,6.0800,6.0700,2273194,13735942.0000,3,0.774967,1,0.164700,-304.203099,1.728651,8.896656,2.388194,0
2012-04-12,sh.600730,6.0900,6.2900,6.0500,6.2700,6.0800,4534870,28224356.0000,3,1.546007,1,3.125000,-313.709446,1.782671,9.174677,2.462825,0
2012-04-13,sh.600730,6.2600,6.6400,6.2000,6.3900,6.2700,7654986,48979472.0000,3,2.609702,1,1.913900,-319.713455,1.816789,9.350269,2.509960,0
2012-04-16,sh.600730,6.2700,6.5500,6.2100,6.4200,6.3900,7399891,47275748.0000,3,2.522736,1,0.469500,-321.214457,1.825319,9.394167,2.521744,0
2012-04-17,sh.600730,6.3500,6.5800,6.3300,6.3500,6.4200,5879349,37973887.0000,3,2.004360,1,-1.090300,-317.712118,1.805417,9.291738,2.494248,0
2012-04-18,sh.600730,6.3900,6.6400,6.3100,6.5400,6.3500,6454361,41944287.0000,3,2.200390,1,2.992100,-327.218465,1.859437,9.569759,2.568879,0
2012-04-19,sh.600730,6.5100,6.5800,6.3600,6.3900,6.5400,4857903,31300746.0000,3,1.656133,1,-2.293600,-319.713455,1.816789,9.350269,2.509960,0
2012-04-20,sh.600730,6.4000,6.8000,6.3400,6.6000,6.3900,8661565,57175543.0000,3,2.952860,1,3.286400,-172.822374,3.118141,321.519409,2.629582,0
2012-04-23,sh.600730,6.5400,6.9100,6.5400,6.6700,6.6000,9025581,60819242.0000,3,3.076959,1,1.060600,-174.655338,3.151212,324.929463,2.657472,0
2012-04-24,sh.600730,6.6600,6.9100,6.3300,6.7100,6.6700,12089954,80372885.0000,3,4.121650,1,0.599700,-175.702747,3.170110,326.878066,2.673409,0
2012-04-25,sh.600730,6.6000,7.1200,6.5700,6.9300,6.7100,13775551,95540961.0000,3,4.696296,1,3.278700,-181.463492,3.274048,337.595379,2.761061,0
2012-04-26,sh.600730,7.0000,7.0700,6.6600,6.7100,6.9300,8391168,57071603.0000,3,2.860677,1,-3.174600,-175.702747,3.170110,326.878066,2.673409,0
2012-04-27,sh.600730,6.7100,6.7100,6.4500,6.4700,6.7100,6026511,39432734.0000,3,2.054530,1,-3.576800,-169.418297,3.056723,315.186451,2.577787,0
2012-05-02,sh.600730,6.5300,6.6600,6.4200,6.5600,6.4700,4413206,28934235.0000,3,1.504529,1,1.391000,-171.774965,3.099243,319.570806,2.613645,0
2012-05-03,sh.600730,6.5600,6.5800,6.3500,6.4500,6.5600,4049427,26112910.0000,3,1.380512,1,-1.676800,-168.894593,3.047274,314.212150,2.569819,0
2012-05-07,sh.600730,6.5000,6.5500,6.3100,6.5200,6.4500,4539758,29199757.0000,3,1.547673,1,1.085300,-170.727557,3.080345,317.622204,2.597709,0
2012-05-08,sh.600730,6.4800,6.6800,6.4300,6.5800,6.5200,3115690,20457942.0000,3,1.062186,1,0.920200,-172.298670,3.108692,320.545108,2.621614,0
2012-05-09,sh.600730,6.5500,6.5700,6.4600,6.4800,6.5800,2134956,13895251.0000,3,0.727839,1,-1.519800,-169.680149,3.061447,315.673601,2.581772,0
2012-05-10,sh.600730,6.4300,6.6100,6.4300,6.5500,6.4800,2223989,14567719.0000,3,0.758192,1,1.080200,-171.513113,3.094518,319.083656,2.609661,0
2012-05-11,sh.600730,6.5600,6.6800,6.5000,6.5900,6.5500,3543069,23393067.0000,3,1.207886,1,0.610700,-172.560522,3.113416,321.032258,2.625598,0
2012-05-14,sh.600730,6.6600,6.8300,6.6100,6.7700,6.5900,7225656,48857603.0000,3,2.463337,1,2.731400,-177.273859,3.198456,329.800969,2.697314,0
2012-05-15,sh.600730,6.7300,6.7300,6.5600,6.6900,6.7700,3280253,21780689.0000,3,1.118288,1,-1.181700,-175.179043,3.160661,325.903764,2.665440,0
2012-05-16,sh.600730,6.6500,6.6800,6.3800,6.4100,6.6900,3671660,23955899.0000,3,1.251725,1,-4.185400,-167.847184,3.028376,312.263547,2.553882,0
2012-05-17,sh.600730,6.3800,6.6300,6.3200,6.5800,6.4100,3720081,24095752.0000,3,1.268232,1,2.652100,-172.298670,3.108692,320.545108,2.621614,0
2012-05-18,sh.600730,6.5000,6.6000,6.3400,6.3600,6.5800,2882884,18512643.0000,3,0.982819,1,-3.343500,-166.537924,3.004754,309.827794,2.533961,0
2012-05-21,sh.600730,6.3700,6.4500,6.1800,6.2400,6.3600,1877581,11775731.0000,3,0.640096,1,-1.886800,-163.395699,2.948060,303.981987,2.486150,0
2012-05-22,sh.600730,6.2700,6.4500,6.2700,6.4000,6.2400,1898568,12084337.0000,3,0.647251,1,2.564100,-167.585332,3.023652,311.776396,2.549898,0
2012-05-23,sh.600730,6.3700,6.4300,6.2300,6.3200,6.4000,1616035,10213104.0000,3,0.550931,1,-1.250000,-165.490516,2.985856,307.879191,2.518024,0
2012-05-24,sh.600730,6.3300,6.3600,6.2300,6.2300,6.3200,1471697,9251355.0000,3,0.501724,1,-1.424100,-163.133847,2.943336,303.494836,2.482166,0
2012-05-25,sh.600730,6.2800,6.2800,6.0300,6.0900,6.2300,2661946,16275996.0000,3,0.907498,1,-2.247200,-159.467918,2.877193,296.674727,2.426387,0
2012-05-28,sh.600730,6.0500,6.1700,5.9300,6.1000,6.0900,1489955,9013692.0000,3,0.507948,1,0.164200,-159.729770,2.881918,297.161878,2.430371,0
2012-05-29,sh.600730,6.1700,6.7100,6.1700,6.7100,6.1000,7265061,48332818.0000,3,2.476770,1,10.000000,-175.702747,3.170110,326.878066,2.673409,0
2012-05-30,sh.600730,6.9000,7.1200,6.6900,6.8700,6.7100,18223147,125606704.0000,3,6.212549,1,2.384500,-179.892380,3.245701,334.672476,2.737156,0
2012-05-31,sh.600730,6.7200,6.8600,6.6000,6.7300,6.8700,7612853,51183271.0000,3,2.595338,1,-2.037800,-176.226451,3.179559,327.852367,2.681377,0
2012-06-01,sh.600730,6.7100,6.8600,6.5500,6.5900,6.7300,4740632,31575837.0000,3,1.616154,1,-2.080200,-172.560522,3.113416,321.032258,2.625598,0
2012-06-04,sh.600730,6.4600,6.5200,6.2000,6.2500,6.5900,4949883,31487832.0000,3,1.687491,1,-5.159300,-163.657551,2.952785,304.469137,2.490135,0
2012-06-05,sh.600730,6.2400,6.3300,6.1800,6.2000,6.2500,3006733,18794075.0000,3,1.025041,1,-0.800000,-162.348291,2.929162,302.033384,2.470214,0
2012-06-06,sh.600730,6.2500,6.2800,6.0900,6.1100,6.2000,2975140,18360626.0000,3,1.014271,1,-1.451600,-159.991622,2.886642,297.649028,2.434356,0
2012-06-07,sh.600730,6.1800,6.2600,6.1100,6.1200,6.1100,2519802,15573413.0000,3,0.859039,1,0.163700,-160.253474,2.891367,298.136179,2.438340,0
2012-06-08,sh.600730,6.2100,6.2400,6.1200,6.1500,6.1200,1865705,11528352.0000,3,0.636047,1,0.490200,-161.039030,2.905540,299.597631,2.450293,0
2012-06-11,sh.600730,6.1700,6.3500,6.1100,6.3300,6.1500,2621626,16358965.0000,3,0.893752,1,2.926800,-165.752368,2.990580,308.366342,2.522008,0
2012-06-12,sh.600730,6.2600,6.2800,6.1800,6.1800,6.3300,2011791,12506265.0000,3,0.685850,1,-2.369700,-161.824586,2.919714,301.059083,2.462245,0
2012-06-13,sh.600730,6.2500,6.3400,6.2100,6.3100,6.1800,2395268,15050434.0000,3,0.816583,1,2.103600,-165.228663,2.981131,307.392041,2.514040,0
2012-06-14,sh.600730,6.3100,6.4000,6.2600,6.3200,6.3100,2970422,18815775.0000,3,1.012662,1,0.158500,-165.490516,2.985856,307.879191,2.518024,0
2012-06-15,sh.600730,6.4000,6.4800,6.3400,6.4600,6.3200,3760631,24149271.0000,3,1.282057,1,2.215200,-169.156445,3.051998,314.699300,2.573803,0
2012-06-18,sh.600730,6.4600,6.5000,6.3900,6.4500,6.4600,2601701,16747206.0000,3,0.886960,1,-0.154800,-168.894593,3.047274,314.212150,2.569819,0
2012-06-19,sh.600730,6.4200,6.4300,6.2700,6.2800,6.4500,1691490,10744183.0000,3,0.576655,1,-2.635700,-164.443107,2.966958,305.930589,2.502087,0
2012-06-20,sh.600730,6.3000,6.4200,6.3000,6.4200,6.2800,1985394,12648695.0000,3,0.676851,1,2.229300,-168.109036,3.033100,312.750698,2.557866,0
2012-06-21,sh.600730,6.4400,6.4400,6.2400,6.2400,6.4200,1945347,12263367.0000,3,0.663199,1,-2.803700,-163.395699,2.948060,303.981987,2.486150,0
2012-06-25,sh.600730,6.2000,6.2000,6.0500,6.0700,6.2400,1574900,9638214.0000,3,0.536907,1,-2.724400,-158.944213,2.867745,295.700426,2.418419,0
2012-06-26,sh.600730,6.0100,6.1200,6.0100,6.1200,6.0700,1383060,8399321.0000,3,0.471506,1,0.823700,-160.253474,2.891367,298.136179,2.438340,0
2012-06-27,sh.600730,6.0800,6.1600,6.0200,6.0600,6.1200,1081814,6589502.0000,3,0.368807,1,-0.980400,-158.682361,2.863020,295.213275,2.414435,0
2012-06-28,sh.600730,6.0800,6.1100,5.8000,5.8100,6.0600,1380009,8291997.0000,3,0.470466,1,-4.125400,-152.136059,2.744909,283.034510,2.314829,0
2012-06-29,sh.600730,5.7900,6.1500,5.7800,6.1300,5.8100,2514798,15067471.0000,3,0.857333,1,5.507700,-160.515326,2.896091,298.623330,2.442324,0
2012-07-02,sh.600730,6.1100,6.4000,6.0800,6.3800,6.1300,4027703,25265563.0000,3,1.373106,1,4.078300,-167.061628,3.014203,310.802095,2.541929,0
2012-07-03,sh.600730,6.3700,6.5900,6.3400,6.4400,6.3800,7197425,46678592.0000,3,2.453712,1,0.940400,-168.632740,3.042549,313.724999,2.565835,0
2012-07-04,sh.600730,6.4400,6.5200,6.3800,6.4700,6.4400,3390098,21884112.0000,3,1.155736,1,0.465800,-169.418297,3.056723,315.186451,2.577787,0
2012-07-05,sh.600730,6.3500,6.7500,6.2900,6.6100,6.4700,5341071,34819318.0000,3,1.820853,1,2.163800,-173.084226,3.122865,322.006559,2.633566,0
2012-07-06,sh.600730,6.5800,6.6500,6.4100,6.5800,6.6100,4667181,30431419.0000,3,1.591113,1,-0.453900,-172.298670,3.108692,320.545108,2.621614,0
2012-07-09,sh.600730,6.5700,6.5700,6.2700,6.3500,6.5800,3512556,22473462.0000,3,1.197484,1,-3.495400,-166.276072,3.000029,309.340643,2.529977,0
2012-07-10,sh.600730,6.3200,6.3400,5.9500,6.0900,6.3500,3420355,20868301.0000,3,1.166051,1,-4.094500,-159.467918,2.877193,296.674727,2.426387,0
2012-07-11,sh.600730,6.0400,6.1400,6.0100,6.1000,6.0900,1860166,11307520.0000,3,0.634159,1,0.164200,-159.729770,2.881918,297.161878,2.430371,0
2012-07-12,sh.600730,5.9900,6.2300,5.8900,6.1900,6.1000,2653417,16148610.0000,3,0.904590,1,1.475400,-162.086438,2.924438,301.546233,2.466229,0
2012-07-13,sh.600730,6.1900,6.2200,6.0600,6.1100,6.1900,1172631,7186263.0000,3,0.399768,1,-1.292400,-159.991622,2.886642,297.649028,2.434356,0
2012-07-16,sh.600730,6.0600,6.1700,5.7900,5.8100,6.1100,3626772,21449723.0000,3,1.236422,1,-4.910000,-152.136059,2.744909,283.034510,2.314829,0
2012-07-17,sh.600730,5.6700,5.9400,5.6700,5.9300,5.8100,1994631,11623211.0000,3,0.680000,1,2.065400,-155.278284,2.801602,288.880317,2.362640,0
2012-07-18,sh.600730,5.8800,6.0500,5.8100,6.0200,5.9300,1309589,7755582.0000,3,0.446459,1,1.517700,-157.634953,2.844122,293.264673,2.398498,0
2012-07-19,sh.600730,6.0300,6.3200,5.9600,6.2000,6.0200,4305238,26704404.0000,3,1.467721,1,2.990000,-162.348291,2.929162,302.033384,2.470214,0
2012-07-20,sh.600730,6.1900,6.2200,6.0600,6.0800,6.2000,1609103,9873537.0000,3,0.548568,1,-1.935500,-159.206066,2.872469,296.187577,2.422403,0
2012-07-23,sh.600730,6.0300,6.1900,6.0200,6.0700,6.0800,1247586,7619214.0000,3,0.425321,1,-0.164500,-158.944213,2.867745,295.700426,2.418419,0
2012-07-24,sh.600730,6.0000,6.1700,6.0000,6.1000,6.0700,1299052,7889725.0000,3,0.442867,1,0.494200,-159.729770,2.881918,297.161878,2.430371,0
2012-07-25,sh.600730,6.0500,6.1500,6.0000,6.0300,6.1000,1275442,7725193.0000,3,0.434818,1,-1.147500,-157.896805,2.848847,293.751824,2.402482,0
2012-07-26,sh.600730,6.0500,6.0700,5.8700,5.9000,6.0300,1392437,8311210.0000,3,0.474703,1,-2.155900,-154.492728,2.787429,287.418865,2.350687,0
2012-07-27,sh.600730,5.9800,6.0000,5.9100,5.9600,5.9000,684818,4075158.0000,3,0.233465,1,1.016900,-156.063841,2.815776,290.341769,2.374592,0
2012-07-30,sh.600730,5.9100,6.0300,5.6800,5.6900,5.9600,1874812,10850954.0000,3,0.639152,1,-4.530200,-148.993834,2.688215,277.188702,2.267019,0
2012-07-31,sh.600730,5.7000,5.7700,5.5600,5.7200,5.6900,1297583,7320088.0000,3,0.442366,1,0.527200,-149.779391,2.702389,278.650154,2.278971,0
2012-08-01,sh.600730,5.6800,5.8300,5.6800,5.7900,5.7200,935350,5401485.0000,3,0.318875,1,1.223800,-151.612355,2.735460,282.060209,2.306861,0
2012-08-02,sh.600730,5.7700,5.8700,5.7000,5.7800,5.7900,931238,5380255.0000,3,0.317473,1,-0.172700,-151.350503,2.730735,281.573058,2.302877,0
2012-08-03,sh.600730,5.8200,5.9000,5.7800,5.8900,5.7800,948246,5543652.0000,3,0.323272,1,1.903100,-154.230876,2.782704,286.931715,2.346703,0
2012-08-06,sh.600730,5.9500,6.1100,5.8900,6.0600,5.8900,1709469,10333747.0000,3,0.582784,1,2.886200,-158.682361,2.863020,295.213275,2.414435,0
2012-08-07,sh.600730,6.0200,6.2100,6.0000,6.1800,6.0600,3175580,19444646.0000,3,1.082604,1,1.980200,-161.824586,2.919714,301.059083,2.462245,0
2012-08-08,sh.600730,6.1400,6.2100,6.0100,6.1400,6.1800,2342477,14362261.0000,3,0.798586,1,-0.647200,-160.777178,2.900816,299.110480,2.446308,0
2012-08-09,sh.600730,6.1000,6.2300,6.1000,6.1900,6.1400,1577218,9752323.0000,3,0.537698,1,0.814300,-162.086438,2.924438,301.546233,2.466229,0
2012-08-10,sh.600730,6.1800,6.2400,6.1500,6.2000,6.1900,1338839,8298904.0000,3,0.456431,1,0.161600,-162.348291,2.929162,302.033384,2.470214,0
2012-08-13,sh.600730,6.2000,6.2200,6.0700,6.0800,6.2000,860908,5288070.0000,3,0.293497,1,-1.935500,-159.206066,2.872469,296.187577,2.422403,0
2012-08-14,sh.600730,6.1100,6.3700,6.0400,6.3400,6.0800,2204105,13704393.0000,3,0.751413,1,4.276300,-166.014220,2.995305,308.853493,2.525993,0
2012-08-15,sh.600730,6.3000,6.4000,6.1600,6.1900,6.3400,1865995,11718436.0000,3,0.636146,1,-2.365900,-215.451409,4.156233,-9.922949,2.499516,0
2012-08-16,sh.600730,6.1900,6.2300,6.1300,6.1600,6.1900,587000,3621375.0000,3,0.200117,1,-0.484700,-214.407218,4.136090,-9.874857,2.487402,0
2012-08-17,sh.600730,6.1900,6.2200,6.0900,6.1900,6.1600,979134,6023305.0000,3,0.333802,1,0.487000,-215.451409,4.156233,-9.922949,2.499516,0
2012-08-20,sh.600730,6.1600,6.3500,6.1000,6.3000,6.1900,1561696,9788717.0000,3,0.532406,1,1.777100,-219.280109,4.230092,-10.099285,2.543934,0
2012-08-21,sh.600730,6.3700,6.3700,6.2500,6.3400,6.3000,1538633,9695181.0000,3,0.524544,1,0.634900,-220.672364,4.256950,-10.163408,2.560086,0
2012-08-22,sh.600730,6.3400,6.3400,6.1500,6.2200,6.3400,1291800,8064466.0000,3,0.440394,1,-1.892700,-216.495600,4.176376,-9.971040,2.511630,0
2012-08-23,sh.600730,6.1900,6.3000,6.1800,6.2600,6.2200,1060553,6626942.0000,3,0.361559,1,0.643100,-217.887854,4.203234,-10.035163,2.527782,0
2012-08-24,sh.600730,6.2000,6.3000,6.1700,6.2000,6.2600,1015100,6324799.0000,3,0.346063,1,-0.958500,-215.799472,4.162948,-9.938979,2.503554,0
2012-08-27,sh.600730,6.1100,6.2000,6.0800,6.1400,6.2000,1130058,6929507.0000,3,0.385254,1,-0.967700,-213.711090,4.122661,-9.842796,2.479326,0
2012-08-28,sh.600730,6.1400,6.2300,6.1000,6.1900,6.1400,851609,5265030.0000,3,0.290327,1,0.814300,-215.451409,4.156233,-9.922949,2.499516,0
2012-08-29,sh.600730,6.1300,6.3800,6.1300,6.3500,6.1900,2723486,17241798.0000,3,0.928478,1,2.584800,-221.020427,4.263664,-10.179438,2.564124,0
2012-08-30,sh.600730,6.3000,6.5300,6.2000,6.4900,6.3500,4473740,28666490.0000,3,1.525166,1,2.204722,-225.893319,4.357666,-10.403867,2.620656,0
2012-08-31,sh.600730,6.4800,6.4800,6.3700,6.4100,6.4900,1893800,12165658.0000,3,0.645625,1,-1.232700,-223.108809,4.303951,-10.275622,2.588352,0
2012-09-03,sh.600730,6.3800,6.7300,6.3800,6.6300,6.4100,5123129,33857568.0000,3,1.746553,1,3.432100,-230.766210,4.451668,-10.628296,2.677188,0
2012-09-04,sh.600730,6.6200,6.6400,6.5300,6.5600,6.6300,2076222,13645017.0000,3,0.707816,1,-1.055800,-228.329764,4.404667,-10.516081,2.648922,0
2012-09-05,sh.600730,6.6200,6.6200,6.3600,6.3800,6.5600,2361002,15225184.0000,3,0.804902,1,-2.743900,-222.064618,4.283807,-10.227530,2.576238,0
2012-09-06,sh.600730,6.4300,6.5200,6.3800,6.4600,6.3800,1734477,11184609.0000,3,0.591310,1,1.253900,-224.849128,4.337523,-10.355775,2.608542,0
2012-09-07,sh.600730,6.5100,6.6900,6.4700,6.6300,6.4600,3953878,26156217.0000,3,1.347937,1,2.631600,-230.766210,4.451668,-10.628296,2.677188,0
2012-09-10,sh.600730,6.6000,6.7900,6.5500,6.7500,6.6300,3813472,25369491.0000,3,1.300071,1,1.810000,-234.942974,4.532241,-10.820663,2.725644,0
2012-09-11,sh.600730,6.7100,6.7500,6.6000,6.6700,6.7500,2416765,16092903.0000,3,0.823912,1,-1.185200,-232.158464,4.478526,-10.692418,2.693340,0
2012-09-12,sh.600730,6.7600,6.8200,6.6000,6.7500,6.6700,3553228,23942597.0000,3,1.211350,1,1.199400,-234.942974,4.532241,-10.820663,2.725644,0
2012-09-13,sh.600730,6.7700,6.8500,6.5500,6.5600,6.7500,2356392,15860673.0000,3,0.803330,1,-2.814800,-228.329764,4.404667,-10.516081,2.648922,0
2012-09-14,sh.600730,6.5900,6.6700,6.5000,6.5600,6.5600,2379923,15683917.0000,3,0.811352,1,0.000000,-228.329764,4.404667,-10.516081,2.648922,0
2012-09-17,sh.600730,6.5100,6.5600,6.3500,6.3700,6.5600,2194300,14170940.0000,3,0.748070,1,-2.896300,-221.716555,4.277093,-10.211500,2.572200,0
2012-09-18,sh.600730,6.3600,6.4200,6.3200,6.3400,6.3700,1536555,9797752.0000,3,0.523835,1,-0.471000,-220.672364,4.256950,-10.163408,2.560086,0
2012-09-19,sh.600730,6.4400,6.4400,6.3400,6.4100,6.3400,1260555,8039885.0000,3,0.429742,1,1.104100,-223.108809,4.303951,-10.275622,2.588352,0
2012-09-20,sh.600730,6.4100,6.4100,5.9100,5.9400,6.4100,3250851,19876581.0000,3,1.108265,1,-7.332300,-206.749817,3.988372,-9.522183,2.398567,0
2012-09-21,sh.600730,5.9800,6.0500,5.9200,5.9800,5.9400,1430740,8544693.0000,3,0.487761,1,0.673400,-208.142072,4.015230,-9.586306,2.414718,0
2012-09-24,sh.600730,5.9800,5.9800,5.7400,5.9200,5.9800,1813758,10624418.0000,3,0.618338,1,-1.003300,-206.053690,3.974943,-9.490122,2.390491,0
2012-09-25,sh.600730,5.8800,6.0000,5.8600,5.8800,5.9200,1083739,6414673.0000,3,0.369463,1,-0.675700,-204.661435,3.948086,-9.426000,2.374339,0
2012-09-26,sh.600730,5.8800,5.9700,5.8200,5.8300,5.8800,597331,3515189.0000,3,0.203639,1,-0.850300,-202.921117,3.914514,-9.345847,2.354149,0
2012-09-27,sh.600730,5.8800,6.2900,5.8500,6.1900,5.8300,3168334,19495242.0000,3,1.080133,1,6.175000,-215.451409,4.156233,-9.922949,2.499516,0
2012-09-28,sh.600730,6.1500,6.2200,6.0600,6.2100,6.1900,1416707,8698689.0000,3,0.482977,1,0.323100,-216.147536,4.169662,-9.955010,2.507592,0
2012-10-08,sh.600730,6.2100,6.2300,6.1300,6.1800,6.2100,859666,5310870.0000,3,0.293073,1,-0.483100,-215.103345,4.149519,-9.906918,2.495478,0
2012-10-09,sh.600730,6.1800,6.3000,6.1800,6.2500,6.1800,2188685,13646342.0000,3,0.746156,1,1.132700,-217.539791,4.196520,-10.019132,2.523744,0
2012-10-10,sh.600730,6.2300,6.3000,6.2100,6.2800,6.2500,1788111,11188466.0000,3,0.609594,1,0.480000,-218.583982,4.216663,-10.067224,2.535858,0
2012-10-11,sh.600730,6.2600,6.4600,6.2000,6.2200,6.2800,1814001,11494330.0000,3,0.618421,1,-0.955400,-216.495600,4.176376,-9.971040,2.511630,0
2012-10-12,sh.600730,6.2000,6.3200,6.1000,6.1500,6.2200,2338359,14408000.0000,3,0.797182,1,-1.125400,-214.059154,4.129375,-9.858826,2.483364,0
2012-10-15,sh.600730,6.1600,6.1600,5.9100,6.0200,6.1500,3579496,21484961.0000,3,1.220305,1,-2.113800,-209.534326,4.042088,-9.650428,2.430870,0
2012-10-16,sh.600730,6.1000,6.1000,6.0100,6.0400,6.0200,1591549,9652166.0000,3,0.542583,1,0.332200,-210.230454,4.055517,-9.682489,2.438946,0
2012-10-17,sh.600730,6.0500,6.1200,5.9800,6.0400,6.0400,986254,5957933.0000,3,0.336229,1,0.000000,-210.230454,4.055517,-9.682489,2.438946,0
2012-10-18,sh.600730,6.0100,6.1500,6.0100,6.1300,6.0400,2227730,13561307.0000,3,0.759467,1,1.490100,-213.363027,4.115947,-9.826765,2.475288,0
2012-10-19,sh.600730,6.0800,6.1300,6.0400,6.1200,6.1300,1136483,6948278.0000,3,0.387444,1,-0.163136,-213.014963,4.109232,-9.810734,2.471250,0
2012-10-22,sh.600730,6.0500,6.1200,6.0400,6.1100,6.1200,1097091,6657772.0000,3,0.374015,1,-0.163400,-212.666899,4.102518,-9.794704,2.467212,0
2012-10-23,sh.600730,6.1000,6.2800,6.0900,6.2100,6.1100,2869023,17779386.0000,3,0.978094,1,1.636700,-216.147536,4.169662,-9.955010,2.507592,0
2012-10-24,sh.600730,6.1300,6.2700,6.1200,6.1400,6.2100,1130433,6982785.0000,3,0.385382,1,-1.127200,-213.711090,4.122661,-9.842796,2.479326,0
2012-10-25,sh.600730,6.1200,6.2000,6.0400,6.0400,6.1400,1132800,6914978.0000,3,0.386189,1,-1.628700,-210.230454,4.055517,-9.682489,2.438946,0
2012-10-26,sh.600730,6.0400,6.0600,5.8700,5.9400,6.0400,1284154,7617192.0000,3,0.437788,1,-1.655600,-206.749817,3.988372,-9.522183,2.398567,0
2012-10-29,sh.600730,5.9300,5.9800,5.8800,5.9300,5.9400,504886,2984671.0000,3,0.172123,1,-0.168400,-206.401753,3.981658,-9.506153,2.394529,0
2012-10-30,sh.600730,5.9600,6.0200,5.9100,6.0000,5.9300,736001,4401891.0000,3,0.250914,1,1.180400,-208.838199,4.028659,-9.618367,2.422794,0
2012-10-31,sh.600730,6.0400,6.0700,5.9200,6.0600,6.0000,844820,5067072.0000,3,0.288012,1,1.000000,74.712523,11.002330,26.083654,2.385194,0
2012-11-01,sh.600730,6.0600,6.1700,5.9700,6.0900,6.0600,2265690,13772778.0000,3,0.772408,1,0.495000,75.082387,11.056797,26.212781,2.397001,0
2012-11-02,sh.600730,6.0800,6.1500,6.0600,6.1300,6.0900,1053157,6431247.0000,3,0.359037,1,0.656800,75.575539,11.129420,26.384951,2.412745,0
2012-11-05,sh.600730,6.1100,6.1600,6.0900,6.1100,6.1300,698090,4275910.0000,3,0.237990,1,-0.326300,75.328963,11.093109,26.298866,2.404873,0
2012-11-06,sh.600730,6.1100,6.1300,5.9400,6.0100,6.1100,1055807,6340390.0000,3,0.359941,1,-1.636700,74.096083,10.911552,25.868443,2.365514,0
2012-11-07,sh.600730,5.9700,6.0400,5.9600,6.0400,6.0100,746539,4487169.0000,3,0.254507,1,0.499200,74.465947,10.966019,25.997570,2.377322,0
2012-11-08,sh.600730,6.0000,6.0300,5.9000,5.9000,6.0400,725300,4313810.0000,3,0.247266,1,-2.317900,72.739915,10.711840,25.394977,2.322218,0
2012-11-09,sh.600730,5.9000,5.9500,5.8600,5.8800,5.9000,643134,3797106.0000,3,0.219254,1,-0.339000,72.493339,10.675528,25.308892,2.314346,0
2012-11-12,sh.600730,5.9500,5.9500,5.8600,5.9200,5.8800,393624,2325436.0000,3,0.134192,1,0.680300,72.986491,10.748151,25.481061,2.330090,0
2012-11-13,sh.600730,5.9300,5.9300,5.8200,5.8300,5.9200,571320,3349085.0000,3,0.194772,1,-1.520300,71.876899,10.584750,25.093680,2.294666,0
2012-11-14,sh.600730,5.8300,5.8800,5.7500,5.8400,5.8300,745312,4324442.0000,3,0.254088,1,0.171500,72.000187,10.602906,25.136723,2.298602,0
2012-11-15,sh.600730,5.8500,5.8500,5.6300,5.6800,5.8400,850497,4868594.0000,3,0.289947,1,-2.739700,70.027580,10.312415,24.448045,2.235627,0
2012-11-16,sh.600730,5.6500,5.7200,5.5900,5.6300,5.6800,690650,3896027.0000,3,0.235453,1,-0.880300,69.411140,10.221637,24.232834,2.215947,0
2012-11-19,sh.600730,5.6700,5.7100,5.5900,5.7000,5.6300,472504,2663253.0000,3,0.161084,1,1.243300,70.274156,10.348727,24.534130,2.243499,0
2012-11-20,sh.600730,5.7800,5.7800,5.6700,5.7000,5.7000,282389,1609684.0000,3,0.096271,1,0.000000,70.274156,10.348727,24.534130,2.243499,0
2012-11-21,sh.600730,5.7000,5.7600,5.6100,5.7400,5.7000,702040,4003897.0000,3,0.239336,1,0.701800,70.767307,10.421349,24.706299,2.259243,0
2012-11-22,sh.600730,5.7000,5.7100,5.6200,5.6300,5.7400,465600,2637413.0000,3,0.158730,1,-1.916400,69.411140,10.221637,24.232834,2.215947,0
2012-11-23,sh.600730,5.6800,5.7200,5.6400,5.6600,5.6300,374080,2128922.0000,3,0.127530,1,0.532900,69.781004,10.276104,24.361961,2.227755,0
2012-11-26,sh.600730,5.6300,5.6700,5.6000,5.6600,5.6600,357285,2011914.0000,3,0.121804,1,0.000000,69.781004,10.276104,24.361961,2.227755,0
2012-11-27,sh.600730,5.6600,5.6600,5.4400,5.4700,5.6600,817998,4526603.0000,3,0.278868,1,-3.356900,67.438532,9.931146,23.544156,2.152972,0
2012-11-28,sh.600730,5.4700,5.4700,5.1500,5.2500,5.4700,790999,4178477.0000,3,0.269664,1,-4.021900,64.726196,9.531722,22.597225,2.066381,0
2012-11-29,sh.600730,5.2900,5.3100,5.1600,5.1600,5.2500,480900,2508746.0000,3,0.163946,1,-1.714300,63.616604,9.368321,22.209844,2.030957,0
2012-11-30,sh.600730,5.1600,5.2600,5.1100,5.2200,5.1600,430183,2237987.0000,3,0.146656,1,1.162800,64.356332,9.477255,22.468098,2.054573,0
2012-12-03,sh.600730,5.2100,5.2500,5.0800,5.1000,5.2200,448510,2314907.0000,3,0.152904,1,-2.298900,62.876876,9.259387,21.951590,2.007341,0
2012-12-04,sh.600730,5.0900,5.1000,4.9000,5.0700,5.1000,1033707,5150816.0000,3,0.352407,1,-0.588200,62.507012,9.204920,21.822463,1.995533,0
2012-12-05,sh.600730,5.0400,5.2900,5.0400,5.2400,5.0700,1394387,7271279.0000,3,0.475368,1,3.353100,64.602908,9.513566,22.554183,2.062445,0
2012-12-06,sh.600730,5.2700,5.2800,5.1500,5.1600,5.2400,812339,4233977.0000,3,0.276939,1,-1.526700,63.616604,9.368321,22.209844,2.030957,0
2012-12-07,sh.600730,5.1600,5.3000,5.1400,5.2700,5.1600,1224703,6423210.0000,3,0.417520,1,2.131800,64.972772,9.568033,22.683310,2.074253,0
2012-12-10,sh.600730,5.2800,5.4400,5.2400,5.4200,5.2700,1651259,8864172.0000,3,0.562939,1,2.846300,66.822092,9.840368,23.328945,2.133292,0
2012-12-11,sh.600730,5.4000,5.4300,5.3000,5.3800,5.4200,1142701,6125446.0000,3,0.389564,1,-0.738000,66.328940,9.767745,23.156775,2.117548,0
2012-12-12,sh.600730,5.3500,5.4000,5.2500,5.3500,5.3800,1151475,6125994.0000,3,0.392555,1,-0.557600,65.959076,9.713278,23.027648,2.105740,0
2012-12-13,sh.600730,5.3500,5.4600,5.2600,5.3200,5.3500,1092108,5885569.0000,3,0.372316,1,-0.560700,65.589212,9.658811,22.898521,2.093932,0
2012-12-14,sh.600730,5.3400,5.5300,5.2900,5.4800,5.3200,1734483,9476735.0000,3,0.591312,1,3.007500,67.561820,9.949302,23.587199,2.156908,0
2012-12-17,sh.600730,5.5000,5.5800,5.4400,5.5100,5.4800,1444933,7944991.0000,3,0.492600,1,0.547400,67.931684,10.003769,23.716326,2.168716,0
2012-12-18,sh.600730,5.4800,5.5500,5.4400,5.4900,5.5100,1297839,7127749.0000,3,0.442453,1,-0.363000,67.685108,9.967458,23.630241,2.160844,0
2012-12-19,sh.600730,5.4900,5.5000,5.3600,5.4600,5.4900,1003872,5456258.0000,3,0.342235,1,-0.546400,67.315244,9.912991,23.501114,2.149036,0
2012-12-20,sh.600730,5.4600,5.4600,5.3600,5.4200,5.4600,943135,5101206.0000,3,0.321529,1,-0.732600,66.822092,9.840368,23.328945,2.133292,0
2012-12-21,sh.600730,5.4000,5.4700,5.3700,5.4300,5.4200,997005,5398770.0000,3,0.339894,1,0.184500,66.945380,9.858524,23.371987,2.137228,0
2012-12-24,sh.600730,5.4200,5.4500,5.3900,5.4400,5.4300,1058661,5744823.0000,3,0.360914,1,0.184200,67.068668,9.876679,23.415029,2.141164,0
2012-12-25,sh.600730,5.4400,5.5700,5.4000,5.5300,5.4400,1801738,9943449.0000,3,0.614240,1,1.654400,68.178260,10.040080,23.802410,2.176588,0
2012-12-26,sh.600730,5.5800,5.7200,5.5500,5.7000,5.5300,3192769,18041528.0000,3,1.088464,1,3.074100,70.274156,10.348727,24.534130,2.243499,0
2012-12-27,sh.600730,5.7000,5.7000,5.5500,5.5700,5.7000,1995700,11175574.0000,3,0.680365,1,-2.280700,68.671412,10.112703,23.974580,2.192331,0
2012-12-28,sh.600730,5.5600,5.6400,5.5600,5.6300,5.5700,1452750,8151581.0000,3,0.495265,1,1.077200,69.411140,10.221637,24.232834,2.215947,0
2012-12-31,sh.600730,5.6500,5.6700,5.5900,5.6500,5.6300,1528112,8610344.0000,3,0.520957,1,0.355200,69.657716,10.257948,24.318918,2.223819,0
2013-01-04,sh.600730,5.6700,5.6900,5.5400,5.5900,5.6500,1552905,8703378.0000,3,0.529409,1,-1.061900,68.917988,10.149014,24.060664,2.200203,0
2013-01-07,sh.600730,5.6000,5.9100,5.5900,5.8500,5.5900,4191129,24399843.0000,3,1.428820,1,4.651200,72.123475,10.621061,25.179765,2.302538,0
2013-01-08,sh.600730,5.8500,6.1500,5.7900,6.0700,5.8500,5714565,34285476.0000,3,1.948183,1,3.760700,74.835811,11.020486,26.126697,2.389130,0
2013-01-09,sh.600730,6.0200,6.4300,6.0100,6.2500,6.0700,7942836,49823297.0000,3,2.707834,1,2.965400,77.054995,11.347288,26.901459,2.459977,0
2013-01-10,sh.600730,6.2500,6.5400,6.2200,6.5200,6.2500,8021209,51511958.0000,3,2.734553,1,4.320000,80.383771,11.837491,28.063602,2.566248,0
2013-01-11,sh.600730,6.5500,6.6100,6.4000,6.5500,6.5200,9481118,61656697.0000,3,3.232258,1,0.460100,80.753635,11.891958,28.192729,2.578056,0
2013-01-14,sh.600730,6.4200,6.5500,6.3500,6.5000,6.5500,6590583,42624128.0000,3,2.246831,1,-0.763400,80.137195,11.801179,27.977517,2.558376,0
2013-01-15,sh.600730,6.4500,6.6100,6.4300,6.5400,6.5000,5188295,33848043.0000,3,1.768769,1,0.615400,80.630347,11.873802,28.149686,2.574120,0
2013-01-16,sh.600730,6.5000,6.5000,6.1500,6.3300,6.5400,7630220,48007162.0000,3,2.601259,1,-3.211000,78.041299,11.492533,27.245797,2.491465,0
2013-01-17,sh.600730,6.2800,6.3100,6.0900,6.1100,6.3300,3825659,23561772.0000,3,1.304226,1,-3.475500,75.328963,11.093109,26.298866,2.404873,0
2013-01-18,sh.600730,6.1200,6.2400,6.0700,6.1900,6.1100,3442335,21166634.0000,3,1.173545,1,1.309300,76.315267,11.238354,26.643205,2.436361,0
2013-01-21,sh.600730,6.1700,6.2500,6.1200,6.2200,6.1900,3207268,19850280.0000,3,1.093407,1,0.484700,76.685131,11.292821,26.772332,2.448169,0
2013-01-22,sh.600730,6.2000,6.2800,6.1300,6.1600,6.2200,2112989,13045344.0000,3,0.720350,1,-0.964600,75.945403,11.183887,26.514078,2.424553,0
2013-01-23,sh.600730,6.1300,6.2800,6.1200,6.2500,6.1600,1881524,11639949.0000,3,0.641440,1,1.461000,77.054995,11.347288,26.901459,2.459977,0
2013-01-24,sh.600730,6.2500,6.3500,6.1500,6.2000,6.2500,4514896,28307574.0000,3,1.539197,1,-0.800000,76.438555,11.256510,26.686247,2.440297,0
2013-01-25,sh.600730,6.2000,6.3300,6.1500,6.3200,6.2000,2526680,15813202.0000,3,0.861384,1,1.935500,77.918011,11.474377,27.202755,2.487529,0
2013-01-28,sh.600730,6.3100,6.4300,6.2900,6.3900,6.3200,2645663,16848676.0000,3,0.901947,1,1.107600,78.781027,11.601467,27.504051,2.515080,0
2013-01-29,sh.600730,6.4100,6.4100,6.3100,6.3500,6.3900,2115473,13419651.0000,3,0.721197,1,-0.626000,78.287875,11.528844,27.331882,2.499337,0
2013-01-30,sh.600730,6.3200,6.5500,6.3200,6.5100,6.3500,3921388,25317746.0000,3,1.336861,1,2.519700,80.260483,11.819335,28.020559,2.562312,0
2013-01-31,sh.600730,6.4800,6.5900,6.2700,6.3300,6.5100,3071012,19594624.0000,3,1.046955,1,-2.765000,78.041299,11.492533,27.245797,2.491465,0
2013-02-01,sh.600730,6.3200,6.3300,6.2000,6.3200,6.3300,1976721,12415591.0000,3,0.673894,1,-0.158000,77.918011,11.474377,27.202755,2.487529,0
2013-02-04,sh.600730,6.3200,6.3500,6.2100,6.2100,6.3200,1623609,10142420.0000,3,0.553513,1,-1.740500,76.561843,11.274665,26.729289,2.444233,0
2013-02-05,sh.600730,6.1900,6.2800,6.1300,6.2600,6.2100,1160897,7205659.0000,3,0.395768,1,0.805200,77.178283,11.365444,26.944501,2.463913,0
2013-02-06,sh.600730,6.2800,6.3100,6.2200,6.2800,6.2600,1624199,10159178.0000,3,0.553714,1,0.319500,77.424859,11.401755,27.030586,2.471785,0
2013-02-07,sh.600730,6.3100,6.3200,6.2300,6.2700,6.2800,1003185,6275216.0000,3,0.342001,1,-0.159200,77.301571,11.383599,26.987543,2.467849,0
2013-02-08,sh.600730,6.3000,6.3300,6.2600,6.2900,6.2700,1866114,11749212.0000,3,0.636187,1,0.319000,77.548147,11.419910,27.073628,2.475721,0
2013-02-18,sh.600730,6.3400,6.3800,6.2900,6.3300,6.2900,2846298,17992337.0000,3,0.970347,1,0.635900,78.041299,11.492533,27.245797,2.491465,0
2013-02-19,sh.600730,6.3300,6.3700,6.2400,6.2800,6.3300,2009030,12643714.0000,3,0.684909,1,-0.789900,77.424859,11.401755,27.030586,2.471785,0
2013-02-20,sh.600730,6.2700,6.3700,6.2700,6.3200,6.2800,3232596,20423470.0000,3,1.102041,1,0.636900,77.918011,11.474377,27.202755,2.487529,0
2013-02-21,sh.600730,6.3100,6.4200,6.2200,6.2800,6.3200,3146009,19894477.0000,3,1.072523,1,-0.632900,77.424859,11.401755,27.030586,2.471785,0
2013-02-22,sh.600730,6.2800,6.2800,6.1500,6.2300,6.2800,2106209,13069342.0000,3,0.718039,1,-0.796200,76.808419,11.310977,26.815374,2.452105,0
2013-02-25,sh.600730,6.2400,6.2600,6.1900,6.2300,6.2300,1285281,7995424.0000,3,0.438172,1,0.000000,76.808419,11.310977,26.815374,2.452105,0
2013-02-26,sh.600730,6.1900,6.2900,6.1200,6.1300,6.2300,2329315,14490438.0000,3,0.794099,1,-1.605100,75.575539,11.129420,26.384951,2.412745,0
2013-02-27,sh.600730,6.1400,6.1900,6.0400,6.1200,6.1300,1107065,6773717.0000,3,0.377415,1,-0.163100,75.452251,11.111264,26.341908,2.408809,0
2013-02-28,sh.600730,6.1300,6.2600,6.1100,6.2500,6.1200,1429159,8869060.0000,3,0.487222,1,2.124200,77.054995,11.347288,26.901459,2.459977,0
2013-03-01,sh.600730,6.2600,6.2800,6.1400,6.2700,6.2500,2519445,15683043.0000,3,0.858917,1,0.320000,77.301571,11.383599,26.987543,2.467849,0
2013-03-04,sh.600730,6.2200,6.2200,6.0700,6.0900,6.2700,2141927,13150638.0000,3,0.730216,1,-2.870800,75.082387,11.056797,26.212781,2.397001,0
2013-03-05,sh.600730,6.0600,6.2000,6.0600,6.1900,6.0900,1492006,9191703.0000,3,0.508648,1,1.642000,76.315267,11.238354,26.643205,2.436361,0
2013-03-06,sh.600730,6.2100,6.3800,6.1800,6.3500,6.1900,3562059,22483953.0000,3,1.214360,1,2.584800,78.287875,11.528844,27.331882,2.499337,0
2013-03-07,sh.600730,6.3100,6.4600,6.2900,6.3400,6.3500,3374289,21532952.0000,3,1.150347,1,-0.157500,78.164587,11.510689,27.288840,2.495401,0
2013-03-08,sh.600730,6.3600,6.7900,6.3200,6.7600,6.3400,6755937,44167260.0000,3,2.303202,1,6.624600,83.342683,12.273227,29.096618,2.660711,0
2013-03-11,sh.600730,6.6100,6.7100,6.5000,6.5200,6.7600,6050355,39855248.0000,3,2.062659,1,-3.550300,80.383771,11.837491,28.063602,2.566248,0
2013-03-12,sh.600730,6.4900,6.5700,6.1300,6.2800,6.5200,3962692,25218573.0000,3,1.350942,1,-3.681000,77.424859,11.401755,27.030586,2.471785,0
2013-03-13,sh.600730,6.2800,6.3800,6.2000,6.3200,6.2800,1923681,12143940.0000,3,0.655812,1,0.636900,77.918011,11.474377,27.202755,2.487529,0
2013-03-14,sh.600730,6.3200,6.6000,6.2900,6.5600,6.3200,5010895,32533132.0000,3,1.708291,1,3.797500,80.876923,11.910113,28.235771,2.581992,0
2013-03-15,sh.600730,6.6000,6.6000,6.3200,6.3600,6.5600,3355819,21700346.0000,3,1.144050,1,-3.048800,78.411163,11.547000,27.374924,2.503272,0
2013-03-18,sh.600730,6.3400,6.4600,6.3200,6.3600,6.3600,1908461,12159558.0000,3,0.650624,1,0.000000,78.411163,11.547000,27.374924,2.503272,0
2013-03-19,sh.600730,6.3900,6.4300,6.2600,6.3700,6.3600,1714896,10896616.0000,3,0.584634,1,0.157200,78.534451,11.565156,27.417967,2.507208,0
2013-03-20,sh.600730,6.3700,6.5400,6.3300,6.5000,6.3700,2793884,18059228.0000,3,0.952478,1,2.040800,80.137195,11.801179,27.977517,2.558376,0
2013-03-21,sh.600730,6.4900,6.6600,6.4700,6.5800,6.5000,3895251,25593044.0000,3,1.327951,1,1.230800,81.123499,11.946425,28.321856,2.589864,0
2013-03-22,sh.600730,6.6000,6.6200,6.4700,6.5500,6.5800,3223757,21144932.0000,3,1.099028,1,-0.455900,80.753635,11.891958,28.192729,2.578056,0
2013-03-25,sh.600730,6.5300,6.5700,6.4100,6.5000,6.5500,2248812,14576525.0000,3,0.766654,1,-0.763400,80.137195,11.801179,27.977517,2.558376,0
2013-03-26,sh.600730,6.5200,6.5400,6.3700,6.5100,6.5000,2004762,12948504.0000,3,0.683454,1,0.153800,80.260483,11.819335,28.020559,2.562312,0
2013-03-27,sh.600730,6.5000,6.6400,6.4900,6.5300,6.5100,2742316,17985148.0000,3,0.934897,1,0.307200,80.507059,11.855646,28.106644,2.570184,0
2013-03-28,sh.600730,6.4900,6.4900,6.2300,6.2500,6.5300,2722881,17326848.0000,3,0.928272,1,-4.287900,77.054995,11.347288,26.901459,2.459977,0
2013-03-29,sh.600730,6.2800,6.3400,6.2600,6.3100,6.2500,1222263,7703128.0000,3,0.416688,1,0.960000,77.794723,11.456222,27.159713,2.483593,0
2013-04-01,sh.600730,6.3000,6.3500,6.1600,6.3100,6.3100,1309402,8240664.0000,3,0.446395,1,0.000000,77.794723,11.456222,27.159713,2.483593,0
2013-04-02,sh.600730,6.3500,6.4000,6.2500,6.2800,6.3100,1477737,9335069.0000,3,0.503783,1,-0.475400,77.424859,11.401755,27.030586,2.471785,0
2013-04-03,sh.600730,6.3000,6.4800,6.1800,6.4700,6.2800,2884991,18209860.0000,3,0.983538,1,3.025500,79.767331,11.746712,27.848390,2.546568,0
2013-04-08,sh.600730,6.3800,7.1200,6.2700,7.1200,6.4700,12065163,83083536.0000,3,4.113199,1,10.046400,87.781050,12.926830,30.646142,2.802406,0
2013-04-09,sh.600730,7.3300,7.7300,6.9200,6.9800,7.1200,25635717,187344880.0000,3,8.739608,1,-1.966300,86.055019,12.672651,30.043549,2.747302,0
2013-04-10,sh.600730,6.7800,7.0600,6.7200,6.9500,6.9800,12013360,82366512.0000,3,4.095538,1,-0.429800,85.685155,12.618184,29.914422,2.735494,0
2013-04-11,sh.600730,6.8900,6.9700,6.7000,6.7300,6.9500,7449980,50927484.0000,3,2.539812,1,-3.165500,82.972819,12.218760,28.967491,2.648903,0
2013-04-12,sh.600730,6.7300,6.8900,6.6100,6.7100,6.7300,5799916,39195500.0000,3,1.977280,1,-0.297177,82.726243,12.182448,28.881406,2.641031,0
2013-04-15,sh.600730,6.6900,6.7800,6.5300,6.6100,6.7100,3901032,25888684.0000,3,1.329921,1,-1.490300,81.493363,12.000892,28.450983,2.601672,0
2013-04-16,sh.600730,6.4700,6.6200,6.4300,6.6000,6.6100,3861346,25181320.0000,3,1.316392,1,-0.151289,81.370075,11.982736,28.407940,2.597736,0
2013-04-17,sh.600730,6.6200,6.7400,6.5400,6.7100,6.6000,4913265,32724648.0000,3,1.675007,1,1.666700,82.726243,12.182448,28.881406,2.641031,0
2013-04-18,sh.600730,6.6700,7.1700,6.6300,7.0100,6.7100,9618983,66725392.0000,3,3.279258,1,4.470900,86.424882,12.727118,30.172676,2.759110,0
2013-04-19,sh.600730,7.2600,7.4800,7.1200,7.1800,7.0100,14185201,103009864.0000,3,4.835952,1,2.425101,88.520778,13.035764,30.904396,2.826021,0
2013-04-22,sh.600730,7.0700,7.9000,7.0700,7.9000,7.1800,13038978,101008632.0000,3,4.445187,1,10.027900,97.397514,14.342972,34.003444,3.109411,0
2013-04-23,sh.600730,7.9900,8.3400,7.9000,8.1700,7.9000,26728609,216896832.0000,3,9.112191,1,3.417700,100.726290,14.833175,35.165587,3.215682,0
2013-04-24,sh.600730,8.1200,8.4500,8.0100,8.4300,8.1700,16588128,136074048.0000,3,5.655146,1,3.182400,103.931777,15.305222,36.284687,3.318017,0
2013-04-25,sh.600730,8.3200,8.6200,8.0100,8.0400,8.4300,13883406,114901352.0000,3,4.733065,1,-4.626300,99.123546,14.597151,34.606036,3.164514,0
2013-04-26,sh.600730,7.8900,8.1400,7.7200,8.0700,8.0400,11631568,91858256.0000,3,3.965379,1,0.373131,99.493410,14.651618,34.735163,3.176322,0
2013-05-02,sh.600730,7.9200,8.0600,7.8100,7.9700,8.0700,6012802,47734128.0000,3,2.049856,1,-1.239200,64.815689,5.228392,3.199157,3.027117,0
2013-05-03,sh.600730,8.0300,8.1600,7.9500,8.1300,7.9700,7968871,64210260.0000,3,2.716710,1,2.007532,66.116882,5.333353,3.263381,3.087887,0
2013-05-06,sh.600730,8.1000,8.2000,8.0000,8.1600,8.1300,7310076,59445392.0000,3,2.492117,1,0.369000,66.360856,5.353034,3.275423,3.099281,0
2013-05-07,sh.600730,8.1500,8.1900,7.7300,7.7900,8.1600,9079716,71856144.0000,3,3.095414,1,-4.534300,63.351847,5.110310,3.126905,2.958750,0
2013-05-08,sh.600730,7.8000,7.9500,7.6200,7.9200,7.7900,7965253,61832856.0000,3,2.715477,1,1.668800,64.409066,5.195591,3.179087,3.008126,0
2013-05-09,sh.600730,7.8300,8.6000,7.7900,8.3900,7.9200,14302964,118238736.0000,3,4.876099,1,5.934300,68.231321,5.503916,3.367745,3.186639,0
2013-05-10,sh.600730,8.3600,8.7100,8.3200,8.5600,8.3900,11908185,101738336.0000,3,4.059682,1,2.026200,69.613839,5.615437,3.435983,3.251207,0
2013-05-13,sh.600730,8.4600,8.4700,8.1400,8.2200,8.5600,8289382,68309984.0000,3,2.825977,1,-3.972000,66.848804,5.392394,3.299507,3.122070,0
2013-05-14,sh.600730,8.2600,8.3800,8.0200,8.2300,8.2200,6246217,51457420.0000,3,2.129431,1,0.121700,66.930128,5.398954,3.303521,3.125868,0
2013-05-15,sh.600730,8.1600,8.3100,8.1100,8.2200,8.2300,4527814,37183784.0000,3,1.543601,1,-0.121500,66.848804,5.392394,3.299507,3.122070,0
2013-05-16,sh.600730,8.2500,8.2600,8.0500,8.2100,8.2200,4932416,40250944.0000,3,1.681536,1,-0.121700,66.767479,5.385834,3.295493,3.118272,0
2013-05-17,sh.600730,8.2100,8.5500,8.1400,8.3200,8.2100,6656965,55717140.0000,3,2.269461,1,1.339800,67.662049,5.457995,3.339647,3.160052,0
2013-05-20,sh.600730,8.3500,8.5500,8.2900,8.4600,8.3200,5953152,50175032.0000,3,2.029521,1,1.682700,68.800594,5.549836,3.395843,3.213225,0
2013-05-21,sh.600730,8.4300,9.1800,8.3000,9.1500,8.4600,13022233,115900800.0000,3,4.439478,1,8.156023,74.411989,6.002483,3.672808,3.475297,0
2013-05-22,sh.600730,9.0400,9.1200,8.8100,8.8800,9.1500,7941125,71089832.0000,3,2.707251,1,-2.950800,72.216226,5.825360,3.564431,3.372747,0
2013-05-23,sh.600730,8.7800,9.0600,8.7800,8.8200,8.8800,4734256,42207400.0000,3,1.613980,1,-0.675700,71.728278,5.786000,3.540347,3.349958,0
2013-05-24,sh.600730,8.8200,9.3900,8.8200,9.2200,8.8200,8712405,80140944.0000,3,2.970192,1,4.535100,74.981261,6.048403,3.700906,3.501884,0
2013-05-27,sh.600730,9.3500,9.3500,9.1300,9.2800,9.2200,4812842,44403848.0000,3,1.640771,1,0.650800,75.469209,6.087764,3.724990,3.524673,0
2013-05-28,sh.600730,9.2300,9.5500,9.2200,9.3800,9.2800,8001892,75240208.0000,3,2.727967,1,1.077600,76.282455,6.153365,3.765130,3.562654,0
2013-05-29,sh.600730,9.3800,9.6600,9.2300,9.2900,9.3800,6323773,59690592.0000,3,2.155871,1,-0.959500,75.550534,6.094324,3.729004,3.528471,0
2013-05-30,sh.600730,9.2000,9.4500,9.1600,9.3500,9.2900,5310901,49299612.0000,3,1.810567,1,0.645900,76.038481,6.133684,3.753088,3.551260,0
2013-05-31,sh.600730,9.3600,9.4700,9.1200,9.1500,9.3500,5046698,46662120.0000,3,1.720497,1,-2.139045,74.411989,6.002483,3.672808,3.475297,0
2013-06-03,sh.600730,9.2000,9.3600,9.0200,9.2900,9.1500,4722945,43409144.0000,3,1.610124,1,1.530100,75.550534,6.094324,3.729004,3.528471,0
2013-06-04,sh.600730,9.2900,9.2900,8.8800,8.8900,9.2900,4486346,40422944.0000,3,1.529464,1,-4.305700,72.297550,5.831920,3.568445,3.376545,0
2013-06-05,sh.600730,8.8900,8.9700,8.7300,8.8200,8.8900,3232791,28622580.0000,3,1.102108,1,-0.787400,71.728278,5.786000,3.540347,3.349958,0
2013-06-06,sh.600730,8.8000,8.8000,8.2100,8.2500,8.8200,7438883,63679784.0000,3,2.536029,1,-6.462600,67.092777,5.412074,3.311549,3.133465,0
2013-06-07,sh.600730,8.2300,8.3400,8.0100,8.1500,8.2500,4590665,37563032.0000,3,1.565028,1,-1.212100,66.279532,5.346474,3.271409,3.095483,0
2013-06-13,sh.600730,8.0100,8.0400,7.6200,8.0300,8.1500,4185592,32934136.0000,3,1.426932,1,-1.472400,65.303637,5.267752,3.223241,3.049906,0
2013-06-14,sh.600730,8.0700,8.6000,7.9700,8.3200,8.0300,4191718,34993352.0000,3,1.429021,1,3.611500,67.662049,5.457995,3.339647,3.160052,0
2013-06-17,sh.600730,8.3000,8.4100,8.0200,8.0700,8.3200,4078513,33312504.0000,3,1.390427,1,-3.004800,65.628935,5.293993,3.239297,3.065098,0
2013-06-18,sh.600730,8.1000,8.2400,8.0700,8.1400,8.0700,2614901,21314250.0000,3,0.891460,1,0.867400,66.198207,5.339913,3.267395,3.091685,0
2013-06-19,sh.600730,8.1000,8.1000,7.7900,8.0200,8.1400,3336058,26434692.0000,3,1.137313,1,-1.474200,65.222312,5.261192,3.219227,3.046107,0
2013-06-20,sh.600730,7.9500,8.0100,7.7200,7.7700,8.0200,2734137,21467256.0000,3,0.932109,1,-3.117200,63.189198,5.097190,3.118877,2.951154,0
2013-06-21,sh.600730,7.5800,7.8800,7.4600,7.7700,7.7700,3078857,23619656.0000,3,1.049629,1,0.000000,63.189198,5.097190,3.118877,2.951154,0
2013-06-24,sh.600730,7.7500,7.7500,7.0000,7.1100,7.7700,3823939,27929356.0000,3,1.303639,1,-8.494200,57.821775,4.664224,2.853953,2.700477,0
2013-06-25,sh.600730,7.0000,7.3800,6.5800,7.3100,7.1100,6939516,49112540.0000,3,2.365787,1,2.812900,59.448267,4.795426,2.934233,2.776440,0
2013-06-26,sh.600730,7.3200,7.4700,7.2000,7.4600,7.3100,3863963,28479864.0000,3,1.317284,1,2.052000,60.668136,4.893827,2.994443,2.833412,0
2013-06-27,sh.600730,7.4100,7.7100,7.1500,7.2000,7.4600,4252458,31595250.0000,3,1.449728,1,-3.485300,58.553697,4.723265,2.890079,2.734660,0
2013-06-28,sh.600730,7.1500,7.4800,7.0000,7.3300,7.2000,3161382,23148038.0000,3,1.077763,1,1.805600,59.610916,4.808546,2.942261,2.784036,0
2013-07-01,sh.600730,7.3300,7.4900,7.2400,7.4900,7.3300,2077216,15362038.0000,3,0.708155,1,2.182800,60.912109,4.913508,3.006485,2.844806,0
2013-07-02,sh.600730,7.4400,7.6000,7.3900,7.4900,7.4900,2526344,18896236.0000,3,0.861269,1,0.000000,60.912109,4.913508,3.006485,2.844806,0
2013-07-03,sh.600730,7.4700,7.4700,7.1800,7.3300,7.4900,3576747,26095154.0000,3,1.219368,1,-2.136200,59.610916,4.808546,2.942261,2.784036,0
2013-07-04,sh.600730,7.2400,7.5400,7.1800,7.4300,7.3300,3599698,26763444.0000,3,1.227192,1,1.364300,60.424162,4.874147,2.982401,2.822017,0
2013-07-05,sh.600730,7.4300,7.4900,7.2600,7.3500,7.4300,2666995,19647714.0000,3,0.909219,1,-1.076700,59.773565,4.821666,2.950289,2.791632,0
2013-07-08,sh.600730,7.2600,7.2600,7.0000,7.0100,7.3500,2950752,20924540.0000,3,1.005956,1,-4.625900,57.008530,4.598623,2.813813,2.662495,0
2013-07-09,sh.600730,6.9900,7.0800,6.9700,6.9900,7.0100,1448370,10166796.0000,3,0.493771,1,-0.285300,56.845880,4.585503,2.805785,2.654899,0
2013-07-10,sh.600730,6.9200,7.1800,6.7800,7.1700,6.9900,3286072,22826920.0000,3,1.120272,1,2.575100,58.309723,4.703585,2.878037,2.723266,0
2013-07-11,sh.600730,7.1700,7.4600,7.0900,7.3500,7.1700,3889884,28447684.0000,3,1.326121,1,2.510500,59.773565,4.821666,2.950289,2.791632,0
2013-07-12,sh.600730,7.3100,7.5700,7.2800,7.4900,7.3500,3996408,29789624.0000,3,1.362437,1,1.904800,60.912109,4.913508,3.006485,2.844806,0
2013-07-15,sh.600730,7.4800,7.8000,7.4500,7.7400,7.4900,5470989,41767952.0000,3,1.865144,1,3.337800,62.945224,5.077510,3.106835,2.939759,0
2013-07-16,sh.600730,7.6900,8.3400,7.6400,8.0800,7.7400,9336773,75415984.0000,3,3.183049,1,4.392800,65.710260,5.300553,3.243311,3.068896,0
2013-07-17,sh.600730,7.9800,8.0000,7.7100,7.8200,8.0800,5385735,42380804.0000,3,1.836079,1,-3.217800,63.595820,5.129991,3.138947,2.970145,0
2013-07-18,sh.600730,7.7600,8.2000,7.7600,7.9600,7.8200,4946356,39850608.0000,3,1.686288,1,1.790300,64.734365,5.221832,3.195143,3.023319,0
2013-07-19,sh.600730,7.9700,8.2000,7.7000,7.7100,7.9600,3959780,31531778.0000,3,1.349950,1,-3.140700,62.701250,5.057830,3.094793,2.928365,0
2013-07-22,sh.600730,7.6200,7.8800,7.6100,7.8000,7.7100,2471111,19134816.0000,3,0.842440,1,1.167300,63.433171,5.116870,3.130919,2.962548,0
2013-07-23,sh.600730,7.8100,7.9900,7.7600,7.9000,7.8000,2987947,23599330.0000,3,1.018637,1,1.282100,64.246417,5.182471,3.171059,3.000530,0
2013-07-24,sh.600730,7.8600,8.0800,7.8500,8.0600,7.9000,3902106,31199136.0000,3,1.330288,1,2.025300,65.547610,5.287433,3.235283,3.061300,0
2013-07-25,sh.600730,8.0300,8.0600,7.8000,7.8100,8.0600,2997507,23772696.0000,3,1.021896,1,-3.101700,63.514496,5.123430,3.134933,2.966346,0
2013-07-26,sh.600730,7.8100,7.9500,7.7000,7.8900,7.8100,1813584,14203381.0000,3,0.618279,1,1.024300,64.165093,5.175911,3.167045,2.996732,0
2013-07-29,sh.600730,7.8400,7.9800,7.7500,7.7900,7.8900,1472586,11531487.0000,3,0.502027,1,-1.267400,63.351847,5.110310,3.126905,2.958750,0
2013-07-30,sh.600730,7.8200,7.9200,7.5200,7.6900,7.7900,2287808,17573604.0000,3,0.779949,1,-1.283700,62.538601,5.044709,3.086765,2.920769,0
2013-07-31,sh.600730,7.6900,7.8800,7.6900,7.8000,7.6900,1843886,14347508.0000,3,0.628609,1,1.430400,63.433171,5.116870,3.130919,2.962548,0
2013-08-01,sh.600730,7.8300,8.1400,7.7300,8.1200,7.8000,3823425,30618630.0000,3,1.303464,1,4.102600,66.035558,5.326793,3.259367,3.084089,0
2013-08-02,sh.600730,8.2000,8.2200,8.0200,8.1100,8.1200,3287752,26694360.0000,3,1.120845,1,-0.123200,65.954233,5.320233,3.255353,3.080291,0
2013-08-05,sh.600730,8.1100,8.2300,8.0600,8.1600,8.1100,2030267,16587860.0000,3,0.692149,1,0.616500,66.360856,5.353034,3.275423,3.099281,0
2013-08-06,sh.600730,8.1800,8.2100,8.0000,8.1600,8.1600,3138199,25579848.0000,3,1.069860,1,0.000000,66.360856,5.353034,3.275423,3.099281,0
2013-08-07,sh.600730,8.1000,8.6300,8.0800,8.3800,8.1600,7030811,58944300.0000,3,2.396911,1,2.696100,68.149997,5.497356,3.363731,3.182840,0
2013-08-08,sh.600730,8.3400,8.5600,8.2600,8.3600,8.3800,3429934,28764664.0000,3,1.169317,1,-0.238700,67.987348,5.484235,3.355703,3.175244,0
2013-08-09,sh.600730,8.3500,8.4800,8.2800,8.4100,8.3600,2898303,24289156.0000,3,0.988076,1,0.598100,68.393971,5.517036,3.375773,3.194235,0
2013-08-12,sh.600730,8.4700,8.5000,8.3600,8.4700,8.4100,3251815,27367744.0000,3,1.108593,1,0.713400,68.881918,5.556396,3.399857,3.217024,0
2013-08-13,sh.600730,8.4600,8.6600,8.4100,8.5200,8.4700,3356101,28627208.0000,3,1.144146,1,0.590300,69.288541,5.589197,3.419927,3.236014,0
2013-08-14,sh.600730,8.5200,8.6100,8.3600,8.5400,8.5200,3462285,29461416.0000,3,1.180346,1,0.234700,69.451190,5.602317,3.427955,3.243611,0
2013-08-15,sh.600730,8.5400,8.9700,8.5200,8.7200,8.5400,6843554,60115176.0000,3,2.333072,1,2.107700,70.915033,5.720399,3.500207,3.311977,0
2013-08-16,sh.600730,8.6400,8.8500,8.5300,8.7500,8.7200,5477370,47590496.0000,3,1.867319,1,0.344000,71.159006,5.740079,3.512249,3.323372,0
2013-08-19,sh.600730,8.7000,9.3000,8.6500,9.2800,8.7500,10873125,98722624.0000,3,3.706815,1,6.057100,75.469209,6.087764,3.724990,3.524673,0
2013-08-20,sh.600730,9.3000,9.4400,9.1200,9.2500,9.2800,7055323,65160088.0000,3,2.405267,1,-0.323300,75.225235,6.068083,3.712948,3.513278,0
2013-08-21,sh.600730,9.2000,9.3000,9.0000,9.1700,9.2500,5326308,48460872.0000,3,1.815820,1,-0.864900,74.574639,6.015603,3.680836,3.482893,0
2013-08-22,sh.600730,9.1500,9.3800,9.0200,9.2500,9.1700,4816317,44527228.0000,3,1.641956,1,0.872400,75.225235,6.068083,3.712948,3.513278,0
2013-08-23,sh.600730,9.2000,9.3400,8.7300,8.9600,9.2500,7821023,70211096.0000,3,2.666306,1,-3.135100,72.866822,5.877841,3.596543,3.403132,0
2013-08-26,sh.600730,8.8800,9.1400,8.8800,9.0300,8.9600,4821203,43320720.0000,3,1.643622,1,0.781300,73.436094,5.923761,3.624640,3.429719,0
2013-08-27,sh.600730,9.0100,9.5700,8.9700,9.4000,9.0300,9181763,85705584.0000,3,3.130203,1,4.097500,76.445104,6.166485,3.773158,3.570251,0
2013-08-28,sh.600730,9.2800,9.5500,9.1300,9.4100,9.4000,7760643,72752624.0000,3,2.645722,1,0.106400,76.526428,6.173045,3.777172,3.574049,0
2013-08-29,sh.600730,9.3700,9.3900,9.0500,9.1500,9.4100,5514518,50663752.0000,3,1.879983,1,-2.763000,74.411989,6.002483,3.672808,3.475297,0
2013-08-30,sh.600730,9.1600,9.2400,8.9000,9.1900,9.1500,4489945,40851248.0000,3,1.530691,1,0.437200,74.737288,6.028723,3.688864,3.490490,0
2013-09-02,sh.600730,9.0200,9.1000,8.9000,8.9900,9.1900,4134603,37162436.0000,3,1.409549,1,-2.176300,93.424920,5.893293,3.345504,3.494375,0
2013-09-03,sh.600730,8.9500,9.1000,8.9100,9.0200,8.9900,3290219,29614620.0000,3,1.121686,1,0.333700,93.736683,5.912959,3.356668,3.506036,0
2013-09-04,sh.600730,9.0000,9.0300,8.5800,8.6600,9.0200,7090319,61998112.0000,3,2.417198,1,-3.991100,89.995529,5.676966,3.222699,3.366105,0
2013-09-05,sh.600730,8.6500,8.7700,8.5900,8.6700,8.6600,4841776,41988028.0000,3,1.650635,1,0.115500,90.099450,5.683521,3.226421,3.369992,0
2013-09-06,sh.600730,8.7000,8.7400,8.4800,8.5900,8.6700,5429357,46685028.0000,3,1.850951,1,-0.922700,89.268083,5.631078,3.196650,3.338897,0
2013-09-09,sh.600730,8.5500,8.7500,8.5500,8.6100,8.5900,4715982,40759464.0000,3,1.607750,1,0.232800,89.475925,5.644189,3.204092,3.346671,0
2013-09-10,sh.600730,8.6500,9.1400,8.5600,9.0600,8.6100,9402050,83054768.0000,3,3.205303,1,5.226500,94.152367,5.939181,3.371554,3.521584,0
2013-09-11,sh.600730,9.0100,9.0300,8.6200,8.6300,9.0600,6676030,58694310.0000,3,2.275961,1,-4.746100,89.683766,5.657299,3.211535,3.354444,0
2013-09-12,sh.600730,8.6000,8.8500,8.5000,8.6800,8.6300,3850296,33558915.0000,3,1.312625,1,0.579400,90.203371,5.690076,3.230142,3.373879,0
2013-09-13,sh.600730,8.6700,8.9500,8.6600,8.8700,8.6800,4242336,37514636.0000,3,1.446277,1,2.188900,92.177869,5.814629,3.300848,3.447731,0
2013-09-16,sh.600730,8.8700,8.9300,8.7300,8.7700,8.8700,2339452,20582355.0000,3,0.797555,1,-1.127400,91.138660,5.749075,3.263634,3.408862,0
2013-09-17,sh.600730,8.7700,8.8700,8.6300,8.6700,8.7700,2718388,23704140.0000,3,0.926740,1,-1.140300,90.099450,5.683521,3.226421,3.369992,0
2013-09-18,sh.600730,8.6700,8.8100,8.6100,8.7900,8.6700,2196509,19192883.0000,3,0.748823,1,1.384100,91.346501,5.762186,3.271077,3.416636,0
2013-09-23,sh.600730,8.8800,8.9000,8.6600,8.7900,8.7900,3471608,30408787.0000,3,1.183524,1,0.000000,91.346501,5.762186,3.271077,3.416636,0
2013-09-24,sh.600730,8.7900,9.2000,8.6900,9.0700,8.7900,6685786,60223748.0000,3,2.279287,1,3.185400,94.256288,5.945736,3.375275,3.525471,0
2013-09-25,sh.600730,9.0000,9.4600,9.0000,9.3100,9.0700,7761850,72125086.0000,3,2.646133,1,2.646100,96.750390,6.103066,3.464588,3.618758,0
2013-09-26,sh.600730,9.3200,9.4500,9.1200,9.2000,9.3100,5142017,47720966.0000,3,1.752992,1,-1.181500,95.607260,6.030956,3.423653,3.576001,0
2013-09-27,sh.600730,9.2600,9.3400,9.0400,9.1500,9.2000,3389773,31083385.0000,3,1.155625,1,-0.543500,95.087655,5.998180,3.405046,3.556566,0
2013-09-30,sh.600730,8.6200,9.2900,8.6200,9.2700,9.1500,3114945,28305207.0000,3,1.061932,1,1.311500,96.334706,6.076844,3.449702,3.603210,0
2013-10-08,sh.600730,9.3100,9.3100,9.1400,9.2300,9.2700,2806365,25948099.0000,3,0.956733,1,-0.431500,95.919023,6.050623,3.434817,3.587662,0
2013-10-09,sh.600730,9.1800,10.1500,9.1800,10.1500,9.2300,10369565,102576803.0000,3,3.535143,1,9.967500,105.479748,6.653718,3.777182,3.945262,0
2013-10-10,sh.600730,10.2900,10.8100,9.9600,10.4800,10.1500,13060026,134978234.0000,3,4.452363,1,3.251200,108.909139,6.870046,3.899987,4.073532,0
2013-10-11,sh.600730,10.4000,10.5500,10.2800,10.4900,10.4800,6497206,67750087.0000,3,2.214997,1,0.095400,109.013060,6.876601,3.903708,4.077419,0
2013-10-14,sh.600730,10.3800,10.9800,10.3100,10.4400,10.4900,7318559,78130405.0000,3,2.495009,1,-0.476600,108.493456,6.843825,3.885102,4.057984,0
2013-10-15,sh.600730,10.4000,10.4300,10.0100,10.2500,10.4400,6577649,67343034.0000,3,2.242421,1,-1.819900,106.518958,6.719272,3.814396,3.984132,0
2013-10-16,sh.600730,10.2000,10.5600,9.9300,10.4200,10.2500,7399733,75687471.0000,3,2.522682,1,1.658500,108.285614,6.830714,3.877659,4.050210,0
2013-10-17,sh.600730,10.4000,10.7800,10.0500,10.1100,10.4200,6107526,63887808.0000,3,2.082149,1,-2.975000,105.064065,6.627497,3.762297,3.929714,0
2013-10-18,sh.600730,10.1100,10.3700,10.0500,10.1600,10.1100,3312989,33766387.0000,3,1.129449,1,0.494600,105.583669,6.660274,3.780904,3.949149,0
2013-10-21,sh.600730,10.1700,11.0200,10.1700,10.8400,10.1600,8689233,91924654.0000,3,2.962292,1,6.692900,112.650293,7.106040,4.033956,4.213462,0
2013-10-22,sh.600730,10.7500,10.9900,10.6000,10.9400,10.8400,6139488,66447365.0000,3,2.093045,1,0.922500,113.689502,7.171594,4.071170,4.252332,0
2013-10-23,sh.600730,10.8100,11.1500,10.2000,10.3000,10.9400,8452008,89894843.0000,3,2.881419,1,-5.850100,107.038562,6.752049,3.833003,4.003566,0
2013-10-24,sh.600730,10.3800,10.5300,10.1100,10.3800,10.3000,4153748,42864019.0000,3,1.416076,1,0.776700,107.869930,6.804492,3.862774,4.034662,0
2013-10-25,sh.600730,10.3400,10.4000,9.5300,9.7300,10.3800,6518047,64402039.0000,3,2.222102,1,-6.262000,101.115069,6.378392,3.620885,3.782010,0
2013-10-28,sh.600730,9.7900,9.7900,9.5100,9.6000,9.7300,2602125,25111116.0000,3,0.887104,1,-1.336100,99.764097,6.293172,3.572507,3.731479,0
2013-10-29,sh.600730,9.6900,9.7800,8.7100,9.1100,9.6000,5655212,52010467.0000,3,1.927948,1,-5.104200,94.671971,5.971958,3.390161,3.541018,0
2013-10-30,sh.600730,9.1100,9.4500,9.0200,9.4500,9.1100,3220258,29939231.0000,3,1.097835,1,3.732200,98.205283,6.194841,3.516687,3.673175,0
2013-10-31,sh.600730,9.3300,9.4200,9.1000,9.1500,9.4500,2771639,25601591.0000,3,0.944894,1,-3.174600,101.871055,4.820562,2.551439,3.478434,0
2013-11-01,sh.600730,9.0500,9.2800,8.8500,9.2300,9.1500,2310508,20988034.0000,3,0.787688,1,0.874300,102.761731,4.862709,2.573747,3.508847,0
2013-11-04,sh.600730,9.2000,9.3600,9.0700,9.1800,9.2300,1851166,16982212.0000,3,0.631091,1,-0.541700,102.205059,4.836367,2.559804,3.489839,0
2013-11-05,sh.600730,9.2000,9.4500,9.0400,9.4400,9.1800,2398365,22259735.0000,3,0.817639,1,2.832200,105.099755,4.973345,2.632304,3.588680,0
2013-11-06,sh.600730,9.4000,9.4400,9.1800,9.2200,9.4400,2289933,21350596.0000,3,0.780673,1,-2.330500,102.650397,4.857440,2.570958,3.505045,0
2013-11-07,sh.600730,9.1000,9.2300,9.0000,9.0400,9.2200,2374622,21598979.0000,3,0.809545,1,-1.952300,100.646376,4.762610,2.520766,3.436617,0
2013-11-08,sh.600730,9.0800,9.1200,8.6300,8.7000,9.0400,2861625,25336751.0000,3,0.975572,1,-3.761100,96.861003,4.583485,2.425958,3.307364,0
2013-11-11,sh.600730,8.7100,8.8500,8.6500,8.7700,8.7000,1758961,15358942.0000,3,0.599657,1,0.804600,97.640345,4.620364,2.445478,3.333975,0
2013-11-12,sh.600730,8.7400,8.8300,8.6700,8.8000,8.7700,1546713,13557314.0000,3,0.527298,1,0.342100,97.974348,4.636169,2.453843,3.345380,0
2013-11-13,sh.600730,8.8000,8.8000,8.6500,8.6600,8.8000,1211442,10548178.0000,3,0.412999,1,-1.590900,96.415665,4.562412,2.414805,3.292158,0
2013-11-14,sh.600730,8.6600,8.6800,8.3200,8.6000,8.6600,2443683,20675954.0000,3,0.833089,1,-0.692800,95.747658,4.530801,2.398074,3.269348,0
2013-11-15,sh.600730,8.5900,8.9100,8.4600,8.9000,8.6000,3031216,26612927.0000,3,1.033388,1,3.488400,99.087693,4.688852,2.481727,3.383395,0
2013-11-18,sh.600730,8.8200,9.1000,8.7900,9.0800,8.9000,3045628,27408027.0000,3,1.038301,1,2.022500,101.091714,4.783683,2.531920,3.451823,0
2013-11-19,sh.600730,9.0000,9.1900,8.9200,9.0400,9.0800,2254847,20458929.0000,3,0.768712,1,-0.440500,100.646376,4.762610,2.520766,3.436617,0
2013-11-20,sh.600730,9.1400,9.1400,8.9400,9.1000,9.0400,2106496,19038073.0000,3,0.718137,1,0.663700,101.314383,4.794220,2.537497,3.459427,0
2013-11-21,sh.600730,9.1200,9.4800,8.9300,9.4500,9.1000,4215128,39255124.0000,3,1.437002,1,3.846200,105.211090,4.978613,2.635093,3.592481,0
2013-11-22,sh.600730,9.4000,9.5000,9.2300,9.3000,9.4500,1675427,15681793.0000,3,0.571179,1,-1.587300,103.541072,4.899587,2.593266,3.535458,0
2013-11-25,sh.600730,9.3000,9.3000,8.9800,9.0000,9.3000,3099486,28174608.0000,3,1.056662,1,-3.225800,100.201038,4.741536,2.509612,3.421411,0
2013-11-26,sh.600730,8.9900,9.0700,8.8000,9.0300,9.0000,3286249,29367969.0000,3,1.120333,1,0.333300,100.535041,4.757341,2.517977,3.432816,0
2013-11-27,sh.600730,8.9800,9.0800,8.8800,9.0600,9.0300,2090824,18807902.0000,3,0.712794,1,0.332200,100.869045,4.773146,2.526343,3.444220,0
2013-11-28,sh.600730,9.0700,9.1600,8.9500,9.0600,9.0600,2287712,20737372.0000,3,0.779916,1,0.000000,100.869045,4.773146,2.526343,3.444220,0
2013-11-29,sh.600730,9.0700,9.5500,9.0300,9.4800,9.0600,3768945,34829754.0000,3,1.284891,1,4.635800,105.545093,4.994418,2.643458,3.603886,0
2013-12-02,sh.600730,9.2800,9.2800,8.5300,8.6000,9.4800,7569890,66937182.0000,3,2.580691,1,-9.282700,95.747658,4.530801,2.398074,3.269348,0
2013-12-03,sh.600730,8.6000,8.8200,8.4800,8.7900,8.6000,3164446,27428039.0000,3,1.078808,1,2.209300,97.863014,4.630900,2.451054,3.341578,0
2013-12-04,sh.600730,8.7200,9.0600,8.6900,9.0500,8.7900,3746904,33500186.0000,3,1.277377,1,2.957900,100.757710,4.767878,2.523554,3.440419,0
2013-12-05,sh.600730,9.1100,9.3400,9.1000,9.2500,9.0500,5350054,49511838.0000,3,1.823915,1,2.209900,102.984400,4.873246,2.579324,3.516450,0
2013-12-06,sh.600730,9.2100,9.3000,9.0700,9.1100,9.2500,2616463,23932048.0000,3,0.891992,1,-1.513500,101.425717,4.799488,2.540285,3.463228,0
2013-12-09,sh.600730,9.0800,9.2800,9.0700,9.1700,9.1100,2187256,19999945.0000,3,0.745669,1,0.658600,102.093724,4.831099,2.557016,3.486038,0
2013-12-10,sh.600730,9.1400,9.2300,9.1000,9.1700,9.1700,2157280,19791504.0000,3,0.735450,1,0.000000,102.093724,4.831099,2.557016,3.486038,0
2013-12-11,sh.600730,9.1300,9.1300,8.8300,8.9100,9.1700,2600476,23245891.0000,3,0.886542,1,-2.835300,99.199027,4.694121,2.484516,3.387197,0
2013-12-12,sh.600730,8.8600,9.1000,8.8600,8.9500,8.9100,1545448,13917468.0000,3,0.526867,1,0.448900,99.644365,4.715194,2.495670,3.402403,0
2013-12-13,sh.600730,8.8800,8.9900,8.8500,8.9500,8.9500,1328851,11848796.0000,3,0.453026,1,0.000000,99.644365,4.715194,2.495670,3.402403,0
2013-12-16,sh.600730,8.9400,9.1300,8.8500,9.0200,8.9500,2603488,23448976.0000,3,0.887569,1,0.782100,100.423707,4.752073,2.515189,3.429014,0
2013-12-17,sh.600730,9.0100,9.0200,8.8300,8.9100,9.0200,1185863,10598098.0000,3,0.404279,1,-1.219500,99.199027,4.694121,2.484516,3.387197,0
2013-12-18,sh.600730,8.9100,9.1500,8.8900,9.0900,8.9100,1952507,17603741.0000,3,0.665639,1,2.020200,101.203048,4.788952,2.534708,3.455625,0
2013-12-19,sh.600730,9.0900,9.1600,8.9100,8.9200,9.0900,1969647,17807228.0000,3,0.671483,1,-1.870200,99.310362,4.699389,2.487304,3.390998,0
2013-12-20,sh.600730,8.9200,9.0900,8.8000,8.9800,8.9200,1247349,11127677.0000,3,0.425240,1,0.672600,99.978369,4.730999,2.504035,3.413808,0
2013-12-23,sh.600730,8.9900,9.2200,8.7000,9.1800,8.9800,3133390,28377980.0000,3,1.068221,1,2.227200,102.205059,4.836367,2.559804,3.489839,0
2013-12-24,sh.600730,9.1700,9.2400,9.0900,9.1500,9.1800,2156679,19775188.0000,3,0.735245,1,-0.326800,101.871055,4.820562,2.551439,3.478434,0
2013-12-25,sh.600730,9.1000,9.3200,9.0800,9.2300,9.1500,1902344,17526160.0000,3,0.648538,1,0.874300,102.761731,4.862709,2.573747,3.508847,0
2013-12-26,sh.600730,9.2100,9.9600,9.1700,9.6500,9.2300,8886120,85149262.0000,3,3.029414,1,4.550400,107.437779,5.083980,2.690862,3.668513,0
2013-12-27,sh.600730,9.5700,9.9300,9.4800,9.8500,9.6500,6131731,59930827.0000,3,2.090401,1,2.072500,109.664469,5.189348,2.746631,3.744544,0
2013-12-30,sh.600730,9.8500,9.8700,9.5700,9.6300,9.8500,3900506,37777818.0000,3,1.329742,1,-2.233500,107.215110,5.073444,2.685285,3.660910,0
2013-12-31,sh.600730,9.6300,9.6300,9.3600,9.4900,9.6300,2771100,26242464.0000,3,0.944710,1,-1.453800,105.656428,4.999687,2.646247,3.607688,0
2014-01-02,sh.600730,9.5200,9.8400,9.4400,9.8100,9.4900,4023656,38940192.0000,3,1.371726,1,3.372000,109.219131,5.168274,2.735477,3.729338,0
2014-01-03,sh.600730,9.7800,9.8400,9.5300,9.5900,9.8100,2620563,25274904.0000,3,0.893390,1,-2.242600,106.769773,5.052370,2.674131,3.645703,0
2014-01-06,sh.600730,9.6100,9.7000,9.0200,9.0400,9.5900,3951017,36687636.0000,3,1.346962,1,-5.735100,100.646376,4.762610,2.520766,3.436617,0
2014-01-07,sh.600730,8.8700,9.1700,8.8700,8.9900,9.0400,1891939,17122408.0000,3,0.644991,1,-0.553100,100.089703,4.736268,2.506824,3.417609,0
2014-01-08,sh.600730,9.0100,9.1100,8.7200,8.7700,8.9900,2847657,25384811.0000,3,0.970810,1,-2.447200,97.640345,4.620364,2.445478,3.333975,0
2014-01-09,sh.600730,8.7900,8.8600,8.6700,8.7500,8.7700,2031768,17838289.0000,3,0.692661,1,-0.228100,97.417676,4.609827,2.439901,3.326372,0
2014-01-10,sh.600730,8.7200,8.8100,8.6200,8.6700,8.7500,1162711,10123115.0000,3,0.396386,1,-0.914300,96.527000,4.567680,2.417593,3.295959,0
2014-01-13,sh.600730,8.6600,8.7900,8.6100,8.7000,8.6700,1104527,9604467.0000,3,0.376550,1,0.346000,96.861003,4.583485,2.425958,3.307364,0
2014-01-14,sh.600730,8.7600,8.8600,8.6300,8.8300,8.7000,1211276,10659867.0000,3,0.412943,1,1.494300,98.308352,4.651974,2.462208,3.356784,0
2014-01-15,sh.600730,8.8100,8.8800,8.7600,8.8300,8.8300,1004462,8851905.0000,3,0.342436,1,0.000000,98.308352,4.651974,2.462208,3.356784,0
2014-01-16,sh.600730,8.8300,8.9600,8.8300,8.9200,8.8300,1456215,12963958.0000,3,0.496446,1,1.019300,99.310362,4.699389,2.487304,3.390998,0
2014-01-17,sh.600730,8.9400,8.9400,8.8200,8.8900,8.9200,1199764,10626267.0000,3,0.409018,1,-0.336300,98.976358,4.683584,2.478939,3.379594,0
2014-01-20,sh.600730,8.9000,8.9000,8.5900,8.6700,8.8900,1552198,13586796.0000,3,0.529168,1,-2.474700,96.527000,4.567680,2.417593,3.295959,0
2014-01-21,sh.600730,8.7200,8.8000,8.6500,8.7400,8.6700,1278550,11142220.0000,3,0.435877,1,0.807400,97.306341,4.604558,2.437112,3.322570,0
2014-01-22,sh.600730,8.7900,8.9600,8.6500,8.9500,8.7400,2254652,19879265.0000,3,0.768645,1,2.402700,99.644365,4.715194,2.495670,3.402403,0
2014-01-23,sh.600730,8.8800,8.9500,8.8000,8.9100,8.9500,1782021,15843126.0000,3,0.607518,1,-0.446900,99.199027,4.694121,2.484516,3.387197,0
2014-01-24,sh.600730,8.8300,9.0600,8.8300,9.0500,8.9100,2081851,18714140.0000,3,0.709735,1,1.571300,100.757710,4.767878,2.523554,3.440419,0
2014-01-27,sh.600730,9.0000,9.1200,8.9600,9.0300,9.0500,1622442,14675702.0000,3,0.553115,1,-0.221000,100.535041,4.757341,2.517977,3.432816,0
2014-01-28,sh.600730,9.0500,9.2800,8.9800,9.2200,9.0300,2579001,23584990.0000,3,0.879221,1,2.104100,102.650397,4.857440,2.570958,3.505045,0
2014-01-29,sh.600730,9.2800,9.4800,9.2000,9.2300,9.2200,2356376,21995277.0000,3,0.803325,1,0.108500,102.761731,4.862709,2.573747,3.508847,0
2014-01-30,sh.600730,9.4000,9.5600,9.2800,9.4000,9.2300,3239760,30519086.0000,3,1.104484,1,1.841800,104.654417,4.952271,2.621150,3.573474,0
2014-02-07,sh.600730,9.3000,9.4100,9.1800,9.3800,9.4000,2421101,22552019.0000,3,0.825390,1,-0.212800,104.431748,4.941734,2.615573,3.565871,0
2014-02-10,sh.600730,9.3600,9.6400,9.3500,9.5400,9.3800,3507099,33498249.0000,3,1.195624,1,1.705800,106.213100,5.026028,2.660189,3.626696,0
2014-02-11,sh.600730,9.5100,9.6200,9.4100,9.5200,9.5400,3208820,30551471.0000,3,1.093936,1,-0.209600,105.990431,5.015492,2.654612,3.619092,0
2014-08-04,sh.600730,9.8000,10.3600,9.5800,10.3600,9.4200,22933973,229400552.0000,3,7.818542,1,9.978800,14.368728,2.639553,11.843687,2.274542,0
2014-08-05,sh.600730,10.8600,10.9000,10.0500,10.1800,10.3600,41218781,431631680.0000,3,14.052113,1,-1.737400,14.119078,2.593692,11.637909,2.235023,0
2014-08-06,sh.600730,10.1500,10.1500,9.8800,9.9900,10.1800,17318598,172910463.0000,3,5.904175,1,-1.866400,13.855559,2.545283,11.420699,2.193308,0
2014-08-07,sh.600730,9.8800,9.9700,9.6900,9.7700,9.9900,13314779,130390990.0000,3,4.539212,1,-2.202200,13.550432,2.489231,11.169192,2.145007,0
2014-08-08,sh.600730,9.7300,9.9600,9.7300,9.9100,9.7700,10824508,106675058.0000,3,3.690240,1,1.433000,13.744604,2.524901,11.329242,2.175744,0
2014-08-11,sh.600730,9.9000,10.0500,9.8600,9.9800,9.9100,9111673,90972019.0000,3,3.106309,1,0.706400,13.841690,2.542736,11.409267,2.191113,0
2014-08-12,sh.600730,10.0000,10.0300,9.9000,9.9700,9.9800,8230791,81978159.0000,3,2.806002,1,-0.100200,13.827820,2.540188,11.397834,2.188917,0
2014-08-13,sh.600730,9.9400,10.0200,9.6900,9.8000,9.9700,8775315,86251233.0000,3,2.991639,1,-1.705100,13.592040,2.496875,11.203488,2.151594,0
2014-08-14,sh.600730,9.8000,9.8400,9.6900,9.7100,9.8000,7425820,72435788.0000,3,2.531576,1,-0.918400,13.467215,2.473944,11.100599,2.131834,0
2014-08-15,sh.600730,9.7200,9.9000,9.7200,9.8400,9.7100,5385460,52913533.0000,3,1.835986,1,1.338800,13.647518,2.507066,11.249217,2.160376,0
2014-08-18,sh.600730,9.8600,10.1100,9.8600,10.0600,9.8400,10285493,102966088.0000,3,3.506482,1,2.235800,13.952645,2.563118,11.500724,2.208677,0
2014-08-19,sh.600730,10.1000,10.1100,9.9500,10.0200,10.0600,7606453,76183533.0000,3,2.593156,1,-0.397600,13.897168,2.552927,11.454995,2.199895,0
2014-08-20,sh.600730,10.0400,10.1800,9.9700,10.1300,10.0200,8909018,89884601.0000,3,3.037220,1,1.097800,14.049731,2.580953,11.580748,2.224045,0
2014-08-21,sh.600730,10.4000,11.1400,10.4000,11.1400,10.1300,24120760,263871515.0000,3,8.223136,1,9.970400,15.450544,2.838284,12.735394,2.445791,0
2014-08-22,sh.600730,11.1900,12.1300,11.1100,11.6500,11.1400,43445658,503754128.0000,3,14.811289,1,4.578100,16.157884,2.968223,13.318432,2.557762,0
2014-08-25,sh.600730,11.4200,11.4800,11.1400,11.2600,11.6500,19482049,219639355.0000,3,6.641728,1,-3.347600,15.616977,2.868858,12.872579,2.472137,0
2014-08-26,sh.600730,11.1700,11.9000,11.1200,11.5500,11.2600,25881581,298981472.0000,3,8.823427,1,2.575500,16.019190,2.942745,13.204111,2.535807,0
2014-08-27,sh.600730,11.3500,11.6300,11.2400,11.2900,11.5500,11194790,127376597.0000,3,3.816475,1,-2.251100,15.658585,2.876501,12.906876,2.478724,0
2014-08-28,sh.600730,11.2500,11.3000,10.7400,10.7900,11.2900,13554509,148020344.0000,3,4.620939,1,-4.428700,14.965114,2.749110,12.335269,2.368949,0
2014-08-29,sh.600730,10.8800,10.9600,10.5600,10.9400,10.7900,7036542,75959566.0000,3,2.398865,1,1.390200,15.173155,2.787327,12.506751,2.401881,0
2014-09-01,sh.600730,10.8100,11.1500,10.8100,11.1100,10.9400,9040618,99341120.0000,3,3.082085,1,1.553900,13.072625,2.696574,31.858152,2.402963,0
2014-09-02,sh.600730,11.1500,11.3300,11.1000,11.2400,11.1100,11075682,124036285.0000,3,3.775869,1,1.170100,13.225590,2.728127,32.230930,2.431081,0
2014-09-03,sh.600730,11.2600,11.3500,11.0400,11.1900,11.2400,10991962,122978122.0000,3,3.747328,1,-0.444800,13.166757,2.715991,32.087554,2.420266,0
2014-09-04,sh.600730,11.1900,11.5100,11.0600,11.4500,11.1900,15185252,172608159.0000,3,5.176885,1,2.323500,13.472687,2.779097,32.833109,2.476501,0
2014-09-05,sh.600730,11.4000,11.4800,11.2400,11.3100,11.4500,9159273,103653019.0000,3,3.122536,1,-1.222700,13.307956,2.745117,32.431656,2.446221,0
2014-09-09,sh.600730,11.3300,11.3900,11.1100,11.2200,11.3100,9622358,107719398.0000,3,3.280409,1,-0.795800,13.202057,2.723272,32.173579,2.426755,0
2014-09-10,sh.600730,11.2000,11.3700,11.0600,11.3600,11.2200,8876783,99907790.0000,3,3.026231,1,1.247800,13.366788,2.757252,32.575032,2.457035,0
2014-09-11,sh.600730,11.3400,11.5000,11.1700,11.2200,11.3600,10355833,117437015.0000,3,3.530462,1,-1.232400,13.202057,2.723272,32.173579,2.426755,0
2014-09-12,sh.600730,11.2100,11.3100,11.1000,11.3000,11.2200,6718894,75193767.0000,3,2.290574,1,0.713000,13.296189,2.742690,32.402981,2.444058,0
2014-09-15,sh.600730,11.3100,11.6300,11.1900,11.5900,11.3000,13275248,152050643.0000,3,4.525735,1,2.566400,13.637419,2.813077,33.234562,2.506782,0
2014-09-16,sh.600730,11.5600,11.6800,11.0100,11.0300,11.5900,12667383,144106624.0000,3,4.318505,1,-4.831800,12.978493,2.677156,31.628750,2.385660,0
2014-09-17,sh.600730,11.0300,11.2000,10.9000,11.1400,11.0300,7445839,82588287.0000,3,2.538400,1,0.997300,13.107925,2.703855,31.944178,2.409452,0
2014-09-18,sh.600730,11.1000,11.2400,11.0500,11.2100,11.1400,4973022,55447554.0000,3,1.695379,1,0.628400,13.190290,2.720845,32.144904,2.424592,0
2014-09-19,sh.600730,11.2400,11.6600,11.2000,11.6100,11.2100,14137627,162932525.0000,3,4.819733,1,3.568200,13.660952,2.817931,33.291912,2.511107,0
2014-09-22,sh.600730,11.5100,11.6100,11.3100,11.3800,11.6100,8686349,99325412.0000,3,2.961309,1,-1.981000,13.390322,2.762107,32.632383,2.461361,0
2014-09-23,sh.600730,11.4200,11.8800,11.3900,11.8000,11.3800,16392162,191916434.0000,3,5.588339,1,3.690700,13.884516,2.864047,33.836741,2.552202,0
2014-09-24,sh.600730,11.7300,12.3500,11.6300,12.2300,11.8000,21952084,262069811.0000,3,7.483801,1,3.644100,14.390477,2.968415,35.069775,2.645206,0
2014-09-25,sh.600730,12.2600,12.3200,11.8800,11.9600,12.2300,16406996,198612272.0000,3,5.593396,1,-2.207700,14.072781,2.902882,34.295544,2.586808,0
2014-09-26,sh.600730,11.9000,12.1800,11.8600,12.0300,11.9600,10744877,129201027.0000,3,3.663093,1,0.585300,14.155147,2.919872,34.496271,2.601948,0
2014-09-29,sh.600730,12.0800,12.1700,11.8000,12.0200,12.0300,11294015,135431121.0000,3,3.850302,1,-0.083100,14.143380,2.917445,34.467596,2.599786,0
2014-09-30,sh.600730,12.1100,12.2800,11.9300,12.1200,12.0200,11589155,140622855.0000,3,3.950920,1,0.831900,14.261045,2.941717,34.754348,2.621414,0
2014-10-08,sh.600730,12.1500,12.7000,12.1300,12.5700,12.1200,15199526,189913646.0000,3,5.181751,1,3.712900,14.790540,3.050939,36.044732,2.718744,0
2014-10-09,sh.600730,12.5500,12.8500,12.2700,12.8000,12.5700,16631024,207893338.0000,3,5.669770,1,1.829800,15.061170,3.106763,36.704262,2.768490,0
2014-10-10,sh.600730,12.7000,13.4400,12.6200,13.1700,12.8000,21130843,277634544.0000,3,7.203827,1,2.890600,15.496532,3.196568,37.765244,2.848517,0
2014-10-13,sh.600730,13.1000,13.5000,12.7900,13.4800,13.1700,17505690,230169905.0000,3,5.967957,1,2.353800,15.861295,3.271810,38.654176,2.915567,0
2014-10-14,sh.600730,14.2000,14.5500,13.8000,13.8300,13.4800,42666515,602877248.0000,3,14.545667,1,2.596400,16.273124,3.356761,39.657808,2.991267,0
2014-10-15,sh.600730,13.6500,13.7300,13.3100,13.3800,13.8300,21007891,283321488.0000,3,7.161911,1,-3.253800,15.743629,3.247539,38.367424,2.893938,0
2014-10-16,sh.600730,13.4000,13.4000,12.9000,12.9100,13.3800,19272445,251268946.0000,3,6.570271,1,-3.512700,15.190602,3.133462,37.019689,2.792282,0
2014-10-17,sh.600730,12.9000,13.1300,12.5800,12.9900,12.9100,14669658,189181330.0000,3,5.001111,1,0.619700,15.284734,3.152879,37.249091,2.809585,0
2014-10-20,sh.600730,13.0700,13.6600,12.9300,13.6400,12.9900,15009666,199144783.0000,3,5.117025,1,5.003900,16.049559,3.310645,39.112979,2.950173,0
2014-10-21,sh.600730,13.6500,13.8500,13.3100,13.3800,13.6400,14969060,203552384.0000,3,5.103181,1,-1.906200,15.743629,3.247539,38.367424,2.893938,0
2014-10-22,sh.600730,13.2800,13.5800,12.9300,12.9600,13.3800,10497795,139598107.0000,3,3.578859,1,-3.139000,15.249435,3.145598,37.163065,2.803097,0
2014-10-23,sh.600730,12.8000,12.9800,12.6200,12.6800,12.9600,8323644,106228970.0000,3,2.837657,1,-2.160500,14.919972,3.077637,36.360159,2.742536,0
2014-10-24,sh.600730,12.7000,13.1900,12.7000,13.0100,12.6800,7948791,103020899.0000,3,2.709864,1,2.602500,15.308267,3.157734,37.306441,2.813911,0
2014-10-27,sh.600730,12.9900,13.1200,12.7800,13.0200,13.0100,5690349,73776543.0000,3,1.939927,1,0.076900,15.320034,3.160161,37.335116,2.816074,0
2014-10-28,sh.600730,13.0200,13.6500,13.0000,13.5900,13.0200,13372379,179712730.0000,3,4.558848,1,4.377900,15.990727,3.298509,38.969603,2.939358,0
2014-10-29,sh.600730,13.6200,13.7000,13.3500,13.6000,13.5900,15953639,216182632.0000,3,5.438839,1,0.073600,16.002493,3.300936,38.998278,2.941521,0
2014-10-30,sh.600730,13.5500,13.8600,13.4500,13.7700,13.6000,16897613,232059777.0000,3,5.760655,1,1.250000,16.202524,3.342198,39.485756,2.978290,0
2014-10-31,sh.600730,14.0100,14.2700,13.5700,13.5800,13.7700,22315524,310104112.0000,3,7.607703,1,-1.379800,16.275832,3.365978,-7.600744,2.974323,0
2014-11-03,sh.600730,13.6100,13.6600,13.3100,13.4100,13.5800,13741814,184459888.0000,3,4.684794,1,-1.251800,16.072085,3.323841,-7.505595,2.937090,0
2014-11-04,sh.600730,13.3100,13.3100,12.7900,12.9400,13.4100,19712171,256311132.0000,3,6.720180,1,-3.504800,15.508783,3.207346,-7.242535,2.834149,0
2014-11-05,sh.600730,12.9400,13.0300,12.6800,12.9300,12.9400,9535203,122818430.0000,3,3.250696,1,-0.077300,15.496798,3.204867,-7.236938,2.831959,0
2014-11-06,sh.600730,12.9500,13.0400,12.7500,13.0300,12.9300,8082143,104271998.0000,3,2.755326,1,0.773400,15.616649,3.229653,-7.292908,2.853861,0
2014-11-07,sh.600730,13.0400,13.2100,12.6100,12.6800,13.0300,10600700,137064059.0000,3,3.613941,1,-2.686100,15.197169,3.142901,-7.097013,2.777203,0
2014-11-10,sh.600730,12.6200,12.8300,12.4800,12.6700,12.6800,8873584,112359978.0000,3,3.025140,1,-0.078900,15.185184,3.140423,-7.091416,2.775013,0
2014-11-11,sh.600730,12.7200,12.7700,12.0500,12.1700,12.6700,10498019,129513393.0000,3,3.578935,1,-3.946300,14.585926,3.016491,-6.811565,2.665502,0
2014-11-12,sh.600730,12.1700,12.4200,12.1200,12.4100,12.1700,5926492,72998645.0000,3,2.020432,1,1.972100,14.873570,3.075978,-6.945894,2.718067,0
2014-11-13,sh.600730,12.4000,12.6400,12.1400,12.5900,12.4100,7752399,96014029.0000,3,2.642911,1,1.450400,15.089303,3.120594,-7.046640,2.757491,0
2014-11-14,sh.600730,12.5400,12.5400,12.2500,12.3500,12.5900,4886594,60362071.0000,3,1.665915,1,-1.906300,14.801659,3.061106,-6.912312,2.704926,0
2014-11-17,sh.600730,12.3600,12.4500,12.2000,12.3600,12.3500,4471207,55196311.0000,3,1.524303,1,0.081000,14.813644,3.063585,-6.917909,2.707116,0
2014-11-18,sh.600730,12.4000,12.4800,12.3100,12.4200,12.3600,4474135,55446496.0000,3,1.525301,1,0.485400,14.885555,3.078457,-6.951491,2.720258,0
2014-11-19,sh.600730,12.4300,12.7600,12.4000,12.6500,12.4200,8611585,108637624.0000,3,2.935821,1,1.851800,15.161213,3.135465,-7.080222,2.770633,0
2014-11-20,sh.600730,12.6000,12.6000,12.4000,12.4200,12.6500,5016189,62643836.0000,3,1.710096,1,-1.818200,14.885555,3.078457,-6.951491,2.720258,0
2014-11-21,sh.600730,12.4400,12.5300,12.2900,12.4700,12.4200,5331139,66254007.0000,3,1.817467,1,0.402600,14.945481,3.090850,-6.979476,2.731209,0
2014-11-24,sh.600730,12.5400,12.7400,12.4700,12.6300,12.4700,9245474,116793289.0000,3,3.151923,1,1.283100,15.137243,3.130508,-7.069028,2.766252,0
2014-11-25,sh.600730,12.6500,12.8900,12.6400,12.8800,12.6300,9676256,123609993.0000,3,3.298784,1,1.979400,15.436872,3.192474,-7.208953,2.821008,0
2014-11-26,sh.600730,12.9300,13.3400,12.9300,13.1400,12.8800,16686089,219698733.0000,3,5.688543,1,2.018600,15.748486,3.256918,-7.354476,2.877954,0
2014-11-27,sh.600730,13.1300,13.3600,13.0800,13.3000,13.1400,13971341,184953905.0000,3,4.763044,1,1.217700,15.940248,3.296576,-7.444028,2.912997,0
2014-11-28,sh.600730,13.3600,13.4400,12.9000,12.9400,13.3000,12776557,167200505.0000,3,4.355724,1,-2.706800,15.508783,3.207346,-7.242535,2.834149,0
2014-12-01,sh.600730,12.9100,13.0600,12.8000,13.0000,12.9400,8627427,111553930.0000,3,2.941222,1,0.463700,15.580694,3.222217,-7.276117,2.847291,0
2014-12-02,sh.600730,12.9700,13.1500,12.9300,13.0800,13.0000,8757432,114322939.0000,3,2.985542,1,0.615400,15.676575,3.242046,-7.320894,2.864812,0
2014-12-03,sh.600730,13.1000,13.1000,12.7400,12.9500,13.0800,12508907,161266698.0000,3,4.264478,1,-0.993900,15.520768,3.209824,-7.248132,2.836339,0
2014-12-04,sh.600730,12.9300,13.9900,12.9000,13.6200,12.9500,25196756,340310528.0000,3,8.589959,1,5.173700,16.323773,3.375892,-7.623132,2.983084,0
2014-12-05,sh.600730,13.6300,13.6300,12.7800,12.9800,13.6200,17912226,235349718.0000,3,6.106552,1,-4.699000,15.556723,3.217260,-7.264923,2.842910,0
2014-12-08,sh.600730,12.8000,13.1900,12.7900,13.0200,12.9800,10445286,136136805.0000,3,3.560958,1,0.308200,15.604664,3.227175,-7.287311,2.851671,0
2014-12-09,sh.600730,13.0200,13.5000,12.6500,12.7300,13.0200,17050573,224820481.0000,3,5.812801,1,-2.227300,15.257095,3.155294,-7.124998,2.788154,0
2014-12-10,sh.600730,12.6000,12.9900,11.9800,12.9400,12.7300,10230900,129208213.0000,3,3.487870,1,1.649600,15.508783,3.207346,-7.242535,2.834149,0
2014-12-11,sh.600730,12.8500,13.1000,12.7700,12.9300,12.9400,7037646,90738963.0000,3,2.399241,1,-0.077300,15.496798,3.204867,-7.236938,2.831959,0
2014-12-12,sh.600730,12.9500,13.4600,12.9000,13.2600,12.9300,15962810,211466599.0000,3,5.441966,1,2.552200,15.892308,3.286662,-7.421640,2.904236,0
2014-12-15,sh.600730,13.2600,13.4100,13.0400,13.3800,13.2600,11507376,152495331.0000,3,3.923040,1,0.905000,16.036129,3.316405,-7.488804,2.930519,0
2014-12-16,sh.600730,13.3500,13.5000,12.9800,13.2700,13.3800,9446928,125033158.0000,3,3.220602,1,-0.822100,15.904293,3.289140,-7.427237,2.906427,0
2014-12-17,sh.600730,13.2600,13.3000,12.7400,12.8800,13.2700,11859146,153460327.0000,3,4.042964,1,-2.939000,15.436872,3.192474,-7.208953,2.821008,0
2014-12-18,sh.600730,12.9600,13.0400,12.8000,12.8200,12.8800,6444472,83093910.0000,3,2.197019,1,-0.465800,15.364961,3.177602,-7.175371,2.807866,0
2014-12-19,sh.600730,12.7900,12.7900,12.0700,12.3000,12.8200,13671593,168452485.0000,3,4.660855,1,-4.056200,14.741733,3.048713,-6.884326,2.693975,0
2014-12-22,sh.600730,12.0900,12.0900,11.0700,11.0700,12.3000,18983888,213382764.0000,3,6.471898,1,-10.000000,13.267560,2.743842,-6.195894,2.424577,0
2014-12-23,sh.600730,11.0400,11.2400,10.8000,10.8200,11.0700,9972447,110096104.0000,3,3.399760,1,-2.258400,12.967931,2.681876,-6.055968,2.369822,0
2014-12-24,sh.600730,10.9700,11.1800,10.8700,11.0800,10.8200,6932395,76101937.0000,3,2.363359,1,2.403000,13.279545,2.746321,-6.201491,2.426768,0
2014-12-25,sh.600730,11.0800,11.2400,10.9800,11.2200,11.0800,7809627,86567304.0000,3,2.662421,1,1.263500,13.447337,2.781021,-6.279849,2.457431,0
2014-12-26,sh.600730,11.2100,11.2200,11.0900,11.1200,11.2200,6141443,68430872.0000,3,2.093712,1,-0.891300,13.327486,2.756235,-6.223879,2.435528,0
2014-12-29,sh.600730,11.0900,11.1700,10.8100,10.9100,11.1200,7555197,82608963.0000,3,2.575682,1,-1.888500,13.075798,2.704184,-6.106342,2.389534,0
2014-12-30,sh.600730,10.9000,10.9000,10.5800,10.6000,10.9100,5560945,59732851.0000,3,1.895811,1,-2.841400,12.704258,2.627346,-5.932834,2.321637,0
2014-12-31,sh.600730,10.5500,10.8600,10.5500,10.7600,10.6000,5145757,55012983.0000,3,1.754267,1,1.509400,12.896020,2.667005,-6.022386,2.356680,0
2015-01-05,sh.600730,10.7700,11.1000,10.6400,11.0700,10.7600,7795732,85117680.0000,3,2.657684,1,2.881000,13.267560,2.743842,-6.195894,2.424577,0
2015-01-06,sh.600730,10.7800,11.1900,10.4000,11.1400,11.0700,11744672,127400759.0000,3,4.003938,1,0.632300,13.351456,2.761192,-6.235073,2.439909,0
2015-01-07,sh.600730,11.0700,11.1700,10.9200,11.0900,11.1400,6976774,76844410.0000,3,2.378489,1,-0.448800,13.291530,2.748799,-6.207088,2.428958,0
2015-01-08,sh.600730,11.0900,11.0900,10.9000,10.9200,11.0900,4624630,50745390.0000,3,1.576607,1,-1.532900,13.087783,2.706663,-6.111939,2.391724,0
2015-01-09,sh.600730,10.9000,11.1300,10.8900,10.9000,10.9200,6721657,74106998.0000,3,2.291516,1,-0.183200,13.063812,2.701705,-6.100745,2.387344,0
2015-01-12,sh.600730,10.8800,10.8800,10.4800,10.4900,10.9000,5382356,57116252.0000,3,1.834927,1,-3.761500,12.572421,2.600082,-5.871267,2.297544,0
2015-01-13,sh.600730,10.4700,10.7400,10.4000,10.7200,10.4900,5330489,56521100.0000,3,1.817245,1,2.192600,12.848080,2.657090,-5.999998,2.347920,0
2015-01-14,sh.600730,10.7000,10.7400,10.4000,10.5600,10.7200,4954230,52309137.0000,3,1.688973,1,-1.492500,12.656317,2.617432,-5.910446,2.312876,0
2015-01-15,sh.600730,10.5300,10.7200,10.5000,10.7100,10.5600,4809356,51025224.0000,3,1.639583,1,1.420500,12.836095,2.654611,-5.994401,2.345729,0
2015-01-16,sh.600730,10.7000,11.0500,10.6500,11.0200,10.7100,9045844,98507595.0000,3,3.083867,1,2.894500,13.207634,2.731449,-6.167909,2.413626,0
2015-01-19,sh.600730,10.7600,11.2300,10.5000,10.7200,11.0200,10313687,112856531.0000,3,3.516094,1,-2.722300,12.848080,2.657090,-5.999998,2.347920,0
2015-01-20,sh.600730,10.8000,11.2100,10.8000,11.1600,10.7200,10644043,117869348.0000,3,3.628717,1,4.104500,13.375426,2.766150,-6.246267,2.444289,0
2015-01-21,sh.600730,11.1700,11.4600,11.1200,11.4200,11.1600,12323850,139660062.0000,3,4.201389,1,2.329800,13.687040,2.830594,-6.391789,2.501235,0
2015-01-22,sh.600730,11.4300,11.6000,11.3000,11.5200,11.4200,10568483,121175017.0000,3,3.602957,1,0.875700,13.806892,2.855380,-6.447759,2.523137,0
2015-01-23,sh.600730,11.4500,11.5500,11.3100,11.3200,11.5200,8123934,92681682.0000,3,2.769573,1,-1.736100,13.567189,2.805808,-6.335819,2.479333,0
2015-01-26,sh.600730,11.4500,11.7400,11.3400,11.7200,11.3200,11386983,131895537.0000,3,3.881997,1,3.533600,14.046595,2.904953,-6.559700,2.566942,0
2015-01-27,sh.600730,11.7200,11.7900,11.5200,11.7100,11.7200,8834900,103174266.0000,3,3.011952,1,-0.085300,14.034609,2.902474,-6.554103,2.564752,0
2015-01-28,sh.600730,11.6500,11.6700,11.4700,11.5300,11.7100,6122232,70788430.0000,3,2.087162,1,-1.537200,13.818877,2.857859,-6.453356,2.525328,0
2015-01-29,sh.600730,11.4100,11.5000,11.2500,11.3300,11.5300,5475653,62430215.0000,3,1.866734,1,-1.734600,13.579174,2.808286,-6.341416,2.481523,0
2015-01-30,sh.600730,11.3300,11.4500,11.1800,11.2100,11.3300,5043871,57164918.0000,3,1.719533,1,-1.059100,13.435352,2.778543,-6.274252,2.455241,0
2015-02-02,sh.600730,11.1700,11.2800,11.0300,11.2600,11.2100,3782690,42254953.0000,3,1.289577,1,0.446000,13.495278,2.790936,-6.302237,2.466192,0
2015-02-03,sh.600730,11.2700,11.5600,11.2700,11.5500,11.2600,5483519,62654243.0000,3,1.869415,1,2.575500,13.842847,2.862816,-6.464550,2.529708,0
2015-02-04,sh.600730,11.5500,11.5900,11.4400,11.4600,11.5500,4839517,55676209.0000,3,1.649865,1,-0.779200,13.734981,2.840509,-6.414177,2.509996,0
2015-02-05,sh.600730,11.5700,11.7800,11.4800,11.5400,11.4600,9447680,109662713.0000,3,3.220859,1,0.698100,13.830862,2.860338,-6.458953,2.527518,0
2015-02-06,sh.600730,11.5000,11.5500,11.0200,11.0800,11.5400,6311054,71222387.0000,3,2.151535,1,-3.986100,13.279545,2.746321,-6.201491,2.426768,0
2015-02-09,sh.600730,11.1000,11.2500,11.0200,11.0300,11.0800,3315095,36859929.0000,3,1.130167,1,-0.451300,13.219619,2.733927,-6.173506,2.415816,0
2015-02-10,sh.600730,10.9500,11.1300,10.9400,11.1100,11.0300,3649273,40347848.0000,3,1.244093,1,0.725300,13.315500,2.753757,-6.218282,2.433338,0
2015-02-11,sh.600730,11.1000,11.2500,11.0900,11.2200,11.1100,3174743,35546416.0000,3,1.082318,1,0.990100,13.447337,2.781021,-6.279849,2.457431,0
2015-02-12,sh.600730,11.2300,11.4700,11.2100,11.3800,11.2200,3884151,44134102.0000,3,1.324166,1,1.426000,13.639100,2.820679,-6.369401,2.492474,0
2015-02-13,sh.600730,11.4500,11.7100,11.4200,11.5800,11.3800,8024849,93243377.0000,3,2.735794,1,1.757500,13.878802,2.870252,-6.481342,2.536279,0
2015-02-16,sh.600730,11.6000,11.8700,11.6000,11.8600,11.5800,10777245,126483323.0000,3,3.674128,1,2.418000,14.214387,2.939654,-6.638058,2.597605,0
2015-02-17,sh.600730,11.9100,12.1000,11.7500,11.9700,11.8600,8993020,107472354.0000,3,3.065858,1,0.927500,14.346223,2.966919,-6.699625,2.621697,0
2015-02-25,sh.600730,11.9800,12.3500,11.9800,12.0900,11.9700,9993890,121838014.0000,3,3.407070,1,1.002500,14.490045,2.996662,-6.766789,2.647980,0
2015-02-26,sh.600730,12.1000,12.1500,12.0100,12.1400,12.0900,5771014,69734392.0000,3,1.967427,1,0.413600,14.549971,3.009055,-6.794774,2.658931,0
2015-02-27,sh.600730,12.1600,12.3000,12.1000,12.1600,12.1400,6481571,78985463.0000,3,2.209667,1,0.164700,14.573941,3.014013,-6.805968,2.663312,0
2015-03-02,sh.600730,12.3800,12.4500,12.1700,12.3200,12.1600,8375331,102772365.0000,3,2.855278,1,1.315800,14.765704,3.053671,-6.895520,2.698355,0
2015-03-03,sh.600730,12.2600,12.6200,12.2000,12.3800,12.3200,11462948,142467712.0000,3,3.907894,1,0.487000,14.837614,3.068542,-6.929103,2.711497,0
2015-03-04,sh.600730,12.3800,12.9900,12.3800,12.9200,12.3800,15889792,203364349.0000,3,5.417073,1,4.361900,15.484812,3.202388,-7.231341,2.829769,0
2015-03-05,sh.600730,12.8800,13.0000,12.6500,12.9500,12.9200,9846274,126346815.0000,3,3.356745,1,0.232200,15.520768,3.209824,-7.248132,2.836339,0
2015-03-06,sh.600730,12.9300,13.3400,12.8200,13.2900,12.9500,14658667,193126220.0000,3,4.997364,1,2.625500,15.928263,3.294098,-7.438431,2.910807,0
2015-03-09,sh.600730,13.3000,13.3700,13.0200,13.2600,13.2900,10001663,132019215.0000,3,3.409720,1,-0.225700,15.892308,3.286662,-7.421640,2.904236,0
2015-03-10,sh.600730,13.2500,14.1800,13.2000,13.8000,13.2600,19257148,265297750.0000,3,6.565056,1,4.072400,16.539506,3.420508,-7.723878,3.022508,0
2015-03-11,sh.600730,13.6900,14.1500,13.5300,13.9700,13.8000,14798168,205324844.0000,3,5.044922,1,1.231900,16.743253,3.462644,-7.819028,3.059742,0
2015-03-12,sh.600730,13.9800,14.0700,13.3500,13.4900,13.9700,13966350,190701857.0000,3,4.761342,1,-3.435900,16.167966,3.343670,-7.550371,2.954611,0
2015-03-13,sh.600730,13.5800,14.0800,13.5800,14.0700,13.4900,15611219,217397329.0000,3,5.322103,1,4.299500,16.863105,3.487431,-7.874998,3.081644,0
2015-03-16,sh.600730,14.2100,15.4500,14.2100,15.1000,14.0700,21630230,322758064.0000,3,7.374076,1,7.320500,18.097575,3.742729,-8.451490,3.307237,0
2015-03-17,sh.600730,15.0500,15.4200,14.8500,15.1100,15.1000,17234768,260758922.0000,3,5.875596,1,0.066200,18.109560,3.745208,-8.457087,3.309428,0
2015-03-18,sh.600730,15.1500,15.7900,15.0400,15.4200,15.1100,13810999,214705083.0000,3,4.708381,1,2.051600,18.481100,3.822045,-8.630595,3.377325,0
2015-03-19,sh.600730,15.5000,15.6900,15.1700,15.6700,15.4200,11837929,181895640.0000,3,4.035731,1,1.621300,18.780728,3.884011,-8.770520,3.432080,0
2015-03-20,sh.600730,15.7000,15.9100,15.3900,15.4900,15.6700,11810616,184305280.0000,3,4.026420,1,-1.148700,18.564996,3.839396,-8.669774,3.392656,0
2015-03-23,sh.600730,15.5000,15.7800,15.2000,15.3800,15.4900,19047428,292896976.0000,3,6.493559,1,-0.710100,18.433159,3.812131,-8.608207,3.368564,0
2015-03-24,sh.600730,15.4300,15.6800,14.9200,15.6600,15.3800,19482714,299242720.0000,3,6.641955,1,1.820500,18.768743,3.881533,-8.764923,3.429890,0
2015-03-25,sh.600730,15.7300,15.7300,15.2800,15.5500,15.6600,13020306,201608756.0000,3,4.438821,1,-0.702400,18.636907,3.854268,-8.703356,3.405797,0
2015-03-26,sh.600730,15.4200,15.4500,14.6000,14.6800,15.5500,16950843,253772528.0000,3,5.778802,1,-5.594900,17.594199,3.638627,-8.216416,3.215248,0
2015-03-27,sh.600730,14.7300,15.1000,14.7000,14.9900,14.6800,10734669,160264980.0000,3,3.659613,1,2.111700,17.965738,3.715464,-8.389923,3.283145,0
2015-03-30,sh.600730,15.0100,15.1400,14.7700,15.0500,14.9900,15474125,230732612.0000,3,5.275366,1,0.400300,18.037649,3.730336,-8.423505,3.296286,0
2015-03-31,sh.600730,15.0800,15.1600,14.8000,14.9400,15.0500,11401297,170758478.0000,3,3.886876,1,-0.730900,17.905813,3.703071,-8.361938,3.272194,0
2015-04-01,sh.600730,14.8500,16.0100,14.8000,15.9900,14.9400,23769652,368222464.0000,3,8.103438,1,7.028100,19.164253,3.963327,-8.949624,3.502167,0
2015-04-02,sh.600730,16.1400,17.2200,16.0500,16.8700,15.9900,20965289,350970528.0000,3,7.147388,1,5.503400,20.218946,4.181447,-9.442162,3.694907,0
2015-04-03,sh.600730,16.6400,16.9700,16.4200,16.8100,16.8700,14874187,248910673.0000,3,5.070838,1,-0.355700,20.147035,4.166575,-9.408580,3.681766,0
2015-04-07,sh.600730,16.7700,17.0900,16.6300,17.0200,16.8100,17826421,301305312.0000,3,6.077299,1,1.249300,20.398724,4.218626,-9.526117,3.727760,0
2015-04-08,sh.600730,17.0500,17.2100,16.6000,16.8900,17.0200,14578133,246921430.0000,3,4.969908,1,-0.763800,20.242917,4.186404,-9.453356,3.699287,0
2015-04-09,sh.600730,16.8800,18.5800,16.6600,18.5800,16.8900,25994802,457300400.0000,3,8.862025,1,10.005900,22.268407,4.605292,-10.399251,4.069435,0
2015-04-10,sh.600730,18.3600,20.4000,18.2200,19.2900,18.5800,24054774,469327520.0000,3,8.200640,1,3.821300,23.119352,4.781275,-10.796639,4.224941,0
2015-04-13,sh.600730,19.4600,20.5600,19.4600,19.9200,19.2900,16236665,323826976.0000,3,5.535327,1,3.265900,23.874417,4.937428,-11.149251,4.362925,0
2015-04-14,sh.600730,19.8000,19.8000,19.0700,19.3000,19.9200,15462471,298858816.0000,3,5.271393,1,-3.112500,23.131337,4.783753,-10.802236,4.227131,0
2015-04-15,sh.600730,19.2000,19.2000,18.0000,18.1900,19.3000,14812765,276532960.0000,3,5.049898,1,-5.751300,21.800986,4.508626,-10.180967,3.984016,0
2015-04-16,sh.600730,18.0300,19.1000,17.5100,18.4400,18.1900,11321692,209054739.0000,3,3.859738,1,1.374400,22.100615,4.570591,-10.320893,4.038772,0
2015-04-17,sh.600730,18.6000,19.9800,18.6000,19.0800,18.4400,17098796,330021952.0000,3,5.829241,1,3.470700,22.867664,4.729224,-10.679102,4.178946,0
2015-04-20,sh.600730,19.1200,20.0000,18.0000,18.5000,19.0800,21811024,417239664.0000,3,7.435712,1,-3.039800,22.172526,4.585463,-10.354475,4.051913,0
2015-04-21,sh.600730,18.5100,19.3000,18.1500,19.2600,18.5000,12068268,226385013.0000,3,4.114257,1,4.108100,23.083397,4.773839,-10.779848,4.218370,0
2015-04-22,sh.600730,19.2600,20.4800,19.2600,20.1800,19.2600,18355209,362926112.0000,3,6.257571,1,4.776700,24.186031,5.001873,-11.294773,4.419871,0
2015-04-23,sh.600730,20.1800,20.4500,19.5600,19.9300,20.1800,15106498,301268976.0000,3,5.150036,1,-1.238900,23.886402,4.939907,-11.154848,4.365115,0
2015-04-24,sh.600730,19.4800,20.0000,19.2200,19.6300,19.9300,11669559,229629105.0000,3,3.978331,1,-1.505300,23.526847,4.865548,-10.986937,4.299409,0
2015-04-27,sh.600730,19.6500,20.1800,19.4800,19.8100,19.6300,11229163,222015220.0000,3,3.828193,1,0.917000,23.742580,4.910164,-11.087684,4.338833,0
2015-04-28,sh.600730,19.7800,19.7800,18.5200,18.8100,19.8100,11887669,226885600.0000,3,4.052688,1,-5.048000,22.544065,4.662301,-10.527982,4.119810,0
2015-04-29,sh.600730,18.7800,19.9900,18.6800,19.9400,18.8100,10888554,208312192.0000,3,3.712075,1,6.007400,23.898387,4.942386,-11.160445,4.367306,0
2015-04-30,sh.600730,20.1200,21.5400,19.9600,20.2600,19.9400,20091871,416988352.0000,3,6.849626,1,1.604800,94.596896,7.741105,-24.086627,4.339319,0
2015-05-04,sh.600730,20.3800,20.7000,19.4000,20.5000,20.2600,12748185,256765131.0000,3,4.346051,1,1.184600,95.717491,7.832806,-24.371958,4.390723,0
2015-05-05,sh.600730,20.5200,20.9600,19.5000,19.6500,20.5000,12003966,243039736.0000,3,4.092336,1,-4.146300,91.748717,7.508031,-23.361413,4.208668,0
2015-05-06,sh.600730,19.6800,21.6200,19.4000,21.5800,19.6500,29536813,620431584.0000,3,10.069551,1,9.821900,100.760168,8.245461,-25.655944,4.622039,0
2015-05-07,sh.600730,21.1800,22.9900,20.9000,21.7500,21.5800,24142658,537599584.0000,3,8.230601,1,0.787800,101.553923,8.310416,-25.858052,4.658450,0
2015-05-08,sh.600730,21.9900,23.9300,21.3000,23.9300,21.7500,23643745,541379440.0000,3,8.060514,1,10.023000,111.732661,9.143368,-28.449802,5.125366,0
2015-05-11,sh.600730,25.4100,26.3200,25.0400,26.3200,23.9300,8908838,231742246.0000,3,3.037159,1,9.987500,122.891920,10.056559,-31.291216,5.637260,0
2015-05-12,sh.600730,28.9500,28.9500,28.9500,28.9500,26.3200,1394437,40368951.0000,3,0.475385,1,9.992400,135.171773,11.061451,-34.417960,6.200557,0
2015-05-13,sh.600730,31.8500,31.8500,29.0000,30.4100,28.9500,43097023,1319207104.0000,3,14.692434,1,5.043200,141.988726,11.619299,-36.153718,6.513262,0
2015-05-14,sh.600730,30.2900,31.9700,28.7800,28.8200,30.4100,28136460,843679440.0000,3,9.592149,1,-5.228500,134.564784,11.011779,-34.263406,6.172714,0
2015-05-15,sh.600730,28.0000,28.7300,26.7000,28.0100,28.8200,21046669,581556160.0000,3,7.175131,1,-2.810500,130.782776,10.702288,-33.300416,5.999227,0
2015-05-18,sh.600730,28.0200,30.8100,27.7200,29.9300,28.0100,24105391,708228528.0000,3,8.217896,1,6.854700,139.747536,11.435897,-35.583058,6.410455,0
2015-05-19,sh.600730,29.9500,32.9200,29.9500,32.9200,29.9300,16876927,530493568.0000,3,5.753602,1,9.990000,153.708283,12.578341,-39.137797,7.050858,0
2015-05-20,sh.600730,35.8700,36.2100,34.8700,36.2100,32.9200,29559634,1068516128.0000,3,10.077331,1,9.993900,169.069773,13.835410,-43.049199,7.755516,0
2015-05-21,sh.600730,36.2000,37.8000,34.5800,37.4200,36.2100,35874510,1303813072.0000,3,12.230169,1,3.341600,174.719439,14.297737,-44.487739,8.014675,0
2015-05-22,sh.600730,37.4000,37.4000,35.1100,35.7700,37.4200,22371227,808841232.0000,3,7.626693,1,-4.409400,167.015348,13.667292,-42.526094,7.661276,0
2015-05-25,sh.600730,34.9600,38.6800,34.2600,37.5600,35.7700,25939550,944402096.0000,3,8.843189,1,5.004200,175.373119,14.351229,-44.654182,8.044661,0
2015-05-26,sh.600730,37.0500,41.3200,37.0500,41.3200,37.5600,21365803,855391792.0000,3,7.283929,1,10.010600,192.929108,15.787881,-49.124355,8.849984,0
2015-05-27,sh.600730,41.5000,44.3300,39.9800,42.5700,41.3200,24755075,1049628400.0000,3,8.439384,1,3.025200,198.765540,16.265491,-50.610450,9.117711,0
2015-05-28,sh.600730,41.0000,42.8600,38.3100,38.3200,42.5700,27976232,1125684624.0000,3,9.537525,1,-9.983600,178.921670,14.641616,-45.557727,8.207439,0
2015-05-29,sh.600730,37.0000,39.0900,36.4200,37.8200,38.3200,17805003,673868432.0000,3,6.069998,1,-1.304800,176.587097,14.450572,-44.963289,8.100348,0
2015-06-01,sh.600730,37.6000,39.1100,37.4000,38.6800,37.8200,15340762,589954352.0000,3,5.229900,1,2.273900,180.602563,14.779168,-45.985723,8.284544,0
2015-06-02,sh.600730,38.6800,39.1000,37.0000,37.7700,38.6800,19329552,726181024.0000,3,6.589740,1,-2.352600,176.353640,14.431468,-44.903846,8.089639,0
2015-06-03,sh.600730,37.9500,38.2000,35.6700,36.3500,37.7700,17284708,634365328.0000,3,5.892621,1,-3.759600,169.723453,13.888903,-43.215642,7.785501,0
2015-06-04,sh.600730,36.3500,39.9900,34.5800,39.9300,36.3500,23092938,864505792.0000,3,7.872736,1,9.848700,186.438995,15.256778,-47.471818,8.552271,0
2015-06-05,sh.600730,40.0300,43.4700,39.9700,40.6400,39.9300,26991429,1120236336.0000,3,9.201791,1,1.778100,189.754089,15.528061,-48.315920,8.704340,0
2015-06-08,sh.600730,40.5500,40.5500,37.4200,37.4500,40.6400,19897082,761132048.0000,3,6.783219,1,-7.849400,174.859513,14.309200,-44.523405,8.021101,0
2015-06-09,sh.600730,37.4500,38.5000,37.4000,37.8400,37.4500,10972696,414803392.0000,3,3.740760,1,1.041400,176.680480,14.458214,-44.987067,8.104632,0
2015-06-10,sh.600730,37.7800,40.6200,36.6700,39.8700,37.8400,18356339,722008416.0000,3,6.257957,1,5.364700,186.158846,15.233853,-47.400485,8.539420,0
2015-06-11,sh.600730,39.4800,40.1800,38.5500,39.0600,39.8700,11092466,436952912.0000,3,3.781591,1,-2.031600,182.376838,14.924362,-46.437496,8.365933,0
2015-06-12,sh.600730,38.7700,39.6000,38.0100,38.4000,39.0600,10937299,420966480.0000,3,3.728692,1,-1.689700,179.295202,14.672183,-45.652838,8.224573,0
2015-06-15,sh.600730,38.5100,39.7600,37.4200,37.5200,38.4000,13610567,529724288.0000,3,4.640050,1,-2.291700,175.186354,14.335946,-44.606627,8.036094,0
2015-06-16,sh.600730,36.4000,36.6800,34.0000,34.5700,37.5200,13607945,481527856.0000,3,4.639156,1,-7.862500,161.412373,13.208786,-41.099443,7.404258,0
2015-06-17,sh.600730,34.1000,35.1800,31.2800,34.7900,34.5700,13031719,432178608.0000,3,4.442712,1,0.636400,162.439585,13.292845,-41.360995,7.451378,0
2015-06-18,sh.600730,34.4000,34.4000,31.5000,31.9900,34.7900,9806099,325022912.0000,3,3.343049,1,-8.048300,149.365977,12.222999,-38.032142,6.851669,0
2015-06-19,sh.600730,31.2000,31.2000,28.7900,28.7900,31.9900,10954883,328318192.0000,3,3.734687,1,-10.003100,134.424710,11.000317,-34.227739,6.166288,0
2015-06-23,sh.600730,28.2800,29.4000,25.9100,28.5200,28.7900,11985882,331984528.0000,3,4.086170,1,-0.937800,133.164041,10.897153,-33.906743,6.108459,0
2015-06-24,sh.600730,28.9900,29.4500,27.7400,29.1200,28.5200,11507651,330816144.0000,3,3.923134,1,2.103800,135.965528,11.126406,-34.620068,6.236968,0
2015-06-25,sh.600730,29.7000,32.0300,29.1600,32.0300,29.1200,22801627,719392304.0000,3,7.773423,1,9.993100,149.552743,12.238282,-38.079698,6.860237,0
2015-06-26,sh.600730,31.0000,31.2500,28.8300,28.8300,32.0300,14632818,436477264.0000,3,4.988551,1,-9.990600,134.611476,11.015600,-34.275294,6.174856,0
2015-06-29,sh.600730,29.6000,29.8400,25.9500,25.9500,28.8300,15101564,412569952.0000,3,5.148354,1,-9.989600,121.164336,9.915186,-30.851332,5.558013,0
2015-06-30,sh.600730,25.7100,27.5800,23.3600,26.9800,25.9500,21175684,530052080.0000,3,7.219114,1,3.969200,125.973556,10.308737,-32.075874,5.778620,0
2015-07-01,sh.600730,27.0000,28.2000,24.2800,24.2800,26.9800,16803675,447975280.0000,3,5.728630,1,-10.007400,113.366862,9.277099,-28.865909,5.200329,0
2015-07-02,sh.600730,24.1000,24.8400,21.8500,21.8500,24.2800,14625248,331448944.0000,3,4.985971,1,-10.008200,102.020838,8.348625,-25.976940,4.679868,0
2015-07-03,sh.600730,20.4800,21.8300,19.6700,19.6700,21.8500,15280948,305916272.0000,3,5.209509,1,-9.977100,91.842100,7.515673,-23.385190,4.212952,0
2015-07-06,sh.600730,21.0000,21.3900,17.7000,17.7000,19.6700,17322219,331666352.0000,3,5.905409,1,-10.015200,82.643882,6.762960,-21.043105,3.791014,0
2015-07-07,sh.600730,15.9500,15.9800,15.9300,15.9300,17.7000,2541899,40516188.0000,3,0.866572,1,-10.000000,74.379494,6.086664,-18.938794,3.411913,0
2015-07-13,sh.600730,17.5200,17.5200,17.5200,17.5200,15.9300,1261302,22098011.0000,3,0.429997,1,9.981200,81.803436,6.694184,-20.829107,3.752462,0
2015-07-14,sh.600730,19.2700,19.2700,19.2700,19.2700,17.5200,547387,10548147.0000,3,0.186613,1,9.988600,89.974441,7.362838,-22.909640,4.127279,0
2015-07-15,sh.600730,21.2000,21.2000,17.3900,18.1800,19.2700,40194633,791042576.0000,3,13.702965,1,-5.656500,84.885072,6.946362,-21.613765,3.893822,0
2015-07-16,sh.600730,17.4600,20.0000,16.5500,19.8000,18.1800,31913027,616628976.0000,3,10.879639,1,8.910900,92.449089,7.565345,-23.539744,4.240796,0
2015-07-17,sh.600730,20.3000,21.7800,20.0000,21.7800,19.8000,25391206,539002480.0000,3,8.656250,1,10.000000,101.693997,8.321879,-25.893719,4.664875,0
2015-07-20,sh.600730,22.0000,23.5200,21.6400,23.0700,21.7800,27866688,630529984.0000,3,9.500180,1,5.922900,107.717196,8.814773,-27.427369,4.941170,0
2015-07-21,sh.600730,24.2000,25.3800,23.5100,25.3800,23.0700,10884131,268143267.0000,3,3.710567,1,10.013000,118.502923,9.697396,-30.173672,5.435929,0
2015-07-22,sh.600730,27.9200,27.9200,25.8800,26.7600,25.3800,34144876,920822784.0000,3,11.640510,1,5.437400,124.946344,10.224678,-31.814321,5.731500,0
2015-07-23,sh.600730,26.5100,29.4400,26.0300,29.4400,26.7600,24597236,675077200.0000,3,8.385574,1,10.014900,137.459655,11.248674,-35.000509,6.305506,0
2015-07-24,sh.600730,27.0000,29.8400,27.0000,27.4800,29.4400,45112145,1283839136.0000,3,15.379420,1,-6.657600,128.308129,10.499781,-32.670312,5.885710,0
2015-07-27,sh.600730,25.9900,27.2700,24.7300,24.7300,27.4800,23960372,622909632.0000,3,8.168457,1,-10.007300,115.467978,9.449039,-29.400903,5.296711,0
2015-07-28,sh.600730,22.2600,24.7300,22.2600,22.2600,24.7300,30696397,691146848.0000,3,10.464871,1,-9.987900,103.935187,8.505281,-26.464379,4.767682,0
2015-07-29,sh.600730,22.9400,24.0000,21.5500,23.7400,22.2600,27500328,621068192.0000,3,9.375282,1,6.648700,110.845523,9.070772,-28.223916,5.084671,0
2015-07-30,sh.600730,23.5000,23.7600,21.3700,21.3700,23.7400,22465049,512985456.0000,3,7.658679,1,-9.983100,99.779648,8.165223,-25.406280,4.577061,0
2015-07-31,sh.600730,21.3200,21.3200,19.2300,19.6800,21.3700,19903321,401995792.0000,3,6.785346,1,-7.908300,91.888791,7.519494,-23.397079,4.215094,0
2015-08-03,sh.600730,19.0000,19.1500,17.7100,17.7300,19.6800,20169195,363903776.0000,3,6.875987,1,-9.908500,82.783957,6.774422,-21.078771,3.797440,0
2015-08-04,sh.600730,18.5000,19.5000,18.5000,19.5000,17.7300,20168642,388522976.0000,3,6.875798,1,9.983100,91.048345,7.450718,-23.183082,4.176541,0
2015-08-05,sh.600730,21.4500,21.4500,21.0600,21.4500,19.5000,11839393,253903624.0000,3,4.036230,1,10.000000,100.153179,8.195790,-25.501390,4.594195,0
2015-08-06,sh.600730,21.4000,23.6000,20.8100,23.6000,21.4500,52399897,1176156624.0000,3,17.863926,1,10.023300,110.191843,9.017279,-28.057473,5.054686,0
2015-08-07,sh.600730,23.4500,25.8800,22.4800,25.2500,23.6000,38729275,945172672.0000,3,13.203402,1,6.991500,117.895934,9.647725,-30.019118,5.408085,0
2015-08-10,sh.600730,24.9800,26.9800,24.7000,26.4400,25.2500,36854615,945013200.0000,3,12.564302,1,4.712900,123.452217,10.102410,-31.433881,5.662962,0
2015-08-11,sh.600730,26.0500,26.4500,25.0300,25.4300,26.4400,27518625,710460128.0000,3,9.381520,1,-3.820000,118.736380,9.716501,-30.233116,5.446638,0
2015-08-12,sh.600730,25.0400,25.2100,23.9600,24.3600,25.4300,20650589,509973536.0000,3,7.040102,1,-4.207600,113.740394,9.307666,-28.961019,5.217464,0
2015-08-13,sh.600730,24.0100,26.8000,24.0100,26.8000,24.3600,39655877,1040168080.0000,3,13.519295,1,10.016400,125.133110,10.239961,-31.861876,5.740067,0
2015-08-14,sh.600730,27.8600,29.4800,27.6100,29.4800,26.8000,42392780,1226338336.0000,3,14.452347,1,10.000000,137.646421,11.263957,-35.048064,6.314074,0
2015-08-17,sh.600730,29.0000,32.4300,27.7800,31.4900,29.4800,51391291,1528264000.0000,3,17.520077,1,6.818200,147.031404,12.031955,-37.437705,6.744579,0
2015-08-18,sh.600730,30.8900,31.6800,28.3400,28.3400,31.4900,35821535,1064710464.0000,3,12.212109,1,-10.003200,132.323594,10.828377,-33.692745,6.069907,0
2015-08-19,sh.600730,27.0000,31.1700,26.8500,31.1700,28.3400,47662088,1405634816.0000,3,16.248734,1,9.985900,145.537277,11.909686,-37.057264,6.676040,0
2015-08-20,sh.600730,30.5000,34.2400,30.3000,30.3300,31.1700,47127497,1502653360.0000,3,16.066484,1,-2.694900,141.615195,11.588732,-36.058608,6.496128,0
2015-08-21,sh.600730,29.2500,30.3000,27.7000,28.0100,30.3300,32329763,932827488.0000,3,11.021710,1,-7.649200,130.782776,10.702288,-33.300416,5.999227,0
2015-08-24,sh.600730,26.3000,26.3000,25.2100,25.2100,28.0100,5496350,140528295.0000,3,1.873790,1,-9.996400,117.709168,9.632441,-29.971563,5.399518,0
2015-08-25,sh.600730,22.6900,22.6900,22.6900,22.6900,25.2100,2232500,50655425.0000,3,0.761093,1,-9.996000,105.942920,8.669579,-26.975596,4.859781,0
2015-08-31,sh.600730,24.9600,24.9600,24.5000,24.9600,22.6900,9866193,246228721.0000,3,3.363536,1,10.004400,102.978301,7.365140,-32.992994,5.096673,0
2015-09-01,sh.600730,25.4500,25.4500,22.4600,22.4600,24.9600,26547587,610464896.0000,3,9.050478,1,-10.016000,92.663968,6.627446,-29.688407,4.586189,0
2015-09-02,sh.600730,20.2100,23.0100,20.2100,20.2100,22.4600,25996444,544130528.0000,3,8.862585,1,-10.017800,83.381069,5.963521,-26.714279,4.126753,0
2015-09-07,sh.600730,20.0000,21.6000,19.0000,19.2500,20.2100,19541301,402830080.0000,3,6.661928,1,-4.750100,79.420365,5.680246,-25.445318,3.930727,0
2015-09-08,sh.600730,19.2800,21.1800,18.4700,21.1800,19.2500,18307520,359340096.0000,3,6.241313,1,10.026000,87.383030,6.249746,-27.996459,4.324821,0
2015-09-09,sh.600730,21.8900,23.2000,21.6000,22.3400,21.1800,25558293,573199968.0000,3,8.713213,1,5.476900,92.168880,6.592036,-29.529787,4.561685,0
2015-09-10,sh.600730,21.8000,22.8400,21.3500,21.7900,22.3400,17871237,397535920.0000,3,6.092578,1,-2.461900,89.899727,6.429744,-28.802778,4.449379,0
2015-09-11,sh.600730,22.1900,23.0000,22.0000,22.7300,21.7900,20815947,468347552.0000,3,7.096475,1,4.313900,93.777916,6.707117,-30.045302,4.641321,0
2015-09-14,sh.600730,22.6700,22.7900,20.4600,20.4600,22.7300,19109565,408204240.0000,3,6.514743,1,-9.986800,84.412502,6.037290,-27.044738,4.177801,0
2015-09-15,sh.600730,18.4200,20.4100,18.4100,18.4100,20.4600,15322965,288179936.0000,3,5.223833,1,-10.019500,75.954749,5.432381,-24.334976,3.759204,0
2015-09-16,sh.600730,18.5100,20.2500,17.8800,20.2400,18.4100,20861091,399191616.0000,3,7.111865,1,9.940200,83.504841,5.972373,-26.753934,4.132879,0
2015-09-17,sh.600730,19.7400,21.3000,19.6300,20.0300,20.2400,23366180,476296560.0000,3,7.965888,1,-1.037500,82.638437,5.910407,-26.476349,4.089998,0
2015-09-18,sh.600730,20.2800,20.9900,19.5000,20.3800,20.0300,15851448,321019952.0000,3,5.404001,1,1.747400,84.082443,6.013684,-26.938991,4.161466,0
2015-09-21,sh.600730,19.8800,22.4200,19.8500,22.0000,20.3800,21177325,453793168.0000,3,7.219674,1,7.949000,90.766131,6.491710,-29.080363,4.492259,0
2015-09-22,sh.600730,22.0900,22.5700,21.2000,21.6200,22.0000,19089136,416764272.0000,3,6.507778,1,-1.727300,89.198352,6.379580,-28.578066,4.414666,0
2015-09-23,sh.600730,20.9900,22.7400,20.8000,21.9600,21.6200,20970939,456113840.0000,3,7.149314,1,1.572600,90.601102,6.479907,-29.027490,4.484092,0
2015-09-24,sh.600730,21.4100,22.1500,20.9500,21.6300,21.9600,18789794,405476864.0000,3,6.405728,1,-1.502700,89.239610,6.382531,-28.591284,4.416708,0
2015-09-25,sh.600730,21.3700,21.8600,19.4800,21.5200,21.6300,17426138,362309184.0000,3,5.940837,1,-0.508500,88.785779,6.350073,-28.445882,4.394247,0
2015-09-28,sh.600730,21.0000,22.2500,20.3000,21.9900,21.5200,14334478,306120864.0000,3,4.886843,1,2.184000,90.724874,6.488759,-29.067145,4.490218,0
2015-09-29,sh.600730,21.2000,21.8000,20.7100,20.8900,21.9900,12559634,265859706.0000,3,4.281771,1,-5.002300,86.186567,6.164174,-27.613126,4.265605,0
2015-09-30,sh.600730,21.1500,21.3400,20.3000,20.3400,20.8900,8977130,185142419.0000,3,3.060441,1,-2.632800,83.917414,6.001881,-26.886117,4.153298,0
2015-10-08,sh.600730,21.2100,21.5500,20.8700,21.2400,20.3400,10534817,223456108.0000,3,3.591480,1,4.424800,87.630574,6.267451,-28.075769,4.337072,0
2015-10-09,sh.600730,21.0100,22.8800,20.9100,22.1000,21.2400,16601993,365817536.0000,3,5.659873,1,4.049000,91.178704,6.521218,-29.212546,4.512679,0
2015-10-12,sh.600730,22.5100,24.3100,22.5100,24.2100,22.1000,26637548,632741856.0000,3,9.081147,1,9.547500,99.884001,7.143832,-32.001618,4.943527,0
2015-10-13,sh.600730,23.9800,26.6200,23.8800,25.9300,24.2100,23535438,592358656.0000,3,8.023591,1,7.104500,106.980263,7.651365,-34.275173,5.294740,0
2015-10-14,sh.600730,25.9800,26.5300,24.6800,25.8500,25.9300,24426673,621700080.0000,3,8.327426,1,-0.308500,106.650204,7.627759,-34.169426,5.278405,0
2015-10-15,sh.600730,25.7000,28.1000,25.3000,26.9800,25.8500,20726492,553803152.0000,3,7.065978,1,4.371400,111.312283,7.961197,-35.663100,5.509144,0
2015-10-16,sh.600730,27.1500,28.5200,26.6700,27.1900,26.9800,18562680,509067760.0000,3,6.328301,1,0.778400,112.178686,8.023163,-35.940685,5.552024,0
2015-10-19,sh.600730,28.4900,29.9100,28.4000,29.9100,27.1900,34486863,1015988208.0000,3,11.757099,1,10.003700,123.400681,8.825775,-39.536075,6.107431,0
2015-10-20,sh.600730,29.4000,31.3200,29.2000,29.7900,29.9100,29148413,887562432.0000,3,9.937140,1,-0.401200,122.905593,8.790365,-39.377455,6.082928,0
2015-10-21,sh.600730,29.9000,30.6000,26.8100,26.8100,29.7900,25688742,723306000.0000,3,8.757685,1,-10.003400,110.610908,7.911034,-35.438388,5.474431,0
2015-10-22,sh.600730,27.0100,28.2800,25.8000,27.7900,26.8100,27266551,739405184.0000,3,9.295584,1,3.655400,114.654126,8.200210,-36.733786,5.674540,0
2015-10-23,sh.600730,27.6200,29.1000,27.3200,28.8100,27.7900,23701053,666875984.0000,3,8.080051,1,3.670400,118.862374,8.501189,-38.082057,5.882818,0
2015-10-26,sh.600730,29.5900,29.8500,27.8400,28.5700,28.8100,20964148,603391232.0000,3,7.146999,1,-0.833000,117.872198,8.430370,-37.764817,5.833811,0
2015-10-27,sh.600730,29.8100,30.4700,28.5000,29.7300,28.5700,21015123,621058000.0000,3,7.164377,1,4.060200,122.658049,8.772661,-39.298145,6.070676,0
2015-10-28,sh.600730,28.9000,29.3500,27.6000,27.8300,29.7300,16753943,478178048.0000,3,5.711675,1,-6.390800,114.819156,8.212013,-36.786659,5.682708,0
2015-10-29,sh.600730,27.8000,28.6900,27.3200,27.6500,27.8300,12809448,358537024.0000,3,4.366937,1,-0.646800,114.076524,8.158899,-36.548729,5.645953,0
2015-10-30,sh.600730,27.6900,30.4000,27.2700,29.3200,27.6500,23893755,694889232.0000,3,8.145746,1,6.039800,120.966498,8.651679,-38.756193,5.986957,0
2015-11-02,sh.600730,28.2000,31.6000,28.1100,30.1900,29.3200,29026876,877556624.0000,3,9.895706,1,2.967300,129.453569,8.585254,-90.909234,6.202968,0
2015-11-03,sh.600730,29.8100,31.7000,29.6000,31.1600,30.1900,26237815,807435024.0000,3,8.944872,1,3.213000,133.612892,8.861097,-93.830134,6.402269,0
2015-11-04,sh.600730,32.5100,34.2800,31.9500,34.2800,31.1600,30021725,1011072192.0000,3,10.234865,1,10.012800,146.991333,9.748344,-103.225192,7.043318,0
2015-11-05,sh.600730,34.3500,36.2000,33.5800,35.6200,34.2800,32942232,1151490288.0000,3,11.230511,1,3.909000,152.737201,10.129406,-107.260249,7.318640,0
2015-11-06,sh.600730,35.7200,37.5000,34.7300,35.0900,35.6200,26888994,964528496.0000,3,9.166869,1,-1.487900,150.464582,9.978687,-105.664294,7.209744,0
2015-11-09,sh.600730,34.7000,36.8400,34.3500,35.3600,35.0900,22502916,798020672.0000,3,7.671588,1,0.769500,151.622331,10.055468,-106.477327,7.265219,0
2015-11-10,sh.600730,35.0100,36.4000,34.5500,35.7300,35.3600,18139238,644668272.0000,3,6.183944,1,1.046400,153.208877,10.160687,-107.591485,7.341241,0
2015-11-11,sh.600730,35.3800,37.3700,35.3500,37.0200,35.7300,17797203,650977680.0000,3,6.067339,1,3.610400,158.740348,10.527529,-111.475980,7.606290,0
2015-11-12,sh.600730,36.8000,38.8400,35.8100,38.2600,37.0200,17814644,665245648.0000,3,6.073284,1,3.349500,164.057421,10.880153,-115.209914,7.861066,0
2015-11-13,sh.600730,38.5600,39.4000,35.8000,35.9500,38.2600,20779209,785046240.0000,3,7.083950,1,-6.037600,154.152229,10.223249,-108.253957,7.386443,0
2015-11-16,sh.600730,34.5800,37.1000,34.2500,36.3500,35.9500,11893482,426874976.0000,3,4.054670,1,1.112700,155.867414,10.336999,-109.458452,7.468629,0
2015-11-17,sh.600730,37.0000,38.8600,36.5200,37.1400,36.3500,16540675,624708016.0000,3,5.638969,1,2.173300,159.254903,10.561654,-111.837329,7.630946,0
2015-11-18,sh.600730,37.6400,37.8500,34.5000,34.6900,37.1400,17978276,642399488.0000,3,6.129069,1,-6.596700,148.749397,9.864938,-104.459799,7.127558,0
2015-11-19,sh.600730,17.8000,19.0200,17.8000,19.0200,17.2900,21572881,402448768.0000,3,3.677262,1,10.005800,163.114069,10.817591,-114.547442,7.815863,0
2015-11-20,sh.600730,19.9800,20.9200,19.3300,19.8300,19.0200,94200968,1915553520.0000,3,16.057275,1,4.258700,170.060567,11.278277,-119.425645,8.148716,0
2015-11-23,sh.600730,19.1200,19.5000,17.9000,18.5600,19.8300,79308981,1479986192.0000,3,13.518822,1,-6.404400,159.169144,10.555967,-111.777104,7.626836,0
2015-11-24,sh.600730,18.1800,19.0000,18.0200,18.6000,18.5600,38939581,719686288.0000,3,6.637549,1,0.215500,159.512181,10.578717,-112.018003,7.643273,0
2015-11-25,sh.600730,18.5300,20.4600,18.2300,20.4600,18.6000,72944778,1431591936.0000,3,12.433995,1,10.000000,175.463399,11.636588,-123.219803,8.407601,0
2015-11-26,sh.600730,21.0500,22.2200,20.2500,21.1100,20.4600,89929219,1906558304.0000,3,15.329123,1,3.176900,181.037750,12.006275,-127.134411,8.674704,0
2015-11-27,sh.600730,21.0000,21.6000,19.5000,19.8200,21.1100,63334844,1300456496.0000,3,10.795908,1,-6.110900,169.974808,11.272589,-119.365420,8.144606,0
2015-11-30,sh.600730,20.1000,21.8000,19.0000,21.8000,19.8200,78156599,1610550832.0000,3,13.322390,1,9.989900,186.955137,12.398711,-131.289917,8.958245,0
2015-12-01,sh.600730,21.8900,22.0500,19.8100,21.1000,21.8000,68101702,1436107520.0000,3,11.608456,1,-3.211000,180.951990,12.000587,-127.074186,8.670595,0
2015-12-02,sh.600730,20.8000,20.8000,18.9900,19.7100,21.1000,41332509,816616672.0000,3,7.045442,1,-6.587700,169.031456,11.210027,-118.702948,8.099404,0
2015-12-03,sh.600730,19.8000,20.6000,19.7000,20.1100,19.7100,35450182,713175584.0000,3,6.042755,1,2.029400,172.461826,11.437526,-121.111937,8.263776,0
2015-12-04,sh.600730,19.9800,20.4000,18.9900,19.3200,20.1100,40264850,790376240.0000,3,6.863451,1,-3.928400,165.686846,10.988215,-116.354184,7.939142,0
2015-12-07,sh.600730,19.1800,19.3700,18.3800,19.2300,19.3200,36014040,678520192.0000,3,6.138868,1,-0.465800,164.915013,10.937028,-115.812161,7.902158,0
2015-12-08,sh.600730,19.2400,19.7100,18.8200,19.2600,19.2300,33064493,639518096.0000,3,5.636096,1,0.156000,165.172291,10.954090,-115.992835,7.914486,0
2015-12-09,sh.600730,19.1000,19.1000,18.4000,18.5000,19.2600,27377575,510191280.0000,3,4.666717,1,-3.946000,158.654589,10.521842,-111.415755,7.602181,0
2015-12-10,sh.600730,18.4900,18.4900,17.8200,17.9200,18.5000,27221804,491738400.0000,3,4.640165,1,-3.135100,153.680553,10.191968,-107.922721,7.363842,0
2015-12-11,sh.600730,17.8500,17.8500,17.0600,17.3300,17.9200,23754065,413237776.0000,3,4.049062,1,-3.292400,148.620758,9.856406,-104.369462,7.121394,0
2015-12-14,sh.600730,17.1500,18.4500,16.7000,18.3000,17.3300,35109503,608557376.0000,3,5.984683,1,5.597200,156.939404,10.408092,-110.211261,7.519995,0
2015-12-15,sh.600730,18.1200,19.1900,18.1000,18.5600,18.3000,34639534,649927184.0000,3,5.904573,1,1.420800,159.169144,10.555967,-111.777104,7.626836,0
2015-12-16,sh.600730,18.7800,19.0900,18.4000,18.6000,18.5600,22916531,429220592.0000,3,3.906298,1,0.215500,159.512181,10.578717,-112.018003,7.643273,0
2015-12-17,sh.600730,18.7500,19.0800,18.6100,18.8000,18.6000,27310239,514380336.0000,3,4.655239,1,1.075300,161.227366,10.692466,-113.222497,7.725459,0
2015-12-18,sh.600730,18.7500,20.0000,18.6500,19.8100,18.8000,51504183,999470944.0000,3,8.779282,1,5.372300,169.889049,11.266902,-119.305195,8.140497,0
2015-12-21,sh.600730,19.6300,20.1900,19.5100,19.6900,19.8100,28058340,553920288.0000,3,4.782759,1,-0.605700,168.859938,11.198652,-118.582499,8.091186,0
2015-12-22,sh.600730,19.7000,20.0000,19.0200,19.2700,19.6900,22275617,429812816.0000,3,3.797049,1,-2.133100,165.258050,10.959778,-116.053060,7.918596,0
2015-12-23,sh.600730,19.3000,19.3500,18.3800,18.5500,19.2700,27387854,513340576.0000,3,4.668469,1,-3.736400,159.083385,10.550279,-111.716879,7.622727,0
2015-12-24,sh.600730,18.4800,18.5200,17.8300,18.4200,18.5500,17703128,320813664.0000,3,3.017633,1,-0.700800,157.968515,10.476342,-110.933958,7.569306,0
2015-12-25,sh.600730,18.4300,18.7800,18.0600,18.4800,18.4200,13266493,245403546.0000,3,2.261375,1,0.325700,158.483070,10.510467,-111.295306,7.593962,0
2015-12-28,sh.600730,18.5100,18.5800,17.6700,17.8900,18.4800,30397160,546859712.0000,3,5.181428,1,-3.192600,153.423275,10.174905,-107.742047,7.351514,0
2015-12-29,sh.600730,17.8000,17.8000,17.2000,17.6700,17.8900,17666400,308525424.0000,3,3.011373,1,-1.229700,151.536572,10.049781,-106.417103,7.261110,0
2015-12-30,sh.600730,17.7600,18.5900,17.6700,17.9900,17.6700,23986685,435771824.0000,3,4.088714,1,1.811000,154.280868,10.231780,-108.344294,7.392607,0
2015-12-31,sh.600730,18.0500,18.1400,17.3800,17.4300,17.9900,15077154,265990065.0000,3,2.570016,1,-3.112800,149.478350,9.913281,-104.971709,7.162487,0
2016-01-04,sh.600730,17.4300,17.6700,15.6900,15.8800,17.4300,14054283,236100887.0000,3,2.395660,1,-8.892700,136.185669,9.031721,-95.636876,6.525547,0
2016-01-05,sh.600730,15.0000,16.9900,15.0000,16.5000,15.8800,28009967,455308192.0000,3,4.774513,1,3.904300,141.502741,9.384345,-99.370809,6.780323,0
2016-01-06,sh.600730,16.5500,16.8500,16.2000,16.7000,16.5000,15130625,250835557.0000,3,2.579131,1,1.212100,143.217926,9.498095,-100.575304,6.862509,0
2016-01-07,sh.600730,16.2100,16.3900,15.0300,15.0700,16.7000,4001090,63135334.0000,3,0.682016,1,-9.760500,129.239170,8.571035,-90.758672,6.192695,0
2016-01-08,sh.600730,15.5000,15.9400,13.8500,15.3900,15.0700,18781145,286168800.0000,3,3.201390,1,2.123400,131.983466,8.753035,-92.685864,6.324192,0
2016-01-11,sh.600730,15.0000,15.7900,13.8500,13.8500,15.3900,23522482,346088400.0000,3,4.009587,1,-10.006500,118.776543,7.877163,-83.411255,5.691362,0
2016-01-12,sh.600730,14.0800,14.3000,13.2400,13.6200,13.8500,21319454,295075648.0000,3,3.634064,1,-1.660700,116.804081,7.746351,-82.026086,5.596849,0
2016-01-13,sh.600730,13.8000,13.9700,13.3000,13.3400,13.6200,14484907,197614608.0000,3,2.469063,1,-2.055800,114.402822,7.587101,-80.339793,5.481789,0
2016-01-14,sh.600730,12.8300,14.2000,12.7000,14.1800,13.3400,23297931,317033072.0000,3,3.971310,1,6.296900,121.606598,8.064850,-85.398671,5.826969,0
2016-01-15,sh.600730,14.1000,14.4400,13.2000,13.4100,14.1800,17379744,241099271.0000,3,2.962510,1,-5.430200,115.003137,7.626913,-80.761367,5.510554,0
2016-01-18,sh.600730,13.1400,14.0900,13.0000,13.8300,13.4100,16163875,221285219.0000,3,2.755256,1,3.132000,118.605025,7.865788,-83.290805,5.683144,0
2016-01-19,sh.600730,13.7500,14.6600,13.6900,14.6300,13.8300,16511127,234218187.0000,3,2.814448,1,5.784500,125.465764,8.320786,-88.108784,6.011887,0
2016-01-20,sh.600730,14.4600,14.9400,14.2200,14.3800,14.6300,16663409,242282904.0000,3,2.840405,1,-1.708800,123.321783,8.178599,-86.603166,5.909154,0
2016-01-21,sh.600730,14.1500,14.4800,13.2900,13.3300,14.3800,15171973,211805896.0000,3,2.586179,1,-7.301800,114.317063,7.581414,-80.279569,5.477679,0
2016-01-22,sh.600730,13.6600,13.8000,12.9200,13.4500,13.3300,13823663,184156025.0000,3,2.356349,1,0.900200,115.346174,7.649663,-81.002265,5.526991,0
2016-01-25,sh.600730,13.6000,14.2000,13.3000,13.9700,13.4500,16280684,223300337.0000,3,2.775167,1,3.866200,119.805654,7.945412,-84.133952,5.740674,0
2016-01-26,sh.600730,13.5500,13.6300,12.5700,12.5700,13.9700,18145361,237292672.0000,3,3.093015,1,-10.021500,107.799361,7.149165,-75.702489,5.165373,0
2016-01-27,sh.600730,12.7000,12.7000,11.3200,11.9000,12.5700,17386002,205109332.0000,3,2.963577,1,-5.330200,102.053492,6.768104,-71.667432,4.890051,0
2016-01-28,sh.600730,11.7500,11.8500,10.7100,10.7100,11.9000,15972362,178799202.0000,3,2.722611,1,-10.000000,91.848143,6.091293,-64.500689,4.401046,0
2016-01-29,sh.600730,10.7500,11.5000,10.5400,11.3000,10.7100,16372922,181439106.0000,3,2.790890,1,5.508900,96.907938,6.426855,-68.053948,4.643494,0
2016-02-01,sh.600730,11.1500,11.3000,10.5900,10.8600,11.3000,12836391,140727350.0000,3,2.188061,1,-3.893800,93.134532,6.176606,-65.404060,4.462685,0
2016-02-02,sh.600730,10.8600,11.8000,10.8600,11.5900,10.8600,16246270,186196352.0000,3,2.769301,1,6.721900,99.394956,6.591792,-69.800465,4.762663,0
2016-02-03,sh.600730,11.3300,11.9000,11.1700,11.7300,11.5900,11715126,134062607.0000,3,1.996933,1,1.207900,100.595585,6.671416,-70.643611,4.820193,0
2016-02-04,sh.600730,11.7400,12.3000,11.7400,12.0500,11.7300,15834244,191209989.0000,3,2.699068,1,2.728100,103.339881,6.853416,-72.570803,4.951691,0
2016-02-05,sh.600730,12.0900,12.2500,11.7800,11.8500,12.0500,9495538,113501963.0000,3,1.618587,1,-1.659700,101.624696,6.739666,-71.366308,4.869505,0
2016-02-15,sh.600730,11.3000,12.5000,11.1600,12.3400,11.8500,12019040,142585460.0000,3,2.048737,1,4.135000,105.826899,7.018353,-74.317320,5.070860,0
2016-02-16,sh.600730,12.2800,13.4500,12.2800,13.0900,12.3400,17310906,224476478.0000,3,2.950776,1,6.077800,112.258841,7.444914,-78.834175,5.379056,0
2016-02-17,sh.600730,13.3500,13.7500,13.1300,13.4800,13.0900,18728208,251565295.0000,3,3.192366,1,2.979400,115.603452,7.666726,-81.182940,5.539319,0
2016-02-18,sh.600730,14.5000,14.5500,13.5600,13.6900,13.4800,30600522,429585936.0000,3,5.216093,1,1.557900,117.404396,7.786163,-82.447659,5.625614,0
2016-02-19,sh.600730,13.4000,13.7500,13.3000,13.5200,13.6900,13787186,186262908.0000,3,2.350131,1,-1.241800,115.946489,7.689476,-81.423839,5.555756,0
2016-02-22,sh.600730,13.9100,13.9900,13.6100,13.9200,13.5200,14515893,200652144.0000,3,2.474345,1,2.958600,119.376858,7.916975,-83.832828,5.720127,0
2016-02-23,sh.600730,13.9800,14.6500,13.9000,14.2800,13.9200,22084577,315517184.0000,3,3.764485,1,2.586200,122.464191,8.121724,-86.000918,5.868062,0
2016-02-24,sh.600730,14.0500,14.4700,13.2800,14.0500,14.2800,24726312,342121968.0000,3,4.214789,1,-1.610600,120.491728,7.990912,-84.615749,5.773548,0
2016-02-25,sh.600730,13.9100,14.0400,12.6500,12.6500,14.0500,19290677,253624727.0000,3,3.288243,1,-9.964400,108.485435,7.194665,-76.184287,5.198248,0
2016-02-26,sh.600730,12.6200,12.9200,11.7300,12.2800,12.6500,15396787,189875031.0000,3,2.624500,1,-2.924900,105.312343,6.984228,-73.955972,5.046204,0
2016-02-29,sh.600730,12.1000,12.2000,11.0500,11.0500,12.2800,17931188,201466537.0000,3,3.056508,1,-10.016300,94.763957,6.284668,-66.548330,4.540762,0
2016-03-01,sh.600730,11.2000,11.3000,10.2000,11.1200,11.0500,29109956,313842320.0000,3,4.962015,1,0.633500,95.364272,6.324480,-66.969903,4.569527,0
2016-03-02,sh.600730,11.0000,11.8600,10.8800,11.7900,11.1200,24460184,279640816.0000,3,4.169425,1,6.025200,101.110141,6.705541,-71.004960,4.844849,0
2016-03-03,sh.600730,11.8000,12.2000,11.7000,11.7400,11.7900,19627654,234485099.0000,3,3.345684,1,-0.424100,100.681344,6.677104,-70.703836,4.824303,0
2016-03-04,sh.600730,11.6700,11.9300,10.9000,11.1100,11.7400,19355339,219969460.0000,3,3.299265,1,-5.366300,95.278512,6.318793,-66.909678,4.565418,0
2016-03-07,sh.600730,11.2200,11.7400,11.2200,11.4500,11.1100,14869076,170851165.0000,3,2.534548,1,3.060300,98.194327,6.512167,-68.957319,4.705133,0
2016-03-08,sh.600730,11.4700,11.9900,10.7200,11.9000,11.4500,15947023,180782858.0000,3,2.718292,1,3.930100,102.053492,6.768104,-71.667432,4.890051,0
2016-03-09,sh.600730,11.5800,11.9000,11.1300,11.6900,11.9000,17144302,197815787.0000,3,2.922377,1,-1.764700,100.252548,6.648667,-70.402713,4.803756,0
2016-03-10,sh.600730,11.7200,11.7900,11.2300,11.2800,11.6900,12088081,138947921.0000,3,2.060506,1,-3.507300,96.736420,6.415480,-67.933498,4.635275,0
2016-03-11,sh.600730,11.0800,11.2300,10.8600,10.9800,11.2800,12654629,139168950.0000,3,2.157078,1,-2.659600,94.163642,6.244855,-66.126756,4.511997,0
2016-03-14,sh.600730,11.0000,11.8200,11.0000,11.5200,10.9800,21639453,248835425.0000,3,3.688610,1,4.918000,98.794641,6.551979,-69.378892,4.733898,0
2016-03-15,sh.600730,11.5000,11.5300,11.2500,11.3000,11.5200,10630785,121039823.0000,3,1.812099,1,-1.909700,96.907938,6.426855,-68.053948,4.643494,0
2016-03-16,sh.600730,11.4300,11.5500,11.0000,11.0800,11.3000,13107309,147026195.0000,3,2.234241,1,-1.946900,95.021235,6.301730,-66.729004,4.553090,0
2016-03-17,sh.600730,11.1100,11.7000,11.1100,11.5400,11.0800,21437400,245892585.0000,3,3.654169,1,4.151600,98.966160,6.563354,-69.499342,4.742117,0
2016-03-18,sh.600730,11.6800,12.6900,11.6800,12.6900,11.5400,26548680,327478176.0000,3,4.525425,1,9.965300,108.828472,7.217415,-76.425186,5.214685,0
2016-03-21,sh.600730,13.4400,13.9600,13.3800,13.9600,12.6900,43743452,601847632.0000,3,7.456406,1,10.007900,119.719895,7.939725,-84.073727,5.736564,0
2016-03-22,sh.600730,14.8300,15.1900,14.0000,14.3400,13.9600,72936637,1058621872.0000,3,12.432607,1,2.722100,122.978746,8.155849,-86.362267,5.892717,0
2016-03-23,sh.600730,14.3800,15.7700,14.0100,15.7600,14.3400,72215020,1089809536.0000,3,12.309602,1,9.902400,135.156558,8.963472,-94.914179,6.476236,0
2016-03-24,sh.600730,15.1000,17.1500,15.0000,16.1000,15.7600,74119198,1181060640.0000,3,12.634184,1,2.157400,138.072372,9.156846,-96.961820,6.615952,0
2016-03-25,sh.600730,15.8000,16.9400,15.5100,16.8300,16.1000,54017714,884308848.0000,3,9.207732,1,4.534200,144.332796,9.572032,-101.358225,6.915930,0
2016-03-28,sh.600730,16.7500,16.8000,16.0000,16.1000,16.8300,45466679,744360544.0000,3,7.750143,1,-4.337500,138.072372,9.156846,-96.961820,6.615952,0
2016-03-29,sh.600730,16.1000,16.1800,15.0400,15.6200,16.1000,29394599,456824256.0000,3,5.010534,1,-2.981400,133.955928,8.883847,-94.071032,6.418706,0
2016-03-30,sh.600730,15.8700,16.8000,15.8000,16.6400,15.6200,35639943,580565936.0000,3,6.075101,1,6.530100,142.703371,9.463970,-100.213955,6.837853,0
2016-03-31,sh.600730,16.9000,17.7700,16.8000,16.8800,16.6400,43236176,745029968.0000,3,7.369937,1,1.442300,144.761592,9.600470,-101.659349,6.936476,0
2016-04-01,sh.600730,17.0000,17.0000,15.6000,16.3100,16.8800,41806955,673098752.0000,3,7.126315,1,-3.376800,139.873316,9.276283,-98.226539,6.702247,0
2016-04-05,sh.600730,16.2900,16.7500,15.9000,16.3100,16.3100,34017557,556563536.0000,3,5.798553,1,0.000000,139.873316,9.276283,-98.226539,6.702247,0
2016-04-06,sh.600730,16.1000,16.3300,15.7500,16.2300,16.3100,36049389,576185056.0000,3,6.144894,1,-0.490500,139.187242,9.230783,-97.744741,6.669372,0
2016-04-08,sh.600730,16.2300,16.6800,15.6000,15.9100,16.2300,36527351,593630128.0000,3,6.226366,1,-1.971700,136.442946,9.048784,-95.817550,6.537875,0
2016-04-11,sh.600730,16.0000,16.5500,15.7800,16.1000,15.9100,27834112,451321952.0000,3,4.744537,1,1.194200,138.072372,9.156846,-96.961820,6.615952,0
2016-04-12,sh.600730,16.1000,16.1000,14.8900,15.1100,16.1000,36229438,555416912.0000,3,6.175585,1,-6.149100,129.582207,8.593785,-90.999571,6.209132,0
2016-04-13,sh.600730,15.3800,15.7600,15.2000,15.3400,15.1100,26688925,413442672.0000,3,4.549331,1,1.522200,131.554670,8.724597,-92.384740,6.303646,0
2016-04-14,sh.600730,15.3800,15.7500,15.2600,15.5800,15.3400,16373659,253879331.0000,3,2.791015,1,1.564500,133.612892,8.861097,-93.830134,6.402269,0
2016-04-15,sh.600730,15.5200,17.0000,15.5000,16.5800,15.5800,47241917,777747152.0000,3,8.052746,1,6.418500,142.188815,9.429845,-99.852607,6.813197,0
2016-04-18,sh.600730,16.4000,16.4000,15.6000,16.1100,16.5800,29944995,480218784.0000,3,5.104353,1,-2.834700,138.158131,9.162534,-97.022044,6.620061,0
2016-04-19,sh.600730,16.3000,16.8700,16.1500,16.4800,16.1100,40294776,666807808.0000,3,6.868553,1,2.296700,141.331223,9.372970,-99.250359,6.772105,0
2016-04-20,sh.600730,16.4500,16.4500,14.8900,15.5300,16.4800,37339583,583231248.0000,3,6.364817,1,-5.764600,133.184095,8.832660,-93.529010,6.381722,0
2016-04-21,sh.600730,15.2200,15.5900,14.8800,14.9400,15.5300,20685493,314647728.0000,3,3.526000,1,-3.799100,128.124300,8.497098,-89.975751,6.139274,0
2016-04-22,sh.600730,14.9500,15.1800,14.5000,15.1500,14.9400,14144726,211175256.0000,3,2.411077,1,1.405600,129.925244,8.616535,-91.240470,6.225569,0
2016-04-25,sh.600730,15.1500,15.1600,14.3100,14.5500,15.1500,16801929,244731677.0000,3,2.864017,1,-3.960400,124.779690,8.275286,-87.626986,5.979012,0
2016-04-26,sh.600730,14.5400,14.9400,14.3800,14.8400,14.5500,11549806,168887604.0000,3,1.968753,1,1.993100,127.266708,8.440223,-89.373503,6.098182,0
2016-04-27,sh.600730,14.8000,14.9400,14.4500,14.5000,14.8400,13617224,199570445.0000,3,2.321160,1,-2.291100,124.350894,8.246849,-87.325862,5.958466,0
2016-04-28,sh.600730,14.4300,14.5600,13.8300,14.1900,14.5000,22108940,312134128.0000,3,3.768638,1,-2.137900,121.692358,8.070537,-85.458896,5.831078,0
2016-04-29,sh.600730,14.1000,14.1200,13.8300,13.9100,14.1900,14166281,197693364.0000,3,2.414751,1,-1.973200,242.226526,5.100464,-16.358545,5.863845,0
2016-05-03,sh.600730,14.0700,14.8800,13.9000,14.7800,13.9100,24901847,359899280.0000,3,4.244710,1,6.254500,257.376568,5.419472,-17.381689,6.230599,0
2016-05-04,sh.600730,14.6000,14.8000,14.4800,14.6200,14.7800,18617091,272357488.0000,3,3.173425,1,-1.082500,254.590353,5.360804,-17.193525,6.163150,0
2016-05-05,sh.600730,14.5800,14.9500,14.5200,14.8100,14.6200,16766383,248089904.0000,3,2.857958,1,1.299600,257.898983,5.430473,-17.416970,6.243246,0
2016-05-06,sh.600730,14.7700,14.8900,13.7700,13.8000,14.8100,23596433,336167056.0000,3,4.022192,1,-6.819700,240.311004,5.060130,-16.229182,5.817474,0
2016-05-09,sh.600730,13.6200,13.6200,12.6900,12.8300,13.8000,20318729,264906348.0000,3,3.463483,1,-7.029000,223.419578,4.704454,-15.088435,5.408565,0
2016-05-10,sh.600730,12.8400,13.0100,12.6800,12.8300,12.8300,10512952,135346767.0000,3,1.792013,1,0.000000,223.419578,4.704454,-15.088435,5.408565,0
2016-05-11,sh.600730,12.9100,13.0600,12.3000,12.5100,12.8300,14890977,188067606.0000,3,2.538281,1,-2.494200,217.847149,4.587118,-14.712106,5.273667,0
2016-05-12,sh.600730,12.2000,12.3500,11.8000,12.3100,12.5100,19228816,232481582.0000,3,3.277699,1,-1.598700,214.364381,4.513783,-14.476901,5.189356,0
2016-05-13,sh.600730,12.3100,12.5800,12.0000,12.1900,12.3100,15940976,195553352.0000,3,2.717261,1,-0.974800,212.274720,4.469781,-14.335777,5.138769,0
2016-05-16,sh.600730,12.0700,12.7200,12.0000,12.6900,12.1900,14415245,177995911.0000,3,2.457189,1,4.101700,220.981640,4.653119,-14.923791,5.349547,0
2016-05-17,sh.600730,12.6000,12.7800,12.3600,12.5700,12.6900,14569496,183193293.0000,3,2.483482,1,-0.945600,218.891979,4.609118,-14.782668,5.298960,0
2016-05-18,sh.600730,12.3500,12.3800,11.8000,12.1300,12.5700,14033060,169694049.0000,3,2.392042,1,-3.500400,211.229889,4.447781,-14.265216,5.113475,0
2016-05-19,sh.600730,12.2000,12.7400,12.1300,12.5400,12.1300,20717030,259287561.0000,3,3.531376,1,3.380000,218.369564,4.598118,-14.747387,5.286313,0
2016-05-20,sh.600730,12.4100,12.8800,12.2600,12.8600,12.5400,18982718,241354087.0000,3,3.235749,1,2.551800,223.941993,4.715454,-15.123716,5.421211,0
2016-05-23,sh.600730,12.8800,13.4900,12.8000,13.2400,12.8600,19337056,255570512.0000,3,3.296149,1,2.954900,230.559253,4.854791,-15.570606,5.581403,0
2016-05-24,sh.600730,13.1600,13.2000,12.7100,12.8600,13.2400,11580705,149591536.0000,3,1.974020,1,-2.870100,223.941993,4.715454,-15.123716,5.421211,0
2016-05-25,sh.600730,13.0400,13.3600,12.8100,12.8700,12.8600,11796498,154241590.0000,3,2.010803,1,0.077800,224.116132,4.719121,-15.135476,5.425427,0
2016-05-26,sh.600730,12.9100,13.2100,12.4100,13.1600,12.8700,14349189,184172202.0000,3,2.445929,1,2.253300,229.166145,4.825457,-15.476524,5.547678,0
2016-05-27,sh.600730,13.1600,13.1700,12.9000,12.9800,13.1600,9436468,123103120.0000,3,1.608518,1,-1.367800,226.031654,4.759456,-15.264839,5.471798,0
2016-05-30,sh.600730,12.9000,13.0700,12.6400,12.9100,12.9800,7710090,99391811.0000,3,1.314244,1,-0.539300,224.812685,4.733788,-15.182517,5.442289,0
2016-05-31,sh.600730,12.9500,14.2000,12.9200,14.1800,12.9100,30840955,422716528.0000,3,5.257077,1,9.837300,246.928263,5.199467,-16.676072,5.977665,0
2016-06-01,sh.600730,13.9700,14.2800,13.8700,13.9600,14.1800,23127938,324988416.0000,3,3.942334,1,-1.551500,243.097218,5.118798,-16.417346,5.884923,0
2016-06-02,sh.600730,13.9200,15.1000,13.9200,14.8000,13.9600,34446555,506435728.0000,3,5.871679,1,6.017200,257.724844,5.426806,-17.405210,6.239030,0
2016-06-03,sh.600730,14.8000,15.3800,14.6500,14.6700,14.8000,31373791,471125168.0000,3,5.347903,1,-0.878400,255.461045,5.379138,-17.252326,6.184228,0
2016-06-06,sh.600730,14.8000,15.2700,14.6100,14.8300,14.6700,24844799,372174528.0000,3,4.234986,1,1.090700,258.247260,5.437806,-17.440490,6.251677,0
2016-06-07,sh.600730,14.8800,14.9500,14.4800,14.7500,14.8300,15732356,230233065.0000,3,2.681700,1,-0.539400,256.854152,5.408472,-17.346408,6.217952,0
2016-06-08,sh.600730,14.7500,14.8000,14.2500,14.3900,14.7500,16955544,244795441.0000,3,2.890202,1,-2.440700,250.585170,5.276469,-16.923038,6.066192,0
2016-06-13,sh.600730,14.1000,14.1500,13.0800,13.1400,14.3900,21868603,300473360.0000,3,3.727671,1,-8.686600,228.817869,4.818124,-15.453004,5.539247,0
2016-06-14,sh.600730,13.0900,13.5000,13.0000,13.4500,13.1400,14232295,188237301.0000,3,2.426003,1,2.359200,234.216159,4.931793,-15.817572,5.669930,0
2016-06-15,sh.600730,13.1600,14.2000,13.1600,14.0400,13.4500,17862372,247795419.0000,3,3.044778,1,4.386600,244.490325,5.148132,-16.511429,5.918648,0
2016-06-16,sh.600730,13.9900,14.0800,13.6600,13.8000,14.0400,15267462,211123738.0000,3,2.602456,1,-1.709400,240.311004,5.060130,-16.229182,5.817474,0
2016-06-17,sh.600730,13.8800,14.1300,13.5600,13.7200,13.8000,13275008,183753212.0000,3,2.262827,1,-0.579700,238.917896,5.030796,-16.135100,5.783750,0
2016-06-20,sh.600730,13.7000,13.8000,13.3200,13.6600,13.7200,10733266,144983290.0000,3,1.829567,1,-0.437300,237.873066,5.008795,-16.064538,5.758456,0
2016-06-21,sh.600730,13.8100,13.9500,13.3500,13.5000,13.6600,11517568,157690116.0000,3,1.963258,1,-1.171300,235.086851,4.950127,-15.876374,5.691007,0
2016-06-22,sh.600730,13.4200,13.7400,13.4100,13.7200,13.5000,8708780,118120413.0000,3,1.484478,1,1.629600,238.917896,5.030796,-16.135100,5.783750,0
2016-06-23,sh.600730,13.6800,14.0900,13.6300,13.7900,13.7200,14227150,197041747.0000,3,2.425126,1,0.510200,240.136865,5.056463,-16.217422,5.813259,0
2016-06-24,sh.600730,13.8000,14.3700,13.3400,14.1100,13.7900,35679135,501515776.0000,3,6.081781,1,2.320500,245.709294,5.173799,-16.593751,5.948157,0
2016-06-27,sh.600730,13.8500,14.3800,13.8300,14.3400,14.1100,21376433,302569440.0000,3,3.643776,1,1.630100,249.714478,5.258135,-16.864237,6.045114,0
2016-06-28,sh.600730,14.2800,14.5000,14.0300,14.4400,14.3400,19241759,273737600.0000,3,3.279905,1,0.697300,251.455862,5.294803,-16.981840,6.087270,0
2016-06-29,sh.600730,14.4400,14.5500,14.1200,14.2000,14.4400,17247450,246044752.0000,3,2.939960,1,-1.662000,247.276540,5.206800,-16.699593,5.986097,0
2016-06-30,sh.600730,14.2200,14.3600,13.9000,14.1300,14.2000,14786094,208663375.0000,3,2.520403,1,-0.493000,246.057571,5.181133,-16.617271,5.956588,0
2016-07-01,sh.600730,14.2000,14.2000,13.9100,13.9600,14.1300,10310321,144924454.0000,3,1.757473,1,-1.203100,243.097218,5.118798,-16.417346,5.884923,0
2016-07-04,sh.600730,13.8200,14.5600,13.7800,14.4100,13.9600,21813050,310448064.0000,3,3.718201,1,3.223500,250.933446,5.283802,-16.946559,6.074623,0
2016-07-05,sh.600730,14.3400,14.4600,14.1600,14.3800,14.4100,15015174,214840580.0000,3,2.559451,1,-0.208200,250.411031,5.272802,-16.911278,6.061977,0
2016-07-06,sh.600730,14.3100,14.4200,14.1500,14.3100,14.3800,11374941,162349287.0000,3,1.938946,1,-0.486800,249.192062,5.247135,-16.828956,6.032468,0
2016-07-07,sh.600730,14.3300,14.4000,13.9900,14.1600,14.3100,13601200,192136595.0000,3,2.318429,1,-1.048200,246.579986,5.192133,-16.652552,5.969234,0
2016-07-08,sh.600730,14.1000,14.5300,14.0800,14.3800,14.1600,16826057,240837903.0000,3,2.868130,1,1.553700,250.411031,5.272802,-16.911278,6.061977,0
2016-07-11,sh.600730,14.1800,14.2500,13.6000,13.6600,14.3800,39148055,543143360.0000,3,6.673085,1,-5.007000,237.873066,5.008795,-16.064538,5.758456,0
2016-07-12,sh.600730,13.4000,13.5500,12.8000,13.4600,13.6600,34601712,457429712.0000,3,5.898126,1,-1.464100,234.390298,4.935460,-15.829333,5.674145,0
2016-07-13,sh.600730,13.4700,13.5300,13.1700,13.5000,13.4600,18120088,242811671.0000,3,3.088708,1,0.297200,235.086851,4.950127,-15.876374,5.691007,0
2016-07-14,sh.600730,13.5000,13.6500,13.1500,13.3000,13.5000,22610698,302956992.0000,3,3.854166,1,-1.481500,231.604083,4.876792,-15.641168,5.606696,0
2016-07-15,sh.600730,13.4100,13.9300,13.4100,13.7100,13.3000,30167098,413194912.0000,3,5.142212,1,3.082700,238.743758,5.027129,-16.123339,5.779534,0
2016-07-18,sh.600730,13.5800,13.5900,13.2500,13.3700,13.7100,16147032,216089379.0000,3,2.752385,1,-2.479900,232.823052,4.902459,-15.723490,5.636205,0
2016-07-19,sh.600730,13.3700,13.5300,13.2300,13.4400,13.3700,10392411,139142089.0000,3,1.771466,1,0.523600,234.042021,4.928126,-15.805812,5.665714,0
2016-07-20,sh.600730,13.5900,14.7800,13.5100,14.7800,13.4400,62053427,889335680.0000,3,10.577481,1,9.970200,257.376568,5.419472,-17.381689,6.230599,0
2016-07-21,sh.600730,14.5800,14.9800,14.4200,14.9400,14.7800,54558396,802990960.0000,3,9.299896,1,1.082500,260.162782,5.478141,-17.569853,6.298048,0
2016-07-22,sh.600730,14.7800,14.7900,14.3000,14.3800,14.9400,34170760,496663152.0000,3,5.824667,1,-3.748300,250.411031,5.272802,-16.911278,6.061977,0
2016-07-25,sh.600730,14.2500,14.9800,14.2500,14.7000,14.3800,38922886,571443536.0000,3,6.634703,1,2.225300,255.983460,5.390138,-17.287607,6.196875,0
2016-07-26,sh.600730,14.6800,14.8500,14.4200,14.7300,14.7000,22570592,329876512.0000,3,3.847330,1,0.204100,256.505875,5.401139,-17.322888,6.209521,0
2016-07-27,sh.600730,14.6600,14.6600,13.4000,13.5900,14.7300,36260469,508039072.0000,3,6.180874,1,-7.739300,236.654097,4.983128,-15.982216,5.728947,0
2016-07-28,sh.600730,13.6100,13.7700,12.8500,13.2700,13.5900,26912909,357960480.0000,3,4.587511,1,-2.354700,231.081668,4.865792,-15.605887,5.594049,0
2016-07-29,sh.600730,13.2800,13.2900,12.9100,13.1100,13.2700,15285231,199784107.0000,3,2.605484,1,-1.205700,228.295453,4.807123,-15.417723,5.526600,0
2016-08-01,sh.600730,13.1100,13.1200,12.6500,12.8200,13.1100,15649293,200361557.0000,3,2.667542,1,-2.212100,223.245439,4.700787,-15.076675,5.404349,0
2016-08-02,sh.600730,12.8300,12.9900,12.7600,12.9700,12.8200,13131233,168694522.0000,3,2.238319,1,1.170100,225.857516,4.755789,-15.253079,5.467583,0
2016-08-03,sh.600730,12.9000,13.1700,12.8100,13.1100,12.9700,10841610,141012483.0000,3,1.848035,1,1.079400,228.295453,4.807123,-15.417723,5.526600,0
2016-08-04,sh.600730,13.1000,13.2800,12.9500,13.1400,13.1100,9605240,125778342.0000,3,1.637287,1,0.228800,228.817869,4.818124,-15.453004,5.539247,0
2016-08-05,sh.600730,13.1400,13.1900,12.9800,12.9900,13.1400,7552554,98598099.0000,3,1.287391,1,-1.141600,226.205792,4.763122,-15.276600,5.476014,0
2016-08-08,sh.600730,12.9700,13.3000,12.8300,13.2800,12.9900,11642651,152684756.0000,3,1.984579,1,2.232500,231.255806,4.869458,-15.617648,5.598265,0
2016-08-09,sh.600730,13.3200,13.3800,13.1400,13.3400,13.2800,14585284,193500126.0000,3,2.486173,1,0.451800,232.300637,4.891459,-15.688209,5.623558,0
2016-08-10,sh.600730,13.2600,13.3900,13.0700,13.1500,13.3400,11218003,148549277.0000,3,1.912194,1,-1.424300,228.992007,4.821790,-15.464764,5.543463,0
2016-08-11,sh.600730,13.1500,13.3000,13.0100,13.0300,13.1500,9733935,127659022.0000,3,1.659224,1,-0.912500,226.902346,4.777789,-15.323641,5.492876,0
2016-08-12,sh.600730,13.0600,13.2200,13.0000,13.1400,13.0300,7579798,99244631.0000,3,1.292035,1,0.844200,228.817869,4.818124,-15.453004,5.539247,0
2016-08-15,sh.600730,13.2400,13.5000,13.1000,13.4000,13.1400,16661065,222375992.0000,3,2.840006,1,1.978700,233.345467,4.913459,-15.758771,5.648852,0
2016-08-16,sh.600730,13.4100,13.5800,13.3600,13.5600,13.4000,14456244,194401826.0000,3,2.464177,1,1.194000,236.131682,4.972128,-15.946935,5.716301,0
2016-08-17,sh.600730,13.4900,13.8000,13.4100,13.6000,13.5600,20295861,276686576.0000,3,3.459585,1,0.295000,236.828235,4.986795,-15.993976,5.733163,0
2016-08-18,sh.600730,13.4500,13.5200,13.3400,13.4900,13.6000,17001774,228429831.0000,3,2.898082,1,-0.808800,234.912713,4.946460,-15.864613,5.686792,0
2016-08-19,sh.600730,13.4300,13.4900,13.1500,13.2100,13.4900,13517870,179069450.0000,3,2.304224,1,-2.075600,230.036837,4.843791,-15.535326,5.568756,0
2016-08-22,sh.600730,13.2600,13.6000,13.1200,13.2100,13.2100,12965520,173007754.0000,3,2.210072,1,0.000000,230.036837,4.843791,-15.535326,5.568756,0
2016-08-23,sh.600730,13.1500,13.3900,13.1100,13.2200,13.2100,6859779,90681246.0000,3,1.169302,1,0.075700,230.210976,4.847458,-15.547086,5.572972,0
2016-08-24,sh.600730,13.2900,13.4000,13.2200,13.2800,13.2200,7207327,95809434.0000,3,1.228544,1,0.453900,-1022.388313,4.568658,6.695244,5.660058,0
2016-08-25,sh.600730,13.2700,13.2900,12.9900,13.1700,13.2800,8994687,118088220.0000,3,1.533213,1,-0.828300,-1013.919735,4.530816,6.639786,5.613175,0
2016-08-26,sh.600730,13.1800,13.4300,13.1600,13.2300,13.1700,9627865,128236445.0000,3,1.641143,1,0.455600,-1018.538959,4.551457,6.670036,5.638748,0
2016-08-29,sh.600730,13.1500,13.3100,13.0600,13.2600,13.2300,7503819,99245736.0000,3,1.279083,1,0.226800,-1020.848572,4.561778,6.685161,5.651534,0
2016-08-30,sh.600730,13.2100,13.4400,13.2100,13.3300,13.2600,8294349,110763198.0000,3,1.413835,1,0.527900,-1026.237667,4.585860,6.720452,5.681369,0
2016-08-31,sh.600730,13.3500,13.3500,13.1900,13.3000,13.3300,5501202,72892356.0000,3,0.937722,1,-0.225100,-1023.928054,4.575539,6.705327,5.668582,0
2016-09-01,sh.600730,13.5300,13.6500,13.3500,13.4200,13.3000,18253246,246780714.0000,3,3.111405,1,0.902300,-1033.166503,4.616822,6.765826,5.719728,0
2016-09-02,sh.600730,13.2800,13.4200,12.9800,13.1200,13.4200,17007318,223803217.0000,3,2.899027,1,-2.235500,-1010.070382,4.513614,6.614578,5.591865,0
2016-09-05,sh.600730,13.1600,13.1900,12.9600,13.0600,13.1200,10732483,140242478.0000,3,1.829434,1,-0.457313,-1005.451157,4.492973,6.584329,5.566292,0
2016-09-06,sh.600730,13.0800,13.1700,12.8000,13.1600,13.0600,11092625,144354565.0000,3,1.890823,1,0.765692,-1013.149864,4.527375,6.634745,5.608913,0
2016-09-07,sh.600730,13.1500,13.2000,13.0200,13.0600,13.1600,11104729,145331352.0000,3,1.892886,1,-0.759874,-1005.451157,4.492973,6.584329,5.566292,0
2016-09-08,sh.600730,13.1200,13.1400,13.0400,13.1100,13.0600,5338844,69871366.0000,3,0.910047,1,0.382842,-1009.300511,4.510174,6.609537,5.587603,0
2016-09-09,sh.600730,13.1000,13.1300,13.0000,13.0200,13.1100,6349395,82908864.0000,3,1.082303,1,-0.686493,-1002.371674,4.479212,6.564162,5.549244,0
2016-09-12,sh.600730,12.9100,12.9400,12.5500,12.5600,13.0200,13420688,171300635.0000,3,2.287659,1,-3.533026,-966.957621,4.320960,6.332249,5.353188,0
2016-09-13,sh.600730,12.6300,12.7400,12.5900,12.6600,12.5600,5225263,66126085.0000,3,0.890686,1,0.796174,-974.656329,4.355363,6.382665,5.395809,0
2016-09-14,sh.600730,12.6600,12.6900,12.5500,12.5700,12.6600,3740692,47198243.0000,3,0.637630,1,-0.710902,-967.727492,4.324400,6.337290,5.357450,0
2016-09-19,sh.600730,12.6000,12.7700,12.5900,12.6300,12.5700,5130391,64928442.0000,3,0.874514,1,0.477330,-972.346716,4.345042,6.367540,5.383022,0
2016-09-20,sh.600730,12.6200,12.8100,12.6100,12.7200,12.6300,5497587,69734135.0000,3,0.937106,1,0.712590,-979.275553,4.376004,6.412914,5.421381,0
2016-09-21,sh.600730,12.7200,12.8400,12.6800,12.7400,12.7200,3856950,49246647.0000,3,0.657447,1,0.157229,-980.815294,4.382885,6.422997,5.429905,0
2016-09-22,sh.600730,12.8400,12.9100,12.7200,12.7500,12.7400,5588011,71509215.0000,3,0.952519,1,0.078495,-981.585165,4.386325,6.428039,5.434167,0
2016-09-23,sh.600730,12.8000,12.8200,12.6000,12.6300,12.7500,4041800,51282528.0000,3,0.688956,1,-0.941176,-972.346716,4.345042,6.367540,5.383022,0
2016-09-26,sh.600730,12.5500,12.6200,12.1000,12.1600,12.6300,8290559,102292358.0000,3,1.413189,1,-3.721301,-936.162793,4.183350,6.130585,5.182704,0
2016-09-27,sh.600730,12.1100,12.3100,12.1100,12.3000,12.1600,3947613,48334231.0000,3,0.672901,1,1.151319,-946.940983,4.231513,6.201167,5.242373,0
2016-09-28,sh.600730,12.4200,12.4200,12.2200,12.2400,12.3000,2916841,35809558.0000,3,0.497198,1,-0.487808,-942.321758,4.210872,6.170917,5.216801,0
2016-09-29,sh.600730,12.2800,12.3400,12.1700,12.1800,12.2400,4294362,52620350.0000,3,0.732007,1,-0.490192,-937.702534,4.190230,6.140668,5.191228,0
2016-09-30,sh.600730,12.0100,12.2500,12.0000,12.1600,12.1800,4468298,54310156.0000,3,0.761656,1,-0.164207,-936.162793,4.183350,6.130585,5.182704,0
2016-10-10,sh.600730,12.2500,12.5800,12.2500,12.5500,12.1600,8060407,100250752.0000,3,1.373958,1,3.207240,-966.187751,4.317520,6.327207,5.348926,0
2016-10-11,sh.600730,12.5800,12.6400,12.4300,12.5600,12.5500,6866805,86202035.0000,3,1.170499,1,0.079683,-966.957621,4.320960,6.332249,5.353188,0
2016-10-12,sh.600730,12.5000,12.9700,12.4600,12.9100,12.5600,13583882,172719513.0000,3,2.315477,1,2.786620,-993.903097,4.441369,6.508705,5.502361,0
2016-10-13,sh.600730,12.7700,12.9100,12.7000,12.9000,12.9100,8534936,109215829.0000,3,1.454845,1,-0.077461,-993.133226,4.437929,6.503663,5.498099,0
2016-10-14,sh.600730,13.1600,13.2300,12.9700,12.9900,12.9000,25548378,334538720.0000,3,4.354916,1,0.697676,-1000.062062,4.468891,6.549037,5.536458,0
2016-10-17,sh.600730,12.9000,13.0900,12.6800,12.8100,12.9900,13319820,171269343.0000,3,2.270465,1,-1.385676,-986.204389,4.406966,6.458289,5.459740,0
2016-10-18,sh.600730,12.6800,12.9800,12.6800,12.9200,12.8100,9603422,123451149.0000,3,1.636977,1,0.858701,-994.672967,4.444809,6.513746,5.506623,0
2016-10-19,sh.600730,12.9300,13.2700,12.9300,13.0300,12.9200,19196440,252024378.0000,3,3.272180,1,0.851391,-1003.141545,4.482652,6.569204,5.553506,0
2016-10-20,sh.600730,13.0100,13.0100,12.8400,12.9300,13.0300,8825235,113926808.0000,3,1.504329,1,-0.767455,-995.442838,4.448249,6.518788,5.510885,0
2016-10-21,sh.600730,12.8800,12.9700,12.7200,12.8400,12.9300,8909228,114199220.0000,3,1.518646,1,-0.696057,-988.514001,4.417287,6.473413,5.472526,0
2016-10-24,sh.600730,12.8400,13.0400,12.8300,13.0100,12.8400,9789067,126716064.0000,3,1.668621,1,1.323988,-1001.601804,4.475771,6.559121,5.544982,0
2016-10-25,sh.600730,13.0100,13.1600,12.9400,13.0600,13.0100,11404768,148929259.0000,3,1.944030,1,0.384321,-1005.451157,4.492973,6.584329,5.566292,0
2016-10-26,sh.600730,13.0700,13.0800,12.8000,12.8600,13.0600,7535753,97152278.0000,3,1.284527,1,-1.531399,-990.053743,4.424168,6.483497,5.481050,0
2016-10-27,sh.600730,12.8600,12.9200,12.7900,12.8700,12.8600,6176508,79432269.0000,3,1.052833,1,0.077762,-990.823614,4.427608,6.488538,5.485312,0
2016-10-28,sh.600730,12.8600,13.0400,12.8500,12.8900,12.8700,8483263,109658413.0000,3,1.446037,1,0.155404,-992.363355,4.434488,6.498621,5.493837,0
2016-10-31,sh.600730,12.8800,12.8900,12.5800,12.7800,12.8900,8828051,112170664.0000,3,1.504809,1,-0.853379,11.681958,3.990641,8.901716,3.683236,0
2016-11-01,sh.600730,12.8000,12.8500,12.7000,12.8500,12.7800,6186526,79128449.0000,3,1.054541,1,0.547736,11.745944,4.012499,8.950474,3.703410,0
2016-11-02,sh.600730,12.8100,12.8300,12.5500,12.5600,12.8500,9603219,121748582.0000,3,1.636942,1,-2.256809,11.480860,3.921944,8.748479,3.619831,0
2016-11-03,sh.600730,12.5800,12.7600,12.4800,12.6500,12.5600,8670106,109538045.0000,3,1.477886,1,0.716554,11.563127,3.950047,8.811167,3.645770,0
2016-11-04,sh.600730,12.6500,12.7600,12.5600,12.6700,12.6500,6589723,83407345.0000,3,1.123269,1,0.158106,11.581409,3.956292,8.825097,3.651534,0
2016-11-07,sh.600730,12.6700,12.9300,12.6000,12.8500,12.6700,10665062,136695017.0000,3,1.817941,1,1.420681,11.745944,4.012499,8.950474,3.703410,0
2016-11-08,sh.600730,12.8600,13.0400,12.8300,12.8700,12.8500,10189896,131881179.0000,3,1.736946,1,0.155638,11.764225,4.018744,8.964404,3.709174,0
2016-11-09,sh.600730,12.9000,12.9000,12.5200,12.6900,12.8700,10046527,127685942.0000,3,1.712507,1,-1.398604,11.599691,3.962538,8.839028,3.657298,0
2016-11-10,sh.600730,12.7600,12.9400,12.7200,12.9400,12.6900,12974372,166475739.0000,3,2.211581,1,1.970055,11.828211,4.040602,9.013162,3.729349,0
2016-11-11,sh.600730,12.9000,12.9900,12.8300,12.9600,12.9400,10511271,135780252.0000,3,1.791726,1,0.154563,11.846493,4.046847,9.027092,3.735113,0
2016-11-14,sh.600730,12.9900,13.0600,12.8700,12.9300,12.9600,12126478,157196803.0000,3,2.067051,1,-0.231479,11.819070,4.037479,9.006196,3.726467,0
2016-11-15,sh.600730,12.9300,14.2200,12.9300,14.2200,12.9300,65142090,893645824.0000,3,11.103967,1,9.976797,12.998235,4.440290,9.904726,4.098249,0
2016-11-16,sh.600730,14.2200,14.2900,13.7200,13.8800,14.2200,47654614,663732752.0000,3,8.123093,1,-2.391000,12.687447,4.334123,9.667905,4.000260,0
2016-11-17,sh.600730,13.7900,13.8700,13.6000,13.8300,13.8800,21914091,300831552.0000,3,3.735424,1,-0.360232,12.641743,4.318510,9.633078,3.985849,0
2016-11-18,sh.600730,13.8300,13.8900,13.5200,13.5500,13.8300,21605993,295333856.0000,3,3.682907,1,-2.024582,12.385801,4.231078,9.438048,3.905152,0
2016-11-21,sh.600730,13.5200,13.6400,13.4700,13.5600,13.5500,13917883,188764050.0000,3,2.372410,1,0.073802,12.394941,4.234201,9.445013,3.908035,0
2016-11-22,sh.600730,13.5800,13.9000,13.5200,13.7700,13.5600,19953891,273528880.0000,3,3.401293,1,1.548673,12.586898,4.299775,9.591286,3.968557,0
2016-11-23,sh.600730,13.7100,13.7800,13.5300,13.5500,13.7700,15439530,210506660.0000,3,2.631786,1,-1.597678,12.385801,4.231078,9.438048,3.905152,0
2016-11-24,sh.600730,13.5700,13.6300,13.2600,13.3900,13.5500,15003864,201427079.0000,3,2.557523,1,-1.180811,12.239548,4.181117,9.326603,3.859040,0
2016-11-25,sh.600730,13.3900,13.6000,13.1000,13.5800,13.3900,19549782,261706494.0000,3,3.332410,1,1.418966,12.413223,4.240446,9.458944,3.913799,0
2016-11-28,sh.600730,13.6000,13.7800,13.4200,13.6200,13.5800,18610810,254090647.0000,3,3.172355,1,0.294550,12.449786,4.252936,9.486806,3.925327,0
2016-11-29,sh.600730,13.6300,14.1000,13.5000,13.8300,13.6200,38077869,528022352.0000,3,6.490664,1,1.541851,12.641743,4.318510,9.633078,3.985849,0
2016-11-30,sh.600730,13.7100,13.8900,13.4000,13.5300,13.8300,21105734,286417488.0000,3,3.597634,1,-2.169199,12.367519,4.224833,9.424117,3.899388,0
2016-12-01,sh.600730,13.5400,13.6800,13.4200,13.5500,13.5300,12439248,168372168.0000,3,2.120365,1,0.147823,12.385801,4.231078,9.438048,3.905152,0
2016-12-02,sh.600730,13.5200,13.5500,13.2400,13.2500,13.5500,13431170,179464973.0000,3,2.289446,1,-2.214024,12.111576,4.137401,9.229088,3.818692,0
2016-12-05,sh.600730,13.0300,13.3400,13.0000,13.1600,13.2500,7988201,105227819.0000,3,1.361650,1,-0.679246,12.029309,4.109298,9.166399,3.792753,0
2016-12-06,sh.600730,13.2300,13.2700,13.1000,13.1200,13.1600,5132771,67582298.0000,3,0.874920,1,-0.303951,11.992746,4.096808,9.138538,3.781225,0
2016-12-07,sh.600730,13.1300,13.3900,13.0900,13.3800,13.1200,9078747,120681053.0000,3,1.547542,1,1.981709,12.230407,4.177995,9.319637,3.856158,0
2016-12-08,sh.600730,13.4200,13.4200,13.2100,13.2500,13.3800,7742817,102735829.0000,3,1.319822,1,-0.971600,12.111576,4.137401,9.229088,3.818692,0
2016-12-09,sh.600730,13.3500,13.3800,13.2400,13.2900,13.2500,9050765,120494813.0000,3,1.542772,1,0.301887,12.148139,4.149892,9.256949,3.830220,0
2016-12-12,sh.600730,13.3000,13.3100,12.4700,12.4900,13.2900,15453913,198884824.0000,3,2.634238,1,-6.019565,11.416874,3.900086,8.699721,3.599657,0
2016-12-13,sh.600730,12.5000,12.6700,12.4500,12.6300,12.4900,8751947,109852931.0000,3,1.491836,1,1.120900,11.544846,3.943802,8.797236,3.640006,0
2016-12-14,sh.600730,12.6300,12.6300,12.0100,12.3000,12.6300,12257364,150822217.0000,3,2.089361,1,-2.612826,11.243199,3.840757,8.567379,3.544899,0
2016-12-15,sh.600730,12.2800,12.5200,12.2300,12.4100,12.3000,6635064,82089898.0000,3,1.130997,1,0.894306,11.343748,3.875106,8.643998,3.576601,0
2016-12-16,sh.600730,12.4100,12.5300,12.3500,12.4900,12.4100,8304354,103425227.0000,3,1.415541,1,0.644641,11.416874,3.900086,8.699721,3.599657,0
2016-12-19,sh.600730,12.5100,12.5500,12.2800,12.3800,12.4900,5906231,73074339.0000,3,1.006762,1,-0.880702,11.316325,3.865738,8.623102,3.567955,0
2016-12-20,sh.600730,12.4300,12.8900,12.4300,12.7000,12.3800,19586925,249084937.0000,3,3.338741,1,2.584812,11.608831,3.965660,8.845993,3.660180,0
2016-12-21,sh.600730,12.6000,12.7800,12.4800,12.7100,12.7000,10217709,129136375.0000,3,1.741687,1,0.078742,11.617972,3.968783,8.852959,3.663062,0
2016-12-22,sh.600730,12.6700,12.7200,12.5900,12.6400,12.7100,6458268,81654597.0000,3,1.100861,1,-0.550745,11.553987,3.946925,8.804201,3.642888,0
2016-12-23,sh.600730,12.6900,12.6900,12.3800,12.4000,12.6400,7007631,87460339.0000,3,1.194504,1,-1.898740,11.334607,3.871983,8.637033,3.573719,0
2016-12-26,sh.600730,12.3100,12.6000,12.2900,12.5300,12.4000,6073684,75551838.0000,3,1.035306,1,1.048388,11.453438,3.912577,8.727582,3.611185,0
2016-12-27,sh.600730,12.5300,12.5700,12.4200,12.4300,12.5300,4218100,52661197.0000,3,0.719007,1,-0.798080,11.362030,3.881351,8.657929,3.582365,0
2016-12-28,sh.600730,12.4300,12.5400,12.3300,12.3400,12.4300,5530378,68560214.0000,3,0.942695,1,-0.724056,11.279762,3.853248,8.595241,3.556427,0
2016-12-29,sh.600730,12.3600,12.4600,12.2900,12.3700,12.3400,4378058,54203776.0000,3,0.746273,1,0.243110,11.307185,3.862615,8.616137,3.565073,0
2016-12-30,sh.600730,12.3600,12.4500,12.3000,12.3900,12.3700,4148961,51415147.0000,3,0.707222,1,0.161685,11.325466,3.868861,8.630068,3.570837,0
2017-01-03,sh.600730,12.4600,12.6000,12.3900,12.5700,12.3900,6029299,75603139.0000,3,1.027740,1,1.452779,11.490001,3.925067,8.755444,3.622713,0
2017-01-04,sh.600730,12.5900,12.6800,12.4700,12.6600,12.5700,6897993,86806264.0000,3,1.175816,1,0.715992,11.572268,3.953170,8.818132,3.648652,0
2017-01-05,sh.600730,12.6600,12.7500,12.5700,12.6700,12.6600,6611692,83677612.0000,3,1.127013,1,0.078991,11.581409,3.956292,8.825097,3.651534,0
2017-01-06,sh.600730,12.6600,12.6700,12.5200,12.5400,12.6700,5672858,71263542.0000,3,0.966982,1,-1.026047,11.462578,3.915699,8.734548,3.614067,0
2017-01-09,sh.600730,12.5100,12.7600,12.4800,12.7300,12.5400,8136660,102978482.0000,3,1.386956,1,1.515148,11.636254,3.975028,8.866889,3.668826,0
2017-01-10,sh.600730,12.7100,12.7400,12.5500,12.6000,12.7300,5814173,73514324.0000,3,0.991070,1,-1.021203,11.517423,3.934434,8.776340,3.631360,0
2017-01-11,sh.600730,12.5900,12.7100,12.5100,12.5400,12.6000,5243613,66096816.0000,3,0.893814,1,-0.476194,11.462578,3.915699,8.734548,3.614067,0
2017-01-12,sh.600730,12.5500,12.5700,12.3000,12.3200,12.5400,7122553,88376898.0000,3,1.214094,1,-1.754388,11.261481,3.847003,8.581310,3.550663,0
2017-01-13,sh.600730,12.3100,12.4000,12.2400,12.2600,12.3200,4783054,58844826.0000,3,0.815308,1,-0.487009,11.206636,3.828267,8.539518,3.533370,0
2017-01-16,sh.600730,12.1900,12.2700,11.1600,11.6700,12.2600,12721185,150582518.0000,3,2.168423,1,-4.812399,10.667328,3.644036,8.128562,3.363331,0
2017-01-17,sh.600730,11.6300,11.7100,11.3100,11.6700,11.6700,6229791,72058618.0000,3,1.061915,1,0.000000,10.667328,3.644036,8.128562,3.363331,0
2017-01-18,sh.600730,11.6600,11.6600,11.5100,11.5500,11.6700,4530254,52427288.0000,3,0.772216,1,-1.028277,10.557638,3.606565,8.044978,3.328746,0
2017-01-19,sh.600730,11.5500,11.5900,11.3800,11.4100,11.5500,5133584,58733537.0000,3,0.875059,1,-1.212124,10.429667,3.562849,7.947463,3.288398,0
2017-01-20,sh.600730,11.4200,11.6800,11.4000,11.5500,11.4100,6430847,74427890.0000,3,1.096187,1,1.226997,10.557638,3.606565,8.044978,3.328746,0
2017-01-23,sh.600730,11.5600,11.9300,11.5600,11.7700,11.5500,8969183,105614711.0000,3,1.528866,1,1.904764,10.758736,3.675261,8.198216,3.392151,0
2017-01-24,sh.600730,11.7700,11.8400,11.6700,11.7600,11.7700,4585814,53942653.0000,3,0.781687,1,-0.084964,10.749595,3.672139,8.191251,3.389269,0
2017-01-25,sh.600730,11.7500,11.7900,11.5800,11.7200,11.7600,7680040,89625257.0000,3,1.309122,1,-0.340136,10.713032,3.659649,8.163389,3.377741,0
2017-01-26,sh.600730,11.7300,11.8400,11.7300,11.8400,11.7200,5576257,65724172.0000,3,0.950516,1,1.023890,10.822722,3.697119,8.246973,3.412325,0
2017-02-03,sh.600730,11.8500,11.8700,11.6800,11.7400,11.8400,4198355,49342295.0000,3,0.715642,1,-0.844598,10.731314,3.665894,8.177320,3.383505,0
2017-02-06,sh.600730,11.7600,11.9500,11.7600,11.9200,11.7400,6661065,79025314.0000,3,1.135429,1,1.533222,10.895848,3.722100,8.302696,3.435381,0
2017-02-07,sh.600730,12.0000,12.0400,11.8400,11.9300,11.9200,6486406,77376751.0000,3,1.105657,1,0.083895,10.904989,3.725222,8.309662,3.438263,0
2017-02-08,sh.600730,11.9200,11.9600,11.7800,11.9500,11.9300,5827057,69154211.0000,3,0.993266,1,0.167640,10.923271,3.731468,8.323592,3.444027,0
2017-02-09,sh.600730,11.9300,12.1500,11.8500,12.0500,11.9500,6768418,81511807.0000,3,1.153729,1,0.836823,11.014679,3.762693,8.393246,3.472848,0
2017-02-10,sh.600730,12.0800,12.1200,11.9800,12.0100,12.0500,6567662,79041129.0000,3,1.119508,1,-0.331950,10.978115,3.750203,8.365384,3.461320,0
2017-02-13,sh.600730,12.0100,12.1800,11.9600,12.1400,12.0100,7095781,85785502.0000,3,1.209530,1,1.082432,11.096946,3.790796,8.455934,3.498786,0
2017-02-14,sh.600730,12.1500,12.1500,12.0200,12.0700,12.1400,5306395,63999242.0000,3,0.904516,1,-0.576612,11.032960,3.768938,8.407176,3.478612,0
2017-02-15,sh.600730,12.0600,12.2100,11.9600,12.0000,12.0700,8239430,99457751.0000,3,1.404474,1,-0.579948,10.968975,3.747080,8.358419,3.458438,0
2017-02-16,sh.600730,12.0000,12.1000,11.9500,12.0900,12.0000,5411620,65065962.0000,3,0.922452,1,0.750001,11.051242,3.775184,8.421107,3.484376,0
2017-02-17,sh.600730,12.0900,12.1400,11.8600,11.8800,12.0900,6601990,79076878.0000,3,1.125360,1,-1.736973,10.859285,3.709610,8.274835,3.423853,0
2017-02-20,sh.600730,11.8800,12.0400,11.8400,12.0400,11.8800,5826970,69590812.0000,3,0.993252,1,1.346800,11.005538,3.759571,8.386280,3.469966,0
2017-02-21,sh.600730,12.0300,12.4100,11.9600,12.2100,12.0400,11767284,143559379.0000,3,2.005824,1,1.411961,11.160932,3.812654,8.504691,3.518960,0
2017-02-22,sh.600730,12.2100,12.3300,12.1300,12.2600,12.2100,8702477,106393449.0000,3,1.483404,1,0.409502,11.206636,3.828267,8.539518,3.533370,0
2017-02-23,sh.600730,12.2800,12.2900,12.0700,12.1600,12.2600,7306340,88627042.0000,3,1.245422,1,-0.815664,11.115228,3.797042,8.469865,3.504550,0
2017-02-24,sh.600730,12.1500,12.2000,12.0100,12.1900,12.1600,7577572,91629645.0000,3,1.291655,1,0.246708,11.142650,3.806409,8.490761,3.513196,0
2017-02-27,sh.600730,12.1300,12.2600,12.1100,12.1200,12.1900,7264563,88408351.0000,3,1.238300,1,-0.574239,11.078664,3.784551,8.442003,3.493022,0
2017-02-28,sh.600730,12.1000,12.3800,12.1000,12.2600,12.1200,9980879,122361055.0000,3,1.701317,1,1.155118,11.206636,3.828267,8.539518,3.533370,0
2017-03-01,sh.600730,12.2300,12.3400,12.2300,12.2600,12.2600,8046178,98890196.0000,3,1.371533,1,0.000000,11.206636,3.828267,8.539518,3.533370,0
2017-03-02,sh.600730,12.2800,12.3100,12.1300,12.1400,12.2600,5749822,70084684.0000,3,0.980101,1,-0.978792,11.096946,3.790796,8.455934,3.498786,0
2017-03-03,sh.600730,12.1200,12.1700,12.0100,12.1100,12.1400,5065568,61242668.0000,3,0.863465,1,-0.247123,11.069524,3.781429,8.435038,3.490140,0
2017-03-06,sh.600730,12.1700,12.2500,12.1000,12.2300,12.1100,5960751,72672527.0000,3,1.016056,1,0.990916,11.179213,3.818900,8.518622,3.524724,0
2017-03-07,sh.600730,12.2100,12.3800,12.1500,12.3300,12.2300,9074379,111213729.0000,3,1.546797,1,0.817665,11.270621,3.850125,8.588275,3.553545,0
2017-03-08,sh.600730,12.3000,12.3000,12.1600,12.2000,12.3300,6210061,75791795.0000,3,1.058552,1,-1.054340,11.151791,3.809532,8.497726,3.516078,0
2017-03-09,sh.600730,12.1900,12.2600,12.0300,12.0500,12.2000,6527113,79137267.0000,3,1.112596,1,-1.229505,11.014679,3.762693,8.393246,3.472848,0
2017-03-10,sh.600730,12.0600,12.1100,11.9600,12.0000,12.0500,5312695,63944903.0000,3,0.905589,1,-0.414939,10.968975,3.747080,8.358419,3.458438,0
2017-03-13,sh.600730,12.0300,12.0700,11.8800,12.0600,12.0000,5245964,62894650.0000,3,0.894215,1,0.500004,11.023819,3.765816,8.400211,3.475730,0
2017-03-14,sh.600730,12.0700,12.0700,11.9400,11.9700,12.0600,4529860,54382162.0000,3,0.772149,1,-0.746270,10.941552,3.737713,8.337523,3.449792,0
2017-03-15,sh.600730,11.9800,11.9800,11.8700,11.9200,11.9700,4607038,54865908.0000,3,0.785305,1,-0.417712,10.895848,3.722100,8.302696,3.435381,0
2017-03-16,sh.600730,11.9100,12.1600,11.9100,12.1100,11.9200,8233623,99436844.0000,3,1.403484,1,1.593956,11.069524,3.781429,8.435038,3.490140,0
2017-03-17,sh.600730,12.1100,12.1300,11.9800,11.9900,12.1100,6777594,81787553.0000,3,1.155293,1,-0.990916,10.959834,3.743958,8.351454,3.455556,0
2017-03-20,sh.600730,11.9900,12.1000,11.9600,12.1000,11.9900,5925621,71425546.0000,3,1.010067,1,0.917436,11.060383,3.778306,8.428072,3.487258,0
2017-03-21,sh.600730,12.1000,12.1300,12.0000,12.0500,12.1000,4935796,59493329.0000,3,0.841344,1,-0.413225,11.014679,3.762693,8.393246,3.472848,0
2017-03-22,sh.600730,11.9900,12.0900,11.9500,12.0600,12.0500,6081217,73148167.0000,3,1.036590,1,0.082989,11.023819,3.765816,8.400211,3.475730,0
2017-03-23,sh.600730,12.0600,12.0800,11.8800,11.9900,12.0600,5979242,71713267.0000,3,1.019208,1,-0.580437,10.959834,3.743958,8.351454,3.455556,0
2017-03-24,sh.600730,11.9900,12.0000,11.8800,11.9800,11.9900,5067841,60505416.0000,3,0.863852,1,-0.083405,10.950693,3.740835,8.344488,3.452674,0
2017-03-27,sh.600730,11.9800,12.0100,11.9400,11.9600,11.9800,5047229,60410975.0000,3,0.860339,1,-0.166941,10.932411,3.734590,8.330558,3.446910,0
2017-03-28,sh.600730,11.9600,12.0000,11.8900,11.9100,11.9600,3809207,45491427.0000,3,0.649308,1,-0.418062,10.886707,3.718977,8.295731,3.432499,0
2017-03-29,sh.600730,11.9300,11.9400,11.6900,11.7100,11.9100,6256223,73829399.0000,3,1.066421,1,-1.679260,10.703891,3.656526,8.156424,3.374859,0
2017-03-30,sh.600730,11.7100,11.7100,11.3600,11.4200,11.7100,9164580,105227547.0000,3,1.562173,1,-2.476516,10.438808,3.565972,7.954429,3.291280,0
2017-03-31,sh.600730,11.4500,11.5000,11.4300,11.4800,11.4200,3448841,39553037.0000,3,0.587881,1,0.525389,10.493652,3.584707,7.996221,3.308572,0
2017-04-05,sh.600730,11.5900,12.4700,11.5900,12.0500,11.4800,16284839,196946560.0000,3,2.775875,1,4.965163,11.014679,3.762693,8.393246,3.472848,0
2017-04-06,sh.600730,12.0500,12.1000,11.9200,11.9700,12.0500,8490239,101885824.0000,3,1.447226,1,-0.663900,10.941552,3.737713,8.337523,3.449792,0
2017-04-07,sh.600730,12.2600,12.2600,12.0300,12.1200,11.9700,12653734,153754907.0000,3,2.156926,1,1.253130,11.078664,3.784551,8.442003,3.493022,0
2017-04-10,sh.600730,12.1100,12.6700,12.0700,12.5600,12.1200,27755563,344398432.0000,3,4.731148,1,3.630367,11.480860,3.921944,8.748479,3.619831,0
2017-04-11,sh.600730,12.5000,12.5500,12.2200,12.4900,12.5600,18164877,224968216.0000,3,3.096342,1,-0.557330,11.416874,3.900086,8.699721,3.599657,0
2017-04-12,sh.600730,12.5000,12.5000,12.1200,12.1300,12.4900,12068116,147959932.0000,3,2.057103,1,-2.882303,11.087805,3.787674,8.448969,3.495904,0
2017-04-13,sh.600730,12.1400,12.2900,12.1200,12.1800,12.1300,7286836,88915329.0000,3,1.242097,1,0.412203,11.133509,3.803287,8.483795,3.510314,0
2017-04-14,sh.600730,12.2200,12.4400,12.0800,12.2700,12.1800,14108376,173402875.0000,3,2.404881,1,0.738918,11.215777,3.831390,8.546483,3.536252,0
2017-04-17,sh.600730,12.2500,12.2500,11.7200,11.9300,12.2700,9216281,110366914.0000,3,1.570986,1,-2.770987,10.904989,3.725222,8.309662,3.438263,0
2017-04-18,sh.600730,11.9000,12.2300,11.8500,11.9300,11.9300,7271746,87577502.0000,3,1.239525,1,0.000000,10.904989,3.725222,8.309662,3.438263,0
2017-04-19,sh.600730,11.9700,12.0900,11.5500,11.7300,11.9300,8771320,103339843.0000,3,1.495139,1,-1.676452,10.722173,3.662771,8.170355,3.380623,0
2017-04-20,sh.600730,11.6300,11.7900,11.4100,11.5600,11.7300,7105550,82324253.0000,3,1.211195,1,-1.449268,10.566779,3.609688,8.051944,3.331628,0
2017-04-21,sh.600730,11.5600,11.7100,11.4700,11.5800,11.5600,4370677,50592067.0000,3,0.745015,1,0.173006,10.585061,3.615933,8.065874,3.337392,0
2017-04-24,sh.600730,11.5100,11.5500,11.0300,11.1100,11.5800,6726447,75480793.0000,3,1.146574,1,-4.058724,10.155442,3.469172,7.738503,3.201937,0
2017-04-25,sh.600730,11.0900,11.3200,11.0900,11.1800,11.1100,3980033,44558374.0000,3,0.678427,1,0.630069,10.219428,3.491030,7.787260,3.222111,0
2017-04-26,sh.600730,11.2500,11.2700,11.1100,11.2300,11.1800,4094229,45801784.0000,3,0.697893,1,0.447220,10.265132,3.506643,7.822087,3.236521,0
2017-04-27,sh.600730,11.5800,11.5800,11.2100,11.3900,11.2300,6607427,75075745.0000,3,1.126286,1,1.424762,10.411385,3.556604,7.933533,3.282634,0
2017-04-28,sh.600730,11.3000,11.3500,11.1800,11.3200,11.3900,4808274,54185029.0000,3,0.819607,1,-0.614580,10.347399,3.534746,7.884775,3.262459,0
2017-05-02,sh.600730,11.0000,11.0000,10.1900,10.1900,11.3200,21937138,226417197.0000,3,3.739353,1,-9.982333,10.462287,106.199496,6.586170,3.072435,0
2017-05-03,sh.600730,9.8400,9.8400,9.5000,9.5300,10.1900,18667054,180090487.0000,3,3.181942,1,-6.476937,9.784652,99.321021,6.159588,2.873435,0
2017-05-04,sh.600730,9.5900,9.6500,9.4500,9.5700,9.5300,10142120,97068382.0000,3,1.728802,1,0.419727,9.825720,99.737898,6.185441,2.885496,0
2017-05-05,sh.600730,9.7000,9.7000,9.4500,9.4600,9.5700,6241009,59711701.0000,3,1.063828,1,-1.149422,9.712781,98.591485,6.114344,2.852329,0
2017-05-08,sh.600730,9.3000,9.3000,8.5700,8.6800,9.4600,15104343,135839783.0000,3,2.574651,1,-8.245240,8.911939,90.462378,5.610202,2.617148,0
2017-05-09,sh.600730,8.6600,8.8200,8.5000,8.7500,8.6800,8157129,70590211.0000,3,1.390445,1,0.806448,8.983809,91.191913,5.655445,2.638254,0
2017-05-10,sh.600730,8.8900,9.3000,8.8200,8.8700,8.7500,12065332,109250470.0000,3,2.056628,1,1.371427,9.107016,92.442545,5.733005,2.674436,0
2017-05-11,sh.600730,8.7100,8.7800,8.3200,8.7100,8.8700,9718640,83505781.0000,3,1.656616,1,-1.803831,8.942740,90.775036,5.629592,2.626193,0
2017-05-12,sh.600730,8.8800,9.1800,8.7100,8.8500,8.7100,10111414,90508943.0000,3,1.723568,1,1.607352,9.086481,92.234106,5.720079,2.668405,0
2017-05-15,sh.600730,8.8800,9.1300,8.8400,8.8600,8.8500,8105969,72806240.0000,3,1.381724,1,0.112986,9.096748,92.338326,5.726542,2.671420,0
2017-05-16,sh.600730,8.6500,9.0900,8.6500,9.0600,8.8600,8523938,76204122.0000,3,1.452970,1,2.257345,9.302093,94.422712,5.855809,2.731723,0
2017-05-17,sh.600730,9.0200,9.0900,8.9400,8.9400,9.0600,7288833,65634605.0000,3,1.242437,1,-1.324512,9.178886,93.172080,5.778249,2.695542,0
2017-05-18,sh.600730,8.8700,8.9900,8.7800,8.8000,8.9400,6061986,53822099.0000,3,1.033312,1,-1.565989,9.035145,91.713010,5.687762,2.653330,0
2017-05-19,sh.600730,8.7600,8.8500,8.6900,8.8200,8.8000,5300918,46435122.0000,3,0.903582,1,0.227267,9.055680,91.921448,5.700689,2.659360,0
2017-05-22,sh.600730,8.8100,8.8400,8.5100,8.6000,8.8200,4806921,41776421.0000,3,0.819376,1,-2.494323,8.829801,89.628623,5.558495,2.593027,0
2017-05-23,sh.600730,8.5400,8.6300,7.8100,7.8800,8.6000,12516514,102145569.0000,3,2.133535,1,-8.372096,8.090562,82.124831,5.093132,2.375936,0
2017-05-24,sh.600730,7.8800,8.0700,7.5100,7.9100,7.8800,8382979,65326936.0000,3,1.428943,1,0.380707,8.121363,82.437489,5.112522,2.384981,0
2017-05-25,sh.600730,7.9100,8.0000,7.7400,7.9800,7.9100,6296270,49816843.0000,3,1.073247,1,0.884958,8.193234,83.167025,5.157766,2.406087,0
2017-05-26,sh.600730,7.9900,8.0300,7.8900,7.9000,7.9800,4190949,33385810.0000,3,0.714379,1,-1.002505,8.111096,82.333270,5.106059,2.381966,0
2017-05-31,sh.600730,7.9800,8.2400,7.8800,7.9000,7.9000,5758196,46094896.0000,3,0.981529,1,0.000000,8.111096,82.333270,5.106059,2.381966,0
2017-06-01,sh.600730,7.9000,7.9000,7.4400,7.4500,7.9000,10073021,76921751.0000,3,1.717023,1,-5.696206,7.649072,77.643400,4.815208,2.246285,0
2017-06-02,sh.600730,7.4300,7.5800,7.2700,7.5500,7.4500,8346523,62181176.0000,3,1.422729,1,1.342287,7.751744,78.685593,4.879841,2.276436,0
2017-06-05,sh.600730,7.5200,7.7500,7.5200,7.6900,7.5500,4934636,37822100.0000,3,0.841146,1,1.854303,7.895485,80.144664,4.970328,2.318648,0
2017-06-06,sh.600730,7.6700,7.8400,7.6300,7.7500,7.6900,5397485,41815618.0000,3,0.920043,1,0.780233,7.957088,80.769980,5.009108,2.336739,0
2017-06-07,sh.600730,7.7500,7.9700,7.7300,7.9600,7.7500,7645411,60172036.0000,3,1.303219,1,2.709678,8.172699,82.958586,5.144839,2.400057,0
2017-06-08,sh.600730,7.9500,7.9700,7.8400,7.9200,7.9600,6531097,51505397.0000,3,1.113275,1,-0.502512,8.131631,82.541709,5.118986,2.387997,0
2017-06-09,sh.600730,7.9200,7.9200,7.8200,7.8800,7.9200,4595946,36137382.0000,3,0.783414,1,-0.505050,8.090562,82.124831,5.093132,2.375936,0
2017-06-12,sh.600730,7.7900,7.8800,7.5900,7.6300,7.8800,6093088,47031599.0000,3,1.038613,1,-3.172589,7.833882,79.519348,4.931548,2.300557,0
2017-06-13,sh.600730,7.6200,7.8100,7.6000,7.8000,7.6300,4543078,35234442.0000,3,0.774402,1,2.228048,8.008424,81.291077,5.041425,2.351815,0
2017-06-14,sh.600730,7.8000,7.8900,7.6800,7.8500,7.8000,5285770,41302939.0000,3,0.901000,1,0.641022,8.059760,81.812173,5.073742,2.366891,0
2017-06-15,sh.600730,7.8500,8.0400,7.8000,7.9900,7.8500,8070801,64267917.0000,3,1.375730,1,1.783438,8.203501,83.271244,5.164229,2.409103,0
2017-06-16,sh.600730,7.9700,8.0900,7.9400,8.0200,7.9900,5284151,42304873.0000,3,0.900724,1,0.375478,8.234303,83.583902,5.183619,2.418148,0
2017-06-19,sh.600730,8.0500,8.1000,8.0100,8.1000,8.0200,5784766,46608550.0000,3,0.986058,1,0.997505,8.316440,84.417657,5.235326,2.442269,0
2017-06-20,sh.600730,8.1400,8.2600,8.0900,8.1400,8.1000,9396514,76666908.0000,3,1.601708,1,0.493827,8.357509,84.834534,5.261180,2.454330,0
2017-06-21,sh.600730,8.1300,8.1700,7.9900,8.1100,8.1400,6283048,50810458.0000,3,1.070994,1,-0.368559,8.326708,84.521876,5.241790,2.445284,0
2017-06-22,sh.600730,8.1100,8.1600,7.9000,7.9000,8.1100,7120490,57356907.0000,3,1.213742,1,-2.589391,8.111096,82.333270,5.106059,2.381966,0
2017-06-23,sh.600730,7.8700,7.9400,7.5900,7.7900,7.9000,7193556,55793258.0000,3,1.226197,1,-1.392407,7.998157,81.186857,5.034962,2.348800,0
2017-06-26,sh.600730,7.7400,7.9600,7.7400,7.9400,7.7900,5167468,40831557.0000,3,0.880834,1,1.925547,8.152165,82.750147,5.131912,2.394027,0
2017-06-27,sh.600730,7.9500,8.0600,7.9400,7.9500,7.9400,4863821,38813265.0000,3,0.829075,1,0.125942,8.162432,82.854367,5.138376,2.397042,0
2017-06-28,sh.600730,7.9600,8.1300,7.9400,7.9800,7.9500,5367241,43110393.0000,3,0.914887,1,0.377361,8.193234,83.167025,5.157766,2.406087,0
2017-06-29,sh.600730,7.9500,8.0200,7.9100,7.9500,7.9800,4136400,32931376.0000,3,0.705081,1,-0.375943,8.162432,82.854367,5.138376,2.397042,0
2017-06-30,sh.600730,8.0200,8.5000,8.0200,8.1900,7.9500,13956202,115206034.0000,3,2.378941,1,3.018865,8.408845,85.355631,5.293497,2.469406,0
2017-07-03,sh.600730,8.1200,8.2300,8.1200,8.2000,8.1900,5642902,46131651.0000,3,0.961876,1,0.122103,8.419113,85.459850,5.299960,2.472421,0
2017-07-04,sh.600730,8.2100,8.2300,8.0900,8.2200,8.2000,5499583,44848362.0000,3,0.937446,1,0.243908,8.439647,85.668289,5.312887,2.478451,0
2017-07-05,sh.600730,8.2000,8.2200,8.0800,8.2100,8.2200,6026751,49133379.0000,3,1.027306,1,-0.121657,8.429380,85.564069,5.306423,2.475436,0
2017-07-06,sh.600730,8.2000,8.3200,8.1600,8.2500,8.2100,6866800,56601218.0000,3,1.170499,1,0.487210,8.470449,85.980946,5.332277,2.487496,0
2017-07-07,sh.600730,8.2500,8.2600,8.1800,8.2500,8.2500,4497484,37001034.0000,3,0.766631,1,0.000000,8.470449,85.980946,5.332277,2.487496,0
2017-07-10,sh.600730,8.2500,8.2600,8.1300,8.2100,8.2500,5984787,49019340.0000,3,1.020153,1,-0.484848,8.429380,85.564069,5.306423,2.475436,0
2017-07-11,sh.600730,8.2200,8.2400,8.1300,8.1700,8.2100,4639331,37899907.0000,3,0.790809,1,-0.487210,8.388311,85.147192,5.280570,2.463375,0
2017-07-12,sh.600730,8.1400,8.2300,7.9300,8.0700,8.1700,5838600,47054127.0000,3,0.995234,1,-1.223995,8.285639,84.104999,5.215936,2.433224,0
2017-07-13,sh.600730,8.0800,8.1500,8.0300,8.0500,8.0700,3703336,29907034.0000,3,0.631262,1,-0.247825,8.265104,83.896560,5.203009,2.427193,0
2017-07-14,sh.600730,8.0400,8.0800,7.9600,8.0100,8.0500,3891100,31193743.0000,3,0.663268,1,-0.496894,8.224036,83.479683,5.177156,2.415133,0
2017-07-17,sh.600730,7.9800,8.0400,7.2800,7.3100,8.0100,10433358,78502628.0000,3,1.778446,1,-8.739079,7.505331,76.184330,4.724720,2.204073,0
2017-07-18,sh.600730,7.3200,7.5000,7.2500,7.4600,7.3100,4771243,35224899.0000,3,0.813295,1,2.051985,7.659339,77.747619,4.821671,2.249300,0
2017-07-19,sh.600730,7.4400,7.8600,7.4100,7.6700,7.4600,7617232,57913792.0000,3,1.298415,1,2.815014,7.874950,79.936225,4.957402,2.312618,0
2017-07-20,sh.600730,7.6500,7.7700,7.6000,7.6800,7.6700,4436950,34176776.0000,3,0.756312,1,0.130375,7.885218,80.040445,4.963865,2.315633,0
2017-07-21,sh.600730,7.6700,7.7300,7.6300,7.6800,7.6800,3357022,25764649.0000,3,0.572230,1,0.000000,7.885218,80.040445,4.963865,2.315633,0
2017-07-24,sh.600730,7.6300,7.7200,7.5600,7.6700,7.6800,4390874,33532342.0000,3,0.748458,1,-0.130205,7.874950,79.936225,4.957402,2.312618,0
2017-07-25,sh.600730,7.6900,7.7600,7.6000,7.6400,7.6700,2436902,18667068.0000,3,0.415389,1,-0.391137,7.844149,79.623567,4.938011,2.303572,0
2017-07-26,sh.600730,7.6600,7.6900,7.5100,7.5500,7.6400,3990100,30157230.0000,3,0.680143,1,-1.178006,7.751744,78.685593,4.879841,2.276436,0
2017-07-27,sh.600730,7.5500,7.7400,7.5100,7.7200,7.5500,7441396,56903710.0000,3,1.268443,1,2.251650,7.926286,80.457322,4.989718,2.327694,0
2017-07-28,sh.600730,7.8800,8.0800,7.8400,7.9600,7.7200,14532205,115366153.0000,3,2.477125,1,3.108812,8.172699,82.958586,5.144839,2.400057,0
2017-07-31,sh.600730,7.9100,7.9800,7.8000,7.9500,7.9600,7238433,57163083.0000,3,1.233846,1,-0.125631,8.162432,82.854367,5.138376,2.397042,0
2017-08-01,sh.600730,7.9900,7.9900,7.8900,7.9700,7.9500,5722036,45413451.0000,3,0.975365,1,0.251572,8.182967,83.062805,5.151303,2.403072,0
2017-08-02,sh.600730,7.9700,8.1300,7.9200,7.9500,7.9700,8953676,71934354.0000,3,1.526223,1,-0.250941,8.162432,82.854367,5.138376,2.397042,0
2017-08-03,sh.600730,7.9200,8.0300,7.8600,8.0000,7.9500,6425370,51200300.0000,3,1.095253,1,0.628933,8.213768,83.375463,5.170693,2.412118,0
2017-08-04,sh.600730,7.9700,8.0600,7.9700,7.9900,8.0000,6362325,51026886.0000,3,1.084507,1,-0.125003,8.203501,83.271244,5.164229,2.409103,0
2017-08-07,sh.600730,8.0800,8.2600,7.9900,8.2400,7.9900,10840733,88570615.0000,3,1.847886,1,3.128911,8.460181,85.876727,5.325813,2.484481,0
2017-08-08,sh.600730,8.1800,8.2300,8.0800,8.1300,8.2400,7496094,61008861.0000,3,1.277767,1,-1.334947,8.347242,84.730315,5.254716,2.451315,0
2017-08-09,sh.600730,8.1300,8.1500,8.0700,8.1100,8.1300,4057307,32920589.0000,3,0.691599,1,-0.246008,8.326708,84.521876,5.241790,2.445284,0
2017-08-10,sh.600730,8.0900,8.1000,7.9300,7.9500,8.1100,6556986,52553925.0000,3,1.117688,1,-1.972871,8.162432,82.854367,5.138376,2.397042,0
2017-08-11,sh.600730,7.9800,7.9800,7.7800,7.8300,7.9500,5049409,39750189.0000,3,0.860710,1,-1.509433,8.039226,81.603735,5.060815,2.360860,0
2017-08-14,sh.600730,7.8200,7.9800,7.8000,7.9800,7.8300,4183696,33155464.0000,3,0.713143,1,1.915710,8.193234,83.167025,5.157766,2.406087,0
2017-08-15,sh.600730,7.9500,8.0000,7.9300,7.9600,7.9800,3369798,26831246.0000,3,0.574408,1,-0.250626,8.172699,82.958586,5.144839,2.400057,0
2017-08-16,sh.600730,7.9700,8.1700,7.9700,8.1500,7.9600,9028370,73194246.0000,3,1.538955,1,2.386930,8.367776,84.938753,5.267643,2.457345,0
2017-08-17,sh.600730,8.1500,8.4700,8.0700,8.3000,8.1500,14187008,117893277.0000,3,2.418284,1,1.840498,8.521785,86.502043,5.364594,2.502572,0
2017-08-18,sh.600730,8.1900,8.4300,8.1500,8.3700,8.3000,10804677,89804263.0000,3,1.841740,1,0.843370,8.593655,87.231578,5.409837,2.523678,0
2017-08-21,sh.600730,8.3800,8.4000,8.2700,8.3600,8.3700,6716111,55948834.0000,3,1.144812,1,-0.119477,8.583388,87.127359,5.403374,2.520663,0
2017-08-22,sh.600730,8.3300,8.3800,8.1700,8.1800,8.3600,8405952,69263574.0000,3,1.432859,1,-2.153102,8.398578,85.251411,5.287033,2.466390,0
2017-08-23,sh.600730,8.1800,8.2400,8.1300,8.2000,8.1800,4548324,37193907.0000,3,0.775297,1,0.244493,8.419113,85.459850,5.299960,2.472421,0
2017-08-24,sh.600730,8.1500,8.2000,8.0600,8.0800,8.2000,4905132,39820723.0000,3,0.836117,1,-1.463413,8.295906,84.209218,5.222400,2.436239,0
2017-08-25,sh.600730,8.0800,8.2000,8.0500,8.1600,8.0800,5100635,41498091.0000,3,0.869442,1,0.990098,8.378044,85.042973,5.274106,2.460360,0
2017-08-28,sh.600730,8.2000,8.3300,8.1000,8.3100,8.1600,9440085,77825563.0000,3,1.609135,1,1.838242,8.532052,86.606262,5.371057,2.505587,0
2017-08-29,sh.600730,8.5800,8.8800,8.5100,8.5400,8.3100,26651003,230877035.0000,3,4.542867,1,2.767744,8.768198,89.003307,5.519714,2.574936,0
2017-08-30,sh.600730,8.5000,8.5600,8.3600,8.5400,8.5400,12563207,106277387.0000,3,2.141495,1,0.000000,8.768198,89.003307,5.519714,2.574936,0
2017-08-31,sh.600730,8.5300,8.6600,8.4500,8.6000,8.5400,12733693,109141293.0000,3,2.170555,1,0.702581,7.662861,17.421397,-17.502483,2.476928,0
2017-09-01,sh.600730,8.5100,8.5900,8.4000,8.4900,8.6000,8772076,74369894.0000,3,1.495267,1,-1.279077,7.564848,17.198566,-17.278614,2.445247,0
2017-09-04,sh.600730,8.5000,8.5400,8.4200,8.4900,8.4900,9138167,77467920.0000,3,1.557670,1,0.000000,7.564848,17.198566,-17.278614,2.445247,0
2017-09-05,sh.600730,8.5300,8.5900,8.4600,8.5500,8.4900,9405096,80224634.0000,3,1.603171,1,0.706719,7.618310,17.320110,-17.400725,2.462528,0
2017-09-06,sh.600730,8.5200,8.5500,8.4300,8.5500,8.5500,6927518,58750840.0000,3,1.180848,1,0.000000,7.618310,17.320110,-17.400725,2.462528,0
2017-09-07,sh.600730,8.5300,8.5300,8.3600,8.3700,8.5500,7971183,67379994.0000,3,1.358749,1,-2.105267,7.457924,16.955476,-17.034394,2.410685,0
2017-09-08,sh.600730,8.3700,8.5000,8.3000,8.3900,8.3700,7294878,61316650.0000,3,1.243468,1,0.238954,7.475745,16.995991,-17.075097,2.416445,0
2017-09-11,sh.600730,8.4000,8.5600,8.3800,8.5400,8.3900,8886315,75469124.0000,3,1.514740,1,1.787838,7.609399,17.299853,-17.380373,2.459647,0
2017-09-12,sh.600730,8.5400,8.6200,8.4000,8.4300,8.5400,8238008,69819017.0000,3,1.404231,1,-1.288052,7.511386,17.077021,-17.156504,2.427966,0
2017-09-13,sh.600730,8.4300,8.4600,8.4000,8.4500,8.4300,3912139,32990294.0000,3,0.666854,1,0.237242,7.529207,17.117536,-17.197207,2.433726,0
2017-09-14,sh.600730,8.4200,8.4800,8.4000,8.4300,8.4500,4693706,39618374.0000,3,0.800078,1,-0.236680,7.511386,17.077021,-17.156504,2.427966,0
2017-09-15,sh.600730,8.4500,8.4600,8.3700,8.4200,8.4300,5132919,43185665.0000,3,0.874945,1,-0.118627,7.502476,17.056763,-17.136152,2.425086,0
2017-09-18,sh.600730,8.3600,8.4100,8.2800,8.3200,8.4200,7323375,60924743.0000,3,1.248325,1,-1.187653,7.413373,16.854189,-16.932635,2.396284,0
2017-09-19,sh.600730,8.3200,8.3600,8.2300,8.2500,8.3200,5945884,49339506.0000,3,1.013521,1,-0.841342,7.351001,16.712387,-16.790173,2.376123,0
2017-09-20,sh.600730,8.2500,8.4600,8.2500,8.4300,8.2500,8853073,74228222.0000,3,1.509074,1,2.181822,7.511386,17.077021,-17.156504,2.427966,0
2017-09-21,sh.600730,8.4200,8.4600,8.3100,8.3200,8.4300,5304463,44537629.0000,3,0.904186,1,-1.304871,7.413373,16.854189,-16.932635,2.396284,0
2017-09-22,sh.600730,8.3400,8.3700,8.2000,8.2100,8.3200,5028163,41513998.0000,3,0.857089,1,-1.322111,7.315359,16.631357,-16.708766,2.364603,0
2017-09-25,sh.600730,8.2400,8.2600,8.0100,8.0100,8.2100,5529200,44862706.0000,3,0.942494,1,-2.436051,7.137153,16.226208,-16.301732,2.307000,0
2017-09-26,sh.600730,8.0500,8.0800,7.9600,8.0400,8.0100,3267463,26145179.0000,3,0.556964,1,0.374528,7.163884,16.286981,-16.362787,2.315640,0
2017-09-27,sh.600730,8.0400,8.1000,8.0000,8.0700,8.0400,2707200,21841081.0000,3,0.461463,1,0.373131,7.190615,16.347753,-16.423842,2.324280,0
2017-09-28,sh.600730,8.0900,8.0900,7.9100,7.9400,8.0700,3882850,31030881.0000,3,0.661861,1,-1.610900,7.074781,16.084406,-16.159269,2.286839,0
2017-09-29,sh.600730,7.9400,8.1000,7.9400,8.0600,7.9400,3747189,30153656.0000,3,0.638737,1,1.511340,7.181705,16.327496,-16.403490,2.321400,0
2017-10-09,sh.600730,8.1200,8.2300,8.0900,8.1900,8.0600,4390211,35841447.0000,3,0.748345,1,1.612893,7.297539,16.590842,-16.668063,2.358842,0
2017-10-10,sh.600730,8.2100,8.4200,8.1300,8.4100,8.1900,7936733,65666494.0000,3,1.352877,1,2.686206,7.493566,17.036506,-17.115801,2.422206,0
2017-10-11,sh.600730,8.3600,8.4100,8.3000,8.3500,8.4100,4942979,41215139.0000,3,0.842569,1,-0.713430,7.440104,16.914961,-16.993690,2.404925,0
2017-10-12,sh.600730,8.3500,8.3900,8.2400,8.2900,8.3500,4234060,35152489.0000,3,0.721728,1,-0.718568,7.386642,16.793417,-16.871580,2.387644,0
2017-10-13,sh.600730,8.2700,8.3500,8.2300,8.2900,8.2900,3200668,26526831.0000,3,0.545578,1,0.000000,7.386642,16.793417,-16.871580,2.387644,0
2017-10-16,sh.600730,8.2500,8.2500,8.0000,8.0400,8.2900,8766869,70880426.0000,3,1.494380,1,-3.015682,7.163884,16.286981,-16.362787,2.315640,0
2017-10-17,sh.600730,8.0400,8.0400,7.9200,7.9700,8.0400,4635700,36862430.0000,3,0.790191,1,-0.870649,7.101512,16.145179,-16.220325,2.295479,0
2017-10-18,sh.600730,8.0000,8.1600,7.9400,8.0300,7.9700,5442878,43766364.0000,3,0.927780,1,0.752822,7.154974,16.266723,-16.342435,2.312760,0
2017-10-19,sh.600730,7.9900,7.9900,7.7700,7.8600,8.0300,4634778,36478253.0000,3,0.790033,1,-2.117056,7.003499,15.922347,-15.996456,2.263797,0
2017-10-20,sh.600730,7.8500,7.9500,7.8300,7.9400,7.8600,1874802,14841515.0000,3,0.319574,1,1.017811,7.074781,16.084406,-16.159269,2.286839,0
2017-10-23,sh.600730,7.9700,8.0400,7.9100,7.9600,7.9400,2736185,21746671.0000,3,0.466404,1,0.251889,7.092602,16.124921,-16.199973,2.292599,0
2017-10-24,sh.600730,7.9600,7.9900,7.8600,7.9000,7.9600,2629485,20799062.0000,3,0.448216,1,-0.753768,7.039140,16.003377,-16.077863,2.275318,0
2017-10-25,sh.600730,7.8900,7.9200,7.8400,7.9100,7.9000,3200786,25216771.0000,3,0.545598,1,0.126579,7.048050,16.023634,-16.098214,2.278198,0
2017-10-26,sh.600730,7.8700,7.9100,7.8500,7.8900,7.9100,4133741,32565708.0000,3,0.704628,1,-0.252844,7.030230,15.983119,-16.057511,2.272438,0
2017-10-27,sh.600730,7.8900,7.9100,7.7600,7.7700,7.8900,4935501,38596003.0000,3,0.841294,1,-1.520911,237.739701,15.884549,-27.173176,2.215853,0
2017-10-30,sh.600730,7.7400,7.8000,7.4700,7.5100,7.7700,5653559,42747361.0000,3,0.963692,1,-3.346200,229.784447,15.353020,-26.263907,2.141706,0
2017-10-31,sh.600730,7.5200,7.5600,7.4800,7.5500,7.5100,2930082,22048394.0000,3,0.499455,1,0.532623,231.008333,15.434794,-26.403794,2.153113,0
2017-11-01,sh.600730,7.5600,7.5800,7.4500,7.4700,7.5500,5283542,39605232.0000,3,0.900620,1,-1.059608,228.560562,15.271246,-26.124019,2.130299,0
2017-11-02,sh.600730,7.4600,7.4700,7.3000,7.3200,7.4700,5033099,37047209.0000,3,0.857930,1,-2.008027,223.970993,14.964595,-25.599440,2.087522,0
2017-11-03,sh.600730,7.3200,7.3500,7.1700,7.2100,7.3200,5689040,41355058.0000,3,0.969740,1,-1.502734,220.605308,14.739717,-25.214749,2.056152,0
2017-11-06,sh.600730,7.2200,7.2500,7.1100,7.2500,7.2100,4051700,29077871.0000,3,0.690643,1,0.554785,221.829194,14.821491,-25.354637,2.067559,0
2017-11-07,sh.600730,7.2500,7.2700,7.1600,7.2400,7.2500,4178436,30104571.0000,3,0.712246,1,-0.137934,221.523222,14.801047,-25.319665,2.064707,0
2017-11-08,sh.600730,7.2000,7.3100,7.2000,7.2900,7.2400,5033654,36564298.0000,3,0.858025,1,0.690610,223.053079,14.903264,-25.494525,2.078966,0
2017-11-09,sh.600730,7.2500,7.3000,7.2300,7.2900,7.2900,3533590,25657490.0000,3,0.602327,1,0.000000,223.053079,14.903264,-25.494525,2.078966,0
2017-11-10,sh.600730,7.2900,7.4000,7.2600,7.3400,7.2900,5559349,40756237.0000,3,0.947634,1,0.685874,224.582935,15.005482,-25.669384,2.093225,0
2017-11-13,sh.600730,7.3000,7.4700,7.2400,7.4300,7.3400,6767357,49907156.0000,3,1.153548,1,1.226154,227.336677,15.189473,-25.984131,2.118891,0
2017-11-14,sh.600730,7.3800,7.4300,7.3100,7.3500,7.4300,3932400,28949616.0000,3,0.670308,1,-1.076715,224.888907,15.025925,-25.704356,2.096077,0
2017-11-15,sh.600730,7.3400,7.3400,7.1400,7.1900,7.3500,4238451,30589128.0000,3,0.722476,1,-2.176869,219.993366,14.698830,-25.144805,2.050448,0
2017-11-16,sh.600730,7.1900,7.2600,7.1500,7.2200,7.1900,2356924,16995710.0000,3,0.401756,1,0.417243,220.911280,14.760160,-25.249721,2.059004,0
2017-11-17,sh.600730,7.2000,7.2100,6.8700,6.8800,7.2200,6480691,45472817.0000,3,1.104683,1,-4.709137,210.508255,14.065084,-24.060676,1.962042,0
2017-11-20,sh.600730,6.8700,6.9000,6.5700,6.8900,6.8800,6408422,42915169.0000,3,1.092365,1,0.145345,210.814227,14.085527,-24.095648,1.964894,0
2017-11-21,sh.600730,6.8500,6.9000,6.7800,6.8300,6.8900,2919120,19994358.0000,3,0.497586,1,-0.870826,208.978399,13.962866,-23.885817,1.947783,0
2017-11-22,sh.600730,6.8300,6.9200,6.8300,6.8800,6.8300,2709528,18600080.0000,3,0.461860,1,0.732067,210.508255,14.065084,-24.060676,1.962042,0
2017-11-23,sh.600730,6.8600,6.8800,6.7100,6.7200,6.8800,2540594,17280865.0000,3,0.433064,1,-2.325586,205.612715,13.737989,-23.501125,1.916413,0
2017-11-24,sh.600730,6.6900,6.7800,6.6800,6.7500,6.7200,2032659,13689804.0000,3,0.346482,1,0.446432,206.530629,13.799319,-23.606041,1.924969,0
2017-11-27,sh.600730,6.7500,6.7500,6.6100,6.6200,6.7500,2007900,13428228.0000,3,0.342262,1,-1.925928,202.553002,13.533554,-23.151406,1.887895,0
2017-11-28,sh.600730,6.6200,6.7100,6.6200,6.6900,6.6200,1658300,11078780.0000,3,0.282670,1,1.057405,204.694801,13.676658,-23.396210,1.907858,0
2017-11-29,sh.600730,6.7000,6.8100,6.6700,6.8000,6.6900,2684254,18102251.0000,3,0.457552,1,1.644247,208.060485,13.901536,-23.780901,1.939228,0
2017-11-30,sh.600730,6.7600,6.8600,6.7300,6.8000,6.8000,1896000,12912060.0000,3,0.323188,1,0.000000,208.060485,13.901536,-23.780901,1.939228,0
2017-12-01,sh.600730,6.7600,6.8900,6.7500,6.8400,6.8000,1869695,12773242.0000,3,0.318704,1,0.588235,209.284370,13.983310,-23.920788,1.950635,0
2017-12-04,sh.600730,6.8100,6.8100,6.6900,6.7100,6.8400,2045734,13808897.0000,3,0.348711,1,-1.900586,205.306743,13.717545,-23.466154,1.913561,0
2017-12-05,sh.600730,6.6500,6.7400,6.5300,6.5600,6.7100,3737845,24681356.0000,3,0.637144,1,-2.235471,200.717174,13.410894,-22.941575,1.870784,0
2017-12-06,sh.600730,6.5300,6.6600,6.5300,6.6500,6.5600,2024764,13380532.0000,3,0.345137,1,1.371953,203.470916,13.594885,-23.256322,1.896451,0
2017-12-07,sh.600730,6.6500,6.7000,6.6300,6.6500,6.6500,1722444,11491795.0000,3,0.293604,1,0.000000,203.470916,13.594885,-23.256322,1.896451,0
2017-12-08,sh.600730,6.6200,6.7200,6.6100,6.7100,6.6500,2379244,15922466.0000,3,0.405560,1,0.902255,205.306743,13.717545,-23.466154,1.913561,0
2017-12-11,sh.600730,6.7100,6.8000,6.7100,6.7400,6.7100,2554020,17225535.0000,3,0.435352,1,0.447090,206.224657,13.778875,-23.571069,1.922117,0
2017-12-12,sh.600730,6.7400,6.8000,6.7100,6.7400,6.7400,2603420,17595715.0000,3,0.443773,1,0.000000,206.224657,13.778875,-23.571069,1.922117,0
2017-12-13,sh.600730,6.7100,6.7800,6.6900,6.7700,6.7400,3033758,20432672.0000,3,0.517127,1,0.445107,207.142571,13.840206,-23.675985,1.930672,0
2017-12-14,sh.600730,6.7600,6.7700,6.7000,6.7500,6.7700,1860484,12529133.0000,3,0.317134,1,-0.295421,206.530629,13.799319,-23.606041,1.924969,0
2017-12-15,sh.600730,6.7500,6.8100,6.7100,6.7700,6.7500,2650365,17890387.0000,3,0.451775,1,0.296296,207.142571,13.840206,-23.675985,1.930672,0
2017-12-18,sh.600730,6.7800,6.9200,6.7600,6.7900,6.7700,3546500,24185272.0000,3,0.604528,1,0.295421,207.754514,13.881093,-23.745929,1.936376,0
2017-12-19,sh.600730,6.7700,6.8400,6.7700,6.8400,6.7900,2334040,15906602.0000,3,0.397855,1,0.736380,209.284370,13.983310,-23.920788,1.950635,0
2017-12-20,sh.600730,6.8800,6.9000,6.7600,6.7800,6.8400,2461900,16767708.0000,3,0.419650,1,-0.877192,207.448542,13.860649,-23.710957,1.933524,0
2017-12-21,sh.600730,6.7700,6.7900,6.6100,6.7300,6.7800,2980525,20029022.0000,3,0.508053,1,-0.737466,205.918686,13.758432,-23.536097,1.919265,0
2017-12-22,sh.600730,6.7300,6.8400,6.6800,6.7900,6.7300,2331613,15795935.0000,3,0.397441,1,0.891530,207.754514,13.881093,-23.745929,1.936376,0
2017-12-25,sh.600730,6.7900,6.8200,6.5800,6.6100,6.7900,3071672,20444495.0000,3,0.523590,1,-2.650955,202.247030,13.513111,-23.116434,1.885043,0
2017-12-26,sh.600730,6.6200,6.6600,6.5500,6.6500,6.6100,1906302,12600073.0000,3,0.324944,1,0.605143,203.470916,13.594885,-23.256322,1.896451,0
2017-12-27,sh.600730,6.6500,6.6900,6.5900,6.6000,6.6500,2018602,13420073.0000,3,0.344086,1,-0.751883,201.941059,13.492667,-23.081463,1.882192,0
2017-12-28,sh.600730,6.5800,6.6700,6.5700,6.6100,6.6000,1930518,12798061.0000,3,0.329072,1,0.151519,202.247030,13.513111,-23.116434,1.885043,0
2017-12-29,sh.600730,6.6000,6.8000,6.6000,6.7800,6.6100,2440029,16313804.0000,3,0.415922,1,2.571862,207.448542,13.860649,-23.710957,1.933524,0
2018-01-02,sh.600730,6.7500,6.8300,6.7300,6.8200,6.7800,3106966,21075498.0000,3,0.529606,1,0.589970,208.672428,13.942423,-23.850845,1.944931,0
2018-01-03,sh.600730,6.8100,6.8700,6.7600,6.8600,6.8200,5049648,34452157.0000,3,0.860751,1,0.586510,209.896313,14.024197,-23.990732,1.956339,0
2018-01-04,sh.600730,6.8400,6.8900,6.8100,6.8500,6.8600,3662848,25064137.0000,3,0.624360,1,-0.145776,209.590342,14.003753,-23.955760,1.953487,0
2018-01-05,sh.600730,6.8100,7.0600,6.8000,6.9700,6.8500,7464360,51790155.0000,3,1.272357,1,1.751823,213.261997,14.249075,-24.375423,1.987708,0
2018-01-08,sh.600730,6.9300,6.9500,6.8000,6.8700,6.9700,4492526,30844423.0000,3,0.765785,1,-1.434719,210.202284,14.044640,-24.025704,1.959190,0
2018-01-09,sh.600730,6.8800,6.9500,6.8200,6.8800,6.8700,3759202,25862283.0000,3,0.640785,1,0.145564,210.508255,14.065084,-24.060676,1.962042,0
2018-01-10,sh.600730,6.8800,6.8800,6.7300,6.8100,6.8800,3652830,24851196.0000,3,0.622653,1,-1.017444,208.366456,13.921980,-23.815873,1.942080,0
2018-01-11,sh.600730,6.7800,6.9200,6.7400,6.8900,6.8100,4177902,28591416.0000,3,0.712155,1,1.174742,210.814227,14.085527,-24.095648,1.964894,0
2018-01-12,sh.600730,6.8600,7.0500,6.8600,6.9000,6.8900,6997476,48747064.0000,3,1.192773,1,0.145141,211.120198,14.105970,-24.130620,1.967746,0
2018-01-15,sh.600730,6.9100,6.9100,6.6300,6.6800,6.9000,4979304,33573810.0000,3,0.848760,1,-3.188410,204.388829,13.656215,-23.361238,1.905006,0
2018-01-16,sh.600730,6.6600,6.8100,6.6500,6.8000,6.6800,3051863,20449564.0000,3,0.520213,1,1.796413,208.060485,13.901536,-23.780901,1.939228,0
2018-01-17,sh.600730,6.7800,6.7900,6.6400,6.7000,6.8000,2925024,19616977.0000,3,0.498593,1,-1.470594,205.000772,13.697102,-23.431182,1.910710,0
2018-01-18,sh.600730,6.6700,6.7400,6.6700,6.7100,6.7000,2023244,13567390.0000,3,0.344877,1,0.149257,205.306743,13.717545,-23.466154,1.913561,0
2018-01-19,sh.600730,6.6900,6.8200,6.6900,6.8000,6.7100,4914390,33266148.0000,3,0.837695,1,1.341284,208.060485,13.901536,-23.780901,1.939228,0
2018-01-22,sh.600730,6.7500,6.8500,6.7000,6.8100,6.8000,2898000,19664615.0000,3,0.493986,1,0.147055,208.366456,13.921980,-23.815873,1.942080,0
2018-01-23,sh.600730,6.8300,6.9400,6.8100,6.9000,6.8100,4574165,31507773.0000,3,0.779701,1,1.321588,211.120198,14.105970,-24.130620,1.967746,0
2018-01-24,sh.600730,6.8800,6.9000,6.8100,6.9000,6.9000,3239476,22241508.0000,3,0.552193,1,0.000000,211.120198,14.105970,-24.130620,1.967746,0
2018-01-25,sh.600730,6.8700,6.9500,6.8300,6.8600,6.9000,4491740,30982931.0000,3,0.765651,1,-0.579710,209.896313,14.024197,-23.990732,1.956339,0
2018-01-26,sh.600730,6.8600,7.3200,6.8100,7.0400,6.8600,11067800,78688247.0000,3,1.886591,1,2.623904,215.403796,14.392179,-24.620227,2.007671,0
2018-01-29,sh.600730,6.9100,6.9500,6.8300,6.8700,7.0400,6273204,43176139.0000,3,1.069316,1,-2.414774,210.202284,14.044640,-24.025704,1.959190,0
2018-01-30,sh.600730,6.8600,6.8600,6.7000,6.7500,6.8700,3562217,24036955.0000,3,0.607207,1,-1.746723,206.530629,13.799319,-23.606041,1.924969,0
2018-01-31,sh.600730,6.7100,6.7700,6.6000,6.6000,6.7500,3571600,23783708.0000,3,0.608807,1,-2.222224,201.941059,13.492667,-23.081463,1.882192,0
2018-02-01,sh.600730,6.6400,6.6400,6.1200,6.1400,6.6000,6649613,42486761.0000,3,1.133477,1,-6.969698,187.866379,12.552269,-21.472755,1.751009,0
2018-02-02,sh.600730,6.1300,6.1800,5.8600,6.0300,6.1400,3167282,19133981.0000,3,0.539887,1,-1.791525,184.500695,12.327392,-21.088063,1.719639,0
2018-02-05,sh.600730,6.0200,6.1000,5.9500,6.0200,6.0300,2401742,14470378.0000,3,0.409395,1,-0.165841,184.194724,12.306948,-21.053092,1.716787,0
2018-02-06,sh.600730,5.9200,5.9700,5.5800,5.5900,6.0200,4768145,27574530.0000,3,0.812767,1,-7.142855,171.037958,11.427880,-19.549299,1.594159,0
2018-02-07,sh.600730,5.6600,5.7900,5.3500,5.5400,5.5900,4968955,27704277.0000,3,0.846996,1,-0.894458,169.508101,11.325663,-19.374440,1.579900,0
2018-02-08,sh.600730,5.5100,5.6700,5.5100,5.6200,5.5400,2055108,11536320.0000,3,0.350309,1,1.444042,171.955871,11.489211,-19.654215,1.602715,0
2018-02-09,sh.600730,5.5200,5.6100,5.3700,5.4200,5.6200,2988524,16396742.0000,3,0.509417,1,-3.558715,165.836445,11.080342,-18.954777,1.545679,0
2018-02-12,sh.600730,5.4200,5.6300,5.4200,5.5800,5.4200,2610316,14545270.0000,3,0.444948,1,2.952027,170.731986,11.407437,-19.514327,1.591307,0
2018-02-13,sh.600730,5.5800,5.7500,5.5600,5.6200,5.5800,2638300,14928345.0000,3,0.449718,1,0.716845,171.955871,11.489211,-19.654215,1.602715,0
2018-02-14,sh.600730,5.5900,5.6700,5.5500,5.6600,5.6200,1566716,8782069.0000,3,0.267059,1,0.711743,173.179757,11.570984,-19.794103,1.614122,0
2018-02-22,sh.600730,5.6700,5.9000,5.6600,5.8600,5.6600,4237029,24466799.0000,3,0.722234,1,3.533574,179.299183,11.979853,-20.493541,1.671158,0
2018-02-23,sh.600730,5.8500,5.8500,5.7600,5.8200,5.8600,3978075,23063972.0000,3,0.678093,1,-0.682593,178.075297,11.898079,-20.353653,1.659751,0
2018-02-26,sh.600730,5.8400,5.9400,5.7800,5.9200,5.8200,3871700,22700687.0000,3,0.659961,1,1.718211,181.135011,12.102514,-20.703372,1.688269,0
2018-02-27,sh.600730,5.9000,5.9100,5.8400,5.8800,5.9200,2180900,12800117.0000,3,0.371751,1,-0.675675,179.911125,12.020740,-20.563485,1.676862,0
2018-02-28,sh.600730,5.8500,6.1600,5.7400,6.0000,5.8800,5979400,35693752.0000,3,1.019234,1,2.040814,183.582781,12.266061,-20.983148,1.711083,0
2018-03-01,sh.600730,5.9000,6.0700,5.8700,6.0300,6.0000,4076381,24407447.0000,3,0.694850,1,0.500004,184.500695,12.327392,-21.088063,1.719639,0
2018-03-02,sh.600730,5.9800,6.0100,5.9100,5.9600,6.0300,3552972,21153323.0000,3,0.605631,1,-1.160865,182.358896,12.184288,-20.843260,1.699676,0
2018-03-05,sh.600730,5.9600,6.0400,5.9300,6.0200,5.9600,2500932,14957952.0000,3,0.426303,1,1.006710,184.194724,12.306948,-21.053092,1.716787,0
2018-03-06,sh.600730,6.0300,6.2700,6.0100,6.1000,6.0200,6284686,38517707.0000,3,1.071273,1,1.328902,186.642494,12.470496,-21.332867,1.739601,0
2018-03-07,sh.600730,6.0600,6.1300,6.0000,6.0100,6.1000,3974300,24060733.0000,3,0.677450,1,-1.475405,183.888752,12.286505,-21.018120,1.713935,0
2018-03-08,sh.600730,6.0100,6.0700,5.9700,6.0400,6.0100,2837551,17084788.0000,3,0.483682,1,0.499164,184.806666,12.347835,-21.123035,1.722491,0
2018-03-09,sh.600730,6.0200,6.1500,6.0200,6.1300,6.0400,3826921,23349179.0000,3,0.652328,1,1.490069,187.560408,12.531826,-21.437783,1.748157,0
2018-03-12,sh.600730,6.1400,6.2700,6.1300,6.2000,6.1300,5341768,33206802.0000,3,0.910545,1,1.141920,189.702207,12.674930,-21.682586,1.768119,0
2018-03-13,sh.600730,6.2100,6.3000,6.1900,6.2100,6.2000,4822265,30132489.0000,3,0.821992,1,0.161294,190.008178,12.695373,-21.717558,1.770971,0
2018-03-14,sh.600730,6.1800,6.2500,6.0600,6.0700,6.2100,4123200,25349741.0000,3,0.702831,1,-2.254426,185.724580,12.409165,-21.227951,1.731046,0
2018-03-15,sh.600730,6.0700,6.1900,6.0000,6.1500,6.0700,5244654,31967952.0000,3,0.893991,1,1.317956,188.172350,12.572713,-21.507726,1.753860,0
2018-03-16,sh.600730,6.1400,6.2900,6.1000,6.2600,6.1500,9273055,57635951.0000,3,1.580663,1,1.788620,191.538035,12.797591,-21.892417,1.785230,0
2018-03-19,sh.600730,6.3000,6.3800,6.2000,6.2100,6.2600,5926462,37200522.0000,3,1.010211,1,-0.798725,190.008178,12.695373,-21.717558,1.770971,0
2018-03-20,sh.600730,6.1600,6.2600,6.1400,6.2400,6.2100,4812325,29928898.0000,3,0.820298,1,0.483088,190.926092,12.756704,-21.822474,1.779527,0
2018-03-21,sh.600730,6.2400,6.4100,6.2000,6.2900,6.2400,11371487,72095734.0000,3,1.938357,1,0.801285,192.455949,12.858921,-21.997333,1.793786,0
2018-03-22,sh.600730,6.2700,6.7900,6.2700,6.4300,6.2900,17088611,111410593.0000,3,2.912884,1,2.225753,196.739547,13.145129,-22.486940,1.833711,0
2018-03-23,sh.600730,6.2000,6.2800,5.7900,5.8100,6.4300,13373606,81519135.0000,3,2.279633,1,-9.642300,177.769326,11.877636,-20.318681,1.656899,0
2018-03-26,sh.600730,5.8000,5.9200,5.6000,5.8900,5.8100,4904129,28429658.0000,3,0.835946,1,1.376935,180.217097,12.041183,-20.598457,1.679713,0
2018-03-27,sh.600730,5.9600,6.1000,5.9600,6.0600,5.8900,4448637,26866842.0000,3,0.758304,1,2.886249,185.418609,12.388722,-21.192979,1.728194,0
2018-03-28,sh.600730,5.9900,6.1400,5.9700,6.0800,6.0600,4060071,24679887.0000,3,0.692070,1,0.330033,186.030551,12.429609,-21.262923,1.733898,0
2018-03-29,sh.600730,6.0700,6.2300,6.0500,6.1700,6.0800,4053774,24961193.0000,3,0.690997,1,1.480266,188.784293,12.613600,-21.577670,1.759564,0
2018-03-30,sh.600730,6.1800,6.2800,6.1400,6.2400,6.1700,5061343,31514465.0000,3,0.862745,1,1.134517,190.926092,12.756704,-21.822474,1.779527,0
2018-04-02,sh.600730,6.2500,6.4600,6.2100,6.3500,6.2400,8673687,55249509.0000,3,1.478496,1,1.762823,194.291776,12.981582,-22.207165,1.810896,0
2018-04-03,sh.600730,6.2800,6.3300,6.2200,6.2800,6.3500,4949402,31057078.0000,3,0.843663,1,-1.102358,192.149977,12.838477,-21.962361,1.790934,0
2018-04-04,sh.600730,6.2600,6.3700,6.0800,6.1400,6.2800,5690783,35439794.0000,3,0.970037,1,-2.229305,187.866379,12.552269,-21.472755,1.751009,0
2018-04-09,sh.600730,6.0500,6.1100,5.9200,6.0500,6.1400,5205845,31381768.0000,3,0.887376,1,-1.465793,185.112637,12.368278,-21.158007,1.725342,0
2018-04-10,sh.600730,6.0300,6.0900,6.0000,6.0700,6.0500,4032595,24400422.0000,3,0.687387,1,0.330578,185.724580,12.409165,-21.227951,1.731046,0
2018-04-11,sh.600730,6.1000,6.1100,6.0100,6.0700,6.0700,3584200,21768463.0000,3,0.610954,1,0.000000,185.724580,12.409165,-21.227951,1.731046,0
2018-04-12,sh.600730,6.0800,6.1300,6.0200,6.0600,6.0700,3187052,19344700.0000,3,0.543257,1,-0.164748,185.418609,12.388722,-21.192979,1.728194,0
2018-04-13,sh.600730,6.0500,6.0900,5.9900,6.0100,6.0600,2738228,16534691.0000,3,0.466752,1,-0.825078,183.888752,12.286505,-21.018120,1.713935,0
2018-04-16,sh.600730,5.9900,6.0000,5.8100,5.8600,6.0100,4732475,27809350.0000,3,0.806687,1,-2.495842,179.299183,11.979853,-20.493541,1.671158,0
2018-04-17,sh.600730,5.8500,5.8900,5.7100,5.7400,5.8600,3727125,21569521.0000,3,0.635317,1,-2.047788,175.627527,11.734532,-20.073878,1.636936,0
2018-04-18,sh.600730,5.7900,5.9100,5.6500,5.8700,5.7400,3967072,22944748.0000,3,0.676218,1,2.264810,179.605154,12.000297,-20.528513,1.674010,0
2018-04-19,sh.600730,5.9500,5.9900,5.8000,5.8200,5.8700,3707625,21743837.0000,3,0.631993,1,-0.851784,178.075297,11.898079,-20.353653,1.659751,0
2018-04-20,sh.600730,5.7900,5.9100,5.7000,5.7100,5.8200,3510087,20397958.0000,3,0.598321,1,-1.890037,174.709613,11.673202,-19.968962,1.628381,0
2018-04-23,sh.600730,5.7100,5.7600,5.6000,5.6900,5.7100,2988100,16943451.0000,3,0.509344,1,-0.350262,174.097671,11.632315,-19.899018,1.622677,0
2018-04-24,sh.600730,5.7000,5.8400,5.6600,5.8100,5.6900,3326356,19154277.0000,3,0.567003,1,2.108961,177.769326,11.877636,-20.318681,1.656899,0
2018-04-25,sh.600730,5.8100,6.3900,5.7700,6.3900,5.8100,9642659,60427002.0000,3,1.643665,1,9.982787,195.515662,13.063355,-22.347052,1.822304,0
2018-04-26,sh.600730,6.5300,7.0300,6.5100,6.6600,6.3900,52958165,358953017.0000,3,9.027124,1,4.225352,70.348209,12.785535,-15.433001,1.931029,0
2018-04-27,sh.600730,6.3400,6.3900,6.1100,6.1300,6.6600,29972108,186767749.0000,3,5.108975,1,-7.957954,64.749928,11.768067,-14.204849,1.777358,0
2018-05-02,sh.600730,6.1800,6.1800,5.9300,6.0000,6.1300,13315105,80211452.0000,3,2.269661,1,-2.120720,63.376765,11.518500,-13.903604,1.739666,0
2018-05-03,sh.600730,5.9900,6.0400,5.8100,6.0200,6.0000,11324756,67075240.0000,3,1.930391,1,0.333333,63.588021,11.556895,-13.949950,1.745465,0
2018-05-04,sh.600730,6.0300,6.0300,5.9200,5.9500,6.0200,7907383,47165926.0000,3,1.347874,1,-1.162794,62.848625,11.422512,-13.787741,1.725169,0
2018-05-07,sh.600730,5.9700,6.1000,5.9500,6.0900,5.9500,7024946,42420558.0000,3,1.197456,1,2.352947,64.327416,11.691277,-14.112158,1.765761,0
2018-05-08,sh.600730,6.0800,6.1100,6.0400,6.1100,6.0900,6957446,42254086.0000,3,1.185950,1,0.328407,64.538672,11.729672,-14.158504,1.771560,0
2018-05-09,sh.600730,6.1200,6.1500,6.0500,6.1100,6.1100,5833447,35570139.0000,3,0.994356,1,0.000000,64.538672,11.729672,-14.158504,1.771560,0
2018-05-10,sh.600730,6.1100,6.1300,6.0300,6.0900,6.1100,4517588,27433130.0000,3,0.770057,1,-0.327332,64.327416,11.691277,-14.112158,1.765761,0
2018-05-11,sh.600730,6.0800,6.1100,5.9500,5.9700,6.0900,5364700,32289464.0000,3,0.914454,1,-1.970449,63.059881,11.460907,-13.834086,1.730967,0
2018-05-14,sh.600730,5.9600,5.9900,5.8500,5.8900,5.9700,4120669,24362559.0000,3,0.702400,1,-1.340032,62.214857,11.307327,-13.648705,1.707772,0
2018-05-15,sh.600730,5.8900,5.9500,5.8500,5.9400,5.8900,3571414,21080651.0000,3,0.608775,1,0.848900,62.742997,11.403315,-13.764568,1.722269,0
2018-05-16,sh.600730,5.9100,5.9700,5.8800,5.8900,5.9400,3131600,18540205.0000,3,0.533805,1,-0.841754,62.214857,11.307327,-13.648705,1.707772,0
2018-05-17,sh.600730,5.8800,5.9200,5.8600,5.8900,5.8900,2145859,12636796.0000,3,0.365778,1,0.000000,62.214857,11.307327,-13.648705,1.707772,0
2018-05-18,sh.600730,5.8900,6.0200,5.8800,6.0000,5.8900,5248294,31381582.0000,3,0.894612,1,1.867574,63.376765,11.518500,-13.903604,1.739666,0
2018-05-21,sh.600730,6.0500,6.0700,5.9900,6.0500,6.0000,4462273,26915512.0000,3,0.760629,1,0.833337,63.904904,11.614487,-14.019468,1.754163,0
2018-05-22,sh.600730,6.0700,6.0700,5.9700,6.0300,6.0500,3922400,23558090.0000,3,0.668603,1,-0.330578,63.693648,11.576092,-13.973122,1.748364,0
2018-05-23,sh.600730,6.0000,6.1100,5.9600,6.0600,6.0300,7152721,43324442.0000,3,1.219236,1,0.497508,64.010532,11.633685,-14.042640,1.757062,0
2018-05-24,sh.600730,6.0600,6.1500,6.0500,6.0700,6.0600,5993971,36616523.0000,3,1.021718,1,0.165020,64.116160,11.652882,-14.065813,1.759962,0
2018-05-25,sh.600730,6.0700,6.1000,5.9200,5.9500,6.0700,4909481,29540109.0000,3,0.836859,1,-1.976942,62.848625,11.422512,-13.787741,1.725169,0
2018-05-28,sh.600730,5.9200,5.9500,5.8100,5.8400,5.9500,3770359,22183327.0000,3,0.642687,1,-1.848734,61.686718,11.211340,-13.532841,1.693275,0
2018-05-29,sh.600730,5.8400,5.9200,5.8100,5.8700,5.8400,3408672,20002845.0000,3,0.581034,1,0.513694,62.003601,11.268932,-13.602359,1.701973,0
2018-05-30,sh.600730,5.7800,5.8300,5.5700,5.5900,5.8700,5342164,30406767.0000,3,0.910613,1,-4.770012,59.046019,10.731402,-12.953525,1.620789,0
2018-05-31,sh.600730,5.6400,5.7000,5.6100,5.6800,5.5900,2977591,16839806.0000,3,0.507553,1,1.610012,59.996671,10.904180,-13.162079,1.646884,0
2018-06-01,sh.600730,5.6500,5.7300,5.6500,5.7200,5.6800,2200000,12532567.0000,3,0.375007,1,0.704225,60.419182,10.980970,-13.254769,1.658481,0
2018-06-04,sh.600730,5.7900,5.7900,5.6600,5.6700,5.7200,1784400,10171750.0000,3,0.304165,1,-0.874121,59.891043,10.884982,-13.138906,1.643984,0
2018-06-05,sh.600730,5.6800,5.7600,5.6600,5.7500,5.6700,2115002,12105088.0000,3,0.360518,1,1.410933,60.736066,11.038562,-13.324287,1.667180,0
2018-06-06,sh.600730,5.7500,5.8200,5.7100,5.7900,5.7500,2369992,13689694.0000,3,0.403983,1,0.695651,61.158578,11.115352,-13.416978,1.678777,0
2018-06-07,sh.600730,5.8000,5.8600,5.7300,5.7600,5.7900,2276520,13181952.0000,3,0.388050,1,-0.518130,60.841694,11.057760,-13.347460,1.670079,0
2018-06-08,sh.600730,5.7600,6.0000,5.6600,5.7400,5.7600,4427610,25666650.0000,3,0.754720,1,-0.347230,60.630438,11.019365,-13.301115,1.664280,0
2018-06-11,sh.600730,5.7000,5.7300,5.6000,5.6600,5.7400,2985469,16872331.0000,3,0.508896,1,-1.393727,59.785415,10.865785,-13.115733,1.641085,0
2018-06-12,sh.600730,5.6500,5.7000,5.5800,5.6900,5.6600,2087485,11776112.0000,3,0.355828,1,0.530039,60.102298,10.923377,-13.185251,1.649783,0
2018-06-13,sh.600730,5.6500,5.7100,5.5200,5.5400,5.6900,2387350,13406628.0000,3,0.406942,1,-2.636206,58.517879,10.635415,-12.837661,1.606291,0
2018-06-14,sh.600730,5.5000,5.5800,5.4300,5.4400,5.5400,2382587,13086293.0000,3,0.406130,1,-1.805053,57.461600,10.443440,-12.605934,1.577297,0
2018-06-15,sh.600730,5.4400,5.4800,5.1900,5.2400,5.4400,4339200,22968004.0000,3,0.739650,1,-3.676476,55.349041,10.059490,-12.142481,1.519308,0
2018-06-19,sh.600730,5.1100,5.1800,4.7200,4.7200,5.2400,10554000,51374564.0000,3,1.799010,1,-9.923664,49.856388,9.061220,-10.937502,1.368537,0
2018-06-20,sh.600730,4.7200,4.7900,4.6600,4.7400,4.7200,4567336,21641493.0000,3,0.778537,1,0.423728,50.067644,9.099615,-10.983847,1.374336,0
2018-06-21,sh.600730,4.7300,4.7900,4.4600,4.5700,4.7400,4931415,22745408.0000,3,0.840597,1,-3.586490,48.271969,8.773257,-10.589912,1.325045,0
2018-06-22,sh.600730,4.5100,4.7100,4.4100,4.6500,4.5700,2078066,9561726.0000,3,0.354222,1,1.750545,49.116993,8.926837,-10.775293,1.348241,0
2018-06-25,sh.600730,4.6700,4.7400,4.6400,4.6400,4.6500,2456700,11507570.0000,3,0.418763,1,-0.215059,49.011365,8.907640,-10.752121,1.345342,0
2018-06-26,sh.600730,4.5900,4.7600,4.5300,4.7400,4.6400,2439258,11398236.0000,3,0.415790,1,2.155170,50.067644,9.099615,-10.983847,1.374336,0
2018-06-27,sh.600730,4.7600,4.7600,4.6700,4.7000,4.7400,1911458,9016868.0000,3,0.325823,1,-0.843881,49.645132,9.022825,-10.891157,1.362738,0
2018-06-28,sh.600730,4.7000,4.7700,4.6600,4.6700,4.7000,2738738,12933366.0000,3,0.466839,1,-0.638292,49.328248,8.965232,-10.821639,1.354040,0
2018-06-29,sh.600730,4.6500,4.7900,4.6500,4.7700,4.6700,3211638,15277362.0000,3,0.547448,1,2.141325,50.384528,9.157207,-11.053365,1.383034,0
2018-07-02,sh.600730,4.7900,4.7900,4.6000,4.6700,4.7700,2437908,11488682.0000,3,0.415560,1,-2.096434,49.328248,8.965232,-10.821639,1.354040,0
2018-07-03,sh.600730,4.6800,4.8000,4.6500,4.7800,4.6700,2861800,13546589.0000,3,0.487816,1,2.355463,50.490156,9.176405,-11.076538,1.385934,0
2018-07-04,sh.600730,4.7800,4.7800,4.6700,4.7000,4.7800,1589500,7504652.0000,3,0.270942,1,-1.673648,49.645132,9.022825,-10.891157,1.362738,0
2018-07-05,sh.600730,4.6600,4.7200,4.5000,4.5500,4.7000,2190100,10099535.0000,3,0.373319,1,-3.191482,48.060713,8.734862,-10.543567,1.319247,0
2018-07-06,sh.600730,4.5800,4.6800,4.4500,4.5800,4.5500,2525100,11549329.0000,3,0.430423,1,0.659335,48.377597,8.792455,-10.613085,1.327945,0
2018-07-09,sh.600730,4.6000,4.7200,4.6000,4.7100,4.5800,2214636,10374918.0000,3,0.377502,1,2.838431,49.750760,9.042022,-10.914329,1.365638,0
2018-07-10,sh.600730,4.6700,4.7000,4.6500,4.6700,4.6500,1400702,6544338.0000,3,0.238760,1,0.430107,49.328248,8.965232,-10.821639,1.354040,0
2018-07-11,sh.600730,4.6200,4.6200,4.5300,4.5700,4.6700,2283088,10443195.0000,3,0.389170,1,-2.141325,48.271969,8.773257,-10.589912,1.325045,0
2018-07-12,sh.600730,4.5800,4.7000,4.5600,4.6900,4.5700,2473122,11523320.0000,3,0.421563,1,2.625818,49.539504,9.003627,-10.867984,1.359839,0
2018-07-13,sh.600730,4.6800,4.9000,4.6800,4.7800,4.6900,4818924,23156137.0000,3,0.821422,1,1.918980,50.490156,9.176405,-11.076538,1.385934,0
2018-07-16,sh.600730,4.7800,4.8600,4.7100,4.8000,4.7800,2425077,11591790.0000,3,0.413373,1,0.418410,50.701412,9.214800,-11.122883,1.391733,0
2018-07-17,sh.600730,4.8500,4.8600,4.7500,4.8000,4.8000,2046585,9784617.0000,3,0.348856,1,0.000000,50.701412,9.214800,-11.122883,1.391733,0
2018-07-18,sh.600730,4.8000,5.2400,4.8000,4.9100,4.8000,8480500,42753072.0000,3,1.445566,1,2.291659,51.863319,9.425972,-11.377783,1.423626,0
2018-07-19,sh.600730,4.8300,5.3500,4.7700,5.1000,4.9100,12213116,61731637.0000,3,2.081819,1,3.869655,53.870250,9.790725,-11.818064,1.478716,0
2018-07-20,sh.600730,5.0400,5.1700,5.0400,5.1000,5.1000,8025205,40904235.0000,3,1.367958,1,0.000000,53.870250,9.790725,-11.818064,1.478716,0
2018-07-23,sh.600730,5.1000,5.1500,5.0500,5.1200,5.1000,4294100,21921335.0000,3,0.731962,1,0.392157,54.081506,9.829120,-11.864409,1.484515,0
2018-07-24,sh.600730,5.0600,5.1800,5.0600,5.1500,5.1200,4453620,22862535.0000,3,0.759154,1,0.585942,54.398390,9.886712,-11.933927,1.493213,0
2018-07-25,sh.600730,5.1400,5.2800,5.1200,5.1400,5.1500,5173620,26846541.0000,3,0.881883,1,-0.194179,54.292762,9.867515,-11.910754,1.490314,0
2018-07-26,sh.600730,5.1300,5.1900,5.0800,5.1600,5.1400,3351143,17250908.0000,3,0.571228,1,0.389105,54.504018,9.905910,-11.957100,1.496113,0
2018-07-27,sh.600730,5.1200,5.1800,5.0700,5.0800,5.1600,3274344,16750153.0000,3,0.558137,1,-1.550386,53.658994,9.752330,-11.771718,1.472917,0
2018-07-30,sh.600730,5.0800,5.1300,4.9700,4.9700,5.0800,3088662,15497086.0000,3,0.526486,1,-2.165357,52.497087,9.541157,-11.516819,1.441023,0
2018-07-31,sh.600730,4.9800,5.0700,4.9800,5.0600,4.9700,2101906,10590466.0000,3,0.358286,1,1.810868,53.447738,9.713935,-11.725373,1.467118,0
2018-08-01,sh.600730,5.0500,5.1000,4.9500,4.9500,5.0600,2438800,12259891.0000,3,0.415712,1,-2.173916,52.285831,9.502762,-11.470473,1.435224,0
2018-08-02,sh.600730,4.9200,4.9600,4.7100,4.8600,4.9500,3208336,15495700.0000,3,0.546885,1,-1.818175,51.335179,9.329985,-11.261919,1.409129,0
2018-08-03,sh.600730,4.8600,4.9300,4.8000,4.8300,4.8600,1790756,8711951.0000,3,0.305248,1,-0.617288,51.018296,9.272392,-11.192401,1.400431,0
2018-08-06,sh.600730,4.8300,4.8800,4.7400,4.8300,4.8300,1508700,7265787.0000,3,0.257169,1,0.000000,51.018296,9.272392,-11.192401,1.400431,0
2018-08-07,sh.600730,4.8000,4.9800,4.7800,4.9700,4.8300,1976904,9659805.0000,3,0.336978,1,2.898548,52.497087,9.541157,-11.516819,1.441023,0
2018-08-08,sh.600730,4.9600,5.1000,4.9400,5.0300,4.9700,4242222,21359012.0000,3,0.723119,1,1.207252,53.130854,9.656342,-11.655855,1.458420,0
2018-08-09,sh.600730,5.0300,5.1100,4.9900,5.0900,5.0300,4527096,22948284.0000,3,0.771678,1,1.192842,53.764622,9.771527,-11.794891,1.475816,0
2018-08-10,sh.600730,5.0700,5.1100,5.0300,5.0600,5.0900,2427920,12281626.0000,3,0.413858,1,-0.589395,53.447738,9.713935,-11.725373,1.467118,0
2018-08-13,sh.600730,5.0400,5.0500,4.9500,5.0300,5.0600,2208400,11027027.0000,3,0.376439,1,-0.592880,53.130854,9.656342,-11.655855,1.458420,0
2018-08-14,sh.600730,5.0200,5.0400,4.9700,4.9900,5.0300,1847000,9232599.0000,3,0.314835,1,-0.795237,52.708343,9.579552,-11.563164,1.446822,0
2018-08-15,sh.600730,4.9900,5.0200,4.8500,4.8700,4.9900,2283400,11296509.0000,3,0.389223,1,-2.404808,51.440807,9.349182,-11.285092,1.412029,0
2018-08-16,sh.600730,4.8400,4.9500,4.8000,4.8700,4.8700,2090540,10213075.0000,3,0.356349,1,0.000000,51.440807,9.349182,-11.285092,1.412029,0
2018-08-17,sh.600730,4.8800,4.9300,4.7900,4.8000,4.8700,1733200,8398434.0000,3,0.295437,1,-1.437365,50.701412,9.214800,-11.122883,1.391733,0
2018-08-20,sh.600730,4.8000,4.8600,4.7300,4.8100,4.8000,1537622,7373980.0000,3,0.262099,1,0.208328,50.807040,9.233997,-11.146056,1.394632,0
2018-08-21,sh.600730,4.8200,4.8800,4.8100,4.8800,4.8100,1072200,5204222.0000,3,0.182765,1,1.455305,51.546435,9.368380,-11.308265,1.414928,0
2018-08-22,sh.600730,4.8800,4.8900,4.7600,4.8400,4.8800,1295200,6243074.0000,3,0.220777,1,-0.819671,51.123923,9.291590,-11.215574,1.403330,0
2018-08-23,sh.600730,4.8300,4.8600,4.7900,4.8500,4.8400,1140016,5504754.0000,3,0.194324,1,0.206606,51.229551,9.310787,-11.238747,1.406230,0
2018-08-24,sh.600730,4.8500,4.8600,4.7900,4.8300,4.8500,1131168,5453852.0000,3,0.192816,1,-0.412371,51.018296,9.272392,-11.192401,1.400431,0
2018-08-27,sh.600730,4.8300,4.9200,4.8200,4.9000,4.8300,1800346,8792353.0000,3,0.306883,1,1.449279,51.757691,9.406775,-11.354610,1.420727,0
2018-08-28,sh.600730,4.9200,4.9200,4.8100,4.8500,4.9000,2365096,11466202.0000,3,0.403149,1,-1.020412,-97.189824,40.232984,-5.219207,1.440908,0
2018-08-29,sh.600730,4.8500,4.8500,4.7400,4.7500,4.8500,2152200,10270534.0000,3,0.366859,1,-2.061854,-95.185911,39.403438,-5.111595,1.411199,0
2018-08-30,sh.600730,4.7400,4.7700,4.6000,4.6400,4.7500,2023795,9487852.0000,3,0.344971,1,-2.315792,-92.981605,38.490937,-4.993221,1.378519,0
2018-08-31,sh.600730,4.6600,4.7500,4.5800,4.6000,4.6400,1444891,6687286.0000,3,0.246293,1,-0.862068,-92.180040,38.159119,-4.950176,1.366635,0
2018-09-03,sh.600730,4.6000,4.6200,4.5500,4.6000,4.6000,1451200,6649769.0000,3,0.247368,1,0.000000,-92.180040,38.159119,-4.950176,1.366635,0
2018-09-04,sh.600730,4.6100,4.6700,4.6000,4.6600,4.6000,1435491,6661444.0000,3,0.244690,1,1.304347,-93.382388,38.656846,-5.014743,1.384460,0
2018-09-05,sh.600730,4.6600,4.6800,4.5900,4.6000,4.6600,1511302,7012713.0000,3,0.257613,1,-1.287552,-92.180040,38.159119,-4.950176,1.366635,0
2018-09-06,sh.600730,4.6000,4.6400,4.5700,4.6000,4.6000,990300,4567300.0000,3,0.168804,1,0.000000,-92.180040,38.159119,-4.950176,1.366635,0
2018-09-07,sh.600730,4.5900,4.6500,4.5900,4.6000,4.6000,1234600,5698053.0000,3,0.210447,1,0.000000,-92.180040,38.159119,-4.950176,1.366635,0
2018-09-10,sh.600730,4.6000,4.6200,4.5400,4.5500,4.6000,1044483,4773011.0000,3,0.178040,1,-1.086950,-91.178083,37.744346,-4.896370,1.351780,0
2018-09-11,sh.600730,4.5400,4.5700,4.5100,4.5500,4.5500,979110,4442783.0000,3,0.166897,1,0.000000,-91.178083,37.744346,-4.896370,1.351780,0
2018-09-12,sh.600730,4.5700,4.5700,4.5000,4.5200,4.5500,1108000,5015980.0000,3,0.188867,1,-0.659345,-90.576909,37.495482,-4.864086,1.342867,0
2018-09-13,sh.600730,4.5300,4.5800,4.5100,4.5700,4.5200,1216816,5522246.0000,3,0.207416,1,1.106199,-91.578865,37.910255,-4.917892,1.357722,0
2018-09-14,sh.600730,4.5700,4.5700,4.5000,4.5200,4.5700,1350600,6121176.0000,3,0.230220,1,-1.094096,-90.576909,37.495482,-4.864086,1.342867,0
2018-09-17,sh.600730,4.5300,4.5300,4.4200,4.4400,4.5200,1059900,4712068.0000,3,0.180668,1,-1.769910,-88.973777,36.831845,-4.777996,1.319100,0
2018-09-18,sh.600730,4.4400,4.5400,4.4300,4.5300,4.4400,1173500,5268890.0000,3,0.200032,1,2.027030,-90.777300,37.578436,-4.874847,1.345838,0
2018-09-19,sh.600730,4.6200,4.8800,4.6000,4.7700,4.5300,8716878,41499822.0000,3,1.485858,1,5.298008,-95.586693,39.569347,-5.133117,1.417141,0
2018-09-20,sh.600730,4.7100,4.7500,4.6500,4.6800,4.7700,3795028,17777137.0000,3,0.646892,1,-1.886796,-93.783171,38.822755,-5.036266,1.390402,0
2018-09-21,sh.600730,4.6700,4.7200,4.6200,4.7000,4.6800,2998178,14025129.0000,3,0.511062,1,0.427350,-94.183954,38.988665,-5.057788,1.396344,0
2018-09-25,sh.600730,4.6900,4.7000,4.6200,4.6600,4.7000,1917700,8931658.0000,3,0.326887,1,-0.851063,-93.382388,38.656846,-5.014743,1.384460,0
2018-09-26,sh.600730,4.6500,4.6800,4.6000,4.6600,4.6600,1515700,7041858.0000,3,0.258363,1,0.000000,-93.382388,38.656846,-5.014743,1.384460,0
2018-09-27,sh.600730,4.6600,4.6600,4.5700,4.5800,4.6600,1825600,8425569.0000,3,0.311187,1,-1.716737,-91.779257,37.993209,-4.928653,1.360693,0
2018-09-28,sh.600730,4.5600,4.6100,4.5600,4.5700,4.5800,1045300,4795061.0000,3,0.178179,1,-0.218335,-91.578865,37.910255,-4.917892,1.357722,0
2018-10-08,sh.600730,4.5400,4.5600,4.4200,4.4400,4.5700,1989278,8943247.0000,3,0.339088,1,-2.844641,-88.973777,36.831845,-4.777996,1.319100,0
2018-10-09,sh.600730,4.4800,4.4900,4.4400,4.4500,4.4400,760200,3392267.0000,3,0.129582,1,0.225220,-89.174169,36.914800,-4.788757,1.322071,0
2018-10-10,sh.600730,4.4400,4.5000,4.4300,4.4700,4.4500,769400,3430770.0000,3,0.131150,1,0.449438,-89.574952,37.080709,-4.810280,1.328013,0
2018-10-11,sh.600730,4.3900,4.3900,4.0200,4.0200,4.4700,4835065,19970199.0000,3,0.824174,1,-10.067110,-80.557339,33.347751,-4.326023,1.194320,0
2018-10-12,sh.600730,4.0200,4.0200,3.6300,3.9100,4.0200,4659179,17791408.0000,3,0.794193,1,-2.736316,-78.353034,32.435251,-4.207650,1.161640,0
2018-10-15,sh.600730,3.8900,3.9600,3.8200,3.8300,3.9100,1284300,5018724.0000,3,0.218919,1,-2.046040,-76.749903,31.771614,-4.121560,1.137872,0
2018-10-16,sh.600730,3.8300,3.9200,3.7500,3.8000,3.8300,1899941,7258303.0000,3,0.323859,1,-0.783289,-76.148728,31.522750,-4.089276,1.128959,0
2018-10-17,sh.600730,3.8600,3.8800,3.7500,3.8300,3.8000,1542600,5888409.0000,3,0.262948,1,0.789473,-76.749903,31.771614,-4.121560,1.137872,0
2018-10-18,sh.600730,3.8200,3.8200,3.6300,3.6400,3.8300,2441761,9032597.0000,3,0.416217,1,-4.960831,-72.942466,30.195476,-3.917096,1.081424,0
2018-10-19,sh.600730,3.6000,3.8200,3.5500,3.7500,3.6400,2823378,10357416.0000,3,0.481266,1,3.021975,-75.146771,31.107977,-4.035470,1.114104,0
2018-10-22,sh.600730,3.8100,3.9800,3.8100,3.9200,3.7500,3484011,13613274.0000,3,0.593876,1,4.533335,-78.553425,32.518205,-4.218411,1.164611,0
2018-10-23,sh.600730,3.9300,3.9400,3.8300,3.8700,3.9200,2222100,8645919.0000,3,0.378774,1,-1.275515,-77.551468,32.103432,-4.164605,1.149756,0
2018-10-24,sh.600730,3.8600,3.9400,3.8600,3.8900,3.8700,2101040,8191874.0000,3,0.358138,1,0.516802,-77.952251,32.269342,-4.186127,1.155698,0
2018-10-25,sh.600730,3.7500,3.9200,3.7100,3.9200,3.8900,1473368,5660571.0000,3,0.251147,1,0.771208,-78.553425,32.518205,-4.218411,1.164611,0
2018-10-26,sh.600730,3.9400,4.0400,3.9000,3.9400,3.9200,2625840,10435141.0000,3,0.447595,1,0.510204,-78.954208,32.684115,-4.239933,1.170552,0
2018-10-29,sh.600730,3.9400,3.9400,3.8000,3.8600,3.9400,2258738,8727329.0000,3,0.385019,1,-2.030461,-77.351077,32.020478,-4.153843,1.146785,0
2018-10-30,sh.600730,3.8700,3.9200,3.8100,3.9000,3.8600,1465908,5694517.0000,3,0.249875,1,1.036275,-57.013435,26.755125,8.104500,1.150158,0
2018-10-31,sh.600730,3.8900,4.0200,3.8900,4.0000,3.9000,4181600,16650903.0000,3,0.712786,1,2.564100,-58.475318,27.441153,8.312307,1.179649,0
2018-11-01,sh.600730,4.0400,4.0700,3.9800,4.0000,4.0000,3361400,13541419.0000,3,0.572976,1,0.000000,-58.475318,27.441153,8.312307,1.179649,0
2018-11-02,sh.600730,4.0500,4.1100,4.0200,4.0800,4.0000,3701394,15067469.0000,3,0.630931,1,1.999998,-59.644824,27.989977,8.478553,1.203242,0
2018-11-05,sh.600730,4.1200,4.4900,4.0800,4.3200,4.0800,12624869,54470519.0000,3,2.152005,1,5.882360,-63.153343,29.636446,8.977292,1.274021,0
2018-11-06,sh.600730,4.3900,4.7500,4.3900,4.5100,4.3200,17155189,78307314.0000,3,2.924233,1,4.398149,-65.930921,30.939901,9.372126,1.330054,0
2018-11-07,sh.600730,4.4100,4.4600,4.3200,4.3200,4.5100,10680600,46702942.0000,3,1.820590,1,-4.212862,-63.153343,29.636446,8.977292,1.274021,0
2018-11-08,sh.600730,4.3500,4.7500,4.2600,4.7500,4.3200,13310691,60891850.0000,3,2.268909,1,9.953699,-69.439440,32.586370,9.870865,1.400833,0
2018-11-09,sh.600730,5.2300,5.2300,5.0100,5.2300,4.7500,62906651,327731477.0000,3,10.722920,1,10.105260,-76.456478,35.879308,10.868342,1.542391,0
2018-11-12,sh.600730,5.0400,5.1900,4.9300,5.1300,5.2300,49119857,247956522.0000,3,8.372855,1,-1.912044,-74.994595,35.193279,10.660534,1.512900,0
2018-11-13,sh.600730,5.0100,5.3000,4.9600,5.0700,5.1300,42137128,215191565.0000,3,7.182596,1,-1.169590,-74.117465,34.781662,10.535849,1.495205,0
2018-11-14,sh.600730,5.0100,5.3900,4.8800,5.1600,5.0700,41110197,212088734.0000,3,7.007547,1,1.775141,-75.433160,35.399088,10.722876,1.521747,0
2018-11-15,sh.600730,5.1100,5.6800,5.0900,5.6800,5.1600,58974931,325726977.0000,3,10.052728,1,10.077520,-83.034951,38.966438,11.803476,1.675102,0
2018-11-16,sh.600730,5.5300,6.0900,5.4500,5.7800,5.6800,57441721,329925839.0000,3,9.791380,1,1.760570,-84.496834,39.652467,12.011284,1.704593,0
2018-11-19,sh.600730,5.6700,5.8300,5.4500,5.6400,5.7800,31043889,173937963.0000,3,5.291668,1,-2.422151,-82.450198,38.692026,11.720353,1.663305,0
2018-11-20,sh.600730,5.4900,5.5600,5.2100,5.2300,5.6400,21569879,115563982.0000,3,3.676751,1,-7.269501,-76.456478,35.879308,10.868342,1.542391,0
2018-11-21,sh.600730,5.2100,5.3100,5.0900,5.3000,5.2300,13769861,72171604.0000,3,2.347178,1,1.338435,-77.479796,36.359528,11.013807,1.563035,0
2018-11-22,sh.600730,5.3100,5.3500,5.1500,5.2200,5.3000,12406353,65028306.0000,3,2.114758,1,-1.509441,-76.310290,35.810705,10.847561,1.539442,0
2018-11-23,sh.600730,5.1800,5.1800,4.8500,4.9300,5.2200,16849832,84432448.0000,3,2.872183,1,-5.555555,-72.070829,33.821222,10.244919,1.453918,0
2018-11-26,sh.600730,4.9500,5.0100,4.8200,4.9800,4.9300,9359883,46355166.0000,3,1.595464,1,1.014203,-72.801771,34.164236,10.348823,1.468663,0
2018-11-27,sh.600730,5.0400,5.0700,4.9500,5.0000,4.9800,9940268,49822656.0000,3,1.694395,1,0.401606,-73.094147,34.301442,10.390384,1.474561,0
2018-11-28,sh.600730,4.9900,5.0300,4.7100,5.0000,5.0000,11006769,53878879.0000,3,1.876188,1,0.000000,-73.094147,34.301442,10.390384,1.474561,0
2018-11-29,sh.600730,5.0300,5.0500,4.8000,4.8200,5.0000,7806040,38456730.0000,3,1.330599,1,-3.599997,-70.462758,33.066590,10.016330,1.421477,0
2018-11-30,sh.600730,4.8300,4.9100,4.7200,4.9000,4.8200,5549641,26783893.0000,3,0.945979,1,1.659750,-71.632264,33.615413,10.182576,1.445070,0
2018-12-03,sh.600730,5.0500,5.1200,4.9500,5.0300,4.9000,10260211,51852083.0000,3,1.748931,1,2.653064,-73.532712,34.507250,10.452726,1.483409,0
2018-12-04,sh.600730,5.0200,5.1700,5.0000,5.1100,5.0300,8196676,41798592.0000,3,1.397186,1,1.590456,-74.702218,35.056074,10.618972,1.507002,0
2018-12-05,sh.600730,5.0200,5.0200,4.8900,4.9200,5.1100,8934117,44148328.0000,3,1.522889,1,-3.718201,-71.924641,33.752619,10.224138,1.450968,0
2018-12-06,sh.600730,4.9100,5.0900,4.9000,4.9100,4.9200,5632073,28055207.0000,3,0.960030,1,-0.203257,-71.778452,33.684016,10.203357,1.448019,0
2018-12-07,sh.600730,4.8600,4.9300,4.8400,4.8600,4.9100,3827403,18673114.0000,3,0.652410,1,-1.018324,-71.047511,33.341001,10.099453,1.433274,0
2018-12-10,sh.600730,4.8000,4.8500,4.7600,4.8100,4.8600,3535029,16939656.0000,3,0.602573,1,-1.028811,-70.316570,32.997987,9.995549,1.418528,0
2018-12-11,sh.600730,4.8000,4.8400,4.7600,4.8200,4.8100,3812052,18301099.0000,3,0.649793,1,0.207905,-70.462758,33.066590,10.016330,1.421477,0
2018-12-12,sh.600730,4.8100,4.8700,4.7800,4.8400,4.8200,3740220,18070769.0000,3,0.637549,1,0.414937,-70.755134,33.203796,10.057892,1.427375,0
2018-12-13,sh.600730,4.8400,4.8800,4.7600,4.8700,4.8400,3564269,17213900.0000,3,0.607557,1,0.619829,-71.193699,33.409604,10.120234,1.436223,0
2018-12-14,sh.600730,4.8500,4.8700,4.6300,4.6400,4.8700,4786285,22869313.0000,3,0.815859,1,-4.722793,-67.831369,31.831738,9.642276,1.368393,0
2018-12-17,sh.600730,4.6400,4.8300,4.5900,4.8200,4.6400,5616424,26628157.0000,3,0.957362,1,3.879317,-70.462758,33.066590,10.016330,1.421477,0
2018-12-18,sh.600730,4.7800,4.8600,4.6800,4.7700,4.8200,4730626,22533497.0000,3,0.806371,1,-1.037348,-69.731816,32.723575,9.912426,1.406732,0
2018-12-19,sh.600730,4.8200,4.8200,4.7600,4.8200,4.7700,3456587,16589014.0000,3,0.589202,1,1.048222,-70.462758,33.066590,10.016330,1.421477,0
2018-12-20,sh.600730,4.8200,4.9400,4.7600,4.9200,4.8200,7208700,35135192.0000,3,1.228778,1,2.074687,-71.924641,33.752619,10.224138,1.450968,0
2018-12-21,sh.600730,4.8900,4.9600,4.7800,4.8600,4.9200,5929100,28957382.0000,3,1.010660,1,-1.219511,-71.047511,33.341001,10.099453,1.433274,0
2018-12-24,sh.600730,4.8500,4.9000,4.7800,4.8800,4.8600,3597240,17410610.0000,3,0.613177,1,0.411522,-71.339888,33.478207,10.141015,1.439172,0
2018-12-25,sh.600730,4.8300,4.8600,4.6700,4.8000,4.8800,4993300,23755378.0000,3,0.851146,1,-1.639343,-70.170381,32.929384,9.974769,1.415579,0
2018-12-26,sh.600730,4.8000,5.1000,4.7000,4.9600,4.8000,10971661,53701166.0000,3,1.870203,1,3.333330,-72.509394,34.027030,10.307261,1.462765,0
2018-12-27,sh.600730,4.9600,5.0700,4.8800,4.8800,4.9600,10140262,50571339.0000,3,1.728485,1,-1.612902,-71.339888,33.478207,10.141015,1.439172,0
2018-12-28,sh.600730,4.8200,4.9500,4.7600,4.8800,4.8800,5981555,28928273.0000,3,1.019602,1,0.000000,-71.339888,33.478207,10.141015,1.439172,0
2019-01-02,sh.600730,4.8500,4.9900,4.7900,4.9500,4.8800,6706199,32950457.0000,3,1.143123,1,1.434420,-72.363206,33.958427,10.286480,1.459816,0
2019-01-03,sh.600730,4.9100,5.0100,4.7500,4.8200,4.9500,9531544,46431394.0000,3,1.624725,1,-2.626255,-70.462758,33.066590,10.016330,1.421477,0
2019-01-04,sh.600730,4.7500,4.9300,4.6600,4.8800,4.8200,5897460,28378179.0000,3,1.005267,1,1.244812,-71.339888,33.478207,10.141015,1.439172,0
2019-01-07,sh.600730,4.9200,5.0900,4.8800,5.0900,4.8800,11838997,59457598.0000,3,2.018048,1,4.303279,-74.409842,34.918868,10.577411,1.501103,0
2019-01-08,sh.600730,5.1000,5.1100,4.9800,5.0200,5.0900,6748014,33873268.0000,3,1.150251,1,-1.375249,-73.386524,34.438648,10.431946,1.480460,0
2019-01-09,sh.600730,5.0200,5.0900,4.9900,5.0300,5.0200,7207759,36299639.0000,3,1.228618,1,0.199208,-73.532712,34.507250,10.452726,1.483409,0
2019-01-10,sh.600730,5.0400,5.0800,4.9800,5.0500,5.0300,5385855,27148016.0000,3,0.918060,1,0.397614,-73.825089,34.644456,10.494288,1.489307,0
2019-01-11,sh.600730,5.0500,5.0500,4.9700,5.0200,5.0500,5216532,26082048.0000,3,0.889198,1,-0.594063,-73.386524,34.438648,10.431946,1.480460,0
2019-01-14,sh.600730,5.0300,5.0300,4.9300,4.9600,5.0200,3674859,18298918.0000,3,0.626408,1,-1.195218,-72.509394,34.027030,10.307261,1.462765,0
2019-01-15,sh.600730,4.9500,4.9900,4.9000,4.9900,4.9600,3453654,17108604.0000,3,0.588702,1,0.604833,-72.947959,34.232839,10.369603,1.471612,0
2019-01-16,sh.600730,4.9700,5.0400,4.9400,4.9500,4.9900,3925818,19589595.0000,3,0.669186,1,-0.801602,-72.363206,33.958427,10.286480,1.459816,0
2019-01-17,sh.600730,4.9700,5.0800,4.9500,5.0300,4.9500,7176887,36098777.0000,3,1.223355,1,1.616170,-73.532712,34.507250,10.452726,1.483409,0
2019-01-18,sh.600730,5.0400,5.0700,4.9500,4.9700,5.0300,5060500,25246978.0000,3,0.862601,1,-1.192851,-72.655582,34.095633,10.328042,1.465714,0
2019-01-21,sh.600730,4.9600,4.9900,4.9100,4.9300,4.9700,3754800,18554938.0000,3,0.640034,1,-0.804828,-72.070829,33.821222,10.244919,1.453918,0
2019-01-22,sh.600730,4.9200,4.9600,4.8100,4.8400,4.9300,3378486,16488378.0000,3,0.575889,1,-1.825551,-70.755134,33.203796,10.057892,1.427375,0
2019-01-23,sh.600730,4.8400,4.8400,4.7700,4.7900,4.8400,2113019,10129330.0000,3,0.360180,1,-1.033062,-70.024193,32.860781,9.953988,1.412630,0
2019-01-24,sh.600730,4.8300,4.8500,4.7700,4.7900,4.7900,3449400,16556003.0000,3,0.587977,1,0.000000,-70.024193,32.860781,9.953988,1.412630,0
2019-01-25,sh.600730,4.7900,4.8100,4.7300,4.7300,4.7900,2104200,10058572.0000,3,0.358677,1,-1.252608,-69.147063,32.449164,9.829303,1.394935,0
2019-01-28,sh.600730,4.7800,4.8100,4.6500,4.6500,4.7300,2991200,14142114.0000,3,0.509873,1,-1.691330,-67.977557,31.900341,9.663057,1.371342,0
2019-01-29,sh.600730,4.6500,4.6600,4.3800,4.5300,4.6500,4944803,22242542.0000,3,0.842879,1,-2.580643,-66.223297,31.077106,9.413688,1.335953,0
2019-01-30,sh.600730,4.5300,4.5500,4.4000,4.4400,4.5300,1888864,8461700.0000,3,0.321971,1,-1.986758,-64.907603,30.459680,9.226661,1.309410,0
2019-01-31,sh.600730,4.4600,4.4900,4.2000,4.2300,4.4400,3976920,17177939.0000,3,0.677896,1,-4.729731,-61.837648,29.019020,8.790265,1.247479,0
2019-02-01,sh.600730,4.2400,4.4000,4.2300,4.3900,4.2300,2298586,9979065.0000,3,0.391812,1,3.782502,-64.176661,30.116666,9.122757,1.294665,0
2019-02-11,sh.600730,4.4600,4.5300,4.4100,4.5300,4.3900,1966220,8822624.0000,3,0.335157,1,3.189074,-66.223297,31.077106,9.413688,1.335953,0
2019-02-12,sh.600730,4.5300,4.6400,4.5100,4.6300,4.5300,3085025,14213794.0000,3,0.525866,1,2.207503,-67.685180,31.763135,9.621496,1.365444,0
2019-02-13,sh.600730,4.6400,4.7600,4.6300,4.7400,4.6300,4149425,19521069.0000,3,0.707301,1,2.375803,-69.293251,32.517767,9.850084,1.397884,0
2019-02-14,sh.600730,4.9700,4.9900,4.8400,4.8600,4.7400,8399785,41181926.0000,3,1.431808,1,2.531653,-71.047511,33.341001,10.099453,1.433274,0
2019-02-15,sh.600730,4.8000,4.8800,4.7600,4.8700,4.8600,4907788,23748917.0000,3,0.836570,1,0.205756,-71.193699,33.409604,10.120234,1.436223,0
2019-02-18,sh.600730,4.8600,4.9600,4.8600,4.9500,4.8700,6453271,31787063.0000,3,1.100009,1,1.642709,-72.363206,33.958427,10.286480,1.459816,0
2019-02-19,sh.600730,4.9500,5.0900,4.9000,4.9900,4.9500,9423552,46957838.0000,3,1.606316,1,0.808080,-72.947959,34.232839,10.369603,1.471612,0
2019-02-20,sh.600730,5.0600,5.0600,4.9500,5.0000,4.9900,4397074,21942452.0000,3,0.749515,1,0.200405,-73.094147,34.301442,10.390384,1.474561,0
2019-02-21,sh.600730,5.0200,5.0900,4.9500,4.9500,5.0000,7659590,38383511.0000,3,1.305636,1,-1.000004,-72.363206,33.958427,10.286480,1.459816,0
2019-02-22,sh.600730,4.9400,5.2000,4.9100,5.1800,4.9500,15803524,80821066.0000,3,2.693831,1,4.646465,-75.725536,35.536294,10.764438,1.527646,0
2019-02-25,sh.600730,5.3800,5.7000,5.3800,5.5300,5.1800,19656003,108354723.0000,3,3.350516,1,6.756764,-80.842127,37.937395,11.491765,1.630865,0
2019-02-26,sh.600730,5.4400,5.5600,5.3600,5.3900,5.5300,17382400,94857890.0000,3,2.962963,1,-2.531651,-78.795491,36.976954,11.200834,1.589577,0
2019-02-27,sh.600730,5.3800,5.6400,5.3600,5.5500,5.3900,16799412,92876622.0000,3,2.863588,1,2.968466,-81.134503,38.074600,11.533326,1.636763,0
2019-02-28,sh.600730,5.5500,5.6800,5.4000,5.4700,5.5500,12413349,68660559.0000,3,2.115950,1,-1.441449,-79.964997,37.525777,11.367080,1.613170,0
2019-03-01,sh.600730,5.5000,5.5200,5.3900,5.4800,5.4700,6816002,37205984.0000,3,1.161840,1,0.182819,-80.111185,37.594380,11.387861,1.616119,0
2019-03-04,sh.600730,5.4800,5.7800,5.4800,5.5300,5.4800,23096446,129845006.0000,3,3.936966,1,0.912412,-80.842127,37.937395,11.491765,1.630865,0
2019-03-05,sh.600730,5.5400,6.0800,5.5200,6.0800,5.5300,31397162,184654854.0000,3,5.351886,1,9.945745,-88.882483,41.710553,12.634707,1.793067,0
2019-03-06,sh.600730,6.1200,6.2800,5.8900,6.0800,6.0800,26763798,162272601.0000,3,4.562094,1,0.000000,-88.882483,41.710553,12.634707,1.793067,0
2019-03-07,sh.600730,6.0500,6.1900,5.9600,6.0200,6.0800,21113076,127668092.0000,3,3.598885,1,-0.986841,-88.005353,41.298936,12.510022,1.775372,0
2019-03-08,sh.600730,6.0200,6.4900,5.9300,6.0300,6.0200,31183415,194018139.0000,3,5.315451,1,0.166117,-88.151541,41.367539,12.530803,1.778321,0
2019-03-11,sh.600730,6.1500,6.3700,6.1200,6.3300,6.0300,24358929,152332440.0000,3,4.152166,1,4.975120,-92.537190,43.425625,13.154226,1.866795,0
2019-03-12,sh.600730,6.3700,6.5500,6.1700,6.3700,6.3300,30413105,193378362.0000,3,5.184146,1,0.631911,-93.121943,43.700037,13.237349,1.878591,0
2019-03-13,sh.600730,6.3400,6.8500,6.3000,6.4400,6.3700,37940391,249060096.0000,3,6.467230,1,1.098904,-94.145261,44.180257,13.382815,1.899235,0
2019-03-14,sh.600730,6.3300,6.5300,5.8500,6.5300,6.4400,34349201,213469654.0000,3,5.855084,1,1.397518,-95.460956,44.797683,13.569842,1.925777,0
2019-03-15,sh.600730,6.5100,7.1800,6.5100,7.1800,6.5300,33842249,237683533.0000,3,5.768670,1,9.954052,-104.963195,49.256870,14.920591,2.117470,0
2019-03-18,sh.600730,7.4000,7.4000,6.7900,7.0000,7.1800,51255932,360734099.0000,3,8.736965,1,-2.506962,-102.331806,48.022019,14.546538,2.064386,0
2019-03-19,sh.600730,6.8200,7.6700,6.7200,7.2800,7.0000,49876881,359752821.0000,3,8.501896,1,4.000003,-106.425078,49.942899,15.128399,2.146961,0
2019-03-20,sh.600730,7.2700,7.7700,7.1000,7.6100,7.2800,53711259,404066452.0000,3,9.155495,1,4.532966,-111.249292,52.206794,15.814165,2.244282,0
2019-03-21,sh.600730,7.4800,8.3700,7.4100,7.8800,7.6100,86971669,711469711.0000,3,14.824986,1,3.547963,-115.196376,54.059072,16.375245,2.323909,0
2019-03-22,sh.600730,7.7000,7.8500,7.3600,7.6000,7.8800,65902556,499187841.0000,3,11.233594,1,-3.553302,-111.103104,52.138192,15.793384,2.241333,0
2019-03-25,sh.600730,7.3900,7.3900,7.0000,7.0100,7.6000,41660435,297497213.0000,3,7.101340,1,-7.763154,-102.477994,48.090621,14.567318,2.067335,0
2019-03-26,sh.600730,7.0500,7.1000,6.6400,6.8100,7.0100,28137897,193125456.0000,3,4.796320,1,-2.853071,-99.554228,46.718564,14.151703,2.008353,0
2019-03-27,sh.600730,6.8700,6.9100,6.6000,6.7800,6.8100,16644314,112206908.0000,3,2.837151,1,-0.440525,-99.115664,46.512755,14.089361,1.999505,0
2019-03-28,sh.600730,6.7100,6.8000,6.3900,6.4000,6.7800,23186865,152825257.0000,3,3.952378,1,-5.604721,-93.560508,43.905846,13.299692,1.887439,0
2019-03-29,sh.600730,6.4200,6.6100,6.2200,6.6000,6.4000,22721655,146145878.0000,3,3.873080,1,3.124997,-96.484274,45.277903,13.715307,1.946421,0
2019-04-01,sh.600730,6.7100,6.9100,6.6300,6.8200,6.6000,23753333,161883053.0000,3,4.048937,1,3.333338,-99.700417,46.787167,14.172484,2.011302,0
2019-04-02,sh.600730,6.8300,7.1800,6.7600,7.0500,6.8200,28817836,202136287.0000,3,4.912220,1,3.372434,-103.062747,48.365033,14.650442,2.079132,0
2019-04-03,sh.600730,6.9700,7.0800,6.8400,7.0400,7.0500,16333081,113444980.0000,3,2.784099,1,-0.141847,-102.916559,48.296430,14.629661,2.076182,0
2019-04-04,sh.600730,7.0600,7.1200,6.9300,7.1000,7.0400,18970392,133757208.0000,3,3.233648,1,0.852272,-103.793689,48.708047,14.754345,2.093877,0
2019-04-08,sh.600730,7.0900,7.1200,6.7400,6.9100,7.1000,16929553,117668418.0000,3,2.885772,1,-2.676057,-101.016111,47.404593,14.359511,2.037844,0
2019-04-09,sh.600730,6.8600,7.0600,6.8400,6.9600,6.9100,11897326,82858579.0000,3,2.027990,1,0.723592,-101.747053,47.747607,14.463415,2.052589,0
2019-04-10,sh.600730,6.9600,6.9600,6.7100,6.8300,6.9600,12326271,83945551.0000,3,2.101107,1,-1.867818,-99.846605,46.855769,14.193265,2.014251,0
2019-04-11,sh.600730,6.8200,6.8300,6.6200,6.6700,6.8300,11185690,75125359.0000,3,1.906686,1,-2.342604,-97.507592,45.758123,13.860772,1.967065,0
2019-04-12,sh.600730,6.6700,6.7800,6.6300,6.6800,6.6700,7141873,47775181.0000,3,1.217387,1,0.149921,-97.653781,45.826726,13.881553,1.970014,0
2019-04-15,sh.600730,6.7400,6.8600,6.5800,6.5900,6.6800,9233383,62394906.0000,3,1.573901,1,-1.347301,-96.338086,45.209300,13.694526,1.943472,0
2019-04-16,sh.600730,6.5200,6.8500,6.3000,6.8300,6.5900,15903049,104816982.0000,3,2.710796,1,3.641878,-99.846605,46.855769,14.193265,2.014251,0
2019-04-17,sh.600730,6.8000,6.8800,6.7600,6.8200,6.8300,9921643,67761212.0000,3,1.691220,1,-0.146409,-99.700417,46.787167,14.172484,2.011302,0
2019-04-18,sh.600730,6.8000,6.8300,6.7200,6.7700,6.8200,8985570,60925472.0000,3,1.531659,1,-0.733141,-98.969475,46.444152,14.068580,1.996556,0
2019-04-19,sh.600730,6.7700,6.8100,6.6200,6.7800,6.7700,8022979,53967697.0000,3,1.367578,1,0.147714,-99.115664,46.512755,14.089361,1.999505,0
2019-04-22,sh.600730,6.8200,6.8400,6.5100,6.5500,6.7800,11507142,76677185.0000,3,1.961480,1,-3.392331,-95.753333,44.934889,13.611403,1.931675,0
2019-04-23,sh.600730,6.6100,6.7600,6.4900,6.5900,6.5500,12213972,81370224.0000,3,2.081965,1,0.610686,-96.338086,45.209300,13.694526,1.943472,0
2019-04-24,sh.600730,6.6400,6.6400,6.3600,6.5000,6.5900,9220494,59497273.0000,3,1.571704,1,-1.365708,-95.022391,44.591874,13.507499,1.916930,0
2019-04-25,sh.600730,6.5700,6.5800,6.1500,6.1500,6.5000,8946272,56936281.0000,3,1.524960,1,-5.384614,481.294058,32.771884,-19.103861,1.802257,0
2019-04-26,sh.600730,6.1000,6.6200,6.0800,6.3800,6.1500,13952172,88537929.0000,3,2.378254,1,3.739838,499.293673,33.997499,-19.818315,1.869659,0
2019-04-29,sh.600730,6.3900,6.4100,5.9700,6.0400,6.3800,11819669,72851443.0000,3,2.014753,1,-5.329156,472.685546,32.185720,-18.762166,1.770022,0
2019-04-30,sh.600730,6.0400,6.2300,6.0000,6.2100,6.0400,7377397,45122647.0000,3,1.257534,1,2.814571,485.989610,33.091609,-19.290240,1.819840,0
2019-05-06,sh.600730,6.1200,6.1600,5.5900,5.5900,6.2100,14137100,81957799.0000,3,2.409777,1,-9.983895,437.468908,29.787777,-17.364323,1.638149,0
2019-05-07,sh.600730,5.6200,5.7100,5.3500,5.6100,5.5900,9696071,53706076.0000,3,1.652769,1,0.357781,439.034092,29.894352,-17.426449,1.644010,0
2019-05-08,sh.600730,5.4500,5.7000,5.3800,5.5700,5.6100,7043118,39302289.0000,3,1.200553,1,-0.713012,435.903724,29.681202,-17.302196,1.632288,0
2019-05-09,sh.600730,5.4700,5.6300,5.4700,5.5100,5.5700,4309301,23951972.0000,3,0.734553,1,-1.077198,431.208172,29.361476,-17.115817,1.614705,0
2019-05-10,sh.600730,5.5300,5.7700,5.4500,5.7600,5.5100,11730651,66358913.0000,3,1.999579,1,4.537205,450.772971,30.693667,-17.892397,1.687968,0
2019-05-13,sh.600730,5.6600,5.8400,5.6600,5.8200,5.7600,6796742,39358081.0000,3,1.158557,1,1.041666,455.468523,31.013392,-18.078776,1.705551,0
2019-05-14,sh.600730,5.7500,5.9800,5.6900,5.8400,5.8200,8533408,50197251.0000,3,1.454585,1,0.343642,457.033707,31.119968,-18.140902,1.711412,0
2019-05-15,sh.600730,5.9000,5.9600,5.8500,5.9100,5.8400,6905800,40745469.0000,3,1.177146,1,1.198625,462.511851,31.492981,-18.358345,1.731925,0
2019-05-16,sh.600730,5.9200,6.0900,5.8700,6.0800,5.9100,8824715,52965189.0000,3,1.504240,1,2.876482,475.815914,32.398870,-18.886419,1.781744,0
2019-05-17,sh.600730,6.1300,6.1300,5.5900,5.6700,6.0800,10426811,60975669.0000,3,1.777330,1,-6.743418,443.729644,30.214078,-17.612828,1.661593,0
2019-05-20,sh.600730,5.7400,5.9900,5.5000,5.9100,5.6700,10136639,58889765.0000,3,1.727868,1,4.232800,462.511851,31.492981,-18.358345,1.731925,0
2019-05-21,sh.600730,5.8500,6.3000,5.8500,6.1900,5.9100,16068391,99156900.0000,3,2.738980,1,4.737736,484.424426,32.985034,-19.228114,1.813979,0
2019-05-22,sh.600730,6.1700,6.2300,6.0000,6.1100,6.1900,12005871,73413036.0000,3,2.046492,1,-1.292406,478.163690,32.558733,-18.979609,1.790535,0
2019-05-23,sh.600730,6.0600,6.1500,5.9200,6.0900,6.1100,9682149,58276276.0000,3,1.650396,1,-0.327332,476.598506,32.452158,-18.917482,1.784674,0
2019-05-24,sh.600730,6.0300,6.1700,5.9300,5.9300,6.0900,7224834,43601402.0000,3,1.231528,1,-2.627263,464.077035,31.599556,-18.420471,1.737786,0
2019-05-27,sh.600730,5.9600,6.1400,5.8800,6.1300,5.9300,7261022,43804457.0000,3,1.237697,1,3.372686,479.728874,32.665309,-19.041735,1.796396,0
2019-05-28,sh.600730,6.1700,6.3300,6.1300,6.1700,6.1300,11714343,73076951.0000,3,1.996799,1,0.652528,482.859242,32.878459,-19.165988,1.808118,0
2019-05-29,sh.600730,6.2700,6.5700,6.2100,6.4300,6.1700,21949531,140826684.0000,3,3.741465,1,4.213934,503.206633,34.263937,-19.973631,1.884311,0
2019-05-30,sh.600730,6.2900,6.5400,6.2400,6.4700,6.4300,13200097,84383624.0000,3,2.250057,1,0.622083,506.337001,34.477087,-20.097883,1.896033,0
2019-05-31,sh.600730,6.4600,6.5300,6.3100,6.3400,6.4700,9289164,59341257.0000,3,1.583409,1,-2.009268,496.163305,33.784348,-19.694062,1.857937,0
2019-06-03,sh.600730,6.3500,6.3900,6.0600,6.1400,6.3400,11292095,69648058.0000,3,1.924824,1,-3.154578,480.511466,32.718596,-19.072798,1.799327,0
2019-06-04,sh.600730,6.1400,6.2900,6.0100,6.2200,6.1400,10867752,66817078.0000,3,1.852491,1,1.302930,486.772202,33.144897,-19.321304,1.822771,0
2019-06-05,sh.600730,6.2800,6.2900,6.0800,6.0800,6.2200,8365180,51635372.0000,3,1.425909,1,-2.250802,475.815914,32.398870,-18.886419,1.781744,0
2019-06-06,sh.600730,6.1000,6.1000,5.7000,5.7100,6.0800,10313548,60388323.0000,3,1.758023,1,-6.085525,446.860012,30.427229,-17.737081,1.673315,0
2019-06-10,sh.600730,5.7500,5.9200,5.7400,5.8800,5.7100,5902831,34546488.0000,3,1.006183,1,2.977234,460.164075,31.333118,-18.265155,1.723134,0
2019-06-11,sh.600730,5.8800,6.1300,5.8600,6.0900,5.8800,8896141,53668369.0000,3,1.516415,1,3.571429,476.598506,32.452158,-18.917482,1.784674,0
2019-06-12,sh.600730,6.1000,6.1200,6.0000,6.0400,6.0900,6386938,38723746.0000,3,1.088702,1,-0.821021,472.685546,32.185720,-18.762166,1.770022,0
2019-06-13,sh.600730,6.0600,6.1000,5.9700,6.0400,6.0400,4640653,28027450.0000,3,0.791035,1,0.000000,472.685546,32.185720,-18.762166,1.770022,0
2019-06-14,sh.600730,6.0400,6.0800,5.7500,5.7800,6.0400,8167390,48192811.0000,3,1.392194,1,-4.304632,452.338155,30.800242,-17.954523,1.693829,0
2019-06-17,sh.600730,5.8100,5.9200,5.7800,5.8700,5.7800,4102639,24057977.0000,3,0.699326,1,1.557088,459.381483,31.279830,-18.234092,1.720203,0
2019-06-18,sh.600730,5.8800,5.9300,5.7300,5.8600,5.8700,4352952,25273887.0000,3,0.741994,1,-0.170353,458.598891,31.226543,-18.203029,1.717273,0
2019-06-19,sh.600730,5.9900,6.0400,5.8800,5.9500,5.8600,6380600,38064420.0000,3,1.087622,1,1.535831,465.642219,31.706131,-18.482598,1.743647,0
2019-06-20,sh.600730,5.9500,6.0600,5.8600,6.0100,5.9500,5977354,35741340.0000,3,1.018886,1,1.008410,470.337770,32.025857,-18.668977,1.761230,0
2019-06-21,sh.600730,6.0400,6.1300,6.0400,6.0900,6.0100,7562300,46096782.0000,3,1.289052,1,1.331113,476.598506,32.452158,-18.917482,1.784674,0
2019-06-24,sh.600730,6.1100,6.1500,6.0000,6.1100,6.0900,5091261,30956779.0000,3,0.867844,1,0.328407,478.163690,32.558733,-18.979609,1.790535,0
2019-06-25,sh.600730,6.1100,6.1100,5.9200,5.9900,6.1100,4155976,24892685.0000,3,0.708418,1,-1.963999,468.772587,31.919282,-18.606850,1.755369,0
2019-06-26,sh.600730,5.9800,6.0400,5.9600,6.0000,5.9900,2859600,17168349.0000,3,0.487441,1,0.166949,469.555179,31.972569,-18.637914,1.758300,0
2019-06-27,sh.600730,5.9300,6.0400,5.9300,5.9900,6.0000,3371507,20188149.0000,3,0.574699,1,-0.166670,468.772587,31.919282,-18.606850,1.755369,0
2019-06-28,sh.600730,5.9800,5.9800,5.7900,5.8400,5.9900,4970048,29059986.0000,3,0.847183,1,-2.504167,457.033707,31.119968,-18.140902,1.711412,0
2019-07-01,sh.600730,5.9400,6.0800,5.9200,6.0600,5.8400,7373824,44442946.0000,3,1.256925,1,3.767120,474.250730,32.292295,-18.824293,1.775883,0
2019-07-02,sh.600730,6.1000,6.1200,6.0400,6.0700,6.0600,5159445,31370875.0000,3,0.879467,1,0.165020,475.033322,32.345583,-18.855356,1.778813,0
2019-07-03,sh.600730,6.0900,6.0900,5.9400,5.9900,6.0700,4554258,27297003.0000,3,0.776308,1,-1.317964,468.772587,31.919282,-18.606850,1.755369,0
2019-07-04,sh.600730,6.0000,6.0300,5.9000,5.9500,5.9900,4045334,24075246.0000,3,0.689558,1,-0.667779,465.642219,31.706131,-18.482598,1.743647,0
2019-07-05,sh.600730,5.9600,5.9700,5.8600,5.9300,5.9500,3512393,20786310.0000,3,0.598714,1,-0.336134,464.077035,31.599556,-18.420471,1.737786,0
2019-07-08,sh.600730,5.9100,5.9100,5.5900,5.6100,5.9300,8009938,45583167.0000,3,1.365355,1,-5.396285,439.034092,29.894352,-17.426449,1.644010,0
2019-07-09,sh.600730,5.5900,5.6700,5.5000,5.6000,5.6100,4947972,27616863.0000,3,0.843420,1,-0.178257,438.251500,29.841065,-17.395386,1.641080,0
2019-07-10,sh.600730,5.5400,5.6000,5.4000,5.4200,5.5600,4429540,24310561.0000,3,0.755049,1,-2.517983,424.164845,28.881888,-16.836249,1.588331,0
2019-07-11,sh.600730,5.4900,5.5400,5.4000,5.4200,5.4200,3400276,18634052.0000,3,0.579603,1,0.000000,424.164845,28.881888,-16.836249,1.588331,0
2019-07-12,sh.600730,5.3800,5.5500,5.3800,5.4600,5.4200,3552892,19437007.0000,3,0.605618,1,0.738007,427.295212,29.095038,-16.960501,1.600053,0
2019-07-15,sh.600730,5.4800,5.5900,5.4100,5.5600,5.4600,3569138,19693960.0000,3,0.608387,1,1.831500,435.121132,29.627914,-17.271133,1.629358,0
2019-07-16,sh.600730,5.5500,5.6300,5.5500,5.6100,5.5600,2974700,16660171.0000,3,0.507060,1,0.899284,439.034092,29.894352,-17.426449,1.644010,0
2019-07-17,sh.600730,5.6000,5.6600,5.5700,5.6100,5.6100,3186817,17879960.0000,3,0.543217,1,0.000000,439.034092,29.894352,-17.426449,1.644010,0
2019-07-18,sh.600730,5.5900,5.5900,5.4700,5.4800,5.6100,3299142,18189533.0000,3,0.562364,1,-2.317293,428.860396,29.201613,-17.022628,1.605914,0
2019-07-19,sh.600730,5.4800,5.5700,5.4800,5.5300,5.4800,2653634,14694695.0000,3,0.452332,1,0.912412,432.773356,29.468052,-17.177944,1.620566,0
2019-07-22,sh.600730,5.5300,5.5700,5.0500,5.1500,5.5300,12176158,63676463.0000,3,2.075519,1,-6.871611,403.034862,27.443122,-15.997542,1.509207,0
2019-07-23,sh.600730,5.1800,5.2300,5.1300,5.2300,5.1500,5108479,26479592.0000,3,0.870779,1,1.553396,409.295597,27.869423,-16.246048,1.532651,0
2019-07-24,sh.600730,5.2500,5.3600,5.2400,5.3300,5.2300,5406655,28821103.0000,3,0.921606,1,1.912044,417.121517,28.402299,-16.556680,1.561956,0
2019-07-25,sh.600730,5.3500,5.4000,5.3000,5.3200,5.3300,3836000,20489008.0000,3,0.653876,1,-0.187613,416.338925,28.349012,-16.525617,1.559026,0
2019-07-26,sh.600730,5.3000,5.3600,5.2700,5.3300,5.3200,2930163,15569045.0000,3,0.499500,1,0.188000,417.121517,28.402299,-16.556680,1.561956,0
2019-07-29,sh.600730,5.3500,5.3500,5.2300,5.2600,5.3300,2769349,14590834.0000,3,0.472057,1,-1.313315,411.643373,28.029286,-16.339238,1.541443,0
2019-07-30,sh.600730,5.3000,5.3500,5.2700,5.2800,5.2600,2679766,14223220.0000,3,0.456800,1,0.380200,413.208557,28.135861,-16.401364,1.547304,0
2019-07-31,sh.600730,5.2900,5.2900,5.1600,5.2100,5.2800,3398182,17670319.0000,3,0.579200,1,-1.325800,407.730413,27.762848,-16.183922,1.526790,0
2019-08-01,sh.600730,5.1600,5.2700,5.1200,5.1500,5.2100,3928858,20322173.0000,3,0.669700,1,-1.151600,403.034862,27.443122,-15.997542,1.509207,0
2019-08-02,sh.600730,5.1000,5.1000,5.0100,5.0600,5.1500,4489108,22690804.0000,3,0.765200,1,-1.747600,395.991534,26.963534,-15.717974,1.482833,0
2019-08-05,sh.600730,5.0500,5.1400,5.0200,5.0500,5.0600,3496742,17693615.0000,3,0.596000,1,-0.197600,395.208942,26.910246,-15.686911,1.479902,0
2019-08-06,sh.600730,4.9600,4.9600,4.7500,4.8800,5.0500,5730081,27668890.0000,3,0.976700,1,-3.366300,381.904879,26.004357,-15.158836,1.430084,0
2019-08-07,sh.600730,4.8900,4.9300,4.8000,4.8400,4.8800,2631400,12769808.0000,3,0.448500,1,-0.819700,378.774511,25.791206,-15.034584,1.418362,0
2019-08-08,sh.600730,4.8300,4.9300,4.8200,4.8700,4.8400,2890062,14123438.0000,3,0.492600,1,0.619800,381.122287,25.951069,-15.127773,1.427153,0
2019-08-09,sh.600730,4.9000,4.9600,4.7700,4.8000,4.8700,3500302,17051340.0000,3,0.596700,1,-1.437400,375.644143,25.578056,-14.910331,1.406640,0
2019-08-12,sh.600730,4.8100,5.0100,4.7400,4.9800,4.8000,3939400,19303691.0000,3,0.671500,1,3.750000,389.730798,26.537233,-15.469468,1.459389,0
2019-08-13,sh.600730,4.9400,4.9600,4.8700,4.9100,4.9800,2310421,11332237.0000,3,0.393800,1,-1.405600,384.252654,26.164219,-15.252026,1.438875,0
2019-08-14,sh.600730,4.9900,5.0200,4.9300,4.9600,4.9100,2613611,13011705.0000,3,0.445500,1,1.018300,388.165614,26.430657,-15.407342,1.453528,0
2019-08-15,sh.600730,4.8300,5.0000,4.7900,4.9800,4.9600,2702200,13258699.0000,3,0.460600,1,0.403200,389.730798,26.537233,-15.469468,1.459389,0
2019-08-16,sh.600730,4.9900,5.0200,4.9200,4.9700,4.9800,2613620,13038027.0000,3,0.445500,1,-0.200800,388.948206,26.483945,-15.438405,1.456458,0
2019-08-19,sh.600730,5.0100,5.2000,4.9900,5.1900,4.9700,5485848,28097135.0000,3,0.935100,1,4.426600,406.165229,27.656273,-16.121795,1.520929,0
2019-08-20,sh.600730,5.1900,5.2300,5.0900,5.1100,5.1900,6159523,31682006.0000,3,1.049900,1,-1.541400,399.904494,27.229972,-15.873290,1.497485,0
2019-08-21,sh.600730,5.1100,5.5500,5.0800,5.2900,5.1100,12223154,64826623.0000,3,2.083500,1,3.522500,413.991149,28.189149,-16.432427,1.550234,0
2019-08-22,sh.600730,5.2300,5.2900,5.1700,5.2500,5.2900,6684543,34891415.0000,3,1.139400,1,-0.756100,410.860781,27.975998,-16.308174,1.538512,0
2019-08-23,sh.600730,5.2300,5.3000,5.1700,5.2000,5.2500,3860556,20150553.0000,3,0.658100,1,-0.952400,406.947821,27.709560,-16.152858,1.523860,0
2019-08-26,sh.600730,5.0500,5.3500,5.0200,5.3300,5.2000,7614568,39980333.0000,3,1.298000,1,2.500000,417.121517,28.402299,-16.556680,1.561956,0
2019-08-27,sh.600730,5.3400,5.4500,5.2200,5.4100,5.3300,11587112,62077027.0000,3,1.975100,1,1.500900,408.011276,27.383927,-4.543429,1.614657,0
2019-08-28,sh.600730,5.3900,5.4100,5.2600,5.3900,5.4100,8030904,42746888.0000,3,1.368900,1,-0.369700,406.502916,27.282693,-4.526633,1.608687,0
2019-08-29,sh.600730,5.3500,5.4100,5.2800,5.3200,5.3900,6219000,33182796.0000,3,1.060100,1,-1.298700,401.223657,26.928372,-4.467845,1.587795,0
2019-08-30,sh.600730,5.3400,5.3500,5.0500,5.1000,5.3200,8118343,42032100.0000,3,1.383800,1,-4.135300,384.631702,25.814793,-4.283085,1.522135,0
2019-09-02,sh.600730,5.0500,5.5400,5.0500,5.3900,5.1000,17737435,94868258.0000,3,3.023500,1,5.686300,406.502916,27.282693,-4.526633,1.608687,0
2019-09-03,sh.600730,5.4300,5.4500,5.2900,5.4100,5.3900,9651448,51957403.0000,3,1.645200,1,0.371100,408.011276,27.383927,-4.543429,1.614657,0
2019-09-04,sh.600730,5.3700,5.4100,5.2800,5.3400,5.4100,8657981,46204456.0000,3,1.475800,1,-1.293900,402.732017,27.029606,-4.484642,1.593765,0
2019-09-05,sh.600730,5.3700,5.5400,5.3500,5.4100,5.3400,11491490,62566543.0000,3,1.958800,1,1.310900,408.011276,27.383927,-4.543429,1.614657,0
2019-09-06,sh.600730,5.4400,5.5400,5.3900,5.4400,5.4100,9394602,51293632.0000,3,1.601400,1,0.554500,410.273815,27.535779,-4.568624,1.623610,0
2019-09-09,sh.600730,5.4800,5.6100,5.4200,5.5800,5.4400,11090561,61049258.0000,3,1.890500,1,2.573500,420.832332,28.244420,-4.686198,1.665394,0
2019-09-10,sh.600730,5.5900,5.6100,5.4700,5.5100,5.5800,6596800,36440012.0000,3,1.124500,1,-1.254500,415.553074,27.890100,-4.627411,1.644502,0
2019-09-11,sh.600730,5.5500,5.5600,5.4500,5.4700,5.5100,7296764,40180952.0000,3,1.243800,1,-0.726000,412.536354,27.687631,-4.593818,1.632564,0
2019-09-12,sh.600730,5.4700,5.5000,5.4100,5.4900,5.4700,4350847,23744178.0000,3,0.741600,1,0.365600,414.044714,27.788865,-4.610615,1.638533,0
2019-09-16,sh.600730,5.5100,5.5800,5.4800,5.5700,5.4900,9281757,51417484.0000,3,1.582100,1,1.457200,420.078153,28.193803,-4.677800,1.662410,0
2019-09-17,sh.600730,5.5500,5.5500,5.3000,5.3900,5.5700,6878700,37164703.0000,3,1.172500,1,-3.231600,406.502916,27.282693,-4.526633,1.608687,0
2019-09-18,sh.600730,5.4100,5.4400,5.3500,5.3600,5.3900,2935800,15808998.0000,3,0.500400,1,-0.556600,404.240377,27.130841,-4.501438,1.599734,0
2019-09-19,sh.600730,5.4100,5.5400,5.4100,5.4800,5.3600,6979204,38264130.0000,3,1.189700,1,2.238800,413.290534,27.738248,-4.602216,1.635549,0
2019-09-20,sh.600730,5.5000,5.5200,5.4300,5.5100,5.4800,5084193,27828341.0000,3,0.866600,1,0.547400,415.553074,27.890100,-4.627411,1.644502,0
2019-09-23,sh.600730,5.5100,5.5100,5.3700,5.5000,5.5100,3747948,20286833.0000,3,0.638900,1,-0.181500,414.798894,27.839482,-4.619013,1.641518,0
2019-09-24,sh.600730,5.4900,5.6300,5.4700,5.5600,5.5000,7016819,39000154.0000,3,1.196100,1,1.090900,419.323973,28.143186,-4.669402,1.659425,0
2019-09-25,sh.600730,5.5400,5.5400,5.4000,5.4400,5.5600,5160300,28225914.0000,3,0.879600,1,-2.158300,410.273815,27.535779,-4.568624,1.623610,0
2019-09-26,sh.600730,5.5200,5.5800,5.1900,5.2000,5.4400,7449471,39501946.0000,3,1.269800,1,-4.411800,392.173500,26.320965,-4.367067,1.551980,0
2019-09-27,sh.600730,5.1900,5.2800,5.1200,5.2500,5.2000,4608821,24065667.0000,3,0.785600,1,0.961500,395.944399,26.574051,-4.409058,1.566903,0
2019-09-30,sh.600730,5.4100,5.4900,5.3000,5.3100,5.2500,5506159,29594586.0000,3,0.938600,1,1.142900,400.469478,26.877755,-4.459447,1.584811,0
2019-10-08,sh.600730,5.2300,5.3900,5.2200,5.3300,5.3100,4526170,24117854.0000,3,0.771500,1,0.376600,401.977837,26.978989,-4.476243,1.590780,0
2019-10-09,sh.600730,5.2400,5.3700,5.2300,5.3400,5.3300,3363904,17898596.0000,3,0.573400,1,0.187600,402.732017,27.029606,-4.484642,1.593765,0
2019-10-10,sh.600730,5.3500,5.3900,5.3100,5.3700,5.3400,3638302,19470470.0000,3,0.620200,1,0.561800,404.994556,27.181458,-4.509836,1.602718,0
2019-10-11,sh.600730,5.5000,5.9100,5.4600,5.9100,5.3700,42222553,246376336.0000,3,7.197200,1,10.055900,445.720266,29.914789,-4.963339,1.763885,0
2019-10-14,sh.600730,5.7500,5.9900,5.6700,5.9400,5.9100,42503168,247264498.0000,3,7.245000,1,0.507600,447.982805,30.066641,-4.988534,1.772839,0
2019-10-15,sh.600730,5.8200,5.8300,5.6200,5.7400,5.9400,19430154,111238606.0000,3,3.312000,1,-3.367000,432.899209,29.054296,-4.820570,1.713148,0
2019-10-16,sh.600730,5.7300,5.7400,5.5300,5.6500,5.7400,13821945,77637265.0000,3,2.356100,1,-1.567900,426.111591,28.598741,-4.744986,1.686286,0
2019-10-17,sh.600730,5.6000,5.7400,5.5800,5.7200,5.6500,10993623,62314849.0000,3,1.873900,1,1.238900,431.390850,28.953062,-4.803773,1.707179,0
2019-10-18,sh.600730,5.6900,5.7000,5.3500,5.4000,5.7200,15760470,86656774.0000,3,2.686500,1,-5.594400,407.257096,27.333310,-4.535031,1.611672,0
2019-10-21,sh.600730,5.3400,5.4100,5.1800,5.2500,5.4000,9874870,51868566.0000,3,1.683200,1,-2.777800,395.944399,26.574051,-4.409058,1.566903,0
2019-10-22,sh.600730,5.2400,5.3100,5.1800,5.3100,5.2500,5978178,31329858.0000,3,1.019000,1,1.142900,400.469478,26.877755,-4.459447,1.584811,0
2019-10-23,sh.600730,5.3100,5.3100,5.1900,5.2000,5.3100,5495720,28770705.0000,3,0.936800,1,-2.071600,392.173500,26.320965,-4.367067,1.551980,0
2019-10-24,sh.600730,5.2200,5.2600,5.2000,5.2200,5.2000,4581700,23972231.0000,3,0.781000,1,0.384600,393.681859,26.422200,-4.383863,1.557950,0
2019-10-25,sh.600730,5.2300,5.2300,5.1000,5.2100,5.2200,5773679,29857023.0000,3,0.984200,1,-0.191600,392.927680,26.371582,-4.375465,1.554965,0
2019-10-28,sh.600730,5.1900,5.3400,5.1400,5.2900,5.2100,9240402,48607421.0000,3,1.575100,1,1.535500,-924.771896,27.723139,-2.164125,1.580561,0
2019-10-29,sh.600730,5.2900,5.4000,5.2300,5.2500,5.2900,8565277,45492714.0000,3,1.460000,1,-0.756100,-917.779292,27.513512,-2.147761,1.568610,0
2019-10-30,sh.600730,5.2100,5.2500,4.9700,5.0300,5.2500,14326645,72432733.0000,3,2.442100,1,-4.190500,-879.319970,26.360565,-2.057760,1.502878,0
2019-10-31,sh.600730,5.0300,5.0500,4.8900,4.9100,5.0300,6299249,31261470.0000,3,1.073800,1,-2.385700,-858.342157,25.731684,-2.008668,1.467024,0
2019-11-01,sh.600730,4.9100,4.9900,4.8800,4.9900,4.9100,4130425,20419440.0000,3,0.704100,1,1.629300,-872.327365,26.150938,-2.041396,1.490927,0
2019-11-04,sh.600730,5.0000,5.0000,4.9300,4.9400,4.9900,3445115,17085267.0000,3,0.587200,1,-1.002000,-863.586610,25.888904,-2.020941,1.475987,0
2019-11-05,sh.600730,4.9500,4.9600,4.8600,4.9100,4.9400,3736387,18340199.0000,3,0.636900,1,-0.607300,-858.342157,25.731684,-2.008668,1.467024,0
2019-11-06,sh.600730,4.9100,4.9300,4.8300,4.8500,4.9100,3163800,15442983.0000,3,0.539300,1,-1.222000,-847.853251,25.417244,-1.984122,1.449097,0
2019-11-07,sh.600730,4.8600,4.9400,4.8200,4.9100,4.8500,2926747,14342582.0000,3,0.498900,1,1.237100,-858.342157,25.731684,-2.008668,1.467024,0
2019-11-08,sh.600730,4.9300,4.9500,4.9000,4.9100,4.9100,2602947,12813835.0000,3,0.443700,1,0.000000,-858.342157,25.731684,-2.008668,1.467024,0
2019-11-11,sh.600730,4.9100,4.9100,4.7500,4.7700,4.9100,3565131,17085659.0000,3,0.607700,1,-2.851300,-833.868043,24.997991,-1.951395,1.425194,0
2019-11-12,sh.600730,4.7700,4.8000,4.6100,4.6900,4.7700,4087181,19117275.0000,3,0.696700,1,-1.677100,-819.882834,24.578737,-1.918667,1.401292,0
2019-11-13,sh.600730,4.6900,4.7200,4.6500,4.6500,4.6900,2064800,9650935.0000,3,0.352000,1,-0.852900,-812.890230,24.369110,-1.902303,1.389340,0
2019-11-14,sh.600730,4.6300,4.7600,4.6300,4.7200,4.6500,2737911,12875661.0000,3,0.466700,1,1.505400,-825.127288,24.735957,-1.930940,1.410255,0
2019-11-15,sh.600730,4.7200,4.7300,4.6000,4.6200,4.7200,2521981,11729417.0000,3,0.429900,1,-2.118600,-807.645777,24.211890,-1.890030,1.380377,0
2019-11-18,sh.600730,4.6200,4.6800,4.6000,4.6200,4.6200,2749600,12738372.0000,3,0.468700,1,0.000000,-807.645777,24.211890,-1.890030,1.380377,0
2019-11-19,sh.600730,4.6200,4.7700,4.6000,4.7300,4.6200,3717601,17540183.0000,3,0.633700,1,2.381000,-826.875439,24.788364,-1.935031,1.413243,0
2019-11-20,sh.600730,4.7300,4.7700,4.7000,4.7300,4.7300,2114962,10029339.0000,3,0.360500,1,0.000000,-826.875439,24.788364,-1.935031,1.413243,0
2019-11-21,sh.600730,4.7100,4.8200,4.6900,4.7400,4.7300,2973802,14177652.0000,3,0.506900,1,0.211400,-828.623590,24.840771,-1.939122,1.416231,0
2019-11-22,sh.600730,4.7700,4.8500,4.7200,4.7700,4.7400,3602900,17262418.0000,3,0.614100,1,0.632900,-833.868043,24.997991,-1.951395,1.425194,0
2019-11-25,sh.600730,4.7700,4.7800,4.7300,4.7800,4.7700,2592190,12334409.0000,3,0.441900,1,0.209600,-835.616194,25.050397,-1.955486,1.428182,0
2019-11-26,sh.600730,4.8000,4.8100,4.7200,4.7300,4.7800,2101900,9973208.0000,3,0.358300,1,-1.046000,-826.875439,24.788364,-1.935031,1.413243,0
2019-11-27,sh.600730,4.7500,4.7700,4.6500,4.6600,4.7300,2561202,11992514.0000,3,0.436600,1,-1.479900,-814.638381,24.421517,-1.906394,1.392328,0
2019-11-28,sh.600730,4.6800,4.6900,4.6200,4.6200,4.6600,1976000,9186947.0000,3,0.336800,1,-0.858400,-807.645777,24.211890,-1.890030,1.380377,0
2019-11-29,sh.600730,4.6300,4.6400,4.5600,4.6100,4.6200,3181868,14643732.0000,3,0.542400,1,-0.216400,-805.897626,24.159484,-1.885939,1.377389,0
2019-12-02,sh.600730,4.6200,4.6500,4.5900,4.6100,4.6100,1598413,7386460.0000,3,0.272500,1,0.000000,-805.897626,24.159484,-1.885939,1.377389,0
2019-12-03,sh.600730,4.6300,5.0700,4.5100,4.8300,4.6100,13234238,64445978.0000,3,2.255900,1,4.772200,-844.356949,25.312431,-1.975940,1.443121,0
2019-12-04,sh.600730,4.7400,4.8100,4.7000,4.7400,4.8300,7362231,34998911.0000,3,1.254900,1,-1.863400,-828.623590,24.840771,-1.939122,1.416231,0
2019-12-05,sh.600730,4.7200,4.7700,4.7200,4.7500,4.7400,4737227,22460302.0000,3,0.807500,1,0.211000,-830.371741,24.893177,-1.943213,1.419219,0
2019-12-06,sh.600730,4.7500,4.8400,4.7300,4.8000,4.7500,4270081,20475207.0000,3,0.727900,1,1.052600,-839.112496,25.155211,-1.963668,1.434158,0
2019-12-09,sh.600730,4.7300,4.8600,4.7300,4.8200,4.8000,4239300,20379172.0000,3,0.722600,1,0.416700,-842.608798,25.260024,-1.971850,1.440134,0
2019-12-10,sh.600730,4.7800,4.8700,4.7400,4.8700,4.8200,4041989,19427315.0000,3,0.689000,1,1.037300,-851.349553,25.522058,-1.992304,1.455073,0
2019-12-11,sh.600730,4.8500,4.8800,4.7600,4.7600,4.8700,4200600,20170498.0000,3,0.716000,1,-2.258700,-832.119892,24.945584,-1.947304,1.422207,0
2019-12-12,sh.600730,4.7600,4.8000,4.7300,4.7500,4.7600,2295114,10938968.0000,3,0.391200,1,-0.210100,-830.371741,24.893177,-1.943213,1.419219,0
2019-12-13,sh.600730,4.7800,4.8100,4.7600,4.8000,4.7500,2989318,14305728.0000,3,0.509600,1,1.052600,-839.112496,25.155211,-1.963668,1.434158,0
2019-12-16,sh.600730,4.8300,4.8700,4.8000,4.8700,4.8000,4264215,20632414.0000,3,0.726900,1,1.458300,-851.349553,25.522058,-1.992304,1.455073,0
2019-12-17,sh.600730,4.8700,4.9500,4.8300,4.9100,4.8700,6570561,32234068.0000,3,1.120000,1,0.821400,-858.342157,25.731684,-2.008668,1.467024,0
2019-12-18,sh.600730,4.9000,5.0400,4.9000,4.9600,4.9100,8291151,41239673.0000,3,1.413300,1,1.018300,-867.082912,25.993718,-2.029123,1.481963,0
2019-12-19,sh.600730,4.9500,5.0300,4.9400,5.0100,4.9600,5168604,25813833.0000,3,0.881000,1,1.008100,-875.823668,26.255751,-2.049578,1.496902,0
2019-12-20,sh.600730,5.0000,5.0400,4.9100,4.9200,5.0100,4963508,24690225.0000,3,0.846100,1,-1.796400,-860.090308,25.784091,-2.012759,1.470012,0
2019-12-23,sh.600730,4.9100,4.9200,4.7700,4.7800,4.9200,5134500,24846699.0000,3,0.875200,1,-2.845500,-835.616194,25.050397,-1.955486,1.428182,0
2019-12-24,sh.600730,4.8300,4.9200,4.8300,4.9100,4.7800,4996652,24387022.0000,3,0.851700,1,2.719700,-858.342157,25.731684,-2.008668,1.467024,0
2019-12-25,sh.600730,4.8900,4.9300,4.8400,4.8700,4.9100,3131284,15294938.0000,3,0.533800,1,-0.814700,-851.349553,25.522058,-1.992304,1.455073,0
2019-12-26,sh.600730,4.8600,4.9700,4.8500,4.9600,4.8700,5371929,26436381.0000,3,0.915700,1,1.848100,-867.082912,25.993718,-2.029123,1.481963,0
2019-12-27,sh.600730,4.9100,5.0100,4.8800,4.9000,4.9600,5116938,25289331.0000,3,0.872200,1,-1.209700,-856.594006,25.679278,-2.004577,1.464036,0
2019-12-30,sh.600730,4.8600,4.9300,4.8200,4.9100,4.9000,4285113,20907418.0000,3,0.730400,1,0.204100,-858.342157,25.731684,-2.008668,1.467024,0
2019-12-31,sh.600730,4.9000,5.0100,4.8800,4.9600,4.9100,5168413,25570691.0000,3,0.881000,1,1.018300,-867.082912,25.993718,-2.029123,1.481963,0
2020-01-02,sh.600730,4.9900,5.0500,4.9500,5.0300,4.9600,7136090,35737803.0000,3,1.216400,1,1.411300,-879.319970,26.360565,-2.057760,1.502878,0
2020-01-03,sh.600730,5.0500,5.0600,4.9800,5.0400,5.0300,6848633,34407379.0000,3,1.167400,1,0.198800,-881.068121,26.412971,-2.061851,1.505866,0
2020-01-06,sh.600730,4.9500,5.0800,4.9500,5.0300,5.0400,7537639,37799374.0000,3,1.284800,1,-0.198400,-879.319970,26.360565,-2.057760,1.502878,0
2020-01-07,sh.600730,5.0300,5.1300,5.0300,5.1300,5.0300,9302512,47296248.0000,3,1.585700,1,1.988100,-896.801480,26.884631,-2.098670,1.532756,0
2020-01-08,sh.600730,5.0900,5.1100,4.9700,4.9800,5.1300,7644516,38488577.0000,3,1.303100,1,-2.924000,-870.579214,26.098531,-2.037305,1.487939,0
2020-01-09,sh.600730,5.0300,5.1000,5.0200,5.0800,4.9800,6395214,32344096.0000,3,1.090100,1,2.008000,-888.060725,26.622598,-2.078215,1.517817,0
2020-01-10,sh.600730,5.1000,5.1100,4.9900,5.0400,5.0800,5392897,27181453.0000,3,0.919300,1,-0.787400,-881.068121,26.412971,-2.061851,1.505866,0
2020-01-13,sh.600730,5.0400,5.0400,4.9300,5.0000,5.0400,5634671,27978936.0000,3,0.960500,1,-0.793700,-874.075516,26.203345,-2.045487,1.493914,0
2020-01-14,sh.600730,5.0100,5.0100,4.9600,4.9700,5.0000,4121616,20565561.0000,3,0.702600,1,-0.600000,-868.831063,26.046124,-2.033214,1.484951,0
2020-01-15,sh.600730,4.9800,4.9900,4.9000,4.9300,4.9700,3799338,18715257.0000,3,0.647600,1,-0.804800,-861.838459,25.836498,-2.016850,1.473000,0
2020-01-16,sh.600730,4.9500,4.9500,4.8500,4.8600,4.9300,3563616,17455960.0000,3,0.607400,1,-1.419900,-849.601402,25.469651,-1.988213,1.452085,0
2020-01-17,sh.600730,4.9000,4.9000,4.8300,4.8500,4.8600,3517488,17103727.0000,3,0.599600,1,-0.205800,-847.853251,25.417244,-1.984122,1.449097,0
2020-01-20,sh.600730,4.8500,4.9200,4.8400,4.9000,4.8500,3426335,16682857.0000,3,0.584000,1,1.030900,-856.594006,25.679278,-2.004577,1.464036,0
2020-01-21,sh.600730,4.8900,5.1500,4.8700,5.0500,4.9000,14104254,70823408.0000,3,2.404200,1,3.061200,-882.816272,26.465378,-2.065942,1.508854,0
2020-01-22,sh.600730,5.0300,5.0300,4.6200,4.8200,5.0500,11271627,54038727.0000,3,1.921300,1,-4.554500,-842.608798,25.260024,-1.971850,1.440134,0
2020-01-23,sh.600730,4.7100,4.7600,4.5600,4.6200,4.8200,8435433,39288881.0000,3,1.437900,1,-4.149400,-807.645777,24.211890,-1.890030,1.380377,0
2020-02-03,sh.600730,4.1600,4.1600,4.1600,4.1600,4.6200,2776200,11548992.0000,3,0.473200,1,-9.956700,-727.230830,21.801183,-1.701845,1.242937,0
2020-02-04,sh.600730,3.7400,4.3900,3.7400,4.3300,4.1600,11961424,49119730.0000,3,2.038900,1,4.086500,-756.949397,22.692096,-1.771392,1.293730,0
2020-02-05,sh.600730,4.3100,4.7600,4.2300,4.7600,4.3300,18943880,88192426.0000,3,3.229100,1,9.930700,-832.119892,24.945584,-1.947304,1.422207,0
2020-02-06,sh.600730,4.7800,5.2400,4.7000,5.2300,4.7600,46793195,240169250.0000,3,7.976300,1,9.873900,-914.282990,27.408698,-2.139579,1.562634,0
2020-02-07,sh.600730,5.2900,5.2900,4.9400,5.0100,5.2300,35988095,183576423.0000,3,6.134400,1,-4.206500,-875.823668,26.255751,-2.049578,1.496902,0
2020-02-10,sh.600730,5.1100,5.1900,4.8200,4.9000,5.0100,21529753,106724759.0000,3,3.669900,1,-2.195600,-856.594006,25.679278,-2.004577,1.464036,0
2020-02-11,sh.600730,4.9400,4.9600,4.7700,4.7900,4.9000,12381226,59807207.0000,3,2.110500,1,-2.244900,-837.364345,25.102804,-1.959577,1.431170,0
2020-02-12,sh.600730,4.7900,4.8200,4.7300,4.8100,4.7900,8520012,40750963.0000,3,1.452300,1,0.417500,-840.860647,25.207617,-1.967759,1.437146,0
2020-02-13,sh.600730,4.8000,4.8000,4.5400,4.6100,4.8100,14803106,68649667.0000,3,2.523300,1,-4.158000,-805.897626,24.159484,-1.885939,1.377389,0
2020-02-14,sh.600730,4.5200,4.5800,4.5100,4.5300,4.6100,6787552,30832741.0000,3,1.157000,1,-1.735400,-791.912418,23.740230,-1.853211,1.353486,0
2020-02-17,sh.600730,4.5300,4.6500,4.5000,4.6400,4.5300,6801609,31369886.0000,3,1.159400,1,2.428200,-811.142079,24.316704,-1.898212,1.386353,0
2020-02-18,sh.600730,4.6600,4.9800,4.6300,4.9100,4.6400,17243344,83093656.0000,3,2.939300,1,5.819000,-858.342157,25.731684,-2.008668,1.467024,0
2020-02-19,sh.600730,4.9000,5.0300,4.7600,4.7800,4.9100,12725972,62184083.0000,3,2.169200,1,-2.647700,-858.342157,25.731684,-2.008668,1.467024,0
2020-02-20,sh.600730,4.7800,5.0500,4.7800,4.9900,4.7800,20155928,99851260.0000,3,3.435700,1,4.393300,-872.327365,26.150938,-2.041396,1.490927,0
2020-02-21,sh.600730,4.9200,5.1000,4.8900,4.9700,4.9900,17020404,84901612.0000,3,2.901300,1,-0.400800,-868.831063,26.046124,-2.033214,1.484951,0
2020-02-24,sh.600730,4.9700,5.2200,4.9000,5.1100,4.9700,21485455,108934160.0000,3,3.662400,1,2.816900,-893.305178,26.779818,-2.090488,1.526781,0
2020-02-25,sh.600730,4.9500,5.0300,4.7000,4.9900,5.1100,17037638,83893468.0000,3,2.904200,1,-2.348300,-872.327365,26.150938,-2.041396,1.490927,0
2020-02-26,sh.600730,4.9600,5.2900,4.9500,5.1600,4.9900,31821921,164336828.0000,3,5.424300,1,3.406800,-902.045933,27.041852,-2.110943,1.541720,0
2020-02-27,sh.600730,5.1900,5.5000,4.9600,5.3600,5.1600,33895316,177011844.0000,3,5.777700,1,3.876000,-937.008954,28.089985,-2.192762,1.601476,0
2020-02-28,sh.600730,5.2000,5.3000,4.8300,4.9400,5.3600,24143598,122535368.0000,3,4.115500,1,-7.835800,-863.586610,25.888904,-2.020941,1.475987,0
2020-03-02,sh.600730,4.8500,5.0700,4.8500,5.0100,4.9400,15549595,77369974.0000,3,2.650500,1,1.417000,-875.823668,26.255751,-2.049578,1.496902,0
2020-03-03,sh.600730,5.0100,5.2000,4.9500,5.0800,5.0100,18275285,92323541.0000,3,3.115200,1,1.397200,-888.060725,26.622598,-2.078215,1.517817,0
2020-03-04,sh.600730,4.9800,5.0600,4.9400,5.0100,5.0800,8756997,43737410.0000,3,1.492700,1,-1.377900,-875.823668,26.255751,-2.049578,1.496902,0
2020-03-05,sh.600730,5.0600,5.0900,4.9900,5.0400,5.0100,11028201,55382469.0000,3,1.879800,1,0.598800,-881.068121,26.412971,-2.061851,1.505866,0
2020-03-06,sh.600730,4.9600,5.0700,4.9200,5.0300,5.0400,8121101,40727533.0000,3,1.384300,1,-0.198400,-879.319970,26.360565,-2.057760,1.502878,0
2020-03-09,sh.600730,4.9500,4.9900,4.7600,4.7800,5.0300,11377400,55319717.0000,3,1.939400,1,-4.970200,-835.616194,25.050397,-1.955486,1.428182,0
2020-03-10,sh.600730,4.6800,4.8200,4.5800,4.8000,4.7800,10381107,48786028.0000,3,1.769500,1,0.418400,-839.112496,25.155211,-1.963668,1.434158,0
2020-03-11,sh.600730,4.8300,5.0200,4.7800,4.8500,4.8000,9831844,48052768.0000,3,1.675900,1,1.041700,-847.853251,25.417244,-1.984122,1.449097,0
2020-03-12,sh.600730,4.7600,4.8200,4.7000,4.7600,4.8500,6405824,30463153.0000,3,1.091900,1,-1.855700,-832.119892,24.945584,-1.947304,1.422207,0
2020-03-13,sh.600730,4.5900,4.8200,4.5100,4.7900,4.7600,8273207,38748143.0000,3,1.410200,1,0.630200,-837.364345,25.102804,-1.959577,1.431170,0
2020-03-16,sh.600730,4.8100,4.8500,4.5600,4.5800,4.7900,5937190,27940263.0000,3,1.012000,1,-4.384100,-800.653173,24.002264,-1.873666,1.368426,0
2020-03-17,sh.600730,4.5900,4.6500,4.4000,4.6100,4.5800,5075859,22958408.0000,3,0.865200,1,0.655000,-805.897626,24.159484,-1.885939,1.377389,0
2020-03-18,sh.600730,4.6500,4.7000,4.4500,4.4500,4.6100,4136182,18953460.0000,3,0.705000,1,-3.470700,-777.927210,23.320977,-1.820483,1.329584,0
2020-03-19,sh.600730,4.4900,4.4900,4.3400,4.4600,4.4500,4294500,19020788.0000,3,0.732000,1,0.224700,-779.675361,23.373383,-1.824574,1.332572,0
2020-03-20,sh.600730,4.4700,4.5600,4.4500,4.5400,4.4600,3175549,14315332.0000,3,0.541300,1,1.793700,-793.660569,23.792637,-1.857302,1.356474,0
2020-03-23,sh.600730,4.4700,4.4800,4.3300,4.3500,4.5400,4085900,18009336.0000,3,0.696500,1,-4.185000,-760.445699,22.796910,-1.779574,1.299706,0
2020-03-24,sh.600730,4.4000,4.4600,4.3600,4.4300,4.3500,2595282,11458995.0000,3,0.442400,1,1.839100,-774.430908,23.216163,-1.812302,1.323608,0
2020-03-25,sh.600730,4.5000,4.5000,4.4400,4.4900,4.4300,4982600,22291167.0000,3,0.849300,1,1.354400,-784.919814,23.530603,-1.836847,1.341535,0
2020-03-26,sh.600730,4.4700,4.4800,4.4200,4.4300,4.4900,3420500,15232362.0000,3,0.583100,1,-1.336300,-774.430908,23.216163,-1.812302,1.323608,0
2020-03-27,sh.600730,4.4700,4.5600,4.4600,4.4800,4.4300,4470840,20165146.0000,3,0.762100,1,1.128700,-783.171663,23.478197,-1.832756,1.338547,0
2020-03-30,sh.600730,4.4400,4.4400,4.3300,4.3600,4.4800,3567770,15550288.0000,3,0.608200,1,-2.678600,-762.193850,22.849316,-1.783665,1.302693,0
2020-03-31,sh.600730,4.3800,4.4000,4.2600,4.2700,4.3600,2659696,11497576.0000,3,0.453400,1,-2.064200,-746.460491,22.377656,-1.746846,1.275803,0
2020-04-01,sh.600730,4.2700,4.3200,4.2300,4.2300,4.2700,2235896,9559186.0000,3,0.381100,1,-0.936800,-739.467887,22.168029,-1.730482,1.263852,0
2020-04-02,sh.600730,4.2300,4.3200,4.2000,4.3200,4.2300,2648800,11282574.0000,3,0.451500,1,2.127700,-755.201246,22.639690,-1.767301,1.290742,0
2020-04-03,sh.600730,4.3000,4.3600,4.2800,4.3100,4.3200,2076449,8958238.0000,3,0.353900,1,-0.231500,-753.453095,22.587283,-1.763210,1.287754,0
2020-04-07,sh.600730,4.3500,4.4500,4.3500,4.4000,4.3100,4495542,19774535.0000,3,0.766300,1,2.088200,-769.186454,23.058943,-1.800029,1.314645,0
2020-04-08,sh.600730,4.3900,4.4500,4.3800,4.4200,4.4000,4251169,18767634.0000,3,0.724600,1,0.454500,-772.682757,23.163757,-1.808211,1.320620,0
2020-04-09,sh.600730,4.4300,4.6100,4.4100,4.5400,4.4200,7203224,32503510.0000,3,1.227800,1,2.714900,-793.660569,23.792637,-1.857302,1.356474,0
2020-04-10,sh.600730,4.5000,4.7800,4.4400,4.5200,4.5400,7252171,33046648.0000,3,1.236200,1,-0.440500,-790.164267,23.687823,-1.849120,1.350499,0
2020-04-13,sh.600730,4.4700,4.5000,4.3600,4.3800,4.5200,4004585,17671158.0000,3,0.682600,1,-3.097300,-765.690152,22.954130,-1.791847,1.308669,0
2020-04-14,sh.600730,4.4000,4.4400,4.3600,4.4300,4.3800,2931740,12924169.0000,3,0.499700,1,1.141500,-774.430908,23.216163,-1.812302,1.323608,0
2020-04-15,sh.600730,4.4300,4.4500,4.3700,4.3700,4.4300,2674800,11794876.0000,3,0.455900,1,-1.354400,-763.942001,22.901723,-1.787756,1.305681,0
2020-04-16,sh.600730,4.3900,4.4400,4.3800,4.4400,4.3700,2873571,12679909.0000,3,0.489800,1,1.601800,-776.179059,23.268570,-1.816392,1.326596,0
2020-04-17,sh.600730,4.4200,4.4300,4.3700,4.3900,4.4400,3183697,14010180.0000,3,0.542700,1,-1.126100,-767.438303,23.006536,-1.795938,1.311657,0
2020-04-20,sh.600730,4.3800,4.4100,4.3700,4.4000,4.3900,1881201,8261198.0000,3,0.320700,1,0.227800,-769.186454,23.058943,-1.800029,1.314645,0
2020-04-21,sh.600730,4.3900,4.3900,4.3000,4.3400,4.4000,2431800,10534748.0000,3,0.414500,1,-1.363600,-758.697548,22.744503,-1.775483,1.296718,0
2020-04-22,sh.600730,4.3000,4.3800,4.2800,4.3700,4.3400,2052227,8901636.0000,3,0.349800,1,0.691200,-763.942001,22.901723,-1.787756,1.305681,0
2020-04-23,sh.600730,4.3900,4.4100,4.3300,4.3500,4.3700,2267300,9895191.0000,3,0.386500,1,-0.457700,-760.445699,22.796910,-1.779574,1.299706,0
2020-04-24,sh.600730,4.3800,4.5900,4.3300,4.4300,4.3500,9186932,41032465.0000,3,1.566000,1,1.839100,-774.430908,23.216163,-1.812302,1.323608,0
2020-04-27,sh.600730,4.3900,4.4200,4.3100,4.3100,4.4300,4257400,18537736.0000,3,0.725700,1,-2.708800,-753.453095,22.587283,-1.763210,1.287754,0
2020-04-28,sh.600730,4.3200,4.4200,4.1100,4.3600,4.3100,5099998,21930305.0000,3,0.869300,1,1.160100,-32.475913,27.875979,-4.019424,1.348228,0
2020-04-29,sh.600730,4.3300,4.5300,4.3100,4.5000,4.3600,9916904,44153872.0000,3,1.690400,1,3.211000,-33.518717,28.771079,-4.148488,1.391520,0
2020-04-30,sh.600730,4.5000,4.5500,4.4200,4.5000,4.5000,7772657,34969144.0000,3,1.324900,1,0.000000,-33.518717,28.771079,-4.148488,1.391520,0
2020-05-06,sh.600730,4.4500,4.5500,4.4300,4.5500,4.5000,5789173,25942140.0000,3,0.986800,1,1.111100,-33.891147,29.090758,-4.194582,1.406981,0
2020-05-07,sh.600730,4.5500,4.5600,4.4800,4.4900,4.5500,4070781,18314025.0000,3,0.693900,1,-1.318700,-33.444231,28.707144,-4.139269,1.388427,0
2020-05-08,sh.600730,4.5200,4.5600,4.4700,4.5200,4.4900,4594743,20732025.0000,3,0.783200,1,0.668200,-33.667689,28.898951,-4.166926,1.397704,0
2020-05-11,sh.600730,4.5200,4.5200,4.4500,4.4800,4.5200,2941247,13173826.0000,3,0.501400,1,-0.885000,-33.369745,28.643208,-4.130050,1.385335,0
2020-05-12,sh.600730,4.4900,4.5000,4.4000,4.4400,4.4800,2662508,11856608.0000,3,0.453800,1,-0.892900,-33.071801,28.387465,-4.093175,1.372966,0
2020-05-13,sh.600730,4.4600,4.4700,4.4100,4.4200,4.4400,3086202,13685354.0000,3,0.526100,1,-0.450400,-32.922829,28.259594,-4.074737,1.366781,0
2020-05-14,sh.600730,4.4000,4.4400,4.3500,4.3700,4.4200,3258596,14342615.0000,3,0.555500,1,-1.131200,-32.550399,27.939915,-4.028643,1.351320,0
2020-05-15,sh.600730,4.3900,4.4200,4.3500,4.3800,4.3700,2264227,9933488.0000,3,0.386000,1,0.228800,-32.624885,28.003851,-4.037862,1.354412,0
2020-05-18,sh.600730,4.4000,4.5100,4.3800,4.4900,4.3800,6754767,30134203.0000,3,1.151400,1,2.511400,-33.444231,28.707144,-4.139269,1.388427,0
2020-05-19,sh.600730,4.4900,4.7600,4.4800,4.6500,4.4900,11378950,52189543.0000,3,1.939600,1,3.563500,-34.636008,29.730115,-4.286771,1.437904,0
2020-05-20,sh.600730,4.6000,4.6500,4.5100,4.5600,4.6500,7369672,33752548.0000,3,1.256200,1,-1.935500,-33.965633,29.154694,-4.203801,1.410073,0
2020-05-21,sh.600730,4.6800,4.8500,4.6100,4.6400,4.5600,11258556,52788019.0000,3,1.919100,1,1.754400,-34.561522,29.666180,-4.277552,1.434811,0
2020-05-22,sh.600730,4.6700,4.7100,4.4700,4.5200,4.6400,7242300,32986828.0000,3,1.234500,1,-2.586200,-33.667689,28.898951,-4.166926,1.397704,0
2020-05-25,sh.600730,4.5200,4.5300,4.4300,4.5200,4.5200,4100886,18358667.0000,3,0.699000,1,0.000000,-33.667689,28.898951,-4.166926,1.397704,0
2020-05-26,sh.600730,4.6000,4.6000,4.5000,4.5600,4.5200,4421261,20122679.0000,3,0.753600,1,0.885000,-33.965633,29.154694,-4.203801,1.410073,0
2020-05-27,sh.600730,4.5500,4.7300,4.5500,4.6500,4.5600,8256707,38378764.0000,3,1.407400,1,1.973700,-34.636008,29.730115,-4.286771,1.437904,0
2020-05-28,sh.600730,4.6400,4.6900,4.5100,4.6300,4.6500,6209428,28540598.0000,3,1.058400,1,-0.430100,-34.487036,29.602244,-4.268333,1.431719,0
2020-05-29,sh.600730,4.6200,4.7200,4.6100,4.7000,4.6300,8217219,38350554.0000,3,1.400700,1,1.511900,-35.008438,30.049794,-4.332865,1.453365,0
2020-06-01,sh.600730,4.7300,4.7500,4.6400,4.7400,4.7000,9073985,42683268.0000,3,1.546700,1,0.851100,-35.306382,30.305537,-4.369741,1.465734,0
2020-06-02,sh.600730,4.7200,5.2100,4.6900,5.2100,4.7400,19655367,98320113.0000,3,3.350400,1,9.915600,-38.807226,33.310516,-4.803027,1.611070,0
2020-06-03,sh.600730,5.2100,5.2100,4.9700,5.0300,5.2100,23496100,119063515.0000,3,4.005100,1,-3.454900,-37.466477,32.159673,-4.637088,1.555410,0
2020-06-04,sh.600730,5.0000,5.0700,4.8900,4.9200,5.0300,15322101,76201044.0000,3,2.611800,1,-2.186900,-36.647131,31.456380,-4.535680,1.521395,0
2020-06-05,sh.600730,4.9500,5.0300,4.8400,4.9700,4.9200,10672490,52794496.0000,3,1.819200,1,1.016300,-37.019561,31.776059,-4.581775,1.536856,0
2020-06-08,sh.600730,4.9200,5.0800,4.9100,4.9800,4.9700,9051375,45189514.0000,3,1.542900,1,0.201200,-37.094047,31.839995,-4.590994,1.539948,0
2020-06-09,sh.600730,4.9100,5.0300,4.9100,4.9800,4.9800,5304976,26308985.0000,3,0.904300,1,0.000000,-37.094047,31.839995,-4.590994,1.539948,0
2020-06-10,sh.600730,4.9800,5.2800,4.8900,5.1200,4.9800,18345845,93583458.0000,3,3.127200,1,2.811200,-38.136851,32.735095,-4.720058,1.583240,0
2020-06-11,sh.600730,5.0500,5.1600,4.9900,5.0100,5.1200,10577000,53508281.0000,3,1.802900,1,-2.148400,-37.317505,32.031802,-4.618650,1.549225,0
2020-06-12,sh.600730,4.9100,5.1200,4.8400,5.0500,5.0100,8954802,44901136.0000,3,1.526400,1,0.798400,-37.615449,32.287545,-4.655526,1.561594,0
2020-06-15,sh.600730,4.9600,5.1100,4.9100,4.9200,5.0500,9118121,45623464.0000,3,1.554300,1,-2.574300,-36.647131,31.456380,-4.535680,1.521395,0
2020-06-16,sh.600730,4.9400,4.9800,4.8900,4.9400,4.9200,6587400,32444459.0000,3,1.122900,1,0.406500,-36.796103,31.584252,-4.554118,1.527579,0
2020-06-17,sh.600730,4.9700,5.4300,4.9300,5.2700,4.9400,34774536,181632126.0000,3,5.927600,1,6.680200,-39.254142,33.694131,-4.858341,1.629624,0
2020-06-18,sh.600730,5.2200,5.4000,5.0900,5.1500,5.2700,20396598,106065701.0000,3,3.476800,1,-2.277000,-38.360309,32.926902,-4.747714,1.592517,0
2020-06-19,sh.600730,5.1500,5.2900,5.0800,5.1600,5.1500,15842842,82222983.0000,3,2.700500,1,0.194200,-38.434796,32.990838,-4.756933,1.595609,0
2020-06-22,sh.600730,5.1900,5.2100,5.0600,5.0700,5.1600,11876316,60779335.0000,3,2.024400,1,-1.744200,-37.764421,32.415416,-4.673963,1.567779,0
2020-06-23,sh.600730,5.0700,5.1200,5.0100,5.1000,5.0700,7798999,39396058.0000,3,1.329400,1,0.591700,-37.987879,32.607223,-4.701620,1.577056,0
2020-06-24,sh.600730,5.1000,5.1000,4.9900,5.0100,5.1000,7070759,35551697.0000,3,1.205300,1,-1.764700,-37.317505,32.031802,-4.618650,1.549225,0
2020-06-29,sh.600730,4.9400,4.9700,4.8000,4.8500,5.0100,9508921,46208232.0000,3,1.620900,1,-3.193600,-36.125728,31.008830,-4.471148,1.499749,0
2020-06-30,sh.600730,4.8300,4.9300,4.8200,4.8800,4.8500,5622417,27473156.0000,3,0.958400,1,0.618600,-36.349186,31.200637,-4.498805,1.509026,0
2020-07-01,sh.600730,4.8700,4.9000,4.8000,4.8700,4.8800,5886774,28544312.0000,3,1.003400,1,-0.204900,-36.274700,31.136702,-4.489586,1.505933,0
2020-07-02,sh.600730,4.8700,4.9500,4.8400,4.9500,4.8700,7459043,36658716.0000,3,1.271500,1,1.642700,-36.870589,31.648187,-4.563337,1.530672,0
2020-07-03,sh.600730,4.9600,5.0600,4.9100,5.0100,4.9500,10250056,51116889.0000,3,1.747200,1,1.212100,-37.317505,32.031802,-4.618650,1.549225,0
2020-07-06,sh.600730,5.0500,5.3000,5.0300,5.2400,5.0100,19968613,103334340.0000,3,3.403800,1,4.590800,-39.030684,33.502324,-4.830684,1.620347,0
2020-07-07,sh.600730,5.3100,5.4100,5.1900,5.3000,5.2400,23368032,124274587.0000,3,3.983300,1,1.145000,-39.477600,33.885938,-4.885997,1.638901,0
2020-07-08,sh.600730,5.3000,5.5200,5.3000,5.4900,5.3000,22804402,123791007.0000,3,3.887200,1,3.584900,-40.892835,35.100717,-5.061155,1.697654,0
2020-07-09,sh.600730,5.5000,5.8500,5.4400,5.6700,5.4900,30996112,175111272.0000,3,5.283500,1,3.278700,-42.233583,36.251560,-5.227095,1.753315,0
2020-07-10,sh.600730,5.6300,5.8000,5.5500,5.6100,5.6700,26567238,150709063.0000,3,4.528600,1,-1.058200,-41.786667,35.867946,-5.171782,1.734761,0
2020-07-13,sh.600730,5.6300,5.8400,5.5900,5.7100,5.6100,19791334,113197375.0000,3,3.373600,1,1.782500,-42.531528,36.507303,-5.263970,1.765684,0
2020-07-14,sh.600730,5.7200,5.8400,5.6400,5.7500,5.7100,19330386,111044438.0000,3,3.295000,1,0.700500,-42.829472,36.763046,-5.300846,1.778053,0
2020-07-15,sh.600730,5.7700,5.7900,5.4700,5.5100,5.7500,17605071,98485877.0000,3,3.000900,1,-4.173900,-41.041807,35.228588,-5.079593,1.703838,0
2020-07-16,sh.600730,5.5300,5.6800,5.2300,5.2500,5.5100,17845291,97934748.0000,3,3.041900,1,-4.718700,-39.105170,33.566259,-4.839903,1.623440,0
2020-07-17,sh.600730,5.3000,5.4300,5.2200,5.2900,5.2500,11088588,58794799.0000,3,1.890100,1,0.761900,-39.403114,33.822002,-4.876778,1.635809,0
2020-07-20,sh.600730,5.4500,5.7600,5.3900,5.6100,5.2900,21596602,120149344.0000,3,3.681300,1,6.049200,-41.786667,35.867946,-5.171782,1.734761,0
2020-07-21,sh.600730,5.6100,6.1000,5.6000,5.8400,5.6100,36384883,212574934.0000,3,6.202100,1,4.099800,-43.499846,37.338468,-5.383816,1.805883,0
2020-07-22,sh.600730,5.7800,5.8200,5.6500,5.7200,5.8400,21010055,120552401.0700,3,3.581300,1,-2.054800,-42.606014,36.571239,-5.273189,1.768776,0
2020-07-23,sh.600730,5.7000,5.8000,5.5400,5.7400,5.7200,17493507,99311050.3400,3,2.981900,1,0.349700,-42.754986,36.699110,-5.291627,1.774961,0
2020-07-24,sh.600730,5.6800,5.7500,5.3300,5.3600,5.7400,17622701,97355190.6900,3,3.003900,1,-6.620200,-39.924516,34.269552,-4.941310,1.657454,0
2020-07-27,sh.600730,5.4000,5.4300,5.3000,5.3900,5.3600,7732618,41544449.2000,3,1.318100,1,0.559700,-40.147974,34.461360,-4.968967,1.666731,0
2020-07-28,sh.600730,5.4100,5.4700,5.3200,5.3600,5.3900,6234900,33633743.6800,3,1.062800,1,-0.556600,-39.924516,34.269552,-4.941310,1.657454,0
2020-07-29,sh.600730,5.3100,5.4400,5.2000,5.4300,5.3600,10878686,57803234.1800,3,1.854400,1,1.306000,-40.445919,34.717102,-5.005842,1.679100,0
2020-07-30,sh.600730,5.4300,5.5400,5.3900,5.4500,5.4300,11534302,63008072.9200,3,1.966100,1,0.368300,-40.594891,34.844974,-5.024280,1.685285,0
2020-07-31,sh.600730,5.4400,5.5000,5.3800,5.4600,5.4500,9717069,52885372.9400,3,1.656300,1,0.183500,-40.669377,34.908910,-5.033499,1.688377,0
2020-08-03,sh.600730,5.5700,5.8800,5.5300,5.8600,5.4600,25263947,144903636.8700,3,4.306400,1,7.326000,-43.648818,37.466339,-5.402253,1.812068,0
2020-08-04,sh.600730,5.8600,5.9900,5.7800,5.8700,5.8600,19568784,115127530.6100,3,3.335600,1,0.170600,-43.723304,37.530275,-5.411472,1.815160,0
2020-08-05,sh.600730,5.9900,6.1600,5.7200,5.9100,5.8700,30107362,178749335.7400,3,5.132000,1,0.681400,-44.021248,37.786018,-5.448348,1.827529,0
2020-08-06,sh.600730,5.9400,5.9900,5.7800,5.8700,5.9100,19083682,112253179.3400,3,3.253000,1,-0.676800,-43.723304,37.530275,-5.411472,1.815160,0
2020-08-07,sh.600730,5.9000,6.0500,5.7000,5.9600,5.8700,22707603,133316825.4700,3,3.870700,1,1.533200,-44.393679,38.105696,-5.494442,1.842990,0
2020-08-10,sh.600730,5.8900,5.9900,5.7300,5.8200,5.9600,17553079,102541617.8600,3,2.992100,1,-2.349000,-43.350874,37.210596,-5.365378,1.799699,0
2020-08-11,sh.600730,5.8600,5.9400,5.6700,5.7100,5.8200,13361776,77678214.2400,3,2.277600,1,-1.890000,-42.531528,36.507303,-5.263970,1.765684,0
2020-08-12,sh.600730,5.6600,5.6900,5.4700,5.5900,5.7100,11513977,64034863.4200,3,1.962600,1,-2.101600,-41.637695,35.740074,-5.153344,1.728577,0
2020-08-13,sh.600730,5.5800,5.6500,5.5600,5.5800,5.5900,7209479,40423516.1600,3,1.228900,1,-0.178900,-41.563209,35.676138,-5.144125,1.725484,0
2020-08-14,sh.600730,5.5900,5.6400,5.5200,5.6300,5.5800,7924100,44335244.5000,3,1.350700,1,0.896100,-41.935639,35.995817,-5.190220,1.740946,0
2020-08-17,sh.600730,5.6400,5.7700,5.6200,5.7500,5.6300,8886602,50730235.1400,3,1.514800,1,2.131400,-42.829472,36.763046,-5.300846,1.778053,0
2020-08-18,sh.600730,5.7400,5.7800,5.6700,5.7100,5.7500,7617474,43493389.4600,3,1.298500,1,-0.695700,-42.531528,36.507303,-5.263970,1.765684,0
2020-08-19,sh.600730,5.7500,5.7700,5.5500,5.5700,5.7100,8705200,49279750.0000,3,1.483900,1,-2.451800,-41.488723,35.612203,-5.134906,1.722392,0
2020-08-20,sh.600730,5.5200,5.5500,5.4300,5.4600,5.5700,8303107,45676222.6200,3,1.415300,1,-1.974900,-40.669377,34.908910,-5.033499,1.688377,0
2020-08-21,sh.600730,5.4800,5.5400,5.4400,5.5200,5.4600,5868800,32204718.0000,3,1.000400,1,1.098900,-41.116293,35.292524,-5.088812,1.706931,0
2020-08-24,sh.600730,5.5000,5.5300,5.4300,5.4800,5.5200,5616003,30763711.9700,3,0.957300,1,-0.724600,-40.818349,35.036781,-5.051937,1.694562,0
2020-08-25,sh.600730,5.4800,5.5400,5.4100,5.4300,5.4800,6754200,36896573.0000,3,1.151300,1,-0.912400,-40.445919,34.717102,-5.005842,1.679100,0
2020-08-26,sh.600730,5.4500,5.4500,5.2000,5.2600,5.4300,9623028,51109666.0000,3,1.640300,1,-3.130800,-39.179656,33.630195,-4.849122,1.626532,0
2020-08-27,sh.600730,5.2600,5.3200,5.2200,5.2800,5.2600,5980474,31501113.1500,3,1.019400,1,0.380200,-39.328628,33.758067,-4.867559,1.632716,0
2020-08-28,sh.600730,5.2800,5.3200,5.2500,5.3200,5.2800,6183032,32682590.9200,3,1.053900,1,0.757600,-39.626572,34.013809,-4.904435,1.645085,0
2020-08-31,sh.600730,5.3000,5.3600,5.2400,5.2600,5.3200,7844813,41595033.8500,3,1.337200,1,-1.127800,-38.448820,33.801625,-9.062735,1.636799,0
2020-09-01,sh.600730,5.2400,5.2600,5.1000,5.2300,5.2600,6280388,32622211.4800,3,1.070500,1,-0.570300,-38.229530,33.608840,-9.011046,1.627464,0
2020-09-02,sh.600730,5.2400,5.2900,5.2000,5.2800,5.2300,5928692,31128875.4600,3,1.010600,1,0.956000,-38.595013,33.930148,-9.097194,1.643023,0
2020-09-03,sh.600730,5.2700,5.2900,5.1800,5.2000,5.2800,5288800,27687753.0000,3,0.901500,1,-1.515200,-38.010240,33.416055,-8.959358,1.618128,0
2020-09-04,sh.600730,5.1700,5.2700,5.1000,5.2500,5.2000,5180790,26859508.8400,3,0.883100,1,0.961500,-38.375723,33.737363,-9.045505,1.633687,0
2020-09-07,sh.600730,5.2800,5.3600,5.2100,5.2600,5.2500,9014402,47654392.6000,3,1.536600,1,0.190500,-38.448820,33.801625,-9.062735,1.636799,0
2020-09-08,sh.600730,5.2600,5.3700,5.2600,5.3200,5.2600,8286702,44067459.9000,3,1.412500,1,1.140700,-38.887400,34.187195,-9.166112,1.655470,0
2020-09-09,sh.600730,5.3200,5.3400,5.2300,5.2600,5.3200,6432702,34030766.7600,3,1.096500,1,-1.127800,-38.448820,33.801625,-9.062735,1.636799,0
2020-09-10,sh.600730,5.3000,5.3200,4.9800,4.9800,5.2600,9865168,50508852.5000,3,1.681600,1,-5.323200,-36.402115,32.002299,-8.580308,1.549669,0
2020-09-11,sh.600730,4.9800,5.0700,4.8700,5.0500,4.9800,6338388,31421440.0700,3,1.080400,1,1.405600,-36.913791,32.452130,-8.700915,1.571452,0
2020-09-14,sh.600730,5.1400,5.1900,5.0400,5.1000,5.0500,6170003,31580546.3700,3,1.051700,1,0.990100,-37.279274,32.773439,-8.787062,1.587011,0
2020-09-15,sh.600730,5.1000,5.1100,5.0100,5.0400,5.1000,4391860,22142969.0000,3,0.748600,1,-1.176500,-36.840694,32.387869,-8.683685,1.568340,0
2020-09-16,sh.600730,5.0400,5.0700,4.8700,4.9300,5.0400,6847220,33794953.6000,3,1.167200,1,-2.182500,-36.036631,31.680991,-8.494160,1.534110,0
2020-09-17,sh.600730,4.9000,4.9900,4.8900,4.9500,4.9300,4028608,19895914.6000,3,0.686700,1,0.405700,-36.182825,31.809514,-8.528619,1.540334,0
2020-09-18,sh.600730,4.9500,5.0000,4.9100,5.0000,4.9500,4692130,23280478.6600,3,0.799800,1,1.010100,-36.548308,32.130822,-8.614767,1.555893,0
2020-09-21,sh.600730,5.0000,5.0200,4.9400,4.9600,5.0000,3533184,17577622.4800,3,0.602300,1,-0.800000,-36.255921,31.873776,-8.545849,1.543446,0
2020-09-22,sh.600730,4.9600,4.9600,4.8400,4.8600,4.9600,4946823,24183532.4700,3,0.843200,1,-2.016100,-35.524955,31.231159,-8.373554,1.512328,0
2020-09-23,sh.600730,4.8600,4.8900,4.8300,4.8600,4.8600,3690604,17908312.1400,3,0.629100,1,0.000000,-35.524955,31.231159,-8.373554,1.512328,0
2020-09-24,sh.600730,4.8400,4.8400,4.6400,4.6800,4.8600,7680782,36206202.3000,3,1.309200,1,-3.703700,-34.209216,30.074450,-8.063422,1.456316,0
2020-09-25,sh.600730,4.7000,4.7400,4.6100,4.6700,4.6800,3867800,18059986.0000,3,0.659300,1,-0.213700,-34.136119,30.010188,-8.046192,1.453204,0
2020-09-28,sh.600730,4.6500,4.6800,4.5500,4.5700,4.6700,3453098,15864973.9000,3,0.588600,1,-2.141300,-33.405153,29.367572,-7.873897,1.422086,0
2020-09-29,sh.600730,4.6000,4.6500,4.5500,4.6000,4.5700,2639902,12175401.2600,3,0.450000,1,0.656500,-33.624443,29.560356,-7.925586,1.431421,0
2020-09-30,sh.600730,4.6200,4.6500,4.5500,4.6000,4.6000,2805300,12926737.0000,3,0.478200,1,0.000000,-33.624443,29.560356,-7.925586,1.431421,0
2020-10-09,sh.600730,4.6600,4.7700,4.6100,4.7600,4.6000,5437202,25640063.3600,3,0.926800,1,3.478300,-34.793989,30.588543,-8.201258,1.481210,0
2020-10-12,sh.600730,4.7800,4.8600,4.7600,4.8500,4.7600,6068040,29232909.8000,3,1.034300,1,1.890800,-35.451859,31.166898,-8.356324,1.509216,0
2020-10-13,sh.600730,4.8300,4.8300,4.7600,4.7700,4.8500,4125200,19736848.0000,3,0.703200,1,-1.649500,-34.867086,30.652804,-8.218488,1.484322,0
2020-10-14,sh.600730,4.7600,4.7800,4.7100,4.7300,4.7700,3290284,15564682.6400,3,0.560900,1,-0.838600,-34.574699,30.395758,-8.149570,1.471875,0
2020-10-15,sh.600730,4.7200,4.7300,4.6600,4.6800,4.7300,2259500,10585535.0000,3,0.385100,1,-1.057100,-34.209216,30.074450,-8.063422,1.456316,0
2020-10-16,sh.600730,4.7000,4.7300,4.6100,4.7200,4.6800,2288339,10720480.0800,3,0.390100,1,0.854700,-34.501603,30.331496,-8.132340,1.468763,0
2020-10-19,sh.600730,4.7400,4.7600,4.6500,4.6700,4.7200,2982300,14041743.0000,3,0.508400,1,-1.059300,-34.136119,30.010188,-8.046192,1.453204,0
2020-10-20,sh.600730,4.6700,4.7300,4.6200,4.7300,4.6700,2662943,12419253.5200,3,0.453900,1,1.284800,-34.574699,30.395758,-8.149570,1.471875,0
2020-10-21,sh.600730,4.7200,4.7200,4.6200,4.6700,4.7300,2590392,12061490.1800,3,0.441600,1,-1.268500,-34.136119,30.010188,-8.046192,1.453204,0
2020-10-22,sh.600730,4.6500,4.8900,4.6100,4.7500,4.6700,7954920,37659830.7600,3,1.356000,1,1.713100,-34.720892,30.524281,-8.184029,1.478098,0
2020-10-23,sh.600730,4.7200,4.7400,4.6500,4.6500,4.7500,4834302,22662148.0100,3,0.824000,1,-2.105300,-33.989926,29.881665,-8.011733,1.446980,0
2020-10-26,sh.600730,4.5700,4.6500,4.5600,4.5800,4.6500,3385398,15576138.1600,3,0.577100,1,-1.505400,-33.478250,29.431833,-7.891127,1.425198,0
2020-10-27,sh.600730,4.6100,4.6100,4.5500,4.5600,4.5800,2174000,9941235.0000,3,0.370600,1,-0.436700,-33.332057,29.303310,-7.856668,1.418974,0
2020-10-28,sh.600730,4.5600,4.6200,4.5100,4.6000,4.5600,3442245,15710633.8400,3,0.586800,1,0.877200,-33.624443,29.560356,-7.925586,1.431421,0
2020-10-29,sh.600730,4.5500,4.6900,4.5200,4.6900,4.6000,4318825,20032082.4700,3,0.736200,1,1.956500,-34.282313,30.138711,-8.080651,1.459427,0
2020-10-30,sh.600730,4.6900,4.7300,4.4600,4.4600,4.6900,4338236,19899739.5800,3,0.739500,1,-4.904100,-32.601091,28.660693,-7.684372,1.387856,0
2020-11-02,sh.600730,4.5100,4.5800,4.4800,4.5400,4.4600,3644457,16493562.0700,3,0.621200,1,1.793700,-41.168949,27.999819,-32.445232,1.402644,0
2020-11-03,sh.600730,4.5500,4.6600,4.5400,4.6600,4.5400,3406357,15754380.9100,3,0.580600,1,2.643200,-42.257116,28.739902,-33.302815,1.439718,0
2020-11-04,sh.600730,4.6400,4.6800,4.5700,4.6500,4.6600,2387506,11074128.3600,3,0.407000,1,-0.214600,-42.166435,28.678229,-33.231350,1.436628,0
2020-11-05,sh.600730,4.6700,4.7000,4.6400,4.6900,4.6500,3032826,14159296.6400,3,0.517000,1,0.860200,-42.529157,28.924923,-33.517211,1.448987,0
2020-11-06,sh.600730,4.6800,4.6900,4.6000,4.6300,4.6900,2480240,11504271.8300,3,0.422800,1,-1.279300,-41.985074,28.554881,-33.088419,1.430449,0
2020-11-09,sh.600730,4.6300,4.7300,4.6200,4.7100,4.6300,4399784,20631865.9400,3,0.750000,1,1.727900,-42.710518,29.048270,-33.660142,1.455166,0
2020-11-10,sh.600730,4.7100,4.7500,4.6900,4.7300,4.7100,3655465,17261944.5700,3,0.623100,1,0.424600,-42.891879,29.171618,-33.803072,1.461345,0
2020-11-11,sh.600730,4.7300,4.7500,4.6600,4.6900,4.7300,2962300,13904791.0000,3,0.504900,1,-0.845700,-42.529157,28.924923,-33.517211,1.448987,0
2020-11-12,sh.600730,4.6600,5.1100,4.6600,5.0400,4.6900,19481407,96172510.0100,3,3.320800,1,7.462700,-45.702975,31.083499,-36.018495,1.557120,0
2020-11-13,sh.600730,4.9400,4.9600,4.7900,4.8300,5.0400,14190756,69063951.9000,3,2.418900,1,-4.166700,-43.798684,29.788354,-34.517725,1.492240,0
2020-11-16,sh.600730,4.8000,4.9000,4.7800,4.8900,4.8300,7595638,36829038.6400,3,1.294700,1,1.242200,-44.342767,30.158395,-34.946516,1.510777,0
2020-11-17,sh.600730,4.9200,4.9300,4.8400,4.9000,4.8900,4708771,22971832.4000,3,0.802600,1,0.204500,-44.433448,30.220069,-35.017982,1.513867,0
2020-11-18,sh.600730,4.8700,4.9300,4.8500,4.8800,4.9000,4121012,20182167.6800,3,0.702500,1,-0.408200,-44.252087,30.096722,-34.875051,1.507687,0
2020-11-19,sh.600730,4.8700,4.9800,4.8500,4.9000,4.8800,5802651,28509745.9800,3,0.989100,1,0.409800,-44.433448,30.220069,-35.017982,1.513867,0
2020-11-20,sh.600730,4.8800,4.9400,4.8600,4.9400,4.9000,4598640,22534087.4000,3,0.783900,1,0.816300,-44.796170,30.466763,-35.303843,1.526225,0
2020-11-23,sh.600730,4.9600,5.0500,4.9300,4.9900,4.9400,5560226,27778725.9700,3,0.947800,1,1.012100,-45.249572,30.775131,-35.661169,1.541672,0
2020-11-24,sh.600730,4.9900,5.0500,4.9400,5.0100,4.9900,4193753,20914414.2100,3,0.714900,1,0.400800,-45.430933,30.898479,-35.804100,1.547851,0
2020-11-25,sh.600730,5.0000,5.0200,4.8900,4.9000,5.0100,3666275,18177270.7500,3,0.624900,1,-2.195600,-44.433448,30.220069,-35.017982,1.513867,0
2020-11-26,sh.600730,4.9000,4.9100,4.8400,4.9000,4.9000,2965619,14434336.9500,3,0.505500,1,0.000000,-44.433448,30.220069,-35.017982,1.513867,0
2020-11-27,sh.600730,4.9200,4.9200,4.8000,4.8900,4.9000,2921703,14178382.5500,3,0.498000,1,-0.204100,-44.342767,30.158395,-34.946516,1.510777,0
2020-11-30,sh.600730,4.8900,4.9500,4.8500,4.8700,4.8900,3729250,18274505.0800,3,0.635700,1,-0.409000,-44.161406,30.035048,-34.803586,1.504598,0
2020-12-01,sh.600730,4.8600,4.9100,4.8200,4.8800,4.8700,4432537,21570008.5100,3,0.755600,1,0.205300,-44.252087,30.096722,-34.875051,1.507687,0
2020-12-02,sh.600730,4.8800,5.0000,4.8600,4.9600,4.8800,4910913,24301336.0600,3,0.837100,1,1.639300,-44.977531,30.590111,-35.446773,1.532404,0
2020-12-03,sh.600730,4.9800,5.0000,4.9100,4.9500,4.9600,4127444,20434848.2400,3,0.703600,1,-0.201600,-44.886850,30.528437,-35.375308,1.529314,0
2020-12-04,sh.600730,4.9500,5.0400,4.9200,5.0200,4.9500,5539778,27689210.1100,3,0.944300,1,1.414100,-45.521614,30.960152,-35.875565,1.550941,0
2020-12-07,sh.600730,5.0000,5.0700,4.9700,5.0000,5.0200,4272848,21445591.0800,3,0.728300,1,-0.398400,-45.340253,30.836805,-35.732634,1.544762,0
2020-12-08,sh.600730,5.0000,5.0200,4.9500,4.9700,5.0000,2574500,12809111.0000,3,0.438800,1,-0.600000,-45.068211,30.651784,-35.518239,1.535493,0
2020-12-09,sh.600730,4.9600,4.9600,4.8100,4.8300,4.9700,3965178,19359622.8200,3,0.675900,1,-2.816900,-43.798684,29.788354,-34.517725,1.492240,0
2020-12-10,sh.600730,4.8200,4.8600,4.7700,4.8200,4.8300,2741714,13204253.1800,3,0.467300,1,-0.207000,-43.708004,29.726680,-34.446260,1.489150,0
2020-12-11,sh.600730,4.8200,4.8200,4.5900,4.6800,4.8200,5068102,23740889.3400,3,0.863900,1,-2.904600,-42.438477,28.863249,-33.445746,1.445897,0
2020-12-14,sh.600730,4.6800,4.6900,4.6100,4.6800,4.6800,2321461,10824395.0800,3,0.395700,1,0.000000,-42.438477,28.863249,-33.445746,1.445897,0
2020-12-15,sh.600730,4.6900,4.7000,4.6300,4.6900,4.6800,2617220,12225594.4000,3,0.446100,1,0.213700,-42.529157,28.924923,-33.517211,1.448987,0
2020-12-16,sh.600730,4.6900,4.6900,4.5500,4.5800,4.6900,4124465,18982222.2300,3,0.703000,1,-2.345400,-41.531672,28.246513,-32.731093,1.415002,0
2020-12-17,sh.600730,4.5800,4.6200,4.4800,4.6000,4.5800,4353202,19803732.1400,3,0.742000,1,0.436700,-41.713033,28.369861,-32.874024,1.421181,0
2020-12-18,sh.600730,4.6000,4.6600,4.5900,4.6200,4.6000,3321352,15356471.7600,3,0.566100,1,0.434800,-41.894394,28.493208,-33.016954,1.427360,0
2020-12-21,sh.600730,4.6100,4.6300,4.5300,4.6000,4.6200,3091216,14173225.2800,3,0.526900,1,-0.432900,-41.713033,28.369861,-32.874024,1.421181,0
2020-12-22,sh.600730,4.5800,4.5900,4.5000,4.5000,4.6000,3587502,16293283.0800,3,0.611500,1,-2.173900,-40.806227,27.753124,-32.159371,1.390286,0
2020-12-23,sh.600730,4.4800,4.5100,4.3800,4.4100,4.5000,6207432,27509904.1600,3,1.058100,1,-2.000000,-39.990103,27.198062,-31.516184,1.362480,0
2020-12-24,sh.600730,4.4300,4.4400,4.2800,4.3000,4.4100,4831324,21027374.4400,3,0.823500,1,-2.494300,-38.992617,26.519652,-30.730066,1.328495,0
2020-12-25,sh.600730,4.3000,4.4600,4.3000,4.4400,4.3000,3207602,14132738.8600,3,0.546800,1,3.255800,-40.262144,27.383083,-31.730579,1.371748,0
2020-12-28,sh.600730,4.4400,4.4500,4.3400,4.3800,4.4400,3134900,13770725.0000,3,0.534400,1,-1.351400,-39.718061,27.013041,-31.301788,1.353211,0
2020-12-29,sh.600730,4.4000,4.4500,4.3700,4.4100,4.3800,2611860,11534308.0800,3,0.445200,1,0.684900,-39.990103,27.198062,-31.516184,1.362480,0
2020-12-30,sh.600730,4.4000,4.4600,4.3800,4.4000,4.4100,2867051,12644269.6000,3,0.488700,1,-0.226800,-39.899422,27.136388,-31.444718,1.359390,0
2020-12-31,sh.600730,4.4500,4.5000,4.4100,4.4500,4.4000,3807222,16916054.3800,3,0.649000,1,1.136400,-40.352825,27.444756,-31.802045,1.374838,0
2021-01-04,sh.600730,4.4500,4.4800,4.4100,4.4700,4.4500,3109850,13868737.0000,3,0.530100,1,0.449400,-40.534186,27.568104,-31.944975,1.381017,0
2021-01-05,sh.600730,4.4600,4.4600,4.3600,4.4400,4.4700,3944388,17369821.1500,3,0.672400,1,-0.671100,-40.262144,27.383083,-31.730579,1.371748,0
2021-01-06,sh.600730,4.4100,4.4500,4.3100,4.3500,4.4400,4089728,17876026.8100,3,0.697100,1,-2.027000,-39.446020,26.828020,-31.087392,1.343943,0
2021-01-07,sh.600730,4.3500,4.3500,4.1300,4.2000,4.3500,6797958,28717942.7000,3,1.158800,1,-3.448300,-38.085812,25.902916,-30.015413,1.297600,0
2021-01-08,sh.600730,4.2000,4.2100,4.0400,4.2000,4.2000,4086837,16926409.9200,3,0.696600,1,0.000000,-38.085812,25.902916,-30.015413,1.297600,0
2021-01-11,sh.600730,4.1900,4.1900,4.0300,4.0400,4.2000,5561594,22723386.5000,3,0.948000,1,-3.809500,-36.634924,24.916138,-28.871969,1.248168,0
2021-01-12,sh.600730,4.0400,4.1100,4.0200,4.0800,4.0400,3312102,13467463.1200,3,0.564600,1,0.990100,-36.997646,25.162833,-29.157830,1.260526,0
2021-01-13,sh.600730,4.0900,4.3900,3.9700,4.2000,4.0800,8413790,35029094.5000,3,1.434200,1,2.941200,-38.085812,25.902916,-30.015413,1.297600,0
2021-01-14,sh.600730,4.2000,4.3700,4.0900,4.2800,4.2000,8265238,35415009.5300,3,1.408900,1,1.904800,-38.811256,26.396305,-30.587135,1.322316,0
2021-01-15,sh.600730,4.2600,4.2600,4.1700,4.2200,4.2800,5127547,21578667.7100,3,0.874000,1,-1.401900,-38.267173,26.026263,-30.158343,1.303779,0
2021-01-18,sh.600730,4.1900,4.2600,4.1900,4.2100,4.2200,3669367,15481757.6900,3,0.625500,1,-0.237000,-38.176493,25.964590,-30.086878,1.300689,0
2021-01-19,sh.600730,4.2100,4.2800,4.1800,4.2100,4.2100,3533505,14951566.9200,3,0.602300,1,0.000000,-38.176493,25.964590,-30.086878,1.300689,0
2021-01-20,sh.600730,4.2200,4.2300,4.1800,4.2100,4.2100,2264717,9513218.7200,3,0.386000,1,0.000000,-38.176493,25.964590,-30.086878,1.300689,0
2021-01-21,sh.600730,4.2100,4.2700,4.1900,4.2300,4.2100,3913976,16562101.3200,3,0.667200,1,0.475100,-38.357854,26.087937,-30.229809,1.306868,0
2021-01-22,sh.600730,4.2300,4.2400,4.0900,4.1100,4.2300,3677943,15207460.7500,3,0.626900,1,-2.836900,-37.269688,25.347854,-29.372225,1.269794,0
2021-01-25,sh.600730,4.1000,4.1100,4.0000,4.0200,4.1100,3361052,13576835.5600,3,0.572900,1,-2.189800,-36.453563,24.792791,-28.729038,1.241988,0
2021-01-26,sh.600730,4.0000,4.0700,3.9600,4.0300,4.0200,5095000,20433669.0000,3,0.868500,1,0.248800,-36.544244,24.854465,-28.800503,1.245078,0
2021-01-27,sh.600730,4.0000,4.0200,3.9800,3.9800,4.0300,2856900,11409989.0000,3,0.487000,1,-1.240700,-36.090841,24.546097,-28.443177,1.229630,0
2021-01-28,sh.600730,3.9600,4.0400,3.9500,4.0000,3.9800,2394632,9596336.0000,3,0.408200,1,0.502500,-36.272202,24.669444,-28.586107,1.235809,0
2021-01-29,sh.600730,4.0000,4.0100,3.9100,3.9400,4.0000,3922602,15499609.8400,3,0.668600,1,-1.500000,-35.728119,24.299402,-28.157316,1.217272,0
2021-02-01,sh.600730,4.1800,4.2500,4.0400,4.0700,3.9400,8961463,37169037.1300,3,1.527500,1,3.299500,-36.906966,25.101159,-29.086364,1.257436,0
2021-02-02,sh.600730,4.0700,4.0700,3.9600,4.0100,4.0700,4556613,18209543.3300,3,0.776700,1,-1.474200,-36.362883,24.731118,-28.657573,1.238899,0
2021-02-03,sh.600730,4.0200,4.0500,3.9500,4.0100,4.0100,3173198,12700302.7800,3,0.540900,1,0.000000,-36.362883,24.731118,-28.657573,1.238899,0
2021-02-04,sh.600730,4.0200,4.0200,3.8500,3.8800,4.0100,3838879,14999959.7400,3,0.654400,1,-3.241900,-35.184036,23.929361,-27.728524,1.198735,0
2021-02-05,sh.600730,3.9000,3.9500,3.8600,3.8900,3.8800,1968600,7688218.0000,3,0.335600,1,0.257700,-35.274717,23.991034,-27.799990,1.201825,0
2021-02-08,sh.600730,3.9000,3.9400,3.8500,3.9200,3.8900,2039987,7971726.1900,3,0.347700,1,0.771200,-35.546758,24.176055,-28.014385,1.211093,0
2021-02-09,sh.600730,3.9000,4.0000,3.8800,4.0000,3.9200,2742175,10852079.0700,3,0.467400,1,2.040800,-36.272202,24.669444,-28.586107,1.235809,0
2021-02-10,sh.600730,3.9900,4.0600,3.9500,4.0100,4.0000,2678387,10749245.1300,3,0.456600,1,0.250000,-36.362883,24.731118,-28.657573,1.238899,0
2021-02-18,sh.600730,4.0300,4.1000,4.0000,4.0800,4.0100,4311666,17497160.1100,3,0.735000,1,1.745600,-36.997646,25.162833,-29.157830,1.260526,0
2021-02-19,sh.600730,4.0700,4.2300,4.0500,4.2300,4.0800,5618402,23500740.3000,3,0.957700,1,3.676500,-38.357854,26.087937,-30.229809,1.306868,0
2021-02-22,sh.600730,4.2200,4.3300,4.1900,4.2400,4.2300,6377708,27250841.9400,3,1.087100,1,0.236400,-38.448534,26.149611,-30.301274,1.309958,0
2021-02-23,sh.600730,4.2400,4.2700,4.1800,4.2100,4.2400,2959061,12502089.6400,3,0.504400,1,-0.707500,-38.176493,25.964590,-30.086878,1.300689,0
2021-02-24,sh.600730,4.2100,4.2500,4.1800,4.2100,4.2100,3434549,14491778.8300,3,0.585400,1,0.000000,-38.176493,25.964590,-30.086878,1.300689,0
2021-02-25,sh.600730,4.2200,4.2400,4.1600,4.1700,4.2100,3525813,14771241.7400,3,0.601000,1,-0.950100,-37.813771,25.717895,-29.801017,1.288331,0
2021-02-26,sh.600730,4.1500,4.2300,4.1200,4.1800,4.1700,3215632,13476879.0800,3,0.548100,1,0.239800,-37.904451,25.779569,-29.872482,1.291421,0
2021-03-01,sh.600730,4.2000,4.2500,4.1900,4.2500,4.1800,3218328,13620170.5200,3,0.548600,1,1.674600,-38.539215,26.211284,-30.372739,1.313047,0
2021-03-02,sh.600730,4.2700,4.2800,4.1900,4.1900,4.2500,2876200,12139388.0000,3,0.490300,1,-1.411800,-37.995132,25.841243,-29.943948,1.294510,0
2021-03-03,sh.600730,4.2000,4.2500,4.1800,4.2500,4.1900,2910600,12321629.0000,3,0.496100,1,1.432000,-38.539215,26.211284,-30.372739,1.313047,0
2021-03-04,sh.600730,4.2300,4.2700,4.2200,4.2400,4.2500,3008083,12760392.6700,3,0.512800,1,-0.235300,-38.448534,26.149611,-30.301274,1.309958,0
2021-03-05,sh.600730,4.2400,4.3100,4.2100,4.2900,4.2400,3859222,16506880.3800,3,0.657800,1,1.179200,-38.901937,26.457979,-30.658600,1.325406,0
2021-03-08,sh.600730,4.2900,4.3800,4.2700,4.2800,4.2900,3412785,14772470.9000,3,0.581700,1,-0.233100,-38.811256,26.396305,-30.587135,1.322316,0
2021-03-09,sh.600730,4.2800,4.3000,4.1400,4.2400,4.2800,3688924,15612497.3600,3,0.628800,1,-0.934600,-38.448534,26.149611,-30.301274,1.309958,0
2021-03-10,sh.600730,4.2800,4.2800,4.1500,4.1800,4.2400,2347000,9843440.0000,3,0.400100,1,-1.415100,-37.904451,25.779569,-29.872482,1.291421,0
2021-03-11,sh.600730,4.1700,4.2400,4.1600,4.2400,4.1800,2086400,8781813.0000,3,0.355600,1,1.435400,-38.448534,26.149611,-30.301274,1.309958,0
2021-03-12,sh.600730,4.2400,4.2800,4.1800,4.2600,4.2400,2350340,9962713.4000,3,0.400600,1,0.471700,-38.629895,26.272958,-30.444204,1.316137,0
2021-03-15,sh.600730,4.2400,4.3100,4.2300,4.2900,4.2600,2640578,11318034.8400,3,0.450100,1,0.704200,-38.901937,26.457979,-30.658600,1.325406,0
2021-03-16,sh.600730,4.2900,4.3500,4.2900,4.3500,4.2900,3476683,15031204.1200,3,0.592600,1,1.398600,-39.446020,26.828020,-31.087392,1.343943,0
2021-03-17,sh.600730,4.3200,4.3500,4.2800,4.3300,4.3500,2428950,10479561.9800,3,0.414000,1,-0.459800,-39.264659,26.704673,-30.944461,1.337764,0
2021-03-18,sh.600730,4.3300,4.4400,4.3100,4.3600,4.3300,4856167,21274390.7300,3,0.827800,1,0.692800,-39.536700,26.889694,-31.158857,1.347032,0
2021-03-19,sh.600730,4.3500,4.5000,4.3000,4.4400,4.3600,7363338,32654385.0200,3,1.255100,1,1.834900,-40.262144,27.383083,-31.730579,1.371748,0
2021-03-22,sh.600730,4.4200,4.4700,4.4100,4.4500,4.4400,3247500,14403838.0000,3,0.553600,1,0.225200,-40.352825,27.444756,-31.802045,1.374838,0
2021-03-23,sh.600730,4.4300,4.4500,4.3300,4.3700,4.4500,4593953,20090975.7900,3,0.783100,1,-1.797800,-39.627381,26.951368,-31.230322,1.350122,0
2021-03-24,sh.600730,4.3300,4.4500,4.3000,4.4100,4.3700,3547700,15549932.0000,3,0.604700,1,0.915300,-39.990103,27.198062,-31.516184,1.362480,0
2021-03-25,sh.600730,4.4500,4.4600,4.3400,4.3500,4.4100,2713122,11890611.7000,3,0.462500,1,-1.360500,-39.446020,26.828020,-31.087392,1.343943,0
2021-03-26,sh.600730,4.3400,4.4100,4.3400,4.3700,4.3500,2571000,11260286.0000,3,0.438200,1,0.459800,-39.627381,26.951368,-31.230322,1.350122,0
2021-03-29,sh.600730,4.3700,4.4300,4.3500,4.3800,4.3700,2335608,10251005.8100,3,0.398100,1,0.228800,-39.718061,27.013041,-31.301788,1.353211,0
2021-03-30,sh.600730,4.3900,4.3900,4.2100,4.2500,4.3800,3245418,13893460.6800,3,0.553200,1,-2.968000,-38.539215,26.211284,-30.372739,1.313047,0
2021-03-31,sh.600730,4.2400,4.3800,4.2300,4.3700,4.2500,3349240,14461056.7000,3,0.570900,1,2.823500,-39.627381,26.951368,-31.230322,1.350122,0
2021-04-01,sh.600730,4.3900,4.4100,4.2900,4.3300,4.3700,2821900,12208737.9800,3,0.481000,1,-0.915300,-39.264659,26.704673,-30.944461,1.337764,0
2021-04-02,sh.600730,4.3300,4.3900,4.3100,4.3800,4.3300,2748300,11974438.0000,3,0.468500,1,1.154700,-39.718061,27.013041,-31.301788,1.353211,0
2021-04-06,sh.600730,4.3700,4.4000,4.3400,4.3800,4.3800,2698526,11787042.0200,3,0.460000,1,0.000000,-39.718061,27.013041,-31.301788,1.353211,0
2021-04-07,sh.600730,4.3900,4.4700,4.3700,4.4500,4.3800,4269720,18961475.4000,3,0.727800,1,1.598200,-40.352825,27.444756,-31.802045,1.374838,0
2021-04-08,sh.600730,4.4500,4.5000,4.3700,4.3800,4.4500,4407722,19559518.9000,3,0.751300,1,-1.573000,-39.718061,27.013041,-31.301788,1.353211,0
2021-04-09,sh.600730,4.3800,4.4200,4.3700,4.4200,4.3800,2105700,9264358.0000,3,0.358900,1,0.913200,-40.080783,27.259736,-31.587649,1.365569,0
2021-04-12,sh.600730,4.4100,4.4500,4.3800,4.3900,4.4200,2318300,10226649.0000,3,0.395200,1,-0.678700,-39.808742,27.074715,-31.373253,1.356301,0
2021-04-13,sh.600730,4.3900,4.6000,4.2900,4.3600,4.3900,5988577,26263074.0100,3,1.020800,1,-0.683400,-39.536700,26.889694,-31.158857,1.347032,0
2021-04-14,sh.600730,4.2800,4.3400,4.2800,4.3300,4.3600,4984400,21494422.0000,3,0.849600,1,-0.688100,-39.264659,26.704673,-30.944461,1.337764,0
2021-04-15,sh.600730,4.3300,4.4200,4.3100,4.3400,4.3300,4287365,18654555.1000,3,0.730800,1,0.230900,-39.355339,26.766347,-31.015927,1.340853,0
2021-04-16,sh.600730,4.3400,4.5300,4.3100,4.5300,4.3400,10017796,44781617.9400,3,1.707600,1,4.377900,-41.078269,27.938145,-32.373767,1.399554,0
2021-04-19,sh.600730,4.5400,4.5800,4.4800,4.5400,4.5300,6507726,29434739.4400,3,1.109300,1,0.220800,-41.168949,27.999819,-32.445232,1.402644,0
2021-04-20,sh.600730,4.5100,4.5600,4.3800,4.4300,4.5400,6451240,28928240.4000,3,1.099700,1,-2.422900,-40.171464,27.321409,-31.659114,1.368659,0
2021-04-21,sh.600730,4.4300,4.6200,4.4200,4.5600,4.4300,11491628,52258831.4200,3,1.958800,1,2.934500,-41.350310,28.123166,-32.588163,1.408823,0
2021-04-22,sh.600730,4.5500,4.7400,4.5500,4.6400,4.5600,14792555,68990717.5700,3,2.521500,1,1.754400,-42.075755,28.616555,-33.159885,1.433539,0
2021-04-23,sh.600730,4.6300,4.6400,4.5200,4.5600,4.6400,8318525,38003294.3000,3,1.418000,1,-1.724100,-41.350310,28.123166,-32.588163,1.408823,0
2021-04-26,sh.600730,4.5500,4.7100,4.5200,4.5900,4.5600,10471978,48534330.1200,3,1.785000,1,0.657900,-41.622352,28.308187,-32.802558,1.418091,0
2021-04-27,sh.600730,4.5800,4.7000,4.4800,4.7000,4.5900,9234432,42533304.2000,3,1.574100,1,2.396500,-42.619838,28.986597,-33.588676,1.452076,0
2021-04-28,sh.600730,4.6400,4.7100,4.4500,4.5300,4.7000,13204372,60354536.8900,3,2.250800,1,-3.617000,-41.078269,27.938145,-32.373767,1.399554,0
2021-04-29,sh.600730,4.4800,4.6500,4.4500,4.5300,4.5300,8427245,38313465.9400,3,1.436500,1,0.000000,-41.078269,27.938145,-32.373767,1.399554,0
2021-04-30,sh.600730,4.5100,4.5700,4.3300,4.5500,4.5300,10742083,47578358.4900,3,1.831100,1,0.441500,204.565034,24.970676,-39.857868,1.397218,0
2021-05-06,sh.600730,5.0100,5.0100,4.6600,4.7000,4.5500,36978163,180716006.2000,3,6.303200,1,3.296700,211.308936,25.793885,-41.171864,1.443280,0
2021-05-07,sh.600730,4.5800,4.6200,4.4000,4.5100,4.7000,25544120,115113710.8000,3,4.354200,1,-4.042600,202.766660,24.751154,-39.507469,1.384934,0
2021-05-10,sh.600730,4.4600,4.5300,4.4000,4.5100,4.5100,11486321,51121432.9900,3,1.957900,1,0.000000,202.766660,24.751154,-39.507469,1.384934,0
2021-05-11,sh.600730,4.4700,4.5400,4.4500,4.4800,4.5100,6583300,29582916.0000,3,1.122200,1,-0.665200,201.417879,24.586512,-39.244670,1.375722,0
2021-05-12,sh.600730,4.4800,4.5300,4.4200,4.5200,4.4800,5789220,25971091.0000,3,0.986800,1,0.892900,203.216253,24.806035,-39.595069,1.388005,0
2021-05-13,sh.600730,4.5000,4.6900,4.4700,4.5600,4.5200,11054310,50759471.0000,3,1.884300,1,0.885000,205.014627,25.025557,-39.945468,1.400289,0
2021-05-14,sh.600730,4.5500,4.6100,4.5300,4.5700,4.5600,7573168,34598118.8900,3,1.290900,1,0.219300,205.464221,25.080438,-40.033068,1.403359,0
2021-05-17,sh.600730,4.5700,4.5800,4.4300,4.4300,4.5700,7819803,35074384.3500,3,1.332900,1,-3.063500,199.169912,24.312109,-38.806672,1.360368,0
2021-05-18,sh.600730,4.4200,4.4800,4.4100,4.4700,4.4300,3324400,14798675.0000,3,0.566700,1,0.902900,200.968286,24.531631,-39.157071,1.372651,0
2021-05-19,sh.600730,4.4700,4.4700,4.3600,4.3900,4.4700,5786218,25519231.4800,3,0.986300,1,-1.789700,197.371538,24.092587,-38.456273,1.348085,0
2021-05-20,sh.600730,4.3800,4.3900,4.2800,4.3200,4.3900,5474285,23723732.5000,3,0.933100,1,-1.594500,194.224384,23.708422,-37.843075,1.326589,0
2021-05-21,sh.600730,4.3400,4.3800,4.3200,4.3500,4.3200,2980318,12973833.4800,3,0.508000,1,0.694400,195.573164,23.873064,-38.105874,1.335802,0
2021-05-24,sh.600730,4.3500,4.4300,4.3300,4.3900,4.3500,3717424,16261863.3600,3,0.633700,1,0.919500,197.371538,24.092587,-38.456273,1.348085,0
2021-05-25,sh.600730,4.3800,4.4400,4.3600,4.4300,4.3900,4708715,20746419.5000,3,0.802600,1,0.911200,199.169912,24.312109,-38.806672,1.360368,0
2021-05-26,sh.600730,4.4300,4.4900,4.4000,4.4700,4.4300,5097668,22677827.7600,3,0.868900,1,0.902900,200.968286,24.531631,-39.157071,1.372651,0
2021-05-27,sh.600730,4.4500,4.4900,4.4200,4.4600,4.4700,5127952,22836097.9600,3,0.874100,1,-0.223700,200.518693,24.476751,-39.069471,1.369580,0
2021-05-28,sh.600730,4.4600,4.7600,4.4200,4.5600,4.4600,14755453,67380117.8200,3,2.515200,1,2.242200,205.014627,25.025557,-39.945468,1.400289,0
2021-05-31,sh.600730,4.5300,4.5300,4.4600,4.5000,4.5600,9121736,40976611.5600,3,1.554900,1,-1.315800,202.317066,24.696273,-39.419870,1.381864,0
2021-06-01,sh.600730,4.4900,4.6000,4.4700,4.5900,4.5000,8722327,39518865.4200,3,1.486800,1,2.000000,206.363408,25.190199,-40.208267,1.409501,0
2021-06-02,sh.600730,4.5500,4.5800,4.5000,4.5100,4.5900,5178949,23497794.7200,3,0.882800,1,-1.742900,202.766660,24.751154,-39.507469,1.384934,0
2021-06-03,sh.600730,4.5200,4.6200,4.5100,4.5500,4.5100,7731558,35322943.3400,3,1.317900,1,0.886900,204.565034,24.970676,-39.857868,1.397218,0
2021-06-04,sh.600730,4.5400,4.5900,4.5300,4.5400,4.5500,4525958,20615109.9000,3,0.771500,1,-0.219800,204.115440,24.915796,-39.770269,1.394147,0
2021-06-07,sh.600730,4.5400,4.5500,4.4700,4.5000,4.5400,5237602,23596977.0000,3,0.892800,1,-0.881100,202.317066,24.696273,-39.419870,1.381864,0
2021-06-08,sh.600730,4.5000,4.5700,4.4800,4.5500,4.5000,4907100,22152226.0000,3,0.836500,1,1.111100,204.565034,24.970676,-39.857868,1.397218,0
2021-06-09,sh.600730,4.5500,4.5500,4.5000,4.5300,4.5500,3505058,15859528.1600,3,0.597500,1,-0.439600,203.665847,24.860915,-39.682669,1.391076,0
2021-06-10,sh.600730,4.5300,4.5800,4.5000,4.5300,4.5300,5578600,25332009.0000,3,0.950900,1,0.000000,203.665847,24.860915,-39.682669,1.391076,0
2021-06-11,sh.600730,4.5300,4.5600,4.4700,4.4900,4.5300,4452222,20106944.4400,3,0.758900,1,-0.883000,201.867473,24.641393,-39.332270,1.378793,0
2021-06-15,sh.600730,4.5100,4.5100,4.4000,4.4100,4.4900,4940858,21911570.9400,3,0.842200,1,-1.781700,198.270725,24.202348,-38.631472,1.354226,0
2021-06-16,sh.600730,4.4100,4.4500,4.3500,4.3700,4.4100,3702157,16301450.3400,3,0.631100,1,-0.907000,196.472351,23.982825,-38.281073,1.341943,0
2021-06-17,sh.600730,4.3900,4.4300,4.3500,4.3900,4.3700,3342484,14684271.3800,3,0.569800,1,0.457700,197.371538,24.092587,-38.456273,1.348085,0
2021-06-18,sh.600730,4.4000,4.4800,4.3800,4.4800,4.3900,4850016,21461386.8800,3,0.826700,1,2.050100,201.417879,24.586512,-39.244670,1.375722,0
2021-06-21,sh.600730,4.4600,4.5000,4.4000,4.4200,4.4800,3901418,17284435.0600,3,0.665000,1,-1.339300,198.720319,24.257228,-38.719072,1.357297,0
2021-06-22,sh.600730,4.4200,4.4700,4.4100,4.4500,4.4200,4289528,19054712.0200,3,0.731200,1,0.678700,200.069099,24.421870,-38.981871,1.366510,0
2021-06-23,sh.600730,4.4400,4.4600,4.4000,4.4200,4.4500,3706951,16388707.4300,3,0.631900,1,-0.674200,198.720319,24.257228,-38.719072,1.357297,0
2021-06-24,sh.600730,4.4100,4.4200,4.3400,4.3500,4.4200,5565000,24340070.3000,3,0.948600,1,-1.583700,195.573164,23.873064,-38.105874,1.335802,0
2021-06-25,sh.600730,4.3300,4.3700,4.3100,4.3600,4.3500,3727006,16154132.5900,3,0.635300,1,0.229900,196.022758,23.927945,-38.193474,1.338872,0
2021-06-28,sh.600730,4.3500,4.3800,4.3400,4.3500,4.3600,2480357,10803701.9600,3,0.422800,1,-0.229400,195.573164,23.873064,-38.105874,1.335802,0
2021-06-29,sh.600730,4.3400,4.3400,4.2400,4.2500,4.3500,4500000,19246277.0000,3,0.767100,1,-2.298900,191.077229,23.324258,-37.229877,1.305093,0
2021-06-30,sh.600730,4.2500,4.2800,4.2300,4.2700,4.2500,3389225,14421600.9800,3,0.577700,1,0.470600,191.976416,23.434019,-37.405076,1.311235,0
2021-07-01,sh.600730,4.2800,4.2800,4.2000,4.2200,4.2700,4972500,21104025.0000,3,0.847600,1,-1.171000,189.728449,23.159616,-36.967078,1.295881,0
2021-07-02,sh.600730,4.2200,4.2200,4.1800,4.1900,4.2200,2488900,10435378.0000,3,0.424300,1,-0.710900,188.379669,22.994974,-36.704279,1.286669,0
2021-07-05,sh.600730,4.1800,4.2400,4.1600,4.2400,4.1900,3005500,12657782.0000,3,0.512300,1,1.193300,190.627636,23.269378,-37.142277,1.302023,0
2021-07-06,sh.600730,4.3100,4.4100,4.2900,4.3600,4.2400,9964364,43397185.2000,3,1.698500,1,2.830200,196.022758,23.927945,-38.193474,1.338872,0
2021-07-07,sh.600730,4.3300,4.3400,4.2900,4.3100,4.3600,3561253,15366719.9600,3,0.607000,1,-1.146800,193.774790,23.653542,-37.755475,1.323518,0
2021-07-08,sh.600730,4.3300,4.5100,4.3100,4.4500,4.3100,12968023,57808546.8900,3,2.210500,1,3.248300,200.069099,24.421870,-38.981871,1.366510,0
2021-07-09,sh.600730,4.4100,4.5500,4.4000,4.4500,4.4500,8629987,38594273.8000,3,1.471000,1,0.000000,200.069099,24.421870,-38.981871,1.366510,0
2021-07-12,sh.600730,4.4400,4.4500,4.3000,4.4000,4.4500,6820202,30110950.8400,3,1.162600,1,-1.123600,197.821132,24.147467,-38.543873,1.351156,0
2021-07-13,sh.600730,4.4200,4.4200,4.3300,4.3500,4.4000,5716888,24899482.7400,3,0.974500,1,-1.136400,195.573164,23.873064,-38.105874,1.335802,0
2021-07-14,sh.600730,4.3500,4.3800,4.3200,4.3500,4.3500,2984646,12992810.2000,3,0.508800,1,0.000000,195.573164,23.873064,-38.105874,1.335802,0
2021-07-15,sh.600730,4.3600,4.3600,4.2700,4.3100,4.3500,3758600,16183885.0000,3,0.640700,1,-0.919500,193.774790,23.653542,-37.755475,1.323518,0
2021-07-16,sh.600730,4.2800,4.3900,4.2600,4.3400,4.3000,3613153,15557092.0700,3,0.615900,1,0.930200,195.123571,23.818184,-38.018274,1.332731,0
2021-07-19,sh.600730,4.3200,4.4300,4.3100,4.4100,4.3400,4578786,20094898.3200,3,0.780500,1,1.612900,198.270725,24.202348,-38.631472,1.354226,0
2021-07-20,sh.600730,4.3800,4.4700,4.3600,4.4500,4.4100,5756150,25526328.5000,3,0.981200,1,0.907000,200.069099,24.421870,-38.981871,1.366510,0
2021-07-21,sh.600730,4.4500,4.4800,4.4000,4.4400,4.4500,4110168,18224700.5600,3,0.700600,1,-0.224700,199.619506,24.366990,-38.894271,1.363439,0
2021-07-22,sh.600730,4.4600,4.4600,4.3900,4.4300,4.4400,3058152,13522596.3000,3,0.521300,1,-0.225200,199.169912,24.312109,-38.806672,1.360368,0
2021-07-23,sh.600730,4.4300,4.4400,4.3400,4.4200,4.4300,4112030,18023834.7600,3,0.700900,1,-0.225700,198.720319,24.257228,-38.719072,1.357297,0
2021-07-26,sh.600730,4.3900,4.3900,4.2300,4.2800,4.4200,5578100,23861309.0000,3,0.950800,1,-3.167400,192.426010,23.488900,-37.492676,1.314306,0
2021-07-27,sh.600730,4.2500,4.4700,4.2500,4.3500,4.2800,7258211,31773915.9100,3,1.237200,1,1.635500,195.573164,23.873064,-38.105874,1.335802,0
2021-07-28,sh.600730,4.3100,4.3600,4.2000,4.2000,4.3500,4055559,17274514.8000,3,0.691300,1,-3.448300,188.829262,23.049855,-36.791878,1.289739,0
2021-07-29,sh.600730,4.2200,4.3100,4.2200,4.2900,4.2000,3024400,12938291.0000,3,0.515500,1,2.142900,192.875603,23.543781,-37.580276,1.317377,0
2021-07-30,sh.600730,4.2900,4.4000,4.2400,4.3800,4.2900,4698300,20441277.7200,3,0.800900,1,2.097900,196.921945,24.037706,-38.368673,1.345014,0
2021-08-02,sh.600730,4.3500,4.4300,4.3300,4.4300,4.3800,5833488,25723840.7700,3,0.994400,1,1.141600,199.169912,24.312109,-38.806672,1.360368,0
2021-08-03,sh.600730,4.4300,4.4800,4.3700,4.4000,4.4300,5824876,25762142.0800,3,0.992900,1,-0.677200,197.821132,24.147467,-38.543873,1.351156,0
2021-08-04,sh.600730,4.4100,4.4300,4.3700,4.4000,4.4000,3399700,14974814.0000,3,0.579500,1,0.000000,197.821132,24.147467,-38.543873,1.351156,0
2021-08-05,sh.600730,4.4100,4.4500,4.3800,4.4100,4.4000,4393804,19397500.6400,3,0.749000,1,0.227300,198.270725,24.202348,-38.631472,1.354226,0
2021-08-06,sh.600730,4.4200,4.4200,4.3200,4.3500,4.4100,3182516,13868248.2800,3,0.542500,1,-1.360500,195.573164,23.873064,-38.105874,1.335802,0
2021-08-09,sh.600730,4.3500,4.5200,4.3300,4.5000,4.3500,9910582,44312564.2400,3,1.689300,1,3.448300,202.317066,24.696273,-39.419870,1.381864,0
2021-08-10,sh.600730,4.5000,4.5900,4.4500,4.5700,4.5000,9972442,45326683.9800,3,1.699900,1,1.555600,205.464221,25.080438,-40.033068,1.403359,0
2021-08-11,sh.600730,4.5500,4.5900,4.4700,4.5400,4.5700,5935336,26919277.6000,3,1.011700,1,-0.656500,204.115440,24.915796,-39.770269,1.394147,0
2021-08-12,sh.600730,4.5500,4.5600,4.4900,4.5000,4.5400,4314512,19465566.0000,3,0.735400,1,-0.881100,202.317066,24.696273,-39.419870,1.381864,0
2021-08-13,sh.600730,4.5100,4.5100,4.4500,4.5000,4.5000,4610514,20659203.7200,3,0.785900,1,0.000000,202.317066,24.696273,-39.419870,1.381864,0
2021-08-16,sh.600730,4.5000,4.5400,4.4700,4.4900,4.5000,4891511,22014913.3900,3,0.833800,1,-0.222200,201.867473,24.641393,-39.332270,1.378793,0
2021-08-17,sh.600730,4.4700,4.6500,4.4500,4.5500,4.4900,16027373,73242746.2300,3,2.732000,1,1.336300,204.565034,24.970676,-39.857868,1.397218,0
2021-08-18,sh.600730,4.5300,4.6300,4.5100,4.5800,4.5500,9372605,42813445.9200,3,1.597600,1,0.659300,205.913814,25.135318,-40.120667,1.406430,0
2021-08-19,sh.600730,4.5900,5.0300,4.5900,4.9000,4.5800,40387277,196758145.4400,3,6.884300,1,6.986900,220.300806,26.891498,-42.923858,1.504696,0
2021-08-20,sh.600730,4.8100,4.9600,4.7600,4.8600,4.9000,24898388,120845013.4200,3,4.244100,1,-0.816300,218.502432,26.671975,-42.573459,1.492413,0
2021-08-23,sh.600730,4.8000,4.8700,4.7500,4.8100,4.8600,17379035,83407576.2000,3,2.962400,1,-1.028800,216.254464,26.397572,-42.135461,1.477059,0
2021-08-24,sh.600730,4.8000,5.0700,4.7900,4.9900,4.8100,21690493,107319866.7900,3,3.697300,1,3.742200,224.347147,27.385423,-43.712256,1.532333,0
2021-08-25,sh.600730,5.0600,5.3200,5.0500,5.2800,4.9900,30361554,158072987.4800,3,5.175400,1,5.811600,237.385358,28.976961,-46.252647,1.621387,0
2021-08-26,sh.600730,5.2000,5.4300,5.1200,5.3500,5.2800,24029920,128396393.0000,3,4.096100,1,1.325800,240.532512,29.361125,-46.865845,1.642882,0
2021-08-27,sh.600730,5.3100,5.4100,5.1900,5.2700,5.3500,17669901,92901913.0400,3,3.012000,1,-1.495300,236.935764,28.922080,-46.165047,1.618316,0
2021-08-30,sh.600730,5.2700,5.7800,5.2600,5.7000,5.2700,32322352,180251063.0800,3,5.509600,1,8.159400,85.609465,29.277421,62.735320,1.742578,0
2021-08-31,sh.600730,5.7000,6.2000,5.6700,6.1400,5.7000,45385932,273429024.2700,3,7.736400,1,7.719300,92.217915,31.537433,67.578046,1.877092,0
2021-09-01,sh.600730,6.1400,6.2800,5.9700,6.1700,6.1400,34048493,207739341.9000,3,5.803800,1,0.488600,92.668491,31.691524,67.908232,1.886264,0
2021-09-02,sh.600730,6.1000,6.7900,6.1000,6.7900,6.1700,46563846,306533342.5900,3,7.937200,1,10.048600,101.980397,34.876086,74.732074,2.075807,0
2021-09-03,sh.600730,7.4700,7.4700,6.7200,6.8300,6.7900,109594955,778596519.4700,3,18.681300,1,0.589100,102.581165,35.081541,75.172322,2.088036,0
2021-09-06,sh.600730,6.8300,6.9400,6.3800,6.6100,6.8300,69521852,459460133.3900,3,11.850500,1,-3.221100,99.276941,33.951536,72.750958,2.020779,0
2021-09-07,sh.600730,6.4900,6.5000,6.2700,6.3300,6.6100,48434348,306757605.8300,3,8.256000,1,-4.236000,95.071563,32.513347,69.669223,1.935178,0
2021-09-08,sh.600730,6.3000,6.3800,6.1900,6.3400,6.3300,33073824,207764255.9000,3,5.637700,1,0.158000,95.221755,32.564710,69.779285,1.938235,0
2021-09-09,sh.600730,6.3400,6.3400,5.9900,6.0900,6.3400,41224907,251546067.1100,3,7.027100,1,-3.943200,91.466954,31.280613,67.027736,1.861807,0
2021-09-10,sh.600730,6.0900,6.1300,5.8600,5.8600,6.0900,26525544,157972639.9400,3,4.521500,1,-3.776700,88.012537,30.099243,64.496311,1.791492,0
2021-09-13,sh.600730,5.9100,5.9800,5.7700,5.8500,5.8600,28407668,167236744.2200,3,4.842300,1,-0.170600,87.862345,30.047880,64.386249,1.788435,0
2021-09-14,sh.600730,5.8800,5.9700,5.7800,5.8000,5.8500,21394630,125268935.6200,3,3.646900,1,-0.854700,87.111385,29.791060,63.835939,1.773149,0
2021-09-15,sh.600730,5.8100,5.9500,5.7200,5.8700,5.8000,23689836,138702241.2200,3,4.038100,1,1.206900,88.162729,30.150607,64.606373,1.794549,0
2021-09-16,sh.600730,5.8500,6.1400,5.8400,6.0100,5.8700,37335853,225041088.2300,3,6.364200,1,2.385000,90.265418,30.869702,66.147241,1.837349,0
2021-09-17,sh.600730,6.0100,6.0200,5.7800,5.8400,6.0100,22519925,132225714.8300,3,3.838700,1,-2.828600,87.712153,29.996516,64.276187,1.785378,0
2021-09-22,sh.600730,5.7900,6.0500,5.6300,6.0300,5.8400,26686830,155453404.4200,3,4.549000,1,3.253400,90.565802,30.972430,66.367365,1.843464,0
2021-09-23,sh.600730,6.0200,6.2100,5.9400,6.1500,6.0300,24789449,150863399.8800,3,4.225600,1,1.990000,92.368107,31.588796,67.688108,1.880150,0
2021-09-24,sh.600730,6.1500,6.1700,5.9500,5.9500,6.1500,13651213,82310070.0000,3,2.327000,1,-3.252000,89.364266,30.561518,65.486869,1.819006,0
2021-09-27,sh.600730,6.0400,6.2900,5.7000,6.2800,5.9500,29375495,178334046.2100,3,5.007300,1,5.546200,94.320603,32.256527,69.118914,1.919893,0
2021-09-28,sh.600730,6.2300,6.3700,6.0900,6.3000,6.2800,21186485,132003565.4100,3,3.611400,1,0.318500,94.620987,32.359255,69.339038,1.926007,0
2021-09-29,sh.600730,6.2200,6.3800,6.0500,6.1000,6.3000,18317988,113863784.9200,3,3.122400,1,-3.174600,91.617146,31.331977,67.137798,1.864864,0
2021-09-30,sh.600730,6.1100,6.2600,6.1000,6.1100,6.1000,13948709,85914210.9400,3,2.377700,1,0.163900,91.767338,31.383341,67.247860,1.867921,0
2021-10-08,sh.600730,6.1100,6.2500,5.8900,6.0200,6.1100,16283997,98356742.1000,3,2.775700,1,-1.473000,90.415610,30.921066,66.257303,1.840407,0
2021-10-11,sh.600730,6.0800,6.1200,5.9100,5.9300,6.0200,13921451,83651919.6300,3,2.373000,1,-1.495000,89.063882,30.458791,65.266745,1.812892,0
2021-10-12,sh.600730,5.9500,6.0700,5.7900,5.8400,5.9300,11516598,67850282.4900,3,1.963100,1,-1.517700,87.712153,29.996516,64.276187,1.785378,0
2021-10-13,sh.600730,5.9600,6.2700,5.9500,6.0300,5.8400,20848853,126843209.4600,3,3.553800,1,3.253400,90.565802,30.972430,66.367365,1.843464,0
2021-10-14,sh.600730,5.9100,6.0700,5.8600,5.9900,6.0300,13949903,83179121.5500,3,2.377900,1,-0.663300,89.965034,30.766974,65.927117,1.831235,0
2021-10-15,sh.600730,5.9300,6.1900,5.9100,5.9900,5.9900,15205499,91986632.3400,3,2.591900,1,0.000000,89.965034,30.766974,65.927117,1.831235,0
2021-10-18,sh.600730,5.9700,6.2300,5.9600,6.1300,5.9900,15251946,93548549.0600,3,2.599800,1,2.337200,92.067722,31.486069,67.467984,1.874035,0
2021-10-19,sh.600730,6.1100,6.1300,6.0000,6.0200,6.1300,11797363,71357460.1500,3,2.011000,1,-1.794500,90.415610,30.921066,66.257303,1.840407,0
2021-10-20,sh.600730,6.0200,6.1600,5.8500,6.0300,6.0200,13155080,78754565.1800,3,2.242400,1,0.166100,90.565802,30.972430,66.367365,1.843464,0
2021-10-21,sh.600730,6.0600,6.1100,5.9300,5.9900,6.0300,10105141,60768382.5800,3,1.722500,1,-0.663300,89.965034,30.766974,65.927117,1.831235,0
2021-10-22,sh.600730,6.0200,6.0400,5.8800,5.8800,5.9900,9977700,59367205.7300,3,1.700800,1,-1.836400,88.312921,30.201971,64.716435,1.797606,0
2021-10-25,sh.600730,5.9100,6.0100,5.7800,5.9400,5.8800,6688456,39465588.0800,3,1.140100,1,1.020400,89.214074,30.510155,65.376807,1.815949,0
2021-10-26,sh.600730,5.9900,5.9900,5.8100,5.8100,5.9400,6278813,36853926.7900,3,1.070300,1,-2.188600,87.261577,29.842424,63.946001,1.776206,0
2021-10-27,sh.600730,5.7900,5.8400,5.5800,5.6200,5.8100,8970700,50911328.0000,3,1.529100,1,-3.270200,84.407928,28.866510,61.854824,1.718120,0
2021-10-28,sh.600730,5.6000,5.6900,5.5200,5.6200,5.6200,5907075,33176575.4400,3,1.006900,1,0.000000,84.407928,28.866510,61.854824,1.718120,0
2021-10-29,sh.600730,5.6300,5.6700,5.4700,5.6100,5.6200,5700622,31790712.2400,3,0.971700,1,-0.177900,84.257736,28.815146,61.744762,1.715063,0
2021-11-01,sh.600730,5.2700,5.7000,5.2700,5.5200,5.6100,7278196,40167860.4200,3,1.240600,1,-1.604300,178.026259,29.762448,-25.212270,1.694077,0
2021-11-02,sh.600730,5.4600,5.5300,5.1100,5.1800,5.5200,12098506,64313835.8900,3,2.062300,1,-6.159400,167.060874,27.929253,-23.659340,1.589732,0
2021-11-03,sh.600730,5.2000,5.3500,5.0900,5.2200,5.1800,7760202,40516904.9200,3,1.322800,1,0.772200,168.350919,28.144923,-23.842038,1.602007,0
2021-11-04,sh.600730,5.2100,5.3300,5.1500,5.2000,5.2200,4270340,22205408.0000,3,0.727900,1,-0.383100,167.705896,28.037088,-23.750689,1.595869,0
2021-11-05,sh.600730,5.1700,5.7200,5.0900,5.7200,5.2000,27125270,149006734.2600,3,4.623700,1,10.000000,184.476486,30.840797,-26.125758,1.755456,0
2021-11-08,sh.600730,5.7600,6.0200,5.7000,5.8800,5.7200,26844740,157676253.4800,3,4.575900,1,2.797200,189.636667,31.703477,-26.856549,1.804560,0
2021-11-09,sh.600730,5.8700,5.9100,5.6700,5.7900,5.8800,16184158,93192200.0500,3,2.758700,1,-1.530600,186.734065,31.218220,-26.445479,1.776939,0
2021-11-10,sh.600730,5.7200,5.8600,5.6700,5.7900,5.7900,13326099,76695278.9200,3,2.271500,1,0.000000,186.734065,31.218220,-26.445479,1.776939,0
2021-11-11,sh.600730,5.7700,5.9500,5.7600,5.8600,5.7900,12364979,72562480.9400,3,2.107700,1,1.209000,188.991645,31.595642,-26.765200,1.798422,0
2021-11-12,sh.600730,5.8600,5.9200,5.7400,5.8800,5.8600,8727245,50994573.5600,3,1.487600,1,0.341300,189.636667,31.703477,-26.856549,1.804560,0
2021-11-15,sh.600730,5.8800,5.9700,5.7600,5.9100,5.8800,8978215,52636997.2800,3,1.530400,1,0.510200,190.604201,31.865229,-26.993572,1.813767,0
2021-11-16,sh.600730,5.9100,5.9200,5.7000,5.7300,5.9100,8739713,50588776.6200,3,1.489800,1,-3.045700,184.798997,30.894715,-26.171433,1.758525,0
2021-11-17,sh.600730,5.7200,5.8200,5.6600,5.8000,5.7300,9351656,53681320.1000,3,1.594100,1,1.221600,187.056577,31.272137,-26.491153,1.780008,0
2021-11-18,sh.600730,5.7900,5.7900,5.6600,5.6900,5.8000,7731753,44293691.0600,3,1.317900,1,-1.896600,183.508952,30.679045,-25.988735,1.746249,0
2021-11-19,sh.600730,5.6800,5.7800,5.6100,5.7600,5.6900,6821751,38932136.4900,3,1.162800,1,1.230200,185.766531,31.056467,-26.308456,1.767732,0
2021-11-22,sh.600730,5.7900,6.0500,5.6800,5.9300,5.7600,16536159,97885004.6500,3,2.818700,1,2.951400,191.249224,31.973064,-27.084921,1.819905,0
2021-11-23,sh.600730,5.9300,5.9600,5.7900,5.8100,5.9300,8947373,52177569.9700,3,1.525100,1,-2.023600,187.379088,31.326055,-26.536828,1.783077,0
2021-11-24,sh.600730,5.8100,5.8700,5.7400,5.7700,5.8100,6019100,34983677.0000,3,1.026000,1,-0.688500,186.089043,31.110385,-26.354130,1.770801,0
2021-11-25,sh.600730,5.7900,5.8400,5.7200,5.7800,5.7700,4574892,26460057.6400,3,0.779800,1,0.173300,186.411554,31.164302,-26.399805,1.773870,0
2021-11-26,sh.600730,5.7800,5.7800,5.6800,5.6900,5.7800,5738821,32796981.2800,3,0.978200,1,-1.557100,183.508952,30.679045,-25.988735,1.746249,0
2021-11-29,sh.600730,5.5600,5.7000,5.3800,5.5800,5.6900,6020081,33609161.4100,3,1.026200,1,-1.933200,179.961327,30.085953,-25.486317,1.712491,0
2021-11-30,sh.600730,5.6100,5.9500,5.6100,5.7900,5.5800,12308400,71774684.1100,3,2.098100,1,3.763400,186.734065,31.218220,-26.445479,1.776939,0
2021-12-01,sh.600730,5.8500,5.9200,5.6900,5.7200,5.7900,6757043,38818365.5300,3,1.151800,1,-1.209000,184.476486,30.840797,-26.125758,1.755456,0
2021-12-02,sh.600730,5.7600,5.9700,5.7600,5.8100,5.7200,14416874,84635577.3600,3,2.457500,1,1.573400,187.379088,31.326055,-26.536828,1.783077,0
2021-12-03,sh.600730,5.7700,5.8400,5.7000,5.7500,5.8100,7614808,43696070.7500,3,1.298000,1,-1.032700,185.444020,31.002550,-26.262781,1.764663,0
2021-12-06,sh.600730,5.7100,5.8000,5.6800,5.7100,5.7500,5534520,31717258.9000,3,0.943400,1,-0.695700,184.153975,30.786880,-26.080084,1.752387,0
2021-12-07,sh.600730,5.7200,5.7700,5.5600,5.5800,5.7100,6958782,39124699.5400,3,1.186200,1,-2.276700,179.961327,30.085953,-25.486317,1.712491,0
2021-12-08,sh.600730,5.5800,5.6800,5.5700,5.6700,5.5800,5468826,30835561.7300,3,0.932200,1,1.612900,182.863929,30.571210,-25.897386,1.740112,0
2021-12-09,sh.600730,5.6800,5.7300,5.6100,5.7300,5.6700,5464936,31063943.7800,3,0.931500,1,1.058200,184.798997,30.894715,-26.171433,1.758525,0
2021-12-10,sh.600730,5.7100,6.3000,5.6500,6.3000,5.7300,34224019,209170241.5600,3,5.833700,1,9.947600,203.182144,33.968011,-28.774874,1.933457,0
2021-12-13,sh.600730,6.3300,6.5700,6.2800,6.4000,6.3000,33897098,216408695.8700,3,5.778000,1,1.587300,206.407257,34.507186,-29.231618,1.964147,0
2021-12-14,sh.600730,6.4200,6.4400,6.2300,6.2800,6.4000,18378260,116007727.6200,3,3.132700,1,-1.875000,202.537121,33.860176,-28.683525,1.927319,0
2021-12-15,sh.600730,6.2500,6.2800,6.0800,6.1000,6.2800,15786884,97191110.5000,3,2.691000,1,-2.866200,196.731917,32.889661,-27.861386,1.872078,0
2021-12-16,sh.600730,6.1000,6.2100,6.0700,6.1500,6.1000,11327625,69508908.8000,3,1.930900,1,0.819700,198.344473,33.159249,-28.089758,1.887423,0
2021-12-17,sh.600730,6.1500,6.3200,6.0900,6.1500,6.1500,11260996,69467998.7500,3,1.919500,1,0.000000,198.344473,33.159249,-28.089758,1.887423,0
2021-12-20,sh.600730,6.1300,6.2400,5.9200,6.0000,6.1500,12267006,74036034.5200,3,2.091000,1,-2.439000,193.506803,32.350487,-27.404641,1.841388,0
2021-12-21,sh.600730,5.9900,6.1300,5.9700,6.1100,6.0000,7753813,46986735.9700,3,1.321700,1,1.833300,197.054428,32.943579,-27.907060,1.875147,0
2021-12-22,sh.600730,6.1300,6.1900,5.9900,6.0200,6.1100,7744120,46896805.0000,3,1.320000,1,-1.473000,194.151826,32.458322,-27.495990,1.847526,0
2021-12-23,sh.600730,6.0100,6.0400,5.9000,5.9300,6.0200,8554922,50929020.0800,3,1.458300,1,-1.495000,191.249224,31.973064,-27.084921,1.819905,0
2021-12-24,sh.600730,5.9700,5.9900,5.7500,5.7500,5.9300,10679375,62096422.3000,3,1.820400,1,-3.035400,185.444020,31.002550,-26.262781,1.764663,0
2021-12-27,sh.600730,5.7300,5.8100,5.6600,5.6800,5.7500,8704813,49659587.7000,3,1.483800,1,-1.217400,183.186441,30.625127,-25.943061,1.743181,0
2021-12-28,sh.600730,5.7200,5.8100,5.6500,5.7700,5.6800,5048002,28962975.5000,3,0.860500,1,1.584500,186.089043,31.110385,-26.354130,1.770801,0
2021-12-29,sh.600730,5.7400,5.7900,5.6800,5.7000,5.7700,4309547,24657107.4000,3,0.734600,1,-1.213200,183.831463,30.732962,-26.034409,1.749318,0
2021-12-30,sh.600730,5.7000,5.8200,5.6900,5.7400,5.7000,4263700,24548062.0000,3,0.726800,1,0.701800,185.121509,30.948632,-26.217107,1.761594,0
2021-12-31,sh.600730,5.7800,5.7800,5.6900,5.7100,5.7400,5216436,29833737.5600,3,0.889200,1,-0.522600,184.153975,30.786880,-26.080084,1.752387,0
2022-01-04,sh.600730,5.7700,5.8700,5.7000,5.8300,5.7100,8006796,46407731.0600,3,1.364800,1,2.101600,188.024111,31.433890,-26.628177,1.789215,0
2022-01-05,sh.600730,5.8500,5.9200,5.7100,5.7800,5.8300,7175136,41497855.9200,3,1.223100,1,-0.857600,186.411554,31.164302,-26.399805,1.773870,0
2022-01-06,sh.600730,5.7800,5.8200,5.7500,5.7800,5.7800,4086249,23662877.2200,3,0.696500,1,0.000000,186.411554,31.164302,-26.399805,1.773870,0
2022-01-07,sh.600730,5.8000,5.8300,5.5900,5.6000,5.7800,8619149,49212858.0400,3,1.469200,1,-3.114200,180.606350,30.193788,-25.577665,1.718629,0
2022-01-10,sh.600730,5.5700,5.6800,5.5500,5.6500,5.6000,3956391,22285524.0200,3,0.674400,1,0.892900,182.218907,30.463375,-25.806037,1.733974,0
2022-01-11,sh.600730,5.6800,5.7200,5.6500,5.6500,5.6500,4806438,27329250.4200,3,0.819300,1,0.000000,182.218907,30.463375,-25.806037,1.733974,0
2022-01-12,sh.600730,5.7000,5.7800,5.6300,5.7700,5.6500,5864966,33662791.5200,3,0.999700,1,2.123900,186.089043,31.110385,-26.354130,1.770801,0
2022-01-13,sh.600730,5.7800,5.7900,5.6700,5.6800,5.7700,5587200,31959473.0000,3,0.952400,1,-1.559800,183.186441,30.625127,-25.943061,1.743181,0
2022-01-14,sh.600730,5.6700,5.7300,5.5800,5.5900,5.6800,5107893,28781857.0500,3,0.870700,1,-1.584500,180.283839,30.139870,-25.531991,1.715560,0
2022-01-17,sh.600730,5.6000,5.6500,5.5400,5.6200,5.5900,6678622,37346902.3700,3,1.138400,1,0.536700,181.251373,30.301622,-25.669014,1.724767,0
2022-01-18,sh.600730,5.6000,5.6600,5.4600,5.4600,5.6200,6890544,38032290.2400,3,1.174500,1,-2.847000,176.091191,29.438943,-24.938224,1.675663,0
2022-01-19,sh.600730,5.4500,5.5500,5.4400,5.5000,5.4600,5025246,27637054.4800,3,0.856600,1,0.732600,177.381236,29.654613,-25.120921,1.687939,0
2022-01-20,sh.600730,5.4500,5.5500,5.3000,5.3200,5.5000,6965500,37451554.0000,3,1.187300,1,-3.272700,171.576032,28.684098,-24.298782,1.632697,0
2022-01-21,sh.600730,5.3700,5.4100,5.2700,5.2900,5.3200,4202902,22412670.6000,3,0.716400,1,-0.563900,170.608498,28.522346,-24.161759,1.623490,0
2022-01-24,sh.600730,5.2900,5.3100,5.2000,5.2400,5.2900,2871801,15082763.2600,3,0.489500,1,-0.945200,168.995942,28.252758,-23.933387,1.608145,0
2022-01-25,sh.600730,5.2400,5.2900,5.0800,5.0900,5.2400,5729885,29483659.6500,3,0.976700,1,-2.862600,164.158272,27.443996,-23.248271,1.562111,0
2022-01-26,sh.600730,5.0700,5.2000,5.0300,5.0800,5.0900,4059200,20681752.3200,3,0.691900,1,-0.196500,163.835760,27.390079,-23.202596,1.559042,0
2022-01-27,sh.600730,5.0900,5.1200,4.9000,4.9000,5.0800,6489485,32311384.9000,3,1.106200,1,-3.543300,158.030556,26.419564,-22.380457,1.503800,0
2022-01-28,sh.600730,4.9300,5.0700,4.9200,5.0300,4.9000,5799929,29039347.5200,3,0.988600,1,2.653100,162.223204,27.120491,-22.974224,1.543697,0
2022-02-07,sh.600730,5.0300,5.2900,5.0300,5.2600,5.0300,7440725,38583107.2100,3,1.268300,1,4.572600,169.640964,28.360593,-24.024736,1.614283,0
2022-02-08,sh.600730,5.3300,5.3600,5.2000,5.3600,5.2600,5681902,30103476.5400,3,0.968500,1,1.901100,172.866078,28.899768,-24.481480,1.644973,0
2022-02-09,sh.600730,5.3800,5.3900,5.3100,5.3700,5.3600,4392729,23519860.6700,3,0.748800,1,0.186600,173.188589,28.953686,-24.527154,1.648042,0
2022-02-10,sh.600730,5.3600,5.4200,5.3000,5.3700,5.3700,4065928,21738671.4200,3,0.693100,1,0.000000,173.188589,28.953686,-24.527154,1.648042,0
2022-02-11,sh.600730,5.3500,5.4100,5.2400,5.2600,5.3700,4498936,23878401.8800,3,0.766900,1,-2.048400,169.640964,28.360593,-24.024736,1.614283,0
2022-02-14,sh.600730,5.2800,5.3800,5.2500,5.3300,5.2600,3392100,18077068.5200,3,0.578200,1,1.330800,171.898544,28.738016,-24.344457,1.635766,0
2022-02-15,sh.600730,5.3500,5.4400,5.2500,5.3500,5.3300,5368230,28702780.5000,3,0.915100,1,0.375200,172.543566,28.845851,-24.435805,1.641904,0
2022-02-16,sh.600730,5.3600,5.4700,5.3500,5.4500,5.3500,6506600,35279712.0000,3,1.109100,1,1.869200,175.768680,29.385025,-24.892549,1.672594,0
2022-02-17,sh.600730,5.4300,5.4600,5.3600,5.3800,5.4500,5326605,28760854.7900,3,0.908000,1,-1.284400,173.511100,29.007603,-24.572829,1.651111,0
2022-02-18,sh.600730,5.3600,5.7300,5.3500,5.5000,5.3800,10436372,57510006.6700,3,1.779000,1,2.230500,177.381236,29.654613,-25.120921,1.687939,0
2022-02-21,sh.600730,5.4400,5.6600,5.4300,5.6500,5.5000,10455369,58201005.6300,3,1.782200,1,2.727300,182.218907,30.463375,-25.806037,1.733974,0
2022-02-22,sh.600730,5.5700,5.6200,5.5000,5.5400,5.6500,5769799,31992333.4700,3,0.983500,1,-1.946900,178.671282,29.870283,-25.303619,1.700215,0
2022-02-23,sh.600730,5.5900,6.0900,5.5500,6.0900,5.5400,32401066,195006111.6100,3,5.523000,1,9.927800,196.409405,32.835744,-27.815711,1.869009,0
2022-02-24,sh.600730,6.0100,6.1600,5.7000,5.8500,6.0900,40393008,238881917.3800,3,6.885300,1,-3.940900,188.669133,31.541724,-26.719525,1.795353,0
2022-02-25,sh.600730,5.8800,5.9300,5.7300,5.7600,5.8500,14817183,85830737.9600,3,2.525700,1,-1.538500,185.766531,31.056467,-26.308456,1.767732,0
2022-02-28,sh.600730,5.7800,6.2800,5.6000,5.8700,5.7600,23256884,136492649.0000,3,3.964300,1,1.909700,189.314156,31.649559,0.000000,1.801491,0
2022-03-01,sh.600730,5.8800,5.9100,5.7200,5.8000,5.8700,12396700,72244028.0000,3,2.113100,1,-1.192500,187.056577,31.272137,-26.491153,1.780008,0
2022-03-02,sh.600730,5.7900,5.8200,5.7200,5.7600,5.8000,8177814,47167717.0000,3,1.394000,1,-0.689700,185.766531,31.056467,-26.308456,1.767732,0
2022-03-03,sh.600730,5.7800,5.8300,5.7100,5.7200,5.7600,6535100,37602024.0000,3,1.114000,1,-0.694400,184.476486,30.840797,-26.125758,1.755456,0
2022-03-04,sh.600730,5.7500,5.8500,5.6600,5.7700,5.7200,9859022,56664455.0000,3,1.680500,1,0.874100,186.089043,31.110385,-26.354130,1.770801,0
2022-03-07,sh.600730,5.8000,5.8300,5.6500,5.7000,5.7700,8784100,50395924.0000,3,1.497300,1,-1.213200,183.831463,30.732962,-26.034409,1.749318,0
2022-03-08,sh.600730,5.6400,5.7100,5.4000,5.4500,5.7000,9920142,54941442.0000,3,1.691000,1,-4.386000,175.768680,29.385025,-24.892549,1.672594,0
2022-03-09,sh.600730,5.5100,5.6800,5.2100,5.4600,5.4500,10591828,58102870.0000,3,1.805500,1,0.183500,176.091191,29.438943,-24.938224,1.675663,0
2022-03-10,sh.600730,5.5700,5.6500,5.5200,5.5700,5.4600,7570206,42258373.0000,3,1.290400,1,2.014700,179.638816,30.032035,-25.440642,1.709422,0
2022-03-11,sh.600730,5.5700,5.6900,5.4200,5.6800,5.5700,7907538,43859122.0000,3,1.347900,1,1.974900,183.186441,30.625127,-25.943061,1.743181,0
2022-03-14,sh.600730,5.7100,5.7400,5.4800,5.5000,5.6800,6996102,39304688.0000,3,1.192500,1,-3.169000,177.381236,29.654613,-25.120921,1.687939,0
2022-03-15,sh.600730,5.5000,5.9700,5.3800,5.6300,5.5000,21511725,122653084.0000,3,3.666800,1,2.363600,181.573884,30.355540,-25.714689,1.727836,0
2022-03-16,sh.600730,5.7400,6.1900,5.6600,6.0900,5.6300,39028255,231585167.0000,3,6.652700,1,8.170500,196.409405,32.835744,-27.815711,1.869009,0
2022-03-17,sh.600730,6.0000,6.2700,5.8800,6.1800,6.0900,36969844,225438655.0000,3,6.301800,1,1.477800,199.312007,33.321001,-28.226781,1.896629,0
2022-03-18,sh.600730,6.0900,6.1800,6.0200,6.1000,6.1800,17481082,106567041.9600,3,2.979800,1,-1.294500,196.731917,32.889661,-27.861386,1.872078,0
2022-03-21,sh.600730,6.1100,6.3900,6.0500,6.3100,6.1000,22045996,137980356.7900,3,3.757900,1,3.442600,203.504655,34.021928,-28.820548,1.936526,0
2022-03-22,sh.600730,6.2800,6.3500,6.2000,6.2300,6.3100,14828150,92945204.7800,3,2.527600,1,-1.267800,200.924564,33.590589,-28.455153,1.911974,0
2022-03-23,sh.600730,6.2100,6.2300,6.0900,6.1000,6.2300,14393240,88339667.9600,3,2.453400,1,-2.086700,196.731917,32.889661,-27.861386,1.872078,0
2022-03-24,sh.600730,6.1100,6.1400,5.8900,5.9300,6.1000,13089860,78168111.4300,3,2.231300,1,-2.786900,191.249224,31.973064,-27.084921,1.819905,0
2022-03-25,sh.600730,5.9300,6.0300,5.8600,5.9200,5.9300,9703400,57600947.0000,3,1.654000,1,-0.168600,190.926713,31.919147,-27.039246,1.816836,0
2022-03-28,sh.600730,5.9200,6.1500,5.8700,6.0400,5.9200,11108810,67094774.8000,3,1.893600,1,2.027000,194.796849,32.566157,-27.587339,1.853664,0
2022-03-29,sh.600730,6.0900,6.1800,5.9700,6.0200,6.0400,9316655,56469941.7900,3,1.588100,1,-0.331100,194.151826,32.458322,-27.495990,1.847526,0
2022-03-30,sh.600730,6.0000,6.0500,5.9200,5.9900,6.0200,8996274,53755324.7800,3,1.533500,1,-0.498300,193.184292,32.296569,-27.358967,1.838319,0
2022-03-31,sh.600730,5.9600,6.5000,5.9600,6.3200,5.9900,28751672,181253478.6600,3,4.900900,1,5.509200,265.221773,35.570209,13.655792,1.997215,0
2022-04-01,sh.600730,6.2100,6.4100,6.2000,6.3900,6.3200,19440095,123222996.1900,3,3.313700,1,1.107600,268.159356,35.964183,13.807043,2.019336,0
2022-04-06,sh.600730,6.3900,6.8000,6.3500,6.7200,6.3900,27665335,183761921.0300,3,4.715800,1,5.164300,282.007961,37.821488,14.520083,2.123621,0
2022-04-07,sh.600730,6.6500,6.6500,6.2300,6.2300,6.7200,27664888,176995294.4900,3,4.715700,1,-7.291700,261.444880,35.063671,13.461327,1.968773,0
2022-04-08,sh.600730,6.2700,6.3500,6.0800,6.2300,6.2300,14595298,90515064.5400,3,2.487900,1,0.000000,261.444880,35.063671,13.461327,1.968773,0
2022-04-11,sh.600730,6.2200,6.3200,6.0500,6.0900,6.2300,9666200,59565388.2800,3,1.647700,1,-2.247200,255.569714,34.275723,13.158825,1.924531,0
2022-04-12,sh.600730,6.0500,6.2600,5.9800,6.2200,6.0900,10324671,62924864.7500,3,1.759900,1,2.134600,261.025226,35.007389,13.439719,1.965613,0
2022-04-13,sh.600730,6.1700,6.1900,5.9000,5.9300,6.2200,13921749,83865883.3900,3,2.373100,1,-4.662400,248.855239,33.375212,12.813109,1.873969,0
2022-04-14,sh.600730,5.9000,6.0500,5.8000,5.8400,5.9300,13677298,80748476.2000,3,2.331400,1,-1.517700,245.078347,32.868674,12.618643,1.845527,0
2022-04-15,sh.600730,5.8200,5.8500,5.6500,5.7900,5.8400,10262900,58947734.0000,3,1.749400,1,-0.856200,242.980073,32.587264,12.510607,1.829727,0
2022-04-18,sh.600730,5.6700,5.8000,5.6200,5.7400,5.7900,5841900,33457790.0000,3,0.995800,1,-0.863600,240.881800,32.305854,12.402571,1.813926,0
2022-04-19,sh.600730,5.7300,5.8000,5.6500,5.6900,5.7400,6984419,39922194.9200,3,1.190500,1,-0.871100,238.783526,32.024444,12.294534,1.798125,0
2022-04-20,sh.600730,5.6900,5.9500,5.6900,5.8300,5.6900,10413800,60811462.0000,3,1.775100,1,2.460500,244.658692,32.812392,12.597036,1.842367,0
2022-04-21,sh.600730,5.9100,6.1000,5.4600,5.5100,5.8300,17705754,101970659.1200,3,3.018100,1,-5.488900,231.229742,31.011369,11.905603,1.741242,0
2022-04-22,sh.600730,5.3800,5.6200,5.3500,5.4300,5.5100,10105576,55293870.2200,3,1.722600,1,-1.451900,227.872504,30.561113,11.732745,1.715961,0
2022-04-25,sh.600730,5.4400,5.5000,5.1000,5.1200,5.4300,10584400,55941485.0000,3,1.804200,1,-5.709000,214.863208,28.816372,11.062920,1.617997,0
2022-04-26,sh.600730,5.1200,5.2000,4.8400,4.8500,5.1200,8868700,44542110.0000,3,1.511700,1,-5.273400,203.532531,27.296758,10.479524,1.532673,0
2022-04-27,sh.600730,4.8400,4.9800,4.7000,4.9700,4.8500,9113198,44294521.1400,3,1.553400,1,2.474200,208.568388,27.972142,10.738811,1.570594,0
2022-04-28,sh.600730,5.0100,5.0400,4.7900,4.8600,4.9700,6796674,33414423.4000,3,1.158500,1,-2.213300,203.952186,27.353040,10.501131,1.535833,0
2022-04-29,sh.600730,4.8200,5.1500,4.8200,5.0800,4.8600,7290000,36579675.0000,3,1.242600,1,4.526700,269.490832,29.020558,-16.270069,1.604419,0
2022-05-05,sh.600730,5.0600,5.1500,4.9500,5.0700,5.0800,5173552,26181435.7200,3,0.881900,1,-0.196900,268.960338,28.963431,-16.238042,1.601261,0
2022-05-06,sh.600730,5.0100,5.0300,4.8900,4.9200,5.0700,6252300,30892558.0000,3,1.065800,1,-2.958600,261.002932,28.106524,-15.757626,1.553887,0
2022-05-09,sh.600730,4.9500,5.0800,4.9100,5.0300,4.9200,4425700,22188804.0000,3,0.754400,1,2.235800,266.838363,28.734922,-16.109931,1.588628,0
2022-05-10,sh.600730,5.0000,5.0500,4.9300,5.0300,5.0300,5650100,28275341.0000,3,0.963100,1,0.000000,266.838363,28.734922,-16.109931,1.588628,0
2022-05-11,sh.600730,5.0300,5.1300,5.0200,5.0400,5.0300,6898500,35022067.0000,3,1.175900,1,0.198800,267.368857,28.792049,-16.141958,1.591786,0
2022-05-12,sh.600730,5.0000,5.1500,4.9800,5.1300,5.0400,5927198,29996163.7400,3,1.010300,1,1.785700,272.143301,29.306193,-16.430208,1.620211,0
2022-05-13,sh.600730,5.0800,5.1800,5.0800,5.1600,5.1300,4903418,25208418.1600,3,0.835800,1,0.584800,273.734782,29.477574,-16.526291,1.629686,0
2022-05-16,sh.600730,5.1400,5.1700,5.0900,5.1400,5.1600,4211195,21614099.7000,3,0.717800,1,-0.387600,272.673794,29.363320,-16.462235,1.623369,0
2022-05-17,sh.600730,5.1500,5.1600,4.9800,5.0400,5.1400,4690093,23667394.7200,3,0.799500,1,-1.945500,267.368857,28.792049,-16.141958,1.591786,0
2022-05-18,sh.600730,5.0500,5.1800,5.0300,5.1000,5.0400,5756032,29502219.3200,3,0.981200,1,1.190500,270.551819,29.134812,-16.334125,1.610736,0
2022-05-19,sh.600730,5.0200,5.1800,5.0000,5.1100,5.1000,6418200,32655103.0000,3,1.094000,1,0.196100,271.082313,29.191939,-16.366152,1.613894,0
2022-05-20,sh.600730,5.1300,5.1900,5.0900,5.1400,5.1100,5837498,29960604.1600,3,0.995000,1,0.587100,272.673794,29.363320,-16.462235,1.623369,0
2022-05-23,sh.600730,5.1500,5.4400,5.1400,5.4000,5.1400,11288000,59758901.3600,3,1.924100,1,5.058400,286.466632,30.848624,-17.294955,1.705485,0
2022-05-24,sh.600730,5.3700,5.3900,5.0200,5.0400,5.4000,12836616,66689098.1400,3,2.188100,1,-6.666700,267.368857,28.792049,-16.141958,1.591786,0
2022-05-25,sh.600730,5.0500,5.1300,5.0100,5.1200,5.0400,4764500,24167715.5800,3,0.812100,1,1.587300,271.612807,29.249066,-16.398180,1.617053,0
2022-05-26,sh.600730,5.1200,5.2300,5.0700,5.1800,5.1200,5653500,29066346.0000,3,0.963700,1,1.171900,274.795770,29.591828,-16.590346,1.636002,0
2022-05-27,sh.600730,5.2200,5.7000,5.1500,5.7000,5.1800,23627846,131747464.2200,3,4.027500,1,10.038600,302.381445,32.562437,-18.255786,1.800234,0
2022-05-30,sh.600730,6.1700,6.1900,5.7100,5.8300,5.7000,51850515,307257279.1400,3,8.838300,1,2.280700,309.277864,33.305089,-18.672146,1.841292,0
2022-05-31,sh.600730,5.7600,6.4100,5.6600,6.0500,5.8300,63777061,389417129.2700,3,10.871300,1,3.773600,320.948727,34.561885,-19.376756,1.910775,0
2022-06-01,sh.600730,6.0100,6.0500,5.7200,5.8200,6.0500,38775836,227802129.6200,3,6.609600,1,-3.801700,308.747370,33.247962,-18.640119,1.838134,0
2022-06-02,sh.600730,5.8200,5.8400,5.6600,5.6600,5.8200,17214289,98623121.0500,3,2.934300,1,-2.749100,300.259470,32.333928,-18.127676,1.787601,0
2022-06-06,sh.600730,5.7000,5.8100,5.6800,5.7600,5.6600,13067351,75280938.0700,3,2.227400,1,1.766800,305.564408,32.905199,-18.447953,1.819184,0
2022-06-07,sh.600730,5.8000,5.9600,5.6400,5.8400,5.7600,17334425,100433023.6200,3,2.954800,1,1.388900,309.808358,33.362216,-18.704174,1.844451,0
2022-06-08,sh.600730,5.8000,5.9900,5.7200,5.9300,5.8400,19303565,113216740.0900,3,3.290400,1,1.541100,314.582802,33.876360,-18.992423,1.872875,0
2022-06-09,sh.600730,5.9200,5.9400,5.7200,5.7200,5.9300,12049652,69920306.3200,3,2.054000,1,-3.541300,303.442433,32.676691,-18.319842,1.806551,0
2022-06-10,sh.600730,5.7100,5.9600,5.6900,5.9000,5.7200,12906874,75353839.4800,3,2.200100,1,3.146900,312.991321,33.704978,-18.896340,1.863400,0
2022-06-13,sh.600730,5.8600,6.0900,5.7900,6.0000,5.9000,16722245,99770067.5000,3,2.850400,1,1.694900,318.296258,34.276249,-19.216617,1.894984,0
2022-06-14,sh.600730,5.8800,5.9800,5.7700,5.9700,6.0000,13858934,81264828.0200,3,2.362400,1,-0.500000,316.704777,34.104868,-19.120534,1.885509,0
2022-06-15,sh.600730,5.9700,6.1900,5.9400,5.9800,5.9700,19705260,119909570.1600,3,3.358900,1,0.167500,317.235271,34.161995,-19.152562,1.888667,0
2022-06-16,sh.600730,6.0100,6.2400,6.0100,6.1700,5.9700,23875553,146802525.4800,3,4.069800,1,3.350100,327.314652,35.247410,-19.761088,1.948675,0
2022-06-17,sh.600730,6.1200,6.1200,5.8600,5.9400,6.1700,17673252,105241902.7800,3,3.012500,1,-3.727700,315.113296,33.933487,-19.024451,1.876034,0
2022-06-20,sh.600730,5.8800,6.2200,5.8000,6.0300,5.9400,17563853,105074978.6900,3,2.993900,1,1.515200,319.887739,34.447630,-19.312700,1.904458,0
2022-06-21,sh.600730,6.0100,6.0900,5.7700,5.8600,6.0300,13260206,78192474.2300,3,2.260300,1,-2.819200,310.869345,33.476470,-18.768229,1.850767,0
2022-06-22,sh.600730,5.8300,5.9600,5.6700,5.6800,5.8600,9583012,55329855.4000,3,1.633500,1,-3.071700,301.320458,32.448183,-18.191731,1.793918,0
2022-06-23,sh.600730,5.7000,5.7600,5.6000,5.7000,5.6800,11359632,64327526.1200,3,1.936300,1,0.352100,302.381445,32.562437,-18.255786,1.800234,0
2022-06-24,sh.600730,5.7200,5.8900,5.6800,5.8200,5.7000,8978394,52040888.9600,3,1.530400,1,2.105300,308.747370,33.247962,-18.640119,1.838134,0
2022-06-27,sh.600730,5.8200,5.8400,5.6800,5.7100,5.8200,10237945,58761893.1200,3,1.745100,1,-1.890000,302.911939,32.619564,-18.287814,1.803393,0
2022-06-28,sh.600730,5.6900,5.8000,5.6700,5.7900,5.7100,8464567,48638738.1200,3,1.442900,1,1.401100,307.155889,33.076581,-18.544036,1.828659,0
2022-06-29,sh.600730,5.8100,5.8400,5.6800,5.6900,5.7900,8514392,48913218.1200,3,1.451300,1,-1.727100,301.850951,32.505310,-18.223759,1.797076,0
2022-06-30,sh.600730,5.6800,5.8300,5.6700,5.7500,5.6900,10139884,58434414.6100,3,1.728400,1,1.054500,305.033914,32.848072,-18.415925,1.816026,0
2022-07-01,sh.600730,5.7600,5.8000,5.6600,5.7300,5.7500,8366082,47836843.0600,3,1.426100,1,-0.347800,303.972927,32.733818,-18.351869,1.809709,0
2022-07-04,sh.600730,5.7200,5.8300,5.6200,5.8300,5.7300,9713106,55527377.4100,3,1.655700,1,1.745200,309.277864,33.305089,-18.672146,1.841292,0
2022-07-05,sh.600730,5.7800,5.8200,5.5800,5.7000,5.8300,9345846,53049659.0400,3,1.593100,1,-2.229800,302.381445,32.562437,-18.255786,1.800234,0
2022-07-06,sh.600730,5.6700,5.7000,5.5800,5.5900,5.7000,5524200,31063726.0000,3,0.941600,1,-1.929800,296.546014,31.934039,-17.903482,1.765493,0
2022-07-07,sh.600730,5.5900,5.6900,5.5400,5.6300,5.5900,5125700,28855095.0000,3,0.873700,1,0.715600,298.667989,32.162547,-18.031592,1.778126,0
2022-07-08,sh.600730,5.6200,5.8200,5.6200,5.7200,5.6300,8179863,46905797.5800,3,1.394300,1,1.598600,303.442433,32.676691,-18.319842,1.806551,0
2022-07-11,sh.600730,5.7200,5.7800,5.6500,5.7500,5.7200,5500202,31420669.7500,3,0.937600,1,0.524500,305.033914,32.848072,-18.415925,1.816026,0
2022-07-12,sh.600730,5.7500,5.8100,5.6400,5.6500,5.7500,4964375,28393713.0000,3,0.846200,1,-1.739100,299.728976,32.276801,-18.095648,1.784443,0
2022-07-13,sh.600730,5.6500,5.6800,5.5900,5.6200,5.6500,5233264,29462379.9800,3,0.892000,1,-0.531000,298.137495,32.105420,-17.999565,1.774968,0
2022-07-14,sh.600730,5.6200,5.6400,5.5500,5.6100,5.6200,3643985,20384618.8100,3,0.621100,1,-0.177900,297.607001,32.048293,-17.967537,1.771810,0
2022-07-15,sh.600730,5.6100,5.7100,5.4800,5.5500,5.6100,6928674,38692748.0600,3,1.181000,1,-1.069500,294.424039,31.705531,-17.775371,1.752860,0
2022-07-18,sh.600730,5.5600,5.6400,5.5500,5.6300,5.5500,3300411,18517506.6100,3,0.562600,1,1.441400,298.667989,32.162547,-18.031592,1.778126,0
2022-07-19,sh.600730,5.6400,5.6900,5.6100,5.6600,5.6300,3999110,22611261.4000,3,0.681700,1,0.532900,300.259470,32.333928,-18.127676,1.787601,0
2022-07-20,sh.600730,5.6600,5.8600,5.6600,5.8100,5.6600,10875590,63040198.9000,3,1.853800,1,2.650200,308.216877,33.190835,-18.608091,1.834976,0
2022-07-21,sh.600730,5.8100,5.8700,5.7700,5.7900,5.8100,6750800,39388125.0000,3,1.150700,1,-0.344200,307.155889,33.076581,-18.544036,1.828659,0
2022-07-22,sh.600730,5.7700,5.9200,5.7400,5.8000,5.7900,7407692,43165021.0000,3,1.262700,1,0.172700,307.686383,33.133708,-18.576063,1.831817,0
2022-07-25,sh.600730,5.8000,5.8500,5.6900,5.7100,5.8000,5576800,32089083.0000,3,0.950600,1,-1.551700,302.911939,32.619564,-18.287814,1.803393,0
2022-07-26,sh.600730,5.7200,5.7500,5.6600,5.7400,5.7100,3947946,22526246.8200,3,0.673000,1,0.525400,304.503420,32.790945,-18.383897,1.812868,0
2022-07-27,sh.600730,5.7500,5.8200,5.7200,5.8000,5.7400,6037700,34908356.0000,3,1.029200,1,1.045300,307.686383,33.133708,-18.576063,1.831817,0
2022-07-28,sh.600730,5.8300,5.8400,5.7600,5.7600,5.8000,4348591,25209269.1600,3,0.741300,1,-0.689700,305.564408,32.905199,-18.447953,1.819184,0
2022-07-29,sh.600730,5.7800,5.7800,5.6600,5.6800,5.7600,4877809,27878068.4200,3,0.831500,1,-1.388900,301.320458,32.448183,-18.191731,1.793918,0
2022-08-01,sh.600730,5.7200,5.7400,5.6400,5.6600,5.6800,4305700,24416550.0000,3,0.733900,1,-0.352100,300.259470,32.333928,-18.127676,1.787601,0
2022-08-02,sh.600730,5.6500,5.6500,5.1200,5.2800,5.6600,13601237,72498243.6300,3,2.318400,1,-6.713800,280.100707,30.163099,-16.910623,1.667586,0
2022-08-03,sh.600730,5.3000,5.4200,5.1700,5.2200,5.2800,7892312,41875200.8800,3,1.345300,1,-1.136400,276.917745,29.820337,-16.718457,1.648636,0
2022-08-04,sh.600730,5.2800,5.3300,5.2100,5.3000,5.2200,4097500,21613257.0000,3,0.698500,1,1.532600,281.161695,30.277353,-16.974679,1.673902,0
2022-08-05,sh.600730,5.3100,5.3400,5.2400,5.3100,5.3000,3817193,20205353.0000,3,0.650700,1,0.188700,281.692188,30.334481,-17.006706,1.677060,0
2022-08-08,sh.600730,5.3000,5.3800,5.2900,5.3600,5.3100,3527023,18883802.0000,3,0.601200,1,0.941600,284.344657,30.620116,-17.166845,1.692852,0
2022-08-09,sh.600730,5.3500,5.3600,5.2800,5.3100,5.3600,3176800,16888449.0000,3,0.541500,1,-0.932800,281.692188,30.334481,-17.006706,1.677060,0
2022-08-10,sh.600730,5.3000,5.3000,5.2200,5.2500,5.3100,3959102,20844128.0000,3,0.674900,1,-1.129900,278.509226,29.991718,-16.814540,1.658111,0
2022-08-11,sh.600730,5.2800,5.3500,5.2600,5.3000,5.2500,4955938,26333552.0000,3,0.844800,1,0.952400,281.161695,30.277353,-16.974679,1.673902,0
2022-08-12,sh.600730,5.3000,5.3700,5.2600,5.3100,5.3000,4368700,23240534.0000,3,0.744700,1,0.188700,281.692188,30.334481,-17.006706,1.677060,0
2022-08-15,sh.600730,5.3200,5.3400,5.2300,5.2900,5.3100,4122200,21736366.0000,3,0.702700,1,-0.376600,280.631201,30.220226,-16.942651,1.670744,0
2022-08-16,sh.600730,5.3000,5.3500,5.2700,5.3300,5.2900,4204900,22317977.0000,3,0.716800,1,0.756100,282.753176,30.448735,-17.070762,1.683377,0
2022-08-17,sh.600730,5.3400,5.4000,5.3100,5.4000,5.3300,5939935,31865649.4600,3,1.012500,1,1.313300,286.466632,30.848624,-17.294955,1.705485,0
2022-08-18,sh.600730,5.3900,5.4000,5.2800,5.2800,5.4000,5251773,27876905.1700,3,0.895200,1,-2.222200,280.100707,30.163099,-16.910623,1.667586,0
2022-08-19,sh.600730,5.2800,5.3600,5.2600,5.2700,5.2800,4175900,22195754.0000,3,0.711800,1,-0.189400,279.570213,30.105972,-16.878595,1.664427,0
2022-08-22,sh.600730,5.2700,5.3400,5.2400,5.3200,5.2700,5205267,27587385.7600,3,0.887300,1,0.948800,282.222682,30.391608,-17.038734,1.680219,0
2022-08-23,sh.600730,5.3200,5.3800,5.2800,5.3700,5.3200,5332800,28445927.0000,3,0.909000,1,0.939800,284.875151,30.677243,-17.198872,1.696010,0
2022-08-24,sh.600730,5.3800,5.4200,5.2600,5.2800,5.3700,5433350,28955702.0000,3,0.926200,1,-1.676000,280.100707,30.163099,-16.910623,1.667586,0
2022-08-25,sh.600730,5.3200,5.3200,5.2000,5.2700,5.2800,4466100,23481336.0000,3,0.761300,1,-0.189400,279.570213,30.105972,-16.878595,1.664427,0
2022-08-26,sh.600730,5.2600,5.3600,5.2600,5.2900,5.2700,4712300,25057153.0000,3,0.803200,1,0.379500,280.631201,30.220226,-16.942651,1.670744,0
2022-08-29,sh.600730,5.3000,5.5300,5.2200,5.4600,5.2900,9965412,54011907.5200,3,1.698700,1,3.213600,289.649595,31.191387,-17.487122,1.724435,0
2022-08-30,sh.600730,5.4400,5.5500,5.4200,5.5500,5.4600,8958663,49403532.5700,3,1.527100,1,1.648400,294.424039,31.705531,-17.775371,1.752860,0
2022-08-31,sh.600730,5.5200,5.5400,5.4200,5.4300,5.5500,5431400,29748295.0000,3,0.925800,1,-2.162200,875.199416,30.341286,-52.539360,1.714520,0
2022-09-01,sh.600730,5.4700,5.5200,5.3900,5.4300,5.4300,5555700,30362781.0000,3,0.947000,1,0.000000,875.199416,30.341286,-52.539360,1.714520,0
2022-09-02,sh.600730,5.4200,5.4800,5.4000,5.4700,5.4300,4340061,23681923.4500,3,0.739800,1,0.736600,881.646557,30.564794,-52.926391,1.727150,0
2022-09-05,sh.600730,5.4400,5.5800,5.3900,5.4900,5.4700,6326620,34491516.3000,3,1.078400,1,0.365600,884.870128,30.676548,-53.119906,1.733465,0
2022-09-06,sh.600730,5.4900,5.5500,5.4500,5.5400,5.4900,7147897,39379315.6800,3,1.218400,1,0.910700,892.929054,30.955934,-53.603694,1.749253,0
2022-09-07,sh.600730,5.5600,5.5900,5.5000,5.5500,5.5400,4460298,24713090.9200,3,0.760300,1,0.180500,894.540839,31.011811,-53.700451,1.752410,0
2022-09-08,sh.600730,5.6000,5.8900,5.5600,5.7000,5.5500,13189799,74725142.3100,3,2.248300,1,2.702700,918.717619,31.849968,-55.151815,1.799773,0
2022-09-09,sh.600730,5.6600,5.7800,5.5700,5.7000,5.7000,9353481,53208094.8900,3,1.594400,1,0.000000,918.717619,31.849968,-55.151815,1.799773,0
2022-09-13,sh.600730,5.7400,5.8700,5.6700,5.8100,5.7000,8184729,47400431.4000,3,1.395100,1,1.929800,936.447257,32.464617,-56.216148,1.834505,0
2022-09-14,sh.600730,5.7500,5.8300,5.7100,5.7800,5.8100,8035759,46383173.1700,3,1.369800,1,-0.516400,931.611901,32.296985,-55.925875,1.825033,0
2022-09-15,sh.600730,5.7900,5.8100,5.6300,5.6900,5.7800,12581234,71735884.2900,3,2.144600,1,-1.557100,917.105834,31.794091,-55.055057,1.796615,0
2022-09-16,sh.600730,5.6800,5.6900,5.3900,5.4200,5.6900,7523400,41530848.0000,3,1.282400,1,-4.745200,873.587631,30.285408,-52.442603,1.711363,0
2022-09-19,sh.600730,5.4000,5.4500,5.2700,5.3100,5.4200,4744900,25357069.9600,3,0.808800,1,-2.029500,855.857992,29.670760,-51.378270,1.676630,0
2022-09-20,sh.600730,5.3300,5.4700,5.3300,5.4500,5.3100,5552810,30107015.9000,3,0.946500,1,2.636500,878.422987,30.453040,-52.732876,1.720835,0
2022-09-21,sh.600730,5.4500,5.5100,5.3300,5.5000,5.4500,4893788,26587792.6000,3,0.834200,1,0.917400,886.481913,30.732425,-53.216663,1.736623,0
2022-09-22,sh.600730,5.4100,5.5500,5.3900,5.4000,5.5000,5216600,28335166.0000,3,0.889200,1,-1.818200,870.364060,30.173654,-52.249088,1.705048,0
2022-09-23,sh.600730,5.4000,5.4600,5.2800,5.2900,5.4000,4589068,24558157.7200,3,0.782200,1,-2.037000,852.634422,29.559006,-51.184754,1.670315,0
2022-09-26,sh.600730,5.2600,5.3300,5.1900,5.2400,5.2900,4845400,25475949.0000,3,0.825900,1,-0.945200,844.575495,29.279620,-50.700967,1.654528,0
2022-09-27,sh.600730,5.2300,5.3600,5.2100,5.3600,5.2400,3609184,19108938.4800,3,0.615200,1,2.290100,863.916919,29.950146,-51.862057,1.692418,0
2022-09-28,sh.600730,5.3500,5.4300,5.1700,5.2000,5.3600,4724300,24992115.0000,3,0.805300,1,-2.985100,838.128354,29.056111,-50.313936,1.641898,0
2022-09-29,sh.600730,5.2300,5.3100,5.0300,5.0600,5.2000,6586700,33873292.0000,3,1.122800,1,-2.692300,815.563360,28.273831,-48.959330,1.597693,0
2022-09-30,sh.600730,5.0400,5.1200,5.0300,5.0400,5.0600,4219358,21427480.4800,3,0.719200,1,-0.395300,812.339789,28.162077,-48.765815,1.591378,0
2022-10-10,sh.600730,5.0900,5.1100,4.9300,4.9600,5.0400,4908603,24590785.9300,3,0.836700,1,-1.587300,799.445507,27.715060,-47.991755,1.566118,0
2022-10-11,sh.600730,4.9800,5.0200,4.8300,5.0200,4.9600,3773802,18587941.0000,3,0.643300,1,1.209700,809.116219,28.050323,-48.572300,1.585063,0
2022-10-12,sh.600730,4.9900,5.1500,4.9200,5.1100,5.0200,4282900,21518147.0000,3,0.730100,1,1.792800,823.622286,28.553217,-49.443118,1.613481,0
2022-10-13,sh.600730,5.1300,5.5700,5.0900,5.3800,5.1100,12429400,66644266.0000,3,2.118700,1,5.283800,867.140489,30.061900,-52.055573,1.698733,0
2022-10-14,sh.600730,5.3500,5.5300,5.3100,5.4900,5.3800,10655426,58028446.7000,3,1.816300,1,2.044600,884.870128,30.676548,-53.119906,1.733465,0
2022-10-17,sh.600730,5.5000,5.8200,5.4600,5.6700,5.4900,17667915,100252071.0900,3,3.011600,1,3.278700,913.882263,31.682337,-54.861542,1.790300,0
2022-10-18,sh.600730,5.6600,5.8400,5.6000,5.7100,5.6700,18203568,103982630.8200,3,3.102900,1,0.705500,920.329404,31.905845,-55.248572,1.802930,0
2022-10-19,sh.600730,5.7200,5.8700,5.6900,5.7500,5.7100,13927647,80403804.6100,3,2.374100,1,0.700500,926.776545,32.129354,-55.635603,1.815560,0
2022-10-20,sh.600730,5.7400,5.8600,5.6000,5.6700,5.7500,13426053,77298393.1700,3,2.288600,1,-1.391300,913.882263,31.682337,-54.861542,1.790300,0
2022-10-21,sh.600730,5.6600,6.2400,5.6600,6.2400,5.6700,26060615,156956013.0000,3,4.442200,1,10.052900,1005.754025,34.867334,-60.376724,1.970278,0
2022-10-24,sh.600730,6.8300,6.8300,5.7600,5.7900,6.2400,75366108,474026421.0200,3,12.846700,1,-7.211500,933.223687,32.352862,-56.022633,1.828190,0
2022-10-25,sh.600730,5.2300,5.5100,5.2300,5.3400,5.7900,46669032,248313889.4300,3,7.955100,1,-7.772000,860.693348,29.838391,-51.668542,1.686103,0
2022-10-26,sh.600730,5.3500,5.8700,5.3000,5.8700,5.3400,21271079,121322113.1600,3,3.625800,1,9.925100,946.117969,32.799880,-56.796694,1.853450,0
2022-10-27,sh.600730,6.0000,6.1900,5.8800,5.9000,5.8700,54817315,330648792.9900,3,9.344000,1,0.511100,950.953325,32.967511,-57.086966,1.862923,0
2022-10-28,sh.600730,5.9300,6.1000,5.6100,5.6300,5.9000,34304111,200618802.5500,3,5.847400,1,-4.576300,907.435122,31.458828,-54.474512,1.777670,0
2022-10-31,sh.600730,5.7200,6.0600,5.7200,5.8400,5.6300,28685414,167847958.9200,3,4.889600,1,3.730000,354.764907,27.076770,-163.932145,1.841221,0
2022-11-01,sh.600730,5.9000,6.1600,5.8500,6.1100,5.8400,37350706,225979315.0200,3,6.366700,1,4.623300,371.166709,28.328607,-171.511199,1.926346,0
2022-11-02,sh.600730,6.0300,6.2300,6.0100,6.0600,6.1100,30067913,183501505.4900,3,5.125300,1,-0.818300,368.129338,28.096785,-170.107671,1.910582,0
2022-11-03,sh.600730,6.0600,6.1300,5.9600,6.0500,6.0600,17459825,104961938.7500,3,2.976200,1,-0.165000,367.521864,28.050421,-169.826965,1.907430,0
2022-11-04,sh.600730,6.0800,6.6600,6.0700,6.6600,6.0500,28247471,185230039.5000,3,4.815000,1,10.082600,404.577788,30.878645,-186.950014,2.099749,0
2022-11-07,sh.600730,7.2600,7.2600,6.5700,6.6700,6.6600,91215850,627332585.0700,3,15.548400,1,0.150200,405.185262,30.925010,-187.230720,2.102902,0
2022-11-08,sh.600730,6.5800,6.7300,6.3900,6.5500,6.6700,48931555,318995458.0400,3,8.340800,1,-1.799100,397.895572,30.368638,-183.862251,2.065068,0
2022-11-09,sh.600730,6.5300,6.6200,6.3600,6.4800,6.5500,32962399,214396978.4000,3,5.618700,1,-1.068700,393.643253,30.044087,-181.897311,2.042999,0
2022-11-10,sh.600730,6.4900,6.8700,6.4700,6.6500,6.4800,46975533,313878765.0900,3,8.007300,1,2.623500,403.970314,30.832281,-186.669308,2.096596,0
2022-11-11,sh.600730,6.6300,6.7300,6.4100,6.4600,6.6500,39356984,258444003.8100,3,6.708700,1,-2.857100,392.428305,29.951359,-181.335900,2.036693,0
2022-11-14,sh.600730,6.5200,6.5500,6.3300,6.4800,6.4600,28293464,181759886.7500,3,4.822800,1,0.309600,393.643253,30.044087,-181.897311,2.042999,0
2022-11-15,sh.600730,6.4700,6.6000,6.4200,6.5000,6.4800,21088007,136920400.9400,3,3.594600,1,0.308600,394.858201,30.136816,-182.458723,2.049305,0
2022-11-16,sh.600730,6.5200,6.8100,6.3800,6.7300,6.5000,39325038,261620883.7100,3,6.703300,1,3.538500,408.830107,31.203196,-188.914954,2.121818,0
2022-11-17,sh.600730,6.6000,6.6500,6.4300,6.5600,6.7300,24475957,159527295.8100,3,4.172100,1,-2.526000,398.503046,30.415002,-184.142957,2.068221,0
2022-11-18,sh.600730,6.5600,6.9800,6.4700,6.7200,6.5600,40638803,272475325.0500,3,6.927200,1,2.439000,408.222633,31.156831,-188.634249,2.118666,0
2022-11-21,sh.600730,6.6100,6.8700,6.4500,6.5300,6.7200,29334864,193173078.3500,3,5.000400,1,-2.827400,396.680624,30.275909,-183.300840,2.058763,0
2022-11-22,sh.600730,6.4500,7.1800,6.4200,6.9000,6.5300,55986401,385191130.2600,3,9.543300,1,5.666200,419.157168,31.991389,-193.686952,2.175416,0
2022-11-23,sh.600730,6.7500,7.5000,6.4900,7.1200,6.9000,69061522,486771981.0600,3,11.772100,1,3.188400,432.521599,33.011405,-199.862478,2.244777,0
2022-11-24,sh.600730,7.0100,7.1500,6.7700,6.8800,7.1200,41683452,288484229.4800,3,7.105300,1,-3.370800,417.942219,31.898661,-193.125540,2.169110,0
2022-11-25,sh.600730,6.8600,7.1900,6.6900,7.0200,6.8800,40594342,284716542.3000,3,6.919600,1,2.034900,426.446857,32.547761,-197.055420,2.213249,0
2022-11-28,sh.600730,6.8500,7.0900,6.7100,6.9000,7.0200,33910874,233648804.3500,3,5.780400,1,-1.709400,419.157168,31.991389,-193.686952,2.175416,0
2022-11-29,sh.600730,6.8500,6.9700,6.7000,6.8100,6.9000,34259464,233404969.2100,3,5.839800,1,-1.304300,413.689900,31.574110,-191.160600,2.147041,0
2022-11-30,sh.600730,6.8000,6.8000,6.4500,6.6200,6.8100,35930355,236638137.8000,3,6.124600,1,-2.790000,402.147891,30.693188,-185.827191,2.087138,0
2022-12-01,sh.600730,6.6600,7.2800,6.5100,6.9000,6.6200,48575275,338005989.8900,3,8.280000,1,4.229600,419.157168,31.991389,-193.686952,2.175416,0
2022-12-02,sh.600730,6.7100,6.8700,6.6500,6.6500,6.9000,31977047,214750354.2700,3,5.450700,1,-3.623200,403.970314,30.832281,-186.669308,2.096596,0
2022-12-05,sh.600730,6.7000,7.3200,6.6400,7.3200,6.6500,69402450,494138006.4600,3,11.830200,1,10.075200,444.671082,33.938691,-205.476592,2.307832,0
2022-12-06,sh.600730,7.3200,7.3200,7.0000,7.1400,7.3200,58853877,420225944.5600,3,10.032100,1,-2.459000,433.736547,33.104133,-200.423889,2.251082,0
2022-12-07,sh.600730,7.1000,7.2500,7.0400,7.1400,7.1400,33216593,236791457.7500,3,5.662000,1,0.000000,433.736547,33.104133,-200.423889,2.251082,0
2022-12-08,sh.600730,7.0900,7.2700,6.9600,7.2000,7.1400,33052889,235076386.0300,3,5.634100,1,0.840300,437.381392,33.382319,-202.108123,2.269999,0
2022-12-09,sh.600730,7.1300,7.3100,7.0400,7.0500,7.2000,25365265,181124818.8600,3,4.323700,1,-2.083300,428.269280,32.686854,-197.897537,2.222707,0
2022-12-12,sh.600730,7.0300,7.0400,6.8500,6.9200,7.0500,17546673,121537558.2200,3,2.991000,1,-1.844000,420.372116,32.084118,-194.248363,2.181721,0
2022-12-13,sh.600730,6.9000,7.0400,6.8100,6.8200,6.9200,18034132,124779561.6500,3,3.074100,1,-1.445100,414.297374,31.620475,-191.441306,2.150193,0
2022-12-14,sh.600730,6.8000,6.9800,6.7900,6.8500,6.8200,14595203,100387744.4300,3,2.487900,1,0.439900,416.119797,31.759568,-192.283423,2.159652,0
2022-12-15,sh.600730,6.8400,6.9500,6.7000,6.9100,6.8500,13492199,92537887.1100,3,2.299800,1,0.875900,419.764642,32.037754,-193.967657,2.178568,0
2022-12-16,sh.600730,6.8200,7.2500,6.8200,6.9700,6.9100,19596300,138001546.9500,3,3.340300,1,0.868300,423.409487,32.315940,-195.651892,2.197485,0
2022-12-19,sh.600730,6.8600,7.2100,6.7100,6.9000,6.9700,28769092,201748986.1300,3,4.903900,1,-1.004300,419.157168,31.991389,-193.686952,2.175416,0
2022-12-20,sh.600730,6.7700,6.7900,6.3400,6.3600,6.9000,27015322,175166794.1800,3,4.605000,1,-7.826100,386.353563,29.487715,-178.528842,2.005166,0
2022-12-21,sh.600730,6.4100,6.8000,6.3900,6.4500,6.3600,18469736,120910696.8200,3,3.148300,1,1.415100,391.820831,29.904994,-181.055194,2.033541,0
2022-12-22,sh.600730,6.5600,6.6300,6.2600,6.3800,6.4500,23439607,151491566.6600,3,3.995500,1,-1.085300,387.568511,29.580444,-179.090254,2.011471,0
2022-12-23,sh.600730,6.2700,6.7000,6.2600,6.5300,6.3800,27326794,179079172.2600,3,4.658100,1,2.351100,396.680624,30.275909,-183.300840,2.058763,0
2022-12-26,sh.600730,6.4600,6.5800,6.3800,6.4500,6.5300,15772075,101778350.1500,3,2.688500,1,-1.225100,391.820831,29.904994,-181.055194,2.033541,0
2022-12-27,sh.600730,6.4400,6.5300,6.2700,6.3400,6.4500,17787697,112812183.9300,3,3.032000,1,-1.705400,385.138615,29.394987,-177.967431,1.998860,0
2022-12-28,sh.600730,6.3100,6.3600,6.1200,6.1300,6.3400,17019304,105740964.6400,3,2.901100,1,-3.312300,372.381658,28.421336,-172.072611,1.932652,0
2022-12-29,sh.600730,6.1200,6.2500,6.0500,6.0500,6.1300,14516400,89165453.0000,3,2.474400,1,-1.305100,367.521864,28.050421,-169.826965,1.907430,0
2022-12-30,sh.600730,6.1500,6.2100,6.0200,6.1900,6.0500,11756800,72151459.0000,3,2.004000,1,2.314000,376.026502,28.699522,-173.756845,1.951568,0
2023-01-03,sh.600730,6.1900,6.4200,6.1500,6.4000,6.1900,13049431,82578696.6800,3,2.224400,1,3.392600,388.783460,29.673173,-179.651665,2.017777,0
2023-01-04,sh.600730,6.4100,6.5800,6.3500,6.4400,6.4000,12579999,81201519.7600,3,2.144400,1,0.625000,391.213356,29.858630,-180.774488,2.030388,0
2023-01-05,sh.600730,6.4000,6.5900,6.3700,6.4000,6.4400,12341498,79753849.1800,3,2.103700,1,-0.621100,388.783460,29.673173,-179.651665,2.017777,0
2023-01-06,sh.600730,6.4200,6.4200,6.2700,6.2900,6.4000,9840700,62255927.0000,3,1.677400,1,-1.718800,382.101244,29.163165,-176.563902,1.983096,0
2023-01-09,sh.600730,6.3300,6.5100,6.2700,6.4500,6.2900,12546100,80396805.2500,3,2.138600,1,2.543700,391.820831,29.904994,-181.055194,2.033541,0
2023-01-10,sh.600730,6.4200,6.4900,6.3000,6.3300,6.4500,9137900,58068199.0000,3,1.557600,1,-1.860500,384.531141,29.348622,-177.686725,1.995707,0
2023-01-11,sh.600730,6.3500,6.3600,6.1700,6.2100,6.3300,7311617,45798893.2300,3,1.246300,1,-1.895700,377.241451,28.792250,-174.318256,1.957874,0
2023-01-12,sh.600730,6.1500,6.2900,6.1200,6.2000,6.2100,6058900,37499689.0000,3,1.032800,1,-0.161000,376.633977,28.745886,-174.037551,1.954721,0
2023-01-13,sh.600730,6.2000,6.2200,6.1200,6.1500,6.2000,5306441,32658960.6900,3,0.904500,1,-0.806500,373.596606,28.514064,-172.634022,1.938957,0
2023-01-16,sh.600730,6.1300,6.2700,6.1200,6.2200,6.1500,6715963,41745529.9400,3,1.144800,1,1.138200,377.848925,28.838615,-174.598962,1.961027,0
2023-01-17,sh.600730,6.2200,6.3200,6.1400,6.2200,6.2200,6676129,41460094.8000,3,1.138000,1,0.000000,377.848925,28.838615,-174.598962,1.961027,0
2023-01-18,sh.600730,6.1800,6.2800,6.1500,6.2000,6.2200,6705446,41688889.7400,3,1.143000,1,-0.321500,376.633977,28.745886,-174.037551,1.954721,0
2023-01-19,sh.600730,6.2100,6.2300,6.1400,6.1800,6.2000,6876420,42495453.6000,3,1.172100,1,-0.322600,375.419028,28.653157,-173.476139,1.948416,0
2023-01-20,sh.600730,6.2000,6.4600,6.2000,6.4500,6.1800,15132419,96781607.3600,3,2.579400,1,4.368900,391.820831,29.904994,-181.055194,2.033541,0
2023-01-30,sh.600730,6.5000,6.7900,6.4700,6.7500,6.4500,22640957,151000310.0800,3,3.859300,1,4.651200,410.045055,31.295924,-189.476366,2.128124,0
2023-01-31,sh.600730,6.6500,6.8300,6.6000,6.6600,6.7500,18443417,123376338.3900,3,3.143800,1,-1.333300,404.577788,30.878645,-186.950014,2.099749,0
2023-02-01,sh.600730,6.7300,7.2200,6.7300,7.1100,6.6600,41774868,292629793.7600,3,7.120800,1,6.756800,431.914125,32.965040,-199.581772,2.241624,0
2023-02-02,sh.600730,6.9500,7.0400,6.8700,6.8900,7.1100,24202400,168194845.9600,3,4.125500,1,-3.094200,418.549693,31.945025,-193.406246,2.172263,0
2023-02-03,sh.600730,6.8500,6.9200,6.7900,6.9000,6.8900,12104102,82997522.2800,3,2.063200,1,0.145100,419.157168,31.991389,-193.686952,2.175416,0
2023-02-06,sh.600730,6.8500,6.8700,6.7500,6.7800,6.9000,8582223,58256157.2500,3,1.462900,1,-1.739100,411.867478,31.435017,-190.318483,2.137582,0
2023-02-07,sh.600730,6.7800,6.9900,6.7400,6.8400,6.7800,12507200,85749354.3100,3,2.131900,1,0.885000,415.512323,31.713203,-192.002717,2.156499,0
2023-02-08,sh.600730,6.8100,6.8100,6.6800,6.7100,6.8400,9707883,65397982.7600,3,1.654800,1,-1.900600,407.615159,31.110467,-188.353543,2.115513,0
2023-02-09,sh.600730,6.7200,6.7700,6.6600,6.7600,6.7100,9039200,60687697.0000,3,1.540800,1,0.745200,410.652529,31.342289,-189.757071,2.131277,0
2023-02-10,sh.600730,6.7500,6.9800,6.7000,6.8600,6.7600,16631866,114621580.8700,3,2.835000,1,1.479300,416.727271,31.805932,-192.564129,2.162804,0
2023-02-13,sh.600730,6.9000,6.9000,6.8000,6.8800,6.8600,10682155,73200691.0400,3,1.820900,1,0.291500,417.942219,31.898661,-193.125540,2.169110,0
2023-02-14,sh.600730,6.9000,6.9500,6.7500,6.8200,6.8800,10549733,71726527.7300,3,1.798300,1,-0.872100,414.297374,31.620475,-191.441306,2.150193,0
2023-02-15,sh.600730,6.8200,6.8300,6.7400,6.7600,6.8200,8978392,60816969.0400,3,1.530400,1,-0.879800,410.652529,31.342289,-189.757071,2.131277,0
2023-02-16,sh.600730,6.7500,6.9000,6.5600,6.6300,6.7600,18340092,124193290.2000,3,3.126200,1,-1.923100,402.755365,30.739552,-186.107897,2.090291,0
2023-02-17,sh.600730,6.6400,6.7300,6.5400,6.5700,6.6300,9166392,60757275.6000,3,1.562500,1,-0.905000,399.110520,30.461366,-184.423663,2.071374,0
2023-02-20,sh.600730,6.6000,6.6300,6.5400,6.6300,6.5700,7716021,50828497.0500,3,1.315300,1,0.913200,402.755365,30.739552,-186.107897,2.090291,0
2023-02-21,sh.600730,6.6700,6.9300,6.6700,6.8600,6.6300,19875694,135855647.9800,3,3.388000,1,3.469100,416.727271,31.805932,-192.564129,2.162804,0
2023-02-22,sh.600730,6.8300,7.0700,6.7100,6.8900,6.8600,23321240,160416588.1600,3,3.975300,1,0.437300,418.549693,31.945025,-193.406246,2.172263,0
2023-02-23,sh.600730,6.9000,6.9300,6.7600,6.8100,6.8900,12345402,84380568.7000,3,2.104400,1,-1.161100,413.689900,31.574110,-191.160600,2.147041,0
2023-02-24,sh.600730,6.7800,6.8100,6.6600,6.6800,6.8100,7433200,49897233.0000,3,1.267000,1,-1.909000,405.792736,30.971374,-187.511426,2.106054,0
2023-02-27,sh.600730,6.6400,6.6800,6.4300,6.4300,6.6800,13890916,90531033.3600,3,2.367800,1,-3.742500,390.605882,29.812266,-180.493782,2.027235,0
2023-02-28,sh.600730,6.4900,6.5300,6.4300,6.5200,6.4300,8576576,55601207.9400,3,1.461900,1,1.399700,396.073150,30.229545,-183.020134,2.055610,0
2023-03-01,sh.600730,6.5000,6.5800,6.5000,6.5800,6.5200,10832250,70938345.3000,3,1.846400,1,0.920200,399.717995,30.507731,-184.704368,2.074527,0
2023-03-02,sh.600730,6.5700,6.9900,6.5400,6.7900,6.5800,27457474,187013976.7300,3,4.680300,1,3.191500,412.474952,31.481382,-190.599189,2.140735,0
2023-03-03,sh.600730,6.7600,7.1300,6.7400,7.0500,6.7900,47600015,332442943.6400,3,8.113800,1,3.829200,428.269280,32.686854,-197.897537,2.222707,0
2023-03-06,sh.600730,7.0700,7.2400,7.0300,7.1200,7.0500,42746982,304353744.5900,3,7.286500,1,0.992900,432.521599,33.011405,-199.862478,2.244777,0
2023-03-07,sh.600730,7.0500,7.1800,6.9500,6.9600,7.1200,31843186,224683156.3700,3,5.427900,1,-2.247200,422.802013,32.269575,-195.371186,2.194332,0
2023-03-08,sh.600730,6.9900,6.9900,6.8400,6.9500,6.9600,20326660,140467059.0600,3,3.464800,1,-0.143700,422.194538,32.223211,-195.090480,2.191179,0
2023-03-09,sh.600730,6.9500,7.1200,6.8000,6.9000,6.9500,24047662,166110038.9800,3,4.099100,1,-0.719400,419.157168,31.991389,-193.686952,2.175416,0
2023-03-10,sh.600730,6.8800,6.9600,6.6200,6.6700,6.9000,24208030,162488094.1000,3,4.126400,1,-3.333300,405.185262,30.925010,-187.230720,2.102902,0
2023-03-13,sh.600730,6.6300,6.7200,6.4700,6.7000,6.6700,16265664,107526743.2300,3,2.772600,1,0.449800,407.007684,31.064103,-188.072837,2.112360,0
2023-03-14,sh.600730,6.7100,6.7100,6.3100,6.4100,6.7000,24328000,157191367.2300,3,4.146900,1,-4.328400,389.390934,29.719537,-179.932371,2.020930,0
2023-03-15,sh.600730,6.4100,6.5100,6.3600,6.4500,6.4100,11789540,75872992.4800,3,2.009600,1,0.624000,391.820831,29.904994,-181.055194,2.033541,0
2023-03-16,sh.600730,6.3800,6.4000,6.2000,6.2300,6.4500,14897599,93633087.6900,3,2.539400,1,-3.410900,378.456399,28.884979,-174.879668,1.964180,0
2023-03-17,sh.600730,6.3000,6.4300,6.2600,6.3800,6.2300,12168476,77250145.5500,3,2.074200,1,2.407700,387.568511,29.580444,-179.090254,2.011471,0
2023-03-20,sh.600730,6.3900,6.4700,6.3600,6.3700,6.3800,8621625,55210993.2200,3,1.469600,1,-0.156700,386.961037,29.534080,-178.809548,2.008318,0
2023-03-21,sh.600730,6.3800,6.5300,6.3200,6.5000,6.3700,10187499,65633947.5700,3,1.736500,1,2.040800,394.858201,30.136816,-182.458723,2.049305,0
2023-03-22,sh.600730,6.4800,6.6300,6.4200,6.5800,6.5000,11530711,74965024.9900,3,1.965500,1,1.230800,399.717995,30.507731,-184.704368,2.074527,0
2023-03-23,sh.600730,6.5600,6.6300,6.4200,6.4800,6.5800,12638230,81957779.4000,3,2.154300,1,-1.519800,393.643253,30.044087,-181.897311,2.042999,0
2023-03-24,sh.600730,6.4300,6.5000,6.3700,6.4800,6.4800,8304413,53457967.5900,3,1.415600,1,0.000000,393.643253,30.044087,-181.897311,2.042999,0
2023-03-27,sh.600730,6.4400,6.4700,6.3000,6.3700,6.4800,11974100,76213240.0000,3,2.041100,1,-1.697500,386.961037,29.534080,-178.809548,2.008318,0
2023-03-28,sh.600730,6.3500,6.3600,6.2500,6.2800,6.3700,7978230,50252850.0000,3,1.360000,1,-1.412900,381.493770,29.116801,-176.283197,1.979943,0
2023-03-29,sh.600730,6.2900,6.3300,6.2400,6.2600,6.2800,6374741,40078785.4800,3,1.086600,1,-0.318500,380.278822,29.024072,-175.721785,1.973638,0
2023-03-30,sh.600730,6.2700,6.2900,6.1400,6.1700,6.2600,9499791,58737722.4700,3,1.619300,1,-1.437700,374.811554,28.606793,-173.195434,1.945263,0
2023-03-31,sh.600730,6.2000,6.2700,6.1600,6.2700,6.1700,7815484,48580816.2600,3,1.332200,1,1.620700,380.886296,29.070436,-176.002491,1.976791,0
2023-04-03,sh.600730,6.2800,6.3200,6.2400,6.3000,6.2700,8368027,52560097.3100,3,1.426400,1,0.478500,382.708718,29.209529,-176.844608,1.986249,0
2023-04-04,sh.600730,6.3300,6.3300,6.1800,6.2100,6.3000,10715572,66865816.9100,3,1.826600,1,-1.428600,377.241451,28.792250,-174.318256,1.957874,0
2023-04-06,sh.600730,6.2100,6.2100,6.0700,6.1000,6.2100,8477302,51909802.1800,3,1.445000,1,-1.771300,370.559235,28.282243,-171.230493,1.923193,0
2023-04-07,sh.600730,6.0900,6.2300,6.0800,6.2300,6.1000,6080500,37597574.0000,3,1.036500,1,2.131100,378.456399,28.884979,-174.879668,1.964180,0
2023-04-10,sh.600730,6.2300,6.2500,6.0800,6.1000,6.2300,9247700,56722926.0000,3,1.576300,1,-2.086700,370.559235,28.282243,-171.230493,1.923193,0
2023-04-11,sh.600730,6.1100,6.2200,6.0300,6.1200,6.1000,7138400,43632845.3800,3,1.216800,1,0.327900,371.774183,28.374971,-171.791905,1.929499,0
2023-04-12,sh.600730,6.1000,6.2100,6.1000,6.2100,6.1200,6497762,40069504.1600,3,1.107600,1,1.470600,377.241451,28.792250,-174.318256,1.957874,0
2023-04-13,sh.600730,6.2100,6.4200,6.1700,6.3700,6.2100,16463714,104545142.4000,3,2.806400,1,2.576500,386.961037,29.534080,-178.809548,2.008318,0
2023-04-14,sh.600730,6.3500,6.3500,6.1500,6.2000,6.3700,12884090,80081734.9400,3,2.196200,1,-2.668800,376.633977,28.745886,-174.037551,1.954721,0
2023-04-17,sh.600730,6.2000,6.2000,6.0700,6.1300,6.2000,9803789,59904496.5500,3,1.671100,1,-1.129000,372.381658,28.421336,-172.072611,1.932652,0
2023-04-18,sh.600730,6.1400,6.1700,6.0500,6.0500,6.1300,9112046,55399387.1400,3,1.553200,1,-1.305100,367.521864,28.050421,-169.826965,1.907430,0
2023-04-19,sh.600730,6.0600,6.2000,6.0300,6.1700,6.0500,12842951,78813698.8300,3,2.189200,1,1.983500,374.811554,28.606793,-173.195434,1.945263,0
2023-04-20,sh.600730,6.1700,6.1700,6.0300,6.0600,6.1700,8351188,50709457.6200,3,1.423500,1,-1.782800,368.129338,28.096785,-170.107671,1.910582,0
2023-04-21,sh.600730,6.0600,6.0900,5.6900,5.7000,6.0600,17139900,100518868.0000,3,2.921600,1,-5.940600,346.260269,26.427669,-160.002264,1.797082,0
2023-04-24,sh.600730,5.6900,5.8400,5.5500,5.8000,5.7000,11304759,64309523.6700,3,1.927000,1,1.754400,-39.331666,27.649310,-17.362170,1.927693,0
2023-04-25,sh.600730,5.7400,6.1600,5.7400,6.0100,5.8000,23006309,138460962.5300,3,3.921600,1,3.620700,-40.755744,28.650405,-17.990800,1.997489,0
2023-04-26,sh.600730,5.8000,6.1400,5.8000,5.9600,6.0100,16710312,99743548.1400,3,2.848400,1,-0.831900,-36.258680,28.174245,131.470634,1.990841,0
2023-04-27,sh.600730,5.9100,6.0200,5.7200,5.8300,5.9600,12094635,71024673.4900,3,2.061600,1,-2.181200,-35.467803,27.559706,128.602986,1.947417,0
2023-04-28,sh.600730,5.8300,6.0300,5.8300,6.0100,5.8300,11327008,67436469.7600,3,1.930800,1,3.087500,-36.562863,28.410606,132.573575,2.007543,0
2023-05-04,sh.600730,5.9200,6.2600,5.9100,6.2100,6.0100,15847972,97077355.3600,3,2.701400,1,3.327800,-37.779598,29.356051,136.985342,2.074349,0
2023-05-05,sh.600730,6.2300,6.5700,6.0600,6.3100,6.2100,32058727,203824288.2100,3,5.464700,1,1.610300,-38.387965,29.828773,139.191225,2.107753,0
2023-05-08,sh.600730,6.6500,6.9400,6.6500,6.9400,6.3100,43994447,304443744.0000,3,7.499200,1,9.984200,-42.220678,32.806923,153.088288,2.318194,0
2023-05-09,sh.600730,6.9700,7.2200,6.5900,6.6100,6.9400,84091299,581464950.6200,3,14.334000,1,-4.755000,-40.213066,31.246940,145.808874,2.207963,0
2023-05-10,sh.600730,6.6100,7.2700,6.6100,7.2700,6.6100,34331674,243229648.9800,3,5.852100,1,9.984900,-44.228289,34.366907,160.367703,2.428425,0
2023-05-11,sh.600730,8.0000,8.0000,7.7700,8.0000,7.2700,37949854,302725673.7800,3,6.468800,1,10.041300,-48.669369,37.817779,176.470649,2.672270,0
2023-05-12,sh.600730,8.3600,8.3600,7.4800,7.7100,8.0000,136601443,1085206628.5000,3,23.284800,1,-3.625000,-46.905104,36.446884,170.073588,2.575400,0
2023-05-15,sh.600730,7.5400,8.4800,7.5400,8.4800,7.7100,142255773,1184182560.3000,3,24.248600,1,9.987000,-51.589531,40.086846,187.058888,2.832606,0
2023-05-16,sh.600730,8.1800,8.2800,7.6300,7.6300,8.4800,105624025,826343647.4400,3,18.004400,1,-10.023600,-46.418411,36.068707,168.308882,2.548677,0
2023-05-17,sh.600730,6.9900,7.1600,6.8700,6.8700,7.6300,85711397,594210672.2200,3,14.610200,1,-9.960700,-41.794821,32.476018,151.544170,2.294812,0
2023-05-18,sh.600730,6.8300,6.9300,6.6600,6.8200,6.8700,56976006,388118720.3400,3,9.712000,1,-0.727800,-41.490637,32.239657,150.441229,2.278110,0
2023-05-19,sh.600730,6.7600,6.8000,6.5300,6.6000,6.8200,46062790,305896363.4100,3,7.851800,1,-3.225800,-40.152229,31.199668,145.588286,2.204623,0
2023-05-22,sh.600730,6.5700,6.6000,6.3900,6.4500,6.6000,33111584,213865374.3800,3,5.644100,1,-2.272700,-39.239679,30.490584,142.279461,2.154517,0
2023-05-23,sh.600730,6.4600,6.4800,6.3100,6.3100,6.4500,22181000,141276865.0000,3,3.780900,1,-2.170500,-38.387965,29.828773,139.191225,2.107753,0
2023-05-24,sh.600730,6.2800,6.4200,6.2200,6.3500,6.3100,22951220,145384802.0000,3,3.912200,1,0.633900,-38.631312,30.017862,140.073578,2.121114,0
2023-05-25,sh.600730,6.2900,6.3700,6.1500,6.2700,6.3500,23099381,144186675.7100,3,3.937500,1,-1.259800,-38.144618,29.639684,138.308871,2.094391,0
2023-05-26,sh.600730,6.2400,6.7300,6.1800,6.6000,6.2700,54315642,353076484.7200,3,9.258500,1,5.263200,-40.152229,31.199668,145.588286,2.204623,0
2023-05-29,sh.600730,6.5200,6.7900,6.4500,6.7500,6.6000,47938775,317724601.2500,3,8.171500,1,2.272700,-41.064780,31.908751,148.897110,2.254728,0
2023-05-30,sh.600730,6.6500,6.7400,6.5100,6.7000,6.7500,39349816,260710986.5900,3,6.707500,1,-0.740700,-40.760596,31.672390,147.794169,2.238026,0
2023-05-31,sh.600730,6.6000,6.7000,6.5800,6.6400,6.7000,24676500,163300366.0000,3,4.206300,1,-0.895500,-40.395576,31.388757,146.470639,2.217984,0
2023-06-01,sh.600730,6.6000,6.9100,6.5700,6.8100,6.6400,37100762,251604590.7500,3,6.324100,1,2.560200,-41.429800,32.192384,150.220640,2.274770,0
2023-06-02,sh.600730,6.7600,6.8800,6.6700,6.6700,6.8100,24981445,168298353.6000,3,4.258300,1,-2.055800,-40.578086,31.530573,147.132404,2.228005,0
2023-06-05,sh.600730,6.6600,6.8400,6.6300,6.7900,6.6700,22016520,149214512.8000,3,3.752900,1,1.799100,-41.308127,32.097840,149.779464,2.268089,0
2023-06-06,sh.600730,6.8000,6.8800,6.6600,6.6800,6.7900,22857637,154866675.6800,3,3.896300,1,-1.620000,-40.638923,31.577845,147.352992,2.231345,0
2023-06-07,sh.600730,6.7200,6.8500,6.5900,6.8000,6.6800,22644815,153291901.6900,3,3.860000,1,1.796400,-41.368964,32.145112,150.000052,2.271429,0
2023-06-08,sh.600730,6.7300,6.7800,6.6000,6.7000,6.8000,19656830,131145616.0000,3,3.350700,1,-1.470600,-40.760596,31.672390,147.794169,2.238026,0
2023-06-09,sh.600730,6.6600,6.8800,6.6200,6.8300,6.7000,23374921,157857498.5100,3,3.984400,1,1.940300,-41.551474,32.286929,150.661817,2.281450,0
2023-06-12,sh.600730,6.8300,7.0500,6.7900,7.0500,6.8300,47228146,328834785.1000,3,8.050400,1,3.221100,-42.889881,33.326918,155.514760,2.354938,0
2023-06-13,sh.600730,7.0400,7.0400,6.8800,6.9100,7.0500,33348004,231008411.1400,3,5.684400,1,-1.985800,-42.038167,32.665107,152.426523,2.308173,0
2023-06-14,sh.600730,6.9600,7.1200,6.8900,6.9400,6.9100,29840710,208437417.9100,3,5.086600,1,0.434200,-42.220678,32.806923,153.088288,2.318194,0
2023-06-15,sh.600730,6.8700,6.9200,6.7800,6.8100,6.9400,20359400,139052617.0000,3,3.470400,1,-1.873200,-41.429800,32.192384,150.220640,2.274770,0
2023-06-16,sh.600730,6.7800,6.9500,6.7100,6.8200,6.8100,16978832,116368873.8200,3,2.894200,1,0.146800,-41.490637,32.239657,150.441229,2.278110,0
2023-06-19,sh.600730,6.7900,6.8900,6.7200,6.7500,6.8200,16148197,109279174.5700,3,2.752600,1,-1.026400,-41.064780,31.908751,148.897110,2.254728,0
2023-06-20,sh.600730,6.7400,6.7500,6.6300,6.6800,6.7500,13337249,89043783.8900,3,2.273400,1,-1.037000,-40.638923,31.577845,147.352992,2.231345,0
2023-06-21,sh.600730,6.6800,6.7000,6.4100,6.4300,6.6800,14419850,93846298.4600,3,2.458000,1,-3.742500,-39.118005,30.396040,141.838284,2.147837,0
2023-06-26,sh.600730,6.4200,6.4500,6.1100,6.1200,6.4300,18355636,114287329.2500,3,3.128900,1,-4.821200,-37.232067,28.930601,135.000047,2.044286,0
2023-06-27,sh.600730,6.1300,6.2800,6.1200,6.2700,6.1200,11726700,73176390.0000,3,1.998900,1,2.451000,-38.144618,29.639684,138.308871,2.094391,0
2023-06-28,sh.600730,6.3000,6.3200,6.0700,6.1700,6.2700,11098100,68254283.0000,3,1.891800,1,-1.594900,-37.536251,29.166962,136.102988,2.060988,0
2023-06-29,sh.600730,6.1500,6.2100,6.1300,6.1500,6.1700,8587300,53045690.0000,3,1.463800,1,-0.324100,-37.414577,29.072418,135.661812,2.054307,0
2023-06-30,sh.600730,6.1300,6.2200,6.0900,6.1900,6.1500,7709410,47605501.6000,3,1.314100,1,0.650400,-37.657924,29.261506,136.544165,2.067669,0
2023-07-03,sh.600730,6.1900,6.2900,6.1500,6.2600,6.1900,10818310,67269746.5000,3,1.844100,1,1.130900,-38.083781,29.592412,138.088283,2.091051,0
2023-07-04,sh.600730,6.2600,6.2600,6.1600,6.1700,6.2600,9788988,60675241.8400,3,1.668600,1,-1.437700,-37.536251,29.166962,136.102988,2.060988,0
2023-07-05,sh.600730,6.1700,6.1900,6.1000,6.1100,6.1700,10140619,62294912.6600,3,1.728500,1,-0.972400,-37.171231,28.883329,134.779458,2.040946,0
2023-07-06,sh.600730,6.1200,6.1600,6.1000,6.1400,6.1100,8221109,50348697.9900,3,1.401400,1,0.491000,-37.353741,29.025145,135.441223,2.050967,0
2023-07-07,sh.600730,6.1300,6.2400,6.0400,6.1600,6.1400,12806079,78620756.9100,3,2.182900,1,0.325700,-37.475414,29.119690,135.882400,2.057648,0
2023-07-10,sh.600730,6.1500,6.1800,6.0800,6.1200,6.1600,6530800,40012210.0000,3,1.113200,1,-0.649400,-37.232067,28.930601,135.000047,2.044286,0
2023-07-11,sh.600730,6.1200,6.1400,6.0700,6.1200,6.1200,5255000,32070345.0000,3,0.895800,1,0.000000,-37.232067,28.930601,135.000047,2.044286,0
2023-07-12,sh.600730,6.0900,6.1900,6.0100,6.0200,6.1200,11769300,71611725.9100,3,2.006200,1,-1.634000,-36.623700,28.457879,132.794164,2.010883,0
2023-07-13,sh.600730,6.0300,6.2200,6.0200,6.1400,6.0200,10248700,62707903.0000,3,1.747000,1,1.993400,-37.353741,29.025145,135.441223,2.050967,0
2023-07-14,sh.600730,6.1400,6.2600,6.1100,6.2300,6.1400,14518104,90191795.3200,3,2.474700,1,1.465800,-37.901271,29.450595,137.426518,2.081030,0
2023-07-17,sh.600730,6.2300,6.2500,6.0900,6.1200,6.2300,8700694,53396239.3100,3,1.483100,1,-1.765700,-37.232067,28.930601,135.000047,2.044286,0
2023-07-18,sh.600730,6.1000,6.1100,6.0500,6.0900,6.1200,6282454,38205039.2400,3,1.070900,1,-0.490200,-37.049557,28.788784,134.338282,2.034265,0
2023-07-19,sh.600730,6.0700,6.1500,6.0600,6.1200,6.0900,4883600,29800490.0000,3,0.832400,1,0.492600,-37.232067,28.930601,135.000047,2.044286,0
2023-07-20,sh.600730,6.1200,6.1700,6.0600,6.0700,6.1200,8740300,53361435.0000,3,1.489900,1,-0.817000,-36.927884,28.694240,133.897105,2.027585,0
2023-07-21,sh.600730,6.0600,6.0800,6.0200,6.0600,6.0700,5870200,35487603.0000,3,1.000600,1,-0.164700,-36.867047,28.646968,133.676517,2.024244,0
2023-07-24,sh.600730,6.0700,6.1100,6.0200,6.0700,6.0600,5762700,34925715.0000,3,0.982300,1,0.165000,-36.927884,28.694240,133.897105,2.027585,0
2023-07-25,sh.600730,6.0900,6.1900,6.0900,6.1900,6.0700,11350853,69867600.0400,3,1.934800,1,1.976900,-37.657924,29.261506,136.544165,2.067669,0
2023-07-26,sh.600730,6.1700,6.2100,6.0800,6.1000,6.1900,7988508,48923339.7200,3,1.361700,1,-1.454000,-37.110394,28.836056,134.558870,2.037606,0
2023-07-27,sh.600730,6.0800,6.1600,6.0400,6.0600,6.1000,7530800,45892448.0000,3,1.283700,1,-0.655700,-36.867047,28.646968,133.676517,2.024244,0
2023-07-28,sh.600730,6.0500,6.1500,6.0100,6.1400,6.0600,10257900,62493367.0000,3,1.748500,1,1.320100,-37.353741,29.025145,135.441223,2.050967,0
2023-07-31,sh.600730,6.1400,6.2200,6.1400,6.2000,6.1400,12155037,75330414.2600,3,2.071900,1,0.977200,-37.718761,29.308779,136.764753,2.071009,0
2023-08-01,sh.600730,6.2000,6.2800,6.1800,6.2200,6.2000,11953683,74600566.1000,3,2.037600,1,0.322600,-37.840434,29.403323,137.205930,2.077690,0
2023-08-02,sh.600730,6.2300,6.2300,6.1500,6.1800,6.2200,6955000,42965979.0000,3,1.185500,1,-0.643100,-37.597088,29.214234,136.323577,2.064328,0
2023-08-03,sh.600730,6.1800,6.2300,6.1700,6.2300,6.1800,6543974,40591928.7200,3,1.115500,1,0.809100,-37.901271,29.450595,137.426518,2.081030,0
2023-08-04,sh.600730,6.2200,6.2800,6.2100,6.2300,6.2300,9233000,57696657.5000,3,1.573800,1,0.000000,-37.901271,29.450595,137.426518,2.081030,0
2023-08-07,sh.600730,6.2300,6.2700,6.1800,6.1900,6.2300,5821500,36193498.0000,3,0.992300,1,-0.642100,-37.657924,29.261506,136.544165,2.067669,0
2023-08-08,sh.600730,6.2000,6.2500,6.1700,6.1900,6.1900,6697700,41582236.4000,3,1.141700,1,0.000000,-37.657924,29.261506,136.544165,2.067669,0
2023-08-09,sh.600730,6.1700,6.1700,6.0600,6.0700,6.1900,8733100,53246970.0000,3,1.488600,1,-1.938600,-36.927884,28.694240,133.897105,2.027585,0
2023-08-10,sh.600730,6.0600,6.1100,6.0600,6.0900,6.0700,3275400,19928249.0000,3,0.558300,1,0.329500,-37.049557,28.788784,134.338282,2.034265,0
2023-08-11,sh.600730,6.1000,6.1100,5.9700,5.9700,6.0900,7060200,42551258.0000,3,1.203500,1,-1.970400,-36.319517,28.221518,131.691222,1.994181,0
2023-08-14,sh.600730,5.9200,6.0200,5.8500,6.0200,5.9700,5931297,35217438.2500,3,1.011000,1,0.837500,-36.623700,28.457879,132.794164,2.010883,0
2023-08-15,sh.600730,6.0200,6.0200,5.8600,5.8900,6.0200,5659200,33505549.0000,3,0.964700,1,-2.159500,-35.832823,27.843340,129.926516,1.967459,0
2023-08-16,sh.600730,5.9000,5.9100,5.7700,5.7800,5.8900,6373600,37221292.0000,3,1.086400,1,-1.867600,-35.163619,27.323345,127.500044,1.930715,0
2023-08-17,sh.600730,5.7900,5.8600,5.6900,5.8500,5.7800,7076620,40945053.4400,3,1.206300,1,1.211100,-35.589476,27.654251,129.044162,1.954097,0
2023-08-18,sh.600730,5.8100,5.9200,5.7100,5.7300,5.8500,6024700,35097050.0000,3,1.027000,1,-2.051300,-34.859435,27.086984,126.397103,1.914013,0
2023-08-21,sh.600730,5.7300,5.8100,5.6800,5.6900,5.7300,4168399,23942845.2200,3,0.710500,1,-0.698100,-34.616089,26.897895,125.514749,1.900652,0
2023-08-22,sh.600730,5.7200,5.7600,5.6400,5.7400,5.6900,5080400,28982782.0000,3,0.866000,1,0.878700,-34.920272,27.134256,126.617691,1.917354,0
2023-08-23,sh.600730,5.7500,5.7700,5.6500,5.6900,5.7400,4905022,28025632.4800,3,0.836100,1,-0.871100,-34.616089,26.897895,125.514749,1.900652,0
2023-08-24,sh.600730,5.6800,5.7400,5.6400,5.6800,5.6900,4390066,24997993.8800,3,0.748300,1,-0.175700,-34.555252,26.850623,125.294161,1.897311,0
2023-08-25,sh.600730,5.6900,5.7100,5.5200,5.5800,5.6800,8510896,47740326.3800,3,1.450700,1,-1.760600,-33.946885,26.377901,123.088278,1.863908,0
2023-08-28,sh.600730,5.8000,5.8700,5.7000,5.7100,5.5800,12001401,69603934.7300,3,2.045700,1,2.329700,-36.989146,25.846193,28.407701,1.895924,0
2023-08-29,sh.600730,5.7000,5.8700,5.6700,5.8700,5.7100,9267000,53841485.0000,3,1.579600,1,2.802100,-38.025620,26.570430,29.203714,1.949050,0
2023-08-30,sh.600730,5.8500,5.9500,5.8200,5.8400,5.8700,6574200,38544716.0000,3,1.120600,1,-0.511100,-37.831281,26.434635,29.054461,1.939089,0
2023-08-31,sh.600730,5.8300,5.8500,5.7500,5.7600,5.8400,5809200,33575037.0000,3,0.990200,1,-1.369900,-37.313044,26.072517,28.656455,1.912526,0
2023-09-01,sh.600730,5.7600,5.9000,5.7400,5.9000,5.7600,8755946,51178385.7500,3,1.492500,1,2.430600,-38.219959,26.706224,29.352966,1.959011,0
2023-09-04,sh.600730,5.9000,5.9300,5.8300,5.9200,5.9000,5987400,35258401.0000,3,1.020600,1,0.339000,-38.349518,26.796754,29.452468,1.965651,0
2023-09-05,sh.600730,5.8800,5.9000,5.8400,5.8700,5.9200,4256934,24951786.2400,3,0.725600,1,-0.844600,-38.025620,26.570430,29.203714,1.949050,0
2023-09-06,sh.600730,5.8300,5.8600,5.7800,5.8400,5.8700,3566734,20765893.8800,3,0.608000,1,-0.511100,-37.831281,26.434635,29.054461,1.939089,0
2023-09-07,sh.600730,5.8200,5.9400,5.7600,5.7700,5.8400,6966721,40790449.6800,3,1.187500,1,-1.198600,-37.377824,26.117782,28.706206,1.915846,0
2023-09-08,sh.600730,5.7300,5.8400,5.7100,5.8300,5.7700,5478801,31643945.7100,3,0.933900,1,1.039900,-37.766501,26.389370,29.004711,1.935768,0
2023-09-11,sh.600730,5.8100,5.8600,5.7700,5.8400,5.8300,4352461,25351406.9100,3,0.741900,1,0.171500,-37.831281,26.434635,29.054461,1.939089,0
2023-09-12,sh.600730,5.8200,5.8400,5.7600,5.7900,5.8400,4216200,24426373.0000,3,0.718700,1,-0.856200,-37.507383,26.208311,28.805708,1.922487,0
2023-09-13,sh.600730,5.7700,5.7900,5.6600,5.7100,5.7900,4774900,27265911.0000,3,0.813900,1,-1.381700,-36.989146,25.846193,28.407701,1.895924,0
2023-09-14,sh.600730,5.7000,5.7100,5.6200,5.6400,5.7100,3162030,17892405.3500,3,0.539000,1,-1.225900,-36.535689,25.529339,28.059446,1.872681,0
2023-09-15,sh.600730,5.6600,5.7200,5.6400,5.6800,5.6400,3633699,20652540.0000,3,0.619400,1,0.709200,-36.794808,25.710399,28.258449,1.885963,0
2023-09-18,sh.600730,5.6600,5.7300,5.6200,5.7200,5.6800,3232400,18438647.0000,3,0.551000,1,0.704200,-37.053926,25.891458,28.457452,1.899244,0
2023-09-19,sh.600730,5.7300,5.7300,5.6600,5.6800,5.7200,3515385,19992768.8000,3,0.599200,1,-0.699300,-36.794808,25.710399,28.258449,1.885963,0
2023-09-20,sh.600730,5.6800,5.6900,5.6200,5.6200,5.6800,3475200,19639683.0000,3,0.592400,1,-1.056300,-36.406130,25.438810,27.959944,1.866041,0
2023-09-21,sh.600730,5.6000,5.6400,5.5600,5.5800,5.6200,3109903,17407788.8000,3,0.530100,1,-0.711700,-36.147012,25.257751,27.760941,1.852759,0
2023-09-22,sh.600730,5.5500,5.6800,5.5500,5.6500,5.5800,4376103,24641370.9500,3,0.745900,1,1.254500,-36.600469,25.574604,28.109196,1.876002,0
2023-09-25,sh.600730,5.6300,5.6700,5.5500,5.5700,5.6500,4194600,23445504.0000,3,0.715000,1,-1.415900,-36.082232,25.212486,27.711190,1.849439,0
2023-09-26,sh.600730,5.5800,5.6100,5.5500,5.5600,5.5700,3504636,19555878.6000,3,0.597400,1,-0.179500,-36.017453,25.167221,27.661439,1.846119,0
2023-09-27,sh.600730,5.5700,5.5900,5.5400,5.5400,5.5600,4470400,24851013.0000,3,0.762000,1,-0.359700,-35.887893,25.076692,27.561938,1.839478,0
2023-09-28,sh.600730,5.5600,5.7000,5.5500,5.6800,5.5400,6724673,37940157.7100,3,1.146300,1,2.527100,-36.794808,25.710399,28.258449,1.885963,0
2023-10-09,sh.600730,5.6800,5.9300,5.5900,5.8000,5.6800,15610907,90575501.1700,3,2.661000,1,2.112700,-37.572163,26.253576,28.855458,1.925807,0
2023-10-10,sh.600730,5.7900,5.9000,5.7100,5.7500,5.8000,11069548,64039605.9700,3,1.886900,1,-0.862100,-37.248265,26.027252,28.606704,1.909205,0
2023-10-11,sh.600730,5.7000,5.8300,5.5900,5.7200,5.7500,10235300,58748656.0000,3,1.744700,1,-0.521700,-37.053926,25.891458,28.457452,1.899244,0
2023-10-12,sh.600730,5.7300,5.8900,5.7200,5.7900,5.7200,8752300,50792397.0000,3,1.491900,1,1.223800,-37.507383,26.208311,28.805708,1.922487,0
2023-10-13,sh.600730,5.7900,5.8000,5.7000,5.7400,5.7900,7549100,43363973.0000,3,1.286800,1,-0.863600,-37.183485,25.981987,28.556954,1.905885,0
2023-10-16,sh.600730,5.7300,5.7500,5.6100,5.6300,5.7400,4897791,27716437.8800,3,0.834900,1,-1.916400,-36.470910,25.484075,28.009695,1.869361,0
2023-10-17,sh.600730,5.6300,5.7000,5.6100,5.6200,5.6300,4883100,27547640.0000,3,0.832400,1,-0.177600,-36.406130,25.438810,27.959944,1.866041,0
2023-10-18,sh.600730,5.6200,5.6400,5.4200,5.4400,5.6200,8239000,45200061.0000,3,1.404400,1,-3.202800,-35.240097,24.624044,27.064430,1.806274,0
2023-10-19,sh.600730,5.4300,5.5200,5.4000,5.4100,5.4400,4998650,27239597.0000,3,0.852100,1,-0.551500,-35.045759,24.488249,26.915178,1.796313,0
2023-10-20,sh.600730,5.4000,5.4500,5.3500,5.3700,5.4100,4770500,25704949.0000,3,0.813200,1,-0.739400,-34.786640,24.307190,26.716174,1.783032,0
2023-10-23,sh.600730,5.3700,5.3800,5.1800,5.2100,5.3700,5817900,30560562.0000,3,0.991700,1,-2.979500,-33.750167,23.582954,25.920162,1.729906,0
2023-10-24,sh.600730,5.2300,5.3900,5.2200,5.3700,5.2100,6049731,32382128.4700,3,1.031200,1,3.071000,-34.786640,24.307190,26.716174,1.783032,0
2023-10-25,sh.600730,5.3700,5.5300,5.3700,5.5100,5.3700,6033792,33074128.5600,3,1.028500,1,2.607100,-35.693555,24.940897,27.412685,1.829517,0
2023-10-26,sh.600730,5.4800,5.5600,5.4400,5.5200,5.5100,5030686,27669461.6200,3,0.857500,1,0.181500,-35.758334,24.986162,27.462436,1.832837,0
2023-10-27,sh.600730,5.5100,5.5200,5.4300,5.4900,5.5200,4730500,25892078.0000,3,0.806300,1,-0.543500,-35.563995,24.850368,27.313184,1.822876,0
2023-10-30,sh.600730,5.5000,5.5300,5.4700,5.5100,5.4900,6317416,34789222.1600,3,1.076900,1,0.364300,-35.985209,28.360858,530.041229,1.825895,0
2023-10-31,sh.600730,5.5000,5.5600,5.4500,5.4900,5.5100,4444600,24451635.0000,3,0.757600,1,-0.363000,-35.854592,28.257915,528.117304,1.819267,0
2023-11-01,sh.600730,5.4800,5.5400,5.4700,5.5100,5.4900,5513658,30376420.0000,3,0.939800,1,0.364300,-35.985209,28.360858,530.041229,1.825895,0
2023-11-02,sh.600730,5.5100,5.6000,5.4800,5.5100,5.5100,7012990,38868059.4600,3,1.195400,1,0.000000,-35.985209,28.360858,530.041229,1.825895,0
2023-11-03,sh.600730,5.5000,5.5500,5.4800,5.5300,5.5100,5113800,28247063.0000,3,0.871700,1,0.363000,-36.115827,28.463801,531.965153,1.832522,0
2023-11-06,sh.600730,5.5600,5.7000,5.5500,5.6900,5.5300,6945298,39158953.6200,3,1.183900,1,2.893300,-37.160770,29.287347,547.356550,1.885543,0
2023-11-07,sh.600730,5.6700,5.7500,5.6500,5.7400,5.6900,7451208,42531289.4400,3,1.270100,1,0.878700,-37.487314,29.544705,552.166362,1.902112,0
2023-11-08,sh.600730,5.7100,5.8200,5.7100,5.7800,5.7400,6802782,39343248.8000,3,1.159600,1,0.696900,-37.748550,29.750592,556.014211,1.915367,0
2023-11-09,sh.600730,5.7900,5.8100,5.6800,5.6900,5.7800,5593600,31997663.0000,3,0.953500,1,-1.557100,-37.160770,29.287347,547.356550,1.885543,0
2023-11-10,sh.600730,5.6900,5.7000,5.6100,5.6400,5.6900,3746778,21165208.9200,3,0.638700,1,-0.878700,-36.834225,29.029989,542.546739,1.868974,0
2023-11-13,sh.600730,5.6500,5.7700,5.6500,5.7500,5.6400,5780808,33195491.8400,3,0.985400,1,1.950400,-37.552623,29.596177,553.128324,1.905425,0
2023-11-14,sh.600730,5.7500,5.8100,5.7500,5.8000,5.7500,5575600,32232154.0000,3,0.950400,1,0.869600,-37.879168,29.853535,557.938135,1.921994,0
2023-11-15,sh.600730,5.8300,5.8500,5.7400,5.7700,5.8000,4322900,24985712.0000,3,0.736900,1,-0.517200,-37.683241,29.699120,555.052249,1.912053,0
2023-11-16,sh.600730,5.7600,5.8200,5.7100,5.7800,5.7700,5180700,29979521.0000,3,0.883100,1,0.173300,-37.748550,29.750592,556.014211,1.915367,0
2023-11-17,sh.600730,5.7900,5.8400,5.7500,5.8200,5.7800,5053994,29308580.3800,3,0.861500,1,0.692000,-38.009786,29.956478,559.862060,1.928622,0
2023-11-20,sh.600730,5.8300,5.9200,5.7900,5.9100,5.8200,8627800,50561178.4000,3,1.470700,1,1.546400,-38.597566,30.419723,568.519721,1.958446,0
2023-11-21,sh.600730,5.9400,5.9500,5.8700,5.8900,5.9100,7391900,43720743.0000,3,1.260000,1,-0.338400,-38.466948,30.316779,566.595796,1.951818,0
2023-11-22,sh.600730,5.9200,5.9500,5.8500,5.8900,5.8900,5951300,35173251.0000,3,1.014400,1,0.000000,-38.466948,30.316779,566.595796,1.951818,0
2023-11-23,sh.600730,5.8700,5.8900,5.8000,5.8800,5.8900,5995900,35081864.0000,3,1.022000,1,-0.169800,-38.401639,30.265308,565.633834,1.948505,0
2023-11-24,sh.600730,5.8900,5.8900,5.7800,5.8100,5.8800,5824696,33918905.6000,3,0.992900,1,-1.190500,-37.944477,29.905007,558.900098,1.925308,0
2023-11-27,sh.600730,5.7700,5.8200,5.7500,5.7800,5.8100,4944500,28595415.0000,3,0.842800,1,-0.516400,-37.748550,29.750592,556.014211,1.915367,0
2023-11-28,sh.600730,5.7900,5.8300,5.7300,5.8200,5.7800,3705422,21461560.6000,3,0.631600,1,0.692000,-38.009786,29.956478,559.862060,1.928622,0
2023-11-29,sh.600730,5.8300,5.8800,5.7700,5.7800,5.8200,5760900,33592210.0000,3,0.982000,1,-0.687300,-37.748550,29.750592,556.014211,1.915367,0
2023-11-30,sh.600730,5.8000,5.8100,5.7400,5.7900,5.7800,4993852,28829821.5600,3,0.851200,1,0.173000,-37.813859,29.802063,556.976173,1.918681,0
2023-12-01,sh.600730,5.8300,6.3700,5.7800,6.3700,5.7900,48272618,300869674.3800,3,8.228400,1,10.017300,-41.601776,32.787417,612.769987,2.110880,0
2023-12-04,sh.600730,6.4000,6.5500,6.2500,6.3100,6.3700,77617692,494983705.1900,3,13.230500,1,-0.941900,-41.209922,32.478587,606.998213,2.090997,0
2023-12-05,sh.600730,6.2800,6.4700,6.1600,6.2800,6.3100,50366882,318618825.4200,3,8.585400,1,-0.475400,-41.013995,32.324172,604.112326,2.081056,0
2023-12-06,sh.600730,6.3000,6.3800,6.1300,6.3000,6.2800,43578609,272479221.1600,3,7.428300,1,0.318500,-41.144613,32.427116,606.036251,2.087684,0
2023-12-07,sh.600730,6.2900,6.4000,6.2400,6.3500,6.3000,35300989,222872581.6900,3,6.017300,1,0.793700,-41.471158,32.684474,610.846062,2.104252,0
2023-12-08,sh.600730,6.2300,6.2700,6.0100,6.1000,6.3500,25489398,157463910.4700,3,4.344900,1,-3.937000,-39.838435,31.397683,586.797005,2.021408,0
2023-12-11,sh.600730,6.1400,6.1900,6.0500,6.1900,6.1000,19982294,122474361.6800,3,3.406100,1,1.475400,,,,,0
2023-12-12,sh.600730,6.2000,6.8100,6.1800,6.8100,6.1900,49202121,323222713.2300,3,8.386900,1,10.016200,-44.475368,35.052168,655.096328,2.256687,0
2023-12-13,sh.600730,7.4000,7.4000,6.6900,6.9000,6.8100,129370840,905402695.0400,3,22.052200,1,1.321600,-45.063148,35.515412,663.753989,2.286511,0
2023-12-14,sh.600730,6.7600,6.8900,6.5600,6.5900,6.9000,75480601,507473028.9300,3,12.866200,1,-4.492800,-43.038572,33.919792,633.933157,2.183783,0
2023-12-15,sh.600730,6.6500,6.7300,6.3500,6.4700,6.5900,43921268,284723618.2100,3,7.486700,1,-1.820900,-42.254865,33.302133,622.389610,2.144018,0
2023-12-18,sh.600730,6.5100,6.5500,6.2600,6.2800,6.4700,32695100,207782850.4800,3,5.573100,1,-2.936600,-41.013995,32.324172,604.112326,2.081056,0
2023-12-19,sh.600730,6.3100,6.3400,6.1200,6.1800,6.2800,28742863,178008341.6800,3,4.899400,1,-1.592400,-40.360906,31.809456,594.492703,2.047918,0
2023-12-20,sh.600730,6.2200,6.2300,5.9600,5.9900,6.1800,25586600,154996632.0000,3,4.361400,1,-3.074400,-39.120037,30.831496,576.215419,1.984956,0
2023-12-21,sh.600730,5.9000,6.0400,5.8500,6.0100,5.9900,20091314,119773470.6400,3,3.424700,1,0.333900,-39.250655,30.934439,578.139344,1.991584,0
2023-12-22,sh.600730,6.0000,6.0300,5.7400,5.7700,6.0100,22732193,133378882.5400,3,3.874900,1,-3.993300,-37.683241,29.699120,555.052249,1.912053,0
2023-12-25,sh.600730,5.7600,5.8100,5.5900,5.6200,5.7700,16039307,90822327.9400,3,2.734000,1,-2.599700,-36.703607,28.927046,540.622814,1.862346,0
2023-12-26,sh.600730,5.6100,5.6200,5.4700,5.5200,5.6200,13618056,75240890.3000,3,2.321300,1,-1.779400,-36.050518,28.412330,531.003191,1.829208,0
2023-12-27,sh.600730,5.5100,5.5600,5.4600,5.5400,5.5200,10499510,57894640.1400,3,1.789700,1,0.362300,-36.181136,28.515273,532.927116,1.835836,0
2023-12-28,sh.600730,5.5200,5.6300,5.4200,5.6000,5.5400,15123653,84109614.6900,3,2.577900,1,1.083000,-36.572990,28.824103,538.698889,1.855719,0
2023-12-29,sh.600730,5.6100,5.6800,5.5600,5.6500,5.6000,13246003,74726455.9100,3,2.257900,1,0.892900,-36.899534,29.081461,543.508701,1.872288,0
2024-01-02,sh.600730,5.6700,5.7400,5.6400,5.7000,5.6500,12452897,70949566.1500,3,2.122700,1,0.885000,-37.226079,29.338819,548.318512,1.888857,0
2024-01-03,sh.600730,5.6600,5.8500,5.6500,5.7700,5.7000,17828870,102734918.5200,3,3.039100,1,1.228100,-37.683241,29.699120,555.052249,1.912053,0
2024-01-04,sh.600730,5.7600,5.8400,5.7000,5.8000,5.7700,12276700,71074160.0000,3,2.092700,1,0.519900,-37.879168,29.853535,557.938135,1.921994,0
2024-01-05,sh.600730,5.8200,5.8300,5.6500,5.6800,5.8000,11687905,66932100.7700,3,1.992300,1,-2.069000,-37.095461,29.235876,546.394588,1.882229,0
2024-01-08,sh.600730,5.6400,5.7200,5.5900,5.6300,5.6800,9564837,54255234.5300,3,1.630400,1,-0.880300,-36.768916,28.978518,541.584776,1.865660,0
2024-01-09,sh.600730,5.6200,5.7300,5.6000,5.6700,5.6300,10509800,59659011.0000,3,1.791500,1,0.710500,-37.030152,29.184404,545.432625,1.878915,0
2024-01-10,sh.600730,5.6500,5.6500,5.5100,5.5700,5.6700,9610500,53551734.0000,3,1.638200,1,-1.763700,-36.377063,28.669688,535.813002,1.845777,0
2024-01-11,sh.600730,5.5700,5.7100,5.5600,5.6700,5.5700,10427402,59128326.3600,3,1.777400,1,1.795300,-37.030152,29.184404,545.432625,1.878915,0
2024-01-12,sh.600730,5.6600,5.6900,5.5600,5.5800,5.6700,8361476,46984429.4000,3,1.425300,1,-1.587300,-36.442372,28.721159,536.774965,1.849091,0
2024-01-15,sh.600730,5.5800,5.6500,5.5500,5.5800,5.5800,5815002,32568535.1400,3,0.991200,1,0.000000,-36.442372,28.721159,536.774965,1.849091,0
2024-01-16,sh.600730,5.6100,5.6100,5.4500,5.5200,5.5800,8693890,47948846.4000,3,1.481900,1,-1.075300,-36.050518,28.412330,531.003191,1.829208,0
2024-01-17,sh.600730,5.5200,5.5600,5.4000,5.4000,5.5200,6857832,37562255.0800,3,1.169000,1,-2.173900,-35.266811,27.794670,519.459643,1.789443,0
2024-01-18,sh.600730,5.4000,5.4000,5.1400,5.3200,5.4000,14546070,76391942.0400,3,2.479500,1,-1.481500,-34.744340,27.382898,511.763945,1.762933,0
2024-01-19,sh.600730,5.3300,5.3500,5.2500,5.2600,5.3200,5995702,31712169.5800,3,1.022000,1,-1.127800,-34.352487,27.074068,505.992171,1.743050,0
2024-01-22,sh.600730,5.2300,5.2800,4.8600,4.9200,5.2600,11271058,57001248.5400,3,1.921200,1,-6.463900,-32.131984,25.324033,473.285453,1.630381,0
2024-01-23,sh.600730,4.8600,4.9700,4.7500,4.9600,4.9200,12111429,58851847.1800,3,2.064500,1,0.813000,-32.393219,25.529920,477.133302,1.643637,0
2024-01-24,sh.600730,4.9900,5.3100,4.9500,5.2500,4.9600,27067472,138784093.3700,3,4.613900,1,5.846800,-34.287178,27.022596,505.030209,1.739736,0
2024-01-25,sh.600730,5.2800,5.6000,5.1800,5.5400,5.2500,34007700,184853458.2000,3,5.796900,1,5.523800,-36.181136,28.515273,532.927116,1.835836,0
2024-01-26,sh.600730,5.5200,5.6900,5.5000,5.5700,5.5400,28354775,158929108.6600,3,4.833300,1,0.541500,-36.377063,28.669688,535.813002,1.845777,0
2024-01-29,sh.600730,5.5700,5.8400,5.4200,5.5600,5.5700,36075998,202743519.7100,3,6.149400,1,-0.179500,-36.311754,28.618216,534.851040,1.842464,0
2024-01-30,sh.600730,5.5000,5.5300,5.2300,5.2700,5.5600,26390200,141937759.3800,3,4.498400,1,-5.215800,-34.417796,27.125539,506.954133,1.746364,0
2024-01-31,sh.600730,5.2000,5.5600,5.0300,5.1100,5.2700,28528859,149260878.3100,3,4.863000,1,-3.036100,-33.372853,26.301994,491.562737,1.693343,0
2024-02-01,sh.600730,5.0300,5.1000,4.7500,4.9400,5.1100,23866300,118186601.4900,3,4.068200,1,-3.326800,-32.262601,25.426976,475.209377,1.637009,0
2024-02-02,sh.600730,4.9900,5.3600,4.5500,4.7300,4.9400,26520007,131938941.8200,3,4.520500,1,-4.251000,-30.891114,24.346072,455.008169,1.567420,0
2024-02-05,sh.600730,4.7500,4.8000,4.2600,4.2600,4.7300,21901900,94769209.0000,3,3.733300,1,-9.936600,-27.821596,21.926907,409.795941,1.411672,0
2024-02-06,sh.600730,3.9800,4.2300,3.8300,4.0100,4.2600,32171215,126380113.1100,3,5.483800,1,-5.868500,-26.188873,20.640116,385.746883,1.328827,0
2024-02-07,sh.600730,4.0000,4.0000,3.6700,3.7600,4.0100,26805865,102284286.2900,3,4.569300,1,-6.234400,-24.556150,19.353326,361.697826,1.245983,0
2024-02-08,sh.600730,3.7900,4.1300,3.7900,4.1100,3.7600,20544706,81572441.5500,3,3.502000,1,9.308500,-26.841962,21.154833,395.366506,1.361965,0
2024-02-19,sh.600730,4.2300,4.5200,4.2300,4.5200,4.1100,16830377,74646031.8200,3,2.868900,1,9.975700,-29.519627,23.265169,434.806961,1.497830,0
2024-02-20,sh.600730,4.6500,4.6600,4.4000,4.4500,4.5200,30925874,139456697.1100,3,5.271600,1,-1.548700,-29.062465,22.904867,428.073225,1.474634,0
2024-02-21,sh.600730,4.4000,4.8700,4.3500,4.7300,4.4500,32640373,150614790.3800,3,5.563800,1,6.292100,-30.891114,24.346072,455.008169,1.567420,0
2024-02-22,sh.600730,4.6300,4.7500,4.6000,4.7300,4.7300,23219934,108889948.5200,3,3.958000,1,0.000000,-30.891114,24.346072,455.008169,1.567420,0
2024-02-23,sh.600730,4.7100,4.8700,4.6700,4.8500,4.7300,24482375,117432392.4000,3,4.173200,1,2.537000,-31.674821,24.963732,466.551717,1.607185,0
2024-02-26,sh.600730,4.8300,5.0300,4.7700,4.9200,4.8500,25367440,124281119.7400,3,4.324100,1,1.443300,-32.131984,25.324033,473.285453,1.630381,0
2024-02-27,sh.600730,4.8200,5.0700,4.8200,5.0600,4.9200,23014302,114864647.1000,3,3.923000,1,2.845500,-33.046308,26.044636,486.752925,1.676774,0
2024-02-28,sh.600730,5.0800,5.3200,4.8200,4.8200,5.0600,38286800,195946234.4300,3,6.526300,1,-4.743100,-31.478895,24.809317,463.665830,1.597244,0
2024-02-29,sh.600730,4.6600,4.9600,4.5700,4.9500,4.8200,25972946,126205365.0800,3,4.427300,1,2.697100,-32.327910,25.478448,476.171340,1.640323,0
2024-03-01,sh.600730,4.9500,5.1600,4.8500,5.0300,4.9500,22365602,111667023.9200,3,3.812400,1,1.616200,-32.850382,25.890221,483.867038,1.666833,0
2024-03-04,sh.600730,5.0000,5.0600,4.9100,4.9800,5.0300,14898000,74316012.0000,3,2.539500,1,-0.994000,-32.523837,25.632863,479.057227,1.650264,0
2024-03-05,sh.600730,4.9800,4.9800,4.8300,4.8500,4.9800,13233900,64696037.0000,3,2.255800,1,-2.610400,-31.674821,24.963732,466.551717,1.607185,0
2024-03-06,sh.600730,4.8200,4.9700,4.8100,4.8900,4.8500,11691174,57317820.5200,3,1.992800,1,0.824700,-31.936057,25.169618,470.399566,1.620440,0
2024-03-07,sh.600730,4.9100,4.9600,4.8100,4.8200,4.8900,10727900,52469312.0000,3,1.828700,1,-1.431500,-31.478895,24.809317,463.665830,1.597244,0
2024-03-08,sh.600730,4.8200,4.8700,4.7700,4.8300,4.8200,9151000,44084042.0000,3,1.559900,1,0.207500,-31.544203,24.860789,464.627792,1.600557,0
2024-03-11,sh.600730,4.8300,4.9500,4.8100,4.9500,4.8300,9891302,48534058.8800,3,1.686000,1,2.484500,-32.327910,25.478448,476.171340,1.640323,0
2024-03-12,sh.600730,4.9700,5.0200,4.8900,5.0100,4.9500,12330300,61185030.3500,3,2.101800,1,1.212100,-32.719764,25.787278,481.943114,1.660206,0
2024-03-13,sh.600730,4.9900,5.0700,4.9300,5.0300,5.0100,11420140,57192998.6000,3,1.946700,1,0.399200,-32.850382,25.890221,483.867038,1.666833,0
2024-03-14,sh.600730,5.0400,5.0700,4.8900,4.9600,5.0300,10288702,51302960.8400,3,1.753800,1,-1.391700,-32.393219,25.529920,477.133302,1.643637,0
2024-03-15,sh.600730,4.9400,4.9900,4.9100,4.9800,4.9600,7710700,38143637.0000,3,1.314300,1,0.403200,-32.523837,25.632863,479.057227,1.650264,0
2024-03-18,sh.600730,4.9900,5.1100,4.9800,5.1000,4.9800,14515911,73170005.9900,3,2.474300,1,2.409600,-33.307544,26.250522,490.600774,1.690030,0
2024-03-19,sh.600730,5.1000,5.1400,5.0300,5.0500,5.1000,11466294,58320150.2800,3,1.954500,1,-0.980400,-32.980999,25.993164,485.790963,1.673461,0
2024-03-20,sh.600730,5.0400,5.4500,5.0300,5.4200,5.0500,35152158,185064794.3900,3,5.992000,1,7.326700,-35.397429,27.897614,521.383568,1.796071,0
2024-03-21,sh.600730,5.3800,5.5800,5.2700,5.3000,5.4200,40204840,216734403.5800,3,6.853200,1,-2.214000,-34.613722,27.279954,509.840020,1.756305,0
2024-03-22,sh.600730,5.2300,5.7500,5.1000,5.5500,5.3000,47090355,254908429.2000,3,8.026900,1,4.717000,-36.246445,28.566745,533.889078,1.839150,0
2024-03-25,sh.600730,5.5500,5.6800,5.2400,5.2700,5.5500,37790424,206573365.4200,3,6.441700,1,-5.045000,-34.417796,27.125539,506.954133,1.746364,0
2024-03-26,sh.600730,5.2300,5.3000,5.0300,5.0900,5.2700,20829646,106940768.0600,3,3.550600,1,-3.415600,-33.242235,26.199050,489.638812,1.686716,0
2024-03-27,sh.600730,5.0700,5.0900,4.8100,4.8100,5.0900,20028259,98387533.9200,3,3.414000,1,-5.501000,-31.413586,24.757845,462.703867,1.593930,0
2024-03-28,sh.600730,4.8100,4.9700,4.8100,4.9200,4.8100,17482482,85979843.6600,3,2.980000,1,2.286900,-32.131984,25.324033,473.285453,1.630381,0
2024-03-29,sh.600730,4.9200,4.9500,4.8100,4.9100,4.9200,13152846,64016255.4800,3,2.242000,1,-0.203300,-32.066675,25.272561,472.323491,1.627068,0
2024-04-01,sh.600730,4.9200,5.0400,4.9100,5.0400,4.9100,11935956,59566049.0200,3,2.034600,1,2.647700,-32.915691,25.941692,484.829000,1.670147,0
2024-04-02,sh.600730,5.0300,5.0400,4.9300,4.9800,5.0400,9354154,46576441.6800,3,1.594500,1,-1.190500,-32.523837,25.632863,479.057227,1.650264,0
2024-04-03,sh.600730,4.9400,4.9900,4.8900,4.9700,4.9800,8370500,41404375.0000,3,1.426800,1,-0.200800,-32.458528,25.581391,478.095264,1.646950,0
2024-04-08,sh.600730,4.9700,4.9700,4.8100,4.8100,4.9700,10288258,50054450.0400,3,1.753700,1,-3.219300,-31.413586,24.757845,462.703867,1.593930,0
2024-04-09,sh.600730,4.8200,4.8800,4.7900,4.8600,4.8100,6721157,32507450.1700,3,1.145700,1,1.039500,-31.740130,25.015203,467.513679,1.610499,0
2024-04-10,sh.600730,4.8600,4.8700,4.6700,4.7300,4.8600,9358178,44458184.9600,3,1.595200,1,-2.674900,-30.891114,24.346072,455.008169,1.567420,0
2024-04-11,sh.600730,4.6900,4.8400,4.6700,4.7900,4.7300,7202042,34541544.1600,3,1.227600,1,1.268500,-31.282968,24.654902,460.779943,1.587302,0
2024-04-12,sh.600730,4.7700,4.8300,4.7100,4.7200,4.7900,5846735,27824021.0500,3,0.996600,1,-1.461400,-30.825805,24.294601,454.046207,1.564106,0
2024-04-15,sh.600730,4.6300,4.6700,4.3000,4.5100,4.7200,18010263,80988206.0200,3,3.070000,1,-4.449200,-29.454318,23.213697,433.844998,1.494516,0
2024-04-16,sh.600730,4.4700,4.4700,4.3100,4.3200,4.5100,14197346,62191084.2600,3,2.420000,1,-4.212900,-28.213449,22.235736,415.567715,1.431554,0
2024-04-17,sh.600730,4.4200,4.6300,4.3100,4.6100,4.3200,10830265,49015962.4500,3,1.846100,1,6.713000,-30.107407,23.728413,443.464621,1.527654,0
2024-04-18,sh.600730,4.5400,4.6200,4.4900,4.5200,4.6100,9891700,45004356.0400,3,1.686100,1,-1.952300,-29.519627,23.265169,434.806961,1.497830,0
2024-04-19,sh.600730,4.4100,4.5400,4.3800,4.4200,4.5200,9341100,41488768.6000,3,1.592300,1,-2.212400,-28.866538,22.750452,425.187338,1.464692,0
2024-04-22,sh.600730,4.4200,4.5900,4.3200,4.5400,4.4200,11942035,53617523.4600,3,2.035600,1,2.714900,-995.485485,21.622547,9.948168,1.511208,0
2024-04-23,sh.600730,4.5500,4.7500,4.5100,4.6500,4.5400,8332400,38686665.0000,3,1.420300,1,2.422900,-1019.605177,22.146442,10.189203,1.547823,0
2024-04-24,sh.600730,4.6200,4.6500,4.5700,4.6000,4.6500,6680753,30736240.7400,3,1.138800,1,-1.075300,-1008.641681,21.908308,10.079641,1.531180,0
2024-04-25,sh.600730,4.5800,4.6400,4.5300,4.5900,4.6000,4589400,21095758.0000,3,0.782300,1,-0.217400,-1006.448981,21.860681,10.057729,1.527851,0
2024-04-26,sh.600730,4.6000,4.6800,4.5600,4.6700,4.5900,6764700,31352784.7800,3,1.153100,1,1.742900,-1023.990576,22.241695,10.233027,1.554481,0
2024-04-29,sh.600730,4.6800,4.7900,4.6500,4.7800,4.6700,7011822,33352222.8400,3,1.195200,1,2.355500,-1048.110268,22.765590,10.474062,1.591096,0
2024-04-30,sh.600730,4.8000,4.9000,4.7900,4.8400,4.7800,10711100,51943421.0000,3,1.825800,1,1.255200,243.847132,23.329625,8.531131,1.606070,0
2024-05-06,sh.600730,4.8500,4.8600,4.7000,4.8500,4.8400,11491400,55094112.0000,3,1.958800,1,0.206600,244.350948,23.377827,8.548757,1.609388,0
2024-05-07,sh.600730,4.8200,4.8400,4.7900,4.8300,4.8500,5596900,26959656.0000,3,0.954000,1,-0.412400,243.343315,23.281424,8.513504,1.602752,0
2024-05-08,sh.600730,4.8200,4.8700,4.7700,4.7700,4.8300,5702853,27395898.8700,3,0.972100,1,-1.242200,240.320417,22.992213,8.407746,1.582842,0
2024-05-09,sh.600730,4.7400,4.8400,4.7400,4.8100,4.7700,5685953,27350343.4000,3,0.969200,1,0.838600,242.335682,23.185020,8.478252,1.596115,0
2024-05-10,sh.600730,4.8400,4.8700,4.7700,4.8300,4.8100,6417100,30908500.0000,3,1.093800,1,0.415800,243.343315,23.281424,8.513504,1.602752,0
2024-05-13,sh.600730,4.8200,4.8500,4.7100,4.7400,4.8300,7722860,36884341.4400,3,1.316400,1,-1.863400,238.808968,22.847608,8.354868,1.572887,0
2024-05-14,sh.600730,4.7200,4.8500,4.7200,4.8400,4.7400,7900211,38046930.0200,3,1.346700,1,2.109700,243.847132,23.329625,8.531131,1.606070,0
2024-05-15,sh.600730,4.8100,4.8300,4.7500,4.7600,4.8400,4457100,21353064.0000,3,0.759700,1,-1.652900,239.816600,22.944012,8.390120,1.579524,0
2024-05-16,sh.600730,4.7600,4.8600,4.7500,4.8300,4.7600,7483684,36117688.5600,3,1.275700,1,1.470600,243.343315,23.281424,8.513504,1.602752,0
2024-05-17,sh.600730,4.8200,4.8800,4.7800,4.8600,4.8300,5186400,25036170.0000,3,0.884100,1,0.621100,244.854764,23.426029,8.566383,1.612707,0
2024-05-20,sh.600730,4.8600,4.8800,4.8300,4.8400,4.8600,6606200,32084629.0000,3,1.126100,1,-0.411500,243.847132,23.329625,8.531131,1.606070,0
2024-05-21,sh.600730,4.8100,4.8200,4.7100,4.7300,4.8400,6835900,32533506.0000,3,1.165200,1,-2.272700,238.305151,22.799407,8.337241,1.569569,0
2024-05-22,sh.600730,4.7600,4.8800,4.7100,4.8600,4.7300,10814400,52283194.0000,3,1.843400,1,2.748400,244.854764,23.426029,8.566383,1.612707,0
2024-05-23,sh.600730,4.8200,4.8200,4.6200,4.6500,4.8600,10155000,47712559.0000,3,1.731000,1,-4.321000,234.274620,22.413793,8.196231,1.543022,0
2024-05-24,sh.600730,4.6200,4.6700,4.5700,4.6000,4.6500,4516300,20869139.0000,3,0.769800,1,-1.075300,231.755538,22.172784,8.108099,1.526430,0
2024-05-27,sh.600730,4.6800,4.6800,4.5100,4.5900,4.6000,5601396,25578061.4200,3,0.954800,1,-0.217400,231.251722,22.124583,8.090473,1.523112,0
2024-05-28,sh.600730,4.5900,4.6400,4.5200,4.5400,4.5900,4126774,18887098.9600,3,0.703400,1,-1.089300,228.732640,21.883574,8.002341,1.506520,0
2024-05-29,sh.600730,4.5900,4.7100,4.5500,4.6000,4.5400,6944974,32251221.3600,3,1.183800,1,1.321600,231.755538,22.172784,8.108099,1.526430,0
2024-05-30,sh.600730,4.5500,4.5800,4.5000,4.5100,4.6000,5546736,25076304.9400,3,0.945500,1,-1.956500,227.221191,21.738969,7.949463,1.496565,0
2024-05-31,sh.600730,4.5100,4.6000,4.5100,4.5700,4.5100,3849868,17561526.7600,3,0.656200,1,1.330400,230.244089,22.028179,8.055220,1.516475,0
2024-06-03,sh.600730,4.6000,4.6000,4.4300,4.4800,4.5700,5966656,26731599.3800,3,1.017100,1,-1.969400,225.709742,21.594364,7.896584,1.486610,0
2024-06-04,sh.600730,4.4500,4.4600,4.3500,4.4100,4.4800,5054903,22192555.7500,3,0.861600,1,-1.562500,222.183027,21.256952,7.773200,1.463382,0
2024-06-05,sh.600730,4.4000,4.4000,4.3100,4.3200,4.4100,4533400,19697382.0000,3,0.772800,1,-2.040800,217.648679,20.823137,7.614563,1.433517,0
2024-06-06,sh.600730,4.3200,4.3700,3.9400,3.9700,4.3200,18004210,72863820.7800,3,3.069000,1,-8.101900,200.015106,19.136077,6.997642,1.317376,0
2024-06-07,sh.600730,4.0100,4.1200,3.9800,4.0500,3.9700,9872820,39916581.4800,3,1.682900,1,2.015100,204.045637,19.521691,7.138653,1.343922,0
2024-06-11,sh.600730,4.0300,4.0900,3.9300,4.0600,4.0500,5857958,23614889.9000,3,0.998500,1,0.246900,204.549453,19.569892,7.156279,1.347241,0
2024-06-12,sh.600730,4.0900,4.2300,4.0500,4.2000,4.0600,7774300,32403720.0000,3,1.325200,1,3.448300,211.602883,20.244716,7.403047,1.393697,0
2024-06-13,sh.600730,4.2000,4.2200,4.1100,4.1100,4.2000,5135000,21256610.0000,3,0.875300,1,-2.142900,207.068535,19.810901,7.244410,1.363832,0
2024-06-14,sh.600730,4.1000,4.1900,4.0500,4.1200,4.1100,5170400,21331858.0000,3,0.881300,1,0.243300,207.572352,19.859103,7.262037,1.367151,0
2024-06-17,sh.600730,4.0900,4.1200,4.0600,4.0700,4.1200,4967041,20278725.6900,3,0.846700,1,-1.213600,205.053270,19.618094,7.173905,1.350559,0
2024-06-18,sh.600730,4.1000,4.1500,4.0600,4.1400,4.0700,4700541,19372684.1000,3,0.801200,1,1.719900,208.579984,19.955506,7.297289,1.373787,0
2024-06-19,sh.600730,4.1500,4.2000,4.0900,4.1100,4.1400,3855400,15939452.0000,3,0.657200,1,-0.724600,207.068535,19.810901,7.244410,1.363832,0
2024-06-20,sh.600730,4.1100,4.3500,4.0100,4.3500,4.1100,13315720,55323626.8000,3,2.269800,1,5.839400,219.160129,20.967742,7.667442,1.443472,0
2024-06-21,sh.600730,4.2200,4.2600,4.1200,4.1500,4.3500,13148602,54824014.4000,3,2.241300,1,-4.597700,209.083801,20.003708,7.314916,1.377106,0
2024-06-24,sh.600730,4.0900,4.0900,3.9100,3.9400,4.1500,9100000,36102644.0000,3,1.551200,1,-5.060200,198.503657,18.991472,6.944763,1.307421,0
2024-06-25,sh.600730,3.9000,4.1100,3.9000,3.9600,3.9400,7827408,31396885.8000,3,1.334200,1,0.507600,199.511289,19.087875,6.980016,1.314057,0
2024-06-26,sh.600730,3.9000,4.0700,3.8600,4.0400,3.9600,6916870,27482731.9000,3,1.179000,1,2.020200,203.541821,19.473489,7.121026,1.340604,0
2024-06-27,sh.600730,4.0400,4.0700,3.9600,3.9800,4.0400,5149306,20676200.8200,3,0.877700,1,-1.485100,200.518922,19.184279,7.015269,1.320694,0
2024-06-28,sh.600730,3.9800,4.0800,3.9400,3.9900,3.9800,5317806,21344623.0000,3,0.906500,1,0.251300,201.022739,19.232480,7.032895,1.324012,0
2024-07-01,sh.600730,3.9900,4.0500,3.9500,4.0000,3.9900,5822400,23215337.0000,3,0.992500,1,0.250600,201.526555,19.280682,7.050521,1.327331,0
2024-07-02,sh.600730,3.9800,4.1000,3.9400,4.0700,4.0000,8226002,33395090.1600,3,1.402200,1,1.750000,205.053270,19.618094,7.173905,1.350559,0
2024-07-03,sh.600730,4.0500,4.1400,4.0300,4.1300,4.0700,7556400,31089648.0000,3,1.288000,1,1.474200,208.076168,19.907304,7.279663,1.370469,0
2024-07-04,sh.600730,4.1000,4.1500,3.9800,3.9900,4.1300,7709100,31163212.0000,3,1.314100,1,-3.389800,201.022739,19.232480,7.032895,1.324012,0
2024-07-05,sh.600730,3.9700,4.0600,3.9400,4.0600,3.9900,3755100,15113970.0000,3,0.640100,1,1.754400,204.549453,19.569892,7.156279,1.347241,0
2024-07-08,sh.600730,4.0300,4.0800,3.9200,3.9300,4.0600,5467200,21716873.0000,3,0.931900,1,-3.202000,197.999840,18.943270,6.927137,1.304102,0
2024-07-09,sh.600730,3.9300,4.0000,3.8700,4.0000,3.9300,4688181,18522728.3800,3,0.799100,1,1.781200,201.526555,19.280682,7.050521,1.327331,0
2024-07-10,sh.600730,4.0000,4.0000,3.8900,3.9000,4.0000,4343900,17100725.0000,3,0.740500,1,-2.500000,196.488391,18.798665,6.874258,1.294147,0
2024-07-11,sh.600730,3.9500,4.0000,3.9500,4.0000,3.9000,5724150,22801821.0000,3,0.975700,1,2.564100,201.526555,19.280682,7.050521,1.327331,0
2024-07-12,sh.600730,3.9800,4.0500,3.9500,3.9600,4.0000,5240570,20932508.2000,3,0.893300,1,-1.000000,199.511289,19.087875,6.980016,1.314057,0
2024-07-15,sh.600730,3.9600,3.9600,3.8800,3.8900,3.9600,4686400,18294952.0000,3,0.798800,1,-1.767700,195.984575,18.750463,6.856632,1.290829,0
2024-07-16,sh.600730,3.9100,3.9500,3.8700,3.9200,3.8900,3875283,15090329.2800,3,0.660600,1,0.771200,197.496024,18.895068,6.909511,1.300784,0
2024-07-17,sh.600730,3.9200,4.0000,3.8800,3.9500,3.9200,5209403,20610575.7700,3,0.888000,1,0.765300,199.007473,19.039674,6.962390,1.310739,0
2024-07-18,sh.600730,3.9500,4.2500,3.8500,4.2100,3.9500,23801463,97531029.7100,3,4.057100,1,6.582300,212.106699,20.292918,7.420673,1.397016,0
2024-07-19,sh.600730,4.2100,4.2500,4.1100,4.1200,4.2100,14548600,60684848.0000,3,2.479900,1,-2.137800,207.572352,19.859103,7.262037,1.367151,0
2024-07-22,sh.600730,4.1000,4.1800,4.0500,4.1300,4.1200,8249600,33986135.0000,3,1.406200,1,0.242700,208.076168,19.907304,7.279663,1.370469,0
2024-07-23,sh.600730,4.1200,4.2100,4.0900,4.1200,4.1300,8844800,36815481.0000,3,1.507700,1,-0.242100,207.572352,19.859103,7.262037,1.367151,0
2024-07-24,sh.600730,4.0800,4.1600,4.0200,4.0400,4.1200,7454300,30405280.0000,3,1.270600,1,-1.941700,203.541821,19.473489,7.121026,1.340604,0
2024-07-25,sh.600730,3.9800,4.0700,3.9700,4.0000,4.0400,5050842,20223314.0000,3,0.861000,1,-0.990100,201.526555,19.280682,7.050521,1.327331,0
2024-07-26,sh.600730,4.0000,4.0700,4.0000,4.0700,4.0000,5021200,20307355.0000,3,0.855900,1,1.750000,205.053270,19.618094,7.173905,1.350559,0
2024-07-29,sh.600730,4.0700,4.1400,4.0300,4.1100,4.0700,5584800,22862634.0000,3,0.952000,1,0.982800,207.068535,19.810901,7.244410,1.363832,0
2024-07-30,sh.600730,4.1000,4.1800,4.0700,4.1500,4.1100,6702300,27720635.0000,3,1.142500,1,0.973200,209.083801,20.003708,7.314916,1.377106,0
2024-07-31,sh.600730,4.1600,4.2700,4.1600,4.2300,4.1500,10573020,44709212.4000,3,1.802300,1,1.927700,213.114332,20.389321,7.455926,1.403652,0
2024-08-01,sh.600730,4.2000,4.3700,4.1700,4.3100,4.2300,12453720,53223640.4000,3,2.122800,1,1.891300,217.144863,20.774935,7.596936,1.430199,0
2024-08-02,sh.600730,4.2700,4.4400,4.2400,4.3000,4.3100,13125100,57162389.0000,3,2.237300,1,-0.232000,216.641047,20.726733,7.579310,1.426881,0
2024-08-05,sh.600730,4.3600,4.5200,4.3600,4.3600,4.3000,21958802,97023142.9600,3,3.743000,1,1.395300,219.663945,21.015943,7.685068,1.446790,0
2024-08-06,sh.600730,4.4400,4.6900,4.3000,4.6000,4.3600,36524704,164478140.1600,3,6.225900,1,5.504600,231.755538,22.172784,8.108099,1.526430,0
2024-08-07,sh.600730,4.6000,4.8200,4.4000,4.5000,4.6000,41470767,190746642.7000,3,7.069000,1,-2.173900,226.717374,21.690767,7.931836,1.493247,0
2024-08-08,sh.600730,4.3500,4.3900,4.2600,4.3100,4.5000,26749602,115505516.6000,3,4.559700,1,-4.222200,217.144863,20.774935,7.596936,1.430199,0
2024-08-09,sh.600730,4.3000,4.3500,4.2000,4.2200,4.3100,11738200,50093350.0000,3,2.000900,1,-2.088200,212.610516,20.341120,7.438300,1.400334,0
2024-08-12,sh.600730,4.2000,4.2300,4.0800,4.1200,4.2200,10338200,42871518.9800,3,1.762200,1,-2.369700,207.572352,19.859103,7.262037,1.367151,0
2024-08-13,sh.600730,4.1100,4.1300,4.0500,4.1200,4.1200,7023800,28719930.0000,3,1.197300,1,0.000000,207.572352,19.859103,7.262037,1.367151,0
2024-08-14,sh.600730,4.1000,4.1600,4.0800,4.1000,4.1200,5042800,20795931.0000,3,0.859600,1,-0.485400,206.564719,19.762699,7.226784,1.360514,0
2024-08-15,sh.600730,4.0700,4.1600,4.0400,4.1300,4.1000,7089565,29123232.1500,3,1.208500,1,0.731700,208.076168,19.907304,7.279663,1.370469,0
2024-08-16,sh.600730,4.1300,4.1500,4.0900,4.0900,4.1300,5000800,20571391.0000,3,0.852400,1,-0.968500,206.060902,19.714497,7.209158,1.357196,0
2024-08-19,sh.600730,4.0700,4.1800,4.0600,4.1500,4.0900,6279600,26001160.0000,3,1.070400,1,1.467000,209.083801,20.003708,7.314916,1.377106,0
2024-08-20,sh.600730,4.1400,4.1500,4.0600,4.1100,4.1500,6437402,26351774.2000,3,1.097300,1,-0.963900,207.068535,19.810901,7.244410,1.363832,0
2024-08-21,sh.600730,4.0700,4.2300,4.0700,4.1700,4.1100,8498400,35358484.0000,3,1.448600,1,1.459900,210.091434,20.100111,7.350168,1.383742,0
2024-08-22,sh.600730,4.1400,4.1900,4.0400,4.0600,4.1700,7763100,31846180.0000,3,1.323300,1,-2.637900,204.549453,19.569892,7.156279,1.347241,0
2024-08-23,sh.600730,4.0600,4.0800,3.9900,4.0200,4.0600,5325700,21471545.0000,3,0.907800,1,-0.985200,202.534188,19.377086,7.085774,1.333967,0
2024-08-26,sh.600730,4.0100,4.0800,3.9800,4.0500,4.0200,4584000,18506898.0000,3,0.781400,1,0.746300,204.045637,19.521691,7.138653,1.343922,0
2024-08-27,sh.600730,4.0800,4.0900,3.9900,4.0000,4.0500,3596801,14484349.0500,3,0.613100,1,-1.234600,201.526555,19.280682,7.050521,1.327331,0
2024-08-28,sh.600730,3.9900,4.1000,3.9500,4.0700,4.0000,5290400,21402681.0000,3,0.901800,1,1.750000,205.053270,19.618094,7.173905,1.350559,0
2024-08-29,sh.600730,4.0500,4.1200,4.0000,4.1000,4.0700,4549500,18541879.0000,3,0.775500,1,0.737100,206.564719,19.762699,7.226784,1.360514,0
2024-08-30,sh.600730,4.0900,4.2200,4.0600,4.1400,4.1000,9422100,39189515.0000,3,1.606100,1,0.975600,208.579984,19.955506,7.297289,1.373787,0
2024-09-02,sh.600730,4.3400,4.5500,4.2900,4.4000,4.1400,57892143,257657537.6700,3,9.868200,1,6.280200,148.581535,20.194659,7.881048,1.446734,0
2024-09-03,sh.600730,4.2500,4.4500,4.2100,4.3600,4.4000,36635500,159749947.5700,3,6.244800,1,-0.909100,147.230794,20.011071,7.809402,1.433582,0
2024-09-04,sh.600730,4.3500,4.8000,4.3200,4.8000,4.3600,46925863,217612401.0900,3,7.998900,1,10.091700,162.088948,22.030537,8.597507,1.578255,0
2024-09-05,sh.600730,4.9200,5.0800,4.6400,4.7700,4.8000,78930745,380987080.4100,3,13.454300,1,-0.625000,161.075892,21.892846,8.543772,1.568391,0
2024-09-06,sh.600730,4.6400,4.7600,4.6100,4.6400,4.7700,42676243,199335604.5200,3,7.274500,1,-2.725400,156.685983,21.296186,8.310923,1.525647,0
2024-09-09,sh.600730,4.5900,4.7200,4.5000,4.6600,4.6400,38121290,176785370.7000,3,6.498100,1,0.431000,157.361353,21.387980,8.346746,1.532223,0
2024-09-10,sh.600730,4.6700,4.7000,4.4000,4.4900,4.6600,35251811,159237023.6500,3,6.008900,1,-3.648100,151.620703,20.607732,8.042251,1.476326,0
2024-09-11,sh.600730,4.4100,4.5100,4.3100,4.3300,4.4900,28344090,123750517.6000,3,4.831500,1,-3.563500,146.217738,19.873380,7.755667,1.423718,0
2024-09-12,sh.600730,4.3300,4.3800,4.2800,4.3100,4.3300,19242900,83266569.0000,3,3.280100,1,-0.461900,145.542368,19.781587,7.719844,1.417142,0
2024-09-13,sh.600730,4.3500,4.3800,4.2300,4.2800,4.3100,19116900,82409732.0000,3,3.258600,1,-0.696100,144.529312,19.643896,7.666110,1.407277,0
2024-09-18,sh.600730,4.2500,4.3400,4.1600,4.3100,4.2800,17547200,74550875.0000,3,2.991100,1,0.700900,145.542368,19.781587,7.719844,1.417142,0
2024-09-19,sh.600730,4.3300,4.4600,4.2900,4.4300,4.3100,24158190,106423414.6200,3,4.117900,1,2.784200,149.594591,20.332350,7.934782,1.456598,0
2024-09-20,sh.600730,4.4000,4.4000,4.3300,4.3600,4.4300,15582508,67925522.8800,3,2.656200,1,-1.580100,147.230794,20.011071,7.809402,1.433582,0
2024-09-23,sh.600730,4.3500,4.4800,4.3200,4.3700,4.3600,15203400,66851964.9400,3,2.591500,1,0.229400,147.568479,20.056968,7.827313,1.436870,0
2024-09-24,sh.600730,4.3600,4.5300,4.3200,4.5100,4.3700,22377600,99381163.0000,3,3.814400,1,3.203700,152.296074,20.699526,8.078074,1.482902,0
2024-09-25,sh.600730,4.5600,4.6700,4.5300,4.5400,4.5100,25473491,117084265.7800,3,4.342200,1,0.665200,153.309130,20.837216,8.131808,1.492766,0
2024-09-26,sh.600730,4.6500,4.7500,4.5700,4.7100,4.5400,25133694,116732803.9800,3,4.284200,1,3.744500,159.049780,21.617465,8.436303,1.548663,0
2024-09-27,sh.600730,4.7500,4.9400,4.7500,4.8700,4.7100,24536390,119244899.8000,3,4.182400,1,3.397000,164.452745,22.351816,8.722887,1.601271,0
2024-09-30,sh.600730,5.0700,5.3400,4.9000,5.3100,4.8700,49573896,254736990.2300,3,8.450200,1,9.034900,179.310898,24.371282,9.510992,1.745945,0
2024-10-08,sh.600730,5.8400,5.8400,5.3200,5.6200,5.3100,61357822,341975830.5100,3,10.458900,1,5.838000,189.779143,25.794087,10.066247,1.847874,0
2024-10-09,sh.600730,5.5000,5.5000,5.0800,5.0900,5.6200,40649790,213046585.9000,3,6.929100,1,-9.430600,171.881822,23.361549,9.116939,1.673608,0
2024-10-10,sh.600730,5.1800,5.6000,5.0200,5.3900,5.0900,52259434,279915739.3600,3,8.908000,1,5.893900,182.012381,24.738457,9.654283,1.772249,0
2024-10-11,sh.600730,5.1900,5.3000,5.0000,5.0600,5.3900,32561740,166791742.4000,3,5.550400,1,-6.122400,170.868766,23.223858,9.063205,1.663744,0
2024-10-14,sh.600730,5.1200,5.2500,5.0600,5.2000,5.0600,26070100,134599583.0000,3,4.443800,1,2.766800,175.596360,23.866415,9.313966,1.709776,0
2024-10-15,sh.600730,5.1500,5.3400,5.0900,5.1200,5.2000,21988510,114399330.8200,3,3.748100,1,-1.538500,172.894877,23.499240,9.170674,1.683472,0
2024-10-16,sh.600730,5.0600,5.2400,5.0500,5.1600,5.1200,17759524,91673552.1000,3,3.027200,1,0.781300,174.245619,23.682827,9.242320,1.696624,0
2024-10-17,sh.600730,5.1500,5.2500,5.0700,5.0800,5.1600,17246500,88988796.0000,3,2.939800,1,-1.550400,171.544136,23.315652,9.099028,1.670320,0
2024-10-18,sh.600730,5.0700,5.2200,4.9800,5.1500,5.0800,21921010,111701595.8000,3,3.736600,1,1.378000,173.907933,23.636931,9.224408,1.693336,0
2024-10-21,sh.600730,5.1600,5.3400,5.1400,5.2600,5.1500,25710418,134628747.1100,3,4.382500,1,2.135900,177.622472,24.141797,9.421434,1.729505,0
2024-10-22,sh.600730,5.3000,5.4000,5.2700,5.3500,5.2600,23927045,127793707.7500,3,4.078500,1,1.711000,180.661640,24.554870,9.582638,1.759097,0
2024-10-23,sh.600730,5.3600,5.3800,5.2400,5.2600,5.3500,17916237,95140470.8500,3,3.054000,1,-1.682200,177.622472,24.141797,9.421434,1.729505,0
2024-10-24,sh.600730,5.2000,5.3700,5.2000,5.3300,5.2600,14328300,75887935.0000,3,2.442400,1,1.330800,179.986269,24.463076,9.546815,1.752521,0
2024-10-25,sh.600730,5.3500,5.8600,5.3400,5.8600,5.3300,59517301,340564266.8600,3,10.145200,1,9.943700,197.883590,26.895614,10.496123,1.926786,0
2024-10-28,sh.600730,5.9700,6.4500,5.9000,6.2700,5.8600,93434862,582798782.3700,3,15.926700,1,6.996600,211.728688,28.777389,11.230493,2.061596,0
2024-10-29,sh.600730,6.2600,6.4400,5.9800,6.0200,6.2700,67216697,414111257.5100,3,11.457600,1,-3.987200,203.286555,27.629965,10.782706,1.979395,0
2024-10-30,sh.600730,5.8900,6.2700,5.8900,6.1300,6.0200,42885883,261974369.5700,3,7.310200,1,1.827200,207.001093,28.134832,10.979732,2.015563,0
2024-10-31,sh.600730,6.1300,6.4000,6.0300,6.2500,6.1300,50431785,314269544.2500,3,8.596500,1,1.957600,195.174083,28.936835,4.122947,2.049372,0
2024-11-01,sh.600730,6.1700,6.2500,5.8200,5.9200,6.2500,39657171,237668989.6000,3,6.759900,1,-5.280000,184.868892,27.408970,3.905255,1.941165,0
2024-11-04,sh.600730,5.9600,6.0600,5.8900,6.0300,5.9200,19228400,115102616.0000,3,3.277600,1,1.858100,188.303956,27.918259,3.977819,1.977234,0
2024-11-05,sh.600730,6.0800,6.2800,6.0700,6.2000,6.0300,32587212,201381277.8800,3,5.554700,1,2.819200,193.612691,28.705341,4.089963,2.032977,0
2024-11-06,sh.600730,6.2000,6.5400,6.0700,6.2800,6.2000,43753044,273519678.7800,3,7.458000,1,1.290300,196.110919,29.075732,4.142737,2.059209,0
2024-11-07,sh.600730,6.2400,6.7400,6.1600,6.6900,6.2800,53185892,345404874.5000,3,9.065900,1,6.528700,208.914339,30.973988,4.413203,2.193647,0
2024-11-08,sh.600730,6.6000,7.3400,6.4400,6.9900,6.6900,66759863,459228034.1000,3,11.379700,1,4.484300,218.282695,32.362957,4.611104,2.292017,0
2024-11-11,sh.600730,7.0000,7.6900,6.9900,7.6900,6.9900,30458850,227141481.5000,3,5.191900,1,10.014300,240.142192,35.603882,5.072874,2.521547,0
2024-11-12,sh.600730,8.0900,8.0900,7.1300,7.2300,7.6900,83431397,624999026.3300,3,14.221500,1,-5.981800,225.777380,33.474131,4.769425,2.370713,0
2024-11-13,sh.600730,7.1500,7.5000,7.1200,7.3600,7.2300,52051243,382403362.7300,3,8.872500,1,1.798100,229.837001,34.076017,4.855182,2.413340,0
2024-11-14,sh.600730,7.2000,7.2800,6.7800,6.8000,7.3600,47206291,331170440.8000,3,8.046700,1,-7.608700,212.349403,31.483277,4.485766,2.229716,0
2024-11-15,sh.600730,6.7800,7.0000,6.6600,6.6900,6.8000,29001300,198715416.0000,3,4.943500,1,-1.617600,208.914339,30.973988,4.413203,2.193647,0
2024-11-18,sh.600730,6.6900,6.7600,6.2200,6.2600,6.6900,28174061,179673951.3500,3,4.802500,1,-6.427500,195.486362,28.983134,4.129544,2.052651,0
2024-11-19,sh.600730,6.3200,6.4100,6.1600,6.4000,6.2600,21445800,134819445.0000,3,3.655600,1,2.236400,199.858261,29.631319,4.221898,2.098557,0
2024-11-20,sh.600730,6.4600,6.6000,6.3300,6.5700,6.4000,19308002,125146277.8400,3,3.291200,1,2.656300,205.166996,30.418401,4.334042,2.154300,0
2024-11-21,sh.600730,6.5100,6.6200,6.4300,6.5300,6.5700,16308949,106195279.0300,3,2.780000,1,-0.608800,203.917882,30.233205,4.307655,2.141184,0
2024-11-22,sh.600730,6.5200,6.8500,6.3200,6.3500,6.5300,28417980,187367276.5500,3,4.844100,1,-2.756500,198.296869,29.399825,4.188914,2.082162,0
2024-11-25,sh.600730,6.3500,6.4600,6.2100,6.4000,6.3500,17412300,109852782.0000,3,2.968100,1,0.787400,199.858261,29.631319,4.221898,2.098557,0
2024-11-26,sh.600730,6.3900,6.5700,6.3100,6.4200,6.4000,14986829,96459159.0500,3,2.554600,1,0.312500,200.482818,29.723917,4.235091,2.105115,0
2024-11-27,sh.600730,6.3700,7.0600,6.1100,6.8800,6.4200,52554046,352003261.4200,3,8.958200,1,7.165100,214.847631,31.853668,4.538540,2.255948,0
2024-11-28,sh.600730,6.7300,6.9500,6.6900,6.7400,6.8800,37343718,253739001.6800,3,6.365500,1,-2.034900,210.475732,31.205483,4.446186,2.210042,0
2024-11-29,sh.600730,6.7400,6.8500,6.6000,6.8000,6.7400,27867500,187917395.0000,3,4.750200,1,0.890200,212.349403,31.483277,4.485766,2.229716,0
2024-12-02,sh.600730,6.8100,6.9000,6.7600,6.8500,6.8000,28828183,196545662.0600,3,4.914000,1,0.735300,213.910795,31.714771,4.518750,2.246111,0
2024-12-03,sh.600730,6.8400,7.5000,6.7700,7.3300,6.8500,54547692,387314248.1200,3,9.298100,1,7.007300,228.900165,33.937120,4.835392,2.403503,0
2024-12-04,sh.600730,7.2300,7.2300,6.9300,7.0200,7.3300,35788954,252544605.5800,3,6.100500,1,-4.229200,219.219530,32.501853,4.630894,2.301854,0
2024-12-05,sh.600730,6.9800,7.1900,6.9300,7.1400,7.0200,23149456,164527176.7400,3,3.946000,1,1.709400,222.966873,33.057441,4.710055,2.341202,0
2024-12-06,sh.600730,7.1900,7.4800,7.1200,7.2500,7.1400,31415195,229346285.5400,3,5.355000,1,1.540600,226.401937,33.566729,4.782619,2.377271,0
2024-12-09,sh.600730,7.1500,7.2900,7.0100,7.1400,7.2500,25343500,180469204.0000,3,4.320000,1,-1.517200,222.966873,33.057441,4.710055,2.341202,0
2024-12-10,sh.600730,7.2900,7.4000,7.0400,7.0700,7.1400,30402387,219028122.4800,3,5.182300,1,-0.980400,220.780923,32.733348,4.663878,2.318249,0
2024-12-11,sh.600730,7.0400,7.0800,6.9800,7.0800,7.0700,19925948,139981922.5200,3,3.396500,1,0.141400,221.093202,32.779647,4.670474,2.321528,0
2024-12-12,sh.600730,7.0600,7.1500,6.9500,7.0900,7.0800,19540086,137876862.8900,3,3.330800,1,0.141200,221.405480,32.825946,4.677071,2.324807,0
2024-12-13,sh.600730,7.0400,7.0700,6.8900,6.9100,7.0900,16424514,114792635.3600,3,2.799700,1,-2.538800,215.784467,31.992565,4.558330,2.265785,0
2024-12-16,sh.600730,6.9800,7.1200,6.9600,7.0300,6.9100,23077583,162735941.1300,3,3.933800,1,1.736600,219.531809,32.548152,4.637491,2.305133,0
2024-12-17,sh.600730,7.0000,7.0000,6.4300,6.4400,7.0300,28125619,185216252.8400,3,4.794200,1,-8.392600,201.107376,29.816515,4.248285,2.111673,0
2024-12-18,sh.600730,6.5000,6.7400,6.3200,6.5700,6.4400,21621204,142381282.3200,3,3.685500,1,2.018600,205.166996,30.418401,4.334042,2.154300,0
2024-12-19,sh.600730,6.4400,6.5800,6.3400,6.5200,6.5700,14151600,91225402.0000,3,2.412200,1,-0.761000,203.605604,30.186907,4.301058,2.137905,0
2024-12-20,sh.600730,6.5200,6.6700,6.4800,6.5600,6.5200,12230629,80168117.6600,3,2.084800,1,0.613500,204.854718,30.372102,4.327445,2.151021,0
2024-12-23,sh.600730,6.5500,6.5700,6.0300,6.0400,6.5600,23499930,145748858.3000,3,4.005700,1,-7.926800,188.616234,27.964558,3.984416,1.980513,0
2024-12-24,sh.600730,6.0900,6.1500,5.9200,6.0600,6.0400,14271029,85963171.7100,3,2.432600,1,0.331100,189.240791,28.057155,3.997609,1.987071,0
2024-12-25,sh.600730,6.0600,6.0700,5.7700,5.9500,6.0600,13953229,82125601.2300,3,2.378400,1,-1.815200,185.805727,27.547867,3.925046,1.951002,0
2024-12-26,sh.600730,5.9300,6.5500,5.9300,6.5500,5.9500,44105705,283125989.3300,3,7.518200,1,10.084000,204.542439,30.325803,4.320849,2.147742,0
2024-12-27,sh.600730,6.5500,6.6800,6.4200,6.4200,6.5500,44262424,289465823.2400,3,7.544900,1,-1.984700,200.482818,29.723917,4.235091,2.105115,0
2024-12-30,sh.600730,6.4000,6.4500,6.1500,6.2500,6.4200,20685700,129533207.0000,3,3.526000,1,-2.648000,195.174083,28.936835,4.122947,2.049372,0
2024-12-31,sh.600730,6.2600,6.3400,6.0400,6.0500,6.2500,14712125,90012330.0000,3,2.507800,1,-3.200000,188.928513,28.010857,3.991013,1.983792,0
