date,code,open,high,low,close,preclose,volume,amount,adjustflag,turn,tradestatus,pctChg,peTTM,psTTM,pcfNcfTTM,pbMRQ,isST
2015-02-17,sh.603939,28.0400,28.0400,28.0400,28.0400,19.4700,42862,1201850.0000,3,0.107155,1,44.016450,31.917769,2.011635,378.396024,7.599124,0
2015-02-25,sh.603939,30.8400,30.8400,30.8400,30.8400,28.0400,21600,666144.0000,3,0.054000,1,9.985700,35.104992,2.212512,416.181647,8.357952,0
2015-02-26,sh.603939,33.9200,33.9200,33.9200,33.9200,30.8400,21000,712320.0000,3,0.052500,1,9.987000,38.610938,2.433476,457.745832,9.192663,0
2015-02-27,sh.603939,37.3100,37.3100,37.3100,37.3100,33.9200,72600,2708706.0000,3,0.181500,1,9.994100,42.469756,2.676680,503.493426,10.111387,0
2015-03-02,sh.603939,41.0400,41.0400,41.0400,41.0400,37.3100,391499,16067119.0000,3,0.978747,1,9.997300,46.715593,2.944276,553.829274,11.122255,0
2015-03-03,sh.603939,45.1400,45.1400,40.0000,45.1400,41.0400,25238758,1099504128.0000,3,63.096895,1,9.990200,51.382599,3.238417,609.158222,12.233397,0
2015-03-04,sh.603939,43.2100,49.5000,42.4600,48.1900,45.1400,19386331,879896224.0000,3,48.465828,1,6.756800,54.854396,3.457229,650.317561,13.059977,0
2015-03-05,sh.603939,49.7800,53.0100,49.0000,53.0100,48.1900,14735515,753155648.0000,3,36.838787,1,10.002100,60.340974,3.803023,715.362812,14.366246,0
2015-03-06,sh.603939,52.0000,52.8000,49.6600,50.0900,53.0100,13055347,663741536.0000,3,32.638368,1,-5.508400,57.017155,3.593538,675.957805,13.574897,0
2015-03-09,sh.603939,49.3500,49.4900,46.5100,48.2400,50.0900,7695673,370537136.0000,3,19.239182,1,-3.693300,54.911311,3.460816,650.992304,13.073528,0
2015-03-10,sh.603939,48.0000,49.4700,47.2100,49.2900,48.2400,6892756,334315104.0000,3,17.231890,1,2.176600,56.106520,3.536144,665.161913,13.358089,0
2015-03-11,sh.603939,48.7900,48.8000,45.8000,46.1600,49.2900,7979483,377379904.0000,3,19.948708,1,-6.350200,52.543659,3.311593,622.922984,12.509827,0
2015-03-12,sh.603939,45.9600,46.5200,43.2900,44.8500,46.1600,9117272,406015952.0000,3,22.793180,1,-2.838000,51.052494,3.217612,605.244711,12.154804,0
2015-03-13,sh.603939,44.5500,46.1500,44.3500,45.3400,44.8500,4678180,212138687.0000,3,11.695450,1,1.092500,51.610258,3.252765,611.857195,12.287599,0
2015-03-16,sh.603939,46.0000,48.3500,45.5000,47.1500,45.3400,7240511,341524528.0000,3,18.101277,1,3.992100,53.670570,3.382617,636.282901,12.778127,0
2015-03-17,sh.603939,46.9100,47.4000,45.8000,46.3100,47.1500,5349504,247941876.0000,3,13.373760,1,-1.781500,52.714403,3.322354,624.947214,12.550478,0
2015-03-18,sh.603939,46.4000,47.1900,46.2000,46.5100,46.3100,5990705,279155392.0000,3,14.976762,1,0.431900,52.942062,3.336703,627.646187,12.604680,0
2015-03-19,sh.603939,46.4300,48.0000,46.4300,47.6300,46.5100,5598147,264883527.0000,3,13.995368,1,2.408100,54.216952,3.417053,642.760436,12.908212,0
2015-03-20,sh.603939,47.8600,48.3900,47.0500,48.0500,47.6300,5460787,260739683.0000,3,13.651968,1,0.881800,54.695035,3.447185,648.428280,13.022036,0
2015-03-23,sh.603939,48.6000,51.6500,47.8000,51.0100,48.0500,6653806,328323776.0000,3,16.634515,1,6.160200,58.064386,3.659540,688.373081,13.824226,0
2015-03-24,sh.603939,50.8100,50.8100,48.0000,49.1800,51.0100,5541166,273686432.0000,3,13.852915,1,-3.587500,55.981308,3.528253,663.677478,13.328277,0
2015-03-25,sh.603939,49.2100,51.5100,49.1100,50.8000,49.1800,5898959,298310464.0000,3,14.747397,1,3.294000,57.825344,3.644474,685.539159,13.767314,0
2015-03-26,sh.603939,49.9500,52.9900,48.5100,50.2000,50.8000,4872579,247014660.0000,3,12.181448,1,-1.181100,57.142368,3.601429,677.442240,13.604708,0
2015-03-27,sh.603939,50.6000,55.2200,50.6000,55.2200,50.2000,7040138,376461504.0000,3,17.600345,1,10.000000,62.856604,3.961572,745.186464,14.965179,0
2015-03-30,sh.603939,55.6000,56.2000,53.4100,54.5500,55.2200,6859124,374891120.0000,3,17.147810,1,-1.213300,62.093947,3.913505,736.144904,14.783602,0
2015-03-31,sh.603939,53.8000,54.9000,53.0400,53.9000,54.5500,3779324,203968357.0000,3,9.448310,1,-1.191600,61.354056,3.866873,727.373242,14.607445,0
2015-04-01,sh.603939,53.9000,55.1600,53.5700,54.7200,53.9000,2899388,157505428.0000,3,7.248470,1,1.521300,62.287457,3.925701,738.439032,14.829674,0
2015-04-02,sh.603939,56.1000,58.6100,55.4200,56.2600,54.7200,4991534,283740496.0000,3,12.478835,1,2.814300,64.040430,4.036184,759.221124,15.247029,0
2015-04-03,sh.603939,55.0000,58.5000,54.0000,56.3400,56.2600,3922392,220208917.0000,3,9.805980,1,0.142200,64.131494,4.041923,760.300713,15.268710,0
2015-04-07,sh.603939,57.3000,61.9700,56.4000,61.9700,56.3400,7552778,458758848.0000,3,18.881945,1,9.992900,70.540090,4.445828,836.276805,16.794497,0
2015-04-08,sh.603939,62.6000,65.8000,61.7700,63.2400,61.9700,6272785,399207504.0000,3,15.681962,1,2.049400,71.985724,4.536940,853.415284,17.138680,0
2015-04-09,sh.603939,63.3300,69.5000,60.1000,69.1700,63.2400,5205205,336060416.0000,3,13.013013,1,9.377000,78.735808,4.962368,933.439836,18.745770,0
2015-04-10,sh.603939,66.9000,75.4000,66.5300,71.2900,69.1700,4124169,293891040.0000,3,10.310422,1,3.064900,81.148992,5.114460,962.048950,19.320311,0
2015-04-13,sh.603939,71.2000,78.4200,70.1900,78.4200,71.2900,3900487,292157216.0000,3,9.751218,1,10.001400,89.265029,5.625978,1058.267340,21.252613,0
2015-04-14,sh.603939,79.0800,84.0000,73.9800,76.4300,78.4200,4576161,353683952.0000,3,11.440403,1,-2.537600,86.999824,5.483212,1031.412558,20.713303,0
2015-04-15,sh.603939,73.5800,75.8600,70.0000,73.3100,76.4300,3289405,237102786.0000,3,8.223513,1,-4.082200,83.448346,5.259378,989.308578,19.867752,0
2015-04-16,sh.603939,72.6000,77.0000,69.0200,72.4600,73.3100,3366421,246054617.0000,3,8.416052,1,-1.159500,82.480796,5.198398,977.837943,19.637393,0
2015-04-17,sh.603939,73.0000,74.2000,70.7000,71.7800,72.4600,2181811,156827023.0000,3,5.454527,1,-0.938400,81.706756,5.149613,968.661434,19.453106,0
2015-04-20,sh.603939,70.6000,72.9900,70.1000,70.9900,71.7800,2412749,170999774.0000,3,6.031872,1,-1.100600,80.807504,5.092938,958.000491,19.239008,0
2015-04-21,sh.603939,70.7500,76.8000,70.1800,75.1500,70.9900,2044064,151843677.0000,3,5.110160,1,5.860000,85.542807,5.391383,1014.139130,20.366410,0
2015-04-22,sh.603939,75.0000,81.3300,74.7400,79.7100,75.1500,1913302,150825692.0000,3,4.783255,1,6.067900,90.733429,5.718524,1075.675716,21.602216,0
2015-04-23,sh.603939,79.9900,79.9900,77.0000,78.9700,79.7100,1573939,123193089.0000,3,3.934848,1,-0.928400,89.891091,5.665436,1065.689516,21.401669,0
2015-04-24,sh.603939,77.6800,78.2000,75.2000,77.1500,78.9700,1197635,92064564.0000,3,2.994088,1,-2.304700,87.819396,5.534866,1041.128861,20.908430,0
2015-04-27,sh.603939,77.0000,81.0500,71.5800,75.8300,77.1500,1711530,131755362.0000,3,4.278825,1,-1.711000,81.112918,5.112048,26.283665,8.941652,0
2015-04-28,sh.603939,75.0000,75.0000,69.8000,70.9800,75.8300,1534445,110621136.0000,3,3.836113,1,-6.395900,75.925029,4.785087,24.602592,8.369754,0
2015-04-29,sh.603939,70.2200,73.3200,69.8000,72.8800,70.9800,1043372,75201581.0000,3,2.608430,1,2.676800,77.957398,4.913175,25.261157,8.593797,0
2015-04-30,sh.603939,72.8800,75.9000,72.5000,72.8600,72.8800,946428,70111011.0000,3,2.366070,1,-0.027400,77.936004,4.911827,25.254225,8.591439,0
2015-05-04,sh.603939,73.7000,73.7000,70.0000,70.4300,72.8600,1357268,95746834.0000,3,3.393170,1,-3.335200,75.336711,4.748009,24.411955,8.304900,0
2015-05-05,sh.603939,70.4900,72.6000,64.5000,67.9900,70.4300,1523527,105839916.0000,3,3.808817,1,-3.464400,72.726722,4.583517,23.566219,8.017182,0
2015-05-06,sh.603939,68.1800,72.0600,67.9900,69.9900,67.9900,1885631,132240578.0000,3,4.714078,1,2.941600,74.866057,4.718347,24.259445,8.253016,0
2015-05-07,sh.603939,69.0000,69.9300,66.2600,66.3300,69.9900,1681144,113903035.0000,3,4.202860,1,-5.229300,70.951073,4.471609,22.990842,7.821440,0
2015-05-08,sh.603939,68.2000,72.0000,67.2200,71.9200,66.3300,2086367,145802077.0000,3,5.215917,1,8.427600,76.930516,4.848457,24.928409,8.480596,0
2015-05-11,sh.603939,71.9500,77.3000,71.9500,76.8400,71.9200,2678386,201892272.0000,3,6.695965,1,6.840900,82.193283,5.180137,26.633745,9.060748,0
2015-05-12,sh.603939,76.2000,84.5200,74.4200,84.5200,76.8400,3383598,269985040.0000,3,8.458995,1,9.994800,90.408332,5.697881,29.295733,9.966352,0
2015-05-13,sh.603939,84.0000,92.9700,81.9100,87.6800,84.5200,3678862,323748496.0000,3,9.197155,1,3.738800,93.788483,5.910911,30.391030,10.338970,0
2015-05-14,sh.603939,87.7800,92.0000,85.0000,90.2300,87.6800,2778986,248845026.0000,3,6.947465,1,2.908300,96.516136,6.082818,31.274893,10.639658,0
2015-05-15,sh.603939,89.0500,89.9000,83.0000,84.2000,90.2300,2028584,174781579.0000,3,5.071460,1,-6.682900,90.066038,5.676308,29.184816,9.928618,0
2015-05-18,sh.603939,85.5000,92.6200,85.5000,92.6200,84.2000,2749802,250705117.0000,3,6.874505,1,10.000000,99.072642,6.243939,32.103298,10.921480,0
2015-05-19,sh.603939,94.4000,100.0000,89.4800,93.7300,92.6200,2812622,268063555.0000,3,7.031555,1,1.198400,100.259974,6.318769,32.488039,11.052368,0
2015-05-20,sh.603939,91.7000,95.0000,89.5000,91.1300,93.7300,2457834,224939676.0000,3,6.144585,1,-2.773900,97.478837,6.143491,31.586845,10.745784,0
2015-05-21,sh.603939,89.4400,94.6000,89.2800,90.5100,91.1300,2201078,202613273.0000,3,5.502695,1,-0.680300,96.815643,6.101694,31.371945,10.672675,0
2015-05-22,sh.603939,92.0200,97.0200,88.2800,94.1900,90.5100,2933161,272945024.0000,3,7.332903,1,4.065800,100.752021,6.349780,32.647481,11.106610,0
2015-05-25,sh.603939,92.8900,103.6100,90.5000,103.6100,94.1900,3024149,301807856.0000,3,7.560372,1,10.001100,110.828293,6.984825,35.912575,12.217389,0
2015-05-26,sh.603939,104.1800,108.0200,100.2400,105.1400,103.6100,2276014,238179366.0000,3,5.690035,1,1.476700,112.464885,7.087969,36.442893,12.397802,0
2015-05-27,sh.603939,103.9900,115.6500,103.0500,115.6500,105.1400,1654445,183068218.0000,3,4.136112,1,9.996200,123.707094,7.796496,40.085796,13.637110,0
2015-05-28,sh.603939,117.0700,127.2200,109.0000,109.9700,115.6500,2927837,353506832.0000,3,7.319592,1,-4.911400,117.631381,7.413582,38.117034,12.967341,0
2015-05-29,sh.603939,104.0000,120.0000,102.0000,108.0300,109.9700,2116531,231090522.0000,3,5.291328,1,-1.764100,115.556225,7.282797,37.444605,12.738582,0
2015-06-01,sh.603939,110.5000,110.5000,101.5000,105.0000,108.0300,2524071,261028897.0000,3,6.310177,1,-2.804800,112.315131,7.078531,36.394367,12.381293,0
2015-06-02,sh.603939,103.0000,107.5300,98.8800,104.0500,105.0000,2831236,290468608.0000,3,7.078090,1,-0.904800,111.298947,7.014487,36.065085,12.269272,0
2015-06-03,sh.603939,103.0000,105.5000,99.6000,103.7000,104.0500,2149194,221679821.0000,3,5.372985,1,-0.336400,110.924563,6.990892,35.943770,12.228001,0
2015-06-04,sh.603939,102.8900,104.0000,93.3300,98.3000,103.7000,1872267,183516807.0000,3,4.680668,1,-5.207300,105.148356,6.626853,34.072060,11.591249,0
2015-06-05,sh.603939,98.6900,102.9000,97.5000,99.8800,98.3000,1892527,189617868.0000,3,4.731318,1,1.607300,106.838431,6.733369,34.619709,11.777558,0
2015-06-08,sh.603939,99.8800,99.8800,99.8800,99.8800,99.8800,0,0.0000,3,,0,0.000000,106.838431,6.733369,34.619709,11.777558,0
2015-06-09,sh.603939,99.8800,99.8800,99.8800,99.8800,99.8800,0,0.0000,3,,0,0.000000,106.838431,6.733369,34.619709,11.777558,0
2015-06-10,sh.603939,99.8800,99.8800,99.8800,99.8800,99.8800,0,0.0000,3,,0,0.000000,106.838431,6.733369,34.619709,11.777558,0
2015-06-11,sh.603939,99.8800,99.8800,99.8800,99.8800,99.8800,0,0.0000,3,,0,0.000000,106.838431,6.733369,34.619709,11.777558,0
2015-06-12,sh.603939,99.8800,99.8800,99.8800,99.8800,99.8800,0,0.0000,3,,0,0.000000,106.838431,6.733369,34.619709,11.777558,0
2015-06-15,sh.603939,99.8800,99.8800,99.8800,99.8800,99.8800,0,0.0000,3,,0,0.000000,106.838431,6.733369,34.619709,11.777558,0
2015-06-16,sh.603939,99.8800,99.8800,99.8800,99.8800,99.8800,0,0.0000,3,,0,0.000000,106.838431,6.733369,34.619709,11.777558,0
2015-06-17,sh.603939,99.8800,99.8800,99.8800,99.8800,99.8800,0,0.0000,3,,0,0.000000,106.838431,6.733369,34.619709,11.777558,0
2015-06-18,sh.603939,99.8800,99.8800,99.8800,99.8800,99.8800,0,0.0000,3,,0,0.000000,106.838431,6.733369,34.619709,11.777558,0
2015-06-19,sh.603939,99.8800,99.8800,99.8800,99.8800,99.8800,0,0.0000,3,,0,0.000000,106.838431,6.733369,34.619709,11.777558,0
2015-06-23,sh.603939,99.8800,99.8800,99.8800,99.8800,99.8800,0,0.0000,3,,0,0.000000,106.838431,6.733369,34.619709,11.777558,0
2015-06-24,sh.603939,99.8800,99.8800,99.8800,99.8800,99.8800,0,0.0000,3,,0,0.000000,106.838431,6.733369,34.619709,11.777558,0
2015-06-25,sh.603939,99.8800,99.8800,99.8800,99.8800,99.8800,0,0.0000,3,,0,0.000000,106.838431,6.733369,34.619709,11.777558,0
2015-06-26,sh.603939,99.8800,99.8800,99.8800,99.8800,99.8800,0,0.0000,3,,0,0.000000,106.838431,6.733369,34.619709,11.777558,0
2015-06-29,sh.603939,99.8800,99.8800,99.8800,99.8800,99.8800,0,0.0000,3,,0,0.000000,106.838431,6.733369,34.619709,11.777558,0
2015-06-30,sh.603939,99.8800,99.8800,99.8800,99.8800,99.8800,0,0.0000,3,,0,0.000000,106.838431,6.733369,34.619709,11.777558,0
2015-07-01,sh.603939,99.8800,99.8800,99.8800,99.8800,99.8800,0,0.0000,3,,0,0.000000,106.838431,6.733369,34.619709,11.777558,0
2015-07-02,sh.603939,99.8800,99.8800,99.8800,99.8800,99.8800,0,0.0000,3,,0,0.000000,106.838431,6.733369,34.619709,11.777558,0
2015-07-03,sh.603939,99.8800,99.8800,99.8800,99.8800,99.8800,0,0.0000,3,,0,0.000000,106.838431,6.733369,34.619709,11.777558,0
2015-07-06,sh.603939,99.8800,99.8800,99.8800,99.8800,99.8800,0,0.0000,3,,0,0.000000,106.838431,6.733369,34.619709,11.777558,0
2015-07-07,sh.603939,99.8800,99.8800,99.8800,99.8800,99.8800,0,0.0000,3,,0,0.000000,106.838431,6.733369,34.619709,11.777558,0
2015-07-08,sh.603939,99.8800,99.8800,99.8800,99.8800,99.8800,0,0.0000,3,,0,0.000000,106.838431,6.733369,34.619709,11.777558,0
2015-07-09,sh.603939,99.8800,99.8800,99.8800,99.8800,99.8800,0,0.0000,3,,0,0.000000,106.838431,6.733369,34.619709,11.777558,0
2015-07-10,sh.603939,99.8800,99.8800,99.8800,99.8800,99.8800,0,0.0000,3,,0,0.000000,106.838431,6.733369,34.619709,11.777558,0
2015-07-13,sh.603939,99.8800,99.8800,99.8800,99.8800,99.8800,0,0.0000,3,,0,0.000000,106.838431,6.733369,34.619709,11.777558,0
2015-07-14,sh.603939,99.8800,99.8800,99.8800,99.8800,99.8800,0,0.0000,3,,0,0.000000,106.838431,6.733369,34.619709,11.777558,0
2015-07-15,sh.603939,99.8800,99.8800,99.8800,99.8800,99.8800,0,0.0000,3,,0,0.000000,106.838431,6.733369,34.619709,11.777558,0
2015-07-16,sh.603939,99.8800,99.8800,99.8800,99.8800,99.8800,0,0.0000,3,,0,0.000000,106.838431,6.733369,34.619709,11.777558,0
2015-07-17,sh.603939,99.8800,99.8800,99.8800,99.8800,99.8800,0,0.0000,3,,0,0.000000,106.838431,6.733369,34.619709,11.777558,0
2015-07-20,sh.603939,99.8800,99.8800,99.8800,99.8800,99.8800,0,0.0000,3,,0,0.000000,106.838431,6.733369,34.619709,11.777558,0
2015-07-21,sh.603939,99.8800,99.8800,99.8800,99.8800,99.8800,0,0.0000,3,,0,0.000000,106.838431,6.733369,34.619709,11.777558,0
2015-07-22,sh.603939,99.8800,99.8800,99.8800,99.8800,99.8800,0,0.0000,3,,0,0.000000,106.838431,6.733369,34.619709,11.777558,0
2015-07-23,sh.603939,99.8800,99.8800,99.8800,99.8800,99.8800,0,0.0000,3,,0,0.000000,106.838431,6.733369,34.619709,11.777558,0
2015-07-24,sh.603939,99.8800,99.8800,99.8800,99.8800,99.8800,0,0.0000,3,,0,0.000000,106.838431,6.733369,34.619709,11.777558,0
2015-07-27,sh.603939,99.8800,99.8800,99.8800,99.8800,99.8800,0,0.0000,3,,0,0.000000,106.838431,6.733369,34.619709,11.777558,0
2015-07-28,sh.603939,99.8800,99.8800,99.8800,99.8800,99.8800,0,0.0000,3,,0,0.000000,106.838431,6.733369,34.619709,11.777558,0
2015-07-29,sh.603939,99.8800,99.8800,99.8800,99.8800,99.8800,0,0.0000,3,,0,0.000000,106.838431,6.733369,34.619709,11.777558,0
2015-07-30,sh.603939,99.8800,99.8800,99.8800,99.8800,99.8800,0,0.0000,3,,0,0.000000,106.838431,6.733369,34.619709,11.777558,0
2015-07-31,sh.603939,99.8800,99.8800,99.8800,99.8800,99.8800,0,0.0000,3,,0,0.000000,106.838431,6.733369,34.619709,11.777558,0
2015-08-03,sh.603939,99.8800,99.8800,99.8800,99.8800,99.8800,0,0.0000,3,,0,0.000000,106.838431,6.733369,34.619709,11.777558,0
2015-08-04,sh.603939,99.8800,99.8800,99.8800,99.8800,99.8800,0,0.0000,3,,0,0.000000,106.838431,6.733369,34.619709,11.777558,0
2015-08-05,sh.603939,99.8800,99.8800,99.8800,99.8800,99.8800,0,0.0000,3,,0,0.000000,106.838431,6.733369,34.619709,11.777558,0
2015-08-06,sh.603939,99.8800,99.8800,99.8800,99.8800,99.8800,0,0.0000,3,,0,0.000000,106.838431,6.733369,34.619709,11.777558,0
2015-08-07,sh.603939,99.8800,99.8800,99.8800,99.8800,99.8800,0,0.0000,3,,0,0.000000,106.838431,6.733369,34.619709,11.777558,0
2015-08-10,sh.603939,99.8800,99.8800,99.8800,99.8800,99.8800,0,0.0000,3,,0,0.000000,106.838431,6.733369,34.619709,11.777558,0
2015-08-11,sh.603939,99.8800,99.8800,99.8800,99.8800,99.8800,0,0.0000,3,,0,0.000000,106.838431,6.733369,34.619709,11.777558,0
2015-08-12,sh.603939,99.8800,99.8800,99.8800,99.8800,99.8800,0,0.0000,3,,0,0.000000,106.838431,6.733369,34.619709,11.777558,0
2015-08-13,sh.603939,99.8800,99.8800,99.8800,99.8800,99.8800,0,0.0000,3,,0,0.000000,106.838431,6.733369,34.619709,11.777558,0
2015-08-14,sh.603939,99.8800,99.8800,99.8800,99.8800,99.8800,0,0.0000,3,,0,0.000000,106.838431,6.733369,34.619709,11.777558,0
2015-08-17,sh.603939,89.8900,89.8900,89.8900,89.8900,99.8800,70200,6310278.0000,3,0.175500,1,-10.002000,96.152449,6.059897,31.157045,10.599566,0
2015-08-18,sh.603939,80.9000,80.9000,80.9000,80.9000,89.8900,312200,25256980.0000,3,0.780500,1,-10.001100,86.536134,5.453840,28.040993,9.539492,0
2015-08-19,sh.603939,72.8100,72.8100,72.8100,72.8100,80.9000,366100,26655741.0000,3,0.915250,1,-10.000000,77.882521,4.908456,25.236894,8.585543,0
2015-08-20,sh.603939,68.0000,71.8000,65.5300,66.8400,72.8100,8378229,569400400.0000,3,20.945573,1,-8.199400,71.496603,4.505991,23.167614,7.881578,0
2015-08-21,sh.603939,68.0000,69.7000,63.5000,65.4300,66.8400,4871314,324361696.0000,3,12.178285,1,-2.109500,65.031209,4.201462,101.920282,7.458340,0
2015-08-24,sh.603939,60.6000,62.0000,58.8900,58.8900,65.4300,1486010,88150932.0000,3,3.715025,1,-9.995400,58.531070,3.781509,91.732927,6.712848,0
2015-08-25,sh.603939,53.0000,55.9600,53.0000,53.0000,58.8900,3129109,167489640.0000,3,7.822773,1,-10.001700,52.676969,3.403294,82.558076,6.041449,0
2015-08-26,sh.603939,53.1600,55.9900,48.0100,48.9200,53.0000,4818455,250865506.0000,3,12.046138,1,-7.698100,48.621837,3.141304,76.202662,5.576371,0
2015-08-27,sh.603939,50.3800,53.8100,48.9100,53.7900,48.9200,4086908,209922351.0000,3,10.217270,1,9.955000,53.462154,3.454022,83.788659,6.131501,0
2015-08-28,sh.603939,55.6000,57.9800,53.7100,56.9400,53.7900,4901260,271267200.0000,3,12.253150,1,5.856100,56.592955,3.656293,88.695412,6.490568,0
2015-08-31,sh.603939,55.1000,56.1000,51.3000,52.4000,56.9400,2707693,147340636.0000,3,6.769232,1,-7.973300,52.080626,3.364766,81.623456,5.973055,0
2015-09-01,sh.603939,51.0000,51.0000,47.1600,47.1600,52.4000,2988703,145264849.0000,3,7.471757,1,-10.000000,46.872564,3.028289,73.461111,5.375750,0
2015-09-02,sh.603939,43.9400,49.9000,43.1300,47.3500,47.1600,2861998,134134405.0000,3,7.154995,1,0.402900,47.061406,3.040490,73.757074,5.397408,0
2015-09-07,sh.603939,48.3000,52.0000,48.3000,49.9400,47.3500,1845996,92576042.0000,3,4.614990,1,5.469900,49.635620,3.206801,77.791516,5.692641,0
2015-09-08,sh.603939,49.8800,53.8500,49.0100,53.0500,49.9400,1632723,83725804.0000,3,4.081808,1,6.227500,52.726664,3.406504,82.635961,6.047148,0
2015-09-09,sh.603939,53.5100,56.7000,53.1500,56.6500,53.0500,2678642,146535405.0000,3,6.696605,1,6.786100,56.304723,3.637671,88.243680,6.457511,0
2015-09-10,sh.603939,54.9900,56.0000,54.0000,54.0700,56.6500,1500544,82514648.0000,3,3.751360,1,-4.554300,53.740448,3.472002,84.224815,6.163418,0
2015-09-11,sh.603939,53.5000,54.8000,51.7100,54.4500,54.0700,1987605,106338880.0000,3,4.969012,1,0.702800,54.118132,3.496402,84.816741,6.206734,0
2015-09-14,sh.603939,53.8000,55.3000,49.5800,50.7200,54.4500,2483507,131061856.0000,3,6.208768,1,-6.850300,50.410866,3.256888,79.006521,5.781553,0
2015-09-15,sh.603939,49.0500,50.6600,47.3000,47.4100,50.7200,874222,42600877.0000,3,2.185555,1,-6.526000,47.121040,3.044342,73.850536,5.404247,0
2015-09-16,sh.603939,47.9900,52.1500,47.8000,52.1300,47.4100,1305702,64602715.0000,3,3.264255,1,9.955700,51.812272,3.347428,81.202878,5.942278,0
2015-09-17,sh.603939,52.1000,55.3000,51.4200,51.5400,52.1300,1751961,93423692.0000,3,4.379903,1,-1.131800,51.225868,3.309542,80.283835,5.875024,0
2015-09-18,sh.603939,52.0000,53.4700,51.6000,52.8200,51.5400,1352171,70854426.0000,3,3.380428,1,2.483500,52.498066,3.391735,82.277690,6.020931,0
2015-09-21,sh.603939,52.0000,58.1000,51.4300,58.1000,52.8200,2084576,117557562.0000,3,5.211440,1,9.996200,57.745885,3.730780,90.502344,6.622796,0
2015-09-22,sh.603939,59.9700,61.5000,57.3800,60.9800,58.1000,3084651,184574275.0000,3,7.711627,1,4.957000,60.608332,3.915714,94.988519,6.951086,0
2015-09-23,sh.603939,59.0400,64.2800,58.6000,61.9800,60.9800,2267024,138279223.0000,3,5.667560,1,1.639900,61.602237,3.979927,96.546218,7.065076,0
2015-09-24,sh.603939,61.3000,63.6000,61.3000,63.2400,61.9800,2141241,133887968.0000,3,5.353103,1,2.032900,62.854557,4.060836,98.508920,7.208702,0
2015-09-25,sh.603939,62.6000,62.6000,58.5200,59.8700,63.2400,2362142,142351508.0000,3,5.905355,1,-5.328900,59.505097,3.844437,93.259472,6.824557,0
2015-09-28,sh.603939,59.0000,64.2800,58.2400,64.0900,59.8700,1477746,91788271.0000,3,3.694365,1,7.048600,63.699377,4.115417,99.832964,7.305594,0
2015-09-29,sh.603939,62.4900,63.5000,61.5100,62.3900,64.0900,1198842,74978395.0000,3,2.997105,1,-2.652500,62.009738,4.006254,97.184875,7.111811,0
2015-09-30,sh.603939,62.2000,62.9800,60.3500,60.6600,62.3900,723698,44364056.0000,3,1.809245,1,-2.772900,60.290282,3.895166,94.490055,6.914609,0
2015-10-08,sh.603939,62.6800,65.2000,62.6800,63.1900,60.6600,1816049,116143953.0000,3,4.540123,1,4.170800,62.804862,4.057625,98.431035,7.203003,0
2015-10-09,sh.603939,62.5000,65.2800,62.5000,64.1200,63.1900,1236678,77977019.0000,3,3.091695,1,1.471800,63.729194,4.117343,99.879695,7.309013,0
2015-10-12,sh.603939,64.5100,67.7000,64.0000,65.9000,64.1200,2111243,139041198.0000,3,5.278107,1,2.776000,65.498345,4.231642,102.652400,7.511915,0
2015-10-13,sh.603939,64.7100,68.5300,64.6000,67.6600,65.9000,1284814,86024249.0000,3,3.212035,1,2.670700,67.247618,4.344657,105.393952,7.712537,0
2015-10-14,sh.603939,67.6600,67.6600,64.3500,64.8200,67.6600,1278478,84375152.0000,3,3.196195,1,-4.197500,64.424927,4.162292,100.970085,7.388806,0
2015-10-15,sh.603939,64.2000,69.8800,64.1800,69.5300,64.8200,1840838,123206000.0000,3,4.602095,1,7.266300,69.106220,4.464736,108.306850,7.925697,0
2015-10-16,sh.603939,72.0000,76.4800,72.0000,76.4800,69.5300,5258978,397361504.0000,3,13.147445,1,9.995700,76.013861,4.911017,119.132862,8.717925,0
2015-10-19,sh.603939,76.8800,80.8800,76.5000,80.0300,76.4800,3953607,309402816.0000,3,9.884018,1,4.641700,79.542224,5.138973,124.662695,9.122588,0
2015-10-20,sh.603939,77.7200,78.4000,73.5300,77.2300,80.0300,3300874,251423162.0000,3,8.252185,1,-3.498700,76.759289,4.959177,120.301136,8.803417,0
2015-10-21,sh.603939,77.7700,77.7700,69.5200,69.5800,77.2300,3558091,261078664.0000,3,8.895227,1,-9.905500,69.155915,4.467946,108.384735,7.931397,0
2015-10-22,sh.603939,70.0500,73.7000,69.0200,72.6900,69.5800,2618653,187458723.0000,3,6.546633,1,4.469700,72.246960,4.667649,113.229180,8.285904,0
2015-10-23,sh.603939,74.0000,77.4900,72.5000,75.6000,72.6900,2382502,178749760.0000,3,5.956255,1,4.003300,75.139224,4.854509,117.762086,8.617614,0
2015-10-26,sh.603939,75.7500,75.9800,72.8200,73.9900,75.6000,1958466,144382397.0000,3,4.896165,1,-2.129600,73.539037,4.751126,115.254190,8.434091,0
2015-10-27,sh.603939,72.8600,73.9800,69.8000,73.2300,73.9900,1755565,126324451.0000,3,4.388912,1,-1.027200,72.783669,4.702324,114.070338,8.347459,0
2015-10-28,sh.603939,73.3900,75.5500,72.6900,72.8400,73.2300,1652506,122735607.0000,3,4.131265,1,-0.532600,68.866984,4.456761,296.474949,8.562979,0
2015-10-29,sh.603939,73.8800,74.6600,71.3200,73.1700,72.8400,1174666,85366926.0000,3,2.936665,1,0.453100,69.178985,4.476952,297.818122,8.601773,0
2015-10-30,sh.603939,72.9800,74.4300,71.6500,73.3600,73.1700,1346543,98491353.0000,3,3.366358,1,0.259700,69.358621,4.488578,298.591464,8.624109,0
2015-11-02,sh.603939,73.0300,80.1200,71.8300,76.5900,73.3600,3450873,261000352.0000,3,8.627182,1,4.402900,72.412443,4.686207,311.738280,9.003824,0
2015-11-03,sh.603939,76.0000,76.9000,73.3300,75.7200,76.5900,1853817,139874181.0000,3,4.634543,1,-1.135900,71.589897,4.632976,308.197187,8.901548,0
2015-11-04,sh.603939,76.0000,82.6600,76.0000,82.1100,75.7200,3129167,244524693.0000,3,7.822917,1,8.439000,77.631358,5.023952,334.205904,9.652748,0
2015-11-05,sh.603939,80.0000,82.9700,78.4300,79.8100,82.1100,3455335,277120832.0000,3,8.638338,1,-2.801100,75.456810,4.883225,324.844394,9.382363,0
2015-11-06,sh.603939,40.4000,43.0000,39.1900,41.9200,39.6600,4678759,189520086.0000,3,5.848449,1,5.698400,79.266996,5.129803,341.247388,9.856125,0
2015-11-09,sh.603939,40.0000,41.9700,38.8900,40.3300,41.9200,10649917,426877088.0000,3,13.312396,1,-3.792900,76.260447,4.935233,328.304083,9.482288,0
2015-11-10,sh.603939,39.9300,40.8000,38.9900,39.7600,40.3300,8573442,341007264.0000,3,10.716803,1,-1.413300,75.182628,4.865481,323.664030,9.348271,0
2015-11-11,sh.603939,40.0200,42.9500,39.2000,42.0300,39.7600,10283747,424734160.0000,3,12.854684,1,5.709300,79.474996,5.143264,342.142836,9.881988,0
2015-11-12,sh.603939,42.4500,46.1900,41.2200,45.3900,42.0300,11884536,514365984.0000,3,14.855670,1,7.994300,85.828458,5.554431,369.494726,10.671983,0
2015-11-13,sh.603939,44.0100,45.3600,41.3000,41.9900,45.3900,11523338,497282176.0000,3,14.404173,1,-7.490600,79.399360,5.138369,341.817219,9.872583,0
2015-11-16,sh.603939,40.4600,41.4900,39.9000,41.1600,41.9900,9881779,401158416.0000,3,12.352224,1,-1.976700,77.829903,5.036801,335.060651,9.677436,0
2015-11-17,sh.603939,41.3000,42.9900,40.4000,40.9000,41.1600,6978141,291001504.0000,3,8.722676,1,-0.631700,77.338266,5.004984,332.944135,9.616305,0
2015-11-18,sh.603939,40.8000,43.5600,40.5000,43.1000,40.9000,12580295,535187792.0000,3,15.725369,1,5.379000,81.498271,5.274201,350.853111,10.133564,0
2015-11-19,sh.603939,43.2900,46.6600,43.2600,45.7900,43.1000,12892935,584117136.0000,3,16.116169,1,6.241300,86.584822,5.603380,372.750904,10.766030,0
2015-11-20,sh.603939,46.0100,47.9000,44.0800,46.3300,45.7900,13100089,600419104.0000,3,16.375111,1,1.179300,87.605914,5.669460,377.146743,10.892993,0
2015-11-23,sh.603939,45.8300,47.4900,45.0000,45.0800,46.3300,9736751,447305808.0000,3,12.170939,1,-2.698000,85.242275,5.516496,366.971189,10.599096,0
2015-11-24,sh.603939,44.3000,46.0000,44.3000,45.8500,45.0800,7620696,345401296.0000,3,9.525870,1,1.708100,86.698277,5.610722,373.239330,10.780137,0
2015-11-25,sh.603939,45.6700,46.0200,44.8000,45.9200,45.8500,7825336,356485104.0000,3,9.781670,1,0.152700,86.830640,5.619288,373.809161,10.796595,0
2015-11-26,sh.603939,45.9200,48.1200,45.8700,46.6400,45.9200,9907462,466715584.0000,3,12.384327,1,1.567900,88.192096,5.707395,379.670280,10.965880,0
2015-11-27,sh.603939,45.7500,46.2000,41.9800,42.0200,46.6400,9178814,403011680.0000,3,11.473517,1,-9.905700,79.456087,5.142040,342.061432,9.879637,0
2015-11-30,sh.603939,41.0500,42.4900,37.9900,42.0000,42.0200,7510580,306942112.0000,3,9.388225,1,-0.047600,79.418269,5.139593,341.898623,9.874934,0
2015-12-01,sh.603939,42.0300,42.1300,40.1100,40.9000,42.0000,5195487,214106196.0000,3,6.494359,1,-2.619000,77.338266,5.004984,332.944135,9.616305,0
2015-12-02,sh.603939,41.0100,41.1600,37.9000,39.4300,40.9000,5045347,198076636.0000,3,6.306684,1,-3.594100,74.558627,4.825099,320.977684,9.270683,0
2015-12-03,sh.603939,40.0000,40.8000,39.6600,40.7500,39.4300,3657596,147825169.0000,3,4.571995,1,3.347700,77.054630,4.986629,331.723069,9.581038,0
2015-12-04,sh.603939,40.8500,43.7000,40.8500,42.9800,40.7500,7099707,298814288.0000,3,8.874634,1,5.472400,81.271362,5.259517,349.876258,10.105350,0
2015-12-07,sh.603939,43.3000,46.0000,42.0000,44.8900,42.9800,7684352,335570112.0000,3,9.605440,1,4.443900,84.883002,5.493246,365.424505,10.554424,0
2015-12-08,sh.603939,43.9900,44.3100,42.2400,42.3200,44.8900,5136628,222033629.0000,3,6.420785,1,-5.725100,80.023360,5.178752,344.503565,9.950172,0
2015-12-09,sh.603939,42.3500,42.8400,40.5000,41.1500,42.3200,3812617,159067439.0000,3,4.765771,1,-2.764600,77.810994,5.035577,334.979246,9.675085,0
2015-12-10,sh.603939,41.6000,41.6800,40.6500,40.9900,41.1500,2364912,97074931.0000,3,2.956140,1,-0.388800,77.508448,5.015998,333.676775,9.637466,0
2015-12-11,sh.603939,40.7300,41.1000,39.9800,40.5300,40.9900,2504176,101151826.0000,3,3.130220,1,-1.122200,76.638629,4.959707,329.932171,9.529312,0
2015-12-14,sh.603939,40.0000,41.5200,40.0000,41.4400,40.5300,2542330,104313882.0000,3,3.177912,1,2.245300,78.359358,5.071065,337.339975,9.743269,0
2015-12-15,sh.603939,41.4900,42.1900,41.0400,41.3200,41.4400,2412512,100486990.0000,3,3.015640,1,-0.289600,78.132449,5.056380,336.363122,9.715055,0
2015-12-16,sh.603939,41.5800,42.0000,41.3000,41.4200,41.3200,2246556,93517578.0000,3,2.808195,1,0.242000,78.321540,5.068617,337.177166,9.738566,0
2015-12-17,sh.603939,41.4600,44.2100,41.4600,43.6300,41.4200,6576433,281977328.0000,3,8.220541,1,5.335600,82.500454,5.339058,355.167546,10.258176,0
2015-12-18,sh.603939,43.4800,44.1600,42.3100,42.5300,43.6300,4407177,189628446.0000,3,5.508971,1,-2.521200,80.420452,5.204450,346.213058,9.999547,0
2015-12-21,sh.603939,42.5200,42.8800,41.5100,42.1100,42.5300,2934143,123530134.0000,3,3.667679,1,-0.987500,79.626269,5.153054,342.794072,9.900797,0
2015-12-22,sh.603939,42.3100,42.7300,41.8000,42.6000,42.1100,3048398,129037571.0000,3,3.810497,1,1.163600,80.552815,5.213016,346.782889,10.016005,0
2015-12-23,sh.603939,42.2500,42.9700,41.7500,41.8700,42.6000,3578266,151969348.0000,3,4.472832,1,-1.713600,79.172450,5.123685,340.840365,9.844369,0
2015-12-24,sh.603939,42.0000,42.2000,40.9000,41.3300,41.8700,2424963,100109921.0000,3,3.031204,1,-1.289700,78.151358,5.057604,336.444526,9.717406,0
2015-12-25,sh.603939,41.8700,42.5000,41.3500,42.1800,41.3300,2713546,114255650.0000,3,3.391933,1,2.056600,79.758633,5.161620,343.363903,9.917256,0
2015-12-28,sh.603939,42.4800,43.4900,42.2100,42.7800,42.1800,5843621,250897206.0000,3,7.304526,1,1.422500,80.893179,5.235042,348.248169,10.058326,0
2015-12-29,sh.603939,43.0000,44.1200,41.9000,43.9500,42.7800,4741136,204015616.0000,3,5.926420,1,2.734900,83.105545,5.378217,357.772488,10.333414,0
2015-12-30,sh.603939,43.6400,44.1800,43.0000,43.3100,43.9500,3433597,149197697.0000,3,4.291996,1,-1.456200,81.895362,5.299899,352.562604,10.182938,0
2015-12-31,sh.603939,43.5000,43.8000,42.0900,42.2300,43.3100,2478140,106261912.0000,3,3.097675,1,-2.493700,79.853178,5.167738,343.770925,9.929012,0
2016-01-04,sh.603939,41.7000,41.8800,38.0100,38.0100,42.2300,2928256,116000243.0000,3,3.660320,1,-9.992900,71.873533,4.651332,309.418254,8.936816,0
2016-01-05,sh.603939,35.0200,38.3800,34.8000,36.8800,38.0100,3933092,143990223.0000,3,4.916365,1,-2.972900,69.736804,4.513052,300.219553,8.671133,0
2016-01-06,sh.603939,36.8900,37.7000,36.2800,37.2800,36.8800,2502908,92412865.0000,3,3.128635,1,1.084600,70.493168,4.562000,303.475730,8.765180,0
2016-01-07,sh.603939,36.8000,36.8000,33.5600,33.6600,37.2800,578700,20311555.0000,3,0.723375,1,-9.710300,63.648070,4.119017,274.007325,7.914055,0
2016-01-08,sh.603939,34.5000,35.4800,30.3900,34.0100,33.6600,3111581,105360681.0000,3,3.889476,1,1.039800,64.309889,4.161846,276.856480,7.996346,0
2016-01-11,sh.603939,33.1600,33.8600,30.6100,30.6100,34.0100,2919294,93365366.0000,3,3.649118,1,-9.997100,57.880791,3.745784,249.178973,7.196946,0
2016-01-12,sh.603939,30.5000,31.1500,29.0000,30.2200,30.6100,3640242,108951875.0000,3,4.550302,1,-1.274100,57.143335,3.698059,246.004200,7.105250,0
2016-01-13,sh.603939,30.6100,30.9400,28.4200,28.4800,30.2200,1926780,57681927.0000,3,2.408475,1,-5.757800,53.853150,3.485133,231.839828,6.696146,0
2016-01-14,sh.603939,28.3900,30.3100,27.5800,30.0700,28.4800,2123477,61549284.0000,3,2.654346,1,5.582900,56.859699,3.679704,244.783133,7.069983,0
2016-01-15,sh.603939,29.8700,30.0800,28.0000,28.2400,30.0700,2117578,61676189.0000,3,2.646972,1,-6.085800,53.399331,3.455764,229.886122,6.639718,0
2016-01-18,sh.603939,27.9000,29.2600,27.5300,29.0400,28.2400,2532809,72895875.0000,3,3.166011,1,2.832900,54.912060,3.553661,236.398477,6.827812,0
2016-01-19,sh.603939,28.5200,30.9300,28.5200,30.3100,29.0400,3024034,90770830.0000,3,3.780042,1,4.373300,57.313517,3.709073,246.736840,7.126411,0
2016-01-20,sh.603939,30.3200,30.4000,29.5800,29.9900,30.3100,2025804,60813599.0000,3,2.532255,1,-1.055800,56.708426,3.669914,244.131898,7.051173,0
2016-01-21,sh.603939,29.5000,30.4300,28.3000,28.3700,29.9900,1994452,59140002.0000,3,2.493065,1,-5.401800,53.645150,3.471673,230.944379,6.670283,0
2016-01-22,sh.603939,28.7000,30.0000,28.1300,29.6600,28.3700,2198794,63938567.0000,3,2.748493,1,4.547100,56.084425,3.629532,241.445551,6.973585,0
2016-01-25,sh.603939,29.7200,30.2900,29.1600,29.5200,29.6600,1266296,37641257.0000,3,1.582870,1,-0.472000,55.819697,3.612400,240.305889,6.940668,0
2016-01-26,sh.603939,29.3900,29.3900,26.8000,26.8500,29.5200,1937853,54840384.0000,3,2.422316,1,-9.044700,50.770965,3.285668,218.570905,6.312905,0
2016-01-27,sh.603939,27.2700,27.4900,24.1700,26.7500,26.8500,2621978,66964990.0000,3,3.277472,1,-0.372400,50.581874,3.273431,217.756861,6.289393,0
2016-01-28,sh.603939,25.2000,26.6200,25.1000,25.1300,26.7500,1503085,38726896.0000,3,1.878856,1,-6.056100,47.518597,3.075190,204.569343,5.908502,0
2016-01-29,sh.603939,25.6000,26.7300,24.5900,26.4800,25.1300,1711086,44605970.0000,3,2.138857,1,5.372100,50.071328,3.240391,215.558941,6.225911,0
2016-02-01,sh.603939,26.4500,26.6800,25.7000,26.1900,26.4800,990728,25982722.0000,3,1.238410,1,-1.095200,49.522963,3.204903,213.198213,6.157727,0
2016-02-02,sh.603939,26.2800,27.6000,26.2600,26.8900,26.1900,1610572,43689401.0000,3,2.013215,1,2.672800,50.846601,3.290563,218.896523,6.322309,0
2016-02-03,sh.603939,26.2000,26.8900,26.0300,26.6400,26.8900,1025895,27061412.0000,3,1.282369,1,-0.929700,50.373873,3.259970,216.861412,6.263530,0
2016-02-04,sh.603939,26.6400,29.3000,26.6400,29.3000,26.6400,2206241,61361687.0000,3,2.757801,1,9.985000,55.403697,3.585478,238.514992,6.888942,0
2016-02-05,sh.603939,29.3000,31.0000,29.0100,29.8700,29.3000,3266196,98765093.0000,3,4.082745,1,1.945400,56.481516,3.655229,243.155045,7.022959,0
2016-02-15,sh.603939,29.0000,30.1200,28.3700,29.8700,29.8700,1328877,38739319.0000,3,1.661096,1,0.000000,56.481516,3.655229,243.155045,7.022959,0
2016-02-16,sh.603939,30.7800,30.9000,30.0100,30.6200,29.8700,2446707,74467366.0000,3,3.058384,1,2.510900,57.899700,3.747008,249.260377,7.199297,0
2016-02-17,sh.603939,30.3000,30.5700,29.1800,30.3500,30.6200,2725174,81222912.0000,3,1.746817,1,-0.881800,57.389154,3.713968,247.062457,7.135816,0
2016-02-18,sh.603939,30.2000,30.5000,29.1800,29.3700,30.3500,3300533,98294604.0000,3,2.115618,1,-3.229000,55.536061,3.594044,239.084823,6.905401,0
2016-02-19,sh.603939,29.5000,29.5200,28.5800,28.8900,29.3700,2537525,73455277.0000,3,1.626535,1,-1.634300,54.628423,3.535306,235.177410,6.792544,0
2016-02-22,sh.603939,29.2600,31.7800,29.0000,31.7800,28.8900,5917587,180326113.0000,3,3.793130,1,10.003500,60.093157,3.888959,258.703291,7.472034,0
2016-02-23,sh.603939,32.0200,32.1500,30.8200,31.1000,31.7800,4573958,142681933.0000,3,2.931874,1,-2.139700,58.807337,3.805746,253.167790,7.312154,0
2016-02-24,sh.603939,30.5200,30.9500,29.8100,30.5200,31.1000,3350562,101684160.0000,3,2.147686,1,-1.865000,57.710609,3.734771,248.446333,7.175786,0
2016-02-25,sh.603939,30.5500,30.7000,27.4700,27.4700,30.5200,4447162,127213248.0000,3,2.850599,1,-9.993500,51.943330,3.361538,223.617980,6.458677,0
2016-02-26,sh.603939,27.4800,27.9500,26.5200,27.4200,27.4700,2227731,60925067.0000,3,1.427959,1,-0.182000,51.848784,3.355420,223.210958,6.446922,0
2016-02-29,sh.603939,27.5500,27.5500,24.6800,25.1900,27.4200,2931409,74059127.0000,3,1.879012,1,-8.132700,47.632052,3.082532,205.057769,5.922610,0
2016-03-01,sh.603939,25.2100,26.1600,25.0000,26.0000,25.1900,2993733,77014869.0000,3,1.918961,1,3.215600,49.163690,3.181653,211.651529,6.113055,0
2016-03-02,sh.603939,26.1300,27.1700,25.7100,27.1400,26.0000,2103132,55825458.0000,3,1.348092,1,4.384600,51.319329,3.321156,220.931634,6.381089,0
2016-03-03,sh.603939,27.0800,27.8000,26.3600,26.4700,27.1400,2984419,80433155.0000,3,1.912991,1,-2.468700,50.052418,3.239167,215.477537,6.223560,0
2016-03-04,sh.603939,26.3500,26.6500,25.3500,25.6100,26.4700,2252053,58437314.0000,3,1.443550,1,-3.249000,48.426235,3.133928,208.476756,6.021359,0
2016-03-07,sh.603939,26.2600,27.0000,26.2600,26.9000,25.6100,1949490,52017573.0000,3,1.249609,1,5.037100,50.865510,3.291787,218.977928,6.324660,0
2016-03-08,sh.603939,26.7000,26.9000,25.4400,26.8200,26.9000,1763691,46382168.0000,3,1.130513,1,-0.297400,48.781385,3.016114,245.265793,6.079492,0
2016-03-09,sh.603939,26.1500,26.8000,25.5500,26.3300,26.8200,1684294,44409406.0000,3,1.079620,1,-1.827000,47.890152,2.961010,240.784800,5.968420,0
2016-03-10,sh.603939,26.2800,26.8000,25.8200,25.8400,26.3300,1194869,31223302.0000,3,0.765902,1,-1.861000,46.998919,2.905905,236.303807,5.857348,0
2016-03-11,sh.603939,25.9000,25.9300,25.1800,25.6900,25.8400,894517,22898266.0000,3,0.573379,1,-0.580500,46.726092,2.889037,234.932074,5.823347,0
2016-03-14,sh.603939,26.0500,27.1000,26.0000,26.7100,25.6900,2177646,58159196.0000,3,1.395855,1,3.970400,48.581313,3.003744,244.259856,6.054558,0
2016-03-15,sh.603939,26.6100,26.7700,26.1000,26.2100,26.7100,1429089,37728730.0000,3,0.916036,1,-1.872000,47.671891,2.947515,239.687414,5.941219,0
2016-03-16,sh.603939,26.5200,26.6600,25.7900,25.8700,26.2100,1215467,31648876.0000,3,0.779106,1,-1.297200,47.053484,2.909279,236.578153,5.864149,0
2016-03-17,sh.603939,25.9100,26.8000,25.9100,26.6500,25.8700,1971656,52236657.0000,3,1.263817,1,3.015100,48.472182,2.996996,243.711163,6.040957,0
2016-03-18,sh.603939,26.6700,28.7000,26.6500,28.1900,26.6500,3951108,109601683.0000,3,2.532632,1,5.778600,51.273201,3.170181,257.794284,6.390041,0
2016-03-21,sh.603939,28.5000,29.5000,28.2100,29.0100,28.1900,3689592,105993886.0000,3,2.365002,1,2.908800,52.764653,3.262396,265.293089,6.575916,0
2016-03-22,sh.603939,28.5000,28.9600,28.1900,28.5400,29.0100,1973834,56551587.0000,3,1.265213,1,-1.620100,51.909796,3.209541,260.994994,6.469378,0
2016-03-23,sh.603939,28.6000,29.7300,28.2000,29.7100,28.5400,3297178,96240342.0000,3,2.113467,1,4.099500,54.037843,3.341117,271.694508,6.734590,0
2016-03-24,sh.603939,29.0000,29.4500,28.5500,28.5800,29.7100,2797784,80925112.0000,3,1.793359,1,-3.803400,51.982550,3.214039,261.360789,6.478445,0
2016-03-25,sh.603939,28.3300,28.7900,28.0500,28.5000,28.5800,2313016,65677973.0000,3,1.482627,1,-0.279900,51.837043,3.205043,260.629198,6.460311,0
2016-03-28,sh.603939,28.6000,29.9600,28.6000,28.9800,28.5000,3540989,104492038.0000,3,2.269748,1,1.684200,52.710087,3.259022,265.018743,6.569116,0
2016-03-29,sh.603939,28.7000,29.0500,28.1400,28.5900,28.9800,1593638,45491346.0000,3,1.021510,1,-1.345800,52.000738,3.215164,261.452238,6.480712,0
2016-03-30,sh.603939,28.8500,30.2100,28.8500,30.1600,28.5900,3039194,89985777.0000,3,1.948101,1,5.491400,54.856323,3.391722,275.809706,6.836595,0
2016-03-31,sh.603939,30.5800,31.7000,30.0200,30.0600,30.1600,3495183,107482755.0000,3,2.240387,1,-0.331600,54.674439,3.380477,274.895218,6.813928,0
2016-04-01,sh.603939,29.7100,30.1400,29.3500,29.8400,30.0600,1365066,40453960.0000,3,0.874997,1,-0.731900,54.274293,3.355736,272.883343,6.764059,0
2016-04-05,sh.603939,30.0000,30.8100,29.5000,30.2800,29.8400,2425982,72904722.0000,3,1.555037,1,1.474500,55.074584,3.405217,276.907092,6.863797,0
2016-04-06,sh.603939,30.6000,31.3700,30.0800,30.8200,30.2800,2578545,79318897.0000,3,1.652829,1,1.783400,56.056760,3.465944,281.845330,6.986203,0
2016-04-07,sh.603939,30.9500,32.7000,30.9500,31.0300,30.8200,3820174,121183304.0000,3,2.448704,1,0.681400,56.438717,3.489561,283.765755,7.033805,0
2016-04-08,sh.603939,30.1200,33.9700,30.1200,33.0000,31.0300,6894774,221994022.0000,3,4.419500,1,6.348700,60.021839,3.711102,301.781177,7.480360,0
2016-04-11,sh.603939,33.1500,36.3000,33.1500,35.9900,33.0000,7193170,251381163.0000,3,4.610770,1,9.060600,65.460181,4.047350,329.124381,8.158126,0
2016-04-12,sh.603939,36.7500,36.7500,33.5800,34.1100,35.9900,4249448,147069549.0000,3,2.723865,1,-5.223700,62.040755,3.835930,311.931998,7.731972,0
2016-04-13,sh.603939,34.4000,34.6200,33.7000,34.0900,34.1100,3689918,126123621.0000,3,2.365211,1,-0.058600,62.004378,3.833681,311.749101,7.727438,0
2016-04-14,sh.603939,34.2700,34.3000,33.3000,33.8900,34.0900,2799896,94640662.0000,3,1.794713,1,-0.586700,61.640610,3.811189,309.920124,7.682103,0
2016-04-15,sh.603939,33.6000,33.8900,33.1500,33.4700,33.8900,2145679,71605976.0000,3,1.375365,1,-1.239300,60.876695,3.763957,306.079273,7.586898,0
2016-04-18,sh.603939,33.2200,33.2200,31.8000,32.5300,33.4700,3395550,109957060.0000,3,2.176523,1,-2.808500,59.166982,3.658247,297.483082,7.373821,0
2016-04-19,sh.603939,32.8800,33.3700,32.5300,33.2800,32.5300,2400503,79124139.0000,3,1.538705,1,2.305600,60.531115,3.742590,304.341745,7.543829,0
2016-04-20,sh.603939,33.2800,33.6800,30.0100,31.1200,33.2800,2957834,94426793.0000,3,1.895950,1,-6.490400,56.602413,3.499682,284.588795,7.054206,0
2016-04-21,sh.603939,31.1200,31.7500,30.5600,31.4000,31.1200,2438519,76287753.0000,3,1.563073,1,0.899700,57.111689,3.531170,287.149362,7.117676,0
2016-04-22,sh.603939,31.3000,31.9300,30.0600,31.7600,31.4000,1321795,41705016.0000,3,0.847261,1,1.146500,57.766473,3.571655,290.441521,7.199279,0
2016-04-25,sh.603939,31.4500,31.7500,30.5000,31.5700,31.7600,1849558,57574279.0000,3,1.185553,1,-0.598200,57.420892,3.550288,288.703993,7.156211,0
2016-04-26,sh.603939,31.5700,32.5800,31.3000,32.5700,31.5700,1910590,61058859.0000,3,1.224674,1,3.167600,59.239736,3.662745,297.848877,7.382888,0
2016-04-27,sh.603939,32.8800,33.7500,32.0300,32.3200,32.5700,2854425,94305478.0000,3,1.829666,1,-0.767600,58.785025,3.634631,295.562656,7.326219,0
2016-04-28,sh.603939,32.0000,32.3100,30.8800,31.6500,32.3200,1754394,55236354.0000,3,1.124554,1,-2.073000,54.135334,3.332097,-20.971551,6.918163,0
2016-04-29,sh.603939,31.5800,31.9200,31.0800,31.5500,31.6500,1383780,43651847.0000,3,0.886993,1,-0.316000,53.964290,3.321569,-20.905290,6.896305,0
2016-05-03,sh.603939,31.7800,32.5100,31.3000,32.3000,31.5500,1962316,63102865.0000,3,1.257830,1,2.377200,55.247118,3.400529,-21.402247,7.060243,0
2016-05-04,sh.603939,32.3300,33.5000,32.3300,32.8100,32.3000,2667775,88172666.0000,3,1.710024,1,1.579000,56.119441,3.454222,-21.740177,7.171720,0
2016-05-05,sh.603939,32.9000,32.9200,32.0900,32.6300,32.8100,1484591,48203087.0000,3,0.951612,1,-0.548600,55.811562,3.435271,-21.620907,7.132375,0
2016-05-06,sh.603939,32.4500,32.7700,30.8800,31.3500,32.6300,2433749,77323069.0000,3,1.560016,1,-3.922800,53.622202,3.300513,-20.772769,6.852588,0
2016-05-09,sh.603939,31.0000,31.0000,29.5000,29.8100,31.3500,1537802,46556759.0000,3,0.985720,1,-4.912300,50.988129,3.138383,-19.752352,6.515970,0
2016-05-10,sh.603939,29.8500,30.8000,29.8500,30.4000,29.8100,1797722,54321355.0000,3,1.152327,1,1.979200,51.997287,3.200498,-20.143291,6.644934,0
2016-05-11,sh.603939,30.8000,31.2000,30.3500,30.6700,30.4000,916106,28223303.0000,3,0.587217,1,0.888200,52.459105,3.228923,-20.322195,6.703952,0
2016-05-12,sh.603939,30.3000,30.5100,28.6300,30.1000,30.6700,917529,27345482.0000,3,0.588129,1,-1.858500,51.484156,3.168914,-19.944508,6.579359,0
2016-05-13,sh.603939,29.9900,30.8000,29.7500,30.1200,30.1000,762345,23006672.0000,3,0.488658,1,0.066400,51.518365,3.171020,-19.957761,6.583731,0
2016-05-16,sh.603939,29.5000,30.6100,29.5000,30.4000,30.1200,1162444,35213928.0000,3,0.745118,1,0.929600,51.997287,3.200498,-20.143291,6.644934,0
2016-05-17,sh.603939,30.4000,30.7500,30.1000,30.1500,30.4000,1057557,32168166.0000,3,0.677886,1,-0.822400,51.569678,3.174178,-19.977639,6.590288,0
2016-05-18,sh.603939,29.9900,30.2800,29.0000,29.2700,30.1500,933982,27559232.0000,3,0.598676,1,-2.918700,50.064493,3.081532,-19.394544,6.397935,0
2016-05-19,sh.603939,29.2700,29.8800,29.1700,29.3000,29.2700,817000,24144562.0000,3,0.523691,1,0.102500,50.115806,3.084690,-19.414422,6.404492,0
2016-05-20,sh.603939,29.1100,29.5000,28.8800,29.3900,29.3000,730044,21261923.0000,3,0.467953,1,0.307200,50.269746,3.094166,-19.474057,6.424165,0
2016-05-23,sh.603939,29.7500,29.8000,29.4100,29.7000,29.3900,598591,17758005.0000,3,0.383693,1,1.054800,50.799981,3.126802,-19.679465,6.491926,0
2016-05-24,sh.603939,29.7700,29.7900,29.0900,29.7000,29.7000,1101975,32386278.0000,3,0.706358,1,0.000000,50.799981,3.126802,-19.679465,6.491926,0
2016-05-25,sh.603939,29.9000,30.6500,29.4300,29.5000,29.7000,1522683,45630978.0000,3,0.976029,1,-0.673400,50.457894,3.105746,-19.546943,6.448209,0
2016-05-26,sh.603939,29.2500,30.0000,28.6500,29.9500,29.5000,1124931,32923155.0000,3,0.721073,1,1.525400,51.227591,3.153122,-19.845117,6.546572,0
2016-05-27,sh.603939,29.9100,30.2500,29.7000,30.0500,29.9500,798153,23949502.0000,3,0.511610,1,0.333900,51.398634,3.163650,-19.911378,6.568430,0
2016-05-30,sh.603939,29.9000,30.4000,29.5200,30.0700,30.0500,802614,24205370.0000,3,0.514470,1,0.066600,51.432843,3.165756,-19.924630,6.572802,0
2016-05-31,sh.603939,30.3000,31.4000,30.1000,31.2900,30.0700,1678955,51742400.0000,3,1.076198,1,4.057200,53.519576,3.294197,-20.733012,6.839473,0
2016-06-01,sh.603939,31.2900,31.5400,30.9400,31.1500,31.2900,959344,30007349.0000,3,0.614933,1,-0.447400,53.280115,3.279458,-20.640247,6.808872,0
2016-06-02,sh.603939,31.0200,31.2900,30.8000,31.2400,31.1500,989672,30740699.0000,3,0.634373,1,0.288900,53.434054,3.288933,-20.699882,6.828544,0
2016-06-03,sh.603939,31.2400,32.0200,30.9600,31.8200,31.2400,1716472,54183156.0000,3,1.100246,1,1.856600,54.426108,3.349995,-21.084195,6.955322,0
2016-06-06,sh.603939,31.6800,31.9900,31.2500,31.5800,31.8200,913703,28911511.0000,3,0.585677,1,-0.754200,54.015603,3.324728,-20.925169,6.902862,0
2016-06-07,sh.603939,31.8000,32.0500,31.1800,32.0200,31.5800,1310646,41652258.0000,3,0.840115,1,1.393300,54.768195,3.371051,-21.216716,6.999039,0
2016-06-08,sh.603939,32.0100,32.0100,31.4700,31.7100,32.0200,811647,25763527.0000,3,0.520260,1,-0.968100,54.237960,3.338414,-21.011308,6.931278,0
2016-06-13,sh.603939,31.1000,31.4900,29.0100,29.0900,31.7100,1047613,32065540.0000,3,0.671512,1,-8.262400,49.756615,3.062582,-19.275274,6.358590,0
2016-06-14,sh.603939,28.6200,29.7000,28.5800,29.5000,29.0900,1195808,34659130.0000,3,0.766504,1,1.409400,50.457894,3.105746,-19.546943,6.448209,0
2016-06-15,sh.603939,29.0100,30.6500,29.0100,30.0800,29.5000,992537,29789735.0000,3,0.636209,1,1.966100,51.449947,3.166808,-19.931256,6.574987,0
2016-06-16,sh.603939,30.1100,30.6300,29.2300,29.3900,30.0800,1375900,40817445.0000,3,0.881942,1,-2.293900,50.269746,3.094166,-19.474057,6.424165,0
2016-06-17,sh.603939,29.3600,29.9800,29.3600,29.5000,29.3900,1294977,38330577.0000,3,0.830071,1,0.374300,50.457894,3.105746,-19.546943,6.448209,0
2016-06-20,sh.603939,29.4600,29.6800,29.2000,29.5000,29.5000,1185501,34956194.0000,3,0.759898,1,0.000000,50.457894,3.105746,-19.546943,6.448209,0
2016-06-21,sh.603939,29.7800,30.0700,29.2700,29.3500,29.5000,1328900,39347190.0000,3,0.851815,1,-0.508500,50.201328,3.089954,-19.447552,6.415422,0
2016-06-22,sh.603939,29.3000,30.0000,29.2200,29.9400,29.3500,1119298,33317386.0000,3,0.717462,1,2.010200,51.210486,3.152069,-19.838491,6.544386,0
2016-06-23,sh.603939,29.9400,31.8500,29.6800,31.3600,29.9400,2968937,91631178.0000,3,1.903067,1,4.742800,53.639307,3.301566,-20.779395,6.854774,0
2016-06-24,sh.603939,31.7100,31.8500,29.5000,30.9500,31.3600,2605387,81161685.0000,3,1.670034,1,-1.307400,52.938028,3.258402,-20.507725,6.765155,0
2016-06-27,sh.603939,30.6700,32.0000,30.1800,31.9700,30.9500,2410281,76243012.0000,3,1.544973,1,3.295600,54.682673,3.365787,-21.183586,6.988110,0
2016-06-28,sh.603939,31.8800,33.9800,31.7000,33.8100,31.9700,3606224,119296520.0000,3,2.311564,1,5.755400,57.829878,3.559501,-22.402785,7.390303,0
2016-06-29,sh.603939,33.8900,34.2700,32.9200,33.2300,33.8100,1809868,60268537.0000,3,1.160112,1,-1.715500,56.837824,3.498439,-22.018472,7.263525,0
2016-06-30,sh.603939,33.0000,33.2900,32.4800,32.6200,33.2300,1700813,55552359.0000,3,1.090209,1,-1.835700,55.794458,3.434218,-21.614281,7.130189,0
2016-07-01,sh.603939,32.7000,33.5600,32.7000,33.1800,32.6200,1690684,56172917.0000,3,1.083716,1,1.716700,56.752302,3.493175,-21.985342,7.252596,0
2016-07-04,sh.603939,33.0000,33.5000,32.6000,33.1800,33.1800,1057393,35095289.0000,3,0.677781,1,0.000000,56.752302,3.493175,-21.985342,7.252596,0
2016-07-05,sh.603939,33.2500,33.3500,32.7200,33.0200,33.1800,922180,30375931.0000,3,0.591111,1,-0.482200,56.478632,3.476330,-21.879324,7.217623,0
2016-07-06,sh.603939,33.0000,33.3000,32.5300,33.2500,33.0200,1110288,36527812.0000,3,0.711687,1,0.696500,56.872033,3.500545,-22.031724,7.267897,0
2016-07-07,sh.603939,33.0000,34.1000,32.8900,33.4500,33.2500,1431488,48012585.0000,3,0.917573,1,0.601500,57.214120,3.521601,-22.164246,7.311613,0
2016-07-08,sh.603939,33.2600,33.2600,32.6100,33.0800,33.4500,1283119,42241855.0000,3,0.822470,1,-1.106100,56.581259,3.482647,-21.919081,7.230738,0
2016-07-11,sh.603939,32.9000,34.0000,32.1500,33.4000,33.0800,2893347,95424487.0000,3,1.854615,1,0.967400,57.128598,3.516337,-22.131116,7.300684,0
2016-07-12,sh.603939,33.2200,34.5000,32.6100,34.4200,33.4000,3713481,124099616.0000,3,2.380314,1,3.053900,58.873244,3.623722,-22.806976,7.523639,0
2016-07-13,sh.603939,34.7600,34.8000,33.6500,33.8600,34.4200,2713375,92248176.0000,3,1.739254,1,-1.627000,57.915400,3.564765,-22.435915,7.401233,0
2016-07-14,sh.603939,33.7200,33.9900,32.9500,33.1400,33.8600,1522466,50822138.0000,3,0.975890,1,-2.126400,56.683885,3.488964,-21.958837,7.243853,0
2016-07-15,sh.603939,33.2000,33.7500,33.0100,33.1500,33.1400,894022,29750861.0000,3,0.573062,1,0.030200,56.700989,3.490017,-21.965464,7.246038,0
2016-07-18,sh.603939,33.4400,33.4400,33.0000,33.0800,33.1500,651345,21569538.0000,3,0.417507,1,-0.211200,56.581259,3.482647,-21.919081,7.230738,0
2016-07-19,sh.603939,33.0000,33.2400,32.3800,33.1600,33.0800,964936,31621445.0000,3,0.618517,1,0.241800,56.718094,3.491069,-21.972090,7.248224,0
2016-07-20,sh.603939,33.1200,33.6000,32.8200,33.5400,33.1600,1105720,36929186.0000,3,0.708759,1,1.146000,57.368060,3.531076,-22.223881,7.331286,0
2016-07-21,sh.603939,33.6000,34.5000,33.4600,33.4700,33.5400,1595941,54244907.0000,3,1.022987,1,-0.208700,64.886447,3.993842,-25.136438,8.292090,0
2016-07-22,sh.603939,33.4500,33.8300,33.0500,33.3900,33.4700,888656,29832423.0000,3,0.569622,1,-0.239000,64.731356,3.984296,-25.076357,8.272270,0
2016-07-25,sh.603939,33.4000,35.3000,33.4000,35.2600,33.3900,5393155,187180233.0000,3,3.456973,1,5.600500,68.356622,4.207435,-26.480753,8.735557,0
2016-07-26,sh.603939,35.5500,36.0800,34.6400,35.6300,35.2600,3191062,112752649.0000,3,2.045448,1,1.049400,69.073920,4.251586,-26.758628,8.827223,0
2016-07-27,sh.603939,35.8800,36.5500,33.2500,34.4100,35.6300,3457428,120835387.0000,3,2.216186,1,-3.424100,66.708774,4.106008,-25.842391,8.524972,0
2016-07-28,sh.603939,33.8500,36.0000,33.8500,35.5800,34.4100,2175889,76544043.0000,3,1.394729,1,3.400200,68.976988,4.245620,-26.721077,8.814836,0
2016-07-29,sh.603939,35.0200,35.8600,34.3000,34.8400,35.5800,1866421,65459702.0000,3,1.196362,1,-2.079800,67.542391,4.157318,-26.165327,8.631503,0
2016-08-01,sh.603939,34.5000,35.3500,33.0100,34.6800,34.8400,1632879,55412160.0000,3,1.046664,1,-0.459200,67.232208,4.138226,-26.045165,8.591863,0
2016-08-02,sh.603939,34.5500,34.9600,34.1700,34.7100,34.6800,869702,30045897.0000,3,0.557473,1,0.086500,67.290367,4.141806,-26.067695,8.599296,0
2016-08-03,sh.603939,34.7100,34.8500,33.5600,34.6600,34.7100,1936206,65917867.0000,3,1.241094,1,-0.144000,67.193435,4.135840,-26.030145,8.586909,0
2016-08-04,sh.603939,34.0800,34.5100,33.8000,34.0800,34.6600,659011,22473976.0000,3,0.422421,1,-1.673400,66.069021,4.066631,-25.594556,8.443215,0
2016-08-05,sh.603939,34.1000,34.4000,32.8000,32.8500,34.0800,1846797,62090825.0000,3,1.183784,1,-3.609200,63.684487,3.919860,-24.670809,8.138487,0
2016-08-08,sh.603939,32.6300,33.6100,32.0100,33.5800,32.8500,1323328,43628700.0000,3,0.848244,1,2.222200,65.099698,4.006968,-25.219049,8.319342,0
2016-08-09,sh.603939,33.3900,33.7500,33.2100,33.5800,33.5800,1307776,43796918.0000,3,0.838275,1,0.000000,65.099698,4.006968,-25.219049,8.319342,0
2016-08-10,sh.603939,33.3500,34.0800,33.3500,33.8100,33.5800,783546,26474796.0000,3,0.502247,1,0.684900,65.545587,4.034413,-25.391783,8.376324,0
2016-08-11,sh.603939,33.7000,34.2600,33.6800,33.9900,33.8100,1227473,41682272.0000,3,0.786801,1,0.532400,65.894543,4.055891,-25.526965,8.420918,0
2016-08-12,sh.603939,33.9800,34.1000,33.5000,34.0700,33.9900,517200,17508781.0000,3,0.331521,1,0.235400,66.049634,4.065437,-25.587046,8.440738,0
2016-08-15,sh.603939,34.2400,34.8900,33.8000,34.4900,34.0700,1084072,37273719.0000,3,0.694882,1,1.232800,66.863865,4.115554,-25.902472,8.544792,0
2016-08-16,sh.603939,34.3900,34.7000,33.9100,34.0600,34.4900,1029105,35153746.0000,3,0.659649,1,-1.246700,66.030248,4.064244,-25.579536,8.438260,0
2016-08-17,sh.603939,33.8100,34.7900,33.8100,34.6000,34.0600,1305281,44850589.0000,3,0.836676,1,1.585400,67.077116,4.128680,-25.985084,8.572044,0
2016-08-18,sh.603939,34.6400,34.7700,34.0800,34.1600,34.6000,716361,24522487.0000,3,0.459182,1,-1.271700,66.224112,4.076177,-25.654638,8.463035,0
2016-08-19,sh.603939,34.3300,34.9500,34.0500,34.8700,34.1600,1196306,41423062.0000,3,0.766823,1,2.078500,67.600550,4.160898,-26.187857,8.638935,0
2016-08-22,sh.603939,35.3000,35.3100,34.3000,34.8200,34.8700,1164407,40493832.0000,3,0.746376,1,-0.143400,67.503618,4.154932,-26.150307,8.626548,0
2016-08-23,sh.603939,34.5500,34.7800,33.9300,34.5900,34.8200,1306455,44898774.0000,3,0.837428,1,-0.660500,67.057730,4.127487,-25.977574,8.569566,0
2016-08-24,sh.603939,34.3800,34.6200,34.0700,34.2600,34.5900,523375,17931204.0000,3,0.335480,1,-0.954000,66.417977,4.088109,-25.729739,8.487810,0
2016-08-25,sh.603939,34.1800,34.2900,33.3700,33.4900,34.2600,901881,30300243.0000,3,0.578099,1,-2.247500,64.925220,3.996228,-25.151458,8.297045,0
2016-08-26,sh.603939,33.8600,34.1200,33.5400,34.0300,33.4900,604026,20467451.0000,3,0.387176,1,1.612400,61.662751,3.734157,-192.642863,8.099826,0
2016-08-29,sh.603939,34.1300,35.0000,33.8000,34.7000,34.0300,1053776,36320633.0000,3,0.675463,1,1.968900,62.876799,3.807677,-196.435714,8.259299,0
2016-08-30,sh.603939,34.7100,34.9400,34.4000,34.6800,34.7000,755622,26221908.0000,3,0.484348,1,-0.057600,62.840558,3.805483,-196.322494,8.254539,0
2016-08-31,sh.603939,34.7800,35.1000,34.6800,34.8200,34.6800,840959,29329472.0000,3,0.539049,1,0.403700,63.094240,3.820845,-197.115030,8.287862,0
2016-09-01,sh.603939,34.7100,35.4100,34.7100,35.1700,34.8200,1239518,43640124.0000,3,0.794522,1,1.005200,63.728444,3.859251,-199.096370,8.371169,0
2016-09-02,sh.603939,35.2500,35.2900,34.2900,34.4900,35.1700,754723,26195808.0000,3,0.483772,1,-1.933500,62.496276,3.784634,-195.246910,8.209315,0
2016-09-05,sh.603939,34.4500,34.8200,34.1100,34.7600,34.4900,598168,20631654.0000,3,0.383421,1,0.782826,62.985519,3.814261,-196.775372,8.273580,0
2016-09-06,sh.603939,34.8000,34.9800,34.3100,34.9600,34.7600,731266,25381782.0000,3,0.468736,1,0.575376,63.347922,3.836207,-197.907566,8.321184,0
2016-09-07,sh.603939,35.1000,35.6600,34.6000,34.7800,34.9600,2080867,73250430.0000,3,1.333821,1,-0.514875,63.021760,3.816456,-196.888591,8.278341,0
2016-09-08,sh.603939,34.7000,34.8000,34.3800,34.6200,34.7800,567769,19620913.0000,3,0.363936,1,-0.460034,62.731838,3.798899,-195.982836,8.240258,0
2016-09-09,sh.603939,34.9800,34.9800,34.2000,34.2500,34.6200,593986,20523509.0000,3,0.380741,1,-1.068743,62.061393,3.758298,-193.888277,8.152190,0
2016-09-12,sh.603939,34.0000,35.0000,33.0000,34.1600,34.2500,1255266,43143357.0000,3,0.804616,1,-0.262774,61.898312,3.748422,-193.378789,8.130768,0
2016-09-13,sh.603939,34.1800,34.5000,33.9100,34.1900,34.1600,391629,13357293.0000,3,0.251031,1,0.087818,61.952673,3.751714,-193.548618,8.137909,0
2016-09-14,sh.603939,34.2000,34.4400,33.4300,33.6500,34.1900,457830,15509635.0000,3,0.293466,1,-1.579401,60.974187,3.692459,-190.491694,8.009378,0
2016-09-19,sh.603939,33.6600,35.3300,33.5000,33.8700,33.6500,888753,30267440.0000,3,0.569684,1,0.653781,61.372829,3.716600,-191.737107,8.061742,0
2016-09-20,sh.603939,33.8000,33.9900,33.5100,33.6300,33.8700,510043,17178560.0000,3,0.326934,1,-0.708585,60.937946,3.690265,-190.378474,8.004618,0
2016-09-21,sh.603939,33.5500,33.8300,33.4100,33.5200,33.6300,390124,13090594.0000,3,0.250067,1,-0.327091,60.738625,3.678194,-189.755767,7.978435,0
2016-09-22,sh.603939,33.6800,33.9500,33.5000,33.5600,33.5200,514629,17332263.0000,3,0.329873,1,0.119334,60.811106,3.682583,-189.982206,7.987956,0
2016-09-23,sh.603939,33.7600,33.9700,33.5000,33.6800,33.5600,450396,15205021.0000,3,0.288701,1,0.357565,61.028547,3.695751,-190.661523,8.016519,0
2016-09-26,sh.603939,33.3300,33.6800,32.7500,32.8100,33.6800,516039,17149328.0000,3,0.330777,1,-2.583132,59.452097,3.600285,-185.736477,7.809441,0
2016-09-27,sh.603939,32.8000,33.3800,32.8000,33.2900,32.8100,620684,20562959.0000,3,0.397854,1,1.462967,60.321862,3.652956,-188.453744,7.923691,0
2016-09-28,sh.603939,33.5000,33.5000,32.9100,33.0900,33.2900,394524,13079596.0000,3,0.252887,1,-0.600783,59.959460,3.631010,-187.321550,7.876087,0
2016-09-29,sh.603939,33.1000,33.3300,32.8000,32.8500,33.0900,443489,14659184.0000,3,0.284273,1,-0.725300,59.524577,3.604674,-185.962916,7.818962,0
2016-09-30,sh.603939,32.8500,33.3000,32.8500,33.2900,32.8500,250593,8299103.0000,3,0.160628,1,1.339429,60.321862,3.652956,-188.453744,7.923691,0
2016-10-10,sh.603939,33.3000,33.9100,33.3000,33.8400,33.2900,518222,17449650.0000,3,0.332177,1,1.652145,61.318469,3.713308,-191.567278,8.054602,0
2016-10-11,sh.603939,34.0000,34.1500,33.6500,34.0500,33.8400,445240,15136504.0000,3,0.285396,1,0.620565,61.698991,3.736352,-192.756082,8.104586,0
2016-10-12,sh.603939,34.1000,34.1000,33.3300,33.9400,34.0500,336694,11414307.0000,3,0.215818,1,-0.323056,61.499670,3.724281,-192.133375,8.078404,0
2016-10-13,sh.603939,34.0000,34.0000,33.5200,33.8600,33.9400,348607,11769062.0000,3,0.223455,1,-0.235704,61.354709,3.715503,-191.680498,8.059362,0
2016-10-14,sh.603939,33.9000,33.9000,33.4700,33.6100,33.8600,484459,16293611.0000,3,0.310535,1,-0.738334,60.901706,3.688070,-190.265255,7.999857,0
2016-10-17,sh.603939,33.5800,34.8100,33.5800,33.9900,33.6100,1376133,47207648.0000,3,0.882091,1,1.130619,61.590271,3.729768,-192.416424,8.090305,0
2016-10-18,sh.603939,33.9900,34.4000,33.9000,34.1000,33.9900,893627,30425363.0000,3,0.572808,1,0.323615,61.789592,3.741838,-193.039131,8.116487,0
2016-10-19,sh.603939,34.0000,34.3500,33.5000,33.6700,34.1000,681919,23089082.0000,3,0.437105,1,-1.260998,61.010427,3.694654,-190.604913,8.014138,0
2016-10-20,sh.603939,33.6800,34.0800,33.4600,33.9600,33.6700,513716,17402049.0000,3,0.329288,1,0.861304,61.535910,3.726476,-192.246595,8.083164,0
2016-10-21,sh.603939,33.9700,33.9700,33.5100,33.6800,33.9600,404338,13620824.0000,3,0.259178,1,-0.824496,61.028547,3.695751,-190.661523,8.016519,0
2016-10-24,sh.603939,33.6800,33.8600,33.3100,33.6500,33.6800,1259046,42178819.0000,3,0.807039,1,-0.089070,60.974187,3.692459,-190.491694,8.009378,0
2016-10-25,sh.603939,33.7800,33.7800,33.3000,33.4500,33.6500,696722,23359299.0000,3,0.446594,1,-0.594356,60.611784,3.670513,-189.359499,7.961774,0
2016-10-26,sh.603939,33.5900,33.6800,32.8500,32.9800,33.4500,1425276,47343875.0000,3,0.913592,1,-1.405086,59.760139,3.618939,-186.698843,7.849904,0
2016-10-27,sh.603939,32.9800,33.2000,32.5000,32.5700,32.9800,1082965,35525890.0000,3,0.694173,1,-1.243177,59.017214,3.573949,-184.377844,7.752316,0
2016-10-28,sh.603939,32.5700,33.4800,32.5700,33.3700,32.5700,1591987,52808968.0000,3,1.020452,1,2.456246,57.622703,3.419438,69.193657,4.178594,0
2016-10-31,sh.603939,33.2000,33.6000,33.1300,33.4400,33.3700,806600,26935049.0000,3,0.517025,1,0.209768,57.743578,3.426611,69.338804,4.187359,0
2016-11-01,sh.603939,33.4300,33.7000,33.2600,33.4800,33.4400,909988,30440369.0000,3,0.583296,1,0.119620,57.812649,3.430710,69.421745,4.192368,0
2016-11-02,sh.603939,33.5000,33.7800,33.2500,33.4000,33.4800,1165005,39035943.0000,3,0.746760,1,-0.238943,57.674507,3.422512,69.255863,4.182351,0
2016-11-03,sh.603939,33.6000,33.6000,32.5200,32.9800,33.4000,2331615,76712667.0000,3,1.494548,1,-1.257491,56.949259,3.379474,68.384981,4.129758,0
2016-11-04,sh.603939,32.6600,33.2000,32.4600,33.1000,32.9800,1934487,63333152.0000,3,1.239992,1,0.363854,57.156472,3.391771,68.633804,4.144785,0
2016-11-07,sh.603939,32.9100,33.0700,32.5700,32.7700,33.1000,965856,31639588.0000,3,0.619107,1,-0.996973,56.586634,3.357956,67.949540,4.103462,0
2016-11-08,sh.603939,32.7700,32.9500,32.4800,32.5700,32.7700,1248241,40691596.0000,3,0.800113,1,-0.610317,56.241278,3.337462,67.534834,4.078418,0
2016-11-09,sh.603939,32.6600,32.6800,31.7200,32.1900,32.5700,1030364,33239373.0000,3,0.660456,1,-1.166721,55.585101,3.298523,66.746893,4.030834,0
2016-11-10,sh.603939,32.3800,32.8000,32.3300,32.8000,32.1900,1328560,43268813.0000,3,0.851597,1,1.895000,56.638438,3.361030,68.011746,4.107219,0
2016-11-11,sh.603939,32.7800,32.7800,32.0800,32.3600,32.8000,1404544,45453939.0000,3,0.900303,1,-1.341459,55.878654,3.315943,67.099393,4.052122,0
2016-11-14,sh.603939,32.2500,32.7400,32.2500,32.5800,32.3600,1581293,51498542.0000,3,1.013597,1,0.679855,56.258546,3.338486,67.555569,4.079670,0
2016-11-15,sh.603939,33.0000,33.0500,32.4000,32.5600,32.5800,825055,26866130.0000,3,0.528854,1,-0.061389,56.224010,3.336437,67.514099,4.077166,0
2016-11-16,sh.603939,32.5700,32.8300,32.4200,32.6700,32.5600,1231243,40216811.0000,3,0.789218,1,0.337828,56.413956,3.347709,67.742187,4.090940,0
2016-11-17,sh.603939,32.8100,33.0900,32.6800,32.7200,32.6700,1609287,52898351.0000,3,1.031541,1,0.153055,56.500295,3.352832,67.845863,4.097201,0
2016-11-18,sh.603939,32.6200,32.9500,32.5000,32.5400,32.7200,762289,24927069.0000,3,0.488622,1,-0.550123,56.189475,3.334387,67.472628,4.074661,0
2016-11-21,sh.603939,32.4800,32.9700,32.3000,32.8000,32.5400,1222069,40022057.0000,3,0.783337,1,0.799011,56.638438,3.361030,68.011746,4.107219,0
2016-11-22,sh.603939,32.7500,33.2200,32.7000,33.1900,32.8000,1451946,48017926.0000,3,0.930687,1,1.189023,57.311883,3.400993,68.820422,4.156054,0
2016-11-23,sh.603939,33.3000,33.4900,33.0800,33.1700,33.1900,1438091,47852876.0000,3,0.921806,1,-0.060260,57.277347,3.398944,68.778951,4.153550,0
2016-11-24,sh.603939,33.2000,33.5800,33.0000,33.0600,33.1700,1016959,33872312.0000,3,0.651863,1,-0.331615,57.087401,3.387672,68.550863,4.139776,0
2016-11-25,sh.603939,33.0000,33.1800,32.6200,33.0600,33.0600,846867,27819896.0000,3,0.542836,1,0.000000,57.087401,3.387672,68.550863,4.139776,0
2016-11-28,sh.603939,33.1900,33.8000,33.1900,33.6200,33.0600,1508335,50660504.0000,3,0.966832,1,1.693882,58.054399,3.445056,69.712039,4.209899,0
2016-11-29,sh.603939,33.3600,33.6200,32.8600,33.0100,33.6200,927865,30769045.0000,3,0.594755,1,-1.814398,57.001062,3.382549,68.447187,4.133515,0
2016-11-30,sh.603939,32.9300,33.1000,32.3600,32.4600,33.0100,1053840,34375410.0000,3,0.675504,1,-1.666160,56.051332,3.326190,67.306746,4.064644,0
2016-12-01,sh.603939,32.3600,32.8600,32.1800,32.8000,32.4600,1260265,40996944.0000,3,0.807821,1,1.047444,56.638438,3.361030,68.011746,4.107219,0
2016-12-02,sh.603939,32.8000,32.9800,31.9700,32.0200,32.8000,1638208,52863036.0000,3,1.050079,1,-2.378045,55.291548,3.281103,66.394393,4.009547,0
2016-12-05,sh.603939,31.8500,32.2000,31.7500,32.0700,32.0200,957547,30666239.0000,3,0.613781,1,0.156150,55.377887,3.286226,66.498070,4.015808,0
2016-12-06,sh.603939,32.0800,32.7500,31.9200,32.2300,32.0700,854052,27667689.0000,3,0.547441,1,0.498908,55.654172,3.302622,66.829834,4.035843,0
2016-12-07,sh.603939,32.3000,32.5200,32.0100,32.4400,32.2300,526421,16966892.0000,3,0.337432,1,0.651564,56.016796,3.324140,67.265275,4.062139,0
2016-12-08,sh.603939,32.4400,32.5200,32.0200,32.0700,32.4400,413500,13326845.0000,3,0.265051,1,-1.140564,55.377887,3.286226,66.498070,4.015808,0
2016-12-09,sh.603939,32.0800,32.4500,31.9900,32.4300,32.0700,651505,20943608.0000,3,0.417610,1,1.122546,55.999529,3.323116,67.244540,4.060887,0
2016-12-12,sh.603939,32.3000,32.4300,30.7700,30.8300,32.4300,1279853,40222240.0000,3,0.820377,1,-4.933704,53.236678,3.159163,63.926894,3.860535,0
2016-12-13,sh.603939,30.8300,30.8600,30.1800,30.5000,30.8300,1213151,37091639.0000,3,0.777621,1,-1.070386,52.666840,3.125348,63.242629,3.819212,0
2016-12-14,sh.603939,30.5000,30.5000,29.8300,29.9700,30.5000,843880,25343092.0000,3,0.540921,1,-1.737707,51.751646,3.071039,62.143659,3.752846,0
2016-12-15,sh.603939,29.9600,30.3300,29.6100,30.2400,29.9700,688467,20672247.0000,3,0.441302,1,0.900902,52.217877,3.098706,62.703512,3.786655,0
2016-12-16,sh.603939,30.3800,30.4500,30.0300,30.2400,30.2400,520091,15700701.0000,3,0.333375,1,0.000000,52.217877,3.098706,62.703512,3.786655,0
2016-12-19,sh.603939,30.4000,30.4500,29.7100,29.8100,30.2400,499790,14966130.0000,3,0.320362,1,-1.421959,51.475361,3.054643,61.811894,3.732810,0
2016-12-20,sh.603939,29.9500,29.9500,29.6900,29.8700,29.8100,356929,10638831.0000,3,0.228789,1,0.201279,51.578968,3.060791,61.936306,3.740324,0
2016-12-21,sh.603939,29.9000,30.2000,29.9000,30.1300,29.8700,330025,9926416.0000,3,0.211544,1,0.870433,52.027931,3.087434,62.475424,3.772881,0
2016-12-22,sh.603939,30.1400,31.5000,30.1400,30.5000,30.1300,625716,19087545.0000,3,0.401079,1,1.228015,52.666840,3.125348,63.242629,3.819212,0
2016-12-23,sh.603939,30.2700,30.4400,29.7700,29.9900,30.5000,561495,16844458.0000,3,0.359914,1,-1.672132,51.786181,3.073088,62.185130,3.755350,0
2016-12-26,sh.603939,29.9800,29.9800,28.8900,29.5100,29.9900,739833,21650917.0000,3,0.474228,1,-1.600532,50.957326,3.023902,61.189836,3.695244,0
2016-12-27,sh.603939,29.5700,30.2800,29.3000,30.0000,29.5100,607271,18106696.0000,3,0.389256,1,1.660453,51.803449,3.074113,62.205865,3.756602,0
2016-12-28,sh.603939,30.0900,30.0900,29.4800,29.5300,30.0000,553992,16429620.0000,3,0.355105,1,-1.566664,50.991862,3.025952,61.231306,3.697749,0
2016-12-29,sh.603939,29.7000,29.7600,29.3300,29.5000,29.5300,277215,8187299.0000,3,0.177693,1,-0.101594,50.940058,3.022877,61.169101,3.693992,0
2016-12-30,sh.603939,29.7000,29.7900,29.1200,29.6400,29.5000,606240,17835130.0000,3,0.388595,1,0.474574,51.181808,3.037223,61.459395,3.711523,0
2017-01-03,sh.603939,29.6100,29.8400,29.4000,29.6900,29.6400,737659,21868584.0000,3,0.472834,1,0.168695,51.268147,3.042347,61.563071,3.717784,0
2017-01-04,sh.603939,29.7100,29.8400,29.4600,29.7200,29.6900,918547,27263312.0000,3,0.588782,1,0.101040,51.319950,3.045421,61.625277,3.721541,0
2017-01-05,sh.603939,29.8000,29.9400,29.5800,29.7800,29.7200,825973,24590919.0000,3,0.529443,1,0.201889,51.423557,3.051569,61.749689,3.729054,0
2017-01-06,sh.603939,29.7800,29.8000,29.3300,29.4000,29.7800,774477,22840807.0000,3,0.496434,1,-1.276028,50.767380,3.012630,60.961748,3.681470,0
2017-01-09,sh.603939,29.3700,29.7500,29.1500,29.7100,29.4000,784574,23240244.0000,3,0.502906,1,1.054420,51.302683,3.044396,61.604542,3.720288,0
2017-01-10,sh.603939,29.7200,29.8900,29.0800,29.1600,29.7100,1242392,36617689.0000,3,0.796364,1,-1.851226,50.352953,2.988037,60.464101,3.651417,0
2017-01-11,sh.603939,29.0800,29.2800,28.9000,28.9600,29.1600,811963,23589248.0000,3,0.520462,1,-0.685874,50.007596,2.967543,60.049395,3.626373,0
2017-01-12,sh.603939,28.9500,29.0200,28.5600,28.5900,28.9600,747751,21506413.0000,3,0.479303,1,-1.277621,49.368687,2.929629,59.282189,3.580042,0
2017-01-13,sh.603939,28.5700,28.7000,27.6500,27.6900,28.5900,1220162,34239238.0000,3,0.782115,1,-3.147953,47.814584,2.837406,57.416013,3.467344,0
2017-01-16,sh.603939,27.7300,27.7300,26.3300,26.9500,27.6900,1924881,52431662.0000,3,1.233835,1,-2.672444,46.536765,2.761578,55.881602,3.374681,0
2017-01-17,sh.603939,26.9500,27.0800,26.5500,27.0600,26.9500,1431758,38397147.0000,3,0.917747,1,0.408158,46.726711,2.772850,56.109690,3.388455,0
2017-01-18,sh.603939,27.0600,27.1900,26.7000,27.0000,27.0600,960152,25937612.0000,3,0.615450,1,-0.221727,46.623104,2.766701,55.985278,3.380942,0
2017-01-19,sh.603939,26.6800,26.9900,26.6800,26.7600,27.0000,1023388,27420470.0000,3,0.655984,1,-0.888888,46.208677,2.742108,55.487632,3.350889,0
2017-01-20,sh.603939,26.7700,27.6000,26.7600,27.5200,26.7600,1057247,28800835.0000,3,0.677688,1,2.840060,47.521031,2.819986,57.063513,3.446056,0
2017-01-23,sh.603939,27.5900,28.0900,27.5000,28.0400,27.5200,1045756,29153313.0000,3,0.670322,1,1.889536,48.418957,2.873271,58.141748,3.511171,0
2017-01-24,sh.603939,28.0400,28.2500,27.6000,27.6300,28.0400,676675,18827713.0000,3,0.433744,1,-1.462203,47.710977,2.831258,57.291602,3.459831,0
2017-01-25,sh.603939,27.4800,28.2000,27.3100,28.0300,27.6300,715937,19968018.0000,3,0.458910,1,1.447707,48.401689,2.872246,58.121013,3.509919,0
2017-01-26,sh.603939,28.0500,28.5000,28.0500,28.3500,28.0300,363551,10278743.0000,3,0.233034,1,1.141633,48.954260,2.905036,58.784542,3.549989,0
2017-02-03,sh.603939,28.4300,28.5500,27.8500,27.9000,28.3500,640183,17924094.0000,3,0.410353,1,-1.587304,48.177208,2.858925,57.851454,3.493640,0
2017-02-06,sh.603939,27.9800,28.1000,27.6500,27.9800,27.9000,919402,25603506.0000,3,0.589330,1,0.286738,48.315350,2.867122,58.017337,3.503658,0
2017-02-07,sh.603939,27.9800,28.3000,27.7500,28.2900,27.9800,500305,14028293.0000,3,0.320692,1,1.107939,48.850653,2.898888,58.660131,3.542476,0
2017-02-08,sh.603939,28.3000,28.5500,28.0100,28.4800,28.2900,489762,13825556.0000,3,0.313934,1,0.671610,49.178741,2.918358,59.054101,3.566268,0
2017-02-09,sh.603939,28.7300,29.4500,28.7300,28.9000,28.4800,1988288,58060293.0000,3,1.274478,1,1.474719,49.903989,2.961395,59.924983,3.618860,0
2017-02-10,sh.603939,29.0000,29.5000,28.6800,29.0000,28.9000,1267028,36819173.0000,3,0.812156,1,0.346022,50.076668,2.971642,60.132336,3.631382,0
2017-02-13,sh.603939,29.0000,29.3700,28.7600,29.2400,29.0000,1451409,42220810.0000,3,0.930343,1,0.827585,50.491095,2.996235,60.629983,3.661435,0
2017-02-14,sh.603939,29.2700,29.8800,29.2000,29.7400,29.2400,1339873,39687933.0000,3,0.858849,1,1.709986,51.354486,3.047470,61.666747,3.724045,0
2017-02-15,sh.603939,30.0000,30.0000,28.9900,29.1000,29.7400,969676,28549661.0000,3,0.621555,1,-2.151982,50.249346,2.981889,60.339689,3.643904,0
2017-02-16,sh.603939,29.0000,29.3000,28.8800,29.0700,29.1000,439633,12779667.0000,3,0.281802,1,-0.103095,50.197542,2.978815,60.277483,3.640148,0
2017-02-17,sh.603939,29.1000,29.1000,28.7500,29.0100,29.0700,494228,14301234.0000,3,0.316797,1,-0.206397,50.093935,2.972667,60.153071,3.632634,0
2017-02-20,sh.603939,29.0100,29.0100,28.3500,28.6900,29.0100,1060210,30224042.0000,3,0.679587,1,-1.103067,49.541365,2.939876,59.489542,3.592564,0
2017-02-21,sh.603939,28.6600,28.9000,28.2800,28.8400,28.6900,1165430,33346278.0000,3,0.747032,1,0.522829,49.800383,2.955247,59.800572,3.611347,0
2017-02-22,sh.603939,28.7700,28.8600,28.3500,28.5200,28.8400,1362132,38885010.0000,3,0.873117,1,-1.109569,49.247812,2.922456,59.137042,3.571277,0
2017-02-23,sh.603939,28.5600,29.4400,28.5000,29.1900,28.5200,1755551,50838151.0000,3,1.125295,1,2.349229,50.404756,2.991112,60.526307,3.655174,0
2017-02-24,sh.603939,29.4800,29.4800,29.1000,29.2200,29.1900,929438,27145525.0000,3,0.595763,1,0.102771,50.456560,2.994186,60.588512,3.658931,0
2017-02-27,sh.603939,29.2100,29.6800,28.9800,29.5900,29.2200,969502,28346665.0000,3,0.621444,1,1.266259,51.095469,3.032100,61.355718,3.705262,0
2017-02-28,sh.603939,29.6500,29.7800,29.1200,29.1900,29.5900,823227,24123543.0000,3,0.527683,1,-1.351807,50.404756,2.991112,60.526307,3.655174,0
2017-03-01,sh.603939,29.2300,29.4900,28.8500,29.2600,29.1900,948853,27803162.0000,3,0.608208,1,0.239807,50.525631,2.998285,60.671454,3.663939,0
2017-03-02,sh.603939,29.3100,29.3100,28.8600,28.9900,29.2600,456711,13272492.0000,3,0.292748,1,-0.922763,50.059400,2.970618,60.111601,3.630130,0
2017-03-03,sh.603939,29.1300,29.4100,28.4000,29.1500,28.9900,438426,12752756.0000,3,0.281028,1,0.551914,50.335685,2.987013,60.443365,3.650165,0
2017-03-06,sh.603939,29.0100,29.5800,29.0100,29.4400,29.1500,793706,23319567.0000,3,0.508760,1,0.994857,50.836452,3.016729,61.044689,3.686479,0
2017-03-07,sh.603939,29.5500,29.7400,29.2000,29.6600,29.4400,754835,22259138.0000,3,0.483844,1,0.747280,51.216343,3.039273,61.500865,3.714027,0
2017-03-08,sh.603939,29.6200,31.4800,29.3600,30.3800,29.6600,3111373,95025193.0000,3,1.994368,1,2.427509,52.459626,3.113051,62.993806,3.804186,0
2017-03-09,sh.603939,30.0000,30.0500,29.3700,29.5000,30.3800,1332128,39625963.0000,3,0.853884,1,-2.896640,50.940058,3.022877,61.169101,3.693992,0
2017-03-10,sh.603939,29.4000,29.7400,29.2000,29.2300,29.5000,680499,20006099.0000,3,0.436195,1,-0.915256,50.473827,2.995210,60.609248,3.660183,0
2017-03-13,sh.603939,29.0500,29.4700,29.0300,29.4500,29.2300,743340,21707091.0000,3,0.476476,1,0.752656,50.853719,3.017754,61.065424,3.687731,0
2017-03-14,sh.603939,29.4400,29.4400,29.0400,29.1600,29.4500,844322,24630207.0000,3,0.541204,1,-0.984723,50.352953,2.988037,60.464101,3.651417,0
2017-03-15,sh.603939,29.0000,29.2000,29.0000,29.0800,29.1600,396600,11529665.0000,3,0.254218,1,-0.274348,50.214810,2.979840,60.298218,3.641400,0
2017-03-16,sh.603939,29.0600,29.4700,29.0200,29.3500,29.0800,722822,21175175.0000,3,0.463324,1,0.928475,50.681041,3.007507,60.858071,3.675209,0
2017-03-17,sh.603939,29.3200,29.9300,29.3000,29.4300,29.3500,1121110,33223415.0000,3,0.718623,1,0.272572,50.819184,3.015704,61.023954,3.685227,0
2017-03-20,sh.603939,29.4300,29.8700,29.2600,29.6200,29.4300,1038861,30680910.0000,3,0.665902,1,0.645602,51.147272,3.035174,61.417924,3.709019,0
2017-03-21,sh.603939,29.6800,29.6800,29.4000,29.6500,29.6200,1121140,33132733.0000,3,0.718643,1,0.101279,51.199076,3.038248,61.480130,3.712775,0
2017-03-22,sh.603939,29.5500,29.6500,28.9100,29.0400,29.6500,1516722,44328199.0000,3,0.972208,1,-2.057331,50.145739,2.975741,60.215277,3.636391,0
2017-03-23,sh.603939,29.1000,29.2500,28.5000,29.0000,29.0400,814076,23543689.0000,3,0.521817,1,-0.137744,50.076668,2.971642,60.132336,3.631382,0
2017-03-24,sh.603939,29.0000,29.9400,29.0000,29.9100,29.0000,1792110,52844054.0000,3,1.148730,1,3.137930,51.648039,3.064890,62.019247,3.745332,0
2017-03-27,sh.603939,29.9200,30.1800,29.7500,29.8500,29.9100,1039121,31143310.0000,3,0.666069,1,-0.200600,51.544432,3.058742,61.894836,3.737819,0
2017-03-28,sh.603939,29.8200,29.9800,29.4500,29.5700,29.8500,589331,17447865.0000,3,0.377757,1,-0.938026,51.060933,3.030050,61.314248,3.702758,0
2017-03-29,sh.603939,29.7000,29.8600,29.4800,29.7400,29.5700,745098,22142732.0000,3,0.477602,1,0.574907,51.354486,3.047470,61.666747,3.724045,0
2017-03-30,sh.603939,29.5500,29.7400,29.0800,29.1200,29.7400,814903,23948615.0000,3,0.522347,1,-2.084731,50.283881,2.983939,60.381160,3.646409,0
2017-03-31,sh.603939,29.1200,29.3800,29.0100,29.1800,29.1200,371600,10819410.0000,3,0.238193,1,0.206042,50.387488,2.990087,60.505571,3.653922,0
2017-04-05,sh.603939,29.1500,29.6300,29.0200,29.3400,29.1800,1093217,32012561.0000,3,0.700744,1,0.548320,50.663773,3.006482,60.837336,3.673957,0
2017-04-06,sh.603939,29.3200,29.5700,28.6800,28.7900,29.3400,1360373,39483693.0000,3,0.871989,1,-1.874571,49.714043,2.950123,59.696895,3.605086,0
2017-04-07,sh.603939,28.8500,28.9100,28.6400,28.8300,28.7900,670832,19278270.0000,3,0.429998,1,0.138934,49.783115,2.954222,59.779836,3.610095,0
2017-04-10,sh.603939,28.8300,28.8300,28.1200,28.1600,28.8300,986992,27956370.0000,3,0.632655,1,-2.323968,48.626171,2.885567,58.390572,3.526197,0
2017-04-11,sh.603939,28.1100,28.3500,27.9900,28.2800,28.1600,706077,19921644.0000,3,0.452590,1,0.426139,48.833385,2.897864,58.639395,3.541224,0
2017-04-12,sh.603939,28.3300,28.4700,28.1200,28.1600,28.2800,483437,13692169.0000,3,0.309880,1,-0.424331,48.626171,2.885567,58.390572,3.526197,0
2017-04-13,sh.603939,28.3800,28.6000,28.1600,28.5500,28.1600,591401,16789098.0000,3,0.379084,1,1.384941,49.299616,2.925531,59.199248,3.575033,0
2017-04-14,sh.603939,28.3100,28.6600,28.3100,28.5600,28.5500,480045,13664864.0000,3,0.307705,1,0.035027,49.316884,2.926555,59.219983,3.576285,0
2017-04-17,sh.603939,28.7000,28.7400,28.0800,28.3300,28.5600,669404,18967027.0000,3,0.429083,1,-0.805320,48.919724,2.902987,58.743072,3.547485,0
2017-04-18,sh.603939,28.3000,28.4600,28.1200,28.1800,28.3300,375046,10607427.0000,3,0.240402,1,-0.529473,48.660707,2.887616,58.432042,3.528702,0
2017-04-19,sh.603939,28.2800,28.3400,27.6500,27.9900,28.1800,661205,18558677.0000,3,0.423828,1,-0.674239,48.332618,2.868147,58.038072,3.504910,0
2017-04-20,sh.603939,28.0100,28.6500,27.9400,28.5900,27.9900,580991,16520311.0000,3,0.372411,1,2.143624,49.368687,2.929629,59.282189,3.580042,0
2017-04-21,sh.603939,28.8800,28.9000,28.4000,28.4600,28.5900,366160,10455938.0000,3,0.234706,1,-0.454708,49.144206,2.916308,59.012631,3.563763,0
2017-04-24,sh.603939,28.2800,28.6300,27.6100,28.5400,28.4600,574186,16269051.0000,3,0.368049,1,0.281103,49.282348,2.924506,59.178513,3.573781,0
2017-04-25,sh.603939,28.0000,28.5900,27.8100,28.5400,28.5400,958345,27043767.0000,3,0.614292,1,0.000000,46.233668,2.772459,-183.047068,3.494102,0
2017-04-26,sh.603939,28.6200,29.2700,28.5000,29.1600,28.5400,1195104,34445472.0000,3,0.766053,1,2.172386,47.238043,2.832687,-187.023564,3.570008,0
2017-04-27,sh.603939,29.0400,29.3300,28.9800,29.1000,29.1600,935777,27300385.0000,3,0.599826,1,-0.205760,47.140846,2.826859,-186.638742,3.562662,0
2017-04-28,sh.603939,29.2900,29.4000,28.7100,29.0100,29.1000,648300,18871270.0000,3,0.415556,1,-0.309279,43.664364,2.644771,162.963166,3.470400,0
2017-05-02,sh.603939,28.7000,29.6800,28.7000,29.3500,29.0100,1225441,35982892.0000,3,0.785499,1,1.172010,44.176114,2.675768,164.873110,3.511073,0
2017-05-03,sh.603939,29.0000,29.4900,29.0000,29.1100,29.3500,555086,16239154.0000,3,0.355806,1,-0.817716,43.814878,2.653888,163.524915,3.482362,0
2017-05-04,sh.603939,29.1000,29.9000,28.9000,29.7700,29.1100,2074813,61459925.0000,3,1.329940,1,2.267262,44.808277,2.714058,167.232453,3.561317,0
2017-05-05,sh.603939,29.6100,29.9700,29.3600,29.5700,29.7700,798029,23639029.0000,3,0.511531,1,-0.671820,44.507247,2.695825,166.108957,3.537391,0
2017-05-08,sh.603939,29.7500,29.7500,28.8000,28.8600,29.5700,795800,23355898.0000,3,0.510102,1,-2.401079,43.438591,2.631096,162.120544,3.452455,0
2017-05-09,sh.603939,28.7800,28.9900,28.1000,28.9000,28.8600,1102399,31405878.0000,3,0.706630,1,0.138597,43.498797,2.634743,162.345243,3.457241,0
2017-05-10,sh.603939,28.8000,28.9400,28.2800,28.4400,28.9000,561325,16139446.0000,3,0.359805,1,-1.591692,42.806429,2.592806,159.761201,3.402212,0
2017-05-11,sh.603939,28.3900,28.7900,27.2500,27.8600,28.4400,677329,18905317.0000,3,0.434163,1,-2.039381,41.933443,2.539928,156.503062,3.332828,0
2017-05-12,sh.603939,27.8400,27.9400,27.5000,27.5300,27.8600,380376,10536796.0000,3,0.243818,1,-1.184494,41.436744,2.509843,154.649292,3.293351,0
2017-05-15,sh.603939,27.5400,28.5100,27.5400,28.0600,27.5300,684935,19228736.0000,3,0.439038,1,1.925168,42.234472,2.558162,157.626558,3.356753,0
2017-05-16,sh.603939,27.9000,28.6700,27.9000,28.6500,28.0600,524781,14936215.0000,3,0.336381,1,2.102638,43.122510,2.611951,160.940873,3.427334,0
2017-05-17,sh.603939,28.6500,29.2500,28.5600,29.1900,28.6500,692258,20075903.0000,3,0.443732,1,1.884820,43.935290,2.661181,163.974313,3.491933,0
2017-05-18,sh.603939,28.9000,29.4900,28.9000,29.0400,29.1900,568335,16589849.0000,3,0.364299,1,-0.513873,43.709518,2.647506,163.131691,3.473988,0
2017-05-19,sh.603939,29.3900,29.3900,28.8100,28.9500,29.0400,348093,10106097.0000,3,0.223125,1,-0.309918,43.574055,2.639301,162.626117,3.463222,0
2017-05-22,sh.603939,29.0000,29.4400,28.7700,29.3100,28.9500,679314,19855809.0000,3,0.435435,1,1.243519,44.115908,2.672121,164.648411,3.506288,0
2017-05-23,sh.603939,29.0000,29.4600,28.8000,29.3000,29.3100,1121789,32776557.0000,3,0.719059,1,-0.034119,44.100857,2.671210,164.592236,3.505092,0
2017-05-24,sh.603939,29.0200,29.9800,28.8200,29.9200,29.3000,1490685,44201677.0000,3,0.955518,1,2.116044,45.034049,2.727734,168.075075,3.579261,0
2017-05-25,sh.603939,29.8000,30.3000,29.7000,30.0000,29.9200,1614927,48552027.0000,3,1.035157,1,0.267379,45.154461,2.735027,168.524474,3.588831,0
2017-05-26,sh.603939,30.0000,30.2000,29.7400,29.8300,30.0000,578341,17259428.0000,3,0.370712,1,-0.566667,44.898586,2.719528,167.569502,3.568494,0
2017-05-31,sh.603939,29.9000,30.6000,29.8900,30.4500,29.8300,916508,27851771.0000,3,0.587475,1,2.078447,45.831778,2.776052,171.052341,3.642663,0
2017-06-01,sh.603939,30.3000,31.0000,29.6900,29.7000,30.4500,1520091,46133759.0000,3,0.974367,1,-2.463054,44.702916,2.707677,166.839229,3.552943,0
2017-06-02,sh.603939,29.6100,30.4300,29.3200,30.0900,29.7000,1044303,31215662.0000,3,0.669391,1,1.313129,45.289924,2.743232,169.030047,3.599598,0
2017-06-05,sh.603939,30.0900,30.8700,30.0700,30.2800,30.0900,1125800,34337052.0000,3,0.721630,1,0.631441,45.575902,2.760554,170.097369,3.622327,0
2017-06-06,sh.603939,30.2800,30.4400,30.1000,30.1900,30.2800,413277,12489693.0000,3,0.264908,1,-0.297226,45.440439,2.752349,169.591796,3.611560,0
2017-06-07,sh.603939,30.1000,30.8800,30.1000,30.6300,30.1900,839661,25720864.0000,3,0.538217,1,1.457432,46.102705,2.792462,172.063488,3.664196,0
2017-06-08,sh.603939,30.8800,31.0000,30.6500,30.9300,30.6300,795252,24578342.0000,3,0.509751,1,0.979436,46.554249,2.819813,173.748733,3.700085,0
2017-06-09,sh.603939,30.6400,30.9000,30.4000,30.8400,30.6300,665440,20436477.0000,3,0.426542,1,0.685606,46.418786,2.811608,173.243159,3.689318,0
2017-06-12,sh.603939,30.8300,31.4500,30.5500,31.2100,30.8400,939714,29297956.0000,3,0.602350,1,1.199737,46.975691,2.845340,175.321628,3.733581,0
2017-06-13,sh.603939,31.2100,31.6600,30.9500,31.5700,31.2100,516006,16219929.0000,3,0.330756,1,1.153478,47.517544,2.878160,177.343921,3.776647,0
2017-06-14,sh.603939,31.5800,32.0600,31.1800,31.5600,31.5700,975149,30857711.0000,3,0.625063,1,-0.031676,47.502493,2.877248,177.287747,3.775450,0
2017-06-15,sh.603939,31.5600,31.5600,30.6200,30.9400,31.5600,973993,30158136.0000,3,0.624322,1,-1.964509,46.569301,2.820724,173.804908,3.701281,0
2017-06-16,sh.603939,30.9000,31.4400,30.7100,31.2600,30.9400,625883,19461857.0000,3,0.401186,1,1.034259,47.050948,2.849898,175.602502,3.739562,0
2017-06-19,sh.603939,31.2600,31.9400,31.0100,31.9200,31.2600,858837,27093261.0000,3,0.550508,1,2.111324,48.044346,2.910069,179.310040,3.818516,0
2017-06-20,sh.603939,31.9300,32.0800,31.0200,31.1700,31.9200,692763,21743486.0000,3,0.444056,1,-2.349624,46.915485,2.841693,175.096928,3.728795,0
2017-06-21,sh.603939,31.1200,31.1700,30.5200,31.0100,31.1700,691996,21273156.0000,3,0.443564,1,-0.513314,46.674661,2.827106,174.198131,3.709655,0
2017-06-22,sh.603939,30.9900,31.3500,30.5700,30.6100,31.0100,739149,22927254.0000,3,0.473789,1,-1.289905,46.072602,2.790639,171.951138,3.661804,0
2017-06-23,sh.603939,30.5000,30.9600,30.4500,30.8400,30.6100,507112,15582627.0000,3,0.325055,1,0.751387,46.418786,2.811608,173.243159,3.689318,0
2017-06-26,sh.603939,30.8400,31.5500,30.8100,31.4700,30.8400,605167,18966625.0000,3,0.387908,1,2.042799,47.367029,2.869043,176.782173,3.764684,0
2017-06-27,sh.603939,31.4000,31.7400,31.2000,31.3900,31.4700,280362,8827836.0000,3,0.179710,1,-0.254210,47.246618,2.861750,176.332775,3.755114,0
2017-06-28,sh.603939,31.5300,33.1500,30.5000,33.0400,31.3900,1175978,37646531.0000,3,0.753793,1,5.256456,49.730113,3.012176,185.601621,3.952499,0
2017-06-29,sh.603939,32.0000,33.0400,31.8000,32.4600,33.0400,873228,28407748.0000,3,0.559733,1,-1.755453,48.857127,2.959299,182.343481,3.883115,0
2017-06-30,sh.603939,32.4600,34.7000,32.0000,33.7000,32.4600,1531815,51409959.0000,3,0.981882,1,3.820091,50.723511,3.072347,189.309159,4.031454,0
2017-07-03,sh.603939,33.8800,34.6600,32.5000,33.0000,33.7000,2390394,79429442.0000,3,1.532225,1,-2.077153,49.669907,3.008530,185.376921,3.947714,0
2017-07-04,sh.603939,32.9900,32.9900,32.2400,32.3200,33.0000,802383,26097596.0000,3,0.514322,1,-2.060607,48.646406,2.946536,181.557033,3.866367,0
2017-07-05,sh.603939,32.3000,32.6200,31.6800,32.4800,32.3200,738906,23841679.0000,3,0.473633,1,0.495049,48.887230,2.961122,182.455831,3.885508,0
2017-07-06,sh.603939,32.4000,32.7100,31.9900,32.7000,32.4800,767664,24839661.0000,3,0.492067,1,0.677344,49.218362,2.981179,183.691677,3.911826,0
2017-07-07,sh.603939,32.5000,32.5000,32.0700,32.1300,32.7000,500117,16116020.0000,3,0.320571,1,-1.743118,48.360428,2.929214,180.489712,3.843638,0
2017-07-10,sh.603939,32.0500,32.4800,31.7000,32.4600,32.1300,512288,16545245.0000,3,0.328373,1,1.027071,48.857127,2.959299,182.343481,3.883115,0
2017-07-11,sh.603939,32.5800,33.5800,32.5300,32.6100,32.4600,1260500,41517923.0000,3,0.807971,1,0.462112,49.082899,2.972974,183.186103,3.901059,0
2017-07-12,sh.603939,32.5600,32.9000,31.7100,32.8800,32.6100,949902,30678107.0000,3,0.608880,1,0.827968,49.489289,2.997589,184.702824,3.933359,0
2017-07-13,sh.603939,32.6100,33.1200,32.3200,32.7100,32.8800,589726,19342952.0000,3,0.378010,1,-0.517038,49.233414,2.982091,183.747851,3.913022,0
2017-07-14,sh.603939,32.5000,33.3000,32.3500,33.0800,32.7100,613468,20193211.0000,3,0.393229,1,1.131161,49.790319,3.015823,185.826320,3.957284,0
2017-07-17,sh.603939,33.0400,33.5000,32.0000,32.6400,33.0800,1239325,40663836.0000,3,0.794398,1,-1.330116,49.128053,2.975709,183.354628,3.904648,0
2017-07-18,sh.603939,32.1500,32.5900,32.1000,32.3700,32.6400,649726,20964686.0000,3,0.416470,1,-0.827207,48.721663,2.951094,181.837907,3.872349,0
2017-07-19,sh.603939,32.1600,32.5600,32.0000,32.3700,32.3700,966660,31175109.0000,3,0.619622,1,0.000000,48.721663,2.951094,181.837907,3.872349,0
2017-07-20,sh.603939,32.3600,32.3600,31.2500,31.5700,32.3700,2070841,65317827.0000,3,1.327394,1,-2.471422,47.517544,2.878160,177.343921,3.776647,0
2017-07-21,sh.603939,31.6200,32.6300,31.0100,32.4100,31.5700,2307292,73484212.0000,3,1.478957,1,2.660754,48.781869,2.954741,182.062607,3.877134,0
2017-07-24,sh.603939,32.0100,32.9800,31.8000,32.4800,32.4100,740612,24013039.0000,3,0.474727,1,0.215982,48.887230,2.961122,182.455831,3.885508,0
2017-07-25,sh.603939,32.4000,32.4000,31.9700,32.2100,32.4800,1640955,52653832.0000,3,0.825834,1,-0.831282,48.480839,2.936507,180.939110,3.853208,0
2017-07-26,sh.603939,32.2300,32.4100,31.9700,32.1500,32.2100,444700,14253566.0000,3,0.223802,1,-0.186270,48.390531,2.931037,180.602061,3.846031,0
2017-07-27,sh.603939,32.1100,32.4900,31.3600,32.3800,32.1500,749156,24086793.0000,3,0.377024,1,0.715395,48.736715,2.952006,181.894082,3.873545,0
2017-07-28,sh.603939,32.4400,32.5500,31.9200,32.4900,32.3800,948034,30512849.0000,3,0.477112,1,0.339718,48.902281,2.962034,182.512005,3.886704,0
2017-07-31,sh.603939,32.2200,33.6500,32.1100,33.5500,32.4900,1700109,56011114.0000,3,0.855605,1,3.262535,50.497739,3.058672,188.466537,4.013509,0
2017-08-01,sh.603939,33.5800,33.6000,33.0000,33.2000,33.5500,782950,25988526.0000,3,0.394031,1,-1.043215,49.970937,3.026763,186.500418,3.971640,0
2017-08-02,sh.603939,33.2500,33.5500,33.1100,33.2800,33.2000,695141,23216150.0000,3,0.349840,1,0.240958,50.091349,3.034057,186.949816,3.981210,0
2017-08-03,sh.603939,33.6000,33.6000,32.8900,32.9600,33.2800,1203210,39945476.0000,3,0.605533,1,-0.961538,49.609701,3.004883,185.152222,3.942929,0
2017-08-04,sh.603939,33.0900,33.4000,32.3200,32.3900,32.9600,1110307,36211365.0000,3,0.558778,1,-1.729368,48.751766,2.952917,181.950257,3.874741,0
2017-08-07,sh.603939,32.0500,32.6100,31.8600,32.0000,32.3900,812500,26000024.0000,3,0.408902,1,-1.204073,48.164758,2.917362,179.759439,3.828086,0
2017-08-08,sh.603939,31.9000,32.2000,31.4800,31.5900,32.0000,1551337,49206889.0000,3,0.780733,1,-1.281250,47.547647,2.879983,177.456271,3.779039,0
2017-08-09,sh.603939,31.5000,31.9500,31.3000,31.8600,31.5900,1439749,45441658.0000,3,0.724575,1,0.854702,47.954037,2.904599,178.972991,3.811339,0
2017-08-10,sh.603939,31.5700,32.1500,31.5700,31.8500,31.8600,370400,11821153.0000,3,0.186409,1,-0.031388,47.938986,2.903687,178.916817,3.810142,0
2017-08-11,sh.603939,32.0000,32.0000,31.5000,31.6700,31.8500,338000,10732325.0000,3,0.170103,1,-0.565150,47.668059,2.887277,177.905670,3.788609,0
2017-08-14,sh.603939,31.4400,32.5800,31.4400,32.4800,31.6700,691594,22380380.0000,3,0.348055,1,2.557624,48.887230,2.961122,182.455831,3.885508,0
2017-08-15,sh.603939,32.4900,32.5700,32.1300,32.2400,32.4800,537487,17358524.0000,3,0.270498,1,-0.738910,48.525994,2.939242,181.107635,3.856797,0
2017-08-16,sh.603939,32.1500,32.8000,32.0600,32.4300,32.2400,920373,29858553.0000,3,0.463191,1,0.589326,48.811972,2.956564,182.174956,3.879526,0
2017-08-17,sh.603939,32.4300,33.0300,32.4200,32.8800,32.4300,744175,24341930.0000,3,0.374517,1,1.387606,49.489289,2.997589,184.702824,3.933359,0
2017-08-18,sh.603939,32.8800,34.5000,32.8000,34.0200,32.8800,2518454,85485687.0000,3,1.267449,1,3.467151,46.284404,2.931136,230.972811,4.101340,0
2017-08-21,sh.603939,34.0200,35.3800,33.5100,35.3000,34.0200,2209826,76835757.0000,3,1.112127,1,3.762489,48.025851,3.041419,239.663146,4.255652,0
2017-08-22,sh.603939,35.1500,35.8000,34.7400,35.0900,35.3000,1368618,48266805.0000,3,0.688777,1,-0.594898,47.740145,3.023326,238.237388,4.230335,0
2017-08-23,sh.603939,34.9900,35.4900,34.6300,35.0500,35.0900,693410,24251081.0000,3,0.348969,1,-0.113995,47.685725,3.019879,237.965815,4.225513,0
2017-08-24,sh.603939,35.0000,35.2900,34.7100,34.7500,35.0500,1027817,35926512.0000,3,0.517264,1,-0.855918,47.277573,2.994032,235.929018,4.189346,0
2017-08-25,sh.603939,34.7500,35.4500,34.5100,34.7000,34.7500,792927,27756446.0000,3,0.399052,1,-0.143883,47.209548,2.989724,235.589552,4.183318,0
2017-08-28,sh.603939,35.0000,35.5800,34.8100,35.2100,34.7000,1018948,35803331.0000,3,0.512800,1,1.469736,47.903406,3.033665,239.052107,4.244802,0
2017-08-29,sh.603939,35.2000,35.3800,34.7100,34.8600,35.2100,622062,21753736.0000,3,0.313062,1,-0.994031,47.427229,3.003509,236.675844,4.202607,0
2017-08-30,sh.603939,34.7300,35.3100,34.6000,34.8900,34.8600,1095475,38443194.0000,3,0.551314,1,0.086055,47.468044,3.006094,236.879523,4.206224,0
2017-08-31,sh.603939,34.9400,35.3000,34.5500,34.9000,34.8900,414200,14458955.0000,3,0.208452,1,0.028668,47.481649,3.006956,236.947417,4.207430,0
2017-09-01,sh.603939,34.7300,35.1800,34.2000,34.6800,34.9000,717159,24755409.0000,3,0.360921,1,-0.630376,47.182338,2.988001,235.453765,4.180907,0
2017-09-04,sh.603939,34.8600,35.2000,34.5200,34.9000,34.6800,593088,20689430.0000,3,0.298480,1,0.634375,47.481649,3.006956,236.947417,4.207430,0
2017-09-05,sh.603939,34.9900,36.0100,34.9400,36.0000,34.9000,1679628,60150287.0000,3,0.845297,1,3.151858,48.978205,3.101731,244.415673,4.340042,0
2017-09-06,sh.603939,36.0400,36.3000,35.5000,35.9000,36.0000,1417190,50927384.0000,3,0.713221,1,-0.277774,48.842155,3.093115,243.736741,4.327986,0
2017-09-07,sh.603939,35.8500,36.0000,35.5300,35.7500,35.9000,735200,26334607.0000,3,0.370000,1,-0.417832,48.638079,3.080191,242.718342,4.309903,0
2017-09-08,sh.603939,35.5900,35.9500,35.1200,35.1900,35.7500,700006,24853267.0000,3,0.352288,1,-1.566437,47.876196,3.031942,238.916321,4.242391,0
2017-09-11,sh.603939,35.2400,35.8800,34.8100,35.3400,35.1900,1125800,39736732.0000,3,0.566575,1,0.426262,48.080272,3.044866,239.934719,4.260475,0
2017-09-12,sh.603939,35.4100,35.4100,34.9000,35.0000,35.3400,683636,23953677.0000,3,0.344050,1,-0.962083,47.617700,3.015572,237.626349,4.219485,0
2017-09-13,sh.603939,35.1000,35.2900,34.6600,35.0000,35.0000,568081,19848423.0000,3,0.285895,1,0.000000,47.617700,3.015572,237.626349,4.219485,0
2017-09-14,sh.603939,34.9100,35.0000,34.4500,34.6100,35.0000,895973,31055403.0000,3,0.450911,1,-1.114284,47.087103,2.981969,234.978513,4.172468,0
2017-09-15,sh.603939,34.6600,35.0900,34.4700,34.8900,34.6100,894272,31111877.0000,3,0.450055,1,0.809011,47.468044,3.006094,236.879523,4.206224,0
2017-09-18,sh.603939,34.8000,35.5800,34.8000,35.3100,34.8900,803184,28377960.0000,3,0.404214,1,1.203789,48.039457,3.042281,239.731040,4.256858,0
2017-09-19,sh.603939,35.3900,35.6400,34.7100,35.4500,35.3100,804866,28391370.0000,3,0.405061,1,0.396487,48.229927,3.054343,240.681545,4.273736,0
2017-09-20,sh.603939,35.5000,36.5500,35.1000,36.5100,35.4500,1833055,65897178.0000,3,0.922512,1,2.990120,49.672063,3.145672,247.878229,4.401526,0
2017-09-21,sh.603939,36.4900,36.6900,35.8500,36.0600,36.5100,1374498,49861132.0000,3,0.691736,1,-1.232531,49.059836,3.106900,244.823033,4.347275,0
2017-09-22,sh.603939,36.0500,36.5800,35.7100,36.2400,36.0600,742115,26875575.0000,3,0.373480,1,0.499169,49.304727,3.122409,246.045111,4.368976,0
2017-09-25,sh.603939,36.2800,36.4800,34.8000,34.9000,36.2400,1522997,54137912.0000,3,0.766470,1,-3.697572,47.481649,3.006956,236.947417,4.207430,0
2017-09-26,sh.603939,34.9000,35.3300,34.7000,35.0700,34.9000,242900,8493280.0000,3,0.122243,1,0.487101,47.712935,3.021603,238.101602,4.227924,0
2017-09-27,sh.603939,34.9800,35.3500,34.8100,35.0600,35.0700,427471,14994226.0000,3,0.215131,1,-0.028510,47.699330,3.020741,238.033708,4.226719,0
2017-09-28,sh.603939,35.2800,35.2900,34.3800,34.8000,35.0600,523050,18227610.0000,3,0.263233,1,-0.741592,47.345599,2.998340,236.268484,4.195374,0
2017-09-29,sh.603939,34.7000,35.6300,34.6400,35.5800,34.8000,606038,21276188.0000,3,0.304997,1,2.241387,48.406793,3.065544,241.564157,4.289408,0
2017-10-09,sh.603939,35.9100,36.3800,35.4000,35.5500,35.5800,883239,31626817.0000,3,0.444503,1,-0.084324,48.365978,3.062959,241.360477,4.285792,0
2017-10-10,sh.603939,35.5600,35.9700,35.3500,35.7000,35.5500,1495637,53459982.0000,3,0.752701,1,0.421945,48.570054,3.075883,242.378876,4.303875,0
2017-10-11,sh.603939,35.7100,36.4800,35.7100,35.9500,35.7000,1407495,50727192.0000,3,0.708342,1,0.700280,48.910180,3.097423,244.076207,4.334014,0
2017-10-12,sh.603939,35.9300,36.6700,35.6600,36.5300,35.9500,1759189,63815251.0000,3,0.885337,1,1.613346,49.699273,3.147395,248.014015,4.403937,0
2017-10-13,sh.603939,36.3800,37.4000,36.3600,37.0000,36.5300,2157619,79748383.0000,3,1.085853,1,1.286617,50.338711,3.187890,251.204997,4.460599,0
2017-10-16,sh.603939,37.4400,37.4400,36.1000,36.2400,37.0000,1230004,44885923.0000,3,0.619017,1,-2.054049,49.304727,3.122409,246.045111,4.368976,0
2017-10-17,sh.603939,36.4300,37.5800,35.6500,37.5500,36.2400,1787314,65897119.0000,3,0.899492,1,3.614783,51.086989,3.235277,254.939126,4.526905,0
2017-10-18,sh.603939,37.7500,38.4900,37.3000,37.4700,37.5500,1781477,67318608.0000,3,0.896554,1,-0.213044,50.978149,3.228385,254.395980,4.517260,0
2017-10-19,sh.603939,37.5800,38.2900,37.1300,37.2000,37.4700,1094960,41258953.0000,3,0.551055,1,-0.720578,50.610812,3.205122,252.562862,4.484710,0
2017-10-20,sh.603939,36.8800,37.9800,36.6600,37.9700,37.2000,998639,37458449.0000,3,0.502580,1,2.069894,51.658402,3.271464,257.790642,4.577539,0
2017-10-23,sh.603939,38.0000,38.8500,37.9600,38.2800,37.9700,1528036,58504512.0000,3,0.769006,1,0.816427,52.080158,3.298174,259.895333,4.614911,0
2017-10-24,sh.603939,38.4000,39.4800,38.0900,39.0300,38.2800,1357403,52279260.0000,3,0.683133,1,1.959248,53.100538,3.362793,264.987326,4.705329,0
2017-10-25,sh.603939,39.2600,39.5500,38.6500,39.1700,39.0300,1099956,42909468.0000,3,0.553569,1,0.358697,53.291009,3.374855,265.937831,4.722207,0
2017-10-26,sh.603939,39.1900,39.5600,38.7100,38.8200,39.1700,1148648,45060009.0000,3,0.578074,1,-0.893537,52.814832,3.344700,263.561568,4.680012,0
2017-10-27,sh.603939,39.0700,40.5000,39.0100,40.2300,38.8200,1959652,78346970.0000,3,0.986223,1,3.632148,51.249188,3.256867,-125.995160,4.746829,0
2017-10-30,sh.603939,40.0000,41.8000,39.7100,41.1900,40.2300,2011918,82123386.0000,3,1.012527,1,2.386277,52.472136,3.334585,-129.001755,4.860101,0
2017-10-31,sh.603939,41.5000,42.5000,40.7800,42.1200,41.1900,1449184,60628787.0000,3,0.729323,1,2.257830,53.656868,3.409874,-131.914395,4.969834,0
2017-11-01,sh.603939,41.9100,42.1200,41.1900,41.9800,42.1200,1924336,80213743.0000,3,0.968450,1,-0.332382,53.478521,3.398540,-131.475933,4.953315,0
2017-11-02,sh.603939,41.5300,41.8900,40.0100,40.5400,41.9800,2541055,103388333.0000,3,1.278823,1,-3.430202,51.644098,3.281963,-126.966039,4.783406,0
2017-11-03,sh.603939,40.5000,40.7900,39.6000,39.9100,40.5400,1690046,67653780.0000,3,0.850540,1,-1.554023,50.841538,3.230961,-124.992961,4.709071,0
2017-11-06,sh.603939,40.2000,41.6200,39.1500,41.2700,39.9100,2102100,85073108.0000,3,1.057912,1,3.407669,52.574049,3.341061,-129.252305,4.869540,0
2017-11-07,sh.603939,41.2700,42.2000,40.9000,41.3100,41.2700,1895169,78423702.0000,3,0.953771,1,0.096925,52.625005,3.344299,-129.377580,4.874260,0
2017-11-08,sh.603939,41.7800,41.7800,40.3800,40.9500,41.3100,1162762,47581124.0000,3,0.585177,1,-0.871461,52.166399,3.315155,-128.250106,4.831783,0
2017-11-09,sh.603939,41.4200,41.4300,40.4200,41.2300,40.9500,992613,40674455.0000,3,0.499547,1,0.683758,52.523092,3.337823,-129.127030,4.864821,0
2017-11-10,sh.603939,41.4000,42.6800,41.1100,42.6300,41.2300,1523254,64047997.0000,3,0.766600,1,3.395589,54.306559,3.451162,-133.511649,5.030010,0
2017-11-13,sh.603939,42.8000,44.5900,42.5000,44.4900,42.6300,2205036,96582046.0000,3,1.109716,1,4.363126,56.676022,3.601740,-139.336929,5.249476,0
2017-11-14,sh.603939,44.2300,45.0000,43.2600,43.8700,44.4900,1722520,76177867.0000,3,0.866883,1,-1.393578,55.886201,3.551547,-137.395169,5.176320,0
2017-11-15,sh.603939,44.1300,44.1300,41.7100,41.8500,43.8700,2462025,103987257.0000,3,1.239050,1,-4.604514,53.312913,3.388016,-131.068790,4.937976,0
2017-11-16,sh.603939,41.2500,42.8700,41.2500,41.9900,41.8500,1196436,50405927.0000,3,0.602124,1,0.334536,53.491260,3.399350,-131.507252,4.954495,0
2017-11-17,sh.603939,42.2000,42.3000,40.8100,41.6500,41.9900,795310,32996244.0000,3,0.400251,1,-0.809717,53.058132,3.371825,-130.442416,4.914378,0
2017-11-20,sh.603939,41.2500,42.2200,40.2100,42.0600,41.6500,1389440,57670715.0000,3,0.699256,1,0.984393,53.580433,3.405017,-131.726483,4.962754,0
2017-11-21,sh.603939,42.0500,44.0000,41.3400,43.8600,42.0600,1648569,70607265.0000,3,0.829666,1,4.279599,55.873462,3.550738,-137.363850,5.175140,0
2017-11-22,sh.603939,44.2700,44.2700,42.1900,42.5400,43.8600,1379188,59241147.0000,3,0.694096,1,-3.009575,54.191908,3.443876,-133.229781,5.019391,0
2017-11-23,sh.603939,42.3600,42.5200,40.1100,40.1400,42.5400,1194600,49254591.0000,3,0.601200,1,-5.641752,51.134536,3.249581,-125.713291,4.736209,0
2017-11-24,sh.603939,39.9800,41.1900,39.9800,40.3900,40.1400,1421219,57403027.0000,3,0.715249,1,0.622820,51.453012,3.269820,-126.496259,4.765707,0
2017-11-27,sh.603939,40.3800,41.4900,39.4000,39.4600,40.3900,1108586,44765810.0000,3,0.557912,1,-2.302551,50.268281,3.194531,-123.583619,4.655975,0
2017-11-28,sh.603939,39.5200,40.4500,39.0200,39.9100,39.4600,1221102,48602713.0000,3,0.614537,1,1.140397,50.841538,3.230961,-124.992961,4.709071,0
2017-11-29,sh.603939,39.9200,40.6000,39.9000,40.4100,39.9100,943144,37970701.0000,3,0.474651,1,1.252819,51.478490,3.271439,-126.558896,4.768067,0
2017-11-30,sh.603939,40.2600,41.2900,40.0600,40.9500,40.4100,962474,39193102.0000,3,0.484379,1,1.336305,52.166399,3.315155,-128.250106,4.831783,0
2017-12-01,sh.603939,40.2100,41.3900,40.2000,41.1200,40.9500,593101,24362405.0000,3,0.298487,1,0.415136,52.382963,3.328918,-128.782524,4.851842,0
2017-12-04,sh.603939,40.7500,41.3100,40.4500,41.1700,41.1200,893299,36615744.0000,3,0.449566,1,0.121593,52.446658,3.332966,-128.939118,4.857741,0
2017-12-05,sh.603939,41.1500,41.3500,39.6000,39.7100,41.1700,1082165,43353011.0000,3,0.544615,1,-3.546270,50.586757,3.214770,-124.366587,4.685473,0
2017-12-06,sh.603939,39.5100,40.4900,39.2100,40.3800,39.7100,906662,36431662.0000,3,0.456291,1,1.687237,51.440273,3.269010,-126.464940,4.764527,0
2017-12-07,sh.603939,40.3800,42.6600,40.3800,42.0500,40.3800,1927346,80381558.0000,3,0.969965,1,4.135706,53.567694,3.404207,-131.695164,4.961574,0
2017-12-08,sh.603939,42.3000,42.8200,41.8000,42.6400,42.0500,1503447,63724692.0000,3,0.756632,1,1.403092,54.319298,3.451971,-133.542968,5.031190,0
2017-12-11,sh.603939,42.9800,44.1900,42.0300,44.0000,42.6400,1316391,57102543.0000,3,0.662493,1,3.189495,56.051808,3.562072,-137.802312,5.191659,0
2017-12-12,sh.603939,44.3800,44.4900,43.3300,43.5800,44.0000,643934,28119460.0000,3,0.324069,1,-0.954541,55.516768,3.528070,-136.486926,5.142103,0
2017-12-13,sh.603939,43.5400,43.9900,42.6600,43.4900,43.5800,884607,38088369.0000,3,0.445191,1,-0.206517,55.402117,3.520784,-136.205058,5.131483,0
2017-12-14,sh.603939,43.3800,44.5000,42.6300,44.3400,43.4900,1321306,57974899.0000,3,0.664966,1,1.954469,56.484936,3.589597,-138.867148,5.231777,0
2017-12-15,sh.603939,44.3300,45.0000,43.0100,43.6200,44.3400,843124,37412342.0000,3,0.424314,1,-1.623819,55.567725,3.531308,-136.612201,5.146822,0
2017-12-18,sh.603939,43.6200,45.4600,43.6200,45.4100,43.6200,1558017,69973448.0000,3,0.784095,1,4.103624,57.848014,3.676220,-142.218250,5.358028,0
2017-12-19,sh.603939,45.8300,46.1000,44.6700,45.0500,45.4100,1117144,50774465.0000,3,0.562219,1,-0.792778,57.389408,3.647076,-141.090776,5.315551,0
2017-12-20,sh.603939,44.6000,45.3000,43.9900,44.9900,45.0500,987054,44153805.0000,3,0.496749,1,-0.133180,57.312974,3.642218,-140.902864,5.308472,0
2017-12-21,sh.603939,44.9400,45.8700,44.5700,45.4400,44.9900,632853,28753382.0000,3,0.318492,1,1.000216,57.886231,3.678648,-142.312206,5.361568,0
2017-12-22,sh.603939,45.0000,45.9500,43.6300,43.6900,45.4400,1057546,47008664.0000,3,0.532225,1,-3.851233,55.656898,3.536975,-136.831432,5.155082,0
2017-12-25,sh.603939,43.6600,45.9300,43.6600,45.6200,43.6900,1055169,47556282.0000,3,0.531029,1,4.417488,58.115534,3.693221,-142.875943,5.382807,0
2017-12-26,sh.603939,45.8500,47.4000,43.8000,45.0400,45.6200,2356476,107751866.0000,3,1.185931,1,-1.271368,57.376669,3.646266,-141.059458,5.314371,0
2017-12-27,sh.603939,44.9000,45.3900,43.6000,44.1600,45.0400,1282114,56890617.0000,3,0.645243,1,-1.953821,56.255633,3.575025,-138.303412,5.210538,0
2017-12-28,sh.603939,44.0100,44.5000,43.7300,44.0100,44.1600,938200,41319748.0000,3,0.472163,1,-0.339677,56.064548,3.562881,-137.833631,5.192839,0
2017-12-29,sh.603939,44.0100,45.5600,43.6800,45.4800,44.0100,914303,40824502.0000,3,0.460136,1,3.340153,57.937188,3.681887,-142.437481,5.366288,0
2018-01-02,sh.603939,45.4000,45.7000,44.9400,45.4700,45.4800,561187,25372040.0000,3,0.282426,1,-0.021984,57.924448,3.681077,-142.406162,5.365108,0
2018-01-03,sh.603939,45.5500,46.9900,45.2100,45.4800,45.4700,1300600,59915615.0000,3,0.654546,1,0.021989,57.937188,3.681887,-142.437481,5.366288,0
2018-01-04,sh.603939,45.0800,46.4500,44.4300,45.2500,45.4800,921900,41877108.0000,3,0.463960,1,-0.505716,57.644189,3.663267,-141.717151,5.339150,0
2018-01-05,sh.603939,45.3000,45.3000,44.6300,45.2000,45.2500,748191,33657634.0000,3,0.376538,1,-0.110496,57.580494,3.659219,-141.560557,5.333250,0
2018-01-08,sh.603939,45.6700,45.9900,44.8100,45.4100,45.2000,1088062,49393150.0000,3,0.547583,1,0.464600,57.848014,3.676220,-142.218250,5.358028,0
2018-01-09,sh.603939,45.2200,45.5500,44.8500,45.1700,45.4100,653598,29462114.0000,3,0.328933,1,-0.528522,57.542277,3.656790,-141.466601,5.329710,0
2018-01-10,sh.603939,45.0100,45.1000,43.6000,43.9700,45.1700,1917000,84308539.0000,3,0.964758,1,-2.656624,56.013591,3.559643,-137.708356,5.188120,0
2018-01-11,sh.603939,43.5300,44.4900,43.4000,43.8100,43.9700,809348,35468414.0000,3,0.407316,1,-0.363884,55.809767,3.546690,-137.207257,5.169241,0
2018-01-12,sh.603939,43.8100,44.4800,43.2600,43.9900,43.8100,1075098,47137133.0000,3,0.541059,1,0.410866,56.039069,3.561262,-137.770993,5.190479,0
2018-01-15,sh.603939,44.0800,44.2500,43.4600,43.5400,43.9900,559656,24496806.0000,3,0.281655,1,-1.022961,55.465812,3.524832,-136.361652,5.137383,0
2018-01-16,sh.603939,43.2500,44.3000,43.2500,43.5600,43.5400,915558,40142093.0000,3,0.460768,1,0.045936,55.491290,3.526451,-136.424289,5.139743,0
2018-01-17,sh.603939,43.9000,43.9000,42.6700,43.5600,43.5600,862958,37176432.0000,3,0.434296,1,0.000000,55.491290,3.526451,-136.424289,5.139743,0
2018-01-18,sh.603939,43.3000,44.0100,43.2300,43.5700,43.5600,365088,15978829.0000,3,0.183736,1,0.022953,55.504029,3.527260,-136.455608,5.140923,0
2018-01-19,sh.603939,43.4900,45.2300,43.2500,45.1600,43.5700,973617,43098682.0000,3,0.489987,1,3.649300,57.529538,3.655981,-141.435282,5.328530,0
2018-01-22,sh.603939,45.2300,45.5300,44.2100,44.6100,45.1600,1053506,47132109.0000,3,0.530192,1,-1.217890,56.828890,3.611455,-139.712753,5.263635,0
2018-01-23,sh.603939,44.8300,46.4800,44.2300,46.2600,44.6100,1304354,59474464.0000,3,0.656435,1,3.698717,58.930833,3.745033,-144.880340,5.458322,0
2018-01-24,sh.603939,46.2800,46.6000,45.7400,46.4600,46.2600,745264,34431157.0000,3,0.375065,1,0.432341,59.185614,3.761224,-145.506714,5.481920,0
2018-01-25,sh.603939,46.2200,46.4000,45.5500,45.7900,46.4600,419500,19276041.0000,3,0.211119,1,-1.442097,58.332098,3.706983,-143.408361,5.402866,0
2018-01-26,sh.603939,45.5000,46.8000,44.9200,45.9800,45.7900,823712,37977285.0000,3,0.414545,1,0.414935,58.574140,3.722365,-144.003416,5.425284,0
2018-01-29,sh.603939,45.9000,46.1800,43.9100,43.9200,45.9800,874648,39050731.0000,3,0.440179,1,-4.480212,55.949896,3.555595,-137.551763,5.182220,0
2018-01-30,sh.603939,43.6300,44.3200,42.8000,42.9100,43.9200,713909,31058866.0000,3,0.359285,1,-2.299632,54.663252,3.473829,-134.388573,5.063048,0
2018-01-31,sh.603939,43.0500,43.5300,42.6100,42.7100,42.9100,596542,25673863.0000,3,0.300218,1,-0.466094,54.408471,3.457638,-133.762199,5.039449,0
2018-02-01,sh.603939,42.7100,43.1000,38.5300,41.0300,42.7100,1171501,48066241.0000,3,0.589575,1,-3.933506,52.268311,3.321632,-128.500656,4.841222,0
2018-02-02,sh.603939,40.9700,42.5000,40.8900,41.8600,41.0300,788805,32807304.0000,3,0.396978,1,2.022915,53.325652,3.388825,-131.100109,4.939156,0
2018-02-05,sh.603939,41.9300,43.3300,40.5000,42.5500,41.8600,1235332,52465263.0000,3,0.621699,1,1.648348,54.204647,3.444685,-133.261100,5.020571,0
2018-02-06,sh.603939,42.1000,42.1000,40.1100,40.9900,42.5500,1113490,45347661.0000,3,0.560380,1,-3.666269,52.217355,3.318393,-128.375381,4.836503,0
2018-02-07,sh.603939,41.3000,42.2100,40.0000,41.1000,40.9900,1353201,56152082.0000,3,0.681018,1,0.268350,52.357485,3.327299,-128.719887,4.849482,0
2018-02-08,sh.603939,41.0000,43.5800,40.5100,42.4400,41.1000,787408,33539729.0000,3,0.396275,1,3.260341,54.064517,3.435780,-132.916594,5.007591,0
2018-02-09,sh.603939,39.0000,43.0000,38.8000,41.4200,42.4400,768684,31758892.0000,3,0.386851,1,-2.403394,52.765134,3.353205,-129.722086,4.887239,0
2018-02-12,sh.603939,40.8300,44.8600,40.8300,44.6600,41.4200,1305928,56903725.0000,3,0.657227,1,7.822312,56.892586,3.615503,-139.869347,5.269534,0
2018-02-13,sh.603939,44.5100,45.6000,43.6200,43.9800,44.6600,671889,30031042.0000,3,0.338138,1,-1.522616,56.026330,3.560452,-137.739675,5.189300,0
2018-02-14,sh.603939,43.9000,44.1200,43.1200,43.2700,43.9800,235500,10245316.0000,3,0.118519,1,-1.614368,55.121858,3.502974,-135.516047,5.105525,0
2018-02-22,sh.603939,43.5600,44.9900,43.5600,44.7500,43.2700,606100,27057819.0000,3,0.167110,1,3.420382,57.007237,3.622789,-140.151215,5.280154,0
2018-02-23,sh.603939,44.8500,45.2300,43.6900,43.9500,44.7500,487500,21553887.0000,3,0.134411,1,-1.787708,55.988113,3.558024,-137.645719,5.185760,0
2018-02-26,sh.603939,44.0500,45.8000,44.0500,45.4700,43.9500,801298,36245365.0000,3,0.220929,1,3.458477,57.924448,3.681077,-142.406162,5.365108,0
2018-02-27,sh.603939,45.0100,47.2000,44.8800,45.3500,45.4700,1599000,73588483.0000,3,0.440867,1,-0.263916,57.771580,3.671362,-142.030338,5.350949,0
2018-02-28,sh.603939,44.8100,45.2800,43.8600,44.0400,45.3500,1139281,50433921.0000,3,0.314116,1,-2.888638,56.102765,3.565310,-137.927587,5.196379,0
2018-03-01,sh.603939,44.3000,44.9000,44.0100,44.5900,44.0400,610600,27165028.0000,3,0.168351,1,1.248863,56.803412,3.609836,-139.650116,5.261275,0
2018-03-02,sh.603939,44.6000,46.0000,44.4500,45.9800,44.5900,748700,34018424.0000,3,0.206427,1,3.117290,58.574140,3.722365,-144.003416,5.425284,0
2018-03-05,sh.603939,46.0000,46.7000,44.9000,45.7200,45.9800,923709,42123725.0000,3,0.254680,1,-0.565460,58.242925,3.701316,-143.189130,5.394606,0
2018-03-06,sh.603939,45.4200,49.3600,45.4200,49.1300,45.7200,2343960,112185679.0000,3,0.646263,1,7.458443,62.586940,3.977377,-153.868809,5.796960,0
2018-03-07,sh.603939,49.3000,49.4800,48.4000,48.6000,49.1300,1734532,84714683.0000,3,0.478235,1,-1.078776,61.911770,3.934470,-152.208918,5.734424,0
2018-03-08,sh.603939,48.6200,49.4900,48.2700,49.3300,48.6000,1019275,49935845.0000,3,0.281028,1,1.502064,62.841721,3.993568,-154.495183,5.820558,0
2018-03-09,sh.603939,49.3000,50.7800,48.7100,49.7200,49.3300,1098886,55089700.0000,3,0.302978,1,0.790593,63.338544,4.025141,-155.716613,5.866575,0
2018-03-12,sh.603939,49.3700,52.3000,49.3700,51.3000,49.7200,1071502,54875602.0000,3,0.295428,1,3.177791,65.351313,4.153052,-160.664969,6.053003,0
2018-03-13,sh.603939,51.4000,52.0900,50.4200,51.2200,51.3000,744254,38233245.0000,3,0.205201,1,-0.155942,65.249401,4.146575,-160.414419,6.043563,0
2018-03-14,sh.603939,51.2200,51.8500,49.4000,50.6400,51.2200,844270,42566320.0000,3,0.232777,1,-1.132374,64.510536,4.099621,-158.597934,5.975128,0
2018-03-15,sh.603939,50.5600,53.0400,50.2100,51.7000,50.6400,1297653,67503143.0000,3,0.357781,1,2.093210,65.860875,4.185434,-161.917717,6.100200,0
2018-03-16,sh.603939,51.6500,52.5000,51.0000,51.6000,51.7000,525029,27191593.0000,3,0.144758,1,-0.193428,65.733485,4.177338,-161.604530,6.088401,0
2018-03-19,sh.603939,51.8000,55.9500,50.6100,55.3000,51.6000,2216162,118906252.0000,3,0.611027,1,7.170545,70.446932,4.476876,-173.192451,6.524972,0
2018-03-20,sh.603939,55.4200,58.5500,54.2200,57.8100,55.3000,1804650,103229212.0000,3,0.497567,1,4.538883,73.644433,4.680076,-181.053447,6.821132,0
2018-03-21,sh.603939,57.6000,59.3900,56.3900,57.5300,57.8100,1201132,69137088.0000,3,0.331169,1,-0.484350,73.287740,4.657409,-180.176523,6.788095,0
2018-03-22,sh.603939,57.0700,59.1900,56.0900,57.0600,57.5300,1136814,65370103.0000,3,0.313436,1,-0.816960,72.689004,4.619359,-178.704544,6.732638,0
2018-03-23,sh.603939,55.2800,57.3400,54.1000,55.7700,57.0600,1892489,105240440.0000,3,0.521786,1,-2.260780,71.045667,4.514926,-174.664431,6.580428,0
2018-03-26,sh.603939,54.5400,58.6000,54.1200,57.1400,55.7700,3044644,171388816.0000,3,0.839451,1,2.456516,66.105701,4.311067,181.653339,6.543430,0
2018-03-27,sh.603939,58.0000,62.8500,57.5000,62.7500,57.1400,3489906,215301693.0000,3,0.962216,1,9.817992,72.595953,4.734327,199.488047,7.185864,0
2018-03-28,sh.603939,61.5200,61.8600,58.8000,58.9800,62.7500,4155555,250846770.0000,3,1.145745,1,-6.007969,68.234411,4.449890,187.502869,6.754139,0
2018-03-29,sh.603939,58.9800,61.1900,56.4900,57.1800,58.9800,2903937,168380390.0000,3,0.800656,1,-3.051881,66.151978,4.314085,181.780502,6.548011,0
2018-03-30,sh.603939,57.2800,59.2900,57.2000,58.4800,57.1800,1799996,104695084.0000,3,0.496284,1,2.273521,67.655957,4.412167,185.913322,6.696881,0
2018-04-02,sh.603939,58.5500,61.1800,58.5500,59.7900,58.4800,2004787,119960071.0000,3,0.552748,1,2.240084,69.171506,4.511003,190.077933,6.846897,0
2018-04-03,sh.603939,59.0000,60.4300,56.9400,59.4400,59.7900,1833451,107679059.0000,3,0.505508,1,-0.585386,68.766589,4.484596,188.965251,6.806816,0
2018-04-04,sh.603939,59.4800,61.1500,58.0100,58.1600,59.4400,1770100,105499763.0000,3,0.488041,1,-2.153430,67.285747,4.388023,184.896013,6.660236,0
2018-04-09,sh.603939,57.4200,59.0400,56.8000,57.6000,58.1600,1297408,75032821.0000,3,0.357714,1,-0.962863,66.637879,4.345773,183.115721,6.596107,0
2018-04-10,sh.603939,58.1000,58.2800,55.5600,57.1000,57.6000,1462631,83904384.0000,3,0.403268,1,-0.868056,66.059425,4.308049,181.526175,6.538850,0
2018-04-11,sh.603939,57.8000,60.0000,57.5500,59.3000,57.1000,1593121,94363706.0000,3,0.439246,1,3.852891,68.604622,4.474034,188.520178,6.790784,0
2018-04-12,sh.603939,59.7800,61.6800,58.0200,60.3400,59.3000,1507429,90661109.0000,3,0.415619,1,1.753796,69.807806,4.552499,191.826434,6.909881,0
2018-04-13,sh.603939,61.1200,63.3600,60.4100,61.3300,60.3400,1919624,119042282.0000,3,0.529267,1,1.640705,70.953144,4.627192,194.973736,7.023251,0
2018-04-16,sh.603939,60.9900,62.5000,58.2500,60.0200,61.3300,2011575,120308892.0000,3,0.554619,1,-2.135988,69.437595,4.528356,190.809125,6.873236,0
2018-04-17,sh.603939,60.0200,60.0200,60.0200,60.0200,60.0200,0,0.0000,3,,0,0.000000,69.437595,4.528356,190.809125,6.873236,0
2018-04-18,sh.603939,60.0200,60.0200,60.0200,60.0200,60.0200,0,0.0000,3,,0,0.000000,69.437595,4.528356,190.809125,6.873236,0
2018-04-19,sh.603939,60.0200,60.0200,60.0200,60.0200,60.0200,0,0.0000,3,,0,0.000000,69.437595,4.528356,190.809125,6.873236,0
2018-04-20,sh.603939,60.0200,60.0200,60.0200,60.0200,60.0200,0,0.0000,3,,0,0.000000,69.437595,4.528356,190.809125,6.873236,0
2018-04-23,sh.603939,60.0200,60.0200,60.0200,60.0200,60.0200,0,0.0000,3,,0,0.000000,69.437595,4.528356,190.809125,6.873236,0
2018-04-24,sh.603939,60.0200,60.0200,60.0200,60.0200,60.0200,0,0.0000,3,,0,0.000000,69.437595,4.528356,190.809125,6.873236,0
2018-04-25,sh.603939,60.0200,60.0200,60.0200,60.0200,60.0200,0,0.0000,3,,0,0.000000,69.437595,4.528356,190.809125,6.873236,0
2018-04-26,sh.603939,60.0200,60.0200,60.0200,60.0200,60.0200,0,0.0000,3,,0,0.000000,69.437595,4.528356,190.809125,6.873236,0
2018-04-27,sh.603939,60.0200,60.0200,60.0200,60.0200,60.0200,0,0.0000,3,,0,0.000000,69.437595,4.528356,190.809125,6.873236,0
2018-05-02,sh.603939,60.0200,60.0200,60.0200,60.0200,60.0200,0,0.0000,3,,0,0.000000,63.078617,4.177796,61.356183,6.660911,0
2018-05-03,sh.603939,60.0200,60.0200,60.0200,60.0200,60.0200,0,0.0000,3,,0,0.000000,63.078617,4.177796,61.356183,6.660911,0
2018-05-04,sh.603939,60.0200,60.0200,60.0200,60.0200,60.0200,0,0.0000,3,,0,0.000000,63.078617,4.177796,61.356183,6.660911,0
2018-05-07,sh.603939,60.0200,60.0200,60.0200,60.0200,60.0200,0,0.0000,3,,0,0.000000,63.078617,4.177796,61.356183,6.660911,0
2018-05-08,sh.603939,60.0200,60.0200,60.0200,60.0200,60.0200,0,0.0000,3,,0,0.000000,63.078617,4.177796,61.356183,6.660911,0
2018-05-09,sh.603939,60.0200,60.0200,60.0200,60.0200,60.0200,0,0.0000,3,,0,0.000000,63.078617,4.177796,61.356183,6.660911,0
2018-05-10,sh.603939,60.0200,60.0200,60.0200,60.0200,60.0200,0,0.0000,3,,0,0.000000,63.078617,4.177796,61.356183,6.660911,0
2018-05-11,sh.603939,60.0200,60.0200,60.0200,60.0200,60.0200,0,0.0000,3,,0,0.000000,63.078617,4.177796,61.356183,6.660911,0
2018-05-14,sh.603939,60.0200,60.0200,60.0200,60.0200,60.0200,0,0.0000,3,,0,0.000000,63.078617,4.177796,61.356183,6.660911,0
2018-05-15,sh.603939,60.0200,60.0200,60.0200,60.0200,60.0200,0,0.0000,3,,0,0.000000,63.078617,4.177796,61.356183,6.660911,0
2018-05-16,sh.603939,60.0200,60.0200,60.0200,60.0200,60.0200,0,0.0000,3,,0,0.000000,63.078617,4.177796,61.356183,6.660911,0
2018-05-17,sh.603939,60.0200,60.0200,60.0200,60.0200,60.0200,0,0.0000,3,,0,0.000000,63.078617,4.177796,61.356183,6.660911,0
2018-05-18,sh.603939,60.0200,60.0200,60.0200,60.0200,60.0200,0,0.0000,3,,0,0.000000,63.078617,4.177796,61.356183,6.660911,0
2018-05-21,sh.603939,60.0200,60.0200,60.0200,60.0200,60.0200,0,0.0000,3,,0,0.000000,63.078617,4.177796,61.356183,6.660911,0
2018-05-22,sh.603939,60.0200,60.0200,60.0200,60.0200,60.0200,0,0.0000,3,,0,0.000000,63.078617,4.177796,61.356183,6.660911,0
2018-05-23,sh.603939,60.0200,60.0200,60.0200,60.0200,60.0200,0,0.0000,3,,0,0.000000,63.078617,4.177796,61.356183,6.660911,0
2018-05-24,sh.603939,60.0200,60.0200,60.0200,60.0200,60.0200,0,0.0000,3,,0,0.000000,63.078617,4.177796,61.356183,6.660911,0
2018-05-25,sh.603939,60.0200,60.0200,60.0200,60.0200,60.0200,0,0.0000,3,,0,0.000000,63.078617,4.177796,61.356183,6.660911,0
2018-05-28,sh.603939,60.0200,60.0200,60.0200,60.0200,60.0200,0,0.0000,3,,0,0.000000,63.078617,4.177796,61.356183,6.660911,0
2018-05-29,sh.603939,60.0200,60.0200,60.0200,60.0200,60.0200,0,0.0000,3,,0,0.000000,63.078617,4.177796,61.356183,6.660911,0
2018-05-30,sh.603939,60.0200,60.0200,60.0200,60.0200,60.0200,0,0.0000,3,,0,0.000000,63.078617,4.177796,61.356183,6.660911,0
2018-05-31,sh.603939,60.0200,60.0200,60.0200,60.0200,60.0200,0,0.0000,3,,0,0.000000,63.078617,4.177796,61.356183,6.660911,0
2018-06-01,sh.603939,60.0200,60.0200,60.0200,60.0200,60.0200,0,0.0000,3,,0,0.000000,63.078617,4.177796,61.356183,6.660911,0
2018-06-04,sh.603939,60.0200,60.0200,60.0200,60.0200,60.0200,0,0.0000,3,,0,0.000000,63.078617,4.177796,61.356183,6.660911,0
2018-06-05,sh.603939,60.0200,60.0200,60.0200,60.0200,60.0200,0,0.0000,3,,0,0.000000,63.078617,4.177796,61.356183,6.660911,0
2018-06-06,sh.603939,60.0200,60.0200,60.0200,60.0200,60.0200,0,0.0000,3,,0,0.000000,63.078617,4.177796,61.356183,6.660911,0
2018-06-07,sh.603939,60.0200,60.0200,60.0200,60.0200,60.0200,0,0.0000,3,,0,0.000000,63.078617,4.177796,61.356183,6.660911,0
2018-06-08,sh.603939,60.0200,60.0200,60.0200,60.0200,60.0200,0,0.0000,3,,0,0.000000,63.078617,4.177796,61.356183,6.660911,0
2018-06-11,sh.603939,60.0200,60.0200,60.0200,60.0200,60.0200,0,0.0000,3,,0,0.000000,63.078617,4.177796,61.356183,6.660911,0
2018-06-12,sh.603939,60.0200,60.0200,60.0200,60.0200,60.0200,0,0.0000,3,,0,0.000000,63.078617,4.177796,61.356183,6.660911,0
2018-06-13,sh.603939,60.0200,60.0200,60.0200,60.0200,60.0200,0,0.0000,3,,0,0.000000,63.078617,4.177796,61.356183,6.660911,0
2018-06-14,sh.603939,59.7200,59.7200,59.7200,59.7200,59.7200,0,0.0000,3,,0,0.000000,62.763329,4.156914,61.049504,6.627618,0
2018-06-15,sh.603939,59.7200,59.7200,59.7200,59.7200,59.7200,0,0.0000,3,,0,0.000000,62.763329,4.156914,61.049504,6.627618,0
2018-06-19,sh.603939,59.7200,59.7200,59.7200,59.7200,59.7200,0,0.0000,3,,0,0.000000,62.763329,4.156914,61.049504,6.627618,0
2018-06-20,sh.603939,59.7200,59.7200,59.7200,59.7200,59.7200,0,0.0000,3,,0,0.000000,62.763329,4.156914,61.049504,6.627618,0
2018-06-21,sh.603939,59.7200,59.7200,59.7200,59.7200,59.7200,0,0.0000,3,,0,0.000000,62.763329,4.156914,61.049504,6.627618,0
2018-06-22,sh.603939,59.7200,59.7200,59.7200,59.7200,59.7200,0,0.0000,3,,0,0.000000,62.763329,4.156914,61.049504,6.627618,0
2018-06-25,sh.603939,59.7200,59.7200,59.7200,59.7200,59.7200,0,0.0000,3,,0,0.000000,62.763329,4.156914,61.049504,6.627618,0
2018-06-26,sh.603939,59.7200,59.7200,59.7200,59.7200,59.7200,0,0.0000,3,,0,0.000000,62.763329,4.156914,61.049504,6.627618,0
2018-06-27,sh.603939,59.7200,59.7200,59.7200,59.7200,59.7200,0,0.0000,3,,0,0.000000,62.763329,4.156914,61.049504,6.627618,0
2018-06-28,sh.603939,59.7200,59.7200,59.7200,59.7200,59.7200,0,0.0000,3,,0,0.000000,62.763329,4.156914,61.049504,6.627618,0
2018-06-29,sh.603939,59.7200,59.7200,59.7200,59.7200,59.7200,0,0.0000,3,,0,0.000000,62.763329,4.156914,61.049504,6.627618,0
2018-07-02,sh.603939,59.7200,59.7200,59.7200,59.7200,59.7200,0,0.0000,3,,0,0.000000,62.763329,4.156914,61.049504,6.627618,0
2018-07-03,sh.603939,59.7200,59.7200,59.7200,59.7200,59.7200,0,0.0000,3,,0,0.000000,62.763329,4.156914,61.049504,6.627618,0
2018-07-04,sh.603939,59.7200,59.7200,59.7200,59.7200,59.7200,0,0.0000,3,,0,0.000000,62.763329,4.156914,61.049504,6.627618,0
2018-07-05,sh.603939,59.7200,59.7200,59.7200,59.7200,59.7200,0,0.0000,3,,0,0.000000,62.763329,4.156914,61.049504,6.627618,0
2018-07-06,sh.603939,59.7200,59.7200,59.7200,59.7200,59.7200,0,0.0000,3,,0,0.000000,62.763329,4.156914,61.049504,6.627618,0
2018-07-09,sh.603939,59.7200,59.7200,59.7200,59.7200,59.7200,0,0.0000,3,,0,0.000000,62.763329,4.156914,61.049504,6.627618,0
2018-07-10,sh.603939,59.7200,59.7200,59.7200,59.7200,59.7200,0,0.0000,3,,0,0.000000,62.763329,4.156914,61.049504,6.627618,0
2018-07-11,sh.603939,59.7200,59.7200,59.7200,59.7200,59.7200,0,0.0000,3,,0,0.000000,62.763329,4.156914,61.049504,6.627618,0
2018-07-12,sh.603939,59.7200,59.7200,59.7200,59.7200,59.7200,0,0.0000,3,,0,0.000000,62.763329,4.156914,61.049504,6.627618,0
2018-07-13,sh.603939,59.7200,59.7200,59.7200,59.7200,59.7200,0,0.0000,3,,0,0.000000,62.763329,4.156914,61.049504,6.627618,0
2018-07-16,sh.603939,65.6900,65.6900,63.0600,65.6900,59.7200,8333460,542838123.0000,3,2.297652,1,9.996653,69.037560,4.572466,67.152410,7.290158,0
2018-07-17,sh.603939,66.0000,68.0000,64.3800,64.9700,65.6900,4210102,277613902.0000,3,1.160784,1,-1.096059,68.280868,4.522349,66.416381,7.210253,0
2018-07-18,sh.603939,63.9900,65.6500,63.9100,64.0500,64.9700,2398364,155274089.0000,3,0.661263,1,-1.416035,67.313985,4.458311,65.475900,7.108154,0
2018-07-19,sh.603939,63.9200,64.2300,60.7300,61.5700,64.0500,2893421,181121482.0000,3,0.797757,1,-3.871980,64.707604,4.285686,62.940689,6.832928,0
2018-07-20,sh.603939,61.6000,63.9500,61.4400,62.8800,61.5700,1591309,99452314.0000,3,0.438746,1,2.127662,66.084362,4.376871,64.279853,6.978309,0
2018-07-23,sh.603939,59.8000,61.8800,56.5900,57.8800,62.8800,5300291,310918501.0000,3,1.461365,1,-7.951654,60.829562,4.028837,59.168542,6.423418,0
2018-07-24,sh.603939,57.4800,60.3000,56.0400,59.7600,57.8800,3605788,212725948.0000,3,0.994166,1,3.248095,62.805367,4.159698,61.090395,6.632057,0
2018-07-25,sh.603939,59.9000,61.4900,58.2100,59.0800,59.7600,5307200,319400817.0000,3,1.463269,1,-1.137879,62.090714,4.112365,60.395256,6.556592,0
2018-07-26,sh.603939,59.0700,59.6900,57.1800,58.0200,59.0800,3539438,206328922.0000,3,0.975873,1,-1.794180,60.976697,4.038582,59.311658,6.438955,0
2018-07-27,sh.603939,58.5000,58.9400,55.8000,57.8700,58.0200,2799083,160605942.0000,3,0.771746,1,-0.258534,60.819053,4.028141,59.158319,6.422308,0
2018-07-30,sh.603939,57.0200,58.3800,56.2300,57.4800,57.8700,1946872,111517389.0000,3,0.536780,1,-0.673923,60.409178,4.000995,58.759637,6.379027,0
2018-07-31,sh.603939,57.7800,59.9600,56.4100,57.7200,57.4800,2445251,142942427.0000,3,0.674190,1,0.417540,60.661409,4.017700,59.004980,6.405662,0
2018-08-01,sh.603939,58.7000,58.7000,56.4500,56.9400,57.7200,1070080,61230823.0000,3,0.295036,1,-1.351356,59.841660,3.963407,58.207615,6.319099,0
2018-08-02,sh.603939,56.4500,57.5000,55.5800,56.3600,56.9400,1665256,93700742.0000,3,0.459134,1,-1.018613,59.232103,3.923035,57.614703,6.254731,0
2018-08-03,sh.603939,55.8000,56.7800,52.3700,54.0100,56.3600,1848461,101464441.0000,3,0.509647,1,-4.169628,56.762347,3.759459,55.212386,5.993932,0
2018-08-06,sh.603939,54.6800,55.2000,49.4000,49.5200,54.0100,5013547,258621091.0000,3,1.382305,1,-8.313272,52.043537,3.446925,50.622429,5.495640,0
2018-08-07,sh.603939,50.7700,52.2400,49.5000,51.9200,49.5200,2407554,122786907.0000,3,0.663796,1,4.846522,54.565841,3.613981,53.075858,5.761988,0
2018-08-08,sh.603939,52.0700,53.4800,50.1100,50.8900,51.9200,2013280,103961022.0000,3,0.555090,1,-1.983819,53.483352,3.542286,52.022928,5.647680,0
2018-08-09,sh.603939,51.9000,54.6800,50.8900,53.9400,50.8900,3399537,181605517.0000,3,0.937300,1,5.993318,56.688780,3.754587,55.140828,5.986164,0
2018-08-10,sh.603939,53.5500,57.9500,53.2000,57.0000,53.9400,2911052,162775714.0000,3,0.802618,1,5.672973,59.904717,3.967583,58.268951,6.325757,0
2018-08-13,sh.603939,56.1900,58.0200,56.0300,57.7700,57.0000,1948948,111118100.0000,3,0.537352,1,1.350878,60.713957,4.021181,59.056093,6.411210,0
2018-08-14,sh.603939,57.7000,59.0000,56.5100,57.1600,57.7700,1901055,109548024.0000,3,0.524148,1,-1.055912,60.072871,3.978720,58.432513,6.343514,0
2018-08-15,sh.603939,57.1600,58.0500,55.0000,55.5900,57.1600,2148135,120900500.0000,3,0.592271,1,-2.746675,58.422864,3.869438,56.827561,6.169278,0
2018-08-16,sh.603939,55.0000,55.9700,53.5000,54.9000,55.5900,1666376,91439166.0000,3,0.459443,1,-1.241228,57.697702,3.821409,56.122200,6.092703,0
2018-08-17,sh.603939,55.2000,55.5000,51.8400,52.8300,54.9000,2274799,120480134.0000,3,0.627194,1,-3.770491,55.522214,3.677323,54.006117,5.862978,0
2018-08-20,sh.603939,52.2100,54.0500,49.9400,52.7000,52.8300,2052760,106046013.0000,3,0.565975,1,-0.246074,55.385590,3.668274,53.873223,5.848551,0
2018-08-21,sh.603939,52.7000,57.1300,51.6000,56.4500,52.7000,1755907,96994649.0000,3,0.484128,1,7.115749,59.326690,3.929300,57.706706,6.264719,0
2018-08-22,sh.603939,56.3700,58.8500,55.3100,57.5100,56.4500,1913215,110180276.0000,3,0.527500,1,1.877764,60.440707,4.003083,58.790304,6.382356,0
2018-08-23,sh.603939,57.2000,58.5000,55.4000,58.3500,57.5100,2276159,130182281.0000,3,0.627569,1,1.460616,61.323513,4.061552,59.649005,6.475578,0
2018-08-24,sh.603939,57.9800,58.5000,56.3500,57.9300,58.3500,1379160,79313391.0000,3,0.380254,1,-0.719791,60.882110,4.032318,59.219655,6.428967,0
2018-08-27,sh.603939,57.8800,58.9500,56.5300,58.0600,57.9300,2003974,115775063.0000,3,0.552524,1,0.224411,61.018735,4.041367,59.352549,6.443394,0
2018-08-28,sh.603939,58.6000,58.6000,53.8600,56.4100,58.0600,3309223,183949933.0000,3,0.912399,1,-2.841890,53.292787,3.678472,57.510201,6.233456,0
2018-08-29,sh.603939,55.2000,56.2500,53.9200,54.3000,56.4100,1733227,94820828.0000,3,0.477875,1,-3.740473,51.299385,3.540880,55.359049,6.000296,0
2018-08-30,sh.603939,54.2900,55.6900,54.0400,54.7500,54.3000,1134329,62303257.0000,3,0.312750,1,0.828731,51.724518,3.570224,55.817825,6.050022,0
2018-08-31,sh.603939,54.0000,54.6600,52.0400,52.8000,54.7500,1124187,59648862.0000,3,0.309954,1,-3.561645,49.882275,3.443065,53.829793,5.834542,0
2018-09-03,sh.603939,52.6300,52.8800,50.0800,51.5600,52.8000,2330904,118709892.0000,3,0.642663,1,-2.348481,48.710798,3.362205,52.565609,5.697518,0
2018-09-04,sh.603939,51.3200,51.7500,48.7000,49.9500,51.5600,5004995,249286098.0000,3,1.379947,1,-3.122577,47.189766,3.257218,50.924208,5.519609,0
2018-09-05,sh.603939,49.9000,51.7900,49.5000,51.4000,49.9500,3137260,160036910.0000,3,0.864987,1,2.902904,48.559639,3.351772,52.402488,5.679838,0
2018-09-06,sh.603939,50.9100,51.9900,49.5300,50.2500,51.4000,3220983,162914068.0000,3,0.888070,1,-2.237357,47.473188,3.276781,51.230059,5.552760,0
2018-09-07,sh.603939,51.4300,54.3800,51.4300,52.4600,50.2500,3470742,184730619.0000,3,0.956932,1,4.398008,49.561064,3.420894,53.483162,5.796971,0
2018-09-10,sh.603939,52.8000,53.2000,51.2600,52.5200,52.4600,1684681,88428298.0000,3,0.464490,1,0.114376,49.617748,3.424807,53.544332,5.803601,0
2018-09-11,sh.603939,51.8000,53.1900,50.5000,52.5200,52.5200,1763975,90535013.0000,3,0.486353,1,0.000000,49.617748,3.424807,53.544332,5.803601,0
2018-09-12,sh.603939,52.0500,52.5000,50.0400,50.8000,52.5200,1913360,97425917.0000,3,0.527540,1,-3.274945,47.992795,3.312646,51.790786,5.613536,0
2018-09-13,sh.603939,51.7300,51.8800,49.2000,51.3000,50.8000,2562864,128022656.0000,3,0.706618,1,0.984252,48.465165,3.345251,52.300538,5.668788,0
2018-09-14,sh.603939,51.3000,52.2900,50.3100,51.0000,51.3000,931581,47928268.0000,3,0.256850,1,-0.584794,48.181743,3.325688,51.994687,5.635637,0
2018-09-17,sh.603939,51.0000,51.0000,49.5000,50.2000,51.0000,841766,42148430.0000,3,0.232087,1,-1.568626,47.425951,3.273520,51.179084,5.547235,0
2018-09-18,sh.603939,49.6000,52.5000,49.1100,52.4200,50.2000,1229716,63044981.0000,3,0.339050,1,4.422306,49.523274,3.418286,53.442382,5.792551,0
2018-09-19,sh.603939,53.0000,54.7000,52.5100,53.4200,52.4200,1692035,91176308.0000,3,0.466518,1,1.907669,50.468014,3.483495,54.461885,5.903053,0
2018-09-20,sh.603939,53.8900,54.3000,51.8500,52.3500,53.4200,1090995,57683185.0000,3,0.300803,1,-2.002995,49.457142,3.413721,53.371017,5.784815,0
2018-09-21,sh.603939,52.8800,54.4900,51.5000,53.6300,52.3500,1244716,66096790.0000,3,0.343186,1,2.445086,50.666410,3.497189,54.675981,5.926259,0
2018-09-25,sh.603939,52.8000,53.9500,52.5100,53.3500,53.6300,664481,35376839.0000,3,0.183207,1,-0.522101,50.401882,3.478931,54.390520,5.895318,0
2018-09-26,sh.603939,53.5000,55.8500,53.0500,55.1000,53.3500,1949307,107159290.0000,3,0.537451,1,3.280225,52.055177,3.593047,56.174652,6.088698,0
2018-09-27,sh.603939,55.9800,56.9900,54.7100,55.6400,55.1000,1638390,91396301.0000,3,0.451727,1,0.980038,52.565337,3.628261,56.725184,6.148369,0
2018-09-28,sh.603939,55.9800,57.6800,55.0500,57.4500,55.6400,1673389,94941782.0000,3,0.461377,1,3.253058,54.275317,3.746290,58.570485,6.348379,0
2018-10-08,sh.603939,55.6000,57.0100,54.2100,54.4000,57.4500,1645037,91058081.0000,3,0.453560,1,-5.308963,51.393859,3.547401,55.460999,6.011346,0
2018-10-09,sh.603939,53.7000,53.9900,48.9600,49.7300,54.4000,4318522,218956137.0000,3,1.190677,1,-8.584562,46.981923,3.242872,50.699917,5.495298,0
2018-10-10,sh.603939,49.8000,50.3300,49.0000,49.6100,49.7300,1479005,73475481.0000,3,0.407782,1,-0.241301,46.868554,3.235047,50.577576,5.482038,0
2018-10-11,sh.603939,49.6100,49.6100,49.6100,49.6100,49.6100,0,0.0000,3,,0,0.000000,46.868554,3.235047,50.577576,5.482038,0
2018-10-12,sh.603939,49.6100,49.6100,49.6100,49.6100,49.6100,0,0.0000,3,,0,0.000000,46.868554,3.235047,50.577576,5.482038,0
2018-10-15,sh.603939,49.6100,49.6100,49.6100,49.6100,49.6100,0,0.0000,3,,0,0.000000,46.868554,3.235047,50.577576,5.482038,0
2018-10-16,sh.603939,49.6100,49.6100,49.6100,49.6100,49.6100,0,0.0000,3,,0,0.000000,46.868554,3.235047,50.577576,5.482038,0
2018-10-17,sh.603939,49.6100,49.6100,49.6100,49.6100,49.6100,0,0.0000,3,,0,0.000000,46.868554,3.235047,50.577576,5.482038,0
2018-10-18,sh.603939,49.6100,49.6100,49.6100,49.6100,49.6100,0,0.0000,3,,0,0.000000,46.868554,3.235047,50.577576,5.482038,0
2018-10-19,sh.603939,44.6500,47.5800,44.6500,47.2800,49.6100,5123940,231400266.0000,3,1.412742,1,-4.696637,44.667310,3.083109,48.202133,5.224567,0
2018-10-22,sh.603939,46.5000,49.7000,46.5000,49.1000,47.2800,2595680,126833142.0000,3,0.715665,1,3.849407,46.386737,3.201790,50.057630,5.425682,0
2018-10-23,sh.603939,49.1000,49.1000,45.8700,46.8000,49.1000,2265344,107124675.0000,3,0.624587,1,-4.684316,44.213835,3.051808,47.712771,5.171526,0
2018-10-24,sh.603939,46.8000,48.4800,46.1000,46.8000,46.8000,1231598,58384543.0000,3,0.339569,1,0.000000,44.213835,3.051808,47.712771,5.171526,0
2018-10-25,sh.603939,44.6100,47.3300,44.6100,46.4800,46.8000,1051818,48936386.0000,3,0.290001,1,-0.683760,43.911518,3.030941,47.386530,5.136165,0
2018-10-26,sh.603939,47.3000,47.4400,44.5000,45.0400,46.4800,2176005,99192151.0000,3,0.599955,1,-3.098104,42.551092,2.937039,45.918445,4.977041,0
2018-10-29,sh.603939,45.0400,45.5800,42.6800,44.8600,45.0400,1892887,83670713.0000,3,0.521895,1,-0.399645,42.381039,2.925301,45.734934,4.957150,0
2018-10-30,sh.603939,45.0000,47.3100,43.1800,46.2300,44.8600,1612827,74179544.0000,3,0.444679,1,3.053943,41.701892,2.769674,93.831065,4.961058,0
2018-10-31,sh.603939,45.9200,49.1500,45.7000,48.4100,46.2300,1213338,58583662.0000,3,0.334534,1,4.715553,43.668367,2.900280,98.255718,5.195000,0
2018-11-01,sh.603939,48.4100,49.9600,48.0500,48.4700,48.4100,1604319,78743701.0000,3,0.442333,1,0.123944,43.722490,2.903875,98.377498,5.201438,0
2018-11-02,sh.603939,49.8800,52.2800,49.5000,51.7000,48.4700,2406760,123208222.0000,3,0.663577,1,6.663915,46.636120,3.097386,104.933291,5.548058,0
2018-11-05,sh.603939,52.2000,52.2000,50.0000,50.6000,51.7000,1569419,79718793.0000,3,0.432711,1,-2.127664,45.643862,3.031484,102.700668,5.430014,0
2018-11-06,sh.603939,51.0000,51.6500,49.1300,51.1500,50.6000,842267,42852882.0000,3,0.232225,1,1.086963,46.139991,3.064435,103.816980,5.489036,0
2018-11-07,sh.603939,50.0400,52.4000,50.0400,50.9700,51.1500,1041830,53690097.0000,3,0.287247,1,-0.351907,45.977622,3.053651,103.451641,5.469720,0
2018-11-08,sh.603939,51.1100,52.2000,51.1100,51.5900,50.9700,654739,33813811.0000,3,0.180521,1,1.216400,46.536894,3.090796,104.710029,5.536253,0
2018-11-09,sh.603939,51.5700,51.9800,50.1600,50.5600,51.5900,1187476,60649897.0000,3,0.327404,1,-1.996509,45.607780,3.029088,102.619482,5.425721,0
2018-11-12,sh.603939,50.5700,53.1500,50.5000,52.7200,50.5600,1693744,88024115.0000,3,0.466989,1,4.272151,47.556214,3.158495,107.003542,5.657517,0
2018-11-13,sh.603939,52.5000,54.6000,51.3100,53.8000,52.7200,1705060,91516106.0000,3,0.470109,1,2.048555,48.530430,3.223199,109.195572,5.773414,0
2018-11-14,sh.603939,54.0000,54.8000,52.2000,53.6900,53.8000,1983625,106316805.0000,3,0.546913,1,-0.204462,48.431205,3.216609,108.972310,5.761610,0
2018-11-15,sh.603939,53.6900,53.9000,52.3300,53.2400,53.6900,1242385,65691974.0000,3,0.342543,1,-0.838139,49.893799,3.313748,112.263210,5.935607,0
2018-11-16,sh.603939,53.1000,53.7000,51.7500,52.4700,53.2400,1184671,62272971.0000,3,0.326630,1,-1.446282,49.172194,3.265822,110.639568,5.849761,0
2018-11-19,sh.603939,52.4600,53.5000,51.1000,52.5900,52.4700,1174690,61578805.0000,3,0.323878,1,0.228700,49.284652,3.273291,110.892604,5.863140,0
2018-11-20,sh.603939,52.1100,52.9900,51.0500,51.0800,52.5900,884864,45655183.0000,3,0.243969,1,-2.871265,47.869558,3.179306,107.708579,5.694793,0
2018-11-21,sh.603939,51.0800,52.2800,50.5600,51.4700,51.0800,892194,45893525.0000,3,0.245990,1,0.763507,48.235046,3.203581,108.530943,5.738274,0
2018-11-22,sh.603939,52.1200,52.1200,50.3300,50.3500,51.4700,937589,47897226.0000,3,0.258506,1,-2.176030,47.185439,3.133870,106.169283,5.613407,0
2018-11-23,sh.603939,50.9300,51.2900,49.1800,49.8800,50.3500,841015,42191160.0000,3,0.231880,1,-0.933461,46.744979,3.104616,105.178229,5.561008,0
2018-11-26,sh.603939,49.9400,51.1200,49.0000,51.0000,49.8800,1241030,62279687.0000,3,0.342169,1,2.245387,47.794586,3.174327,107.539889,5.685874,0
2018-11-27,sh.603939,49.0000,49.8800,47.5000,48.6600,51.0000,3723855,181633026.0000,3,1.026719,1,-4.588235,45.601658,3.028681,102.605706,5.424993,0
2018-11-28,sh.603939,48.3500,49.1000,48.0000,48.4000,48.6600,1506763,72998075.0000,3,0.415436,1,-0.534316,45.357999,3.012499,102.057464,5.396006,0
2018-11-29,sh.603939,48.5900,49.1900,47.7000,47.8100,48.4000,893417,43387716.0000,3,0.246328,1,-1.219009,44.805081,2.975776,100.813375,5.330229,0
2018-11-30,sh.603939,48.0500,48.2800,47.1800,48.0400,47.8100,1342158,63796089.0000,3,0.370052,1,0.481070,45.020625,2.990092,101.298359,5.355871,0
2018-12-03,sh.603939,48.5500,51.3900,48.5400,50.4000,48.0400,1999235,99496234.0000,3,0.551217,1,4.912574,47.232296,3.136982,106.274714,5.618982,0
2018-12-04,sh.603939,50.3000,51.7500,50.0500,51.7500,50.4000,953962,48490155.0000,3,0.263021,1,2.678568,48.497447,3.221008,109.121358,5.769490,0
2018-12-05,sh.603939,50.5000,54.4000,50.4700,53.6100,51.7500,2077633,110486324.0000,3,0.572833,1,3.594204,50.240544,3.336778,113.043401,5.976857,0
2018-12-06,sh.603939,53.5000,53.5000,51.3000,52.2400,53.6100,996321,52414134.0000,3,0.274700,1,-2.555491,48.956650,3.251507,110.154585,5.824119,0
2018-12-07,sh.603939,52.2900,52.2900,49.0100,49.7000,52.2400,1709278,85221398.0000,3,0.471272,1,-4.862176,46.576292,3.093413,104.798676,5.540940,0
2018-12-10,sh.603939,49.2300,51.1900,49.2300,50.0000,49.7000,918749,46261021.0000,3,0.253312,1,0.603620,46.857437,3.112085,105.431264,5.574387,0
2018-12-11,sh.603939,50.3800,52.9800,50.3800,52.1700,50.0000,1518449,79124317.0000,3,0.418658,1,4.339996,48.891050,3.247150,110.006981,5.816315,0
2018-12-12,sh.603939,53.0000,53.5500,49.8000,50.0400,52.1700,1463909,74311909.0000,3,0.403620,1,-4.082801,46.894923,3.114575,105.515609,5.578846,0
2018-12-13,sh.603939,50.2900,52.4500,49.0700,51.4700,50.0400,1981147,102220040.0000,3,0.546230,1,2.857714,48.235046,3.203581,108.530943,5.738274,0
2018-12-14,sh.603939,52.0000,52.0000,49.9000,49.9600,51.4700,1284185,64711131.0000,3,0.354068,1,-2.933752,46.819951,3.109596,105.346919,5.569927,0
2018-12-17,sh.603939,49.1900,49.3000,45.0000,46.8500,49.9600,4536203,211951186.0000,3,1.250695,1,-6.224981,43.905418,2.916024,98.789094,5.223200,0
2018-12-18,sh.603939,46.7400,47.9000,45.1600,47.2200,46.8500,958244,45245813.0000,3,0.264201,1,0.789760,44.252163,2.939053,99.569286,5.264451,0
2018-12-19,sh.603939,47.2000,47.3000,45.5100,46.0100,47.2200,842934,38921304.0000,3,0.232409,1,-2.562480,43.118213,2.863741,97.017849,5.129551,0
2018-12-20,sh.603939,45.6900,46.0000,43.1300,43.3700,46.0100,2866552,126122309.0000,3,0.790349,1,-5.737882,40.644141,2.699423,91.451078,4.835223,0
2018-12-21,sh.603939,43.4000,43.8000,41.2800,41.2900,43.3700,2794675,117616518.0000,3,0.770531,1,-4.795938,38.694871,2.569960,87.065138,4.603329,0
2018-12-24,sh.603939,41.9000,43.8000,41.7700,43.3000,41.2900,1551949,66881385.0000,3,0.427894,1,4.868002,40.578540,2.695066,91.303475,4.827419,0
2018-12-25,sh.603939,43.8000,43.8000,41.1200,43.1700,43.3000,1521559,65431908.0000,3,0.419515,1,-0.300233,40.456711,2.686974,91.029353,4.812925,0
2018-12-26,sh.603939,43.9700,43.9700,41.9300,42.1000,43.1700,1798431,76544853.0000,3,0.495853,1,-2.478573,39.453962,2.620376,88.773124,4.693634,0
2018-12-27,sh.603939,42.6000,43.3800,42.2100,42.4700,42.1000,1693246,72294980.0000,3,0.466852,1,0.878866,39.800707,2.643405,89.553316,4.734884,0
2018-12-28,sh.603939,42.4500,42.5000,40.4600,41.7000,42.4700,2879975,119970006.0000,3,0.794049,1,-1.813046,39.079102,2.595479,87.929674,4.649038,0
2019-01-02,sh.603939,42.4600,42.9000,39.6800,40.2800,41.7000,2584053,104382893.0000,3,0.712460,1,-3.405280,37.748351,2.507096,84.935426,4.490726,0
2019-01-03,sh.603939,39.2000,41.3000,39.0800,39.6000,40.2800,1865082,74442922.0000,3,0.514229,1,-1.688183,37.111090,2.464772,83.501561,4.414914,0
2019-01-04,sh.603939,39.6000,40.5000,39.1100,40.1100,39.6000,1969997,78992781.0000,3,0.543156,1,1.287884,37.589036,2.496515,84.576960,4.471773,0
2019-01-07,sh.603939,40.6000,40.6600,39.3200,40.1000,40.1100,2091276,83744422.0000,3,0.576594,1,-0.024937,37.579664,2.495892,84.555874,4.470658,0
2019-01-08,sh.603939,40.2400,40.4600,39.0000,39.2600,40.1000,1544467,61031035.0000,3,0.425831,1,-2.094764,36.792459,2.443609,82.784629,4.377008,0
2019-01-09,sh.603939,39.6000,40.5000,39.0000,39.8800,39.2600,1869965,74699743.0000,3,0.515576,1,1.579223,37.373492,2.482199,84.091976,4.446131,0
2019-01-10,sh.603939,39.7200,41.5900,39.5200,40.4500,39.8800,1783282,72391068.0000,3,0.491676,1,1.429287,37.907666,2.517677,85.293893,4.509679,0
2019-01-11,sh.603939,40.4300,41.2000,39.3800,40.9300,40.4500,1654069,66725423.0000,3,0.456050,1,1.186649,38.357498,2.547553,86.306033,4.563193,0
2019-01-14,sh.603939,40.7500,40.8800,39.6300,39.9400,40.9300,2057633,82479217.0000,3,0.567318,1,-2.418768,37.429721,2.485934,84.218494,4.452820,0
2019-01-15,sh.603939,39.9900,41.5500,39.7500,41.2400,39.9400,1705317,69729211.0000,3,0.470180,1,3.254890,38.648014,2.566848,86.959707,4.597754,0
2019-01-16,sh.603939,41.4400,43.6900,41.4400,43.0800,41.2400,2076965,88872570.0000,3,0.572648,1,4.461688,40.372368,2.681373,90.839577,4.802892,0
2019-01-17,sh.603939,43.1800,43.9600,42.5400,42.9600,43.0800,1827149,79102601.0000,3,0.503771,1,-0.278558,40.259910,2.673904,90.586542,4.789513,0
2019-01-18,sh.603939,42.2100,43.9500,42.2100,43.7400,42.9600,1764722,76582248.0000,3,0.486559,1,1.815649,40.990886,2.722452,92.231270,4.876473,0
2019-01-21,sh.603939,44.0000,45.8500,43.5500,44.9400,43.7400,2257786,101427282.0000,3,0.622503,1,2.743477,42.115464,2.797142,94.761620,5.010259,0
2019-01-22,sh.603939,44.7700,45.6800,44.4500,45.0000,44.9400,1447592,65188851.0000,3,0.399121,1,0.133514,42.171693,2.800877,94.888138,5.016948,0
2019-01-23,sh.603939,44.3900,45.3400,44.3900,45.1200,45.0000,941262,42401192.0000,3,0.259519,1,0.266664,42.284151,2.808346,95.141173,5.030327,0
2019-01-24,sh.603939,45.0000,45.5500,44.0000,45.0300,45.1200,1293774,58027985.0000,3,0.356712,1,-0.199468,42.199808,2.802744,94.951396,5.020293,0
2019-01-25,sh.603939,45.4800,45.4800,44.4600,45.2000,45.0300,651273,29462524.0000,3,0.179565,1,0.377530,42.359123,2.813325,95.309863,5.039246,0
2019-01-28,sh.603939,45.0600,46.0900,44.6200,45.0400,45.2000,656204,29734663.0000,3,0.180925,1,-0.353982,42.209179,2.803366,94.972483,5.021408,0
2019-01-29,sh.603939,45.0400,45.1800,43.3200,44.0000,45.0400,2070898,90988847.0000,3,0.570976,1,-2.309061,41.234544,2.738635,92.779512,4.905460,0
2019-01-30,sh.603939,44.3600,45.0000,43.6400,43.7700,44.0000,1100346,48878113.0000,3,0.303381,1,-0.522726,41.019000,2.724319,92.294529,4.879818,0
2019-01-31,sh.603939,43.5000,44.6500,43.5000,43.5700,43.7700,1065487,46805467.0000,3,0.293770,1,-0.456936,40.831571,2.711871,91.872803,4.857521,0
2019-02-01,sh.603939,43.9800,45.8300,43.3400,45.5000,43.5700,1876664,84094594.0000,3,0.517423,1,4.429654,42.640268,2.831998,95.942450,5.072692,0
2019-02-11,sh.603939,45.1200,45.9200,44.5200,45.5000,45.5000,2627653,118210267.0000,3,0.724481,1,0.000000,42.640268,2.831998,95.942450,5.072692,0
2019-02-12,sh.603939,45.6700,45.6700,44.7200,45.1300,45.5000,2859718,128732137.0000,3,0.788464,1,-0.813184,42.293523,2.808968,95.162259,5.031441,0
2019-02-13,sh.603939,45.4000,48.6300,45.3000,48.2500,45.1300,3278525,155550566.0000,3,0.903935,1,6.913359,45.217427,3.003162,101.741170,5.379283,0
2019-02-14,sh.603939,48.0800,50.0800,46.5000,49.7500,48.2500,2223574,108640091.0000,3,0.613071,1,3.108808,46.623150,3.096525,104.904108,5.546515,0
2019-02-15,sh.603939,49.1800,49.6000,48.5000,48.7000,49.7500,1555105,76270915.0000,3,0.428764,1,-2.110551,45.639144,3.031171,102.690051,5.429453,0
2019-02-18,sh.603939,49.3000,52.9800,48.5600,51.4000,48.7000,1860527,95132902.0000,3,0.512973,1,5.544149,48.169445,3.199224,108.383339,5.730469,0
2019-02-19,sh.603939,52.0000,53.1800,50.3700,51.2000,51.4000,1586964,81965461.0000,3,0.437548,1,-0.389107,47.982015,3.186775,107.961614,5.708172,0
2019-02-20,sh.603939,51.2900,51.4600,49.3900,50.3500,51.2000,1378547,69266963.0000,3,0.380085,1,-1.660161,47.185439,3.133870,106.169283,5.613407,0
2019-02-21,sh.603939,50.3500,53.3800,50.3500,51.9000,50.3500,2081856,108045033.0000,3,0.573997,1,3.078457,48.638019,3.230345,109.437652,5.786213,0
2019-02-22,sh.603939,52.0000,53.6000,51.2000,52.7000,51.9000,1483040,78087838.0000,3,0.408895,1,1.541424,49.387738,3.280138,111.124552,5.875404,0
2019-02-25,sh.603939,52.7200,57.9700,52.7000,57.7800,52.7000,2413666,134063016.0000,3,0.665482,1,9.639465,54.148454,3.596326,121.836369,6.441761,0
2019-02-26,sh.603939,56.6000,58.2400,56.5000,56.8000,57.7800,2141840,123351412.0000,3,0.590535,1,-1.696088,53.230048,3.535329,119.769916,6.332503,0
2019-02-27,sh.603939,56.2800,56.6800,54.0500,54.5000,56.8000,2083454,114025174.0000,3,0.574437,1,-4.049294,51.074606,3.392173,114.920078,6.076081,0
2019-02-28,sh.603939,54.7000,55.3800,54.0000,55.2700,54.5000,1351861,74012521.0000,3,0.372727,1,1.412845,51.796211,3.440099,116.543719,6.161927,0
2019-03-01,sh.603939,55.2700,55.5000,52.8200,53.5600,55.2700,3424636,182457025.0000,3,0.944220,1,-3.093901,50.193686,3.333666,112.937970,5.971283,0
2019-03-04,sh.603939,53.6200,55.5900,53.5400,54.6200,53.5600,3094138,168632795.0000,3,0.853097,1,1.979084,51.187064,3.399642,115.173113,6.089460,0
2019-03-05,sh.603939,55.4700,55.5000,52.3600,53.5700,54.6200,3610867,191984754.0000,3,0.995567,1,-1.922371,50.203058,3.334288,112.959056,5.972398,0
2019-03-06,sh.603939,53.4000,54.6800,53.0500,54.1700,53.5700,2459567,132262792.0000,3,0.678137,1,1.120027,50.765347,3.371633,114.224231,6.039291,0
2019-03-07,sh.603939,54.2000,54.8800,52.1500,54.0000,54.1700,2569547,137419763.0000,3,0.708460,1,-0.313823,50.606032,3.361052,113.865765,6.020338,0
2019-03-08,sh.603939,53.9800,54.4900,52.2700,52.9800,54.0000,2138887,114418115.0000,3,0.589721,1,-1.888890,49.650140,3.297566,111.714967,5.906620,0
2019-03-11,sh.603939,52.3500,55.1600,52.3500,54.6300,52.9800,1689082,91482151.0000,3,0.465704,1,3.114386,51.196436,3.400264,115.194199,6.090575,0
2019-03-12,sh.603939,55.0000,56.5000,54.8000,55.2800,54.6300,1731828,96519063.0000,3,0.477489,1,1.189818,51.805582,3.440722,116.564806,6.163042,0
2019-03-13,sh.603939,55.4000,56.0000,53.7400,54.5100,55.2800,1772688,96847595.0000,3,0.488755,1,-1.392910,51.083978,3.392795,114.941164,6.077196,0
2019-03-14,sh.603939,54.5000,54.9500,54.0100,54.5600,54.5100,849490,46218266.0000,3,0.234216,1,0.091732,51.130835,3.395908,115.046595,6.082771,0
2019-03-15,sh.603939,54.8800,56.5400,53.7500,54.2000,54.5600,2229731,122823664.0000,3,0.614768,1,-0.659825,50.793462,3.373500,114.287490,6.042635,0
2019-03-18,sh.603939,54.2000,57.6600,53.3000,56.9800,54.2000,2597281,145432041.0000,3,0.716107,1,5.129149,53.398735,3.546532,120.149469,6.352571,0
2019-03-19,sh.603939,57.0000,58.2000,55.3000,55.9100,56.9800,1707482,96461738.0000,3,0.470777,1,-1.877851,52.395986,3.479934,117.893239,6.233279,0
2019-03-20,sh.603939,55.9200,56.3200,55.0100,56.2800,55.9100,1333974,74360727.0000,3,0.367795,1,0.661776,52.742731,3.502963,118.673431,6.274530,0
2019-03-21,sh.603939,56.1100,57.4500,55.3900,56.5900,56.2800,787328,44543244.0000,3,0.217077,1,0.550820,53.033247,3.522258,119.327105,6.309091,0
2019-03-22,sh.603939,56.0100,57.4800,55.7000,56.9800,56.5900,1282401,72714668.0000,3,0.353576,1,0.689167,53.398735,3.546532,120.149469,6.352571,0
2019-03-25,sh.603939,56.8400,57.7200,55.6900,55.8800,56.9800,1043055,58970330.0000,3,0.287585,1,-1.930499,52.367871,3.478067,117.829981,6.229935,0
2019-03-26,sh.603939,56.0100,56.7000,54.2500,54.8000,55.8800,1127372,62385240.0000,3,0.310832,1,-1.932716,51.355751,3.410846,115.552665,6.109528,0
2019-03-27,sh.603939,54.7800,55.8000,54.5300,55.1900,54.8000,1036380,57152315.0000,3,0.285744,1,0.711678,51.721239,3.435120,116.375029,6.153008,0
2019-03-28,sh.603939,55.0900,58.2000,54.5900,57.1100,55.1900,1528531,87376425.0000,3,0.421437,1,3.478895,53.520564,3.554624,120.423590,6.367064,0
2019-03-29,sh.603939,57.9300,58.5000,56.6000,58.0200,57.1100,1471480,84933639.0000,3,0.405708,1,1.593416,54.373370,3.611264,122.342439,6.468518,0
2019-04-01,sh.603939,58.9000,60.8100,58.3600,59.2900,58.0200,1667159,99509472.0000,3,0.459659,1,2.188901,55.563549,3.690311,125.020393,6.610108,0
2019-04-02,sh.603939,59.5000,59.5000,57.5000,59.1000,59.2900,2389267,139017954.0000,3,0.658754,1,-0.320463,55.385490,3.678485,124.619754,6.588925,0
2019-04-03,sh.603939,58.9300,59.6600,57.8600,59.3100,59.1000,1182218,69434049.0000,3,0.325954,1,0.355335,55.582292,3.691556,125.062565,6.612337,0
2019-04-04,sh.603939,59.2400,59.2400,58.0100,58.0900,59.3100,1005883,58805723.0000,3,0.277336,1,-2.056991,54.438970,3.615621,122.490043,6.476322,0
2019-04-08,sh.603939,58.1100,60.2500,57.0400,57.4900,58.0900,2267240,132547055.0000,3,0.625110,1,-1.032877,53.876681,3.578276,121.224867,6.409430,0
2019-04-09,sh.603939,57.9500,58.5000,56.1200,58.3500,57.4900,1574800,89896540.0000,3,0.434194,1,1.495907,54.682629,3.631804,123.038285,6.505309,0
2019-04-10,sh.603939,59.8000,61.6600,58.6000,58.9800,58.3500,3506358,210399862.0000,3,0.966752,1,1.079693,48.038958,2.813034,142.235273,5.283973,0
2019-04-11,sh.603939,59.1200,60.2900,58.0700,59.8500,58.9800,2726494,161565514.0000,3,0.751733,1,1.475075,48.747569,2.854528,144.333352,5.361915,0
2019-04-12,sh.603939,59.1000,59.4000,56.9600,57.7000,59.8500,2151571,124369302.0000,3,0.593218,1,-3.592310,46.996403,2.751984,139.148445,5.169298,0
2019-04-15,sh.603939,57.6000,58.9000,57.4800,57.5900,57.7000,1120407,64884275.0000,3,0.308912,1,-0.190642,46.906809,2.746738,138.883170,5.159444,0
2019-04-16,sh.603939,57.3000,58.3000,56.8000,58.2600,57.5900,864137,49855066.0000,3,0.238255,1,1.163393,47.452521,2.778693,140.498932,5.219468,0
2019-04-17,sh.603939,58.6500,59.0300,58.0000,58.3400,58.2600,815250,47665428.0000,3,0.224776,1,0.137319,47.517681,2.782509,140.691859,5.226635,0
2019-04-18,sh.603939,58.3000,58.3600,56.5600,56.7400,58.3400,669720,38438732.0000,3,0.184651,1,-2.742541,46.214487,2.706197,136.833323,5.083293,0
2019-04-19,sh.603939,57.2800,58.3000,56.3000,57.1200,56.7400,1157700,66163009.0000,3,0.319194,1,0.669717,46.523996,2.724321,137.749725,5.117337,0
2019-04-22,sh.603939,57.0800,57.5000,56.3600,56.6500,57.1200,858791,48856797.0000,3,0.236781,1,-0.822825,46.141183,2.701905,136.616281,5.075230,0
2019-04-23,sh.603939,56.6500,57.6000,56.1600,57.0000,56.6500,1399833,79967958.0000,3,0.385954,1,0.617826,46.426256,2.718598,137.460335,5.106586,0
2019-04-24,sh.603939,56.7500,58.8800,56.7500,58.8700,57.0000,1398730,81412861.0000,3,0.385649,1,3.280700,47.949363,2.807787,141.969999,5.274118,0
2019-04-25,sh.603939,58.4900,59.7100,58.1100,58.3100,58.8700,874679,51470704.0000,3,0.241161,1,-0.951244,47.493246,2.781078,140.619511,5.223948,0
2019-04-26,sh.603939,58.2900,58.7000,57.4000,57.5200,58.3100,806144,46750783.0000,3,0.222265,1,-1.354829,46.849794,2.743399,138.714359,5.153172,0
2019-04-29,sh.603939,57.7900,61.6600,57.6600,60.4000,57.5200,1861993,112017791.0000,3,0.513378,1,5.006956,49.195542,2.880760,145.659724,5.411189,0
2019-04-30,sh.603939,59.5000,60.8000,59.0100,60.0500,60.4000,1052410,62766324.0000,3,0.290164,1,-0.579474,48.910468,2.864067,144.815669,5.379833,0
2019-05-06,sh.603939,57.6800,60.5000,57.0500,59.8500,60.0500,1827810,107753934.0000,3,0.503953,1,-0.333057,48.747569,2.854528,144.333352,5.361915,0
2019-05-07,sh.603939,59.9000,63.8000,59.2400,63.4500,59.8500,2119244,131854348.0000,3,0.584305,1,6.015041,51.679754,3.026229,153.015057,5.684436,0
2019-05-08,sh.603939,62.6000,65.8000,61.7000,62.8700,63.4500,1570116,100410991.0000,3,0.432903,1,-0.914108,51.207346,2.998566,151.616338,5.632475,0
2019-05-09,sh.603939,61.9000,61.9000,59.8800,60.3900,62.8700,1899982,115552327.0000,3,0.523852,1,-3.944647,49.187397,2.880283,145.635608,5.410293,0
2019-05-10,sh.603939,60.5100,62.3700,59.5600,61.6000,60.3900,1329830,81395093.0000,3,0.366653,1,2.003641,50.172937,2.937994,148.553625,5.518696,0
2019-05-13,sh.603939,61.0000,61.7000,58.0500,60.8300,61.6000,1789660,107588394.0000,3,0.493434,1,-1.249995,49.545775,2.901269,146.696705,5.449713,0
2019-05-14,sh.603939,60.0000,62.7200,59.7000,62.0300,60.8300,2168900,132779644.0000,3,0.597996,1,1.972706,50.523170,2.958502,149.590607,5.557220,0
2019-05-15,sh.603939,62.0300,64.1700,61.6000,62.7800,62.0300,1984627,125450775.0000,3,0.547189,1,1.209092,51.134042,2.994273,151.399296,5.624412,0
2019-05-16,sh.603939,62.9400,65.0000,62.3100,64.9000,62.7800,2084578,132799335.0000,3,0.574747,1,3.376876,52.860772,3.095386,156.511855,5.814341,0
2019-05-17,sh.603939,64.3100,68.5000,63.5000,64.3500,64.9000,3342759,220432659.0000,3,0.921646,1,-0.847462,52.412800,3.069154,155.185484,5.765067,0
2019-05-20,sh.603939,64.5500,64.9800,62.0000,63.4500,64.3500,1875630,118190197.0000,3,0.517137,1,-1.398598,51.679754,3.026229,153.015057,5.684436,0
2019-05-21,sh.603939,63.2800,63.4500,61.1100,62.2000,63.4500,2717088,169299848.0000,3,0.749139,1,-1.970055,50.661634,2.966610,150.000576,5.572450,0
2019-05-22,sh.603939,62.0300,63.5500,61.1800,62.2900,62.2000,1317445,82147259.0000,3,0.363238,1,0.144695,50.734939,2.970903,150.217619,5.580513,0
2019-05-23,sh.603939,62.0900,62.2900,59.5500,60.4000,62.2900,1800817,109507775.0000,3,0.496510,1,-3.034194,49.195542,2.880760,145.659724,5.411189,0
2019-05-24,sh.603939,60.1800,61.5000,60.1800,61.2000,60.4000,1282393,78196078.0000,3,0.353574,1,1.324502,49.847138,2.918916,147.588992,5.482861,0
2019-05-27,sh.603939,61.7700,62.3700,59.2300,62.1500,61.2000,1649488,100527855.0000,3,0.454787,1,1.552289,50.620909,2.964226,149.879997,5.567970,0
2019-05-28,sh.603939,62.0200,62.0400,61.0000,61.5000,62.1500,1070958,65795967.0000,3,0.295278,1,-1.045859,50.091487,2.933224,148.312467,5.509737,0
2019-05-29,sh.603939,61.5000,61.5000,60.2000,60.6100,61.5000,934774,56697946.0000,3,0.257730,1,-1.447153,49.366586,2.890776,146.166156,5.430003,0
2019-05-30,sh.603939,60.0900,61.4700,59.6600,61.0100,60.6100,1067011,64872091.0000,3,0.294190,1,0.659953,49.692384,2.909854,147.130790,5.465839,0
2019-05-31,sh.603939,60.9900,62.9500,60.4100,62.6200,61.0100,1020407,63162199.0000,3,0.281341,1,2.638913,51.003722,2.986642,151.013442,5.610077,0
2019-06-03,sh.603939,62.2400,63.9500,60.2800,62.4500,62.6200,1435066,88723863.0000,3,0.395668,1,-0.271476,50.865258,2.978534,150.603473,5.594847,0
2019-06-04,sh.603939,62.1000,62.1000,60.0500,60.7900,62.4500,1270575,77291466.0000,3,0.350315,1,-2.658126,49.513195,2.899361,146.600242,5.446129,0
2019-06-05,sh.603939,60.7500,61.2300,58.2100,58.8900,60.7900,2332930,137485043.0000,3,0.643221,1,-3.125517,47.965653,2.808741,142.018231,5.275909,0
2019-06-06,sh.603939,58.7600,58.7600,56.6600,57.1300,58.5900,1384304,79314035.0000,3,0.381672,1,-2.491891,46.532141,2.724798,137.773841,5.118232,0
2019-06-10,sh.603939,57.4900,58.9000,56.5000,57.5300,57.1300,2369615,137061075.0000,3,0.653336,1,0.700153,46.857939,2.743876,138.738475,5.154068,0
2019-06-11,sh.603939,58.2500,60.5000,57.7300,60.1800,57.5300,1363762,81181544.0000,3,0.376008,1,4.606295,49.016353,2.870267,145.129175,5.391480,0
2019-06-12,sh.603939,60.7600,61.9000,60.1800,61.1600,60.1800,996862,60872982.0000,3,0.274849,1,1.628447,49.814558,2.917008,147.492528,5.479277,0
2019-06-13,sh.603939,61.1600,62.3900,61.1600,61.8000,61.1600,1018671,62941532.0000,3,0.280862,1,1.046435,50.335836,2.947533,149.035942,5.536614,0
2019-06-14,sh.603939,62.0000,62.5000,58.7600,58.7600,61.8000,1986108,120868890.0000,3,0.547598,1,-4.919096,47.859769,2.802541,141.704725,5.264263,0
2019-06-17,sh.603939,60.2000,62.6200,59.0200,60.1500,58.7600,1676736,101463392.0000,3,0.462300,1,2.365560,48.991918,2.868836,145.056827,5.388792,0
2019-06-18,sh.603939,60.6200,60.9000,58.8000,59.2300,60.1500,1646869,97734537.0000,3,0.454065,1,-1.529513,48.242582,2.824957,142.838169,5.306370,0
2019-06-19,sh.603939,60.2900,62.0000,58.7500,59.5200,59.2300,1831757,109617237.0000,3,0.505041,1,0.489618,48.478785,2.838789,143.537529,5.332351,0
2019-06-20,sh.603939,59.0500,63.1000,58.5100,62.8000,59.5200,2373695,146235557.0000,3,0.654461,1,5.510750,51.150331,2.995227,151.447527,5.626203,0
2019-06-21,sh.603939,63.0000,65.4000,62.7200,63.4000,62.8000,1822175,116515360.0000,3,0.502399,1,0.955418,51.639029,3.023844,152.894478,5.679957,0
2019-06-24,sh.603939,63.0600,65.6500,62.2900,65.3000,63.4000,1449031,93658413.0000,3,0.399518,1,2.996848,53.186571,3.114464,157.476489,5.850176,0
2019-06-25,sh.603939,64.8700,66.6400,63.5000,65.4000,65.3000,1499124,97529398.0000,3,0.413329,1,0.153137,53.268020,3.119233,157.717648,5.859135,0
2019-06-26,sh.603939,65.4000,69.9000,64.2500,69.5000,65.4000,1931035,130878896.0000,3,0.532413,1,6.269111,56.607453,3.314782,167.605146,6.226451,0
2019-06-27,sh.603939,69.4900,69.9500,68.3000,69.1300,69.5000,1243546,85935569.0000,3,0.342863,1,-0.532378,56.306089,3.297135,166.712859,6.193303,0
2019-06-28,sh.603939,69.7000,70.0000,68.1500,69.9900,69.1300,905599,62768013.0000,3,0.249686,1,1.244034,57.006556,3.338152,168.786822,6.270350,0
2019-07-01,sh.603939,70.8800,73.5000,69.5100,71.5200,69.9900,2044728,145378150.0000,3,0.563760,1,2.186025,58.252734,3.411125,172.476547,6.407421,0
2019-07-02,sh.603939,71.4500,71.9500,69.3700,71.0000,71.5200,1885782,133262876.0000,3,0.519937,1,-0.727065,57.829196,3.386324,171.222523,6.360835,0
2019-07-03,sh.603939,70.9300,70.9800,68.8000,69.9200,71.0000,2401698,167642312.0000,3,0.662182,1,-1.521129,56.949541,3.334814,168.618011,6.264079,0
2019-07-04,sh.603939,69.8600,70.3600,66.2000,66.8900,69.9200,2632647,177432091.0000,3,0.725858,1,-4.333522,54.787639,3.208218,162.216984,6.026284,0
2019-07-05,sh.603939,67.8700,69.8900,67.6000,68.8500,66.8900,2327713,159740150.0000,3,0.641783,1,2.930183,56.393018,3.302225,166.970240,6.202865,0
2019-07-08,sh.603939,69.8000,69.8800,66.8000,67.1600,68.8500,1757131,118776017.0000,3,0.484466,1,-2.454604,55.008789,3.221168,162.871770,6.050609,0
2019-07-09,sh.603939,67.1600,68.8100,66.6600,67.0000,67.1600,959625,64792589.0000,3,0.264582,1,-0.238242,54.877737,3.213494,162.483749,6.036194,0
2019-07-10,sh.603939,67.6900,69.6700,66.6100,68.0000,67.0000,1961585,133904029.0000,3,0.540836,1,1.492537,55.696808,3.261457,164.908879,6.126286,0
2019-07-11,sh.603939,68.8600,70.7500,68.0100,69.8600,68.0000,2348651,163474749.0000,3,0.647556,1,2.735295,57.220279,3.350667,169.419622,6.293858,0
2019-07-12,sh.603939,69.8600,70.1600,68.0000,68.1200,69.8600,1275700,87436903.0000,3,0.351728,1,-2.490693,55.795096,3.267212,165.199895,6.137097,0
2019-07-15,sh.603939,67.6900,69.8100,67.0000,68.1900,68.1200,1306731,89152222.0000,3,0.360284,1,0.102759,55.852431,3.270570,165.369654,6.143404,0
2019-07-16,sh.603939,67.9900,68.1800,66.6800,67.3900,68.1900,1088208,73351968.0000,3,0.300034,1,-1.173197,55.197175,3.232200,163.429550,6.071330,0
2019-07-17,sh.603939,67.6700,67.8900,66.7000,66.8900,67.3900,667600,44870871.0000,3,0.184067,1,-0.741950,54.787639,3.208218,162.216984,6.026284,0
2019-07-18,sh.603939,66.9500,67.5000,65.0000,66.1100,66.8900,1100381,72884775.0000,3,0.303390,1,-1.166092,54.148764,3.170808,160.325382,5.956011,0
2019-07-19,sh.603939,66.5400,67.8500,66.3000,67.5700,66.1100,1143762,76811344.0000,3,0.315351,1,2.208439,55.344608,3.240833,163.866073,6.087546,0
2019-07-22,sh.603939,66.8000,68.0000,65.4000,66.9600,67.5700,907934,60463833.0000,3,0.250330,1,-0.902768,54.844974,3.211576,162.386743,6.032590,0
2019-07-23,sh.603939,66.9700,67.4900,65.7000,66.3900,66.9600,1009824,66845697.0000,3,0.278423,1,-0.851254,54.378104,3.184237,161.004419,5.981237,0
2019-07-24,sh.603939,65.3000,67.9000,65.3000,66.8500,66.3900,946417,63329118.0000,3,0.260940,1,0.692874,54.754877,3.206300,162.119979,6.022680,0
2019-07-25,sh.603939,66.8700,67.2700,66.0300,66.6200,66.8500,806422,53555144.0000,3,0.222342,1,-0.344048,54.566490,3.195268,161.562199,6.001959,0
2019-07-26,sh.603939,66.4900,70.5000,66.0600,70.3700,66.6200,1513280,104334278.0000,3,0.417200,1,5.628900,57.638005,3.375128,170.656439,6.339805,0
2019-07-29,sh.603939,70.3300,70.9900,69.6500,70.2000,70.3700,930138,65254346.0000,3,0.256452,1,-0.241589,57.498763,3.366975,170.244167,6.324490,0
2019-07-30,sh.603939,69.8000,70.3800,68.3800,68.7000,70.2000,1324835,91522109.0000,3,0.365300,1,-2.136800,56.270157,3.295031,166.606471,6.189351,0
2019-07-31,sh.603939,68.2200,69.9600,68.2200,69.8000,68.7000,1127680,77851815.0000,3,0.310900,1,1.601200,57.171135,3.347790,169.274114,6.288453,0
2019-08-01,sh.603939,69.5000,69.7000,68.2000,68.4100,69.8000,999913,68898013.0000,3,0.275700,1,-1.991400,56.032627,3.281121,165.903183,6.163224,0
2019-08-02,sh.603939,67.5000,70.6300,66.2000,69.7900,68.4100,1613192,110950104.0000,3,0.444800,1,2.017200,57.162944,3.347310,169.249863,6.287552,0
2019-08-05,sh.603939,69.7900,70.3800,67.9900,68.0000,69.7900,1391273,95343611.0000,3,0.383600,1,-2.564800,55.696808,3.261457,164.908879,6.126286,0
2019-08-06,sh.603939,66.6300,68.5000,66.3900,67.7900,68.0000,825749,55839677.0000,3,0.227700,1,-0.308800,55.524803,3.251385,164.399602,6.107367,0
2019-08-07,sh.603939,68.2200,69.8900,67.3800,69.7000,67.7900,875923,60320188.0000,3,0.241500,1,2.817500,57.089228,3.342993,169.031601,6.279443,0
2019-08-08,sh.603939,69.9700,71.0000,69.3100,71.0000,69.7000,1248832,87528139.0000,3,0.344300,1,1.865100,58.154020,3.405345,172.184271,6.396564,0
2019-08-09,sh.603939,71.0700,73.4500,70.9000,71.2200,71.0000,1832148,131618190.0000,3,0.505100,1,0.309900,58.334216,3.415896,172.717800,6.416384,0
2019-08-12,sh.603939,71.9000,72.7200,70.5400,71.5000,71.2200,1751537,125655050.0000,3,0.482900,1,0.393100,58.563555,3.429326,173.396836,6.441610,0
2019-08-13,sh.603939,71.9700,73.8600,71.0500,71.9100,71.5000,1253911,90464438.0000,3,0.345700,1,0.573400,58.899374,3.448991,174.391140,6.478548,0
2019-08-14,sh.603939,72.0600,73.9000,71.0500,73.9000,71.9100,923462,67268070.0000,3,0.254600,1,2.767300,60.529325,3.544436,179.217150,6.657832,0
2019-08-15,sh.603939,73.0300,73.6900,72.6000,73.2800,73.9000,990211,72382230.0000,3,0.273000,1,-0.839000,60.021501,3.514699,177.713569,6.601974,0
2019-08-16,sh.603939,73.5100,75.0500,72.7800,74.9500,73.2800,1327458,98582014.0000,3,0.366000,1,2.278900,61.389349,3.594797,181.763537,6.752429,0
2019-08-19,sh.603939,76.0000,76.0000,73.2200,74.3000,74.9500,2133610,158942878.0000,3,0.588300,1,-0.867200,60.856953,3.563621,180.187202,6.693869,0
2019-08-20,sh.603939,74.8900,79.5500,74.8000,75.4400,74.3000,4397726,338000172.0000,3,1.212500,1,1.534300,57.259409,3.187719,213.478649,6.625888,0
2019-08-21,sh.603939,75.5300,76.3500,71.8900,72.8400,75.4400,2723128,199857612.0000,3,0.750800,1,-3.446500,55.285994,3.077856,206.121219,6.397531,0
2019-08-22,sh.603939,72.9000,77.8800,72.1100,77.1100,72.8400,3462959,263126772.0000,3,0.954800,1,5.862200,58.526949,3.258285,218.204383,6.772564,0
2019-08-23,sh.603939,78.3000,79.4300,75.2000,78.1600,77.1100,2701306,209109279.0000,3,0.744800,1,1.361700,59.323906,3.302653,221.175652,6.864786,0
2019-08-26,sh.603939,77.6200,79.3000,75.9300,77.4200,78.1600,1607848,124441712.0000,3,0.443300,1,-0.946800,58.762241,3.271384,219.081615,6.799792,0
2019-08-27,sh.603939,76.7100,79.1000,75.8800,75.9700,77.4200,2245625,173314490.0000,3,0.619200,1,-1.872900,57.661683,3.210115,214.978433,6.672438,0
2019-08-28,sh.603939,76.2400,77.4000,74.9800,75.7600,75.9700,2139829,162639401.0000,3,0.590000,1,-0.276400,57.502291,3.201241,214.384179,6.653994,0
2019-08-29,sh.603939,75.4100,77.4600,75.4100,77.0600,75.7600,1558960,119560331.0000,3,0.429800,1,1.715900,58.488999,3.256173,218.062894,6.768173,0
2019-08-30,sh.603939,76.6100,77.9400,75.5600,76.6000,77.0600,1438537,110296197.0000,3,0.396600,1,-0.596900,58.139856,3.236735,216.761194,6.727771,0
2019-09-02,sh.603939,76.5000,79.8300,75.8500,78.7200,76.6000,1333664,104055903.0000,3,0.367700,1,2.767600,59.748949,3.326316,222.760329,6.913970,0
2019-09-03,sh.603939,78.9600,79.2400,77.6900,78.3800,78.7200,1524104,119651439.0000,3,0.420200,1,-0.431900,59.490887,3.311949,221.798204,6.884108,0
2019-09-04,sh.603939,78.0000,79.0000,76.8000,78.5700,78.3800,950926,74151054.0000,3,0.262200,1,0.242400,59.635098,3.319978,222.335862,6.900796,0
2019-09-05,sh.603939,78.1600,80.5000,76.9000,77.2300,78.5700,1974705,153589306.0000,3,0.544500,1,-1.705500,58.618030,3.263356,218.543956,6.783104,0
2019-09-06,sh.603939,76.6600,78.2400,76.1000,78.0400,77.2300,1130837,87618944.0000,3,0.311800,1,1.048800,59.232825,3.297582,220.836079,6.854246,0
2019-09-09,sh.603939,78.4100,78.9000,76.0400,76.6800,78.0400,1966770,151277583.0000,3,0.542300,1,-1.742700,58.200577,3.240116,216.987577,6.734797,0
2019-09-10,sh.603939,76.8000,77.4500,76.2200,76.6900,76.6800,1122530,86157329.0000,3,0.309500,1,0.013000,58.208167,3.240538,217.015875,6.735676,0
2019-09-11,sh.603939,76.6700,77.5900,74.3800,74.8500,76.6900,1471043,111002772.0000,3,0.405600,1,-2.399300,56.811596,3.162789,211.809078,6.574069,0
2019-09-12,sh.603939,75.4400,75.9500,74.3900,75.3400,74.8500,1097478,82546518.0000,3,0.302600,1,0.654600,57.183509,3.183494,213.195671,6.617105,0
2019-09-16,sh.603939,75.3400,76.4300,74.5200,75.6000,75.3400,1074257,81108528.0000,3,0.296200,1,0.345100,57.380850,3.194480,213.931414,6.639941,0
2019-09-17,sh.603939,75.4700,76.5500,74.8100,75.7600,75.6000,1124349,85342436.0000,3,0.310000,1,0.211600,57.502291,3.201241,214.384179,6.653994,0
2019-09-18,sh.603939,75.7600,78.9100,75.4700,77.9300,75.7600,2018847,157088650.0000,3,0.556600,1,2.864300,59.149334,3.292934,220.524803,6.844585,0
2019-09-19,sh.603939,78.1600,79.0000,76.8000,77.7500,77.9300,929814,72185930.0000,3,0.256400,1,-0.231000,59.012713,3.285329,220.015442,6.828775,0
2019-09-20,sh.603939,77.3700,78.5500,77.0800,78.5400,77.7500,1091923,85196342.0000,3,0.301100,1,1.016100,59.612328,3.318710,222.250969,6.898161,0
2019-09-23,sh.603939,78.1700,78.5400,75.3300,75.6000,78.5400,1844700,140372020.0000,3,0.508600,1,-3.743300,57.380850,3.194480,213.931414,6.639941,0
2019-09-24,sh.603939,75.7800,80.7000,74.9800,77.3900,75.6000,2971435,232006994.0000,3,0.819300,1,2.367700,58.739471,3.270117,218.996721,6.797157,0
2019-09-25,sh.603939,77.2400,80.8900,77.2400,79.4800,77.3900,1958166,155349699.0000,3,0.539900,1,2.700600,60.325794,3.358430,224.910963,6.980721,0
2019-09-26,sh.603939,79.7200,83.5900,79.7200,82.1100,79.4800,2617602,215670608.0000,3,0.721700,1,3.309000,62.321979,3.469560,232.353286,7.211714,0
2019-09-27,sh.603939,82.9800,83.0900,78.9300,79.4000,82.1100,2426532,193741298.0000,3,0.669000,1,-3.300400,60.265073,3.355049,224.684580,6.973695,0
2019-09-30,sh.603939,79.3000,79.8300,77.5000,78.8200,79.4000,1688758,132636481.0000,3,0.465600,1,-0.730500,59.824850,3.330541,223.043307,6.922753,0
2019-10-08,sh.603939,79.1600,83.3800,78.1200,81.8100,78.8200,2393886,195091126.0000,3,0.660000,1,3.793500,62.094277,3.456884,231.504351,7.185365,0
2019-10-09,sh.603939,80.9500,84.0000,80.7000,83.4900,81.8100,2121029,174538531.0000,3,0.584800,1,2.053500,63.369407,3.527872,236.258383,7.332919,0
2019-10-10,sh.603939,83.4900,85.1800,81.5500,85.1000,83.4900,2148055,178897926.0000,3,0.592200,1,1.928400,64.591407,3.595903,240.814330,7.474325,0
2019-10-11,sh.603939,84.4700,85.0000,83.6100,84.2000,85.1000,1259700,106064568.0000,3,0.347300,1,-1.057600,63.908302,3.557873,238.267527,7.395278,0
2019-10-14,sh.603939,83.9400,84.8800,83.6500,84.0700,84.2000,1244994,104879050.0000,3,0.343300,1,-0.154400,63.809631,3.552380,237.899656,7.383860,0
2019-10-15,sh.603939,84.1300,85.6000,83.1800,84.8400,84.0700,1060183,89966167.0000,3,0.292300,1,0.915900,64.394065,3.584917,240.078587,7.451490,0
2019-10-16,sh.603939,84.4100,90.1900,84.4100,87.6000,84.8400,2076207,182557210.0000,3,0.572400,1,3.253200,66.488922,3.701541,247.888781,7.693900,0
2019-10-17,sh.603939,88.0000,89.8700,86.5800,88.9700,87.6000,1533694,135103283.0000,3,0.422900,1,1.563900,67.528760,3.759430,251.765581,7.814227,0
2019-10-18,sh.603939,89.2000,89.7900,87.5900,88.5800,88.9700,1018465,90123185.0000,3,0.280800,1,-0.438300,67.232748,3.742950,250.661966,7.779973,0
2019-10-21,sh.603939,87.6100,90.6600,84.7000,86.1300,88.5800,3287334,284159281.0000,3,0.906400,1,-2.765900,65.373183,3.639426,243.729004,7.564790,0
2019-10-22,sh.603939,87.0000,88.5000,86.0000,88.1200,86.1300,1401616,122394968.0000,3,0.386400,1,2.310500,66.883605,3.723513,249.360267,7.739572,0
2019-10-23,sh.603939,88.0700,88.8000,86.2500,86.7000,88.1200,1399278,121844627.0000,3,0.385800,1,-1.611400,65.805817,3.663511,245.341979,7.614853,0
2019-10-24,sh.603939,87.1700,87.6500,85.1600,86.3000,86.7000,963804,83275383.0000,3,0.265700,1,-0.461400,65.502214,3.646609,244.210066,7.579721,0
2019-10-25,sh.603939,86.6900,87.6900,85.3200,87.0100,86.3000,1413779,122111282.0000,3,0.389800,1,0.822700,66.041108,3.676610,246.219211,7.642080,0
2019-10-28,sh.603939,87.0200,88.5000,85.8800,86.4600,87.0100,1614287,139523104.0000,3,0.445100,1,-0.632100,65.623655,3.653370,244.662831,7.593774,0
2019-10-29,sh.603939,86.2500,88.2300,85.8300,87.6800,86.4600,1258472,109808946.0000,3,0.347000,1,1.411100,66.549642,3.704921,248.115164,7.700926,0
2019-10-30,sh.603939,85.4000,85.8000,81.5000,83.6000,87.6800,3707765,309081213.0000,3,1.022300,1,-4.653300,60.227821,3.287569,77.996184,7.143567,0
2019-10-31,sh.603939,83.6000,87.0000,83.0000,84.9100,83.6000,2236205,190412323.0000,3,0.616600,1,1.567000,61.171582,3.339084,79.218373,7.255505,0
2019-11-01,sh.603939,84.8500,85.5000,82.6000,83.6800,84.9100,2837165,236746069.0000,3,0.782200,1,-1.448600,60.285455,3.290715,78.070821,7.150402,0
2019-11-04,sh.603939,84.0000,88.5300,84.0000,86.9000,83.6800,2365445,205438655.0000,3,0.652200,1,3.848000,62.605235,3.417341,81.074980,7.425549,0
2019-11-05,sh.603939,86.9000,88.5800,86.6100,87.7900,86.9000,1253818,109776693.0000,3,0.345700,1,1.024200,63.246416,3.452340,81.905323,7.501599,0
2019-11-06,sh.603939,88.0400,88.9500,86.5700,87.8900,87.7900,1479505,129933915.0000,3,0.407900,1,0.113900,63.318459,3.456273,81.998619,7.510144,0
2019-11-07,sh.603939,87.5000,88.9500,87.3000,88.8400,87.8900,976918,86084252.0000,3,0.269300,1,1.080900,64.002866,3.493632,82.884940,7.591321,0
2019-11-08,sh.603939,89.1600,90.8700,87.0200,87.4900,88.8400,1710158,151110213.0000,3,0.471500,1,-1.519600,63.030288,3.440543,81.625432,7.475965,0
2019-11-11,sh.603939,88.4600,89.5000,85.7000,86.2700,87.4900,1968823,171567562.0000,3,0.542800,1,-1.394400,62.151365,3.392566,80.487210,7.371716,0
2019-11-12,sh.603939,86.7800,87.4800,85.4200,86.2100,86.2700,1548816,133642989.0000,3,0.427000,1,-0.069500,62.108139,3.390207,80.431232,7.366589,0
2019-11-13,sh.603939,86.3800,89.8400,86.2400,88.8300,86.2100,1949309,171995533.0000,3,0.531200,1,3.039100,63.995662,3.493238,82.875610,7.590467,0
2019-11-14,sh.603939,89.6000,89.8000,87.9000,89.1600,88.8300,1439046,127942376.0000,3,0.392200,1,0.371500,64.233403,3.506216,83.183490,7.618665,0
2019-11-15,sh.603939,89.2300,90.3700,86.8000,87.3200,89.1600,1925577,168986044.0000,3,0.524800,1,-2.063700,62.907815,3.433858,81.466827,7.461438,0
2019-11-18,sh.603939,87.5000,87.5000,83.6500,84.5100,87.3200,3852151,326343583.0000,3,1.049800,1,-3.218000,60.883411,3.323354,78.845185,7.221325,0
2019-11-19,sh.603939,84.8700,85.8800,84.0200,85.0000,84.5100,2982858,253858043.0000,3,0.812900,1,0.579800,61.236421,3.342624,79.302340,7.263196,0
2019-11-20,sh.603939,84.9900,85.7600,83.0500,83.7500,85.0000,3061092,257534053.0000,3,0.834200,1,-1.470600,60.335885,3.293467,78.136129,7.156384,0
2019-11-21,sh.603939,84.3000,84.5900,82.8100,83.7200,83.7500,1541094,128921344.0000,3,0.420000,1,-0.035800,60.314272,3.292288,78.108140,7.153820,0
2019-11-22,sh.603939,84.1300,84.5000,77.3400,79.4800,83.7200,5021968,401977969.0000,3,1.368600,1,-5.064500,57.259655,3.125550,74.152353,6.791515,0
2019-11-25,sh.603939,79.7600,79.7900,76.0000,77.0900,79.4800,3791332,292531434.0000,3,1.033300,1,-3.007100,55.537831,3.031563,71.922557,6.587291,0
2019-11-26,sh.603939,77.5000,79.2100,77.1600,79.2100,77.0900,4062560,317839956.0000,3,1.107200,1,2.750000,57.065140,3.114932,73.900451,6.768444,0
2019-11-27,sh.603939,78.7900,78.7900,76.1500,76.2500,79.2100,3005552,231126658.0000,3,0.819100,1,-3.736900,54.932671,2.998530,71.138864,6.515514,0
2019-11-28,sh.603939,76.6800,77.9900,76.1800,76.6900,76.2500,1643017,126262207.0000,3,0.447800,1,0.577100,55.249660,3.015833,71.549370,6.553111,0
2019-11-29,sh.603939,77.0000,77.5700,75.0100,76.4400,76.6900,2685968,204194538.0000,3,0.732000,1,-0.326000,55.069553,3.006002,71.316128,6.531749,0
2019-12-02,sh.603939,75.6000,76.1900,74.2600,74.8000,76.4400,2220387,166830624.0000,3,0.605100,1,-2.145500,53.888050,2.941509,69.786059,6.391612,0
2019-12-03,sh.603939,75.0700,75.3000,72.4100,74.4000,74.8000,2756597,203347509.0000,3,0.751300,1,-0.534800,53.599879,2.925779,69.412872,6.357432,0
2019-12-04,sh.603939,74.7000,75.8800,74.2100,75.0600,74.4000,1592609,119456421.0000,3,0.434000,1,0.887100,54.075362,2.951733,70.028631,6.413829,0
2019-12-05,sh.603939,75.4200,76.7800,74.8800,75.8700,75.0600,1981172,150103467.0000,3,0.539900,1,1.079100,54.658909,2.983587,70.784336,6.483043,0
2019-12-06,sh.603939,75.5100,76.6500,74.3300,76.5300,75.8700,1783394,134638435.0000,3,0.486000,1,0.869900,55.134391,3.009541,71.400095,6.539440,0
2019-12-09,sh.603939,76.4000,76.5300,72.8800,73.5600,76.5300,2610589,192896122.0000,3,0.711500,1,-3.880800,52.994719,2.892746,68.629178,6.285655,0
2019-12-10,sh.603939,73.9000,74.4200,73.0800,74.3500,73.5600,1810950,133972234.0000,3,0.493500,1,1.074000,53.563857,2.923813,69.366223,6.353160,0
2019-12-11,sh.603939,74.2800,75.8000,73.6000,75.4100,74.3500,1899643,142015942.0000,3,0.517700,1,1.425700,54.327512,2.965497,70.355170,6.443736,0
2019-12-12,sh.603939,75.1800,75.5000,74.2000,74.5900,75.4100,1228388,91814779.0000,3,0.334800,1,-1.087400,53.736760,2.933251,69.590136,6.373668,0
2019-12-13,sh.603939,75.2100,76.5000,74.6100,76.3000,74.5900,1845083,139428161.0000,3,0.502800,1,2.292500,54.968693,3.000496,71.185512,6.519786,0
2019-12-16,sh.603939,76.6600,76.9000,74.4200,75.3700,76.3000,2390676,179345367.0000,3,0.651500,1,-1.218900,54.298694,2.963924,70.317851,6.440318,0
2019-12-17,sh.603939,75.0800,75.0800,73.2500,74.0500,75.3700,3032340,224580600.0000,3,0.826400,1,-1.751400,53.347729,2.912015,69.086333,6.327525,0
2019-12-18,sh.603939,74.1900,74.4600,72.5000,73.4000,74.0500,2848123,208409967.0000,3,0.776200,1,-0.877800,52.879450,2.886454,68.479903,6.271983,0
2019-12-19,sh.603939,73.2300,73.3600,72.6800,72.8000,73.4000,1229423,89674793.0000,3,0.335100,1,-0.817400,52.447193,2.862859,67.920122,6.220713,0
2019-12-20,sh.603939,72.8100,73.3300,71.4100,71.6200,72.8000,2007712,144780997.0000,3,0.547200,1,-1.620900,51.597088,2.816455,66.819219,6.119883,0
2019-12-23,sh.603939,71.8400,73.3000,71.5600,71.8500,71.6200,1951569,140926406.0000,3,0.531900,1,0.321100,51.762786,2.825500,67.033801,6.139537,0
2019-12-24,sh.603939,71.7200,72.1000,70.0800,71.3500,71.8500,2729057,192909413.0000,3,0.743800,1,-0.695900,51.402572,2.805838,66.567317,6.096812,0
2019-12-25,sh.603939,71.3400,71.4700,69.9500,70.4000,71.3500,2251151,158356374.0000,3,0.613500,1,-1.331500,50.718165,2.768479,65.680997,6.015635,0
2019-12-26,sh.603939,70.3800,70.8900,69.1000,69.8600,70.4000,2490891,173992188.0000,3,0.678800,1,-0.767000,50.329133,2.747243,65.177194,5.969492,0
2019-12-27,sh.603939,70.0000,72.7700,70.0000,70.7200,69.8600,4612735,329787400.0000,3,1.257100,1,1.231000,50.948702,2.781063,65.979547,6.042979,0
2019-12-30,sh.603939,71.0000,72.9600,70.1400,72.5000,70.7200,3061566,220373888.0000,3,0.834400,1,2.517000,52.231065,2.851061,67.640231,6.195079,0
2019-12-31,sh.603939,72.5000,73.3300,72.1100,73.2200,72.5000,2665585,194363478.0000,3,0.726500,1,0.993100,52.749773,2.879375,68.311969,6.256602,0
2020-01-02,sh.603939,73.5000,73.7300,70.9200,72.2600,73.2200,4368024,313310286.0000,3,1.190400,1,-1.311100,52.058162,2.841623,67.416319,6.174571,0
2020-01-03,sh.603939,71.9900,73.0000,70.9500,71.0000,72.2600,3093106,221377450.0000,3,0.843000,1,-1.743700,51.150422,2.792074,66.240778,6.066905,0
2020-01-06,sh.603939,70.6900,72.6600,70.3400,72.1000,71.0000,3449321,247860970.0000,3,0.940000,1,1.549300,51.942893,2.835331,67.267044,6.160899,0
2020-01-07,sh.603939,72.1800,73.3000,71.5600,73.3000,72.1000,2443323,177622478.0000,3,0.665900,1,1.664400,52.807407,2.882521,68.386606,6.263438,0
2020-01-08,sh.603939,73.0000,75.2500,72.7500,74.0000,73.3000,3462047,256863157.0000,3,0.943500,1,0.955000,53.311707,2.910049,69.039684,6.323253,0
2020-01-09,sh.603939,74.5000,76.6500,74.5000,76.3700,74.0000,3380391,256276402.0000,3,0.921300,1,3.202700,55.019123,3.003249,71.250820,6.525768,0
2020-01-10,sh.603939,76.2000,76.8800,75.6000,76.2200,76.3700,2022036,154175865.0000,3,0.551100,1,-0.196400,54.911059,2.997350,71.110875,6.512950,0
2020-01-13,sh.603939,76.2100,76.2100,74.5100,75.2000,76.2200,2350472,176501667.0000,3,0.640600,1,-1.338200,54.176222,2.957239,70.159247,6.425792,0
2020-01-14,sh.603939,75.2000,77.3800,74.5000,75.7000,75.2000,2629250,199695037.0000,3,0.716600,1,0.664900,54.536436,2.976901,70.625731,6.468517,0
2020-01-15,sh.603939,75.6800,77.5500,74.5800,76.7600,75.7000,1548805,118451117.0000,3,0.422100,1,1.400300,55.300090,3.018586,71.614678,6.559093,0
2020-01-16,sh.603939,76.8900,77.7700,75.4900,77.4300,76.7600,1865648,143597599.0000,3,0.508400,1,0.872800,55.782777,3.044934,72.239767,6.616344,0
2020-01-17,sh.603939,77.3200,78.5700,75.7500,77.6900,77.4300,2296440,178068842.0000,3,0.625900,1,0.335800,55.970088,3.055158,72.482339,6.638561,0
2020-01-20,sh.603939,78.6500,82.7600,78.6500,82.7100,77.6900,3330204,268205670.0000,3,0.907600,1,6.461600,59.586639,3.252570,77.165842,7.067517,0
2020-01-21,sh.603939,83.5300,85.8800,81.7800,85.1800,82.7100,4155395,349529287.0000,3,1.132500,1,2.986300,61.366098,3.349702,79.470274,7.278577,0
2020-01-22,sh.603939,85.1500,87.1400,82.7500,86.3000,85.1800,3260955,279110853.0000,3,0.888700,1,1.314900,62.172978,3.393746,80.515199,7.374280,0
2020-01-23,sh.603939,86.3000,86.9500,81.9000,83.0000,86.3000,2488719,208716921.0000,3,0.678300,1,-3.823900,59.795564,3.263974,77.436402,7.092297,0
2020-02-03,sh.603939,80.0000,91.3000,80.0000,82.5900,83.0000,5780941,489562126.0000,3,1.575500,1,-0.494000,59.500188,3.247851,77.053885,7.057263,0
2020-02-04,sh.603939,81.8200,82.7500,77.5700,82.4000,82.5900,2774082,226055861.0000,3,0.756000,1,-0.230000,59.363307,3.240379,76.876621,7.041027,0
2020-02-05,sh.603939,82.5000,82.9400,80.2500,82.0000,82.4000,2895473,235959093.0000,3,0.789100,1,-0.485400,59.075135,3.224649,76.503434,7.006848,0
2020-02-06,sh.603939,82.0000,89.0000,81.0500,87.5500,82.0000,4256281,369184970.0000,3,1.160000,1,6.768300,63.073513,3.442902,81.681410,7.481092,0
2020-02-07,sh.603939,87.5500,89.6600,86.6000,87.8600,87.5500,2222873,196166497.0000,3,0.605800,1,0.354100,63.296846,3.455093,81.970630,7.507581,0
2020-02-10,sh.603939,87.1400,90.5900,85.5600,87.7100,87.8600,2688780,237854310.0000,3,0.732800,1,-0.170700,63.188782,3.449194,81.830685,7.494763,0
2020-02-11,sh.603939,87.9000,89.8100,86.9400,87.8900,87.7100,2315818,203833375.0000,3,0.631100,1,0.205200,63.318459,3.456273,81.998619,7.510144,0
2020-02-12,sh.603939,88.7100,88.7100,84.4500,86.2100,87.8900,3010714,258196190.0000,3,0.820500,1,-1.911500,62.108139,3.390207,80.431232,7.366589,0
2020-02-13,sh.603939,86.0000,87.3900,84.2000,86.1500,86.2100,2340756,201437416.0000,3,0.637900,1,-0.069600,62.064913,3.387847,80.375254,7.361462,0
2020-02-14,sh.603939,86.1500,86.6000,84.0500,84.8300,86.1500,1574694,134047148.0000,3,0.429200,1,-1.532200,61.113948,3.335938,79.143735,7.248669,0
2020-02-17,sh.603939,84.1700,87.2700,84.1700,86.0800,84.8300,1893072,162289804.0000,3,0.515900,1,1.473500,62.014483,3.385095,80.309946,7.355481,0
2020-02-18,sh.603939,86.2700,87.0900,84.5000,85.7000,86.0800,1468947,126089894.0000,3,0.400300,1,-0.441500,61.740721,3.370151,79.955418,7.323010,0
2020-02-19,sh.603939,85.6700,86.3500,82.8400,83.5100,85.7000,2247851,188785774.0000,3,0.612600,1,-2.555400,61.740721,3.370151,79.955418,7.323010,0
2020-02-20,sh.603939,83.3700,84.6500,82.0600,83.0400,83.5100,2810334,232862068.0000,3,0.765900,1,-0.562800,59.824381,3.265547,77.473721,7.095715,0
2020-02-21,sh.603939,83.0400,84.0200,81.3200,83.3500,83.0400,2134554,176841272.0000,3,0.581700,1,0.373300,60.047714,3.277738,77.762942,7.122204,0
2020-02-24,sh.603939,83.1000,84.2000,80.6500,80.7100,83.3500,3033573,247091887.0000,3,0.826700,1,-3.167400,58.145782,3.173920,75.299904,6.896618,0
2020-02-25,sh.603939,80.5000,83.4800,80.2300,81.4500,80.7100,3186319,260247475.0000,3,0.868400,1,0.916900,58.678900,3.203020,75.990301,6.959850,0
2020-02-26,sh.603939,80.7600,81.8000,79.2100,80.7200,81.4500,2566095,206692375.0000,3,0.699300,1,-0.896300,58.152987,3.174313,75.309234,6.897472,0
2020-02-27,sh.603939,80.4800,83.8000,80.4800,82.7300,80.7200,2625284,216802475.0000,3,0.715500,1,2.490100,59.601048,3.253356,77.184501,7.069226,0
2020-02-28,sh.603939,82.7300,82.9000,79.3500,81.7000,82.7300,2793697,225118296.0000,3,0.761400,1,-1.245000,58.859007,3.212851,76.223543,6.981213,0
2020-03-02,sh.603939,81.6600,81.6600,78.8100,80.4500,81.7000,2848608,228100874.0000,3,0.776300,1,-1.530000,57.958471,3.163695,75.057332,6.874401,0
2020-03-03,sh.603939,81.3000,85.3800,81.3000,84.2900,80.4500,4390404,369244153.0000,3,1.196500,1,4.773200,60.724916,3.314703,78.639932,7.202527,0
2020-03-04,sh.603939,84.3900,85.9000,82.2000,84.5300,84.2900,2569883,215231781.0000,3,0.700400,1,0.284700,60.897819,3.324141,78.863845,7.223034,0
2020-03-05,sh.603939,84.9000,90.4000,84.9000,89.8000,84.5300,4088750,361651478.0000,3,1.114300,1,6.234500,64.694477,3.531384,83.780590,7.673353,0
2020-03-06,sh.603939,90.4000,91.4800,88.3500,89.9300,89.8000,2307511,206513749.0000,3,0.628900,1,0.144800,64.788133,3.536496,83.901876,7.684461,0
2020-03-09,sh.603939,89.9200,89.9900,86.2200,87.2500,89.9300,2410847,211975588.0000,3,0.657000,1,-2.980100,62.857385,3.431105,81.401519,7.455457,0
2020-03-10,sh.603939,86.2500,89.3800,85.8200,86.6100,87.2500,3050422,265653455.0000,3,0.831300,1,-0.733500,62.396311,3.405937,80.804420,7.400769,0
2020-03-11,sh.603939,87.0000,87.4600,84.5300,86.1100,86.6100,2607789,223661576.0000,3,0.710700,1,-0.577300,62.036096,3.386274,80.337935,7.358044,0
2020-03-12,sh.603939,85.4600,85.4600,82.7200,83.6100,86.1100,2149191,180372451.0000,3,0.585700,1,-2.903300,60.235025,3.287962,78.005513,7.144421,0
2020-03-13,sh.603939,80.2700,81.4000,79.0700,79.9100,83.6100,3678992,294423231.0000,3,1.002600,1,-4.425300,57.569440,3.142460,74.553529,6.828258,0
2020-03-16,sh.603939,79.9100,80.5000,75.8500,76.2000,79.9100,3780562,292821464.0000,3,1.030300,1,-4.642700,54.896650,2.996564,71.092215,6.511241,0
2020-03-17,sh.603939,76.8600,77.2000,74.8800,76.5000,76.2000,2110198,160160995.0000,3,0.575100,1,0.393700,55.112779,3.008361,71.372106,6.536876,0
2020-03-18,sh.603939,76.6000,80.9800,74.5000,76.0100,76.5000,2520449,196353365.0000,3,0.686900,1,-0.640500,54.759769,2.989092,70.914951,6.495006,0
2020-03-19,sh.603939,76.4900,79.5200,76.2000,78.8400,76.0100,2762932,215940291.0000,3,0.753000,1,3.723200,56.798581,3.100382,73.555253,6.736828,0
2020-03-20,sh.603939,79.9600,85.1000,79.9600,82.8500,78.8400,2700051,223400325.0000,3,0.735800,1,5.086300,59.687499,3.258075,77.296457,7.079480,0
2020-03-23,sh.603939,81.0000,84.4000,81.0000,82.1800,82.8500,2031627,167373723.0000,3,0.553700,1,-0.808700,59.204812,3.231727,76.671368,7.022228,0
2020-03-24,sh.603939,82.3000,85.1800,82.3000,84.3800,82.1800,1682177,141071709.0000,3,0.458400,1,2.677000,60.789755,3.318242,78.723899,7.210217,0
2020-03-25,sh.603939,86.0000,88.2000,85.8700,87.5600,84.3800,1528077,132988478.0000,3,0.416400,1,3.768700,63.080718,3.443296,81.690740,7.481946,0
2020-03-26,sh.603939,87.5600,89.8200,86.7000,88.5500,87.5600,1437226,127014370.0000,3,0.391700,1,1.130700,63.793942,3.482227,82.614379,7.566541,0
2020-03-27,sh.603939,88.6000,89.7700,87.6500,88.5000,88.5500,2463588,218351999.0000,3,0.671400,1,-0.056500,63.757920,3.480261,82.567730,7.562268,0
2020-03-30,sh.603939,88.0300,89.9500,85.2000,87.4100,88.5000,2870989,251762957.0000,3,0.782400,1,-1.231600,62.972653,3.437397,81.550794,7.469129,0
2020-03-31,sh.603939,88.5000,93.3200,87.4100,93.1000,87.4100,3694682,337322631.0000,3,1.006900,1,6.509500,67.071891,3.661156,86.859386,7.955335,0
2020-04-01,sh.603939,93.5800,93.8200,89.7400,89.8000,93.1000,1656786,151420904.0000,3,0.451500,1,-3.544600,64.694477,3.531384,83.780590,7.673353,0
2020-04-02,sh.603939,89.7200,92.3700,88.7800,92.0000,89.8000,1849065,168147130.0000,3,0.503900,1,2.449900,66.279420,3.617899,85.833121,7.861341,0
2020-04-03,sh.603939,91.7300,98.8800,91.1100,96.0000,92.0000,2863832,274906464.0000,3,0.780500,1,4.347800,69.161134,3.775199,89.564996,8.203139,0
2020-04-07,sh.603939,97.0100,97.9400,93.7000,95.6600,96.0000,2852725,271329921.0000,3,0.777500,1,-0.354200,68.916188,3.761828,89.247786,8.174086,0
2020-04-08,sh.603939,94.8900,95.1600,93.7900,94.6000,95.6600,1398571,131910128.0000,3,0.381200,1,-1.108100,68.152534,3.720144,88.258839,8.083509,0
2020-04-09,sh.603939,94.6000,98.4000,94.2000,96.8100,94.6000,1517536,147115208.0000,3,0.413600,1,2.336200,67.463848,3.569761,-766.641205,8.136863,0
2020-04-10,sh.603939,97.0700,99.5500,95.1200,95.9000,96.8100,1304435,126426519.0000,3,0.355500,1,-0.940000,66.829698,3.536206,-759.434888,8.060378,0
2020-04-13,sh.603939,96.3000,97.8000,93.3100,97.1000,95.9000,1430498,136498171.0000,3,0.389900,1,1.251300,67.665940,3.580454,-768.937723,8.161238,0
2020-04-14,sh.603939,97.1000,98.8300,94.1300,98.0600,97.1000,1782818,172393093.0000,3,0.485900,1,0.988700,68.334934,3.615853,-776.539991,8.241926,0
2020-04-15,sh.603939,99.5000,99.8200,94.6000,96.6900,98.0600,2800361,268874921.0000,3,0.763200,1,-1.397100,62.369821,3.375313,59.360114,7.772889,0
2020-04-16,sh.603939,95.6100,102.4000,94.3000,100.9300,96.6900,2667213,263092214.0000,3,0.726900,1,4.385100,65.104830,3.523325,61.963143,8.113742,0
2020-04-17,sh.603939,100.7900,105.6000,100.0000,103.5200,100.9300,2275962,233858967.0000,3,0.620300,1,2.566100,66.775508,3.613738,63.553201,8.321951,0
2020-04-20,sh.603939,103.4900,103.9800,99.5500,101.3800,103.5200,2336773,235478989.0000,3,0.636800,1,-2.067200,65.395102,3.539034,62.239408,8.149917,0
2020-04-21,sh.603939,101.0000,101.4400,97.5000,98.4700,101.3800,2373393,234820350.0000,3,0.646800,1,-2.870400,63.518009,3.437450,60.452895,7.915983,0
2020-04-22,sh.603939,99.3100,100.1700,96.1000,99.9800,98.4700,2538086,250019239.0000,3,0.691700,1,1.533500,64.492033,3.490162,61.379917,8.037371,0
2020-04-23,sh.603939,100.1000,102.5500,98.4700,99.0000,99.9800,2015644,200470409.0000,3,0.549300,1,-0.980200,63.859885,3.455952,60.778274,7.958589,0
2020-04-24,sh.603939,98.7600,99.6400,96.6200,97.6000,99.0000,1558803,152367047.0000,3,0.424800,1,-1.414100,62.956816,3.407080,59.918783,7.846044,0
2020-04-27,sh.603939,97.4000,99.8000,95.2000,98.2600,97.6000,1908311,187014873.0000,3,0.520100,1,0.676200,63.382548,3.430119,60.323972,7.899101,0
2020-04-28,sh.603939,98.2500,100.5000,97.0000,98.4000,98.2600,2170648,213577822.0000,3,0.591600,1,0.142500,63.472855,3.435006,60.409921,7.910355,0
2020-04-29,sh.603939,98.4000,99.8500,95.0800,96.8100,98.4000,1949567,189263011.0000,3,0.531300,1,-1.615900,62.447227,3.379502,59.433785,7.782536,0
2020-04-30,sh.603939,96.3000,97.4800,92.3500,94.7500,96.8100,3772072,354923276.0000,3,1.028000,1,-2.127900,61.118425,3.307590,58.169105,7.616933,0
2020-05-06,sh.603939,95.0000,97.3000,93.0000,96.8100,94.7500,2997126,286590639.0000,3,0.816800,1,2.174100,62.447227,3.379502,59.433785,7.782536,0
2020-05-07,sh.603939,97.2300,97.7600,94.7200,95.3300,96.8100,2564334,245321114.0000,3,0.698900,1,-1.528800,61.492554,3.327837,58.525180,7.663559,0
2020-05-08,sh.603939,95.7900,98.3600,94.9000,96.9500,95.3300,3032635,293863736.0000,3,0.826500,1,1.699400,62.537534,3.384389,59.519734,7.793790,0
2020-05-11,sh.603939,97.9900,98.5000,92.2100,92.8200,96.9500,4998317,468056740.0000,3,1.362200,1,-4.259900,59.873480,3.240216,56.984236,7.461780,0
2020-05-12,sh.603939,93.0000,97.8000,91.8000,97.0000,92.8200,4875792,465361533.0000,3,1.328800,1,4.503300,62.569786,3.386134,59.550430,7.797810,0
2020-05-13,sh.603939,96.8200,99.7600,96.6200,97.9900,97.0000,3237883,317612769.0000,3,0.882400,1,1.020600,63.208385,3.420694,60.158213,7.877396,0
2020-05-14,sh.603939,98.2800,98.8800,94.6100,94.9100,97.9900,2385253,228730130.0000,3,0.650100,1,-3.143200,61.221633,3.313175,58.267333,7.629795,0
2020-05-15,sh.603939,95.4300,96.2000,92.7000,94.2400,94.9100,2245964,211407826.0000,3,0.612100,1,-0.705900,60.789450,3.289787,57.856005,7.575934,0
2020-05-18,sh.603939,67.0000,72.4700,66.3100,71.0700,67.1000,4034628,283199381.0000,3,0.785400,1,5.916500,64.181119,3.473336,61.084007,7.998623,0
2020-05-19,sh.603939,71.5200,72.6800,69.4000,72.2400,71.0700,5188543,368352990.0000,3,1.010000,1,1.646300,65.237710,3.530516,62.089611,8.130302,0
2020-05-20,sh.603939,72.2400,72.2400,68.2800,68.7000,72.2400,5629789,390442139.0000,3,1.095900,1,-4.900300,62.040845,3.357509,59.047014,7.731890,0
2020-05-21,sh.603939,68.7000,70.6500,68.6000,70.2600,68.7000,3864094,270847875.0000,3,0.752200,1,2.270800,63.449633,3.433750,60.387819,7.907461,0
2020-05-22,sh.603939,70.5000,70.6600,68.1100,68.4700,70.2600,2980827,205138492.0000,3,0.580300,1,-2.547700,61.833140,3.346269,58.849331,7.706005,0
2020-05-25,sh.603939,68.0000,70.9500,67.1000,70.5500,68.4700,3791246,264685671.0000,3,0.738000,1,3.037800,63.711523,3.447923,60.637072,7.940100,0
2020-05-26,sh.603939,70.7500,72.7000,69.8000,72.0000,70.5500,3418992,245467568.0000,3,0.665600,1,2.055300,65.020973,3.518787,61.883333,8.103291,0
2020-05-27,sh.603939,72.9600,72.9600,71.0200,71.7600,72.0000,2236634,160628727.0000,3,0.435400,1,-0.333300,64.804237,3.507058,61.677056,8.076280,0
2020-05-28,sh.603939,73.0000,74.7800,72.4800,74.4500,71.7600,5414730,400233934.0000,3,1.054100,1,3.748600,67.233493,3.638524,63.989086,8.379028,0
2020-05-29,sh.603939,73.5500,81.7100,73.5500,78.8100,74.4500,6460372,507499943.0000,3,1.257600,1,5.856300,71.170874,3.851606,67.736465,8.869727,0
2020-06-01,sh.603939,79.0700,81.4800,78.0100,80.3400,78.8100,3766533,299652419.0000,3,0.733200,1,1.941400,72.552570,3.926380,69.051486,9.041922,0
2020-06-02,sh.603939,80.2400,80.2400,75.8000,77.1500,80.3400,4771259,367603356.0000,3,0.928800,1,-3.970600,69.671779,3.770478,66.309711,8.682901,0
2020-06-03,sh.603939,76.4000,77.9500,76.2100,77.2300,77.1500,2838818,219109215.0000,3,0.552600,1,0.103700,69.744025,3.774388,66.378470,8.691905,0
2020-06-04,sh.603939,78.1000,78.9500,76.8100,78.1800,77.2300,2666865,208304954.0000,3,0.519100,1,1.230100,70.601940,3.820816,67.194986,8.798823,0
2020-06-05,sh.603939,78.4100,79.2900,77.2000,78.2700,78.1800,1517355,118959555.0000,3,0.295400,1,0.115100,70.683217,3.825215,67.272340,8.808953,0
2020-06-08,sh.603939,79.8400,79.8400,75.9000,76.7500,78.2700,3099295,237475385.0000,3,0.603300,1,-1.942000,69.310552,3.750929,65.965914,8.637883,0
2020-06-09,sh.603939,75.3900,77.1600,75.1700,77.0000,76.7500,3059164,233571971.0000,3,0.595500,1,0.325700,69.536319,3.763147,66.180787,8.666020,0
2020-06-10,sh.603939,76.8000,79.3600,76.8000,77.5000,77.0000,2695285,208877674.0000,3,0.524700,1,0.649400,69.987853,3.787583,66.610532,8.722292,0
2020-06-11,sh.603939,76.4700,77.5300,75.7900,76.3500,77.5000,2658068,203624928.0000,3,0.517400,1,-1.483900,68.949324,3.731380,65.622118,8.592865,0
2020-06-12,sh.603939,75.2600,79.2000,75.2000,77.9900,76.3500,3090255,240132747.0000,3,0.601600,1,2.148000,70.430357,3.811531,67.031683,8.777440,0
2020-06-15,sh.603939,79.2000,83.7500,78.0200,80.6100,77.9900,4851301,393624750.0000,3,0.944400,1,3.359400,72.796398,3.939575,69.283549,9.072310,0
2020-06-16,sh.603939,81.6800,81.6800,79.4400,81.3000,80.6100,2443219,197118171.0000,3,0.475600,1,0.856000,73.419516,3.973297,69.876597,9.149966,0
2020-06-17,sh.603939,81.4700,83.5600,80.4000,81.5900,81.3000,2306715,189074387.0000,3,0.449000,1,0.356700,73.681406,3.987470,70.125849,9.182604,0
2020-06-18,sh.603939,81.6800,82.2500,80.1800,82.0500,81.5900,1823009,148068907.0000,3,0.354900,1,0.563800,74.096818,4.009951,70.521215,9.234375,0
2020-06-19,sh.603939,82.0500,84.3400,81.9700,83.1600,82.0500,2889893,240086379.0000,3,0.562600,1,1.352800,75.099224,4.064199,71.475250,9.359301,0
2020-06-22,sh.603939,83.9700,84.5000,82.5700,83.9500,83.1600,2607381,218145254.0000,3,0.507600,1,0.950000,75.812649,4.102808,72.154248,9.448212,0
2020-06-23,sh.603939,83.9500,86.5000,83.6300,85.5200,83.9500,2801652,239492276.0000,3,0.545400,1,1.870200,77.230467,4.179537,73.503648,9.624909,0
2020-06-24,sh.603939,85.2600,86.8800,83.6600,84.5000,85.5200,2158951,182836422.0000,3,0.420300,1,-1.192700,76.309337,4.129688,72.626968,9.510112,0
2020-06-29,sh.603939,84.2100,86.7900,84.2100,85.8800,84.5000,2999220,257367612.0000,3,0.583800,1,1.633100,77.555572,4.197131,73.813065,9.665425,0
2020-06-30,sh.603939,86.6000,91.9100,86.6000,91.0000,85.8800,2839003,254303658.0000,3,0.552700,1,5.961800,82.162261,4.446435,78.197454,10.239538,0
2020-07-01,sh.603939,92.0000,92.0000,83.0000,86.1600,91.0000,4056039,350407123.0000,3,0.789600,1,-5.318700,77.792312,4.209943,74.038381,9.694929,0
2020-07-02,sh.603939,85.7700,86.0000,81.3300,82.2500,86.1600,5918985,490994886.0000,3,1.152200,1,-4.538100,74.262044,4.018893,70.678468,9.254967,0
2020-07-03,sh.603939,82.3000,83.9000,80.4500,82.6900,82.2500,4814958,396290290.0000,3,0.937300,1,0.535000,74.659312,4.040392,71.056566,9.304477,0
2020-07-06,sh.603939,82.6800,82.6800,80.3000,80.7900,82.6900,6842889,553163561.0000,3,1.329700,1,-2.297700,72.943836,3.947554,69.423872,9.090684,0
2020-07-07,sh.603939,80.0700,82.9800,79.8700,81.4800,80.7900,4992089,406699738.0000,3,0.970100,1,0.854100,73.566825,3.981269,70.016797,9.168325,0
2020-07-08,sh.603939,81.2500,82.6600,80.3600,80.9200,81.4800,3674433,297573569.0000,3,0.714000,1,-0.687300,73.061211,3.953906,69.535582,9.105312,0
2020-07-09,sh.603939,80.9300,85.6800,80.4000,85.0000,80.9200,6644785,553387009.0000,3,1.291200,1,5.042000,76.744969,4.153263,73.041578,9.564403,0
2020-07-10,sh.603939,85.6000,88.8600,85.3800,86.1200,85.0000,5698393,496660138.0000,3,1.107300,1,1.317700,77.756197,4.207988,74.004008,9.690428,0
2020-07-13,sh.603939,86.0000,88.8600,85.2000,88.1400,86.1200,5264449,459447829.0000,3,1.023000,1,2.345600,79.683053,4.312265,75.837882,9.930564,0
2020-07-14,sh.603939,87.9300,89.6500,86.6600,89.6500,88.1400,4217278,371031699.0000,3,0.819500,1,1.713200,81.048170,4.386142,77.137124,10.100693,0
2020-07-15,sh.603939,89.4400,94.0000,88.4200,93.4900,89.6500,5414003,501423305.0000,3,1.052000,1,4.283300,84.519726,4.574015,80.441157,10.533339,0
2020-07-16,sh.603939,92.4300,92.4900,85.0200,85.2700,93.4900,4655480,412196220.0000,3,0.904600,1,-8.792400,77.088427,4.171850,73.368462,9.607207,0
2020-07-17,sh.603939,85.2700,89.9900,84.9900,89.5500,85.2700,4713930,416478024.0000,3,0.916000,1,5.019400,80.957765,4.381250,77.051082,10.089426,0
2020-07-20,sh.603939,90.0000,90.9400,84.1300,88.7000,89.5500,4427187,383819676.0000,3,0.860300,1,-0.949200,80.189322,4.339664,76.319720,9.993659,0
2020-07-21,sh.603939,86.5000,89.8800,86.0100,87.9900,88.7000,3492501,307555680.7900,3,0.678700,1,-0.800500,79.547445,4.304927,75.708819,9.913664,0
2020-07-22,sh.603939,87.9900,91.3900,87.5400,89.5000,87.9900,3941128,354417448.8400,3,0.765800,1,1.716100,80.912562,4.378804,77.008061,10.083793,0
2020-07-23,sh.603939,88.4000,90.9800,87.8000,90.7500,89.5000,3238897,291216966.5200,3,0.629400,1,1.396600,82.042626,4.439960,78.083592,10.224628,0
2020-07-24,sh.603939,90.6000,91.0000,85.8000,86.0000,90.7500,4705783,410188210.6200,3,0.914400,1,-5.234200,77.748384,4.207566,73.996572,9.689455,0
2020-07-27,sh.603939,85.0000,87.7000,84.0000,86.8300,86.0000,3963337,341181210.7200,3,0.770200,1,0.965100,78.498746,4.248173,74.710725,9.782969,0
2020-07-28,sh.603939,86.3300,87.7700,85.9000,86.4900,86.8300,2505765,217250356.9200,3,0.486900,1,-0.391600,78.191369,4.231539,74.418181,9.744662,0
2020-07-29,sh.603939,85.6500,87.8200,85.6500,87.0000,86.4900,4313826,374843079.7900,3,0.838300,1,0.589700,78.652435,4.256491,74.856998,9.802123,0
2020-07-30,sh.603939,87.0000,89.0000,86.0600,87.5600,87.0000,4115509,359517208.6700,3,0.799700,1,0.643700,79.158704,4.283889,75.338836,9.865217,0
2020-07-31,sh.603939,87.3800,89.0100,85.7800,86.3300,87.5600,4460887,388531104.3000,3,0.866800,1,-1.404800,78.046721,4.223711,74.280513,9.726635,0
2020-08-03,sh.603939,88.1600,88.1600,84.6100,85.4600,86.3300,4399025,376276920.4800,3,0.854800,1,-1.007800,77.260196,4.181146,73.531943,9.628614,0
2020-08-04,sh.603939,85.6400,87.4900,84.6100,85.8600,85.4600,3271104,282649555.5000,3,0.635600,1,0.468100,77.621817,4.200716,73.876113,9.673681,0
2020-08-05,sh.603939,86.3500,87.9600,85.5100,87.0100,85.8600,2904795,252281631.2900,3,0.564500,1,1.339400,78.661475,4.256980,74.865602,9.803249,0
2020-08-06,sh.603939,87.0100,87.7800,85.0000,87.1000,87.0100,2884130,249125697.0900,3,0.560400,1,0.103400,78.742840,4.261383,74.943040,9.813390,0
2020-08-07,sh.603939,87.2100,90.5000,85.4200,87.4100,87.1000,3815630,334824415.8000,3,0.741400,1,0.355900,79.023096,4.276550,75.209772,9.848317,0
2020-08-10,sh.603939,88.8900,88.8900,85.8000,87.4600,87.4100,2914504,255017055.5600,3,0.566300,1,0.057200,79.068298,4.278996,75.252793,9.853950,0
2020-08-11,sh.603939,87.3800,88.7900,86.5100,86.7300,87.4600,1843071,161456898.9800,3,0.358100,1,-0.834700,78.408341,4.243281,74.624683,9.771702,0
2020-08-12,sh.603939,86.7300,87.3200,82.5800,85.0000,86.7300,2579206,216846836.7500,3,0.501200,1,-1.994700,76.844333,4.158640,73.136147,9.576787,0
2020-08-13,sh.603939,85.0000,86.0600,84.0600,85.3400,85.0000,1390790,118666276.2000,3,0.270300,1,0.400000,77.151710,4.175275,73.428692,9.615094,0
2020-08-14,sh.603939,85.0000,87.9900,83.5800,87.8000,85.3400,3106370,269032252.1700,3,0.603600,1,2.882600,79.375676,4.295631,75.545338,9.892257,0
2020-08-17,sh.603939,87.7000,88.4700,86.4300,87.4100,87.8000,1876451,164209662.6900,3,0.364600,1,-0.444200,79.023096,4.276550,75.209772,9.848317,0
2020-08-18,sh.603939,88.2000,91.5200,87.0500,90.3600,87.4100,3591905,322321921.2100,3,0.698000,1,3.374900,81.690046,4.420879,77.748026,10.180688,0
2020-08-19,sh.603939,90.0000,92.8700,88.8100,91.8000,90.3600,3173940,290759516.7300,3,0.616800,1,1.593600,82.991880,4.491332,78.987039,10.342930,0
2020-08-20,sh.603939,91.4300,92.4700,87.2000,88.3000,91.8000,2807339,251117572.6300,3,0.545500,1,-3.812600,79.827701,4.320093,75.975550,9.948591,0
2020-08-21,sh.603939,88.8500,92.6600,88.4200,92.1000,88.3000,2629242,240574972.0500,3,0.510900,1,4.303500,83.263095,4.506009,79.245166,10.376730,0
2020-08-24,sh.603939,92.6900,98.8800,91.5900,97.5400,92.1000,4601086,444316700.1300,3,0.894100,1,5.906600,88.181132,4.772162,83.925880,10.989644,0
2020-08-25,sh.603939,96.7200,99.9500,96.1700,98.3000,97.5400,3128785,308378645.2600,3,0.608000,1,0.779200,88.868211,4.809345,84.579803,11.075272,0
2020-08-26,sh.603939,98.3000,99.2800,94.0000,96.3500,98.3000,4407883,425839239.5500,3,0.856500,1,-1.983700,87.105312,4.713941,82.901974,10.855569,0
2020-08-27,sh.603939,96.1400,96.5600,93.5000,95.6000,96.3500,3106150,294885083.1800,3,0.603600,1,-0.778400,86.427273,4.677247,82.256655,10.771068,0
2020-08-28,sh.603939,95.5100,101.3400,95.5100,100.2900,95.6000,3678966,364815472.6400,3,0.714900,1,4.905900,82.193300,4.623032,46.232030,10.992587,0
2020-08-31,sh.603939,100.3200,104.9900,99.0500,100.8000,100.2900,4800862,489431928.6800,3,0.932900,1,0.508500,82.611273,4.646541,46.467132,11.048487,0
2020-09-01,sh.603939,101.5500,104.8100,100.8000,103.0600,100.8000,3319866,341002499.3900,3,0.645100,1,2.242100,84.463471,4.750719,47.508954,11.296201,0
2020-09-02,sh.603939,103.2200,106.6000,101.0000,105.1900,103.0600,3455000,360711811.3000,3,0.671400,1,2.066800,86.209126,4.848905,48.490849,11.529666,0
2020-09-03,sh.603939,106.4400,107.9900,104.5000,105.4200,105.1900,3098913,328929986.1100,3,0.602200,1,0.218700,86.397623,4.859507,48.596875,11.554876,0
2020-09-04,sh.603939,102.0000,105.2500,101.0000,104.0000,105.4200,2189372,226235451.5100,3,0.425400,1,-1.347000,85.233854,4.794050,47.942279,11.399233,0
2020-09-07,sh.603939,103.8900,103.9900,99.0500,99.5100,104.0000,2669863,269200605.0600,3,0.518800,1,-4.317300,81.554046,4.587076,45.872463,10.907093,0
2020-09-08,sh.603939,99.5000,100.8600,97.0500,98.6400,99.5100,2621462,259547076.1300,3,0.509400,1,-0.874300,80.841032,4.546972,45.471408,10.811734,0
2020-09-09,sh.603939,99.4000,99.4000,93.2200,96.3800,98.6400,2822704,270958731.2700,3,0.548500,1,-2.291200,78.988835,4.442794,44.429585,10.564020,0
2020-09-10,sh.603939,97.6900,99.1900,96.3500,96.9300,96.3800,1628512,159030241.2800,3,0.316500,1,0.570700,79.439591,4.468147,44.683126,10.624304,0
2020-09-11,sh.603939,97.7100,101.5400,96.9800,100.0800,96.9300,2418315,241432710.0700,3,0.469900,1,3.249800,82.021193,4.613351,46.135224,10.969569,0
2020-09-14,sh.603939,101.0000,101.0800,97.2800,99.6700,100.0800,1928126,191321472.8700,3,0.374700,1,-0.409700,81.685175,4.594452,45.946221,10.924630,0
2020-09-15,sh.603939,100.5700,103.3000,99.0200,102.4600,99.6700,1812777,184684914.5200,3,0.352300,1,2.799200,83.971737,4.723061,47.232364,11.230436,0
2020-09-16,sh.603939,102.6800,105.5900,98.6000,99.1900,102.4600,4479194,451281762.2700,3,0.870400,1,-3.191500,81.291788,4.572325,45.724948,10.872018,0
2020-09-17,sh.603939,98.8500,98.8700,95.7800,96.6100,99.1900,3739314,361431683.7900,3,0.726600,1,-2.601100,79.177333,4.453396,44.535611,10.589230,0
2020-09-18,sh.603939,96.7500,102.4900,96.0000,98.7900,96.6100,5475955,545914809.9400,3,1.064100,1,2.256500,80.963965,4.553887,45.540555,10.828175,0
2020-09-21,sh.603939,102.4400,105.3000,100.0500,100.7900,98.7900,4649495,476990388.2000,3,0.903500,1,2.024500,82.603078,4.646080,46.462522,11.047391,0
2020-09-22,sh.603939,102.2300,102.2300,96.6000,97.5000,100.7900,5548124,543554601.3700,3,1.078100,1,-3.264200,79.906738,4.494422,44.945886,10.686781,0
2020-09-23,sh.603939,97.3400,100.7500,96.6200,100.7000,97.5000,2893453,286751632.6700,3,0.562300,1,3.282100,82.529318,4.641931,46.421033,11.037526,0
2020-09-24,sh.603939,100.5800,100.6000,97.9700,99.2600,100.7000,2015107,199738086.6700,3,0.391600,1,-1.430000,81.349157,4.575552,45.757217,10.879691,0
2020-09-25,sh.603939,100.3400,101.9300,98.6200,99.7000,99.2600,2377145,238199854.5800,3,0.461900,1,0.443300,81.709762,4.595835,45.960050,10.927918,0
2020-09-28,sh.603939,100.1600,100.3000,97.5000,98.3300,99.7000,1464694,144500862.9400,3,0.284600,1,-1.374100,80.586969,4.532682,45.328503,10.777755,0
2020-09-29,sh.603939,99.3000,100.4800,97.0100,98.4900,98.3300,2089053,206570517.5800,3,0.405900,1,0.162700,80.718098,4.540058,45.402260,10.795293,0
2020-09-30,sh.603939,98.6300,101.2800,97.8800,99.3000,98.4900,2383482,235802564.9400,3,0.463200,1,0.822400,81.381939,4.577396,45.775657,10.884075,0
2020-10-09,sh.603939,100.0100,100.2800,96.0300,97.0100,99.3000,4425252,430696749.6700,3,0.859900,1,-2.306100,79.505155,4.471835,44.720005,10.633073,0
2020-10-12,sh.603939,97.1400,98.9600,96.5300,98.0100,97.0100,3166733,309078567.1800,3,0.615400,1,1.030800,80.324711,4.517931,45.180988,10.742681,0
2020-10-13,sh.603939,98.3500,100.1000,97.5500,98.9500,98.0100,3218927,317987636.8300,3,0.625500,1,0.959100,81.095094,4.561262,45.614312,10.845712,0
2020-10-14,sh.603939,99.0000,101.3700,97.8000,99.0000,98.9500,3954763,394069828.8000,3,0.768500,1,0.050500,81.136072,4.563567,45.637362,10.851193,0
2020-10-15,sh.603939,99.3900,99.7000,97.2100,97.5100,99.0000,2328049,228126281.8600,3,0.452400,1,-1.505100,79.914933,4.494883,44.950496,10.687877,0
2020-10-16,sh.603939,97.5000,98.1800,96.1200,96.5100,97.5100,1764472,170911210.2100,3,0.342900,1,-1.025500,79.095377,4.448786,44.489513,10.578269,0
2020-10-19,sh.603939,96.8300,97.4700,93.1300,93.9800,96.5100,2614915,247350435.6100,3,0.508100,1,-2.621500,77.021900,4.332162,43.323225,10.300961,0
2020-10-20,sh.603939,93.1900,94.8000,93.0000,94.2900,93.9800,1789931,167974395.1000,3,0.347800,1,0.329900,77.275962,4.346452,43.466130,10.334939,0
2020-10-21,sh.603939,94.7200,96.9800,93.9800,95.0100,94.2900,2324040,222007638.7700,3,0.451600,1,0.763600,77.866043,4.379641,43.798038,10.413857,0
2020-10-22,sh.603939,94.0600,95.5100,91.8600,93.8000,95.0100,2543931,237225040.6600,3,0.494300,1,-1.273600,76.874379,4.323864,43.240248,10.281231,0
2020-10-23,sh.603939,94.0000,95.1900,88.0200,88.9700,93.8000,2988017,271146540.3900,3,0.580600,1,-5.149300,72.915923,4.101218,41.013698,9.751824,0
2020-10-26,sh.603939,88.5800,90.9600,87.2300,90.2000,88.9700,1373816,122719681.0300,3,0.267000,1,1.382500,73.923977,4.157917,41.580707,9.886642,0
2020-10-27,sh.603939,90.4800,92.1900,89.3000,91.4600,90.2000,2642261,240588684.0200,3,0.513400,1,1.396900,74.956618,4.215998,42.161546,10.024748,0
2020-10-28,sh.603939,92.0100,93.9900,91.7000,92.7300,91.4600,2046362,190261231.0100,3,0.397600,1,1.388600,75.997454,4.274541,42.746995,10.163951,0
2020-10-29,sh.603939,92.8000,98.9900,92.5000,98.2700,92.7300,4752753,460567524.2200,3,0.923600,1,5.974300,80.537796,4.529916,45.300844,10.771179,0
2020-10-30,sh.603939,102.0000,105.0000,100.2200,101.9100,98.2700,7020294,723083295.5100,3,1.364200,1,3.704100,75.596277,4.391501,32.200597,10.754270,0
2020-11-02,sh.603939,102.9900,105.5900,102.1100,103.1100,101.9100,4935560,511869859.1400,3,0.959100,1,1.177500,76.486431,4.443211,32.579762,10.880903,0
2020-11-03,sh.603939,104.1100,105.1500,100.6000,103.5000,103.1100,3175932,328015128.6200,3,0.617100,1,0.378200,76.775730,4.460017,32.702991,10.922058,0
2020-11-04,sh.603939,103.9000,106.0000,102.4800,104.6500,103.5000,3065615,321260401.6400,3,0.595700,1,1.111100,77.628794,4.509573,33.066358,11.043414,0
2020-11-05,sh.603939,106.6000,106.7200,103.8000,104.7000,104.6500,1962825,206265456.2600,3,0.381400,1,0.047800,77.665884,4.511728,33.082156,11.048691,0
2020-11-06,sh.603939,106.6400,107.8000,103.1300,104.6600,104.7000,3379880,355493110.8100,3,0.656800,1,-0.038200,77.636212,4.510004,33.069517,11.044470,0
2020-11-09,sh.603939,105.6000,107.9000,103.8900,104.2100,104.6600,3050369,323393231.2200,3,0.592700,1,-0.430000,77.302404,4.490613,32.927330,10.996982,0
2020-11-10,sh.603939,107.0000,107.0000,102.5600,104.8400,104.2100,3214272,338704612.5500,3,0.624600,1,0.604500,77.769735,4.517760,33.126392,11.063465,0
2020-11-11,sh.603939,104.6800,108.8800,103.1100,103.3800,104.8400,3782756,397888727.6500,3,0.735100,1,-1.392600,76.686715,4.454846,32.665075,10.909395,0
2020-11-12,sh.603939,104.4000,107.9800,104.4000,106.5100,103.3800,3399465,362246497.1300,3,0.660600,1,3.027700,79.008532,4.589724,33.654064,11.239695,0
2020-11-13,sh.603939,107.4900,110.2300,106.9100,108.3600,106.5100,4965480,540485291.8700,3,0.964900,1,1.736900,80.380852,4.669444,34.238610,11.434920,0
2020-11-16,sh.603939,108.4000,109.6800,105.0100,105.4600,108.3600,3976426,424564691.8600,3,0.772700,1,-2.676300,78.229648,4.544478,33.322294,11.128891,0
2020-11-17,sh.603939,106.7300,107.0800,102.5000,103.3900,105.4600,2562133,267529945.0000,3,0.497900,1,-1.962800,76.694133,4.455277,32.668234,10.910450,0
2020-11-18,sh.603939,103.6100,103.6100,97.6000,98.2600,103.3900,4684487,466004945.7800,3,0.910300,1,-4.961800,72.888727,4.234215,31.047303,10.369096,0
2020-11-19,sh.603939,98.2700,100.0000,95.6000,98.0700,98.2600,4116816,404033120.8800,3,0.800000,1,-0.193400,72.747786,4.226028,30.987269,10.349046,0
2020-11-20,sh.603939,98.3400,101.4900,97.8800,99.3100,98.0700,3178013,317065479.2500,3,0.617500,1,1.264400,73.667611,4.279462,31.379073,10.479900,0
2020-11-23,sh.603939,98.5500,100.2900,96.6500,97.4000,99.3100,3806927,372967207.7100,3,0.739800,1,-1.923300,72.250784,4.197156,30.775568,10.278343,0
2020-11-24,sh.603939,97.6000,99.6700,96.5500,98.7200,97.4000,2470343,242679736.9500,3,0.480000,1,1.355200,73.229953,4.254038,31.192650,10.417638,0
2020-11-25,sh.603939,99.1900,100.6500,96.9000,97.9500,98.7200,3830047,377615965.5200,3,0.744300,1,-0.780000,72.658771,4.220857,30.949352,10.336383,0
2020-11-26,sh.603939,98.0200,101.6700,97.5900,100.2400,97.9500,3677069,367835030.9000,3,0.714500,1,2.337900,74.357480,4.319538,31.672926,10.578040,0
2020-11-27,sh.603939,99.9400,103.4900,99.1600,101.7400,100.2400,2937265,298761743.8400,3,0.570800,1,1.496400,75.470172,4.384175,32.146882,10.736330,0
2020-11-30,sh.603939,100.7900,102.9500,98.0000,101.0200,101.7400,2596532,260057523.3400,3,0.504600,1,-0.707700,74.936080,4.353149,31.919383,10.660351,0
2020-12-01,sh.603939,99.7300,102.5300,99.0200,100.4400,101.0200,2974566,301184150.3800,3,0.578000,1,-0.574100,74.505839,4.328156,31.736120,10.599145,0
2020-12-02,sh.603939,100.5000,100.5000,95.5000,99.3000,100.4400,5346752,523201867.5000,3,1.039000,1,-1.135000,73.660193,4.279031,31.375913,10.478844,0
2020-12-03,sh.603939,99.5000,101.1900,98.0100,100.5100,99.3000,3469661,346437643.6800,3,0.674200,1,1.218500,74.557765,4.331172,31.758238,10.606532,0
2020-12-04,sh.603939,100.4900,102.0000,99.7200,101.2900,100.5100,2987232,302960219.2700,3,0.580500,1,0.776000,75.136365,4.364784,32.004695,10.688843,0
2020-12-07,sh.603939,101.9900,103.0600,101.0600,102.4500,101.2900,2735527,279844860.3600,3,0.531600,1,1.145200,75.996846,4.414771,32.371222,10.811255,0
2020-12-08,sh.603939,101.8800,103.5100,101.0200,101.0200,102.4500,2188507,223819519.7900,3,0.425300,1,-1.395800,74.936080,4.353149,31.919383,10.660351,0
2020-12-09,sh.603939,101.9900,102.4000,96.1000,97.9200,101.0200,4313110,423073455.8000,3,0.838100,1,-3.068700,72.636517,4.219564,30.939873,10.333217,0
2020-12-10,sh.603939,98.3000,98.3600,95.1000,96.5000,97.9200,2854028,275659458.5400,3,0.554600,1,-1.450200,71.583169,4.158374,30.491195,10.183368,0
2020-12-11,sh.603939,95.8000,96.9800,92.1000,93.0000,96.5000,5485551,514476447.8500,3,1.065900,1,-3.626900,68.986888,4.007552,29.385296,9.814023,0
2020-12-14,sh.603939,94.6000,96.1900,93.2100,95.8900,93.0000,4729296,450178145.9200,3,0.919000,1,3.107500,71.130674,4.132088,30.298452,10.118997,0
2020-12-15,sh.603939,96.8000,97.7700,95.5000,95.9600,95.8900,4483012,433495010.1400,3,0.871100,1,0.073000,71.182600,4.135104,30.320570,10.126384,0
2020-12-16,sh.603939,96.0000,96.8800,93.5000,94.5200,95.9600,4019694,380504947.5100,3,0.781100,1,-1.500600,70.114416,4.073052,29.865572,9.974425,0
2020-12-17,sh.603939,94.0700,95.1000,91.7000,91.9900,94.5200,7760206,720844077.9600,3,1.508000,1,-2.676700,68.237676,3.964029,29.066166,9.707441,0
2020-12-18,sh.603939,92.5300,92.8900,86.1800,88.5000,91.9900,10956936,967009403.3500,3,2.129100,1,-3.793900,65.648813,3.813638,27.963427,9.339151,0
2020-12-21,sh.603939,88.5800,90.1300,87.5800,89.2300,88.5000,5252319,467139157.4900,3,1.020600,1,0.824900,66.190323,3.845095,28.194086,9.416186,0
2020-12-22,sh.603939,89.2700,92.0000,88.5100,89.4100,89.2300,6032177,543335624.3600,3,1.172200,1,0.201700,66.323846,3.852852,28.250961,9.435181,0
2020-12-23,sh.603939,89.4500,90.2000,86.6800,89.4000,89.4100,6188670,546622775.9500,3,1.202600,1,-0.011200,66.316428,3.852421,28.247801,9.434126,0
2020-12-24,sh.603939,89.4500,91.2000,88.0000,89.7300,89.4000,4350372,392037428.2200,3,0.845400,1,0.369100,66.561220,3.866641,28.352071,9.468950,0
2020-12-25,sh.603939,89.7500,94.6500,89.0600,93.2000,89.7300,4847344,448298479.3100,3,0.941900,1,3.867200,69.135247,4.016170,29.448491,9.835129,0
2020-12-28,sh.603939,93.9200,95.6900,93.2100,94.8000,93.2000,5978367,565762735.8200,3,1.161700,1,1.716700,70.322118,4.085117,29.954044,10.003972,0
2020-12-29,sh.603939,93.8800,94.3000,88.6300,92.4400,94.8000,7017107,640224922.8400,3,1.363600,1,-2.489500,68.571483,3.983420,29.208353,9.754928,0
2020-12-30,sh.603939,91.9000,92.0000,89.1000,91.1200,92.4400,4797014,434059268.2600,3,0.932200,1,-1.428000,67.592315,3.926539,28.791271,9.615632,0
2020-12-31,sh.603939,90.7000,91.7000,89.0000,90.1900,91.1200,5452646,490982597.7600,3,1.059600,1,-1.020600,66.902446,3.886463,28.497418,9.517492,0
2021-01-04,sh.603939,90.1900,90.8500,88.2800,88.9200,90.1900,5191429,462860959.4800,3,1.008800,1,-1.408100,65.960367,3.831737,28.096135,9.383473,0
2021-01-05,sh.603939,88.5500,91.1000,87.6600,90.5200,88.9200,7121419,637870822.2700,3,1.382600,1,1.799400,67.204082,3.903986,28.625902,9.560403,0
2021-01-06,sh.603939,90.0000,91.3000,89.1000,90.0900,90.5200,5183613,466423234.5000,3,1.006400,1,-0.475000,66.884841,3.885441,28.489919,9.514988,0
2021-01-07,sh.603939,90.3800,91.8800,89.7000,90.0900,90.0900,5522918,501324742.6600,3,1.072300,1,0.000000,66.884841,3.885441,28.489919,9.514988,0
2021-01-08,sh.603939,89.3100,90.5900,88.0200,90.1600,90.0900,4011860,359022961.7300,3,0.778900,1,0.077700,66.936810,3.888460,28.512056,9.522381,0
2021-01-11,sh.603939,90.0200,90.0200,87.8000,88.5000,90.1600,5110574,452750556.8700,3,0.992200,1,-1.841200,65.704389,3.816866,27.987100,9.347057,0
2021-01-12,sh.603939,89.9500,97.3500,89.7100,97.3500,88.5000,10997801,1058032846.3900,3,2.135200,1,10.000000,72.274828,4.198553,30.785810,10.281763,0
2021-01-13,sh.603939,98.3100,107.0900,97.8800,107.0900,97.3500,13331787,1392639183.5800,3,2.588400,1,10.005100,79.506023,4.618624,33.865972,11.310468,0
2021-01-14,sh.603939,107.0000,107.1000,102.5700,104.5000,107.0900,6541156,684557805.4400,3,1.270000,1,-2.418500,77.583149,4.506921,33.046915,11.036921,0
2021-01-15,sh.603939,104.2500,104.2500,95.0000,99.4000,104.5000,10881381,1067761133.3500,3,2.112600,1,-4.880400,73.796794,4.286966,31.434099,10.498277,0
2021-01-18,sh.603939,98.0000,99.4000,95.7100,97.3000,99.4000,6385318,623402540.4500,3,1.239700,1,-2.112700,72.237707,4.196397,30.769998,10.276482,0
2021-01-19,sh.603939,97.0500,98.5800,95.4000,95.9300,97.3000,4785384,465002912.7500,3,0.929100,1,-1.408000,71.220588,4.137311,30.336751,10.131788,0
2021-01-20,sh.603939,95.8000,97.8900,94.0100,96.4500,95.9300,4202280,405776639.3200,3,0.815900,1,0.542100,71.606648,4.159738,30.501195,10.186708,0
2021-01-21,sh.603939,96.7000,101.7800,96.5200,98.1800,96.4500,6661505,660180659.5000,3,1.293300,1,1.793700,72.891038,4.234350,31.048288,10.369425,0
2021-01-22,sh.603939,97.5400,102.4600,97.5400,101.6600,98.1800,5176506,522376923.1900,3,1.005000,1,3.544500,75.474669,4.384437,32.148798,10.736970,0
2021-01-25,sh.603939,100.9900,104.0000,99.0000,102.6400,101.6600,4597845,471113153.8000,3,0.892700,1,0.964000,76.202243,4.426703,32.458711,10.840474,0
2021-01-26,sh.603939,102.1300,104.3900,99.2000,102.5200,102.6400,4468983,456789186.3000,3,0.867700,1,-0.116900,76.113152,4.421527,32.420763,10.827800,0
2021-01-27,sh.603939,102.0800,105.6200,99.6100,104.0100,102.5200,3726645,383724686.1600,3,0.723500,1,1.453400,77.219362,4.485788,32.891958,10.985169,0
2021-01-28,sh.603939,103.0000,103.6300,101.0000,101.4700,104.0100,2645092,269393439.0700,3,0.513500,1,-2.442100,75.333608,4.376242,32.088712,10.716903,0
2021-01-29,sh.603939,101.4700,104.3100,100.3100,101.5000,101.4700,2997020,306503378.1900,3,0.581900,1,0.029600,75.355881,4.377536,32.098199,10.720071,0
2021-02-01,sh.603939,101.3000,101.3000,97.0900,98.8000,101.5000,5923891,586911411.8500,3,1.150100,1,-2.660100,73.351340,4.261089,31.244356,10.434907,0
2021-02-02,sh.603939,97.6000,100.0600,96.7200,99.3700,98.8000,4496368,444173804.5000,3,0.873000,1,0.576900,73.774521,4.285673,31.424612,10.495108,0
2021-02-03,sh.603939,99.0400,101.0700,98.5400,99.1000,99.3700,3726674,371871004.4700,3,0.723500,1,-0.271700,73.574067,4.274028,31.339227,10.466592,0
2021-02-04,sh.603939,99.5500,100.8500,95.2200,98.0800,99.1000,4432334,435127536.2300,3,0.860500,1,-1.029300,72.816796,4.230037,31.016664,10.358863,0
2021-02-05,sh.603939,98.0000,101.5600,96.4600,99.1100,98.0800,3902894,388946792.8600,3,0.757700,1,1.050200,73.581491,4.274459,31.342390,10.467648,0
2021-02-08,sh.603939,99.4400,103.8500,98.8000,102.4400,99.1100,5329665,542151658.1700,3,1.034800,1,3.359900,76.053758,4.418077,32.395464,10.819351,0
2021-02-09,sh.603939,101.5900,103.3600,100.6500,102.9000,102.4400,3902841,399419020.9100,3,0.757700,1,0.449000,76.395273,4.437916,32.540933,10.867935,0
2021-02-10,sh.603939,102.9000,108.1100,102.7000,106.0000,102.9000,6513931,689359890.0900,3,1.264700,1,3.012600,78.696782,4.571614,33.521272,11.195346,0
2021-02-18,sh.603939,106.5000,107.8600,101.1800,102.8100,106.0000,6513867,673402206.0000,3,1.264700,1,-3.009400,76.328455,4.434034,32.512472,10.858429,0
2021-02-19,sh.603939,102.8100,103.8200,100.3000,101.6900,102.8100,4053303,412718976.7300,3,0.786900,1,-1.089400,75.496941,4.385731,32.158285,10.740139,0
2021-02-22,sh.603939,101.6400,101.6400,96.4300,98.0000,101.6900,5999466,588962555.6300,3,1.164800,1,-3.628700,72.757402,4.226587,30.991365,10.350414,0
2021-02-23,sh.603939,97.0200,97.0200,92.8000,94.9100,98.0000,6605131,624732553.7000,3,1.282400,1,-3.153100,70.463317,4.093320,30.014188,10.024059,0
2021-02-24,sh.603939,95.3300,95.5000,91.0000,92.5500,94.9100,5483300,506942763.5000,3,1.064600,1,-2.486600,68.711200,3.991537,29.267866,9.774804,0
2021-02-25,sh.603939,92.9200,93.3900,88.5800,90.0300,92.5500,6161071,557124161.1900,3,1.196200,1,-2.722900,66.840295,3.882853,28.470945,9.508651,0
2021-02-26,sh.603939,88.9500,89.0800,87.2800,88.1000,90.0300,6361003,560496950.8600,3,1.235000,1,-2.143700,65.407420,3.799615,27.860605,9.304811,0
2021-03-01,sh.603939,88.1400,89.1800,86.2500,88.8400,88.1000,6631696,585114572.8500,3,1.287500,1,0.840000,65.956813,3.831530,28.094621,9.382967,0
2021-03-02,sh.603939,88.8400,89.7700,84.4600,85.3900,88.8400,5864310,509257432.1300,3,1.138600,1,-3.883400,63.395455,3.682737,27.003599,9.018590,0
2021-03-03,sh.603939,84.5000,86.2700,84.0200,85.7300,85.3900,4105357,351015106.1300,3,0.797100,1,0.398200,63.647879,3.697401,27.111120,9.054500,0
2021-03-04,sh.603939,84.7900,84.9900,80.7200,80.7200,85.7300,7227525,597373382.0100,3,1.403200,1,-5.843900,59.928342,3.481327,25.526765,8.525361,0
2021-03-05,sh.603939,79.0300,85.1600,78.5500,83.6700,80.7200,8547674,705221269.8000,3,1.659500,1,3.654600,62.118488,3.608556,26.459668,8.836930,0
2021-03-08,sh.603939,83.9900,84.7300,78.9000,79.2000,83.6700,4539563,370156952.3900,3,0.846100,1,-5.342400,61.173250,3.553646,26.057040,8.702461,0
2021-03-09,sh.603939,78.7600,82.1500,76.1700,78.8000,79.2000,5381009,427253866.0800,3,1.002900,1,-0.505100,60.864294,3.535698,25.925439,8.658509,0
2021-03-10,sh.603939,80.9500,81.4400,79.6500,80.5000,78.8000,3935984,316802281.0200,3,0.733600,1,2.157400,62.177357,3.611976,26.484744,8.845304,0
2021-03-11,sh.603939,80.8900,81.7800,79.0600,81.0000,80.5000,5023286,405352222.2500,3,0.936300,1,0.621100,62.563551,3.634410,26.649245,8.900244,0
2021-03-12,sh.603939,81.4700,82.1500,80.3900,81.7900,81.0000,3680172,299004566.1900,3,0.685900,1,0.975300,63.173739,3.669857,26.909158,8.987049,0
2021-03-15,sh.603939,80.9800,82.5500,79.9400,80.8000,81.7900,3675985,298278092.1600,3,0.685200,1,-1.210400,62.409073,3.625437,26.583445,8.878268,0
2021-03-16,sh.603939,81.5000,86.1400,81.5000,86.1000,80.8000,5391792,456683762.2600,3,1.005000,1,6.559400,66.502738,3.863244,28.327161,9.460630,0
2021-03-17,sh.603939,85.6600,87.3200,84.1000,86.7400,86.1000,3734638,321179250.9900,3,0.696100,1,0.743300,66.997067,3.891960,28.537723,9.530953,0
2021-03-18,sh.603939,85.9100,89.4300,85.6500,89.1000,86.7400,2729264,240048407.1900,3,0.508700,1,2.720800,68.819907,3.997852,29.314170,9.790269,0
2021-03-19,sh.603939,87.8700,88.4100,85.5800,86.5200,89.1000,3518003,305295247.8900,3,0.655700,1,-2.895600,66.827142,3.882089,28.465342,9.506779,0
2021-03-22,sh.603939,87.3000,88.5000,85.1100,87.4100,86.5200,2797683,243243227.5900,3,0.521400,1,1.028700,67.514568,3.922022,28.758155,9.604572,0
2021-03-23,sh.603939,88.2300,88.6600,86.0000,86.5500,87.4100,3377401,294160891.3400,3,0.629500,1,-0.983900,66.850313,3.883435,28.475212,9.510076,0
2021-03-24,sh.603939,86.0100,87.1100,84.5500,84.9500,86.5500,2128086,182204291.5100,3,0.396600,1,-1.848600,65.614490,3.811644,27.948807,9.334268,0
2021-03-25,sh.603939,84.0500,86.1300,83.7000,85.1600,84.9500,1297954,110685713.2900,3,0.241900,1,0.247200,65.776692,3.821067,28.017898,9.357343,0
2021-03-26,sh.603939,85.1500,86.8900,84.8200,86.3200,85.1600,1353222,116553681.2400,3,0.252200,1,1.362100,66.672664,3.873115,28.399541,9.484803,0
2021-03-29,sh.603939,86.7500,87.4900,85.2100,85.7500,86.3200,1584587,136293474.2800,3,0.295300,1,-0.660300,66.232402,3.847540,28.212010,9.422172,0
2021-03-30,sh.603939,86.0000,93.6400,86.0000,92.5000,85.7500,5362071,487699372.3900,3,0.999400,1,7.871700,71.446031,4.150407,30.432780,10.163859,0
2021-03-31,sh.603939,91.5000,92.2000,88.0800,88.7000,92.5000,2139891,190937516.8300,3,0.398800,1,-4.108100,68.510951,3.979904,29.182569,9.746317,0
2021-04-01,sh.603939,89.4800,92.6100,89.0000,92.4000,88.7000,1993429,182833426.1600,3,0.371500,1,4.171400,71.368792,4.145920,30.399880,10.152871,0
2021-04-02,sh.603939,91.0600,92.3800,90.0000,90.5000,92.4000,1008186,91588889.5100,3,0.187900,1,-2.056300,69.901252,4.060669,29.774774,9.944100,0
2021-04-06,sh.603939,90.9300,92.3400,90.8300,91.8000,90.5000,1057361,96941613.3300,3,0.197100,1,1.436500,70.905358,4.118999,30.202478,10.086943,0
2021-04-07,sh.603939,91.9000,92.3000,88.8100,89.9200,91.8000,1765192,158588024.1300,3,0.329000,1,-2.047900,69.453266,4.034644,29.583952,9.880370,0
2021-04-08,sh.603939,89.0000,91.0000,88.1200,90.8300,89.9200,2070905,185747501.2900,3,0.386000,1,1.012000,70.156140,4.075475,29.883345,9.980360,0
2021-04-09,sh.603939,89.9900,90.7900,87.8900,88.2100,90.8300,1302988,115435480.1700,3,0.242900,1,-2.884500,68.132480,3.957918,29.021357,9.692476,0
2021-04-12,sh.603939,87.8800,89.4600,85.0300,85.3300,88.2100,1476374,127971891.7700,3,0.275200,1,-3.264900,65.907998,3.828694,28.073828,9.376023,0
2021-04-13,sh.603939,85.3300,88.6800,85.3300,87.8000,85.3300,1425026,124526309.5800,3,0.265600,1,2.894600,67.815800,3.939522,28.886466,9.647425,0
2021-04-14,sh.603939,87.4100,89.4400,86.5400,88.5200,87.8000,1429958,126470522.0200,3,0.266500,1,0.820000,68.371921,3.971827,29.123348,9.726538,0
2021-04-15,sh.603939,88.9400,88.9400,86.2200,86.8000,88.5200,1037844,90420038.7100,3,0.193400,1,-1.943100,67.043411,3.894652,28.557463,9.537546,0
2021-04-16,sh.603939,86.7100,86.7100,83.5100,84.3600,86.8000,1680677,142493014.2700,3,0.313300,1,-2.811100,65.158780,3.785171,27.754695,9.269440,0
2021-04-19,sh.603939,84.7200,85.4900,82.9000,83.4400,84.3600,2808345,234947315.0300,3,0.523400,1,-1.090600,64.448182,3.743892,27.452013,9.168350,0
2021-04-20,sh.603939,83.0000,84.1000,81.2900,83.1100,83.4400,2625135,217070257.1500,3,0.489300,1,-0.395500,64.193293,3.729085,27.343442,9.132090,0
2021-04-21,sh.603939,82.9900,87.4900,81.9700,86.6500,83.1100,2954338,253620224.0400,3,0.550600,1,4.259400,66.927552,3.887922,28.508112,9.521064,0
2021-04-22,sh.603939,86.9200,87.4900,85.6500,87.1100,86.6500,1738945,150909395.5300,3,0.324100,1,0.530900,67.282851,3.908562,28.659454,9.571608,0
2021-04-23,sh.603939,87.4000,87.9000,86.0000,86.8500,87.1100,1242326,107755556.1900,3,0.231600,1,-0.298500,67.082030,3.896896,28.573913,9.543040,0
2021-04-26,sh.603939,87.3000,87.4700,84.2000,84.8800,86.8500,1949225,167145247.6900,3,0.363300,1,-2.268300,65.560423,3.808503,27.925777,9.326577,0
2021-04-27,sh.603939,85.2500,87.2500,83.8900,85.8600,84.8800,1942717,165986841.9500,3,0.362100,1,1.154600,66.317364,3.852475,28.248200,9.434259,0
2021-04-28,sh.603939,86.6700,87.8600,82.5800,84.9000,85.8600,5258369,444984798.5300,3,0.980100,1,-1.118100,61.107603,3.571632,26.258235,8.937234,0
2021-04-29,sh.603939,84.5800,89.0000,83.9000,88.9000,84.9000,4164371,363760747.7300,3,0.776200,1,4.711400,63.986642,3.739907,27.495372,9.358305,0
2021-04-30,sh.603939,89.9600,91.0000,88.6000,89.8500,88.9000,2758869,247163975.2700,3,0.514200,1,1.068600,60.364449,3.619654,63.458514,7.151551,0
2021-05-06,sh.603939,90.5000,90.5000,85.0100,86.0800,89.8500,3935757,340228476.4800,3,0.733600,1,-4.195900,57.831628,3.467777,60.795870,6.851480,0
2021-05-07,sh.603939,86.0800,86.4800,82.0000,82.0000,86.0800,3214128,266948144.0900,3,0.599100,1,-4.739800,55.090537,3.303412,57.914281,6.526735,0
2021-05-10,sh.603939,81.5000,81.8800,78.0000,80.4800,82.0000,6797420,539918844.4900,3,1.266900,1,-1.853700,54.069347,3.242178,56.840748,6.405752,0
2021-05-11,sh.603939,81.1500,83.4900,80.6000,82.8500,80.4800,2720161,224886579.9300,3,0.507000,1,2.944800,55.661598,3.337655,58.514612,6.594391,0
2021-05-12,sh.603939,82.5700,83.2700,81.8200,82.8000,82.8500,1392882,114905839.2800,3,0.259600,1,-0.060400,55.628006,3.335641,58.479298,6.590411,0
2021-05-13,sh.603939,81.9700,82.7900,81.2000,82.0000,82.8000,1643055,134666941.3600,3,0.306200,1,-0.966200,55.090537,3.303412,57.914281,6.526735,0
2021-05-14,sh.603939,81.5500,82.3100,80.3000,80.7000,82.0000,4118805,333659808.8300,3,0.767700,1,-1.585400,54.217151,3.251041,56.996128,6.423263,0
2021-05-17,sh.603939,80.6900,84.8600,80.5100,83.5000,80.7000,3199463,267043518.4900,3,0.596300,1,3.469600,56.098291,3.363841,58.973689,6.646127,0
2021-05-18,sh.603939,84.0100,84.8300,82.5800,83.8500,83.5000,1660559,139248544.5400,3,0.309500,1,0.419200,56.333434,3.377941,59.220884,6.673985,0
2021-05-19,sh.603939,83.8500,84.3500,82.0100,82.7000,83.8500,1291350,107140627.4500,3,0.240700,1,-1.371500,55.553226,3.331157,58.400686,6.581551,0
2021-05-20,sh.603939,82.8000,82.8000,80.4600,81.2900,82.7000,4064045,330226133.8600,3,0.757500,1,-1.705000,54.606067,3.274362,57.404979,6.469339,0
2021-05-21,sh.603939,81.3700,81.9500,81.0200,81.3700,81.2900,1199732,97710288.4100,3,0.223600,1,0.098400,54.659807,3.277584,57.461473,6.475705,0
2021-05-24,sh.603939,82.0000,83.3000,80.8800,81.7800,81.3700,1496060,122453449.2000,3,0.278800,1,0.503900,54.935222,3.294099,57.751005,6.508335,0
2021-05-25,sh.603939,81.7800,83.3000,81.6400,83.3000,81.7800,2149521,177811388.1100,3,0.400600,1,1.858600,55.956273,3.355325,58.824391,6.629302,0
2021-05-26,sh.603939,83.2800,83.9400,82.1800,82.9700,83.3000,2197464,182026042.7300,3,0.409600,1,-0.396200,55.734597,3.342032,58.591353,6.603039,0
2021-05-27,sh.603939,82.0500,84.8000,82.0100,84.4600,82.9700,2579094,215483989.2800,3,0.480700,1,1.795800,56.735496,3.402050,59.643554,6.721618,0
2021-05-28,sh.603939,84.0000,86.1900,83.7100,85.7100,84.4600,2026880,173313485.2000,3,0.377800,1,1.480000,57.575176,3.452400,60.526273,6.821098,0
2021-05-31,sh.603939,86.1300,89.7700,85.3300,88.8000,85.7100,2853660,252259179.6400,3,0.531900,1,3.605200,59.650865,3.576865,62.708354,7.067010,0
2021-06-01,sh.603939,89.3300,92.0000,88.0000,90.4600,88.8000,2483414,223749635.7600,3,0.462900,1,1.869400,60.765960,3.643730,63.880605,7.199119,0
2021-06-02,sh.603939,90.8000,91.3800,88.8000,89.7000,90.4600,2473859,223009391.6700,3,0.461100,1,-0.840200,60.255434,3.613117,63.343912,7.138636,0
2021-06-03,sh.603939,90.1300,90.1300,84.3000,84.8600,89.7000,3843772,332628864.2400,3,0.716400,1,-5.395800,57.004193,3.418162,59.926024,6.753452,0
2021-06-04,sh.603939,84.9000,85.0000,83.0700,83.3000,84.8600,2340090,195624645.3100,3,0.436200,1,-1.838300,55.956273,3.355325,58.824391,6.629302,0
2021-06-07,sh.603939,64.0000,65.6900,62.5000,63.2700,63.8500,4037218,256596222.0300,3,0.578800,1,-0.908400,55.251613,3.313071,58.083613,6.545818,0
2021-06-08,sh.603939,63.0000,63.2600,61.1800,61.1800,63.2700,6306926,390509707.3600,3,0.904200,1,-3.303300,53.426485,3.203630,56.164935,6.329590,0
2021-06-09,sh.603939,60.8000,61.4000,59.7100,60.2900,61.1800,5143529,310024380.3500,3,0.737400,1,-1.454700,52.649277,3.157026,55.347891,6.237512,0
2021-06-10,sh.603939,59.9900,60.7700,59.5000,60.6500,60.2900,5038166,303663779.0900,3,0.722300,1,0.597100,52.963653,3.175877,55.678381,6.274757,0
2021-06-11,sh.603939,60.6500,60.6800,57.2800,57.3800,60.6500,13240234,769574515.5600,3,1.898300,1,-5.391600,50.108070,3.004647,52.676430,5.936448,0
2021-06-15,sh.603939,57.4100,60.0600,56.3700,59.4400,57.3800,5500187,322833484.9700,3,0.788600,1,3.590100,51.907000,3.112517,54.567567,6.149572,0
2021-06-16,sh.603939,59.5700,60.1600,57.5000,57.6500,59.4400,2773402,162234316.7200,3,0.397600,1,-3.011400,50.343852,3.018785,52.924298,5.964382,0
2021-06-17,sh.603939,58.0000,58.9600,57.2600,58.8500,57.6500,4731468,276421912.0600,3,0.678400,1,2.081500,51.391773,3.081622,54.025931,6.088532,0
2021-06-18,sh.603939,58.0500,58.4900,55.2500,56.4000,58.8500,7775962,438669508.3500,3,1.114900,1,-4.163100,49.252268,2.953330,51.776763,5.835059,0
2021-06-21,sh.603939,56.4000,57.0000,55.5500,56.0300,56.4000,3786962,212726951.9700,3,0.543000,1,-0.656000,48.929159,2.933956,51.437093,5.796779,0
2021-06-22,sh.603939,55.8000,56.6400,55.1000,55.6000,56.0300,4159770,232016908.2400,3,0.596400,1,-0.767400,48.553654,2.911439,51.042341,5.752292,0
2021-06-23,sh.603939,55.6000,55.9400,54.2000,54.7800,55.6000,6212476,340475720.5000,3,0.890700,1,-1.474800,47.837575,2.868501,50.289558,5.667456,0
2021-06-24,sh.603939,54.6600,54.7800,53.2100,54.2000,54.7800,4608959,248310089.4900,3,0.660800,1,-1.058800,47.331080,2.838129,49.757102,5.607450,0
2021-06-25,sh.603939,54.5000,56.5200,54.0100,55.8400,54.2000,5992133,332003066.6500,3,0.859100,1,3.025800,48.763238,2.924006,51.262667,5.777122,0
2021-06-28,sh.603939,56.0200,57.6000,56.0000,57.0000,55.8400,4368030,249085199.3900,3,0.626300,1,2.077400,49.776228,2.984749,52.327580,5.897134,0
2021-06-29,sh.603939,56.9100,57.4600,56.3100,56.6900,57.0000,3469572,196792835.3400,3,0.497400,1,-0.543900,49.505516,2.968516,52.042991,5.865062,0
2021-06-30,sh.603939,56.8000,57.3600,56.0000,56.0900,56.6900,2294729,129904914.0900,3,0.329000,1,-1.058400,48.981555,2.937097,51.492174,5.802987,0
2021-07-01,sh.603939,56.0100,57.2000,55.8800,56.6500,56.0900,1853222,105222608.8400,3,0.265700,1,0.998400,49.470585,2.966421,52.006270,5.860923,0
2021-07-02,sh.603939,56.3500,57.8000,54.8000,55.0500,56.6500,3340559,187637907.4600,3,0.478900,1,-2.824400,48.073357,2.882639,50.537426,5.695390,0
2021-07-05,sh.603939,54.5100,55.0000,52.0200,52.8000,55.0500,5634614,299167772.4900,3,0.806500,1,-4.087200,46.108506,2.764820,48.471863,5.462608,0
2021-07-06,sh.603939,52.9200,53.3300,50.3700,51.4500,52.8000,6554034,336089966.9900,3,0.938000,1,-2.556800,44.929596,2.694128,47.232526,5.322939,0
2021-07-07,sh.603939,51.3500,53.0900,50.5300,52.3600,51.4500,3164040,165904996.1300,3,0.452900,1,1.768700,45.724269,2.741780,48.067931,5.417086,0
2021-07-08,sh.603939,52.8800,53.0000,50.1700,50.5600,52.3600,4629581,235922088.8600,3,0.662600,1,-3.437700,44.152388,2.647524,46.415481,5.230861,0
2021-07-09,sh.603939,50.5600,50.9500,49.3800,50.1800,50.5600,3520391,176063090.3200,3,0.503900,1,-0.751600,43.820546,2.627626,46.066631,5.191547,0
2021-07-12,sh.603939,50.0000,50.3900,48.7700,50.1000,50.1800,6226894,307390109.9900,3,0.890700,1,-0.159400,43.750685,2.623437,45.993188,5.183270,0
2021-07-13,sh.603939,50.1000,51.7500,50.0000,51.6000,50.1000,5230072,267054502.4900,3,0.748100,1,2.994000,45.060586,2.701983,47.370230,5.338458,0
2021-07-14,sh.603939,51.1900,52.9300,50.4900,52.3900,51.6000,4956805,257933491.0300,3,0.709000,1,1.531000,45.750467,2.743351,48.095472,5.420190,0
2021-07-15,sh.603939,52.0000,52.8000,50.9100,51.3000,52.3900,3328976,171466802.6200,3,0.476200,1,-2.080500,44.798605,2.686274,47.094822,5.307420,0
2021-07-16,sh.603939,51.3400,51.6900,50.2700,50.7600,51.3000,2064990,104946318.4700,3,0.295400,1,-1.052600,44.327041,2.657997,46.599087,5.251553,0
2021-07-19,sh.603939,50.7600,53.0100,49.6000,52.6000,50.7600,5947377,309442229.1200,3,0.850700,1,3.624900,45.933853,2.754347,48.288258,5.441916,0
2021-07-20,sh.603939,52.5500,53.3300,50.8800,51.2200,52.6000,3319736,171186311.9900,3,0.474800,1,-2.623600,44.728744,2.682085,47.021379,5.299144,0
2021-07-21,sh.603939,51.6400,53.5000,51.0800,51.2000,51.2200,4554852,236898578.6800,3,0.651500,1,-0.039000,44.711279,2.681037,47.003019,5.297075,0
2021-07-22,sh.603939,50.7000,51.6500,49.9000,50.1000,51.2000,3394485,171142997.8000,3,0.485500,1,-2.148400,43.750685,2.623437,45.993188,5.183270,0
2021-07-23,sh.603939,50.1200,50.3600,48.5800,49.4100,50.1000,3750002,183898618.9500,3,0.536400,1,-1.377200,43.148131,2.587306,45.359749,5.111884,0
2021-07-26,sh.603939,49.4100,49.6300,48.1200,49.2400,49.4100,3677234,180636650.7000,3,0.526000,1,-0.344100,42.999675,2.578404,45.203685,5.094296,0
2021-07-27,sh.603939,49.9900,50.2800,46.2500,46.4400,49.2400,4973428,238236133.2500,3,0.711400,1,-5.686400,40.554527,2.431785,42.633207,4.804612,0
2021-07-28,sh.603939,46.5200,48.5800,46.2500,48.1800,46.4400,5083632,241127469.0900,3,0.727100,1,3.746800,42.074012,2.522898,44.230575,4.984630,0
2021-07-29,sh.603939,48.1800,50.6500,48.1800,50.1600,48.1800,5836200,290710623.2000,3,0.834800,1,4.109600,43.803081,2.626579,46.048270,5.189478,0
2021-07-30,sh.603939,50.1000,50.6600,48.7000,48.7900,50.1600,3952376,195100444.2800,3,0.565300,1,-2.731300,42.606705,2.554840,44.790572,5.047740,0
2021-08-02,sh.603939,48.7200,49.7000,47.3400,48.6900,48.7900,5828977,283852042.0900,3,0.833800,1,-0.205000,42.519378,2.549604,44.698769,5.037394,0
2021-08-03,sh.603939,48.2900,51.3000,48.1600,50.5800,48.6900,8169390,408183171.6600,3,1.168500,1,3.881700,44.169853,2.648572,46.433842,5.232930,0
2021-08-04,sh.603939,50.6700,50.9800,48.3000,49.2500,50.5800,5235105,257633869.2600,3,0.748800,1,-2.629500,43.008408,2.578928,45.212865,5.095330,0
2021-08-05,sh.603939,49.1800,49.5700,46.7300,47.1000,49.2500,7525209,359184031.3200,3,1.076400,1,-4.365500,41.130883,2.466345,43.239105,4.872895,0
2021-08-06,sh.603939,46.9900,46.9900,42.4800,44.2800,47.1000,11114277,488631169.6900,3,1.589800,1,-5.987300,38.668270,2.318678,40.650267,4.581142,0
2021-08-09,sh.603939,44.2800,48.7100,43.4000,48.7100,44.2800,12329219,581729564.1100,3,1.763500,1,10.004500,42.536844,2.550651,44.717130,5.039463,0
2021-08-10,sh.603939,48.7100,53.5800,47.8000,53.0000,48.7100,20501780,1055347450.5000,3,2.932500,1,8.807200,46.283160,2.775293,48.655469,5.483300,0
2021-08-11,sh.603939,53.0300,54.6000,52.1800,52.7700,53.0000,11411043,608877494.1200,3,1.632200,1,-0.434000,46.082308,2.763249,48.444322,5.459504,0
2021-08-12,sh.603939,52.8300,53.4000,51.7300,51.8100,52.7700,7948051,415036111.3100,3,1.136900,1,-1.819200,45.243972,2.712979,47.563016,5.360184,0
2021-08-13,sh.603939,51.7100,53.2300,51.5300,51.9400,51.8100,6254882,325639434.5400,3,0.894700,1,0.250900,45.357496,2.719787,47.682359,5.373634,0
2021-08-16,sh.603939,51.9000,54.2300,51.4100,53.1000,51.9400,8893476,472820201.2400,3,1.272100,1,2.233300,46.370486,2.780529,48.747271,5.493646,0
2021-08-17,sh.603939,52.9300,54.5800,52.2300,53.1300,53.1000,4951070,264990792.2400,3,0.708200,1,0.056500,46.396684,2.782100,48.774812,5.496749,0
2021-08-18,sh.603939,53.0000,57.7800,53.0000,57.1600,53.1300,11858564,673730217.5500,3,1.696200,1,7.585200,49.915951,2.993127,52.474464,5.913687,0
2021-08-19,sh.603939,56.8200,57.8900,54.7900,55.3300,57.1600,6601056,368869746.8600,3,0.944200,1,-3.201500,48.317872,2.897301,50.794473,5.724358,0
2021-08-20,sh.603939,55.8000,55.8000,52.6500,54.0700,55.3300,9416575,505484844.0500,3,1.346900,1,-2.277200,47.217556,2.831322,49.637758,5.594000,0
2021-08-23,sh.603939,53.7200,59.1800,53.7200,58.0000,54.0700,7601599,437042842.5000,3,1.087300,1,7.268400,50.649495,3.037113,53.245607,6.000592,0
2021-08-24,sh.603939,58.0600,58.6700,56.8800,57.0000,58.0000,4132435,237274508.9100,3,0.591100,1,-1.724100,49.776228,2.984749,52.327580,5.897134,0
2021-08-25,sh.603939,57.0000,58.5000,54.9400,55.6800,57.0000,6109910,343104873.0800,3,0.873900,1,-2.315800,48.623516,2.915628,51.115783,5.760569,0
2021-08-26,sh.603939,55.5400,55.5400,52.2500,53.2900,55.6800,7146105,384542303.4100,3,1.022200,1,-4.292400,46.536407,2.790478,48.921697,5.513303,0
2021-08-27,sh.603939,52.9000,54.1500,49.3600,50.3000,53.2900,12170582,621370786.6000,3,1.740800,1,-5.610800,41.492107,2.546404,-210.948559,5.127909,0
2021-08-30,sh.603939,50.3400,51.7800,49.3600,51.0800,50.3000,5979662,303170351.3100,3,0.855300,1,1.550700,42.135524,2.585891,-214.219729,5.207428,0
2021-08-31,sh.603939,50.9000,52.8800,50.9000,51.8400,51.0800,4698792,244183420.5700,3,0.672100,1,1.487900,42.762442,2.624366,-217.407024,5.284907,0
2021-09-01,sh.603939,51.7800,56.6000,50.7100,56.0000,51.8400,8494485,462475571.9000,3,1.215000,1,8.024700,46.193996,2.834963,-234.853266,5.709004,0
2021-09-02,sh.603939,55.9300,57.3800,54.5800,55.1900,56.0000,4403303,244724609.8400,3,0.629800,1,-1.446400,45.525833,2.793957,-231.456282,5.626428,0
2021-09-03,sh.603939,54.8800,56.6600,53.6600,55.8500,55.1900,4230782,234514642.7000,3,0.605200,1,1.195900,46.070262,2.827369,-234.224195,5.693713,0
2021-09-06,sh.603939,55.3500,57.7800,55.0100,57.3100,55.8500,5079409,287466956.7000,3,0.726500,1,2.614100,47.274606,2.901281,-240.347155,5.842554,0
2021-09-07,sh.603939,57.4500,58.0000,56.0900,57.4500,57.3100,3151047,179506977.7300,3,0.450700,1,0.244300,47.390091,2.908368,-240.934289,5.856827,0
2021-09-08,sh.603939,57.4500,57.4500,53.9400,54.2400,57.4500,5069937,278487613.9400,3,0.725200,1,-5.587500,44.742185,2.745864,-227.472164,5.529579,0
2021-09-09,sh.603939,54.0000,54.8000,53.5000,54.4600,54.2400,2882361,156224135.7800,3,0.412300,1,0.405600,44.923661,2.757002,-228.394802,5.552007,0
2021-09-10,sh.603939,54.2200,54.8700,52.2300,52.7800,54.4600,5765549,307610590.0500,3,0.824700,1,-3.084800,43.537841,2.671953,-221.349204,5.380737,0
2021-09-13,sh.603939,52.6000,53.2000,50.7000,51.3800,52.7800,6922287,357833836.6300,3,0.990100,1,-2.652500,42.382991,2.601079,-215.477872,5.238012,0
2021-09-14,sh.603939,51.2500,52.3000,51.0200,51.5200,51.3800,3303085,170209999.9300,3,0.472500,1,0.272500,42.498476,2.608166,-216.065005,5.252284,0
2021-09-15,sh.603939,51.0900,51.7800,50.3400,50.6500,51.5200,2793992,141808303.5500,3,0.399600,1,-1.688700,41.780820,2.564123,-212.416392,5.163591,0
2021-09-16,sh.603939,50.6500,51.3000,49.5000,50.4500,50.6500,3201636,161476328.7200,3,0.458000,1,-0.394900,41.615841,2.553998,-211.577630,5.143201,0
2021-09-17,sh.603939,50.0200,50.6800,48.5000,50.0800,50.4500,3989126,198360559.7300,3,0.570600,1,-0.733400,41.310631,2.535267,-210.025921,5.105481,0
2021-09-22,sh.603939,49.4700,50.5000,48.2600,48.9500,50.0800,3167467,156066476.5500,3,0.453100,1,-2.256400,40.378502,2.478062,-205.286918,4.990282,0
2021-09-23,sh.603939,48.9500,51.1000,48.5800,50.6000,48.9500,4430911,222268259.9800,3,0.633800,1,3.370800,41.739575,2.561592,-212.206701,5.158493,0
2021-09-24,sh.603939,50.5600,51.6900,49.8000,51.3200,50.6000,2705634,138273835.4000,3,0.387000,1,1.422900,42.333498,2.598041,-215.226243,5.231895,0
2021-09-27,sh.603939,51.7500,54.2500,50.8800,53.8500,51.3200,5374333,285579888.0100,3,0.768700,1,4.929900,44.420477,2.726121,-225.836579,5.489820,0
2021-09-28,sh.603939,53.8500,54.6800,52.7100,53.3900,53.8500,3072100,164630116.5800,3,0.439400,1,-0.854200,44.041026,2.702834,-223.907427,5.442924,0
2021-09-29,sh.603939,53.2800,53.2800,51.4200,51.6600,53.3900,3871671,201923318.0200,3,0.553800,1,-3.240300,42.613961,2.615253,-216.652138,5.266557,0
2021-09-30,sh.603939,51.3100,53.3000,51.3100,52.0800,51.6600,2303123,120564497.3400,3,0.329400,1,0.813000,42.960416,2.636516,-218.413538,5.309374,0
2021-10-08,sh.603939,52.6000,52.8000,50.0900,51.6400,52.0800,5136663,264073876.9400,3,0.734700,1,-0.844900,42.597464,2.614241,-216.568262,5.264518,0
2021-10-11,sh.603939,52.0500,55.1700,51.8500,54.3400,51.6400,5497103,296240920.2800,3,0.786300,1,5.228500,44.824674,2.750927,-227.891545,5.539773,0
2021-10-12,sh.603939,54.4300,55.7000,53.5600,54.8900,54.3400,4834481,264328693.7500,3,0.691500,1,1.012100,45.278365,2.778770,-230.198139,5.595844,0
2021-10-13,sh.603939,54.9100,55.3500,53.5000,54.8200,54.8900,2388048,130522627.4900,3,0.341600,1,-0.127500,45.220623,2.775226,-229.904573,5.588708,0
2021-10-14,sh.603939,54.8000,55.1500,52.5600,53.2000,54.8200,2980708,159709138.9600,3,0.426400,1,-2.955100,43.884296,2.693215,-223.110603,5.423554,0
2021-10-15,sh.603939,53.1500,53.7000,51.3300,52.3800,53.2000,3984439,208445126.2500,3,0.569900,1,-1.541400,43.207884,2.651703,-219.671680,5.339958,0
2021-10-18,sh.603939,52.1500,52.3800,50.8200,51.2800,52.3800,2811237,143930137.4300,3,0.402100,1,-2.100000,42.300502,2.596016,-215.058491,5.227817,0
2021-10-19,sh.603939,50.8100,52.2000,50.6000,51.6700,51.2800,2562799,131562659.4700,3,0.366600,1,0.760500,42.622210,2.615760,-216.694076,5.267576,0
2021-10-20,sh.603939,51.4000,51.7900,50.5000,50.8200,51.6700,1673647,85015623.2400,3,0.239400,1,-1.645100,41.921052,2.572729,-213.129339,5.180922,0
2021-10-21,sh.603939,50.8000,51.2400,49.2800,49.9400,50.8200,3098943,154904341.2700,3,0.443300,1,-1.731600,41.195146,2.528180,-209.438788,5.091209,0
2021-10-22,sh.603939,50.0000,50.5600,49.3100,49.3600,49.9400,2778229,137965603.5600,3,0.397400,1,-1.161400,40.716708,2.498817,-207.006379,5.032080,0
2021-10-25,sh.603939,49.1500,50.1600,48.9100,49.5600,49.3600,1889782,93416981.9000,3,0.270300,1,0.405200,40.881687,2.508942,-207.845141,5.052469,0
2021-10-26,sh.603939,49.5300,50.6500,49.3000,50.5900,49.5600,2885047,145311968.5500,3,0.412700,1,2.078300,41.731326,2.561085,-212.164763,5.157474,0
2021-10-27,sh.603939,50.1900,50.7000,49.1200,49.7400,50.5900,2384014,118497378.5800,3,0.341000,1,-1.680200,41.030167,2.518055,-208.600026,5.070819,0
2021-10-28,sh.603939,48.9700,49.7300,45.6000,46.3100,49.7400,8510210,399172353.6300,3,1.217300,1,-6.895900,38.200785,2.344413,-194.215264,4.721143,0
2021-10-29,sh.603939,46.2300,48.2800,45.7100,47.7500,46.3100,4934373,234266757.4800,3,0.705800,1,3.109500,39.388631,2.417312,-200.254348,4.867946,0
2021-11-01,sh.603939,47.7900,50.2000,47.5000,49.7300,47.7500,5438293,268105823.3200,3,0.777900,1,4.146600,40.100271,2.440569,-37.293529,4.911672,0
2021-11-02,sh.603939,49.1700,51.4000,47.5200,48.0000,49.7300,4234049,206887317.4500,3,0.605600,1,-3.478800,38.705269,2.355667,-35.996167,4.740805,0
2021-11-03,sh.603939,48.2200,50.5600,47.8300,49.9500,48.0000,3818334,189771698.9700,3,0.546200,1,4.062500,40.277670,2.451366,-37.458511,4.933400,0
2021-11-04,sh.603939,50.0700,52.1200,49.2100,51.3600,49.9500,4474932,228216051.4700,3,0.640100,1,2.822800,41.414638,2.520563,-38.515899,5.072661,0
2021-11-05,sh.603939,51.3300,51.7000,49.9900,50.0000,51.3600,3312170,166995757.8100,3,0.473800,1,-2.648000,40.317988,2.453819,-37.496007,4.938339,0
2021-11-08,sh.603939,51.0000,51.0000,48.6300,49.0000,50.0000,3157948,154965029.5300,3,0.451700,1,-2.000000,39.511629,2.404743,-36.746087,4.839572,0
2021-11-09,sh.603939,48.6100,49.4500,47.8900,49.0000,49.0000,2401976,117547045.1300,3,0.343600,1,0.000000,39.511629,2.404743,-36.746087,4.839572,0
2021-11-10,sh.603939,48.5000,48.8600,47.1000,48.4300,49.0000,4010565,192589572.9200,3,0.573700,1,-1.163300,39.052004,2.376769,-36.318633,4.783275,0
2021-11-11,sh.603939,47.9300,48.7500,47.7000,48.5000,48.4300,1802264,87296643.7500,3,0.257800,1,0.144500,39.108449,2.380205,-36.371127,4.790189,0
2021-11-12,sh.603939,48.3100,48.9000,47.5800,48.2400,48.5000,2135639,102804380.5900,3,0.305500,1,-0.536100,38.898795,2.367445,-36.176148,4.764509,0
2021-11-15,sh.603939,48.2400,48.8100,47.8100,48.5000,48.2400,3602021,174362547.6200,3,0.502300,1,0.539000,39.108449,2.380205,-36.371127,4.790189,0
2021-11-16,sh.603939,48.5000,48.9100,47.7000,48.1800,48.5000,3184326,153138411.0300,3,0.444100,1,-0.659800,38.850414,2.364500,-36.131152,4.758583,0
2021-11-17,sh.603939,48.1300,48.4900,47.3600,47.5100,48.1800,3871107,184510024.4500,3,0.539800,1,-1.390600,38.310153,2.331619,-35.628706,4.692409,0
2021-11-18,sh.603939,47.5100,47.9300,46.6500,47.1000,47.5100,3482401,164281296.5500,3,0.485600,1,-0.863000,37.979545,2.311498,-35.321239,4.651915,0
2021-11-19,sh.603939,47.2100,47.4400,46.8000,46.9800,47.1000,3661806,172248973.7300,3,0.510600,1,-0.254800,37.882782,2.305609,-35.231248,4.640063,0
2021-11-22,sh.603939,46.8000,46.9600,45.6800,46.0000,46.9800,5949784,274042454.4400,3,0.829700,1,-2.086000,37.092549,2.257514,-34.496327,4.543272,0
2021-11-23,sh.603939,45.8900,47.6500,45.4400,47.4600,46.0000,5287183,248054316.7100,3,0.737300,1,3.173900,38.269835,2.329165,-35.591210,4.687471,0
2021-11-24,sh.603939,47.6000,48.1000,46.5000,47.9100,47.4600,4838282,229073101.2400,3,0.674700,1,0.948200,38.632696,2.351250,-35.928674,4.731916,0
2021-11-25,sh.603939,47.9100,49.2700,47.6100,47.7600,47.9100,5116667,247368254.3900,3,0.713500,1,-0.313100,38.511742,2.343888,-35.816186,4.717101,0
2021-11-26,sh.603939,47.3900,47.7700,46.8200,47.2800,47.7600,2945704,139329668.9400,3,0.410800,1,-1.005000,38.124690,2.320332,-35.456224,4.669693,0
2021-11-29,sh.603939,46.9300,47.8000,45.8100,46.1400,47.2800,3207005,148692145.7700,3,0.447200,1,-2.411200,37.205440,2.264385,-34.601315,4.557099,0
2021-11-30,sh.603939,46.0900,46.3400,44.7000,45.1500,46.1400,4172767,188898261.1100,3,0.581900,1,-2.145600,36.407143,2.215799,-33.858894,4.459320,0
2021-12-01,sh.603939,45.1500,45.3400,44.0000,44.7600,45.1500,4265531,189737668.8900,3,0.594800,1,-0.863800,36.092663,2.196659,-33.566426,4.420801,0
2021-12-02,sh.603939,44.7300,44.9500,44.3700,44.4800,44.7600,2434133,108633268.6900,3,0.339400,1,-0.625600,35.866882,2.182918,-33.356448,4.393146,0
2021-12-03,sh.603939,44.1000,44.7800,44.0200,44.4000,44.4800,2308924,102380033.5500,3,0.322000,1,-0.179900,35.802374,2.178992,-33.296454,4.385245,0
2021-12-06,sh.603939,44.4200,45.1500,44.0700,44.4600,44.4000,2976551,132831478.0200,3,0.415100,1,0.135100,35.850755,2.181936,-33.341450,4.391171,0
2021-12-07,sh.603939,44.6100,45.9100,44.6100,45.6300,44.4600,4962706,225940434.3900,3,0.692100,1,2.631600,36.794196,2.239356,-34.218856,4.506728,0
2021-12-08,sh.603939,45.8600,46.7700,45.4500,46.6500,45.6300,4178817,193269723.5400,3,0.582700,1,2.235400,37.616683,2.289413,-34.983775,4.607470,0
2021-12-09,sh.603939,46.9200,51.3200,46.7100,51.3200,46.6500,12055912,599948450.0200,3,1.681200,1,10.010700,41.382383,2.518600,-38.485902,5.068711,0
2021-12-10,sh.603939,51.3200,51.3200,49.6200,50.8000,51.3200,7632805,386006325.3500,3,1.064400,1,-1.013300,40.963076,2.493081,-38.095943,5.017352,0
2021-12-13,sh.603939,51.1400,52.5000,49.5000,51.6300,50.8000,5903911,305120032.3000,3,0.823300,1,1.633900,41.632355,2.533814,-38.718377,5.099329,0
2021-12-14,sh.603939,51.3700,52.5000,51.1600,52.2300,51.6300,4871860,253046727.6700,3,0.679400,1,1.162100,42.116171,2.563260,-39.168329,5.158589,0
2021-12-15,sh.603939,52.0100,52.3800,50.8800,51.0200,52.2300,3076086,158374080.5500,3,0.429000,1,-2.316700,41.140475,2.503877,-38.260926,5.039081,0
2021-12-16,sh.603939,51.0600,51.4200,49.2300,50.5100,51.0200,4502869,225338504.3400,3,0.627900,1,-0.999600,40.729232,2.478848,-37.878466,4.988710,0
2021-12-17,sh.603939,51.0200,51.0200,49.7800,50.0400,50.5100,2422822,121496666.4800,3,0.337900,1,-0.930500,40.350243,2.455782,-37.526004,4.942289,0
2021-12-20,sh.603939,49.7200,50.9000,49.1300,49.4800,50.0400,2792095,138687751.2500,3,0.389400,1,-1.119100,39.898681,2.428300,-37.106049,4.886980,0
2021-12-21,sh.603939,49.0700,50.8000,49.0600,49.3000,49.4800,2279934,113177283.2600,3,0.317900,1,-0.363800,39.753537,2.419466,-36.971063,4.869202,0
2021-12-22,sh.603939,49.3800,49.8900,48.9000,49.7300,49.3000,2345557,115819046.7600,3,0.327100,1,0.872200,40.100271,2.440569,-37.293529,4.911672,0
2021-12-23,sh.603939,49.4900,49.6900,48.3300,48.9500,49.7300,1890108,92357960.1200,3,0.263600,1,-1.568500,39.471311,2.402289,-36.708591,4.834634,0
2021-12-24,sh.603939,49.1500,49.5600,48.3900,48.8800,48.9500,1914617,93864088.5600,3,0.267000,1,-0.143000,39.414865,2.398854,-36.656097,4.827720,0
2021-12-27,sh.603939,49.0000,53.7700,48.9000,52.9500,48.8800,10670526,565801463.8700,3,1.488000,1,8.326500,42.696750,2.598595,-39.708272,5.229701,0
2021-12-28,sh.603939,52.0000,55.5800,51.8000,53.9400,52.9500,13082763,704370847.1800,3,1.824400,1,1.869700,43.495046,2.647180,-40.450693,5.327480,0
2021-12-29,sh.603939,54.0800,55.7600,53.4900,54.1900,53.9400,7823249,429380770.1700,3,1.091000,1,0.463500,43.696636,2.659449,-40.638173,5.352171,0
2021-12-30,sh.603939,54.4300,54.4400,52.0200,52.6000,54.1900,6599572,347274762.6100,3,0.920300,1,-2.934100,42.414524,2.581418,-39.445800,5.195132,0
2021-12-31,sh.603939,52.6000,57.2400,52.5000,55.1100,52.6000,8032466,442913944.9000,3,1.120100,1,4.771900,44.438487,2.704600,-41.328099,5.443037,0
2022-01-04,sh.603939,55.7500,58.7800,55.7500,57.5300,55.1100,12079489,697207832.3200,3,1.684500,1,4.391200,46.389877,2.823365,-43.142906,5.682052,0
2022-01-05,sh.603939,57.4600,57.7700,54.8700,55.5900,57.5300,7344431,412335343.5800,3,1.024200,1,-3.372200,44.825539,2.728156,-41.688061,5.490445,0
2022-01-06,sh.603939,55.5800,56.3900,53.4000,54.3900,55.5900,5768775,314112513.2300,3,0.804500,1,-2.158700,43.857908,2.669265,-40.788157,5.371925,0
2022-01-07,sh.603939,54.3600,56.8000,54.1900,56.2900,54.3900,6028090,335846546.9400,3,0.840600,1,3.493300,45.389991,2.762510,-42.213005,5.559582,0
2022-01-10,sh.603939,55.0500,55.9800,53.7800,54.5200,56.2900,5190841,282456302.8000,3,0.723900,1,-3.144400,43.962735,2.675645,-40.885646,5.384764,0
2022-01-11,sh.603939,54.4800,54.5800,53.0000,53.2600,54.5200,3962893,212291184.3800,3,0.552600,1,-2.311100,42.946721,2.613808,-39.940747,5.260318,0
2022-01-12,sh.603939,53.4600,54.8000,52.7500,54.4700,53.2600,3310065,178890242.9200,3,0.461600,1,2.271900,43.922417,2.673191,-40.848150,5.379826,0
2022-01-13,sh.603939,54.0100,56.1600,53.1000,53.4600,54.4700,4321527,234711064.9700,3,0.602600,1,-1.854200,43.107993,2.623624,-40.090731,5.280072,0
2022-01-14,sh.603939,53.6900,56.3900,52.6200,55.6800,53.4600,5507587,301835173.1700,3,0.768000,1,4.152600,44.898112,2.732573,-41.755554,5.499334,0
2022-01-17,sh.603939,54.0100,56.4000,53.1500,55.5500,55.6800,5538083,303050509.7500,3,0.772300,1,-0.233500,44.793285,2.726193,-41.658064,5.486494,0
2022-01-18,sh.603939,55.1800,55.3400,53.9800,54.9900,55.5500,2212286,120660862.0400,3,0.308500,1,-1.008100,44.341724,2.698711,-41.238109,5.431185,0
2022-01-19,sh.603939,54.4500,57.0000,54.0000,55.9900,54.9900,3181001,177296389.8200,3,0.443600,1,1.818500,45.148083,2.747787,-41.988029,5.529952,0
2022-01-20,sh.603939,55.5500,56.1900,54.5000,55.2000,55.9900,1955908,108106645.3800,3,0.272800,1,-1.411000,44.511059,2.709017,-41.395592,5.451926,0
2022-01-21,sh.603939,54.5100,55.2200,53.2000,54.2900,55.2000,2818575,152732621.4100,3,0.393100,1,-1.648600,43.777272,2.664357,-40.713165,5.362048,0
2022-01-24,sh.603939,54.0000,54.6500,52.6600,54.2900,54.2900,1925191,103508326.7800,3,0.268500,1,0.000000,43.777272,2.664357,-40.713165,5.362048,0
2022-01-25,sh.603939,54.3500,54.4100,52.6400,53.4000,54.2900,2133454,113892772.8800,3,0.297500,1,-1.639300,43.059612,2.620679,-40.045736,5.274146,0
2022-01-26,sh.603939,53.3900,53.9000,50.5000,52.6000,53.4000,3848568,199206195.5300,3,0.536700,1,-1.498100,42.414524,2.581418,-39.445800,5.195132,0
2022-01-27,sh.603939,51.8900,51.8900,50.0100,51.5500,52.6000,3367130,170852090.9100,3,0.469600,1,-1.996200,41.567846,2.529888,-38.658383,5.091427,0
2022-01-28,sh.603939,50.8900,51.1500,49.2400,49.3500,51.5500,3101391,154634763.6900,3,0.432500,1,-4.267700,39.793855,2.421920,-37.008559,4.874140,0
2022-02-07,sh.603939,50.3500,51.8200,50.1000,50.6900,49.3500,2761620,140635464.6500,3,0.385100,1,2.715300,40.874377,2.487682,-38.013452,5.006488,0
2022-02-08,sh.603939,51.1300,51.8000,50.2600,51.4000,50.6900,2154878,109724659.0600,3,0.300500,1,1.400700,41.446892,2.522526,-38.545895,5.076612,0
2022-02-09,sh.603939,51.4000,53.0000,49.6200,50.2000,51.4000,2649452,133635531.0000,3,0.369500,1,-2.334600,40.479260,2.463635,-37.645991,4.958092,0
2022-02-10,sh.603939,50.3400,52.6000,49.6600,52.4000,50.2000,3517683,181647825.9300,3,0.490500,1,4.382500,42.253252,2.571603,-39.295815,5.175379,0
2022-02-11,sh.603939,51.8400,52.8000,50.0100,50.6000,52.4000,2166343,110592289.5000,3,0.302100,1,-3.435100,40.801804,2.483265,-37.945959,4.997599,0
2022-02-14,sh.603939,50.6300,51.2000,49.0100,49.6900,50.6000,1937509,95844287.2500,3,0.270200,1,-1.798400,40.068017,2.438606,-37.263532,4.907721,0
2022-02-15,sh.603939,49.6700,49.6800,48.0000,49.3800,49.6900,3249303,157585651.8700,3,0.453100,1,-0.623900,39.818045,2.423392,-37.031057,4.877103,0
2022-02-16,sh.603939,50.1800,51.1000,49.6800,50.1800,49.3800,1950967,98006427.3200,3,0.272100,1,1.620100,40.463133,2.462653,-37.630993,4.956117,0
2022-02-17,sh.603939,50.2900,50.5900,49.6800,50.0500,50.1800,1676844,84004375.9800,3,0.233800,1,-0.259100,40.358306,2.456273,-37.533503,4.943277,0
2022-02-18,sh.603939,49.8600,50.5500,49.1400,50.1300,50.0500,1255425,62518473.0700,3,0.175100,1,0.159800,40.422815,2.460199,-37.593497,4.951178,0
2022-02-21,sh.603939,50.3600,50.3600,49.7300,50.0000,50.1300,929037,46398196.4600,3,0.129600,1,-0.259300,40.317988,2.453819,-37.496007,4.938339,0
2022-02-22,sh.603939,49.9100,49.9100,48.8000,49.2900,50.0000,1380179,68029357.6700,3,0.192500,1,-1.420000,39.745473,2.418975,-36.963564,4.868214,0
2022-02-23,sh.603939,49.2900,49.8300,48.8800,49.4400,49.2900,1419106,70062116.1500,3,0.197900,1,0.304300,39.866427,2.426337,-37.076052,4.883029,0
2022-02-24,sh.603939,49.0000,49.6900,47.7500,49.3700,49.4400,1842501,89825066.1300,3,0.256900,1,-0.141600,39.809982,2.422901,-37.023557,4.876116,0
2022-02-25,sh.603939,49.2200,49.7400,48.9500,49.4000,49.3700,2094863,103082950.3000,3,0.292100,1,0.060800,39.834173,2.424374,-37.046055,4.879079,0
2022-02-28,sh.603939,49.2000,49.5000,48.4800,49.4100,49.4000,2221321,108837028.0000,3,0.309800,1,0.020200,39.842236,2.424864,0.000000,4.880066,0
2022-03-01,sh.603939,49.4100,50.2800,48.1800,49.2100,49.4100,2347098,114884982.0000,3,0.327300,1,-0.404800,39.680964,2.415049,-36.903570,4.860313,0
2022-03-02,sh.603939,48.7700,48.7700,47.5500,48.3900,49.2100,2639497,126593853.0000,3,0.368100,1,-1.666300,39.019749,2.374806,-36.288636,4.779324,0
2022-03-03,sh.603939,48.0600,49.3100,48.0600,48.6300,48.3900,2710722,132376917.0000,3,0.378000,1,0.496000,39.213275,2.386585,-36.468617,4.803028,0
2022-03-04,sh.603939,48.4000,49.2200,48.2000,48.5000,48.6300,1456763,71015462.0000,3,0.203100,1,-0.267300,39.108449,2.380205,-36.371127,4.790189,0
2022-03-07,sh.603939,48.4800,48.4900,45.7000,46.3800,48.5000,3867310,179909343.0000,3,0.539300,1,-4.371100,37.398966,2.276163,-34.781296,4.580803,0
2022-03-08,sh.603939,46.4500,46.6000,43.1000,43.7400,46.3800,5564735,245950160.0000,3,0.776000,1,-5.692100,35.270176,2.146601,-32.801507,4.320059,0
2022-03-09,sh.603939,43.3900,43.8500,40.8800,43.2200,43.7400,3475798,147917138.0000,3,0.484700,1,-1.188800,34.850869,2.121081,-32.411549,4.268700,0
2022-03-10,sh.603939,43.6300,44.4000,43.2800,43.3900,43.2200,2631098,114965161.0000,3,0.366900,1,0.393300,34.987950,2.129424,-32.539035,4.285490,0
2022-03-11,sh.603939,43.0300,47.7300,42.3200,47.7300,43.3900,9676161,445100880.0000,3,1.349400,1,10.002300,38.487552,2.342416,-35.793688,4.714138,0
2022-03-14,sh.603939,50.4100,50.6000,44.0000,45.3000,47.7300,12308525,583970624.0000,3,1.716500,1,-5.091100,36.528097,2.223160,-33.971382,4.474135,0
2022-03-15,sh.603939,44.6100,44.6100,41.6800,42.4600,45.3000,6126825,263205362.0000,3,0.854400,1,-6.269300,34.238036,2.083783,-31.841609,4.193637,0
2022-03-16,sh.603939,43.0500,43.6700,39.8300,42.4000,42.4600,8511052,350334480.0000,3,1.186900,1,-0.141300,34.189654,2.080839,-31.796614,4.187711,0
2022-03-17,sh.603939,42.8000,43.8400,42.0500,42.5600,42.4000,5073318,218905787.0000,3,0.707500,1,0.377400,34.318672,2.088691,-31.916601,4.203514,0
2022-03-18,sh.603939,42.7000,42.9700,41.7900,42.3000,42.5600,3354278,141995027.7900,3,0.467800,1,-0.610900,34.109018,2.075931,-31.721622,4.177835,0
2022-03-21,sh.603939,43.0000,43.4800,42.1000,42.7400,42.3000,2982931,127645283.6600,3,0.416000,1,1.040200,34.463816,2.097525,-32.051587,4.221292,0
2022-03-22,sh.603939,42.7400,42.8900,41.2900,41.4500,42.7400,2583571,107668114.2500,3,0.360300,1,-3.018200,33.423612,2.034216,-31.084190,4.093883,0
2022-03-23,sh.603939,41.6000,41.6800,40.7100,41.4500,41.4500,3152297,130284110.4200,3,0.439600,1,0.000000,33.423612,2.034216,-31.084190,4.093883,0
2022-03-24,sh.603939,41.3000,42.1800,41.0200,42.0100,41.4500,2768238,115456043.8400,3,0.386000,1,1.351000,33.875174,2.061699,-31.504145,4.149192,0
2022-03-25,sh.603939,41.6600,42.2100,40.8700,41.0300,42.0100,3201666,132508657.4000,3,0.446500,1,-2.332800,33.084941,2.013604,-30.769223,4.052401,0
2022-03-28,sh.603939,40.6300,40.6400,39.1100,39.7000,41.0300,3942329,156535085.8500,3,0.549800,1,-3.241500,32.012483,1.948333,-29.771830,3.921041,0
2022-03-29,sh.603939,39.6900,39.9300,38.6000,39.2000,39.7000,3741401,146791033.5100,3,0.521700,1,-1.259400,31.609303,1.923794,-29.396870,3.871658,0
2022-03-30,sh.603939,39.4600,40.6600,38.9000,40.1800,39.2000,4609376,182862496.8600,3,0.642800,1,2.500000,32.399535,1.971889,-30.131791,3.968449,0
2022-03-31,sh.603939,40.0100,41.9000,39.7900,40.0000,40.1800,5812417,235842124.9400,3,0.810600,1,-0.448000,32.254391,1.963056,-29.996806,3.950671,0
2022-04-01,sh.603939,40.0100,40.0100,38.7000,39.3800,40.0000,3122652,123140001.4400,3,0.435500,1,-1.550000,31.754448,1.932628,-29.531855,3.889436,0
2022-04-06,sh.603939,39.3800,39.7100,38.4500,38.9700,39.3800,3140588,122249742.6600,3,0.438000,1,-1.041100,31.423840,1.912507,-29.224388,3.848941,0
2022-04-07,sh.603939,38.6000,38.8800,37.0300,37.3800,38.9700,4199773,157682013.5300,3,0.585700,1,-4.080100,30.141728,1.834475,-28.032015,3.691902,0
2022-04-08,sh.603939,37.2000,37.9400,35.8800,36.3500,37.3800,5320222,193490402.8800,3,0.741900,1,-2.755500,29.311178,1.783927,-27.259597,3.590172,0
2022-04-11,sh.603939,36.0000,36.5800,35.2500,35.6600,36.3500,2831659,101233592.6500,3,0.394900,1,-1.898200,28.754789,1.750064,-26.742152,3.522023,0
2022-04-12,sh.603939,35.3000,37.6700,35.3000,37.5300,35.6600,3475820,127562825.5000,3,0.484700,1,5.244000,30.262682,1.841837,-28.144503,3.706717,0
2022-04-13,sh.603939,37.0900,37.8800,36.4000,36.4000,37.5300,2968152,109580747.7900,3,0.413900,1,-3.010900,29.351496,1.786381,-27.297093,3.595111,0
2022-04-14,sh.603939,36.3800,36.7700,35.7900,36.3800,36.4000,3039832,109990068.7000,3,0.423900,1,-0.054900,29.335368,1.785399,-27.282095,3.593135,0
2022-04-15,sh.603939,35.8800,36.2900,35.1500,36.2900,36.3800,2580648,92326988.5200,3,0.359900,1,-0.247400,29.262796,1.780982,-27.214602,3.584246,0
2022-04-18,sh.603939,35.8100,36.1000,34.9000,35.7800,36.2900,2949922,103988375.0200,3,0.411400,1,-1.405300,28.851552,1.755953,-26.832143,3.533875,0
2022-04-19,sh.603939,35.5600,37.2000,35.3100,35.7200,35.7800,4397374,157875968.2700,3,0.613200,1,-0.167700,28.803171,1.753009,-26.787147,3.527949,0
2022-04-20,sh.603939,35.7200,37.0600,35.5000,35.9200,35.7200,4639116,168961890.3000,3,0.646900,1,0.559900,28.964443,1.762824,-26.937132,3.547703,0
2022-04-21,sh.603939,36.2400,36.7600,34.5000,35.2000,35.9200,4092372,146127687.9900,3,0.570700,1,-2.004500,28.383864,1.727489,-26.397189,3.476590,0
2022-04-22,sh.603939,35.1200,35.2900,34.0500,35.2000,35.2000,3775544,131054561.4700,3,0.526500,1,0.000000,28.383864,1.727489,-26.397189,3.476590,0
2022-04-25,sh.603939,35.7000,35.7000,32.9000,33.1800,35.2000,4973699,168575579.2900,3,0.693600,1,-5.738600,26.755017,1.628355,-24.882350,3.277082,0
2022-04-26,sh.603939,33.2300,33.9900,32.4600,32.6400,33.1800,4623895,153545737.2800,3,0.644800,1,-1.627500,26.319583,1.601853,-24.477393,3.223747,0
2022-04-27,sh.603939,32.4100,32.9800,31.4500,32.8700,32.6400,4245831,137312289.6900,3,0.592100,1,0.704700,26.505046,1.613141,-24.649875,3.246464,0
2022-04-28,sh.603939,33.4000,33.8900,32.6200,33.4500,32.8700,3907744,130038106.2300,3,0.544900,1,1.764500,26.972734,1.641605,-25.084829,3.303749,0
2022-04-29,sh.603939,33.9000,36.8000,33.8900,36.8000,33.4500,8582258,310328917.5500,3,1.196800,1,10.014900,28.787614,1.669330,-63.678938,3.410138,0
2022-05-05,sh.603939,38.4500,40.4800,37.9800,40.4800,36.8000,9882051,392145373.1000,3,1.378100,1,10.000000,31.666375,1.836263,-70.046832,3.751152,0
2022-05-06,sh.603939,39.8100,41.7500,39.6800,41.2600,40.4800,7419303,302041287.7200,3,1.034600,1,1.926900,32.276548,1.871645,-71.396549,3.823432,0
2022-05-09,sh.603939,41.0600,41.6600,39.9900,41.0300,41.2600,5591026,229166043.6300,3,0.779700,1,-0.557400,32.096625,1.861212,-70.998555,3.802119,0
2022-05-10,sh.603939,40.3700,40.6600,39.3000,40.0100,41.0300,5838074,232637760.3700,3,0.814100,1,-2.486000,31.298707,1.814942,-69.233541,3.707599,0
2022-05-11,sh.603939,39.8600,40.8000,39.0600,40.2800,40.0100,4759434,191523114.7400,3,0.663700,1,0.674800,31.509921,1.827190,-69.700751,3.732619,0
2022-05-12,sh.603939,40.0100,41.5000,39.3000,40.6800,40.2800,4237339,172873367.3000,3,0.590900,1,0.993000,31.822830,1.845335,-70.392913,3.769685,0
2022-05-13,sh.603939,40.9300,41.9800,40.5600,41.6500,40.6800,4372755,181183101.6600,3,0.609800,1,2.384500,32.581634,1.889337,-72.071407,3.859572,0
2022-05-16,sh.603939,41.6500,42.9800,41.0700,42.5600,41.6500,4356944,184850258.4000,3,0.607600,1,2.184900,33.293501,1.930616,-73.646076,3.943899,0
2022-05-17,sh.603939,42.5600,43.2000,41.0200,42.9900,42.5600,3619531,154199904.0300,3,0.504800,1,1.010300,33.629878,1.950122,-74.390151,3.983746,0
2022-05-18,sh.603939,43.0100,43.0100,41.7000,42.4800,42.9900,3073323,130444343.4600,3,0.428600,1,-1.186300,33.230920,1.926987,-73.507644,3.936486,0
2022-05-19,sh.603939,42.2200,42.9000,40.9200,42.9000,42.4800,2741009,115251532.1500,3,0.382200,1,0.988700,33.559474,1.946039,-74.234414,3.975406,0
2022-05-20,sh.603939,42.5700,43.5900,42.2100,42.7900,42.9000,2648702,113473229.7600,3,0.369400,1,-0.256400,33.473424,1.941049,-74.044070,3.965212,0
2022-05-23,sh.603939,42.8500,43.7200,42.3200,43.5100,42.7900,1975124,85331546.9400,3,0.275400,1,1.682600,34.036660,1.973710,-75.289962,4.031932,0
2022-05-24,sh.603939,43.3200,45.4800,43.0200,44.8000,43.5100,5943528,266204992.2800,3,0.828800,1,2.964800,35.045791,2.032228,-77.522186,4.151473,0
2022-05-25,sh.603939,44.9300,47.6600,44.1300,46.9800,44.8000,6679424,311145236.0600,3,0.931500,1,4.866100,36.751144,2.131117,-81.294470,4.353486,0
2022-05-26,sh.603939,46.9800,47.5000,45.4500,47.0000,46.9800,3684916,171637207.6300,3,0.513900,1,0.042600,36.766790,2.132024,-81.329079,4.355340,0
2022-05-27,sh.603939,46.9900,47.0000,45.6200,46.4400,47.0000,3584251,166021470.9200,3,0.499800,1,-1.191500,36.328717,2.106622,-80.360051,4.303446,0
2022-05-30,sh.603939,45.6400,46.3900,44.3000,45.3100,46.4400,4347424,196027110.2700,3,0.606300,1,-2.433200,35.444750,2.055362,-78.404693,4.198733,0
2022-05-31,sh.603939,45.3500,47.0500,45.0000,46.4500,45.3100,3217782,148526280.2500,3,0.448700,1,2.516000,36.328673,2.106619,-80.359954,4.303441,0
2022-06-01,sh.603939,46.0000,47.0000,45.6500,46.5200,46.4500,1760513,81856894.5900,3,0.245500,1,0.150700,36.383420,2.109794,-80.481056,4.309926,0
2022-06-02,sh.603939,46.0400,46.5100,45.4800,46.2000,46.5200,2126273,97313801.9400,3,0.296500,1,-0.687900,36.133147,2.095281,-79.927446,4.280279,0
2022-06-06,sh.603939,45.6500,49.3000,45.3500,49.0500,46.2000,4466590,214521493.9700,3,0.622900,1,6.168800,38.362140,2.224535,-84.858035,4.544322,0
2022-06-07,sh.603939,48.6500,48.9800,46.2500,46.5100,49.0500,3422873,161199387.9500,3,0.477300,1,-5.178400,36.375599,2.109340,-80.463756,4.309000,0
2022-06-08,sh.603939,46.5400,46.8800,45.5000,46.3500,46.5100,3237552,149215385.7200,3,0.451500,1,-0.344000,36.250463,2.102084,-80.186951,4.294176,0
2022-06-09,sh.603939,45.7900,46.5600,45.0600,45.5500,46.3500,2769024,126455510.9700,3,0.386100,1,-1.726000,35.624781,2.065802,-78.802926,4.220059,0
2022-06-10,sh.603939,45.5600,47.3700,44.8500,47.3700,45.5500,6608732,304857824.9800,3,0.921600,1,3.995600,37.048208,2.148343,-81.951583,4.388676,0
2022-06-13,sh.603939,46.5000,47.8300,45.4300,47.7000,47.3700,4252263,198242145.1600,3,0.593000,1,0.696600,37.306302,2.163310,-82.522493,4.419249,0
2022-06-14,sh.603939,46.9900,47.1300,45.8300,46.8700,47.7000,1938060,89989576.7300,3,0.270300,1,-1.740000,36.657156,2.125667,-81.086567,4.342353,0
2022-06-15,sh.603939,46.6800,47.8900,46.5700,46.6000,46.8700,1925039,90621354.6300,3,0.268500,1,-0.576100,36.445989,2.113422,-80.619459,4.317338,0
2022-06-16,sh.603939,46.9300,47.8900,46.0200,46.8000,46.6000,2247978,105812560.9300,3,0.313500,1,0.429200,36.602409,2.122492,-80.965465,4.335867,0
2022-06-17,sh.603939,46.6100,47.7800,45.5900,47.3000,46.8000,2410578,112981354.2000,3,0.336200,1,1.068400,36.993461,2.145169,-81.830481,4.382191,0
2022-06-20,sh.603939,46.0200,49.5000,46.0200,47.4300,47.3000,3026841,145167519.8300,3,0.422100,1,0.274800,37.095134,2.151064,-82.055385,4.394235,0
2022-06-21,sh.603939,48.4100,49.3300,47.0100,48.9400,47.4300,3567887,173982789.0900,3,0.497500,1,3.183600,38.276109,2.219547,-84.667732,4.534131,0
2022-06-22,sh.603939,49.3000,53.6500,48.6100,51.7000,48.9400,9657612,497110867.6000,3,1.346800,1,5.639600,40.434713,2.344719,-89.442618,4.789836,0
2022-06-23,sh.603939,51.4300,52.8000,49.5800,52.2800,51.7000,5324751,272943552.7500,3,0.742500,1,1.121900,40.888332,2.371024,-90.446036,4.843571,0
2022-06-24,sh.603939,52.0000,54.0000,51.2500,53.1800,52.2800,2918271,154468783.9900,3,0.407000,1,1.721500,41.592225,2.411841,-92.003065,4.926954,0
2022-06-27,sh.603939,53.0500,54.2000,50.4000,50.6100,53.1800,6109627,315324949.4900,3,0.852000,1,-4.832600,39.582221,2.295285,-87.556884,4.688851,0
2022-06-28,sh.603939,50.2400,51.4600,49.3500,51.3500,50.3100,2349503,118801118.6800,3,0.327600,1,2.067200,40.160977,2.328846,-88.837107,4.757410,0
2022-06-29,sh.603939,51.0000,53.0000,50.4800,52.1100,51.3500,2808557,146100904.7800,3,0.391700,1,1.480000,40.755375,2.363314,-90.151931,4.827821,0
2022-06-30,sh.603939,51.5200,53.2200,51.5200,52.8300,52.1100,1558054,82434668.3000,3,0.217300,1,1.381700,41.318489,2.395967,-91.397554,4.894527,0
2022-07-01,sh.603939,52.5300,53.4800,51.5000,51.7700,52.8300,1096434,57336520.8700,3,0.152900,1,-2.006400,40.489460,2.347894,-89.563720,4.796322,0
2022-07-04,sh.603939,52.2700,54.4000,51.3100,54.1200,51.7700,3593107,192744107.6200,3,0.500300,1,4.539300,42.327401,2.454472,-93.629294,5.014041,0
2022-07-05,sh.603939,54.1300,55.3800,53.6000,54.4900,54.1200,2712901,147570265.4200,3,0.377700,1,0.683700,42.616779,2.471252,-94.269406,5.048321,0
2022-07-06,sh.603939,54.5900,55.7500,53.2000,54.8300,54.4900,3043967,166330837.9400,3,0.423800,1,0.624000,42.882694,2.486672,-94.857616,5.079821,0
2022-07-07,sh.603939,54.8100,54.8100,52.0000,52.5300,54.8300,4804444,253322669.4700,3,0.669000,1,-4.194800,41.083858,2.382362,-90.878544,4.866733,0
2022-07-08,sh.603939,52.5000,53.3600,52.0900,52.6300,52.5300,1781845,93919012.9500,3,0.248100,1,0.190400,41.162068,2.386897,-91.051547,4.875998,0
2022-07-11,sh.603939,52.3000,53.8100,51.7000,53.6500,52.6300,2388796,127033797.4000,3,0.332400,1,1.938100,41.959813,2.433156,-92.816179,4.970497,0
2022-07-12,sh.603939,53.4000,53.9500,51.3800,51.5800,53.6500,2158926,112845056.3700,3,0.300400,1,-3.858300,40.340860,2.339277,-89.235014,4.778719,0
2022-07-13,sh.603939,51.7200,51.8900,49.9000,50.7000,51.5800,3037698,153392209.1400,3,0.422700,1,-1.706100,39.652610,2.299367,-87.712587,4.697190,0
2022-07-14,sh.603939,51.1200,53.5000,50.7100,52.4100,50.7000,1935606,100937980.6200,3,0.269400,1,3.372800,40.990006,2.376919,-90.670940,4.855616,0
2022-07-15,sh.603939,52.3200,53.4200,51.5400,52.0000,52.4100,1543444,81329724.5300,3,0.214800,1,-0.782300,40.669344,2.358325,-89.961628,4.817630,0
2022-07-18,sh.603939,52.1200,52.8700,50.7300,52.0900,52.0000,1668705,86799450.8200,3,0.232200,1,0.173100,40.739733,2.362407,-90.117330,4.825969,0
2022-07-19,sh.603939,51.8500,52.4000,50.0100,50.6500,52.0900,2135708,108322110.1400,3,0.297200,1,-2.764400,39.613505,2.297099,-87.626085,4.692557,0
2022-07-20,sh.603939,51.1800,53.3200,50.4100,52.6900,50.6500,2725591,142333893.8100,3,0.379300,1,4.027600,41.208994,2.389618,-91.155349,4.881557,0
2022-07-21,sh.603939,52.6900,53.8800,52.0300,53.2100,52.6900,1868378,99509725.1600,3,0.260000,1,0.986900,41.615688,2.413201,-92.054965,4.929733,0
2022-07-22,sh.603939,53.2100,53.4800,50.8200,51.1600,53.2100,1905067,98227676.7600,3,0.265100,1,-3.852700,40.012377,2.320229,-88.508401,4.739807,0
2022-07-25,sh.603939,50.0200,51.7900,50.0200,51.2900,51.1600,1719949,87948366.9800,3,0.239300,1,0.254100,40.114051,2.326125,-88.733305,4.751851,0
2022-07-26,sh.603939,51.0400,52.1200,50.8500,51.7000,51.2900,938083,48363961.5700,3,0.130500,1,0.799400,40.434713,2.344719,-89.442618,4.789836,0
2022-07-27,sh.603939,51.7500,53.6500,51.1400,53.0000,51.7000,2037144,107116584.1100,3,0.283500,1,2.514500,41.451446,2.403677,-91.691659,4.910277,0
2022-07-28,sh.603939,52.9200,54.7500,52.3200,53.3500,53.0000,2204276,118421894.2800,3,0.306700,1,0.660400,41.725182,2.419551,-92.297170,4.942703,0
2022-07-29,sh.603939,53.3200,53.6600,51.7000,51.7300,53.3500,1474882,77051708.1600,3,0.205200,1,-3.036600,40.458176,2.346080,-89.494519,4.792616,0
2022-08-01,sh.603939,51.8000,56.0000,51.3100,55.0000,51.7300,5095290,278954763.5000,3,0.709000,1,6.321300,43.015652,2.494382,-95.151722,5.095571,0
2022-08-02,sh.603939,55.0000,55.2500,52.4000,52.5500,55.0000,3302501,176046298.9200,3,0.459600,1,-4.454500,41.099500,2.383269,-90.913145,4.868586,0
2022-08-03,sh.603939,52.7700,54.1800,51.5100,51.6100,52.5500,2641981,138780201.2100,3,0.367700,1,-1.788800,40.364323,2.340637,-89.286915,4.781498,0
2022-08-04,sh.603939,51.8000,52.9800,50.3000,50.6200,51.6100,3042437,154553446.0000,3,0.423400,1,-1.918200,39.590042,2.295739,-87.574184,4.689778,0
2022-08-05,sh.603939,50.9600,52.8000,50.3000,52.5800,50.6200,2281293,118531839.0000,3,0.317500,1,3.872000,41.122963,2.384629,-90.965046,4.871365,0
2022-08-08,sh.603939,52.5800,52.9400,51.1600,51.2100,52.5800,1533089,79075960.0000,3,0.213300,1,-2.605600,40.051482,2.322496,-88.594903,4.744439,0
2022-08-09,sh.603939,51.2900,51.5800,50.3400,50.7600,51.2100,1374847,69819502.0000,3,0.191300,1,-0.878700,39.699536,2.302088,-87.816389,4.702748,0
2022-08-10,sh.603939,50.9200,51.1600,49.2800,49.6600,50.7600,2374276,118322040.0000,3,0.330400,1,-2.167100,38.839223,2.252200,-85.913354,4.600837,0
2022-08-11,sh.603939,50.1800,50.3400,48.2900,49.5200,49.6600,3102746,152100560.0000,3,0.431800,1,-0.281900,38.729729,2.245851,-85.671150,4.587866,0
2022-08-12,sh.603939,49.3800,49.4800,47.6100,48.0600,49.5200,3238560,156136941.0000,3,0.450700,1,-2.948300,37.587859,2.179636,-83.145304,4.452602,0
2022-08-15,sh.603939,48.2400,48.7000,47.5900,47.9400,48.0600,1527951,73376601.9700,3,0.212600,1,-0.249700,37.494006,2.174194,-82.937701,4.441485,0
2022-08-16,sh.603939,47.5900,48.8000,47.5900,48.2900,47.9400,1418013,68544865.9600,3,0.197300,1,0.730100,37.767742,2.190067,-83.543211,4.473911,0
2022-08-17,sh.603939,48.2600,49.2900,47.8200,48.8400,48.2900,1257616,61341963.7500,3,0.175000,1,1.139000,38.197899,2.215011,-84.494729,4.524867,0
2022-08-18,sh.603939,48.9100,48.9100,47.0000,48.0100,48.8400,998699,47936881.5100,3,0.139000,1,-1.699400,37.548753,2.177369,-83.058803,4.447970,0
2022-08-19,sh.603939,48.2900,50.9900,47.6000,50.1700,48.0100,3804189,190280850.7800,3,0.529400,1,4.499100,39.238095,2.275330,-86.795670,4.648087,0
2022-08-22,sh.603939,50.0000,52.3500,49.0300,51.8600,50.1700,3261850,166824134.8900,3,0.453900,1,3.368500,40.559849,2.351976,-89.719423,4.804660,0
2022-08-23,sh.603939,51.8500,51.8600,50.0100,50.6500,51.8600,1506300,76280985.7700,3,0.209600,1,-2.333200,39.613505,2.297099,-87.626085,4.692557,0
2022-08-24,sh.603939,50.6500,51.0200,49.5000,49.8600,50.6500,1552923,77871448.2200,3,0.216100,1,-1.559700,38.995644,2.261271,-86.259361,4.619366,0
2022-08-25,sh.603939,49.8600,50.7000,49.4500,50.4900,49.8600,1116578,56137379.6200,3,0.155400,1,1.263500,39.488368,2.289843,-87.349280,4.677734,0
2022-08-26,sh.603939,50.4800,52.6700,50.1400,52.1200,50.4900,2418931,125946708.3200,3,0.336600,1,3.228400,40.763196,2.363767,-90.169231,4.828748,0
2022-08-29,sh.603939,51.6300,52.8800,51.2400,52.2200,52.1200,1552158,80856596.4300,3,0.216000,1,0.191900,40.841406,2.368302,-90.342235,4.838013,0
2022-08-30,sh.603939,53.0000,53.8800,52.0000,52.6200,52.2200,2437971,128439243.0300,3,0.339300,1,0.766000,39.406897,2.260211,-112.426362,4.826171,0
2022-08-31,sh.603939,52.5000,54.1900,52.1100,53.4000,52.6200,2948549,157544076.3500,3,0.410300,1,1.482300,39.991036,2.293715,-114.092887,4.897711,0
2022-09-01,sh.603939,53.6300,54.6700,53.1100,53.2000,53.4000,1976690,106128930.0600,3,0.275100,1,-0.374500,39.841257,2.285124,-113.665573,4.879368,0
2022-09-02,sh.603939,53.2500,54.1700,52.0000,52.2700,53.2000,2389871,125802602.2800,3,0.332600,1,-1.748100,39.144784,2.245177,-111.678562,4.794070,0
2022-09-05,sh.603939,52.2300,52.7000,51.1200,51.8700,52.2700,1776714,92019185.0800,3,0.247200,1,-0.765300,38.845225,2.227996,-110.823934,4.757383,0
2022-09-06,sh.603939,52.3600,53.1800,51.7000,53.0300,51.8700,1432794,75352843.4500,3,0.199400,1,2.236400,39.713945,2.277822,-113.302356,4.863776,0
2022-09-07,sh.603939,53.2900,53.5000,50.9000,51.0500,53.0300,1726829,89217434.4300,3,0.240300,1,-3.733700,38.231131,2.192774,-109.071946,4.682175,0
2022-09-08,sh.603939,50.8000,51.7800,50.1500,51.3000,51.0500,1278285,65130221.5900,3,0.177900,1,0.489700,38.418355,2.203512,-109.606088,4.705104,0
2022-09-09,sh.603939,51.3100,52.5000,51.3100,51.8100,51.3000,1138334,59280467.0600,3,0.158400,1,0.994200,38.800292,2.225418,-110.695740,4.751880,0
2022-09-13,sh.603939,52.4800,52.4800,50.5000,51.6600,51.8100,1493253,77209247.3600,3,0.207800,1,-0.289500,38.687957,2.218975,-110.375254,4.738123,0
2022-09-14,sh.603939,50.7100,53.2300,50.5100,52.9400,51.6600,3528010,184949021.3500,3,0.490900,1,2.477700,39.646544,2.273956,-113.110065,4.855521,0
2022-09-15,sh.603939,52.8400,54.1700,52.0100,52.1400,52.9400,2626505,139299580.2700,3,0.365500,1,-1.511100,39.047427,2.239593,-111.400808,4.782147,0
2022-09-16,sh.603939,51.5300,52.4200,48.7800,49.2500,52.1400,4623663,230984616.6800,3,0.643400,1,-5.542800,36.883118,2.115458,-105.226118,4.517084,0
2022-09-19,sh.603939,49.5800,50.0100,48.4000,48.9400,49.2500,2891255,141628986.6000,3,0.402300,1,-0.629400,36.650961,2.102142,-104.563781,4.488651,0
2022-09-20,sh.603939,48.5700,49.4700,47.7200,48.3900,48.9400,2370069,114505747.1900,3,0.329800,1,-1.123800,36.239068,2.078518,-103.388667,4.438207,0
2022-09-21,sh.603939,48.2700,48.3800,46.1300,46.6200,48.3900,2379378,111680099.0400,3,0.331100,1,-3.657800,34.913522,2.002490,-99.606936,4.275867,0
2022-09-22,sh.603939,46.1600,46.6200,44.5200,45.2100,46.6200,4751653,214410276.3400,3,0.661200,1,-3.024500,33.857579,1.941926,-96.594371,4.146545,0
2022-09-23,sh.603939,45.3500,47.3000,45.0000,46.9100,45.2100,4848673,226433803.1800,3,0.674700,1,3.760200,35.130702,2.014947,-100.226542,4.302465,0
2022-09-26,sh.603939,46.9000,48.0000,46.2500,47.0800,46.9100,3359723,158461360.2300,3,0.467500,1,0.362400,35.258014,2.022249,-100.589759,4.318057,0
2022-09-27,sh.603939,47.0700,49.6100,46.5800,49.5500,47.0800,4513624,219211737.2000,3,0.628100,1,5.246400,37.107787,2.128344,-105.867089,4.544599,0
2022-09-28,sh.603939,49.8000,49.8400,48.4000,48.6000,49.5500,2946053,144401026.2100,3,0.410000,1,-1.917300,36.396336,2.087538,-103.837347,4.457467,0
2022-09-29,sh.603939,49.6000,50.7500,48.8500,49.5300,48.6000,2514508,125176843.6800,3,0.349900,1,1.913600,37.092809,2.127485,-105.824358,4.542765,0
2022-09-30,sh.603939,49.2500,50.1500,48.7500,49.7600,49.5300,3271116,162582537.4200,3,0.455200,1,0.464400,37.265055,2.137364,-106.315769,4.563860,0
2022-10-10,sh.603939,49.9100,51.4800,49.1500,49.3300,49.7600,2546934,127590217.3400,3,0.354400,1,-0.864100,36.943030,2.118894,-105.397044,4.524421,0
2022-10-11,sh.603939,49.3300,49.9900,48.0700,49.1700,49.3300,1942271,94841930.1600,3,0.270300,1,-0.324300,36.823207,2.112021,-105.055192,4.509746,0
2022-10-12,sh.603939,48.7200,50.0100,47.7800,49.9500,49.1700,2051449,100350002.7400,3,0.285500,1,1.586300,37.407345,2.145525,-106.721718,4.581286,0
2022-10-13,sh.603939,49.3900,51.3000,49.3800,50.0500,49.9500,3101790,155657970.0200,3,0.431600,1,0.200200,37.482235,2.149820,-106.935375,4.590458,0
2022-10-14,sh.603939,50.1000,53.2800,49.5100,52.8500,50.0500,6559962,344327142.4400,3,0.912900,1,5.594400,39.579143,2.270090,-112.917773,4.847266,0
2022-10-17,sh.603939,53.5000,57.0000,53.5000,55.1400,52.8500,7267405,405147938.2900,3,1.011300,1,4.333000,41.294115,2.368454,-117.810521,5.057299,0
2022-10-18,sh.603939,56.5200,56.8400,54.1800,56.0000,55.1400,4854634,271371749.1200,3,0.675600,1,1.559700,41.938165,2.405393,-119.647972,5.136176,0
2022-10-19,sh.603939,55.6600,56.1700,53.9100,54.6700,56.0000,3849434,210561068.0700,3,0.535700,1,-2.375000,40.942134,2.348265,-116.806332,5.014192,0
2022-10-20,sh.603939,55.1000,58.1500,54.1300,56.2700,54.6700,6630374,373465613.0300,3,0.922700,1,2.926700,42.140367,2.416991,-120.224846,5.160940,0
2022-10-21,sh.603939,56.0100,56.7700,54.6000,54.9600,56.2700,6895362,382511512.2600,3,0.959500,1,-2.328100,41.336595,2.370890,-117.931716,5.062502,0
2022-10-24,sh.603939,54.5800,55.8800,53.8000,54.9000,54.9600,4868028,267211820.5300,3,0.677400,1,-0.109200,41.291468,2.368302,-117.802969,5.056975,0
2022-10-25,sh.603939,54.9900,57.0000,53.6300,54.7600,54.9000,4057335,222210771.4400,3,0.564600,1,-0.255000,41.186171,2.362262,-117.502561,5.044079,0
2022-10-26,sh.603939,54.6400,58.0000,54.1600,57.8900,54.7600,6876012,391643172.2500,3,0.956800,1,5.715900,43.540311,2.497286,-124.218832,5.332392,0
2022-10-27,sh.603939,57.3400,59.5800,56.3900,57.9800,57.8900,6623245,385178062.4600,3,0.921700,1,0.155500,43.608002,2.501168,-124.411952,5.340682,0
2022-10-28,sh.603939,57.5500,59.5000,56.5100,57.0000,57.9800,3669761,211295198.0500,3,0.510700,1,-1.690200,42.870923,2.458892,-122.309094,5.250411,0
2022-10-31,sh.603939,57.0000,57.7000,55.5000,56.1400,57.0000,4779634,269450062.2100,3,0.665100,1,-1.508800,39.897029,2.284428,41.542619,5.016737,0
2022-11-01,sh.603939,56.1600,57.4800,54.4800,56.9900,56.1400,5392146,302400746.4100,3,0.750400,1,1.514100,40.501098,2.319016,42.171604,5.092694,0
2022-11-02,sh.603939,56.6900,61.8800,55.8100,60.0600,56.9900,7594664,453361709.2100,3,1.056900,1,5.386900,42.682856,2.443939,44.443351,5.367033,0
2022-11-03,sh.603939,59.3000,60.4800,58.7900,60.0000,60.0600,4348163,259827322.5000,3,0.605100,1,-0.099900,42.640216,2.441498,44.398952,5.361671,0
2022-11-04,sh.603939,61.1000,64.9000,55.2100,63.7700,60.0000,8237027,517565443.6100,3,1.146200,1,6.283300,45.319443,2.594905,47.188686,5.698563,0
2022-11-07,sh.603939,63.7700,63.7700,58.7000,60.0000,63.7700,8783324,530663686.7600,3,1.222300,1,-5.911900,42.640216,2.441498,44.398952,5.361671,0
2022-11-08,sh.603939,59.9600,60.8800,58.0800,60.2600,60.0000,6250458,373843468.0200,3,0.869800,1,0.433300,42.824990,2.452078,44.591347,5.384905,0
2022-11-09,sh.603939,59.6000,61.9000,59.2400,61.5500,60.2600,4223007,258482069.3100,3,0.587700,1,2.140700,43.741755,2.504570,45.545925,5.500181,0
2022-11-10,sh.603939,61.5500,63.8600,60.0000,62.1400,61.5500,3846022,239837529.3600,3,0.535200,1,0.958600,44.161050,2.528578,45.982515,5.552904,0
2022-11-11,sh.603939,62.4500,65.2800,62.4500,64.8700,62.1400,5755314,369837252.8000,3,0.800900,1,4.393300,46.101180,2.639666,48.002667,5.796860,0
2022-11-14,sh.603939,64.5000,71.3600,64.0500,69.6200,64.8700,14046154,980907056.2300,3,1.954600,1,7.322300,49.476864,2.832951,51.517584,6.221326,0
2022-11-15,sh.603939,70.6400,71.8200,67.1200,67.7000,69.6200,8375664,573731960.7600,3,1.165500,1,-2.757800,48.112377,2.754824,50.096817,6.049752,0
2022-11-16,sh.603939,66.6800,70.2100,66.3400,66.9300,67.7000,6388981,433680276.8900,3,0.889100,1,-1.137400,47.565161,2.723491,49.527031,5.980944,0
2022-11-17,sh.603939,67.0000,70.9800,66.2000,70.7800,66.9300,6936536,479339423.1300,3,0.965300,1,5.752300,50.301241,2.880154,52.375964,6.324985,0
2022-11-18,sh.603939,69.6000,70.3300,67.0000,68.2100,70.7800,7413405,503977275.5000,3,1.031600,1,-3.631000,48.474819,2.775576,50.474209,6.095326,0
2022-11-21,sh.603939,66.0000,66.4800,61.8000,66.1700,68.2100,7242850,467636879.1800,3,1.007900,1,-2.990800,47.025051,2.692565,48.964644,5.913030,0
2022-11-22,sh.603939,65.4200,67.6200,63.0200,64.1800,66.1700,6115933,394004707.9600,3,0.851100,1,-3.007400,45.610818,2.611589,47.492079,5.735201,0
2022-11-23,sh.603939,64.0900,64.3000,61.6800,63.3100,64.1800,4806238,301760481.7600,3,0.668800,1,-1.355600,44.992534,2.576187,46.848294,5.657457,0
2022-11-24,sh.603939,63.4100,65.2500,63.1300,65.0000,63.3100,3329262,214938529.1300,3,0.463300,1,2.669400,46.193567,2.644956,48.098865,5.808477,0
2022-11-25,sh.603939,64.7900,64.7900,62.7500,63.7900,65.0000,2496454,158576777.2400,3,0.347400,1,-1.861500,45.333656,2.595719,47.203486,5.700350,0
2022-11-28,sh.603939,63.5100,66.3600,63.0300,64.9400,63.7900,5407281,351064442.4800,3,0.752500,1,1.802800,46.150927,2.642515,48.054466,5.803115,0
2022-11-29,sh.603939,64.5300,67.7800,64.0000,66.9200,64.9400,6563729,434507516.9300,3,0.913400,1,3.049000,47.558054,2.723084,49.519631,5.980050,0
2022-11-30,sh.603939,66.1900,67.4200,64.6000,65.1000,66.9200,4915260,322296622.0300,3,0.684000,1,-2.719700,46.264634,2.649025,48.172863,5.817413,0
2022-12-01,sh.603939,68.0100,70.8800,64.0000,67.0200,65.1000,9870053,664162298.9900,3,1.373500,1,2.949300,47.629121,2.727153,49.593629,5.988987,0
2022-12-02,sh.603939,66.3500,70.2100,66.3500,68.9700,67.0200,7098582,482774335.0800,3,0.987800,1,2.909600,49.014928,2.806502,51.036595,6.163241,0
2022-12-05,sh.603939,69.3000,73.5000,68.9700,70.0800,68.9700,11466758,811435191.3000,3,1.595700,1,1.609400,49.803772,2.851670,51.857976,6.262432,0
2022-12-06,sh.603939,69.8700,69.8700,63.1600,63.9500,70.0800,10756180,704715552.8200,3,1.496800,1,-8.747100,45.447363,2.602230,47.321883,5.714648,0
2022-12-07,sh.603939,63.9000,65.5000,62.1000,64.6800,63.9500,6826676,440184093.8800,3,0.950000,1,1.141500,45.966153,2.631935,47.862070,5.779881,0
2022-12-08,sh.603939,65.2300,67.7200,65.2300,66.6500,64.6800,6837132,455168574.2600,3,0.951400,1,3.045800,47.366173,2.712097,49.319836,5.955923,0
2022-12-09,sh.603939,66.6500,68.5000,65.2200,66.8500,66.6500,6551961,440419053.0400,3,0.911800,1,0.300100,47.508307,2.720236,49.467832,5.973795,0
2022-12-12,sh.603939,67.1200,68.8500,67.0000,67.3000,66.8500,5394367,365211006.9400,3,0.750700,1,0.673100,47.828109,2.738547,49.800824,6.014008,0
2022-12-13,sh.603939,68.0000,68.1800,62.9200,63.3500,67.3000,8747803,561427320.5300,3,1.217300,1,-5.869200,45.020961,2.577815,46.877893,5.661031,0
2022-12-14,sh.603939,63.3000,63.5200,61.7000,62.5700,63.3500,7246680,451668848.9500,3,1.008400,1,-1.231300,44.466638,2.546075,46.300707,5.591329,0
2022-12-15,sh.603939,61.5000,63.4500,61.1700,61.9900,62.5700,4309958,267671817.4300,3,0.599800,1,-0.927000,44.054450,2.522474,45.871517,5.539500,0
2022-12-16,sh.603939,61.3500,62.6500,60.8000,62.6500,61.9900,3899206,241358145.4500,3,0.542600,1,1.064700,44.523492,2.549331,46.359906,5.598478,0
2022-12-19,sh.603939,62.6600,62.9400,59.0000,59.4900,62.6500,7267635,435958887.7300,3,1.011300,1,-5.043900,42.277774,2.420745,44.021561,5.316097,0
2022-12-20,sh.603939,59.3000,59.8900,57.8000,58.7900,59.4900,4920843,287582015.6200,3,0.684800,1,-1.176700,41.780305,2.392261,43.503573,5.253544,0
2022-12-21,sh.603939,58.4800,60.0000,58.1400,59.4100,58.7900,3699159,219716683.6900,3,0.514800,1,1.054600,42.220920,2.417490,43.962362,5.308948,0
2022-12-22,sh.603939,60.0000,60.1100,58.4200,58.8400,59.4100,2482069,146513531.5100,3,0.345400,1,-0.959400,41.815838,2.394296,43.540572,5.258012,0
2022-12-23,sh.603939,58.5000,60.1700,58.2500,59.4000,58.8400,2556378,152106397.7400,3,0.355700,1,0.951700,42.213814,2.417083,43.954962,5.308054,0
2022-12-26,sh.603939,60.5600,60.9000,58.9200,58.9900,59.4000,2407105,143552001.7300,3,0.335000,1,-0.690200,41.922439,2.400399,43.651570,5.271416,0
2022-12-27,sh.603939,59.1500,59.4700,57.7100,58.2200,58.9900,3274787,191441102.9500,3,0.455700,1,-1.305300,41.375223,2.369067,43.081783,5.202608,0
2022-12-28,sh.603939,58.6500,58.6500,57.3500,58.1500,58.2200,4193107,242489485.5500,3,0.583500,1,-0.120200,41.325476,2.366218,43.029984,5.196353,0
2022-12-29,sh.603939,58.8000,63.9700,58.8000,63.2000,58.1500,9293431,583048535.7300,3,1.293300,1,8.684400,44.914361,2.571711,46.766896,5.647627,0
2022-12-30,sh.603939,63.0800,63.9600,61.0200,63.8400,63.2000,5750853,361593502.9900,3,0.800300,1,1.012700,45.369190,2.597754,47.240485,5.704818,0
2023-01-03,sh.603939,62.8000,67.0500,62.8000,66.5000,63.8400,7882551,521562249.6200,3,1.096900,1,4.166700,47.259573,2.705994,49.208838,5.942519,0
2023-01-04,sh.603939,66.5000,66.8000,64.9000,65.4800,66.5000,3749120,245481120.9800,3,0.521700,1,-1.533800,46.534689,2.664488,48.454056,5.851370,0
2023-01-05,sh.603939,65.6100,66.5100,64.4500,64.9700,65.4800,3788526,246786530.5600,3,0.527200,1,-0.778900,46.172247,2.643735,48.076665,5.805796,0
2023-01-06,sh.603939,64.6700,64.9100,63.0000,63.8500,64.9700,3157044,201809928.1700,3,0.439300,1,-1.723900,45.376296,2.598161,47.247885,5.705712,0
2023-01-09,sh.603939,63.8500,64.7700,62.9000,63.3700,63.8500,4861590,309480909.0400,3,0.676500,1,-0.751800,45.035175,2.578629,46.892693,5.662818,0
2023-01-10,sh.603939,63.6200,63.9000,62.6300,63.3900,63.3700,2758933,175169458.9600,3,0.383900,1,0.031600,45.049388,2.579443,46.907493,5.664605,0
2023-01-11,sh.603939,63.6100,64.0800,62.0000,62.6200,63.3900,3677598,230231776.0800,3,0.511800,1,-1.214700,44.502172,2.548110,46.337706,5.595797,0
2023-01-12,sh.603939,62.0600,62.7800,60.9300,61.3400,62.6200,4004662,246114636.7500,3,0.557300,1,-2.044100,43.592514,2.496025,45.390529,5.481415,0
2023-01-13,sh.603939,61.8200,62.1200,61.1500,61.7200,61.3400,3572082,219673928.9200,3,0.497100,1,0.619500,43.862569,2.511488,45.671722,5.515372,0
2023-01-16,sh.603939,62.1400,62.4700,58.8100,59.6800,61.7200,10721913,643113884.8700,3,1.492000,1,-3.305200,42.412801,2.428477,44.162157,5.333075,0
2023-01-17,sh.603939,59.6600,60.7500,59.0000,60.0100,59.6800,4947290,297236939.8500,3,0.688500,1,0.552900,42.647323,2.441905,44.406352,5.362565,0
2023-01-18,sh.603939,59.9900,61.0100,58.5700,59.0500,60.0100,7219997,427955782.2100,3,1.004700,1,-1.599700,41.965079,2.402841,43.695969,5.276778,0
2023-01-19,sh.603939,58.8600,59.8800,58.4000,59.2100,59.0500,6269750,372011326.4000,3,0.872500,1,0.271000,42.078786,2.409352,43.814366,5.291076,0
2023-01-20,sh.603939,59.3500,61.3000,58.5000,58.7400,59.2100,4592791,271769312.0400,3,0.639100,1,-0.793800,41.744771,2.390227,43.466574,5.249076,0
2023-01-30,sh.603939,58.7400,59.8000,56.9100,57.0800,58.7400,7029414,404889221.2400,3,0.978200,1,-2.826000,40.565059,2.322678,42.238203,5.100736,0
2023-01-31,sh.603939,57.5900,57.6000,56.6700,56.7200,57.0800,4541996,259061496.1900,3,0.632100,1,-0.630700,40.309217,2.308029,41.971809,5.068566,0
2023-02-01,sh.603939,56.8700,59.4300,56.6900,58.1000,56.7200,9453848,551467017.9600,3,1.315600,1,2.433000,41.289942,2.364184,42.992985,5.191885,0
2023-02-02,sh.603939,58.0000,58.8800,57.4800,57.6800,58.1000,5454880,316857901.1000,3,0.759100,1,-0.722900,40.991461,2.347093,42.682192,5.154353,0
2023-02-03,sh.603939,57.4700,57.5200,56.2100,56.7800,57.6800,4279177,242595283.8100,3,0.595500,1,-1.560300,40.351858,2.310471,42.016208,5.073928,0
2023-02-06,sh.603939,56.7400,57.4900,56.1500,56.6600,56.7800,4344882,245528407.1800,3,0.604600,1,-0.211300,40.266577,2.305588,41.927410,5.063205,0
2023-02-07,sh.603939,56.8800,57.7100,56.1100,56.4900,56.6600,5128309,290601403.9400,3,0.713600,1,-0.300000,40.145763,2.298670,41.801613,5.048013,0
2023-02-08,sh.603939,56.4800,56.7000,55.5000,55.7900,56.4900,3859375,215672366.6300,3,0.537100,1,-1.239200,39.648294,2.270186,41.283625,4.985460,0
2023-02-09,sh.603939,55.9800,56.7000,55.5500,56.5000,55.7900,4026692,226652848.2800,3,0.560300,1,1.272600,40.152870,2.299077,41.809013,5.048907,0
2023-02-10,sh.603939,56.5000,57.6500,55.8200,57.1200,56.5000,4722717,268517754.6500,3,0.657200,1,1.097300,40.593486,2.324306,42.267802,5.104311,0
2023-02-13,sh.603939,57.1300,58.5300,56.6200,56.6600,57.1200,5711265,328403360.1200,3,0.794800,1,-0.805300,40.266577,2.305588,41.927410,5.063205,0
2023-02-14,sh.603939,56.7500,57.3500,56.3100,57.1100,56.6600,3493748,198780160.5200,3,0.486200,1,0.794200,40.586379,2.323899,42.260402,5.103417,0
2023-02-15,sh.603939,57.0500,57.5300,56.8000,56.8900,57.1100,2475768,141259887.2500,3,0.344500,1,-0.385200,40.430031,2.314947,42.097606,5.083758,0
2023-02-16,sh.603939,62.0000,62.5800,58.0800,58.6800,56.8900,21193660,1294874517.0700,3,2.949300,1,3.146400,41.702131,2.387785,43.422175,5.243714,0
2023-02-17,sh.603939,57.6800,62.5000,57.0500,61.3600,58.6800,13089889,800474848.7400,3,1.821600,1,4.567100,43.606727,2.496839,45.405328,5.483202,0
2023-02-20,sh.603939,60.8800,60.9500,58.9000,60.2900,61.3600,7377378,442383592.0300,3,1.026600,1,-1.743800,42.846310,2.453299,44.613547,5.387586,0
2023-02-21,sh.603939,60.1000,60.8800,58.7600,59.4700,60.2900,5712284,339842828.8700,3,0.794900,1,-1.360100,42.263561,2.419931,44.006761,5.314310,0
2023-02-22,sh.603939,59.0200,60.1100,58.4800,58.6800,59.4700,3354464,197895008.5600,3,0.466800,1,-1.328400,41.702131,2.387785,43.422175,5.243714,0
2023-02-23,sh.603939,58.6900,59.3900,58.3300,59.0300,58.6800,2772848,163683475.5600,3,0.385900,1,0.596500,41.950866,2.402027,43.681169,5.274991,0
2023-02-24,sh.603939,59.0200,60.1000,58.6000,59.1400,59.0300,2331412,138033703.2200,3,0.324400,1,0.186300,42.029039,2.406503,43.762567,5.284820,0
2023-02-27,sh.603939,58.6900,59.6600,57.3000,59.0700,59.1400,4029384,236214031.9300,3,0.560700,1,-0.118400,41.979293,2.403655,43.710768,5.278565,0
2023-02-28,sh.603939,58.7000,60.7500,58.5000,60.5000,59.0700,4697325,281842624.2500,3,0.653700,1,2.420900,42.995551,2.461844,44.768943,5.406352,0
2023-03-01,sh.603939,60.5000,61.1600,59.0400,59.3200,60.5000,3688774,220781558.9600,3,0.513300,1,-1.950400,42.156960,2.413828,43.895764,5.300905,0
2023-03-02,sh.603939,59.5700,59.5700,58.0000,58.5000,59.3200,2095434,122800237.4700,3,0.291600,1,-1.382300,41.574210,2.380461,43.288978,5.227629,0
2023-03-03,sh.603939,57.7300,59.1800,57.4000,57.6500,58.5000,3663122,212085305.4900,3,0.509800,1,-1.453000,40.970141,2.345873,42.659993,5.151672,0
2023-03-06,sh.603939,57.9300,58.4700,56.5900,57.7700,57.6500,2861191,165379535.3000,3,0.398200,1,0.208200,41.055421,2.350756,42.748791,5.162396,0
2023-03-07,sh.603939,58.1100,58.1100,56.6300,56.6300,57.7700,3683368,210441372.0300,3,0.512600,1,-1.973300,40.245257,2.304367,41.905211,5.060524,0
2023-03-08,sh.603939,56.5800,58.0000,56.2000,57.4000,56.6300,2974923,170411644.2800,3,0.414000,1,1.359700,40.792473,2.335700,42.474997,5.129332,0
2023-03-09,sh.603939,57.3700,57.5700,56.6800,56.8900,57.4000,1487293,84849027.1000,3,0.207000,1,-0.888500,40.430031,2.314947,42.097606,5.083758,0
2023-03-10,sh.603939,56.0000,57.1000,55.5500,56.3500,56.8900,4471584,251534896.0800,3,0.622300,1,-0.949200,40.046269,2.292974,41.698016,5.035503,0
2023-03-13,sh.603939,56.7600,58.8700,56.1200,58.8200,56.3500,5900269,343202016.1800,3,0.821100,1,4.383300,41.801625,2.393482,43.525773,5.256225,0
2023-03-14,sh.603939,58.4000,59.4100,57.2100,57.2500,58.8200,3286096,190887068.1600,3,0.457300,1,-2.669200,40.685873,2.329596,42.364000,5.115928,0
2023-03-15,sh.603939,57.7200,58.2600,56.8500,57.3600,57.2500,3227069,184698989.1200,3,0.449100,1,0.192100,40.764046,2.334072,42.445398,5.125757,0
2023-03-16,sh.603939,56.7800,57.3600,55.5200,57.0000,57.3600,5401954,305559830.4800,3,0.751700,1,-0.627600,40.508205,2.319423,42.179004,5.093587,0
2023-03-17,sh.603939,57.1000,58.6000,56.6100,56.8800,57.0000,4139200,237519811.1900,3,0.576000,1,-0.210500,40.422925,2.314540,42.090206,5.082864,0
2023-03-20,sh.603939,56.8800,56.8800,55.8000,56.3400,56.8800,3300093,185250563.6500,3,0.459200,1,-0.949400,40.039163,2.292567,41.690616,5.034609,0
2023-03-21,sh.603939,56.0000,57.6500,56.0000,57.4500,56.3400,2471026,141081340.9700,3,0.343900,1,1.970200,40.828007,2.337734,42.511996,5.133800,0
2023-03-22,sh.603939,57.4500,58.3300,56.4800,56.9000,57.4500,2305150,131778539.8200,3,0.320800,1,-0.957400,40.437138,2.315354,42.105006,5.084651,0
2023-03-23,sh.603939,56.7700,57.9500,56.3800,57.5600,56.9000,2160993,123761013.7500,3,0.300700,1,1.159900,40.906180,2.342210,42.593395,5.143630,0
2023-03-24,sh.603939,57.5800,57.9000,57.2200,57.5100,57.5600,1882346,108425552.9200,3,0.261900,1,-0.086900,40.870647,2.340176,42.556395,5.139162,0
2023-03-27,sh.603939,57.6000,57.7100,56.5800,57.0000,57.5100,2851032,162542086.1700,3,0.396700,1,-0.886800,40.508205,2.319423,42.179004,5.093587,0
2023-03-28,sh.603939,56.8500,60.6000,56.8500,59.5900,57.0000,5445385,323122866.9700,3,0.757800,1,4.543900,42.348841,2.424814,44.095559,5.325033,0
2023-03-29,sh.603939,59.5000,60.5000,58.5500,59.4000,59.5900,2619758,155812098.9400,3,0.364600,1,-0.318800,42.213814,2.417083,43.954962,5.308054,0
2023-03-30,sh.603939,59.3900,60.0000,58.5100,59.1800,59.4000,2240456,132609738.7200,3,0.311800,1,-0.370400,42.057466,2.408131,43.792166,5.288395,0
2023-03-31,sh.603939,59.6000,59.7700,57.5000,57.8200,59.1800,3465339,202648321.8800,3,0.482200,1,-2.298100,41.090955,2.352790,42.785790,5.166864,0
2023-04-03,sh.603939,58.2500,58.2500,53.7000,55.4000,57.8200,10492637,579818138.8000,3,1.460100,1,-4.185400,39.371133,2.254316,40.995032,4.950610,0
2023-04-04,sh.603939,55.0000,56.9600,54.8300,55.6300,55.4000,5082781,284611831.3000,3,0.707300,1,0.415200,39.534587,2.263676,41.165228,4.971163,0
2023-04-06,sh.603939,55.8000,56.8000,55.0900,56.4000,55.6300,3695289,207452349.2100,3,0.514200,1,1.384100,40.081803,2.295008,41.735015,5.039971,0
2023-04-07,sh.603939,56.3500,57.1500,55.6900,56.1000,56.4000,2135940,120088579.4500,3,0.297200,1,-0.531900,39.868602,2.282801,41.513020,5.013162,0
2023-04-10,sh.603939,56.0400,56.8900,54.7000,56.2800,56.1000,3486225,194324978.1500,3,0.485100,1,0.320900,39.996522,2.290125,41.646217,5.029247,0
2023-04-11,sh.603939,56.0200,58.6300,56.0200,57.1400,56.2800,5132674,296161901.7100,3,0.714300,1,1.528100,40.607699,2.325120,42.282602,5.106098,0
2023-04-12,sh.603939,57.0300,59.0000,56.9800,57.5000,57.1400,4756227,276403641.6900,3,0.661900,1,0.630000,40.863540,2.339769,42.548996,5.138268,0
2023-04-13,sh.603939,57.1800,58.8000,57.0500,57.7400,57.5000,3901631,226109359.3300,3,0.542900,1,0.417400,41.034101,2.349535,42.726591,5.159715,0
2023-04-14,sh.603939,58.5000,58.8800,55.5500,56.0000,57.7400,4221281,238628683.5300,3,0.587400,1,-3.013500,39.797535,2.278731,41.439022,5.004226,0
2023-04-17,sh.603939,56.0000,56.0000,53.0000,53.4000,56.0000,10681237,575709350.6000,3,1.486400,1,-4.642900,37.949792,2.172933,39.515067,4.771887,0
2023-04-18,sh.603939,53.2500,53.2500,51.2100,52.6900,53.4000,8866239,462650263.8900,3,1.233800,1,-1.329600,37.445216,2.144042,38.989680,4.708441,0
2023-04-19,sh.603939,52.6900,52.6900,51.1500,51.3500,52.6900,4828719,249752587.2600,3,0.672000,1,-2.543200,36.492918,2.089515,37.998103,4.588697,0
2023-04-20,sh.603939,51.1600,51.4200,49.8200,50.4100,51.3500,4423854,223066580.6000,3,0.615600,1,-1.830600,35.824888,2.051265,37.302519,4.504697,0
2023-04-21,sh.603939,50.6200,51.1900,50.0000,50.6000,50.4100,4745174,240959715.4200,3,0.660300,1,0.376900,35.959915,2.058997,37.443116,4.521676,0
2023-04-24,sh.603939,50.9800,51.9500,49.5100,50.8100,50.6000,4480773,228716104.2700,3,0.623500,1,0.415000,36.109156,2.067542,37.598512,4.540442,0
2023-04-25,sh.603939,50.4000,51.2500,49.9300,50.7800,50.8100,3382339,170895953.9700,3,0.470700,1,-0.059000,36.087836,2.066321,37.576313,4.537761,0
2023-04-26,sh.603939,51.0000,51.2800,50.1100,50.6700,50.7800,2971712,151000257.2700,3,0.413500,1,-0.216600,36.009662,2.061845,37.494915,4.527931,0
2023-04-27,sh.603939,51.0000,52.0900,50.6600,51.7100,50.6700,4315547,223375783.3700,3,0.600500,1,2.052500,36.748759,2.104164,38.264497,4.620867,0
2023-04-28,sh.603939,52.2600,52.2700,49.3100,49.8100,51.7100,7692251,384757204.0300,3,1.070400,1,-3.674300,27.031521,1.711493,41.756357,3.988104,0
2023-05-04,sh.603939,49.6900,51.8200,49.4700,51.4800,49.8100,8203072,418329865.5500,3,1.141500,1,3.352700,27.937818,1.768875,43.156339,4.121815,0
2023-05-05,sh.603939,51.4800,52.4500,50.8800,52.3900,51.4800,5939254,308024529.8700,3,0.826500,1,1.767700,28.431668,1.800143,43.919204,4.194675,0
2023-05-08,sh.603939,52.4400,52.6300,50.3500,50.4400,52.3900,6068975,308760741.0000,3,0.844500,1,-3.722100,27.373418,1.733140,42.284494,4.038546,0
2023-05-09,sh.603939,50.0000,51.0800,50.0000,50.4800,50.4400,3298318,166297802.5000,3,0.459000,1,0.079300,27.395125,1.734515,42.318026,4.041749,0
2023-05-10,sh.603939,50.4000,51.5500,50.0100,50.7500,50.4800,3388795,172069479.3600,3,0.471600,1,0.534900,27.541652,1.743792,42.544371,4.063366,0
2023-05-11,sh.603939,50.7800,51.0400,50.0500,50.3100,50.7500,1705067,86037291.9200,3,0.237300,1,-0.867000,27.302868,1.728673,42.175513,4.028137,0
2023-05-12,sh.603939,50.3400,51.5300,50.3400,50.8400,50.3100,3188124,162850114.6000,3,0.443700,1,1.053500,27.590495,1.746884,42.619819,4.070572,0
2023-05-15,sh.603939,51.4000,51.4000,49.8100,50.2800,50.8400,2824905,142112335.8400,3,0.393100,1,-1.101500,27.286587,1.727642,42.150364,4.025735,0
2023-05-16,sh.603939,50.3000,50.6000,49.4100,50.1000,50.2800,4891393,243707044.3800,3,0.680700,1,-0.358000,27.188902,1.721458,41.999467,4.011323,0
2023-05-17,sh.603939,49.5800,50.2500,49.2800,49.8600,50.1000,2975243,147718451.3500,3,0.414000,1,-0.479000,27.058656,1.713211,41.798272,3.992107,0
2023-05-18,sh.603939,49.7700,50.2800,49.1000,49.4600,49.8600,2512174,124587931.8800,3,0.349600,1,-0.802200,26.841579,1.699467,41.462947,3.960081,0
2023-05-19,sh.603939,49.4600,51.2000,49.2000,51.1000,49.4600,4816332,244521852.3600,3,0.670200,1,3.315800,27.731595,1.755818,42.837780,4.091390,0
2023-05-22,sh.603939,50.9200,51.2000,50.3100,50.8500,51.1000,2675738,135718288.0000,3,0.372300,1,-0.489200,27.595922,1.747228,42.628202,4.071373,0
2023-05-23,sh.603939,51.1000,51.4500,50.3800,50.9600,50.8500,2120990,108115712.4600,3,0.295200,1,0.216300,27.655618,1.751008,42.720416,4.080180,0
2023-05-24,sh.603939,50.5600,50.7500,49.7000,50.2100,50.9600,2813401,141190628.7600,3,0.391500,1,-1.471700,27.248598,1.725237,42.091682,4.020131,0
2023-05-25,sh.603939,50.1800,50.9200,49.8000,50.7900,50.2100,3641506,183750476.6500,3,0.506700,1,1.155100,27.563360,1.745166,42.577903,4.066569,0
2023-05-26,sh.603939,50.3000,52.3800,50.3000,52.2900,50.7900,4580735,237348761.2500,3,0.637400,1,2.953300,28.377399,1.796707,43.835372,4.186669,0
2023-05-29,sh.603939,52.0700,52.4500,50.7800,51.4500,52.2900,4279468,219760489.5800,3,0.595500,1,-1.606400,27.921537,1.767844,43.131190,4.119413,0
2023-05-30,sh.603939,51.4500,51.8000,49.7100,51.3000,51.4500,3787740,191427178.8200,3,0.527100,1,-0.291500,27.840133,1.762690,43.005443,4.107403,0
2023-05-31,sh.603939,50.4000,50.5000,49.4000,49.6200,51.3000,4218749,209945923.1200,3,0.587100,1,-3.274900,26.928410,1.704965,41.597077,3.972892,0
2023-06-01,sh.603939,49.3500,50.5400,49.3000,49.8300,49.6200,2811241,140226937.4900,3,0.391200,1,0.423200,27.042375,1.712180,41.773123,3.989705,0
2023-06-02,sh.603939,49.8400,50.0000,49.1100,49.2700,49.8300,3063965,151446554.3000,3,0.426400,1,-1.123800,26.738467,1.692938,41.303668,3.944868,0
2023-06-05,sh.603939,49.2600,49.6500,48.8000,49.5500,49.2700,2889581,142191421.7900,3,0.402100,1,0.568300,26.890421,1.702559,41.538395,3.967287,0
2023-06-06,sh.603939,49.5100,49.5800,47.9400,48.1700,49.5500,3651159,177112963.1000,3,0.508100,1,-2.785100,26.141505,1.655142,40.381524,3.856795,0
2023-06-07,sh.603939,34.4500,34.5200,33.6100,34.2000,34.1200,3727251,126383589.3600,3,0.370500,1,0.234500,25.984125,1.645177,40.138413,3.833576,0
2023-06-08,sh.603939,34.2000,34.5300,33.7700,34.3700,34.2000,4606109,157936310.0200,3,0.457800,1,0.497100,26.113285,1.653355,40.337932,3.852632,0
2023-06-09,sh.603939,34.2900,35.2000,34.0000,34.8000,34.3700,5317298,185158564.8900,3,0.528500,1,1.251100,26.439986,1.674040,40.842596,3.900832,0
2023-06-12,sh.603939,34.6900,36.9000,34.6900,36.7000,34.8000,9826643,355089034.1200,3,0.976800,1,5.459800,27.883549,1.765439,43.072508,4.113808,0
2023-06-13,sh.603939,36.4900,36.9900,35.8400,36.6300,36.7000,4467621,162914985.7900,3,0.444100,1,-0.190700,27.830365,1.762072,42.990353,4.105962,0
2023-06-14,sh.603939,36.5800,39.1500,36.4000,38.5500,36.6300,14973402,575956202.7800,3,1.488300,1,5.241600,29.289123,1.854432,45.243738,4.321180,0
2023-06-15,sh.603939,38.4800,39.4200,38.1000,39.3500,38.5500,6612362,258713632.3900,3,0.657300,1,2.075200,29.896939,1.892916,46.182648,4.410854,0
2023-06-16,sh.603939,39.3500,39.3500,37.8000,37.9800,39.3500,6356165,242923237.7300,3,0.631800,1,-3.481600,28.856054,1.827013,44.574764,4.257287,0
2023-06-19,sh.603939,37.8300,38.2000,37.3800,37.8900,37.9800,6019524,227079865.3600,3,0.598300,1,-0.237000,28.787675,1.822683,44.469137,4.247199,0
2023-06-20,sh.603939,37.8000,38.4300,37.7600,37.8400,37.8900,3306792,125710021.7800,3,0.328700,1,-0.132000,28.749686,1.820278,44.410455,4.241594,0
2023-06-21,sh.603939,37.8400,37.9000,37.2300,37.7100,37.8400,2426372,91181504.5700,3,0.241200,1,-0.343600,28.650916,1.814025,44.257882,4.227022,0
2023-06-26,sh.603939,37.4100,37.9700,36.8600,37.4400,37.7100,3527022,131562096.0200,3,0.350600,1,-0.716000,28.445778,1.801036,43.941000,4.196757,0
2023-06-27,sh.603939,37.6600,38.3300,37.1100,37.5900,37.4400,3896796,147315059.6100,3,0.387300,1,0.400600,28.559744,1.808252,44.117045,4.213571,0
2023-06-28,sh.603939,37.8200,39.2000,37.5200,38.1700,37.5900,4623207,177611297.0000,3,0.459500,1,1.543000,29.000410,1.836153,44.797755,4.278585,0
2023-06-29,sh.603939,38.4000,38.5000,37.1100,37.3700,38.1700,3949132,147993511.4600,3,0.392500,1,-2.095900,28.392595,1.797669,43.858845,4.188911,0
2023-06-30,sh.603939,37.3700,37.9400,37.0000,37.0000,37.3700,3014731,112812112.9800,3,0.299700,1,-0.990100,28.111480,1.779870,43.424599,4.147436,0
2023-07-03,sh.603939,37.0000,37.1700,36.0900,36.5000,37.0000,4649298,169697066.3600,3,0.462100,1,-1.351400,27.731595,1.755818,42.837780,4.091390,0
2023-07-04,sh.603939,36.3700,36.4400,35.7200,35.9900,36.5000,2789926,100303851.0800,3,0.277300,1,-1.397300,27.344112,1.731285,42.239225,4.034222,0
2023-07-05,sh.603939,36.0300,36.6300,35.7700,36.3000,35.9900,2855813,103681047.5900,3,0.283900,1,0.861400,27.579641,1.746197,42.603053,4.068971,0
2023-07-06,sh.603939,36.2300,36.5700,35.7000,35.8700,36.3000,3505284,126270774.0200,3,0.348400,1,-1.184600,27.252940,1.725512,42.098388,4.020771,0
2023-07-07,sh.603939,35.7200,37.1200,35.4400,36.7400,35.8700,4097950,149977023.8300,3,0.407300,1,2.425400,27.913940,1.767363,43.119453,4.118292,0
2023-07-10,sh.603939,37.1600,37.1600,36.0500,36.6100,36.7400,1792261,65421020.0100,3,0.178100,1,-0.353800,27.815170,1.761110,42.966880,4.103720,0
2023-07-11,sh.603939,36.5500,37.1500,36.1800,36.6000,36.6100,2086274,76471429.7100,3,0.207400,1,-0.027300,27.807572,1.760628,42.955144,4.102599,0
2023-07-12,sh.603939,36.6700,37.3000,36.5000,37.0800,36.6000,3078982,113811838.4400,3,0.306000,1,1.311500,28.172261,1.783719,43.518490,4.156404,0
2023-07-13,sh.603939,37.0800,37.7500,36.8400,37.4900,37.0800,3548900,133177943.4800,3,0.352800,1,1.105700,28.483767,1.803442,43.999682,4.202362,0
2023-07-14,sh.603939,37.5400,37.5400,36.4700,36.7500,37.4900,2836544,104099114.1800,3,0.281900,1,-1.973900,27.921537,1.767844,43.131190,4.119413,0
2023-07-17,sh.603939,36.5700,36.8000,36.0800,36.4400,36.7500,2574461,93505603.3900,3,0.255900,1,-0.843500,27.686009,1.752932,42.767362,4.084664,0
2023-07-18,sh.603939,36.3600,36.3900,35.9000,36.1600,36.4400,1875002,67618665.5000,3,0.186400,1,-0.768400,27.473273,1.739462,42.438743,4.053278,0
2023-07-19,sh.603939,36.0600,36.5100,35.9300,36.0000,36.1600,1543445,55733088.2200,3,0.153400,1,-0.442500,27.351710,1.731766,42.250961,4.035343,0
2023-07-20,sh.603939,35.9500,36.6400,35.9000,36.2100,36.0000,2364410,86052428.7700,3,0.235000,1,0.583300,27.511262,1.741868,42.497425,4.058883,0
2023-07-21,sh.603939,36.2300,37.3700,36.0100,37.0500,36.2100,4171646,154475098.7500,3,0.414700,1,2.319800,28.146566,1.782092,43.478798,4.152613,0
2023-07-24,sh.603939,37.0000,37.4700,36.6400,37.0600,37.0500,2007649,74466787.5700,3,0.199600,1,0.027000,28.154163,1.782573,43.490534,4.153733,0
2023-07-25,sh.603939,37.5500,37.8000,37.1400,37.6500,37.0600,3767904,141642356.4700,3,0.374500,1,1.592000,28.602381,1.810952,44.182908,4.219861,0
2023-07-26,sh.603939,37.6500,38.3800,37.3700,38.0200,37.6500,3171214,120628142.1900,3,0.315200,1,0.982700,28.883467,1.828748,44.617110,4.261332,0
2023-07-27,sh.603939,38.2000,38.3500,37.6000,37.8000,38.0200,1624402,61409215.9600,3,0.161500,1,-0.578600,28.716335,1.818167,44.358936,4.236674,0
2023-07-28,sh.603939,37.6100,38.6800,37.5100,38.5000,37.8000,2932698,112566016.0000,3,0.291500,1,1.851900,29.248119,1.851836,45.180398,4.315131,0
2023-07-31,sh.603939,38.6000,38.6800,37.2000,37.9900,38.5000,4856360,183539503.1300,3,0.482700,1,-1.324700,28.860676,1.827305,44.581904,4.257969,0
2023-08-01,sh.603939,37.9900,38.6700,37.5100,38.5200,37.9900,5162989,198413582.4500,3,0.513200,1,1.395100,29.263313,1.852798,45.203868,4.317372,0
2023-08-02,sh.603939,38.4000,39.2000,38.1500,38.9300,38.5200,4412917,171614796.5900,3,0.438600,1,1.064400,29.574786,1.872519,45.685010,4.363326,0
2023-08-03,sh.603939,38.9000,40.7900,38.6500,40.3100,38.9300,7406616,295483188.5000,3,0.736200,1,3.544800,30.623160,1.938897,47.304463,4.517998,0
2023-08-04,sh.603939,40.2900,40.2900,38.5000,39.5900,40.3100,7852205,308524432.3800,3,0.780500,1,-1.786200,30.076182,1.904265,46.459531,4.437299,0
2023-08-07,sh.603939,39.3100,39.6600,38.9000,39.5800,39.5900,4703173,185104982.8000,3,0.467500,1,-0.025300,30.068586,1.903784,46.447796,4.436178,0
2023-08-08,sh.603939,39.3200,40.3000,39.1700,39.7000,39.5800,4052451,161691335.8100,3,0.402800,1,0.303200,30.159749,1.909556,46.588618,4.449628,0
2023-08-09,sh.603939,39.5100,39.9400,39.4100,39.7800,39.7000,2039289,80894991.0800,3,0.202700,1,0.201500,30.220524,1.913404,46.682499,4.458595,0
2023-08-10,sh.603939,39.6600,39.7400,38.6000,38.9600,39.7800,4080193,158776269.5100,3,0.405600,1,-2.061300,29.597577,1.873962,45.720215,4.366688,0
2023-08-11,sh.603939,39.0000,39.3600,38.5000,38.6500,38.9600,2988641,115812158.0800,3,0.297100,1,-0.795700,29.362073,1.859051,45.356425,4.331943,0
2023-08-14,sh.603939,38.4000,39.3400,37.9800,38.7600,38.6500,3148354,121916597.4200,3,0.312900,1,0.284600,29.445639,1.864342,45.485512,4.344272,0
2023-08-15,sh.603939,38.5800,39.0700,38.0000,38.8000,38.7600,2137490,82501417.6900,3,0.212500,1,0.103200,29.476026,1.866266,45.532453,4.348755,0
2023-08-16,sh.603939,38.6300,39.8400,38.5200,39.1100,38.8000,3504751,137933459.4000,3,0.348400,1,0.799000,29.711531,1.881177,45.896243,4.383500,0
2023-08-17,sh.603939,38.8700,38.9100,38.3000,38.8200,39.1100,1748334,67559543.0500,3,0.173800,1,-0.741500,29.491220,1.867228,45.555923,4.350997,0
2023-08-18,sh.603939,38.7800,38.7900,37.8000,38.0000,38.8200,3111197,118536520.3900,3,0.309200,1,-2.112300,28.868273,1.827786,44.593639,4.259090,0
2023-08-21,sh.603939,37.9500,38.2700,37.2500,37.3000,38.0000,5170899,194634863.0700,3,0.514000,1,-1.842100,28.336489,1.794117,43.772178,4.180633,0
2023-08-22,sh.603939,37.4100,37.8200,36.9000,37.3200,37.3000,3491206,130363896.4500,3,0.347000,1,0.053600,28.351683,1.795079,43.795648,4.182875,0
2023-08-23,sh.603939,37.2000,37.5800,37.0600,37.2600,37.3200,1909406,71269102.3700,3,0.189800,1,-0.160800,28.306102,1.792193,43.725237,4.176150,0
2023-08-24,sh.603939,37.2600,37.6700,36.6900,37.3900,37.2600,2956592,109872468.0700,3,0.293900,1,0.348900,28.404861,1.798446,43.877794,4.190720,0
2023-08-25,sh.603939,37.0700,37.3900,36.8000,37.1000,37.3900,2300475,85193266.9500,3,0.228700,1,-0.775600,28.184551,1.784497,43.537474,4.158217,0
2023-08-28,sh.603939,39.5000,39.5000,35.8300,36.1400,37.1000,5827010,212754136.1100,3,0.579200,1,-2.587600,27.455247,1.738321,42.410898,4.050619,0
2023-08-29,sh.603939,36.0000,36.9400,35.8600,36.6100,36.1400,4905070,178649474.0400,3,0.487600,1,1.300500,27.812302,1.760928,42.962451,4.103297,0
2023-08-30,sh.603939,36.9400,37.3400,36.6100,36.7100,36.6100,4119300,152353240.8400,3,0.409500,1,0.273100,26.598616,1.697917,48.284282,4.050330,0
2023-08-31,sh.603939,36.8000,36.9900,35.4000,35.5600,36.7100,6884015,246903429.3600,3,0.684300,1,-3.132700,25.765371,1.644727,46.771698,3.923446,0
2023-09-01,sh.603939,35.7300,35.7300,34.5800,35.0000,35.5600,6630798,231477170.4500,3,0.659100,1,-1.574800,25.359617,1.618826,46.035136,3.861660,0
2023-09-04,sh.603939,35.0000,35.4200,33.9400,34.0900,35.0000,11408402,391147666.6600,3,1.134000,1,-2.600000,24.700267,1.576737,44.838223,3.761257,0
2023-09-05,sh.603939,34.0900,34.9400,34.0000,34.8600,34.0900,10732846,371083094.5800,3,1.066800,1,2.258700,25.258179,1.612351,45.850996,3.846213,0
2023-09-06,sh.603939,34.5000,35.1300,34.3600,34.5500,34.8600,4176833,144833956.8200,3,0.415200,1,-0.889300,25.033565,1.598013,45.443256,3.812010,0
2023-09-07,sh.603939,34.6300,35.3600,34.4100,34.6200,34.5500,5537847,193362871.4900,3,0.550500,1,0.202600,25.084284,1.601250,45.535326,3.819733,0
2023-09-08,sh.603939,34.4800,34.8500,34.3000,34.3600,34.6200,2745240,94834882.8000,3,0.272900,1,-0.751000,24.895899,1.589225,45.193351,3.791047,0
2023-09-11,sh.603939,34.3300,35.0700,34.2800,34.7600,34.3600,6044610,210550981.4400,3,0.600800,1,1.164100,25.185723,1.607725,45.719467,3.835180,0
2023-09-12,sh.603939,34.7500,35.7000,34.6100,34.9700,34.7600,5677240,199930931.9000,3,0.564300,1,0.604100,25.337881,1.617438,45.995678,3.858350,0
2023-09-13,sh.603939,34.9600,36.2600,34.5000,34.6300,34.9700,7589364,268459611.0200,3,0.754400,1,-0.972300,25.091530,1.601713,45.548479,3.820837,0
2023-09-14,sh.603939,34.4200,34.9500,34.2100,34.4800,34.6300,3095774,106648579.0300,3,0.307700,1,-0.433200,24.982846,1.594775,45.351186,3.804287,0
2023-09-15,sh.603939,34.4000,34.6900,33.9600,34.2500,34.4800,3556190,121750566.2200,3,0.353500,1,-0.667100,24.816197,1.584137,45.048669,3.778910,0
2023-09-18,sh.603939,34.2500,34.7600,34.1700,34.6200,34.2500,3975593,137212969.6400,3,0.395200,1,1.080300,25.084284,1.601250,45.535326,3.819733,0
2023-09-19,sh.603939,34.5600,35.5500,34.4200,35.2900,34.6200,6268394,219956072.6200,3,0.623100,1,1.935300,25.569740,1.632239,46.416570,3.893656,0
2023-09-20,sh.603939,35.2100,35.8800,35.1500,35.4500,35.2900,5685524,202140687.5400,3,0.565100,1,0.453400,25.685670,1.639639,46.627017,3.911310,0
2023-09-21,sh.603939,35.5800,35.6500,34.9700,35.3200,35.4500,4842712,170751439.4400,3,0.481400,1,-0.366700,25.591477,1.633627,46.456029,3.896966,0
2023-09-22,sh.603939,35.0800,35.3500,34.8800,35.0000,35.3200,4270655,149992595.6800,3,0.424500,1,-0.906000,25.359617,1.618826,46.035136,3.861660,0
2023-09-25,sh.603939,35.0700,35.5000,34.5100,35.0900,35.0000,2723252,95846424.4200,3,0.270700,1,0.257100,25.424828,1.622989,46.153512,3.871590,0
2023-09-26,sh.603939,35.0900,35.9500,35.0900,35.6200,35.0900,4791776,171182295.9400,3,0.476300,1,1.510400,25.808845,1.647502,46.850616,3.930066,0
2023-09-27,sh.603939,35.5200,35.8500,34.9700,35.2700,35.6200,4296207,151574780.1000,3,0.427000,1,-0.982600,25.555249,1.631314,46.390264,3.891450,0
2023-09-28,sh.603939,35.2700,35.7000,34.9100,35.0700,35.2700,3011502,106101652.4000,3,0.299300,1,-0.567100,25.410337,1.622064,46.127207,3.869383,0
2023-10-09,sh.603939,34.9000,35.4000,34.7000,35.3600,35.0700,3108856,109106326.7400,3,0.309000,1,0.826900,25.620459,1.635477,46.508641,3.901380,0
2023-10-10,sh.603939,35.1000,35.4900,34.6000,34.7800,35.3600,2957251,103279511.6200,3,0.293900,1,-1.640300,25.200214,1.608651,45.745773,3.837387,0
2023-10-11,sh.603939,34.8500,35.4900,34.4000,34.5200,34.7800,3622404,126265584.4100,3,0.360100,1,-0.747600,25.011828,1.596625,45.403797,3.808700,0
2023-10-12,sh.603939,34.8100,35.0500,33.8200,33.9100,34.5200,4412900,150646169.2800,3,0.438600,1,-1.767100,24.569847,1.568411,44.601471,3.741397,0
2023-10-13,sh.603939,33.8000,34.1300,33.1600,33.5300,33.9100,4599184,154161765.6800,3,0.457200,1,-1.120600,24.294514,1.550835,44.101661,3.699470,0
2023-10-16,sh.603939,33.6800,33.9500,32.8200,33.3100,33.5300,5404933,179288300.4100,3,0.537200,1,-0.656100,24.135110,1.540660,43.812297,3.675197,0
2023-10-17,sh.603939,33.3900,33.8400,32.9200,33.7300,33.3100,3934689,131582631.4100,3,0.391100,1,1.260900,24.437177,1.559942,44.360636,3.721194,0
2023-10-18,sh.603939,33.6600,33.7000,32.8500,33.1800,33.7300,2839075,94116350.3600,3,0.282200,1,-1.630600,24.038705,1.534506,43.637294,3.660517,0
2023-10-19,sh.603939,33.0100,33.2200,31.9800,32.4300,33.1800,7897640,255689089.1600,3,0.785000,1,-2.260400,23.495335,1.499820,42.650917,3.577774,0
2023-10-20,sh.603939,32.2700,32.3500,31.8000,31.9900,32.4300,6043503,193087281.4900,3,0.600700,1,-1.356800,23.176558,1.479471,42.072243,3.529232,0
2023-10-23,sh.603939,31.7500,32.6000,31.7500,31.8800,31.9900,4817090,154941535.5000,3,0.477800,1,-0.343900,23.096863,1.474384,41.927574,3.517097,0
2023-10-24,sh.603939,31.9700,32.2700,31.3100,31.6500,31.8800,4412484,139731576.3600,3,0.437700,1,-0.721500,22.930230,1.463747,41.625086,3.491722,0
2023-10-25,sh.603939,31.6300,31.8400,30.9000,31.1000,31.6500,4202900,131335197.2100,3,0.416900,1,-1.737800,22.531758,1.438310,40.901743,3.431045,0
2023-10-26,sh.603939,30.9300,31.8300,30.9100,31.7400,31.1000,3149886,99399147.1400,3,0.312500,1,2.057900,22.995434,1.467909,41.743451,3.501652,0
2023-10-27,sh.603939,31.6700,33.7500,31.4800,33.4500,31.7400,9529347,316765172.6200,3,0.945300,1,5.387500,24.243675,1.547590,44.009374,3.691729,0
2023-10-30,sh.603939,34.0900,34.4300,32.6700,33.6100,33.4500,9082316,306117082.4300,3,0.900900,1,0.478300,24.359639,1.554993,44.219882,3.709387,0
2023-10-31,sh.603939,33.9000,34.0000,32.5600,32.7600,33.6100,5862691,192366065.4100,3,0.581500,1,-2.529000,22.971635,1.476206,608.259630,3.525912,0
2023-11-01,sh.603939,33.1800,34.4600,32.5100,34.3300,32.7600,7764728,261842673.1100,3,0.770200,1,4.792400,24.072534,1.546953,637.410046,3.694889,0
2023-11-02,sh.603939,34.3100,35.4200,34.2700,34.4800,34.3300,7891046,273153239.9700,3,0.782800,1,0.436900,24.177715,1.553712,640.195117,3.711033,0
2023-11-03,sh.603939,34.8200,36.2500,34.4800,35.7800,34.4800,12076197,430045604.1100,3,1.197900,1,3.770300,25.089288,1.612291,664.332404,3.850950,0
2023-11-06,sh.603939,35.9700,36.1400,35.4000,35.5000,35.7800,5406830,192676050.6800,3,0.536300,1,-0.782600,24.892950,1.599674,659.133604,3.820814,0
2023-11-07,sh.603939,35.4200,35.5600,34.7100,35.0000,35.5000,3992124,139717352.4200,3,0.396000,1,-1.408500,24.542345,1.577144,649.850032,3.767000,0
2023-11-08,sh.603939,34.9100,35.6100,34.7000,35.4800,35.0000,4603292,162464053.9400,3,0.456600,1,1.371400,24.878925,1.598773,658.762261,3.818662,0
2023-11-09,sh.603939,35.4700,35.9900,35.3000,35.8000,35.4800,4720327,168697241.4100,3,0.468200,1,0.901900,25.103312,1.613193,664.703747,3.853103,0
2023-11-10,sh.603939,35.6200,38.3000,35.4000,37.8800,35.8000,13404130,500971491.7100,3,1.329600,1,5.810100,26.561829,1.706920,703.323406,4.076970,0
2023-11-13,sh.603939,37.7000,37.9100,37.0100,37.8600,37.8800,5320208,199818491.3500,3,0.527700,1,-0.052800,26.547805,1.706019,702.952063,4.074818,0
2023-11-14,sh.603939,37.4500,39.4900,37.3100,38.9200,37.8600,9269138,358278945.2200,3,0.919500,1,2.799800,27.291087,1.753784,722.633236,4.188904,0
2023-11-15,sh.603939,38.8300,39.2000,37.7100,38.0600,38.9200,8906886,341921041.0500,3,0.883500,1,-2.209700,26.688047,1.715031,706.665492,4.096343,0
2023-11-16,sh.603939,37.7500,38.2200,37.4000,37.5400,38.0600,3717302,139839943.0700,3,0.368700,1,-1.366300,26.323418,1.691599,697.010577,4.040376,0
2023-11-17,sh.603939,37.5100,37.8900,37.4000,37.6600,37.5400,1858469,70031612.9600,3,0.184400,1,0.319700,26.407563,1.697007,699.238634,4.053292,0
2023-11-20,sh.603939,37.6600,38.0800,37.4200,37.7200,37.6600,2840630,107314586.4600,3,0.281800,1,0.159300,26.449635,1.699710,700.352663,4.059750,0
2023-11-21,sh.603939,37.7200,37.9500,37.1900,37.3500,37.7200,3503564,131407254.0800,3,0.347500,1,-0.980900,26.190188,1.683038,693.482820,4.019927,0
2023-11-22,sh.603939,37.1700,37.7300,36.9500,37.0100,37.3500,2671812,99571993.1000,3,0.265000,1,-0.910300,25.951776,1.667717,687.169991,3.983333,0
2023-11-23,sh.603939,36.5700,37.0500,36.3500,36.9200,37.0100,3900392,143226490.6800,3,0.386900,1,-0.243200,25.888668,1.663661,685.498948,3.973647,0
2023-11-24,sh.603939,37.0400,37.9500,36.7600,37.7000,36.9200,7051052,264441076.7100,3,0.699400,1,2.112700,26.435611,1.698809,699.981320,4.057597,0
2023-11-27,sh.603939,37.9600,38.5000,37.3800,37.8600,37.7000,5327229,201545714.7600,3,0.528400,1,0.424400,26.547805,1.706019,702.952063,4.074818,0
2023-11-28,sh.603939,37.8300,38.1100,37.5000,37.9200,37.8600,3598628,136330951.4200,3,0.357000,1,0.158500,26.589877,1.708722,704.066092,4.081275,0
2023-11-29,sh.603939,37.9200,37.9800,37.1900,37.4400,37.9200,4965800,186306397.7200,3,0.492600,1,-1.265800,26.253297,1.687093,695.153863,4.029614,0
2023-11-30,sh.603939,37.5400,38.1500,37.0500,38.1200,37.4400,3876732,146806014.7800,3,0.384600,1,1.816200,26.730119,1.717735,707.779521,4.102801,0
2023-12-01,sh.603939,37.8900,38.4600,37.7000,38.3500,38.1200,2792165,106483025.2700,3,0.277000,1,0.603400,26.891398,1.728099,712.049964,4.127556,0
2023-12-04,sh.603939,38.1300,38.5000,37.4100,37.9900,38.3500,4875139,184284666.7800,3,0.483600,1,-0.938700,26.638962,1.711877,705.365792,4.088809,0
2023-12-05,sh.603939,37.9900,38.0900,37.1000,37.3000,37.9900,4991768,187224885.5800,3,0.495200,1,-1.816300,26.155127,1.680784,692.554463,4.014546,0
2023-12-06,sh.603939,37.1200,37.4600,36.2100,36.3900,37.3000,5501133,200573209.3400,3,0.545700,1,-2.439700,25.517026,1.639779,675.658362,3.916604,0
2023-12-07,sh.603939,36.3600,36.6900,36.1400,36.5500,36.3900,3520653,127975374.7400,3,0.349200,1,0.439700,25.629220,1.646989,678.629105,3.933824,0
2023-12-08,sh.603939,36.4300,36.9800,36.1700,36.1700,36.5500,4478247,164112419.7000,3,0.444200,1,-1.039700,25.362760,1.629865,671.573590,3.892925,0
2023-12-11,sh.603939,36.2100,37.0500,36.2100,36.8900,36.1700,5818385,214335142.8800,3,0.577200,1,1.990600,,,,,0
2023-12-12,sh.603939,36.9900,37.0700,36.2000,37.0200,36.8900,3542830,130264338.7000,3,0.351400,1,0.352400,25.958788,1.668167,687.355662,3.984410,0
2023-12-13,sh.603939,37.1100,37.1500,36.4700,36.7300,37.0200,5092778,187638725.6600,3,0.505200,1,-0.783400,25.755438,1.655100,681.971191,3.953197,0
2023-12-14,sh.603939,36.9900,37.1900,36.7100,36.8400,36.7300,2086738,77095097.8500,3,0.207000,1,0.299500,25.832571,1.660056,684.013577,3.965036,0
2023-12-15,sh.603939,36.6600,37.1000,35.9300,36.1100,36.8400,3944595,143665292.8800,3,0.391300,1,-1.981500,25.320688,1.627162,670.459562,3.886468,0
2023-12-18,sh.603939,36.0900,36.9400,36.0500,36.5200,36.1100,3792622,138705950.1600,3,0.376200,1,1.135400,25.608184,1.645637,678.072091,3.930595,0
2023-12-19,sh.603939,36.3700,36.6500,36.1200,36.5100,36.5200,1959477,71356723.4500,3,0.194400,1,-0.027400,25.601171,1.645186,677.886419,3.929519,0
2023-12-20,sh.603939,36.5100,38.3900,36.3900,37.3500,36.5100,8359968,314984061.1400,3,0.829300,1,2.300700,26.190188,1.683038,693.482820,4.019927,0
2023-12-21,sh.603939,37.5000,37.9000,37.2700,37.7300,37.3500,4982620,187535406.4000,3,0.494300,1,1.017400,26.456647,1.700161,700.538335,4.060826,0
2023-12-22,sh.603939,37.7000,38.0500,37.3500,37.4900,37.7300,4443617,167453747.8200,3,0.440800,1,-0.636100,26.288357,1.689346,696.082220,4.034995,0
2023-12-25,sh.603939,37.4600,38.8800,37.4200,38.7500,37.4900,5030511,192524205.6600,3,0.499000,1,3.360900,27.171882,1.746123,719.476821,4.170607,0
2023-12-26,sh.603939,38.7500,39.5000,38.4000,39.1700,38.7500,4291396,167178136.8800,3,0.425700,1,1.083900,27.466390,1.765049,727.275022,4.215811,0
2023-12-27,sh.603939,38.9100,40.4000,38.5000,40.2400,39.1700,6083308,241220311.2400,3,0.603400,1,2.731700,28.216684,1.813265,747.141865,4.330974,0
2023-12-28,sh.603939,40.3500,40.3500,39.0500,39.4000,40.2400,6380258,251755144.3700,3,0.632900,1,-2.087500,27.627668,1.775413,731.545465,4.240566,0
2023-12-29,sh.603939,39.2800,40.2900,38.8700,40.0400,39.4000,4394980,174298371.0800,3,0.436000,1,1.624400,28.076442,1.804252,743.428437,4.309448,0
2024-01-02,sh.603939,40.4000,42.3400,39.8000,42.2000,40.0400,10745363,446915715.1200,3,1.065900,1,5.394600,29.591055,1.901585,783.533467,4.541926,0
2024-01-03,sh.603939,42.0600,42.4200,40.9900,41.2700,42.2000,7065763,293113281.6900,3,0.700900,1,-2.203800,28.938930,1.859678,766.266023,4.441831,0
2024-01-04,sh.603939,41.2500,42.2500,41.0000,41.1900,41.2700,6946040,287821912.4500,3,0.689000,1,-0.193800,28.882834,1.856073,764.780652,4.433221,0
2024-01-05,sh.603939,41.2500,41.7700,40.6100,41.0200,41.1900,7364267,303529112.6300,3,0.730500,1,-0.412700,28.763628,1.848412,761.624238,4.414924,0
2024-01-08,sh.603939,41.0000,41.3000,40.2900,40.6600,41.0200,7584925,308326560.9300,3,0.752400,1,-0.877600,28.511192,1.832190,754.940066,4.376178,0
2024-01-09,sh.603939,40.6600,40.8300,40.3000,40.7200,40.6600,5514670,224241816.0400,3,0.547000,1,0.147600,28.553265,1.834894,756.054094,4.382635,0
2024-01-10,sh.603939,40.7400,41.1800,40.2300,40.4200,40.7200,6275261,255570966.5600,3,0.622500,1,-0.736700,28.342902,1.821376,750.483951,4.350347,0
2024-01-11,sh.603939,40.6900,40.6900,39.4500,39.5500,40.4200,6614328,263739787.5500,3,0.656100,1,-2.152400,27.732849,1.782172,734.330536,4.256710,0
2024-01-12,sh.603939,39.5000,40.0600,38.9700,39.7000,39.5500,4865716,193202755.7400,3,0.482700,1,0.379300,27.838031,1.788931,737.115608,4.272854,0
2024-01-15,sh.603939,39.6100,40.7900,39.4700,40.1300,39.7000,4228589,170661549.4500,3,0.419500,1,1.083100,28.139551,1.808308,745.099480,4.319134,0
2024-01-16,sh.603939,40.0800,40.7500,39.8200,40.2900,40.1300,4983042,200359606.8800,3,0.494300,1,0.398700,28.251745,1.815518,748.070223,4.336355,0
2024-01-17,sh.603939,40.3400,40.8000,39.5600,39.5600,40.2900,6402825,257703740.3500,3,0.635100,1,-1.811900,27.739861,1.782623,734.516208,4.257786,0
2024-01-18,sh.603939,39.4500,39.6900,38.7000,39.5000,39.5600,9113304,355921064.7200,3,0.904000,1,-0.151700,27.697789,1.779919,733.402179,4.251328,0
2024-01-19,sh.603939,39.2900,39.6800,38.6500,39.3700,39.5000,3094918,121745118.4200,3,0.307000,1,-0.329100,27.606632,1.774061,730.988450,4.237337,0
2024-01-22,sh.603939,39.6500,39.7600,37.6500,38.1200,39.3700,8153939,314642207.6500,3,0.808800,1,-3.175000,26.730119,1.717735,707.779521,4.102801,0
2024-01-23,sh.603939,38.5000,38.5000,36.9000,38.1600,38.1200,5773221,217406735.4400,3,0.572700,1,0.104900,26.758168,1.719537,708.522206,4.107106,0
2024-01-24,sh.603939,38.5100,39.0000,37.7800,38.7000,38.1600,6024356,230809791.2400,3,0.597600,1,1.415100,27.136821,1.743870,718.548464,4.165226,0
2024-01-25,sh.603939,38.7000,39.1000,38.2300,38.8100,38.7000,5171947,200441803.1400,3,0.513000,1,0.284200,27.213954,1.748827,720.590850,4.177065,0
2024-01-26,sh.603939,38.6700,39.1500,38.5900,38.8100,38.8100,5295460,206037211.9100,3,0.525300,1,0.000000,27.213954,1.748827,720.590850,4.177065,0
2024-01-29,sh.603939,38.6000,39.7500,38.2900,39.3900,38.8100,5049195,198862871.6000,3,0.500900,1,1.494500,27.620656,1.774962,731.359793,4.239489,0
2024-01-30,sh.603939,39.0000,39.6800,37.9100,37.9600,39.3900,3420810,132329964.7700,3,0.339300,1,-3.630400,26.617926,1.710525,704.808778,4.085580,0
2024-01-31,sh.603939,38.0100,38.3300,37.0000,37.9400,37.9600,6689776,252524282.8700,3,0.663600,1,-0.052700,26.603902,1.709624,704.437435,4.083428,0
2024-02-01,sh.603939,37.3900,39.3800,37.3900,38.6100,37.9400,5715768,221101464.1400,3,0.567000,1,1.765900,27.073712,1.739815,716.877421,4.155539,0
2024-02-02,sh.603939,38.5900,40.2800,38.0400,38.8800,38.6100,6902958,270435418.7800,3,0.684700,1,0.699300,27.263039,1.751981,721.890550,4.184599,0
2024-02-05,sh.603939,38.9000,40.5200,38.3500,39.7000,38.8800,9575643,377062272.0900,3,0.949900,1,2.109100,27.838031,1.788931,737.115608,4.272854,0
2024-02-06,sh.603939,40.0300,41.1500,39.1200,40.8000,39.7000,8339637,338573743.2800,3,0.827200,1,2.770800,28.609362,1.838499,757.539466,4.391246,0
2024-02-07,sh.603939,40.8200,43.9500,40.2600,43.3700,40.8000,13675703,568538630.0200,3,1.356600,1,6.299000,30.411471,1.954306,805.257025,4.667851,0
2024-02-08,sh.603939,42.5900,45.0000,40.5100,42.6300,43.3700,14142055,610994199.0300,3,1.402800,1,-1.706200,29.892576,1.920961,791.517339,4.588206,0
2024-02-19,sh.603939,42.5000,42.6300,38.5000,40.2700,42.6300,10465700,420993808.9500,3,1.038100,1,-5.536000,28.237720,1.814616,747.698880,4.334202,0
2024-02-20,sh.603939,40.0500,40.3600,38.8900,39.3300,40.2700,8991635,354789830.3500,3,0.891900,1,-2.334200,27.578583,1.772259,730.245765,4.233032,0
2024-02-21,sh.603939,39.2800,41.0400,39.0800,39.8000,39.3300,10431315,420865405.3400,3,1.034700,1,1.195000,27.908152,1.793438,738.972322,4.283617,0
2024-02-22,sh.603939,39.6000,40.2400,39.2100,39.6000,39.8000,6801426,269111097.1200,3,0.674700,1,-0.502500,27.767910,1.784425,735.258893,4.262091,0
2024-02-23,sh.603939,39.6800,39.7900,38.4900,38.8000,39.6000,8073509,313841303.3900,3,0.800900,1,-2.020200,27.206942,1.748376,720.405178,4.175988,0
2024-02-26,sh.603939,38.8000,39.3300,38.5100,39.0200,38.8000,6357037,248007453.8400,3,0.630600,1,0.567000,27.361208,1.758290,724.489950,4.199667,0
2024-02-27,sh.603939,38.7300,39.1300,38.3000,39.0800,39.0200,6573640,253871011.0200,3,0.652100,1,0.153800,27.403281,1.760994,725.603979,4.206124,0
2024-02-28,sh.603939,39.1000,39.7700,38.9000,38.9400,39.0800,7850489,308909859.2000,3,0.778700,1,-0.358200,27.305111,1.754685,723.004578,4.191056,0
2024-02-29,sh.603939,39.1800,39.6500,38.7100,39.3800,38.9400,12933656,506462984.3400,3,1.283000,1,1.129900,27.613644,1.774512,731.174122,4.238413,0
2024-03-01,sh.603939,39.4800,39.6000,39.0500,39.5500,39.3800,10168571,399794276.6600,3,1.008700,1,0.431700,27.732849,1.782172,734.330536,4.256710,0
2024-03-04,sh.603939,39.1800,39.1800,38.0200,38.9300,39.5500,9979599,384605751.6800,3,0.989900,1,-1.567600,27.298099,1.754234,722.818907,4.189980,0
2024-03-05,sh.603939,38.6300,39.2800,38.5000,38.6000,38.9300,6650997,258057905.3100,3,0.659700,1,-0.847700,27.066700,1.739364,716.691750,4.154463,0
2024-03-06,sh.603939,38.5800,38.6000,37.6000,38.0100,38.6000,7642916,290828187.4100,3,0.758100,1,-1.528500,26.652986,1.712778,705.737135,4.090962,0
2024-03-07,sh.603939,37.9500,38.3100,37.7200,37.7200,38.0100,5735445,217950965.1300,3,0.568900,1,-0.763000,26.449635,1.699710,700.352663,4.059750,0
2024-03-08,sh.603939,37.6600,39.0000,37.6600,38.8000,37.7200,5205594,199824001.2200,3,0.516400,1,2.863200,27.206942,1.748376,720.405178,4.175988,0
2024-03-11,sh.603939,38.8100,40.7900,38.5000,40.7400,38.8000,6938814,276675947.5500,3,0.688300,1,5.000000,28.567289,1.835795,756.425437,4.384788,0
2024-03-12,sh.603939,40.9900,41.8800,40.7400,41.6000,40.7400,6541423,270618905.3800,3,0.648900,1,2.110900,29.170330,1.874548,772.393181,4.477348,0
2024-03-13,sh.603939,41.4300,41.4300,40.4500,40.6600,41.6000,4352910,177651670.6400,3,0.431800,1,-2.259600,28.511192,1.832190,754.940066,4.376178,0
2024-03-14,sh.603939,40.5900,41.0600,40.5100,40.8500,40.6600,3015205,122981640.7500,3,0.299100,1,0.467300,28.644422,1.840752,758.467823,4.396627,0
2024-03-15,sh.603939,40.7200,41.4800,40.5000,41.2300,40.8500,4088366,167636675.2900,3,0.405500,1,0.930200,28.910882,1.857875,765.523338,4.437526,0
2024-03-18,sh.603939,40.9300,41.1400,40.0100,40.8300,41.2300,3248944,131689401.3700,3,0.322300,1,-0.970200,28.630398,1.839851,758.096480,4.394474,0
2024-03-19,sh.603939,40.6000,40.6000,38.4200,39.3000,40.8300,9747706,382393056.7200,3,0.966900,1,-3.747200,27.557547,1.770907,729.688750,4.229803,0
2024-03-20,sh.603939,38.9800,39.2000,37.6700,38.0000,39.3000,9738889,371615013.4700,3,0.966000,1,-3.307900,26.645974,1.712327,705.551463,4.089886,0
2024-03-21,sh.603939,38.0700,38.4900,37.9000,38.1800,38.0000,5588832,213665358.6000,3,0.554400,1,0.473700,26.772192,1.720438,708.893549,4.109259,0
2024-03-22,sh.603939,38.1800,38.6800,37.8800,38.5100,38.1800,4986999,191059947.8200,3,0.494700,1,0.864300,27.003591,1.735309,715.020707,4.144776,0
2024-03-25,sh.603939,38.3400,39.6800,38.2000,39.0500,38.5100,5466701,214057065.7000,3,0.542300,1,1.402200,27.382244,1.759642,725.046964,4.202896,0
2024-03-26,sh.603939,39.0000,39.4800,38.6200,39.1800,39.0500,3565280,139517374.4200,3,0.353700,1,0.332900,27.473402,1.765500,727.460693,4.216887,0
2024-03-27,sh.603939,39.1600,40.3000,38.9200,39.8000,39.1800,5947011,236830756.8800,3,0.589900,1,1.582400,27.908152,1.793438,738.972322,4.283617,0
2024-03-28,sh.603939,39.7900,40.5800,39.1400,39.3000,39.8000,5164313,205241088.0800,3,0.512300,1,-1.256300,27.557547,1.770907,729.688750,4.229803,0
2024-03-29,sh.603939,39.2300,39.9600,39.0500,39.8300,39.3000,2172788,85709417.2000,3,0.215500,1,1.348600,27.929188,1.794789,739.529336,4.286846,0
2024-04-01,sh.603939,39.7600,40.2800,39.4500,39.9600,39.8300,3077648,122658568.8400,3,0.305300,1,0.326400,28.020345,1.800647,741.943065,4.300838,0
2024-04-02,sh.603939,39.6200,40.8200,39.6200,40.2400,39.9600,4079524,164463381.2300,3,0.404700,1,0.700700,28.216684,1.813265,747.141865,4.330974,0
2024-04-03,sh.603939,40.0900,41.0000,40.0900,40.2500,40.2400,4406013,178710100.7500,3,0.437100,1,0.024900,28.223696,1.813715,747.327537,4.332050,0
2024-04-08,sh.603939,40.6800,40.8800,40.1500,40.5200,40.2500,5814341,235785305.5300,3,0.576800,1,0.670800,28.413023,1.825882,752.340666,4.361110,0
2024-04-09,sh.603939,40.8700,41.6100,40.2800,41.5000,40.5200,3720525,153130923.6500,3,0.369100,1,2.418600,29.100209,1.870042,770.536467,4.466586,0
2024-04-10,sh.603939,41.3500,42.0900,41.0900,41.7100,41.5000,3985019,165898261.1100,3,0.395300,1,0.506000,29.247463,1.879505,774.435567,4.489188,0
2024-04-11,sh.603939,41.8600,42.6400,41.4600,42.4000,41.7100,3321762,140425923.9400,3,0.329500,1,1.654300,29.731297,1.910597,787.246896,4.563451,0
2024-04-12,sh.603939,42.4000,43.0800,42.0700,42.8300,42.4000,3488851,148791859.3700,3,0.346100,1,1.014200,30.032818,1.929973,795.230768,4.609732,0
2024-04-15,sh.603939,42.7400,44.7500,42.5300,43.7000,42.8300,6344540,277849897.2500,3,0.629300,1,2.031300,30.642870,1.969176,811.384183,4.703368,0
2024-04-16,sh.603939,43.5700,44.2500,42.6900,42.9000,43.7000,5417201,234565598.7100,3,0.537400,1,-1.830700,30.081902,1.933127,796.530468,4.617266,0
2024-04-17,sh.603939,42.7200,42.8900,41.3000,42.3000,42.9000,6584675,277376189.1900,3,0.653200,1,-1.398600,29.661176,1.906091,785.390182,4.552688,0
2024-04-18,sh.603939,41.7800,43.7900,41.7800,43.2500,42.3000,4006313,172979233.5700,3,0.397400,1,2.245900,30.327326,1.948899,803.028968,4.654936,0
2024-04-19,sh.603939,43.2500,43.7200,42.4100,42.6800,43.2500,3153677,135222250.4600,3,0.312800,1,-1.317900,29.927636,1.923214,792.445696,4.593587,0
2024-04-22,sh.603939,42.5500,43.9100,42.3300,43.1500,42.6800,2914448,126217481.7800,3,0.289100,1,1.101200,30.257205,1.944393,801.172254,4.644173,0
2024-04-23,sh.603939,43.3200,44.2000,42.9600,43.6100,43.1500,3859241,168086405.0800,3,0.382800,1,1.066000,30.579761,1.965121,809.713140,4.693682,0
2024-04-24,sh.603939,43.6100,44.1000,42.6600,43.9400,43.6100,5429975,235654160.1100,3,0.538600,1,0.756700,30.811161,1.979991,815.840297,4.729199,0
2024-04-25,sh.603939,43.8400,44.8000,43.5800,43.8600,43.9400,3792256,167549272.0600,3,0.376200,1,-0.182100,30.755064,1.976386,814.354926,4.720589,0
2024-04-26,sh.603939,43.5900,44.8000,42.4200,43.3000,43.8600,7140651,308645857.2100,3,0.708300,1,-1.276800,30.362386,1.951152,803.957325,4.660317,0
2024-04-29,sh.603939,43.9700,44.5000,42.9400,43.0100,43.3000,6889882,300062170.2100,3,0.683400,1,-0.669700,29.323472,1.866005,24.680654,4.272892,0
2024-04-30,sh.603939,43.3900,44.2500,43.0000,43.9400,43.0100,5050424,221588453.1700,3,0.501000,1,2.162300,29.957530,1.906353,25.214321,4.365284,0
2024-05-06,sh.603939,44.3100,45.7000,44.0000,45.4000,43.9400,5993138,270345365.2600,3,0.594500,1,3.322700,30.952932,1.969696,26.052120,4.510330,0
2024-05-07,sh.603939,45.5300,45.9800,44.8400,45.4400,45.4000,3136009,142532606.9200,3,0.311100,1,0.088100,30.980204,1.971432,26.075073,4.514304,0
2024-05-08,sh.603939,45.3600,45.4700,44.9600,45.0200,45.4400,2765539,124898585.2300,3,0.274300,1,-0.924300,30.693855,1.953210,25.834063,4.472578,0
2024-05-09,sh.603939,45.1300,46.8100,44.8000,46.6300,45.0200,5032507,232940185.3700,3,0.499200,1,3.576200,31.791525,2.023060,26.757937,4.632526,0
2024-05-10,sh.603939,46.7500,46.8200,45.7000,46.0300,46.6300,4972959,228985318.2100,3,0.493300,1,-1.286700,31.382455,1.997029,26.413636,4.572918,0
2024-05-13,sh.603939,46.7600,46.7600,45.0000,46.2100,46.0300,3817834,175544671.9800,3,0.378700,1,0.391000,31.505176,2.004838,26.516927,4.590801,0
2024-05-14,sh.603939,46.1600,46.6700,46.0000,46.1400,46.2100,2993524,138556239.1300,3,0.296900,1,-0.151500,31.457451,2.001801,26.476758,4.583846,0
2024-05-15,sh.603939,46.0100,46.3700,44.8900,45.0500,46.1400,3249744,147858640.3800,3,0.322400,1,-2.362400,30.714308,1.954511,25.851278,4.475559,0
2024-05-16,sh.603939,44.8700,45.4500,44.5500,44.9800,45.0500,3284898,147694437.7400,3,0.325800,1,-0.155400,30.666583,1.951474,25.811109,4.468605,0
2024-05-17,sh.603939,44.9600,45.1300,44.3300,44.7500,44.9800,3186262,142187589.4600,3,0.316100,1,-0.511300,30.509773,1.941496,25.679127,4.445755,0
2024-05-20,sh.603939,44.8800,45.1100,44.3500,44.3500,44.7500,3511089,156715564.7100,3,0.348300,1,-0.893900,30.237060,1.924141,25.449593,4.406016,0
2024-05-21,sh.603939,44.4400,46.7800,44.2300,46.1700,44.3500,5838914,267189548.7900,3,0.579200,1,4.103700,31.477905,2.003103,26.493973,4.586827,0
2024-05-22,sh.603939,46.1400,46.5900,45.2700,45.2700,46.1700,2736191,124676217.1200,3,0.271400,1,-1.949300,30.864300,1.964056,25.977521,4.497415,0
2024-05-23,sh.603939,45.1100,46.5200,44.9800,46.3400,45.2700,4278589,196230669.0800,3,0.424400,1,2.363600,31.593808,2.010478,26.591525,4.603716,0
2024-05-24,sh.603939,45.9000,46.8800,45.4000,45.4500,46.3400,3555313,163724136.6100,3,0.352700,1,-1.920600,30.987021,1.971865,26.080812,4.515297,0
2024-05-27,sh.603939,45.5200,46.4900,45.4900,45.9200,45.4500,3333090,153009765.3100,3,0.330600,1,1.034100,31.307459,1.992256,26.350514,4.561990,0
2024-05-28,sh.603939,45.9900,46.2400,45.5300,45.7700,45.9200,2323690,106406887.9500,3,0.230500,1,-0.326700,31.205192,1.985749,26.264439,4.547088,0
2024-05-29,sh.603939,45.7400,46.3600,45.5500,45.8500,45.7700,2664918,122101708.1200,3,0.264300,1,0.174800,31.259734,1.989219,26.310346,4.555036,0
2024-05-30,sh.603939,45.6300,45.9900,44.9800,45.3000,45.8500,4786028,217183459.6000,3,0.474700,1,-1.199600,30.884754,1.965358,25.994736,4.500395,0
2024-05-31,sh.603939,45.5400,45.9000,44.9000,45.0600,45.3000,3460345,156372057.5100,3,0.343200,1,-0.529800,30.721126,1.954945,25.857016,4.476552,0
2024-06-03,sh.603939,44.0600,44.7700,41.9700,44.0800,45.0600,12902780,559719489.1100,3,1.279900,1,-2.174900,30.052979,1.912427,25.294657,4.379193,0
2024-06-04,sh.603939,44.2600,45.2500,43.9700,44.6700,44.0800,6704868,299430050.1300,3,0.665100,1,1.338500,30.455231,1.938025,25.633220,4.437807,0
2024-06-05,sh.603939,44.7900,45.4800,44.0100,44.3600,44.6700,6085996,272145929.7200,3,0.603700,1,-0.694000,30.243878,1.924575,25.455331,4.407010,0
2024-06-06,sh.603939,44.5400,44.7700,43.6600,44.0000,44.3600,5437234,239812603.0400,3,0.539300,1,-0.811500,29.998436,1.908957,25.248751,4.371245,0
2024-06-07,sh.603939,36.4800,36.8900,34.8000,35.0000,36.2500,6113211,217123448.3300,3,0.505300,1,-3.448300,28.634871,1.822186,24.101080,4.172552,0
2024-06-11,sh.603939,35.0000,35.2300,34.4000,34.8000,35.0000,5472309,190566353.9800,3,0.452400,1,-0.571400,28.471243,1.811773,23.963360,4.148709,0
2024-06-12,sh.603939,34.6900,34.7000,33.0500,33.1200,34.8000,9073615,305099479.3900,3,0.750000,1,-4.827600,27.096770,1.724308,22.806508,3.948426,0
2024-06-13,sh.603939,33.9800,33.9800,30.7600,31.1900,33.1200,19859801,628598063.9300,3,1.641700,1,-5.827300,25.517761,1.623828,21.477505,3.718340,0
2024-06-14,sh.603939,31.1200,31.1500,28.8500,29.2000,31.1900,23759709,704247548.8300,3,1.964000,1,-6.380300,23.889664,1.520224,20.107187,3.481101,0
2024-06-17,sh.603939,29.1400,29.8200,28.4100,29.2000,29.2000,21696453,632252552.9600,3,1.793500,1,0.000000,23.889664,1.520224,20.107187,3.481101,0
2024-06-18,sh.603939,29.1800,30.2100,29.0600,29.5800,29.2000,15675669,466578771.5300,3,1.295800,1,1.301400,24.200557,1.540007,20.368856,3.526403,0
2024-06-19,sh.603939,29.6800,29.7700,28.7900,28.8100,29.5800,9878004,287064988.0500,3,0.816500,1,-2.603100,23.570590,1.499919,19.838632,3.434606,0
2024-06-20,sh.603939,28.5800,28.9200,27.5100,27.9300,28.8100,17231746,481545144.6000,3,1.424400,1,-3.054500,22.850627,1.454104,19.232662,3.329697,0
2024-06-21,sh.603939,27.5100,27.9800,26.9900,27.0500,27.9300,13649293,373397566.6600,3,1.128300,1,-3.150700,22.130665,1.408289,18.626692,3.224787,0
2024-06-24,sh.603939,26.5900,26.9800,25.6600,26.0600,27.0500,18764705,489410400.7700,3,1.551100,1,-3.659900,21.320707,1.356747,17.944976,3.106763,0
2024-06-25,sh.603939,26.2800,26.5800,25.7300,26.3400,26.0600,13707860,359911594.9600,3,1.133100,1,1.074400,21.549786,1.371325,18.137784,3.140143,0
2024-06-26,sh.603939,26.2800,26.7000,25.9000,26.6200,26.3400,12397449,326625593.5600,3,1.024800,1,1.063000,21.774504,1.385625,18.326923,3.172888,0
2024-06-27,sh.603939,26.4700,26.5000,25.4100,25.6100,26.6200,15135306,389654292.3600,3,1.251100,1,-3.794100,20.948349,1.333052,17.631574,3.052505,0
2024-06-28,sh.603939,25.4600,25.6400,24.3800,24.5500,25.6100,18321511,453621621.0100,3,1.514500,1,-4.139000,20.081295,1.277877,16.901801,2.926161,0
2024-07-01,sh.603939,24.4100,26.0900,24.2800,25.6100,24.5500,18977343,477835144.6000,3,1.568700,1,4.317700,20.948349,1.333052,17.631574,3.052505,0
2024-07-02,sh.603939,25.6600,26.0700,24.8600,24.9900,25.6100,11859393,300391455.1300,3,0.980300,1,-2.420900,20.441204,1.300780,17.204726,2.978606,0
2024-07-03,sh.603939,25.1600,25.1700,23.8600,23.9800,24.9900,11075849,268393162.4300,3,0.915600,1,-4.041600,19.615049,1.248208,16.509377,2.858222,0
2024-07-04,sh.603939,23.9900,24.1000,23.6700,23.7700,23.9800,10938147,260687591.6500,3,0.904200,1,-0.875700,19.443274,1.237277,16.364799,2.833192,0
2024-07-05,sh.603939,23.7100,24.4000,22.9500,24.1800,23.7700,24688267,582929731.6400,3,2.040800,1,1.724900,19.778644,1.258618,16.647069,2.882060,0
2024-07-08,sh.603939,24.2000,24.5600,23.7300,24.3700,24.1800,14781367,358482312.1000,3,1.221900,1,0.785800,19.934060,1.268508,16.777878,2.904707,0
2024-07-09,sh.603939,24.1000,24.2000,22.9900,23.6100,24.3700,17808730,416529583.9700,3,1.472100,1,-3.118600,19.312398,1.228948,16.254645,2.814121,0
2024-07-10,sh.603939,23.3000,23.4100,22.7400,23.0700,23.6100,11213008,258798979.1700,3,0.926900,1,-2.287200,18.870692,1.200840,15.882874,2.749757,0
2024-07-11,sh.603939,23.4000,23.7400,23.0200,23.3800,23.0700,10750335,251532457.1200,3,0.888600,1,1.343700,19.124264,1.216976,16.096298,2.786707,0
2024-07-12,sh.603939,23.3700,23.4200,22.7400,22.8000,23.3800,8999771,206271923.3600,3,0.743900,1,-2.480800,18.649838,1.186786,15.696989,2.717575,0
2024-07-15,sh.603939,22.7900,22.8000,22.4100,22.6500,22.8000,6852023,154898740.9600,3,0.566400,1,-0.657900,18.527142,1.178978,15.593719,2.699697,0
2024-07-16,sh.603939,22.7000,22.7900,22.1500,22.2600,22.6500,8104192,181104073.9500,3,0.669900,1,-1.721900,18.208132,1.158678,15.325218,2.653212,0
2024-07-17,sh.603939,22.3200,22.9700,22.1500,22.8800,22.2600,9646859,218206390.1500,3,0.797400,1,2.785300,18.715276,1.190950,15.752066,2.727111,0
2024-07-18,sh.603939,22.5500,22.9900,22.4000,22.9600,22.8800,13794735,313122145.2000,3,1.140300,1,0.349700,18.780714,1.195115,15.807143,2.736646,0
2024-07-19,sh.603939,22.9800,23.5400,22.6900,23.3700,22.9600,13268212,308505331.8100,3,1.096800,1,1.785700,19.116084,1.216456,16.089413,2.785515,0
2024-07-22,sh.603939,23.2000,23.3600,22.9400,23.0800,23.3700,6187066,143065520.8900,3,0.511400,1,-1.240900,18.878871,1.201361,15.889759,2.750949,0
2024-07-23,sh.603939,23.0800,23.0900,22.0900,22.1300,23.0800,7628439,170939124.0000,3,0.630600,1,-4.116100,18.101795,1.151911,15.235717,2.637717,0
2024-07-24,sh.603939,22.0300,22.1600,21.3600,21.4300,22.1300,7453034,161515779.2200,3,0.616100,1,-3.163100,17.529212,1.115475,14.753792,2.554282,0
2024-07-25,sh.603939,21.5300,21.8600,21.0100,21.4500,21.4300,11702939,251782853.8200,3,0.967400,1,0.093300,17.545572,1.116516,14.767562,2.556666,0
2024-07-26,sh.603939,21.6000,21.6000,20.7700,20.9300,21.4500,12380189,260812286.3800,3,1.023400,1,-2.424200,17.120224,1.089449,14.409560,2.494687,0
2024-07-29,sh.603939,20.8800,20.8900,20.1100,20.1600,20.9300,17045269,346794587.1200,3,1.409000,1,-3.678900,16.490383,1.049369,13.879443,2.402909,0
2024-07-30,sh.603939,20.2700,20.2700,19.8300,20.1100,20.1600,12162081,244279882.5800,3,1.005300,1,-0.248000,16.449485,1.046766,13.845019,2.396949,0
2024-07-31,sh.603939,19.8800,21.1200,19.5600,20.9400,20.1100,18173500,372240187.2300,3,1.502300,1,4.127300,17.128404,1.089969,14.416445,2.495878,0
2024-08-01,sh.603939,21.0000,21.2100,20.0900,20.1400,20.9400,12042568,246466123.6700,3,0.995500,1,-3.820400,16.474024,1.048328,13.865673,2.400525,0
2024-08-02,sh.603939,20.0800,21.2100,20.0100,20.7300,20.1400,18775502,390575383.9000,3,1.552000,1,2.929500,16.956629,1.079039,14.271867,2.470848,0
2024-08-05,sh.603939,20.6000,22.8000,20.5600,22.8000,20.7300,28459337,633459296.3100,3,2.352500,1,9.985500,18.649838,1.186786,15.696989,2.717575,0
2024-08-06,sh.603939,22.8000,23.0000,21.9100,22.2500,22.8000,36844473,818797113.8500,3,3.045700,1,-2.412300,18.199952,1.158158,15.318333,2.652020,0
2024-08-07,sh.603939,22.1600,22.3800,21.4700,22.0000,22.2500,17449740,381740311.7700,3,1.442400,1,-1.123600,17.995458,1.145145,15.146217,2.622222,0
2024-08-08,sh.603939,21.9600,22.7500,21.8100,22.4000,22.0000,21303291,476168387.4400,3,1.761000,1,1.818200,18.322648,1.165965,15.421603,2.669899,0
2024-08-09,sh.603939,22.3500,22.4800,21.7700,21.8100,22.4000,12122708,267298466.4400,3,1.002100,1,-2.633900,17.840043,1.135255,15.015409,2.599575,0
2024-08-12,sh.603939,21.9700,22.2900,21.5800,21.9900,21.8100,11425736,251399688.0300,3,0.944500,1,0.825300,17.987278,1.144624,15.139332,2.621030,0
2024-08-13,sh.603939,22.0700,22.0800,21.1100,21.3900,21.9900,12292654,261948789.2200,3,1.016100,1,-2.728500,17.496493,1.113393,14.726254,2.549515,0
2024-08-14,sh.603939,21.3100,21.3900,20.3600,20.4000,21.3900,16317208,335830663.8100,3,1.348800,1,-4.628300,16.686697,1.061861,14.044674,2.431515,0
2024-08-15,sh.603939,20.3700,20.6200,19.9600,20.2800,20.4000,14131094,285737697.5700,3,1.168100,1,-0.588200,16.588540,1.055615,13.962058,2.417212,0
2024-08-16,sh.603939,20.2000,20.2100,19.7000,19.7400,20.2800,11307166,224030504.6200,3,0.934700,1,-2.662700,16.146834,1.027507,13.590287,2.352848,0
2024-08-19,sh.603939,19.6000,20.1200,19.4200,19.4300,19.7400,11732082,230823550.4500,3,0.969800,1,-1.570400,15.893261,1.011371,13.376864,2.315899,0
2024-08-20,sh.603939,19.5300,19.5700,18.8800,18.9900,19.4300,10781935,205460455.9000,3,0.891300,1,-2.264500,15.533352,0.988468,13.073939,2.263454,0
2024-08-21,sh.603939,18.8600,19.0800,18.6100,18.6700,18.9900,6870531,128961427.8500,3,0.567900,1,-1.685100,15.271600,0.971811,12.853631,2.225313,0
2024-08-22,sh.603939,18.7800,18.9900,18.4500,18.5100,18.6700,8785124,163719948.9800,3,0.726200,1,-0.857000,15.140724,0.963483,12.743476,2.206242,0
2024-08-23,sh.603939,18.6400,19.2200,18.3900,18.7100,18.5100,8165834,153540373.1000,3,0.675000,1,1.080500,15.304319,0.973893,12.881169,2.230081,0
2024-08-26,sh.603939,18.7000,18.7000,18.3400,18.4000,18.7100,7385423,136255116.6700,3,0.610500,1,-1.656900,15.050747,0.957757,12.667745,2.193131,0
2024-08-27,sh.603939,18.3900,18.5400,18.1500,18.2500,18.4000,6042919,110730708.8300,3,0.499500,1,-0.815200,14.928050,0.949950,12.564476,2.175252,0
2024-08-28,sh.603939,18.2100,18.4400,18.0700,18.1900,18.2500,5892979,107176090.0000,3,0.487100,1,-0.328800,14.878972,0.946826,12.523168,2.168101,0
2024-08-29,sh.603939,18.0000,19.0800,17.9100,18.9700,18.1900,11539579,215964509.6300,3,0.953900,1,4.288100,15.516993,0.987427,13.060170,2.261070,0
2024-08-30,sh.603939,19.1000,20.8000,18.9800,20.1700,18.9700,20947515,419952843.3500,3,1.731600,1,6.325800,16.254151,1.034305,26.952739,2.448527,0
2024-09-02,sh.603939,20.0000,20.0800,18.2100,18.4400,20.1700,23611985,442993414.2500,3,1.951800,1,-8.577100,14.860017,0.945592,24.640977,2.238514,0
2024-09-03,sh.603939,18.5100,19.6200,18.2900,19.1300,18.4400,19789989,377971795.6300,3,1.635900,1,3.741900,15.416059,0.980974,25.563010,2.322276,0
2024-09-04,sh.603939,19.0100,20.0600,18.9500,19.4100,19.1300,21682755,424897050.2300,3,1.792300,1,1.463700,15.641699,0.995333,25.937168,2.356267,0
2024-09-05,sh.603939,19.6900,20.5000,19.6700,20.0000,19.4100,19558779,391471999.0400,3,1.616800,1,3.039700,16.117155,1.025588,26.725572,2.427890,0
2024-09-06,sh.603939,20.0900,20.3300,19.0100,19.0800,20.0000,16129219,311699044.0700,3,1.333300,1,-4.600000,15.375766,0.978411,25.496196,2.316207,0
2024-09-09,sh.603939,19.0700,19.6000,18.6900,18.8900,19.0800,13789598,262037093.6100,3,1.139900,1,-0.995800,15.222653,0.968667,25.242303,2.293142,0
2024-09-10,sh.603939,18.8100,18.9300,18.3000,18.7700,18.8900,12016269,223268382.7700,3,0.993300,1,-0.635300,15.125950,0.962514,25.081949,2.278574,0
2024-09-11,sh.603939,18.6600,18.6900,18.3000,18.5200,18.7700,8350482,154464085.2700,3,0.690300,1,-1.331900,14.924485,0.949694,24.747880,2.248226,0
2024-09-12,sh.603939,18.6000,18.7500,18.1800,18.3000,18.5200,9688210,178110710.5000,3,0.800900,1,-1.187900,14.747197,0.938413,24.453898,2.221519,0
2024-09-13,sh.603939,18.2500,18.3200,17.7500,17.7500,18.3000,10188431,182832923.1200,3,0.842200,1,-3.005500,14.303975,0.910209,23.718945,2.154752,0
2024-09-18,sh.603939,17.7500,18.2000,17.5600,17.8500,17.7500,7849377,140553211.3000,3,0.648800,1,0.563400,14.384561,0.915337,23.852573,2.166892,0
2024-09-19,sh.603939,17.9200,19.2300,17.8700,18.6500,17.8500,18578829,348144077.8400,3,1.535800,1,4.481800,15.029247,0.956360,24.921596,2.264007,0
2024-09-20,sh.603939,18.6000,18.9500,18.2800,18.6600,18.6500,13551490,252782048.1300,3,1.120200,1,0.053600,15.037305,0.956873,24.934959,2.265221,0
2024-09-23,sh.603939,18.5800,18.7800,17.9800,18.0200,18.6600,9220528,168079699.0900,3,0.762200,1,-3.429800,14.521556,0.924054,24.079740,2.187529,0
2024-09-24,sh.603939,18.1600,19.8200,18.0200,19.8100,18.0200,22061311,419378255.8500,3,1.823600,1,9.933400,15.964042,1.015844,26.471679,2.404825,0
2024-09-25,sh.603939,19.9800,20.3000,19.6000,19.7100,19.8100,18648862,372184548.2700,3,1.541600,1,-0.504800,15.883456,1.010717,26.338051,2.392685,0
2024-09-26,sh.603939,19.6100,21.1900,19.4500,21.1900,19.7100,20602601,421120261.1800,3,1.703100,1,7.508900,17.076125,1.086610,28.315744,2.572349,0
2024-09-27,sh.603939,21.8200,23.2900,21.8100,23.2000,21.1900,21112647,477156442.5600,3,1.745200,1,9.485600,18.695899,1.189682,31.001664,2.816352,0
2024-09-30,sh.603939,24.6000,25.5200,24.3800,25.5200,23.2000,29817173,752101906.7900,3,2.464800,1,10.000000,20.565489,1.308650,34.101830,3.097987,0
2024-10-08,sh.603939,28.0700,28.0700,26.6100,27.5600,25.5200,44596565,1234118767.9000,3,3.686500,1,7.993700,22.209439,1.413260,36.827838,3.345632,0
2024-10-09,sh.603939,27.1000,27.1000,24.8000,24.8000,27.5600,26654848,675027736.5800,3,2.203300,1,-10.014500,19.985333,1.271732,33.139811,3.010592,0
2024-10-10,sh.603939,24.3000,25.0200,23.4100,24.4200,24.8000,20754448,505755418.3900,3,1.715600,1,-1.532300,19.679106,1.252246,32.632023,2.964462,0
2024-10-11,sh.603939,24.4200,24.5900,22.9300,23.2000,24.4200,13677100,321557197.8400,3,1.130600,1,-4.995900,18.695957,1.189685,31.001758,2.816361,0
2024-10-14,sh.603939,23.1700,23.4700,22.3000,23.3100,23.2000,20967481,481237165.9200,3,1.733200,1,0.474100,18.784601,1.195326,31.148749,2.829714,0
2024-10-15,sh.603939,23.1600,23.4400,22.6000,22.6100,23.0600,13144529,303001585.0900,3,1.086600,1,-1.951400,18.220499,1.159430,30.213352,2.744738,0
2024-10-16,sh.603939,21.9700,22.9000,21.9400,22.3100,22.6100,12883928,288811000.9600,3,1.065000,1,-1.326800,17.978741,1.144046,29.812467,2.708319,0
2024-10-17,sh.603939,22.4200,22.6400,22.1200,22.3000,22.3100,10547150,236195618.8400,3,0.871900,1,-0.044800,17.970682,1.143534,29.799104,2.707105,0
2024-10-18,sh.603939,22.2400,23.1600,22.0200,22.5800,22.3000,15884263,358108591.8600,3,1.313000,1,1.255600,18.196323,1.157892,30.173263,2.741096,0
2024-10-21,sh.603939,22.7900,23.5500,22.3300,23.3400,22.5800,15252523,350929301.3200,3,1.260800,1,3.365800,18.808777,1.196864,31.188838,2.833356,0
2024-10-22,sh.603939,23.5000,24.7600,23.2200,24.7100,23.3400,14891589,358188819.3700,3,1.231000,1,5.869800,19.912806,1.267117,33.019545,2.999667,0
2024-10-23,sh.603939,24.5800,24.8400,24.1300,24.6300,24.7100,10923417,267731875.9900,3,0.903000,1,-0.323800,19.848337,1.263015,32.912643,2.989955,0
2024-10-24,sh.603939,24.3300,24.8000,24.2200,24.2200,24.6300,5491103,134083043.4300,3,0.453900,1,-1.664600,19.517934,1.241990,32.364767,2.940183,0
2024-10-25,sh.603939,24.3600,24.9800,23.8000,24.8600,24.2200,9558827,234161686.2400,3,0.788600,1,2.642400,20.033685,1.274809,33.219988,3.017876,0
2024-10-28,sh.603939,24.8000,25.0500,24.1300,24.9800,24.8600,10289491,254791683.1600,3,0.848800,1,0.482700,20.130388,1.280963,33.380341,3.032443,0
2024-10-29,sh.603939,25.0900,25.2000,24.2800,24.3800,24.9800,7455228,183526813.7700,3,0.615000,1,-2.401900,19.646872,1.250195,32.578572,2.959607,0
2024-10-30,sh.603939,23.9400,24.2900,22.6000,22.9700,24.3800,19624743,455949178.4400,3,1.618900,1,-5.783400,18.510609,1.177891,30.694413,2.788440,0
2024-10-31,sh.603939,22.8200,24.2500,22.7100,23.7300,22.9700,13778757,324969378.6600,3,1.136700,1,3.308700,18.887651,1.202872,-62.718386,2.868122,0
2024-11-01,sh.603939,23.6600,26.1000,23.4600,26.1000,23.7300,24340684,616265076.8200,3,2.008000,1,9.987400,20.774029,1.323007,-68.982295,3.154571,0
2024-11-04,sh.603939,26.2500,27.4400,25.1600,25.9000,26.1000,30788549,799360893.1900,3,2.539900,1,-0.766300,20.614841,1.312869,-68.453695,3.130398,0
2024-11-05,sh.603939,25.6400,25.8500,25.1600,25.7500,25.9000,19348786,494364127.9000,3,1.596200,1,-0.579200,20.495450,1.305266,-68.057245,3.112269,0
2024-11-06,sh.603939,25.5700,26.6100,25.3500,25.8200,25.7500,19763311,512734455.6900,3,1.630400,1,0.271800,20.551166,1.308814,-68.242255,3.120729,0
2024-11-07,sh.603939,25.5200,26.8000,25.3800,26.4700,25.8200,18561414,487715954.5300,3,1.531200,1,2.517400,21.068526,1.341763,-69.960205,3.199291,0
2024-11-08,sh.603939,26.5900,26.8000,25.7800,25.8300,26.4700,12539371,326761220.3700,3,1.034400,1,-2.417800,20.558712,1.309295,-68.267315,3.121875,0
2024-11-11,sh.603939,25.6300,25.9900,25.2500,25.6600,25.8300,12661271,324109931.5100,3,1.044500,1,-0.658100,20.423405,1.300678,-67.818014,3.101329,0
2024-11-12,sh.603939,25.7000,27.2500,25.6600,26.5900,25.6600,23322526,621878404.3400,3,1.924000,1,3.624300,21.163614,1.347818,-70.275954,3.213731,0
2024-11-13,sh.603939,26.5800,26.6200,25.3600,25.5700,26.5900,15594008,401997249.9700,3,1.286400,1,-3.836000,20.351772,1.296116,-67.580148,3.090451,0
2024-11-14,sh.603939,25.5600,25.9200,24.9100,25.0300,25.5700,14396193,365605432.9300,3,1.187600,1,-2.111800,19.921973,1.268744,-66.152957,3.025185,0
2024-11-15,sh.603939,24.9700,25.2400,24.3900,24.4000,25.0300,9738393,241228331.6000,3,0.803400,1,-2.517000,19.420541,1.236810,-64.487901,2.949042,0
2024-11-18,sh.603939,24.4000,24.8600,23.7800,24.0000,24.4000,8559605,207641675.4300,3,0.706100,1,-1.639300,19.102172,1.216534,-63.430722,2.900697,0
2024-11-19,sh.603939,24.0000,24.2600,23.5600,24.0300,24.0000,7498625,178879407.9200,3,0.618600,1,0.125000,19.126049,1.218055,-63.510010,2.904323,0
2024-11-20,sh.603939,24.0100,24.1400,23.6000,23.9600,24.0300,9283080,221836291.5200,3,0.765800,1,-0.291300,19.070335,1.214507,-63.325004,2.895863,0
2024-11-21,sh.603939,23.8800,23.9600,23.3500,23.5500,23.9600,11474584,270663010.1200,3,0.946600,1,-1.711200,18.744006,1.193724,-62.241396,2.846309,0
2024-11-22,sh.603939,23.4600,23.6200,22.5600,22.5600,23.5500,10507080,242062972.9600,3,0.866800,1,-4.203800,17.956041,1.143542,-59.624879,2.726655,0
2024-11-25,sh.603939,22.4800,23.1600,22.4300,22.9600,22.5600,11267146,256743225.1300,3,0.929500,1,1.773000,18.274411,1.163818,-60.682057,2.775000,0
2024-11-26,sh.603939,22.8900,23.3800,22.8100,22.8900,22.9600,6495749,149947238.2500,3,0.535900,1,-0.304900,18.218696,1.160269,-60.497051,2.766540,0
2024-11-27,sh.603939,22.9000,23.3100,22.6000,23.3000,22.8900,6218002,143211780.9000,3,0.513000,1,1.791200,18.545025,1.181052,-61.580659,2.816093,0
2024-11-28,sh.603939,23.3900,23.6800,22.8900,23.4200,23.3000,12379231,288441492.4600,3,1.021200,1,0.515000,18.640536,1.187135,-61.897813,2.830597,0
2024-11-29,sh.603939,23.2100,23.7500,23.0500,23.4200,23.4200,11174039,261842698.2600,3,0.921800,1,0.000000,18.640536,1.187135,-61.897813,2.830597,0
2024-12-02,sh.603939,23.4300,24.1000,23.2100,23.9200,23.4200,9654174,229245533.1100,3,0.796400,1,2.134900,19.038498,1.212479,-63.219286,2.891028,0
2024-12-03,sh.603939,23.8000,23.8500,23.2500,23.4600,23.9200,7700237,180598794.5000,3,0.635200,1,-1.923100,18.672373,1.189162,-62.003531,2.835431,0
2024-12-04,sh.603939,23.4100,23.6800,23.1000,23.2400,23.4600,6913704,161551780.3200,3,0.570300,1,-0.937800,18.497269,1.178011,-61.422082,2.808842,0
2024-12-05,sh.603939,23.0200,23.2700,23.0000,23.2700,23.2400,4639000,107337791.5300,3,0.382700,1,0.129100,18.521147,1.179531,-61.501371,2.812468,0
2024-12-06,sh.603939,23.0300,23.7100,23.0300,23.5500,23.2700,7351365,172662323.0700,3,0.606500,1,1.203300,18.744006,1.193724,-62.241396,2.846309,0
2024-12-09,sh.603939,23.5500,23.7000,23.1900,23.3800,23.5500,5519482,129046985.8400,3,0.455300,1,-0.721900,18.608699,1.185107,-61.792095,2.825762,0
2024-12-10,sh.603939,24.1000,24.8400,23.8700,24.0000,23.3800,14066902,342683842.7300,3,1.160500,1,2.651800,19.102172,1.216534,-63.430722,2.900697,0
2024-12-11,sh.603939,23.7500,24.5000,23.7500,24.3300,24.0000,6186940,150217544.3600,3,0.510400,1,1.375000,19.364826,1.233262,-64.302894,2.940582,0
2024-12-12,sh.603939,24.2500,25.3500,23.9500,25.1800,24.3300,13125564,327141140.8600,3,1.082800,1,3.493600,20.041362,1.276347,-66.549399,3.043315,0
2024-12-13,sh.603939,25.0900,25.6000,24.8500,24.8900,25.1800,13274502,334316919.8200,3,1.095100,1,-1.151700,19.810544,1.261647,-65.782945,3.008265,0
2024-12-16,sh.603939,24.9800,25.8500,24.9100,25.4500,24.8900,14480732,369192985.2700,3,1.194600,1,2.249900,20.256261,1.290033,-67.262995,3.075948,0
2024-12-17,sh.603939,25.5200,26.4700,25.2500,25.9500,25.4500,13915409,361366984.4200,3,1.148000,1,1.964600,20.654223,1.315378,-68.584468,3.136379,0
2024-12-18,sh.603939,25.9500,25.9600,24.9800,25.8300,25.9500,9887393,252027772.3800,3,0.815700,1,-0.462400,20.558712,1.309295,-68.267315,3.121875,0
2024-12-19,sh.603939,25.6500,26.1000,25.4000,25.6000,25.8300,6467739,166188527.0200,3,0.533600,1,-0.890400,20.375650,1.297636,-67.659437,3.094077,0
2024-12-20,sh.603939,25.5400,26.5000,25.4000,25.9000,25.6000,8248689,214624238.4200,3,0.680500,1,1.171900,20.614427,1.312843,-68.452321,3.130336,0
2024-12-23,sh.603939,25.7600,26.0000,25.0100,25.1300,25.9000,8744795,221834814.0500,3,0.721400,1,-2.973000,20.001565,1.273813,-66.417252,3.037272,0
2024-12-24,sh.603939,25.1000,25.9900,25.0000,25.7300,25.1300,5785117,148229486.5900,3,0.477200,1,2.387600,20.479120,1.304226,-68.003020,3.109789,0
2024-12-25,sh.603939,25.9000,25.9800,25.0500,25.2000,25.7300,4984925,126044704.6200,3,0.411200,1,-2.059900,20.057280,1.277361,-66.602258,3.045732,0
2024-12-26,sh.603939,25.0000,25.2300,24.7400,24.8900,25.2000,4948589,123605212.5500,3,0.408200,1,-1.230200,19.810544,1.261647,-65.782945,3.008265,0
2024-12-27,sh.603939,24.8400,25.2400,24.5200,24.7900,24.8900,5586888,139414836.2400,3,0.460900,1,-0.401800,19.730951,1.256578,-65.518650,2.996178,0
2024-12-30,sh.603939,24.7900,25.0300,24.2600,24.3000,24.7900,5158871,126184297.9400,3,0.425600,1,-1.976600,19.340949,1.231741,-64.223606,2.936956,0
2024-12-31,sh.603939,24.3900,24.9000,24.1000,24.1300,24.3000,4469919,109259120.7800,3,0.368700,1,-0.699600,19.205642,1.223124,-63.774305,2.916409,0
