date,code,open,high,low,close,preclose,volume,amount,adjustflag,turn,tradestatus,pctChg,peTTM,psTTM,pcfNcfTTM,pbMRQ,isST
2015-04-23,sh.603883,19.6900,23.6300,19.6900,23.6300,16.4100,50900,1198827.0000,3,0.075970,1,43.997560,29.718426,1.552751,-111.277967,6.104471,0
2015-04-24,sh.603883,25.9900,25.9900,25.9900,25.9900,23.6300,18500,480815.0000,3,0.027612,1,9.987300,32.686496,1.707829,-122.391636,6.714144,0
2015-04-27,sh.603883,28.5900,28.5900,28.5900,28.5900,25.9900,12500,357375.0000,3,0.018657,1,10.003800,35.956403,1.878678,-134.635509,7.385816,0
2015-04-28,sh.603883,31.4500,31.4500,31.4500,31.4500,28.5900,40300,1267435.0000,3,0.060149,1,10.003500,39.553301,2.066611,-148.103769,8.124656,0
2015-04-29,sh.603883,34.6000,34.6000,34.6000,34.6000,31.4500,69499,2404665.0000,3,0.103730,1,10.015900,43.514920,2.273601,-162.937691,8.938413,0
2015-04-30,sh.603883,38.0600,38.0600,38.0600,38.0600,34.6000,108299,4121860.0000,3,0.161640,1,10.000000,47.866412,2.500961,-179.231460,9.832255,0
2015-05-04,sh.603883,41.8700,41.8700,41.8700,41.8700,38.0600,188900,7909243.0000,3,0.281940,1,10.010500,52.658083,2.751320,-197.173443,10.816514,0
2015-05-05,sh.603883,46.0600,46.0600,46.0600,46.0600,41.8700,416100,19165566.0000,3,0.621045,1,10.007200,57.927665,3.026649,-216.904915,11.898940,0
2015-05-06,sh.603883,50.6700,50.6700,49.0000,50.6700,46.0600,15613625,787552032.0000,3,23.303918,1,10.008700,63.725462,3.329577,-238.614243,13.089867,0
2015-05-07,sh.603883,50.0000,55.7400,49.1500,55.7400,50.6700,22379580,1184652416.0000,3,33.402358,1,10.005900,70.101781,3.662732,-262.489795,14.399629,0
2015-05-08,sh.603883,58.0000,61.1800,55.7500,59.0000,55.7400,28444936,1666769360.0000,3,42.455128,1,5.848600,74.201742,3.876949,-277.841728,15.241803,0
2015-05-11,sh.603883,59.0100,64.9000,59.0100,64.9000,59.0000,19885253,1236222032.0000,3,29.679482,1,10.000000,81.621916,4.264644,-305.625901,16.765984,0
2015-05-12,sh.603883,67.0000,71.3900,66.0000,71.3900,64.9000,15287324,1062843760.0000,3,22.816901,1,10.000000,89.784107,4.691109,-336.188491,18.442582,0
2015-05-13,sh.603883,75.0000,78.5300,73.0000,78.5300,71.3900,11248313,865421568.0000,3,16.788527,1,10.001400,98.763776,5.160285,-369.812049,20.287099,0
2015-05-14,sh.603883,84.5000,86.3800,83.0000,86.3800,78.5300,6626878,567468448.0000,3,9.890863,1,9.996200,108.636380,5.676117,-406.779127,22.315033,0
2015-05-15,sh.603883,94.0000,95.0200,79.0000,87.9700,86.3800,27695801,2481075152.0000,3,41.337016,1,1.840700,110.636054,5.780597,-414.266726,22.725787,0
2015-05-18,sh.603883,84.0000,96.7700,81.6800,96.7700,87.9700,23039800,2112334176.0000,3,34.387761,1,10.003400,121.703433,6.358854,-455.707526,24.999141,0
2015-05-19,sh.603883,100.1100,106.4000,92.9800,93.4700,96.7700,22429448,2201765936.0000,3,33.476788,1,-3.410100,117.553166,6.142008,-440.167226,24.146633,0
2015-05-20,sh.603883,90.0000,97.9000,88.0000,90.6100,93.4700,16263013,1499294272.0000,3,24.273154,1,-3.059800,113.956268,5.954074,-426.698966,23.407793,0
2015-05-21,sh.603883,87.9100,90.2100,86.0000,87.7900,90.6100,17144751,1496401728.0000,3,25.589181,1,-3.112200,110.409676,5.768769,-413.419073,22.679287,0
2015-05-22,sh.603883,88.8000,96.5700,86.1000,96.5700,87.7900,22140108,2039390080.0000,3,33.044937,1,10.001100,121.451902,6.345712,-454.765689,24.947474,0
2015-05-25,sh.603883,96.5700,105.0100,91.0000,98.3600,96.5700,21986669,2172843744.0000,3,32.815924,1,1.853600,123.703107,6.463335,-463.195125,25.409894,0
2015-05-26,sh.603883,95.9000,102.0000,95.0000,99.8300,98.3600,18415697,1834063776.0000,3,27.486115,1,1.494500,125.551862,6.559930,-470.117622,25.789648,0
2015-05-27,sh.603883,99.3000,109.8100,98.0100,109.8100,99.8300,14905015,1563486720.0000,3,22.246291,1,9.997000,138.103275,7.215726,-517.115257,28.367838,0
2015-05-28,sh.603883,118.9900,120.7900,98.8500,105.4400,109.8100,24860871,2943807264.0000,3,37.105778,1,-3.979600,132.607316,6.928569,-496.536132,27.238911,0
2015-05-29,sh.603883,94.9000,110.0000,94.9000,97.2200,105.4400,24511262,2419441840.0000,3,36.583973,1,-7.795900,122.269378,6.388424,-457.826658,25.115392,0
2015-06-01,sh.603883,95.9300,95.9300,89.0000,90.7500,97.2200,17190715,1569231616.0000,3,25.657784,1,-6.655000,114.132340,5.963274,-427.358251,23.443960,0
2015-06-02,sh.603883,89.8400,92.1900,86.4000,91.7100,90.7500,13014232,1163131584.0000,3,19.424227,1,1.057900,115.339690,6.026357,-431.879066,23.691962,0
2015-06-03,sh.603883,93.1000,96.8100,89.1000,95.0800,91.7100,12985186,1216735744.0000,3,19.380875,1,3.674600,119.577993,6.247803,-447.749008,24.562554,0
2015-06-04,sh.603883,95.0000,95.0000,85.5700,87.9000,95.0800,10103838,894083008.0000,3,15.080355,1,-7.551500,110.548019,5.775998,-413.937083,22.707704,0
2015-06-05,sh.603883,88.1800,90.5000,85.0000,85.6500,87.9000,9424043,822425040.0000,3,14.065736,1,-2.559700,107.718291,5.628148,-403.341424,22.126448,0
2015-06-08,sh.603883,85.6500,86.3600,77.3800,78.9300,85.6500,11687911,937903728.0000,3,17.444643,1,-7.845900,99.266838,5.186570,-371.695722,20.390433,0
2015-06-09,sh.603883,80.0200,84.8900,80.0200,83.2900,78.9300,8356303,692860464.0000,3,12.472094,1,5.523900,104.750221,5.473070,-392.227755,21.516776,0
2015-06-10,sh.603883,82.4000,88.0000,81.0000,86.1700,83.2900,8531061,731550864.0000,3,12.732927,1,3.457800,108.372273,5.662318,-405.790198,22.260783,0
2015-06-11,sh.603883,84.2500,90.7900,84.2500,88.7100,86.1700,9493276,835979632.0000,3,14.169069,1,2.947700,111.566720,5.829224,-417.751520,22.916955,0
2015-06-12,sh.603883,88.0000,89.4900,83.0100,86.1900,88.7100,9154817,786579840.0000,3,13.663906,1,-2.840700,108.397426,5.663632,-405.884382,22.265950,0
2015-06-15,sh.603883,84.8800,84.8800,78.0800,79.2100,86.1900,6979489,567286656.0000,3,10.417148,1,-8.098400,99.618982,5.204969,-373.014293,20.462767,0
2015-06-16,sh.603883,77.0100,80.9200,75.1000,78.1500,79.2100,5416441,422089728.0000,3,8.084240,1,-1.338200,98.285866,5.135315,-368.022560,20.188931,0
2015-06-17,sh.603883,78.6000,83.0000,77.0200,82.0100,78.1500,5120938,408178800.0000,3,7.643191,1,4.939200,103.140421,5.388960,-386.200002,21.186107,0
2015-06-18,sh.603883,81.5900,85.0000,77.2100,79.1200,82.0100,6027584,495645440.0000,3,8.996394,1,-3.524000,99.505793,5.199055,-372.590466,20.439517,0
2015-06-19,sh.603883,75.3600,80.2900,75.0000,76.7200,79.1200,4798931,374268064.0000,3,7.162584,1,-3.033400,96.487417,5.041349,-361.288430,19.819511,0
2015-06-23,sh.603883,77.0500,84.0900,76.7200,83.0300,76.7200,9078677,735616528.0000,3,13.550264,1,8.224700,104.423231,5.455985,-391.003367,21.449609,0
2015-06-24,sh.603883,83.9800,88.0000,82.3600,85.4300,83.0300,7462129,633568192.0000,3,11.137506,1,2.890500,107.441607,5.613691,-402.305404,22.069615,0
2015-06-25,sh.603883,86.9900,87.1800,81.0000,82.3500,85.4300,6791245,574063776.0000,3,10.136187,1,-3.605300,103.568024,5.411302,-387.801124,21.273941,0
2015-06-26,sh.603883,79.4200,80.9700,74.1200,74.1200,82.3500,5450788,419056048.0000,3,8.135504,1,-9.993900,93.217510,4.870500,-349.044557,19.147838,0
2015-06-29,sh.603883,77.0000,77.0000,66.7100,66.7100,74.1200,4921105,340678544.0000,3,7.344933,1,-9.997300,83.898274,4.383581,-314.149520,17.233571,0
2015-06-30,sh.603883,62.8800,73.2600,60.0400,73.1900,66.7100,9894156,634567488.0000,3,14.767397,1,9.713700,92.047889,4.809389,-344.665018,18.907586,0
2015-07-01,sh.603883,70.0000,77.1600,68.1100,68.4500,73.1900,6291603,459724272.0000,3,9.390452,1,-6.476300,86.086597,4.497919,-322.343496,17.683075,0
2015-07-02,sh.603883,68.1000,70.2800,61.6100,62.5000,68.4500,5264289,338019568.0000,3,7.857148,1,-8.692500,78.603540,4.106938,-294.323864,16.145978,0
2015-07-03,sh.603883,60.7200,66.0400,56.2500,58.8300,62.5000,5722698,342332176.0000,3,8.541340,1,-5.872000,73.987940,3.865779,-277.041167,15.197886,0
2015-07-06,sh.603883,64.7100,64.7100,53.5000,56.0400,58.8300,5915073,356305984.0000,3,8.828467,1,-4.742500,70.479078,3.682445,-263.902550,14.477130,0
2015-07-07,sh.603883,52.5100,55.8500,50.4400,50.4400,56.0400,3489230,180335204.0000,3,5.207806,1,-9.992900,63.436201,3.314463,-237.531132,13.030450,0
2015-07-08,sh.603883,45.4000,45.4000,45.4000,45.4000,50.4400,2292000,104056800.0000,3,3.420896,1,-9.992100,57.097611,2.983280,-213.796855,11.728438,0
2015-07-09,sh.603883,40.8600,49.9400,40.8600,49.9400,45.4000,8348469,390774400.0000,3,12.460401,1,10.000000,62.807373,3.281608,-235.176541,12.901282,0
2015-07-10,sh.603883,52.9000,54.9300,52.5000,54.9300,49.9400,2197979,119115024.0000,3,3.280566,1,9.992000,69.083079,3.609506,-258.675358,14.190377,0
2015-07-13,sh.603883,60.4200,60.4200,57.0500,60.4200,54.9300,4385210,263437870.0000,3,6.545090,1,9.994500,75.987614,3.970259,-284.528766,15.608640,0
2015-07-14,sh.603883,62.0000,66.4600,60.4300,66.4600,60.4200,8778056,572194208.0000,3,13.101576,1,9.996700,83.583860,4.367154,-312.972224,17.168987,0
2015-07-15,sh.603883,65.8000,65.8000,59.8100,59.8100,66.4600,4972426,304444752.0000,3,7.421531,1,-10.006000,75.220444,3.930175,-281.656165,15.451055,0
2015-07-16,sh.603883,54.5000,63.9700,53.9900,61.7200,59.8100,3952535,238578130.0000,3,5.899306,1,3.193400,77.622568,4.055683,-290.650703,15.944476,0
2015-07-17,sh.603883,63.0000,66.5600,61.2000,65.2800,61.7200,4872850,310241568.0000,3,7.272910,1,5.768000,82.099825,4.289615,-307.415390,16.864151,0
2015-07-20,sh.603883,64.7900,66.5800,62.0000,63.8900,65.2800,4034441,260152328.0000,3,6.021554,1,-2.129300,80.351683,4.198276,-300.869627,16.505065,0
2015-07-21,sh.603883,62.7800,66.0000,61.7000,64.2900,63.8900,3030960,194114551.0000,3,4.523821,1,0.626100,80.854745,4.224561,-302.753300,16.608399,0
2015-07-22,sh.603883,63.6000,65.5000,62.5000,64.8900,64.2900,3160634,203699879.0000,3,4.717364,1,0.933300,81.609339,4.263987,-305.578809,16.763400,0
2015-07-23,sh.603883,65.2000,70.2000,63.0000,68.9600,64.8900,7284791,489412144.0000,3,10.872822,1,6.272200,86.728002,4.531431,-324.745179,17.814826,0
2015-07-24,sh.603883,68.8000,70.5000,66.5200,67.6300,68.9600,6164100,424456928.0000,3,9.200149,1,-1.928700,85.055318,4.444036,-318.481967,17.471240,0
2015-07-27,sh.603883,65.2000,67.2000,60.8700,60.9900,67.6300,4419703,283374912.0000,3,6.596572,1,-9.818100,76.704478,4.007714,-287.213000,15.755891,0
2015-07-28,sh.603883,57.0000,60.5000,54.8900,55.7000,60.9900,5604358,317688032.0000,3,8.364713,1,-8.673600,70.051475,3.660103,-262.301428,14.389296,0
2015-07-29,sh.603883,56.7700,59.6900,53.3000,59.2000,55.7000,3538414,197342188.0000,3,5.281215,1,6.283700,74.453273,3.890092,-278.783564,15.293470,0
2015-07-30,sh.603883,58.1000,60.5000,56.1600,56.7700,59.2000,3187190,187730669.0000,3,4.757000,1,-4.104700,71.397167,3.730414,-267.340253,14.665715,0
2015-07-31,sh.603883,55.5100,57.9800,53.8800,55.0800,56.7700,2300540,127983991.0000,3,3.433642,1,-2.976900,69.271728,3.619362,-259.381735,14.229128,0
2015-08-03,sh.603883,54.0000,54.8000,49.5700,49.9200,55.0800,5769067,295759184.0000,3,8.610548,1,-9.368200,62.782219,3.280294,-235.082357,12.896116,0
2015-08-04,sh.603883,50.7800,54.9100,49.9400,54.9000,49.9200,4704427,246350124.0000,3,7.021533,1,9.976000,69.045349,3.607534,-258.534082,14.182627,0
2015-08-05,sh.603883,54.3100,55.4800,52.8000,53.6700,54.9000,4425136,239397842.0000,3,6.604681,1,-2.240400,67.498432,3.526710,-252.741789,13.864874,0
2015-08-06,sh.603883,52.0000,53.2600,51.8000,52.6500,53.6700,1996803,105240409.0000,3,2.980303,1,-1.900500,66.215622,3.459685,-247.938423,13.601372,0
2015-08-07,sh.603883,53.7000,57.9200,53.4500,57.9200,52.6500,6134074,349521312.0000,3,9.155334,1,10.009500,72.843472,3.805982,-272.755812,14.962801,0
2015-08-10,sh.603883,58.9000,61.9900,57.6500,60.3700,57.9200,7051477,419184864.0000,3,10.524593,1,4.230000,75.924731,3.966974,-284.293307,15.595723,0
2015-08-11,sh.603883,60.6000,66.4100,60.6000,62.8800,60.3700,9455715,607530176.0000,3,14.113007,1,4.157700,77.073559,4.018204,25.281517,8.001178,0
2015-08-12,sh.603883,61.2200,61.4800,57.9500,58.1900,62.8800,6256849,372635008.0000,3,9.338581,1,-7.458700,71.324911,3.718500,23.395857,7.404398,0
2015-08-13,sh.603883,58.0000,59.7800,56.6600,59.1000,58.1900,3580368,210814063.0000,3,5.343833,1,1.563800,72.440320,3.776652,23.761731,7.520191,0
2015-08-14,sh.603883,59.1000,60.5000,57.8900,58.3900,59.1000,3328311,197147537.0000,3,4.967628,1,-1.201400,71.570056,3.731281,23.476269,7.429847,0
2015-08-17,sh.603883,58.4300,58.8800,55.8400,57.7100,58.3900,3200713,184015380.0000,3,4.777184,1,-1.164600,70.736563,3.687827,23.202868,7.343320,0
2015-08-18,sh.603883,57.7900,58.1600,52.0100,52.9000,57.7100,4147199,230860338.0000,3,6.189849,1,-8.334800,64.840828,3.380455,21.268961,6.731271,0
2015-08-19,sh.603883,51.5000,55.0000,50.5200,54.4900,52.9000,3842717,202606015.0000,3,5.735399,1,3.005700,66.789730,3.482060,21.908236,6.933591,0
2015-08-20,sh.603883,54.0000,54.0000,52.1100,52.4000,54.4900,2453895,129894160.0000,3,3.662530,1,-3.835600,64.227966,3.348504,21.067931,6.667648,0
2015-08-21,sh.603883,52.4500,53.1900,49.5000,50.4500,52.4000,3035763,155777051.0000,3,4.530990,1,-3.721400,61.837803,3.223893,20.283914,6.419520,0
2015-08-24,sh.603883,50.4500,50.4500,50.4500,50.4500,50.4500,0,0.0000,3,,0,0.000000,61.837803,3.223893,20.283914,6.419520,0
2015-08-25,sh.603883,50.4500,50.4500,50.4500,50.4500,50.4500,0,0.0000,3,,0,0.000000,61.837803,3.223893,20.283914,6.419520,0
2015-08-26,sh.603883,50.4500,50.4500,50.4500,50.4500,50.4500,0,0.0000,3,,0,0.000000,61.837803,3.223893,20.283914,6.419520,0
2015-08-27,sh.603883,50.4500,50.4500,50.4500,50.4500,50.4500,0,0.0000,3,,0,0.000000,61.837803,3.223893,20.283914,6.419520,0
2015-08-28,sh.603883,50.4500,50.4500,50.4500,50.4500,50.4500,0,0.0000,3,,0,0.000000,61.837803,3.223893,20.283914,6.419520,0
2015-08-31,sh.603883,50.4500,50.4500,50.4500,50.4500,50.4500,0,0.0000,3,,0,0.000000,61.837803,3.223893,20.283914,6.419520,0
2015-09-01,sh.603883,50.4500,50.4500,50.4500,50.4500,50.4500,0,0.0000,3,,0,0.000000,61.837803,3.223893,20.283914,6.419520,0
2015-09-02,sh.603883,50.4500,50.4500,50.4500,50.4500,50.4500,0,0.0000,3,,0,0.000000,61.837803,3.223893,20.283914,6.419520,0
2015-09-07,sh.603883,50.4500,50.4500,50.4500,50.4500,50.4500,0,0.0000,3,,0,0.000000,61.837803,3.223893,20.283914,6.419520,0
2015-09-08,sh.603883,50.4500,50.4500,50.4500,50.4500,50.4500,0,0.0000,3,,0,0.000000,61.837803,3.223893,20.283914,6.419520,0
2015-09-09,sh.603883,50.4500,50.4500,50.4500,50.4500,50.4500,0,0.0000,3,,0,0.000000,61.837803,3.223893,20.283914,6.419520,0
2015-09-10,sh.603883,50.4500,50.4500,50.4500,50.4500,50.4500,0,0.0000,3,,0,0.000000,61.837803,3.223893,20.283914,6.419520,0
2015-09-11,sh.603883,50.4500,50.4500,50.4500,50.4500,50.4500,0,0.0000,3,,0,0.000000,61.837803,3.223893,20.283914,6.419520,0
2015-09-14,sh.603883,50.4500,50.4500,50.4500,50.4500,50.4500,0,0.0000,3,,0,0.000000,61.837803,3.223893,20.283914,6.419520,0
2015-09-15,sh.603883,50.4500,50.4500,50.4500,50.4500,50.4500,0,0.0000,3,,0,0.000000,61.837803,3.223893,20.283914,6.419520,0
2015-09-16,sh.603883,50.4500,50.4500,50.4500,50.4500,50.4500,0,0.0000,3,,0,0.000000,61.837803,3.223893,20.283914,6.419520,0
2015-09-17,sh.603883,50.4500,50.4500,50.4500,50.4500,50.4500,0,0.0000,3,,0,0.000000,61.837803,3.223893,20.283914,6.419520,0
2015-09-18,sh.603883,50.4500,50.4500,50.4500,50.4500,50.4500,0,0.0000,3,,0,0.000000,61.837803,3.223893,20.283914,6.419520,0
2015-09-21,sh.603883,50.4500,50.4500,50.4500,50.4500,50.4500,0,0.0000,3,,0,0.000000,61.837803,3.223893,20.283914,6.419520,0
2015-09-22,sh.603883,50.4500,50.4500,50.4500,50.4500,50.4500,0,0.0000,3,,0,0.000000,61.837803,3.223893,20.283914,6.419520,0
2015-09-23,sh.603883,50.4500,50.4500,50.4500,50.4500,50.4500,0,0.0000,3,,0,0.000000,61.837803,3.223893,20.283914,6.419520,0
2015-09-24,sh.603883,50.4500,50.4500,50.4500,50.4500,50.4500,0,0.0000,3,,0,0.000000,61.837803,3.223893,20.283914,6.419520,0
2015-09-25,sh.603883,50.4500,50.4500,50.4500,50.4500,50.4500,0,0.0000,3,,0,0.000000,61.837803,3.223893,20.283914,6.419520,0
2015-09-28,sh.603883,50.4500,50.4500,50.4500,50.4500,50.4500,0,0.0000,3,,0,0.000000,61.837803,3.223893,20.283914,6.419520,0
2015-09-29,sh.603883,50.4500,50.4500,50.4500,50.4500,50.4500,0,0.0000,3,,0,0.000000,61.837803,3.223893,20.283914,6.419520,0
2015-09-30,sh.603883,50.4500,50.4500,50.4500,50.4500,50.4500,0,0.0000,3,,0,0.000000,61.837803,3.223893,20.283914,6.419520,0
2015-10-08,sh.603883,50.4500,50.4500,50.4500,50.4500,50.4500,0,0.0000,3,,0,0.000000,61.837803,3.223893,20.283914,6.419520,0
2015-10-09,sh.603883,50.4500,50.4500,50.4500,50.4500,50.4500,0,0.0000,3,,0,0.000000,61.837803,3.223893,20.283914,6.419520,0
2015-10-12,sh.603883,50.4500,50.4500,50.4500,50.4500,50.4500,0,0.0000,3,,0,0.000000,61.837803,3.223893,20.283914,6.419520,0
2015-10-13,sh.603883,50.4500,50.4500,50.4500,50.4500,50.4500,0,0.0000,3,,0,0.000000,61.837803,3.223893,20.283914,6.419520,0
2015-10-14,sh.603883,50.4500,50.4500,50.4500,50.4500,50.4500,0,0.0000,3,,0,0.000000,61.837803,3.223893,20.283914,6.419520,0
2015-10-15,sh.603883,50.4500,50.4500,50.4500,50.4500,50.4500,0,0.0000,3,,0,0.000000,61.837803,3.223893,20.283914,6.419520,0
2015-10-16,sh.603883,50.4500,50.4500,50.4500,50.4500,50.4500,0,0.0000,3,,0,0.000000,61.837803,3.223893,20.283914,6.419520,0
2015-10-19,sh.603883,50.4500,50.4500,50.4500,50.4500,50.4500,0,0.0000,3,,0,0.000000,61.837803,3.223893,20.283914,6.419520,0
2015-10-20,sh.603883,50.4500,50.4500,50.4500,50.4500,50.4500,0,0.0000,3,,0,0.000000,61.837803,3.223893,20.283914,6.419520,0
2015-10-21,sh.603883,50.4500,50.4500,50.4500,50.4500,50.4500,0,0.0000,3,,0,0.000000,61.837803,3.223893,20.283914,6.419520,0
2015-10-22,sh.603883,50.4500,50.4500,50.4500,50.4500,50.4500,0,0.0000,3,,0,0.000000,61.837803,3.223893,20.283914,6.419520,0
2015-10-23,sh.603883,50.4500,50.4500,50.4500,50.4500,50.4500,0,0.0000,3,,0,0.000000,61.837803,3.223893,20.283914,6.419520,0
2015-10-26,sh.603883,50.4500,50.4500,50.4500,50.4500,50.4500,0,0.0000,3,,0,0.000000,61.837803,3.223893,20.283914,6.419520,0
2015-10-27,sh.603883,50.4500,50.4500,50.4500,50.4500,50.4500,0,0.0000,3,,0,0.000000,61.837803,3.223893,20.283914,6.419520,0
2015-10-28,sh.603883,50.4500,50.4500,50.4500,50.4500,50.4500,0,0.0000,3,,0,0.000000,59.707949,3.110109,26.884681,6.288565,0
2015-10-29,sh.603883,50.4500,50.4500,50.4500,50.4500,50.4500,0,0.0000,3,,0,0.000000,59.707949,3.110109,26.884681,6.288565,0
2015-10-30,sh.603883,50.4500,50.4500,50.4500,50.4500,50.4500,0,0.0000,3,,0,0.000000,59.707949,3.110109,26.884681,6.288565,0
2015-11-02,sh.603883,50.4500,50.4500,50.4500,50.4500,50.4500,0,0.0000,3,,0,0.000000,59.707949,3.110109,26.884681,6.288565,0
2015-11-03,sh.603883,50.4500,50.4500,50.4500,50.4500,50.4500,0,0.0000,3,,0,0.000000,59.707949,3.110109,26.884681,6.288565,0
2015-11-04,sh.603883,50.4500,50.4500,50.4500,50.4500,50.4500,0,0.0000,3,,0,0.000000,59.707949,3.110109,26.884681,6.288565,0
2015-11-05,sh.603883,50.4500,50.4500,50.4500,50.4500,50.4500,0,0.0000,3,,0,0.000000,59.707949,3.110109,26.884681,6.288565,0
2015-11-06,sh.603883,50.4500,50.4500,50.4500,50.4500,50.4500,0,0.0000,3,,0,0.000000,59.707949,3.110109,26.884681,6.288565,0
2015-11-09,sh.603883,50.4500,50.4500,50.4500,50.4500,50.4500,0,0.0000,3,,0,0.000000,59.707949,3.110109,26.884681,6.288565,0
2015-11-10,sh.603883,50.4500,50.4500,50.4500,50.4500,50.4500,0,0.0000,3,,0,0.000000,59.707949,3.110109,26.884681,6.288565,0
2015-11-11,sh.603883,50.4500,50.4500,50.4500,50.4500,50.4500,0,0.0000,3,,0,0.000000,59.707949,3.110109,26.884681,6.288565,0
2015-11-12,sh.603883,50.4500,50.4500,50.4500,50.4500,50.4500,0,0.0000,3,,0,0.000000,59.707949,3.110109,26.884681,6.288565,0
2015-11-13,sh.603883,50.4500,50.4500,50.4500,50.4500,50.4500,0,0.0000,3,,0,0.000000,59.707949,3.110109,26.884681,6.288565,0
2015-11-16,sh.603883,50.4500,50.4500,50.4500,50.4500,50.4500,0,0.0000,3,,0,0.000000,59.707949,3.110109,26.884681,6.288565,0
2015-11-17,sh.603883,50.4500,50.4500,50.4500,50.4500,50.4500,0,0.0000,3,,0,0.000000,59.707949,3.110109,26.884681,6.288565,0
2015-11-18,sh.603883,50.4500,50.4500,50.4500,50.4500,50.4500,0,0.0000,3,,0,0.000000,59.707949,3.110109,26.884681,6.288565,0
2015-11-19,sh.603883,50.4500,50.4500,50.4500,50.4500,50.4500,0,0.0000,3,,0,0.000000,59.707949,3.110109,26.884681,6.288565,0
2015-11-20,sh.603883,55.5000,55.5000,55.5000,55.5000,50.4500,114491,6354251.0000,3,0.170882,1,10.009900,65.684662,3.421428,29.575814,6.918044,0
2015-11-23,sh.603883,61.0500,61.0500,61.0500,61.0500,55.5000,70600,4310130.0000,3,0.105373,1,10.000000,72.253128,3.763570,32.533395,7.609849,0
2015-11-24,sh.603883,67.1600,67.1600,66.8500,67.1600,61.0500,10148526,681539168.0000,3,15.147054,1,10.008200,79.484358,4.140236,35.789399,8.371457,0
2015-11-25,sh.603883,73.8500,73.8800,71.0000,73.8800,67.1600,9851781,722086064.0000,3,14.704151,1,10.005900,87.437528,4.554506,39.370471,9.209101,0
2015-11-26,sh.603883,76.4600,81.2700,76.1900,81.2700,73.8800,21132287,1671324896.0000,3,31.540727,1,10.002700,96.183648,5.010080,43.308584,10.130260,0
2015-11-27,sh.603883,77.8800,80.0000,74.0000,75.3500,81.2700,12734046,983751888.0000,3,19.006039,1,-7.284400,89.177284,4.645127,40.153830,9.392336,0
2015-11-30,sh.603883,74.1100,77.0000,70.2000,75.8800,75.3500,9964618,739700496.0000,3,14.872564,1,0.703400,89.804543,4.677801,40.436266,9.458400,0
2015-12-01,sh.603883,74.5100,76.4600,69.8800,71.5700,75.8800,7680515,563623072.0000,3,11.463455,1,-5.680000,84.703626,4.412100,38.139477,8.921161,0
2015-12-02,sh.603883,72.0200,73.6800,68.7000,72.5600,71.5700,7238722,518830000.0000,3,10.804063,1,1.383300,85.875299,4.473131,38.667046,9.044564,0
2015-12-03,sh.603883,72.1000,73.4000,71.0200,73.2600,72.5600,6301970,457152544.0000,3,9.405925,1,0.964700,86.703754,4.516284,39.040074,9.131818,0
2015-12-04,sh.603883,73.3800,75.8500,72.3600,73.0000,73.2600,6764861,499846736.0000,3,10.096807,1,-0.354900,86.396042,4.500256,38.901521,9.099410,0
2015-12-07,sh.603883,73.6100,73.9700,71.1800,71.7900,73.0000,5749781,415439456.0000,3,8.581763,1,-1.657500,84.963998,4.425663,38.256715,8.948584,0
2015-12-08,sh.603883,71.0100,71.0500,68.7000,69.0200,71.7900,6450272,448073664.0000,3,9.627272,1,-3.858500,81.685682,4.254900,36.780589,8.603305,0
2015-12-09,sh.603883,69.0400,70.5000,67.5500,69.4700,69.0200,5286365,364335312.0000,3,7.890097,1,0.652000,82.218261,4.282641,37.020393,8.659397,0
2015-12-10,sh.603883,69.3100,69.3100,67.5600,67.8100,69.4700,3809283,261137453.0000,3,5.685497,1,-2.389500,80.253638,4.180306,36.135783,8.452479,0
2015-12-11,sh.603883,68.0000,70.5000,67.0000,68.9100,67.8100,4817838,331738624.0000,3,7.190803,1,1.622200,81.555496,4.248119,36.721970,8.589593,0
2015-12-14,sh.603883,67.9500,69.8000,67.1300,69.2500,68.9100,3297158,225133929.0000,3,4.921131,1,0.493400,81.957889,4.269079,36.903155,8.631974,0
2015-12-15,sh.603883,69.9800,70.3100,68.7100,68.9200,69.2500,3806708,264818861.0000,3,5.681654,1,-0.476500,81.567332,4.248735,36.727299,8.590840,0
2015-12-16,sh.603883,69.0000,70.7000,68.3800,69.5800,68.9200,4359237,302794864.0000,3,6.506324,1,0.957600,82.348446,4.289422,37.079011,8.673108,0
2015-12-17,sh.603883,69.6000,73.5000,69.6000,73.1600,69.5800,7853824,564093472.0000,3,11.722125,1,5.145200,86.585403,4.510120,38.986784,9.119353,0
2015-12-18,sh.603883,72.2000,73.0000,70.0000,70.6600,73.1600,5171525,369095584.0000,3,7.718694,1,-3.417200,83.626634,4.356001,37.654541,8.807730,0
2015-12-21,sh.603883,70.4200,70.4200,69.2500,69.8000,70.6600,2872647,200259456.0000,3,4.287533,1,-1.217100,82.608818,4.302985,37.196249,8.700531,0
2015-12-22,sh.603883,69.3000,70.3000,69.1500,69.5800,69.8000,2927529,203796200.0000,3,4.369446,1,-0.315200,82.348446,4.289422,37.079011,8.673108,0
2015-12-23,sh.603883,69.3900,70.2800,68.5200,68.6600,69.5800,3209044,222773956.0000,3,4.789618,1,-1.322200,81.259620,4.232707,36.588745,8.558431,0
2015-12-24,sh.603883,68.2100,70.9900,67.5800,70.6200,68.6600,4568743,318085232.0000,3,6.819019,1,2.854600,83.579294,4.353535,37.633225,8.802744,0
2015-12-25,sh.603883,71.2000,73.0000,70.0300,71.1000,70.6200,5250497,377784784.0000,3,7.836563,1,0.679700,84.147378,4.383126,37.889016,8.862576,0
2015-12-28,sh.603883,72.0700,75.5200,72.0700,72.4200,71.1000,9197408,677704560.0000,3,13.727475,1,1.856500,85.709608,4.464501,38.592440,9.027113,0
2015-12-29,sh.603883,72.0100,74.0000,71.1500,73.6200,72.4200,5746753,418993776.0000,3,8.577243,1,1.657000,87.129816,4.538478,39.231917,9.176692,0
2015-12-30,sh.603883,73.0000,73.8000,72.2500,73.3900,73.6200,3937460,287053872.0000,3,5.876806,1,-0.312400,86.857610,4.524299,39.109351,9.148023,0
2015-12-31,sh.603883,74.4900,75.0000,70.7900,70.9700,73.3900,4503875,330169152.0000,3,6.722201,1,-3.297400,83.993522,4.375112,37.819739,8.846371,0
2016-01-04,sh.603883,70.7000,70.7000,63.8700,63.8700,70.9700,4619393,302860784.0000,3,6.894616,1,-10.004200,75.590619,3.937416,34.036166,7.961360,0
2016-01-05,sh.603883,60.0400,63.0000,57.5000,60.0000,63.8700,4419249,268660384.0000,3,6.595894,1,-6.059200,71.010445,3.698841,31.973853,7.478967,0
2016-01-06,sh.603883,61.8800,63.9800,58.8100,63.2100,60.0000,3873298,236444981.0000,3,5.781042,1,5.350000,74.809504,3.896729,33.684454,7.879091,0
2016-01-07,sh.603883,61.6200,61.6200,56.8900,56.8900,63.2100,841320,49447233.0000,3,1.255701,1,-9.998400,67.329737,3.507117,30.316541,7.091307,0
2016-01-08,sh.603883,57.2100,59.5000,53.0100,57.5900,56.8900,4017128,230908320.0000,3,5.995713,1,1.230400,68.158192,3.550271,30.689570,7.178562,0
2016-01-11,sh.603883,55.8500,57.7600,51.8300,51.8300,57.5900,3920052,213818495.0000,3,5.850824,1,-10.001700,61.341190,3.195182,27.620080,6.460581,0
2016-01-12,sh.603883,52.2000,54.0000,50.9000,53.1600,51.8300,3060218,161966252.0000,3,4.567490,1,2.566100,62.915255,3.277173,28.328834,6.626365,0
2016-01-13,sh.603883,53.9000,54.1200,50.5000,50.5300,53.1600,2386037,125976003.0000,3,3.561249,1,-4.947300,59.802630,3.115040,26.927313,6.298536,0
2016-01-14,sh.603883,48.8000,52.5000,47.8000,51.5400,50.5300,4027156,202358278.0000,3,6.010681,1,1.998800,60.997973,3.177304,27.465540,6.424432,0
2016-01-15,sh.603883,50.8200,51.1000,47.8000,48.4100,51.5400,2689874,132968160.0000,3,4.014737,1,-6.073000,57.293594,2.984348,25.797570,6.034280,0
2016-01-18,sh.603883,47.6000,51.4900,46.5000,50.5100,48.4100,3027163,150231875.0000,3,4.518154,1,4.337900,59.778960,3.113807,26.916655,6.296044,0
2016-01-19,sh.603883,50.5100,53.9900,49.6500,53.4500,50.5100,3834124,200335524.0000,3,5.722573,1,5.820600,63.258472,3.295051,28.483374,6.662513,0
2016-01-20,sh.603883,52.8400,53.5500,51.4000,53.0100,53.4500,2594984,136649210.0000,3,3.873110,1,-0.823200,62.737728,3.267926,28.248899,6.607667,0
2016-01-21,sh.603883,52.0100,53.1000,50.0400,50.1700,53.0100,1787127,92516746.0000,3,2.667354,1,-5.357500,59.376567,3.092847,26.735470,6.253663,0
2016-01-22,sh.603883,51.5500,51.8800,49.6100,50.9800,50.1700,1451279,73689373.0000,3,2.166088,1,1.614500,60.335208,3.142782,27.167117,6.354629,0
2016-01-25,sh.603883,51.0500,51.8000,50.6100,51.0000,50.9800,1303316,66818781.0000,3,1.945248,1,0.039200,60.358879,3.144015,27.177775,6.357122,0
2016-01-26,sh.603883,50.1000,50.5000,45.9000,45.9100,51.0000,2133641,102138666.0000,3,3.184539,1,-9.980400,54.334826,2.830230,24.465326,5.722656,0
2016-01-27,sh.603883,46.0000,46.8900,42.8000,46.0100,45.9100,2060837,91694586.0000,3,3.075876,1,0.217800,54.453177,2.836394,24.518616,5.735121,0
2016-01-28,sh.603883,46.0000,46.0000,42.8800,42.9800,46.0100,1285199,56990117.0000,3,1.918207,1,-6.585500,50.867149,2.649603,22.903937,5.357433,0
2016-01-29,sh.603883,42.9800,46.3100,42.9800,45.2000,42.9800,2159472,97668550.0000,3,3.223093,1,5.165200,53.494535,2.786460,24.086969,5.634155,0
2016-02-01,sh.603883,45.2000,46.7900,44.7000,45.4100,45.2000,1285920,58930961.0000,3,1.919284,1,0.464600,53.743072,2.799406,24.198878,5.660331,0
2016-02-02,sh.603883,45.9500,47.6000,45.4200,47.2200,45.4100,1571729,73689899.0000,3,2.345864,1,3.985900,55.885220,2.910988,25.163422,5.885947,0
2016-02-03,sh.603883,46.4900,47.4000,45.4800,47.0900,47.2200,951770,44118559.0000,3,1.420552,1,-0.275300,55.731365,2.902973,25.094145,5.869742,0
2016-02-04,sh.603883,47.4000,48.9300,47.1100,48.2500,47.0900,1350000,65219256.0000,3,2.014925,1,2.463400,57.104233,2.974484,25.712307,6.014336,0
2016-02-05,sh.603883,48.4900,50.4500,48.4900,48.9200,48.2500,1903687,94036154.0000,3,2.841324,1,1.388600,57.897183,3.015788,26.069348,6.097851,0
2016-02-15,sh.603883,47.0000,49.9900,46.6100,48.9100,48.9200,1194467,57640698.0000,3,1.782787,1,-0.020400,57.885348,3.015172,26.064019,6.096604,0
2016-02-16,sh.603883,49.3700,51.0000,49.3700,50.3600,48.9100,1603927,80729379.0000,3,2.393921,1,2.964600,59.601434,3.104560,26.836720,6.277346,0
2016-02-17,sh.603883,50.4800,50.6000,49.0000,50.0800,50.3600,1779793,88507928.0000,3,2.656407,1,-0.556000,59.270052,3.087299,26.687509,6.242444,0
2016-02-18,sh.603883,50.2900,50.5500,48.3300,48.4000,50.0800,2701289,133157839.0000,3,4.031775,1,-3.354600,57.281759,2.983731,25.792241,6.033033,0
2016-02-19,sh.603883,48.7000,49.4900,48.5000,48.9300,48.4000,1459803,71510852.0000,3,2.178810,1,1.095000,57.909018,3.016405,26.074677,6.099097,0
2016-02-22,sh.603883,49.7500,53.2400,49.6300,50.7700,48.9300,2336768,117977897.0000,3,3.487713,1,3.760500,60.086672,3.129836,27.055208,6.328452,0
2016-02-23,sh.603883,50.7700,51.3000,49.4100,49.8800,50.7700,2040786,102817914.0000,3,3.045949,1,-1.753000,59.033350,3.074970,26.580930,6.217514,0
2016-02-24,sh.603883,49.9200,50.2100,47.9300,49.0500,49.8800,1741434,85273396.0000,3,2.599155,1,-1.664000,58.051039,3.023802,26.138625,6.114055,0
2016-02-25,sh.603883,49.1900,49.3900,44.1500,44.4100,49.0500,2431006,111846998.0000,3,3.628367,1,-9.459700,52.559565,2.737759,23.665980,5.535682,0
2016-02-26,sh.603883,44.4300,45.1200,43.0500,43.7600,44.4100,1934449,85308943.0000,3,2.887237,1,-1.463600,51.790285,2.697688,23.319597,5.454660,0
2016-02-29,sh.603883,43.6000,43.7600,40.0000,40.8800,43.7600,2082228,85785044.0000,3,3.107803,1,-6.581300,48.381783,2.520143,21.784852,5.095669,0
2016-03-01,sh.603883,41.1200,42.0100,40.5000,41.7400,40.8800,1273872,52906217.0000,3,1.901301,1,2.103700,49.399600,2.573160,22.243144,5.202868,0
2016-03-02,sh.603883,41.5100,43.5000,41.0000,43.4100,41.7400,2436718,102627955.0000,3,3.636893,1,4.001000,51.376057,2.676111,23.133082,5.411032,0
2016-03-03,sh.603883,43.5000,43.9800,42.5600,42.8200,43.4100,2616860,112899970.0000,3,3.905761,1,-1.359100,50.677788,2.639739,22.818673,5.337489,0
2016-03-04,sh.603883,42.5300,42.7600,39.9900,40.3100,42.8200,2917494,120131234.0000,3,4.354469,1,-5.861700,47.707184,2.485004,21.481100,5.024619,0
2016-03-07,sh.603883,40.5900,42.5000,40.5300,41.3400,40.3100,1977390,82168443.0000,3,2.951328,1,2.555200,48.926197,2.548501,22.029985,5.153008,0
2016-03-08,sh.603883,41.2300,41.4000,39.6500,41.3700,41.3400,1791921,72522330.0000,3,2.674509,1,0.072600,48.961702,2.550351,22.045971,5.156748,0
2016-03-09,sh.603883,40.5000,41.2300,40.0100,40.7900,41.3700,1097384,44727999.0000,3,1.637887,1,-1.402000,48.275268,2.514595,21.736891,5.084451,0
2016-03-10,sh.603883,40.8400,41.2000,40.1500,40.4100,40.7900,1157595,47131961.0000,3,1.727754,1,-0.931600,47.825535,2.491169,21.534390,5.037084,0
2016-03-11,sh.603883,39.7000,41.2200,39.5000,41.0500,40.4100,1668408,67941758.0000,3,2.490161,1,1.583800,48.582980,2.530624,21.875444,5.116860,0
2016-03-14,sh.603883,41.9000,43.0000,41.3100,42.3100,41.0500,3250206,137784508.0000,3,4.851054,1,3.069400,50.074199,2.608299,22.546895,5.273918,0
2016-03-15,sh.603883,41.9700,42.2000,41.5000,41.6400,42.3100,1453496,60713918.0000,3,2.169397,1,-1.583600,49.281249,2.566995,22.189854,5.190403,0
2016-03-16,sh.603883,41.5100,42.3000,40.8500,40.9700,41.6400,1343727,55556178.0000,3,2.005563,1,-1.609000,48.488299,2.525692,21.832812,5.106888,0
2016-03-17,sh.603883,41.2200,42.7100,41.0100,42.3800,40.9700,2725191,114687950.0000,3,4.067449,1,3.441500,50.157045,2.612614,22.584198,5.282644,0
2016-03-18,sh.603883,42.9100,46.6200,42.4200,45.9900,42.3800,5386385,240797972.0000,3,8.039381,1,8.518200,54.429506,2.835161,24.507958,5.732628,0
2016-03-21,sh.603883,46.9000,46.9000,45.5500,46.3600,45.9900,4344812,200390344.0000,3,6.484794,1,0.804500,54.867404,2.857971,24.705130,5.778748,0
2016-03-22,sh.603883,46.2100,46.6900,45.5500,46.1200,46.3600,2478009,114200647.0000,3,3.698521,1,-0.517700,54.583362,2.843176,24.577235,5.748832,0
2016-03-23,sh.603883,46.1700,48.6600,46.0000,48.0900,46.1200,3769998,179271926.0000,3,5.626863,1,4.271500,56.914872,2.964621,25.627043,5.994392,0
2016-03-24,sh.603883,48.0900,49.5200,47.0100,49.0900,48.0900,4876825,237628318.0000,3,7.278843,1,2.079400,58.098379,3.026268,26.159941,6.119041,0
2016-03-25,sh.603883,47.1300,47.4900,45.1800,46.3300,49.0900,5519082,255877409.0000,3,8.237436,1,-5.622300,51.434582,2.707706,35.087381,5.576027,0
2016-03-28,sh.603883,46.1000,46.7500,45.0500,45.1200,46.3300,3679726,169185571.0000,3,5.492128,1,-2.611700,50.091265,2.636989,34.171005,5.430398,0
2016-03-29,sh.603883,45.2000,45.4700,43.5400,44.0500,45.1200,2706242,119389898.0000,3,4.039167,1,-2.371500,48.903374,2.574454,33.360655,5.301619,0
2016-03-30,sh.603883,44.5000,46.0500,44.1600,45.6900,44.0500,2731144,123053219.0000,3,4.076334,1,3.723000,50.724067,2.670302,34.602686,5.499000,0
2016-03-31,sh.603883,46.2300,46.5400,45.5000,45.5200,45.6900,2508561,115259960.0000,3,3.744121,1,-0.372100,50.535337,2.660367,34.473939,5.478540,0
2016-04-01,sh.603883,45.4400,45.5400,44.1000,44.8100,45.5200,1796112,80144808.0000,3,2.680764,1,-1.559800,49.747110,2.618872,33.936231,5.393088,0
2016-04-05,sh.603883,44.8500,46.4000,44.6500,46.0000,44.8100,2532814,115813588.0000,3,3.780319,1,2.655700,51.068223,2.688420,34.837460,5.536310,0
2016-04-06,sh.603883,46.0000,46.6000,45.5800,46.1400,46.0000,2928921,134821878.0000,3,4.371524,1,0.304300,51.223648,2.696602,34.943488,5.553160,0
2016-04-07,sh.603883,46.3800,49.4500,46.3800,47.4600,46.1400,6803787,326103216.0000,3,10.154906,1,2.860900,52.689084,2.773748,35.943171,5.712028,0
2016-04-08,sh.603883,46.0700,52.2100,46.0700,52.2100,47.4600,9268082,456643632.0000,3,13.832958,1,10.008400,57.962433,3.051357,39.540518,6.283712,0
2016-04-11,sh.603883,53.9300,57.2800,51.1800,54.8900,52.2100,10981267,591758752.0000,3,16.389951,1,5.133100,60.937712,3.207986,41.570178,6.606262,0
2016-04-12,sh.603883,54.5000,54.5000,51.0200,52.0100,54.8900,6229400,327607840.0000,3,9.297612,1,-5.246900,57.740397,3.039668,39.389050,6.259641,0
2016-04-13,sh.603883,52.1200,53.2200,51.9800,52.0100,52.0100,4336272,227955344.0000,3,6.472048,1,0.000000,57.740397,3.039668,39.389050,6.259641,0
2016-04-14,sh.603883,52.6700,52.6700,51.1600,52.2300,52.0100,4115135,212786963.0000,3,6.141993,1,0.423000,57.984636,3.052525,39.555664,6.286119,0
2016-04-15,sh.603883,51.9200,52.4500,51.4900,51.5800,52.2300,3037527,157106046.0000,3,4.533622,1,-1.244500,57.263020,3.014537,39.063396,6.207889,0
2016-04-18,sh.603883,51.3000,51.3000,49.3900,50.2000,51.5800,2562069,128300983.0000,3,3.823984,1,-2.675500,55.730974,2.933884,38.018272,6.041799,0
2016-04-19,sh.603883,50.9000,53.4900,50.9000,53.0300,50.2000,5003250,261016878.0000,3,7.467537,1,5.637400,55.755496,2.919498,34.485290,6.162750,0
2016-04-20,sh.603883,53.6200,53.6600,47.9800,49.0800,53.0300,5578894,281459648.0000,3,8.326707,1,-7.448600,51.602485,2.702036,31.916614,5.703710,0
2016-04-21,sh.603883,48.1000,49.5000,47.5000,47.9800,49.0800,3363395,163866421.0000,3,5.019993,1,-2.241200,50.445950,2.641477,31.201286,5.575876,0
2016-04-22,sh.603883,47.8800,49.0000,47.5000,48.5400,47.9800,1838210,88897842.0000,3,2.743597,1,1.167200,51.034731,2.672307,31.565453,5.640955,0
2016-04-25,sh.603883,48.5500,48.5500,46.8000,47.9200,48.5400,1866771,88715157.0000,3,2.219091,1,-1.277300,50.382866,2.638174,31.162268,5.568904,0
2016-04-26,sh.603883,47.9900,48.8800,47.6000,48.8400,47.9200,1692635,81634625.0000,3,2.012090,1,1.919900,51.350150,2.688823,31.760542,5.675819,0
2016-04-27,sh.603883,48.8700,49.4900,48.2900,48.5700,48.8400,1898599,92993634.0000,3,2.256926,1,-0.552800,51.066273,2.673959,31.584962,5.644442,0
2016-04-28,sh.603883,48.6000,48.9600,46.8100,47.7700,48.5700,1876312,89367986.0000,3,2.230432,1,-1.647100,50.225157,2.629916,31.064724,5.551472,0
2016-04-29,sh.603883,47.0000,48.4700,47.0000,47.2700,47.7700,1291933,61529957.0000,3,1.535762,1,-1.046700,49.699459,2.602389,30.739575,5.493366,0
2016-05-03,sh.603883,47.3900,49.2900,46.9000,48.8200,47.2700,2225360,108050365.0000,3,2.645357,1,3.279000,51.329122,2.687722,31.747536,5.673495,0
2016-05-04,sh.603883,49.0000,51.4800,48.6000,50.9600,48.8200,3532175,177923873.0000,3,4.198810,1,4.383400,53.579108,2.805537,33.139173,5.922190,0
2016-05-05,sh.603883,50.8000,51.0000,49.6000,50.4300,50.9600,2420494,121904182.0000,3,2.877319,1,-1.040000,53.021868,2.776358,32.794516,5.860597,0
2016-05-06,sh.603883,50.4300,51.3000,48.0100,48.0600,50.4300,2947042,146022667.0000,3,3.503244,1,-4.699600,50.530061,2.645881,31.253310,5.585173,0
2016-05-09,sh.603883,47.9600,47.9600,46.6000,47.0700,48.0600,2114856,99654884.0000,3,2.513997,1,-2.059900,49.489180,2.591378,30.609515,5.470123,0
2016-05-10,sh.603883,47.0700,47.4800,46.8600,47.2800,47.0700,1150928,54318329.0000,3,1.368145,1,0.446100,49.709973,2.602939,30.746078,5.494528,0
2016-05-11,sh.603883,47.4900,48.8800,47.2000,47.8400,47.2800,2037915,97941398.0000,3,2.422535,1,1.184400,50.298754,2.633769,31.110244,5.559607,0
2016-05-12,sh.603883,47.1500,47.7000,46.5000,47.3800,47.8400,1679432,79001045.0000,3,1.996395,1,-0.961500,49.815113,2.608445,30.811107,5.506149,0
2016-05-13,sh.603883,47.2400,47.9000,46.8000,47.1200,47.3800,1186369,56076665.0000,3,1.410275,1,-0.548800,49.541750,2.594131,30.642030,5.475934,0
2016-05-16,sh.603883,46.9900,47.7000,46.2200,47.6900,47.1200,1377050,64904682.0000,3,1.636944,1,1.209700,50.141045,2.625511,31.012700,5.542175,0
2016-05-17,sh.603883,47.7000,48.6000,47.2000,48.2200,47.6900,1762932,84599901.0000,3,2.095654,1,1.111300,50.698285,2.654690,31.357358,5.603767,0
2016-05-18,sh.603883,47.8000,47.8000,46.1100,46.3400,48.2200,1554626,72754588.0000,3,1.848034,1,-3.898800,48.721661,2.551189,30.134798,5.385288,0
2016-05-19,sh.603883,46.3400,47.4300,46.3400,46.3500,46.3400,1044736,48864116.0000,3,1.241911,1,0.021600,48.732175,2.551739,30.141301,5.386450,0
2016-05-20,sh.603883,46.4500,46.4500,45.5100,46.1900,46.3500,1027788,47188099.0000,3,1.221765,1,-0.345200,48.563952,2.542931,30.037253,5.367856,0
2016-05-23,sh.603883,46.2600,47.2200,46.2600,46.7400,46.1900,1129250,52792014.0000,3,1.342376,1,1.190700,49.142219,2.573210,30.394917,5.431773,0
2016-05-24,sh.603883,46.5500,47.3800,46.5500,46.9000,46.7400,1573186,73797808.0000,3,1.870097,1,0.342300,49.310443,2.582019,30.498964,5.450367,0
2016-05-25,sh.603883,47.2000,47.5800,46.3000,46.4400,46.9000,1273757,59703514.0000,3,1.514156,1,-0.980800,48.826801,2.556694,30.199828,5.396909,0
2016-05-26,sh.603883,46.2000,46.7000,44.9000,45.8800,46.4400,1814329,82580047.0000,3,2.156751,1,-1.205900,48.238019,2.525864,29.835661,5.331830,0
2016-05-27,sh.603883,45.6000,45.9500,45.5000,45.5700,45.8800,1207421,55177080.0000,3,1.435300,1,-0.675700,47.912087,2.508797,29.634068,5.295804,0
2016-05-30,sh.603883,45.5300,45.7800,44.8000,45.2000,45.5700,1143214,51743279.0000,3,1.358975,1,-0.811900,47.523071,2.488428,29.393458,5.252806,0
2016-05-31,sh.603883,45.8000,47.1000,45.5600,47.0600,45.2000,2961462,137450429.0000,3,3.520385,1,4.115000,49.478666,2.590827,30.603012,5.468961,0
2016-06-01,sh.603883,47.0000,48.8500,46.9000,48.2500,47.0600,3215098,154958831.0000,3,3.821890,1,2.528700,50.729826,2.656341,31.376866,5.607254,0
2016-06-02,sh.603883,48.0400,49.3400,48.0000,48.9100,48.2500,3037453,147761708.0000,3,3.610718,1,1.367900,51.423747,2.692677,31.806063,5.683954,0
2016-06-03,sh.603883,48.9900,49.2400,48.2900,48.9000,48.9100,2525719,123224882.0000,3,3.002403,1,-0.020400,51.413233,2.692126,31.799560,5.682792,0
2016-06-06,sh.603883,49.1000,49.5000,48.2100,48.5100,48.9000,1612292,78395059.0000,3,1.916583,1,-0.797600,51.003189,2.670655,31.545944,5.637469,0
2016-06-07,sh.603883,48.2300,49.1000,48.2000,48.8400,48.5100,1514899,73609962.0000,3,1.800809,1,0.680300,51.350150,2.688823,31.760542,5.675819,0
2016-06-08,sh.603883,48.6500,48.8400,48.0300,48.2500,48.8400,1701189,82283834.0000,3,2.022258,1,-1.208000,50.729826,2.656341,31.376866,5.607254,0
2016-06-13,sh.603883,47.5000,47.5000,45.0200,45.0700,48.2500,2279604,106218020.0000,3,2.709839,1,-6.590700,47.386389,2.481271,29.308920,5.237698,0
2016-06-14,sh.603883,45.0100,45.4900,44.6500,45.0600,45.0700,1847624,83112176.0000,3,2.196330,1,-0.022200,47.375875,2.480720,29.302417,5.236536,0
2016-06-15,sh.603883,45.0500,46.3800,44.6500,46.1000,45.0600,2009751,92239999.0000,3,2.389056,1,2.308000,48.469326,2.537976,29.978726,5.357397,0
2016-06-16,sh.603883,45.8800,46.5000,45.3300,45.4900,46.1000,1553222,71353567.0000,3,1.846365,1,-1.323200,47.827975,2.504393,29.582045,5.286507,0
2016-06-17,sh.603883,45.8000,46.7500,45.5800,45.9100,45.4900,1753529,81014564.0000,3,2.084476,1,0.923300,48.269561,2.527516,29.855170,5.335317,0
2016-06-20,sh.603883,45.9300,47.8800,45.7000,47.6000,45.9100,2378577,111738160.0000,3,2.827491,1,3.681100,50.046419,2.620556,30.954173,5.531716,0
2016-06-21,sh.603883,47.7000,47.9000,46.3300,46.7500,47.6000,2082287,98251515.0000,3,2.475281,1,-1.785700,49.152733,2.573761,30.401420,5.432935,0
2016-06-22,sh.603883,46.5200,47.3700,46.4100,47.3500,46.7500,1801544,84656795.0000,3,2.141553,1,1.283400,49.783571,2.606793,30.791598,5.502663,0
2016-06-23,sh.603883,47.3700,47.8000,46.9000,47.6000,47.3500,2065978,97972120.0000,3,2.455894,1,0.528000,50.046419,2.620556,30.954173,5.531716,0
2016-06-24,sh.603883,47.3000,47.8800,45.0100,46.4500,47.6000,2588454,120621204.0000,3,3.076978,1,-2.416000,48.837315,2.557245,30.206330,5.398071,0
2016-06-27,sh.603883,46.1000,48.4500,46.1000,48.4300,46.4500,3536528,168760092.0000,3,4.203984,1,4.262600,50.919078,2.666251,31.493920,5.628172,0
2016-06-28,sh.603883,48.1100,49.9700,48.1100,49.5700,48.4300,4390840,216831781.0000,3,5.219533,1,2.353900,52.117668,2.729012,32.235259,5.760654,0
2016-06-29,sh.603883,49.4900,49.8500,48.8000,49.6300,49.5700,2435935,120258591.0000,3,2.895674,1,0.121000,52.180752,2.732315,32.274277,5.767627,0
2016-06-30,sh.603883,49.6400,50.0200,49.1000,49.7400,49.6300,2368145,117305064.0000,3,2.815090,1,0.221600,52.296406,2.738371,32.345810,5.780410,0
2016-07-01,sh.603883,49.8800,50.4400,49.2200,49.3100,49.7400,1688780,84278483.0000,3,2.007507,1,-0.864500,51.844306,2.714698,32.066182,5.730439,0
2016-07-04,sh.603883,49.0600,50.9900,49.0000,50.4600,49.3100,3089400,154869799.0000,3,3.672469,1,2.332200,53.053410,2.778010,32.814024,5.864083,0
2016-07-05,sh.603883,50.0000,50.1900,49.4400,49.8000,50.1600,1728648,85968581.0000,3,2.054899,1,-0.717700,52.359489,2.741675,32.384828,5.787383,0
2016-07-06,sh.603883,49.7700,51.1000,49.0800,50.7900,49.8000,2739458,137172757.0000,3,3.256482,1,1.988000,53.400371,2.796178,33.028623,5.902434,0
2016-07-07,sh.603883,50.8000,52.0800,50.0000,50.3900,50.7900,3374976,173054048.0000,3,4.011942,1,-0.787600,52.979813,2.774156,32.768504,5.855949,0
2016-07-08,sh.603883,50.0000,52.1000,49.8000,50.6500,50.3900,2651638,135205114.0000,3,3.152087,1,0.516000,53.253175,2.788470,32.937581,5.886164,0
2016-07-11,sh.603883,50.3900,55.3800,50.3900,53.9000,50.6500,7074747,375958176.0000,3,8.409979,1,6.416600,56.670210,2.967395,35.051049,6.263855,0
2016-07-12,sh.603883,53.8000,55.5000,53.3000,55.4400,53.9000,8560218,468607696.0000,3,10.175806,1,2.857100,58.289359,3.052178,36.052507,6.442822,0
2016-07-13,sh.603883,55.6000,56.2900,53.8700,54.4200,55.4400,4643016,254394960.0000,3,5.519302,1,-1.839800,57.216936,2.996023,35.389204,6.324285,0
2016-07-14,sh.603883,54.0000,54.6800,53.5000,53.5700,54.4200,3923359,211424282.0000,3,4.663823,1,-1.561900,56.323250,2.949227,34.836450,6.225504,0
2016-07-15,sh.603883,53.6000,53.8500,50.9600,51.6600,53.5700,6463696,335651120.0000,3,7.683603,1,-3.565400,54.315085,2.844074,33.594382,6.003538,0
2016-07-18,sh.603883,51.5300,51.8900,50.1000,51.5500,51.6600,2716136,139194769.0000,3,3.228758,1,-0.212900,54.199431,2.838019,33.522849,5.990755,0
2016-07-19,sh.603883,51.5000,51.7300,50.7200,51.6200,51.5500,2081981,106461923.0000,3,2.474918,1,0.135800,54.273029,2.841872,33.568370,5.998890,0
2016-07-20,sh.603883,51.6000,51.7700,51.1100,51.5100,51.6200,1766135,91084264.0000,3,2.099461,1,-0.213100,54.157375,2.835816,33.496837,5.986107,0
2016-07-21,sh.603883,51.5500,51.8100,51.0000,51.1100,51.5100,1924538,99007493.0000,3,2.287760,1,-0.776500,53.736817,2.813795,33.236718,5.939622,0
2016-07-22,sh.603883,50.6200,50.9800,49.6000,49.6600,51.1100,3499200,175670820.0000,3,4.159611,1,-2.837000,52.212294,2.733967,32.293786,5.771113,0
2016-07-25,sh.603883,49.6600,50.6500,49.6100,50.1100,49.6600,2175477,109234584.0000,3,2.586059,1,0.906200,52.685422,2.758741,32.586420,5.823409,0
2016-07-26,sh.603883,50.2000,51.3800,50.2000,51.2300,50.1100,2190880,111678540.0000,3,2.604369,1,2.235100,53.862985,2.820401,33.314754,5.953567,0
2016-07-27,sh.603883,51.3000,51.8100,48.2000,48.9500,51.2300,4191388,209003110.0000,3,4.982438,1,-4.450500,51.465803,2.694879,31.832075,5.688603,0
2016-07-28,sh.603883,48.7200,49.8000,48.5100,49.5000,48.9500,2115468,104185318.0000,3,2.514725,1,1.123600,52.044071,2.725158,32.189739,5.752519,0
2016-07-29,sh.603883,49.5000,50.4900,49.5000,49.6900,49.5000,1916180,95732915.0000,3,2.277825,1,0.383800,52.243836,2.735619,32.313295,5.774600,0
2016-08-01,sh.603883,49.4400,49.4400,47.9100,48.5900,49.6900,1480008,71806906.0000,3,1.759333,1,-2.213700,51.087301,2.675060,31.597968,5.646766,0
2016-08-02,sh.603883,48.5900,50.4100,48.5900,50.1200,48.5900,1855393,92398256.0000,3,2.205565,1,3.148800,52.695936,2.759292,32.592923,5.824571,0
2016-08-03,sh.603883,50.0500,50.2300,49.6300,49.9600,50.1200,1115190,55604637.0000,3,1.325662,1,-0.319200,52.527713,2.750483,32.488876,5.805977,0
2016-08-04,sh.603883,49.9800,50.3900,49.5500,49.8800,49.9600,1173342,58395155.0000,3,1.394789,1,-0.160100,52.443601,2.746079,32.436852,5.796680,0
2016-08-05,sh.603883,49.8700,49.9900,49.0500,49.1800,49.8800,1015456,50248286.0000,3,1.207105,1,-1.403400,51.707624,2.707541,31.981643,5.715331,0
2016-08-08,sh.603883,49.2700,49.4500,48.4700,49.4200,49.1800,1177159,57544436.0000,3,1.399327,1,0.488000,51.959959,2.720754,32.137715,5.743222,0
2016-08-09,sh.603883,49.4300,49.8900,49.1100,49.8500,49.4200,1156158,57350503.0000,3,1.374362,1,0.870100,52.412059,2.744427,32.417343,5.793194,0
2016-08-10,sh.603883,49.8500,50.0900,49.5400,49.5500,49.8500,949752,47262501.0000,3,1.129001,1,-0.601800,52.096640,2.727911,32.222254,5.758330,0
2016-08-11,sh.603883,49.5500,49.6900,48.2600,48.4000,49.5500,1359192,66365564.0000,3,1.615715,1,-2.320900,50.887536,2.664599,31.474411,5.624686,0
2016-08-12,sh.603883,48.2100,48.7500,48.0200,48.6500,48.4000,922831,44735048.0000,3,1.096999,1,0.516500,51.150385,2.678363,31.636986,5.653739,0
2016-08-15,sh.603883,48.7600,50.0500,48.4300,49.9500,48.6500,1637059,81083718.0000,3,1.946025,1,2.672100,52.517199,2.749933,32.482373,5.804815,0
2016-08-16,sh.603883,49.9600,50.4900,49.9600,50.3200,49.9500,1572893,79025982.0000,3,1.869748,1,0.740700,52.906215,2.770303,32.722983,5.847814,0
2016-08-17,sh.603883,50.1200,50.5500,49.9300,50.3200,50.3200,1200830,60422154.0000,3,1.427465,1,0.000000,52.906215,2.770303,32.722983,5.847814,0
2016-08-18,sh.603883,50.3200,50.3200,50.3200,50.3200,50.3200,0,0.0000,3,,0,0.000000,50.704652,2.559219,-38.621519,5.884515,0
2016-08-19,sh.603883,50.3200,50.3200,50.3200,50.3200,50.3200,0,0.0000,3,,0,0.000000,50.704652,2.559219,-38.621519,5.884515,0
2016-08-22,sh.603883,50.3200,50.3200,50.3200,50.3200,50.3200,0,0.0000,3,,0,0.000000,50.704652,2.559219,-38.621519,5.884515,0
2016-08-23,sh.603883,50.3200,50.3200,50.3200,50.3200,50.3200,0,0.0000,3,,0,0.000000,50.704652,2.559219,-38.621519,5.884515,0
2016-08-24,sh.603883,50.3200,50.3200,50.3200,50.3200,50.3200,0,0.0000,3,,0,0.000000,50.704652,2.559219,-38.621519,5.884515,0
2016-08-25,sh.603883,50.3200,50.3200,50.3200,50.3200,50.3200,0,0.0000,3,,0,0.000000,50.704652,2.559219,-38.621519,5.884515,0
2016-08-26,sh.603883,50.3200,50.3200,50.3200,50.3200,50.3200,0,0.0000,3,,0,0.000000,50.704652,2.559219,-38.621519,5.884515,0
2016-08-29,sh.603883,50.3200,50.3200,50.3200,50.3200,50.3200,0,0.0000,3,,0,0.000000,50.704652,2.559219,-38.621519,5.884515,0
2016-08-30,sh.603883,50.3200,50.3200,50.3200,50.3200,50.3200,0,0.0000,3,,0,0.000000,50.704652,2.559219,-38.621519,5.884515,0
2016-08-31,sh.603883,50.3200,50.3200,50.3200,50.3200,50.3200,0,0.0000,3,,0,0.000000,50.704652,2.559219,-38.621519,5.884515,0
2016-09-01,sh.603883,50.3200,50.3200,50.3200,50.3200,50.3200,0,0.0000,3,,0,0.000000,50.704652,2.559219,-38.621519,5.884515,0
2016-09-02,sh.603883,50.3200,50.3200,50.3200,50.3200,50.3200,0,0.0000,3,,0,0.000000,50.704652,2.559219,-38.621519,5.884515,0
2016-09-05,sh.603883,50.3200,50.3200,50.3200,50.3200,50.3200,0,0.0000,3,,0,0.000000,50.704652,2.559219,-38.621519,5.884515,0
2016-09-06,sh.603883,50.3200,50.3200,50.3200,50.3200,50.3200,0,0.0000,3,,0,0.000000,50.704652,2.559219,-38.621519,5.884515,0
2016-09-07,sh.603883,50.3200,50.3200,50.3200,50.3200,50.3200,0,0.0000,3,,0,0.000000,50.704652,2.559219,-38.621519,5.884515,0
2016-09-08,sh.603883,50.3200,50.3200,50.3200,50.3200,50.3200,0,0.0000,3,,0,0.000000,50.704652,2.559219,-38.621519,5.884515,0
2016-09-09,sh.603883,50.3200,50.3200,50.3200,50.3200,50.3200,0,0.0000,3,,0,0.000000,50.704652,2.559219,-38.621519,5.884515,0
2016-09-12,sh.603883,50.3200,50.3200,50.3200,50.3200,50.3200,0,0.0000,3,,0,0.000000,50.704652,2.559219,-38.621519,5.884515,0
2016-09-13,sh.603883,50.3200,50.3200,50.3200,50.3200,50.3200,0,0.0000,3,,0,0.000000,50.704652,2.559219,-38.621519,5.884515,0
2016-09-14,sh.603883,50.3200,50.3200,50.3200,50.3200,50.3200,0,0.0000,3,,0,0.000000,50.704652,2.559219,-38.621519,5.884515,0
2016-09-19,sh.603883,50.3200,50.3200,50.3200,50.3200,50.3200,0,0.0000,3,,0,0.000000,50.704652,2.559219,-38.621519,5.884515,0
2016-09-20,sh.603883,50.3200,50.3200,50.3200,50.3200,50.3200,0,0.0000,3,,0,0.000000,50.704652,2.559219,-38.621519,5.884515,0
2016-09-21,sh.603883,50.3200,50.3200,50.3200,50.3200,50.3200,0,0.0000,3,,0,0.000000,50.704652,2.559219,-38.621519,5.884515,0
2016-09-22,sh.603883,50.3200,50.3200,50.3200,50.3200,50.3200,0,0.0000,3,,0,0.000000,50.704652,2.559219,-38.621519,5.884515,0
2016-09-23,sh.603883,50.3200,50.3200,50.3200,50.3200,50.3200,0,0.0000,3,,0,0.000000,50.704652,2.559219,-38.621519,5.884515,0
2016-09-26,sh.603883,50.3200,50.3200,50.3200,50.3200,50.3200,0,0.0000,3,,0,0.000000,50.704652,2.559219,-38.621519,5.884515,0
2016-09-27,sh.603883,50.3200,50.3200,50.3200,50.3200,50.3200,0,0.0000,3,,0,0.000000,50.704652,2.559219,-38.621519,5.884515,0
2016-09-28,sh.603883,50.3200,50.3200,50.3200,50.3200,50.3200,0,0.0000,3,,0,0.000000,50.704652,2.559219,-38.621519,5.884515,0
2016-09-29,sh.603883,50.3200,50.3200,50.3200,50.3200,50.3200,0,0.0000,3,,0,0.000000,50.704652,2.559219,-38.621519,5.884515,0
2016-09-30,sh.603883,50.3200,50.3200,50.3200,50.3200,50.3200,0,0.0000,3,,0,0.000000,50.704652,2.559219,-38.621519,5.884515,0
2016-10-10,sh.603883,50.3200,50.3200,50.3200,50.3200,50.3200,0,0.0000,3,,0,0.000000,50.704652,2.559219,-38.621519,5.884515,0
2016-10-11,sh.603883,50.3200,50.3200,50.3200,50.3200,50.3200,0,0.0000,3,,0,0.000000,50.704652,2.559219,-38.621519,5.884515,0
2016-10-12,sh.603883,50.3200,50.3200,50.3200,50.3200,50.3200,0,0.0000,3,,0,0.000000,50.704652,2.559219,-38.621519,5.884515,0
2016-10-13,sh.603883,50.3200,50.3200,50.3200,50.3200,50.3200,0,0.0000,3,,0,0.000000,50.704652,2.559219,-38.621519,5.884515,0
2016-10-14,sh.603883,50.3200,50.3200,50.3200,50.3200,50.3200,0,0.0000,3,,0,0.000000,50.704652,2.559219,-38.621519,5.884515,0
2016-10-17,sh.603883,50.3200,50.3200,50.3200,50.3200,50.3200,0,0.0000,3,,0,0.000000,50.704652,2.559219,-38.621519,5.884515,0
2016-10-18,sh.603883,49.9900,53.7300,48.8800,51.8000,50.3200,5806288,299874976.0000,3,6.902121,1,2.941175,52.195965,2.634490,-39.757446,6.057589,0
2016-10-19,sh.603883,51.4100,51.5500,50.7200,50.8600,51.8000,2537439,129667401.0000,3,3.016335,1,-1.814669,51.248780,2.586683,-39.035979,5.947664,0
2016-10-20,sh.603883,50.9500,51.0600,50.1000,50.2200,50.8600,1799186,90445068.0000,3,2.138750,1,-1.258355,50.603887,2.554133,-38.544767,5.872821,0
2016-10-21,sh.603883,49.8000,50.5700,49.5000,49.6700,50.2200,1840521,91873923.0000,3,2.187886,1,-1.095187,50.049683,2.526161,-38.122632,5.808503,0
2016-10-24,sh.603883,49.6700,50.1000,49.1300,49.7500,49.6700,1674864,83277032.0000,3,1.990965,1,0.161067,50.130295,2.530230,-38.184034,5.817858,0
2016-10-25,sh.603883,49.7700,49.8800,49.1900,49.2000,49.7500,1977372,97834459.0000,3,2.350566,1,-1.105526,49.576090,2.502257,-37.761898,5.753540,0
2016-10-26,sh.603883,49.2300,49.9800,49.1100,49.9600,49.2000,1963998,97250958.0000,3,2.334668,1,1.544712,50.341900,2.540910,-38.345212,5.842416,0
2016-10-27,sh.603883,49.9900,50.0000,49.0900,49.5400,49.9600,1278729,63316748.0000,3,1.520066,1,-0.840669,49.918689,2.519549,-38.022855,5.793300,0
2016-10-28,sh.603883,49.6400,49.6400,49.1200,49.3200,49.5400,929362,45841484.0000,3,1.104762,1,-0.444088,49.697008,2.508360,-37.854001,5.767573,0
2016-10-31,sh.603883,49.7000,51.0000,49.1700,50.9900,49.3200,2705974,136294361.0000,3,3.216678,1,3.386054,47.821714,2.399738,-78.589649,6.257909,0
2016-11-01,sh.603883,51.0000,51.8100,50.5200,51.4600,50.9900,3275953,167425894.0000,3,3.894231,1,0.921744,48.262510,2.421858,-79.314049,6.315591,0
2016-11-02,sh.603883,51.6100,51.6100,50.2700,50.4600,51.4600,2232216,113693493.0000,3,2.653507,1,-1.943257,47.324645,2.374795,-77.772773,6.192863,0
2016-11-03,sh.603883,50.5000,51.3800,50.1900,50.7700,50.4600,2235414,113693256.0000,3,2.657308,1,0.614351,47.615383,2.389384,-78.250569,6.230908,0
2016-11-04,sh.603883,50.8000,51.9800,50.8000,51.7700,50.7700,3204289,165256217.0000,3,3.809041,1,1.969667,48.553248,2.436447,-79.791844,6.353637,0
2016-11-07,sh.603883,52.1400,52.4900,51.1800,51.5300,51.7700,2274399,117483599.0000,3,2.703651,1,-0.463592,48.328161,2.425152,-79.421938,6.324182,0
2016-11-08,sh.603883,51.4800,51.6000,51.0100,51.4500,51.5300,1618799,83018455.0000,3,1.924318,1,-0.155246,48.253131,2.421387,-79.298636,6.314364,0
2016-11-09,sh.603883,51.4800,51.5000,50.0100,50.3300,51.4500,2291471,115984037.0000,3,2.723945,1,-2.176869,47.202723,2.368677,-77.572407,6.176908,0
2016-11-10,sh.603883,50.7500,52.3000,50.4200,51.9200,50.3300,3662951,188722141.0000,3,4.354268,1,3.159142,48.693928,2.443507,-80.023036,6.372046,0
2016-11-11,sh.603883,51.8500,53.4700,51.7000,52.0800,51.9200,4640576,243750020.0000,3,5.516402,1,0.308173,48.843986,2.451037,-80.269640,6.391682,0
2016-11-14,sh.603883,52.1500,52.9800,51.8600,52.1200,52.0800,2365303,123614235.0000,3,2.811712,1,0.076799,48.881501,2.452919,-80.331291,6.396591,0
2016-11-15,sh.603883,52.2500,52.2500,51.4200,51.8900,52.1200,1963799,101607290.0000,3,2.334431,1,-0.441288,48.665792,2.442095,-79.976798,6.368364,0
2016-11-16,sh.603883,51.9500,52.8800,51.6700,52.3900,51.8900,2402856,125737832.0000,3,2.856352,1,0.963577,49.134724,2.465626,-80.747435,6.429728,0
2016-11-17,sh.603883,52.3400,52.3800,51.2100,51.4500,52.3900,1905005,98362625.0000,3,2.264541,1,-1.794233,48.253131,2.421387,-79.298636,6.314364,0
2016-11-18,sh.603883,51.6000,53.8000,51.5600,52.9700,51.4500,6401757,338510176.0000,3,7.609974,1,2.954325,49.678685,2.492923,-81.641375,6.500910,0
2016-11-21,sh.603883,53.0500,54.3000,52.6100,54.1600,52.9700,6827975,366403408.0000,3,8.116633,1,2.246552,50.794744,2.548928,-83.475493,6.646957,0
2016-11-22,sh.603883,54.2000,54.7900,53.4000,53.9400,54.1600,5646598,304267520.0000,3,6.712293,1,-0.406206,50.588414,2.538574,-83.136413,6.619957,0
2016-11-23,sh.603883,53.5000,53.8900,52.7700,52.9500,53.9400,3329301,177585430.0000,3,3.957647,1,-1.835369,49.659928,2.491981,-81.610550,6.498456,0
2016-11-24,sh.603883,53.1800,53.6500,51.9500,52.3900,52.9500,4270106,224928709.0000,3,5.076012,1,-1.057604,49.134724,2.465626,-80.747435,6.429728,0
2016-11-25,sh.603883,52.6000,52.6600,51.1000,52.1800,52.3900,3577862,185215968.0000,3,4.253120,1,-0.400838,48.937772,2.455743,-80.423767,6.403955,0
2016-11-28,sh.603883,52.2300,52.5500,51.7000,51.7600,52.1800,1976379,102642967.0000,3,2.349385,1,-0.804910,48.543869,2.435977,-79.776432,6.352409,0
2016-11-29,sh.603883,51.5300,52.3000,51.3000,51.4900,51.7600,2013834,104196490.0000,3,2.393909,1,-0.521632,48.290646,2.423270,-79.360287,6.319273,0
2016-11-30,sh.603883,51.3900,51.8400,51.0900,51.6000,51.4900,1706404,87870231.0000,3,2.028457,1,0.213627,48.393811,2.428446,-79.529828,6.332773,0
2016-12-01,sh.603883,51.4500,52.1100,51.3000,51.8200,51.6000,1722499,88998669.0000,3,2.047590,1,0.426359,48.600141,2.438800,-79.868908,6.359773,0
2016-12-02,sh.603883,51.7900,51.7900,49.6100,49.6300,51.8200,2852100,144193904.0000,3,3.390383,1,-4.226165,46.546218,2.335733,-76.493514,6.090998,0
2016-12-05,sh.603883,49.1000,50.2500,48.7000,49.7600,49.6300,1406368,69919430.0000,3,1.671795,1,0.261933,46.668140,2.341851,-76.693880,6.106953,0
2016-12-06,sh.603883,49.7800,50.2400,49.5800,49.6100,49.7600,993236,49489567.0000,3,1.180692,1,-0.301442,46.527461,2.334791,-76.462689,6.088544,0
2016-12-07,sh.603883,49.8700,50.1500,49.4100,50.0800,49.6100,1290201,64356456.0000,3,1.533703,1,0.947392,46.968257,2.356911,-77.187088,6.146226,0
2016-12-08,sh.603883,50.2000,50.3100,49.6100,49.6800,50.0800,1041686,52019518.0000,3,1.238286,1,-0.798725,46.593111,2.338086,-76.570578,6.097135,0
2016-12-09,sh.603883,49.5500,49.8500,49.3800,49.4300,49.6800,913982,45356241.0000,3,1.086480,1,-0.503221,46.358645,2.326320,-76.185259,6.066453,0
2016-12-12,sh.603883,49.3000,49.5800,46.3700,46.9900,49.4300,2709538,128558168.0000,3,3.220915,1,-4.936271,44.070255,2.211486,-72.424546,5.766996,0
2016-12-13,sh.603883,46.1000,47.4900,46.1000,47.1500,46.9900,1162564,54708883.0000,3,1.381977,1,0.340498,44.220314,2.219016,-72.671151,5.786633,0
2016-12-14,sh.603883,46.7800,47.1500,45.9500,46.5100,47.1500,1101671,51215815.0000,3,1.309592,1,-1.357377,43.620080,2.188896,-71.684734,5.708087,0
2016-12-15,sh.603883,46.8700,47.3800,46.4900,46.8000,46.5100,881670,41404829.0000,3,1.048069,1,0.623524,43.892061,2.202544,-72.131704,5.743678,0
2016-12-16,sh.603883,46.8000,47.3200,46.7100,47.0300,46.8000,588521,27699854.0000,3,0.699594,1,0.491452,44.107770,2.213369,-72.486197,5.771905,0
2016-12-19,sh.603883,47.0500,47.3000,46.5900,46.8900,47.0300,699904,32745026.0000,3,0.831998,1,-0.297681,43.976469,2.206780,-72.270419,5.754723,0
2016-12-20,sh.603883,46.8100,46.9900,46.6600,46.7700,46.8900,571987,26760994.0000,3,0.679939,1,-0.255916,43.863925,2.201133,-72.085466,5.739996,0
2016-12-21,sh.603883,46.8800,47.4500,46.8000,47.2300,46.7700,984288,46471549.0000,3,1.170055,1,0.983534,44.295343,2.222782,-72.794453,5.796451,0
2016-12-22,sh.603883,47.2100,47.2900,47.0100,47.2500,47.2300,590215,27811407.0000,3,0.701608,1,0.042347,44.314100,2.223723,-72.825278,5.798905,0
2016-12-23,sh.603883,47.2000,47.2000,46.3000,46.3900,47.2500,750200,34976585.0000,3,0.891787,1,-1.820107,43.507537,2.183249,-71.499781,5.693359,0
2016-12-26,sh.603883,46.4100,46.9200,45.9500,46.7600,46.3900,797000,36857614.0000,3,0.947420,1,0.797583,43.854547,2.200662,-72.070053,5.738769,0
2016-12-27,sh.603883,46.7600,46.9700,46.6000,46.7800,46.7600,449329,21039456.0000,3,0.534132,1,0.042773,43.873304,2.201603,-72.100879,5.741223,0
2016-12-28,sh.603883,46.5500,46.9800,46.5000,46.7400,46.7800,724056,33867038.0000,3,0.860709,1,-0.085500,43.835789,2.199721,-72.039228,5.736314,0
2016-12-29,sh.603883,46.6400,46.8200,46.3100,46.4300,46.7400,448089,20858984.0000,3,0.532658,1,-0.663246,43.545051,2.185131,-71.561432,5.698268,0
2016-12-30,sh.603883,46.6200,46.8300,46.4600,46.6500,46.4300,479732,22372367.0000,3,0.570273,1,0.473834,43.751382,2.195485,-71.900513,5.725268,0
2017-01-03,sh.603883,46.6600,47.4500,46.6000,47.1400,46.6500,914240,43102404.0000,3,1.086786,1,1.050371,44.210935,2.218546,-72.655738,5.785405,0
2017-01-04,sh.603883,47.0000,47.4000,46.8700,47.3200,47.1400,958515,45189863.0000,3,1.139418,1,0.381842,44.379751,2.227017,-72.933167,5.807496,0
2017-01-05,sh.603883,47.3100,47.3100,47.0100,47.1400,47.3200,648374,30553917.0000,3,0.770743,1,-0.380389,44.210935,2.218546,-72.655738,5.785405,0
2017-01-06,sh.603883,47.2000,47.3200,46.1400,46.3300,47.1400,1128728,52518447.0000,3,1.341755,1,-1.718281,43.451265,2.180425,-71.407304,5.685995,0
2017-01-09,sh.603883,46.1700,47.1500,46.1500,47.0900,46.3300,817638,38286165.0000,3,0.971953,1,1.640402,44.164042,2.216193,-72.578674,5.779269,0
2017-01-10,sh.603883,47.2000,47.4600,46.9000,47.1500,47.0900,771152,36442395.0000,3,0.916693,1,0.127418,44.220314,2.219016,-72.671151,5.786633,0
2017-01-11,sh.603883,47.1500,47.7000,47.0100,47.4900,47.1500,834654,39566904.0000,3,0.992180,1,0.721103,44.539188,2.235018,-73.195184,5.828360,0
2017-01-12,sh.603883,47.5800,47.5800,46.5200,46.5700,47.4900,598294,28092778.0000,3,0.711211,1,-1.937254,43.676352,2.191720,-71.777211,5.715450,0
2017-01-13,sh.603883,46.5000,46.7000,43.7500,44.8300,46.5700,2099126,93989254.0000,3,2.495299,1,-3.736306,42.044468,2.109831,-69.095391,5.501903,0
2017-01-16,sh.603883,44.4000,44.6000,42.0600,43.2900,44.8300,1538653,66527070.0000,3,1.829046,1,-3.435202,40.600157,2.037354,-66.721826,5.312902,0
2017-01-17,sh.603883,43.2700,43.8000,42.9100,43.7500,43.2900,589733,25595211.0000,3,0.701035,1,1.062599,41.031574,2.059003,-67.430813,5.369357,0
2017-01-18,sh.603883,43.6000,43.9000,43.0600,43.6700,43.7500,481654,21038908.0000,3,0.572558,1,-0.182861,40.956545,2.055238,-67.307511,5.359539,0
2017-01-19,sh.603883,43.4000,43.7600,42.8000,43.4900,43.6700,480063,20817304.0000,3,0.570666,1,-0.412174,40.787730,2.046766,-67.030081,5.337448,0
2017-01-20,sh.603883,43.5800,44.4800,43.2500,44.4200,43.4900,573846,25318146.0000,3,0.682149,1,2.138414,41.659944,2.090535,-68.463468,5.451585,0
2017-01-23,sh.603883,44.4000,44.7800,44.0700,44.3900,44.4200,542549,24114367.0000,3,0.644945,1,-0.067534,41.631808,2.089123,-68.417230,5.447903,0
2017-01-24,sh.603883,44.3900,44.5800,43.7000,43.7400,44.3900,478337,21133178.0000,3,0.568615,1,-1.464289,41.022196,2.058532,-67.415400,5.368130,0
2017-01-25,sh.603883,44.0000,44.2500,43.5300,44.0500,43.7400,428873,18868952.0000,3,0.509815,1,0.708728,41.312934,2.073121,-67.893196,5.406175,0
2017-01-26,sh.603883,44.3500,44.3900,44.0600,44.1400,44.0500,338190,14932266.0000,3,0.402017,1,0.204314,41.397341,2.077357,-68.031911,5.417221,0
2017-02-03,sh.603883,44.0000,44.3000,43.8800,44.0200,44.1400,285979,12603345.0000,3,0.339952,1,-0.271860,41.284798,2.071710,-67.846958,5.402493,0
2017-02-06,sh.603883,44.3200,44.4900,43.9000,44.4500,44.0200,601867,26596274.0000,3,0.715459,1,0.976829,41.688079,2.091947,-68.509706,5.455267,0
2017-02-07,sh.603883,44.4600,44.4600,44.0200,44.2200,44.4500,495075,21895594.0000,3,0.588512,1,-0.517434,41.472371,2.081122,-68.155213,5.427039,0
2017-02-08,sh.603883,44.2100,44.4900,43.8000,44.4800,44.2200,500098,22077846.0000,3,0.594483,1,0.587965,41.716215,2.093358,-68.555944,5.458948,0
2017-02-09,sh.603883,44.4500,45.0500,44.3100,45.0100,44.4800,777747,34882276.0000,3,0.924533,1,1.191544,42.213284,2.118302,-69.372821,5.523994,0
2017-02-10,sh.603883,45.0100,45.3800,44.8100,44.9000,45.0100,895196,40358979.0000,3,1.064148,1,-0.244383,42.110119,2.113125,-69.203280,5.510494,0
2017-02-13,sh.603883,44.8200,45.1500,44.5400,44.9500,44.9000,918533,41182815.0000,3,1.091890,1,0.111357,42.157012,2.115478,-69.280344,5.516631,0
2017-02-14,sh.603883,45.0300,48.0000,44.6800,46.0600,44.9500,2649398,122326986.0000,3,3.149425,1,2.469412,43.198041,2.167718,-70.991160,5.652859,0
2017-02-15,sh.603883,45.8100,45.8500,44.9500,45.0300,46.0600,989864,45035586.0000,3,1.176683,1,-2.236219,42.232041,2.119243,-69.403646,5.526449,0
2017-02-16,sh.603883,45.0000,45.4800,44.8000,45.4000,45.0300,595522,26831847.0000,3,0.707916,1,0.821681,42.579051,2.136656,-69.973918,5.571858,0
2017-02-17,sh.603883,45.2300,45.4900,44.0000,44.0300,45.4000,1043392,46509018.0000,3,1.240314,1,-3.017627,41.294176,2.072180,-67.862370,5.403721,0
2017-02-20,sh.603883,44.0100,44.3000,43.7000,44.2600,44.0300,810289,35610655.0000,3,0.963217,1,0.522370,41.509885,2.083005,-68.216864,5.431948,0
2017-02-21,sh.603883,44.2500,45.0400,44.0300,44.8700,44.2600,745836,33334096.0000,3,0.886599,1,1.378221,42.081983,2.111713,-69.157042,5.506812,0
2017-02-22,sh.603883,44.8800,45.2100,44.6600,44.8900,44.8700,639355,28649206.0000,3,0.760022,1,0.044574,42.100740,2.112654,-69.187867,5.509267,0
2017-02-23,sh.603883,44.8000,45.8900,44.7000,45.4700,44.8900,1229729,55815656.0000,3,1.461818,1,1.292051,42.644701,2.139951,-70.081807,5.580449,0
2017-02-24,sh.603883,45.2600,45.7600,45.1700,45.3900,45.4700,701407,31858213.0000,3,0.833785,1,-0.175944,42.569672,2.136186,-69.958505,5.570631,0
2017-02-27,sh.603883,45.3500,45.5600,45.1200,45.4500,45.3900,546088,24790149.0000,3,0.649152,1,0.132191,42.625944,2.139010,-70.050982,5.577995,0
2017-02-28,sh.603883,45.4500,45.5900,45.1600,45.3500,45.4500,473701,21444396.0000,3,0.563104,1,-0.220027,42.532158,2.134303,-69.896854,5.565722,0
2017-03-01,sh.603883,45.3500,45.6400,45.1500,45.3400,45.3500,699259,31710743.0000,3,0.831232,1,-0.022047,42.522779,2.133833,-69.881441,5.564495,0
2017-03-02,sh.603883,45.4600,45.5500,44.7800,44.8500,45.3400,734332,33079045.0000,3,0.872924,1,-1.080727,42.063225,2.110772,-69.126216,5.504358,0
2017-03-03,sh.603883,44.8500,44.8500,44.3300,44.6900,44.8500,552488,24641488.0000,3,0.656760,1,-0.356744,41.913167,2.103242,-68.879612,5.484721,0
2017-03-06,sh.603883,44.7100,45.5000,44.7000,45.2900,44.6900,951548,43084341.0000,3,1.131136,1,1.342587,42.475886,2.131479,-69.804378,5.558358,0
2017-03-07,sh.603883,45.3000,45.4900,44.9100,45.4800,45.2900,1041968,47145871.0000,3,1.238621,1,0.419516,42.654080,2.140421,-70.097220,5.581677,0
2017-03-08,sh.603883,45.4500,45.4900,44.9700,45.1700,45.4800,1025548,46308468.0000,3,1.219102,1,-0.681621,42.363342,2.125832,-69.619425,5.543631,0
2017-03-09,sh.603883,45.2000,45.4500,44.8800,45.1800,45.1700,765323,34603740.0000,3,0.909764,1,0.022143,42.372721,2.126303,-69.634837,5.544858,0
2017-03-10,sh.603883,45.0500,45.3800,44.9600,45.2900,45.1800,662890,29968100.0000,3,0.787999,1,0.243472,42.475886,2.131479,-69.804378,5.558358,0
2017-03-13,sh.603883,45.2900,45.4600,44.9600,45.4500,45.2900,1111037,50213096.0000,3,1.320725,1,0.353278,42.625944,2.139010,-70.050982,5.577995,0
2017-03-14,sh.603883,45.4500,45.9700,45.3600,45.5200,45.4500,1174154,53533412.0000,3,1.395755,1,0.154015,42.691595,2.142304,-70.158871,5.586586,0
2017-03-15,sh.603883,45.4000,45.6000,45.1800,45.5300,45.5200,788505,35769693.0000,3,0.937321,1,0.021965,42.700973,2.142775,-70.174284,5.587813,0
2017-03-16,sh.603883,45.5900,46.4500,45.5900,46.0100,45.5300,2224434,102453285.0000,3,2.644256,1,1.054249,43.151148,2.165365,-70.914096,5.646722,0
2017-03-17,sh.603883,46.0500,46.8800,45.9200,46.3000,46.0100,2031284,94387043.0000,3,2.414653,1,0.630300,43.423129,2.179013,-71.361066,5.682314,0
2017-03-20,sh.603883,46.3200,46.8500,46.0200,46.8100,46.3000,1416472,65828321.0000,3,1.683806,1,1.101516,43.901440,2.203015,-72.147117,5.744905,0
2017-03-21,sh.603883,46.7900,47.2200,46.4000,46.8400,46.8100,1570071,73430685.0000,3,1.866394,1,0.064086,43.929576,2.204427,-72.193355,5.748587,0
2017-03-22,sh.603883,46.5000,47.0000,46.0300,46.9600,46.8400,1851744,85912481.0000,3,2.201228,1,0.256189,44.042120,2.210075,-72.378308,5.763314,0
2017-03-23,sh.603883,47.1100,47.8200,46.2500,47.2300,46.9600,2758393,129881974.0000,3,3.278990,1,0.574958,44.295343,2.222782,-72.794453,5.796451,0
2017-03-24,sh.603883,46.1200,46.3700,45.5100,45.8700,47.2300,3211484,147418672.0000,3,3.817594,1,-2.879527,41.251190,2.009587,167.841095,6.618760,0
2017-03-27,sh.603883,45.7300,46.1000,45.3500,45.4100,45.8700,1524505,69586110.0000,3,1.812228,1,-1.002832,40.837509,1.989434,166.157927,6.552384,0
2017-03-28,sh.603883,45.3300,45.4000,43.7800,43.7900,45.4100,2994058,132744402.0000,3,3.559133,1,-3.567494,39.380632,1.918461,160.230249,6.318628,0
2017-03-29,sh.603883,43.9200,44.0600,42.8900,42.9100,43.7900,1985142,86101684.0000,3,2.359802,1,-2.009594,38.589243,1.879908,157.010276,6.191650,0
2017-03-30,sh.603883,42.8700,43.7400,42.1000,43.5000,42.9100,2568547,110830884.0000,3,3.053314,1,1.374971,39.119834,1.905756,159.169122,6.276783,0
2017-03-31,sh.603883,43.2300,44.0500,42.9100,43.9900,43.5000,1560634,67916206.0000,3,1.855176,1,1.126441,39.560494,1.927223,160.962062,6.347487,0
2017-04-05,sh.603883,43.9300,44.2000,43.6000,44.0300,43.9900,902256,39643433.0000,3,1.072541,1,0.090923,39.596466,1.928976,161.108424,6.353259,0
2017-04-06,sh.603883,44.0400,44.6400,43.8500,44.0700,44.0300,978112,43343387.0000,3,1.162713,1,0.090849,39.632438,1.930728,161.254786,6.359031,0
2017-04-07,sh.603883,43.9700,43.9700,43.5100,43.5800,44.0700,1014929,44321640.0000,3,1.206479,1,-1.111863,39.191778,1.909261,159.461847,6.288327,0
2017-04-10,sh.603883,43.5000,43.5000,42.3900,43.0600,43.5800,1720802,73656032.0000,3,2.045573,1,-1.193209,38.724139,1.886480,157.559135,6.213294,0
2017-04-11,sh.603883,43.0600,43.1300,42.6100,43.1100,43.0600,700751,30037516.0000,3,0.833005,1,0.116115,38.769104,1.888670,157.742088,6.220508,0
2017-04-12,sh.603883,43.0200,43.2900,42.6100,42.6400,43.1100,578331,24755663.0000,3,0.687481,1,-1.090237,38.346430,1.868079,156.022330,6.152690,0
2017-04-13,sh.603883,42.6600,42.9400,42.5500,42.6500,42.6400,444256,18971283.0000,3,0.528101,1,0.023457,38.355423,1.868517,156.058921,6.154133,0
2017-04-14,sh.603883,42.5500,42.7000,41.9300,42.1600,42.6500,1041472,43911010.0000,3,1.238031,1,-1.148890,37.914763,1.847050,154.265981,6.083429,0
2017-04-17,sh.603883,42.1800,42.1800,41.2000,41.2900,42.1600,645337,26846718.0000,3,0.767133,1,-2.063565,37.132366,1.808935,151.082599,5.957894,0
2017-04-18,sh.603883,41.3900,42.0800,41.0500,41.6200,41.2900,844634,35268364.0000,3,1.004044,1,0.799220,37.429137,1.823392,152.290089,6.005511,0
2017-04-19,sh.603883,41.7400,41.7400,41.0100,41.3700,41.6200,595575,24575828.0000,3,0.707979,1,-0.600673,37.204311,1.812440,151.375324,5.969437,0
2017-04-20,sh.603883,41.2000,43.0000,41.0500,42.4700,41.3700,1445944,60434589.0000,3,1.718840,1,2.658937,38.193548,1.860631,155.400290,6.128160,0
2017-04-21,sh.603883,42.2300,42.9000,41.8000,41.9700,42.4700,796758,33763408.0000,3,0.947132,1,-1.177302,37.743895,1.838726,153.570760,6.056013,0
2017-04-24,sh.603883,42.0000,42.1900,41.0100,41.9500,41.9700,645006,26828165.0000,3,0.766739,1,-0.047654,37.725908,1.837850,153.497579,6.053128,0
2017-04-25,sh.603883,42.1400,43.0300,42.1100,42.9300,41.9500,1155286,49433822.0000,3,1.373326,1,2.336113,38.607229,1.880784,157.083458,6.194536,0
2017-04-26,sh.603883,42.8000,43.8600,42.8000,43.6700,42.9300,1552478,67579261.0000,3,1.845480,1,1.723731,39.272716,1.913204,159.791162,6.301313,0
2017-04-27,sh.603883,43.8000,44.0500,43.2600,43.9000,43.6700,1239511,54137175.0000,3,1.473447,1,0.526685,39.479556,1.923280,160.632746,6.334501,0
2017-04-28,sh.603883,43.8000,43.8800,43.3800,43.7100,43.9000,563603,24574624.0000,3,0.669973,1,-0.432807,39.308688,1.914956,159.937525,6.307085,0
2017-05-02,sh.603883,44.0100,44.2700,43.0000,43.2800,43.7100,1121967,48742557.0000,3,1.333718,1,-0.983757,34.894927,1.779417,530.895293,5.884616,0
2017-05-03,sh.603883,43.4800,43.4800,42.5300,43.2900,43.2800,955680,41108758.0000,3,1.136048,1,0.023110,34.902990,1.779828,531.017958,5.885975,0
2017-05-04,sh.603883,43.0300,44.3100,42.7300,44.0800,43.2900,1845979,81005189.0000,3,2.194375,1,1.824904,35.539935,1.812308,540.708515,5.993389,0
2017-05-05,sh.603883,43.9500,44.2200,43.7000,43.9500,44.0800,659537,29017431.0000,3,0.784013,1,-0.294921,35.435121,1.806964,539.113866,5.975713,0
2017-05-08,sh.603883,43.9500,44.2800,43.0500,43.1600,43.9500,711503,31205466.0000,3,0.845786,1,-1.797499,34.798176,1.774483,529.423310,5.868300,0
2017-05-09,sh.603883,43.0000,43.4900,42.8800,43.4700,43.1600,652407,28236888.0000,3,0.775537,1,0.718261,35.048116,1.787229,533.225933,5.910449,0
2017-05-10,sh.603883,43.4700,43.5600,41.8800,42.1500,43.4700,842592,36047228.0000,3,1.001616,1,-3.036576,33.983853,1.732958,517.034117,5.730974,0
2017-05-11,sh.603883,42.0000,42.6000,41.5000,42.4300,42.1500,869386,36455445.0000,3,1.033467,1,0.664291,34.209606,1.744470,520.468745,5.769045,0
2017-05-12,sh.603883,42.3000,42.4400,41.9900,42.1700,42.4300,784781,33096949.0000,3,0.932894,1,-0.612779,33.999979,1.733780,517.279448,5.733693,0
2017-05-15,sh.603883,42.2900,42.8000,41.9100,42.5800,42.1700,665602,28257551.0000,3,0.791222,1,0.972264,34.330545,1.750637,522.308724,5.789439,0
2017-05-16,sh.603883,42.3500,43.5500,42.0200,43.5400,42.5800,740356,31927848.0000,3,0.880085,1,2.254577,35.104555,1.790107,534.084590,5.919967,0
2017-05-17,sh.603883,43.2500,44.3600,43.2500,44.1300,43.5400,1108057,48739885.0000,3,1.317183,1,1.355076,35.580248,1.814364,541.321841,6.000187,0
2017-05-18,sh.603883,43.7200,44.3000,43.6900,43.7000,44.1300,546501,24040115.0000,3,0.649643,1,-0.974395,35.233556,1.796685,536.047234,5.941722,0
2017-05-19,sh.603883,44.0800,44.0900,43.3900,43.8400,43.7000,644048,28155776.0000,3,0.765601,1,0.320365,35.346433,1.802441,537.764548,5.960757,0
2017-05-22,sh.603883,43.5500,43.9000,43.2000,43.3200,43.8400,600100,26159023.0000,3,0.713358,1,-1.186132,34.927177,1.781062,531.385954,5.890054,0
2017-05-23,sh.603883,43.1500,44.6700,43.1500,43.8100,43.3200,1892391,83370455.0000,3,2.249546,1,1.131121,35.322245,1.801208,537.396552,5.956678,0
2017-05-24,sh.603883,43.5100,44.0000,41.5000,43.8100,43.8100,1214426,52252988.0000,3,1.443627,1,0.000000,35.322245,1.801208,537.396552,5.956678,0
2017-05-25,sh.603883,43.8000,44.5500,43.2000,44.4300,43.8100,1753849,77421258.0000,3,2.084857,1,1.415200,35.822126,1.826698,545.001799,6.040977,0
2017-05-26,sh.603883,44.4400,44.7400,44.2000,44.3200,44.4300,995655,44271763.0000,3,1.183567,1,-0.247582,35.733437,1.822176,543.652481,6.026021,0
2017-05-31,sh.603883,44.5900,45.1000,44.5000,44.6400,44.3200,1189675,53323548.0000,3,1.414205,1,0.722021,35.991440,1.835332,547.577770,6.069530,0
2017-06-01,sh.603883,44.6500,45.4000,44.4000,44.4300,44.6400,1240795,55826401.0000,3,1.474973,1,-0.470428,35.822126,1.826698,545.001799,6.040977,0
2017-06-02,sh.603883,44.2500,44.9800,42.9000,44.8400,44.4300,1491702,65504470.0000,3,1.773234,1,0.922800,36.152692,1.843555,550.031075,6.096723,0
2017-06-05,sh.603883,44.8500,45.8700,44.0300,44.3500,44.8400,1660434,74628251.0000,3,1.973811,1,-1.092778,35.757625,1.823409,544.020477,6.030100,0
2017-06-06,sh.603883,44.2000,45.3500,44.0900,45.1100,44.3500,690020,30806526.0000,3,0.820249,1,1.713646,36.370383,1.854656,553.343038,6.133434,0
2017-06-07,sh.603883,45.1800,46.0000,44.8100,45.7500,45.1100,1648054,75174148.0000,3,1.959095,1,1.418753,36.886389,1.880969,561.193615,6.220452,0
2017-06-08,sh.603883,45.9000,46.1400,45.7000,45.7500,45.7500,948025,43467351.0000,3,1.126948,1,0.000000,36.886389,1.880969,561.193615,6.220452,0
2017-06-09,sh.603883,45.5300,46.4000,45.5000,45.7000,45.7500,1033825,47484126.0000,3,1.228941,1,-0.109288,36.846076,1.878913,560.580289,6.213654,0
2017-06-12,sh.603883,45.5800,47.2800,45.4900,47.0900,45.7000,2566539,120127988.0000,3,3.050927,1,3.041574,37.966777,1.936062,577.630761,6.402647,0
2017-06-13,sh.603883,47.3000,47.6900,47.0000,47.3500,47.0900,1603350,75819682.0000,3,1.905954,1,0.552131,38.176405,1.946751,580.820058,6.437998,0
2017-06-14,sh.603883,47.1500,48.3000,47.1500,47.7100,47.3500,1678415,80476035.0000,3,1.995186,1,0.760297,38.466658,1.961552,585.236008,6.486946,0
2017-06-15,sh.603883,47.6600,47.9900,47.1500,47.5400,47.7100,953531,45290039.0000,3,1.133493,1,-0.356316,38.329594,1.954563,583.150698,6.463832,0
2017-06-16,sh.603883,47.5800,47.6400,46.7000,47.3000,47.5400,1078428,50826314.0000,3,1.281962,1,-0.504842,38.136092,1.944696,580.206732,6.431200,0
2017-06-19,sh.603883,47.3500,48.3000,47.0000,47.8700,47.3000,761238,36395609.0000,3,0.904908,1,1.205073,38.595660,1.968131,587.198652,6.508700,0
2017-06-20,sh.603883,47.9100,47.9100,47.0300,47.2800,47.8700,938860,44498277.0000,3,1.116053,1,-1.232505,38.119967,1.943873,579.961401,6.428480,0
2017-06-21,sh.603883,47.2000,47.3000,46.0000,46.4700,46.9800,1063155,49187187.0000,3,1.263807,1,-1.085565,37.466896,1.910571,570.025514,6.318348,0
2017-06-22,sh.603883,46.5200,46.5700,45.6600,45.6700,46.4700,651273,30133194.0000,3,0.774189,1,-1.721547,36.821888,1.877680,560.212293,6.209575,0
2017-06-23,sh.603883,45.5100,46.4300,45.4800,46.3500,45.6700,726818,33523486.0000,3,0.863992,1,1.488943,37.370145,1.905637,568.553531,6.302032,0
2017-06-26,sh.603883,46.2900,47.8600,46.0500,47.2500,46.3500,1461236,69115896.0000,3,1.737018,1,1.941751,38.095779,1.942640,579.593406,6.424401,0
2017-06-27,sh.603883,47.0200,48.1000,47.0200,47.2300,47.2500,891314,42508013.0000,3,1.059534,1,-0.042329,38.079654,1.941818,579.348075,6.421682,0
2017-06-28,sh.603883,46.9000,47.8000,45.5000,47.7300,47.2300,1049811,49784493.0000,3,1.247944,1,1.058649,38.482783,1.962375,585.481339,6.489665,0
2017-06-29,sh.603883,47.7300,47.8400,46.9200,47.5200,47.7300,1031436,48876761.0000,3,1.226101,1,-0.439973,38.313469,1.953741,582.905368,6.461112,0
2017-06-30,sh.603883,47.2000,48.7700,47.1000,48.6500,47.5200,1684792,81151168.0000,3,2.002766,1,2.377948,39.224543,2.000200,596.766543,6.614754,0
2017-07-03,sh.603883,48.6100,49.3100,48.3500,48.5800,48.6500,1135427,55309629.0000,3,1.349719,1,-0.143884,39.168104,1.997322,595.907887,6.605236,0
2017-07-04,sh.603883,48.2700,48.5700,47.1800,47.5400,48.5800,1179197,56083609.0000,3,1.401749,1,-2.140800,38.329594,1.954563,583.150698,6.463832,0
2017-07-05,sh.603883,47.5100,47.8700,47.3000,47.8000,47.5400,639666,30545214.0000,3,0.760392,1,0.546904,38.539222,1.965253,586.339995,6.499183,0
2017-07-06,sh.603883,47.4800,48.4400,47.4800,48.0500,47.8000,726249,34853498.0000,3,0.863316,1,0.523013,38.740787,1.975531,589.406627,6.533174,0
2017-07-07,sh.603883,48.0000,48.0500,46.7000,46.9600,48.0500,1060330,49966337.0000,3,1.260448,1,-2.268471,37.861963,1.930717,576.036113,6.384971,0
2017-07-10,sh.603883,46.8100,46.8100,45.8600,45.9800,46.9600,1471938,67957338.0000,3,1.749740,1,-2.086882,37.071829,1.890425,564.014916,6.251724,0
2017-07-11,sh.603883,45.7300,46.6200,45.6100,46.5800,45.9800,1131967,52221328.0000,3,1.345606,1,1.304920,37.555585,1.915094,571.374832,6.333304,0
2017-07-12,sh.603883,46.3300,46.8000,45.6100,46.1000,46.5800,965038,44455731.0000,3,1.147172,1,-1.030492,37.168580,1.895359,565.486899,6.268040,0
2017-07-13,sh.603883,46.2600,47.0000,45.9000,46.1400,46.1000,950739,44232640.0000,3,1.130174,1,0.086770,37.200830,1.897003,565.977560,6.273479,0
2017-07-14,sh.603883,45.9000,46.4700,45.7100,45.7700,46.1400,779527,35958584.0000,3,0.926649,1,-0.801905,36.902514,1.881791,561.438945,6.223172,0
2017-07-17,sh.603883,45.8000,45.9300,44.4800,45.5100,45.7700,1630098,73366768.0000,3,1.937750,1,-0.568062,36.692887,1.871101,558.249648,6.187820,0
2017-07-18,sh.603883,45.3000,45.4900,44.1500,44.4500,45.5100,1097581,49078205.0000,3,1.304730,1,-2.329153,35.838251,1.827521,545.247130,6.043696,0
2017-07-19,sh.603883,44.4500,45.0000,44.0300,44.7000,44.4500,1145218,51023925.0000,3,1.361357,1,0.562430,36.039816,1.837799,548.313761,6.077688,0
2017-07-20,sh.603883,44.7000,45.3700,44.4600,44.7600,44.7000,1286616,57818144.0000,3,1.529442,1,0.134223,36.088192,1.840266,549.049753,6.085846,0
2017-07-21,sh.603883,44.6000,45.2000,44.1100,44.6200,44.7600,1153531,51427957.0000,3,1.371239,1,-0.312778,35.975315,1.834510,547.332439,6.066810,0
2017-07-24,sh.603883,44.5000,45.8200,44.5000,45.7800,44.6200,984451,44690399.0000,3,1.170249,1,2.599731,36.910577,1.882202,561.561611,6.224531,0
2017-07-25,sh.603883,45.5900,46.1700,45.2000,45.4200,45.7800,623002,28358390.0000,3,0.740582,1,-0.786371,36.620323,1.867401,557.145661,6.175583,0
2017-07-26,sh.603883,45.3500,45.5900,45.0600,45.1200,45.4200,557439,25252900.0000,3,0.662646,1,-0.660500,36.378445,1.855067,553.465703,6.134794,0
2017-07-27,sh.603883,45.1300,46.1500,44.9100,45.9100,45.1200,822046,37635293.0000,3,0.977192,1,1.750889,37.015390,1.887547,563.156259,6.242207,0
2017-07-28,sh.603883,45.8000,46.4100,45.5000,46.2400,45.9100,672315,30895507.0000,3,0.799202,1,0.718802,37.281456,1.901115,567.204213,6.287076,0
2017-07-31,sh.603883,46.2100,46.5000,45.9000,46.3100,46.2400,739835,34128727.0000,3,0.879466,1,0.151383,37.337894,1.903993,568.062870,6.296593,0
2017-08-01,sh.603883,46.2800,46.2800,45.5900,45.6900,46.3100,933621,42942981.0000,3,1.109825,1,-1.338810,36.838013,1.878502,560.457623,6.212294,0
2017-08-02,sh.603883,45.6700,46.2600,45.5800,46.1400,45.6900,662241,30475120.0000,3,0.787227,1,0.984900,37.200830,1.897003,565.977560,6.273479,0
2017-08-03,sh.603883,46.1400,46.8500,45.8000,46.7200,46.1400,747866,34753156.0000,3,0.889012,1,1.257048,37.668461,1.920850,573.092146,6.352339,0
2017-08-04,sh.603883,46.5100,47.1300,46.5100,46.9300,46.7200,963434,45173609.0000,3,1.145265,1,0.449484,37.837776,1.929483,575.668117,6.380892,0
2017-08-07,sh.603883,46.5300,47.1600,46.4000,46.8300,46.9300,474596,22174566.0000,3,0.564168,1,-0.213080,37.757150,1.925372,574.441464,6.367296,0
2017-08-08,sh.603883,46.9000,46.9000,46.1400,46.2900,46.8300,674825,31278053.0000,3,0.802186,1,-1.153109,37.321769,1.903170,567.817539,6.293874,0
2017-08-09,sh.603883,46.4000,46.6400,45.8800,46.3400,46.2900,584832,27015738.0000,3,0.695209,1,0.108013,37.362082,1.905226,568.430866,6.300672,0
2017-08-10,sh.603883,46.3000,46.8600,45.3500,45.3600,46.3400,606600,27861980.0000,3,0.721085,1,-2.114803,36.571948,1.864934,556.409669,6.167425,0
2017-08-11,sh.603883,45.6000,46.0000,45.2000,45.6700,45.3600,745407,33996926.0000,3,0.886089,1,0.683416,36.821888,1.877680,560.212293,6.209575,0
2017-08-14,sh.603883,45.3600,46.4900,45.3300,46.3500,45.6700,595060,27486191.0000,3,0.707367,1,1.488943,37.370145,1.905637,568.553531,6.302032,0
2017-08-15,sh.603883,46.5000,46.7300,46.0800,46.6200,46.3500,524108,24394333.0000,3,0.623024,1,0.582525,37.587835,1.916738,571.865493,6.338743,0
2017-08-16,sh.603883,46.6100,46.7400,46.3300,46.4500,46.6200,495579,23067087.0000,3,0.589111,1,-0.364646,37.450771,1.909749,569.780184,6.315629,0
2017-08-17,sh.603883,46.4600,47.0900,46.2200,47.0600,46.4500,699752,32722548.0000,3,0.831818,1,1.313241,37.942589,1.934828,577.262765,6.398568,0
2017-08-18,sh.603883,47.0500,48.3100,46.8000,47.9500,47.0600,1668324,79897941.0000,3,1.983190,1,1.891201,38.660161,1.971420,588.179974,6.519578,0
2017-08-21,sh.603883,48.0000,48.5000,47.8100,48.3200,47.9500,1014927,48972454.0000,3,1.206476,1,0.771635,38.958477,1.986632,592.718590,6.569885,0
2017-08-22,sh.603883,48.3000,48.7000,47.8000,47.9700,48.3200,1139229,54991924.0000,3,1.354238,1,-0.724335,38.676286,1.972242,588.425305,6.522297,0
2017-08-23,sh.603883,47.8800,48.4800,47.8000,47.9400,47.9700,421417,20222046.0000,3,0.500952,1,-0.062544,38.652098,1.971009,588.057309,6.518218,0
2017-08-24,sh.603883,47.9400,48.2100,47.7000,48.2000,47.9400,1029681,49400586.0000,3,1.224015,1,0.542349,38.861726,1.981698,591.246606,6.553569,0
2017-08-25,sh.603883,48.2800,48.3300,47.7000,48.3100,48.2000,1097327,52776048.0000,3,1.304428,1,0.228217,38.950414,1.986221,592.595924,6.568526,0
2017-08-28,sh.603883,48.4000,48.8800,48.2000,48.6500,48.3100,653123,31707057.0000,3,0.776388,1,0.703788,39.224543,2.000200,596.766543,6.614754,0
2017-08-29,sh.603883,48.6500,49.0000,48.3300,48.7900,48.6500,678029,33073768.0000,3,0.805995,1,0.287768,39.337419,2.005956,598.483857,6.633789,0
2017-08-30,sh.603883,48.5000,51.9800,48.5000,51.2500,48.7900,3213045,162901816.0000,3,3.819450,1,5.042015,39.850909,2.018369,85.959140,6.981551,0
2017-08-31,sh.603883,51.9900,51.9900,50.1600,50.3700,51.2500,1344598,68049633.0000,3,1.598367,1,-1.717075,39.166640,1.983712,84.483158,6.861672,0
2017-09-01,sh.603883,50.7100,51.2000,49.9000,50.9500,50.3700,1354703,68232927.0000,3,1.610379,1,1.151483,39.617635,2.006554,85.455964,6.940683,0
2017-09-04,sh.603883,50.9400,50.9500,50.0000,50.3700,50.9500,855757,43173502.0000,3,1.017266,1,-1.138374,39.166640,1.983712,84.483158,6.861672,0
2017-09-05,sh.603883,50.6800,50.7000,49.7000,50.5200,50.3700,848941,42722872.0000,3,1.009163,1,0.297799,39.283276,1.989620,84.734746,6.882106,0
2017-09-06,sh.603883,50.1000,50.4900,49.8000,50.2300,50.5200,737800,36926979.0000,3,0.877047,1,-0.574032,39.057779,1.978199,84.248343,6.842601,0
2017-09-07,sh.603883,49.9900,50.3900,49.7300,49.8200,50.2300,498925,24939413.0000,3,0.593088,1,-0.816245,38.738971,1.962052,83.560670,6.786748,0
2017-09-08,sh.603883,49.8000,50.2000,49.4500,49.8100,49.8200,744412,37150665.0000,3,0.884906,1,-0.020069,38.731196,1.961658,83.543897,6.785386,0
2017-09-11,sh.603883,49.5500,50.5000,49.5300,50.2400,49.8100,577006,28904580.0000,3,0.685906,1,0.863281,39.065554,1.978593,84.265116,6.843963,0
2017-09-12,sh.603883,50.3000,50.3000,49.4400,50.1600,50.2400,890884,44417628.0000,3,1.059022,1,-0.159239,39.003348,1.975442,84.130936,6.833065,0
2017-09-13,sh.603883,49.9900,50.0700,49.4500,49.8700,50.1600,362182,17999065.0000,3,0.430537,1,-0.578152,38.777850,1.964021,83.644533,6.793560,0
2017-09-14,sh.603883,49.8400,49.9000,48.9800,49.0400,49.8700,386517,19116811.0000,3,0.459465,1,-1.664323,38.132460,1.931333,82.252414,6.680492,0
2017-09-15,sh.603883,49.2900,50.2300,48.8300,50.1100,49.0400,685920,33999627.0000,3,0.815375,1,2.181892,38.964469,1.973473,84.047073,6.826254,0
2017-09-18,sh.603883,49.9000,51.0000,49.5000,49.8100,50.1100,1319336,66313127.0000,3,1.568337,1,-0.598681,38.731196,1.961658,83.543897,6.785386,0
2017-09-19,sh.603883,49.5500,49.8900,49.1100,49.3400,49.8100,470269,23244512.0000,3,0.559024,1,-0.943588,38.365734,1.943148,82.755589,6.721360,0
2017-09-20,sh.603883,49.1600,50.5000,48.8500,50.4300,49.3400,1193119,59104608.0000,3,1.418299,1,2.209161,39.213294,1.986075,84.583793,6.869846,0
2017-09-21,sh.603883,50.1000,50.6900,49.0200,49.4900,50.4300,940681,46649112.0000,3,1.118218,1,-1.863967,38.482370,1.949055,83.007177,6.741794,0
2017-09-22,sh.603883,49.1700,49.4900,48.4000,48.7800,49.4900,729388,35580434.0000,3,0.867047,1,-1.434639,37.930289,1.921094,81.816328,6.645074,0
2017-09-25,sh.603883,48.7000,49.1700,48.3100,48.4200,48.7800,553500,26957644.0000,3,0.657963,1,-0.738009,37.650361,1.906916,81.212518,6.596033,0
2017-09-26,sh.603883,48.8200,48.8800,47.7000,47.8400,48.4200,441101,21196114.0000,3,0.524351,1,-1.197848,37.199365,1.884074,80.239712,6.517022,0
2017-09-27,sh.603883,47.8000,48.2000,47.6000,47.8900,47.8400,954641,45747926.0000,3,1.134812,1,0.104513,37.238244,1.886043,80.323575,6.523833,0
2017-09-28,sh.603883,48.1000,48.1600,47.6200,47.6500,47.8900,526900,25218620.0000,3,0.626343,1,-0.501144,37.051626,1.876591,79.921034,6.491139,0
2017-09-29,sh.603883,47.7000,48.8100,47.6700,48.7100,47.6500,833604,40065193.0000,3,0.990932,1,2.224549,37.875859,1.918337,81.698921,6.635538,0
2017-10-09,sh.603883,48.7600,49.1300,48.4200,48.7700,48.7100,473954,23082433.0000,3,0.563404,1,0.123181,37.922514,1.920700,81.799556,6.643712,0
2017-10-10,sh.603883,48.5000,50.4600,48.5000,50.3900,48.7700,1283914,64029038.0000,3,1.526230,1,3.321712,39.182191,1.984500,84.516703,6.864397,0
2017-10-11,sh.603883,50.3000,50.5000,49.8800,50.0000,50.3900,799621,40121827.0000,3,0.950535,1,-0.773962,38.878935,1.969141,83.862575,6.811269,0
2017-10-12,sh.603883,50.3000,51.0500,49.8000,50.9900,50.0000,1274446,64364943.0000,3,1.514975,1,1.980003,39.648738,2.008130,85.523054,6.946132,0
2017-10-13,sh.603883,50.7400,51.2000,50.0100,50.9100,50.9900,853379,43136214.0000,3,1.014439,1,-0.156897,39.586532,2.004979,85.388874,6.935234,0
2017-10-16,sh.603883,50.7300,50.7600,49.8000,49.9500,50.9100,464404,23281817.0000,3,0.552052,1,-1.885679,38.840057,1.967172,83.778713,6.804458,0
2017-10-17,sh.603883,50.0600,50.7500,49.6100,50.5100,49.9500,492037,24752793.0000,3,0.584900,1,1.121116,39.275501,1.989226,84.717974,6.880744,0
2017-10-18,sh.603883,50.7600,50.7600,49.8700,50.0300,50.5100,380666,19087925.0000,3,0.452510,1,-0.950306,38.902263,1.970322,83.912893,6.815356,0
2017-10-19,sh.603883,50.0500,50.7000,49.9300,50.0200,50.0300,470162,23617163.0000,3,0.558897,1,-0.019985,38.894487,1.969928,83.896120,6.813993,0
2017-10-20,sh.603883,49.7200,50.2900,49.6200,50.1200,50.0200,368836,18411893.0000,3,0.438447,1,0.199917,38.972245,1.973867,84.063845,6.827616,0
2017-10-23,sh.603883,50.1500,52.4000,49.9000,52.0800,50.1200,1591020,81980730.0000,3,1.891297,1,3.910620,40.496299,2.051057,87.351258,7.094618,0
2017-10-24,sh.603883,51.9500,53.5000,51.4000,52.8300,52.0800,2228316,117731554.0000,3,2.648871,1,1.440092,41.079483,2.080594,88.609197,7.196787,0
2017-10-25,sh.603883,52.8500,53.2500,52.1100,53.0400,52.8300,882934,46422000.0000,3,1.049572,1,0.397500,41.242775,2.088864,88.961420,7.225394,0
2017-10-26,sh.603883,52.8000,53.8500,52.4500,53.5400,53.0400,1026969,54777198.0000,3,1.220791,1,0.942685,41.631564,2.108556,89.800046,7.293507,0
2017-10-27,sh.603883,53.5400,54.1400,52.9000,54.1100,53.5400,1051889,56401836.0000,3,1.250414,1,1.064624,42.074784,2.131004,90.756079,7.371155,0
2017-10-30,sh.603883,54.0000,55.9300,52.7100,55.4000,54.1100,1873362,102812488.0000,3,2.226926,1,2.384034,43.077861,2.181808,92.919733,7.546886,0
2017-10-31,sh.603883,55.0000,57.5600,54.8500,56.0500,55.4000,2247219,127171161.0000,3,2.671341,1,1.173281,41.224148,2.127074,44.606090,7.319200,0
2017-11-01,sh.603883,56.2800,59.1000,55.9700,57.9700,56.0500,2721806,157047654.0000,3,3.235498,1,3.425517,42.636287,2.199938,46.134077,7.569920,0
2017-11-02,sh.603883,58.0000,58.4400,56.5000,56.9000,57.9700,1042962,59501730.0000,3,1.239802,1,-1.845782,41.849314,2.159332,45.282543,7.430195,0
2017-11-03,sh.603883,57.0900,57.9900,56.5100,57.4000,56.9000,999689,57296397.0000,3,1.188362,1,0.878735,42.217058,2.178306,45.680456,7.495487,0
2017-11-06,sh.603883,56.8600,59.8800,56.8600,59.0300,57.4000,1615513,94840094.0000,3,1.920412,1,2.839716,43.415905,2.240164,46.977654,7.708338,0
2017-11-07,sh.603883,59.1000,59.8000,57.5100,58.3700,59.0300,1232105,72305347.0000,3,1.464643,1,-1.118075,42.930482,2.215117,46.452408,7.622153,0
2017-11-08,sh.603883,58.6100,59.5500,57.9500,58.4400,58.3700,1430815,84327044.0000,3,1.700856,1,0.119924,42.981967,2.217774,46.508116,7.631294,0
2017-11-09,sh.603883,58.4400,59.4000,58.0200,59.3800,58.4400,1549325,91325936.0000,3,1.841732,1,1.608492,43.673326,2.253447,47.256193,7.754042,0
2017-11-10,sh.603883,59.0300,59.4900,58.2900,58.9900,59.3800,691051,40803262.0000,3,0.821475,1,-0.656786,43.386485,2.238646,46.945821,7.703115,0
2017-11-13,sh.603883,59.1800,63.7400,58.5100,62.9200,58.9900,2223174,137888149.0000,3,2.642758,1,6.662140,46.276957,2.387788,50.073420,8.216308,0
2017-11-14,sh.603883,63.0900,63.5900,62.0100,62.0800,62.9200,1161220,72833978.0000,3,1.380380,1,-1.335023,45.659146,2.355910,49.404925,8.106618,0
2017-11-15,sh.603883,62.8000,62.8000,57.1100,59.2000,62.0800,2630584,156872175.0000,3,3.127060,1,-4.639177,43.540938,2.246616,47.112944,7.730537,0
2017-11-16,sh.603883,58.9000,61.6600,58.8900,61.1800,59.2000,1316386,79625694.0000,3,1.564830,1,3.344594,44.997206,2.321756,48.688681,7.989092,0
2017-11-17,sh.603883,60.0100,60.6800,58.0000,58.8800,61.1800,929359,55262412.0000,3,1.104759,1,-3.759397,43.305582,2.234472,46.858280,7.688751,0
2017-11-20,sh.603883,58.1300,60.5800,57.0000,60.2200,58.8800,969168,57454942.0000,3,1.152081,1,2.275815,44.291137,2.285324,47.924688,7.863732,0
2017-11-21,sh.603883,60.6600,62.8900,59.6600,62.0900,60.2200,1230373,75798404.0000,3,1.462584,1,3.105279,45.666501,2.356290,49.412884,8.107923,0
2017-11-22,sh.603883,62.0000,62.0000,58.6200,59.8300,62.0900,1262448,75553017.0000,3,1.500713,1,-3.639875,44.004296,2.270524,47.614315,7.812805,0
2017-11-23,sh.603883,59.2600,59.8500,55.3400,55.5600,59.8300,1039786,59567575.0000,3,1.236027,1,-7.136888,43.610242,2.250192,47.187934,7.742842,0
2017-11-24,sh.603883,55.0000,57.5700,54.5000,57.1000,55.5600,1162983,65321061.0000,3,1.382475,1,2.771773,44.819021,2.312562,48.495879,7.957456,0
2017-11-27,sh.603883,57.0000,59.3700,55.1300,57.0500,57.1000,1120467,65299975.0000,3,1.331935,1,-0.087564,44.779775,2.310537,48.453413,7.950488,0
2017-11-28,sh.603883,56.1900,58.8900,56.1900,58.1300,57.0500,768225,44497553.0000,3,0.913214,1,1.893080,45.627490,2.354277,49.370673,8.100997,0
2017-11-29,sh.603883,58.4200,58.5300,56.3500,56.4300,58.1300,1189664,68112123.0000,3,1.414192,1,-2.924481,44.293124,2.285427,47.926838,7.864085,0
2017-11-30,sh.603883,56.7800,58.7900,56.7800,58.6000,56.4300,810737,47016539.0000,3,0.963749,1,3.845469,45.996404,2.373312,49.769851,8.166496,0
2017-12-01,sh.603883,58.5000,58.6800,57.0100,57.9100,58.6000,975919,56301071.0000,3,1.160106,1,-1.177472,45.454808,2.345367,49.183824,8.070338,0
2017-12-04,sh.603883,57.8200,57.8900,55.5300,57.5000,57.9100,1100010,62862968.0000,3,1.307617,1,-0.707995,45.132990,2.328762,48.835605,8.013200,0
2017-12-05,sh.603883,57.4000,58.5000,56.0000,57.8900,57.5000,703254,40103777.0000,3,0.835981,1,0.678260,45.439109,2.344557,49.166837,8.067551,0
2017-12-06,sh.603883,57.7000,58.6200,57.0800,57.9100,57.8900,752834,43796656.0000,3,0.894918,1,0.034549,45.454808,2.345367,49.183824,8.070338,0
2017-12-07,sh.603883,57.4600,58.8800,57.4600,58.7700,57.9100,988494,57850523.0000,3,1.175055,1,1.485064,46.129840,2.380197,49.914235,8.190188,0
2017-12-08,sh.603883,58.5000,59.5000,58.0100,58.1100,58.7700,1766929,103944276.0000,3,2.100405,1,-1.123022,45.611792,2.353467,49.353687,8.098210,0
2017-12-11,sh.603883,58.1500,58.3800,57.2700,57.8100,58.1100,2451297,141288280.0000,3,2.913936,1,-0.516261,45.376316,2.341317,49.098892,8.056402,0
2017-12-12,sh.603883,57.8300,58.1000,55.8000,55.9100,57.8100,916512,52273169.0000,3,1.089487,1,-3.286631,43.884965,2.264367,47.485194,7.791618,0
2017-12-13,sh.603883,55.9100,57.4000,55.9000,56.6800,55.9100,875027,49771842.0000,3,1.040173,1,1.377214,44.489354,2.295552,48.139166,7.898925,0
2017-12-14,sh.603883,57.1500,60.1000,56.8000,59.8800,56.6800,1975114,114827691.0000,3,2.347881,1,5.645732,47.001103,2.425152,50.856974,8.344877,0
2017-12-15,sh.603883,59.3700,61.4700,58.8000,59.7400,59.8800,1662216,100083624.0000,3,1.975930,1,-0.233800,46.891214,2.419482,50.738070,8.325367,0
2017-12-18,sh.603883,59.8200,62.5000,59.1100,61.8500,59.7400,2327694,143889756.0000,3,2.767005,1,3.531966,48.547399,2.504938,52.530124,8.619416,0
2017-12-19,sh.603883,62.4800,63.5900,61.5000,61.8700,61.8500,1131155,70358737.0000,3,1.344640,1,0.032337,48.563097,2.505748,52.547111,8.622204,0
2017-12-20,sh.603883,61.5100,62.2800,60.8800,61.1900,61.8700,726579,44535081.0000,3,0.863708,1,-1.099079,48.029350,2.478208,51.969577,8.527439,0
2017-12-21,sh.603883,61.1600,62.0000,60.7000,61.8300,61.1900,596900,36818627.0000,3,0.709554,1,1.045928,48.531700,2.504128,52.513138,8.616629,0
2017-12-22,sh.603883,62.0000,62.4400,60.7800,61.0300,61.8300,691019,42354297.0000,3,0.821436,1,-1.293875,47.903763,2.471728,51.833686,8.505141,0
2017-12-25,sh.603883,61.0300,62.0000,60.0800,61.6000,61.0300,1472388,89246197.0000,3,1.750275,1,0.933966,48.351168,2.494813,52.317796,8.584576,0
2017-12-26,sh.603883,61.5100,64.4800,60.7000,63.9900,61.6000,3014670,191739277.0000,3,3.583635,1,3.879875,50.227131,2.591608,54.347658,8.917647,0
2017-12-27,sh.603883,63.6300,63.7500,60.1100,61.6900,63.9900,1833092,113573092.0000,3,2.179055,1,-3.594316,48.421811,2.498458,52.394234,8.597119,0
2017-12-28,sh.603883,61.4200,61.6700,60.5100,60.9000,61.6900,954216,58194013.0000,3,1.134307,1,-1.280592,47.801723,2.466463,51.723275,8.487024,0
2017-12-29,sh.603883,60.5000,62.9900,60.5000,62.9900,60.9000,1306197,81095628.0000,3,1.552718,1,3.431855,49.442209,2.551108,53.498343,8.778287,0
2018-01-02,sh.603883,63.2500,64.5300,62.6100,64.1400,62.9900,1469246,93915908.0000,3,1.746540,1,1.825683,50.344869,2.597683,54.475055,8.938551,0
2018-01-03,sh.603883,64.1400,66.5000,63.7000,65.0200,64.1400,1148899,75107812.0000,3,1.365733,1,1.371994,51.035600,2.633323,55.222452,9.061188,0
2018-01-04,sh.603883,65.0800,65.5000,62.9800,63.7700,65.0200,1180738,75509814.0000,3,1.403581,1,-1.922480,50.054448,2.582698,54.160809,8.886988,0
2018-01-05,sh.603883,63.8200,64.3000,63.5100,63.9900,63.7700,594752,37964029.0000,3,0.707001,1,0.344992,50.227131,2.591608,54.347658,8.917647,0
2018-01-08,sh.603883,63.6300,66.5000,63.6300,65.9800,63.9900,938937,61755846.0000,3,1.116145,1,3.109863,51.789125,2.672204,56.037795,9.194973,0
2018-01-09,sh.603883,65.9000,66.2600,64.9000,66.1700,65.9800,469823,30824874.0000,3,0.558494,1,0.287958,51.938260,2.679899,56.199165,9.221452,0
2018-01-10,sh.603883,65.5000,66.1800,63.7700,64.3500,66.1700,792354,51160282.0000,3,0.941897,1,-2.750491,50.509703,2.606188,54.653412,8.967816,0
2018-01-11,sh.603883,64.8800,64.8800,63.2000,63.6200,64.3500,644838,41038389.0000,3,0.766540,1,-1.134421,49.936710,2.576623,54.033412,8.866084,0
2018-01-12,sh.603883,63.4900,64.3400,62.0000,62.3100,63.6200,972242,61119285.0000,3,1.155735,1,-2.059097,48.908463,2.523568,52.920809,8.683522,0
2018-01-15,sh.603883,62.3200,63.3000,61.8000,61.9700,62.3100,842343,52740929.0000,3,1.001320,1,-0.545659,48.641589,2.509798,52.632042,8.636140,0
2018-01-16,sh.603883,62.3800,62.5000,61.1000,61.3800,61.9700,1198660,73695835.0000,3,1.424886,1,-0.952074,48.178486,2.485903,52.130946,8.553917,0
2018-01-17,sh.603883,61.3700,61.3700,59.1000,61.0500,61.3800,1507228,90558520.0000,3,1.791690,1,-0.537637,47.919461,2.472538,51.850672,8.507928,0
2018-01-18,sh.603883,60.5600,61.0100,58.8500,60.0200,61.0500,1225928,73437985.0000,3,1.457300,1,-1.687140,47.110992,2.430822,50.975878,8.364388,0
2018-01-19,sh.603883,59.5000,61.5000,59.1200,61.1700,60.0200,1149309,69167129.0000,3,1.366221,1,1.916024,48.013652,2.477398,51.952590,8.524652,0
2018-01-22,sh.603883,61.0900,61.4900,59.5000,61.3200,61.1700,1523365,91834320.0000,3,1.810873,1,0.245221,48.131390,2.483473,52.079987,8.545556,0
2018-01-23,sh.603883,60.8000,62.4000,60.3100,61.7700,61.3200,1031357,63299908.0000,3,1.226007,1,0.733856,48.484605,2.501698,52.462179,8.608268,0
2018-01-24,sh.603883,61.9900,61.9900,59.5500,60.1400,61.7700,1078949,65326825.0000,3,1.282581,1,-2.638823,47.205183,2.435682,51.077796,8.381111,0
2018-01-25,sh.603883,60.1300,60.4800,58.5300,58.5600,60.1400,821842,49019838.0000,3,0.976950,1,-2.627200,45.965007,2.371692,49.735878,8.160922,0
2018-01-26,sh.603883,58.4900,59.3900,57.4000,59.1500,58.5600,1075894,63033251.0000,3,1.278950,1,1.007514,46.428110,2.395587,50.236974,8.243144,0
2018-01-29,sh.603883,59.1900,59.1900,57.9100,58.0200,59.1500,1332703,77573598.0000,3,1.584227,1,-1.910399,45.541149,2.349822,49.277248,8.085668,0
2018-01-30,sh.603883,57.7000,59.9900,57.0300,59.7800,58.0200,1181152,69689439.0000,3,1.404073,1,3.033434,46.922611,2.421102,50.772043,8.330941,0
2018-01-31,sh.603883,59.4900,59.5000,57.5200,57.7300,59.7800,775281,45272344.0000,3,0.921601,1,-3.429239,45.313522,2.338077,49.030947,8.045253,0
2018-02-01,sh.603883,57.3500,58.4400,55.8900,56.8500,57.7300,1410481,80121303.0000,3,1.676684,1,-1.524339,44.622791,2.302437,48.283550,7.922616,0
2018-02-02,sh.603883,56.9900,58.3600,55.4000,55.7800,56.8500,1535053,87182637.0000,3,1.824767,1,-1.882146,43.782925,2.259102,47.374783,7.773501,0
2018-02-05,sh.603883,55.3800,56.3000,55.0000,55.7900,55.7800,742428,41376487.0000,3,0.882548,1,0.017931,43.790774,2.259507,47.383276,7.774895,0
2018-02-06,sh.603883,55.0300,55.7000,52.8800,53.3500,55.7900,958309,51657835.0000,3,1.139173,1,-4.373548,41.875565,2.160686,45.310948,7.434856,0
2018-02-07,sh.603883,54.2500,57.0400,53.9500,54.1000,53.3500,1624333,89511920.0000,3,1.930897,1,1.405811,42.464257,2.191061,45.947934,7.539376,0
2018-02-08,sh.603883,53.5200,54.9000,53.5200,54.2500,54.1000,850103,46106068.0000,3,1.010545,1,0.277267,42.581995,2.197136,46.075331,7.560280,0
2018-02-09,sh.603883,53.6600,54.4900,52.0800,54.3000,54.2500,795403,42690152.0000,3,0.945521,1,0.092164,42.621241,2.199161,46.117797,7.567248,0
2018-02-12,sh.603883,54.3600,57.4800,53.4000,57.0700,54.3000,1356318,75363983.0000,3,1.612299,1,5.101290,44.795474,2.311347,48.470399,7.953276,0
2018-02-13,sh.603883,56.8400,58.0000,56.1000,56.9000,57.0700,418166,23897227.0000,3,0.497087,1,-0.297877,44.662037,2.304462,48.326016,7.929584,0
2018-02-14,sh.603883,56.9000,57.4000,56.3000,56.8000,56.9000,220726,12537912.0000,3,0.262384,1,-0.175751,44.583545,2.300412,48.241084,7.915648,0
2018-02-22,sh.603883,57.4700,58.7900,57.3500,58.5700,56.8000,355324,20616090.0000,3,0.422385,1,3.116198,45.972856,2.372097,49.744372,8.162316,0
2018-02-23,sh.603883,58.4700,59.4000,57.8400,58.8800,58.5700,515570,30392856.0000,3,0.612875,1,0.529284,46.216182,2.384652,50.007659,8.205517,0
2018-02-26,sh.603883,59.2500,61.0000,58.5800,60.4400,58.8800,491284,29469894.0000,3,0.584005,1,2.649452,47.440659,2.447833,51.332590,8.422919,0
2018-02-27,sh.603883,60.4400,61.8800,59.5100,59.9700,60.4400,683971,41634275.0000,3,0.813058,1,-0.777626,47.071746,2.428797,50.933412,8.357420,0
2018-02-28,sh.603883,59.4500,60.9700,59.3000,60.0400,59.9700,797104,47965503.0000,3,0.947543,1,0.116724,47.126691,2.431632,50.992864,8.367175,0
2018-03-01,sh.603883,59.7100,60.4000,59.5000,59.9900,60.0400,1293358,77313132.0000,3,1.537456,1,-0.083277,47.087445,2.429607,50.950399,8.360207,0
2018-03-02,sh.603883,59.7000,60.1000,59.0900,59.7500,59.9900,577509,34421128.0000,3,0.686504,1,-0.400069,46.899063,2.419887,50.746563,8.326760,0
2018-03-05,sh.603883,59.3100,59.5000,58.0700,59.1600,59.7500,499150,29424301.0000,3,0.593356,1,-0.987448,46.435960,2.395992,50.245467,8.244538,0
2018-03-06,sh.603883,59.3300,63.4900,59.3300,62.1200,59.1600,1039498,64258615.0000,3,1.235685,1,5.003379,48.759328,2.515873,52.759439,8.657044,0
2018-03-07,sh.603883,62.5900,63.4800,61.5200,62.0000,62.1200,819050,51408383.0000,3,0.973631,1,-0.193173,48.665137,2.511013,52.657522,8.640320,0
2018-03-08,sh.603883,62.0000,64.4000,61.5000,64.1300,62.0000,1051731,66827062.0000,3,1.250226,1,3.435479,50.337020,2.597278,54.466562,8.937157,0
2018-03-09,sh.603883,63.7900,68.0000,63.7700,66.0400,64.1300,1424729,94223424.0000,3,1.693621,1,2.978331,51.836220,2.674634,56.088754,9.203335,0
2018-03-12,sh.603883,65.7300,68.7400,65.7300,67.4400,66.0400,913650,61981461.0000,3,1.086085,1,2.119930,52.935110,2.731334,57.277794,9.398439,0
2018-03-13,sh.603883,67.1000,68.6800,67.0900,68.4600,67.4400,1183364,80880953.0000,3,1.406703,1,1.512450,53.735730,2.772644,58.144096,9.540586,0
2018-03-14,sh.603883,68.4600,68.5000,65.3000,66.0600,68.4600,940574,62646843.0000,3,1.118091,1,-3.505699,51.851918,2.675444,56.105740,9.206122,0
2018-03-15,sh.603883,66.6000,69.8800,65.2800,69.7700,66.0600,1488783,101398300.0000,3,1.769764,1,5.616106,54.763977,2.825699,59.256698,9.723148,0
2018-03-16,sh.603883,69.7500,69.8800,67.5000,68.3800,69.7700,1461696,100156584.0000,3,1.737565,1,-1.992260,53.672937,2.769404,58.076150,9.529437,0
2018-03-19,sh.603883,68.5900,70.0600,65.3900,69.4100,68.3800,1364455,93296974.0000,3,1.621972,1,1.506298,54.481406,2.811119,58.950945,9.672978,0
2018-03-20,sh.603883,68.5100,71.4200,67.9000,69.5000,69.4100,1827619,127878377.0000,3,2.172549,1,0.129659,54.552049,2.814764,59.027383,9.685520,0
2018-03-21,sh.603883,68.7000,70.5000,68.3200,68.4300,69.5000,823451,57148985.0000,3,0.978863,1,-1.539568,53.712183,2.771429,58.118616,9.536405,0
2018-03-22,sh.603883,68.4000,69.4500,67.3600,68.9200,68.4300,873068,60002603.0000,3,1.037844,1,0.716057,54.096794,2.791274,58.534780,9.604692,0
2018-03-23,sh.603883,68.0000,69.4100,62.5000,68.4300,68.9200,1645664,111609193.0000,3,1.956254,1,-0.710966,53.712183,2.771429,58.118616,9.536405,0
2018-03-26,sh.603883,67.5000,69.5000,65.5000,68.6000,68.4300,1456876,99784824.0000,3,1.731835,1,0.248426,53.845619,2.778314,58.263000,9.560096,0
2018-03-27,sh.603883,68.6000,73.3000,68.6000,70.0600,68.6000,3974679,284839452.0000,3,4.724829,1,2.128279,54.991605,2.837445,59.502999,9.763562,0
2018-03-28,sh.603883,70.0000,70.0000,67.0000,68.3900,70.0600,2605014,179125207.0000,3,3.096664,1,-2.383668,53.680786,2.769809,58.084644,9.530831,0
2018-03-29,sh.603883,68.3000,69.9900,67.3100,69.5300,68.3900,1868622,129044174.0000,3,2.221291,1,1.666909,54.575596,2.815979,59.052863,9.689701,0
2018-03-30,sh.603883,69.3300,71.9300,67.5000,71.2100,69.5300,2008776,141814854.0000,3,2.387897,1,2.416224,54.722071,2.704944,52.385027,6.923285,0
2018-04-02,sh.603883,71.3000,75.2200,71.3000,72.9900,71.2100,1755450,130225653.0000,3,2.086760,1,2.499647,56.089930,2.772558,53.694469,7.096343,0
2018-04-03,sh.603883,72.3000,75.3800,72.1000,73.2700,72.9900,1459138,107951358.0000,3,1.734524,1,0.383613,56.305099,2.783194,53.900448,7.123565,0
2018-04-04,sh.603883,73.3100,74.3000,70.0000,70.0100,73.2700,2405705,171418861.0000,3,2.859739,1,-4.449290,53.799918,2.659361,51.502257,6.806617,0
2018-04-09,sh.603883,69.4400,71.2600,68.9300,69.6200,70.0100,1181800,82691496.0000,3,1.404844,1,-0.557062,53.500218,2.644547,51.215357,6.768700,0
2018-04-10,sh.603883,69.4000,69.4600,66.8900,68.1600,69.6200,1836945,124887008.0000,3,2.183636,1,-2.097097,52.378266,2.589088,50.141321,6.626753,0
2018-04-11,sh.603883,68.5000,70.4800,68.0200,69.7200,68.1600,1898100,132145241.0000,3,2.256332,1,2.288729,53.577064,2.648345,51.288921,6.778422,0
2018-04-12,sh.603883,69.5400,74.0500,69.5400,72.6100,69.7200,2371905,171744472.0000,3,2.819560,1,4.145151,55.797915,2.758123,53.414925,7.059398,0
2018-04-13,sh.603883,72.7500,75.7000,72.7500,74.1200,72.6100,1895107,141389320.0000,3,2.252775,1,2.079606,56.958290,2.815481,54.525744,7.206205,0
2018-04-16,sh.603883,73.5700,75.4700,71.0200,73.4600,74.1200,2205832,161333028.0000,3,2.622143,1,-0.890453,56.451107,2.790411,54.040220,7.142038,0
2018-04-17,sh.603883,73.9500,74.8000,69.0100,70.6700,73.4600,1511504,109168953.0000,3,1.796773,1,-3.797987,54.307102,2.684432,51.987781,6.870784,0
2018-04-18,sh.603883,70.5600,73.1000,68.4000,71.2000,70.6700,1517071,107646973.0000,3,1.803391,1,0.749963,54.714386,2.704564,52.377671,6.922313,0
2018-04-19,sh.603883,71.1400,74.9000,71.1400,74.4500,71.2000,1840479,136135371.0000,3,2.187837,1,4.564607,57.211882,2.828017,54.768505,7.238289,0
2018-04-20,sh.603883,73.8000,76.8200,73.2100,74.5800,74.4500,1628452,122662700.0000,3,1.935793,1,0.174620,54.769730,2.661853,79.106413,7.022075,0
2018-04-23,sh.603883,74.5100,75.3800,72.7000,73.9700,74.5800,832152,61679636.0000,3,0.311667,1,-0.817914,54.321760,2.640081,78.459391,6.964640,0
2018-04-24,sh.603883,74.0000,76.7000,73.4400,75.9500,73.9700,1713596,129909078.0000,3,0.641796,1,2.676755,55.775824,2.710750,80.559562,7.151067,0
2018-04-25,sh.603883,74.1000,80.4700,74.1000,79.0700,75.9500,3161864,248278482.0000,3,1.184219,1,4.107970,58.067076,2.822106,83.868921,7.444830,0
2018-04-26,sh.603883,78.8000,80.2600,76.4600,77.9500,79.0700,2227263,174861091.0000,3,0.834181,1,-1.416470,57.244575,2.782132,82.680946,7.339377,0
2018-04-27,sh.603883,77.0300,80.5000,76.0300,77.5400,77.9500,1829549,143901717.0000,3,0.685224,1,-0.525973,56.943481,2.767499,82.246062,7.300773,0
2018-05-02,sh.603883,77.0000,77.4000,73.0600,76.6400,77.5400,1907999,145459565.0000,3,0.714606,1,-1.160693,56.282543,2.735376,81.291439,7.216034,0
2018-05-03,sh.603883,75.9900,77.8700,75.0300,77.6900,76.6400,1521520,116544002.0000,3,0.569858,1,1.370046,57.053638,2.772852,82.405166,7.314897,0
2018-05-04,sh.603883,76.9000,79.0000,75.5400,77.6800,77.6900,1392901,108380202.0000,3,0.521686,1,-0.012874,57.046294,2.772495,82.394559,7.313955,0
2018-05-07,sh.603883,76.9500,80.2800,76.6000,79.9400,77.6800,1912028,152304122.0000,3,0.716115,1,2.909375,58.705983,2.853158,84.791723,7.526745,0
2018-05-08,sh.603883,79.9000,80.1800,78.0000,79.0800,79.9400,954146,75373888.0000,3,0.357358,1,-1.075808,58.074420,2.822463,83.879528,7.445772,0
2018-05-09,sh.603883,78.3300,79.6300,76.1700,77.8200,79.0800,994575,76927152.0000,3,0.372500,1,-1.593326,57.149106,2.777492,82.543056,7.327137,0
2018-05-10,sh.603883,77.5000,78.6000,77.0100,78.3000,77.8200,670440,52117126.0000,3,0.251101,1,0.616812,57.501607,2.794624,83.052188,7.372331,0
2018-05-11,sh.603883,78.3300,78.3800,74.4200,76.2100,78.3000,1736186,131711653.0000,3,0.650257,1,-2.669226,55.966762,2.720029,80.835341,7.175547,0
2018-05-14,sh.603883,75.1000,75.5300,71.0000,73.0600,76.2100,3267743,239018140.0000,3,1.223874,1,-4.133318,53.653479,2.607602,77.494161,6.878959,0
2018-05-15,sh.603883,73.8000,76.8900,73.5400,76.0100,73.0600,1747725,132547350.0000,3,0.654579,1,4.037784,55.819887,2.712891,80.623203,7.156716,0
2018-05-16,sh.603883,76.2400,81.5300,76.2400,80.2200,76.0100,2621716,209713617.0000,3,0.981916,1,5.538743,58.911608,2.863151,85.088717,7.553109,0
2018-05-17,sh.603883,79.0000,79.8600,75.5400,75.8600,79.2200,1663600,128734749.0000,3,0.623071,1,-4.241354,55.709730,2.707537,80.464099,7.142593,0
2018-05-18,sh.603883,75.0800,80.2200,74.4400,77.8600,75.8600,1840561,141832655.0000,3,0.689349,1,2.636436,57.178481,2.778920,82.585483,7.330903,0
2018-05-21,sh.603883,78.1200,78.8800,74.6100,75.6500,77.8600,2568716,193987219.0000,3,0.962066,1,-2.838427,55.555511,2.700042,80.241354,7.122821,0
2018-05-22,sh.603883,74.9000,76.7000,73.6200,76.0600,75.6500,1420153,107343146.0000,3,0.531893,1,0.541964,55.856605,2.714676,80.676238,7.161424,0
2018-05-23,sh.603883,75.8300,77.2800,74.5000,75.5600,76.0600,1344436,102016194.0000,3,0.503534,1,-0.657376,55.489418,2.696830,80.145892,7.114347,0
2018-05-24,sh.603883,76.5000,76.8000,74.8800,76.1500,75.5600,1110064,84424170.0000,3,0.415754,1,0.780842,55.922699,2.717888,80.771700,7.169898,0
2018-05-25,sh.603883,76.5300,79.5000,74.6000,78.3500,76.1500,1915174,148929672.0000,3,0.717294,1,2.889031,57.538325,2.796409,83.105222,7.377039,0
2018-05-28,sh.603883,79.0000,79.2000,76.4700,78.0200,78.3500,1623169,126188675.0000,3,0.607928,1,-0.421189,57.295982,2.784630,82.755194,7.345968,0
2018-05-29,sh.603883,78.3800,79.8000,75.5700,75.7300,78.0200,1750175,135533619.0000,3,0.655496,1,-2.935136,55.614261,2.702897,80.326209,7.130353,0
2018-05-30,sh.603883,73.6800,76.7400,73.2000,74.4900,75.7300,1177408,88492630.0000,3,0.440977,1,-1.637403,54.703636,2.658640,79.010951,7.013601,0
2018-05-31,sh.603883,75.3500,76.4900,73.1800,76.1700,74.4900,1643429,122892990.0000,3,0.615516,1,2.255337,55.937387,2.718602,80.792914,7.171781,0
2018-06-01,sh.603883,75.9900,76.4300,73.2200,74.5100,76.1700,1066282,79726451.0000,3,0.399357,1,-2.179331,54.718323,2.659354,79.032165,7.015484,0
2018-06-04,sh.603883,73.8000,75.0300,72.2000,74.1400,74.5100,961014,70857871.0000,3,0.359930,1,-0.496581,54.446604,2.646148,78.639709,6.980647,0
2018-06-05,sh.603883,74.5200,76.9800,73.8800,76.0300,74.1400,1002268,76115265.0000,3,0.375381,1,2.549230,55.834574,2.713605,80.644417,7.158599,0
2018-06-06,sh.603883,75.4400,77.4700,74.2000,75.0800,76.0300,794191,59826098.0000,3,0.297450,1,-1.249503,55.136917,2.679698,79.636759,7.069152,0
2018-06-07,sh.603883,75.0000,75.4300,74.2000,74.6800,75.0800,575437,43049138.0000,3,0.215519,1,-0.532767,54.843167,2.665422,79.212483,7.031490,0
2018-06-08,sh.603883,74.6800,76.9000,74.0100,75.9300,74.6800,990290,75125067.0000,3,0.370895,1,1.673808,55.761137,2.710036,80.538348,7.149184,0
2018-06-11,sh.603883,75.6500,75.9900,73.9300,75.0500,75.9300,880953,66150419.0000,3,0.329945,1,-1.158959,55.114886,2.678627,79.604939,7.066328,0
2018-06-12,sh.603883,74.0500,77.4000,74.0000,76.3900,75.0500,1012946,76345278.0000,3,0.379381,1,1.785471,56.098949,2.726454,81.026266,7.192495,0
2018-06-13,sh.603883,76.3900,77.4000,75.1500,75.3900,76.3900,484491,36852780.0000,3,0.181457,1,-1.309072,55.364574,2.690762,79.965574,7.098340,0
2018-06-14,sh.603883,75.0000,76.2500,73.8100,75.3400,75.3900,813315,60964996.0000,3,0.304612,1,-0.066326,55.327855,2.688978,79.912539,7.093633,0
2018-06-15,sh.603883,75.5000,75.9900,72.8000,73.0600,75.3400,978763,72072982.0000,3,0.366578,1,-3.026279,53.653479,2.607602,77.494161,6.878959,0
2018-06-19,sh.603883,72.7700,73.7000,69.5300,71.7400,73.0600,1223826,86941543.0000,3,0.458362,1,-1.806734,52.684103,2.560489,76.094048,6.754675,0
2018-06-20,sh.603883,69.0000,74.9300,65.7700,74.2800,71.7400,1481378,106618393.0000,3,0.554823,1,3.540565,54.549417,2.651145,78.788206,6.993828,0
2018-06-21,sh.603883,73.8800,76.6000,73.5000,74.4900,74.2800,849346,63766692.0000,3,0.318107,1,0.282713,54.703636,2.658640,79.010951,7.013601,0
2018-06-22,sh.603883,74.4800,78.0800,73.9000,77.9900,74.4900,1144869,87244356.0000,3,0.428790,1,4.698617,57.273950,2.783560,82.723373,7.343143,0
2018-06-25,sh.603883,77.5300,78.8900,76.2000,76.6000,77.9900,1089594,83962163.0000,3,0.408088,1,-1.782279,56.253168,2.733949,81.249011,7.212268,0
2018-06-26,sh.603883,76.0000,81.8000,75.6000,81.2100,76.6000,1623677,129657918.0000,3,0.608119,1,6.018278,59.638640,2.898485,86.138802,7.646322,0
2018-06-27,sh.603883,81.2100,85.2000,78.0900,79.1200,81.2100,1613447,130938677.0000,3,0.604287,1,-2.573570,58.103795,2.823891,83.921955,7.449538,0
2018-06-28,sh.603883,78.8700,81.2400,74.5000,78.0200,79.1200,1168618,91717088.0000,3,0.437685,1,-1.390301,57.295982,2.784630,82.755194,7.345968,0
2018-06-29,sh.603883,78.1200,83.4500,76.0100,83.1600,78.0200,957307,76522006.0000,3,0.358542,1,6.588063,61.070672,2.968083,88.207151,7.829924,0
2018-07-02,sh.603883,83.0400,84.9000,80.7700,81.3500,83.1600,826933,68369829.0000,3,0.309713,1,-2.176533,59.741452,2.903482,86.287299,7.659504,0
2018-07-03,sh.603883,81.5400,82.7900,78.2200,80.8000,81.3500,1155689,92254286.0000,3,0.432842,1,-0.676085,59.337546,2.883852,85.703918,7.607718,0
2018-07-04,sh.603883,80.8000,81.4500,79.0000,80.1600,80.8000,767281,61403054.0000,3,0.287371,1,-0.792078,58.867545,2.861010,85.025075,7.547459,0
2018-07-05,sh.603883,80.2600,81.2400,75.4000,77.0000,80.1600,1194319,92935909.0000,3,0.447310,1,-3.942120,56.546918,2.748225,81.673288,7.249930,0
2018-07-06,sh.603883,77.3900,77.5000,74.1400,76.1100,77.0000,925910,70570476.0000,3,0.346783,1,-1.155843,55.893324,2.716460,80.729272,7.166132,0
2018-07-09,sh.603883,75.2400,78.8000,75.0000,78.4600,76.1100,896010,69335905.0000,3,0.335584,1,3.087634,57.619107,2.800335,83.221899,7.387396,0
2018-07-10,sh.603883,78.2000,78.5000,76.0500,76.9700,78.4600,795472,61320035.0000,3,0.297930,1,-1.899054,56.524887,2.747155,81.641467,7.247105,0
2018-07-11,sh.603883,76.0000,76.4900,72.2000,74.5000,76.9700,1834124,135630556.0000,3,0.686938,1,-3.209044,54.710980,2.658997,79.021558,7.014542,0
2018-07-12,sh.603883,74.8000,78.4000,73.5000,77.3000,74.5000,2150072,163744657.0000,3,0.805270,1,3.758393,56.767231,2.758933,81.991496,7.278176,0
2018-07-13,sh.603883,77.3000,81.9500,76.7600,79.7900,77.3000,1674881,133702250.0000,3,0.627296,1,3.221213,58.595826,2.847804,84.632619,7.512622,0
2018-07-16,sh.603883,80.0000,83.1600,79.7100,81.5700,79.7900,1240604,101544727.0000,3,0.464646,1,2.230855,59.903015,2.911334,86.520651,7.680218,0
2018-07-17,sh.603883,82.5000,83.5400,80.7700,82.1100,81.5700,1054957,86592740.0000,3,0.395115,1,0.662009,60.299578,2.930608,87.093425,7.731061,0
2018-07-18,sh.603883,80.5100,85.0000,80.5100,83.9500,82.1100,1094327,91930077.0000,3,0.409860,1,2.240892,61.650829,2.996279,89.045098,7.904307,0
2018-07-19,sh.603883,84.2000,84.4900,77.8400,79.4400,83.9500,1803271,144030617.0000,3,0.675382,1,-5.372239,58.338795,2.835312,84.261377,7.479668,0
2018-07-20,sh.603883,79.4000,81.2000,78.1000,80.4300,79.4400,955640,76365976.0000,3,0.357918,1,1.246221,59.065827,2.870646,85.311462,7.572881,0
2018-07-23,sh.603883,78.9400,78.9400,73.5800,77.0800,80.4300,2632984,200973571.0000,3,0.986136,1,-4.165111,56.605668,2.751081,81.758144,7.257462,0
2018-07-24,sh.603883,76.0200,79.4400,75.2000,78.4100,77.0800,2087747,161846450.0000,3,0.781928,1,1.725482,57.582388,2.798550,83.168864,7.382688,0
2018-07-25,sh.603883,78.9000,78.9000,76.4000,77.1500,78.4100,1848203,143286068.0000,3,0.692211,1,-1.606941,56.657075,2.753579,81.832392,7.264053,0
2018-07-26,sh.603883,76.9100,78.3900,74.5000,74.7000,77.1500,1751710,132471567.0000,3,0.656071,1,-3.175638,54.857855,2.666135,79.233696,7.033373,0
2018-07-27,sh.603883,74.7000,75.1000,72.3800,74.0700,74.7000,1558291,114996970.0000,3,0.583630,1,-0.843370,54.395198,2.643650,78.565460,6.974056,0
2018-07-30,sh.603883,74.5700,74.8900,71.2100,72.4400,74.0700,1339165,96633528.0000,3,0.501560,1,-2.200617,53.198166,2.585473,76.836532,6.820583,0
2018-07-31,sh.603883,72.0200,72.4400,69.5000,72.0000,72.4400,1547117,109648477.0000,3,0.579445,1,-0.607403,52.875041,2.569769,76.369828,6.779155,0
2018-08-01,sh.603883,71.8000,71.9400,67.5000,69.8800,72.0000,2770787,190169117.0000,3,1.037748,1,-2.944448,51.318164,2.494104,74.121161,6.579547,0
2018-08-02,sh.603883,69.1100,69.1100,65.7900,67.4500,69.8800,1621291,109137713.0000,3,0.607225,1,-3.477391,49.533632,2.407374,71.543679,6.350750,0
2018-08-03,sh.603883,67.4000,70.8000,65.3000,69.2000,67.4500,1567405,106332869.0000,3,0.587043,1,2.594515,50.818789,2.469834,73.399890,6.515521,0
2018-08-06,sh.603883,68.1000,68.1900,63.1000,64.0900,69.2000,1301480,86531449.0000,3,0.487446,1,-7.384394,47.066130,2.287451,67.979754,6.034390,0
2018-08-07,sh.603883,63.8000,67.9900,60.3500,67.4800,64.0900,3690180,232156688.0000,3,1.382090,1,5.289448,49.555663,2.408445,71.575500,6.353575,0
2018-08-08,sh.603883,66.0000,67.0000,62.7700,64.0600,67.4800,1534285,98800841.0000,3,0.574639,1,-5.068177,47.044099,2.286381,67.947933,6.031565,0
2018-08-09,sh.603883,63.3300,69.1900,63.3300,68.2800,64.0600,2144622,145066982.0000,3,0.803229,1,6.587576,50.143164,2.436998,72.424053,6.428899,0
2018-08-10,sh.603883,68.2700,69.4500,67.5100,69.1300,68.2800,1485685,101951895.0000,3,0.556436,1,1.244872,50.767383,2.467335,73.325642,6.508930,0
2018-08-13,sh.603883,68.7000,70.7000,67.8300,69.9000,69.1300,1002481,69511970.0000,3,0.375461,1,1.113850,51.332852,2.494818,74.142375,6.581430,0
2018-08-14,sh.603883,69.8800,70.4000,67.5000,67.7200,69.9000,890537,60955993.0000,3,0.333534,1,-3.118742,49.731913,2.417011,71.830066,6.376172,0
2018-08-15,sh.603883,67.9200,68.4000,65.1000,66.0400,67.7200,932962,61952364.0000,3,0.349424,1,-2.480804,48.498162,2.357049,70.048103,6.217992,0
2018-08-16,sh.603883,65.3100,65.9900,63.8800,65.3100,66.0400,1355282,88065968.0000,3,0.507596,1,-1.105396,47.962068,2.330995,69.273798,6.149259,0
2018-08-17,sh.603883,65.3600,66.1000,61.0100,61.7700,65.3100,2292795,142926286.0000,3,0.858725,1,-5.420299,45.362379,2.204648,65.518948,5.815950,0
2018-08-20,sh.603883,61.5000,62.7000,58.9700,62.0500,61.7700,1786743,109767578.0000,3,0.669192,1,0.453292,45.568004,2.214641,65.815942,5.842314,0
2018-08-21,sh.603883,62.6200,66.9000,61.9000,65.6700,62.0500,1313752,85433873.0000,3,0.492042,1,5.834003,48.226443,2.343844,69.655647,6.183154,0
2018-08-22,sh.603883,65.2200,66.8700,64.8500,66.0000,65.6700,710547,46838952.0000,3,0.266122,1,0.502515,48.468787,2.355622,70.005676,6.214226,0
2018-08-23,sh.603883,66.0000,66.9300,65.5000,66.6000,66.0000,635102,42114512.0000,3,0.237866,1,0.909089,48.909413,2.377036,70.642091,6.270718,0
2018-08-24,sh.603883,66.6000,68.2800,65.0000,68.0000,66.6000,771802,51734911.0000,3,0.289064,1,2.102104,49.937538,2.427004,72.127060,6.402535,0
2018-08-27,sh.603883,67.6000,69.5000,66.1100,68.1500,68.0000,602089,40950808.0000,3,0.225501,1,0.220590,50.047695,2.432358,72.286164,6.416659,0
2018-08-28,sh.603883,68.1500,68.4700,66.0000,67.4700,68.1500,840196,56227360.0000,3,0.314680,1,-0.997799,49.548319,2.408088,71.564893,6.352633,0
2018-08-29,sh.603883,67.3000,67.3000,64.9700,65.5000,67.4700,761641,49938605.0000,3,0.285259,1,-2.919818,48.101599,2.337776,69.475330,6.167148,0
2018-08-30,sh.603883,65.9000,66.8800,65.4400,65.7400,65.5000,566156,37369171.0000,3,0.212043,1,0.366409,48.277850,2.346342,69.729896,6.189745,0
2018-08-31,sh.603883,64.8900,65.3100,63.0800,63.9000,65.7400,907905,57773095.0000,3,0.340039,1,-2.798899,45.435276,2.146086,121.263815,6.427779,0
2018-09-03,sh.603883,64.0000,64.0000,61.0000,62.8200,63.9000,950532,59131779.0000,3,0.356004,1,-1.690144,44.667356,2.109814,119.214286,6.319140,0
2018-09-04,sh.603883,63.1000,63.9000,60.0100,61.8100,62.8200,2084372,126637636.0000,3,0.780664,1,-1.607766,43.949208,2.075894,117.297596,6.217543,0
2018-09-05,sh.603883,60.5100,61.7900,59.0700,60.3600,61.8100,1307608,79292123.0000,3,0.489741,1,-2.345900,42.918205,2.027195,114.545913,6.071686,0
2018-09-06,sh.603883,60.1100,60.9300,59.4900,59.8000,60.3600,1117300,66999581.0000,3,0.418464,1,-0.927769,42.520024,2.008388,113.483194,6.015355,0
2018-09-07,sh.603883,60.1800,63.6600,59.8000,61.8000,59.8000,2275221,140855533.0000,3,0.852143,1,3.344482,43.942098,2.075558,117.278619,6.216537,0
2018-09-10,sh.603883,60.9000,60.9100,59.6000,60.0000,61.8000,963189,57791672.0000,3,0.360745,1,-2.912620,42.662231,2.015105,113.862737,6.035473,0
2018-09-11,sh.603883,60.5000,60.5000,57.3500,58.3600,60.0000,1080625,63053145.0000,3,0.404728,1,-2.733332,41.496130,1.960025,110.750489,5.870503,0
2018-09-12,sh.603883,58.3000,58.7600,54.8800,55.3500,58.3600,1439165,80898128.0000,3,0.539013,1,-5.157646,39.355908,1.858934,105.038375,5.567724,0
2018-09-13,sh.603883,56.8000,56.8000,52.0000,54.7000,55.3500,3039448,164854290.0000,3,1.138370,1,-1.174341,38.893734,1.837104,103.804862,5.502339,0
2018-09-14,sh.603883,55.1300,55.2400,53.5500,55.1100,54.7000,1199600,65528090.0000,3,0.449288,1,0.749543,39.185259,1.850874,104.582924,5.543582,0
2018-09-17,sh.603883,54.9900,54.9900,51.7400,52.2100,55.1100,1583227,83451851.0000,3,0.592969,1,-5.262206,37.123251,1.753477,99.079558,5.251867,0
2018-09-18,sh.603883,52.3500,54.7200,52.1000,54.3400,52.2100,1172416,62881809.0000,3,0.439107,1,4.079680,38.637761,1.825013,103.121685,5.466127,0
2018-09-19,sh.603883,55.9800,57.6000,55.0000,56.1900,54.3400,2325592,131201284.0000,3,0.871008,1,3.404487,39.953179,1.887145,106.632453,5.652220,0
2018-09-20,sh.603883,57.0600,58.2900,55.7200,56.8800,56.1900,1097057,62664840.0000,3,0.410883,1,1.227981,40.443795,1.910319,107.941875,5.721628,0
2018-09-21,sh.603883,57.0000,60.8500,56.4000,59.9500,56.8800,1446559,85116902.0000,3,0.541782,1,5.397327,42.626679,2.013425,113.767851,6.030443,0
2018-09-25,sh.603883,59.4000,61.9500,58.0500,61.2300,59.9500,1263189,76551389.0000,3,0.473104,1,2.135110,43.536807,2.056414,116.196923,6.159200,0
2018-09-26,sh.603883,61.0000,63.8700,60.1600,62.3400,61.2300,1095990,68543235.0000,3,0.410483,1,1.812838,44.326058,2.093694,118.303384,6.270856,0
2018-09-27,sh.603883,62.4000,63.4000,61.0100,61.4600,62.3400,1134541,70175647.0000,3,0.424922,1,-1.411615,43.700345,2.064139,116.633397,6.182336,0
2018-09-28,sh.603883,62.0200,63.1000,61.5100,62.5300,61.4600,869729,54216334.0000,3,0.325741,1,1.740969,44.461155,2.100075,118.663949,6.289969,0
2018-10-08,sh.603883,61.9000,62.6000,59.0000,60.0000,62.5300,1476628,89609112.0000,3,0.553044,1,-4.046056,42.662231,2.015105,113.862737,6.035473,0
2018-10-09,sh.603883,59.5000,61.9700,56.5000,57.4800,60.0000,1977060,116995445.0000,3,0.740472,1,-4.200001,40.870417,1.930470,109.080502,5.781983,0
2018-10-10,sh.603883,58.9300,60.6000,58.0000,59.7900,57.4800,1837586,109350194.0000,3,0.688234,1,4.018791,42.512913,2.008052,113.464217,6.014349,0
2018-10-11,sh.603883,58.5000,59.9500,55.3600,56.6400,59.7900,1857211,106327057.0000,3,0.695585,1,-5.268442,40.273146,1.902259,107.486424,5.697486,0
2018-10-12,sh.603883,56.6000,59.9700,55.7000,59.2000,56.6400,1177705,68886039.0000,3,0.441088,1,4.519777,42.093401,1.988236,112.344567,5.955000,0
2018-10-15,sh.603883,60.5300,60.8600,56.6600,56.8300,59.2000,1242420,72557191.0000,3,0.465326,1,-4.003376,40.408243,1.908640,107.846989,5.716599,0
2018-10-16,sh.603883,56.8000,57.4600,55.0000,56.8600,56.8300,891328,50375210.0000,3,0.333831,1,0.052787,40.429574,1.909647,107.903920,5.719616,0
2018-10-17,sh.603883,57.3900,57.6700,53.0000,54.9500,56.8600,1520057,83907694.0000,3,0.569310,1,-3.359128,39.071493,1.845500,104.279290,5.527487,0
2018-10-18,sh.603883,54.8800,56.8900,53.0100,54.0400,54.9500,1237204,68163549.0000,3,0.463372,1,-1.656051,38.424450,1.814938,102.552372,5.435949,0
2018-10-19,sh.603883,53.9600,56.2000,52.4000,55.7000,54.0400,962962,52649312.0000,3,0.360660,1,3.071798,39.604771,1.870689,105.702574,5.602931,0
2018-10-22,sh.603883,56.0000,59.7200,55.7000,59.4000,55.7000,1309394,76254783.0000,3,0.490410,1,6.642731,42.235609,1.994954,112.724110,5.975118,0
2018-10-23,sh.603883,59.0000,59.0900,55.0000,55.7300,59.4000,1908651,107760583.0000,3,0.714851,1,-6.178454,39.626102,1.871696,105.759505,5.605948,0
2018-10-24,sh.603883,55.3000,55.5700,53.8000,54.2000,55.7300,1529532,83670726.0000,3,0.572858,1,-2.745377,38.538215,1.820311,102.856006,5.452044,0
2018-10-25,sh.603883,53.0100,56.5000,52.0500,55.1000,54.2000,1969176,107107756.0000,3,0.737519,1,1.660512,37.285920,1.741667,-209.207840,5.347387,0
2018-10-26,sh.603883,55.1900,56.1400,54.5000,54.9000,55.1000,972316,53682045.0000,3,0.364163,1,-0.362971,37.150581,1.735345,-208.448465,5.327977,0
2018-10-29,sh.603883,55.0000,55.5500,52.5000,54.6800,54.9000,1454357,78824224.0000,3,0.544703,1,-0.400731,37.001708,1.728391,-207.613152,5.306626,0
2018-10-30,sh.603883,54.5000,55.8800,53.4100,54.7600,54.6800,1039966,57082424.0000,3,0.389500,1,0.146302,37.055844,1.730920,-207.916902,5.314390,0
2018-10-31,sh.603883,54.9000,57.0000,54.5300,56.7300,54.7600,1393850,78381587.0000,3,0.522041,1,3.597519,38.388934,1.793190,-215.396747,5.505576,0
2018-11-01,sh.603883,57.1000,58.7000,55.3900,56.1000,56.7300,1592254,90386646.0000,3,0.596350,1,-1.110525,37.962616,1.773276,-213.004715,5.444436,0
2018-11-02,sh.603883,56.6000,59.5100,56.6000,59.1700,56.1000,1808206,105656052.0000,3,0.677231,1,5.472370,40.040071,1.870316,-224.661123,5.742375,0
2018-11-05,sh.603883,58.9800,60.9800,57.5600,59.3100,59.1700,1584252,93452425.0000,3,0.593353,1,0.236612,40.134808,1.874742,-225.192686,5.755962,0
2018-11-06,sh.603883,59.0000,59.0000,57.5200,58.0500,59.3100,760850,44218648.0000,3,0.284963,1,-2.124434,39.282172,1.834914,-220.408623,5.633681,0
2018-11-07,sh.603883,57.6600,59.5000,57.6600,58.0000,58.0500,926991,54120716.0000,3,0.347188,1,-0.086131,39.248337,1.833334,-220.218779,5.628828,0
2018-11-08,sh.603883,58.0300,60.3200,57.7500,58.0700,58.0000,957504,55960503.0000,3,0.358616,1,0.120689,39.295706,1.835546,-220.484560,5.635622,0
2018-11-09,sh.603883,58.0000,60.0000,57.7500,59.8000,58.0700,854269,50318141.0000,3,0.319951,1,2.979162,40.466389,1.890230,-227.053155,5.803516,0
2018-11-12,sh.603883,59.0500,61.2000,58.3000,60.5300,59.8000,1485853,88603362.0000,3,0.556499,1,1.220735,40.960376,1.913305,-229.824874,5.874362,0
2018-11-13,sh.603883,60.5100,64.9800,59.2400,64.5000,60.5300,1056264,65395559.0000,3,0.395604,1,6.558733,43.646857,2.038794,-244.898470,6.259645,0
2018-11-14,sh.603883,63.8600,63.8700,61.7000,62.0200,64.5000,1277746,80003838.0000,3,0.478557,1,-3.844960,41.968653,1.960403,-235.482218,6.018964,0
2018-11-15,sh.603883,61.2300,62.6900,61.0000,61.4000,62.0200,1339236,82484813.0000,3,0.501587,1,-0.999676,41.549101,1.940805,-233.128156,5.958794,0
2018-11-16,sh.603883,61.0200,61.5000,59.9600,60.3900,61.4000,2303589,139352839.0000,3,0.862767,1,-1.644955,40.865639,1.908880,-229.293311,5.860775,0
2018-11-19,sh.603883,60.6400,60.6400,58.3000,60.4000,60.3900,1893691,112925742.0000,3,0.709248,1,0.016563,40.872406,1.909196,-229.331280,5.861745,0
2018-11-20,sh.603883,59.5100,59.9500,57.7800,57.9000,60.4000,1156251,67830048.0000,3,0.433053,1,-4.139073,39.180667,1.830173,-219.839091,5.619124,0
2018-11-21,sh.603883,57.0000,58.9900,56.9000,58.2800,57.9000,1131542,66015303.0000,3,0.423799,1,0.656299,39.437812,1.842184,-221.281904,5.656002,0
2018-11-22,sh.603883,58.2800,58.7000,57.7400,58.2100,58.2800,911747,53068297.0000,3,0.341478,1,-0.120109,39.390443,1.839972,-221.016123,5.649209,0
2018-11-23,sh.603883,58.1300,58.1900,55.7200,56.0500,58.2100,1135120,64006674.0000,3,0.425139,1,-3.710702,37.928781,1.771696,-212.814872,5.439583,0
2018-11-26,sh.603883,56.2300,58.2500,56.1600,57.0000,56.0500,1281377,73314271.0000,3,0.479916,1,1.694917,38.571641,1.801725,-216.421903,5.531780,0
2018-11-27,sh.603883,57.0000,57.9400,56.5500,57.3500,57.0000,563577,32357838.0000,3,0.211078,1,0.614032,38.808485,1.812788,-217.750810,5.565747,0
2018-11-28,sh.603883,57.3500,58.9600,57.0100,58.6500,57.3500,613716,35770701.0000,3,0.229856,1,2.266788,39.688189,1.853880,-222.686748,5.691910,0
2018-11-29,sh.603883,58.7500,59.7500,57.1100,57.3700,58.6500,842704,48980581.0000,3,0.315619,1,-2.182442,38.822019,1.813420,-217.826747,5.567688,0
2018-11-30,sh.603883,57.3700,57.7400,55.7000,56.8000,57.3700,1297891,72971679.0000,3,0.486101,1,-0.993550,38.436302,1.795403,-215.662528,5.512370,0
2018-12-03,sh.603883,57.1700,58.9800,57.0000,58.0200,56.8000,1082554,62900659.0000,3,0.405451,1,2.147890,39.261871,1.833966,-220.294716,5.630769,0
2018-12-04,sh.603883,57.6300,59.4500,57.1300,59.3000,58.0200,1070080,62637212.0000,3,0.400779,1,2.206134,40.128041,1.874426,-225.154717,5.754992,0
2018-12-05,sh.603883,58.6900,61.0000,58.4000,60.1500,59.3000,1455500,87714012.0000,3,0.545131,1,1.433393,40.703232,1.901294,-228.382061,5.837483,0
2018-12-06,sh.603883,59.7000,60.6000,58.0000,59.5000,60.1500,906682,53883727.0000,3,0.339581,1,-1.080634,40.263380,1.880748,-225.914092,5.774402,0
2018-12-07,sh.603883,60.0100,60.0100,57.0800,57.5600,59.5000,523951,30330392.0000,3,0.196236,1,-3.260502,38.950591,1.819426,-218.548154,5.586127,0
2018-12-10,sh.603883,57.5700,58.6000,56.0200,58.0000,57.5600,520469,30042468.0000,3,0.194932,1,0.764417,39.248337,1.833334,-220.218779,5.628828,0
2018-12-11,sh.603883,58.5000,58.7500,57.6900,58.5000,58.0000,603056,35196026.0000,3,0.225864,1,0.862069,39.586685,1.849138,-222.117217,5.677353,0
2018-12-12,sh.603883,58.9100,59.2000,57.2100,57.9400,58.5000,366140,21220689.0000,3,0.137131,1,-0.957267,39.207735,1.831437,-219.990966,5.623005,0
2018-12-13,sh.603883,57.8800,58.6900,57.2500,57.9000,57.9400,470400,27296054.0000,3,0.176180,1,-0.069032,39.180667,1.830173,-219.839091,5.619124,0
2018-12-14,sh.603883,57.9000,58.1700,55.9100,56.7400,57.9000,797521,45236273.0000,3,0.298697,1,-2.003454,38.395701,1.793506,-215.434716,5.506547,0
2018-12-17,sh.603883,56.4000,56.4000,51.3000,52.0900,56.7400,4201915,221178363.0000,3,1.573751,1,-8.195279,35.249067,1.646523,-197.779245,5.055270,0
2018-12-18,sh.603883,52.0000,53.5000,50.2500,53.0000,52.0900,1974360,101663196.0000,3,0.739461,1,1.746976,35.864860,1.675288,-201.234401,5.143585,0
2018-12-19,sh.603883,52.2600,52.6600,50.3800,50.5000,53.0000,1439615,73582331.0000,3,0.539182,1,-4.716981,34.173121,1.596265,-191.742213,4.900963,0
2018-12-20,sh.603883,49.9800,50.8000,49.8800,50.0000,50.5000,948600,47656886.0000,3,0.355281,1,-0.990099,33.834773,1.580460,-189.843775,4.852438,0
2018-12-21,sh.603883,49.9800,50.4900,49.3000,49.6700,50.0000,953079,47607334.0000,3,0.356958,1,-0.660004,33.611464,1.570029,-188.590806,4.820412,0
2018-12-24,sh.603883,49.6700,51.2400,49.6100,49.9000,49.6700,1253895,62942053.0000,3,0.469624,1,0.463063,33.767104,1.577299,-189.464087,4.842733,0
2018-12-25,sh.603883,49.5100,50.3100,49.3000,49.9500,49.9000,751304,37459368.0000,3,0.281387,1,0.100199,33.800938,1.578880,-189.653931,4.847586,0
2018-12-26,sh.603883,49.9100,50.5000,48.0100,48.6900,49.9500,1529490,74359806.0000,3,0.572843,1,-2.522527,32.948302,1.539052,-184.869868,4.725304,0
2018-12-27,sh.603883,48.9600,48.9600,47.3000,47.7700,48.6900,2090799,99821104.0000,3,0.783071,1,-1.889501,32.325742,1.509972,-181.376743,4.636020,0
2018-12-28,sh.603883,47.7800,47.9500,45.3600,47.2100,47.7700,2740657,127060250.0000,3,1.026463,1,-1.172287,31.946793,1.492270,-179.250492,4.581672,0
2019-01-02,sh.603883,47.2900,47.5000,45.1100,45.4700,47.2100,1721223,78835820.0000,3,0.644653,1,-3.685655,30.769343,1.437270,-172.643929,4.412807,0
2019-01-03,sh.603883,45.8000,45.9500,43.2500,44.7000,45.4700,1533018,68853245.0000,3,0.574164,1,-1.693425,30.248287,1.412931,-169.720335,4.338080,0
2019-01-04,sh.603883,44.5000,46.1500,44.0300,45.8200,44.7000,1647601,75232830.0000,3,0.617079,1,2.505590,31.006186,1.448334,-173.972835,4.446774,0
2019-01-07,sh.603883,45.8100,47.5300,45.5500,46.5200,45.8200,1617757,75590220.0000,3,0.605901,1,1.527719,31.479873,1.470460,-176.630648,4.514709,0
2019-01-08,sh.603883,46.5800,46.8400,45.2500,45.4700,46.5200,1127409,51482542.0000,3,0.422251,1,-2.257092,30.769343,1.437270,-172.643929,4.412807,0
2019-01-09,sh.603883,46.5800,46.7500,44.5300,45.7100,45.4700,1540187,70708349.0000,3,0.576849,1,0.527816,30.931750,1.444857,-173.555179,4.436099,0
2019-01-10,sh.603883,45.6900,46.4000,45.0400,45.5100,45.7100,1419305,64949296.0000,3,0.531575,1,-0.437543,30.796411,1.438535,-172.795804,4.416689,0
2019-01-11,sh.603883,45.8400,46.4000,45.5100,46.1800,45.5100,841955,38766072.0000,3,0.315339,1,1.472208,31.249797,1.459713,-175.339711,4.481712,0
2019-01-14,sh.603883,46.4300,46.4300,44.7000,45.5100,46.1800,1055805,47914184.0000,3,0.395433,1,-1.450849,30.796411,1.438535,-172.795804,4.416689,0
2019-01-15,sh.603883,45.8000,46.6000,45.2200,46.5400,45.5100,936884,43103564.0000,3,0.350893,1,2.263245,31.493407,1.471092,-176.706586,4.516650,0
2019-01-16,sh.603883,46.4400,47.8900,46.0000,47.5700,46.5400,1529152,72532039.0000,3,0.572716,1,2.213147,32.190403,1.503650,-180.617367,4.616610,0
2019-01-17,sh.603883,47.5700,48.1200,46.8600,47.0700,47.5700,889284,42124267.0000,3,0.333065,1,-1.051083,31.852055,1.487845,-178.718930,4.568085,0
2019-01-18,sh.603883,46.8400,47.8300,46.8400,47.6900,47.0700,819502,38885896.0000,3,0.306930,1,1.317185,32.271607,1.507443,-181.072993,4.628256,0
2019-01-21,sh.603883,47.7400,49.8000,47.3000,48.6000,47.6900,1991042,97030090.0000,3,0.745709,1,1.908157,32.887400,1.536207,-184.528149,4.716570,0
2019-01-22,sh.603883,48.8800,48.8900,47.6200,48.1700,48.6000,977755,47211219.0000,3,0.366200,1,-0.884774,32.596421,1.522615,-182.895493,4.674839,0
2019-01-23,sh.603883,48.0000,48.4500,47.2500,47.4300,48.1700,529900,25299546.0000,3,0.198464,1,-1.536222,32.095666,1.499224,-180.085805,4.603023,0
2019-01-24,sh.603883,48.0500,48.5000,47.1000,48.0800,47.4300,774262,37121917.0000,3,0.289986,1,1.370444,32.535518,1.519770,-182.553774,4.666105,0
2019-01-25,sh.603883,48.0400,48.1000,47.3800,47.6000,48.0800,726820,34689945.0000,3,0.272217,1,-0.998343,32.210704,1.504598,-180.731274,4.619521,0
2019-01-28,sh.603883,47.7800,48.3800,46.1000,46.3200,47.6000,1076027,50387114.0000,3,0.403006,1,-2.689073,31.344534,1.464138,-175.871273,4.495299,0
2019-01-29,sh.603883,46.4700,46.9400,45.9700,46.2000,46.3200,1332005,61761738.0000,3,0.498878,1,-0.259065,31.263330,1.460345,-175.415648,4.483653,0
2019-01-30,sh.603883,46.4000,47.2000,46.1400,46.9400,46.2000,1254188,58691166.0000,3,0.469733,1,1.601727,31.764085,1.483736,-178.225336,4.555469,0
2019-01-31,sh.603883,47.0000,47.2800,46.0300,46.9300,46.9400,1187701,55539391.0000,3,0.444832,1,-0.021300,31.757318,1.483420,-178.187367,4.554499,0
2019-02-01,sh.603883,46.4000,48.6400,46.2400,48.1000,46.9300,2309763,108147335.0000,3,0.865080,1,2.493071,32.549052,1.520403,-182.629711,4.668046,0
2019-02-11,sh.603883,47.4800,48.4800,46.8000,48.1700,48.1000,2022796,96222893.0000,3,0.757601,1,0.145530,32.596421,1.522615,-182.895493,4.674839,0
2019-02-12,sh.603883,47.0000,48.1800,47.0000,47.8900,48.1700,1761428,83870674.0000,3,0.659711,1,-0.581272,32.406946,1.513765,-181.832368,4.647665,0
2019-02-13,sh.603883,47.8800,50.2000,47.7000,49.6200,47.8900,2808990,138031523.0000,3,1.052056,1,3.612444,33.577629,1.568449,-188.400962,4.815560,0
2019-02-14,sh.603883,50.1000,50.7700,49.4400,50.4600,49.6200,1465110,73549943.0000,3,0.548730,1,1.692866,34.146053,1.595000,-191.590338,4.897081,0
2019-02-15,sh.603883,50.1600,50.1600,48.5100,48.8500,50.4600,2048400,100898222.0000,3,0.767191,1,-3.190647,33.056573,1.544110,-185.477368,4.740832,0
2019-02-18,sh.603883,49.3100,53.7000,49.1500,52.9300,48.8500,2758306,142535169.0000,3,1.033073,1,8.352102,35.817491,1.673075,-200.968620,5.136791,0
2019-02-19,sh.603883,53.0000,53.6800,51.3800,51.6200,52.9300,1981820,103313790.0000,3,0.742255,1,-2.474969,34.931020,1.631667,-195.994713,5.009657,0
2019-02-20,sh.603883,51.6200,52.2300,50.3500,51.1200,51.6200,1795241,91817741.0000,3,0.672375,1,-0.968617,34.592672,1.615862,-194.096275,4.961133,0
2019-02-21,sh.603883,50.9000,52.4500,50.5100,50.8000,51.1200,1748014,89752650.0000,3,0.654687,1,-0.625977,34.376130,1.605747,-192.881275,4.930077,0
2019-02-22,sh.603883,50.7000,55.4800,50.6000,54.4200,50.8000,2789815,148443821.0000,3,1.044875,1,7.125982,36.825767,1.720173,-206.625965,5.281394,0
2019-02-25,sh.603883,54.5000,58.8800,54.5000,57.6400,54.4200,3561925,204227198.0000,3,1.334054,1,5.916945,39.004727,1.821954,-218.851904,5.593891,0
2019-02-26,sh.603883,57.6600,60.8000,56.5000,59.4900,57.6400,1808220,108047932.0000,3,0.677236,1,3.209581,40.256613,1.880431,-225.876123,5.773431,0
2019-02-27,sh.603883,59.4900,60.2100,56.5200,58.0700,59.4900,2084934,120079102.0000,3,0.780874,1,-2.386959,39.295706,1.835546,-220.484560,5.635622,0
2019-02-28,sh.603883,57.5700,57.7900,56.2500,57.5200,58.0700,2169310,123612213.0000,3,0.812476,1,-0.947132,38.923523,1.818161,-218.396279,5.582245,0
2019-03-01,sh.603883,57.4800,57.6200,56.3100,57.0200,57.5200,1119808,63634922.0000,3,0.419404,1,-0.869263,38.585175,1.802357,-216.497841,5.533721,0
2019-03-04,sh.603883,57.4200,59.6600,56.7000,57.8000,57.0200,1652735,95886684.0000,3,0.619002,1,1.367939,39.112998,1.827012,-219.459404,5.609419,0
2019-03-05,sh.603883,57.7600,57.7600,56.5100,57.7000,57.8000,1585981,90578269.0000,3,0.594000,1,-0.173008,39.045328,1.823851,-219.079716,5.599714,0
2019-03-06,sh.603883,57.8000,59.5200,56.9600,59.1700,57.7000,2217127,129254969.0000,3,0.830385,1,2.547656,38.796763,1.777714,-224.661123,5.742375,0
2019-03-07,sh.603883,58.1000,60.9100,57.3000,60.0000,59.1700,1795810,106019737.0000,3,0.672588,1,1.402741,39.340980,1.802651,-227.812530,5.822926,0
2019-03-08,sh.603883,59.4900,60.5600,57.8600,58.9600,60.0000,2007157,119011108.0000,3,0.751744,1,-1.733335,38.659070,1.771405,-223.863779,5.721995,0
2019-03-11,sh.603883,59.0100,61.5200,58.6000,60.6500,58.9600,2170104,130695456.0000,3,0.812773,1,2.866354,39.767174,1.822180,-230.280499,5.886008,0
2019-03-12,sh.603883,62.0000,65.1000,62.0000,64.1500,60.6500,2486534,158207715.0000,3,0.931286,1,5.770816,42.062064,1.927335,-243.569563,6.225678,0
2019-03-13,sh.603883,64.3300,64.9700,60.4700,61.8800,64.1500,2169236,136339608.0000,3,0.812448,1,-3.538582,40.573664,1.859134,-234.950656,6.005378,0
2019-03-14,sh.603883,61.7400,63.5000,60.9000,62.8700,61.8800,1110590,69167920.0000,3,0.415951,1,1.599867,41.222790,1.888878,-238.709563,6.101456,0
2019-03-15,sh.603883,62.9000,65.4000,62.6500,64.1000,62.8700,1836835,118037083.0000,3,0.687953,1,1.956417,42.029280,1.925832,-243.379719,6.220826,0
2019-03-18,sh.603883,64.0500,65.8000,62.1000,64.7200,64.1000,1807552,116315329.0000,3,0.676986,1,0.967243,42.435804,1.944460,-245.733782,6.280996,0
2019-03-19,sh.603883,64.8000,65.3600,63.0700,64.1800,64.7200,914567,58520291.0000,3,0.342534,1,-0.834365,42.081735,1.928236,-243.683470,6.228590,0
2019-03-20,sh.603883,64.2000,64.2000,61.0000,62.7100,64.1800,1136090,71424998.0000,3,0.425502,1,-2.290435,41.117881,1.884071,-238.102063,6.085928,0
2019-03-21,sh.603883,62.8900,63.9600,62.0200,63.8700,62.7100,1271957,80123533.0000,3,0.476388,1,1.849784,41.878473,1.918922,-242.506438,6.198505,0
2019-03-22,sh.603883,63.2300,63.5000,60.6600,61.9600,63.8700,2193921,135009904.0000,3,0.821693,1,-2.990449,40.626119,1.861538,-235.254406,6.013142,0
2019-03-25,sh.603883,61.1300,63.0000,61.0200,61.2000,61.9600,1260482,78182969.0000,3,0.472091,1,-1.226595,40.127800,1.838704,-232.368781,5.939384,0
2019-03-26,sh.603883,60.9000,61.7900,59.0100,59.2500,61.2000,1699899,101457631.0000,3,0.636666,1,-3.186276,38.849218,1.780118,-224.964873,5.750139,0
2019-03-27,sh.603883,60.2900,60.9400,58.8800,60.6000,59.2500,1007725,60673405.0000,3,0.377425,1,2.278478,39.734390,1.820678,-230.090655,5.881155,0
2019-03-28,sh.603883,61.0000,62.3800,59.5800,59.7500,60.6000,1628767,98504811.0000,3,0.610025,1,-1.402638,39.177059,1.795140,-226.863311,5.798664,0
2019-03-29,sh.603883,60.0900,62.8800,57.9700,62.8800,59.7500,1609773,98557226.0000,3,0.602911,1,5.238495,41.229347,1.889178,-238.747531,6.102426,0
2019-04-01,sh.603883,62.7000,62.8000,61.8800,62.5000,62.8800,2570306,159926858.0000,3,0.962661,1,-0.604327,40.980188,1.877762,-237.304719,6.065548,0
2019-04-02,sh.603883,62.6900,62.7200,61.5000,61.8800,62.5000,2021584,125255448.0000,3,0.757148,1,-0.991998,40.573664,1.859134,-234.950656,6.005378,0
2019-04-03,sh.603883,61.9200,61.9200,60.8800,61.7000,61.8800,1065283,65507741.0000,3,0.398982,1,-0.290886,40.455641,1.853726,-234.267218,5.987909,0
2019-04-04,sh.603883,61.6500,61.9200,59.9700,60.7800,61.7000,1926349,117094617.0000,3,0.721479,1,-1.491089,39.852413,1.826086,-230.774093,5.898624,0
2019-04-08,sh.603883,60.9500,61.2500,59.7700,60.9200,60.7800,1700470,102953115.0000,3,0.636880,1,0.230338,39.944208,1.830292,-231.305655,5.912211,0
2019-04-09,sh.603883,60.9900,61.2500,60.0300,60.8900,60.9200,1088748,65927634.0000,3,0.407771,1,-0.049243,39.924538,1.829390,-231.191749,5.909299,0
2019-04-10,sh.603883,60.8400,62.3300,60.3300,60.9900,60.8900,1389387,85349119.0000,3,0.520370,1,0.164234,39.990106,1.832395,-231.571437,5.919004,0
2019-04-11,sh.603883,61.1900,61.4600,58.6800,59.4500,60.9900,1783763,106106746.0000,3,0.668076,1,-2.525006,38.980354,1.786127,-225.724248,5.769549,0
2019-04-12,sh.603883,59.0000,59.7800,57.7900,58.4500,59.4500,1164703,68042464.0000,3,0.436218,1,-1.682086,38.324671,1.756083,-221.927373,5.672500,0
2019-04-15,sh.603883,59.1000,59.6900,57.5800,57.6800,58.4500,955783,56073154.0000,3,0.357971,1,-1.317366,37.819795,1.732949,-219.003779,5.597773,0
2019-04-16,sh.603883,58.0600,58.4500,56.2000,58.3100,57.6800,1130899,65440874.0000,3,0.423558,1,1.092235,38.232876,1.751876,-221.395810,5.658914,0
2019-04-17,sh.603883,58.8300,58.8300,57.4200,58.1000,58.3100,1359542,78631864.0000,3,0.509192,1,-0.360149,38.095182,1.745567,-220.598466,5.638533,0
2019-04-18,sh.603883,57.9500,58.5000,57.4500,57.6900,58.1000,652797,37777497.0000,3,0.244493,1,-0.705680,37.826352,1.733249,-219.041748,5.598743,0
2019-04-19,sh.603883,57.5000,57.8700,56.5400,57.5100,57.6900,968332,55360708.0000,3,0.362671,1,-0.312013,37.708329,1.727841,-218.358310,5.581274,0
2019-04-22,sh.603883,58.3800,58.4400,56.0000,56.7100,57.5100,1652913,93654967.0000,3,0.619069,1,-1.391061,37.183783,1.703806,-215.320810,5.503635,0
2019-04-23,sh.603883,56.4300,56.9000,55.0200,56.4400,56.7100,1199965,67213763.0000,3,0.449425,1,-0.476107,37.006749,1.695694,-214.295653,5.477432,0
2019-04-24,sh.603883,56.4000,56.7400,54.6200,56.6800,56.4400,927198,51811737.0000,3,0.347265,1,0.425233,37.164112,1.702904,-215.206903,5.500724,0
2019-04-25,sh.603883,56.2000,56.7500,54.8000,55.0900,56.6800,665147,37168976.0000,3,0.249119,1,-2.805223,36.121576,1.655134,-209.169871,5.346416,0
2019-04-26,sh.603883,55.0000,55.9600,54.4800,55.0000,55.0900,1379084,75681346.0000,3,0.516511,1,-0.163369,36.266465,1.661773,-210.008880,5.367862,0
2019-04-29,sh.603883,55.1400,56.5000,55.0000,55.8000,55.0000,1567600,87890662.0000,3,0.587116,1,1.454544,34.466369,1.600943,-67.887073,4.917554,0
2019-04-30,sh.603883,56.1800,58.8800,55.9900,58.0600,55.8000,2068080,119677847.0000,3,0.774562,1,4.050183,35.862318,1.665784,-70.636622,5.116723,0
2019-05-06,sh.603883,56.8000,60.5000,55.7000,59.1000,58.0600,2887715,169178616.0000,3,1.081541,1,1.791245,36.504702,1.695623,-71.901900,5.208377,0
2019-05-07,sh.603883,59.1000,60.8000,57.3200,60.2900,59.1000,3753284,224303199.0000,3,1.405724,1,2.013541,37.239738,1.729765,-73.349671,5.313249,0
2019-05-08,sh.603883,59.6100,62.3700,59.0200,60.5600,60.2900,2191997,134620310.0000,3,0.820973,1,0.447836,37.406511,1.737511,-73.678157,5.337044,0
2019-05-09,sh.603883,60.4000,61.5000,57.8200,59.6300,60.5600,1443440,85531237.0000,3,0.540614,1,-1.535668,36.832071,1.710829,-72.546706,5.255085,0
2019-05-10,sh.603883,59.6100,61.6900,59.2500,60.1600,59.6300,2171831,130837014.0000,3,0.813420,1,0.888812,37.159440,1.726035,-73.191511,5.301793,0
2019-05-13,sh.603883,60.1000,60.1000,58.1100,59.2500,60.1600,2083618,123088761.0000,3,0.780381,1,-1.512633,36.597354,1.699926,-72.084392,5.221596,0
2019-05-14,sh.603883,58.9900,59.8300,58.0100,59.2500,59.2500,1559265,92179162.0000,3,0.583994,1,0.000000,36.597354,1.699926,-72.084392,5.221596,0
2019-05-15,sh.603883,59.1000,60.2000,59.0100,59.9600,59.2500,2582834,154693548.0000,3,0.967354,1,1.198311,37.035904,1.720297,-72.948189,5.284167,0
2019-05-16,sh.603883,60.0000,62.8500,59.4600,62.3100,59.9600,2808586,173137076.0000,3,1.051905,1,3.919283,38.487445,1.787720,-75.807232,5.491268,0
2019-05-17,sh.603883,61.8200,65.3700,61.8200,62.7700,62.3100,3376547,214669165.0000,3,1.264624,1,0.738243,38.771576,1.800918,-76.366874,5.531807,0
2019-05-20,sh.603883,62.0100,62.9000,59.8000,61.1600,62.7700,2012117,122874233.0000,3,0.753602,1,-2.564920,37.777117,1.754726,-74.408126,5.389921,0
2019-05-21,sh.603883,60.8600,62.5800,60.3700,61.1500,61.1600,1295298,79958909.0000,3,0.485130,1,-0.016348,37.770940,1.754439,-74.395959,5.389040,0
2019-05-22,sh.603883,60.9600,61.9000,59.7000,61.3000,61.1500,1276832,77766746.0000,3,0.478214,1,0.245295,37.863591,1.758742,-74.578452,5.402259,0
2019-05-23,sh.603883,60.6200,61.1500,58.6400,59.0000,61.3000,1616855,96355855.0000,3,0.605564,1,-3.752038,36.442935,1.692754,-71.780239,5.199564,0
2019-05-24,sh.603883,58.6400,61.0500,58.6400,60.5500,59.0000,1559010,93450821.0000,3,0.583899,1,2.627117,37.400334,1.737224,-73.665991,5.336163,0
2019-05-27,sh.603883,60.9000,61.4000,59.1000,60.5600,60.5500,1562592,94112542.0000,3,0.585240,1,0.016519,37.406511,1.737511,-73.678157,5.337044,0
2019-05-28,sh.603883,59.9200,60.6800,59.3400,59.7300,60.5600,1230739,73518724.0000,3,0.460951,1,-1.370545,36.893839,1.713698,-72.668367,5.263898,0
2019-05-29,sh.603883,59.3600,59.6900,58.0100,58.8000,59.7300,1495266,87859948.0000,3,0.560025,1,-1.557007,36.319399,1.687015,-71.536916,5.181938,0
2019-05-30,sh.603883,57.9200,59.5000,56.3900,57.6500,58.8000,1985042,113603600.0000,3,0.743461,1,-1.955778,35.609071,1.654021,-70.137810,5.080591,0
2019-05-31,sh.603883,57.6500,57.8500,56.1000,56.9200,57.6500,2087359,118396444.0000,3,0.781782,1,-1.266268,35.158167,1.633077,-69.249681,5.016257,0
2019-06-03,sh.603883,56.7000,58.0000,55.5100,57.7200,56.9200,1923770,109624075.0000,3,0.720513,1,1.405487,35.652308,1.656029,-70.222973,5.086760,0
2019-06-04,sh.603883,57.2000,57.2000,55.3100,55.5600,57.7200,1464007,81958265.0000,3,0.548317,1,-3.742203,34.318126,1.594057,-67.595086,4.896403,0
2019-06-05,sh.603883,56.4000,56.4000,51.6300,52.8800,55.5600,2659297,141695189.0000,3,0.995991,1,-4.823615,32.662752,1.517166,-64.334560,4.660219,0
2019-06-06,sh.603883,53.1000,54.3400,51.1000,53.4000,52.8800,1876414,99219723.0000,3,0.702777,1,0.983359,32.983944,1.532085,-64.967199,4.706046,0
2019-06-10,sh.603883,52.8000,54.1800,51.3800,54.1300,53.4000,1843175,97791765.0000,3,0.690328,1,1.367040,33.434848,1.553030,-65.855328,4.770380,0
2019-06-11,sh.603883,53.5100,56.0200,53.2100,55.8000,54.1300,1865693,102442869.0000,3,0.698761,1,3.085162,34.466369,1.600943,-67.887073,4.917554,0
2019-06-12,sh.603883,55.5900,55.7000,53.5800,54.7600,55.8000,1176106,64182016.0000,3,0.440489,1,-1.863801,33.823985,1.571105,-66.621795,4.825900,0
2019-06-13,sh.603883,54.4800,54.8000,53.2500,54.5800,54.7600,709119,38193500.0000,3,0.265588,1,-0.328701,33.712803,1.565940,-66.402804,4.810037,0
2019-06-14,sh.603883,53.9200,54.5900,52.6000,53.0300,54.5800,1950266,103844445.0000,3,0.730437,1,-2.839874,32.755404,1.521470,-64.517052,4.673439,0
2019-06-17,sh.603883,53.0600,53.7900,52.6000,53.3500,53.0300,970118,51869695.0000,3,0.363340,1,0.603432,32.953060,1.530651,-64.906369,4.701640,0
2019-06-18,sh.603883,53.2400,53.8000,52.5000,52.8700,53.3500,1567382,83146433.0000,3,0.587034,1,-0.899718,32.656575,1.516879,-64.322394,4.659338,0
2019-06-19,sh.603883,54.2000,55.3000,54.0300,54.3300,52.8700,1079834,58897209.0000,3,0.404432,1,2.761496,33.558384,1.558768,-66.098650,4.788005,0
2019-06-20,sh.603883,54.3300,55.8000,53.5500,54.9900,54.3300,1523200,83556910.0000,3,0.570487,1,1.214798,33.966050,1.577704,-66.901616,4.846170,0
2019-06-21,sh.603883,55.8600,57.1000,55.2000,56.2000,54.9900,1424263,80304087.0000,3,0.533432,1,2.200398,34.713439,1.612419,-68.373719,4.952805,0
2019-06-24,sh.603883,55.7100,57.6500,55.1000,57.4100,56.2000,1710282,97322087.0000,3,0.640555,1,2.153023,35.460828,1.647135,-69.845822,5.059440,0
2019-06-25,sh.603883,57.4100,57.4100,54.3000,56.0800,57.4100,1691843,93633865.0000,3,0.633649,1,-2.316666,34.639318,1.608977,-68.227725,4.942230,0
2019-06-26,sh.603883,55.1000,58.0000,55.0400,57.6000,56.0800,1608698,91542595.0000,3,0.602509,1,2.710407,35.578187,1.652587,-70.076979,5.076185,0
2019-06-27,sh.603883,58.0000,58.8000,57.2300,58.3100,57.6000,1353502,78792457.0000,3,0.506930,1,1.232644,36.016738,1.672957,-70.940775,5.138756,0
2019-06-28,sh.603883,58.6000,58.9000,57.5300,58.4800,58.3100,638900,37136010.0000,3,0.239288,1,0.291542,36.121743,1.677834,-71.147599,5.153737,0
2019-07-01,sh.603883,59.0900,60.1000,58.9000,59.6300,58.4800,1586960,94418739.0000,3,0.594367,1,1.966487,36.832071,1.710829,-72.546706,5.255085,0
2019-07-02,sh.603883,59.6100,61.4000,59.0400,60.5100,59.6300,1716642,103795528.0000,3,0.642937,1,1.475763,37.375627,1.736077,-73.617326,5.332638,0
2019-07-03,sh.603883,60.5600,61.5000,60.0800,60.3700,60.5100,944088,57264720.0000,3,0.353591,1,-0.231366,37.289152,1.732060,-73.447000,5.320300,0
2019-07-04,sh.603883,60.9900,61.6000,59.0500,59.6700,60.3700,934897,56083450.0000,3,0.350149,1,-1.159518,36.856778,1.711976,-72.595370,5.258610,0
2019-07-05,sh.603883,60.3800,61.4000,59.7500,60.5800,59.6700,1420353,86174382.0000,3,0.531967,1,1.525061,37.418864,1.738085,-73.702489,5.338807,0
2019-07-08,sh.603883,61.2700,61.3000,59.0000,59.6700,60.5800,1358483,81447422.0000,3,0.508795,1,-1.502152,36.856778,1.711976,-72.595370,5.258610,0
2019-07-09,sh.603883,58.6700,62.5000,58.6700,59.8800,59.6700,1727710,104944620.0000,3,0.647082,1,0.351940,36.986490,1.718001,-72.850859,5.277117,0
2019-07-10,sh.603883,61.1200,62.1800,60.3000,61.6900,59.8800,1717961,105387243.0000,3,0.643431,1,3.022708,38.104485,1.769932,-75.052931,5.436629,0
2019-07-11,sh.603883,62.0000,63.7000,61.0300,62.9900,61.6900,1348486,84425503.0000,3,0.505051,1,2.107316,38.907465,1.807230,-76.634530,5.551196,0
2019-07-12,sh.603883,62.8000,63.4100,61.3000,61.9900,62.9900,775413,48156385.0000,3,0.290417,1,-1.587554,38.289788,1.778539,-75.417915,5.463067,0
2019-07-15,sh.603883,61.9900,62.2600,60.5000,61.6300,61.9900,1282877,78623572.0000,3,0.480478,1,-0.580740,38.067425,1.768210,-74.979934,5.431341,0
2019-07-16,sh.603883,60.9800,62.3600,60.3600,61.4600,61.6300,878111,53852253.0000,3,0.328881,1,-0.275843,37.962420,1.763333,-74.773110,5.416359,0
2019-07-17,sh.603883,61.7600,62.5800,60.5100,61.4000,61.4600,1484516,91543544.0000,3,0.555999,1,-0.097620,37.925359,1.761611,-74.700113,5.411072,0
2019-07-18,sh.603883,61.4000,61.4000,58.4000,60.1500,61.4000,1976464,117651935.0000,3,0.740249,1,-2.035830,37.153263,1.725748,-73.179345,5.300911,0
2019-07-19,sh.603883,59.4800,59.9800,57.9600,59.4500,60.1500,2863057,168990166.0000,3,1.072306,1,-1.163759,36.720889,1.705664,-72.327715,5.239222,0
2019-07-22,sh.603883,58.2000,58.8600,57.4700,57.4700,58.9500,1784618,103618213.0000,3,0.668396,1,-2.510602,35.497889,1.648857,-69.918819,5.064728,0
2019-07-23,sh.603883,57.0000,59.8000,57.0000,59.0000,57.4700,1606085,94602944.0000,3,0.601530,1,2.662256,36.442935,1.692754,-71.780239,5.199564,0
2019-07-24,sh.603883,56.4600,64.0000,56.4600,60.1200,59.0000,3829434,232601705.0000,3,1.434245,1,1.898303,37.134733,1.724887,-73.142847,5.298268,0
2019-07-25,sh.603883,60.1500,60.9000,59.1000,60.0500,60.1200,2013229,120749834.0000,3,0.754018,1,-0.116433,37.091495,1.722879,-73.057684,5.292099,0
2019-07-26,sh.603883,60.0800,60.4900,59.1500,59.8000,60.0500,1247937,74581881.0000,3,0.467400,1,-0.416300,36.937076,1.715706,-72.753530,5.270067,0
2019-07-29,sh.603883,59.7600,60.2000,59.0100,59.8200,59.8000,787873,46977805.0000,3,0.295084,1,0.033446,36.949430,1.716280,-72.777863,5.271829,0
2019-07-30,sh.603883,59.0600,62.6900,58.7000,62.2000,59.8200,1713310,104758425.0000,3,0.641700,1,3.978600,38.419501,1.784564,-75.673404,5.481574,0
2019-07-31,sh.603883,62.3100,64.7000,60.6000,63.7500,62.2000,1484663,93140318.0000,3,0.556100,1,2.492000,39.376900,1.829035,-77.559156,5.618173,0
2019-08-01,sh.603883,63.1000,67.6600,61.3100,66.5300,63.7500,2708528,175064249.0000,3,1.014400,1,4.360800,41.094041,1.908795,-80.941344,5.863169,0
2019-08-02,sh.603883,65.3000,69.8000,64.0200,69.4000,66.5300,3090354,206527424.0000,3,1.157400,1,4.313800,42.866774,1.991137,-84.433027,6.116097,0
2019-08-05,sh.603883,68.4900,68.7900,66.1000,66.4100,69.4000,2149975,145296721.0000,3,0.805200,1,-4.308400,41.019920,1.905352,-80.795350,5.852594,0
2019-08-06,sh.603883,65.1000,67.7900,64.7000,67.0800,66.4100,1606859,106046687.0000,3,0.601800,1,1.008900,41.433764,1.924575,-81.610482,5.911640,0
2019-08-07,sh.603883,66.9000,68.4400,65.5000,67.8000,67.0800,1376892,92319021.0000,3,0.515700,1,1.073300,41.878491,1.945232,-82.486444,5.975092,0
2019-08-08,sh.603883,67.4300,68.5700,66.3200,67.5500,67.8000,901081,61086671.0000,3,0.337500,1,-0.368700,41.724072,1.938059,-82.182290,5.953060,0
2019-08-09,sh.603883,67.6600,70.6800,67.3100,68.5800,67.5500,1313985,90749786.0000,3,0.492100,1,1.524800,42.360279,1.967611,-83.435403,6.043832,0
2019-08-12,sh.603883,67.9600,69.3900,67.0000,68.5300,68.5800,1259513,85626462.0000,3,0.471700,1,-0.072900,42.329395,1.966176,-83.374572,6.039426,0
2019-08-13,sh.603883,68.0100,68.5000,67.1200,67.9600,68.5300,872800,59211847.0000,3,0.326900,1,-0.831800,41.977319,1.949823,-82.681102,5.989193,0
2019-08-14,sh.603883,68.3500,68.9900,66.6700,68.0100,67.9600,990238,67003747.0000,3,0.370900,1,0.073600,42.008203,1.951257,-82.741933,5.993599,0
2019-08-15,sh.603883,67.5000,67.7000,66.2800,67.3600,68.0100,1079239,72240178.0000,3,0.404200,1,-0.955700,41.606713,1.932608,-81.951134,5.936316,0
2019-08-16,sh.603883,67.8000,68.7000,66.8000,67.4000,67.3600,1167902,78877879.0000,3,0.437400,1,0.059400,41.631420,1.933756,-81.999798,5.939841,0
2019-08-19,sh.603883,67.4500,72.9800,67.3800,72.7600,67.4000,2133535,150909494.0000,3,0.799100,1,7.952500,44.942168,2.087538,-88.520851,6.412208,0
2019-08-20,sh.603883,72.0700,72.6100,69.0000,70.3100,72.7600,1729000,122520897.0000,3,0.647600,1,-3.367200,43.428860,2.017246,-85.540146,6.196294,0
2019-08-21,sh.603883,69.9900,70.3000,68.2900,68.9700,70.3100,1355782,93975751.0000,3,0.507800,1,-1.905800,42.601173,1.978800,-83.909883,6.078202,0
2019-08-22,sh.603883,69.4400,71.3000,68.0100,70.2700,68.9700,1535863,107603520.0000,3,0.575200,1,1.884900,43.404153,2.016098,-85.491481,6.192769,0
2019-08-23,sh.603883,70.1000,75.3000,69.4200,75.0800,70.2700,2134328,156855067.0000,3,0.799400,1,6.845000,46.375178,2.154101,-91.343396,6.616665,0
2019-08-26,sh.603883,74.2500,77.7000,73.1200,74.5800,75.0800,1656834,124303184.0000,3,0.620500,1,-0.666000,46.066340,2.139755,-90.735088,6.572601,0
2019-08-27,sh.603883,74.6200,75.4800,72.9000,74.2000,74.5800,2304718,170923127.0000,3,0.863200,1,-0.509500,45.831623,2.128853,-90.272775,6.539113,0
2019-08-28,sh.603883,73.6400,74.7100,72.4300,73.2300,74.2000,1192039,87373657.0000,3,0.446500,1,-1.307300,45.232476,2.101023,-89.092659,6.453628,0
2019-08-29,sh.603883,73.5800,77.5000,72.7000,77.0200,73.2300,1981941,150549929.0000,3,0.742300,1,5.175500,45.610427,2.088561,77.620513,6.645021,0
2019-08-30,sh.603883,77.6700,77.6700,75.0100,75.4700,77.0200,1323151,99997195.0000,3,0.495600,1,-2.012500,44.692534,2.046529,76.058428,6.511292,0
2019-09-02,sh.603883,75.4400,76.2500,73.8800,75.8000,75.4700,1805121,135339607.0000,3,0.676100,1,0.437300,44.887956,2.055478,76.391000,6.539764,0
2019-09-03,sh.603883,75.8100,76.4000,74.1600,76.1500,75.8000,757251,57203901.0000,3,0.283600,1,0.461700,45.095222,2.064969,76.743729,6.569960,0
2019-09-04,sh.603883,76.1000,76.8300,74.5100,75.9500,76.1500,1581767,119215522.0000,3,0.592400,1,-0.262600,44.976785,2.059545,76.542170,6.552705,0
2019-09-05,sh.603883,76.0000,76.3000,73.0600,74.0700,75.9500,2838600,209697794.0000,3,1.063100,1,-2.475300,43.863468,2.008565,74.647512,6.390505,0
2019-09-06,sh.603883,73.3700,74.0200,72.1000,73.6400,74.0700,1689430,123618960.0000,3,0.632700,1,-0.580500,43.608827,1.996905,74.214159,6.353406,0
2019-09-09,sh.603883,73.7000,73.9800,69.0000,71.0500,73.6400,3102491,221748579.0000,3,1.162000,1,-3.517100,42.075057,1.926672,71.603965,6.129950,0
2019-09-10,sh.603883,71.2300,73.7300,71.0500,71.3200,71.0500,2616145,187838280.0000,3,0.979800,1,0.380000,42.234948,1.933993,71.876071,6.153245,0
2019-09-11,sh.603883,71.0000,71.8800,69.0000,69.5100,71.3200,2670011,187177418.0000,3,1.000000,1,-2.537900,41.163085,1.884911,70.051958,5.997084,0
2019-09-12,sh.603883,70.4100,70.9900,68.6000,69.0700,69.5100,1649529,114164250.0000,3,0.617800,1,-0.633000,40.902521,1.872980,69.608528,5.959122,0
2019-09-16,sh.603883,69.3500,70.6000,69.3500,69.5500,69.0700,1692766,118561917.0000,3,0.634000,1,0.695000,41.186772,1.885996,70.092270,6.000535,0
2019-09-17,sh.603883,69.5500,72.2500,69.1600,70.1200,69.5500,2006964,141733431.0000,3,0.751700,1,0.819600,41.524320,1.901453,70.666714,6.049713,0
2019-09-18,sh.603883,70.7500,73.5000,69.5800,72.3700,70.1200,2563026,185357122.0000,3,0.959900,1,3.208800,42.856747,1.962466,72.934257,6.243835,0
2019-09-19,sh.603883,72.1500,73.5000,71.8200,72.9200,72.3700,1538552,112254031.0000,3,0.576200,1,0.760000,43.182451,1.977381,73.488546,6.291287,0
2019-09-20,sh.603883,73.0200,74.3000,71.8000,73.0900,72.9200,1477034,108248230.0000,3,0.553200,1,0.233100,43.283123,1.981990,73.659871,6.305954,0
2019-09-23,sh.603883,72.2100,73.7300,71.6100,72.5900,73.0900,1004564,72831061.0000,3,0.376200,1,-0.684100,42.987028,1.968432,73.155973,6.262816,0
2019-09-24,sh.603883,73.2500,74.9300,72.6600,73.5300,72.5900,1520254,112129204.0000,3,0.569400,1,1.294900,43.543686,1.993922,74.103302,6.343916,0
2019-09-25,sh.603883,73.4900,75.6500,72.7200,74.8500,73.5300,1554291,116428952.0000,3,0.582100,1,1.795200,44.325376,2.029717,75.433593,6.457801,0
2019-09-26,sh.603883,74.9500,77.7000,74.5500,76.7000,74.8500,2422411,185207478.0000,3,0.907300,1,2.471600,45.420927,2.079883,77.298018,6.617413,0
2019-09-27,sh.603883,76.9600,76.9600,73.5000,75.3600,76.7000,1557568,117397795.0000,3,0.583400,1,-1.747100,44.627393,2.043546,75.947570,6.501802,0
2019-09-30,sh.603883,74.6200,76.4800,74.6000,75.7300,75.3600,795635,60274717.0000,3,0.298000,1,0.491000,44.846503,2.053580,76.320455,6.533724,0
2019-10-08,sh.603883,74.7500,78.8000,74.7500,76.3700,75.7300,1091211,83683468.0000,3,0.408700,1,0.845100,45.225504,2.070935,76.965445,6.588941,0
2019-10-09,sh.603883,76.0000,78.0000,74.6000,77.2500,76.3700,1226900,93854672.0000,3,0.459500,1,1.152300,45.746631,2.094798,77.852306,6.664865,0
2019-10-10,sh.603883,78.0000,79.3900,76.7000,78.7600,77.2500,1559356,121785493.0000,3,0.584000,1,1.954700,46.640837,2.135745,79.374079,6.795142,0
2019-10-11,sh.603883,77.6300,79.7000,77.2800,77.5400,78.7600,1025079,80223291.0000,3,0.383900,1,-1.549000,45.918366,2.102662,78.144567,6.689885,0
2019-10-14,sh.603883,77.3000,77.5000,75.5500,76.0600,77.5400,1775144,135077627.0000,3,0.664800,1,-1.908700,45.041925,2.062528,76.653028,6.562196,0
2019-10-15,sh.603883,75.9700,76.4200,74.1000,75.2600,76.0600,1696324,127220125.0000,3,0.635300,1,-1.051800,44.568174,2.040835,75.846790,6.493174,0
2019-10-16,sh.603883,74.9900,78.5000,74.7100,77.7000,75.2600,1817410,139800094.0000,3,0.680700,1,3.242100,46.013116,2.107000,78.305814,6.703689,0
2019-10-17,sh.603883,77.6000,77.6000,71.5800,74.4100,77.7000,4782939,352714963.0000,3,1.791400,1,-4.234200,44.064813,2.017785,74.990163,6.419839,0
2019-10-18,sh.603883,73.9700,75.5000,72.3300,74.5500,74.4100,2247107,165993662.0000,3,0.841600,1,0.188100,44.147719,2.021581,75.131254,6.431918,0
2019-10-21,sh.603883,73.0100,73.6600,70.5600,71.1900,74.5500,2033758,146212430.0000,3,0.761700,1,-4.507000,42.157963,1.930468,71.745057,6.142029,0
2019-10-22,sh.603883,71.5400,75.0000,71.0100,74.1900,71.1900,1538611,113169004.0000,3,0.576300,1,4.214100,43.934531,2.011819,74.768448,6.400858,0
2019-10-23,sh.603883,74.7200,76.1000,70.8900,71.1200,74.1900,1644252,118496421.0000,3,0.615800,1,-4.138000,42.116510,1.928570,71.674511,6.135989,0
2019-10-24,sh.603883,71.2700,71.2700,68.7800,70.5000,71.1200,1340983,94233776.0000,3,0.502200,1,-0.871800,41.749352,1.911757,71.049677,6.082498,0
2019-10-25,sh.603883,70.4700,70.7800,69.0300,70.2700,70.5000,1362793,95391909.0000,3,0.510400,1,-0.326200,41.613149,1.905520,70.817884,6.062654,0
2019-10-28,sh.603883,69.5000,71.4900,69.1000,70.5100,70.2700,1513219,105733324.0000,3,0.566700,1,0.341500,41.755274,1.912028,71.059755,6.083361,0
2019-10-29,sh.603883,70.4900,70.6300,69.0300,69.0600,70.5100,1016559,70633415.0000,3,0.380700,1,-2.056500,40.896600,1.872708,69.598450,5.958260,0
2019-10-30,sh.603883,69.2000,69.2000,66.8100,67.6000,69.0600,2545458,171905999.0000,3,0.953400,1,-2.114100,40.032003,1.833117,68.127066,5.832296,0
2019-10-31,sh.603883,69.1400,70.4600,67.5600,68.2100,67.6000,2588803,179099998.0000,3,0.969600,1,0.902400,38.731866,1.765861,1077.609850,5.905101,0
2019-11-01,sh.603883,69.3200,72.2500,68.1800,71.6000,68.2100,2725508,193695353.0000,3,1.020800,1,4.969900,40.656819,1.853623,1131.166475,6.198581,0
2019-11-04,sh.603883,71.9000,73.0800,71.2200,72.2900,71.6000,1891099,136314099.0000,3,0.708300,1,0.963700,41.048623,1.871486,1142.067381,6.258316,0
2019-11-05,sh.603883,72.9700,73.0500,71.0000,71.6000,72.2900,1305576,93900990.0000,3,0.489000,1,-0.954500,40.656819,1.853623,1131.166475,6.198581,0
2019-11-06,sh.603883,72.1000,72.1000,69.7000,70.5500,71.6000,1674009,117902372.0000,3,0.627000,1,-1.466500,40.060594,1.826440,1114.578139,6.107681,0
2019-11-07,sh.603883,70.6000,72.4300,70.5000,71.6200,70.5500,1423817,102019923.0000,3,0.533300,1,1.516700,40.668175,1.854141,1131.482443,6.200313,0
2019-11-08,sh.603883,73.1900,73.2000,71.0100,72.0000,71.6200,1591123,114637238.0000,3,0.595900,1,0.530600,40.883952,1.863978,1137.485840,6.233210,0
2019-11-11,sh.603883,71.6400,72.4000,70.0000,71.0600,72.0000,1112399,79245660.0000,3,0.416600,1,-1.305600,40.350189,1.839643,1122.635331,6.151832,0
2019-11-12,sh.603883,71.0000,71.4700,69.3000,71.4600,71.0600,1004173,71013344.0000,3,0.376100,1,0.562900,40.577322,1.849998,1128.954697,6.186461,0
2019-11-13,sh.603883,71.7900,71.9000,70.2300,71.7700,71.4600,1743483,123882401.0000,3,0.653000,1,0.433800,40.753350,1.858024,1133.852205,6.213299,0
2019-11-14,sh.603883,71.8200,73.8200,71.0200,73.3000,71.7700,1528453,111042799.0000,3,0.572500,1,2.131800,41.622134,1.897633,1158.023779,6.345755,0
2019-11-15,sh.603883,74.3100,74.3500,69.0000,69.3600,73.3000,2728109,192812693.0000,3,1.021800,1,-5.375200,39.384873,1.795632,1095.778026,6.004659,0
2019-11-18,sh.603883,69.4000,70.6500,68.1800,69.6600,69.3600,2625068,181496458.0000,3,0.983200,1,0.432500,39.555223,1.803399,1100.517551,6.030631,0
2019-11-19,sh.603883,69.6600,72.8800,68.4400,72.4300,69.6600,2333079,166881538.0000,3,0.873800,1,3.976500,41.128120,1.875110,1144.279159,6.270437,0
2019-11-20,sh.603883,73.3800,73.3800,70.0300,70.6400,72.4300,2443674,173997455.0000,3,0.915200,1,-2.471400,40.111699,1.828770,1115.999997,6.115472,0
2019-11-21,sh.603883,70.9700,71.1400,67.6000,68.5400,70.6400,2631978,181108645.0000,3,0.985800,1,-2.972800,38.919251,1.774404,1082.823326,5.933670,0
2019-11-22,sh.603883,68.5200,69.9600,67.8900,69.6600,68.5400,3750151,257801078.0000,3,1.404600,1,1.634100,39.555223,1.803399,1100.517551,6.030631,0
2019-11-25,sh.603883,69.6000,69.7800,66.6000,69.3000,69.6600,3033395,205242007.0000,3,1.136100,1,-0.516800,39.350803,1.794079,1094.830121,5.999465,0
2019-11-26,sh.603883,68.7800,69.3000,67.2100,67.2100,69.3000,2535899,172707676.0000,3,0.949800,1,-3.015900,38.164033,1.739972,1061.811435,5.818529,0
2019-11-27,sh.603883,68.4900,70.3800,67.7500,68.8300,67.2100,1821045,126072741.0000,3,0.682000,1,2.410400,39.083922,1.781911,1087.404867,5.958776,0
2019-11-28,sh.603883,70.5000,73.8800,70.5000,73.0000,68.8300,4054516,292947269.0000,3,1.518500,1,6.058400,41.470730,1.890731,1153.811361,6.322671,0
2019-11-29,sh.603883,73.4800,73.8700,68.0900,68.4000,73.0000,3332959,233376933.0000,3,1.248300,1,-6.301400,38.857506,1.771589,1081.105440,5.924256,0
2019-12-02,sh.603883,68.0000,68.1000,66.0000,67.1600,68.4000,1590349,106572807.0000,3,0.595600,1,-1.812900,38.153071,1.739472,1061.506452,5.816858,0
2019-12-03,sh.603883,66.5000,67.3600,65.3600,66.7000,67.1600,1216009,80344297.0000,3,0.455400,1,-0.684900,37.891749,1.727558,1054.235860,5.777016,0
2019-12-04,sh.603883,66.4900,67.4900,65.8900,66.7100,66.7000,903256,60297321.0000,3,0.338300,1,0.015000,37.897430,1.727817,1054.393916,5.777882,0
2019-12-05,sh.603883,66.8000,67.6300,66.5400,66.8000,66.7100,722666,48398826.0000,3,0.270700,1,0.134900,37.948558,1.730148,1055.816423,5.785677,0
2019-12-06,sh.603883,67.1200,67.4800,66.2000,67.3100,66.8000,748596,50184616.0000,3,0.280400,1,0.763500,38.238285,1.743357,1063.877297,5.829849,0
2019-12-09,sh.603883,66.8300,67.4700,64.0200,65.3000,67.3100,2361965,153705666.0000,3,0.884600,1,-2.986200,37.096420,1.691297,1032.107971,5.655759,0
2019-12-10,sh.603883,64.9800,65.7300,64.4800,65.4000,65.3000,1400954,90983743.0000,3,0.524700,1,0.153100,37.153229,1.693887,1033.688534,5.664421,0
2019-12-11,sh.603883,65.5000,65.7500,64.2900,64.4600,65.4000,1350285,87319342.0000,3,0.505700,1,-1.437300,36.619222,1.669541,1018.831237,5.583005,0
2019-12-12,sh.603883,64.0400,64.9800,63.9000,64.0200,64.4600,1235053,79373373.0000,3,0.462600,1,-0.682600,36.369262,1.658145,1011.876758,5.544896,0
2019-12-13,sh.603883,64.3200,64.5500,63.9000,64.0000,64.0200,1179742,75614258.0000,3,0.441800,1,-0.031200,36.357900,1.657627,1011.560645,5.543164,0
2019-12-16,sh.603883,64.0100,64.6500,63.6600,64.5000,64.0000,1363936,87499606.0000,3,0.510800,1,0.781200,36.641946,1.670577,1019.463463,5.586470,0
2019-12-17,sh.603883,64.5500,65.6100,64.1000,65.0300,64.5000,2407532,156047502.0000,3,0.901700,1,0.821700,36.943035,1.684304,1027.840449,5.632374,0
2019-12-18,sh.603883,65.2000,65.8000,63.8800,64.0100,65.0300,2632305,169938594.0000,3,0.985900,1,-1.568500,36.363581,1.657886,1011.718702,5.544030,0
2019-12-19,sh.603883,63.9000,64.2000,62.0200,63.3900,64.0100,1500233,94675914.0000,3,0.561900,1,-0.968600,36.011364,1.641828,1001.919208,5.490331,0
2019-12-20,sh.603883,63.3900,63.7500,62.7900,63.1900,63.3900,1494851,94376503.0000,3,0.559900,1,-0.315500,35.897745,1.636648,998.758081,5.473008,0
2019-12-23,sh.603883,63.5000,63.5000,62.2000,62.5000,63.1900,1727398,108391171.0000,3,0.647000,1,-1.091900,35.505762,1.618776,987.852193,5.413246,0
2019-12-24,sh.603883,62.5100,63.0000,61.2500,61.9500,62.5000,2250421,139596851.0000,3,0.842800,1,-0.880000,35.193311,1.604531,979.159093,5.365609,0
2019-12-25,sh.603883,61.9000,62.6000,60.4300,62.5100,61.9500,2683494,165255316.0000,3,1.005000,1,0.904000,35.511443,1.619035,988.010249,5.414112,0
2019-12-26,sh.603883,62.1000,63.1900,61.8900,62.5500,62.5100,1705296,106659262.0000,3,0.638700,1,0.064000,35.534166,1.620071,988.642474,5.417577,0
2019-12-27,sh.603883,62.0000,64.4200,62.0000,63.2400,62.5500,2453742,156119520.0000,3,0.919000,1,1.103100,35.926150,1.637943,999.548363,5.477339,0
2019-12-30,sh.603883,63.2000,64.2000,61.7100,63.8500,63.2400,2062146,130802800.0000,3,0.772300,1,0.964600,36.272686,1.653742,1009.189800,5.530172,0
2019-12-31,sh.603883,64.1000,64.5000,63.7800,64.0800,63.8500,2394430,153789474.0000,3,0.896800,1,0.360200,36.403347,1.659699,1012.825096,5.550093,0
2020-01-02,sh.603883,64.6400,66.4000,63.1800,65.8000,64.0800,2660852,172783434.0000,3,0.996600,1,2.684100,37.380466,1.704248,1040.010788,5.699065,0
2020-01-03,sh.603883,65.1000,66.4800,64.8000,66.1200,65.8000,1616982,106150757.0000,3,0.605600,1,0.486300,37.562255,1.712536,1045.068592,5.726781,0
2020-01-06,sh.603883,66.2500,66.4000,64.1100,64.3600,66.1200,1891676,122932519.0000,3,0.708500,1,-2.661800,36.562413,1.666951,1017.250674,5.574344,0
2020-01-07,sh.603883,64.8500,65.7500,64.3400,64.8300,64.3600,1803261,116660730.0000,3,0.675400,1,0.730300,36.829417,1.679124,1024.679322,5.615052,0
2020-01-08,sh.603883,65.5100,65.5300,64.1500,64.6300,64.8300,1888469,122206720.0000,3,0.707300,1,-0.308500,36.715798,1.673944,1021.518195,5.597729,0
2020-01-09,sh.603883,65.1000,68.1400,65.0000,67.8000,64.6300,3307904,221609445.0000,3,1.238900,1,4.904900,38.516650,1.756048,1071.622059,5.872289,0
2020-01-10,sh.603883,67.5900,69.0000,67.1000,67.6000,67.8000,1397488,94821257.0000,3,0.523400,1,-0.295000,38.403032,1.750868,1068.460932,5.854967,0
2020-01-13,sh.603883,67.4400,68.3500,66.4600,66.9800,67.6000,1460038,97853284.0000,3,0.546800,1,-0.917200,38.050815,1.734810,1058.661438,5.801267,0
2020-01-14,sh.603883,67.1000,67.4500,66.0600,66.3300,66.9800,2028456,134811085.0000,3,0.759700,1,-0.970400,37.681555,1.717975,1048.387775,5.744970,0
2020-01-15,sh.603883,66.4800,67.3500,65.7600,67.1200,66.3300,2403214,160090514.0000,3,0.900100,1,1.191000,38.130374,1.738437,1060.874959,5.813397,0
2020-01-16,sh.603883,66.9000,66.9000,65.3500,66.0500,67.1200,1686281,111067471.0000,3,0.631600,1,-1.594200,37.522515,1.710724,1043.962918,5.720722,0
2020-01-17,sh.603883,65.8500,69.3400,65.2000,68.9800,66.0500,2679516,182062052.0000,3,1.003600,1,4.436000,39.187026,1.786612,1090.273461,5.974495,0
2020-01-20,sh.603883,69.0700,72.3200,68.2700,71.7400,68.9800,3263510,231253059.0000,3,1.222300,1,4.001200,40.754962,1.858097,1133.897044,6.213545,0
2020-01-21,sh.603883,73.0000,75.0000,71.3000,72.5000,71.7400,2686315,195151491.0000,3,1.006100,1,1.059400,41.186712,1.877782,1145.909335,6.279370,0
2020-01-22,sh.603883,74.8100,76.1200,72.8400,74.0400,72.5000,2351005,174372419.0000,3,0.880500,1,2.124100,42.061575,1.917668,1170.250030,6.412752,0
2020-01-23,sh.603883,74.4300,75.7800,72.0200,73.5000,74.0400,2141790,157567917.0000,3,0.802200,1,-0.729300,41.754805,1.903682,1161.714981,6.365982,0
2020-02-03,sh.603883,76.0000,80.0000,69.7500,69.7500,73.5000,4332533,321298837.0000,3,1.622700,1,-5.102000,39.624457,1.806556,1102.443808,6.041187,0
2020-02-04,sh.603883,70.6800,72.8000,68.2700,71.1600,69.7500,3649642,257828074.0000,3,1.366900,1,2.021500,40.425468,1.843075,1124.729769,6.163310,0
2020-02-05,sh.603883,71.3400,72.3000,69.8100,72.1000,71.1600,2266763,161403424.0000,3,0.849000,1,1.321000,40.959475,1.867422,1139.587076,6.244725,0
2020-02-06,sh.603883,72.1000,76.9800,72.0200,74.8200,72.1000,5278901,399324677.0000,3,1.977100,1,3.772500,42.504687,1.937871,1182.578434,6.480309,0
2020-02-07,sh.603883,75.9900,78.5300,73.8800,76.2500,74.8200,3223707,244816604.0000,3,1.207400,1,1.911300,43.317059,1.974908,1205.180507,6.604165,0
2020-02-10,sh.603883,76.0000,76.4500,73.1900,74.0000,76.2500,2647855,197144572.0000,3,0.991700,1,-2.950800,42.038851,1.916632,1169.617804,6.409288,0
2020-02-11,sh.603883,74.2500,74.6600,72.5100,73.9600,74.0000,1586426,117000915.0000,3,0.594200,1,-0.054100,42.016127,1.915596,1168.985578,6.405823,0
2020-02-12,sh.603883,74.3000,74.3900,71.5600,72.1700,73.9600,3669493,264813794.0000,3,1.374300,1,-2.420200,40.999241,1.869235,1140.693472,6.250788,0
2020-02-13,sh.603883,72.7500,72.7500,70.3500,70.7200,72.1700,1975602,140068526.0000,3,0.739900,1,-2.009100,40.175507,1.831679,1117.775285,6.125200,0
2020-02-14,sh.603883,70.7200,71.3200,69.4000,70.1200,70.7200,1907154,134039228.0000,3,0.714300,1,-0.848400,39.834652,1.816139,1108.291897,6.073233,0
2020-02-17,sh.603883,70.8700,72.5000,69.6300,71.8800,70.1200,2288544,163410730.0000,3,0.857100,1,2.510000,40.834495,1.861723,1136.109834,6.225670,0
2020-02-18,sh.603883,72.5000,72.6200,71.0200,71.7000,71.8800,1972876,141857097.0000,3,0.738900,1,-0.250400,40.732238,1.857061,1133.264818,6.210080,0
2020-02-19,sh.603883,71.4700,71.9600,69.8000,69.8500,71.7000,1769850,124457361.0000,3,0.662900,1,-2.580200,40.732238,1.857061,1133.264818,6.210080,0
2020-02-20,sh.603883,70.0500,71.1800,69.5400,70.6900,69.8500,1682457,118296112.0000,3,0.630100,1,1.202600,40.158464,1.830902,1117.301116,6.122602,0
2020-02-21,sh.603883,70.4000,71.7400,68.7700,71.2100,70.6900,3210580,225143665.0000,3,1.202500,1,0.735600,40.453873,1.844370,1125.520052,6.167640,0
2020-02-24,sh.603883,70.8700,71.0000,68.8000,69.3200,71.2100,2756545,191285617.0000,3,1.032400,1,-2.654100,39.380178,1.795418,1095.647381,6.003943,0
2020-02-25,sh.603883,69.1400,70.0800,67.9000,68.2700,69.3200,2540044,174395644.0000,3,0.951300,1,-1.514700,38.783680,1.768223,1079.051452,5.913001,0
2020-02-26,sh.603883,68.2500,69.8800,66.5000,68.8000,68.2700,2992452,204783189.0000,3,1.120800,1,0.776300,39.084770,1.781950,1087.428445,5.958905,0
2020-02-27,sh.603883,69.0100,71.9000,68.0200,70.7700,68.8000,2854955,200645161.0000,3,1.069300,1,2.863400,40.203912,1.832974,1118.565567,6.129531,0
2020-02-28,sh.603883,70.1400,70.4800,68.4200,68.6000,70.7700,2077468,143492677.0000,3,0.778100,1,-3.066300,38.971151,1.776770,1084.267315,5.941583,0
2020-03-02,sh.603883,68.9100,70.8900,68.8100,70.6000,68.6000,1848744,129944812.0000,3,0.692400,1,2.915500,40.107336,1.828571,1115.878607,6.114807,0
2020-03-03,sh.603883,71.5800,74.1500,71.4000,72.6600,70.6000,3101472,226569273.0000,3,1.161600,1,2.917900,41.277607,1.881926,1148.438238,6.293228,0
2020-03-04,sh.603883,72.5800,75.5000,72.1400,75.3800,72.6600,2740558,204177102.0000,3,1.026400,1,3.743500,42.822819,1.952375,1191.429595,6.528812,0
2020-03-05,sh.603883,76.2800,79.2000,75.4100,78.0200,75.3800,3242716,251104159.0000,3,1.214500,1,3.502300,44.322583,2.020752,1233.156501,6.757468,0
2020-03-06,sh.603883,78.0200,80.5500,77.2000,78.3700,78.0200,2649387,208812606.0000,3,0.992300,1,0.448600,44.521415,2.029817,1238.688477,6.787782,0
2020-03-09,sh.603883,78.7000,79.8100,75.6800,76.5000,78.3700,3538464,273765981.0000,3,1.325300,1,-2.386100,43.459082,1.981383,1209.131919,6.625818,0
2020-03-10,sh.603883,76.6000,78.5000,73.5600,75.2100,76.5000,2926933,222197817.0000,3,1.096200,1,-1.686300,42.726243,1.947972,1188.742636,6.514088,0
2020-03-11,sh.603883,76.1800,77.2600,74.6000,76.2200,75.2100,1769778,134587528.0000,3,0.662800,1,1.342900,43.300016,1.974131,1204.706338,6.601566,0
2020-03-12,sh.603883,75.6300,75.8600,73.8800,74.3800,76.2200,1718269,128391819.0000,3,0.643500,1,-2.414100,42.254726,1.926475,1175.623949,6.442200,0
2020-03-13,sh.603883,70.4200,75.5000,70.0000,72.2700,74.3800,2389605,171937684.0000,3,0.895000,1,-2.836800,41.056051,1.871825,1142.274036,6.259449,0
2020-03-16,sh.603883,72.2700,72.9700,67.8300,68.0000,72.2700,2503954,174931254.0000,3,0.937800,1,-5.908400,38.630295,1.761230,1074.783928,5.889616,0
2020-03-17,sh.603883,68.7900,68.7900,65.6000,67.1000,68.0000,2000353,134274696.0000,3,0.749200,1,-1.323500,38.119012,1.737919,1060.558846,5.811665,0
2020-03-18,sh.603883,67.2100,70.6700,65.6300,67.1500,67.1000,2054249,141111861.0000,3,0.769400,1,0.074500,38.147417,1.739214,1061.349129,5.815995,0
2020-03-19,sh.603883,67.3600,69.2800,66.6000,67.5000,67.1500,2899468,196372978.0000,3,1.085900,1,0.521200,38.346249,1.748280,1066.881105,5.846310,0
2020-03-20,sh.603883,68.3000,73.7000,68.3000,72.1200,67.5000,2288848,163993854.0000,3,0.857200,1,6.844400,40.970837,1.867940,1139.903189,6.246457,0
2020-03-23,sh.603883,71.0000,73.5200,69.9000,70.5900,72.1200,2743665,196596554.0000,3,1.027600,1,-2.121500,40.101655,1.828312,1115.720551,6.113941,0
2020-03-24,sh.603883,71.7000,74.4400,71.7000,73.0600,70.5900,2144612,156386545.0000,3,0.803200,1,3.499100,41.504844,1.892286,1154.760497,6.327872,0
2020-03-25,sh.603883,75.9700,76.1000,74.3500,75.2600,73.0600,1843162,138458399.0000,3,0.690300,1,3.011200,42.754648,1.949267,1189.532918,6.518419,0
2020-03-26,sh.603883,75.2000,77.3800,74.1300,76.2100,75.2600,1940220,147733324.0000,3,0.726700,1,1.262300,43.280288,1.973232,1204.157444,6.598558,0
2020-03-27,sh.603883,77.1000,77.6000,75.6700,76.2000,76.2100,1077142,82259151.0000,3,0.403400,1,-0.013100,43.274609,1.972973,1203.999439,6.597693,0
2020-03-30,sh.603883,76.2000,78.4800,75.1300,76.1000,76.2000,1547659,118366447.0000,3,0.579600,1,-0.131200,43.217818,1.970384,1202.419387,6.589034,0
2020-03-31,sh.603883,76.5600,78.4000,75.7100,77.9000,76.1000,2234794,172980564.0000,3,0.837000,1,2.365300,44.240053,2.016989,1230.860319,6.744885,0
2020-04-01,sh.603883,77.6300,77.7000,76.0400,77.1900,77.9000,1931297,148528048.0000,3,0.723300,1,-0.911400,43.836838,1.998606,1219.641951,6.683411,0
2020-04-02,sh.603883,76.9600,78.8000,76.0000,78.6500,77.1900,1787343,138970976.0000,3,0.669400,1,1.891400,44.666313,2.036423,1242.719865,6.809873,0
2020-04-03,sh.603883,78.6900,83.6900,78.6900,82.1000,78.6500,2503193,204526746.0000,3,0.937500,1,4.386500,46.625611,2.125752,1297.232052,7.108590,0
2020-04-07,sh.603883,83.6200,83.6200,80.6700,82.1900,82.1000,1838166,150959940.0000,3,0.688400,1,0.109600,46.676723,2.128082,1298.654109,7.116383,0
2020-04-08,sh.603883,82.4200,83.3000,81.0000,82.5300,82.1900,1707701,140274923.0000,3,0.639600,1,0.413700,46.869813,2.136885,1304.026325,7.145821,0
2020-04-09,sh.603883,82.5300,84.5000,81.8000,83.1600,82.5300,1144322,95257186.0000,3,0.428600,1,0.763400,47.227598,2.153197,1313.980724,7.200370,0
2020-04-10,sh.603883,83.7900,84.8400,80.9100,81.5000,83.1600,1459010,120221357.0000,3,0.546400,1,-1.996200,46.284864,2.110216,1287.751672,7.056639,0
2020-04-13,sh.603883,80.8500,82.5000,79.5300,81.6500,81.5000,1451871,117824575.0000,3,0.543800,1,0.184100,46.370050,2.114100,1290.121767,7.069627,0
2020-04-14,sh.603883,82.0000,82.9400,80.0600,82.7300,81.6500,1831322,149568403.0000,3,0.685900,1,1.322700,46.983396,2.142064,1307.186451,7.163138,0
2020-04-15,sh.603883,82.7500,85.2500,81.8100,83.4900,82.7300,1986092,164784468.0000,3,0.743800,1,0.918600,47.415009,2.161742,1319.194933,7.228942,0
2020-04-16,sh.603883,82.6500,85.0000,81.2100,84.3700,83.4900,2258903,187917626.0000,3,0.846000,1,1.054000,47.914772,2.184527,1333.099491,7.305137,0
2020-04-17,sh.603883,83.8900,84.2900,81.3300,82.4500,84.3700,1658657,136750534.0000,3,0.621200,1,-2.275700,46.824380,2.134814,1302.762274,7.138895,0
2020-04-20,sh.603883,82.2200,84.7300,81.8100,83.3500,82.4500,2122918,176095247.0000,3,0.795100,1,1.091600,47.335502,2.158117,1316.982844,7.216821,0
2020-04-21,sh.603883,83.0000,83.4500,81.0000,82.2000,83.3500,1934542,158659567.0000,3,0.724500,1,-1.379700,46.682402,2.128341,1298.812115,7.117248,0
2020-04-22,sh.603883,81.8400,83.8000,80.5000,83.0400,82.2000,1732568,142931774.0000,3,0.648900,1,1.021900,47.159449,2.150090,1312.084648,7.189979,0
2020-04-23,sh.603883,83.7100,85.4900,82.5100,83.5000,83.0400,1267668,106118163.0000,3,0.474800,1,0.553900,47.420688,2.162001,1319.352940,7.229808,0
2020-04-24,sh.603883,83.8800,84.1700,82.0000,83.5500,83.5000,2228703,184701916.0000,3,0.834700,1,0.059900,47.449084,2.163295,1320.142971,7.234137,0
2020-04-27,sh.603883,83.3100,85.6600,82.1600,84.2000,83.5500,2038431,172077132.0000,3,0.763400,1,0.778000,47.818227,2.180125,1330.413383,7.290417,0
2020-04-28,sh.603883,84.8000,84.9000,79.6000,81.7000,84.2000,4448017,362477557.0000,3,1.665900,1,-2.969100,42.932134,1.916448,145.282657,6.447596,0
2020-04-29,sh.603883,80.9400,83.9800,78.0400,78.9500,81.7000,3310532,268358144.0000,3,1.239900,1,-3.366000,41.487050,1.851940,140.392482,6.230572,0
2020-04-30,sh.603883,78.3800,79.5000,75.5100,76.0900,78.9500,4851608,370915114.0000,3,1.817100,1,-3.622500,39.984162,1.784853,135.306700,6.004867,0
2020-05-06,sh.603883,75.9400,78.8700,75.3000,78.6900,76.0900,3288468,254077160.0000,3,1.231600,1,3.417000,41.350424,1.845842,139.930138,6.210053,0
2020-05-07,sh.603883,78.7900,80.2600,77.6400,78.0000,78.6900,2638321,207591364.0000,3,0.988100,1,-0.876900,40.987839,1.829656,138.703149,6.155600,0
2020-05-08,sh.603883,79.9000,79.9000,77.6000,79.3700,78.0000,1917969,151824304.0000,3,0.716700,1,1.756400,41.707753,1.861792,141.139345,6.263718,0
2020-05-11,sh.603883,79.5000,80.4500,76.3500,76.8900,79.3700,2704951,209697595.0000,3,1.010800,1,-3.124600,40.404550,1.803619,136.729296,6.068001,0
2020-05-12,sh.603883,77.0100,79.4800,76.5100,78.9100,76.8900,2077965,162432954.0000,3,0.776500,1,2.627100,41.466030,1.851002,140.321352,6.227415,0
2020-05-13,sh.603883,78.8500,81.2500,78.4000,79.9500,78.9100,2351884,188030727.0000,3,0.878900,1,1.317900,42.012535,1.875398,142.170727,6.309490,0
2020-05-14,sh.603883,79.5000,79.8500,77.8300,78.0000,79.9500,1724091,135202463.0000,3,0.644300,1,-2.439000,40.987839,1.829656,138.703149,6.155600,0
2020-05-15,sh.603883,77.7800,78.7600,75.1200,76.6400,78.0000,2486319,190042900.0000,3,0.929100,1,-1.743600,40.273179,1.797754,136.284735,6.048272,0
2020-05-18,sh.603883,75.1900,80.5000,75.1900,79.6000,76.6400,2953944,232712813.0000,3,1.103900,1,3.862200,41.828615,1.867188,141.548341,6.281869,0
2020-05-19,sh.603883,80.5400,81.6400,77.6000,81.1100,79.6000,3810937,303721056.0000,3,1.424100,1,1.897000,42.622098,1.902608,144.233492,6.401035,0
2020-05-20,sh.603883,80.3400,80.3400,77.0600,78.3300,81.1100,4667401,364546561.0000,3,1.744200,1,-3.427400,41.161249,1.837397,139.289970,6.181643,0
2020-05-21,sh.603883,78.3300,81.7100,77.7000,81.0000,78.3300,3121129,250175814.0000,3,1.166300,1,3.408700,42.564294,1.900028,144.037885,6.392354,0
2020-05-22,sh.603883,80.5000,82.8800,79.5000,79.9800,81.0000,2710019,218307775.0000,3,0.992700,1,-1.259300,42.820748,1.911475,144.905726,6.430868,0
2020-05-25,sh.603883,79.5500,80.9900,78.2700,80.3000,79.9800,1932569,153989827.0000,3,0.707900,1,0.400100,42.992074,1.919123,145.485494,6.456598,0
2020-05-26,sh.603883,80.3000,81.4900,79.6000,79.9900,80.3000,2405734,193379095.0000,3,0.881200,1,-0.386100,42.826102,1.911714,144.923844,6.431672,0
2020-05-27,sh.603883,80.4000,80.8200,77.8600,80.4600,79.9900,2438656,193964227.0000,3,0.893300,1,0.587600,43.077736,1.922947,145.775378,6.469463,0
2020-05-28,sh.603883,79.9900,82.2700,78.7800,81.1300,80.4600,2700600,217612546.0000,3,0.989200,1,0.832700,43.436450,1.938960,146.989267,6.523335,0
2020-05-29,sh.603883,80.4200,84.5800,79.5100,84.5500,81.1300,3097841,258414684.0000,3,1.134700,1,4.215500,45.267495,2.020696,153.185535,6.798324,0
2020-06-01,sh.603883,84.8400,86.9000,83.0400,83.6500,84.5500,3545371,297847255.0000,3,1.298700,1,-1.064500,44.785641,1.999186,151.554938,6.725958,0
2020-06-02,sh.603883,83.6000,83.7000,80.4000,80.4000,83.6500,2754000,225281353.0000,3,1.008800,1,-3.885200,43.045613,1.921513,145.666671,6.464639,0
2020-06-03,sh.603883,80.7000,82.4500,79.4900,82.0500,80.4000,2536542,206676101.0000,3,0.929100,1,2.052200,43.929012,1.960947,148.656099,6.597309,0
2020-06-04,sh.603883,81.7900,83.3700,81.5000,82.6000,82.0500,1971813,163017445.0000,3,0.722300,1,0.670300,44.223478,1.974092,149.652575,6.641532,0
2020-06-05,sh.603883,82.6700,82.7900,80.5700,81.4700,82.6000,1350114,109545341.0000,3,0.494500,1,-1.368000,43.618484,1.947086,147.605270,6.550673,0
2020-06-08,sh.603883,81.4700,81.8000,78.9700,79.9600,81.4700,2791705,222756744.0000,3,1.022600,1,-1.853400,42.810040,1.910997,144.869490,6.429260,0
2020-06-09,sh.603883,79.8500,80.4600,79.2000,80.2800,79.9600,1855766,148502788.0000,3,0.679800,1,0.400200,42.981366,1.918645,145.449258,6.454990,0
2020-06-10,sh.603883,80.4000,82.6000,80.2400,82.4800,80.2800,2228240,182177706.0000,3,0.816200,1,2.740400,44.159231,1.971224,149.435162,6.631883,0
2020-06-11,sh.603883,82.7000,83.5000,79.5600,80.1000,82.4800,2320381,188286914.0000,3,0.849900,1,-2.885600,42.884995,1.914343,145.123139,6.440517,0
2020-06-12,sh.603883,79.0000,82.3500,78.5000,82.1900,80.1000,2020845,164065807.0000,3,0.740200,1,2.609200,44.003967,1.964293,148.909748,6.608566,0
2020-06-15,sh.603883,82.9000,90.4100,82.2700,90.4100,82.1900,5142225,452148585.0000,3,1.883600,1,10.001200,48.404899,2.160746,163.802534,7.269503,0
2020-06-16,sh.603883,90.8800,93.0000,89.5000,90.9000,90.4100,4315171,393001671.0000,3,1.580600,1,0.542000,48.667241,2.172457,164.690304,7.308901,0
2020-06-17,sh.603883,91.8500,96.0000,91.0000,94.4500,90.9000,4062008,381001945.0000,3,1.487900,1,3.905400,50.567887,2.257300,171.122103,7.594343,0
2020-06-18,sh.603883,94.6000,100.1900,94.5000,97.0500,94.4500,5288604,511849633.0000,3,1.937200,1,2.752800,51.959910,2.319438,175.832717,7.803398,0
2020-06-19,sh.603883,97.1400,103.5000,96.5000,103.2500,97.0500,5720719,571355042.0000,3,2.095500,1,6.388500,55.279347,2.467615,187.065719,8.301915,0
2020-06-22,sh.603883,101.7000,102.9600,95.3600,98.9600,103.2500,6741710,659148191.0000,3,2.469500,1,-4.155000,52.982511,2.365086,179.293206,7.956973,0
2020-06-23,sh.603883,97.8000,97.8900,94.0000,95.4000,98.9600,6389870,609040460.0000,3,2.340600,1,-3.597400,51.076511,2.280004,172.843289,7.670728,0
2020-06-24,sh.603883,95.8500,96.4900,93.5600,94.0000,95.4000,3488861,330519774.0000,3,1.278000,1,-1.467500,50.326960,2.246545,170.306805,7.558160,0
2020-06-29,sh.603883,94.8000,98.3600,94.8000,96.4800,94.0000,6342809,611386406.0000,3,2.323300,1,2.638300,51.654735,2.305816,174.800005,7.757567,0
2020-06-30,sh.603883,96.5500,103.2500,96.5500,100.0400,96.4800,4809270,482606792.0000,3,1.761600,1,3.689900,53.560735,2.390898,181.249923,8.043812,0
2020-07-01,sh.603883,101.2700,102.1800,94.9900,96.1900,100.0400,4247299,417289071.0000,3,1.555800,1,-3.848500,51.499471,2.298885,174.274591,7.734249,0
2020-07-02,sh.603883,96.9800,97.6000,93.4000,94.7000,96.1900,5280720,502851818.0000,3,1.934300,1,-1.549000,50.701736,2.263275,171.575047,7.614444,0
2020-07-03,sh.603883,93.6500,94.9400,91.4800,93.8000,94.7000,4478254,418243917.0000,3,1.640400,1,-0.950400,50.219882,2.241765,169.944450,7.542079,0
2020-07-06,sh.603883,93.7500,94.5000,91.5000,91.8500,93.8000,6542985,602563190.0000,3,2.396700,1,-2.078900,49.175865,2.195161,166.411489,7.385287,0
2020-07-07,sh.603883,92.0300,93.3800,90.1500,92.7300,91.8500,7142518,654816525.0000,3,2.616300,1,0.958100,49.647011,2.216193,168.005851,7.456044,0
2020-07-08,sh.603883,92.7200,93.6000,91.5800,93.3500,92.7300,5439610,502724297.0000,3,1.992500,1,0.668600,49.978955,2.231011,169.129151,7.505896,0
2020-07-09,sh.603883,93.3000,99.4000,92.1700,99.0900,93.3500,6908173,663621609.0000,3,2.530400,1,6.148900,53.052112,2.368193,179.528737,7.967426,0
2020-07-10,sh.603883,99.1200,100.8800,97.7000,98.3500,99.0900,5396188,533741471.0000,3,1.976600,1,-0.746800,52.655921,2.350508,178.188024,7.907926,0
2020-07-13,sh.603883,98.0000,100.5500,97.0400,98.9900,98.3500,5640008,554623619.0000,3,2.065900,1,0.650700,52.998572,2.365803,179.347559,7.959386,0
2020-07-14,sh.603883,99.0000,106.4700,98.0900,105.5700,98.9900,7599974,769787327.0000,3,2.783800,1,6.647100,56.521460,2.523061,191.269036,8.488457,0
2020-07-15,sh.603883,104.9900,116.1300,104.0000,109.9000,105.5700,6868388,762230199.0000,3,2.515900,1,4.101500,58.839712,2.626546,199.114019,8.836615,0
2020-07-16,sh.603883,109.5200,109.5200,100.0200,101.0900,109.9000,4720129,497049207.0000,3,1.729000,1,-8.016400,54.122898,2.415992,183.152286,8.128238,0
2020-07-17,sh.603883,101.0000,107.3000,100.0000,104.5200,101.0900,4008278,416817574.0000,3,1.468200,1,3.393000,55.959297,2.497967,189.366673,8.404031,0
2020-07-20,sh.603883,105.9800,106.9900,101.2000,104.8000,104.5200,4042667,418569888.0000,3,1.480800,1,0.267900,56.109207,2.504659,189.873969,8.426544,0
2020-07-21,sh.603883,104.7600,106.6500,102.6100,105.0000,104.8000,3412837,356151942.3000,3,1.250100,1,0.190800,56.216285,2.509439,190.236324,8.442625,0
2020-07-22,sh.603883,105.0000,112.5000,103.6100,111.5000,105.0000,5763312,630524780.0300,3,2.111100,1,6.190500,59.696341,2.664785,202.012859,8.965264,0
2020-07-23,sh.603883,109.3800,115.8000,108.0200,115.2000,111.5000,4443041,497125992.7400,3,1.627500,1,3.318400,61.677296,2.753213,208.716424,9.262766,0
2020-07-24,sh.603883,113.6000,113.6000,103.6800,104.4500,115.2000,4177392,452063216.9000,3,1.530200,1,-9.331600,55.921819,2.496294,189.239848,8.398402,0
2020-07-27,sh.603883,104.5000,106.4000,100.6600,101.6700,104.4500,3360946,345446621.1100,3,1.231100,1,-2.661600,54.433426,2.429854,184.203115,8.174874,0
2020-07-28,sh.603883,102.0200,105.3500,101.8100,103.3900,101.6700,2322969,239689329.4900,3,0.850900,1,1.691700,55.354302,2.470961,187.319367,8.313172,0
2020-07-29,sh.603883,102.6000,106.0400,101.8000,105.5000,103.3900,2600485,271873742.4000,3,0.952500,1,2.040800,56.483982,2.521389,191.142212,8.482828,0
2020-07-30,sh.603883,104.5200,107.9700,103.5600,104.8600,105.5000,2617472,275586557.0200,3,0.958800,1,-0.606600,56.141330,2.506093,189.982676,8.431369,0
2020-07-31,sh.603883,104.2600,106.5000,102.1800,104.0000,104.8600,2773930,288421307.5200,3,1.016100,1,-0.820100,55.680892,2.485539,188.424550,8.362219,0
2020-08-03,sh.603883,104.0500,104.4000,99.0000,102.0300,104.0000,5463917,552613437.6300,3,2.001400,1,-1.894200,54.626168,2.438458,184.855354,8.203820,0
2020-08-04,sh.603883,101.8000,103.7000,100.1000,101.0200,102.0300,2801469,285995068.6400,3,1.026200,1,-0.989900,54.085421,2.414319,183.025462,8.122610,0
2020-08-05,sh.603883,100.0500,102.4900,99.6500,101.5700,101.0200,2540717,256974476.5200,3,0.930700,1,0.544400,54.379887,2.427464,184.021938,8.166833,0
2020-08-06,sh.603883,101.5000,101.8900,99.0000,101.0000,101.5700,3272453,328060585.0500,3,1.198700,1,-0.561200,54.074713,2.413841,182.989226,8.121002,0
2020-08-07,sh.603883,100.0200,101.9500,96.8800,99.4700,101.0000,2731705,271185483.8800,3,1.000600,1,-1.514900,53.255561,2.377275,180.217211,7.997980,0
2020-08-10,sh.603883,99.4400,100.5000,96.6400,99.7400,99.4700,2658180,261131045.8400,3,0.973700,1,0.271400,53.400117,2.383728,180.706390,8.019690,0
2020-08-11,sh.603883,100.0000,100.7700,97.8400,98.1000,99.7400,1626201,161596235.6600,3,0.595700,1,-1.644300,52.522072,2.344533,177.735080,7.887824,0
2020-08-12,sh.603883,97.8000,97.9600,94.4500,96.3000,98.1000,1828668,175031567.6600,3,0.669800,1,-1.834900,51.549723,2.301128,174.444643,7.741796,0
2020-08-13,sh.603883,96.2800,98.2100,95.5000,97.1600,96.3000,1298699,125945631.8400,3,0.475700,1,0.893000,52.010084,2.321678,176.002508,7.810933,0
2020-08-14,sh.603883,96.9100,98.9800,96.0600,98.2500,97.1600,2256545,220018500.9700,3,0.826600,1,1.121900,52.593565,2.347724,177.977011,7.898561,0
2020-08-17,sh.603883,99.2000,101.8800,97.7600,100.0700,98.2500,2488327,248139106.6600,3,0.911500,1,1.852400,53.567817,2.391214,181.273888,8.044875,0
2020-08-18,sh.603883,100.4500,104.8800,99.6100,104.2800,100.0700,3235573,332664848.5500,3,1.185200,1,4.207100,55.821445,2.491814,188.900181,8.383328,0
2020-08-19,sh.603883,104.5100,109.1600,104.4200,106.2000,104.2800,3967997,425511502.4000,3,1.453500,1,1.841200,56.849227,2.537693,192.378205,8.537681,0
2020-08-20,sh.603883,105.9800,107.1800,101.1800,102.3000,106.2000,2291284,238709233.7700,3,0.839300,1,-3.672300,54.761544,2.444501,185.313468,8.224151,0
2020-08-21,sh.603883,73.1500,78.6000,72.0200,77.2600,72.7700,3910312,297034415.8300,3,1.023100,1,6.170100,54.957152,2.463965,-76.677552,7.660050,0
2020-08-24,sh.603883,77.9700,80.4000,75.0900,78.8600,77.2600,6395651,499534931.1000,3,1.673400,1,2.070900,56.095276,2.514992,-78.265490,7.818684,0
2020-08-25,sh.603883,78.5000,81.4800,78.2500,79.8000,78.8600,4783038,383014255.3900,3,1.251400,1,1.192000,56.763924,2.544970,-79.198403,7.911882,0
2020-08-26,sh.603883,79.5000,80.6900,77.6000,78.2900,79.8000,4049342,320077947.6800,3,1.059500,1,-1.892200,55.689819,2.496813,-77.699787,7.762171,0
2020-08-27,sh.603883,77.9600,80.8700,77.2600,79.0900,78.2900,3834919,302073570.6100,3,1.003400,1,1.021800,56.258881,2.522327,-78.493756,7.841488,0
2020-08-28,sh.603883,78.6000,87.0000,78.6000,87.0000,79.0900,6672262,565535325.5600,3,1.745700,1,10.001300,61.885481,2.774591,-86.344124,8.625736,0
2020-08-31,sh.603883,89.0000,91.6000,87.3100,88.9200,87.0000,4962453,442750748.6200,3,1.298400,1,2.206900,63.251229,2.835824,-88.249649,8.816097,0
2020-09-01,sh.603883,89.3700,91.8000,88.1900,89.8800,88.9200,3859183,345420668.8900,3,1.009700,1,1.079600,63.934103,2.866440,-89.202412,8.911278,0
2020-09-02,sh.603883,89.1000,91.6600,89.0000,90.8000,89.8800,4316395,389583614.4800,3,1.129300,1,1.023600,64.588525,2.895780,-90.115476,9.002492,0
2020-09-03,sh.603883,91.0000,93.1000,86.6200,86.6200,90.8000,3868652,349345240.1700,3,1.012200,1,-4.603500,61.615176,2.762472,-85.966988,8.588060,0
2020-09-04,sh.603883,88.1000,89.6900,85.4000,87.9400,86.6200,4593308,401341816.9700,3,1.201800,1,1.523900,62.554128,2.804570,-87.277037,8.718934,0
2020-09-07,sh.603883,87.0600,87.9200,83.0800,83.7400,87.9400,4502515,380393562.1300,3,1.178000,1,-4.776000,59.566553,2.670624,-83.108700,8.302519,0
2020-09-08,sh.603883,84.6000,84.9000,81.6800,83.0600,83.7400,4618189,384568323.9900,3,1.208300,1,-0.812000,59.082851,2.648937,-82.433827,8.235099,0
2020-09-09,sh.603883,83.3000,83.5500,78.5000,79.0500,83.0600,4225864,339568488.9600,3,1.105700,1,-4.827800,56.230428,2.521051,-78.454057,7.837522,0
2020-09-10,sh.603883,81.0000,82.5000,78.9000,79.8100,79.0500,2448499,197459510.6500,3,0.640600,1,0.961400,56.771037,2.545289,-79.208328,7.912873,0
2020-09-11,sh.603883,79.4700,82.5000,79.2100,81.5400,79.8100,2545053,205982113.4900,3,0.665900,1,2.167600,58.001633,2.600462,-80.925286,8.084397,0
2020-09-14,sh.603883,81.8600,82.2000,79.5800,81.2000,81.5400,2684721,216942386.1600,3,0.702400,1,-0.417000,57.759782,2.589618,-80.587849,8.050687,0
2020-09-15,sh.603883,81.3100,83.4900,79.7900,82.0000,81.2000,3526854,287532395.2400,3,0.922800,1,0.985200,58.328844,2.615132,-81.381818,8.130004,0
2020-09-16,sh.603883,82.1500,83.3000,79.5000,81.5100,82.0000,3248487,263492588.6400,3,0.849900,1,-0.597600,57.980293,2.599505,-80.895512,8.081422,0
2020-09-17,sh.603883,80.5000,80.5100,76.3200,78.7500,81.5100,4762977,370245160.6100,3,1.246200,1,-3.386100,56.017030,2.511483,-78.156319,7.807778,0
2020-09-18,sh.603883,76.0100,81.0000,76.0100,81.0000,78.7500,4256210,338190892.0900,3,1.113600,1,2.857100,57.617516,2.583240,-80.389357,8.030858,0
2020-09-21,sh.603883,80.5800,81.7600,79.8200,81.2300,81.0000,2194103,177065760.8500,3,0.574100,1,0.284000,57.781122,2.590575,-80.617623,8.053661,0
2020-09-22,sh.603883,81.4900,83.5600,80.3200,81.6800,81.2300,2432546,199376249.3600,3,0.636500,1,0.554000,58.101219,2.604927,-81.064230,8.098277,0
2020-09-23,sh.603883,82.4000,86.6000,82.0100,85.0000,81.6800,2557741,217183720.8500,3,0.669200,1,4.064600,60.462826,2.710807,-84.359201,8.427443,0
2020-09-24,sh.603883,85.0000,85.8800,82.5000,83.5200,85.0000,2480778,207919760.4100,3,0.649100,1,-1.741200,59.410061,2.663608,-82.890359,8.280707,0
2020-09-25,sh.603883,85.4800,86.6000,83.3800,84.0300,83.5200,1556527,131396576.2500,3,0.407300,1,0.610600,59.772838,2.679872,-83.396514,8.331271,0
2020-09-28,sh.603883,84.0000,84.5100,81.4500,82.0100,84.0300,1489164,122711228.4600,3,0.389600,1,-2.403900,58.335957,2.615451,-81.391742,8.130995,0
2020-09-29,sh.603883,82.1200,83.3000,79.9200,81.1300,82.0100,2394188,194619842.6800,3,0.626400,1,-1.073000,57.709989,2.587386,-80.518377,8.043747,0
2020-09-30,sh.603883,81.9500,84.2000,81.0500,82.9800,81.1300,2590211,214515926.8200,3,0.677700,1,2.280300,59.025945,2.646386,-82.354430,8.227167,0
2020-10-09,sh.603883,83.9500,84.4900,80.1500,81.8600,82.9800,2521662,206105785.2400,3,0.659800,1,-1.349700,58.229258,2.610667,-81.242873,8.116124,0
2020-10-12,sh.603883,82.0000,83.4600,79.9000,80.8500,81.8600,5612643,456072907.3600,3,1.468500,1,-1.233800,57.510817,2.578456,-80.240487,8.015986,0
2020-10-13,sh.603883,81.1500,84.5900,80.3200,84.2000,80.8500,3932051,327140968.5400,3,1.028800,1,4.143500,59.893764,2.685294,-83.565232,8.348126,0
2020-10-14,sh.603883,83.9900,84.8000,82.5200,83.8600,84.2000,3327169,278352017.1400,3,0.870500,1,-0.403800,59.651913,2.674451,-83.227796,8.314416,0
2020-10-15,sh.603883,84.4800,84.9000,80.0200,80.7000,83.8600,3884696,316633171.0500,3,1.016400,1,-3.768200,57.404118,2.573673,-80.091618,8.001114,0
2020-10-16,sh.603883,81.5000,81.7400,78.7000,79.4800,80.7000,2732443,217554571.3500,3,0.714900,1,-1.511800,56.536299,2.534764,-78.880816,7.880155,0
2020-10-19,sh.603883,79.4500,79.9800,75.4700,75.5700,79.4800,3637405,280079620.2000,3,0.951700,1,-4.919500,53.755009,2.410067,-75.000292,7.492493,0
2020-10-20,sh.603883,75.9800,75.9800,73.7200,75.3300,75.5700,3817496,285077988.0600,3,0.998800,1,-0.317600,53.584290,2.402413,-74.762102,7.468698,0
2020-10-21,sh.603883,75.3300,75.4000,73.1900,73.6000,75.3300,2542895,188366032.0600,3,0.665300,1,-2.296600,52.353694,2.347240,-73.045144,7.297174,0
2020-10-22,sh.603883,73.0000,74.2800,71.3900,73.9500,73.6000,3325702,242439432.7400,3,0.870100,1,0.475500,52.602658,2.358403,-73.392505,7.331876,0
2020-10-23,sh.603883,73.3000,73.8200,69.0000,69.8700,73.9500,5496247,388687757.1800,3,1.438000,1,-5.517200,49.700443,2.228284,-69.343263,6.927358,0
2020-10-26,sh.603883,69.3600,71.3000,67.8000,70.5600,69.8700,2331067,163382514.9600,3,0.609900,1,0.987500,50.191259,2.250289,-70.028062,6.995769,0
2020-10-27,sh.603883,70.3000,74.3900,70.1000,73.4100,70.5600,3114838,226076563.9200,3,0.815000,1,4.039100,52.218542,2.341181,-72.856576,7.278337,0
2020-10-28,sh.603883,73.3200,74.2800,71.7000,72.4900,73.4100,2168046,157665745.2700,3,0.567200,1,-1.253200,51.564121,2.311840,-71.943512,7.187122,0
2020-10-29,sh.603883,71.5900,74.4100,71.5100,73.8700,72.4900,2697173,198894773.0900,3,0.705700,1,1.903700,52.545752,2.355851,-73.313108,7.323944,0
2020-10-30,sh.603883,74.3000,74.6000,71.3300,71.5300,73.8700,4618697,334906347.2500,3,1.208400,1,-3.167700,48.584076,2.179718,-132.883820,7.041260,0
2020-11-02,sh.603883,72.0000,74.2000,71.4300,72.6000,71.5300,4518357,326961914.3000,3,1.182200,1,1.495900,49.310833,2.212324,-134.871597,7.146588,0
2020-11-03,sh.603883,71.8200,71.8200,69.0100,70.7700,72.6000,5971297,416657583.7300,3,1.562300,1,-2.520700,48.067874,2.156559,-131.471941,6.966447,0
2020-11-04,sh.603883,70.5000,73.5200,69.8500,71.3900,70.7700,4227205,302881429.6000,3,1.106000,1,0.876100,48.488986,2.175452,-132.623737,7.027478,0
2020-11-05,sh.603883,71.9900,72.8900,71.4100,72.3200,71.3900,2470188,178276230.9700,3,0.646300,1,1.302700,49.120653,2.203791,-134.351431,7.119026,0
2020-11-06,sh.603883,72.0000,72.3400,69.9900,70.3500,72.3200,3058083,215958068.4200,3,0.800100,1,-2.724000,47.782605,2.143760,-130.691692,6.925103,0
2020-11-09,sh.603883,70.7200,72.2800,70.7000,71.9100,70.3500,2868518,205389342.1000,3,0.750500,1,2.217500,48.842176,2.191298,-133.589759,7.078666,0
2020-11-10,sh.603883,72.5000,72.5000,70.8000,70.8200,71.9100,2166084,154439821.5000,3,0.566700,1,-1.515800,48.101835,2.158082,-131.564828,6.971369,0
2020-11-11,sh.603883,70.2400,71.2800,69.8000,69.9500,70.8200,1615850,113541714.3700,3,0.422800,1,-1.228500,47.510920,2.131571,-129.948598,6.885728,0
2020-11-12,sh.603883,70.8600,71.5000,69.5800,70.4800,69.9500,1829537,128737302.5300,3,0.478700,1,0.757700,47.870902,2.147722,-130.933197,6.937900,0
2020-11-13,sh.603883,70.3000,71.2400,69.1100,70.8000,70.4800,1578198,111085011.5500,3,0.412900,1,0.454000,48.088250,2.157473,-131.527673,6.969400,0
2020-11-16,sh.603883,70.8000,71.3000,69.6200,69.9800,70.8000,2031721,142137031.3600,3,0.531600,1,-1.158200,47.531296,2.132485,-130.004330,6.888681,0
2020-11-17,sh.603883,69.8600,69.8600,66.6600,67.2100,69.9800,3834219,259193967.9800,3,1.003200,1,-3.958300,45.649877,2.048076,-124.858402,6.616008,0
2020-11-18,sh.603883,67.8300,68.3600,66.1400,66.7800,67.2100,2843254,190785414.3800,3,0.743900,1,-0.639800,45.357816,2.034972,-124.059576,6.573680,0
2020-11-19,sh.603883,66.3300,67.3700,65.2000,67.1000,66.7800,1833367,122172366.1000,3,0.479700,1,0.479200,45.575164,2.044724,-124.654051,6.605180,0
2020-11-20,sh.603883,67.1000,69.6600,66.8900,69.4000,67.1000,2837036,195404213.1500,3,0.742300,1,3.427700,47.137353,2.114811,-128.926843,6.831587,0
2020-11-23,sh.603883,69.3000,69.6500,67.8500,69.0300,69.4000,2418631,166619937.6100,3,0.593700,1,-0.533100,46.886044,2.103536,-128.239481,6.795165,0
2020-11-24,sh.603883,69.3800,69.5300,67.7800,68.2400,69.0300,1782421,122075100.6000,3,0.437500,1,-1.144400,46.349466,2.079463,-126.771870,6.717399,0
2020-11-25,sh.603883,68.6700,68.6700,66.7000,67.0000,68.2400,1661788,111755899.6200,3,0.407900,1,-1.817100,45.507243,2.041676,-124.468278,6.595336,0
2020-11-26,sh.603883,66.7900,69.8100,66.0500,69.3100,67.0000,3054743,209298308.8400,3,0.749800,1,3.447800,47.076224,2.112068,-128.759647,6.822728,0
2020-11-27,sh.603883,69.8800,73.4500,68.8500,72.6900,69.3100,5200003,375373851.7800,3,1.276400,1,4.876600,49.371962,2.215066,-135.038793,7.155448,0
2020-11-30,sh.603883,73.2000,73.2000,68.7000,71.9100,72.6900,5145432,364719291.9500,3,1.263000,1,-1.073000,48.842176,2.191298,-133.589759,7.078666,0
2020-12-01,sh.603883,71.6500,73.5800,71.2500,72.6800,71.9100,2709772,197456292.0100,3,0.665200,1,1.070800,49.365170,2.214762,-135.020216,7.154463,0
2020-12-02,sh.603883,72.2000,72.6900,69.5600,71.6200,72.6800,3239576,229915003.1200,3,0.795200,1,-1.458400,48.645205,2.182461,-133.051016,7.050119,0
2020-12-03,sh.603883,72.0000,72.6900,70.8600,72.5000,71.6200,2543528,182907095.4900,3,0.624300,1,1.228700,49.242912,2.209277,-134.685823,7.136744,0
2020-12-04,sh.603883,72.1700,73.8000,71.7100,72.9600,72.5000,1656998,121026302.8100,3,0.406700,1,0.634500,49.555350,2.223294,-135.540381,7.182026,0
2020-12-07,sh.603883,72.9900,73.8800,72.4000,72.5100,72.9600,1604106,116785331.6700,3,0.393800,1,-0.616800,49.249704,2.209581,-134.704401,7.137729,0
2020-12-08,sh.603883,73.6700,73.6700,72.0100,73.2000,72.5100,1790948,130712760.6400,3,0.439600,1,0.951600,49.718361,2.230608,-135.986238,7.205651,0
2020-12-09,sh.603883,72.7300,73.3500,68.2500,68.3600,73.2000,4142890,290116047.8100,3,1.016900,1,-6.612000,46.430972,2.083119,-126.994798,6.729212,0
2020-12-10,sh.603883,67.9900,68.3600,66.8300,67.2800,68.3600,2582046,173983906.0200,3,0.633800,1,-1.579900,45.697422,2.050209,-124.988444,6.622899,0
2020-12-11,sh.603883,67.3500,67.8400,65.6000,65.8900,67.2800,2829726,188220408.0300,3,0.694600,1,-2.066000,44.753317,2.007852,-122.406192,6.486070,0
2020-12-14,sh.603883,65.9300,69.3700,65.8100,69.0500,65.8900,3111702,210793820.2100,3,0.763800,1,4.795900,46.899628,2.104146,-128.276636,6.797134,0
2020-12-15,sh.603883,69.6100,71.7900,69.0000,70.3000,69.0500,2942856,207274029.6800,3,0.722400,1,1.810300,47.748644,2.142236,-130.598805,6.920181,0
2020-12-16,sh.603883,70.7500,70.8000,69.4000,70.4000,70.3000,1760963,123786197.8400,3,0.432300,1,0.142200,47.816565,2.145284,-130.784579,6.930025,0
2020-12-17,sh.603883,70.9800,71.8800,70.4000,71.2100,70.4000,2319303,165461097.1700,3,0.569300,1,1.150600,48.366728,2.169967,-132.289344,7.009760,0
2020-12-18,sh.603883,71.0000,71.5000,67.1000,67.8800,71.2100,3582748,245992821.7200,3,0.879400,1,-4.676300,46.104950,2.068492,-126.103085,6.681961,0
2020-12-21,sh.603883,69.0000,70.5800,67.9200,68.5300,67.8800,3310081,227094623.7600,3,0.812500,1,0.957600,46.546438,2.088300,-127.310613,6.745946,0
2020-12-22,sh.603883,69.6900,71.0000,66.8000,67.0400,68.5300,5202562,358303110.5200,3,1.277100,1,-2.174200,45.534411,2.042895,-124.542587,6.599274,0
2020-12-23,sh.603883,66.5700,66.8000,64.4900,64.9100,67.0400,4783414,312805254.1600,3,1.174200,1,-3.177200,44.087688,1.977988,-120.585611,6.389601,0
2020-12-24,sh.603883,64.8000,65.3800,63.8000,64.0200,64.9100,2245355,144850939.0300,3,0.551200,1,-1.371100,43.483189,1.950867,-118.932226,6.301991,0
2020-12-25,sh.603883,63.3700,66.1000,62.2100,65.7500,64.0200,3397651,219269684.2900,3,0.834000,1,2.702300,44.658227,2.003585,-122.146109,6.472289,0
2020-12-28,sh.603883,65.3300,66.5000,63.3200,63.6000,65.7500,3917901,252892385.1500,3,0.961700,1,-3.270000,43.197920,1.938069,-118.151977,6.260647,0
2020-12-29,sh.603883,63.2900,64.2200,62.8000,63.5500,63.6000,2840409,180383607.7800,3,0.697200,1,-0.078600,43.163959,1.936545,-118.059090,6.255726,0
2020-12-30,sh.603883,63.5500,64.4900,63.0500,63.6000,63.5500,2282102,145146450.5100,3,0.560200,1,0.078700,43.197920,1.938069,-118.151977,6.260647,0
2020-12-31,sh.603883,63.3000,63.5000,61.3100,62.8300,63.6000,4450709,278123474.0800,3,1.092500,1,-1.210700,42.674926,1.914605,-116.721521,6.184850,0
2021-01-04,sh.603883,62.5000,64.6300,62.1700,63.8300,62.8300,4409020,280825822.0200,3,1.082300,1,1.591600,43.354139,1.945078,-118.579256,6.283288,0
2021-01-05,sh.603883,63.6000,67.5000,63.4200,66.7600,63.8300,5657477,374737264.2800,3,1.388700,1,4.590300,45.344232,2.034363,-124.022421,6.571711,0
2021-01-06,sh.603883,66.7600,67.9800,66.2000,67.7300,66.7600,3662168,245458299.2000,3,0.898900,1,1.453000,46.003068,2.063921,-125.824425,6.667196,0
2021-01-07,sh.603883,67.7300,68.6900,66.6800,67.8800,67.7300,4234910,286921416.1500,3,1.039500,1,0.221500,46.104950,2.068492,-126.103085,6.681961,0
2021-01-08,sh.603883,67.8100,70.1800,67.3000,70.1100,67.8800,6187712,427296947.5700,3,1.518900,1,3.285200,47.619594,2.136447,-130.245835,6.901478,0
2021-01-11,sh.603883,70.5900,72.2500,68.5200,71.3300,70.1100,5736131,405919312.2400,3,1.408000,1,1.740100,48.448233,2.173623,-132.512273,7.021572,0
2021-01-12,sh.603883,70.4500,78.4600,70.4000,78.4600,71.3300,10061020,773481656.2200,3,2.469600,1,9.995800,53.291019,2.390894,-145.757927,7.723434,0
2021-01-13,sh.603883,78.4600,83.2600,77.6200,81.6400,78.4600,9105989,740577329.9000,3,2.235200,1,4.053000,55.450915,2.487798,-151.665526,8.036466,0
2021-01-14,sh.603883,81.2200,81.9500,78.4900,80.8800,81.6400,4055249,326516828.0200,3,0.995400,1,-0.930900,54.934713,2.464638,-150.253647,7.961654,0
2021-01-15,sh.603883,80.7500,80.8000,78.3400,80.2000,80.8800,4253782,339499313.1800,3,1.044200,1,-0.840800,54.472849,2.443917,-148.990386,7.894716,0
2021-01-18,sh.603883,80.0200,81.1000,78.8700,80.2000,80.2000,3619473,289116860.8000,3,0.888500,1,0.000000,54.472849,2.443917,-148.990386,7.894716,0
2021-01-19,sh.603883,79.8800,80.6000,76.4000,76.5500,80.2000,3858869,301639073.1700,3,0.947200,1,-4.551100,51.993723,2.332691,-142.209652,7.535418,0
2021-01-20,sh.603883,76.4300,78.8000,75.2500,76.9900,76.5500,2840260,219048154.6700,3,0.697200,1,0.574800,52.292576,2.346099,-143.027056,7.578730,0
2021-01-21,sh.603883,77.3000,78.2000,76.2000,76.4000,76.9900,3251821,250358677.0500,3,0.798200,1,-0.766300,51.891841,2.328120,-141.930992,7.520652,0
2021-01-22,sh.603883,76.5100,77.5000,75.2500,76.9900,76.4000,3385970,258979135.8100,3,0.831100,1,0.772300,52.292576,2.346099,-143.027056,7.578730,0
2021-01-25,sh.603883,77.4900,82.4000,76.5000,79.6900,76.9900,6198350,494044948.4800,3,1.521500,1,3.506900,54.126450,2.428376,-148.042941,7.844513,0
2021-01-26,sh.603883,79.0000,79.0000,75.3000,76.9000,79.6900,3426559,262979776.5000,3,0.841100,1,-3.501100,52.231447,2.343357,-142.859859,7.569871,0
2021-01-27,sh.603883,76.8900,77.8800,74.7100,75.5900,76.9000,2565825,194754344.3100,3,0.629800,1,-1.703500,51.341679,2.303437,-140.426226,7.440917,0
2021-01-28,sh.603883,75.3200,76.4000,73.6200,73.8800,75.5900,1737691,129706211.6800,3,0.426500,1,-2.262200,50.180225,2.251329,-137.249498,7.272589,0
2021-01-29,sh.603883,74.0700,74.8500,71.2300,72.2000,73.8800,2376680,173709191.3600,3,0.583400,1,-2.274000,49.039148,2.200135,-134.128503,7.107213,0
2021-02-01,sh.603883,71.7600,75.0000,71.2100,74.8800,72.2000,2953359,218586441.9500,3,0.724900,1,3.711900,50.859438,2.281802,-139.107234,7.371026,0
2021-02-02,sh.603883,74.7400,75.6900,72.7200,75.0300,74.8800,2663472,198272107.5900,3,0.653800,1,0.200300,50.961320,2.286373,-139.385894,7.385792,0
2021-02-03,sh.603883,74.1200,76.3800,74.1200,74.6500,75.0300,3118756,234908941.6300,3,0.765500,1,-0.506500,50.703219,2.274793,-138.679954,7.348386,0
2021-02-04,sh.603883,74.6800,75.2700,71.8000,72.7400,74.6500,2503567,182865479.9100,3,0.614500,1,-2.558600,49.405923,2.216590,-135.131680,7.160369,0
2021-02-05,sh.603883,72.3500,76.3600,72.3500,75.5200,72.7400,3140796,236469004.0100,3,0.771000,1,3.821800,51.294134,2.301304,-140.296184,7.434027,0
2021-02-08,sh.603883,76.1800,79.9400,76.1800,77.6200,75.5200,4059539,315926769.6800,3,0.996500,1,2.780700,52.720480,2.365297,-144.197429,7.640746,0
2021-02-09,sh.603883,76.6000,80.4800,76.6000,77.8200,77.6200,3920496,308210650.5200,3,0.962300,1,0.257700,52.856323,2.371392,-144.568976,7.660434,0
2021-02-10,sh.603883,79.8100,79.8100,75.0200,78.4000,77.8200,3193818,249435229.9200,3,0.784000,1,0.745300,53.250266,2.389066,-145.646463,7.717528,0
2021-02-18,sh.603883,79.8000,80.0000,72.8000,73.5200,78.4000,3905968,292509466.9400,3,0.958800,1,-6.224500,49.935709,2.240359,-136.580713,7.237151,0
2021-02-19,sh.603883,73.6400,76.4900,72.9000,76.0500,73.5200,2558238,191042084.0900,3,0.628000,1,3.441200,51.654116,2.317455,-141.280784,7.486199,0
2021-02-22,sh.603883,76.0000,76.0000,72.5600,72.7000,76.0500,2934145,215449801.4600,3,0.720200,1,-4.405000,49.378754,2.215371,-135.057370,7.156432,0
2021-02-23,sh.603883,72.7000,72.7000,70.4400,71.8200,72.7000,2453833,175473500.5000,3,0.602300,1,-1.210500,48.781047,2.188555,-133.422563,7.069807,0
2021-02-24,sh.603883,72.0000,72.3800,70.0000,70.6500,71.8200,1941798,137105314.7600,3,0.476600,1,-1.629100,47.986368,2.152902,-131.249012,6.954634,0
2021-02-25,sh.603883,70.5200,71.9600,69.0400,71.5700,70.6500,2202604,155812574.1000,3,0.540700,1,1.302200,48.611244,2.180937,-132.958129,7.045197,0
2021-02-26,sh.603883,71.5700,72.5100,70.8800,71.8000,71.5700,1906255,136956714.8700,3,0.467900,1,0.321400,48.767463,2.187946,-133.385408,7.067838,0
2021-03-01,sh.603883,71.8000,72.9600,70.6000,70.6600,71.8000,2650990,189293694.3400,3,0.650700,1,-1.587700,47.993161,2.153207,-131.267590,6.955619,0
2021-03-02,sh.603883,70.9100,71.6500,69.6500,69.7800,70.6600,1704857,120158946.3800,3,0.418500,1,-1.245400,47.395454,2.126391,-129.632783,6.868993,0
2021-03-03,sh.603883,69.3500,71.0000,68.6800,69.5400,69.7800,1605752,111970446.1000,3,0.394200,1,-0.343900,47.232443,2.119077,-129.186926,6.845368,0
2021-03-04,sh.603883,68.0000,68.6800,65.9000,66.2700,69.5400,2535794,169711521.0900,3,0.622500,1,-4.702300,45.011417,2.019431,-123.112131,6.523477,0
2021-03-05,sh.603883,66.3500,67.5800,65.6000,66.2300,66.2700,2338820,155144834.8400,3,0.574100,1,-0.060400,44.984249,2.018212,-123.037822,6.519539,0
2021-03-08,sh.603883,66.2300,67.4800,63.0000,63.3500,66.2300,2031973,132036500.7900,3,0.498800,1,-4.348500,43.028117,1.930451,-117.687543,6.236038,0
2021-03-09,sh.603883,62.8400,63.6200,61.5100,61.8500,63.3500,2073579,129701712.4200,3,0.509000,1,-2.367800,42.009298,1.884741,-114.900940,6.088381,0
2021-03-10,sh.603883,62.5000,63.4000,61.8800,62.6200,61.8500,1380969,86567539.8500,3,0.339000,1,1.244900,42.532291,1.908206,-116.331396,6.164178,0
2021-03-11,sh.603883,62.6200,64.0000,61.4700,62.8300,62.6200,1944330,122122679.0400,3,0.477300,1,0.335400,42.674926,1.914605,-116.721521,6.184850,0
2021-03-12,sh.603883,62.9400,63.4400,60.8000,61.5600,62.8300,2342684,144013355.2600,3,0.575000,1,-2.021300,41.812326,1.875904,-114.362197,6.059834,0
2021-03-15,sh.603883,61.0000,61.6800,60.0000,60.7000,61.5600,1685779,102252194.5100,3,0.413800,1,-1.397000,41.228203,1.849698,-112.764544,5.975178,0
2021-03-16,sh.603883,60.8600,62.9700,60.3100,62.5400,60.7000,2794780,172657584.6000,3,0.686000,1,3.031300,42.477954,1.905768,-116.182778,6.156303,0
2021-03-17,sh.603883,63.1800,63.2000,61.7000,62.8500,62.5400,1552732,97115919.3800,3,0.381100,1,0.495700,42.688510,1.915214,-116.758676,6.186819,0
2021-03-18,sh.603883,62.1500,64.6400,62.1000,63.8400,62.8500,2059007,130431516.4400,3,0.505400,1,1.575200,43.360931,1.945382,-118.597834,6.284273,0
2021-03-19,sh.603883,62.6100,65.3400,62.6100,64.6000,63.8400,2256451,145807247.2700,3,0.553900,1,1.190500,43.877132,1.968542,-120.009713,6.359085,0
2021-03-22,sh.603883,64.7200,66.2000,64.1700,65.8500,64.6000,1697956,111281190.9900,3,0.416800,1,1.935000,44.726148,2.006633,-122.331882,6.482133,0
2021-03-23,sh.603883,65.4900,69.0000,65.3000,67.0400,65.8500,2264026,152630091.1300,3,0.555700,1,1.807100,45.534411,2.042895,-124.542587,6.599274,0
2021-03-24,sh.603883,66.9900,68.0200,66.4900,67.1000,67.0400,1335665,89522045.5300,3,0.327900,1,0.089500,45.575164,2.044724,-124.654051,6.605180,0
2021-03-25,sh.603883,66.2100,68.7800,66.2100,67.5900,67.1000,1731238,117317085.8300,3,0.425000,1,0.730300,45.907978,2.059655,-125.564342,6.653415,0
2021-03-26,sh.603883,67.3000,69.5500,67.3000,67.7300,67.5900,1738298,119323924.8000,3,0.426700,1,0.207100,46.003068,2.063921,-125.824425,6.667196,0
2021-03-29,sh.603883,67.7000,68.1500,65.7700,66.4000,67.7300,1822926,120817893.3900,3,0.447500,1,-1.963700,45.099715,2.023393,-123.353637,6.536273,0
2021-03-30,sh.603883,66.5000,72.5000,66.1700,71.5100,66.4000,3278541,230848140.7800,3,0.804800,1,7.695800,48.570491,2.179109,-132.846665,7.039291,0
2021-03-31,sh.603883,71.2600,71.2700,68.0100,68.5000,71.5100,2173772,149542959.6400,3,0.533600,1,-4.209200,46.526061,2.087385,-127.254881,6.742993,0
2021-04-01,sh.603883,68.6500,69.9800,67.7800,69.8300,68.5000,1969959,135560674.4200,3,0.483600,1,1.941600,47.429414,2.127914,-129.725669,6.873915,0
2021-04-02,sh.603883,69.6500,70.4800,68.3000,68.7900,69.8300,1618995,111709343.9900,3,0.397400,1,-1.489300,46.723033,2.096223,-127.793624,6.771540,0
2021-04-06,sh.603883,68.0700,69.3100,67.8800,68.5300,68.7900,1182954,81113242.6900,3,0.290400,1,-0.378000,46.546438,2.088300,-127.310613,6.745946,0
2021-04-07,sh.603883,68.9400,68.9400,66.2600,67.2900,68.5300,1970650,132184727.6200,3,0.483700,1,-1.809400,45.704214,2.050513,-125.007021,6.623883,0
2021-04-08,sh.603883,67.0000,68.2000,66.3000,66.8900,67.2900,2274456,152388666.7500,3,0.558300,1,-0.594400,45.432529,2.038324,-124.263927,6.584508,0
2021-04-09,sh.603883,66.8000,67.9500,65.7000,66.2000,66.8900,1073683,71344248.4300,3,0.263600,1,-1.031500,44.963873,2.017298,-122.982090,6.516586,0
2021-04-12,sh.603883,66.2000,66.5000,63.6500,64.1400,66.2000,1605567,103511164.5800,3,0.394100,1,-3.111800,43.564695,1.954524,-119.155154,6.313804,0
2021-04-13,sh.603883,64.1000,65.6500,64.1000,65.2800,64.1400,1470929,95710235.1800,3,0.361100,1,1.777400,44.338997,1.989263,-121.272973,6.426023,0
2021-04-14,sh.603883,65.5000,67.3000,64.8200,66.4000,65.2800,1233129,81957374.9200,3,0.302700,1,1.715700,45.099715,2.023393,-123.353637,6.536273,0
2021-04-15,sh.603883,66.0000,66.8800,64.6000,65.1100,66.4000,1075918,70375355.8300,3,0.264100,1,-1.942800,44.223531,1.984083,-120.957158,6.409289,0
2021-04-16,sh.603883,64.7900,65.7800,63.6800,63.8800,65.1100,1215654,78213325.6700,3,0.298400,1,-1.889100,43.388099,1.946601,-118.672143,6.288210,0
2021-04-19,sh.603883,63.9800,64.9700,63.1500,64.1400,63.8800,1623123,104324383.3500,3,0.398400,1,0.407000,43.564695,1.954524,-119.155154,6.313804,0
2021-04-20,sh.603883,64.0700,64.5000,62.7800,64.0300,64.1400,1956101,124705657.3500,3,0.480200,1,-0.171500,43.489981,1.951172,-118.950804,6.302976,0
2021-04-21,sh.603883,64.0300,65.3500,63.3900,64.9500,64.0300,2080200,134283981.4500,3,0.510600,1,1.436800,44.114857,1.979207,-120.659920,6.393539,0
2021-04-22,sh.603883,65.4400,65.4500,63.6100,64.0100,64.9500,1983874,127469695.6100,3,0.487000,1,-1.447300,43.476397,1.950563,-118.913649,6.301007,0
2021-04-23,sh.603883,64.0200,64.6900,63.3700,64.1700,64.0100,1244794,79788147.3600,3,0.305600,1,0.250000,43.585071,1.955438,-119.210887,6.316757,0
2021-04-26,sh.603883,64.0200,64.4300,62.3000,62.5000,64.1700,1964544,123836615.3900,3,0.482200,1,-2.602500,42.450786,1.904549,-116.108468,6.152366,0
2021-04-27,sh.603883,62.5000,62.9700,61.8800,62.4900,62.5000,2249852,140192328.0300,3,0.552300,1,-0.016000,42.443994,1.904244,-116.089891,6.151381,0
2021-04-28,sh.603883,62.5200,62.9800,56.2400,56.2500,62.4900,9417425,534188940.7600,3,2.311700,1,-9.985600,35.234504,1.605232,-74.860600,5.523010,0
2021-04-29,sh.603883,56.4900,57.5000,53.6200,55.0000,56.2500,11521090,635781105.2800,3,2.828000,1,-2.222200,34.451515,1.569560,-73.197031,5.400277,0
2021-04-30,sh.603883,54.9600,54.9600,52.7000,53.6500,55.0000,6898383,368061612.0400,3,1.693300,1,-2.454500,33.605887,1.531034,-71.400377,5.267725,0
2021-05-06,sh.603883,53.8600,53.9000,52.8700,53.4700,53.6500,3697821,197003761.2000,3,0.907700,1,-0.335500,33.493137,1.525898,-71.160823,5.250051,0
2021-05-07,sh.603883,53.6900,53.9800,52.6000,52.6700,53.4700,3826473,204384032.4400,3,0.939300,1,-1.496200,32.992024,1.503068,-70.096139,5.171502,0
2021-05-10,sh.603883,52.6100,52.9700,51.0200,51.3300,52.6700,3140789,162416609.0600,3,0.769800,1,-2.544100,32.152659,1.464828,-68.312793,5.039931,0
2021-05-11,sh.603883,51.2500,54.8000,51.1000,54.2000,51.3300,4527246,241121476.8700,3,1.109700,1,5.591300,33.950402,1.546730,-72.132347,5.321727,0
2021-05-12,sh.603883,54.6900,55.8500,53.6000,55.3700,54.2000,3261799,180071185.6400,3,0.799500,1,2.158700,34.683280,1.580119,-73.689447,5.436606,0
2021-05-13,sh.603883,54.7500,55.0400,53.0300,53.6900,55.3700,2833415,152700715.6700,3,0.694500,1,-3.034100,33.630943,1.532176,-71.453611,5.271652,0
2021-05-14,sh.603883,53.7200,54.7500,52.8800,53.8000,53.6900,2424904,131274131.9400,3,0.594400,1,0.204900,33.699846,1.535315,-71.600005,5.282453,0
2021-05-17,sh.603883,54.1600,55.7300,53.9900,55.0700,53.8000,2866017,157739789.7600,3,0.702500,1,2.360600,34.495363,1.571558,-73.290191,5.407150,0
2021-05-18,sh.603883,55.3000,56.0200,54.0000,54.2700,55.0700,2320848,126840641.9700,3,0.568900,1,-1.452700,33.994250,1.548728,-72.225507,5.328601,0
2021-05-19,sh.603883,54.2700,54.2700,53.0000,53.5400,54.2700,1953619,104574386.9400,3,0.478800,1,-1.345100,33.536984,1.527895,-71.253982,5.256924,0
2021-05-20,sh.603883,53.5400,54.3400,53.2600,54.2100,53.5400,2007881,108440859.3200,3,0.492100,1,1.251400,33.956666,1.547015,-72.145655,5.322709,0
2021-05-21,sh.603883,53.6800,54.9000,53.5300,53.6500,54.2100,1661198,89893003.9100,3,0.407200,1,-1.033000,33.605887,1.531034,-71.400377,5.267725,0
2021-05-24,sh.603883,54.1800,54.3000,53.0500,53.7300,53.6500,1114645,59666238.8900,3,0.273200,1,0.149100,33.655998,1.533317,-71.506845,5.275580,0
2021-05-25,sh.603883,53.5500,55.9000,53.3000,55.6500,53.7300,3704961,204617666.3100,3,0.908100,1,3.573400,34.858669,1.588109,-74.062087,5.464098,0
2021-05-26,sh.603883,56.3200,56.4400,54.9600,55.0600,55.6500,2859527,158735077.0700,3,0.700900,1,-1.060200,34.489099,1.571272,-73.276882,5.406168,0
2021-05-27,sh.603883,54.9800,56.1600,54.5400,55.7900,55.0600,3374730,186581258.3100,3,0.827200,1,1.325800,34.946364,1.592105,-74.248406,5.477845,0
2021-05-28,sh.603883,55.8500,56.3000,55.3000,55.8000,55.7900,2103748,117524017.5000,3,0.515600,1,0.017900,34.952628,1.592390,-74.261715,5.478826,0
2021-05-31,sh.603883,55.8200,57.5500,55.2100,57.4000,55.8000,2712345,154106655.5400,3,0.664800,1,2.867400,35.954854,1.638050,-76.391083,5.635925,0
2021-06-01,sh.603883,57.4100,58.1800,57.1000,57.8200,57.4000,2390266,137936650.9900,3,0.585900,1,0.731700,36.217938,1.650036,-76.950042,5.677164,0
2021-06-02,sh.603883,57.9700,58.2900,56.4500,56.8000,57.8200,2141702,122254856.2800,3,0.524900,1,-1.764100,35.579019,1.620927,-75.592570,5.577013,0
2021-06-03,sh.603883,56.6800,56.6800,55.2000,55.3800,56.8000,1859970,103411686.8500,3,0.455900,1,-2.500000,34.689544,1.580404,-73.702756,5.437588,0
2021-06-04,sh.603883,54.9500,55.5000,54.5200,54.7700,55.3800,1545192,84785451.3000,3,0.378700,1,-1.101500,34.307445,1.562996,-72.890934,5.377694,0
2021-06-07,sh.603883,55.0000,55.3500,54.0200,55.1700,54.7700,1811901,98991088.3100,3,0.444100,1,0.730300,34.558002,1.574411,-73.423276,5.416969,0
2021-06-08,sh.603883,55.5000,55.5000,54.3900,54.6600,55.1700,1350917,73925565.2200,3,0.331100,1,-0.924400,34.238542,1.559857,-72.744540,5.366893,0
2021-06-09,sh.603883,55.1000,55.1600,53.6000,54.8000,54.6600,1466766,79888816.4900,3,0.359500,1,0.256100,34.326237,1.563853,-72.930860,5.380640,0
2021-06-10,sh.603883,54.0900,55.0000,53.8000,54.4900,54.8000,1020980,55523093.2200,3,0.250200,1,-0.565700,34.132056,1.555006,-72.518295,5.350202,0
2021-06-11,sh.603883,54.0300,54.6300,53.2900,53.2900,54.4900,2384829,127724175.7600,3,0.584500,1,-2.202200,33.380386,1.520761,-70.921269,5.232377,0
2021-06-15,sh.603883,53.0500,54.1000,51.5600,53.6500,53.2900,1942143,102786340.4000,3,0.476000,1,0.675500,33.605887,1.531034,-71.400377,5.267725,0
2021-06-16,sh.603883,53.5400,53.9500,52.4000,52.9000,53.6500,1417871,75188295.8800,3,0.347500,1,-1.397900,33.136094,1.509631,-70.402235,5.194085,0
2021-06-17,sh.603883,52.4300,53.5000,52.4300,53.1100,52.9000,1296746,68690653.2700,3,0.317800,1,0.397000,33.267636,1.515624,-70.681715,5.214704,0
2021-06-18,sh.603883,52.9900,53.6000,51.0000,51.5400,53.1100,2720264,141731260.9000,3,0.666800,1,-2.956100,32.284202,1.470820,-68.592272,5.060550,0
2021-06-21,sh.603883,51.5500,53.8800,51.4100,52.6300,51.5400,1731479,91349355.7200,3,0.424400,1,2.114900,32.966968,1.501926,-70.042904,5.167574,0
2021-06-22,sh.603883,52.9500,53.0500,52.0500,52.7000,52.6300,1091376,57230170.8000,3,0.267500,1,0.133000,33.010815,1.503924,-70.136064,5.174447,0
2021-06-23,sh.603883,52.7000,54.2300,52.3700,54.0800,52.7000,2036409,109348079.4000,3,0.499100,1,2.618600,33.875235,1.543306,-71.972644,5.309945,0
2021-06-24,sh.603883,54.0000,56.9000,53.7100,56.7400,54.0800,4066627,226308873.6500,3,0.996800,1,4.918600,35.541436,1.619215,-75.512719,5.571122,0
2021-06-25,sh.603883,56.8100,56.8800,54.4200,54.8800,56.7400,3235938,178271730.1100,3,0.793200,1,-3.278100,34.376348,1.566136,-73.037328,5.388495,0
2021-06-28,sh.603883,54.7500,55.3500,54.0100,54.9500,54.8800,2210746,120816015.7800,3,0.541900,1,0.127600,34.420196,1.568133,-73.130488,5.395368,0
2021-06-29,sh.603883,54.9500,55.0900,53.2100,53.8800,54.9500,1814618,97697195.2300,3,0.444800,1,-1.947200,33.749957,1.537598,-71.706473,5.290308,0
2021-06-30,sh.603883,53.6900,53.8600,52.3800,52.6800,53.5300,1215132,64325312.5400,3,0.297800,1,-1.587900,32.998288,1.503353,-70.109447,5.172483,0
2021-07-01,sh.603883,52.6900,53.8600,52.6900,53.1300,52.6800,1098211,58589096.0300,3,0.269200,1,0.854200,33.280164,1.516195,-70.708332,5.216668,0
2021-07-02,sh.603883,53.5500,54.5500,51.6600,52.0700,53.1300,2347140,124027439.2800,3,0.575300,1,-1.995100,32.616189,1.485945,-69.297625,5.112589,0
2021-07-05,sh.603883,51.7000,52.3900,50.8500,52.0500,52.0700,2361258,122157091.2200,3,0.578800,1,-0.038400,32.603661,1.485375,-69.271008,5.110626,0
2021-07-06,sh.603883,51.9900,52.2700,47.1000,50.4300,52.0500,7164228,352258548.0000,3,1.756000,1,-3.112400,31.588907,1.439144,-67.115023,4.951563,0
2021-07-07,sh.603883,50.1500,50.8400,49.0000,49.5000,50.4300,2792404,139016034.1800,3,0.684400,1,-1.844100,31.006364,1.412604,-65.877328,4.860249,0
2021-07-08,sh.603883,49.5100,49.6700,48.0000,48.2100,49.5000,2111980,102445616.8100,3,0.517700,1,-2.606100,30.198319,1.375791,-64.160525,4.733588,0
2021-07-09,sh.603883,48.1500,49.4100,47.6000,49.3000,48.2100,2019126,98214266.2700,3,0.494900,1,2.260900,30.881085,1.406897,-65.611157,4.840612,0
2021-07-12,sh.603883,49.4900,49.6300,48.0300,48.8100,49.3000,1690552,82473962.5600,3,0.414400,1,-0.993900,30.574154,1.392913,-64.959038,4.792500,0
2021-07-13,sh.603883,48.8100,49.3900,48.5600,49.3000,48.8100,1331297,65298926.1100,3,0.326300,1,1.003900,30.881085,1.406897,-65.611157,4.840612,0
2021-07-14,sh.603883,49.4400,50.3800,48.6200,49.7600,49.3000,1601645,79442325.6800,3,0.392600,1,0.933100,31.169225,1.420024,-66.223350,4.885778,0
2021-07-15,sh.603883,49.2300,49.8800,48.5100,48.8800,49.7600,1357074,66532338.4600,3,0.332600,1,-1.768500,30.618001,1.394911,-65.052198,4.799373,0
2021-07-16,sh.603883,48.5100,49.3900,48.1800,48.8400,48.8800,1144433,55763101.4800,3,0.280500,1,-0.081800,30.592945,1.393769,-64.998963,4.795446,0
2021-07-19,sh.603883,49.3000,51.2000,49.2800,49.8000,48.8400,1771784,88678558.8100,3,0.434300,1,1.965600,31.194281,1.421165,-66.276584,4.889705,0
2021-07-20,sh.603883,49.6300,51.6000,49.4500,51.0000,49.8000,2221400,113108898.4200,3,0.544500,1,2.409600,31.945950,1.455410,-67.873611,5.007530,0
2021-07-21,sh.603883,51.2800,51.8500,50.2900,50.7200,51.0000,1972527,100672309.7700,3,0.483500,1,-0.549000,31.770561,1.447420,-67.500971,4.980037,0
2021-07-22,sh.603883,50.3800,50.7000,49.0000,49.2500,50.7200,2287960,113294155.1400,3,0.560800,1,-2.898300,30.849766,1.405470,-65.544614,4.835703,0
2021-07-23,sh.603883,49.2200,49.2200,48.4500,48.6100,49.2500,1146264,55877521.4000,3,0.281000,1,-1.299500,30.448875,1.387206,-64.692867,4.772863,0
2021-07-26,sh.603883,48.6100,48.7900,46.8000,47.8000,48.6100,1868521,89069459.0200,3,0.458000,1,-1.666300,29.941499,1.364090,-63.614874,4.693332,0
2021-07-27,sh.603883,47.9800,48.9000,46.8600,47.1000,47.8000,2301707,110141074.0000,3,0.564200,1,-1.464400,29.503025,1.344114,-62.683276,4.624601,0
2021-07-28,sh.603883,47.1000,47.8900,46.6000,47.4600,47.1000,2304876,108915051.0000,3,0.564900,1,0.764300,29.728526,1.354388,-63.162383,4.659948,0
2021-07-29,sh.603883,48.0000,48.0000,45.8000,46.0400,47.4600,2890252,134960989.4000,3,0.708400,1,-2.992000,28.839050,1.313864,-61.272569,4.520523,0
2021-07-30,sh.603883,45.6000,45.6900,43.2200,43.7600,46.0400,4341334,191653769.6400,3,1.064100,1,-4.952200,27.410878,1.248799,-58.238220,4.296657,0
2021-08-02,sh.603883,43.3000,45.2600,42.9500,44.2900,43.7600,3391035,149188870.6000,3,0.831200,1,1.211200,27.742866,1.263924,-58.943573,4.348696,0
2021-08-03,sh.603883,44.0000,47.7500,44.0000,47.1400,44.2900,4816182,224646990.3900,3,1.180500,1,6.434900,29.528080,1.345256,-62.736510,4.628528,0
2021-08-04,sh.603883,47.1200,47.6600,46.0000,46.8300,47.1400,2105651,99150693.5400,3,0.516100,1,-0.657600,29.333899,1.336409,-62.323945,4.598090,0
2021-08-05,sh.603883,46.8800,47.4000,46.0000,46.5900,46.8300,2608407,121799320.4300,3,0.639300,1,-0.512500,29.183565,1.329560,-62.004539,4.574525,0
2021-08-06,sh.603883,46.2900,46.6800,43.5300,43.7100,46.5900,4030383,178357316.0300,3,0.987900,1,-6.181600,27.379559,1.247372,-58.171677,4.291747,0
2021-08-09,sh.603883,44.0800,47.8800,43.4400,46.0500,43.7100,6749611,310197389.1300,3,1.654400,1,5.353500,28.845314,1.314150,-61.285878,4.521505,0
2021-08-10,sh.603883,46.5000,49.6000,45.6000,49.0000,46.0500,7075750,340517648.4100,3,1.734300,1,6.406100,30.693168,1.398335,-65.211900,4.811156,0
2021-08-11,sh.603883,49.0100,50.0900,49.0000,49.4000,49.0000,4620421,229007879.4400,3,1.132500,1,0.816300,30.943725,1.409750,-65.744242,4.850431,0
2021-08-12,sh.603883,49.6000,49.7700,47.9300,48.5300,49.4000,3276964,159249593.6500,3,0.803200,1,-1.761100,30.398764,1.384923,-64.586398,4.765008,0
2021-08-13,sh.603883,48.0900,48.6300,47.3300,48.2800,48.5300,2328246,111545081.3200,3,0.570700,1,-0.515100,30.242166,1.377788,-64.253685,4.740461,0
2021-08-16,sh.603883,48.3000,49.7200,47.6200,49.2400,48.2800,2847491,139281101.8300,3,0.697900,1,1.988400,30.843502,1.405184,-65.531306,4.834721,0
2021-08-17,sh.603883,49.2300,49.6100,48.2600,48.6800,49.2400,1657328,81035234.7600,3,0.406200,1,-1.137300,30.492723,1.389203,-64.786027,4.779736,0
2021-08-18,sh.603883,50.0000,53.5500,50.0000,53.5500,48.6800,8651472,457741053.1000,3,2.120500,1,10.004100,31.678214,1.484824,-96.479695,5.105312,0
2021-08-19,sh.603883,53.3400,54.1400,51.8100,52.5700,53.5500,7373430,388510129.2800,3,1.807300,1,-1.830100,31.098482,1.457650,-94.714054,5.011882,0
2021-08-20,sh.603883,52.4100,52.5600,47.4700,49.2700,52.5700,6459472,319354351.5400,3,1.583300,1,-6.277300,29.146323,1.366149,-88.768526,4.697268,0
2021-08-23,sh.603883,49.3200,53.3000,48.7500,51.9000,49.2700,6632826,341631710.3000,3,1.625800,1,5.337900,30.702134,1.439073,-93.506931,4.948006,0
2021-08-24,sh.603883,51.9000,52.3500,50.5000,51.4000,51.9000,3371116,173088633.1300,3,0.826300,1,-0.963400,30.406353,1.425209,-92.606094,4.900337,0
2021-08-25,sh.603883,55.0000,56.5400,51.8000,52.5000,51.4000,5575060,296296384.9000,3,1.366500,1,2.140100,31.057072,1.455709,-94.587936,5.005208,0
2021-08-26,sh.603883,52.0900,52.0900,50.0500,51.0300,52.5000,2928969,148395144.4300,3,0.717900,1,-2.800000,30.187474,1.414950,-91.939474,4.865062,0
2021-08-27,sh.603883,50.6000,52.0000,50.0000,50.8000,51.0300,2758639,140156716.4000,3,0.676200,1,-0.450700,30.051415,1.408572,-91.525089,4.843134,0
2021-08-30,sh.603883,50.9100,50.9100,49.5100,50.6500,50.8000,1837411,92351120.2300,3,0.450400,1,-0.295300,29.962680,1.404413,-91.254838,4.828834,0
2021-08-31,sh.603883,50.0400,51.4200,49.9000,51.0000,50.6500,1541506,77913249.0200,3,0.377800,1,0.691000,30.169727,1.414118,-91.885424,4.862202,0
2021-09-01,sh.603883,51.0100,53.0000,50.0400,52.3800,51.0000,3244752,167968447.7200,3,0.795300,1,2.705900,30.986085,1.452382,-94.371735,4.993767,0
2021-09-02,sh.603883,52.2500,53.5000,50.9000,51.3000,52.3800,1957973,101684434.6700,3,0.479900,1,-2.061900,30.347196,1.422436,-92.425926,4.890803,0
2021-09-03,sh.603883,50.5600,51.0500,49.4800,50.3600,51.3000,2154709,108099108.5800,3,0.528100,1,-1.832400,29.791127,1.396372,-90.732352,4.801186,0
2021-09-06,sh.603883,50.3600,51.2000,49.8500,50.8000,50.3600,2630981,132827477.8600,3,0.644900,1,0.873700,30.051415,1.408572,-91.525089,4.843134,0
2021-09-07,sh.603883,50.7300,50.7600,49.5000,50.0000,50.8000,1828796,91417671.3900,3,0.448300,1,-1.574800,29.578164,1.386390,-90.083749,4.766865,0
2021-09-08,sh.603883,50.3000,50.3000,49.0600,49.2000,50.0000,1616116,79988310.1400,3,0.396100,1,-1.600000,29.104914,1.364208,-88.642409,4.690595,0
2021-09-09,sh.603883,49.0000,49.0000,47.5000,48.4900,49.2000,2166962,104201681.7500,3,0.531100,1,-1.443100,28.684904,1.344521,-87.363220,4.622905,0
2021-09-10,sh.603883,48.6900,48.9700,48.0800,48.2300,48.4900,1150322,55699711.8300,3,0.282000,1,-0.536200,28.531097,1.337312,-86.894784,4.598118,0
2021-09-13,sh.603883,48.2400,48.5500,47.0000,47.4300,48.2300,1684740,79766535.4000,3,0.412900,1,-1.658700,28.057847,1.315130,-85.453444,4.521848,0
2021-09-14,sh.603883,47.4400,48.5000,47.1100,47.4300,47.4300,1531862,73056775.1400,3,0.375500,1,0.000000,28.057847,1.315130,-85.453444,4.521848,0
2021-09-15,sh.603883,47.0300,47.1200,45.0600,45.7000,47.4300,2732924,125247895.8700,3,0.669900,1,-3.647500,27.034442,1.267160,-82.336546,4.356914,0
2021-09-16,sh.603883,45.7300,46.2500,45.2900,45.3600,45.7000,1396397,63814628.4400,3,0.342300,1,-0.744000,26.833311,1.257733,-81.723977,4.324500,0
2021-09-17,sh.603883,45.2000,46.1700,44.3000,45.8500,45.3600,2192788,99260879.7200,3,0.537500,1,1.080200,27.123177,1.271320,-82.606798,4.371215,0
2021-09-22,sh.603883,45.8600,46.1800,45.0100,45.6100,45.8500,1290152,58906413.4000,3,0.316200,1,-0.523400,26.981201,1.264665,-82.174396,4.348334,0
2021-09-23,sh.603883,45.6200,46.5000,45.5200,45.9700,45.6100,1281963,58929187.0300,3,0.314200,1,0.789300,27.194164,1.274647,-82.822999,4.382655,0
2021-09-24,sh.603883,45.9600,46.4400,45.6400,45.9600,45.9700,1038696,47765065.0100,3,0.254600,1,-0.021800,27.188249,1.274370,-82.804982,4.381702,0
2021-09-27,sh.603883,45.9100,48.4900,45.7300,48.0900,45.9600,3775433,179866032.6500,3,0.925400,1,4.634500,28.448278,1.333430,-86.642550,4.584770,0
2021-09-28,sh.603883,48.0600,48.6800,47.2100,48.5500,48.0900,1829439,87746489.7700,3,0.448400,1,0.956500,28.720397,1.346185,-87.471320,4.628626,0
2021-09-29,sh.603883,48.0000,48.4400,47.2800,47.8000,48.5500,1255764,59918247.4200,3,0.307800,1,-1.544800,28.276725,1.325389,-86.120064,4.557123,0
2021-09-30,sh.603883,47.6600,48.5000,46.5400,46.8000,47.8000,1596399,75631056.1200,3,0.391300,1,-2.092100,27.685162,1.297661,-84.318389,4.461785,0
2021-10-08,sh.603883,47.3600,51.3900,46.6100,50.5500,46.8000,3900278,192970050.0800,3,0.956000,1,8.012800,29.903524,1.401640,-91.074670,4.819300,0
2021-10-11,sh.603883,50.1000,51.2900,49.7900,50.3100,50.5500,2546601,128440718.0200,3,0.624200,1,-0.474800,29.761549,1.394986,-90.642268,4.796419,0
2021-10-12,sh.603883,49.8400,52.3800,49.7000,51.0500,50.3100,3210238,164920287.4200,3,0.786900,1,1.470900,30.199306,1.415504,-91.975508,4.866969,0
2021-10-13,sh.603883,50.2900,51.9700,50.2900,51.2600,51.0500,2026480,103788299.0200,3,0.496700,1,0.411400,30.323534,1.421327,-92.353859,4.886990,0
2021-10-14,sh.603883,51.1600,53.2800,49.9000,50.6000,51.2600,3330343,171735376.3000,3,0.816300,1,-1.287600,29.933102,1.403027,-91.164754,4.824067,0
2021-10-15,sh.603883,50.3100,53.1500,50.2400,51.0500,50.6000,3998647,206442037.5600,3,0.980100,1,0.889300,30.199306,1.415504,-91.975508,4.866969,0
2021-10-18,sh.603883,51.0300,51.0500,49.8000,50.5000,51.0500,2180073,109661348.9900,3,0.534400,1,-1.077400,29.873946,1.400254,-90.984586,4.814533,0
2021-10-19,sh.603883,50.2900,51.1800,49.7000,50.4300,50.5000,1901354,96144208.4300,3,0.466000,1,-0.138600,29.832536,1.398313,-90.858469,4.807860,0
2021-10-20,sh.603883,50.4300,50.7000,48.5200,48.9000,50.4300,3031340,148687822.3900,3,0.743000,1,-3.033900,28.927445,1.355889,-88.101906,4.661994,0
2021-10-21,sh.603883,48.9000,49.8000,47.6200,48.3000,48.9000,2492189,120608899.9900,3,0.610900,1,-1.227000,28.572507,1.339253,-87.020901,4.604791,0
2021-10-22,sh.603883,48.1600,49.0300,47.2400,47.7800,48.3000,2795716,133743047.7300,3,0.685200,1,-1.076600,28.264894,1.324834,-86.084030,4.555216,0
2021-10-25,sh.603883,47.7600,48.4500,47.3100,47.9700,47.7800,4358622,208721138.7700,3,1.068300,1,0.397700,28.377291,1.330103,-86.426349,4.573330,0
2021-10-26,sh.603883,47.7000,48.1400,46.6700,47.3900,47.9700,4236439,200092499.9900,3,1.038400,1,-1.209100,28.034184,1.314020,-85.381377,4.518034,0
2021-10-27,sh.603883,47.1100,47.2200,45.1500,45.2000,47.3900,4678496,214072527.6000,3,1.146700,1,-4.621200,26.738660,1.253297,-81.435709,4.309246,0
2021-10-28,sh.603883,44.5500,45.6000,43.8200,44.0200,45.2000,5008557,221908499.1000,3,1.227600,1,-2.610600,26.040616,1.220578,-79.309732,4.196748,0
2021-10-29,sh.603883,44.0200,44.6800,43.4500,43.7500,44.0200,4964182,218129453.3200,3,1.216800,1,-0.613400,25.880894,1.213091,-78.823280,4.171007,0
2021-11-01,sh.603883,42.5000,46.6900,42.4900,44.7800,43.7500,10876219,486643891.7700,3,2.665800,1,2.354300,27.466430,1.209916,-79.913209,4.179252,0
2021-11-02,sh.603883,44.3300,45.7500,44.0000,44.5000,44.7800,6072658,270951422.7400,3,1.488500,1,-0.625300,27.294688,1.202350,-79.413528,4.153120,0
2021-11-03,sh.603883,44.3600,46.4900,44.0300,46.2000,44.5000,6133682,280498865.7400,3,1.503400,1,3.820200,28.337407,1.248283,-82.447303,4.311778,0
2021-11-04,sh.603883,46.5000,47.4700,45.1200,46.7500,46.2000,4909903,228532312.6400,3,1.203500,1,1.190500,28.674757,1.263143,-83.428819,4.363109,0
2021-11-05,sh.603883,46.4600,47.3500,46.3000,46.8000,46.7500,2334307,109450205.8200,3,0.572200,1,0.107000,28.705425,1.264494,-83.518047,4.367775,0
2021-11-08,sh.603883,47.4000,47.4000,45.8800,46.2000,46.8000,2354936,108824546.9500,3,0.577200,1,-1.282100,28.337407,1.248283,-82.447303,4.311778,0
2021-11-09,sh.603883,45.9900,46.6600,45.3000,45.7300,46.2000,2263565,103424861.4900,3,0.554800,1,-1.017300,28.049126,1.235584,-81.608553,4.267914,0
2021-11-10,sh.603883,45.5600,46.2500,44.2100,45.8700,45.7300,3971465,179917845.8600,3,0.973400,1,0.306100,28.134997,1.239366,-81.858394,4.280980,0
2021-11-11,sh.603883,45.8700,46.2700,45.2000,45.6000,45.8700,1968921,89568054.5300,3,0.482600,1,-0.588600,27.969389,1.232071,-81.376559,4.255781,0
2021-11-12,sh.603883,45.6800,45.7800,44.6900,45.3300,45.6000,2316231,104709129.1600,3,0.567700,1,-0.592100,27.803780,1.224776,-80.894724,4.230582,0
2021-11-15,sh.603883,45.1000,45.8000,44.9800,45.2600,45.3300,1849222,83759546.5000,3,0.453300,1,-0.154400,27.760845,1.222885,-80.769804,4.224049,0
2021-11-16,sh.603883,45.2200,45.4500,44.5500,44.9100,45.2600,2166595,97319675.7500,3,0.531000,1,-0.773300,27.546167,1.213428,-80.145203,4.191384,0
2021-11-17,sh.603883,45.0000,45.0100,44.1500,44.4500,44.9100,1879543,83516707.6700,3,0.460700,1,-1.024300,27.264020,1.200999,-79.324299,4.148453,0
2021-11-18,sh.603883,44.4400,44.6200,43.8800,43.8900,44.4500,2045273,90083861.6500,3,0.501300,1,-1.259800,26.920536,1.185869,-78.324938,4.096189,0
2021-11-19,sh.603883,43.9000,44.0200,43.1000,43.9000,43.8900,2620365,113995629.4600,3,0.642300,1,0.022800,26.926670,1.186139,-78.342784,4.097122,0
2021-11-22,sh.603883,43.7000,44.3600,43.3100,43.5300,43.9000,3029590,132169970.1700,3,0.742600,1,-0.842800,26.699725,1.176142,-77.682491,4.062591,0
2021-11-23,sh.603883,43.4900,44.3600,43.3100,44.1200,43.5300,2953844,129909765.2000,3,0.724000,1,1.355400,27.061610,1.192083,-78.735390,4.117655,0
2021-11-24,sh.603883,44.0100,44.2800,43.3200,44.1600,44.1200,2609044,114191141.0800,3,0.639500,1,0.090700,27.086145,1.193164,-78.806773,4.121388,0
2021-11-25,sh.603883,44.2000,45.0100,43.8000,44.9800,44.1600,3639250,162514428.3900,3,0.892000,1,1.856900,27.585159,1.215146,-80.258648,4.197317,0
2021-11-26,sh.603883,44.5300,45.3700,44.1700,44.4500,44.9800,2861491,127448011.0200,3,0.701400,1,-1.178300,27.260123,1.200828,-79.312959,4.147860,0
2021-11-29,sh.603883,44.0500,44.7500,44.0000,44.1400,44.4500,1641341,72558489.5200,3,0.402300,1,-0.697400,27.070007,1.192453,-78.759820,4.118932,0
2021-11-30,sh.603883,44.1400,44.3100,43.0800,43.0800,44.1400,2719482,118099745.1000,3,0.666500,1,-2.401400,26.419934,1.163817,-76.868443,4.020018,0
2021-12-01,sh.603883,43.1200,43.5200,42.7000,43.3000,43.0800,2181922,93996649.2900,3,0.534700,1,0.510700,26.554855,1.169760,-77.260993,4.040548,0
2021-12-02,sh.603883,43.3000,43.4500,42.7200,42.8800,43.3000,1705334,73386039.1500,3,0.417900,1,-0.970000,26.297279,1.158414,-76.511579,4.001355,0
2021-12-03,sh.603883,42.8500,42.8500,41.6500,41.7100,42.8800,3796278,159584126.2900,3,0.930400,1,-2.728500,25.579746,1.126806,-74.423926,3.892176,0
2021-12-06,sh.603883,41.7100,42.4700,41.5000,42.0000,41.7100,2900302,121883869.9600,3,0.710800,1,0.695300,25.757596,1.134640,-74.941379,3.919238,0
2021-12-07,sh.603883,42.0000,43.0000,41.7100,42.9300,42.0000,3436723,146460384.6400,3,0.842300,1,2.214300,26.327943,1.159764,-76.600795,4.006021,0
2021-12-08,sh.603883,43.0000,44.3800,42.6500,44.0700,42.9300,3626986,158476245.1700,3,0.888900,1,2.655500,27.027078,1.190562,-78.634918,4.112400,0
2021-12-09,sh.603883,44.2000,46.1100,43.8300,45.3900,44.0700,5462306,246952482.9700,3,1.338700,1,2.995200,27.836602,1.226222,-80.990219,4.235576,0
2021-12-10,sh.603883,45.1800,45.7000,44.9700,45.5500,45.3900,2898157,131549996.9500,3,0.710300,1,0.352500,27.934726,1.230544,-81.275709,4.250507,0
2021-12-13,sh.603883,46.9800,47.2900,45.8100,45.9100,45.5500,4652166,216929249.1700,3,1.140200,1,0.790300,28.155506,1.240270,-81.918064,4.284100,0
2021-12-14,sh.603883,45.9100,46.0600,45.1000,45.1500,45.9100,2264493,102967018.4900,3,0.555000,1,-1.655400,27.689416,1.219738,-80.561982,4.213181,0
2021-12-15,sh.603883,44.9800,45.1500,44.0000,44.2100,45.1500,2096839,93201822.6000,3,0.513900,1,-2.081900,27.112936,1.194344,-78.884723,4.125464,0
2021-12-16,sh.603883,44.2000,44.4000,43.2800,44.0500,44.2100,2100772,91835245.7400,3,0.514900,1,-0.361900,27.014812,1.190021,-78.599232,4.110534,0
2021-12-17,sh.603883,43.9500,44.2000,43.1900,43.4200,44.0500,1854267,80621238.2500,3,0.454400,1,-1.430200,26.628448,1.173002,-77.475111,4.051745,0
2021-12-20,sh.603883,43.1000,43.9000,43.0300,43.5700,43.4200,1537753,66809317.2000,3,0.376900,1,0.345500,26.720440,1.177054,-77.742759,4.065743,0
2021-12-21,sh.603883,43.6400,43.9600,43.1200,43.8300,43.5700,1476132,64346888.1700,3,0.361800,1,0.596700,26.879891,1.184078,-78.206682,4.090005,0
2021-12-22,sh.603883,43.8400,44.3200,43.3800,43.8600,43.8300,1790681,78398653.3400,3,0.438900,1,0.068400,26.898290,1.184889,-78.260211,4.092804,0
2021-12-23,sh.603883,43.7400,43.7400,43.3500,43.5300,43.8600,1399480,60849102.0800,3,0.343000,1,-0.752400,26.695909,1.175974,-77.671386,4.062010,0
2021-12-24,sh.603883,43.5300,44.9000,43.0300,44.9000,43.5300,2922421,128919082.9000,3,0.716200,1,3.147300,27.536097,1.212984,-80.115902,4.189852,0
2021-12-27,sh.603883,44.9000,49.3900,44.7000,48.9000,44.9000,12174557,589256517.7800,3,2.983700,1,8.908700,29.989201,1.321045,-87.253177,4.563113,0
2021-12-28,sh.603883,48.8000,51.1000,48.0200,49.3700,48.9000,9107099,452061346.8400,3,2.232000,1,0.961100,30.277441,1.333743,-88.091806,4.606971,0
2021-12-29,sh.603883,49.0200,49.7700,47.6900,47.7900,49.3700,3880700,187937543.6600,3,0.951100,1,-3.200300,29.308465,1.291059,-85.272583,4.459533,0
2021-12-30,sh.603883,48.0700,48.1700,46.6800,47.0100,47.7900,4024284,189027248.5600,3,0.986300,1,-1.632100,28.830109,1.269987,-83.880815,4.386747,0
2021-12-31,sh.603883,47.2400,50.5000,47.0200,49.3800,47.0100,5882043,288987152.8300,3,1.441600,1,5.041500,30.283574,1.334013,-88.109649,4.607904,0
2022-01-04,sh.603883,49.5000,51.7700,49.2000,51.0700,49.3800,6615555,336696838.1400,3,1.621300,1,3.422400,31.320010,1.379668,-91.125148,4.765607,0
2022-01-05,sh.603883,50.7400,50.9100,49.5000,49.8800,51.0700,3876636,194590054.1800,3,0.950100,1,-2.330100,30.590212,1.347520,-89.001809,4.654561,0
2022-01-06,sh.603883,49.5100,50.0900,48.6800,49.1900,49.8800,2645198,130047252.0800,3,0.648300,1,-1.383300,30.167051,1.328880,-87.770629,4.590174,0
2022-01-07,sh.603883,49.2300,50.1800,48.5400,49.3500,49.1900,2880526,142117626.8900,3,0.706000,1,0.325300,30.265175,1.333202,-88.056120,4.605104,0
2022-01-10,sh.603883,49.3600,49.9100,47.8000,49.1700,49.3500,2751542,134825485.5700,3,0.674300,1,-0.364700,30.154786,1.328340,-87.734943,4.588308,0
2022-01-11,sh.603883,49.4800,50.3800,48.5300,49.1700,49.1700,2792328,138005702.0500,3,0.684300,1,0.000000,30.154786,1.328340,-87.734943,4.588308,0
2022-01-12,sh.603883,49.5000,50.2500,48.6600,48.8500,49.1700,2182963,107283683.9700,3,0.535000,1,-0.650800,29.958537,1.319695,-87.163961,4.558447,0
2022-01-13,sh.603883,48.9700,49.2600,47.5600,47.6600,48.8500,3251873,156798317.5400,3,0.797000,1,-2.436000,29.228739,1.287547,-85.040622,4.447402,0
2022-01-14,sh.603883,47.4400,49.2200,47.0700,48.6000,47.6600,4196130,201916605.3100,3,1.028400,1,1.972300,29.805218,1.312941,-86.717881,4.535118,0
2022-01-17,sh.603883,48.6800,48.8500,46.9800,47.8000,48.6000,3494608,166331580.7200,3,0.856500,1,-1.646100,29.314597,1.291329,-85.290426,4.460466,0
2022-01-18,sh.603883,48.2000,48.2000,46.8500,47.3000,47.8000,2365718,111674648.5300,3,0.579800,1,-1.046000,29.007959,1.277821,-84.398267,4.413808,0
2022-01-19,sh.603883,47.2800,48.3300,46.5600,47.8000,47.3000,3397177,162566269.3900,3,0.832600,1,1.057100,29.314597,1.291329,-85.290426,4.460466,0
2022-01-20,sh.603883,47.5500,49.5000,47.1100,47.6900,47.8000,3557187,171105451.9400,3,0.871800,1,-0.230100,29.247137,1.288357,-85.094151,4.450201,0
2022-01-21,sh.603883,47.3000,47.4400,45.0100,46.2600,47.6900,4922625,225797870.6800,3,1.206400,1,-2.998500,28.370152,1.249725,-82.542576,4.316761,0
2022-01-24,sh.603883,45.9200,46.0900,45.0700,45.9400,46.2600,2691346,122832183.7000,3,0.659600,1,-0.691700,28.173904,1.241080,-81.971594,4.286900,0
2022-01-25,sh.603883,46.2700,46.2700,45.1200,45.6000,45.9400,1964635,89963930.2300,3,0.481500,1,-0.740100,27.965390,1.231895,-81.364925,4.255172,0
2022-01-26,sh.603883,45.1500,45.9700,44.3200,45.4100,45.6000,3297946,147793197.3800,3,0.808300,1,-0.416700,27.848868,1.226762,-81.025905,4.237443,0
2022-01-27,sh.603883,44.9200,45.1800,43.3200,43.5500,45.4100,2949848,129635862.3200,3,0.722900,1,-4.096000,26.708174,1.176514,-77.707072,4.063876,0
2022-01-28,sh.603883,44.5500,44.5500,42.3200,42.5000,43.5500,3065331,132051363.7700,3,0.751300,1,-2.411000,26.064234,1.148148,-75.833538,3.965895,0
2022-02-07,sh.603883,43.0000,44.2000,43.0000,43.2100,42.5000,2021540,87926086.2000,3,0.495400,1,1.670600,26.499660,1.167329,-77.100404,4.032149,0
2022-02-08,sh.603883,43.6000,43.7500,42.7600,43.5000,43.2100,1441065,62347858.5700,3,0.353200,1,0.671100,26.677510,1.175163,-77.617856,4.059211,0
2022-02-09,sh.603883,43.5100,43.8400,43.2600,43.7200,43.5000,2185424,95366477.6500,3,0.535600,1,0.505700,26.812431,1.181106,-78.010407,4.079740,0
2022-02-10,sh.603883,43.6800,46.1000,43.0500,45.3500,43.7200,3753996,168273413.2400,3,0.920000,1,3.728300,27.812071,1.225141,-80.918846,4.231844,0
2022-02-11,sh.603883,45.0000,45.3400,43.7300,44.2100,45.3500,2335796,103730421.5800,3,0.572500,1,-2.513800,27.112936,1.194344,-78.884723,4.125464,0
2022-02-14,sh.603883,43.9600,44.3000,42.9100,43.5200,44.2100,2466901,107135974.2300,3,0.604600,1,-1.560700,29.297393,1.290571,-85.240371,4.457848,0
2022-02-15,sh.603883,43.4300,44.1900,42.6500,44.1900,43.5200,2827554,122849177.3000,3,0.693000,1,1.539500,29.748433,1.310439,-86.552665,4.526478,0
2022-02-16,sh.603883,44.2000,47.4600,43.9000,46.5600,44.1900,5239792,240169154.2900,3,1.284200,1,5.363200,31.343902,1.380721,-91.194661,4.769242,0
2022-02-17,sh.603883,46.3400,46.4000,44.7100,45.1600,46.5600,2925993,132925408.6800,3,0.717100,1,-3.006900,30.401431,1.339204,-88.452554,4.625837,0
2022-02-18,sh.603883,44.8000,45.5600,44.8000,45.2900,45.1600,1437749,64916476.5300,3,0.352400,1,0.287900,30.488946,1.343060,-88.707178,4.639153,0
2022-02-21,sh.603883,44.9000,45.1200,44.0500,44.1300,45.2900,2032410,90043353.8900,3,0.498100,1,-2.561300,29.708041,1.308660,-86.435146,4.520332,0
2022-02-22,sh.603883,43.8900,44.0800,43.1300,43.4500,44.1300,1743934,75797270.5700,3,0.427400,1,-1.540900,29.250270,1.288495,-85.103265,4.450678,0
2022-02-23,sh.603883,43.4000,43.8700,43.2500,43.7300,43.4500,2483219,108214912.7300,3,0.608600,1,0.644400,29.438764,1.296798,-85.651687,4.479359,0
2022-02-24,sh.603883,43.4600,43.8400,42.4100,43.7400,43.7300,2854899,122959168.5400,3,0.699700,1,0.022900,29.445496,1.297095,-85.671273,4.480383,0
2022-02-25,sh.603883,43.5000,44.2300,43.1600,43.7000,43.7400,2740710,119573282.4400,3,0.671700,1,-0.091400,29.418568,1.295909,-85.592927,4.476286,0
2022-02-28,sh.603883,43.1100,43.6200,42.3000,42.5000,43.7000,2993108,127241751.0000,3,0.733600,1,-2.746000,28.610736,1.260323,0.000000,4.353367,0
2022-03-01,sh.603883,42.4800,42.6000,41.7600,41.8200,42.5000,3014123,126535287.0000,3,0.738700,1,-1.600000,28.152964,1.240158,-81.910669,4.283713,0
2022-03-02,sh.603883,41.7500,41.9500,40.8000,41.9500,41.8200,2126575,87931002.0000,3,0.521200,1,0.310900,28.240479,1.244013,-82.165293,4.297030,0
2022-03-03,sh.603883,41.9500,42.0500,41.5100,41.8000,41.9500,1534342,64126006.0000,3,0.376000,1,-0.357600,28.139500,1.239565,-81.871496,4.281665,0
2022-03-04,sh.603883,41.7000,42.2500,41.4200,41.8400,41.8000,1734542,72675052.0000,3,0.425100,1,0.095700,28.166428,1.240751,-81.949842,4.285762,0
2022-03-07,sh.603883,42.1800,42.8000,41.0000,41.5900,41.8400,2951757,123444480.0000,3,0.723400,1,-0.597500,27.998129,1.233337,-81.460180,4.260154,0
2022-03-08,sh.603883,40.8800,41.0800,38.8300,39.2500,41.5900,3637650,144347931.0000,3,0.891500,1,-5.626400,26.422856,1.163945,-76.876943,4.020463,0
2022-03-09,sh.603883,39.0100,39.1900,35.8100,37.1100,39.2500,3549503,132358042.0000,3,0.869900,1,-5.452200,24.982221,1.100484,-72.685436,3.801258,0
2022-03-10,sh.603883,37.5000,38.1000,36.8000,36.8900,37.1100,2806211,104572257.0000,3,0.687700,1,-0.592800,24.834118,1.093960,-72.254533,3.778723,0
2022-03-11,sh.603883,36.2000,40.3000,35.5000,39.4200,36.8900,13183388,511680576.0000,3,3.231000,1,6.858200,26.537299,1.168987,-77.209913,4.037876,0
2022-03-14,sh.603883,43.2600,43.2600,39.3900,40.8100,39.4200,17302059,705702992.0000,3,4.240400,1,3.526100,27.473038,1.210207,-79.932434,4.180257,0
2022-03-15,sh.603883,39.3000,39.3000,36.7300,36.8000,40.8100,8733047,328435024.0000,3,2.140300,1,-9.826000,24.773531,1.091291,-72.078255,3.769504,0
2022-03-16,sh.603883,36.7000,38.5900,34.0000,36.6800,36.8000,10208826,363460048.0000,3,2.502000,1,-0.326100,24.692748,1.087733,-71.843217,3.757212,0
2022-03-17,sh.603883,36.4700,37.4500,36.0000,36.8500,36.6800,7642180,281608608.0000,3,1.872900,1,0.463500,24.807191,1.092774,-72.176187,3.774626,0
2022-03-18,sh.603883,36.3600,37.1800,35.6800,36.6400,36.8500,4422147,161144992.2200,3,1.083800,1,-0.569900,24.665820,1.086547,-71.764871,3.753115,0
2022-03-21,sh.603883,36.6700,37.8000,36.2200,37.1800,36.6400,4262000,158322670.0200,3,1.044500,1,1.473800,25.029345,1.102560,-72.822541,3.808428,0
2022-03-22,sh.603883,37.2200,37.2900,36.0200,36.2800,37.1800,2842396,103382317.4800,3,0.696600,1,-2.420700,24.423470,1.075871,-71.059757,3.716239,0
2022-03-23,sh.603883,36.2800,36.6100,35.8000,36.1500,36.2800,2357851,85236588.5700,3,0.577900,1,-0.358300,24.335955,1.072016,-70.805133,3.702923,0
2022-03-24,sh.603883,35.7900,36.5400,35.3500,36.3600,36.1500,3157274,113468010.2000,3,0.773800,1,0.580900,24.477326,1.078243,-71.216449,3.724434,0
2022-03-25,sh.603883,36.3100,36.4900,35.4100,35.4200,36.3600,2464357,88351058.8000,3,0.604000,1,-2.585300,23.844524,1.050368,-69.375320,3.628148,0
2022-03-28,sh.603883,35.0500,35.5000,34.5000,35.0200,35.4200,1659820,57984645.2700,3,0.406800,1,-1.129300,23.575246,1.038506,-68.591861,3.587175,0
2022-03-29,sh.603883,35.0000,35.3200,34.1300,34.2100,35.0200,3034320,104599246.2100,3,0.743700,1,-2.313000,23.029959,1.014486,-67.005356,3.504205,0
2022-03-30,sh.603883,34.6000,35.8700,34.4100,35.8300,34.2100,3841775,135747493.3800,3,0.941500,1,4.735500,24.120533,1.062526,-70.178366,3.670145,0
2022-03-31,sh.603883,35.6000,37.8000,35.5400,36.1600,35.8300,4600877,169339467.2500,3,1.127600,1,0.921000,24.342687,1.072312,-70.824720,3.703947,0
2022-04-01,sh.603883,36.3000,36.3000,35.4000,36.2300,36.1600,1868213,67060135.6800,3,0.457900,1,0.193600,24.389811,1.074388,-70.961825,3.711118,0
2022-04-06,sh.603883,36.2200,36.6800,35.8100,35.9500,36.2300,1557873,56213527.4800,3,0.381800,1,-0.772800,24.201316,1.066085,-70.413404,3.682437,0
2022-04-07,sh.603883,35.9300,35.9500,34.8200,35.2200,35.9500,2960609,104247158.8500,3,0.725600,1,-2.030600,23.709885,1.044437,-68.983590,3.607661,0
2022-04-08,sh.603883,35.7600,35.7600,34.1300,34.3500,35.2200,2081556,71770964.2600,3,0.510100,1,-2.470200,23.124206,1.018638,-67.279566,3.518545,0
2022-04-11,sh.603883,34.1800,34.4400,32.8800,33.3500,34.3500,2263226,75482900.6900,3,0.554700,1,-2.911200,22.451012,0.988983,-65.320918,3.416113,0
2022-04-12,sh.603883,32.9000,34.1300,32.6800,34.1300,33.3500,2116041,70783656.4700,3,0.518600,1,2.338800,22.976104,1.012114,-66.848664,3.496010,0
2022-04-13,sh.603883,34.0000,34.0000,32.7100,32.7300,34.1300,2044750,67705206.3300,3,0.501100,1,-4.102000,22.033632,0.970597,-64.106556,3.352605,0
2022-04-14,sh.603883,32.8300,33.6500,32.3100,33.5400,32.7300,2181616,72671703.1800,3,0.534700,1,2.474800,22.578919,0.994617,-65.693061,3.435575,0
2022-04-15,sh.603883,33.5100,34.4400,32.9400,33.5700,33.5400,1763032,59546786.8600,3,0.432100,1,0.089400,22.599115,0.995507,-65.751821,3.438648,0
2022-04-18,sh.603883,33.7000,33.8900,33.1600,33.2600,33.5700,1299596,43468914.9600,3,0.318500,1,-0.923400,22.390425,0.986314,-65.144640,3.406894,0
2022-04-19,sh.603883,33.5100,33.5900,33.0100,33.4000,33.2600,1339732,44595877.7000,3,0.328300,1,0.420900,22.484672,0.990466,-65.418851,3.421235,0
2022-04-20,sh.603883,33.2000,34.1400,33.2000,33.6100,33.4000,1574776,53172854.0100,3,0.385900,1,0.628700,22.626043,0.996693,-65.830167,3.442745,0
2022-04-21,sh.603883,33.4000,34.0000,32.4500,32.7900,33.6100,2184338,72223203.6500,3,0.535300,1,-2.439800,22.074024,0.972376,-64.224075,3.358751,0
2022-04-22,sh.603883,32.5000,32.7700,31.2700,32.0000,32.7900,2190977,69943789.0800,3,0.537000,1,-2.409300,21.542201,0.948949,-62.676743,3.277830,0
2022-04-25,sh.603883,31.5700,31.7100,29.1600,29.2500,32.0000,2557430,78046528.2100,3,0.626800,1,-8.593800,19.690918,0.867399,-57.290460,2.996141,0
2022-04-26,sh.603883,29.2500,30.1000,28.5900,29.0600,29.2500,3392820,100145683.5400,3,0.831500,1,-0.649600,19.563011,0.861764,-56.918317,2.976679,0
2022-04-27,sh.603883,28.7400,29.9900,27.9400,29.9000,29.0600,2542875,73494301.3400,3,0.623200,1,2.890600,20.128494,0.886674,-58.563582,3.062722,0
2022-04-28,sh.603883,29.8600,30.3900,28.8000,29.3100,29.9000,1836542,54051905.2800,3,0.450100,1,-1.973200,19.731310,0.869178,-57.407979,3.002287,0
2022-04-29,sh.603883,30.6200,32.2400,29.9400,32.2400,29.3100,3168904,99494828.4600,3,0.776600,1,9.996600,21.160474,0.892871,14.034646,2.291818,0
2022-05-05,sh.603883,33.5000,35.2400,32.5100,34.4600,32.2400,6729295,230149316.5100,3,1.649200,1,6.885900,22.617554,0.954353,15.001052,2.449630,0
2022-05-06,sh.603883,33.3600,34.3300,33.3000,33.7500,34.4600,2421098,81886451.3200,3,0.593400,1,-2.060400,22.151551,0.934690,14.691976,2.399158,0
2022-05-09,sh.603883,33.7400,34.6000,33.2100,34.2500,33.7500,1874520,63803800.5100,3,0.459400,1,1.481500,22.479722,0.948537,14.909635,2.434701,0
2022-05-10,sh.603883,34.1500,34.8800,33.8000,34.8000,34.2500,2284435,78668929.0900,3,0.559900,1,1.605800,22.840710,0.963769,15.149060,2.473799,0
2022-05-11,sh.603883,35.0100,36.3600,34.5800,35.5100,34.8000,3503645,125047173.1900,3,0.858700,1,2.040200,23.306713,0.983432,15.458136,2.524270,0
2022-05-12,sh.603883,34.9700,36.1500,34.6600,35.9600,35.5100,2159368,77092219.6400,3,0.529200,1,1.267200,23.602067,0.995895,15.654029,2.556259,0
2022-05-13,sh.603883,36.0000,36.2300,35.2200,35.8700,35.9600,1643508,58612058.0700,3,0.402800,1,-0.250300,23.542996,0.993402,15.614850,2.549861,0
2022-05-16,sh.603883,35.8700,35.9800,35.1800,35.7000,35.8700,2156916,76865478.7700,3,0.528600,1,-0.473900,23.431418,0.988694,15.540846,2.537776,0
2022-05-17,sh.603883,35.6900,35.9900,35.2100,35.7500,35.7000,1659373,59288967.5100,3,0.406700,1,0.140100,23.464235,0.990079,15.562612,2.541331,0
2022-05-18,sh.603883,35.6000,35.9000,35.2500,35.4600,35.7500,1424924,50521564.7900,3,0.349200,1,-0.811200,23.273896,0.982047,15.436370,2.520716,0
2022-05-19,sh.603883,35.0600,36.2800,34.7600,36.2400,35.4600,1979895,70821729.9200,3,0.485200,1,2.199700,23.785843,1.003649,15.775918,2.576163,0
2022-05-20,sh.603883,36.0600,36.6500,35.9500,36.3200,36.2400,1596584,57918345.8800,3,0.391300,1,0.220800,23.838350,1.005865,15.810743,2.581850,0
2022-05-23,sh.603883,36.3200,36.3200,35.7900,35.9600,36.3200,1808999,65106796.1100,3,0.443400,1,-0.991200,23.602067,0.995895,15.654029,2.556259,0
2022-05-24,sh.603883,36.0800,36.9900,35.8100,36.1800,35.9600,3131937,113840603.0400,3,0.767600,1,0.611800,23.746462,1.001988,15.749799,2.571898,0
2022-05-25,sh.603883,36.3200,39.8000,35.8800,39.8000,36.1800,6927221,265723746.1800,3,1.697700,1,10.005500,26.122421,1.102242,17.325649,2.829230,0
2022-05-26,sh.603883,40.4700,41.7600,39.0000,40.8600,39.8000,8671107,351081405.8700,3,2.125100,1,2.663300,26.818144,1.131598,17.787086,2.904581,0
2022-05-27,sh.603883,40.6900,40.8500,39.4500,39.8600,40.8600,3906359,156674409.7700,3,0.957400,1,-2.447400,26.161802,1.103903,17.351768,2.833495,0
2022-05-30,sh.603883,39.1000,39.6100,38.5400,39.3000,39.8600,3748779,146267689.7900,3,0.918800,1,-1.404900,25.794250,1.088394,17.107990,2.793687,0
2022-05-31,sh.603883,38.7900,40.5600,38.5100,40.2300,39.3000,5852409,233594568.0100,3,1.434300,1,2.366400,26.404649,1.114150,17.512836,2.859797,0
2022-06-01,sh.603883,39.6900,40.4000,39.5100,40.1000,40.2300,1915158,76368658.7600,3,0.469400,1,-0.323100,26.319324,1.110550,17.456245,2.850556,0
2022-06-02,sh.603883,39.8600,40.1800,39.1600,39.7000,40.1000,3382151,133790770.9900,3,0.828900,1,-0.997500,26.056787,1.099472,17.282117,2.822121,0
2022-06-06,sh.603883,39.6000,40.9400,39.0000,40.8000,39.7000,4865204,195083843.1500,3,1.192400,1,2.770800,26.778764,1.129936,17.760967,2.900316,0
2022-06-07,sh.603883,40.7000,41.0500,39.3100,39.9200,40.8000,2800281,111652403.4200,3,0.686300,1,-2.156900,26.201182,1.105565,17.377887,2.837760,0
2022-06-08,sh.603883,39.5100,39.9000,38.8000,39.1600,39.9200,2496483,97710841.6000,3,0.611800,1,-1.903800,25.702362,1.084517,17.047046,2.783735,0
2022-06-09,sh.603883,39.0000,39.4800,38.1000,38.4900,39.1600,1978480,76330508.0000,3,0.484900,1,-1.710900,25.262613,1.065962,16.755383,2.736107,0
2022-06-10,sh.603883,38.0200,39.6600,38.0000,39.4900,38.4900,2013410,78696028.2600,3,0.493400,1,2.598100,25.918955,1.093656,17.190701,2.807193,0
2022-06-13,sh.603883,39.0400,39.5800,38.6800,39.4400,39.4900,1478674,57933441.9300,3,0.362400,1,-0.126600,25.886138,1.092272,17.168935,2.803639,0
2022-06-14,sh.603883,38.9500,40.2400,38.5000,39.6700,39.4400,1871674,73585104.3100,3,0.458700,1,0.583200,26.037097,1.098641,17.269058,2.819988,0
2022-06-15,sh.603883,39.6600,40.5800,39.2500,39.2500,39.6700,1574187,62486910.1700,3,0.385800,1,-1.058700,25.761433,1.087010,17.086224,2.790132,0
2022-06-16,sh.603883,39.0000,40.2500,39.0000,39.6100,39.2500,1514303,60415346.7800,3,0.371100,1,0.917200,25.960385,1.095405,17.218179,2.811680,0
2022-06-17,sh.603883,39.6100,40.1000,38.8800,40.1000,39.6100,1819430,72395116.2400,3,0.445900,1,1.237100,26.281531,1.108955,17.431178,2.846462,0
2022-06-20,sh.603883,40.1000,40.9900,39.7100,40.4000,40.1000,1938530,78086787.3900,3,0.475100,1,0.748100,26.478151,1.117252,17.561586,2.867758,0
2022-06-21,sh.603883,40.5100,41.2000,40.0400,40.8300,40.4000,3008678,122799528.8000,3,0.737400,1,1.064400,26.759972,1.129143,17.748504,2.898281,0
2022-06-22,sh.603883,41.2900,44.9100,40.8000,43.9800,40.8300,9295499,402356105.5600,3,2.278100,1,7.714900,28.824482,1.216256,19.117786,3.121881,0
2022-06-23,sh.603883,42.8700,43.3700,40.8800,43.1000,43.9800,5229463,219575108.1200,3,1.281600,1,-2.000900,28.247730,1.191920,18.735256,3.059415,0
2022-06-24,sh.603883,43.2700,44.5700,43.0100,43.8800,43.1000,2683390,117879561.9100,3,0.657600,1,1.809700,28.758942,1.213490,19.074317,3.114782,0
2022-06-27,sh.603883,44.3000,44.7000,42.6500,43.3700,43.8800,2323103,100713042.8600,3,0.569300,1,-1.162300,28.424688,1.199386,18.852623,3.078580,0
2022-06-28,sh.603883,43.5900,43.6600,42.3700,43.3800,43.3700,1648366,70784074.0400,3,0.404000,1,0.023100,28.431242,1.199663,18.856970,3.079290,0
2022-06-29,sh.603883,43.3000,44.1400,42.7000,43.3700,43.3800,2087020,90614685.1000,3,0.511500,1,-0.023100,28.424688,1.199386,18.852623,3.078580,0
2022-06-30,sh.603883,33.1400,34.8600,33.0000,33.8800,32.9800,4110268,140636252.5100,3,0.774900,1,2.728900,28.866427,1.218026,19.145606,3.126424,0
2022-07-01,sh.603883,33.8100,34.1600,32.9800,33.1500,33.8800,3283740,109709698.0000,3,0.619100,1,-2.154700,28.244453,1.191781,18.733083,3.059060,0
2022-07-04,sh.603883,32.9200,35.6000,32.5300,35.2200,33.1500,4839710,166404810.7500,3,0.912400,1,6.244300,30.008134,1.266200,19.902841,3.250078,0
2022-07-05,sh.603883,35.1900,35.4500,34.1600,35.0000,35.2200,3797147,131296356.3300,3,0.715900,1,-0.624600,29.820689,1.258291,19.778519,3.229776,0
2022-07-06,sh.603883,34.6200,34.8800,33.8000,34.8100,35.0000,2960451,101821860.3400,3,0.558100,1,-0.542900,29.658806,1.251460,19.671150,3.212243,0
2022-07-07,sh.603883,34.5100,34.8200,34.0400,34.1700,34.8100,1477788,50660260.7200,3,0.278600,1,-1.838600,29.113513,1.228452,19.309485,3.153185,0
2022-07-08,sh.603883,34.4900,34.4900,33.6700,34.3000,34.1700,1897512,64619878.6700,3,0.357700,1,0.380500,29.224276,1.233125,19.382948,3.165181,0
2022-07-11,sh.603883,34.2900,34.7000,33.6800,34.1300,34.3000,2901725,98835660.8400,3,0.547000,1,-0.495600,29.079432,1.227013,19.286881,3.149493,0
2022-07-12,sh.603883,34.1100,34.2600,33.0000,33.2000,34.1300,2038938,68341657.5400,3,0.384400,1,-2.724900,28.287054,1.193579,18.761338,3.063674,0
2022-07-13,sh.603883,32.8900,33.4500,32.5000,32.7200,33.2000,1608930,52799361.7000,3,0.303300,1,-1.445800,27.878084,1.176322,18.490090,3.019380,0
2022-07-14,sh.603883,32.7200,33.5000,32.4700,33.1000,32.7200,1383394,45574263.4400,3,0.260800,1,1.161400,28.201852,1.189984,18.704828,3.054446,0
2022-07-15,sh.603883,32.8700,33.4000,32.2200,32.5600,33.1000,1879962,61434345.8800,3,0.354400,1,-1.631400,27.741761,1.170570,18.399674,3.004615,0
2022-07-18,sh.603883,32.2800,32.9800,32.0300,32.6700,32.5600,1169045,38066724.3000,3,0.220400,1,0.337800,27.835484,1.174525,18.461835,3.014766,0
2022-07-19,sh.603883,32.6500,32.8200,32.2800,32.7700,32.6700,890048,28956941.9400,3,0.167800,1,0.306100,27.920685,1.178120,18.518345,3.023994,0
2022-07-20,sh.603883,32.7700,34.2000,32.5600,33.9400,32.7700,2435085,81968339.4500,3,0.459100,1,3.570300,28.917549,1.220183,19.179512,3.131960,0
2022-07-21,sh.603883,33.9200,34.3000,33.6000,34.2000,33.9400,1685754,57496601.5900,3,0.317800,1,0.766100,29.139074,1.229530,19.326438,3.155953,0
2022-07-22,sh.603883,33.9200,34.3500,32.7500,32.8500,34.2000,1975186,65720489.0700,3,0.372400,1,-3.947400,27.988847,1.180996,18.563553,3.031376,0
2022-07-25,sh.603883,32.8500,34.2700,32.4000,32.4500,32.8500,1957516,64505984.9400,3,0.369000,1,-1.217700,27.648039,1.166616,18.337512,2.994464,0
2022-07-26,sh.603883,32.2800,33.1500,31.8400,33.0200,32.4500,1531789,49850157.8000,3,0.288800,1,1.756500,28.133690,1.187108,18.659620,3.047063,0
2022-07-27,sh.603883,32.6900,34.0000,32.6500,33.6800,33.0200,1853064,62404316.5400,3,0.349300,1,1.998800,28.696023,1.210835,19.032586,3.107968,0
2022-07-28,sh.603883,33.8200,34.6800,33.6000,34.5300,33.6800,2940146,100983491.0800,3,0.554300,1,2.523800,29.420240,1.241394,19.512922,3.186405,0
2022-07-29,sh.603883,34.3300,34.5300,33.0100,33.2000,34.5300,2074117,69579166.8200,3,0.391000,1,-3.851700,28.287054,1.193579,18.761338,3.063674,0
2022-08-01,sh.603883,34.0000,36.2000,32.4000,35.7800,33.2000,6297283,220577025.9100,3,1.187200,1,7.771100,30.485265,1.286333,20.219297,3.301754,0
2022-08-02,sh.603883,35.7700,36.1600,34.9100,35.2400,35.7800,4176296,147913877.9000,3,0.787300,1,-1.509200,30.025174,1.266919,19.914143,3.251923,0
2022-08-03,sh.603883,35.0100,36.1900,34.3000,34.4700,35.2400,3956257,138874614.6500,3,0.745800,1,-2.185000,29.369119,1.239237,19.479016,3.180868,0
2022-08-04,sh.603883,34.6000,34.9800,33.5500,34.1000,34.4700,2654630,90584544.0000,3,0.500500,1,-1.073400,29.053872,1.225935,19.269928,3.146725,0
2022-08-05,sh.603883,34.3000,36.2000,34.0500,36.0400,34.1000,4104628,145952179.0000,3,0.773800,1,5.689100,30.706790,1.295680,20.366223,3.325747,0
2022-08-08,sh.603883,36.0400,36.1000,34.3000,35.1500,36.0400,3816681,133628791.0000,3,0.719500,1,-2.469500,29.948492,1.263684,19.863284,3.243618,0
2022-08-09,sh.603883,35.3000,35.3000,34.1100,34.5000,35.1500,2840319,97923683.0000,3,0.535500,1,-1.849200,29.394680,1.240315,19.495969,3.183637,0
2022-08-10,sh.603883,34.2700,34.5200,33.0000,33.1800,34.5000,4076204,136596198.0000,3,0.768500,1,-3.826100,28.270014,1.192860,18.750036,3.061828,0
2022-08-11,sh.603883,33.0800,33.1500,31.1800,33.1500,33.1800,8707653,279206761.0000,3,1.495300,1,-0.090400,28.244453,1.191781,18.733083,3.059060,0
2022-08-12,sh.603883,32.5000,32.7900,32.1300,32.2000,33.1500,4417825,143022515.0000,3,0.758600,1,-2.865800,27.435034,1.157628,18.196237,2.971394,0
2022-08-15,sh.603883,32.2000,32.4800,31.6500,32.4500,32.2000,2709450,87277142.9600,3,0.465300,1,0.776400,27.648039,1.166616,18.337512,2.994464,0
2022-08-16,sh.603883,32.4500,32.6000,32.0100,32.1900,32.4500,1462828,47319613.0800,3,0.251200,1,-0.801200,27.426514,1.157268,18.190586,2.970471,0
2022-08-17,sh.603883,32.1400,32.3600,31.6500,32.0800,32.1900,1980092,63342457.6100,3,0.340000,1,-0.341700,27.332792,1.153314,18.128425,2.960321,0
2022-08-18,sh.603883,32.1500,32.1500,31.7000,31.8500,32.0800,1950089,62040400.0100,3,0.334900,1,-0.717000,27.136827,1.145045,17.998452,2.939097,0
2022-08-19,sh.603883,31.7000,33.5700,31.6000,32.3100,31.8500,4160325,135792291.4500,3,0.714400,1,1.444300,27.528756,1.161582,18.258398,2.981545,0
2022-08-22,sh.603883,32.1600,32.3100,31.5700,32.2800,32.3100,2319394,73939330.5400,3,0.398300,1,-0.092900,27.503196,1.160504,18.241445,2.978777,0
2022-08-23,sh.603883,32.1000,32.3900,31.8000,32.0000,32.2800,1264871,40546487.4500,3,0.217200,1,-0.867400,27.264630,1.150437,18.083217,2.952938,0
2022-08-24,sh.603883,32.2700,32.2700,31.4500,31.9400,32.0000,1633182,51880013.7400,3,0.280400,1,-0.187500,27.213509,1.148280,18.049311,2.947402,0
2022-08-25,sh.603883,31.8100,32.0100,31.5000,31.9900,31.9400,1330339,42293805.3300,3,0.228400,1,0.156500,27.256110,1.150078,18.077566,2.952016,0
2022-08-26,sh.603883,31.9300,32.4600,31.7900,31.9500,31.9900,2158154,69178451.3700,3,0.370600,1,-0.125000,27.222029,1.148640,18.054962,2.948324,0
2022-08-29,sh.603883,31.3100,32.4000,31.3000,32.1400,31.9500,1950894,62401812.5200,3,0.335000,1,0.594700,27.383913,1.155471,18.162331,2.965858,0
2022-08-30,sh.603883,32.7700,33.9300,32.4500,33.0700,32.1400,5769537,192667988.1600,3,0.990700,1,2.893600,26.751937,1.117968,29.878782,3.068000,0
2022-08-31,sh.603883,32.8200,33.7600,32.8200,33.3000,33.0700,3255942,108583814.6600,3,0.559100,1,0.695500,26.937996,1.125743,30.086587,3.089338,0
2022-09-01,sh.603883,33.5400,34.8000,32.9000,34.4600,33.3000,5143555,175384303.4900,3,0.883200,1,3.483500,27.876376,1.164958,31.134648,3.196954,0
2022-09-02,sh.603883,34.8400,35.2100,34.5000,34.6100,34.4600,5108115,178004082.8100,3,0.877200,1,0.435300,27.997719,1.170029,31.270173,3.210870,0
2022-09-05,sh.603883,34.4200,34.8000,33.1100,33.3200,34.6100,4517894,151795721.7600,3,0.775800,1,-3.727200,26.954175,1.126419,30.104657,3.091193,0
2022-09-06,sh.603883,33.3000,33.6400,32.5300,33.1000,33.3200,2798412,92636915.5700,3,0.480500,1,-0.660300,26.776206,1.118982,29.905887,3.070783,0
2022-09-07,sh.603883,33.1900,33.1900,32.1800,32.3100,33.1000,2037883,66337297.3700,3,0.349900,1,-2.386700,26.137136,1.092275,29.192121,2.997492,0
2022-09-08,sh.603883,32.2000,32.5500,31.8500,32.0500,32.3100,2224874,71593809.6400,3,0.382100,1,-0.804700,25.926810,1.083485,28.957210,2.973371,0
2022-09-09,sh.603883,32.1000,33.0900,31.8500,32.8500,32.0500,2406522,78489662.0000,3,0.413200,1,2.496100,26.573969,1.110530,29.680011,3.047590,0
2022-09-13,sh.603883,32.8300,32.9300,32.2000,32.3400,32.8500,1828933,59574626.5100,3,0.314100,1,-1.552500,26.161405,1.093289,29.219226,3.000276,0
2022-09-14,sh.603883,32.1700,33.8500,31.9100,33.5000,32.3400,3061293,101254172.2000,3,0.525700,1,3.586900,27.099785,1.132504,30.267287,3.107892,0
2022-09-15,sh.603883,33.7000,34.6300,33.3300,34.2100,33.5000,5125146,175479511.3400,3,0.880100,1,2.119400,27.674139,1.156507,30.908773,3.173761,0
2022-09-16,sh.603883,33.8700,33.8700,30.7900,30.7900,34.2100,10620555,332032239.8700,3,1.823800,1,-9.997100,24.907534,1.040890,27.818799,2.856478,0
2022-09-19,sh.603883,30.1000,30.9800,29.4000,30.3100,30.7900,5605077,169091349.7700,3,0.962500,1,-1.558900,24.519239,1.024663,27.385119,2.811947,0
2022-09-20,sh.603883,30.3100,30.6100,29.7400,29.9700,30.3100,3086078,92684025.2800,3,0.529900,1,-1.121700,24.244196,1.013169,27.077928,2.780404,0
2022-09-21,sh.603883,29.9900,30.3900,29.0800,29.8500,29.9700,3323411,98924103.5100,3,0.570700,1,-0.400400,24.147122,1.009112,26.969508,2.769271,0
2022-09-22,sh.603883,29.8500,29.8500,29.0900,29.2500,29.8500,2140219,62759211.1900,3,0.367500,1,-2.010100,23.661753,0.988828,26.427407,2.713607,0
2022-09-23,sh.603883,29.3300,29.8900,28.6500,29.4400,29.2500,2119347,62486567.1100,3,0.363900,1,0.649600,23.815453,0.995251,26.599073,2.731234,0
2022-09-26,sh.603883,29.0900,29.9500,29.0900,29.4600,29.4400,1149875,34027717.8700,3,0.197500,1,0.067900,23.831632,0.995928,26.617143,2.733090,0
2022-09-27,sh.603883,29.3900,31.5900,29.3900,31.4300,29.4600,3517054,107783377.7700,3,0.603900,1,6.687000,25.425261,1.062526,28.397040,2.915852,0
2022-09-28,sh.603883,31.4400,32.0000,31.1900,31.4500,31.4300,2742715,86794722.5300,3,0.471000,1,0.063600,25.441440,1.063202,28.415110,2.917708,0
2022-09-29,sh.603883,32.2400,33.1800,31.4100,32.1700,31.4500,3639466,117528972.4400,3,0.625000,1,2.289300,26.023883,1.087542,29.065631,2.984504,0
2022-09-30,sh.603883,32.2100,32.5000,31.8300,32.0900,32.1700,2128194,68693063.3200,3,0.365500,1,-0.248700,25.959168,1.084838,28.993350,2.977082,0
2022-10-10,sh.603883,32.0900,32.8700,31.7700,32.1000,32.0900,3857656,124214546.3500,3,0.662400,1,0.031200,26.081338,1.089943,29.129801,2.991093,0
2022-10-11,sh.603883,31.6900,32.6000,31.6900,32.3900,32.1000,2504570,80900984.6800,3,0.430100,1,0.903400,26.316964,1.099790,29.392967,3.018116,0
2022-10-12,sh.603883,32.3300,33.0000,31.7000,33.0000,32.3900,2823961,91363552.4000,3,0.484900,1,1.883300,26.812591,1.120502,29.946524,3.074956,0
2022-10-13,sh.603883,33.0000,35.2400,33.0000,34.5900,33.0000,6093073,210827379.7800,3,1.046300,1,4.818200,28.104470,1.174490,31.389402,3.223113,0
2022-10-14,sh.603883,34.6600,35.2000,34.3000,34.4700,34.5900,7828814,272176754.4000,3,1.344400,1,-0.346900,28.006970,1.170416,31.280506,3.211931,0
2022-10-17,sh.603883,34.7900,35.6000,34.5900,35.2500,34.4700,7897255,277982268.2700,3,1.356100,1,2.262800,27.652225,1.133364,31.988333,3.284612,0
2022-10-18,sh.603883,35.2800,35.9700,34.7500,35.5700,35.2500,5061164,180448824.7000,3,0.869100,1,0.907800,27.903252,1.143653,32.278723,3.314430,0
2022-10-19,sh.603883,35.6800,35.7600,33.8500,34.1500,35.5700,5116274,175640073.4600,3,0.878600,1,-3.992100,26.789318,1.097997,30.990115,3.182113,0
2022-10-20,sh.603883,34.1400,36.3600,33.9500,35.3000,34.1500,7000002,247432469.6500,3,1.202000,1,3.367500,27.691448,1.134972,32.033706,3.289271,0
2022-10-21,sh.603883,35.2600,36.1000,34.9100,35.7100,35.3000,5108340,182702153.0600,3,0.877200,1,1.161500,28.013076,1.148154,32.405769,3.327475,0
2022-10-24,sh.603883,36.0000,36.1600,34.8000,35.1000,35.7100,4598825,162029017.4800,3,0.789700,1,-1.708200,27.534556,1.128541,31.852212,3.270635,0
2022-10-25,sh.603883,35.0000,35.7000,34.2800,34.6300,35.1000,2777710,96594473.5400,3,0.477000,1,-1.339000,27.165859,1.113430,31.425701,3.226840,0
2022-10-26,sh.603883,34.4900,35.9800,34.2900,35.6400,34.6300,5333579,189579719.1800,3,0.915900,1,2.916500,27.958164,1.145903,32.342246,3.320952,0
2022-10-27,sh.603883,35.5100,36.1700,34.7000,35.8600,35.6400,5253139,187658416.7700,3,0.902100,1,0.617300,28.130745,1.152977,32.541890,3.341452,0
2022-10-28,sh.603883,35.8500,36.4600,34.6000,34.9000,35.8600,3500216,124177868.7400,3,0.601100,1,-2.677100,27.377664,1.122111,31.670718,3.251999,0
2022-10-31,sh.603883,35.0000,35.7000,34.0000,35.1400,34.9000,4294679,151032041.4400,3,0.737500,1,0.687700,27.542949,1.129827,22.894628,3.247387,0
2022-11-01,sh.603883,35.0600,36.2800,34.2300,35.5600,35.1400,4310578,151365051.8400,3,0.740200,1,1.195200,27.872148,1.143331,23.168269,3.286201,0
2022-11-02,sh.603883,35.8400,38.4000,35.0200,37.6200,35.5600,10105419,379359446.9900,3,1.735300,1,5.793000,29.486788,1.209565,24.510413,3.476571,0
2022-11-03,sh.603883,37.5500,38.0000,36.6600,36.9800,37.6200,4452927,165437173.5500,3,0.764700,1,-1.701200,28.985152,1.188987,24.093436,3.417427,0
2022-11-04,sh.603883,36.9600,38.6000,36.7100,37.7500,36.9800,7492206,283097470.6300,3,1.286600,1,2.082200,29.588683,1.213744,24.595112,3.488585,0
2022-11-07,sh.603883,37.6200,37.7700,35.3500,36.3900,37.7500,7760601,281947026.3100,3,1.332600,1,-3.602600,28.522707,1.170017,23.709036,3.362903,0
2022-11-08,sh.603883,36.1500,36.4200,34.8000,36.4200,36.3900,4016597,144294848.8200,3,0.689700,1,0.082400,28.546221,1.170982,23.728582,3.365676,0
2022-11-09,sh.603883,36.0200,37.2500,35.7700,36.7700,36.4200,3577831,131406040.7500,3,0.614400,1,0.961000,28.820553,1.182235,23.956616,3.398020,0
2022-11-10,sh.603883,36.4700,37.5900,36.3000,36.8400,36.7700,2905688,107625092.1000,3,0.499000,1,0.190400,28.875420,1.184486,24.002223,3.404489,0
2022-11-11,sh.603883,37.3000,38.2600,36.3000,36.4000,36.8400,6105139,227224100.4900,3,1.048400,1,-1.194400,28.530545,1.170339,23.715551,3.363828,0
2022-11-14,sh.603883,36.3800,40.0400,36.0400,40.0400,36.4000,21647650,856472524.0800,3,3.717300,1,10.000000,31.383599,1.287373,26.087106,3.700210,0
2022-11-15,sh.603883,40.8100,43.0000,39.8000,40.9200,40.0400,17039558,697795567.4000,3,2.926000,1,2.197800,32.073349,1.315667,26.660449,3.781534,0
2022-11-16,sh.603883,40.6100,41.8300,39.6500,40.9000,40.9200,8853606,362195428.9000,3,1.520300,1,-0.048900,32.057673,1.315024,26.647419,3.779685,0
2022-11-17,sh.603883,40.7800,43.1000,40.5000,42.7300,40.9000,10997890,465417686.4400,3,1.888600,1,4.474300,33.492038,1.373862,27.839712,3.948801,0
2022-11-18,sh.603883,42.3200,43.4000,41.0000,42.1700,42.7300,8849808,375109704.9300,3,1.519700,1,-1.310600,33.053106,1.355857,27.474857,3.897050,0
2022-11-21,sh.603883,40.0700,41.5500,38.6800,40.9800,42.1700,12020311,483390213.1900,3,2.064100,1,-2.821900,32.120377,1.317596,26.699541,3.787078,0
2022-11-22,sh.603883,40.2300,41.7100,39.4800,40.0300,40.9800,6126082,248618023.0900,3,1.052000,1,-2.318200,31.375761,1.287051,26.080591,3.699286,0
2022-11-23,sh.603883,40.0200,40.5800,38.5200,39.5900,40.0300,5003465,197030968.2400,3,0.859200,1,-1.099200,31.030887,1.272904,25.793920,3.658625,0
2022-11-24,sh.603883,39.9400,40.4000,39.1500,39.9700,39.5900,3286437,131236409.3500,3,0.564300,1,0.959800,31.328733,1.285122,26.041500,3.693741,0
2022-11-25,sh.603883,39.9700,39.9700,38.4800,38.9300,39.9700,4583425,178090978.8000,3,0.787100,1,-2.602000,30.513574,1.251684,25.363912,3.597632,0
2022-11-28,sh.603883,38.6800,40.0300,38.0000,39.6900,38.9300,7392352,290891679.5800,3,1.269400,1,1.952200,31.109267,1.276120,25.859072,3.667866,0
2022-11-29,sh.603883,39.1400,42.0700,39.0900,41.2500,39.6900,7847291,320603778.3300,3,1.347500,1,3.930500,32.332005,1.326277,26.875453,3.812030,0
2022-11-30,sh.603883,40.6400,42.9900,40.2700,41.4800,41.2500,8165487,340364930.0400,3,1.402200,1,0.557600,32.512280,1.333672,27.025304,3.833285,0
2022-12-01,sh.603883,43.8000,45.6300,39.6000,42.9700,41.4800,14148242,598174176.3200,3,2.429500,1,3.592100,33.680151,1.381579,27.996078,3.970980,0
2022-12-02,sh.603883,42.0000,44.1100,42.0000,43.3400,42.9700,6748689,291981058.9700,3,1.158900,1,0.861100,33.970160,1.393475,28.237143,4.005173,0
2022-12-05,sh.603883,44.5000,46.6200,43.3100,44.5800,43.3400,11190191,500451888.8600,3,1.921600,1,2.861100,34.942079,1.433344,29.045035,4.119765,0
2022-12-06,sh.603883,44.4500,44.4600,40.9800,41.4900,44.5800,12901100,546764207.8200,3,2.215400,1,-6.931400,32.520118,1.333993,27.031819,3.834209,0
2022-12-07,sh.603883,40.9100,41.7500,40.0100,41.5100,41.4900,8668645,356641795.9700,3,1.488600,1,0.048200,32.535794,1.334637,27.044850,3.836057,0
2022-12-08,sh.603883,41.8000,43.5300,41.5600,42.8800,41.5100,9100235,385523224.6100,3,1.562700,1,3.300400,33.609609,1.378685,27.937441,3.962663,0
2022-12-09,sh.603883,42.7200,44.6600,41.9000,44.2100,42.8800,8380633,365836544.6000,3,1.439100,1,3.101700,34.652071,1.421447,28.803970,4.085572,0
2022-12-12,sh.603883,44.0200,46.0000,44.0000,44.7900,44.2100,10803332,485487679.1700,3,1.855100,1,1.311900,35.106679,1.440096,29.181855,4.139171,0
2022-12-13,sh.603883,45.3300,45.5500,42.3800,42.6500,44.7900,9482439,410468660.6100,3,1.628300,1,-4.777900,33.429333,1.371290,27.787590,3.941408,0
2022-12-14,sh.603883,42.6500,43.1600,41.4500,42.5200,42.6500,9949243,418925751.5600,3,1.708500,1,-0.304800,33.327439,1.367110,27.702891,3.929394,0
2022-12-15,sh.603883,42.5000,42.9500,41.8100,42.0800,42.5200,5522095,232504954.2100,3,0.948300,1,-1.034800,32.982564,1.352963,27.416220,3.888733,0
2022-12-16,sh.603883,41.8000,42.2900,41.2800,41.8600,42.0800,5142113,214093217.6600,3,0.883000,1,-0.522800,32.810127,1.345890,27.272884,3.868402,0
2022-12-19,sh.603883,41.8800,42.2500,39.1200,39.5100,41.8600,11537944,459509263.9400,3,1.981300,1,-5.614000,30.968182,1.270332,25.741798,3.651232,0
2022-12-20,sh.603883,39.5100,39.9400,38.3500,39.0000,39.5100,5894424,229505634.0500,3,1.012200,1,-1.290800,30.568441,1.253935,25.409519,3.604101,0
2022-12-21,sh.603883,38.8500,39.2700,38.4600,38.8800,39.0000,2877300,111708772.3200,3,0.494100,1,-0.307700,30.474384,1.250076,25.331336,3.593011,0
2022-12-22,sh.603883,38.9900,39.1500,37.2000,37.4900,38.8800,7194664,272268563.8000,3,1.235500,1,-3.575100,29.384894,1.205385,24.425715,3.464558,0
2022-12-23,sh.603883,37.5300,38.0000,37.0800,37.8100,37.4900,3454055,129961154.8000,3,0.593100,1,0.853600,29.635712,1.215674,24.634203,3.494130,0
2022-12-26,sh.603883,37.6900,38.4500,37.3100,37.4800,37.8100,3766075,142763951.2500,3,0.646700,1,-0.872800,29.377056,1.205063,24.419199,3.463633,0
2022-12-27,sh.603883,37.7100,37.7100,36.6200,37.4100,37.4800,5261191,195467473.1600,3,0.903400,1,-0.186800,29.322189,1.202813,24.373593,3.457165,0
2022-12-28,sh.603883,37.4500,38.2900,37.0000,37.6500,37.4100,5653999,212944267.9200,3,0.970900,1,0.641500,29.510303,1.210529,24.529959,3.479344,0
2022-12-29,sh.603883,37.6400,41.1200,37.3700,40.4400,37.6500,11146297,444840763.3300,3,1.914000,1,7.410400,31.697122,1.300234,26.347717,3.737176,0
2022-12-30,sh.603883,39.9000,40.8100,39.2100,40.4700,40.4400,5254716,211660399.3200,3,0.902300,1,0.074200,31.720636,1.301198,26.367263,3.739948,0
2023-01-03,sh.603883,40.4700,43.4000,40.4700,42.8800,40.4700,9088880,385388576.1500,3,1.560700,1,5.955000,33.609609,1.378685,27.937441,3.962663,0
2023-01-04,sh.603883,42.9000,43.0100,41.8000,42.7600,42.8800,4718672,199819530.4300,3,0.810300,1,-0.279900,33.515552,1.374827,27.859257,3.951573,0
2023-01-05,sh.603883,43.0000,43.8000,41.9900,42.7200,42.7600,4303635,184296711.9800,3,0.739000,1,-0.093500,33.484200,1.373541,27.833196,3.947877,0
2023-01-06,sh.603883,42.5300,42.7200,41.3400,42.5600,42.7200,3878245,163334009.3300,3,0.666000,1,-0.374500,33.358791,1.368396,27.728952,3.933091,0
2023-01-09,sh.603883,42.3300,42.7700,41.6500,41.9800,42.5600,3489742,146779113.7100,3,0.599300,1,-1.362800,32.904183,1.349748,27.351067,3.879491,0
2023-01-10,sh.603883,42.0500,42.3900,41.3900,41.6500,41.9800,2852696,119393954.1400,3,0.489900,1,-0.786100,32.645527,1.339138,27.136063,3.848995,0
2023-01-11,sh.603883,41.6000,41.7500,41.0000,41.6000,41.6500,4039589,167324610.0000,3,0.693700,1,-0.120000,32.606337,1.337530,27.103487,3.844374,0
2023-01-12,sh.603883,41.1300,41.5400,40.5000,41.3200,41.6000,3900770,160073505.9800,3,0.669800,1,-0.673100,32.386871,1.328528,26.921060,3.818499,0
2023-01-13,sh.603883,41.4600,42.2800,40.8000,42.0000,41.3200,3342955,138886621.5100,3,0.574100,1,1.645700,32.919859,1.350391,27.364098,3.881340,0
2023-01-16,sh.603883,42.0000,42.7000,40.7400,41.2000,42.0000,4659101,192982250.7100,3,0.800100,1,-1.904800,32.292815,1.324669,26.842877,3.807409,0
2023-01-17,sh.603883,41.0000,42.2700,40.8100,41.3400,41.2000,3084016,127898024.4100,3,0.529600,1,0.339800,32.402547,1.329171,26.934090,3.820347,0
2023-01-18,sh.603883,41.0500,41.7000,40.5600,41.1800,41.3400,2583422,106407010.7300,3,0.443600,1,-0.387000,32.277138,1.324026,26.829846,3.805561,0
2023-01-19,sh.603883,41.3900,42.6000,41.0100,41.2000,41.1800,3264958,136034246.5600,3,0.560700,1,0.048600,32.292815,1.324669,26.842877,3.807409,0
2023-01-20,sh.603883,41.0200,42.3500,40.8500,41.0900,41.2000,3713364,153476299.5500,3,0.637700,1,-0.267000,32.206596,1.321133,26.771209,3.797244,0
2023-01-30,sh.603883,41.4800,41.4800,39.1000,39.2000,41.0900,8199389,325414717.7500,3,1.408000,1,-4.599700,30.725202,1.260365,25.539824,3.622584,0
2023-01-31,sh.603883,39.0300,39.9800,38.9100,39.4800,39.2000,4354621,172449841.8700,3,0.747800,1,0.714300,30.944668,1.269368,25.722252,3.648459,0
2023-02-01,sh.603883,39.0500,40.0800,39.0500,39.6100,39.4800,3709187,146711299.3700,3,0.636900,1,0.329300,31.046563,1.273547,25.806950,3.660473,0
2023-02-02,sh.603883,39.6000,40.2900,39.1100,39.4200,39.6100,3604304,142906648.7600,3,0.618900,1,-0.479700,30.897640,1.267438,25.683160,3.642914,0
2023-02-03,sh.603883,39.2800,39.2800,38.1200,38.4500,39.4200,4081090,157088542.3000,3,0.700800,1,-2.460700,30.137348,1.236251,25.051180,3.553274,0
2023-02-06,sh.603883,38.6500,38.8800,37.8000,38.0400,38.4500,3117277,118846524.1900,3,0.535300,1,-1.066300,29.815987,1.223068,24.784054,3.515385,0
2023-02-07,sh.603883,38.1100,38.3200,37.2600,37.4300,38.0400,3175565,119473696.8900,3,0.545300,1,-1.603600,29.337865,1.203456,24.386623,3.459013,0
2023-02-08,sh.603883,37.3200,37.8600,37.1100,37.2100,37.4300,3723069,139181815.9300,3,0.639300,1,-0.587800,29.165428,1.196382,24.243287,3.438682,0
2023-02-09,sh.603883,37.1100,38.0000,36.8800,37.8400,37.2100,3431996,128922343.6900,3,0.589300,1,1.693100,29.659226,1.216638,24.653749,3.496902,0
2023-02-10,sh.603883,37.8600,38.3000,37.4200,38.2000,37.8400,3450732,130908368.1100,3,0.592600,1,0.951400,29.941396,1.228213,24.888298,3.530171,0
2023-02-13,sh.603883,38.1800,39.0100,37.7100,37.8500,38.2000,3687423,140628907.8600,3,0.633200,1,-0.916200,29.667064,1.216960,24.660264,3.497826,0
2023-02-14,sh.603883,37.8800,38.4500,37.7000,38.2800,37.8500,2956235,112668761.8900,3,0.507600,1,1.136100,30.004100,1.230785,24.940420,3.537564,0
2023-02-15,sh.603883,38.2800,38.6300,38.0300,38.3900,38.2800,2585833,99163814.9100,3,0.444000,1,0.287400,30.090319,1.234322,25.012088,3.547729,0
2023-02-16,sh.603883,41.1000,42.1300,39.0100,39.5000,38.3900,15062349,614895814.6800,3,2.586500,1,2.891400,30.960344,1.270011,25.735282,3.650307,0
2023-02-17,sh.603883,39.0700,41.4800,38.5600,40.3400,39.5000,8161172,330944953.6300,3,1.401400,1,2.126600,31.618741,1.297018,26.282564,3.727934,0
2023-02-20,sh.603883,40.1100,40.9400,39.8000,40.1200,40.3400,3885656,156242386.2800,3,0.667200,1,-0.545400,31.446304,1.289945,26.139228,3.707603,0
2023-02-21,sh.603883,40.0100,40.3900,38.5000,39.3900,40.1200,5171380,203189797.4100,3,0.888000,1,-1.819500,30.874125,1.266474,25.663614,3.640142,0
2023-02-22,sh.603883,39.0000,40.4500,38.8000,39.5000,39.3900,3939445,156351065.4300,3,0.676500,1,0.279300,30.960344,1.270011,25.735282,3.650307,0
2023-02-23,sh.603883,39.5600,39.6200,38.8000,39.1500,39.5000,2507267,98079329.1600,3,0.430500,1,-0.886100,30.686012,1.258757,25.507248,3.617963,0
2023-02-24,sh.603883,39.1400,39.4400,38.8200,39.0800,39.1500,1778619,69626678.7100,3,0.305400,1,-0.178800,30.631145,1.256507,25.461641,3.611494,0
2023-02-27,sh.603883,39.2700,40.1700,38.7000,39.5300,39.0800,3561649,140857415.9700,3,0.611600,1,1.151500,30.983858,1.270975,25.754828,3.653080,0
2023-02-28,sh.603883,39.7100,40.5500,39.1000,40.2500,39.5300,3256553,130367175.2000,3,0.559200,1,1.821400,31.548199,1.294125,26.223927,3.719617,0
2023-03-01,sh.603883,40.1200,40.4200,39.4500,39.5700,40.2500,2045397,81208877.3500,3,0.351200,1,-1.689400,31.015210,1.272261,25.780889,3.656776,0
2023-03-02,sh.603883,39.6000,39.7500,39.0100,39.1800,39.5700,1437656,56451791.3100,3,0.246900,1,-0.985600,30.709526,1.259722,25.526794,3.620735,0
2023-03-03,sh.603883,39.1800,39.4700,38.6300,38.7000,39.1800,1596069,62114146.3500,3,0.274100,1,-1.225100,30.333299,1.244289,25.214061,3.576377,0
2023-03-06,sh.603883,38.8200,38.9000,38.2000,38.4800,38.7000,2530583,97374810.9500,3,0.434600,1,-0.568500,30.160862,1.237215,25.070726,3.556046,0
2023-03-07,sh.603883,38.3700,38.8000,37.8700,37.9000,38.4800,2333739,89445273.5200,3,0.400700,1,-1.507300,29.706254,1.218567,24.692840,3.502447,0
2023-03-08,sh.603883,37.8100,38.1200,37.5600,37.9600,37.9000,1632302,61896152.6500,3,0.280300,1,0.158300,29.753282,1.220496,24.731932,3.507992,0
2023-03-09,sh.603883,37.9600,38.1600,37.6100,38.0600,37.9600,1865142,70767856.6800,3,0.320300,1,0.263400,29.831663,1.223712,24.797085,3.517233,0
2023-03-10,sh.603883,37.8000,37.9900,37.1600,37.3400,38.0600,1815808,67888294.1100,3,0.311800,1,-1.891700,29.267323,1.200562,24.327986,3.450696,0
2023-03-13,sh.603883,37.1400,38.1500,36.9100,37.9500,37.3400,3185105,120159979.5000,3,0.546900,1,1.633600,29.745444,1.220175,24.725417,3.507068,0
2023-03-14,sh.603883,37.9500,38.1800,37.3300,37.6800,37.9500,1942582,73222896.5300,3,0.333600,1,-0.711500,29.533817,1.211494,24.549505,3.482116,0
2023-03-15,sh.603883,37.9500,38.7500,37.4000,38.5500,37.6800,3069291,117242524.3400,3,0.527100,1,2.308900,30.215728,1.239466,25.116332,3.562515,0
2023-03-16,sh.603883,38.1000,38.8300,37.8100,38.5100,38.5500,3012730,115403412.4200,3,0.517300,1,-0.103800,30.184376,1.238180,25.090271,3.558819,0
2023-03-17,sh.603883,38.6900,38.8000,37.5700,37.6300,38.5100,4345947,164972338.6800,3,0.746300,1,-2.285100,29.494626,1.209886,24.516928,3.477495,0
2023-03-20,sh.603883,37.6200,37.6600,36.3100,37.3200,37.6300,3436842,126932692.2300,3,0.590200,1,-0.823800,29.251647,1.199919,24.314955,3.448847,0
2023-03-21,sh.603883,37.3200,38.1400,37.1000,38.0700,37.3200,2249621,85177130.5400,3,0.386300,1,2.009600,29.839501,1.224033,24.803600,3.518157,0
2023-03-22,sh.603883,38.1800,38.4600,37.5400,37.7000,38.0700,2096122,79598439.0700,3,0.359900,1,-0.971900,29.549493,1.212137,24.562535,3.483964,0
2023-03-23,sh.603883,37.4700,37.6600,36.7000,37.1100,37.7000,3185763,117834441.7300,3,0.547100,1,-1.565000,29.087047,1.193167,24.178135,3.429441,0
2023-03-24,sh.603883,37.0600,37.5500,36.8500,36.9400,37.1100,2282969,84809510.6800,3,0.392000,1,-0.458100,28.953800,1.187701,24.067375,3.413731,0
2023-03-27,sh.603883,36.9400,37.3900,36.3600,37.1800,36.9400,1907932,70636964.3600,3,0.327600,1,0.649700,29.141914,1.195418,24.223742,3.435910,0
2023-03-28,sh.603883,37.0400,38.9500,36.9300,38.5700,37.1800,6404406,245778319.8600,3,1.099800,1,3.738600,30.231404,1.240109,25.129363,3.564363,0
2023-03-29,sh.603883,38.7600,38.7800,37.7000,38.0100,38.5700,4230892,161048325.8800,3,0.726500,1,-1.451900,29.792473,1.222104,24.764508,3.512612,0
2023-03-30,sh.603883,38.1500,38.1600,37.1600,37.5400,38.0100,3154890,118304577.7500,3,0.541800,1,-1.236500,29.424084,1.206992,24.458291,3.469178,0
2023-03-31,sh.603883,37.4500,37.9200,37.0600,37.4300,37.5400,3155086,118264769.2800,3,0.541800,1,-0.293000,29.337865,1.203456,24.386623,3.459013,0
2023-04-03,sh.603883,37.6000,37.6000,33.9000,34.6500,37.4300,14160282,489503792.2000,3,2.431600,1,-7.427200,27.158884,1.114073,22.575381,3.202105,0
2023-04-04,sh.603883,34.3000,35.2800,34.0000,35.0500,34.6500,6727126,232841470.4200,3,1.155200,1,1.154400,27.472407,1.126934,22.835991,3.239070,0
2023-04-06,sh.603883,34.9200,36.1000,34.7100,35.6000,35.0500,5668924,201859054.3500,3,0.973500,1,1.569200,27.903500,1.144617,23.194330,3.289897,0
2023-04-07,sh.603883,35.6300,35.9500,35.4000,35.7200,35.6000,2882694,102956442.3200,3,0.495000,1,0.337100,27.997557,1.148475,23.272513,3.300987,0
2023-04-10,sh.603883,35.6500,36.2800,34.7800,36.0000,35.7200,4046829,143494224.4400,3,0.694900,1,0.783900,28.217022,1.157478,23.454941,3.326862,0
2023-04-11,sh.603883,36.0000,37.6900,35.7300,36.6000,36.0000,5974075,219328144.4100,3,1.025900,1,1.666700,28.687306,1.176769,23.845856,3.382310,0
2023-04-12,sh.603883,36.7700,37.2700,36.2100,36.3800,36.6000,2294790,84137412.8200,3,0.394100,1,-0.601100,28.514869,1.169696,23.702521,3.361979,0
2023-04-13,sh.603883,36.2100,37.0300,36.0700,36.8100,36.3800,2388609,87724765.3600,3,0.410200,1,1.182000,28.851905,1.183521,23.982677,3.401717,0
2023-04-14,sh.603883,36.8900,37.1400,35.9600,36.0100,36.8100,2782986,101003400.2100,3,0.477900,1,-2.173300,28.224860,1.157800,23.461456,3.327787,0
2023-04-17,sh.603883,35.8100,36.1800,35.2500,35.7700,36.0100,3868551,137564631.6000,3,0.664300,1,-0.666500,28.036747,1.150083,23.305090,3.305608,0
2023-04-18,sh.603883,35.6700,35.9000,34.8700,35.1300,35.7700,3404127,119951993.7000,3,0.584600,1,-1.789200,27.535111,1.129506,22.888113,3.246463,0
2023-04-19,sh.603883,35.1600,35.3600,34.2500,34.5900,35.1300,2432148,84052427.8000,3,0.417600,1,-1.537100,27.111856,1.112144,22.536289,3.196560,0
2023-04-20,sh.603883,34.5900,34.9800,33.6700,33.8000,34.5900,2207612,75139119.7600,3,0.379100,1,-2.283900,26.492649,1.086743,22.021583,3.123554,0
2023-04-21,sh.603883,33.8000,34.3900,33.1600,33.2100,33.8000,6348727,213311188.8600,3,1.090200,1,-1.745600,26.030203,1.067774,21.637183,3.069031,0
2023-04-24,sh.603883,33.5400,33.9000,33.0000,33.6300,33.2100,4063057,136527073.2300,3,0.697700,1,1.264700,26.359402,1.081277,21.910824,3.107844,0
2023-04-25,sh.603883,33.5700,34.1500,33.0100,33.7500,33.6300,3738745,125458137.9700,3,0.642000,1,0.356800,26.453458,1.085136,21.989007,3.118934,0
2023-04-26,sh.603883,33.7000,34.7000,33.7000,34.2000,33.7500,4088651,140075373.1500,3,0.702100,1,1.333300,26.806171,1.099604,22.282194,3.160519,0
2023-04-27,sh.603883,34.4200,35.5200,34.1000,35.3500,34.2000,3529245,123973063.5000,3,0.606000,1,3.362600,27.707548,1.136579,23.031449,3.266794,0
2023-04-28,sh.603883,35.3600,35.4700,34.4000,34.8500,35.3500,4004878,139218236.1000,3,0.687700,1,-1.414400,24.426413,0.949173,-126.661111,3.020912,0
2023-05-04,sh.603883,35.0100,36.0800,34.6200,35.6500,34.8500,5608450,199845719.1100,3,0.963100,1,2.295600,24.987134,0.970962,-129.568683,3.090258,0
2023-05-05,sh.603883,35.5100,35.8900,35.0000,35.6600,35.6500,4331222,153785609.0400,3,0.743800,1,0.028100,24.994143,0.971235,-129.605027,3.091125,0
2023-05-08,sh.603883,35.6600,35.6600,34.4800,34.6800,35.6600,4077871,142052568.0000,3,0.700300,1,-2.748200,24.307260,0.944543,-126.043252,3.006175,0
2023-05-09,sh.603883,34.3100,34.6400,33.7800,34.1000,34.6800,2868733,98187702.6100,3,0.492600,1,-1.672400,23.900737,0.928747,-123.935262,2.955899,0
2023-05-10,sh.603883,34.0100,34.1000,33.2200,33.7700,34.1000,2879396,96774484.0200,3,0.494400,1,-0.967700,23.669440,0.919759,-122.735888,2.927294,0
2023-05-11,sh.603883,33.7300,34.1000,33.0200,33.2000,33.7700,2777000,92540268.6000,3,0.476900,1,-1.687900,23.269926,0.904234,-120.664243,2.877884,0
2023-05-12,sh.603883,33.0100,33.9100,32.8900,33.3700,33.2000,2303153,77210987.3000,3,0.395500,1,0.512000,23.389079,0.908864,-121.282102,2.892620,0
2023-05-15,sh.603883,33.3800,33.6400,32.9700,33.5100,33.3700,2417748,80647692.4300,3,0.415200,1,0.419500,23.487205,0.912677,-121.790927,2.904756,0
2023-05-16,sh.603883,33.6200,33.6200,32.9000,33.1700,33.5100,3202078,106081730.6600,3,0.549900,1,-1.014600,23.248899,0.903417,-120.555209,2.875284,0
2023-05-17,sh.603883,33.2700,33.2700,32.5000,32.9900,33.1700,3703520,121459786.6000,3,0.636000,1,-0.542700,23.122737,0.898515,-119.901005,2.859681,0
2023-05-18,sh.603883,32.9700,33.1700,32.3700,32.6600,32.9900,3369476,109903058.8500,3,0.578600,1,-1.000300,22.891439,0.889527,-118.701632,2.831075,0
2023-05-19,sh.603883,32.7500,33.5000,32.5300,33.4700,32.6600,5174588,171141050.2500,3,0.888600,1,2.480100,23.459169,0.911588,-121.645549,2.901289,0
2023-05-22,sh.603883,33.2900,34.2100,33.1300,33.7600,33.4700,4514852,152750145.3900,3,0.775300,1,0.866400,23.662431,0.919486,-122.699544,2.926427,0
2023-05-23,sh.603883,33.9700,34.2500,33.6200,33.6300,33.7600,2756404,93667888.3600,3,0.473300,1,-0.385100,23.571314,0.915946,-122.227063,2.915158,0
2023-05-24,sh.603883,33.5900,33.8000,32.8000,32.8900,33.6300,2147243,71015213.3900,3,0.368700,1,-2.200400,23.052647,0.895791,-119.537559,2.851012,0
2023-05-25,sh.603883,33.0000,33.1100,32.1400,32.5600,32.8900,2894255,94120956.7800,3,0.497000,1,-1.003300,22.821349,0.886803,-118.338185,2.822407,0
2023-05-26,sh.603883,32.3900,32.9800,32.2700,32.8100,32.5600,2323759,75862193.2200,3,0.399000,1,0.767800,22.996574,0.893612,-119.246802,2.844078,0
2023-05-29,sh.603883,32.7700,33.3000,32.6200,32.9600,32.8100,3270226,107733452.4600,3,0.561600,1,0.457200,23.101710,0.897698,-119.791971,2.857080,0
2023-05-30,sh.603883,32.8400,33.3300,32.4000,32.9200,32.9600,3037172,99654725.1200,3,0.521500,1,-0.121400,23.073674,0.896608,-119.646593,2.853613,0
2023-05-31,sh.603883,32.7600,33.0300,32.4000,32.6400,32.9200,2677159,87343566.4900,3,0.459700,1,-0.850500,22.877421,0.888982,-118.628943,2.829342,0
2023-06-01,sh.603883,32.6000,32.9500,32.2800,32.4900,32.6400,4250875,138581837.2200,3,0.730000,1,-0.459600,22.772286,0.884897,-118.083773,2.816339,0
2023-06-02,sh.603883,32.4900,32.6600,32.1300,32.1500,32.4900,2500178,80643216.2500,3,0.429300,1,-1.046500,22.533980,0.875636,-116.848055,2.786867,0
2023-06-05,sh.603883,32.0600,32.6500,31.6000,32.4900,32.1500,3541870,114265979.5400,3,0.608200,1,1.057500,22.772286,0.884897,-118.083773,2.816339,0
2023-06-06,sh.603883,32.4800,32.4800,31.2700,31.5300,32.4900,4064099,128784704.0900,3,0.697900,1,-2.954800,22.099421,0.858750,-114.594686,2.733123,0
2023-06-07,sh.603883,31.3300,31.6000,30.8000,31.0700,31.5300,3637213,112744794.8100,3,0.624600,1,-1.458900,21.777006,0.846222,-112.922832,2.693249,0
2023-06-08,sh.603883,31.1300,31.1800,30.8000,30.9600,31.0700,1799572,55679348.0400,3,0.309000,1,-0.354000,21.699907,0.843226,-112.523041,2.683714,0
2023-06-09,sh.603883,30.9000,31.3300,30.6100,30.7300,30.9600,2512392,77628664.8500,3,0.431400,1,-0.742900,21.538700,0.836961,-111.687114,2.663777,0
2023-06-12,sh.603883,30.6700,31.8000,30.5300,31.4100,30.7300,4894602,153067644.6300,3,0.840500,1,2.212800,22.015313,0.855482,-114.158551,2.722721,0
2023-06-13,sh.603883,31.3800,31.7000,30.8400,31.1100,31.4100,3063250,95241009.6100,3,0.526000,1,-0.955100,21.805042,0.847311,-113.068211,2.696716,0
2023-06-14,sh.603883,31.0500,33.3900,30.9100,32.5700,31.1100,10870508,353828797.8600,3,1.866700,1,4.693000,22.828358,0.887075,-118.374530,2.823274,0
2023-06-15,sh.603883,32.2100,32.7600,32.0700,32.3200,32.5700,5980862,192969593.9600,3,1.027000,1,-0.767600,22.653133,0.880266,-117.465914,2.801603,0
2023-06-16,sh.603883,32.2100,32.3800,31.4000,31.5000,32.3200,3979920,126550941.4800,3,0.683400,1,-2.537100,22.078394,0.857933,-114.485652,2.730523,0
2023-06-19,sh.603883,31.4800,31.4800,30.4200,30.5900,31.5000,6404684,196774983.2700,3,1.099800,1,-2.888900,21.440573,0.833148,-111.178289,2.651641,0
2023-06-20,sh.603883,30.5600,31.0800,30.5600,30.7200,30.5900,5107722,157562234.6900,3,0.877100,1,0.425000,21.531691,0.836689,-111.650770,2.662910,0
2023-06-21,sh.603883,30.6500,30.9000,30.3000,30.3500,30.7200,3441327,104717338.6600,3,0.590900,1,-1.204400,21.268866,0.826476,-110.287913,2.630405,0
2023-06-26,sh.603883,30.2700,30.5600,29.8500,30.0800,30.3500,3433411,103374074.1500,3,0.589600,1,-0.889600,21.079653,0.819123,-109.306768,2.607004,0
2023-06-27,sh.603883,30.1600,30.7900,29.9500,30.1400,30.0800,3389914,102539381.7400,3,0.582100,1,0.199500,21.121700,0.820757,-109.524801,2.612205,0
2023-06-28,sh.603883,30.2100,30.6000,29.9000,30.0300,30.1400,3167932,95504560.6600,3,0.544000,1,-0.365000,21.044614,0.817762,-109.125075,2.602671,0
2023-06-29,sh.603883,30.0000,30.5000,29.5500,29.6600,30.0300,5556953,165742585.4200,3,0.954200,1,-1.232100,20.785323,0.807686,-107.780544,2.570603,0
2023-06-30,sh.603883,29.7000,30.2900,29.6600,29.8500,29.6600,4145996,124365169.0000,3,0.711900,1,0.640600,20.918472,0.812860,-108.470979,2.587071,0
2023-07-03,sh.603883,29.8700,30.1700,29.7000,29.9300,29.8500,3680134,110057183.5600,3,0.632000,1,0.268000,20.974535,0.815039,-108.761688,2.594004,0
2023-07-04,sh.603883,29.9300,29.9700,28.9000,29.3000,29.9300,7551898,220770508.2700,3,1.296800,1,-2.104900,20.533040,0.797883,-106.472351,2.539403,0
2023-07-05,sh.603883,29.1500,29.4800,29.1000,29.2400,29.3000,3793835,111036067.3000,3,0.651500,1,-0.204800,20.490993,0.796249,-106.254319,2.534202,0
2023-07-06,sh.603883,29.0200,29.1500,28.6000,28.7200,29.2400,4041199,116411395.3700,3,0.694000,1,-1.778400,20.126584,0.782089,-104.364707,2.489135,0
2023-07-07,sh.603883,28.0600,28.4100,28.0600,28.3100,28.2200,2747955,77632302.5000,3,0.471900,1,0.318900,19.839261,0.770924,-102.874821,2.453600,0
2023-07-10,sh.603883,28.3500,28.6500,28.1500,28.5100,28.3100,3605788,102616328.2200,3,0.619200,1,0.706500,19.979419,0.776370,-103.601595,2.470934,0
2023-07-11,sh.603883,28.6000,28.6000,28.1700,28.5100,28.5100,3646563,103299363.7000,3,0.626200,1,0.000000,19.979419,0.776370,-103.601595,2.470934,0
2023-07-12,sh.603883,28.4900,28.5100,28.1900,28.2600,28.5100,3032470,85831403.7400,3,0.520700,1,-0.876900,19.804222,0.769562,-102.693128,2.449267,0
2023-07-13,sh.603883,28.3100,28.8500,28.1900,28.6500,28.2600,4554923,130738649.2900,3,0.782200,1,1.380000,20.077529,0.780182,-104.110336,2.483068,0
2023-07-14,sh.603883,28.6000,28.6900,27.6200,27.7200,28.6500,7151998,199873240.3300,3,1.228100,1,-3.246100,19.425798,0.754857,-100.730838,2.402466,0
2023-07-17,sh.603883,27.7100,27.8000,27.2900,27.6400,27.7200,3682695,101442865.0000,3,0.632400,1,-0.288600,19.369735,0.752679,-100.440129,2.395532,0
2023-07-18,sh.603883,27.5900,27.6200,27.3600,27.5500,27.6400,3077252,84579794.1800,3,0.528400,1,-0.325600,19.306664,0.750228,-100.113081,2.387732,0
2023-07-19,sh.603883,27.4000,27.9400,27.3200,27.5000,27.5500,2745463,75566865.9100,3,0.471400,1,-0.181500,19.271625,0.748866,-99.931387,2.383398,0
2023-07-20,sh.603883,27.6200,27.7700,27.3400,27.3800,27.5000,3389905,93372841.7700,3,0.582100,1,-0.436400,19.187530,0.745598,-99.495323,2.372998,0
2023-07-21,sh.603883,27.3800,27.6800,27.0000,27.5100,27.3800,4346390,119194865.9000,3,0.746400,1,0.474800,19.278632,0.749139,-99.967726,2.384265,0
2023-07-24,sh.603883,27.3900,27.8400,27.2500,27.6400,27.5100,4262003,117825649.2800,3,0.731900,1,0.472600,19.382558,0.753177,-100.506626,2.397118,0
2023-07-25,sh.603883,27.7300,27.9900,27.5900,27.8200,27.6400,5282635,146725697.3800,3,0.907100,1,0.651200,19.508783,0.758082,-101.161155,2.412729,0
2023-07-26,sh.603883,27.8200,28.3800,27.6800,28.1200,27.8200,5517147,155055691.9300,3,0.947400,1,1.078400,19.719159,0.766257,-102.252038,2.438747,0
2023-07-27,sh.603883,28.1700,28.3800,27.9500,28.0300,28.1200,3736445,105167117.0300,3,0.641600,1,-0.320100,19.656046,0.763804,-101.924773,2.430941,0
2023-07-28,sh.603883,27.9500,28.5400,27.9000,28.4400,28.0300,4889340,138569261.6000,3,0.839600,1,1.462700,19.943559,0.774977,-103.415645,2.466499,0
2023-07-31,sh.603883,28.5800,28.6700,28.1100,28.4800,28.4400,5393801,153182142.0500,3,0.926200,1,0.140600,19.971609,0.776067,-103.561096,2.469968,0
2023-08-01,sh.603883,28.4600,28.5800,28.1600,28.3800,28.4800,3670330,103958620.5300,3,0.630300,1,-0.351100,19.901484,0.773342,-103.197469,2.461296,0
2023-08-02,sh.603883,28.4000,28.5100,28.1100,28.3000,28.3800,3351291,94687357.4300,3,0.575500,1,-0.281900,19.845384,0.771162,-102.906567,2.454357,0
2023-08-03,sh.603883,28.1300,29.4500,28.1200,29.3700,28.3000,11000848,319514990.4200,3,1.889100,1,3.780900,20.595721,0.800319,-106.797381,2.547155,0
2023-08-04,sh.603883,29.5000,29.5100,28.7500,28.9200,29.3700,8519591,247329777.1500,3,1.463000,1,-1.532200,20.280159,0.788056,-105.161057,2.508128,0
2023-08-07,sh.603883,28.8100,28.9000,28.3000,28.3800,28.9200,4568866,129912332.9000,3,0.784600,1,-1.867200,19.901484,0.773342,-103.197469,2.461296,0
2023-08-08,sh.603883,28.4000,29.1900,28.1400,28.9000,28.3800,8125278,234107674.9700,3,1.395300,1,1.832300,20.266134,0.787511,-105.088332,2.506393,0
2023-08-09,sh.603883,28.9500,29.1000,28.5500,28.8700,28.9000,3974375,114641262.1900,3,0.682500,1,-0.103800,20.245096,0.786694,-104.979243,2.503791,0
2023-08-10,sh.603883,28.8700,28.9000,28.3800,28.5700,28.8700,3466480,99078147.3000,3,0.595300,1,-1.039100,20.034721,0.778519,-103.888361,2.477774,0
2023-08-11,sh.603883,28.5500,28.8000,28.1100,28.1600,28.5700,4848658,137804640.4000,3,0.832600,1,-1.435100,19.747209,0.767347,-102.397488,2.442216,0
2023-08-14,sh.603883,28.1000,28.4500,27.4100,28.4100,28.1600,4983664,139485504.4000,3,0.855800,1,0.887800,19.922521,0.774159,-103.306557,2.463897,0
2023-08-15,sh.603883,28.2600,29.0500,28.0000,28.7700,28.4100,5856609,168102789.1500,3,1.005700,1,1.267200,20.174971,0.783969,-104.615616,2.495119,0
2023-08-16,sh.603883,28.7000,29.2900,28.3000,28.3800,28.7700,7149297,205907645.8000,3,1.227700,1,-1.355600,19.901484,0.773342,-103.197469,2.461296,0
2023-08-17,sh.603883,28.0000,28.3800,27.8200,28.1200,28.3800,4669490,131057926.2100,3,0.801800,1,-0.916100,19.719159,0.766257,-102.252038,2.438747,0
2023-08-18,sh.603883,28.1700,28.2400,26.7000,26.7000,28.1200,8810692,239069363.7000,3,1.513000,1,-5.049800,18.723383,0.727562,-97.088528,2.315595,0
2023-08-21,sh.603883,26.6600,27.1900,26.4300,26.5100,26.7000,4875427,130290687.1100,3,0.837200,1,-0.711600,18.590146,0.722385,-96.397636,2.299117,0
2023-08-22,sh.603883,26.5100,26.6700,25.5300,26.1600,26.5100,6453548,167417093.2200,3,1.108200,1,-1.320300,18.344708,0.712848,-95.124940,2.268763,0
2023-08-23,sh.603883,26.0000,26.3500,25.8100,25.8300,26.1600,3529880,92135340.1000,3,0.606100,1,-1.261500,18.113295,0.703855,-93.924969,2.240143,0
2023-08-24,sh.603883,25.6200,26.1000,25.2900,25.8400,25.8300,4947716,126959323.1300,3,0.849600,1,0.038700,18.120308,0.704128,-93.961332,2.241010,0
2023-08-25,sh.603883,25.7500,25.9500,25.4900,25.6100,25.8400,3382547,86715007.3900,3,0.580800,1,-0.890100,17.959020,0.697860,-93.124989,2.221063,0
2023-08-28,sh.603883,26.7900,26.8800,25.2100,25.4300,25.6100,5497447,141980519.1400,3,0.944000,1,-0.702900,17.832795,0.692955,-92.470459,2.205453,0
2023-08-29,sh.603883,25.2300,26.0700,25.2300,25.9300,25.4300,5593033,144247217.0400,3,0.960400,1,1.966200,18.183420,0.706580,-94.288596,2.248816,0
2023-08-30,sh.603883,25.9000,26.2900,25.5500,25.6600,25.9300,4442170,114606966.7700,3,0.762800,1,-1.041300,17.994083,0.699223,-93.306802,2.225400,0
2023-08-31,sh.603883,25.4200,25.9000,25.2100,25.6600,25.6600,5901137,150713088.8700,3,1.013300,1,0.000000,17.840038,0.682695,93.152921,2.220669,0
2023-09-01,sh.603883,25.5900,25.8700,25.2600,25.4100,25.6600,4791844,121870403.6400,3,0.822900,1,-0.974300,17.666226,0.676043,92.245351,2.199033,0
2023-09-04,sh.603883,25.4200,25.5500,25.0000,25.1200,25.4100,8108314,203736933.0000,3,1.392400,1,-1.141300,17.464605,0.668328,91.192571,2.173936,0
2023-09-05,sh.603883,25.1000,25.2500,24.8800,25.0000,25.1200,6620485,165661009.3400,3,1.136900,1,-0.477700,17.381175,0.665135,90.756938,2.163551,0
2023-09-06,sh.603883,24.9300,25.0900,24.7600,24.8300,25.0000,3968324,98765798.3400,3,0.681400,1,-0.680000,17.262983,0.660612,90.139790,2.148839,0
2023-09-07,sh.603883,24.8000,24.8000,24.2000,24.3700,24.8300,5855908,143028091.4000,3,1.005600,1,-1.852600,16.943169,0.648374,88.469863,2.109030,0
2023-09-08,sh.603883,24.3500,24.4400,24.1100,24.1600,24.3700,3991038,96675195.9800,3,0.685300,1,-0.861700,16.797167,0.642786,87.707505,2.090856,0
2023-09-11,sh.603883,24.1600,25.3500,24.1300,25.0500,24.1600,9879028,245773666.1900,3,1.696400,1,3.683800,17.415937,0.666465,90.938452,2.167878,0
2023-09-12,sh.603883,25.0200,26.0700,24.8200,25.8700,25.0500,9821983,252867885.9600,3,1.686600,1,3.273500,17.986040,0.688282,93.915279,2.238843,0
2023-09-13,sh.603883,25.8800,26.6200,25.6500,26.0400,25.8700,8825598,231291274.8100,3,1.515500,1,0.657100,18.104232,0.692805,94.532426,2.253555,0
2023-09-14,sh.603883,26.3000,26.6700,25.8900,26.2500,26.0400,6904162,180851451.6200,3,1.185600,1,0.806500,18.250234,0.698392,95.294785,2.271729,0
2023-09-15,sh.603883,26.1300,26.5600,26.0000,26.3200,26.2500,5677852,149531421.1700,3,0.975000,1,0.266700,18.298901,0.700254,95.548904,2.277787,0
2023-09-18,sh.603883,26.2900,26.6800,26.1300,26.3600,26.3200,4470630,117866187.2800,3,0.767700,1,0.152000,18.326711,0.701318,95.694115,2.281248,0
2023-09-19,sh.603883,26.2200,26.5200,26.0000,26.2500,26.3600,4800142,125675822.7800,3,0.824300,1,-0.417300,18.250234,0.698392,95.294785,2.271729,0
2023-09-20,sh.603883,26.2700,26.5000,26.0300,26.3000,26.2500,3543916,93388039.3800,3,0.608600,1,0.190500,18.284996,0.699722,95.476298,2.276056,0
2023-09-21,sh.603883,26.2200,26.2200,25.6800,25.8300,26.3000,3921154,101387643.3300,3,0.673300,1,-1.787100,17.958230,0.687217,93.770068,2.235381,0
2023-09-22,sh.603883,25.8500,26.0500,25.3800,26.0000,25.8300,4668038,120138853.9800,3,0.801600,1,0.658100,18.076422,0.691740,94.387215,2.250093,0
2023-09-25,sh.603883,25.9200,26.1900,25.6000,25.9300,26.0000,3148885,81706553.2600,3,0.540700,1,-0.269200,18.027755,0.689878,94.133096,2.244035,0
2023-09-26,sh.603883,25.9000,26.1700,25.7100,25.7800,25.9300,2700534,69934323.0800,3,0.463700,1,-0.578500,17.923468,0.685887,93.588554,2.231054,0
2023-09-27,sh.603883,25.6300,25.9100,25.5800,25.7200,25.7800,4378471,112762648.2500,3,0.751900,1,-0.232700,17.881753,0.684291,93.370737,2.225861,0
2023-09-28,sh.603883,25.7400,25.8800,25.4500,25.5600,25.7200,4023339,103097095.1400,3,0.690900,1,-0.622100,17.770513,0.680034,92.789893,2.212015,0
2023-10-09,sh.603883,25.6200,25.6800,24.9600,25.2000,25.5600,4816552,121373294.2300,3,0.827100,1,-1.408500,17.520224,0.670456,91.482993,2.180860,0
2023-10-10,sh.603883,25.1100,25.6700,24.5800,24.5900,25.2000,5263831,130946285.6900,3,0.903900,1,-2.420600,17.096124,0.654227,89.268524,2.128069,0
2023-10-11,sh.603883,24.6500,25.3400,24.6000,24.7100,24.5900,5209890,130035287.4000,3,0.894600,1,0.488000,17.179553,0.657419,89.704157,2.138454,0
2023-10-12,sh.603883,24.8300,25.1500,24.6200,24.7200,24.7100,4621991,114528205.4900,3,0.793700,1,0.040500,17.186506,0.657685,89.740460,2.139319,0
2023-10-13,sh.603883,24.6100,24.9500,24.5200,24.7800,24.7200,3978328,98540520.1400,3,0.683200,1,0.242700,17.228221,0.659282,89.958277,2.144512,0
2023-10-16,sh.603883,24.8100,24.9500,24.1100,24.2500,24.7800,5079335,123553071.6100,3,0.872200,1,-2.138800,16.859740,0.645181,88.034230,2.098645,0
2023-10-17,sh.603883,24.2800,24.4200,24.0000,24.2200,24.2500,4383527,105694057.9600,3,0.752700,1,-0.123700,16.838882,0.644383,87.925321,2.096048,0
2023-10-18,sh.603883,24.1900,24.1900,23.5200,23.7000,24.2200,4492790,106457088.8000,3,0.771500,1,-2.147000,16.477354,0.630548,86.037577,2.051046,0
2023-10-19,sh.603883,23.5100,23.9900,23.3100,23.4500,23.7000,3870138,90905761.2900,3,0.664600,1,-1.054900,16.303542,0.623897,85.130008,2.029411,0
2023-10-20,sh.603883,23.3100,23.5500,23.2300,23.3000,23.4500,2969711,69314369.3000,3,0.510000,1,-0.639700,16.199255,0.619906,84.585466,2.016430,0
2023-10-23,sh.603883,23.1600,23.3900,22.8100,22.9900,23.3000,3626070,83507244.4000,3,0.622700,1,-1.330500,15.983728,0.611658,83.460080,1.989602,0
2023-10-24,sh.603883,22.9800,23.7400,22.8500,23.4100,22.9900,4609323,107603550.3600,3,0.791500,1,1.826900,16.275732,0.622832,84.984796,2.025949,0
2023-10-25,sh.603883,23.4100,23.7300,23.3700,23.6200,23.4100,4019218,94710924.7000,3,0.690200,1,0.897100,16.421734,0.628419,85.747155,2.044123,0
2023-10-26,sh.603883,23.5700,24.0300,23.4000,23.9600,23.6200,3842473,91386290.8700,3,0.659800,1,1.439500,16.658118,0.637465,86.981449,2.073547,0
2023-10-27,sh.603883,23.9000,25.2800,23.8000,25.1600,23.9600,7187405,178028726.5700,3,1.234200,1,5.008300,17.492414,0.669392,91.337782,2.177398,0
2023-10-30,sh.603883,25.7000,26.0000,25.2300,25.7500,25.1600,6597942,169235630.8200,3,1.133000,1,2.345000,17.902610,0.685089,93.479646,2.228458,0
2023-10-31,sh.603883,25.7500,25.7600,25.1200,25.3800,25.7500,4260495,107895743.3100,3,0.731600,1,-1.436900,16.652348,0.661846,-52.045354,2.227539,0
2023-11-01,sh.603883,25.5600,26.6900,25.2300,26.1600,25.3800,10993303,287450841.3100,3,1.887800,1,3.073300,17.164122,0.682186,-53.644857,2.295997,0
2023-11-02,sh.603883,26.4900,26.9400,25.9200,25.9600,26.1600,6550070,171510164.0400,3,1.124800,1,-0.764500,17.032898,0.676970,-53.234728,2.278444,0
2023-11-03,sh.603883,26.1600,27.4400,25.9600,26.9600,25.9600,8431939,226545535.4000,3,1.447900,1,3.852100,17.689019,0.703048,-55.285372,2.366211,0
2023-11-06,sh.603883,26.9600,27.2100,26.8000,26.9900,26.9600,6609642,178579424.5200,3,1.135000,1,0.111300,17.708702,0.703830,-55.346891,2.368844,0
2023-11-07,sh.603883,27.0500,27.1900,26.7300,26.8200,26.9900,4879451,131551078.1300,3,0.837900,1,-0.629900,17.597162,0.699397,-54.998282,2.353924,0
2023-11-08,sh.603883,26.9600,27.3300,26.7500,27.3300,26.8200,6087467,165459836.0400,3,1.045300,1,1.901600,17.931784,0.712697,-56.044110,2.398685,0
2023-11-09,sh.603883,27.1900,27.5500,27.0800,27.3100,27.3300,3649388,99630658.9600,3,0.626700,1,-0.073200,17.918661,0.712175,-56.003098,2.396930,0
2023-11-10,sh.603883,27.0300,29.1900,26.9200,28.9500,27.3100,16928324,483791212.6400,3,2.906900,1,6.005100,18.994699,0.754942,-59.366154,2.540869,0
2023-11-13,sh.603883,28.8400,29.1300,28.5200,28.9600,28.9500,9766253,281767775.0400,3,1.677100,1,0.034500,19.001261,0.755203,-59.386661,2.541746,0
2023-11-14,sh.603883,28.9700,30.7500,28.8600,30.4300,28.9600,16763006,504226295.2400,3,2.878500,1,5.076000,19.965758,0.793537,-62.401108,2.670765,0
2023-11-15,sh.603883,30.3100,30.3100,29.6000,30.0600,30.4300,7779916,233088842.3700,3,1.336000,1,-1.215900,19.722994,0.783888,-61.642370,2.638291,0
2023-11-16,sh.603883,29.9100,30.0800,29.3500,29.3800,30.0600,4984793,147664096.5500,3,0.856000,1,-2.262100,19.276831,0.766155,-60.247931,2.578609,0
2023-11-17,sh.603883,29.3500,29.6900,29.1000,29.4000,29.3800,3304147,96888978.3900,3,0.567400,1,0.068100,19.289954,0.766677,-60.288944,2.580364,0
2023-11-20,sh.603883,29.4000,30.0700,29.2800,29.8100,29.4000,4752168,141199339.4400,3,0.816000,1,1.394600,19.558963,0.777369,-61.129708,2.616349,0
2023-11-21,sh.603883,29.7700,30.2000,29.6500,29.7500,29.8100,4196408,125646549.5100,3,0.720600,1,-0.201300,19.519596,0.775804,-61.006670,2.611083,0
2023-11-22,sh.603883,29.7500,29.9200,29.1400,29.1900,29.7500,3991895,117571323.5900,3,0.685500,1,-1.882400,19.152168,0.761201,-59.858309,2.561933,0
2023-11-23,sh.603883,29.1700,29.4200,29.0000,29.3900,29.1900,3284188,95987220.9000,3,0.564000,1,0.685200,19.283393,0.766416,-60.268438,2.579486,0
2023-11-24,sh.603883,29.5500,30.3600,29.2900,30.1800,29.3900,7664330,230021745.8000,3,1.316100,1,2.688000,19.801728,0.787017,-61.888447,2.648823,0
2023-11-27,sh.603883,30.4200,30.9100,29.8200,30.5600,30.1800,5974381,180928387.3200,3,1.025900,1,1.259100,20.051054,0.796927,-62.667692,2.682174,0
2023-11-28,sh.603883,30.2600,30.6000,29.9900,30.2600,30.5600,3496588,105938108.3400,3,0.600400,1,-0.981700,19.854218,0.789103,-62.052498,2.655844,0
2023-11-29,sh.603883,30.2000,30.2600,29.4000,29.9200,30.2600,3518402,105185251.4400,3,0.604200,1,-1.123600,19.631137,0.780237,-61.355279,2.626003,0
2023-11-30,sh.603883,30.0000,30.6600,29.7300,30.5500,29.9200,3930086,119036366.1700,3,0.674900,1,2.105600,20.044493,0.796666,-62.647185,2.681297,0
2023-12-01,sh.603883,30.4300,30.6000,29.9000,30.3500,30.5500,4650017,140302060.9500,3,0.798500,1,-0.654700,19.913269,0.791450,-62.237056,2.663743,0
2023-12-04,sh.603883,30.3000,30.5000,29.8200,30.1600,30.3500,2404691,72699181.2000,3,0.412900,1,-0.626000,19.788606,0.786496,-61.847434,2.647067,0
2023-12-05,sh.603883,30.1200,30.1500,29.6500,29.7000,30.1600,3253578,97307189.6000,3,0.558700,1,-1.525200,19.486790,0.774500,-60.904138,2.606694,0
2023-12-06,sh.603883,29.6000,29.6600,28.7000,29.1700,29.7000,7126743,207354045.0900,3,1.223800,1,-1.784500,19.139046,0.760679,-59.817296,2.560178,0
2023-12-07,sh.603883,29.1500,29.3300,28.6300,29.0200,29.1700,5237184,151371950.5400,3,0.899300,1,-0.514200,19.040628,0.756767,-59.509699,2.547012,0
2023-12-08,sh.603883,29.0300,29.3000,28.8000,28.9700,29.0200,3199719,92795585.2000,3,0.549500,1,-0.172300,19.007822,0.755464,-59.407167,2.542624,0
2023-12-11,sh.603883,28.0000,29.3000,27.8100,29.0400,28.9700,4556173,131661414.6200,3,0.782400,1,0.241600,,,,,0
2023-12-12,sh.603883,29.2400,29.3400,28.8000,29.1800,29.0400,1930801,56156230.4800,3,0.331600,1,0.482100,19.145607,0.760940,-59.837803,2.561055,0
2023-12-13,sh.603883,29.0000,29.3400,28.7000,28.7600,29.1800,2401649,69547744.1300,3,0.412400,1,-1.439300,18.870036,0.749987,-58.976532,2.524193,0
2023-12-14,sh.603883,29.0400,29.3000,28.7000,28.7400,28.7600,2343863,67907204.4600,3,0.402500,1,-0.069500,18.848506,0.749132,-58.909239,2.521313,0
2023-12-15,sh.603883,28.7400,28.9700,28.3600,28.4900,28.7400,2635349,75373318.9800,3,0.452500,1,-0.869900,18.684549,0.742615,-58.396807,2.499381,0
2023-12-18,sh.603883,28.2800,28.6700,28.2700,28.5700,28.4900,2691842,76648286.3800,3,0.462200,1,0.280800,18.737015,0.744700,-58.560785,2.506399,0
2023-12-19,sh.603883,28.4200,28.6500,28.1800,28.4300,28.5700,2667278,75572560.2800,3,0.458000,1,-0.490000,18.645199,0.741051,-58.273823,2.494117,0
2023-12-20,sh.603883,28.4900,29.4500,28.3700,28.9800,28.4300,4709073,136665099.9800,3,0.808600,1,1.934600,19.005904,0.755387,-59.401175,2.542368,0
2023-12-21,sh.603883,28.8300,28.9300,28.4000,28.8200,28.9800,4601670,132062164.6100,3,0.790200,1,-0.552100,18.900972,0.751217,-59.073218,2.528331,0
2023-12-22,sh.603883,28.7600,29.4800,28.7200,29.0200,28.8200,5311868,155001207.5600,3,0.912200,1,0.694000,19.032138,0.756430,-59.483164,2.545877,0
2023-12-25,sh.603883,29.0200,29.5800,28.8000,29.3700,29.0200,3457490,101007152.8000,3,0.593700,1,1.206100,19.261677,0.765553,-60.200569,2.576582,0
2023-12-26,sh.603883,29.2600,29.4900,28.8200,29.0500,29.3700,2272587,66158144.4700,3,0.390200,1,-1.089500,19.051812,0.757212,-59.544656,2.548509,0
2023-12-27,sh.603883,28.9400,30.4000,28.8000,30.0800,29.0500,6939076,206474442.4900,3,1.191600,1,3.545600,19.727316,0.784060,-61.655878,2.638869,0
2023-12-28,sh.603883,30.1500,30.2000,28.4400,28.9800,30.0800,9053474,264520627.4600,3,1.554700,1,-3.656900,19.005904,0.755387,-59.401175,2.542368,0
2023-12-29,sh.603883,28.9700,30.0000,28.8000,29.8900,28.9800,6878338,204020452.0700,3,1.181100,1,3.140100,19.602708,0.779107,-61.266429,2.622200,0
2024-01-02,sh.603883,29.7700,31.3000,29.4100,31.2000,29.8900,8981340,276956768.2000,3,1.542300,1,4.382700,20.461843,0.813253,-63.951575,2.737125,0
2024-01-03,sh.603883,31.0700,31.6700,30.7800,31.1600,31.2000,5718730,178172429.9200,3,0.982000,1,-0.128200,20.435610,0.812211,-63.869586,2.733615,0
2024-01-04,sh.603883,31.1600,32.2700,30.7000,32.2000,31.1600,8827819,280707665.9800,3,1.515900,1,3.337600,21.117672,0.839319,-66.001305,2.824853,0
2024-01-05,sh.603883,32.1800,32.3700,31.4900,31.7500,32.2000,6601328,210807964.0900,3,1.133600,1,-1.397500,20.822549,0.827590,-65.078927,2.785375,0
2024-01-08,sh.603883,31.7300,31.7400,30.7700,30.7700,31.7500,6684698,207692046.9400,3,1.147900,1,-3.086600,20.179837,0.802045,-63.070191,2.699401,0
2024-01-09,sh.603883,30.8300,31.0100,30.0800,30.8600,30.7700,6387777,195540594.6400,3,1.096900,1,0.292500,20.238862,0.804391,-63.254667,2.707297,0
2024-01-10,sh.603883,30.8100,31.8400,30.6600,31.0500,30.8600,5956578,185929880.0000,3,1.022900,1,0.615700,20.363469,0.809344,-63.644116,2.723965,0
2024-01-11,sh.603883,31.0200,31.0200,30.3800,30.5300,31.0500,4901132,150006805.3700,3,0.841600,1,-1.674700,20.022438,0.795789,-62.578256,2.678347,0
2024-01-12,sh.603883,30.1000,30.6000,29.9900,30.2500,30.5300,4892408,147734500.5000,3,0.840100,1,-0.917100,19.838806,0.788491,-62.004332,2.653783,0
2024-01-15,sh.603883,29.9500,31.5000,29.6500,31.0500,30.2500,4179318,129726816.7600,3,0.717700,1,2.644600,20.363469,0.809344,-63.644116,2.723965,0
2024-01-16,sh.603883,30.9700,31.5400,30.3800,30.8400,31.0500,3940290,121304529.3000,3,0.676600,1,-0.676300,20.225745,0.803870,-63.213672,2.705542,0
2024-01-17,sh.603883,30.8500,31.3200,30.6200,30.6200,30.8400,3368301,104295255.7600,3,0.578400,1,-0.713400,20.081463,0.798135,-62.762732,2.686242,0
2024-01-18,sh.603883,30.5300,30.5300,29.6600,30.2600,30.6200,4958124,148962868.9200,3,0.851400,1,-1.175700,19.845365,0.788752,-62.024829,2.654660,0
2024-01-19,sh.603883,30.1200,30.7900,30.0900,30.4300,30.2600,3517181,107271105.3300,3,0.604000,1,0.561800,19.956855,0.793183,-62.373283,2.669574,0
2024-01-22,sh.603883,30.2800,30.4500,28.7000,29.0000,30.4300,2929635,86781927.2300,3,0.503100,1,-4.699300,19.019021,0.755909,-59.442169,2.544122,0
2024-01-23,sh.603883,28.9000,29.3000,28.2200,28.9000,29.0000,3160712,90756982.6000,3,0.542800,1,-0.344800,18.953438,0.753302,-59.237196,2.535349,0
2024-01-24,sh.603883,29.0400,29.2900,28.0100,28.8400,28.9000,2964261,85012363.4100,3,0.509000,1,-0.207600,18.914088,0.751738,-59.114212,2.530086,0
2024-01-25,sh.603883,28.8100,29.6100,28.3800,29.3200,28.8400,3704399,107635133.7200,3,0.636100,1,1.664400,19.228886,0.764250,-60.098083,2.572195,0
2024-01-26,sh.603883,29.1400,29.2900,28.4100,28.6800,29.3200,4301354,123978866.9400,3,0.738600,1,-2.182800,18.809156,0.747568,-58.786256,2.516049,0
2024-01-29,sh.603883,28.4500,29.2700,28.4500,28.9500,28.6800,3238803,93772172.5400,3,0.556200,1,0.941400,18.986230,0.754605,-59.339683,2.539736,0
2024-01-30,sh.603883,28.7900,28.8800,27.6600,27.7200,28.9500,2873701,81171694.8700,3,0.493500,1,-4.248700,18.179561,0.722544,-56.818515,2.431830,0
2024-01-31,sh.603883,27.9900,27.9900,26.9000,27.1300,27.7200,3455068,94438869.3700,3,0.593300,1,-2.128400,17.792622,0.707166,-55.609174,2.380070,0
2024-02-01,sh.603883,26.9700,28.0000,26.8900,27.5900,27.1300,3540293,97677721.5600,3,0.607900,1,1.695500,18.094303,0.719156,-56.552050,2.420425,0
2024-02-02,sh.603883,27.8800,27.9000,26.1600,26.9500,27.5900,3395627,92297426.0700,3,0.583100,1,-2.319700,17.674573,0.702474,-55.240223,2.364279,0
2024-02-05,sh.603883,26.9700,27.6800,26.3000,27.0100,26.9500,4537572,122061447.8300,3,0.779200,1,0.222600,17.713923,0.704038,-55.363207,2.369543,0
2024-02-06,sh.603883,27.2200,29.7100,26.7600,29.7100,27.0100,5738138,164670842.3300,3,0.985400,1,9.996300,19.484659,0.774415,-60.897478,2.606409,0
2024-02-07,sh.603883,30.5000,32.5500,29.7300,31.9300,29.7100,9915791,313813602.7700,3,1.702700,1,7.472200,20.940598,0.832281,-65.447878,2.801166,0
2024-02-08,sh.603883,32.2900,33.4800,30.8200,31.2500,31.9300,7261071,234981995.1400,3,1.246900,1,-2.129700,20.494635,0.814557,-64.054062,2.741511,0
2024-02-19,sh.603883,31.5900,31.5900,29.8500,30.9000,31.2500,6163481,189498918.2700,3,1.058400,1,-1.120000,20.265095,0.805434,-63.336656,2.710806,0
2024-02-20,sh.603883,30.7800,31.5400,30.6000,30.9000,30.9000,5348986,166071262.8800,3,0.918500,1,0.000000,20.265095,0.805434,-63.336656,2.710806,0
2024-02-21,sh.603883,30.8600,31.8900,30.5800,30.8100,30.9000,4782456,149935623.4400,3,0.821200,1,-0.291300,20.206070,0.803088,-63.152181,2.702911,0
2024-02-22,sh.603883,30.9100,31.0600,30.5000,30.8300,30.8100,3306859,101475955.9100,3,0.567900,1,0.064900,20.219187,0.803609,-63.193175,2.704665,0
2024-02-23,sh.603883,30.7300,30.9300,30.1000,30.6700,30.8300,2704339,82521745.6400,3,0.464400,1,-0.519000,20.114254,0.799439,-62.865218,2.690629,0
2024-02-26,sh.603883,30.4900,30.8400,29.9200,30.5800,30.6700,3183548,96775662.9400,3,0.546700,1,-0.293400,20.055230,0.797093,-62.680743,2.682733,0
2024-02-27,sh.603883,30.4000,30.5100,30.0000,30.5100,30.5800,3661097,110720556.1500,3,0.628700,1,-0.228900,20.009322,0.795268,-62.537262,2.676592,0
2024-02-28,sh.603883,30.4400,31.0600,30.2000,30.2000,30.5100,4807743,147442831.6600,3,0.825600,1,-1.016100,19.806015,0.787188,-61.901845,2.649396,0
2024-02-29,sh.603883,29.8000,30.8000,29.8000,30.6500,30.2000,4142128,126019007.0000,3,0.711300,1,1.490100,20.101138,0.798917,-62.824224,2.688874,0
2024-03-01,sh.603883,30.6900,30.7500,29.7000,30.3700,30.6500,5138054,154559967.2600,3,0.882300,1,-0.913500,19.917506,0.791619,-62.250299,2.664310,0
2024-03-04,sh.603883,30.1300,30.4100,29.4000,29.9800,30.3700,5456096,162343768.5600,3,0.936900,1,-1.284200,19.661733,0.781453,-61.450905,2.630096,0
2024-03-05,sh.603883,29.8700,30.2500,29.5800,29.8600,29.9800,3553727,106367862.0100,3,0.610200,1,-0.400300,19.583033,0.778325,-61.204937,2.619569,0
2024-03-06,sh.603883,29.8600,30.0400,28.9300,29.2800,29.8600,3844059,112626041.5200,3,0.660100,1,-1.942400,19.202653,0.763207,-60.016094,2.568686,0
2024-03-07,sh.603883,29.1900,29.3500,28.6800,28.6800,29.2800,2624601,75896200.9000,3,0.450700,1,-2.049200,18.809156,0.747568,-58.786256,2.516049,0
2024-03-08,sh.603883,28.6200,29.3400,28.4100,29.2600,28.6800,2860700,82824677.4800,3,0.491200,1,2.022300,19.189536,0.762686,-59.975099,2.566932,0
2024-03-11,sh.603883,29.0800,30.4400,29.0100,30.4400,29.2600,4417148,131991010.9600,3,0.758500,1,4.032800,19.963414,0.793443,-62.393780,2.670451,0
2024-03-12,sh.603883,30.4400,31.0600,30.2900,30.5000,30.4400,4804527,147300943.1900,3,0.825000,1,0.197100,20.002763,0.795007,-62.516764,2.675715,0
2024-03-13,sh.603883,30.4300,30.7800,30.0100,30.3400,30.5000,3518377,106711316.3100,3,0.604200,1,-0.524600,19.897831,0.790837,-62.188807,2.661678,0
2024-03-14,sh.603883,30.4000,30.7900,29.9700,30.2300,30.3400,2031310,61599312.0000,3,0.348800,1,-0.362600,19.825690,0.787970,-61.963337,2.652028,0
2024-03-15,sh.603883,30.1400,30.5300,29.7600,30.1600,30.2300,2278568,68635072.5700,3,0.391300,1,-0.231600,19.779782,0.786145,-61.819856,2.645887,0
2024-03-18,sh.603883,30.1000,30.4400,29.5300,30.4300,30.1600,3075112,91907640.5000,3,0.528100,1,0.895200,19.956855,0.793183,-62.373283,2.669574,0
2024-03-19,sh.603883,30.3400,30.3500,29.5900,29.7100,30.4300,3222919,96262136.7700,3,0.553400,1,-2.366100,19.484659,0.774415,-60.897478,2.606409,0
2024-03-20,sh.603883,29.6200,29.9200,28.5900,28.7900,29.7100,4165042,120423648.0400,3,0.715200,1,-3.096600,18.881297,0.750435,-59.011726,2.525699,0
2024-03-21,sh.603883,28.7900,29.0600,28.5000,28.6500,28.7900,3708182,106473234.8600,3,0.636800,1,-0.486300,18.789481,0.746786,-58.724764,2.513417,0
2024-03-22,sh.603883,28.5900,28.5900,27.8500,28.2200,28.6500,3693240,103974878.3900,3,0.634200,1,-1.500900,18.507475,0.735577,-57.843380,2.475694,0
2024-03-25,sh.603883,28.2900,29.0000,28.1000,28.3200,28.2200,2997410,85587976.2000,3,0.514700,1,0.354400,18.573058,0.738184,-58.048353,2.484467,0
2024-03-26,sh.603883,28.3300,28.4800,28.0100,28.4000,28.3200,2431650,68771259.0000,3,0.417600,1,0.282500,18.625524,0.740269,-58.212331,2.491485,0
2024-03-27,sh.603883,28.1500,28.8600,28.1000,28.4300,28.4000,5593138,160004454.2900,3,0.960500,1,0.105600,18.645199,0.741051,-58.273823,2.494117,0
2024-03-28,sh.603883,28.4400,29.9500,28.2800,29.5200,28.4300,6659878,195731376.3800,3,1.143600,1,3.834000,19.360052,0.769463,-60.508029,2.589741,0
2024-03-29,sh.603883,29.5200,30.0700,29.3100,29.9900,29.5200,2803419,83432875.6700,3,0.480900,1,1.592100,19.668291,0.781714,-61.471402,2.630973,0
2024-04-01,sh.603883,29.9900,30.4000,29.6100,30.3200,29.9900,2714176,81817436.1400,3,0.465500,1,1.100400,19.884714,0.790316,-62.147813,2.659924,0
2024-04-02,sh.603883,30.2700,31.2700,30.2700,30.8300,30.3200,4147292,128578834.4100,3,0.711400,1,1.682100,20.219187,0.803609,-63.193175,2.704665,0
2024-04-03,sh.603883,30.8500,31.6100,30.7500,31.2000,30.8300,2911649,90861634.2200,3,0.499400,1,1.200100,20.461843,0.813253,-63.951575,2.737125,0
2024-04-08,sh.603883,31.2000,31.3300,30.5000,30.5500,31.2000,3129716,96605217.8200,3,0.536800,1,-2.083300,20.035555,0.796311,-62.619251,2.680101,0
2024-04-09,sh.603883,30.7300,31.1800,30.2600,31.0900,30.5500,2024070,62431508.9000,3,0.347200,1,1.767600,20.389702,0.810386,-63.726105,2.727474,0
2024-04-10,sh.603883,31.0100,31.3100,30.6300,30.8000,31.0900,1800974,55670094.0600,3,0.308900,1,-0.932800,20.199512,0.802827,-63.131683,2.702033,0
2024-04-11,sh.603883,30.7000,31.1700,30.5100,30.8000,30.8000,2158160,66856462.1000,3,0.370200,1,0.000000,20.199512,0.802827,-63.131683,2.702033,0
2024-04-12,sh.603883,30.9600,31.0900,30.3100,30.4200,30.8000,2536537,77658904.1400,3,0.435100,1,-1.233800,19.950297,0.792922,-62.352786,2.668696,0
2024-04-15,sh.603883,30.5200,31.6400,30.3500,31.4400,30.4200,4013515,125434859.6500,3,0.688400,1,3.353100,20.619242,0.819509,-64.443510,2.758179,0
2024-04-16,sh.603883,31.5800,32.1000,31.2000,31.3500,31.4400,4216024,133756005.0800,3,0.723100,1,-0.286300,20.560218,0.817163,-64.259035,2.750284,0
2024-04-17,sh.603883,31.1100,31.5000,30.6300,31.2600,31.3500,2794426,87016000.5200,3,0.479300,1,-0.287100,20.501193,0.814817,-64.074559,2.742388,0
2024-04-18,sh.603883,31.0400,32.3000,31.0400,31.8600,31.2600,3793296,121065366.8000,3,0.650600,1,1.919400,20.894690,0.830457,-65.304397,2.795025,0
2024-04-19,sh.603883,31.6800,32.4500,31.5600,31.8100,31.8600,2992999,95899095.2400,3,0.513400,1,-0.156900,20.861899,0.829154,-65.201910,2.790639,0
2024-04-22,sh.603883,31.8500,32.8500,31.7300,32.3700,31.8100,3037254,98337051.6600,3,0.521000,1,1.760500,21.229162,0.843750,-66.349759,2.839767,0
2024-04-23,sh.603883,32.3600,32.7900,31.9100,32.4500,32.3700,2601345,84242462.9900,3,0.446200,1,0.247100,21.281629,0.845836,-66.513738,2.846785,0
2024-04-24,sh.603883,32.3300,32.4300,31.6200,31.9600,32.4500,3534085,112499693.9000,3,0.606200,1,-1.510000,20.960273,0.833063,-65.509370,2.803798,0
2024-04-25,sh.603883,31.8800,32.3200,31.7200,31.9000,31.9600,1800089,57518233.3600,3,0.308800,1,-0.187700,20.920923,0.831500,-65.386386,2.798534,0
2024-04-26,sh.603883,31.7100,32.5100,31.6100,32.1200,31.9000,3393073,108655436.4900,3,0.582000,1,0.689700,21.065205,0.837234,-65.837327,2.817835,0
2024-04-29,sh.603883,32.1900,33.1100,32.0600,32.8000,32.1200,3386143,110948703.4300,3,0.580800,1,2.117100,21.511169,0.854959,-67.231143,2.877490,0
2024-04-30,sh.603883,32.8000,33.7700,32.5800,33.4700,32.8000,3323372,110886882.5400,3,0.570000,1,2.042700,20.415842,0.868727,-42.899709,2.782698,0
2024-05-06,sh.603883,33.7700,35.2900,33.5100,35.2200,33.4700,5046777,175550060.3800,3,0.865600,1,5.228600,21.483297,0.914148,-45.142747,2.928193,0
2024-05-07,sh.603883,35.2700,35.9500,34.9900,35.3800,35.2200,6230710,220840885.3300,3,1.068700,1,0.454300,21.580893,0.918301,-45.347825,2.941496,0
2024-05-08,sh.603883,35.2600,36.0000,35.1500,35.4600,35.3800,4051088,144222212.2200,3,0.694900,1,0.226100,21.629691,0.920378,-45.450364,2.948147,0
2024-05-09,sh.603883,35.5800,36.0500,35.2000,35.8000,35.4600,4839034,173374341.1600,3,0.830000,1,0.958800,21.837082,0.929203,-45.886154,2.976415,0
2024-05-10,sh.603883,35.8900,35.9900,35.2100,35.2900,35.8000,4539287,160947038.2200,3,0.778600,1,-1.424600,21.525995,0.915965,-45.232469,2.934013,0
2024-05-13,sh.603883,35.1600,35.9200,35.1000,35.8800,35.2900,4059651,144129981.9900,3,0.696300,1,1.671900,21.885880,0.931279,-45.988693,2.983066,0
2024-05-14,sh.603883,35.6600,36.9000,35.4000,36.2700,35.8800,3968663,144182579.2800,3,0.680700,1,1.087000,22.123770,0.941402,-46.488570,3.015490,0
2024-05-15,sh.603883,36.2400,36.3300,35.4700,35.4900,36.2700,2971820,106391447.5000,3,0.509700,1,-2.150500,21.647990,0.921156,-45.488816,2.950641,0
2024-05-16,sh.603883,35.4800,36.0000,34.9600,35.1800,35.4900,3063817,108403973.8500,3,0.525500,1,-0.873500,21.458898,0.913110,-45.091478,2.924868,0
2024-05-17,sh.603883,35.0600,35.4400,34.4600,34.9500,35.1800,2796383,97301748.7700,3,0.479600,1,-0.653800,21.318604,0.907141,-44.796678,2.905746,0
2024-05-20,sh.603883,34.9800,35.2600,34.0200,34.3500,34.9500,4109950,141310640.3100,3,0.705000,1,-1.716700,20.952619,0.891567,-44.027637,2.855862,0
2024-05-21,sh.603883,34.5000,34.9400,34.1100,34.6300,34.3500,3608339,124885337.6800,3,0.618900,1,0.815100,21.123412,0.898835,-44.386523,2.879141,0
2024-05-22,sh.603883,34.3100,34.9100,33.8000,33.9100,34.6300,3706639,126746855.0900,3,0.635800,1,-2.079100,20.684230,0.880147,-43.463673,2.819280,0
2024-05-23,sh.603883,34.0000,34.1400,33.6200,33.9100,33.9100,5050896,171284555.4500,3,0.866300,1,0.000000,20.684230,0.880147,-43.463673,2.819280,0
2024-05-24,sh.603883,33.8200,34.0000,33.3900,33.7000,33.9100,3863060,130240334.0400,3,0.662600,1,-0.619300,20.556136,0.874696,-43.194508,2.801820,0
2024-05-27,sh.603883,33.6900,33.9800,33.3400,33.9000,33.7000,4527071,152754699.2000,3,0.776500,1,0.593500,20.678131,0.879887,-43.450855,2.818449,0
2024-05-28,sh.603883,33.5000,33.6900,33.1000,33.3900,33.9000,3854671,128428763.8100,3,0.661200,1,-1.504400,20.367044,0.866650,-42.797170,2.776047,0
2024-05-29,sh.603883,33.1500,33.5300,33.1000,33.2700,33.3900,2201162,73281539.9800,3,0.377500,1,-0.359400,20.293847,0.863535,-42.643362,2.766070,0
2024-05-30,sh.603883,33.1900,33.6900,32.9900,33.3000,33.2700,2307307,76876504.6300,3,0.395800,1,0.090200,20.312146,0.864314,-42.681814,2.768564,0
2024-05-31,sh.603883,33.4200,34.0300,33.3300,33.6000,33.3000,2362416,79545257.9000,3,0.405200,1,0.900900,20.495138,0.872101,-43.066335,2.793506,0
2024-06-03,sh.603883,33.3800,33.6800,32.1000,33.3900,33.6000,6815092,225629312.0600,3,1.168900,1,-0.625000,20.367044,0.866650,-42.797170,2.776047,0
2024-06-04,sh.603883,33.3900,34.1400,33.2200,33.6500,33.3900,2872502,96696406.5500,3,0.492700,1,0.778700,20.525637,0.873399,-43.130421,2.797663,0
2024-06-05,sh.603883,33.7800,34.0700,33.0200,33.1400,33.6500,3745714,124843185.5000,3,0.642500,1,-1.515600,20.214550,0.860161,-42.476736,2.755262,0
2024-06-06,sh.603883,33.3900,33.6000,32.8400,33.0600,33.1400,3072905,102024234.3400,3,0.527100,1,-0.241400,20.165752,0.858085,-42.374197,2.748611,0
2024-06-07,sh.603883,33.1000,33.3000,32.3200,32.5800,33.0600,3387483,110543000.8200,3,0.581000,1,-1.451900,19.868210,0.845424,-41.748974,2.708056,0
2024-06-11,sh.603883,32.5400,33.4000,32.1100,33.1800,32.5800,4667290,153259858.1000,3,0.800500,1,1.841600,20.234108,0.860993,-42.517832,2.757928,0
2024-06-12,sh.603883,33.0100,33.2800,32.1800,32.2600,33.1800,3686570,120171284.3000,3,0.632300,1,-2.772800,19.673065,0.837120,-41.338917,2.681457,0
2024-06-13,sh.603883,32.3900,32.3900,30.8000,31.1400,32.2600,7980272,249132951.4000,3,1.368800,1,-3.471800,18.990058,0.808057,-39.903716,2.588363,0
2024-06-14,sh.603883,31.1400,31.1900,29.4700,29.7500,31.1400,10044277,302029150.0200,3,1.722800,1,-4.463700,18.142396,0.771988,-38.122529,2.472826,0
2024-06-17,sh.603883,29.4800,30.0600,29.3100,29.9600,29.7500,7427257,220923784.3400,3,1.273900,1,0.705900,18.270460,0.777437,-38.391629,2.490281,0
2024-06-18,sh.603883,30.0000,30.3000,29.6000,29.7700,29.9600,4438044,133064822.2200,3,0.761200,1,-0.634200,18.154593,0.772507,-38.148157,2.474488,0
2024-06-19,sh.603883,29.7700,29.9000,29.4900,29.6600,29.7700,4837340,143611286.4800,3,0.829700,1,-0.369500,18.087511,0.769652,-38.007200,2.465345,0
2024-06-20,sh.603883,29.6000,29.7500,28.3000,28.7000,29.6600,9044328,260175598.9600,3,1.551300,1,-3.236700,17.502076,0.744741,-36.777028,2.385549,0
2024-06-21,sh.603883,28.9500,28.9700,28.3100,28.6200,28.7000,3859686,110355951.2100,3,0.662000,1,-0.278700,17.453290,0.742665,-36.674513,2.378900,0
2024-06-24,sh.603883,28.5000,28.6000,27.1300,27.3500,28.6200,8690081,238878515.8800,3,1.490500,1,-4.437500,16.678808,0.709710,-35.047098,2.273337,0
2024-06-25,sh.603883,27.4700,27.4800,26.5100,26.7300,27.3500,5039600,135325588.2000,3,0.864400,1,-2.266900,16.300714,0.693621,-34.252612,2.221803,0
2024-06-26,sh.603883,26.7300,26.9000,26.3300,26.5600,26.7300,5211844,138321608.4700,3,0.894000,1,-0.636000,16.197043,0.689210,-34.034769,2.207672,0
2024-06-27,sh.603883,19.9200,19.9200,19.1600,19.2000,19.9200,10314194,199665476.2700,3,1.360900,1,-3.614500,15.221318,0.647691,-31.984481,2.074680,0
2024-06-28,sh.603883,19.1900,19.2900,18.2000,18.3600,19.2000,16898643,314002699.2200,3,2.229600,1,-4.375000,14.555385,0.619355,-30.585160,1.983913,0
2024-07-01,sh.603883,18.3600,19.2900,18.1400,19.1800,18.3600,16177541,302822106.4500,3,2.134500,1,4.466200,15.205462,0.647017,-31.951164,2.072519,0
2024-07-02,sh.603883,19.0300,19.4500,18.7800,18.9500,19.1800,12198432,232268869.7400,3,1.609500,1,-1.199200,15.023124,0.639258,-31.568017,2.047666,0
2024-07-03,sh.603883,18.9800,18.9800,17.9600,18.0600,18.9500,11776614,215463297.5800,3,1.553800,1,-4.696600,14.317552,0.609235,-30.085403,1.951496,0
2024-07-04,sh.603883,18.0100,18.1000,17.5100,17.6400,18.0600,9216334,163080304.9300,3,1.216000,1,-2.325600,13.984586,0.595066,-29.385742,1.906112,0
2024-07-05,sh.603883,17.5400,17.8500,17.1800,17.8500,17.6400,10327871,180536640.9000,3,1.362700,1,1.190500,14.151069,0.602151,-29.735572,1.928804,0
2024-07-08,sh.603883,17.6900,17.6900,17.1300,17.3200,17.8500,11887982,205631597.0400,3,1.568500,1,-2.969200,13.730897,0.584272,-28.852667,1.871534,0
2024-07-09,sh.603883,17.3200,17.3500,16.8500,16.9800,17.3200,13096859,222660200.8600,3,1.728000,1,-1.963000,13.461353,0.572802,-28.286276,1.834795,0
2024-07-10,sh.603883,16.7500,16.7500,16.3500,16.4700,16.9800,13567352,223919200.9100,3,1.790100,1,-3.003500,13.057037,0.555598,-27.436688,1.779686,0
2024-07-11,sh.603883,16.6500,17.0800,16.5200,16.9600,16.4700,10744537,181205925.0300,3,1.417600,1,2.975100,13.445497,0.572127,-28.252958,1.832634,0
2024-07-12,sh.603883,16.9600,17.0200,16.4200,16.5600,16.9600,12808493,212075603.7700,3,1.690000,1,-2.358500,13.128387,0.558634,-27.586615,1.789411,0
2024-07-15,sh.603883,16.5000,16.5000,16.1200,16.2000,16.5600,10904130,177244227.5500,3,1.438700,1,-2.173900,12.842987,0.546490,-26.986906,1.750511,0
2024-07-16,sh.603883,16.1800,16.1900,15.7800,15.9200,16.2000,8900378,141537468.2700,3,1.174300,1,-1.728400,12.621009,0.537044,-26.520466,1.720255,0
2024-07-17,sh.603883,16.0300,16.3800,15.8100,16.2000,15.9200,12401890,199609087.6200,3,1.636300,1,1.758800,12.842987,0.546490,-26.986906,1.750511,0
2024-07-18,sh.603883,16.1000,16.6300,15.8200,16.5900,16.2000,16249625,264172432.3100,3,2.144000,1,2.407400,13.152170,0.559646,-27.636591,1.792653,0
2024-07-19,sh.603883,16.5000,16.6500,16.3300,16.5200,16.5900,12184734,200950078.9300,3,1.607700,1,-0.421900,13.096675,0.557284,-27.519981,1.785089,0
2024-07-22,sh.603883,16.5300,16.6800,16.3800,16.5100,16.5200,9108202,150275580.3400,3,1.201700,1,-0.060500,13.088748,0.556947,-27.503322,1.784009,0
2024-07-23,sh.603883,16.4700,16.5100,15.8400,15.8600,16.5100,14497159,232722968.8100,3,1.912800,1,-3.937000,12.573443,0.535020,-26.420514,1.713772,0
2024-07-24,sh.603883,15.8400,15.8800,15.2000,15.3200,15.8600,16094136,248646172.0100,3,2.123500,1,-3.404800,12.145343,0.516804,-25.520951,1.655422,0
2024-07-25,sh.603883,15.2300,15.5500,15.0500,15.3200,15.3200,11537253,176747049.5100,3,1.522200,1,0.000000,12.145343,0.516804,-25.520951,1.655422,0
2024-07-26,sh.603883,15.3200,15.4900,15.1600,15.2900,15.3200,11272195,172252287.1600,3,1.487300,1,-0.195800,12.121560,0.515792,-25.470975,1.652180,0
2024-07-29,sh.603883,15.2600,15.2900,14.6500,14.6600,15.2900,15368649,227564254.3900,3,2.027700,1,-4.120300,11.622110,0.494539,-24.421484,1.584104,0
2024-07-30,sh.603883,14.6800,14.7300,14.4600,14.6300,14.6600,10581610,154446586.2300,3,1.396100,1,-0.204600,11.598327,0.493527,-24.371508,1.580863,0
2024-07-31,sh.603883,13.6000,14.0200,13.1700,13.8900,14.6300,70104847,949691837.9200,3,9.249700,1,-5.058100,11.011672,0.468564,-23.138773,1.500901,0
2024-08-01,sh.603883,13.8900,14.0500,13.4300,13.4900,13.8900,48781155,668698377.0700,3,6.436200,1,-2.879800,10.694561,0.455071,-22.472430,1.457679,0
2024-08-02,sh.603883,13.4800,13.9900,13.3300,13.5700,13.4900,42058089,577199239.1600,3,5.549200,1,0.593000,10.757983,0.457769,-22.605698,1.466323,0
2024-08-05,sh.603883,13.5000,14.5200,13.4300,13.9400,13.5700,47912039,672972006.8500,3,6.321500,1,2.726600,11.051311,0.470251,-23.222066,1.506304,0
2024-08-06,sh.603883,14.1000,14.1000,13.6200,13.9900,13.9400,30727708,425704905.6300,3,4.054200,1,0.358700,11.090950,0.471938,-23.305359,1.511707,0
2024-08-07,sh.603883,13.8900,13.9900,13.5700,13.7600,13.9900,22167582,304247731.7000,3,2.924800,1,-1.644000,10.908611,0.464179,-22.922212,1.486854,0
2024-08-08,sh.603883,13.6800,13.9900,13.6300,13.8700,13.7600,19622494,271608956.4500,3,2.589000,1,0.799400,10.995817,0.467890,-23.105456,1.498740,0
2024-08-09,sh.603883,13.8700,13.9600,13.5800,13.5900,13.8700,17730456,243201233.8800,3,2.339400,1,-2.018700,10.773839,0.458444,-22.639016,1.468484,0
2024-08-12,sh.603883,13.6300,14.0400,13.4800,13.7300,13.5900,22059188,304100211.8000,3,2.910500,1,1.030200,10.884828,0.463167,-22.872236,1.483612,0
2024-08-13,sh.603883,13.8400,13.8900,13.3600,13.5300,13.7300,17010151,229632868.7700,3,2.244300,1,-1.456700,10.726272,0.456420,-22.539064,1.462001,0
2024-08-14,sh.603883,13.5400,13.5400,13.1500,13.1600,13.5300,15368565,203364352.1100,3,2.027700,1,-2.734700,10.432945,0.443938,-21.922697,1.422020,0
2024-08-15,sh.603883,13.0900,13.2300,12.7900,12.9900,13.1600,20500058,266616052.1400,3,2.704800,1,-1.291800,10.298173,0.438204,-21.639501,1.403651,0
2024-08-16,sh.603883,12.9900,13.0100,12.5900,12.6000,12.9900,19876062,252541759.0700,3,2.622500,1,-3.002300,9.988990,0.425047,-20.989816,1.361509,0
2024-08-19,sh.603883,12.6000,12.7600,12.4300,12.5000,12.6000,17305145,217256371.3800,3,2.283300,1,-0.793700,9.909712,0.421674,-20.823230,1.350703,0
2024-08-20,sh.603883,12.5000,12.6700,12.3200,12.5900,12.5000,19787250,247290819.3600,3,2.610700,1,0.720000,9.981062,0.424710,-20.973157,1.360428,0
2024-08-21,sh.603883,12.5600,12.8400,12.4800,12.4900,12.5900,16846959,213228850.4200,3,2.222800,1,-0.794300,9.901784,0.421337,-20.806571,1.349622,0
2024-08-22,sh.603883,12.5100,12.6100,12.3000,12.3200,12.4900,11416655,141422508.2700,3,1.506300,1,-1.361100,9.767012,0.415602,-20.523375,1.331253,0
2024-08-23,sh.603883,12.3000,12.6200,12.2600,12.3200,12.3200,15154584,187512007.5800,3,1.999500,1,0.000000,9.767012,0.415602,-20.523375,1.331253,0
2024-08-26,sh.603883,12.3200,12.3800,12.1500,12.1900,12.3200,12187937,149120050.0700,3,1.608100,1,-1.055200,9.663951,0.411217,-20.306814,1.317206,0
2024-08-27,sh.603883,12.1900,12.2400,11.9700,12.0000,12.1900,11887433,143581958.2500,3,1.568400,1,-1.558700,9.513324,0.404807,-19.990301,1.296675,0
2024-08-28,sh.603883,11.9900,12.1400,11.9000,12.0600,12.0000,12289610,147941294.7200,3,1.621500,1,0.500000,9.560890,0.406831,-20.090252,1.303158,0
2024-08-29,sh.603883,11.9800,12.3300,11.9100,12.2700,12.0600,16482583,201091656.6100,3,2.174700,1,1.741300,9.727373,0.413915,-20.440083,1.325850,0
2024-08-30,sh.603883,12.2600,13.5000,11.9200,13.5000,12.2700,42006212,534857980.2400,3,5.542300,1,10.024400,11.174002,0.454799,-17.068064,1.502052,0
2024-09-02,sh.603883,13.4400,13.4400,12.2400,12.2400,13.5000,79686340,999266002.7900,3,10.513900,1,-9.333300,10.131095,0.412351,-15.475045,1.361860,0
2024-09-03,sh.603883,12.2300,13.4600,12.1300,13.4600,12.2400,46414515,605774167.9000,3,6.124000,1,9.967300,11.140894,0.453451,-17.017492,1.497601,0
2024-09-04,sh.603883,14.6800,14.8100,14.5800,14.8100,13.4600,37063005,546606841.9700,3,4.890100,1,10.029700,12.258294,0.498931,-18.724299,1.647806,0
2024-09-05,sh.603883,16.2900,16.2900,16.2900,16.2900,14.8100,11100575,180828366.7500,3,1.464600,1,9.993200,13.483295,0.548790,-20.595464,1.812476,0
2024-09-06,sh.603883,17.9200,17.9200,17.9200,17.9200,16.2900,7628642,136705264.6400,3,1.006500,1,10.006100,14.832453,0.603703,-22.656275,1.993835,0
2024-09-09,sh.603883,19.7100,19.7100,19.3900,19.7100,17.9200,132716518,2615248012.9600,3,17.510700,1,9.988800,16.314043,0.664006,-24.919374,2.192996,0
2024-09-10,sh.603883,18.6300,18.6300,17.7400,17.7400,19.7100,22466300,409318174.6400,3,2.964200,1,-9.994900,14.683466,0.597639,-22.428701,1.973807,0
2024-09-11,sh.603883,15.9700,15.9700,15.9700,15.9700,17.7400,41239700,658598009.0000,3,5.441200,1,-9.977500,13.218430,0.538010,-20.190888,1.776872,0
2024-09-12,sh.603883,14.6000,14.8000,14.3700,14.3700,15.9700,82692884,1194943488.8200,3,10.910500,1,-10.018800,11.894104,0.484108,-18.168006,1.598851,0
2024-09-13,sh.603883,13.5500,13.9100,12.9500,12.9500,14.3700,136999678,1838666642.0800,3,18.075800,1,-9.881700,10.718765,0.436270,-16.372699,1.440857,0
2024-09-18,sh.603883,13.0000,13.6400,12.7500,13.2800,12.9500,88474529,1171866092.1600,3,11.673400,1,2.548300,10.991907,0.447387,-16.789918,1.477574,0
2024-09-19,sh.603883,13.1500,14.6100,13.0500,14.6100,13.2800,128642376,1825092966.5100,3,16.973200,1,10.015100,12.092753,0.492193,-18.471439,1.625554,0
2024-09-20,sh.603883,14.3600,14.7800,13.9200,14.1800,14.6100,121195073,1739511758.6000,3,15.990600,1,-2.943200,11.736840,0.477707,-17.927789,1.577711,0
2024-09-23,sh.603883,14.3500,14.4600,13.6100,13.6900,14.1800,83977950,1171409404.0600,3,11.080100,1,-3.455600,11.331266,0.461200,-17.308282,1.523192,0
2024-09-24,sh.603883,13.9600,14.6900,13.6000,14.4400,13.6900,112729258,1599644007.7800,3,14.873600,1,5.478500,11.952043,0.486466,-18.256507,1.606639,0
2024-09-25,sh.603883,14.4400,15.1400,14.2200,14.2200,14.4400,115548830,1688703651.8400,3,15.245600,1,-1.523500,11.769949,0.479055,-17.978361,1.582161,0
2024-09-26,sh.603883,14.0600,15.6400,13.9000,15.1600,14.2200,124902616,1836480580.9500,3,16.479700,1,6.610400,12.547990,0.510722,-19.166804,1.686749,0
2024-09-27,sh.603883,15.3300,16.6000,15.2400,15.8000,15.1600,87458885,1380037299.0400,3,11.539400,1,4.221600,13.077721,0.532283,-19.975957,1.757957,0
2024-09-30,sh.603883,17.3800,17.3800,16.6400,17.3800,15.8000,83174608,1436775330.3500,3,10.974100,1,10.000000,14.385493,0.585511,-21.973553,1.933753,0
2024-10-08,sh.603883,19.1200,19.1200,16.7000,18.7400,17.3800,118383962,2171876343.4200,3,15.619700,1,7.825100,15.511170,0.631328,-23.693002,2.085070,0
2024-10-09,sh.603883,17.9800,17.9800,16.8700,16.8700,18.7400,72613654,1241795286.1000,3,9.580700,1,-9.978700,13.963364,0.568330,-21.328759,1.877008,0
2024-10-10,sh.603883,16.2700,16.6900,15.6300,16.1200,16.5400,49705821,806063389.3100,3,6.558200,1,-2.539300,13.342586,0.543063,-20.380533,1.793561,0
2024-10-11,sh.603883,15.9900,16.8000,15.7000,16.5400,16.1200,53824657,875679559.8700,3,7.101700,1,2.605500,13.690221,0.557213,-20.911540,1.840292,0
2024-10-14,sh.603883,16.5600,16.6200,16.0000,16.5400,16.5400,43960105,718904978.6100,3,5.800100,1,0.000000,13.690221,0.557213,-20.911540,1.840292,0
2024-10-15,sh.603883,16.5400,16.8300,16.1400,16.1500,16.5400,41773504,689458567.7400,3,5.511600,1,-2.357900,13.367417,0.544074,-20.418462,1.796899,0
2024-10-16,sh.603883,15.8300,16.0500,15.6200,15.8000,16.1500,32280407,510308933.0200,3,4.259100,1,-2.167200,13.077721,0.532283,-19.975957,1.757957,0
2024-10-17,sh.603883,15.9000,16.1000,15.5500,15.5900,15.8000,31477070,497445433.8400,3,4.153100,1,-1.329100,12.903903,0.525208,-19.710454,1.734592,0
2024-10-18,sh.603883,15.5800,16.3100,15.3900,16.0500,15.5900,46418331,734894462.7700,3,6.124500,1,2.950600,13.284647,0.540705,-20.292032,1.785773,0
2024-10-21,sh.603883,16.0800,16.6000,15.8100,16.6000,16.0500,50955038,825733746.2700,3,6.723000,1,3.426800,13.739884,0.559234,-20.987398,1.846967,0
2024-10-22,sh.603883,16.6200,16.9600,16.3500,16.6800,16.6000,46726789,779070939.2200,3,6.165200,1,0.481900,13.806100,0.561929,-21.088542,1.855868,0
2024-10-23,sh.603883,16.6800,16.7800,16.5000,16.5200,16.6800,33317208,553211291.1000,3,4.395900,1,-0.959200,13.673667,0.556539,-20.886254,1.838066,0
2024-10-24,sh.603883,16.6100,16.9700,16.5000,16.5300,16.5200,28433252,474128623.0100,3,3.751500,1,0.060500,13.681944,0.556876,-20.898897,1.839179,0
2024-10-25,sh.603883,16.5400,17.2800,16.3300,16.9000,16.5300,44539769,752603064.9600,3,5.876600,1,2.238400,13.988195,0.569341,-21.366688,1.880346,0
2024-10-28,sh.603883,16.9000,17.0000,16.7400,16.9700,16.9000,29741648,502672206.6700,3,3.924100,1,0.414200,14.046134,0.571699,-21.455189,1.888135,0
2024-10-29,sh.603883,16.9700,17.1500,16.3600,16.3600,16.9700,37117703,617536857.9300,3,4.897300,1,-3.594600,13.541235,0.551149,-20.683966,1.820264,0
2024-10-30,sh.603883,16.0100,16.1400,15.7000,15.8800,16.3600,33733540,536114296.1900,3,4.450800,1,-2.934000,14.327464,0.533517,-154.522942,1.734116,0
2024-10-31,sh.603883,15.8800,16.3400,15.6200,16.0700,15.8800,26532262,424184018.4900,3,3.500700,1,1.196500,14.498888,0.539900,-156.371768,1.754864,0
2024-11-01,sh.603883,15.9800,17.6800,15.5600,17.6800,16.0700,61283821,1036730716.0600,3,8.085800,1,10.018700,15.951484,0.593991,-172.038137,1.930678,0
2024-11-04,sh.603883,18.3400,19.4500,18.0500,19.4500,17.6800,111887416,2091019793.0900,3,14.762500,1,10.011300,17.548437,0.653457,-189.261412,2.123965,0
2024-11-05,sh.603883,19.4500,20.2000,18.6700,19.2500,19.4500,111248913,2151399273.7400,3,14.678300,1,-1.028300,17.367990,0.646738,-187.315279,2.102124,0
2024-11-06,sh.603883,19.2500,21.1800,19.0500,20.2800,19.2500,107553233,2204612402.3500,3,14.190600,1,5.350600,18.297290,0.681342,-197.337863,2.214602,0
2024-11-07,sh.603883,19.8000,21.6800,19.4400,20.7600,20.2800,96187647,1963431742.3300,3,12.691100,1,2.366900,18.730362,0.697469,-202.008581,2.267018,0
2024-11-08,sh.603883,20.4100,20.5500,19.5200,19.6900,20.7600,76354052,1532575781.3800,3,10.074200,1,-5.154100,17.764973,0.661520,-191.596771,2.150173,0
2024-11-11,sh.603883,19.2000,19.6800,19.0800,19.5900,19.6900,45707429,887195046.8900,3,6.030700,1,-0.507900,17.674749,0.658161,-190.623705,2.139253,0
2024-11-12,sh.603883,19.6700,20.9900,19.6100,20.0600,19.5900,83786139,1699383235.5700,3,11.054800,1,2.399200,18.098799,0.673951,-195.197117,2.190577,0
2024-11-13,sh.603883,20.0500,20.0500,19.1600,19.4900,20.0600,48108279,938904033.4900,3,6.347400,1,-2.841500,17.584526,0.654801,-189.650638,2.128333,0
2024-11-14,sh.603883,19.3100,19.4000,18.3600,18.4300,19.4900,41217365,777135231.5200,3,5.438200,1,-5.438700,16.628159,0.619188,-179.336135,2.012579,0
2024-11-15,sh.603883,18.4300,18.6500,18.0500,18.1200,18.4300,32447776,597139912.5600,3,4.281200,1,-1.682000,16.348467,0.608773,-176.319629,1.978727,0
2024-11-18,sh.603883,18.1500,18.4800,17.5000,17.6400,18.1200,31507179,566121280.5600,3,4.157100,1,-2.649000,15.915395,0.592647,-171.648910,1.926310,0
2024-11-19,sh.603883,17.5500,18.0100,17.3200,18.0100,17.6400,27085979,478335416.3700,3,3.573700,1,2.097500,16.249221,0.605078,-175.249256,1.966715,0
2024-11-20,sh.603883,18.0000,18.4000,17.7600,18.3500,18.0100,29284762,531350145.1900,3,3.863800,1,1.887800,16.555980,0.616501,-178.557681,2.003843,0
2024-11-21,sh.603883,18.3500,18.3500,18.0000,18.1100,18.3500,21547311,390706987.6900,3,2.843000,1,-1.307900,16.339444,0.608437,-176.222322,1.977635,0
2024-11-22,sh.603883,18.1000,18.3900,17.6000,17.6000,18.1100,28206981,507169939.0000,3,3.721600,1,-2.816100,15.879305,0.591303,-171.259684,1.921942,0
2024-11-25,sh.603883,17.3800,17.7700,17.1900,17.5700,17.6000,19495016,339612405.0300,3,2.572200,1,-0.170500,15.852238,0.590295,-170.967764,1.918666,0
2024-11-26,sh.603883,17.5600,17.8200,17.2700,17.2800,17.5700,20647836,363041024.7100,3,2.724300,1,-1.650500,15.590591,0.580552,-168.145871,1.886998,0
2024-11-27,sh.603883,17.2100,17.4800,16.7800,17.4500,17.2800,23294173,400065209.0900,3,3.073400,1,0.983800,15.743970,0.586263,-169.800084,1.905562,0
2024-11-28,sh.603883,17.4000,19.2000,17.2500,19.1100,17.4500,72079505,1341824735.4000,3,9.510200,1,9.512900,17.241678,0.642034,-185.952986,2.086836,0
2024-11-29,sh.603883,18.6300,19.2700,18.1700,18.7200,19.1100,61537047,1145943300.5200,3,8.119200,1,-2.040800,16.889807,0.628931,-182.158027,2.044248,0
2024-12-02,sh.603883,18.8400,19.5800,18.5800,19.2100,18.7200,52421819,1006457085.5700,3,6.916600,1,2.617500,17.331901,0.645394,-186.926052,2.097756,0
2024-12-03,sh.603883,19.0200,19.2100,18.6500,18.8500,19.2100,34151106,645514441.7000,3,4.505900,1,-1.874000,17.007097,0.633299,-183.423013,2.058444,0
2024-12-04,sh.603883,18.7000,19.7600,18.5000,18.8000,18.8500,36894556,704711985.8300,3,4.867900,1,-0.265300,16.961985,0.631619,-182.936480,2.052984,0
2024-12-05,sh.603883,18.5100,19.0100,18.4000,18.7600,18.8000,23542857,440256341.4800,3,3.106300,1,-0.212800,16.925896,0.630275,-182.547254,2.048616,0
2024-12-06,sh.603883,18.7700,19.5500,18.7700,19.1400,18.7600,42091862,807316678.1100,3,5.553600,1,2.025600,17.268745,0.643042,-186.244906,2.090112,0
2024-12-09,sh.603883,19.1600,19.3500,18.7000,18.8300,19.1400,26475333,501655309.8700,3,3.493200,1,-1.619600,16.989052,0.632627,-183.228400,2.056260,0
2024-12-10,sh.603883,19.4600,19.4900,18.9200,18.9800,18.8300,33813214,648480445.6700,3,4.461300,1,0.796600,17.124387,0.637666,-184.688000,2.072640,0
2024-12-11,sh.603883,19.0000,19.5500,18.9100,19.1000,18.9800,26257694,502124221.0000,3,3.464500,1,0.632200,17.232655,0.641698,-185.855679,2.085744,0
2024-12-12,sh.603883,19.0800,20.9700,18.8500,20.2200,19.1000,91512393,1824789270.9200,3,12.074200,1,5.863900,18.243156,0.679326,-196.754023,2.208050,0
2024-12-13,sh.603883,19.7800,20.2400,19.4200,19.4800,20.2200,55665942,1098917279.2500,3,7.344600,1,-3.659700,17.575504,0.654465,-189.553332,2.127241,0
2024-12-16,sh.603883,19.2600,20.0800,18.8000,18.9200,19.4800,42532682,823865497.8500,3,5.611800,1,-2.874700,17.070253,0.635651,-184.104160,2.066088,0
2024-12-17,sh.603883,18.7300,18.8800,18.0600,18.1100,18.9200,33015420,604493544.7700,3,4.356100,1,-4.281200,16.339444,0.608437,-176.222322,1.977635,0
2024-12-18,sh.603883,18.0500,18.3100,17.8900,18.2200,18.1100,21081992,382192674.4500,3,2.781600,1,0.607400,16.438690,0.612133,-177.292695,1.989647,0
2024-12-19,sh.603883,17.9900,18.1500,17.7100,17.9600,18.2200,20028538,358060784.1800,3,2.642600,1,-1.427000,16.204109,0.603398,-174.762723,1.961255,0
2024-12-20,sh.603883,17.9000,18.2700,17.8900,18.1600,17.9600,17360059,314767789.3700,3,2.290500,1,1.113600,16.384556,0.610117,-176.708855,1.983095,0
2024-12-23,sh.603883,18.1700,18.2000,17.2100,17.2200,18.1600,24905283,439042992.5200,3,3.286000,1,-5.176200,15.536457,0.578536,-167.562031,1.880446,0
2024-12-24,sh.603883,17.1100,17.4100,17.1100,17.3700,17.2200,16595022,286745698.8300,3,2.189600,1,0.871100,15.671792,0.583576,-169.021631,1.896826,0
2024-12-25,sh.603883,17.4500,17.5200,16.8600,17.2000,17.3700,14176945,243400097.5800,3,1.870500,1,-0.978700,15.518412,0.577864,-167.367418,1.878262,0
2024-12-26,sh.603883,17.2100,17.2800,17.1000,17.1800,17.2000,14119740,242825645.8500,3,1.863000,1,-0.116300,15.500367,0.577192,-167.172805,1.876078,0
2024-12-27,sh.603883,17.1600,17.8000,16.9600,17.3900,17.1800,20336139,353880019.6900,3,2.683200,1,1.222400,15.689836,0.584248,-169.216244,1.899010,0
2024-12-30,sh.603883,17.6300,17.6800,17.1800,17.2200,17.3900,16898958,292867898.4000,3,2.229700,1,-0.977600,15.536457,0.578536,-167.562031,1.880446,0
2024-12-31,sh.603883,17.2400,17.2600,16.3700,16.3700,17.2200,24563182,410689936.3100,3,3.240900,1,-4.936100,14.769558,0.549979,-159.290967,1.787625,0
