date,code,open,high,low,close,preclose,volume,amount,adjustflag,turn,tradestatus,pctChg,peTTM,psTTM,pcfNcfTTM,pbMRQ,isST
2021-06-10,sh.600905,3.1800,3.8200,3.1800,3.8200,2.6500,157381727,596262424.9800,3,2.264700,1,44.150900,26.499833,8.757329,57.634186,2.514307,0
2021-06-11,sh.600905,4.2000,4.2000,4.2000,4.2000,3.8200,34734080,145883136.0000,3,0.499800,1,9.947600,29.135942,9.628477,63.367429,2.764421,0
2021-06-15,sh.600905,4.6200,4.6200,4.2300,4.6200,4.2000,3645307536,16407455025.2300,3,52.454600,1,10.000000,32.049536,10.591325,69.704172,3.040863,0
2021-06-16,sh.600905,4.6100,5.0700,4.3500,4.9500,4.6200,3148735008,15016698492.6900,3,45.309100,1,7.142900,34.338789,11.347848,74.683042,3.258067,0
2021-06-17,sh.600905,4.8700,5.4500,4.7700,5.4500,4.9500,1309220800,6872921050.5900,3,18.839200,1,10.101000,37.807353,12.494095,82.226783,3.587165,0
2021-06-18,sh.600905,5.9000,6.0000,5.7800,6.0000,5.4500,602439248,3565611747.4600,3,8.668900,1,10.091700,41.622774,13.754967,90.524899,3.949173,0
2021-06-21,sh.600905,6.6000,6.6000,6.6000,6.6000,6.0000,139373536,919865337.6000,3,2.005500,1,10.000000,45.785052,15.130464,99.577389,4.344090,0
2021-06-22,sh.600905,7.2600,7.2600,7.2600,7.2600,6.6000,36165464,262561268.6400,3,0.520400,1,10.000000,50.363557,16.643510,109.535128,4.778499,0
2021-06-23,sh.600905,7.9900,7.9900,7.9900,7.9900,7.2600,23131229,184818519.7100,3,0.332800,1,10.055100,55.427661,18.317031,120.548991,5.258981,0
2021-06-24,sh.600905,8.7900,8.7900,7.1900,7.3200,7.9900,3516945264,27698437625.3700,3,50.607500,1,-8.385500,50.779785,16.781060,110.440377,4.817991,0
2021-06-25,sh.600905,6.9900,7.5400,6.7100,6.8900,7.3200,2193758784,15295257912.6100,3,31.567300,1,-5.874300,47.796819,15.795287,103.952759,4.534967,0
2021-06-28,sh.600905,6.7500,6.7500,6.3300,6.3500,6.8900,1881854928,12244437656.5500,3,27.079200,1,-7.837400,44.050770,14.557340,95.805518,4.179541,0
2021-06-29,sh.600905,6.2200,6.8600,6.1100,6.6800,6.3500,1953941104,12859344779.2700,3,28.116500,1,5.196900,46.340022,15.313863,100.784388,4.396745,0
2021-06-30,sh.600905,6.5200,6.5400,6.2800,6.3600,6.6800,1270944384,8106076688.2900,3,18.288400,1,-4.790400,44.120141,14.580265,95.956393,4.186123,0
2021-07-01,sh.600905,6.3000,6.5500,6.2300,6.2500,6.3600,980696560,6247749212.2000,3,14.111800,1,-1.729600,43.357057,14.328091,94.296770,4.113721,0
2021-07-02,sh.600905,6.2700,6.3200,5.9000,5.9500,6.2500,1066739568,6406020192.4900,3,15.350000,1,-4.800000,41.275918,13.640342,89.770525,3.916263,0
2021-07-05,sh.600905,5.9000,5.9800,5.7000,5.8400,5.9500,913494880,5287802860.1700,3,13.144800,1,-1.848700,40.512834,13.388168,88.110902,3.843861,0
2021-07-06,sh.600905,5.8500,6.4200,5.7500,6.4200,5.8400,1666310624,10229750031.1300,3,23.977600,1,9.931500,44.536369,14.717815,96.861642,4.225615,0
2021-07-07,sh.600905,6.3000,6.6400,6.1200,6.3800,6.4200,1527864608,9674468557.2600,3,21.985400,1,-0.623100,44.258883,14.626115,96.258143,4.199287,0
2021-07-08,sh.600905,6.4600,6.8900,6.3100,6.7600,6.3800,1542166016,10289354077.4100,3,22.191200,1,5.956100,46.894993,15.497263,101.991386,4.449401,0
2021-07-09,sh.600905,6.6800,7.1800,6.5300,6.9600,6.7600,1454306176,10042488423.3400,3,20.926900,1,2.958600,48.282418,15.955762,105.008883,4.581040,0
2021-07-12,sh.600905,6.8600,7.0000,6.6400,6.7800,6.9600,1183712736,8044042166.4700,3,17.033200,1,-2.586200,47.033735,15.543113,102.293136,4.462565,0
2021-07-13,sh.600905,6.6700,7.1500,6.6200,6.9900,6.7800,1304790752,9078657782.5800,3,18.775400,1,3.097300,48.490532,16.024537,105.461507,4.600786,0
2021-07-14,sh.600905,6.9900,7.1500,6.6900,6.8100,6.9900,1169349536,8087320908.1300,3,16.826500,1,-2.575100,47.241849,15.611888,102.745760,4.482311,0
2021-07-15,sh.600905,6.7100,6.7800,6.4200,6.5900,6.8100,858209184,5655317755.9400,3,12.349300,1,-3.230500,45.715681,15.107539,99.426514,4.337508,0
2021-07-16,sh.600905,6.7100,6.8800,6.5800,6.6100,6.5900,893805920,6022988960.1000,3,12.861500,1,0.303500,45.854423,15.153389,99.728264,4.350672,0
2021-07-19,sh.600905,6.4900,6.4900,6.2500,6.3300,6.6100,716390704,4548540840.4600,3,10.308600,1,-4.236000,43.912027,14.511490,95.503769,4.166377,0
2021-07-20,sh.600905,6.2300,6.4000,6.1700,6.3100,6.3300,507745968,3188383295.3800,3,7.306300,1,-0.316000,43.773284,14.465640,95.202019,4.153213,0
2021-07-21,sh.600905,6.3100,6.3500,6.2200,6.2400,6.3100,570056352,3566866109.9600,3,8.202900,1,-1.109400,43.287685,14.305166,94.145895,4.107139,0
2021-07-22,sh.600905,6.2700,6.4000,6.2300,6.2700,6.2400,565872048,3562733028.0400,3,8.142700,1,0.480800,43.495799,14.373941,94.598520,4.126885,0
2021-07-23,sh.600905,6.2400,6.2400,6.0500,6.1000,6.2700,660967072,4028467516.1500,3,9.511100,1,-2.711300,42.316487,13.984217,92.033647,4.014992,0
2021-07-26,sh.600905,6.0800,6.0800,5.8500,5.9600,6.1000,541008544,3220634951.4200,3,7.784900,1,-2.295100,41.345289,13.663267,89.921400,3.922845,0
2021-07-27,sh.600905,5.9200,6.3500,5.8100,6.2500,5.9600,1012908208,6209198672.6900,3,14.575400,1,4.865800,43.357057,14.328091,94.296770,4.113721,0
2021-07-28,sh.600905,6.2000,6.2000,5.8000,5.9600,6.2500,555526176,3339290426.4400,3,7.993800,1,-4.640000,41.345289,13.663267,89.921400,3.922845,0
2021-07-29,sh.600905,5.9500,6.0800,5.9200,6.0100,5.9600,476929776,2861733981.1600,3,6.862800,1,0.838900,41.692146,13.777892,90.675774,3.955755,0
2021-07-30,sh.600905,5.9600,6.2800,5.9000,6.1200,6.0100,627187856,3834746295.4600,3,9.025000,1,1.830300,42.455230,14.030066,92.335397,4.028156,0
2021-08-02,sh.600905,6.1300,6.1700,5.9500,6.1000,6.1200,533699600,3230837658.2500,3,7.679700,1,-0.326800,42.316487,13.984217,92.033647,4.014992,0
2021-08-03,sh.600905,6.0300,6.1400,5.9700,5.9900,6.1000,466117312,2811818126.1700,3,6.707200,1,-1.803300,41.553403,13.732042,90.374024,3.942591,0
2021-08-04,sh.600905,5.9700,6.1500,5.9300,6.1100,5.9900,514523264,3100822755.6400,3,7.403800,1,2.003300,42.385859,14.007141,92.184522,4.021574,0
2021-08-05,sh.600905,6.0500,6.1000,5.9800,6.0000,6.1100,382434304,2303100629.7400,3,5.503100,1,-1.800300,41.622774,13.754967,90.524899,3.949173,0
2021-08-06,sh.600905,5.9600,5.9900,5.9200,5.9400,6.0000,326106816,1937120680.0800,3,4.692600,1,-1.000000,41.206547,13.617417,89.619650,3.909681,0
2021-08-09,sh.600905,5.9600,5.9900,5.8800,5.8900,5.9400,350273392,2070615250.5500,3,5.040300,1,-0.841800,40.859690,13.502793,88.865276,3.876771,0
2021-08-10,sh.600905,5.8700,5.8900,5.8200,5.8500,5.8900,382940160,2237084735.5000,3,5.510400,1,-0.679100,40.582205,13.411093,88.261777,3.850443,0
2021-08-11,sh.600905,5.8500,6.0300,5.7700,5.9200,5.8500,595644672,3516384187.0000,3,8.571100,1,1.196600,41.067804,13.571568,89.317900,3.896517,0
2021-08-12,sh.600905,5.8500,5.8800,5.8100,5.8200,5.9200,398823056,2322885975.2400,3,5.738900,1,-1.689200,40.374091,13.342318,87.809152,3.830697,0
2021-08-13,sh.600905,5.8000,5.8100,5.7100,5.7200,5.8200,393504272,2261638051.2000,3,5.662400,1,-1.718200,39.680378,13.113069,86.300404,3.764878,0
2021-08-16,sh.600905,5.7300,6.2400,5.7300,6.1000,5.7200,975397008,5826864413.2500,3,14.035600,1,6.643400,42.316487,13.984217,92.033647,4.014992,0
2021-08-17,sh.600905,6.1500,6.1500,5.9000,5.9100,6.1000,663096688,3972931540.3400,3,9.541700,1,-3.114800,40.998433,13.548643,89.167026,3.889935,0
2021-08-18,sh.600905,5.8200,5.8500,5.7600,5.8300,5.9100,356977824,2072488903.0100,3,5.136800,1,-1.353600,40.443462,13.365243,87.960027,3.837279,0
2021-08-19,sh.600905,5.8100,5.9000,5.7600,5.8300,5.8300,288436048,1681640910.0700,3,4.150500,1,0.000000,40.443462,13.365243,87.960027,3.837279,0
2021-08-20,sh.600905,5.8000,5.8100,5.7100,5.7400,5.8300,326506944,1873368307.7900,3,4.698300,1,-1.543700,39.819121,13.158919,86.602153,3.778042,0
2021-08-23,sh.600905,5.7200,5.8000,5.7000,5.7500,5.7400,270858864,1557440286.2800,3,3.897600,1,0.174200,39.888492,13.181843,86.753028,3.784624,0
2021-08-24,sh.600905,5.7300,5.8200,5.7000,5.7400,5.7500,358216960,2055500575.3400,3,5.154600,1,-0.173900,39.819121,13.158919,86.602153,3.778042,0
2021-08-25,sh.600905,5.7100,5.7300,5.6000,5.6200,5.7400,408402496,2301017146.9500,3,5.876800,1,-2.090600,38.986665,12.883819,84.791655,3.699058,0
2021-08-26,sh.600905,5.6000,5.6000,5.4700,5.4700,5.6200,419130016,2308667407.5200,3,6.031100,1,-2.669000,37.946096,12.539945,82.528533,3.600329,0
2021-08-27,sh.600905,5.5500,5.7000,5.5200,5.5300,5.4700,412154176,2308717369.3500,3,5.930700,1,1.096900,32.867193,11.647565,9.679353,2.339856,0
2021-08-30,sh.600905,5.5500,5.6400,5.3800,5.5900,5.5300,518465808,2835924856.5100,3,7.460500,1,1.085000,33.223799,11.773940,9.784373,2.365243,0
2021-08-31,sh.600905,5.5300,5.5700,5.4700,5.5000,5.5900,285954848,1572915857.7700,3,4.114800,1,-1.610000,32.688890,11.584378,9.626843,2.327162,0
2021-09-01,sh.600905,5.4800,5.5800,5.4600,5.5300,5.5000,295418144,1633508679.8900,3,4.251000,1,0.545500,32.867193,11.647565,9.679353,2.339856,0
2021-09-02,sh.600905,5.5200,6.0600,5.4900,5.9800,5.5300,1186926768,6973663706.0100,3,17.079400,1,8.137400,35.541738,12.595378,10.467004,2.530260,0
2021-09-03,sh.600905,5.9900,6.5800,5.9000,6.5000,5.9800,1811661808,11559396781.4400,3,26.069100,1,8.695700,38.632324,13.690628,11.377178,2.750283,0
2021-09-06,sh.600905,6.6700,6.6900,6.0500,6.3800,6.5000,1246768848,7876940614.2900,3,17.940500,1,-1.846200,37.919112,13.437878,11.167138,2.699508,0
2021-09-07,sh.600905,6.2500,6.6900,6.2100,6.5500,6.3800,1071021600,6850215391.3700,3,15.411600,1,2.664600,38.929496,13.795941,11.464695,2.771439,0
2021-09-08,sh.600905,6.6600,6.8800,6.5300,6.5400,6.5500,1178267680,7844719485.0200,3,16.954800,1,-0.152700,38.870061,13.774878,11.447192,2.767207,0
2021-09-09,sh.600905,6.3700,6.3900,6.2200,6.2400,6.5400,802475872,5043062123.8400,3,11.547300,1,-4.587200,37.087031,13.143003,10.922091,2.640271,0
2021-09-10,sh.600905,6.2000,6.3300,6.1000,6.1200,6.2400,620703792,3836579066.5000,3,8.931700,1,-1.923100,36.373819,12.890253,10.712051,2.589497,0
2021-09-13,sh.600905,6.1200,6.1900,6.0100,6.1600,6.1200,539173600,3287389536.4500,3,7.758500,1,0.653600,36.611556,12.974503,10.782064,2.606422,0
2021-09-14,sh.600905,6.1700,6.1700,5.9600,5.9800,6.1600,450146704,2721651922.0300,3,6.477400,1,-2.922100,35.541738,12.595378,10.467004,2.530260,0
2021-09-15,sh.600905,5.9400,6.2200,5.9200,6.1600,5.9800,517948688,3168637537.6600,3,7.453100,1,3.010000,36.611556,12.974503,10.782064,2.606422,0
2021-09-16,sh.600905,6.1400,6.1500,6.0000,6.0200,6.1600,374088608,2265451102.6600,3,5.383000,1,-2.272700,35.779476,12.679628,10.537018,2.547185,0
2021-09-17,sh.600905,5.9900,6.6200,5.9800,6.6200,6.0200,1569246144,10078911341.7900,3,22.580800,1,9.966800,39.345536,13.943378,11.587219,2.801057,0
2021-09-22,sh.600905,6.7700,7.2800,6.7100,7.2800,6.6200,1583413568,11236891893.4900,3,22.784700,1,9.969800,43.268203,15.333503,12.742440,3.080316,0
2021-09-23,sh.600905,7.6500,7.6500,6.9000,6.9600,7.2800,1540421136,11079527111.6300,3,22.166100,1,-4.395600,41.366304,14.659503,12.182333,2.944918,0
2021-09-24,sh.600905,6.9400,7.3500,6.7700,7.1100,6.9600,1211879520,8575362308.2600,3,17.438500,1,2.155200,42.257819,14.975441,12.444883,3.008386,0
2021-09-27,sh.600905,7.3000,7.3500,6.6000,6.8800,7.1100,994198784,6882182629.9200,3,14.306100,1,-3.234900,40.890829,14.491003,12.042306,2.911068,0
2021-09-28,sh.600905,6.7700,7.5700,6.7200,7.4600,6.8800,1286062992,9389622042.9100,3,18.505900,1,8.430200,44.338021,15.712629,13.057500,3.156478,0
2021-09-29,sh.600905,7.2900,7.4500,7.0100,7.0600,7.4600,883286432,6349443500.5600,3,12.710200,1,-5.361900,41.960647,14.870128,12.357366,2.987230,0
2021-09-30,sh.600905,7.0900,7.5000,6.9300,7.3700,7.0600,864966784,6223538942.6000,3,12.446500,1,4.390900,43.803112,15.523066,12.899970,3.118397,0
2021-10-08,sh.600905,7.4300,7.5000,7.0100,7.1400,7.3700,620487632,4431343196.1400,3,8.928600,1,-3.120800,42.436122,15.038628,12.497393,3.021080,0
2021-10-11,sh.600905,7.2200,7.2500,6.7000,6.8400,7.1400,612332288,4215289412.8500,3,8.811200,1,-4.201700,40.653092,14.406753,11.972292,2.894143,0
2021-10-12,sh.600905,6.7000,6.9400,6.4500,6.7300,6.8400,604744512,4023814900.6900,3,8.702000,1,-1.608200,39.999314,14.175066,11.779756,2.847600,0
2021-10-13,sh.600905,6.6400,6.6400,6.3600,6.4900,6.7300,443109648,2871685519.4000,3,6.376200,1,-3.566100,38.572890,13.669566,11.359675,2.746051,0
2021-10-14,sh.600905,6.4100,6.6900,6.3300,6.5300,6.4900,449812928,2935874305.6000,3,6.472600,1,0.616300,38.810627,13.753816,11.429688,2.762976,0
2021-10-15,sh.600905,6.4800,6.7500,6.4300,6.6800,6.5300,414609776,2740001171.1600,3,5.966100,1,2.297100,39.702142,14.069753,11.692239,2.826444,0
2021-10-18,sh.600905,6.7400,7.1800,6.6600,7.0000,6.6800,660360976,4589898635.6300,3,9.502300,1,4.790400,41.604041,14.743753,12.252346,2.961843,0
2021-10-19,sh.600905,6.9700,7.0300,6.8600,6.9000,7.0000,410909920,2851204021.2400,3,5.912800,1,-1.428600,41.009698,14.533128,12.077312,2.919531,0
2021-10-20,sh.600905,6.8500,7.2000,6.8200,7.1000,6.9000,674684944,4760163818.0400,3,9.708500,1,2.898600,42.198385,14.954378,12.427380,3.004155,0
2021-10-21,sh.600905,7.0500,7.0500,6.8200,6.8800,7.1000,529795648,3662363508.7500,3,7.623600,1,-3.098600,40.890829,14.491003,12.042306,2.911068,0
2021-10-22,sh.600905,6.8600,6.8700,6.6200,6.6300,6.8800,381318624,2561022760.8200,3,5.487000,1,-3.633700,39.404971,13.964441,11.604722,2.805288,0
2021-10-25,sh.600905,6.7000,6.9000,6.6500,6.8000,6.6300,390349504,2655262615.5600,3,5.617000,1,2.564100,40.415354,14.322503,11.902279,2.877219,0
2021-10-26,sh.600905,6.8000,7.0400,6.7500,6.8200,6.8000,470291104,3251325402.4200,3,6.767300,1,0.294100,40.534223,14.364628,11.937286,2.885681,0
2021-10-27,sh.600905,6.8200,7.2700,6.7400,7.1500,6.8200,985291312,6993553607.4500,3,14.178000,1,4.838700,42.495556,15.059691,12.514896,3.025311,0
2021-10-28,sh.600905,7.1000,7.5600,7.0300,7.2200,7.1500,847323872,6164442083.9300,3,12.192700,1,0.979000,42.911597,15.207128,12.637420,3.054929,0
2021-10-29,sh.600905,7.1500,7.2400,6.8700,7.2400,7.2200,729669344,5156603212.7800,3,10.499700,1,0.277000,43.030466,15.249253,12.672426,3.063392,0
2021-11-01,sh.600905,7.0800,7.9600,7.0200,7.7800,7.2400,1334168112,10086400933.5000,3,19.198200,1,7.458600,46.329772,15.474209,14.029346,3.309503,0
2021-11-02,sh.600905,7.6300,7.8800,7.4200,7.5500,7.7800,913612784,6964424325.6800,3,13.146500,1,-2.956300,44.960126,15.016745,13.614596,3.211664,0
2021-11-03,sh.600905,7.5200,7.5600,7.2200,7.4100,7.5500,592131328,4371230946.5500,3,8.520500,1,-1.854300,44.126429,14.738289,13.362140,3.152110,0
2021-11-04,sh.600905,7.3300,7.7700,7.3300,7.6600,7.4100,702327584,5365317957.3400,3,10.106200,1,3.373800,45.615174,15.235532,13.812955,3.258456,0
2021-11-05,sh.600905,7.6000,7.7000,7.0300,7.0700,7.6600,872046464,6389743017.8500,3,12.548400,1,-7.702300,42.101734,14.062038,12.749033,3.007479,0
2021-11-08,sh.600905,7.0700,7.1000,6.8100,6.9600,7.0700,544078176,3775184852.3300,3,7.829100,1,-1.555900,41.446686,13.843251,12.550674,2.960686,0
2021-11-09,sh.600905,7.1000,7.2600,7.0200,7.1300,6.9600,586718192,4191106714.8900,3,8.442600,1,2.442500,42.459033,14.181377,12.857228,3.033002,0
2021-11-10,sh.600905,7.1000,7.1800,6.9600,7.1400,7.1300,369750976,2609808809.3000,3,5.320600,1,0.140300,42.518583,14.201267,12.875261,3.037256,0
2021-11-11,sh.600905,7.0900,7.0900,6.9000,6.9200,7.1000,379060912,2637401916.3100,3,5.454500,1,-2.535200,41.208487,13.763693,12.478544,2.943671,0
2021-11-12,sh.600905,6.8900,6.9600,6.8300,6.9000,6.9200,310911456,2143099709.2000,3,4.473900,1,-0.289000,41.089387,13.723913,12.442479,2.935163,0
2021-11-15,sh.600905,6.8700,6.8700,6.6300,6.7000,6.9000,476394064,3189286614.4000,3,6.855100,1,-2.898600,39.898390,13.326118,12.081827,2.850086,0
2021-11-16,sh.600905,6.6300,6.7700,6.6200,6.7300,6.7000,254954150,1707259811.7000,3,3.668700,1,0.447800,40.077040,13.385788,12.135925,2.862847,0
2021-11-17,sh.600905,6.7500,6.7800,6.6600,6.7300,6.7300,253465783,1705664841.6400,3,3.647300,1,0.000000,40.077040,13.385788,12.135925,2.862847,0
2021-11-18,sh.600905,6.7000,6.9700,6.6600,6.9000,6.7300,417226912,2856360612.4800,3,6.003700,1,2.526000,41.089387,13.723913,12.442479,2.935163,0
2021-11-19,sh.600905,6.8800,6.8800,6.7600,6.8600,6.9000,256937189,1753837311.6300,3,3.697200,1,-0.579700,40.851188,13.644354,12.370349,2.918148,0
2021-11-22,sh.600905,6.8500,6.9000,6.7600,6.8100,6.8600,363334032,2468255898.5700,3,5.228200,1,-0.728900,40.553438,13.544906,12.280186,2.896878,0
2021-11-23,sh.600905,6.8100,6.8100,6.6800,6.7000,6.8100,307785376,2065284273.9800,3,4.428900,1,-1.615300,39.898390,13.326118,12.081827,2.850086,0
2021-11-24,sh.600905,6.7100,6.7300,6.4800,6.6000,6.7000,530713840,3498729344.7000,3,7.636800,1,-1.492500,39.302892,13.127221,11.901502,2.807547,0
2021-11-25,sh.600905,6.6200,6.7500,6.6100,6.6500,6.6000,312272064,2087374990.0400,3,4.493500,1,0.757600,39.600641,13.226670,11.991664,2.828817,0
2021-11-26,sh.600905,6.6000,6.6100,6.4500,6.5000,6.6500,373490544,2423637994.2100,3,5.374400,1,-2.255600,38.707393,12.928324,11.721176,2.765009,0
2021-11-29,sh.600905,6.3500,6.6100,6.3000,6.5400,6.5000,338480160,2198536865.5900,3,4.870600,1,0.615400,38.945593,13.007883,11.793306,2.782024,0
2021-11-30,sh.600905,6.5400,6.6800,6.5100,6.6400,6.5400,277313024,1837494761.3900,3,3.990400,1,1.529100,39.541091,13.206780,11.973632,2.824563,0
2021-12-01,sh.600905,6.6400,6.7600,6.6000,6.7400,6.6400,349193888,2339168724.0300,3,5.024800,1,1.506000,40.136589,13.405677,12.153958,2.867101,0
2021-12-02,sh.600905,6.7200,6.7200,6.6100,6.6100,6.7400,229133751,1520284714.6400,3,3.297100,1,-1.928800,39.362442,13.147111,11.919534,2.811801,0
2021-12-03,sh.600905,6.5900,6.8900,6.5300,6.8600,6.6100,588765424,3984912559.6700,3,8.472100,1,3.782100,40.851188,13.644354,12.370349,2.918148,0
2021-12-06,sh.600905,6.8600,6.9500,6.7400,6.7500,6.8600,409852112,2807735494.4800,3,5.897600,1,-1.603500,40.196139,13.425567,12.171990,2.871355,0
2021-12-07,sh.600905,6.7700,6.8100,6.6000,6.6900,6.7500,314602128,2101784392.4800,3,4.527000,1,-0.888900,39.838840,13.306229,12.063795,2.845832,0
2021-12-08,sh.600905,6.7000,6.8900,6.6400,6.8400,6.6900,370033984,2520807565.3500,3,5.324600,1,2.242200,40.732088,13.604575,12.334283,2.909640,0
2021-12-09,sh.600905,6.7800,7.0900,6.7500,7.0300,6.8400,616484464,4275045473.0800,3,8.871000,1,2.777800,41.863535,13.982480,12.676902,2.990463,0
2021-12-10,sh.600905,6.8000,7.0300,6.6900,6.8800,7.0300,1335242208,9093609739.2500,3,15.578600,1,-2.133700,40.970287,13.684134,12.406414,2.926655,0
2021-12-13,sh.600905,6.9200,7.5000,6.9100,7.2900,6.8800,1243750784,9079427752.4200,3,14.511200,1,5.959300,43.411830,14.499613,13.145749,3.101064,0
2021-12-14,sh.600905,7.2900,7.3600,7.2000,7.3100,7.2900,574601520,4180578743.7800,3,6.704000,1,0.274300,43.530930,14.539392,13.181815,3.109571,0
2021-12-15,sh.600905,7.2700,7.4700,7.1200,7.2500,7.3100,704997392,5137329415.9700,3,8.225400,1,-0.820800,43.173631,14.420054,13.073619,3.084048,0
2021-12-16,sh.600905,7.2000,7.4000,7.1800,7.2700,7.2500,458157728,3337291867.6600,3,5.345400,1,0.275900,43.292731,14.459833,13.109684,3.092556,0
2021-12-17,sh.600905,7.2500,7.7000,7.2200,7.4100,7.2700,836100352,6290566809.0800,3,9.755000,1,1.925700,44.126429,14.738289,13.362140,3.152110,0
2021-12-20,sh.600905,7.3900,7.5000,7.0500,7.1500,7.4100,663462960,4782393002.4000,3,7.740800,1,-3.508800,42.578133,14.221156,12.893293,3.041510,0
2021-12-21,sh.600905,7.2200,7.2700,7.1400,7.2300,7.1500,313087104,2255211874.9500,3,3.652900,1,1.118900,43.054531,14.380274,13.037554,3.075540,0
2021-12-22,sh.600905,7.2500,7.2500,7.0400,7.0900,7.2300,379267296,2700918179.8700,3,4.425000,1,-1.936400,42.220834,14.101818,12.785098,3.015986,0
2021-12-23,sh.600905,7.0600,7.5800,7.0300,7.4800,7.0900,881563824,6500611915.6100,3,10.285400,1,5.500700,44.543277,14.877517,13.488368,3.181887,0
2021-12-24,sh.600905,7.5000,8.0500,7.4500,7.7700,7.4800,1015447632,7849997905.3200,3,11.847500,1,3.877000,46.270223,15.454320,14.011313,3.305249,0
2021-12-27,sh.600905,7.9000,7.9400,7.5500,7.6900,7.7700,662991136,5129076279.8800,3,7.735300,1,-1.029600,45.793824,15.295202,13.867053,3.271218,0
2021-12-28,sh.600905,7.6900,7.7300,7.3900,7.4700,7.6900,490682880,3674987377.4600,3,5.724900,1,-2.860900,44.483728,14.857628,13.470336,3.177633,0
2021-12-29,sh.600905,7.4400,7.4500,7.2300,7.2500,7.4700,480932240,3519848909.3100,3,5.611200,1,-2.945100,43.173631,14.420054,13.073619,3.084048,0
2021-12-30,sh.600905,7.2300,7.4200,7.2200,7.3200,7.2500,386156016,2832421934.7200,3,4.505400,1,0.965500,43.590480,14.559282,13.199847,3.113825,0
2021-12-31,sh.600905,7.4000,7.5800,7.3800,7.5100,7.3200,527775088,3953923441.1800,3,6.157700,1,2.595600,44.721927,14.937187,13.542466,3.194648,0
2022-01-04,sh.600905,7.5700,7.6900,7.4100,7.4300,7.5100,403447136,3032557576.3300,3,4.707100,1,-1.065200,44.245528,14.778069,13.398206,3.160618,0
2022-01-05,sh.600905,7.4100,7.4300,7.1100,7.2000,7.4300,464689200,3353468197.4500,3,5.421600,1,-3.095600,42.875882,14.320605,12.983456,3.062779,0
2022-01-06,sh.600905,7.1200,7.2500,7.0900,7.1900,7.2000,317843696,2281411720.4700,3,3.708400,1,-0.138900,42.816332,14.300715,12.965424,3.058525,0
2022-01-07,sh.600905,7.1600,7.2100,7.0900,7.1000,7.1900,322743776,2302708394.3300,3,3.765500,1,-1.251700,42.280384,14.121708,12.803130,3.020240,0
2022-01-10,sh.600905,7.1100,7.1300,6.9000,7.0400,7.1000,305161296,2135357154.6400,3,3.560400,1,-0.845100,41.923085,14.002369,12.694935,2.994717,0
2022-01-11,sh.600905,7.0200,7.1200,6.8900,6.9200,7.0400,332432096,2325654710.8700,3,3.878600,1,-1.704500,41.208487,13.763693,12.478544,2.943671,0
2022-01-12,sh.600905,6.9400,7.0100,6.8000,6.9700,6.9200,431441488,2980501237.7600,3,5.033700,1,0.722500,41.506236,13.863141,12.568707,2.964940,0
2022-01-13,sh.600905,6.9300,7.0600,6.8700,7.0000,6.9700,327607312,2283801259.9500,3,3.822300,1,0.430400,41.684885,13.922810,12.622805,2.977702,0
2022-01-14,sh.600905,6.9400,7.0600,6.8900,6.9300,7.0000,263291475,1833729763.0000,3,3.071900,1,-1.000000,41.268036,13.783582,12.496577,2.947925,0
2022-01-17,sh.600905,6.9200,6.9400,6.8400,6.9100,6.9300,199869288,1377564148.5000,3,2.331900,1,-0.288600,41.148937,13.743803,12.460511,2.939417,0
2022-01-18,sh.600905,6.9300,7.1500,6.8700,7.1100,6.9100,411913728,2907164268.0100,3,4.805900,1,2.894400,42.339933,14.141597,12.821163,3.024494,0
2022-01-19,sh.600905,7.0600,7.0900,6.9600,7.0100,7.1100,241384054,1693222484.1700,3,2.816300,1,-1.406500,41.744435,13.942700,12.640837,2.981955,0
2022-01-20,sh.600905,7.0200,7.1800,6.9600,7.0900,7.0100,310062176,2195356306.2900,3,3.617600,1,1.141200,42.220834,14.101818,12.785098,3.015986,0
2022-01-21,sh.600905,7.0900,7.2200,6.9600,7.0000,7.0900,471236896,3349470108.3400,3,5.498000,1,-1.269400,41.684885,13.922810,12.622805,2.977702,0
2022-01-24,sh.600905,6.8800,6.9700,6.8100,6.8700,7.0000,285540480,1962457284.5500,3,3.331500,1,-1.857100,40.910737,13.664244,12.388381,2.922401,0
2022-01-25,sh.600905,6.8300,6.8700,6.5400,6.5500,6.8700,357453760,2390640061.3500,3,4.170500,1,-4.657900,39.005143,13.027773,11.811339,2.786278,0
2022-01-26,sh.600905,6.6100,6.7700,6.5800,6.6800,6.5500,252302280,1687820497.1900,3,2.943700,1,1.984700,39.779290,13.286339,12.045762,2.841578,0
2022-01-27,sh.600905,6.7800,6.8900,6.6900,6.7300,6.6800,301041648,2045130501.7300,3,3.512300,1,0.748500,40.077040,13.385788,12.135925,2.862847,0
2022-01-28,sh.600905,6.7700,6.9200,6.6500,6.8600,6.7300,293607872,2001018384.7500,3,3.425600,1,1.931600,40.851188,13.644354,12.370349,2.918148,0
2022-02-07,sh.600905,6.9700,7.0200,6.8700,6.9300,6.8600,232412443,1614732415.6200,3,2.711600,1,1.020400,41.268036,13.783582,12.496577,2.947925,0
2022-02-08,sh.600905,6.9100,7.0600,6.8300,7.0500,6.9300,241595207,1675686399.3800,3,2.818800,1,1.731600,41.982634,14.022259,12.712968,2.998971,0
2022-02-09,sh.600905,7.0200,7.1400,6.9900,7.0900,7.0500,269729488,1910140067.1500,3,3.147000,1,0.567400,42.220834,14.101818,12.785098,3.015986,0
2022-02-10,sh.600905,7.1200,7.1400,7.0400,7.1100,7.0900,237429720,1684756110.0100,3,2.770200,1,0.282100,42.339933,14.141597,12.821163,3.024494,0
2022-02-11,sh.600905,7.0600,7.0700,6.9000,6.9100,7.1100,288220160,2006343196.9100,3,3.362700,1,-2.812900,41.148937,13.743803,12.460511,2.939417,0
2022-02-14,sh.600905,6.8500,6.8700,6.7100,6.7500,6.9100,263626293,1785771930.9100,3,3.075800,1,-2.315500,40.196139,13.425567,12.171990,2.871355,0
2022-02-15,sh.600905,6.7500,6.8600,6.7500,6.7900,6.7500,203295501,1378990773.0000,3,2.371900,1,0.592600,40.434339,13.505126,12.244121,2.888371,0
2022-02-16,sh.600905,6.8300,6.8500,6.7500,6.7900,6.7900,167801169,1141222824.8000,3,1.957800,1,0.000000,40.434339,13.505126,12.244121,2.888371,0
2022-02-17,sh.600905,6.7600,6.8400,6.7200,6.7800,6.7900,185562529,1257527684.5000,3,2.165000,1,-0.147300,40.374789,13.485236,12.226088,2.884117,0
2022-02-18,sh.600905,6.7400,6.8100,6.7000,6.7900,6.7800,165821063,1120783581.7500,3,1.934700,1,0.147500,40.434339,13.505126,12.244121,2.888371,0
2022-02-21,sh.600905,6.7900,6.8300,6.7500,6.8200,6.7900,148516605,1008333600.6800,3,1.732800,1,0.441800,40.612988,13.564795,12.298218,2.901132,0
2022-02-22,sh.600905,6.7900,6.8000,6.7200,6.7900,6.8200,171122136,1155627447.5700,3,1.996500,1,-0.439900,40.434339,13.505126,12.244121,2.888371,0
2022-02-23,sh.600905,6.7900,6.9100,6.7700,6.9000,6.7900,253063026,1732398923.7800,3,2.952500,1,1.620000,41.089387,13.723913,12.442479,2.935163,0
2022-02-24,sh.600905,6.8600,7.0200,6.6700,6.7700,6.9000,397910048,2733592266.2700,3,4.642500,1,-1.884100,40.315239,13.465347,12.208055,2.879863,0
2022-02-25,sh.600905,6.8100,6.9700,6.7700,6.9400,6.7700,371905280,2557080284.1100,3,4.339100,1,2.511100,41.327586,13.803472,12.514609,2.952178,0
2022-02-28,sh.600905,6.9400,7.1300,6.9000,7.1300,6.9400,580873440,4097930848.0000,3,6.777200,1,2.737800,42.459033,14.181377,0.000000,3.033002,0
2022-03-01,sh.600905,7.1500,7.1800,7.0700,7.1200,7.1300,306737328,2184574912.0000,3,3.578800,1,-0.140300,42.399483,14.161487,12.839196,3.028748,0
2022-03-02,sh.600905,7.0700,7.0900,6.9700,7.0100,7.1200,240416417,1686645232.0000,3,2.805000,1,-1.544900,41.744435,13.942700,12.640837,2.981955,0
2022-03-03,sh.600905,7.0400,7.1200,7.0200,7.0500,7.0100,225413959,1591815552.0000,3,2.630000,1,0.570600,41.982634,14.022259,12.712968,2.998971,0
2022-03-04,sh.600905,7.0100,7.1000,6.9300,7.0300,7.0500,224352244,1572812784.0000,3,2.617600,1,-0.283700,41.863535,13.982480,12.676902,2.990463,0
2022-03-07,sh.600905,7.0000,7.0900,6.8700,6.8900,7.0300,239846627,1670703376.0000,3,2.798400,1,-1.991500,41.029837,13.704023,12.424446,2.930909,0
2022-03-08,sh.600905,6.8600,6.8800,6.7000,6.7100,6.8900,253471102,1714882240.0000,3,2.957300,1,-2.612500,39.957940,13.346008,12.099860,2.854340,0
2022-03-09,sh.600905,6.7300,6.8200,6.3400,6.6800,6.7100,330848912,2192155824.0000,3,3.860100,1,-0.447100,39.779290,13.286339,12.045762,2.841578,0
2022-03-10,sh.600905,6.8000,6.8900,6.6800,6.8400,6.6800,295118112,2007192800.0000,3,3.443200,1,2.395200,40.732088,13.604575,12.334283,2.909640,0
2022-03-11,sh.600905,6.7600,6.8000,6.6000,6.7800,6.8400,237242778,1590220512.0000,3,2.768000,1,-0.877200,34.442677,12.519357,12.247463,2.889159,0
2022-03-14,sh.600905,6.7300,6.7400,6.5500,6.5600,6.7800,210121270,1396650896.0000,3,2.451500,1,-3.244800,33.325068,12.113125,11.850052,2.795410,0
2022-03-15,sh.600905,6.5100,6.5100,6.0600,6.0800,6.5600,376077984,2363216272.0000,3,4.387800,1,-7.317100,30.886648,11.226798,10.982975,2.590868,0
2022-03-16,sh.600905,6.1900,6.3000,5.9100,6.2900,6.0800,340595888,2089377136.0000,3,3.973800,1,3.453900,31.953457,11.614566,11.362321,2.680355,0
2022-03-17,sh.600905,6.3700,6.4500,6.3300,6.3700,6.2900,267217289,1705744096.0000,3,3.117700,1,1.271900,32.359860,11.762287,11.506834,2.714446,0
2022-03-18,sh.600905,6.3400,6.5100,6.3000,6.5100,6.3700,245741170,1581220667.6800,3,2.867100,1,2.197800,33.071066,12.020799,11.759732,2.774104,0
2022-03-21,sh.600905,6.5100,6.5400,6.4000,6.4400,6.5100,199195627,1286900417.9300,3,2.324100,1,-1.075300,32.715463,11.891543,11.633283,2.744275,0
2022-03-22,sh.600905,6.4300,6.4300,6.3200,6.3600,6.4400,172710196,1100352446.1000,3,2.015100,1,-1.242200,32.309060,11.743822,11.488770,2.710184,0
2022-03-23,sh.600905,6.4300,6.5000,6.3600,6.3600,6.3600,210137612,1347900440.8600,3,2.451700,1,0.000000,32.309060,11.743822,11.488770,2.710184,0
2022-03-24,sh.600905,6.3200,6.3200,6.2000,6.2600,6.3600,170033942,1062873399.1300,3,1.983800,1,-1.572300,31.801056,11.559171,11.308129,2.667572,0
2022-03-25,sh.600905,6.2500,6.2500,6.1300,6.1500,6.2600,180085041,1113526270.5900,3,2.101100,1,-1.757200,31.242251,11.356054,11.109424,2.620697,0
2022-03-28,sh.600905,6.1200,6.2100,6.0800,6.1900,6.1500,153358847,945646237.6900,3,1.789300,1,0.650400,31.445453,11.429915,11.181680,2.637742,0
2022-03-29,sh.600905,6.2100,6.2700,6.1900,6.2000,6.1900,123564800,769651720.0000,3,1.441700,1,0.161600,31.496253,11.448380,11.199744,2.642004,0
2022-03-30,sh.600905,6.2500,6.3000,6.2500,6.2700,6.2000,164198746,1030049101.9700,3,1.915700,1,1.129000,31.851856,11.577636,11.326193,2.671833,0
2022-03-31,sh.600905,6.2800,6.2800,6.1200,6.1400,6.2700,180935895,1118152486.1000,3,2.111000,1,-2.073400,31.191451,11.337589,11.091360,2.616436,0
2022-04-01,sh.600905,6.1100,6.1500,6.0700,6.1400,6.1400,161385722,986282420.9300,3,1.882900,1,0.000000,31.191451,11.337589,11.091360,2.616436,0
2022-04-06,sh.600905,6.1700,6.3100,6.1400,6.2700,6.1400,210293112,1309844786.4800,3,2.453500,1,2.117300,31.851856,11.577636,11.326193,2.671833,0
2022-04-07,sh.600905,6.2400,6.2600,6.1600,6.1800,6.2700,131288764,814347888.7500,3,1.531800,1,-1.435400,31.394652,11.411450,11.163616,2.633481,0
2022-04-08,sh.600905,6.1900,6.2300,6.1000,6.1700,6.1800,127946476,787538344.1700,3,1.492800,1,-0.161800,31.343852,11.392985,11.145552,2.629220,0
2022-04-11,sh.600905,6.1500,6.1500,5.9300,5.9800,6.1700,202025259,1216614260.6600,3,2.357100,1,-3.079400,30.378644,11.042147,10.802334,2.548255,0
2022-04-12,sh.600905,5.9600,6.0100,5.7900,5.9600,5.9800,227699054,1342873124.3100,3,2.656600,1,-0.334400,30.277043,11.005217,10.766206,2.539733,0
2022-04-13,sh.600905,5.9300,5.9300,5.7100,5.7300,5.9600,270939040,1570486194.5100,3,3.161100,1,-3.859100,29.108634,10.580519,10.350732,2.441723,0
2022-04-14,sh.600905,5.7600,5.7900,5.5600,5.6600,5.7300,347976784,1967443469.1900,3,4.059900,1,-1.221600,28.753031,10.451263,10.224283,2.411894,0
2022-04-15,sh.600905,5.6000,5.7200,5.5200,5.6300,5.6600,236520134,1328885462.4700,3,2.759500,1,-0.530000,28.600630,10.395868,10.170091,2.399110,0
2022-04-18,sh.600905,5.5800,5.7000,5.5000,5.7000,5.6300,199559231,1119558774.0800,3,2.328300,1,1.243300,28.956233,10.525124,10.296539,2.428939,0
2022-04-19,sh.600905,5.7000,5.7900,5.6700,5.7200,5.7000,157542238,903371913.7500,3,1.838100,1,0.350900,29.057834,10.562054,10.332668,2.437462,0
2022-04-20,sh.600905,5.7200,5.7400,5.5900,5.6100,5.7200,137112174,774680324.6000,3,1.599700,1,-1.923100,28.499029,10.358937,10.133962,2.390587,0
2022-04-21,sh.600905,5.5600,5.6000,5.4300,5.4300,5.6100,192897893,1061948406.7300,3,2.250600,1,-3.208600,27.584622,10.026565,9.808808,2.313884,0
2022-04-22,sh.600905,5.3800,5.6000,5.3600,5.5600,5.4300,221469794,1220424940.2900,3,2.583900,1,2.394100,28.245027,10.266612,10.043642,2.369281,0
2022-04-25,sh.600905,5.5000,5.6100,5.3700,5.3800,5.5600,224057428,1230585965.1500,3,2.614100,1,-3.237400,27.330620,9.934239,9.718488,2.292577,0
2022-04-26,sh.600905,5.4100,5.4700,5.2000,5.2400,5.3800,215256559,1141440572.5400,3,2.511500,1,-2.602200,26.619414,9.675728,9.465591,2.232919,0
2022-04-27,sh.600905,5.2100,5.4000,5.1000,5.4000,5.2400,241161665,1267644664.3500,3,2.813700,1,3.053400,27.432220,9.971170,9.754616,2.301100,0
2022-04-28,sh.600905,5.5300,5.7000,5.4200,5.5700,5.4000,379954448,2119389143.7100,3,4.433000,1,3.148100,24.131046,9.130287,13.989397,2.242248,0
2022-04-29,sh.600905,5.5900,5.8500,5.5400,5.8200,5.5700,373904384,2139902639.2000,3,4.362400,1,4.488300,25.214127,9.540085,14.617287,2.342887,0
2022-05-05,sh.600905,5.7900,5.8900,5.7600,5.8100,5.8200,240198137,1401010446.0200,3,2.802500,1,-0.171800,25.170804,9.523693,14.592172,2.338862,0
2022-05-06,sh.600905,5.6800,5.7300,5.6300,5.6900,5.8100,198726264,1129394473.5800,3,2.318600,1,-2.065400,24.650925,9.326990,14.290784,2.290555,0
2022-05-09,sh.600905,5.6500,5.7500,5.6400,5.7000,5.6900,111927110,638657585.3100,3,1.305900,1,0.175700,24.694248,9.343382,14.315900,2.294581,0
2022-05-10,sh.600905,5.6400,5.8900,5.6000,5.8800,5.7000,229826095,1332221225.2800,3,2.681400,1,3.157900,25.474067,9.638436,14.767981,2.367041,0
2022-05-11,sh.600905,5.8800,6.0700,5.8600,5.9500,5.8800,305019904,1826341351.5600,3,3.558700,1,1.190500,25.777329,9.753179,14.943790,2.395220,0
2022-05-12,sh.600905,5.9900,6.0400,5.8500,5.9000,5.9500,191734550,1138944031.8500,3,2.237000,1,-0.840300,25.560713,9.671220,14.818212,2.375092,0
2022-05-13,sh.600905,5.9100,5.9500,5.8600,5.9000,5.9000,122701584,724169432.7600,3,1.431600,1,0.000000,25.560713,9.671220,14.818212,2.375092,0
2022-05-16,sh.600905,5.9100,5.9800,5.8400,5.9600,5.9000,167334845,992041237.7300,3,1.952300,1,1.016900,25.820652,9.769571,14.968906,2.399246,0
2022-05-17,sh.600905,5.9500,5.9500,5.8800,5.9100,5.9600,114908367,678168179.2500,3,1.340700,1,-0.838900,25.604036,9.687612,14.843328,2.379118,0
2022-05-18,sh.600905,5.9100,6.0400,5.8700,5.9800,5.9100,182584813,1090172600.5000,3,2.130300,1,1.184400,25.907299,9.802355,15.019137,2.407297,0
2022-05-19,sh.600905,5.9100,6.1600,5.8600,6.1400,5.9800,312087456,1884377976.9100,3,3.641200,1,2.675600,26.600471,10.064626,15.420987,2.471706,0
2022-05-20,sh.600905,6.1400,6.2800,6.1100,6.1800,6.1400,241632468,1499690031.0400,3,2.819200,1,0.651500,26.773764,10.130193,15.521449,2.487808,0
2022-05-23,sh.600905,6.1700,6.2100,6.0800,6.1100,6.1800,166869205,1022168598.0700,3,1.946900,1,-1.132700,26.470501,10.015450,15.345640,2.459629,0
2022-05-24,sh.600905,6.1300,6.1600,5.9000,5.9200,6.1100,194025624,1169756513.6400,3,2.263700,1,-3.109700,25.646965,9.703855,14.868215,2.383107,0
2022-05-25,sh.600905,5.9000,6.1300,5.8700,6.1200,5.9200,206595916,1245405612.6200,3,2.410400,1,3.378400,26.513417,10.031688,15.370519,2.463617,0
2022-05-26,sh.600905,6.1500,6.2400,6.1100,6.1900,6.1200,215754098,1333742027.1300,3,2.517300,1,1.143800,26.816675,10.146429,15.546326,2.491796,0
2022-05-27,sh.600905,6.1900,6.2100,6.0800,6.1300,6.1900,137614463,845294212.5200,3,1.605600,1,-0.969300,26.556739,10.048079,15.395635,2.467643,0
2022-05-30,sh.600905,6.1800,6.1900,6.0700,6.1100,6.1300,156242183,954715117.8200,3,1.822900,1,-0.326300,26.470094,10.015296,15.345404,2.459592,0
2022-05-31,sh.600905,6.1700,6.2600,6.1500,6.2100,6.1100,201040651,1246570800.1300,3,2.345600,1,1.636700,26.903320,10.179212,15.596556,2.499847,0
2022-06-01,sh.600905,6.1800,6.1900,6.1000,6.1600,6.2100,150296855,923831823.4200,3,1.753600,1,-0.805200,26.686707,10.097254,15.470980,2.479719,0
2022-06-02,sh.600905,6.1600,6.2600,6.1200,6.2100,6.1600,176224176,1094424045.4500,3,2.056100,1,0.811700,26.903320,10.179212,15.596556,2.499847,0
2022-06-06,sh.600905,6.2000,6.3200,6.1600,6.3100,6.2100,223370165,1398618507.9400,3,2.606100,1,1.610300,27.336546,10.343129,15.847709,2.540102,0
2022-06-07,sh.600905,6.2800,6.4200,6.2300,6.2700,6.3100,217617325,1373045164.1000,3,2.539000,1,-0.633900,27.163255,10.277562,15.747248,2.524000,0
2022-06-08,sh.600905,6.2600,6.3200,6.2100,6.2900,6.2700,181396321,1137941554.7700,3,2.116400,1,0.319000,27.249901,10.310345,15.797478,2.532051,0
2022-06-09,sh.600905,6.2900,6.3300,6.2400,6.2600,6.2900,173512415,1091787008.1600,3,2.024400,1,-0.476900,27.119933,10.261171,15.722133,2.519974,0
2022-06-10,sh.600905,6.2100,6.3800,6.1800,6.3600,6.2600,280951824,1777376556.8600,3,3.277900,1,1.597400,27.553159,10.425087,15.973285,2.560229,0
2022-06-13,sh.600905,6.3000,6.3200,6.2000,6.2700,6.3600,242390716,1515378610.2000,3,2.828000,1,-1.415100,27.163255,10.277562,15.747248,2.524000,0
2022-06-14,sh.600905,6.2000,6.3500,6.1000,6.3400,6.2700,294517328,1833145829.7900,3,3.436200,1,1.116400,27.466513,10.392304,15.923054,2.552178,0
2022-06-15,sh.600905,6.3000,6.4300,6.2700,6.3200,6.3400,240140403,1522981114.2800,3,2.801800,1,-0.315500,27.379868,10.359520,15.872824,2.544127,0
2022-06-16,sh.600905,6.2900,6.3500,6.2500,6.2500,6.3200,161092051,1014442261.9900,3,1.879500,1,-1.107600,27.076610,10.244779,15.697017,2.515949,0
2022-06-17,sh.600905,6.2100,6.2900,6.1900,6.2500,6.2500,163082176,1018117819.7000,3,1.902700,1,0.000000,27.076610,10.244779,15.697017,2.515949,0
2022-06-20,sh.600905,6.2700,6.3900,6.2600,6.3600,6.2500,251944631,1597643217.5500,3,2.939500,1,1.760000,27.553159,10.425087,15.973285,2.560229,0
2022-06-21,sh.600905,6.4300,6.4600,6.3200,6.3900,6.3600,193708823,1238212796.7000,3,2.260000,1,0.471700,27.683126,10.474262,16.048630,2.572306,0
2022-06-22,sh.600905,6.3800,6.4000,6.2600,6.2800,6.3900,137960939,873933447.7500,3,1.609600,1,-1.721400,27.206578,10.293954,15.772363,2.528025,0
2022-06-23,sh.600905,6.2800,6.3200,6.2200,6.3200,6.2800,152442941,956589860.0600,3,1.778600,1,0.636900,27.379868,10.359520,15.872824,2.544127,0
2022-06-24,sh.600905,6.3200,6.3500,6.2200,6.2700,6.3200,230326155,1445381857.6100,3,2.687300,1,-0.791100,27.163255,10.277562,15.747248,2.524000,0
2022-06-27,sh.600905,6.2800,6.3000,6.1100,6.1400,6.2700,447224320,2749819544.0400,3,5.217900,1,-2.073400,26.600062,10.064471,15.420750,2.471668,0
2022-06-28,sh.600905,6.1400,6.5200,6.1100,6.4600,6.1400,523637312,3318419092.8800,3,6.109400,1,5.211700,27.986384,10.589003,16.224437,2.600485,0
2022-06-29,sh.600905,6.4600,6.4600,6.3100,6.3400,6.4600,265708328,1691979027.2000,3,3.100100,1,-1.857600,27.466513,10.392304,15.923054,2.552178,0
2022-06-30,sh.600905,6.3300,6.3700,6.2500,6.2900,6.3400,184085254,1162147419.2800,3,2.147800,1,-0.788600,27.249901,10.310345,15.797478,2.532051,0
2022-07-01,sh.600905,6.3000,6.4400,6.2900,6.3300,6.2900,238030718,1516836244.4100,3,2.777200,1,0.635900,27.423191,10.375912,15.897939,2.548153,0
2022-07-04,sh.600905,6.3000,6.4700,6.2900,6.4400,6.3300,284224736,1823038733.7100,3,3.316100,1,1.737800,27.899739,10.556220,16.174207,2.592434,0
2022-07-05,sh.600905,6.5000,6.5100,6.3700,6.4400,6.4400,225022045,1446252512.3800,3,2.625400,1,0.000000,27.899739,10.556220,16.174207,2.592434,0
2022-07-06,sh.600905,6.4300,6.5200,6.3700,6.4600,6.4400,241252857,1554149156.4400,3,2.814800,1,0.310600,27.986384,10.589003,16.224437,2.600485,0
2022-07-07,sh.600905,6.4600,6.4800,6.3600,6.3900,6.4600,235144341,1505677549.5700,3,2.743500,1,-1.083600,27.683126,10.474262,16.048630,2.572306,0
2022-07-08,sh.600905,6.4100,6.4400,6.3400,6.3900,6.3900,225332380,1437315991.1100,3,2.629000,1,0.000000,27.683126,10.474262,16.048630,2.572306,0
2022-07-11,sh.600905,6.3900,6.7300,6.3700,6.6100,6.3900,555564342,3654320234.2100,3,6.481900,1,3.442900,28.636223,10.834878,16.601165,2.660867,0
2022-07-12,sh.600905,6.5600,6.7100,6.5300,6.6000,6.6100,309722703,2056412991.0300,3,3.613600,1,-0.151300,28.592900,10.818487,16.576050,2.656842,0
2022-07-13,sh.600905,6.6000,6.8500,6.5800,6.8200,6.6000,365250088,2480144097.8300,3,4.261500,1,3.333300,29.545997,11.179103,17.128585,2.745403,0
2022-07-14,sh.600905,6.8200,6.8200,6.5000,6.5800,6.8200,457170017,3032128338.9200,3,5.333900,1,-3.519100,28.506255,10.785703,16.525820,2.648791,0
2022-07-15,sh.600905,6.5300,6.5700,6.4000,6.4100,6.5800,320961321,2076028906.0700,3,3.744700,1,-2.583600,27.769771,10.507045,16.098861,2.580357,0
2022-07-18,sh.600905,6.4500,6.6200,6.4200,6.6100,6.4100,254691940,1664777455.3300,3,2.971600,1,3.120100,28.636223,10.834878,16.601165,2.660867,0
2022-07-19,sh.600905,6.5900,6.5900,6.4200,6.4900,6.6100,233143858,1511372810.7400,3,2.720100,1,-1.815400,28.116352,10.638178,16.299783,2.612561,0
2022-07-20,sh.600905,6.5100,6.5400,6.4500,6.5000,6.4900,145654009,946048228.3300,3,1.699400,1,0.154100,28.159675,10.654570,16.324898,2.616587,0
2022-07-21,sh.600905,6.4800,6.4800,6.3500,6.3600,6.5000,210719181,1347338795.3900,3,2.458500,1,-2.153800,27.553159,10.425087,15.973285,2.560229,0
2022-07-22,sh.600905,6.3600,6.4100,6.2400,6.3000,6.3600,208375853,1314197574.3600,3,2.431200,1,-0.943400,27.293223,10.326737,15.822593,2.536076,0
2022-07-25,sh.600905,6.3000,6.3100,6.2200,6.2500,6.3000,132317513,825610842.0000,3,1.543800,1,-0.793700,27.076610,10.244779,15.697017,2.515949,0
2022-07-26,sh.600905,6.2500,6.2700,6.2000,6.2700,6.2500,114407818,714488035.9300,3,1.334800,1,0.320000,27.163255,10.277562,15.747248,2.524000,0
2022-07-27,sh.600905,6.2500,6.2600,6.2100,6.2100,6.2700,137212799,854535110.1900,3,1.600900,1,-0.956900,26.903320,10.179212,15.596556,2.499847,0
2022-07-28,sh.600905,6.2400,6.3100,6.2300,6.2500,6.2100,134521282,842911111.3500,3,1.569500,1,0.644100,27.076610,10.244779,15.697017,2.515949,0
2022-07-29,sh.600905,6.2500,6.3800,6.2500,6.2800,6.2500,174892634,1104552069.1600,3,2.040500,1,0.480000,27.206578,10.293954,15.772363,2.528025,0
2022-08-01,sh.600905,6.2700,6.2800,6.1200,6.1900,6.2800,175514886,1081843524.2000,3,2.047800,1,-1.433100,26.816675,10.146429,15.546326,2.491796,0
2022-08-02,sh.600905,6.1400,6.1400,5.8700,6.0300,6.1900,291599793,1742599013.4900,3,3.402200,1,-2.584800,26.123514,9.884163,15.144482,2.427387,0
2022-08-03,sh.600905,5.9600,6.0800,5.9300,5.9400,6.0300,191351194,1145229075.1300,3,2.232500,1,-1.492500,25.733610,9.736638,14.918445,2.391158,0
2022-08-04,sh.600905,5.9500,6.0300,5.9400,6.0100,5.9400,134795625,805967647.0000,3,1.572700,1,1.178500,26.036868,9.851379,15.094252,2.419336,0
2022-08-05,sh.600905,6.0400,6.0400,5.9100,6.0000,6.0100,141819890,844382161.0000,3,1.654600,1,-0.166400,25.993546,9.834988,15.069137,2.415311,0
2022-08-08,sh.600905,5.9600,6.0400,5.9300,5.9900,6.0000,116541052,698338717.0000,3,1.359700,1,-0.166700,25.950223,9.818596,15.044021,2.411285,0
2022-08-09,sh.600905,6.0000,6.0000,5.9300,5.9500,5.9900,128572671,765343580.0000,3,1.500100,1,-0.667800,25.776933,9.753030,14.943560,2.395183,0
2022-08-10,sh.600905,5.9400,5.9700,5.8700,5.8800,5.9500,144576221,852575754.0000,3,1.686800,1,-1.176500,25.473675,9.638288,14.767754,2.367005,0
2022-08-11,sh.600905,5.9000,5.9600,5.8800,5.9600,5.8800,131813029,781951590.0000,3,1.537900,1,1.360500,25.820256,9.769421,14.968676,2.399209,0
2022-08-12,sh.600905,5.9400,6.0500,5.9300,6.0300,5.9600,165751987,997452865.0000,3,1.933900,1,1.174500,26.123514,9.884163,15.144482,2.427387,0
2022-08-15,sh.600905,6.0200,6.0600,5.9800,6.0600,6.0300,148988768,898259728.5000,3,1.738300,1,0.497500,26.253481,9.933338,15.219828,2.439464,0
2022-08-16,sh.600905,6.0600,6.1400,6.0400,6.1000,6.0400,182132359,1110280656.7700,3,2.125000,1,0.993400,26.426772,9.998904,15.320289,2.455566,0
2022-08-17,sh.600905,6.1400,6.3600,6.1400,6.2900,6.1000,319754265,2008875859.5200,3,3.730700,1,3.114800,27.249901,10.310345,15.797478,2.532051,0
2022-08-18,sh.600905,6.3100,6.3200,6.1800,6.2100,6.2900,179675635,1122105581.4000,3,2.096300,1,-1.271900,26.903320,10.179212,15.596556,2.499847,0
2022-08-19,sh.600905,6.2000,6.4700,6.1300,6.3800,6.2100,399950961,2532216058.1400,3,4.666300,1,2.737500,27.639804,10.457870,16.023515,2.568280,0
2022-08-22,sh.600905,6.3900,6.4700,6.3500,6.3800,6.3800,276244464,1765178963.6400,3,3.223000,1,0.000000,27.639804,10.457870,16.023515,2.568280,0
2022-08-23,sh.600905,6.3500,6.4300,6.3200,6.3600,6.3800,142697161,908437717.6300,3,1.664900,1,-0.313500,27.553159,10.425087,15.973285,2.560229,0
2022-08-24,sh.600905,6.3600,6.3900,6.2600,6.2700,6.3600,174581145,1102452751.5700,3,2.036900,1,-1.415100,27.163255,10.277562,15.747248,2.524000,0
2022-08-25,sh.600905,6.3100,6.3900,6.2300,6.3400,6.2700,144438585,911973577.6500,3,1.685200,1,1.116400,27.466513,10.392304,15.923054,2.552178,0
2022-08-26,sh.600905,6.3600,6.3900,6.2800,6.2800,6.3400,113631706,718806343.0300,3,1.325800,1,-0.946400,27.206578,10.293954,15.772363,2.528025,0
2022-08-29,sh.600905,6.2300,6.3100,6.2100,6.2900,6.2800,90860658,569782411.7400,3,1.060100,1,0.159200,27.249901,10.310345,15.797478,2.532051,0
2022-08-30,sh.600905,6.2800,6.3500,6.1600,6.2100,6.2900,124444895,774343129.0600,3,1.451900,1,-1.271900,26.903320,10.179212,15.596556,2.499847,0
2022-08-31,sh.600905,6.1900,6.2100,6.0700,6.1000,6.2100,151449755,926971103.0700,3,1.767000,1,-1.771300,24.967300,9.060790,-32.657404,2.336879,0
2022-09-01,sh.600905,6.0800,6.1200,6.0000,6.0000,6.1000,130760806,790142532.1500,3,1.525600,1,-1.639300,24.558000,8.912252,-32.122037,2.298570,0
2022-09-02,sh.600905,6.0200,6.1400,6.0000,6.0200,6.0000,134708400,816179918.4300,3,1.571700,1,0.333300,24.639860,8.941960,-32.229111,2.306232,0
2022-09-05,sh.600905,6.0200,6.0700,5.9800,6.0700,6.0200,112733347,680189306.7700,3,1.315300,1,0.830600,24.844510,9.016229,-32.496794,2.325386,0
2022-09-06,sh.600905,6.0700,6.1200,6.0300,6.1200,6.0700,118042717,717327777.7500,3,1.377200,1,0.823700,25.049160,9.090497,-32.764478,2.344541,0
2022-09-07,sh.600905,6.0800,6.1500,6.0600,6.1300,6.1200,138530266,845344934.2300,3,1.616300,1,0.163400,25.090090,9.105351,-32.818015,2.348372,0
2022-09-08,sh.600905,6.1400,6.2000,6.0600,6.0700,6.1300,152420234,933344460.7500,3,1.778300,1,-0.978800,24.844510,9.016229,-32.496794,2.325386,0
2022-09-09,sh.600905,6.0700,6.1100,6.0400,6.0800,6.0700,102007777,619688810.0200,3,1.190200,1,0.164700,24.885440,9.031082,-32.550331,2.329217,0
2022-09-13,sh.600905,6.0800,6.1000,6.0200,6.0200,6.0800,116298875,702549153.9800,3,1.356900,1,-0.986800,24.639860,8.941960,-32.229111,2.306232,0
2022-09-14,sh.600905,5.9700,5.9800,5.9200,5.9400,6.0200,132699782,788888752.5400,3,1.548200,1,-1.328900,24.312420,8.823130,-31.800817,2.275584,0
2022-09-15,sh.600905,5.9600,5.9700,5.8300,5.8700,5.9400,148551691,874308113.3100,3,1.733200,1,-1.178500,24.025910,8.719153,-31.426060,2.248767,0
2022-09-16,sh.600905,5.8500,5.8600,5.6800,5.6800,5.8700,161201891,928616033.7000,3,1.880800,1,-3.236800,23.248240,8.436932,-30.408862,2.175979,0
2022-09-19,sh.600905,5.6800,5.7200,5.6100,5.6400,5.6800,91786897,519380277.9900,3,1.070900,1,-0.704200,23.084520,8.377517,-30.194715,2.160656,0
2022-09-20,sh.600905,5.6700,5.7000,5.6400,5.6900,5.6400,77623558,440448827.5600,3,0.905700,1,0.886500,23.289170,8.451786,-30.462399,2.179810,0
2022-09-21,sh.600905,5.6700,5.7200,5.6200,5.6900,5.6900,79854587,453094966.5500,3,0.931700,1,0.000000,23.289170,8.451786,-30.462399,2.179810,0
2022-09-22,sh.600905,5.6600,5.7100,5.6400,5.6900,5.6900,64147178,364543474.6900,3,0.748400,1,0.000000,23.289170,8.451786,-30.462399,2.179810,0
2022-09-23,sh.600905,5.6800,5.7300,5.6100,5.6200,5.6900,85388471,482393953.1500,3,0.996200,1,-1.230200,23.002660,8.347810,-30.087641,2.152994,0
2022-09-26,sh.600905,5.5800,5.6300,5.4400,5.4500,5.6200,117284496,648621787.7000,3,1.368400,1,-3.024900,22.306850,8.095296,-29.177517,2.087868,0
2022-09-27,sh.600905,5.4600,5.6400,5.4600,5.6400,5.4500,124764625,695311198.1900,3,1.455700,1,3.486200,23.084520,8.377517,-30.194715,2.160656,0
2022-09-28,sh.600905,5.6200,5.6500,5.5400,5.5500,5.6400,81388860,453961052.1300,3,0.949600,1,-1.595700,22.716150,8.243833,-29.712884,2.126177,0
2022-09-29,sh.600905,5.6000,5.6300,5.5000,5.5400,5.5500,77630899,432112536.5200,3,0.905700,1,-0.180200,22.675220,8.228980,-29.659348,2.122346,0
2022-09-30,sh.600905,5.5600,5.6600,5.5200,5.6300,5.5400,119620431,671910130.5900,3,1.395600,1,1.624500,23.043590,8.362663,-30.141178,2.156825,0
2022-10-10,sh.600905,5.6300,5.7300,5.6100,5.6300,5.6300,104260817,590397159.4400,3,1.216400,1,0.000000,23.043590,8.362663,-30.141178,2.156825,0
2022-10-11,sh.600905,5.6200,5.7500,5.6100,5.7300,5.6300,119030795,679408742.2700,3,1.388800,1,1.776200,23.452890,8.511201,-30.676545,2.195134,0
2022-10-12,sh.600905,5.7400,5.8200,5.6600,5.8000,5.7300,97037526,557025676.7200,3,1.132200,1,1.221600,23.739400,8.615177,-31.051303,2.221951,0
2022-10-13,sh.600905,5.7800,5.8300,5.7600,5.7900,5.8000,81409862,471589723.5800,3,0.949800,1,-0.172400,23.698470,8.600323,-30.997766,2.218120,0
2022-10-14,sh.600905,5.8000,5.8800,5.7900,5.8400,5.7900,118614691,691974776.0100,3,1.383900,1,0.863600,23.903120,8.674592,-31.265449,2.237275,0
2022-10-17,sh.600905,5.8400,5.9800,5.8100,5.9600,5.8400,156278182,926607481.5600,3,1.823300,1,2.054800,24.394280,8.852837,-31.907890,2.283246,0
2022-10-18,sh.600905,5.9800,5.9900,5.9000,5.9300,5.9600,84166561,499922398.4200,3,0.982000,1,-0.503400,21.719302,7.806038,-31.747280,2.271753,0
2022-10-19,sh.600905,5.9100,5.9700,5.8800,5.9000,5.9300,73455131,435899635.8100,3,0.857000,1,-0.505900,21.609423,7.766547,-31.586670,2.260260,0
2022-10-20,sh.600905,5.8800,5.9700,5.8500,5.9400,5.9000,95003542,562792846.8000,3,1.108400,1,0.678000,21.755928,7.819201,-31.800817,2.275584,0
2022-10-21,sh.600905,5.9500,6.0500,5.9500,6.0000,5.9400,192559279,1154981910.1200,3,2.246600,1,1.010100,21.975685,7.898183,-32.122037,2.298570,0
2022-10-24,sh.600905,6.0000,6.0200,5.8500,5.8800,6.0000,139056841,827701584.6100,3,1.622400,1,-2.000000,21.536171,7.740220,-31.479596,2.252598,0
2022-10-25,sh.600905,5.8800,5.9300,5.8400,5.8800,5.8800,108192448,637254218.4900,3,1.262300,1,0.000000,21.536171,7.740220,-31.479596,2.252598,0
2022-10-26,sh.600905,5.8800,5.9800,5.8800,5.9600,5.8800,91589386,544359063.0200,3,1.068600,1,1.360500,21.829180,7.845529,-31.907890,2.283246,0
2022-10-27,sh.600905,5.9400,5.9700,5.8000,5.8200,5.9600,127766960,750218136.9900,3,1.490700,1,-2.349000,21.316414,7.661238,-31.158376,2.229613,0
2022-10-28,sh.600905,5.8000,5.8200,5.6300,5.6500,5.8200,117236959,668130430.0200,3,1.367800,1,-2.921000,20.693770,7.437456,-30.248252,2.164487,0
2022-10-31,sh.600905,5.6100,5.6500,5.5600,5.5700,5.6500,92415673,517230778.0400,3,1.078200,1,-1.415900,21.858616,7.537235,-28.464388,2.102691,0
2022-11-01,sh.600905,5.5900,5.7100,5.5900,5.7000,5.5700,105773942,599128573.3900,3,1.234100,1,2.333900,22.368781,7.713149,-29.128728,2.151766,0
2022-11-02,sh.600905,5.6800,5.7200,5.6500,5.7000,5.7000,100460279,570516039.8400,3,1.172100,1,0.000000,22.368781,7.713149,-29.128728,2.151766,0
2022-11-03,sh.600905,5.6700,5.6900,5.5900,5.6300,5.7000,95217403,536779712.9500,3,1.110900,1,-1.228100,22.094077,7.618426,-28.771006,2.125341,0
2022-11-04,sh.600905,5.6200,5.7400,5.6100,5.7100,5.6300,140809745,802399866.0200,3,1.642900,1,1.421000,22.408025,7.726680,-29.179831,2.155541,0
2022-11-07,sh.600905,5.7300,5.7300,5.6700,5.7000,5.7100,116577985,664460806.8500,3,1.360100,1,-0.175100,22.368781,7.713149,-29.128728,2.151766,0
2022-11-08,sh.600905,5.7000,5.7100,5.6500,5.6900,5.7000,71055117,403215347.4900,3,0.829000,1,-0.175400,22.329538,7.699617,-29.077625,2.147991,0
2022-11-09,sh.600905,5.6800,5.7100,5.6600,5.6700,5.6900,66770362,379402172.7200,3,0.779000,1,-0.351500,22.251051,7.672553,-28.975419,2.140441,0
2022-11-10,sh.600905,5.6500,5.6600,5.6200,5.6300,5.6700,73753864,415445523.4200,3,0.860500,1,-0.705500,22.094077,7.618426,-28.771006,2.125341,0
2022-11-11,sh.600905,5.7000,5.7200,5.6500,5.6800,5.6300,123336028,700499755.2800,3,1.439000,1,0.888100,22.290294,7.686085,-29.026522,2.144216,0
2022-11-14,sh.600905,5.6800,5.7100,5.6400,5.6600,5.6800,115672434,656362825.4900,3,1.349600,1,-0.352100,22.211807,7.659021,-28.924316,2.136666,0
2022-11-15,sh.600905,5.6700,5.7100,5.6400,5.7100,5.6600,133918543,760123279.7400,3,1.562500,1,0.883400,22.408025,7.726680,-29.179831,2.155541,0
2022-11-16,sh.600905,5.7400,5.7900,5.7200,5.7400,5.7100,141661531,816022504.2700,3,1.652800,1,0.525400,22.525755,7.767276,-29.333140,2.166866,0
2022-11-17,sh.600905,5.7400,5.7500,5.6600,5.7100,5.7400,80257238,456916664.8400,3,0.936400,1,-0.522600,22.408025,7.726680,-29.179831,2.155541,0
2022-11-18,sh.600905,5.6900,5.7100,5.6600,5.6700,5.7100,74653763,423698567.6100,3,0.871000,1,-0.700500,22.251051,7.672553,-28.975419,2.140441,0
2022-11-21,sh.600905,5.6500,5.6500,5.6100,5.6300,5.6700,76705183,431493528.5800,3,0.894900,1,-0.705500,22.094077,7.618426,-28.771006,2.125341,0
2022-11-22,sh.600905,5.6300,5.7000,5.6100,5.6500,5.6300,92598805,523142527.2600,3,1.080400,1,0.355200,22.172564,7.645489,-28.873213,2.132891,0
2022-11-23,sh.600905,5.6400,5.6800,5.6200,5.6700,5.6500,103924769,587784615.7200,3,1.212500,1,0.354000,22.251051,7.672553,-28.975419,2.140441,0
2022-11-24,sh.600905,5.6900,5.7200,5.6500,5.6700,5.6700,91581874,520683957.3700,3,1.068500,1,0.000000,22.251051,7.672553,-28.975419,2.140441,0
2022-11-25,sh.600905,5.6600,5.7100,5.6500,5.7000,5.6700,86050737,489375226.3900,3,1.004000,1,0.529100,22.368781,7.713149,-29.128728,2.151766,0
2022-11-28,sh.600905,5.6700,5.6900,5.6000,5.6800,5.7000,83977706,474035319.7100,3,0.979800,1,-0.350900,22.289531,7.685822,-29.025528,2.144142,0
2022-11-29,sh.600905,5.6600,5.7100,5.6600,5.7000,5.6800,135996705,773568509.2400,3,1.586700,1,0.352100,22.368015,7.712885,-29.127730,2.151692,0
2022-11-30,sh.600905,5.7000,5.8100,5.6900,5.8000,5.7000,199535929,1151994357.4400,3,2.328000,1,1.754400,22.760437,7.848198,-29.638743,2.189441,0
2022-12-01,sh.600905,5.8200,5.8400,5.7500,5.7600,5.8000,132406519,764671497.8200,3,1.544800,1,-0.689700,22.603468,7.794073,-29.434338,2.174342,0
2022-12-02,sh.600905,5.8000,5.8400,5.7600,5.7800,5.7600,117469337,680693219.6700,3,1.370500,1,0.347200,22.681952,7.821136,-29.536541,2.181891,0
2022-12-05,sh.600905,5.7900,5.8300,5.7600,5.8200,5.7800,147785638,856737185.8900,3,1.724300,1,0.692000,22.838921,7.875261,-29.740946,2.196991,0
2022-12-06,sh.600905,5.8000,5.8100,5.7500,5.7600,5.8200,109698156,633386926.6400,3,1.279900,1,-1.030900,22.603468,7.794073,-29.434338,2.174342,0
2022-12-07,sh.600905,5.7500,5.7600,5.6800,5.6900,5.7600,123194482,703508758.1100,3,1.437300,1,-1.215300,22.328773,7.699353,-29.076629,2.147917,0
2022-12-08,sh.600905,5.6700,5.6900,5.6400,5.6600,5.6900,97597532,552419158.0500,3,1.138700,1,-0.527200,22.211047,7.658759,-28.923325,2.136593,0
2022-12-09,sh.600905,5.6400,5.6900,5.6400,5.6800,5.6600,70731728,400811608.0000,3,0.825200,1,0.353400,22.289531,7.685822,-29.025528,2.144142,0
2022-12-12,sh.600905,5.6500,5.6700,5.6100,5.6300,5.6800,82950896,467099623.2400,3,0.967800,1,-0.880300,22.093321,7.618165,-28.770021,2.125268,0
2022-12-13,sh.600905,5.6200,5.6400,5.6100,5.6300,5.6300,56038745,315346451.0800,3,0.653800,1,0.000000,22.093321,7.618165,-28.770021,2.125268,0
2022-12-14,sh.600905,5.6300,5.6300,5.5800,5.5900,5.6300,77480764,433556038.2000,3,0.904000,1,-0.710500,21.936352,7.564039,-28.565616,2.110168,0
2022-12-15,sh.600905,5.5900,5.6000,5.5500,5.5600,5.5900,62786990,349186865.2000,3,0.732600,1,-0.536700,21.818626,7.523445,-28.412312,2.098844,0
2022-12-16,sh.600905,5.5500,5.6400,5.5400,5.6400,5.5600,91619699,511499008.9400,3,1.068900,1,1.438800,22.132563,7.631696,-28.821123,2.129043,0
2022-12-19,sh.600905,5.6100,5.6300,5.5500,5.5900,5.6400,92603567,516946336.7400,3,1.080400,1,-0.886500,21.936352,7.564039,-28.565616,2.110168,0
2022-12-20,sh.600905,5.5700,5.5800,5.5500,5.5600,5.5900,48543130,269819610.9400,3,0.566400,1,-0.536700,21.818626,7.523445,-28.412312,2.098844,0
2022-12-21,sh.600905,5.5600,5.5700,5.5100,5.5100,5.5600,54690672,302677134.9600,3,0.638100,1,-0.899300,21.622415,7.455788,-28.156806,2.079969,0
2022-12-22,sh.600905,5.5400,5.5400,5.4500,5.4700,5.5100,60310704,331261817.2700,3,0.703700,1,-0.726000,21.465446,7.401663,-27.952401,2.064870,0
2022-12-23,sh.600905,5.4600,5.5000,5.4400,5.4800,5.4700,43760652,239742260.5200,3,0.510600,1,0.182800,21.504689,7.415194,-28.003502,2.068644,0
2022-12-26,sh.600905,5.4900,5.5300,5.4800,5.5100,5.4800,42272799,232827098.3700,3,0.493200,1,0.547400,21.622415,7.455788,-28.156806,2.079969,0
2022-12-27,sh.600905,5.5200,5.5400,5.5100,5.5300,5.5100,33408491,184602069.0600,3,0.389800,1,0.363000,21.700899,7.482851,-28.259008,2.087519,0
2022-12-28,sh.600905,5.5200,5.7500,5.5000,5.6900,5.5300,242784283,1378441955.4300,3,2.832600,1,2.893300,22.328773,7.699353,-29.076629,2.147917,0
2022-12-29,sh.600905,5.6700,5.7300,5.6400,5.7000,5.6900,111131558,632477545.3300,3,1.296600,1,0.175700,22.368015,7.712885,-29.127730,2.151692,0
2022-12-30,sh.600905,5.7100,5.7200,5.6200,5.6500,5.7000,96740394,547343489.6000,3,1.128700,1,-0.877200,22.171805,7.645228,-28.872224,2.132818,0
2023-01-03,sh.600905,5.6500,5.8700,5.6400,5.8400,5.6500,242552142,1401521695.1800,3,2.829900,1,3.362800,22.917405,7.902324,-29.843148,2.204541,0
2023-01-04,sh.600905,5.8200,5.8500,5.7800,5.8200,5.8400,93887154,545808255.3000,3,1.095400,1,-0.342500,22.838921,7.875261,-29.740946,2.196991,0
2023-01-05,sh.600905,5.8300,5.8900,5.8000,5.8300,5.8200,142936246,835743909.9500,3,1.667700,1,0.171800,22.878163,7.888792,-29.792047,2.200766,0
2023-01-06,sh.600905,5.8400,6.0000,5.8300,5.9700,5.8300,237309252,1414390600.3500,3,2.768700,1,2.401400,23.427553,8.078232,-30.507465,2.253614,0
2023-01-09,sh.600905,5.9700,6.0100,5.9000,5.9100,5.9700,155841900,927078762.7300,3,1.818200,1,-1.005000,23.192100,7.997043,-30.200857,2.230965,0
2023-01-10,sh.600905,5.9000,5.9500,5.8600,5.8700,5.9100,93085930,548860246.9000,3,1.086100,1,-0.676800,23.035132,7.942918,-29.996452,2.215865,0
2023-01-11,sh.600905,5.8800,5.9200,5.8000,5.8200,5.8700,98657549,577324586.1200,3,1.151100,1,-0.851800,22.838921,7.875261,-29.740946,2.196991,0
2023-01-12,sh.600905,5.8200,5.9200,5.8100,5.8600,5.8200,73695567,433076410.2600,3,0.859800,1,0.687300,22.995890,7.929387,-29.945351,2.212091,0
2023-01-13,sh.600905,5.8800,5.8900,5.8000,5.8400,5.8600,76534789,446275563.6300,3,0.893000,1,-0.341300,22.917405,7.902324,-29.843148,2.204541,0
2023-01-16,sh.600905,5.8400,5.8900,5.8100,5.8600,5.8400,106014222,620039035.3700,3,1.236900,1,0.342500,22.995890,7.929387,-29.945351,2.212091,0
2023-01-17,sh.600905,5.8500,5.8600,5.7800,5.8000,5.8600,75441227,438033288.5300,3,0.880200,1,-1.023900,22.760437,7.848198,-29.638743,2.189441,0
2023-01-18,sh.600905,5.8000,5.8200,5.7500,5.7800,5.8000,67670500,390719258.1500,3,0.789500,1,-0.344800,22.686461,7.822690,-29.542412,2.182325,0
2023-01-19,sh.600905,5.7600,5.7800,5.7100,5.7500,5.7800,110134503,631017036.9000,3,1.285000,1,-0.519000,22.568712,7.782088,-29.389078,2.170998,0
2023-01-20,sh.600905,5.7600,5.8000,5.7300,5.8000,5.7500,115632817,667140758.6000,3,1.349100,1,0.869600,22.764961,7.849758,-29.644635,2.189876,0
2023-01-30,sh.600905,5.8600,5.8800,5.7700,5.7900,5.8000,147256022,854094016.2900,3,1.718100,1,-0.172400,22.725711,7.836224,-29.593523,2.186101,0
2023-01-31,sh.600905,5.7800,5.7800,5.7200,5.7500,5.7900,139414220,800271604.8100,3,1.626600,1,-0.690800,22.568712,7.782088,-29.389078,2.170998,0
2023-02-01,sh.600905,5.7500,5.7900,5.7200,5.7900,5.7500,124565834,716824208.9300,3,1.453300,1,0.695700,22.725711,7.836224,-29.593523,2.186101,0
2023-02-02,sh.600905,5.7900,5.7900,5.7300,5.7400,5.7900,121484830,698119754.1700,3,1.417400,1,-0.863600,22.529462,7.768554,-29.337966,2.167223,0
2023-02-03,sh.600905,5.7300,5.7400,5.6600,5.6900,5.7400,120017055,683098851.8700,3,1.400300,1,-0.871100,22.333212,7.700884,-29.082409,2.148344,0
2023-02-06,sh.600905,5.6900,5.7600,5.6700,5.7200,5.6900,95869894,548693307.7900,3,1.118500,1,0.527200,22.450962,7.741486,-29.235743,2.159671,0
2023-02-07,sh.600905,5.7200,5.7300,5.6900,5.7000,5.7200,70600445,402770292.6200,3,0.823700,1,-0.349700,22.372462,7.714418,-29.133520,2.152120,0
2023-02-08,sh.600905,5.6900,5.7000,5.6300,5.6400,5.7000,155775687,880873769.2400,3,1.817500,1,-1.052600,22.742110,6.792017,-28.826852,2.129466,0
2023-02-09,sh.600905,5.6300,5.6700,5.6200,5.6600,5.6400,94073697,531335202.9600,3,1.097600,1,0.354600,22.822755,6.816102,-28.929075,2.137017,0
2023-02-10,sh.600905,5.6600,5.7200,5.6400,5.7100,5.6600,127406187,724386607.9300,3,1.486500,1,0.883400,23.024370,6.876315,-29.184632,2.155896,0
2023-02-13,sh.600905,5.7400,5.7500,5.6800,5.7000,5.7100,145787982,831011578.7300,3,1.700900,1,-0.175100,22.984047,6.864272,-29.133520,2.152120,0
2023-02-14,sh.600905,5.7100,5.7100,5.6400,5.6700,5.7000,151681567,858096698.8800,3,1.769700,1,-0.526300,22.863078,6.828144,-28.980186,2.140793,0
2023-02-15,sh.600905,5.6600,5.6700,5.6300,5.6400,5.6700,98476187,555037828.3100,3,1.148900,1,-0.529100,22.742110,6.792017,-28.826852,2.129466,0
2023-02-16,sh.600905,5.6400,5.6600,5.5300,5.6000,5.6400,183813019,1031749555.6600,3,2.144600,1,-0.709200,22.580818,6.743846,-28.622406,2.114363,0
2023-02-17,sh.600905,5.5800,5.6100,5.5500,5.5600,5.6000,92140331,513948885.2700,3,1.075000,1,-0.714300,22.419527,6.695676,-28.417960,2.099261,0
2023-02-20,sh.600905,5.5600,5.6200,5.5500,5.6200,5.5600,109294417,609750677.1300,3,1.275200,1,1.079100,22.661464,6.767932,-28.724629,2.121915,0
2023-02-21,sh.600905,5.6200,5.6400,5.6000,5.6200,5.6200,89615943,503549960.9700,3,1.045600,1,0.000000,22.661464,6.767932,-28.724629,2.121915,0
2023-02-22,sh.600905,5.6000,5.6400,5.5900,5.6200,5.6200,59241152,332887579.0300,3,0.691200,1,0.000000,22.661464,6.767932,-28.724629,2.121915,0
2023-02-23,sh.600905,5.6200,5.6400,5.6000,5.6100,5.6200,58107989,326071021.3900,3,0.678000,1,-0.177900,22.621141,6.755889,-28.673518,2.118139,0
2023-02-24,sh.600905,5.6100,5.6200,5.5600,5.5800,5.6100,63379132,354037523.6200,3,0.739500,1,-0.534800,22.500172,6.719761,-28.520183,2.106812,0
2023-02-27,sh.600905,5.5700,5.5800,5.5500,5.5700,5.5800,47943718,266847865.6900,3,0.559400,1,-0.179200,22.459849,6.707719,-28.469072,2.103036,0
2023-02-28,sh.600905,5.5700,5.6100,5.5600,5.5900,5.5700,71204880,397374871.0900,3,0.830800,1,0.359100,22.540495,6.731804,-28.571295,2.110588,0
2023-03-01,sh.600905,5.6000,5.6800,5.5800,5.6600,5.5900,131873347,744577060.9600,3,1.538600,1,1.252200,22.822755,6.816102,-28.929075,2.137017,0
2023-03-02,sh.600905,5.6500,5.6700,5.6300,5.6600,5.6600,89851974,508109883.8300,3,1.048300,1,0.000000,22.822755,6.816102,-28.929075,2.137017,0
2023-03-03,sh.600905,5.6600,5.7300,5.6600,5.7100,5.6600,137237911,781682124.9500,3,1.601200,1,0.883400,23.024370,6.876315,-29.184632,2.155896,0
2023-03-06,sh.600905,5.7200,5.7400,5.6700,5.6700,5.7100,88754482,504852074.0700,3,1.035500,1,-0.700500,22.863078,6.828144,-28.980186,2.140793,0
2023-03-07,sh.600905,5.6700,5.7000,5.6400,5.6400,5.6700,118604889,672893403.5100,3,1.383800,1,-0.529100,22.742110,6.792017,-28.826852,2.129466,0
2023-03-08,sh.600905,5.6300,5.6400,5.5800,5.6200,5.6400,80321452,450206586.2700,3,0.937100,1,-0.354600,22.661464,6.767932,-28.724629,2.121915,0
2023-03-09,sh.600905,5.6200,5.6200,5.5700,5.5800,5.6200,73425853,410265066.3000,3,0.856700,1,-0.711700,22.500172,6.719761,-28.520183,2.106812,0
2023-03-10,sh.600905,5.5600,5.5800,5.5500,5.5500,5.5800,83747436,465590946.3600,3,0.977100,1,-0.537600,22.379204,6.683633,-28.366849,2.095485,0
2023-03-13,sh.600905,5.5400,5.6000,5.5300,5.5700,5.5500,80242059,446655407.4100,3,0.936200,1,0.360400,22.459849,6.707719,-28.469072,2.103036,0
2023-03-14,sh.600905,5.5600,5.6100,5.5400,5.5500,5.5700,129424247,721018236.5000,3,1.510000,1,-0.359100,22.379204,6.683633,-28.366849,2.095485,0
2023-03-15,sh.600905,5.5700,5.5900,5.5500,5.5700,5.5500,92204413,513269069.7200,3,1.075800,1,0.360400,22.459849,6.707719,-28.469072,2.103036,0
2023-03-16,sh.600905,5.5500,5.5600,5.4800,5.4900,5.5700,123722452,682814175.6300,3,1.443500,1,-1.436300,22.137266,6.611378,-28.060180,2.072831,0
2023-03-17,sh.600905,5.5100,5.5400,5.4900,5.4900,5.4900,85854588,473297821.7400,3,1.001700,1,0.000000,22.137266,6.611378,-28.060180,2.072831,0
2023-03-20,sh.600905,5.4900,5.5400,5.4600,5.4600,5.4900,110908035,608735246.0200,3,1.294000,1,-0.546400,22.016298,6.575250,-27.906846,2.061504,0
2023-03-21,sh.600905,5.4600,5.4900,5.4600,5.4800,5.4600,87875597,480714755.2400,3,1.025300,1,0.366300,22.096943,6.599335,-28.009069,2.069056,0
2023-03-22,sh.600905,5.4900,5.5100,5.4700,5.4900,5.4800,74862398,410804059.4400,3,0.873400,1,0.182500,22.137266,6.611378,-28.060180,2.072831,0
2023-03-23,sh.600905,5.4900,5.5900,5.4700,5.5500,5.4900,103555937,573503795.5800,3,0.763000,1,1.092900,22.379204,6.683633,-28.366849,2.095485,0
2023-03-24,sh.600905,5.5500,5.5500,5.5100,5.5300,5.5500,68309623,377369061.6700,3,0.503300,1,-0.360400,22.298558,6.659548,-28.264626,2.087934,0
2023-03-27,sh.600905,5.5300,5.5300,5.4700,5.4800,5.5300,90558142,497427225.6600,3,0.667200,1,-0.904200,22.096943,6.599335,-28.009069,2.069056,0
2023-03-28,sh.600905,5.4800,5.5100,5.4600,5.4700,5.4800,73282399,401129169.5800,3,0.539900,1,-0.182500,22.056621,6.587293,-27.957957,2.065280,0
2023-03-29,sh.600905,5.4800,5.4900,5.4500,5.4700,5.4700,66456415,363153245.7500,3,0.489600,1,0.000000,22.056621,6.587293,-27.957957,2.065280,0
2023-03-30,sh.600905,5.4600,5.4700,5.4200,5.4400,5.4700,89504977,487007495.6900,3,0.659400,1,-0.548400,21.935652,6.551165,-27.804623,2.053953,0
2023-03-31,sh.600905,5.4500,5.4800,5.4400,5.4800,5.4400,58462346,319300002.3100,3,0.430700,1,0.735300,22.096943,6.599335,-28.009069,2.069056,0
2023-04-03,sh.600905,5.4800,5.5300,5.4700,5.5100,5.4800,103574472,569522080.5400,3,0.763100,1,0.547400,22.217912,6.635463,-28.162403,2.080383,0
2023-04-04,sh.600905,5.5200,5.5400,5.4900,5.5100,5.5100,83598576,460513814.0200,3,0.615900,1,0.000000,22.217912,6.635463,-28.162403,2.080383,0
2023-04-06,sh.600905,5.5100,5.5100,5.4500,5.4700,5.5100,90148100,492471891.0000,3,0.664200,1,-0.726000,22.056621,6.587293,-27.957957,2.065280,0
2023-04-07,sh.600905,5.4600,5.4900,5.4500,5.4800,5.4700,70321795,384699985.6900,3,0.518100,1,0.182800,22.096943,6.599335,-28.009069,2.069056,0
2023-04-10,sh.600905,5.4800,5.5400,5.4700,5.5300,5.4800,109892266,606182026.4700,3,0.809600,1,0.912400,22.298558,6.659548,-28.264626,2.087934,0
2023-04-11,sh.600905,5.5300,5.5400,5.4800,5.5100,5.5300,78027778,429469111.0400,3,0.574900,1,-0.361700,22.217912,6.635463,-28.162403,2.080383,0
2023-04-12,sh.600905,5.5200,5.5300,5.4900,5.5000,5.5100,67789553,372875071.7500,3,0.499400,1,-0.181500,22.177589,6.623421,-28.111292,2.076607,0
2023-04-13,sh.600905,5.5100,5.5900,5.5100,5.5300,5.5000,123423485,685136529.0500,3,0.909300,1,0.545500,22.298558,6.659548,-28.264626,2.087934,0
2023-04-14,sh.600905,5.5400,5.5700,5.5200,5.5600,5.5300,100692353,558579721.3100,3,0.741900,1,0.542500,22.419527,6.695676,-28.417960,2.099261,0
2023-04-17,sh.600905,5.5700,5.5900,5.5300,5.5900,5.5600,109259351,608280438.0000,3,0.805000,1,0.539600,22.540495,6.731804,-28.571295,2.110588,0
2023-04-18,sh.600905,5.5900,5.5900,5.5500,5.5600,5.5900,72376665,402591712.3500,3,0.533200,1,-0.536700,22.419527,6.695676,-28.417960,2.099261,0
2023-04-19,sh.600905,5.5600,5.5900,5.5500,5.5600,5.5600,87280972,486164399.4200,3,0.643000,1,0.000000,22.419527,6.695676,-28.417960,2.099261,0
2023-04-20,sh.600905,5.5700,5.5700,5.5100,5.5300,5.5600,86244041,476723485.6900,3,0.635400,1,-0.539600,22.298558,6.659548,-28.264626,2.087934,0
2023-04-21,sh.600905,5.5400,5.5400,5.4600,5.4600,5.5300,114416282,628879735.7900,3,0.843000,1,-1.265800,22.016298,6.575250,-27.906846,2.061504,0
2023-04-24,sh.600905,5.4600,5.4900,5.4400,5.4500,5.4600,71558123,390862707.4100,3,0.527200,1,-0.183200,21.975975,6.563208,-27.855734,2.057729,0
2023-04-25,sh.600905,5.4500,5.4700,5.3200,5.3600,5.4500,129180971,695627022.5600,3,0.951700,1,-1.651400,21.612238,6.454576,-27.394679,2.023670,0
2023-04-26,sh.600905,5.3400,5.4200,5.3400,5.4000,5.3600,74540116,402273237.3400,3,0.549200,1,0.746300,21.773524,6.502745,-27.599117,2.038772,0
2023-04-27,sh.600905,5.4100,5.4100,5.3600,5.3700,5.4000,69657719,374394472.4300,3,0.513200,1,-0.555600,21.652560,6.466618,-27.445788,2.027446,0
2023-04-28,sh.600905,5.3700,5.4400,5.3600,5.4200,5.3700,82917346,447481537.5300,3,0.610900,1,0.931100,21.854166,6.526829,-27.701336,2.046323,0
2023-05-04,sh.600905,5.4100,5.4700,5.3800,5.4600,5.4200,108033359,587449228.9500,3,0.795900,1,0.738000,21.335157,6.282526,-33.086272,1.969834,0
2023-05-05,sh.600905,5.4600,5.4800,5.4100,5.4600,5.4600,82278708,447433315.3100,3,0.606200,1,0.000000,21.335157,6.282526,-33.086272,1.969834,0
2023-05-08,sh.600905,5.4600,5.5200,5.4500,5.5100,5.4600,123094295,676519817.0000,3,0.906900,1,0.915800,21.530534,6.340058,-33.389259,1.987873,0
2023-05-09,sh.600905,5.5300,5.5800,5.5000,5.5000,5.5100,183641280,1018050262.3000,3,1.353000,1,-0.181500,21.491459,6.328552,-33.328662,1.984265,0
2023-05-10,sh.600905,5.5000,5.5300,5.4500,5.4700,5.5000,108577013,595366416.4600,3,0.799900,1,-0.545500,21.374232,6.294032,-33.146869,1.973442,0
2023-05-11,sh.600905,5.4600,5.5400,5.4500,5.5000,5.4700,77315849,425519165.3400,3,0.569600,1,0.548400,21.491459,6.328552,-33.328662,1.984265,0
2023-05-12,sh.600905,5.5100,5.5500,5.4700,5.5000,5.5000,83533041,460515061.2200,3,0.615400,1,0.000000,21.491459,6.328552,-33.328662,1.984265,0
2023-05-15,sh.600905,5.4900,5.5200,5.4600,5.5100,5.5000,87725537,481292127.0600,3,0.646300,1,0.181800,21.530534,6.340058,-33.389259,1.987873,0
2023-05-16,sh.600905,5.5000,5.5400,5.4900,5.5100,5.5100,82888531,457077397.0300,3,0.610700,1,0.000000,21.530534,6.340058,-33.389259,1.987873,0
2023-05-17,sh.600905,5.5000,5.5300,5.4700,5.4900,5.5100,67430524,370395653.4500,3,0.496800,1,-0.363000,21.452383,6.317045,-33.268064,1.980657,0
2023-05-18,sh.600905,5.4900,5.5200,5.4400,5.4400,5.4900,90069015,492775409.4500,3,0.663600,1,-0.910700,21.257006,6.259513,-32.965076,1.962618,0
2023-05-19,sh.600905,5.4400,5.4500,5.3900,5.4000,5.4400,85067636,459790268.5700,3,0.626700,1,-0.735300,21.100705,6.213487,-32.722686,1.948187,0
2023-05-22,sh.600905,5.3900,5.5800,5.3900,5.5600,5.4000,222661558,1228993481.5000,3,1.640500,1,2.963000,21.725911,6.397590,-33.692247,2.005911,0
2023-05-23,sh.600905,5.5500,5.5600,5.4700,5.4800,5.5600,117301930,645504501.7600,3,0.864200,1,-1.438800,21.413308,6.305539,-33.207467,1.977049,0
2023-05-24,sh.600905,5.4600,5.4900,5.3900,5.4000,5.4800,121254659,658504176.6300,3,0.893400,1,-1.459900,21.100705,6.213487,-32.722686,1.948187,0
2023-05-25,sh.600905,5.4000,5.4400,5.3900,5.4200,5.4000,86637921,469205952.1400,3,0.638300,1,0.370400,21.178856,6.236500,-32.843881,1.955403,0
2023-05-26,sh.600905,5.4200,5.4300,5.3800,5.4100,5.4200,71894546,388144671.4900,3,0.529700,1,-0.184500,21.139780,6.224994,-32.783284,1.951795,0
2023-05-29,sh.600905,5.4200,5.4800,5.4100,5.4800,5.4100,110188184,601696512.1200,3,0.811800,1,1.293900,21.413308,6.305539,-33.207467,1.977049,0
2023-05-30,sh.600905,5.4800,5.4900,5.4100,5.4600,5.4800,81922628,446366170.7200,3,0.603600,1,-0.365000,21.335157,6.282526,-33.086272,1.969834,0
2023-05-31,sh.600905,5.4500,5.4600,5.4100,5.4300,5.4600,82921701,449891327.5900,3,0.610900,1,-0.549500,21.217931,6.248006,-32.904479,1.959011,0
2023-06-01,sh.600905,5.4300,5.4500,5.4000,5.4100,5.4300,83634316,453132044.7000,3,0.616200,1,-0.368300,21.139780,6.224994,-32.783284,1.951795,0
2023-06-02,sh.600905,5.4100,5.4300,5.4000,5.4200,5.4100,85669822,463776439.1100,3,0.631200,1,0.184800,21.178856,6.236500,-32.843881,1.955403,0
2023-06-05,sh.600905,5.4200,5.4200,5.3800,5.3900,5.4200,80903673,436523483.1700,3,0.596100,1,-0.553500,21.061629,6.201981,-32.662089,1.944580,0
2023-06-06,sh.600905,5.3900,5.4000,5.3200,5.3200,5.3900,118960852,635561298.2200,3,0.876500,1,-1.298700,20.788102,6.121435,-32.237906,1.919325,0
2023-06-07,sh.600905,5.3200,5.3300,5.2400,5.2600,5.3200,118296768,624003452.6800,3,0.871600,1,-1.127800,20.553649,6.052397,-31.874320,1.897679,0
2023-06-08,sh.600905,5.2500,5.2600,5.1700,5.2100,5.2600,143454900,746304338.0000,3,1.056900,1,-0.950600,20.358273,5.994864,-31.571332,1.879640,0
2023-06-09,sh.600905,5.2000,5.4500,5.1800,5.4500,5.2100,252023493,1338141614.8000,3,1.856800,1,4.606500,21.296082,6.271019,-33.025674,1.966226,0
2023-06-12,sh.600905,5.3900,5.4300,5.3400,5.3700,5.4500,140358170,757151087.6300,3,1.034100,1,-1.467900,20.983479,6.178968,-32.540893,1.937364,0
2023-06-13,sh.600905,5.3700,5.3900,5.2900,5.3300,5.3700,78617512,418600034.1400,3,0.579200,1,-0.744900,20.827177,6.132942,-32.298503,1.922933,0
2023-06-14,sh.600905,5.3200,5.3200,5.2400,5.2500,5.3300,80671078,425059623.5900,3,0.594300,1,-1.500900,20.514574,6.040890,-31.813723,1.894071,0
2023-06-15,sh.600905,5.2400,5.3000,5.2400,5.2900,5.2500,53807598,283828123.3500,3,0.396400,1,0.761900,20.670876,6.086916,-32.056113,1.908502,0
2023-06-16,sh.600905,5.2900,5.3500,5.2600,5.3400,5.2900,76129792,404169797.6400,3,0.560900,1,0.945200,20.866253,6.144448,-32.359101,1.926541,0
2023-06-19,sh.600905,5.3400,5.3400,5.3000,5.3100,5.3400,52016155,276666298.1700,3,0.383200,1,-0.561800,20.749026,6.109929,-32.177308,1.915718,0
2023-06-20,sh.600905,5.3100,5.3100,5.2700,5.2800,5.3100,45028455,237944594.6600,3,0.331800,1,-0.565000,20.631800,6.075410,-31.995515,1.904894,0
2023-06-21,sh.600905,5.2800,5.3500,5.2700,5.2800,5.2800,60041117,319195676.9300,3,0.442400,1,0.000000,20.631800,6.075410,-31.995515,1.904894,0
2023-06-26,sh.600905,5.2600,5.3400,5.2400,5.3200,5.2800,74274785,394703130.9800,3,0.547200,1,0.757600,20.788102,6.121435,-32.237906,1.919325,0
2023-06-27,sh.600905,5.3300,5.3400,5.2700,5.3200,5.3200,61536583,326811727.7400,3,0.453400,1,0.000000,20.788102,6.121435,-32.237906,1.919325,0
2023-06-28,sh.600905,5.3300,5.4200,5.3100,5.4100,5.3200,143685065,774269561.8300,3,1.058600,1,1.691700,21.139780,6.224994,-32.783284,1.951795,0
2023-06-29,sh.600905,5.4000,5.4100,5.3500,5.3700,5.4100,65191938,350246340.5400,3,0.480300,1,-0.739400,20.983479,6.178968,-32.540893,1.937364,0
2023-06-30,sh.600905,5.3600,5.3900,5.3600,5.3700,5.3700,50294971,270099701.9800,3,0.370600,1,0.000000,20.983479,6.178968,-32.540893,1.937364,0
2023-07-03,sh.600905,5.3700,5.4200,5.3600,5.3900,5.3700,62491325,337268769.2400,3,0.460400,1,0.372400,21.061357,6.201900,-32.661666,1.944554,0
2023-07-04,sh.600905,5.3900,5.4100,5.3600,5.3700,5.3900,44046776,236940204.9900,3,0.324500,1,-0.371100,20.983207,6.178888,-32.540473,1.937339,0
2023-07-05,sh.600905,5.3700,5.4000,5.3600,5.3600,5.3700,38090075,204549732.7400,3,0.280600,1,-0.186200,20.944133,6.167382,-32.479876,1.933731,0
2023-07-06,sh.600905,5.3600,5.3700,5.3200,5.3300,5.3600,42703500,228047698.0000,3,0.314600,1,-0.559700,20.826908,6.132863,-32.298086,1.922908,0
2023-07-07,sh.600905,5.3300,5.3800,5.3300,5.3500,5.3300,43433075,232339036.1700,3,0.320000,1,0.375200,20.905058,6.155875,-32.419279,1.930124,0
2023-07-10,sh.600905,5.3700,5.4000,5.3500,5.3600,5.3500,47586414,255543058.5400,3,0.350600,1,0.186900,20.944133,6.167382,-32.479876,1.933731,0
2023-07-11,sh.600905,5.3700,5.3800,5.3400,5.3700,5.3600,44055499,236020180.6400,3,0.324600,1,0.186600,20.983207,6.178888,-32.540473,1.937339,0
2023-07-12,sh.600905,5.3800,5.3900,5.3500,5.3600,5.3700,44486530,238710001.8000,3,0.327800,1,-0.186200,20.944133,6.167382,-32.479876,1.933731,0
2023-07-13,sh.600905,5.3600,5.4000,5.3600,5.3900,5.3600,63515804,341844201.6400,3,0.468000,1,0.559700,21.061357,6.201900,-32.661666,1.944554,0
2023-07-14,sh.600905,5.3800,5.3900,5.3600,5.3600,5.3900,57717951,309868763.9600,3,0.425200,1,-0.556600,20.944133,6.167382,-32.479876,1.933731,0
2023-07-17,sh.600905,5.3700,5.3800,5.3400,5.3500,5.3600,37841581,202528876.5400,3,0.278800,1,-0.186600,20.905058,6.155875,-32.419279,1.930124,0
2023-07-18,sh.600905,5.3500,5.3600,5.3000,5.3200,5.3500,41798825,222355523.7300,3,0.308000,1,-0.560700,20.787833,6.121356,-32.237489,1.919301,0
2023-07-19,sh.600905,5.3100,5.3300,5.3000,5.3200,5.3200,31579278,168024507.4900,3,0.232700,1,0.000000,20.787833,6.121356,-32.237489,1.919301,0
2023-07-20,sh.600905,5.3200,5.3400,5.3100,5.3100,5.3200,45901050,244135881.5000,3,0.338200,1,-0.188000,20.748758,6.109850,-32.176892,1.915693,0
2023-07-21,sh.600905,5.3100,5.3300,5.3000,5.3000,5.3100,40661564,215848784.8500,3,0.299600,1,-0.188300,20.709683,6.098344,-32.116295,1.912085,0
2023-07-24,sh.600905,5.2800,5.3000,5.2700,5.2900,5.3000,40075032,211767901.9600,3,0.295300,1,-0.188700,20.670608,6.086837,-32.055699,1.908477,0
2023-07-25,sh.600905,5.3100,5.3300,5.2900,5.3300,5.2900,61252369,325225941.0200,3,0.451300,1,0.756100,20.826908,6.132863,-32.298086,1.922908,0
2023-07-26,sh.600905,5.3200,5.3400,5.3100,5.3400,5.3300,45772554,243615758.7700,3,0.337200,1,0.187600,20.865983,6.144369,-32.358682,1.926516,0
2023-07-27,sh.600905,5.3400,5.3400,5.3000,5.3000,5.3400,56279795,299449415.5000,3,0.414600,1,-0.749100,20.709683,6.098344,-32.116295,1.912085,0
2023-07-28,sh.600905,5.2900,5.3700,5.2900,5.3600,5.3000,102249424,546193567.7600,3,0.753300,1,1.132100,20.944133,6.167382,-32.479876,1.933731,0
2023-07-31,sh.600905,5.3700,5.4000,5.3600,5.3900,5.3600,96735169,521106052.5400,3,0.712700,1,0.559700,21.061357,6.201900,-32.661666,1.944554,0
2023-08-01,sh.600905,5.3900,5.4400,5.3800,5.4400,5.3900,107536603,582400846.3800,3,0.792300,1,0.927600,21.256732,6.259432,-32.964650,1.962593,0
2023-08-02,sh.600905,5.4300,5.4400,5.3900,5.4200,5.4400,56229720,304123797.2000,3,0.414300,1,-0.367600,21.178582,6.236419,-32.843457,1.955378,0
2023-08-03,sh.600905,5.4000,5.4400,5.3900,5.4300,5.4200,66351883,359298349.7600,3,0.488900,1,0.184500,21.217657,6.247926,-32.904054,1.958985,0
2023-08-04,sh.600905,5.4500,5.4900,5.4200,5.4300,5.4300,94098341,512428363.4700,3,0.693300,1,0.000000,21.217657,6.247926,-32.904054,1.958985,0
2023-08-07,sh.600905,5.4300,5.4400,5.3800,5.4300,5.4300,86869961,469336828.4400,3,0.640000,1,0.000000,21.217657,6.247926,-32.904054,1.958985,0
2023-08-08,sh.600905,5.4200,5.4400,5.3700,5.3900,5.4300,65966379,356083997.8800,3,0.486000,1,-0.736600,21.061357,6.201900,-32.661666,1.944554,0
2023-08-09,sh.600905,5.3900,5.4000,5.3400,5.3400,5.3900,71939985,385109660.7500,3,0.530000,1,-0.927600,20.865983,6.144369,-32.358682,1.926516,0
2023-08-10,sh.600905,5.2900,5.3100,5.2700,5.3000,5.2600,52100263,275595313.5400,3,0.383900,1,0.760500,20.709683,6.098344,-32.116295,1.912085,0
2023-08-11,sh.600905,5.3000,5.3100,5.2300,5.2300,5.3000,63130707,331456511.6800,3,0.465100,1,-1.320800,20.436159,6.017800,-31.692118,1.886831,0
2023-08-14,sh.600905,5.2100,5.2300,5.1700,5.1900,5.2300,77463328,401929184.7700,3,0.570700,1,-0.764800,20.279860,5.971774,-31.449731,1.872400,0
2023-08-15,sh.600905,5.1900,5.2100,5.1700,5.1900,5.1900,66161420,343314287.8000,3,0.487400,1,0.000000,20.279860,5.971774,-31.449731,1.872400,0
2023-08-16,sh.600905,5.1900,5.2100,5.1800,5.2000,5.1900,40583900,210669696.0000,3,0.299000,1,0.192700,20.318935,5.983281,-31.510328,1.876008,0
2023-08-17,sh.600905,5.1900,5.1900,5.1500,5.1900,5.2000,47545533,245817662.6000,3,0.350300,1,-0.192300,20.279860,5.971774,-31.449731,1.872400,0
2023-08-18,sh.600905,5.1900,5.1900,5.1400,5.1400,5.1900,55686417,287514680.2600,3,0.410300,1,-0.963400,20.084485,5.914243,-31.146747,1.854362,0
2023-08-21,sh.600905,5.1300,5.1400,5.0800,5.0800,5.1400,73767839,376184988.4600,3,0.543500,1,-1.167300,19.850036,5.845205,-30.783166,1.832716,0
2023-08-22,sh.600905,5.0800,5.1000,5.0000,5.0400,5.0800,86996591,438405887.7200,3,0.641000,1,-0.787400,19.693737,5.799180,-30.540779,1.818285,0
2023-08-23,sh.600905,5.0400,5.0600,5.0000,5.0100,5.0400,60623358,304979138.0000,3,0.446600,1,-0.595200,19.576512,5.764661,-30.358989,1.807462,0
2023-08-24,sh.600905,5.0000,5.0200,4.9100,4.9600,5.0100,83948710,416234171.5000,3,0.618500,1,-0.998000,19.381138,5.707129,-30.056005,1.789423,0
2023-08-25,sh.600905,4.9500,4.9800,4.9200,4.9500,4.9600,59206146,293203662.8200,3,0.436200,1,-0.201600,19.342063,5.695623,-29.995408,1.785815,0
2023-08-28,sh.600905,5.1000,5.1500,4.9400,4.9600,4.9500,114920132,579576134.6000,3,0.846700,1,0.202000,19.381138,5.707129,-30.056005,1.789423,0
2023-08-29,sh.600905,4.9700,5.0400,4.9500,5.0200,4.9600,70394107,352940696.4600,3,0.518600,1,1.209700,19.615587,5.776167,-30.419585,1.811069,0
2023-08-30,sh.600905,5.0300,5.0600,5.0000,5.0100,5.0200,55534461,278862214.3700,3,0.409200,1,-0.199200,19.576512,5.764661,-30.358989,1.807462,0
2023-08-31,sh.600905,4.9500,4.9700,4.9100,4.9200,5.0100,94805245,467364355.2700,3,0.698500,1,-1.796400,21.183523,5.547363,-31.972699,1.774346,0
2023-09-01,sh.600905,4.9200,4.9500,4.9000,4.9200,4.9200,66433363,326683947.9600,3,0.489500,1,0.000000,21.183523,5.547363,-31.972699,1.774346,0
2023-09-04,sh.600905,4.9300,4.9600,4.9100,4.9600,4.9200,78255624,386470671.0800,3,0.576600,1,0.813000,21.355747,5.592464,-32.232640,1.788772,0
2023-09-05,sh.600905,4.9500,4.9900,4.9400,4.9800,4.9600,68927343,342695104.1000,3,0.507800,1,0.403200,21.441859,5.615014,-32.362610,1.795984,0
2023-09-06,sh.600905,4.9600,4.9700,4.9300,4.9400,4.9800,59448191,294032402.1700,3,0.438000,1,-0.803200,21.269635,5.569914,-32.102669,1.781559,0
2023-09-07,sh.600905,4.9500,4.9500,4.8700,4.8700,4.9400,103337972,506269630.6400,3,0.761300,1,-1.417000,20.968243,5.490988,-31.647773,1.756314,0
2023-09-08,sh.600905,4.8600,4.8700,4.8200,4.8400,4.8700,57848190,280309169.4200,3,0.426200,1,-0.616000,20.839076,5.457162,-31.452818,1.745495,0
2023-09-11,sh.600905,4.8600,4.8900,4.8400,4.8600,4.8400,54659468,265668870.4600,3,0.402700,1,0.413200,20.925187,5.479712,-31.582788,1.752708,0
2023-09-12,sh.600905,4.8700,4.9300,4.8600,4.9000,4.8600,65868538,322925482.5300,3,0.485300,1,0.823000,21.097411,5.524813,-31.842729,1.767133,0
2023-09-13,sh.600905,4.9000,4.9100,4.8400,4.8600,4.9000,50846060,247231291.4000,3,0.374600,1,-0.816300,20.925187,5.479712,-31.582788,1.752708,0
2023-09-14,sh.600905,4.8500,4.8800,4.8400,4.8500,4.8600,54052000,262532849.0000,3,0.398200,1,-0.205800,20.882131,5.468437,-31.517803,1.749101,0
2023-09-15,sh.600905,4.8600,4.8700,4.8200,4.8200,4.8500,64368450,311453628.0000,3,0.474200,1,-0.618600,20.752964,5.434612,-31.322848,1.738282,0
2023-09-18,sh.600905,4.8200,4.8300,4.7800,4.8200,4.8200,49913258,239855901.5500,3,0.367700,1,0.000000,20.752964,5.434612,-31.322848,1.738282,0
2023-09-19,sh.600905,4.8200,4.8200,4.7700,4.7900,4.8200,65017578,311247155.8600,3,0.479000,1,-0.622400,20.623796,5.400787,-31.127892,1.727463,0
2023-09-20,sh.600905,4.7700,4.7800,4.7000,4.7100,4.7900,90060175,425830447.5400,3,0.663500,1,-1.670100,20.279348,5.310586,-30.608011,1.698612,0
2023-09-21,sh.600905,4.7000,4.7300,4.6700,4.6700,4.7100,69816287,327716898.9000,3,0.514400,1,-0.849300,20.107125,5.265485,-30.348070,1.684186,0
2023-09-22,sh.600905,4.6600,4.7700,4.6500,4.7600,4.6700,105116823,496520636.8500,3,0.774500,1,1.927200,20.494628,5.366961,-30.932937,1.716644,0
2023-09-25,sh.600905,4.7600,4.7700,4.7300,4.7400,4.7600,51049922,242162889.0600,3,0.376100,1,-0.420200,20.408516,5.344411,-30.802966,1.709431,0
2023-09-26,sh.600905,4.7400,4.7500,4.7100,4.7300,4.7400,35277887,166877970.5100,3,0.259900,1,-0.211000,20.365460,5.333136,-30.737981,1.705825,0
2023-09-27,sh.600905,4.7300,4.7800,4.7200,4.7600,4.7300,57137719,272236549.6300,3,0.421000,1,0.634200,20.494628,5.366961,-30.932937,1.716644,0
2023-09-28,sh.600905,4.7700,4.8000,4.7600,4.7800,4.7600,42629900,203784752.0000,3,0.314100,1,0.420200,20.580740,5.389511,-31.062907,1.723857,0
2023-10-09,sh.600905,4.7800,4.7900,4.7400,4.7600,4.7800,62510447,297525352.3100,3,0.460500,1,-0.418400,20.494628,5.366961,-30.932937,1.716644,0
2023-10-10,sh.600905,4.7600,4.8100,4.7200,4.7200,4.7600,72296097,344279770.9900,3,0.532600,1,-0.840300,20.322404,5.321861,-30.672996,1.702218,0
2023-10-11,sh.600905,4.7400,4.7600,4.7200,4.7500,4.7200,47205687,223600156.5100,3,0.347800,1,0.635600,20.451572,5.355686,-30.867951,1.713037,0
2023-10-12,sh.600905,4.7500,4.8000,4.7400,4.7900,4.7500,57460848,274695206.4400,3,0.423300,1,0.842100,20.623313,5.400660,-31.127163,1.727423,0
2023-10-13,sh.600905,4.7800,4.8000,4.7600,4.7700,4.7900,37288592,178194921.9200,3,0.274700,1,-0.417500,20.537203,5.378110,-30.997196,1.720210,0
2023-10-16,sh.600905,4.7800,4.8100,4.7300,4.7500,4.7700,45749600,217984749.8200,3,0.337100,1,-0.419300,20.451093,5.355561,-30.867229,1.712997,0
2023-10-17,sh.600905,4.8000,4.8600,4.7800,4.8000,4.7500,84699450,407319845.0000,3,0.624000,1,1.052600,20.666368,5.411935,-31.192147,1.731029,0
2023-10-18,sh.600905,4.8000,4.8100,4.7400,4.8100,4.8000,70331452,335457907.5200,3,0.518200,1,0.208300,20.709423,5.423210,-31.257131,1.734635,0
2023-10-19,sh.600905,4.7800,4.7900,4.6800,4.7100,4.8100,80091845,379412515.8300,3,0.590100,1,-2.079000,20.278874,5.310461,-30.607294,1.698572,0
2023-10-20,sh.600905,4.6900,4.7800,4.6600,4.7300,4.7100,94842736,449694066.3100,3,0.698800,1,0.424600,20.364984,5.333011,-30.737262,1.705785,0
2023-10-23,sh.600905,4.7400,4.7600,4.5900,4.6400,4.7300,76800422,358175082.2000,3,0.565800,1,-1.902700,19.977489,5.231537,-30.152409,1.673328,0
2023-10-24,sh.600905,4.6400,4.6600,4.5700,4.6400,4.6400,66299087,306401263.0900,3,0.488500,1,0.000000,19.977489,5.231537,-30.152409,1.673328,0
2023-10-25,sh.600905,4.6600,4.7200,4.6500,4.7000,4.6400,72491514,340508669.6500,3,0.534100,1,1.293100,20.235819,5.299186,-30.542311,1.694966,0
2023-10-26,sh.600905,4.6900,4.7600,4.6800,4.7500,4.7000,70741945,334450865.9700,3,0.521200,1,1.063800,20.451093,5.355561,-30.867229,1.712997,0
2023-10-27,sh.600905,4.7500,4.8200,4.7400,4.7900,4.7500,75888639,364144422.4800,3,0.559100,1,0.842100,20.623313,5.400660,-31.127163,1.727423,0
2023-10-30,sh.600905,4.7700,4.8100,4.7600,4.7700,4.7900,60689728,290018671.6500,3,0.447100,1,-0.417500,21.184535,5.313580,-73.481277,1.699194,0
2023-10-31,sh.600905,4.7700,4.8200,4.7600,4.8000,4.7700,63301330,303750047.3100,3,0.466400,1,0.628900,21.317771,5.346999,-73.943423,1.709880,0
2023-11-01,sh.600905,4.8200,4.8200,4.7800,4.7800,4.8000,42923700,205670905.0000,3,0.316200,1,-0.416700,21.228947,5.324720,-73.635326,1.702756,0
2023-11-02,sh.600905,4.7800,4.8000,4.7400,4.7600,4.7800,42614113,203241345.5800,3,0.314000,1,-0.418400,21.140123,5.302441,-73.327228,1.695631,0
2023-11-03,sh.600905,4.7600,4.8100,4.7500,4.7800,4.7600,44072806,211041994.6800,3,0.324700,1,0.420200,21.228947,5.324720,-73.635326,1.702756,0
2023-11-06,sh.600905,4.7900,4.8100,4.7800,4.7900,4.7800,61291010,293487781.2100,3,0.451600,1,0.209200,21.273359,5.335859,-73.789375,1.706318,0
2023-11-07,sh.600905,4.7800,4.7900,4.7500,4.7700,4.7900,45150553,215225101.2800,3,0.332600,1,-0.417500,21.184535,5.313580,-73.481277,1.699194,0
2023-11-08,sh.600905,4.7700,4.7700,4.7200,4.7400,4.7700,49972864,237307441.3600,3,0.368200,1,-0.628900,21.051299,5.280161,-73.019131,1.688507,0
2023-11-09,sh.600905,4.7400,4.7800,4.7300,4.7600,4.7400,36784155,175146697.4800,3,0.271000,1,0.421900,21.140123,5.302441,-73.327228,1.695631,0
2023-11-10,sh.600905,4.7600,4.7600,4.7100,4.7300,4.7600,47466900,224533056.4600,3,0.349700,1,-0.630300,21.006887,5.269022,-72.865082,1.684945,0
2023-11-13,sh.600905,4.7400,4.7700,4.7200,4.7400,4.7300,35311154,167278644.4200,3,0.260200,1,0.211400,21.051299,5.280161,-73.019131,1.688507,0
2023-11-14,sh.600905,4.7500,4.7700,4.7300,4.7600,4.7400,45712363,217247894.8800,3,0.336800,1,0.421900,21.140123,5.302441,-73.327228,1.695631,0
2023-11-15,sh.600905,4.7600,4.7800,4.7500,4.7800,4.7600,50748183,242115900.7000,3,0.373900,1,0.420200,21.228947,5.324720,-73.635326,1.702756,0
2023-11-16,sh.600905,4.7800,4.7800,4.7300,4.7400,4.7800,41762970,198335947.1000,3,0.307700,1,-0.836800,21.051299,5.280161,-73.019131,1.688507,0
2023-11-17,sh.600905,4.7300,4.7500,4.7000,4.7200,4.7400,54829999,258584746.7000,3,0.404000,1,-0.421900,20.962475,5.257882,-72.711033,1.681382,0
2023-11-20,sh.600905,4.7300,4.7500,4.7100,4.7400,4.7200,44520081,210575324.5100,3,0.328000,1,0.423700,21.051299,5.280161,-73.019131,1.688507,0
2023-11-21,sh.600905,4.7400,4.7500,4.7300,4.7400,4.7400,40690581,192908518.1300,3,0.299800,1,0.000000,21.051299,5.280161,-73.019131,1.688507,0
2023-11-22,sh.600905,4.7300,4.7300,4.6800,4.6800,4.7400,55661881,261887792.4900,3,0.410100,1,-1.265800,20.784827,5.213324,-72.094838,1.667133,0
2023-11-23,sh.600905,4.6800,4.7000,4.6600,4.6900,4.6800,41560500,194439674.0000,3,0.306200,1,0.213700,20.829239,5.224464,-72.248887,1.670696,0
2023-11-24,sh.600905,4.6800,4.6900,4.6400,4.6500,4.6900,48698022,227069509.0800,3,0.358800,1,-0.852900,20.651591,5.179905,-71.632691,1.656447,0
2023-11-27,sh.600905,4.6500,4.6500,4.6000,4.6300,4.6500,54893511,253540422.8400,3,0.404400,1,-0.430100,20.562767,5.157626,-71.324594,1.649322,0
2023-11-28,sh.600905,4.6300,4.6600,4.6100,4.6400,4.6300,41059492,190151643.4900,3,0.302500,1,0.216000,20.607179,5.168766,-71.478643,1.652884,0
2023-11-29,sh.600905,4.6400,4.6500,4.5900,4.6000,4.6400,46407076,213834538.3600,3,0.341900,1,-0.862100,20.429531,5.124207,-70.862447,1.638635,0
2023-11-30,sh.600905,4.6100,4.6500,4.5900,4.6000,4.6000,72681010,334963155.6200,3,0.535500,1,0.000000,20.429531,5.124207,-70.862447,1.638635,0
2023-12-01,sh.600905,4.6100,4.6300,4.5900,4.6200,4.6000,51558144,237625184.0700,3,0.379900,1,0.434800,20.518355,5.146486,-71.170545,1.645760,0
2023-12-04,sh.600905,4.6100,4.6400,4.6000,4.6000,4.6200,40827931,188359582.8500,3,0.300800,1,-0.432900,20.429531,5.124207,-70.862447,1.638635,0
2023-12-05,sh.600905,4.6000,4.6100,4.4900,4.4900,4.6000,80995902,368927783.8200,3,0.596700,1,-2.391300,19.940998,5.001672,-69.167911,1.599451,0
2023-12-06,sh.600905,4.5000,4.5000,4.4400,4.4500,4.4900,75993563,338598006.4400,3,0.559900,1,-0.890900,19.763350,4.957114,-68.551716,1.585202,0
2023-12-07,sh.600905,4.4400,4.4400,4.3700,4.4200,4.4500,79787589,351109232.7300,3,0.587800,1,-0.674200,19.630114,4.923695,-68.089569,1.574515,0
2023-12-08,sh.600905,4.4200,4.5200,4.4100,4.4400,4.4200,75673967,337900572.7100,3,0.557500,1,0.452500,19.718938,4.945974,-68.397667,1.581639,0
2023-12-11,sh.600905,4.4200,4.5100,4.3800,4.4900,4.4400,76112861,338295161.3900,3,0.560800,1,1.126100,,,,,0
2023-12-12,sh.600905,4.4900,4.5300,4.4700,4.5300,4.4900,50784917,228925862.6700,3,0.374200,1,0.890900,20.118646,5.046230,-69.784106,1.613700,0
2023-12-13,sh.600905,4.5200,4.5300,4.4700,4.4800,4.5300,40595400,182862493.0000,3,0.299100,1,-1.103800,19.896586,4.990532,-69.013862,1.595888,0
2023-12-14,sh.600905,4.4800,4.5100,4.4700,4.4700,4.4800,45673513,204851794.9500,3,0.336500,1,-0.223200,19.852174,4.979393,-68.859813,1.592326,0
2023-12-15,sh.600905,4.4800,4.5000,4.4100,4.4200,4.4700,52671230,234310370.7500,3,0.388100,1,-1.118600,19.630114,4.923695,-68.089569,1.574515,0
2023-12-18,sh.600905,4.4100,4.4400,4.3700,4.3800,4.4200,44332232,195105172.1600,3,0.326600,1,-0.905000,19.452466,4.879137,-67.473374,1.560266,0
2023-12-19,sh.600905,4.3800,4.4200,4.3600,4.4100,4.3800,49734779,218366252.8600,3,0.366400,1,0.684900,19.585702,4.912555,-67.935520,1.570953,0
2023-12-20,sh.600905,4.4100,4.4600,4.3100,4.3200,4.4100,74189599,324062822.6700,3,0.546600,1,-2.040800,19.185994,4.812299,-66.549081,1.538892,0
2023-12-21,sh.600905,4.3000,4.3500,4.2800,4.3200,4.3200,73710306,318743853.4100,3,0.543100,1,0.000000,19.185994,4.812299,-66.549081,1.538892,0
2023-12-22,sh.600905,4.3400,4.3700,4.3000,4.3400,4.3200,76182918,330666561.0400,3,0.561300,1,0.463000,19.274818,4.834578,-66.857179,1.546017,0
2023-12-25,sh.600905,4.3300,4.3500,4.3100,4.3300,4.3400,37856522,163905413.0800,3,0.278900,1,-0.230400,19.230406,4.823439,-66.703130,1.542455,0
2023-12-26,sh.600905,4.3200,4.3400,4.3000,4.3200,4.3300,37500014,162010829.3400,3,0.276300,1,-0.230900,19.185913,4.812279,-66.548802,1.538886,0
2023-12-27,sh.600905,4.3200,4.3500,4.2800,4.3200,4.3200,57422984,248055812.2800,3,0.423100,1,0.000000,19.185913,4.812279,-66.548802,1.538886,0
2023-12-28,sh.600905,4.3200,4.4000,4.3100,4.3900,4.3200,97049757,423913569.4800,3,0.715000,1,1.620400,19.496796,4.890256,-67.627139,1.563822,0
2023-12-29,sh.600905,4.3900,4.4000,4.3500,4.3700,4.3900,75135385,328329405.2800,3,0.553600,1,-0.455600,19.407973,4.867977,-67.319043,1.556697,0
2024-01-02,sh.600905,4.3700,4.4000,4.3500,4.3700,4.3700,63989283,280434730.5600,3,0.471400,1,0.000000,19.407973,4.867977,-67.319043,1.556697,0
2024-01-03,sh.600905,4.3700,4.4400,4.3600,4.4200,4.3700,69949790,308349818.1500,3,0.515400,1,1.144200,19.630032,4.923674,-68.089284,1.574508,0
2024-01-04,sh.600905,4.4200,4.4300,4.3500,4.3800,4.4200,68061409,298174300.4200,3,0.501400,1,-0.905000,19.452385,4.879116,-67.473091,1.560259,0
2024-01-05,sh.600905,4.3700,4.4200,4.3300,4.3500,4.3800,67932198,297429889.2100,3,0.500500,1,-0.684900,19.319149,4.845697,-67.010947,1.549573,0
2024-01-08,sh.600905,4.3500,4.3600,4.2800,4.2900,4.3500,78836382,339375194.9600,3,0.580800,1,-1.379300,19.052678,4.778860,-66.086658,1.528199,0
2024-01-09,sh.600905,4.2900,4.3300,4.2600,4.3000,4.2900,59443558,255584015.8200,3,0.438000,1,0.233100,19.097090,4.790000,-66.240706,1.531761,0
2024-01-10,sh.600905,4.2900,4.3100,4.2600,4.2900,4.3000,40658998,174553709.4200,3,0.299600,1,-0.232600,19.052678,4.778860,-66.086658,1.528199,0
2024-01-11,sh.600905,4.2800,4.3300,4.2600,4.3200,4.2900,48055312,206796353.2400,3,0.354100,1,0.699300,19.185913,4.812279,-66.548802,1.538886,0
2024-01-12,sh.600905,4.3200,4.3900,4.3100,4.3600,4.3200,62769626,274028830.3000,3,0.462500,1,0.925900,19.363561,4.856837,-67.164995,1.553135,0
2024-01-15,sh.600905,4.3500,4.3700,4.3300,4.3400,4.3600,36466900,158445420.0000,3,0.268700,1,-0.458700,19.274737,4.834558,-66.856898,1.546010,0
2024-01-16,sh.600905,4.3400,4.3400,4.2400,4.3000,4.3400,88685349,379681018.8700,3,0.653400,1,-0.921700,19.097090,4.790000,-66.240706,1.531761,0
2024-01-17,sh.600905,4.2900,4.2900,4.2200,4.2200,4.3000,93166300,395669081.0000,3,0.686400,1,-1.860500,18.741795,4.700884,-65.008321,1.503264,0
2024-01-18,sh.600905,4.2100,4.2500,4.0800,4.2200,4.2200,156220975,648996687.1000,3,1.151000,1,0.000000,18.741795,4.700884,-65.008321,1.503264,0
2024-01-19,sh.600905,4.2100,4.3000,4.1600,4.2500,4.2200,115411008,491128432.6800,3,0.850300,1,0.710900,18.875031,4.734302,-65.470465,1.513950,0
2024-01-22,sh.600905,4.2900,4.3000,4.1800,4.2400,4.2500,137673853,586354963.9000,3,1.014300,1,-0.235300,16.520739,4.588157,-65.316417,1.510388,0
2024-01-23,sh.600905,4.2400,4.2800,4.1800,4.2600,4.2400,89244892,378399863.1000,3,0.657500,1,0.471700,16.598667,4.609799,-65.624513,1.517512,0
2024-01-24,sh.600905,4.2600,4.3700,4.2400,4.3600,4.2600,113270568,487163600.9900,3,0.834500,1,2.347400,16.988307,4.718011,-67.164995,1.553135,0
2024-01-25,sh.600905,4.3600,4.4700,4.3500,4.4700,4.3600,126469714,560126766.8700,3,0.931800,1,2.522900,17.416911,4.837043,-68.859524,1.592319,0
2024-01-26,sh.600905,4.4500,4.4700,4.4100,4.4500,4.4700,95019293,422029899.2600,3,0.700100,1,-0.447400,17.338983,4.815401,-68.551428,1.585195,0
2024-01-29,sh.600905,4.4500,4.4800,4.4300,4.4400,4.4500,76580096,341147935.5400,3,0.564200,1,-0.224700,17.300019,4.804580,-68.397380,1.581633,0
2024-01-30,sh.600905,4.4300,4.4700,4.4000,4.4000,4.4400,74801125,332147330.2500,3,0.551100,1,-0.900900,17.144163,4.761295,-67.781187,1.567384,0
2024-01-31,sh.600905,4.4000,4.4700,4.3800,4.4300,4.4000,105312762,466935963.7900,3,0.775900,1,0.681800,17.261055,4.793759,-68.243332,1.578070,0
2024-02-01,sh.600905,4.4100,4.4400,4.3700,4.3900,4.4300,77499922,341638773.7500,3,0.571000,1,-0.902900,17.105199,4.750474,-67.627139,1.563822,0
2024-02-02,sh.600905,4.3900,4.4500,4.2500,4.3900,4.3900,129527968,568600826.8400,3,0.954300,1,0.000000,17.105199,4.750474,-67.627139,1.563822,0
2024-02-05,sh.600905,4.3800,4.4500,4.2700,4.4200,4.3900,155913368,682966208.4100,3,1.148700,1,0.683400,17.222091,4.782937,-68.089284,1.574508,0
2024-02-06,sh.600905,4.4100,4.5600,4.4000,4.5600,4.4200,158643069,715876832.5100,3,1.168800,1,3.167400,17.767587,4.934433,-70.245958,1.624380,0
2024-02-07,sh.600905,4.5500,4.6000,4.4900,4.5600,4.5600,177503231,807324474.1900,3,1.307800,1,0.000000,17.767587,4.934433,-70.245958,1.624380,0
2024-02-08,sh.600905,4.5800,4.6000,4.5100,4.5800,4.5600,148346695,675998040.5800,3,1.093000,1,0.438600,17.845515,4.956075,-70.554054,1.631504,0
2024-02-19,sh.600905,4.5800,4.6500,4.5600,4.6400,4.5800,120827985,557035194.2600,3,0.890200,1,1.310000,18.079299,5.021002,-71.478343,1.652877,0
2024-02-20,sh.600905,4.6400,4.6800,4.6100,4.6500,4.6400,89312552,414761223.7200,3,0.658000,1,0.215500,18.118263,5.031823,-71.632391,1.656440,0
2024-02-21,sh.600905,4.6200,4.6700,4.6100,4.6100,4.6500,118804025,551183077.9400,3,0.875300,1,-0.860200,17.962407,4.988539,-71.016199,1.642191,0
2024-02-22,sh.600905,4.5900,4.6300,4.5800,4.6200,4.6100,76886436,354263023.8500,3,0.566500,1,0.216900,18.001371,4.999360,-71.170247,1.645753,0
2024-02-23,sh.600905,4.6200,4.6700,4.6100,4.6500,4.6200,79026260,367245738.6400,3,0.582200,1,0.649400,18.118263,5.031823,-71.632391,1.656440,0
2024-02-26,sh.600905,4.6500,4.6500,4.5800,4.5800,4.6500,86836752,400202082.5100,3,0.639800,1,-1.505400,17.845515,4.956075,-70.554054,1.631504,0
2024-02-27,sh.600905,4.5700,4.6000,4.5500,4.5900,4.5800,76612207,350351011.6000,3,0.564400,1,0.218300,17.884479,4.966897,-70.708102,1.635066,0
2024-02-28,sh.600905,4.5900,4.6500,4.5700,4.5800,4.5900,104782453,483085167.7300,3,0.772000,1,-0.217900,17.845515,4.956075,-70.554054,1.631504,0
2024-02-29,sh.600905,4.5600,4.6200,4.5600,4.6200,4.5800,89314722,410504123.2700,3,0.658000,1,0.873400,18.001371,4.999360,-71.170247,1.645753,0
2024-03-01,sh.600905,4.6100,4.7300,4.6000,4.6700,4.6200,117979378,552147825.2700,3,0.869200,1,1.082300,18.196191,5.053466,-71.940487,1.663564,0
2024-03-04,sh.600905,4.6800,4.7000,4.6400,4.6800,4.6700,81999005,383243406.7500,3,0.604100,1,0.214100,18.235155,5.064287,-72.094536,1.667126,0
2024-03-05,sh.600905,4.6800,4.7400,4.6700,4.6900,4.6800,111906345,526282525.5500,3,0.824500,1,0.213700,18.274119,5.075108,-72.248584,1.670689,0
2024-03-06,sh.600905,4.7000,4.8300,4.6800,4.8000,4.6900,183801121,876629602.0600,3,1.354200,1,2.345400,18.702723,5.194140,-73.943113,1.709873,0
2024-03-07,sh.600905,4.8100,4.8300,4.7500,4.7800,4.8000,101523520,485778172.1700,3,0.748000,1,-0.416700,18.624795,5.172498,-73.635017,1.702749,0
2024-03-08,sh.600905,4.7800,4.8800,4.7700,4.8800,4.7800,156432040,757742360.9600,3,1.152500,1,2.092100,19.014435,5.280709,-75.175499,1.738371,0
2024-03-11,sh.600905,4.8800,4.9700,4.8400,4.8600,4.8800,158510589,775457258.9300,3,1.166600,1,-0.409800,18.936507,5.259067,-74.867402,1.731247,0
2024-03-12,sh.600905,4.8500,4.8800,4.7800,4.7800,4.8600,131249053,632588193.0900,3,0.965900,1,-1.646100,18.624795,5.172498,-73.635017,1.702749,0
2024-03-13,sh.600905,4.7700,4.8000,4.7300,4.7500,4.7800,107719832,512578231.4800,3,0.792800,1,-0.627600,18.507903,5.140035,-73.172873,1.692062,0
2024-03-14,sh.600905,4.7500,4.7700,4.7100,4.7300,4.7500,71940540,341043168.2000,3,0.529400,1,-0.421100,18.429975,5.118392,-72.864776,1.684938,0
2024-03-15,sh.600905,4.7200,4.7500,4.7000,4.7300,4.7300,66925349,316259296.1500,3,0.492500,1,0.000000,18.429975,5.118392,-72.864776,1.684938,0
2024-03-18,sh.600905,4.7300,4.8300,4.7300,4.7700,4.7300,104900180,501390695.5900,3,0.772000,1,0.845700,18.585831,5.161677,-73.480969,1.699187,0
2024-03-19,sh.600905,4.7700,4.7900,4.7200,4.7200,4.7700,79206666,376354307.4500,3,0.582900,1,-1.048200,18.391011,5.107571,-72.710728,1.681375,0
2024-03-20,sh.600905,4.7200,4.7300,4.6700,4.6900,4.7200,95533601,448384028.6700,3,0.703100,1,-0.635600,18.274119,5.075108,-72.248584,1.670689,0
2024-03-21,sh.600905,4.6900,4.6900,4.6400,4.6600,4.6900,75438500,351662273.0000,3,0.555200,1,-0.639700,18.157227,5.042645,-71.786439,1.660002,0
2024-03-22,sh.600905,4.6600,4.6900,4.6000,4.6300,4.6600,81859680,379324578.4000,3,0.602400,1,-0.643800,18.040335,5.010181,-71.324295,1.649315,0
2024-03-25,sh.600905,4.6000,4.6800,4.5900,4.6500,4.6300,62349876,290036074.8400,3,0.458900,1,0.432000,18.118263,5.031823,-71.632391,1.656440,0
2024-03-26,sh.600905,4.6400,4.7100,4.6300,4.7000,4.6500,66996824,313165059.7200,3,0.493100,1,1.075300,18.313083,5.085929,-72.402632,1.674251,0
2024-03-27,sh.600905,4.7000,4.7200,4.6500,4.6500,4.7000,68540586,321458432.1000,3,0.504400,1,-1.063800,18.118263,5.031823,-71.632391,1.656440,0
2024-03-28,sh.600905,4.6400,4.7200,4.6200,4.6800,4.6500,76183393,356659118.5000,3,0.560700,1,0.645200,18.234148,5.064007,-72.090556,1.667034,0
2024-03-29,sh.600905,4.6800,4.7100,4.6700,4.6900,4.6800,59454174,278985147.1400,3,0.437600,1,0.213700,18.273110,5.074828,-72.244596,1.670596,0
2024-04-01,sh.600905,4.7100,4.7200,4.6800,4.7000,4.6900,73676466,346326517.8800,3,0.542200,1,0.213200,18.312072,5.085648,-72.398635,1.674158,0
2024-04-02,sh.600905,4.7000,4.7800,4.6900,4.7700,4.7000,91902263,436811968.9300,3,0.676400,1,1.489400,18.584805,5.161392,-73.476913,1.699093,0
2024-04-03,sh.600905,4.7700,4.7800,4.7100,4.7200,4.7700,70850016,335676796.0000,3,0.521400,1,-1.048200,18.389996,5.107289,-72.706715,1.681283,0
2024-04-08,sh.600905,4.7400,4.8400,4.7200,4.8300,4.7200,160715865,772576090.8700,3,1.182800,1,2.330500,18.818576,5.226315,-74.401151,1.720465,0
2024-04-09,sh.600905,4.8200,4.8700,4.8000,4.8400,4.8300,119411944,577919177.3800,3,0.878800,1,0.207000,18.857538,5.237136,-74.555190,1.724027,0
2024-04-10,sh.600905,4.8500,4.8900,4.8200,4.8400,4.8400,107283907,520947756.6200,3,0.789600,1,0.000000,18.857538,5.237136,-74.555190,1.724027,0
2024-04-11,sh.600905,4.8300,4.8600,4.7900,4.8200,4.8400,87703107,423135788.4500,3,0.645500,1,-0.413200,18.779614,5.215495,-74.247111,1.716903,0
2024-04-12,sh.600905,4.8200,4.8300,4.7700,4.7800,4.8200,76508662,367078497.4200,3,0.563100,1,-0.829900,18.623767,5.172212,-73.630952,1.702655,0
2024-04-15,sh.600905,4.8000,4.8700,4.7800,4.8600,4.7800,108687781,526671812.4500,3,0.799900,1,1.673600,18.935462,5.258777,-74.863270,1.731151,0
2024-04-16,sh.600905,4.8600,4.9000,4.8100,4.8300,4.8600,111707639,542737038.4300,3,0.822100,1,-0.617300,18.818576,5.226315,-74.401151,1.720465,0
2024-04-17,sh.600905,4.8100,4.8700,4.7900,4.8600,4.8300,103573549,500367105.6400,3,0.762300,1,0.621100,18.935462,5.258777,-74.863270,1.731151,0
2024-04-18,sh.600905,4.8500,4.9000,4.8300,4.8400,4.8600,98675343,479712556.2100,3,0.726200,1,-0.411500,18.857538,5.237136,-74.555190,1.724027,0
2024-04-19,sh.600905,4.8200,4.8400,4.7600,4.7700,4.8400,98852895,473543674.8800,3,0.727500,1,-1.446300,18.584805,5.161392,-73.476913,1.699093,0
2024-04-22,sh.600905,4.7700,4.8200,4.7400,4.7500,4.7700,88341625,422518102.0000,3,0.650200,1,-0.419300,18.506881,5.139751,-73.168834,1.691969,0
2024-04-23,sh.600905,4.7500,4.7800,4.7100,4.7100,4.7500,77315064,366372378.1400,3,0.569000,1,-0.842100,18.351034,5.096469,-72.552675,1.677720,0
2024-04-24,sh.600905,4.7100,4.7400,4.6800,4.7200,4.7100,74777262,351945667.2900,3,0.550300,1,0.212300,18.389919,5.107268,-72.706410,1.681275,0
2024-04-25,sh.600905,4.7200,4.7500,4.6800,4.7200,4.7200,55411918,261208574.9600,3,0.407800,1,0.000000,18.389919,5.107268,-72.706410,1.681275,0
2024-04-26,sh.600905,4.7100,4.7700,4.7100,4.7600,4.7200,87110728,413188514.6300,3,0.641100,1,0.847500,18.545766,5.150550,-73.322566,1.695524,0
2024-04-29,sh.600905,4.7500,4.8500,4.7500,4.8400,4.7600,105313900,508218793.7400,3,0.775100,1,1.680700,18.857459,5.237114,-74.554878,1.724020,0
2024-04-30,sh.600905,4.8100,4.8300,4.6600,4.6900,4.8400,195951874,924377091.7400,3,1.442100,1,-3.099200,18.686353,4.875647,-21.907689,1.577677,0
2024-05-06,sh.600905,4.7100,4.8200,4.7100,4.7400,4.6900,177450418,845619216.1500,3,1.305900,1,1.066100,18.885568,4.927627,-22.141247,1.594496,0
2024-05-07,sh.600905,4.7600,4.7600,4.6700,4.7000,4.7400,120735093,566942382.2400,3,0.888600,1,-0.843900,18.726196,4.886043,-21.954401,1.581041,0
2024-05-08,sh.600905,4.7000,4.7200,4.6600,4.6900,4.7000,83433700,390546964.0000,3,0.614000,1,-0.212800,18.686353,4.875647,-21.907689,1.577677,0
2024-05-09,sh.600905,4.6700,4.7100,4.6700,4.6900,4.6900,77010956,361585681.4200,3,0.566800,1,0.000000,18.686353,4.875647,-21.907689,1.577677,0
2024-05-10,sh.600905,4.6900,4.7500,4.6700,4.7400,4.6900,115920191,546476542.2300,3,0.853100,1,1.066100,18.885568,4.927627,-22.141247,1.594496,0
2024-05-13,sh.600905,4.7400,4.7800,4.7000,4.7600,4.7400,139610513,662814595.1300,3,1.027500,1,0.421900,18.965254,4.948418,-22.234670,1.601224,0
2024-05-14,sh.600905,4.7500,4.7900,4.7300,4.7400,4.7600,109652166,521271379.1800,3,0.807000,1,-0.420200,18.885568,4.927627,-22.141247,1.594496,0
2024-05-15,sh.600905,4.7300,4.7600,4.6700,4.6700,4.7400,108945572,511854713.3000,3,0.801800,1,-1.476800,18.606668,4.854856,-21.814266,1.570949,0
2024-05-16,sh.600905,4.6700,4.6900,4.6200,4.6300,4.6700,103521666,482051415.5800,3,0.761900,1,-0.856500,18.447296,4.813272,-21.627420,1.557493,0
2024-05-17,sh.600905,4.6400,4.6800,4.6300,4.6600,4.6300,92867392,431926753.9600,3,0.683500,1,0.647900,18.566825,4.844460,-21.767555,1.567585,0
2024-05-20,sh.600905,4.6600,4.6900,4.6400,4.6700,4.6600,87448163,408373349.5800,3,0.643600,1,0.214600,18.606668,4.854856,-21.814266,1.570949,0
2024-05-21,sh.600905,4.6700,4.6700,4.6300,4.6400,4.6700,72992792,338820466.9600,3,0.537200,1,-0.642400,18.487139,4.823668,-21.674132,1.560857,0
2024-05-22,sh.600905,4.6400,4.6800,4.6300,4.6500,4.6400,61036959,284233447.1300,3,0.449200,1,0.215500,18.526982,4.834064,-21.720843,1.564221,0
2024-05-23,sh.600905,4.6600,4.6600,4.5800,4.6000,4.6500,101901592,469522154.6100,3,0.749900,1,-1.075300,18.327767,4.782085,-21.487286,1.547401,0
2024-05-24,sh.600905,4.5900,4.6800,4.5800,4.6400,4.6000,123506234,574494176.4200,3,0.908900,1,0.869600,18.487139,4.823668,-21.674132,1.560857,0
2024-05-27,sh.600905,4.6500,4.6800,4.6200,4.6600,4.6400,104118126,485518418.8200,3,0.766300,1,0.431000,18.566825,4.844460,-21.767555,1.567585,0
2024-05-28,sh.600905,4.6500,4.8000,4.6400,4.7500,4.6600,204602367,969814270.9800,3,1.505800,1,1.931300,18.925411,4.938022,-22.187958,1.597860,0
2024-05-29,sh.600905,4.7500,4.7900,4.6700,4.7400,4.7500,124994646,592528385.7400,3,0.919900,1,-0.210500,18.885568,4.927627,-22.141247,1.594496,0
2024-05-30,sh.600905,4.7500,4.8300,4.7500,4.7600,4.7400,165586413,792619425.9100,3,1.218600,1,0.421900,18.965254,4.948418,-22.234670,1.601224,0
2024-05-31,sh.600905,4.7600,4.7700,4.6600,4.6700,4.7600,135415289,636752278.4200,3,0.996600,1,-1.890800,18.606668,4.854856,-21.814266,1.570949,0
2024-06-03,sh.600905,4.6500,4.7100,4.6100,4.6300,4.6700,122298136,566386651.5600,3,0.900100,1,-0.856500,18.447296,4.813272,-21.627420,1.557493,0
2024-06-04,sh.600905,4.6300,4.6700,4.6100,4.6500,4.6300,100642012,467059836.0500,3,0.740700,1,0.432000,18.526982,4.834064,-21.720843,1.564221,0
2024-06-05,sh.600905,4.6300,4.6500,4.6100,4.6300,4.6500,77529847,358862713.2700,3,0.570600,1,-0.430100,18.447296,4.813272,-21.627420,1.557493,0
2024-06-06,sh.600905,4.6300,4.6300,4.5600,4.5800,4.6300,115997203,532459394.5900,3,0.853700,1,-1.079900,18.248081,4.761293,-21.393863,1.540674,0
2024-06-07,sh.600905,4.5800,4.7000,4.5500,4.6800,4.5800,171072442,789148892.9700,3,1.259000,1,2.183400,18.646511,4.865252,-21.860978,1.574313,0
2024-06-11,sh.600905,4.6900,4.7600,4.6800,4.7100,4.6800,195073010,920267725.2700,3,0.682400,1,0.641000,18.766039,4.896439,-22.001112,1.584404,0
2024-06-12,sh.600905,4.7000,4.7000,4.6200,4.6200,4.7100,128308056,596583710.8000,3,0.448900,1,-1.910800,18.407453,4.802876,-21.580709,1.554129,0
2024-06-13,sh.600905,4.6100,4.6800,4.5900,4.6800,4.6200,126152933,585900653.1600,3,0.441300,1,1.298700,18.646511,4.865252,-21.860978,1.574313,0
2024-06-14,sh.600905,4.6600,4.7000,4.6100,4.7000,4.6800,253699865,1179711172.4500,3,0.887500,1,0.427400,18.726196,4.886043,-21.954401,1.581041,0
2024-06-17,sh.600905,4.6400,4.7100,4.5800,4.6200,4.7000,185474547,861228610.3100,3,0.648800,1,-1.702100,18.407453,4.802876,-21.580709,1.554129,0
2024-06-18,sh.600905,4.6200,4.6300,4.5100,4.5300,4.6200,204058364,927396661.5600,3,0.713800,1,-1.948100,18.048866,4.709314,-21.160305,1.523854,0
2024-06-19,sh.600905,4.5200,4.5300,4.4100,4.4300,4.5300,162203974,722367288.1500,3,0.567400,1,-2.207500,17.650436,4.605356,-20.693190,1.490215,0
2024-06-20,sh.600905,4.4200,4.4300,4.3000,4.3100,4.4300,183335808,797497386.0400,3,0.641400,1,-2.708800,17.172321,4.480606,-20.132652,1.449848,0
2024-06-21,sh.600905,4.3000,4.3500,4.2800,4.3100,4.3100,120295641,518321953.8700,3,0.420800,1,0.000000,17.172321,4.480606,-20.132652,1.449848,0
2024-06-24,sh.600905,4.3000,4.3700,4.2800,4.3300,4.3100,125396140,542918364.0000,3,0.438700,1,0.464000,17.252007,4.501397,-20.226075,1.456576,0
2024-06-25,sh.600905,4.3300,4.3400,4.2700,4.2900,4.3300,93005356,400046185.1600,3,0.325400,1,-0.923800,17.092635,4.459814,-20.039229,1.443120,0
2024-06-26,sh.600905,4.2800,4.3300,4.2300,4.3200,4.2900,82465728,352846951.9600,3,0.288500,1,0.699300,17.212164,4.491001,-20.179364,1.453212,0
2024-06-27,sh.600905,4.3000,4.3200,4.2700,4.2800,4.3200,76070127,326277188.2700,3,0.266100,1,-0.925900,17.052792,4.449418,-19.992518,1.439756,0
2024-06-28,sh.600905,4.3000,4.3800,4.2900,4.3600,4.2800,130564898,566770575.3600,3,0.456700,1,1.869200,17.371535,4.532585,-20.366210,1.466667,0
2024-07-01,sh.600905,4.3600,4.4900,4.3500,4.4800,4.3600,151422269,672612310.9800,3,0.529700,1,2.752300,17.849651,4.657335,-20.926748,1.507034,0
2024-07-02,sh.600905,4.4800,4.5000,4.4500,4.4900,4.4800,97135243,435431090.6400,3,0.339800,1,0.223200,17.889494,4.667731,-20.973459,1.510398,0
2024-07-03,sh.600905,4.5000,4.5200,4.4700,4.4900,4.4900,76101635,342207574.7800,3,0.266200,1,0.000000,17.889494,4.667731,-20.973459,1.510398,0
2024-07-04,sh.600905,4.5000,4.5200,4.4700,4.4900,4.4900,82122299,368983251.6900,3,0.287300,1,0.000000,17.889494,4.667731,-20.973459,1.510398,0
2024-07-05,sh.600905,4.5000,4.5100,4.4500,4.4900,4.4900,71520320,320559380.6000,3,0.250200,1,0.000000,17.889494,4.667731,-20.973459,1.510398,0
2024-07-08,sh.600905,4.4900,4.5500,4.4800,4.5100,4.4900,90289062,408636818.2800,3,0.315900,1,0.445400,17.969180,4.688522,-21.066882,1.517126,0
2024-07-09,sh.600905,4.5200,4.5400,4.4700,4.5100,4.5100,98607454,444394462.2000,3,0.345000,1,0.000000,17.969180,4.688522,-21.066882,1.517126,0
2024-07-10,sh.600905,4.5100,4.5100,4.4200,4.4500,4.5100,88119192,393112359.4800,3,0.308300,1,-1.330400,17.730122,4.626147,-20.786613,1.496943,0
2024-07-11,sh.600905,4.4700,4.4800,4.4400,4.4600,4.4500,75394674,336382441.7800,3,0.263700,1,0.224700,17.769965,4.636543,-20.833325,1.500307,0
2024-07-12,sh.600905,4.4500,4.4800,4.4400,4.4500,4.4600,59244974,264245893.3000,3,0.207300,1,-0.224200,17.730122,4.626147,-20.786613,1.496943,0
2024-07-15,sh.600905,4.4400,4.4500,4.3800,4.4400,4.4500,71779758,317144770.1400,3,0.251100,1,-0.224700,17.690279,4.615751,-20.739902,1.493579,0
2024-07-16,sh.600905,4.4300,4.5000,4.4200,4.5000,4.4400,85413554,382017104.5900,3,0.298800,1,1.351400,17.929337,4.678126,-21.020171,1.513762,0
2024-07-17,sh.600905,4.4900,4.5400,4.4800,4.5300,4.5000,83832638,379175263.0000,3,0.293300,1,0.666700,18.048866,4.709314,-21.160305,1.523854,0
2024-07-18,sh.600905,4.5300,4.5900,4.4900,4.5900,4.5300,109972556,500412875.9500,3,0.384700,1,1.324500,18.287924,4.771689,-21.440574,1.544037,0
2024-07-19,sh.600905,4.5900,4.6900,4.5800,4.6800,4.5900,169000122,788062886.2100,3,0.591200,1,1.960800,18.646511,4.865252,-21.860978,1.574313,0
2024-07-22,sh.600905,4.6800,4.7400,4.6700,4.7100,4.6800,137912059,648980588.3300,3,0.482400,1,0.641000,18.766039,4.896439,-22.001112,1.584404,0
2024-07-23,sh.600905,4.7100,4.7500,4.6500,4.6500,4.7100,120801104,567780001.6000,3,0.422600,1,-1.273900,18.526982,4.834064,-21.720843,1.564221,0
2024-07-24,sh.600905,4.6600,4.7400,4.6500,4.7300,4.6500,135352560,637848617.2900,3,0.473500,1,1.720400,18.845725,4.917231,-22.094535,1.591132,0
2024-07-25,sh.600905,4.7100,4.9300,4.7100,4.9000,4.7300,334648222,1621875607.1000,3,1.170700,1,3.594100,19.523056,5.093960,-22.888630,1.648319,0
2024-07-26,sh.600905,4.9300,4.9300,4.8200,4.8900,4.9000,186816406,908044229.9400,3,0.653500,1,-0.204100,19.483213,5.083564,-22.841919,1.644955,0
2024-07-29,sh.600905,4.8700,4.9500,4.8600,4.9300,4.8900,167029439,821921047.4700,3,0.584300,1,0.818000,19.642585,5.125147,-23.028765,1.658411,0
2024-07-30,sh.600905,4.9200,4.9500,4.8700,4.8900,4.9300,130035955,636413339.1400,3,0.454900,1,-0.811400,19.483213,5.083564,-22.841919,1.644955,0
2024-07-31,sh.600905,4.8700,4.8800,4.7900,4.8600,4.8900,189253101,913191006.3300,3,0.662100,1,-0.613500,19.363684,5.052377,-22.701784,1.634863,0
2024-08-01,sh.600905,4.8400,4.9200,4.8200,4.8300,4.8600,114415139,557041848.1100,3,0.400300,1,-0.617300,19.244155,5.021189,-22.561650,1.624771,0
2024-08-02,sh.600905,4.8300,4.8600,4.8000,4.8200,4.8300,84865295,409403826.4000,3,0.296900,1,-0.207000,19.204312,5.010793,-22.514938,1.621408,0
2024-08-05,sh.600905,4.8100,4.8500,4.7600,4.7600,4.8200,105135001,504191531.0700,3,0.367800,1,-1.244800,18.965254,4.948418,-22.234670,1.601224,0
2024-08-06,sh.600905,4.7700,4.8000,4.7200,4.7600,4.7600,77636857,369124918.6700,3,0.271600,1,0.000000,18.965254,4.948418,-22.234670,1.601224,0
2024-08-07,sh.600905,4.7700,4.7800,4.7400,4.7500,4.7600,70347455,334905138.1100,3,0.246100,1,-0.210100,18.925411,4.938022,-22.187958,1.597860,0
2024-08-08,sh.600905,4.7500,4.7700,4.7300,4.7700,4.7500,72548600,344474632.0000,3,0.253800,1,0.421100,19.005097,4.958814,-22.281381,1.604588,0
2024-08-09,sh.600905,4.7600,4.8100,4.7500,4.7600,4.7700,84644524,404164771.5000,3,0.296100,1,-0.209600,18.965254,4.948418,-22.234670,1.601224,0
2024-08-12,sh.600905,4.8000,4.8300,4.7300,4.7500,4.7600,104533300,498157541.0000,3,0.365700,1,-0.210100,18.925411,4.938022,-22.187958,1.597860,0
2024-08-13,sh.600905,4.7500,4.7600,4.7000,4.7200,4.7500,78132200,369293995.0000,3,0.273300,1,-0.631600,18.805882,4.906835,-22.047824,1.587768,0
2024-08-14,sh.600905,4.6700,4.7100,4.6500,4.6700,4.6400,70210922,328564421.3000,3,0.245600,1,0.646600,18.606668,4.854856,-21.814266,1.570949,0
2024-08-15,sh.600905,4.6600,4.7600,4.6500,4.7500,4.6700,91533827,432968216.6100,3,0.320200,1,1.713100,18.925411,4.938022,-22.187958,1.597860,0
2024-08-16,sh.600905,4.7500,4.7900,4.7100,4.7300,4.7500,77441265,366698965.6100,3,0.270900,1,-0.421100,18.845725,4.917231,-22.094535,1.591132,0
2024-08-19,sh.600905,4.7200,4.7600,4.7100,4.7300,4.7300,55331000,261935453.0000,3,0.193600,1,0.000000,18.845725,4.917231,-22.094535,1.591132,0
2024-08-20,sh.600905,4.7400,4.7500,4.6600,4.6900,4.7300,65630555,307843402.5800,3,0.229600,1,-0.845700,18.686353,4.875647,-21.907689,1.577677,0
2024-08-21,sh.600905,4.6900,4.7000,4.6600,4.6600,4.6900,43102017,201510841.4000,3,0.150800,1,-0.639700,18.566825,4.844460,-21.767555,1.567585,0
2024-08-22,sh.600905,4.6600,4.7000,4.6600,4.6800,4.6600,49247160,230364774.1800,3,0.172300,1,0.429200,18.646511,4.865252,-21.860978,1.574313,0
2024-08-23,sh.600905,4.6800,4.6900,4.6000,4.6600,4.6800,76824300,356259481.0000,3,0.268700,1,-0.427400,18.566825,4.844460,-21.767555,1.567585,0
2024-08-26,sh.600905,4.6500,4.7200,4.6300,4.7100,4.6600,71704400,335484901.0000,3,0.250800,1,1.073000,18.766039,4.896439,-22.001112,1.584404,0
2024-08-27,sh.600905,4.7000,4.7200,4.6600,4.7000,4.7100,43124367,202061368.0700,3,0.150900,1,-0.212300,18.726196,4.886043,-21.954401,1.581041,0
2024-08-28,sh.600905,4.7000,4.7000,4.6200,4.6400,4.7000,59119509,274905581.7600,3,0.206800,1,-1.276600,18.487139,4.823668,-21.674132,1.560857,0
2024-08-29,sh.600905,4.6300,4.6700,4.6000,4.6200,4.6400,67927109,314568772.4900,3,0.237600,1,-0.431000,18.407453,4.802876,-21.580709,1.554129,0
2024-08-30,sh.600905,4.6100,4.6400,4.5500,4.5700,4.6200,129557784,594422522.8100,3,0.453200,1,-1.082300,18.208238,4.750897,-21.347151,1.537310,0
2024-09-02,sh.600905,4.5000,4.5100,4.2600,4.2800,4.5700,292147437,1266762101.5200,3,1.022000,1,-6.345700,18.275147,4.400042,-19.249548,1.449521,0
2024-09-03,sh.600905,4.2800,4.3000,4.2400,4.2400,4.2800,127002204,541368802.1200,3,0.444300,1,-0.934600,18.104351,4.358920,-19.069646,1.435974,0
2024-09-04,sh.600905,4.2300,4.2400,4.1900,4.2000,4.2400,115683043,486894812.6000,3,0.404700,1,-0.943400,17.933556,4.317798,-18.889743,1.422427,0
2024-09-05,sh.600905,4.2000,4.2200,4.1700,4.1900,4.2000,96966010,406606463.8000,3,0.339200,1,-0.238100,17.890857,4.307518,-18.844768,1.419040,0
2024-09-06,sh.600905,4.2000,4.2300,4.1700,4.1700,4.1900,67309000,282314078.0000,3,0.235500,1,-0.477300,17.805459,4.286957,-18.754817,1.412267,0
2024-09-09,sh.600905,4.1600,4.1700,4.0600,4.0900,4.1700,132674200,543783881.0000,3,0.464100,1,-1.918500,17.463867,4.204713,-18.395012,1.385173,0
2024-09-10,sh.600905,4.1000,4.1100,4.0400,4.1000,4.0900,91952800,374401378.6500,3,0.321700,1,0.244500,17.506566,4.214994,-18.439988,1.388560,0
2024-09-11,sh.600905,4.0800,4.0900,4.0400,4.0600,4.1000,66297307,268997412.2800,3,0.231900,1,-0.975600,17.335770,4.173872,-18.260085,1.375013,0
2024-09-12,sh.600905,4.0600,4.1100,4.0500,4.0800,4.0600,70844699,289303123.9300,3,0.247800,1,0.492600,17.421168,4.194433,-18.350036,1.381786,0
2024-09-13,sh.600905,4.0800,4.1000,4.0700,4.0700,4.0800,46549254,190181450.7800,3,0.162800,1,-0.245100,17.378469,4.184152,-18.305061,1.378399,0
2024-09-18,sh.600905,4.0800,4.0900,4.0100,4.0500,4.0700,52448240,211966834.8000,3,0.183500,1,-0.491400,17.293071,4.163591,-18.215110,1.371626,0
2024-09-19,sh.600905,4.0600,4.1000,4.0200,4.0700,4.0500,85463220,347021629.7900,3,0.299000,1,0.493800,17.378469,4.184152,-18.305061,1.378399,0
2024-09-20,sh.600905,4.0700,4.1100,4.0400,4.0900,4.0700,84516840,344249549.6000,3,0.295700,1,0.491400,17.463867,4.204713,-18.395012,1.385173,0
2024-09-23,sh.600905,4.1000,4.1000,4.0700,4.0900,4.0900,54508772,222823150.4800,3,0.190700,1,0.000000,17.463867,4.204713,-18.395012,1.385173,0
2024-09-24,sh.600905,4.1100,4.2200,4.1000,4.2100,4.0900,141143030,588135806.9200,3,0.493800,1,2.934000,17.976254,4.328079,-18.934719,1.425814,0
2024-09-25,sh.600905,4.2400,4.3700,4.2400,4.2900,4.2100,206281253,890150261.2800,3,0.721600,1,1.900200,18.317846,4.410322,-19.294524,1.452907,0
2024-09-26,sh.600905,4.2800,4.3700,4.2500,4.3700,4.2900,153363319,662571761.8800,3,0.536500,1,1.864800,18.659438,4.492566,-19.654328,1.480001,0
2024-09-27,sh.600905,4.4100,4.5000,4.4100,4.4900,4.3700,122554833,545977913.6300,3,0.428700,1,2.746000,19.171825,4.615932,-20.194035,1.520642,0
2024-09-30,sh.600905,4.6000,4.8700,4.5900,4.8500,4.4900,433271515,2057112036.7500,3,1.515700,1,8.017800,20.708987,4.986029,-21.813156,1.642564,0
2024-10-08,sh.600905,5.3100,5.3300,4.7600,4.9100,4.8500,665275017,3337669329.5500,3,2.327300,1,1.237100,20.965180,5.047712,-22.083010,1.662885,0
2024-10-09,sh.600905,4.8400,4.8400,4.5600,4.5700,4.9100,329359267,1543955636.2000,3,1.152200,1,-6.924600,19.513416,4.698176,-20.553840,1.547736,0
2024-10-10,sh.600905,4.5500,4.7600,4.5500,4.6800,4.5700,225525959,1053948064.5600,3,0.788900,1,2.407000,19.983105,4.811261,-21.048571,1.584990,0
2024-10-11,sh.600905,4.6800,4.7200,4.5700,4.6100,4.6800,140463971,652613083.8000,3,0.491400,1,-1.495700,19.684212,4.739298,-20.733742,1.561283,0
2024-10-14,sh.600905,4.6200,4.6700,4.5900,4.6300,4.6100,142761575,659592994.4100,3,0.499400,1,0.433800,19.769610,4.759859,-20.823693,1.568056,0
2024-10-15,sh.600905,4.6200,4.6300,4.5200,4.5200,4.6300,145795073,665947875.8400,3,0.510000,1,-2.375800,19.299922,4.646773,-20.328962,1.530802,0
2024-10-16,sh.600905,4.4900,4.5400,4.4700,4.5100,4.5200,107452202,483391339.9800,3,0.375900,1,-0.221200,19.257223,4.636493,-20.283986,1.527415,0
2024-10-17,sh.600905,4.5200,4.5300,4.4100,4.4100,4.5100,123938918,553091661.9800,3,0.433600,1,-2.217300,18.829887,4.533605,-19.833866,1.493521,0
2024-10-18,sh.600905,4.4100,4.5800,4.3900,4.5100,4.4100,166724318,746300873.7200,3,0.583200,1,2.267600,19.256868,4.636408,-20.283613,1.527387,0
2024-10-21,sh.600905,4.5100,4.5300,4.4700,4.4900,4.5100,132042479,593100101.2600,3,0.461900,1,-0.443500,19.171472,4.615847,-20.193664,1.520614,0
2024-10-22,sh.600905,4.4800,4.5600,4.4700,4.5600,4.4900,126115881,570730032.2100,3,0.441200,1,1.559000,19.470359,4.687809,-20.508487,1.544321,0
2024-10-23,sh.600905,4.5600,4.7800,4.5600,4.7700,4.5600,325984734,1532649836.0300,3,1.140400,1,4.605300,20.367020,4.903695,-21.452957,1.615441,0
2024-10-24,sh.600905,4.7500,4.7600,4.6600,4.7000,4.7700,139077151,652599228.7400,3,0.486500,1,-1.467500,20.068133,4.831733,-21.138133,1.591734,0
2024-10-25,sh.600905,4.6900,4.7400,4.6800,4.7100,4.7000,113152950,532911732.2800,3,0.395800,1,0.212800,20.110831,4.842013,-21.183108,1.595121,0
2024-10-28,sh.600905,4.7000,4.7300,4.6500,4.7300,4.7100,112158599,527292546.3000,3,0.392400,1,0.424600,20.196228,4.862574,-21.273058,1.601894,0
2024-10-29,sh.600905,4.7400,4.7600,4.6500,4.6700,4.7300,113190546,531239944.3000,3,0.396000,1,-1.268500,19.940039,4.800892,-21.003209,1.581574,0
2024-10-30,sh.600905,4.6500,4.6800,4.5600,4.6000,4.6700,154843355,713689384.8900,3,0.541700,1,-1.498900,19.641152,4.728930,-20.688386,1.557867,0
2024-10-31,sh.600905,4.9000,4.9000,4.7000,4.7500,4.6000,352589522,1680368983.7900,3,1.233400,1,3.260900,19.880902,4.695003,-60.719680,1.587582,0
2024-11-01,sh.600905,4.7200,4.7900,4.6500,4.7600,4.7500,227993994,1075940296.5000,3,0.797600,1,0.210500,19.922756,4.704888,-60.847511,1.590924,0
2024-11-04,sh.600905,4.7600,4.7700,4.7100,4.7500,4.7600,118419484,560391428.3100,3,0.414300,1,-0.210100,19.880902,4.695003,-60.719680,1.587582,0
2024-11-05,sh.600905,4.7400,4.8000,4.7200,4.8000,4.7500,199913846,953463632.1300,3,0.699300,1,1.052600,20.090174,4.744424,-61.358834,1.604294,0
2024-11-06,sh.600905,4.7900,4.8200,4.7600,4.7800,4.8000,166517818,796542821.3200,3,0.582500,1,-0.416700,20.006465,4.724656,-61.103173,1.597609,0
2024-11-07,sh.600905,4.7500,4.8500,4.7400,4.8500,4.7800,202064717,971554554.3900,3,0.706900,1,1.464400,20.299447,4.793846,-61.997989,1.621005,0
2024-11-08,sh.600905,4.8700,4.9100,4.8000,4.8400,4.8500,189842039,921167905.2700,3,0.664100,1,-0.206200,20.257593,4.783961,-61.870158,1.617663,0
2024-11-11,sh.600905,4.8300,4.8600,4.7700,4.8100,4.8400,146598965,704109444.0500,3,0.512800,1,-0.619800,20.132029,4.754309,-61.486665,1.607636,0
2024-11-12,sh.600905,4.8100,4.8300,4.7400,4.7600,4.8100,160687288,769237122.3100,3,0.562100,1,-1.039500,19.922756,4.704888,-60.847511,1.590924,0
2024-11-13,sh.600905,4.7400,4.7800,4.7300,4.7700,4.7600,106789297,508276640.5300,3,0.373600,1,0.210100,19.964611,4.714772,-60.975342,1.594267,0
2024-11-14,sh.600905,4.7600,4.7800,4.6900,4.6900,4.7700,112196481,531089355.8900,3,0.392500,1,-1.677100,19.629775,4.635698,-59.952694,1.567529,0
2024-11-15,sh.600905,4.6800,4.7400,4.6600,4.6700,4.6900,123661838,581066817.4600,3,0.432600,1,-0.426400,19.546066,4.615930,-59.697033,1.560844,0
2024-11-18,sh.600905,4.6900,4.8000,4.6700,4.7200,4.6700,157949897,750373743.4600,3,0.552500,1,1.070700,19.755338,4.665351,-60.336187,1.577555,0
2024-11-19,sh.600905,4.7200,4.7400,4.6600,4.7300,4.7200,101388838,476759636.9800,3,0.354700,1,0.211900,19.797193,4.675235,-60.464018,1.580898,0
2024-11-20,sh.600905,4.7200,4.7200,4.6900,4.7000,4.7300,80434270,378248916.6200,3,0.281400,1,-0.634200,19.671629,4.645582,-60.080525,1.570871,0
2024-11-21,sh.600905,4.7000,4.7100,4.6600,4.6800,4.7000,74355800,347947778.0000,3,0.260100,1,-0.425500,19.587920,4.625814,-59.824864,1.564186,0
2024-11-22,sh.600905,4.6800,4.7000,4.5800,4.5900,4.6800,121727395,565152987.4500,3,0.425800,1,-1.923100,19.211229,4.536856,-58.674385,1.534106,0
2024-11-25,sh.600905,4.5800,4.6200,4.5000,4.5300,4.5900,126715578,577534115.5100,3,0.443300,1,-1.307200,18.960102,4.477551,-57.907400,1.514052,0
2024-11-26,sh.600905,4.5200,4.5600,4.5100,4.5400,4.5300,65650573,298078169.3100,3,0.229700,1,0.220800,19.001957,4.487435,-58.035231,1.517394,0
2024-11-27,sh.600905,4.5400,4.5700,4.4800,4.5700,4.5400,93309293,423128845.9600,3,0.326400,1,0.660800,19.127520,4.517087,-58.418724,1.527421,0
2024-11-28,sh.600905,4.5600,4.5800,4.5400,4.5500,4.5700,80958478,368951477.8300,3,0.283200,1,-0.437600,19.043811,4.497319,-58.163062,1.520737,0
2024-11-29,sh.600905,4.5500,4.5900,4.5300,4.5600,4.5500,81911301,373912746.3600,3,0.286500,1,0.219800,19.085666,4.507203,-58.290893,1.524079,0
2024-12-02,sh.600905,4.5600,4.6200,4.5500,4.6100,4.5600,98256808,450925091.5400,3,0.343700,1,1.096500,19.294938,4.556624,-58.930047,1.540790,0
2024-12-03,sh.600905,4.6000,4.6300,4.5800,4.6200,4.6100,83778784,385907779.2500,3,0.293100,1,0.216900,19.336793,4.566509,-59.057878,1.544133,0
2024-12-04,sh.600905,4.6100,4.6200,4.5700,4.5800,4.6200,83448311,383891482.2000,3,0.291900,1,-0.865800,19.169375,4.526972,-58.546555,1.530763,0
2024-12-05,sh.600905,4.5800,4.6000,4.5500,4.5600,4.5800,75742544,346074965.4600,3,0.265000,1,-0.436700,19.085666,4.507203,-58.290893,1.524079,0
2024-12-06,sh.600905,4.5600,4.6200,4.5500,4.6100,4.5600,96167016,441965006.1600,3,0.336400,1,1.096500,19.294938,4.556624,-58.930047,1.540790,0
2024-12-09,sh.600905,4.6200,4.6600,4.6100,4.6200,4.6100,96377907,446316498.4600,3,0.337200,1,0.216900,19.336793,4.566509,-59.057878,1.544133,0
2024-12-10,sh.600905,4.6800,4.7200,4.6000,4.6000,4.6200,152142518,706532438.5900,3,0.532200,1,-0.432900,19.253084,4.546740,-58.802216,1.537448,0
2024-12-11,sh.600905,4.6000,4.6200,4.5900,4.6100,4.6000,83901874,386494005.5000,3,0.293500,1,0.217400,19.294938,4.556624,-58.930047,1.540790,0
2024-12-12,sh.600905,4.6100,4.6300,4.5800,4.6300,4.6100,91716696,422653803.3900,3,0.320800,1,0.433800,19.378647,4.576393,-59.185709,1.547475,0
2024-12-13,sh.600905,4.6100,4.6200,4.5400,4.5400,4.6300,144220804,658190322.1600,3,0.504500,1,-1.943800,19.001957,4.487435,-58.035231,1.517394,0
2024-12-16,sh.600905,4.5300,4.5700,4.5300,4.5500,4.5400,96120078,437510412.9000,3,0.336300,1,0.220300,19.043811,4.497319,-58.163062,1.520737,0
2024-12-17,sh.600905,4.5500,4.5700,4.5100,4.5100,4.5500,85937422,389676076.7900,3,0.300600,1,-0.879100,18.876393,4.457782,-57.651738,1.507368,0
2024-12-18,sh.600905,4.5300,4.5900,4.5200,4.5400,4.5100,93986048,428537972.0400,3,0.328800,1,0.665200,19.001957,4.487435,-58.035231,1.517394,0
2024-12-19,sh.600905,4.5200,4.5200,4.4600,4.4900,4.5400,103841095,465504429.6100,3,0.363300,1,-1.101300,18.792684,4.438014,-57.396076,1.500683,0
2024-12-20,sh.600905,4.4800,4.5000,4.4600,4.4700,4.4900,95921866,429490542.3800,3,0.335600,1,-0.445400,18.708975,4.418245,-57.140415,1.493998,0
2024-12-23,sh.600905,4.4700,4.5000,4.4500,4.4500,4.4700,82792605,370629888.6700,3,0.289600,1,-0.447400,18.625266,4.398477,-56.884753,1.487314,0
2024-12-24,sh.600905,4.4400,4.4900,4.4400,4.4800,4.4500,78605100,351098772.0000,3,0.275000,1,0.674200,18.750829,4.428130,-57.268245,1.497341,0
2024-12-25,sh.600905,4.4800,4.5300,4.4700,4.5100,4.4800,84255534,379624320.3500,3,0.294700,1,0.669600,18.875738,4.457627,-57.649737,1.507315,0
2024-12-26,sh.600905,4.5100,4.5200,4.4400,4.4500,4.5100,99019063,442781628.7700,3,0.346400,1,-1.330400,18.624619,4.398324,-56.882778,1.487262,0
2024-12-27,sh.600905,4.4500,4.4700,4.4300,4.4500,4.4500,104498438,464888437.5800,3,0.365600,1,0.000000,18.624619,4.398324,-56.882778,1.487262,0
2024-12-30,sh.600905,4.4500,4.4600,4.4000,4.4200,4.4500,92380408,408917145.6600,3,0.323200,1,-0.674200,18.499060,4.368673,-56.499299,1.477236,0
2024-12-31,sh.600905,4.4200,4.4400,4.3700,4.3700,4.4200,108057676,475883096.5700,3,0.378000,1,-1.131200,18.289795,4.319253,-55.860167,1.460525,0
