date,code,open,high,low,close,preclose,volume,amount,adjustflag,turn,tradestatus,pctChg,peTTM,psTTM,pcfNcfTTM,pbMRQ,isST
2017-03-06,sz.002851,16.0600,17.5200,16.0600,17.5200,12.1700,9661,168530.0000,3,0.021710,1,43.960560,28.390165,2.697779,84.519315,4.516919,0
2017-03-07,sz.002851,19.2700,19.2700,19.2700,19.2700,17.5200,2900,55883.0000,3,0.006517,1,9.988585,31.225940,2.967249,92.961598,4.968096,0
2017-03-08,sz.002851,21.2000,21.2000,21.2000,21.2000,19.2700,6230,132076.0000,3,0.014000,1,10.015570,34.353396,3.264436,102.272230,5.465679,0
2017-03-09,sz.002851,23.3200,23.3200,23.3200,23.3200,21.2000,10130,236231.0000,3,0.022764,1,9.999995,37.788735,3.590879,112.499453,6.012247,0
2017-03-10,sz.002851,25.6500,25.6500,25.6500,25.6500,23.3200,9330,239314.0000,3,0.020966,1,9.991424,41.564368,3.949659,123.739750,6.612956,0
2017-03-13,sz.002851,28.2200,28.2200,28.2200,28.2200,25.6500,16268,459082.0000,3,0.036557,1,10.019490,45.728907,4.345395,136.137846,7.275540,0
2017-03-14,sz.002851,31.0400,31.0400,31.0400,31.0400,28.2200,12798,397249.0000,3,0.028760,1,9.992919,50.298557,4.779626,149.741982,8.002579,0
2017-03-15,sz.002851,34.1400,34.1400,34.1400,34.1400,31.0400,23163,790784.0000,3,0.052052,1,9.987108,55.321931,5.256973,164.696884,8.801805,0
2017-03-16,sz.002851,37.5500,37.5500,37.5500,37.5500,34.1400,29619,1112193.0000,3,0.066560,1,9.988283,60.847642,5.782054,181.147275,9.680955,0
2017-03-17,sz.002851,41.3100,41.3100,41.3100,41.3100,37.5500,42315,1748032.0000,3,0.095090,1,10.013320,66.940509,6.361030,199.286124,10.650339,0
2017-03-20,sz.002851,45.4400,45.4400,45.4400,45.4400,41.3100,89294,4057519.0000,3,0.200661,1,9.997572,73.632939,6.996979,219.209912,11.715115,0
2017-03-21,sz.002851,49.9800,49.9800,49.9800,49.9800,45.4400,228746,11432725.0000,3,0.514036,1,9.991199,80.989751,7.696061,241.111606,12.885595,0
2017-03-22,sz.002851,54.9800,54.9800,54.9800,54.9800,49.9800,225671,12407391.0000,3,0.507126,1,10.004000,89.091967,8.465975,265.232415,14.174671,0
2017-03-23,sz.002851,60.4800,60.4800,60.4800,60.4800,54.9800,130280,7879334.0000,3,0.292764,1,10.003640,98.004405,9.312880,291.765305,15.592653,0
2017-03-24,sz.002851,66.5300,66.5300,66.5300,66.5300,60.4800,457126,30412592.0000,3,1.027249,1,10.003310,107.808086,10.244476,320.951484,17.152434,0
2017-03-27,sz.002851,73.1800,73.1800,73.1800,73.1800,66.5300,1430979,104719043.0000,3,3.215683,1,9.995493,118.584033,11.268462,353.032160,18.866904,0
2017-03-28,sz.002851,78.5000,80.5000,77.0100,80.1000,73.1800,30822788,2438883264.0000,3,69.264692,1,9.456133,129.797500,12.334023,386.415359,20.650984,0
2017-03-29,sz.002851,75.0000,80.0000,72.0900,72.0900,80.1000,20480601,1546024976.0000,3,46.023822,1,-10.000000,116.817750,11.100621,347.773823,18.585886,0
2017-03-30,sz.002851,69.0400,69.7600,64.8800,64.8800,72.0900,16529351,1104254416.0000,3,37.144609,1,-10.001390,105.134355,9.990405,312.991617,16.727039,0
2017-03-31,sz.002851,64.0200,65.9900,60.0600,61.8500,64.8800,11960008,750068032.0000,3,26.876422,1,-4.670159,100.224412,9.523837,298.374407,15.945860,0
2017-04-05,sz.002851,60.7000,61.8900,59.0200,61.3000,61.8500,7761635,470492208.0000,3,17.441876,1,-0.889247,99.333168,9.439146,295.721118,15.804062,0
2017-04-06,sz.002851,60.8800,63.6200,60.5000,61.0300,61.3000,9143706,569793696.0000,3,20.547654,1,-0.440458,98.895648,9.397571,294.418594,15.734452,0
2017-04-07,sz.002851,60.3600,63.0400,59.5100,60.4900,61.0300,7547493,461297680.0000,3,16.960658,1,-0.884806,98.020609,9.314420,291.813547,15.595231,0
2017-04-10,sz.002851,59.4100,59.4100,54.4400,54.4400,60.4900,9171438,513849456.0000,3,20.609973,1,-10.001660,88.216928,8.382824,262.627368,14.035450,0
2017-04-11,sz.002851,53.0200,55.2900,52.2500,54.5900,54.4400,7802851,421004368.0000,3,17.534497,1,0.275535,88.459994,8.405921,263.350992,14.074123,0
2017-04-12,sz.002851,54.0000,54.4900,50.5800,50.7000,54.5900,6266719,330955056.0000,3,14.082515,1,-7.125846,82.156470,7.806928,244.585003,13.071222,0
2017-04-13,sz.002851,51.5000,52.8000,50.8000,51.0000,50.7000,4646398,240333710.0000,3,10.441344,1,0.591714,82.642603,7.853123,246.032251,13.148567,0
2017-04-14,sz.002851,50.5700,52.2000,49.4700,51.2300,51.0000,4916242,249185653.0000,3,11.047735,1,0.450979,83.015305,7.888539,247.141809,13.207864,0
2017-04-17,sz.002851,48.5100,49.3500,46.1100,46.1100,51.2300,6898805,326028672.0000,3,15.502933,1,-9.994142,74.718636,7.100147,222.442100,11.887851,0
2017-04-18,sz.002851,46.4600,47.0000,44.6000,45.1600,46.1100,4141722,189137865.0000,3,9.307240,1,-2.060292,73.179215,6.953864,217.859146,11.642927,0
2017-04-19,sz.002851,45.2300,46.6600,45.0200,46.6000,45.1600,4748821,218633770.0000,3,10.671508,1,3.188660,75.512653,7.175599,224.805939,12.014181,0
2017-04-20,sz.002851,46.2000,46.2800,44.7000,45.2400,46.6000,4092585,186222239.0000,3,9.196820,1,-2.918448,73.308850,6.966182,218.245079,11.663552,0
2017-04-21,sz.002851,45.4100,46.4400,45.0000,45.0500,45.2400,2520375,114998313.0000,3,5.663764,1,-0.419988,73.000966,6.936925,217.328489,11.614567,0
2017-04-24,sz.002851,45.1000,45.5800,41.0000,44.8000,45.0500,3015807,133592842.0000,3,6.777094,1,-0.554939,72.595855,6.898430,216.122448,11.550114,0
2017-04-25,sz.002851,45.3100,46.2000,44.9100,45.2400,44.8000,2944330,134074675.0000,3,6.616472,1,0.982148,73.308850,6.966182,218.245079,11.663552,0
2017-04-26,sz.002851,44.9600,48.5000,44.9300,47.5100,45.2400,5299365,248133852.0000,3,11.908685,1,5.017676,76.987256,7.315723,229.195927,12.248792,0
2017-04-27,sz.002851,45.9900,48.6800,45.0000,48.0600,47.5100,6649466,313108960.0000,3,14.942620,1,1.157658,76.251493,7.059279,16.131173,7.093551,0
2017-04-28,sz.002851,47.7700,48.7600,47.5800,47.6100,48.0600,3970040,190510955.0000,3,8.921438,1,-0.936331,75.537527,6.993181,15.980132,7.027132,0
2017-05-02,sz.002851,47.6200,48.0000,46.1600,46.1700,47.6100,3085496,144764289.0000,3,6.933699,1,-3.024580,73.252838,6.781667,15.496801,6.814591,0
2017-05-03,sz.002851,45.6700,46.5800,44.1000,45.3900,46.1700,3946736,178836223.0000,3,8.869070,1,-1.689406,72.015299,6.667097,15.234997,6.699465,0
2017-05-04,sz.002851,44.9900,44.9900,43.8000,43.8600,45.3900,3118949,138472222.0000,3,7.008874,1,-3.370784,69.587817,6.442363,14.721457,6.473640,0
2017-05-05,sz.002851,43.8700,44.4800,43.0000,43.0100,43.8600,2729613,119437935.0000,3,6.133962,1,-1.937990,68.239216,6.317511,14.436158,6.348182,0
2017-05-08,sz.002851,42.9000,43.3400,40.4900,40.4900,43.0100,3121892,131006430.0000,3,7.015488,1,-5.859095,64.241010,5.947362,13.590328,5.976235,0
2017-05-09,sz.002851,40.0600,41.1800,39.9100,40.8900,40.4900,2499470,101906244.0000,3,5.616787,1,0.987893,64.875646,6.006116,13.724587,6.035274,0
2017-05-10,sz.002851,40.9600,44.3900,40.8100,41.7000,40.8900,4962957,211462429.0000,3,11.152712,1,1.980928,66.160783,6.125092,13.996461,6.154829,0
2017-05-11,sz.002851,41.3000,43.6300,40.6000,43.0600,41.7000,5018179,213080412.0000,3,11.276807,1,3.261392,68.318545,6.324855,14.452940,6.355562,0
2017-05-12,sz.002851,43.6000,44.5700,42.5000,43.1500,43.0600,4175500,181613567.0000,3,9.383146,1,0.209011,68.461338,6.338075,14.483148,6.368846,0
2017-05-15,sz.002851,42.3200,43.6300,42.3200,43.1900,43.1500,2655094,114241977.0000,3,5.966503,1,0.092693,68.524802,6.343950,14.496574,6.374749,0
2017-05-16,sz.002851,43.1900,44.1800,41.9100,44.1000,43.1900,3978241,171327307.0000,3,8.939867,1,2.106969,69.968598,6.477616,14.802013,6.509063,0
2017-05-17,sz.002851,43.9900,45.5300,43.5100,44.8800,44.1000,4621352,206964249.0000,3,10.385061,1,1.768713,71.206138,6.592186,15.063817,6.624190,0
2017-05-18,sz.002851,44.0500,45.2400,43.8800,44.0000,44.8800,2928372,130670890.0000,3,6.580611,1,-1.960787,69.809939,6.462927,14.768448,6.494304,0
2017-05-19,sz.002851,44.2600,45.3800,43.7900,43.9900,44.0000,2957913,131731909.0000,3,6.646996,1,-0.022723,69.794073,6.461458,14.765091,6.492828,0
2017-05-22,sz.002851,43.9800,44.2900,40.4000,40.6100,43.9900,4211171,176524712.0000,3,9.463306,1,-7.683566,64.431401,5.964988,13.630606,5.993947,0
2017-05-23,sz.002851,40.5200,40.7700,37.8100,37.9100,40.6100,3601872,141571005.0000,3,8.094094,1,-6.648611,60.147609,5.568399,12.724360,5.595433,0
2017-05-24,sz.002851,37.5000,39.1000,37.1100,38.9000,37.9100,1870955,71406184.0000,3,4.204393,1,2.611453,61.718333,5.713815,13.056650,5.741555,0
2017-05-25,sz.002851,38.7200,39.3300,37.6500,38.8100,38.9000,1967748,76103538.0000,3,4.421906,1,-0.231363,61.575540,5.700595,13.026442,5.728271,0
2017-05-26,sz.002851,38.9600,39.5300,38.5100,39.0100,38.8100,1698108,66234106.0000,3,3.815973,1,0.515323,61.892857,5.729972,13.093572,5.757791,0
2017-05-31,sz.002851,40.6000,40.8600,38.6100,38.6500,39.0100,2186169,87338902.0000,3,4.912739,1,-0.922832,61.321685,5.677094,12.972739,5.704655,0
2017-06-01,sz.002851,38.7000,38.7000,35.9700,36.0000,38.6500,2560315,95012854.0000,3,5.753517,1,-6.856407,57.117223,5.287849,12.083276,5.313521,0
2017-06-02,sz.002851,36.2100,37.3800,35.8800,37.1500,36.0000,1800741,65961277.0000,3,4.046609,1,3.194449,58.941801,5.456767,12.469269,5.483259,0
2017-06-05,sz.002851,37.6100,38.1000,37.0500,37.4100,37.1500,1435156,53834670.0000,3,3.225070,1,0.699861,59.354314,5.494957,12.556537,5.521634,0
2017-06-06,sz.002851,37.1200,37.4100,36.8000,37.1700,37.4100,1094010,40577597.0000,3,2.458449,1,-0.641544,58.973533,5.459705,12.475982,5.486211,0
2017-06-07,sz.002851,37.3700,38.9800,37.1000,38.7300,37.1700,2470424,94637169.0000,3,5.551515,1,4.196937,61.448612,5.688845,12.999591,5.716463,0
2017-06-08,sz.002851,38.5900,39.1500,38.2300,38.4800,38.7300,2036339,78869666.0000,3,4.576043,1,-0.645494,61.051965,5.652124,12.915679,5.679564,0
2017-06-09,sz.002851,38.6000,38.8500,37.7000,38.3700,38.4800,1507878,57546974.0000,3,3.388490,1,-0.285864,60.877440,5.635966,12.878758,5.663328,0
2017-06-12,sz.002851,37.6800,37.8100,36.5300,36.6600,38.3700,1787237,66323128.0000,3,4.016263,1,-4.456604,58.164372,5.384793,12.304802,5.410936,0
2017-06-13,sz.002851,36.6000,38.3500,36.3300,38.1000,36.6600,2053268,77404401.0000,3,4.614085,1,3.927983,60.449061,5.596307,12.788133,5.623477,0
2017-06-14,sz.002851,37.9500,38.9500,37.4500,38.0500,38.1000,2068345,78844020.0000,3,4.647966,1,-0.131232,60.369731,5.588963,12.771351,5.616097,0
2017-06-15,sz.002851,37.8000,39.5800,37.8000,38.8900,38.0500,3058648,119203301.0000,3,6.873366,1,2.207622,61.702467,5.712346,13.053294,5.740079,0
2017-06-16,sz.002851,39.0500,40.4600,38.5800,38.6300,38.8900,1895199,73988816.0000,3,4.258874,1,-0.668548,61.289953,5.674156,12.966026,5.701703,0
2017-06-19,sz.002851,38.7000,38.9200,38.1000,38.5500,38.6300,1400642,53870289.0000,3,3.147510,1,-0.207098,61.163026,5.662405,12.939174,5.689896,0
2017-06-20,sz.002851,38.8500,39.8800,38.5600,39.1300,38.5500,3404966,133539904.0000,3,7.651609,1,1.504544,62.083248,5.747599,13.133849,5.775502,0
2017-06-21,sz.002851,39.2000,39.6000,38.3100,38.7100,39.1300,2141646,83263403.0000,3,4.812688,1,-1.073350,61.416881,5.685907,12.992878,5.713511,0
2017-06-22,sz.002851,38.6800,38.9300,37.4300,37.4300,38.7100,1904392,72772588.0000,3,4.279533,1,-3.306636,59.386046,5.497895,12.563250,5.524586,0
2017-06-23,sz.002851,37.4300,37.7300,36.3500,37.3000,37.4300,1671474,61837709.0000,3,3.756121,1,-0.347318,59.179789,5.478800,12.519616,5.505398,0
2017-06-26,sz.002851,37.0000,37.7200,36.7700,37.6600,37.3000,1018022,38114496.0000,3,2.287690,1,0.965149,59.750962,5.531678,12.640449,5.558534,0
2017-06-27,sz.002851,37.8400,38.3300,37.5800,37.8000,37.6600,1052440,39904347.0000,3,2.365034,1,0.371746,59.973084,5.552242,12.687439,5.579197,0
2017-06-28,sz.002851,37.5800,37.5800,36.8800,36.9400,37.8000,1160298,43102120.0000,3,2.607411,1,-2.275134,58.608617,5.425921,12.398783,5.452263,0
2017-06-29,sz.002851,37.0000,38.0700,37.0000,37.7100,36.9400,1433257,54058560.0000,3,3.220802,1,2.084463,59.830291,5.539022,12.657231,5.565913,0
2017-06-30,sz.002851,37.4800,40.5900,37.4300,39.8700,37.7100,5414411,213692054.0000,3,12.167216,1,5.727923,63.257324,5.856293,13.382228,5.884725,0
2017-07-03,sz.002851,39.9000,40.8700,39.4000,40.6900,39.8700,3832667,153959886.0000,3,8.612735,1,2.056684,64.558328,5.976739,13.657458,6.005755,0
2017-07-04,sz.002851,40.4500,41.1800,40.0600,41.0500,40.6900,3590149,145506498.0000,3,8.067751,1,0.884740,65.129500,6.029617,13.778291,6.058890,0
2017-07-05,sz.002851,41.1500,41.2000,40.2800,41.0000,41.0500,2950683,120309693.0000,3,6.630748,1,-0.121801,65.050171,6.022273,13.761508,6.051510,0
2017-07-06,sz.002851,41.0100,42.8800,40.7500,41.5700,41.0000,3944196,165872915.0000,3,8.863362,1,1.390243,65.954527,6.105997,13.952827,6.135641,0
2017-07-07,sz.002851,41.3000,43.8800,41.2500,43.2200,41.5700,4369575,188225445.0000,3,9.819270,1,3.969212,68.572399,6.348357,14.506644,6.379177,0
2017-07-10,sz.002851,42.9700,42.9700,40.5000,40.5300,43.2200,4090718,169615185.0000,3,9.192625,1,-6.223976,64.304473,5.953237,13.603754,5.982139,0
2017-07-11,sz.002851,40.7200,41.3000,39.7800,40.1300,40.5300,1823573,73916812.0000,3,4.097917,1,-0.986918,63.669838,5.894483,13.469496,5.923100,0
2017-07-12,sz.002851,38.4900,39.4900,38.0800,39.1800,40.1300,2729895,105750758.0000,3,6.134596,1,-2.367308,62.162578,5.754943,13.150632,5.782882,0
2017-07-13,sz.002851,38.6000,39.0900,38.5000,38.5200,39.1800,1118206,43271513.0000,3,2.512822,1,-1.684533,61.115429,5.657999,12.929105,5.685468,0
2017-07-14,sz.002851,38.6000,38.8200,38.0200,38.3500,38.5200,884120,33952982.0000,3,1.986787,1,-0.441334,60.845708,5.633028,12.872045,5.660376,0
2017-07-17,sz.002851,37.9900,37.9900,34.6100,34.7400,38.3500,2557575,91725791.0000,3,5.747360,1,-9.413291,55.118120,5.102775,11.660361,5.127548,0
2017-07-18,sz.002851,34.7300,36.2800,34.5000,35.7700,34.7400,1240868,43933574.0000,3,2.788467,1,2.964878,56.752307,5.254066,12.006077,5.279574,0
2017-07-19,sz.002851,35.8500,35.8500,35.1000,35.3600,35.7700,1346884,47565883.0000,3,3.026706,1,-1.146212,56.101806,5.193843,11.868462,5.219059,0
2017-07-20,sz.002851,35.5400,36.4600,35.2200,35.2900,35.3600,1471670,52761899.0000,3,3.307124,1,-0.197963,55.990744,5.183561,11.844966,5.208727,0
2017-07-21,sz.002851,35.2900,35.7800,35.0000,35.2900,35.2900,994395,35170547.0000,3,2.234596,1,0.000000,55.990744,5.183561,11.844966,5.208727,0
2017-08-07,sz.002851,34.7600,35.2800,34.1000,34.2400,35.2900,2013202,69728323.0000,3,4.524049,1,-2.975345,54.324825,5.029332,11.492538,5.053749,0
2017-08-08,sz.002851,34.3100,34.5400,33.0000,33.2000,34.2400,2593871,86716993.0000,3,5.828924,1,-3.037386,52.674772,4.876572,11.143465,4.900247,0
2017-08-09,sz.002851,33.3200,33.9600,33.0500,33.4800,33.2000,1164729,39015979.0000,3,2.617369,1,0.843370,53.119017,4.917700,11.237446,4.941575,0
2017-08-10,sz.002851,33.4000,33.7500,32.7600,33.5100,33.4800,1180079,39342505.0000,3,2.651863,1,0.089602,53.166615,4.922107,11.247516,4.946003,0
2017-08-11,sz.002851,33.3000,33.6600,33.0100,33.1000,33.5100,798430,26570724.0000,3,1.794225,1,-1.223515,52.516113,4.861884,11.109901,4.885488,0
2017-08-14,sz.002851,33.3300,33.8800,33.1800,33.8000,33.1000,1001890,33759560.0000,3,2.251438,1,2.114806,53.626726,4.964703,11.344853,4.988806,0
2017-08-15,sz.002851,34.0000,35.1000,33.9000,34.8500,33.8000,1514473,52506448.0000,3,3.403310,1,3.106507,55.292645,5.118932,11.697282,5.143784,0
2017-08-16,sz.002851,34.8500,38.2000,34.5100,37.4800,34.8500,3625463,132200261.0000,3,8.147108,1,7.546632,59.465375,5.505239,12.580032,5.531966,0
2017-08-17,sz.002851,37.4200,38.9600,36.5000,37.8200,37.4800,3273409,123175548.0000,3,7.355975,1,0.907151,60.004816,5.555180,12.694152,5.582149,0
2017-08-18,sz.002851,37.1900,38.4900,36.8100,36.8300,37.8200,1681773,63086289.0000,3,3.779265,1,-2.617657,58.434092,5.409764,12.361862,5.436027,0
2017-08-21,sz.002851,36.9000,37.6500,36.8300,37.4500,36.8300,1189357,44340451.0000,3,2.672712,1,1.683407,59.417778,5.500832,12.569963,5.527538,0
2017-08-22,sz.002851,37.4100,37.5500,36.3000,36.4500,37.4500,1010017,37269396.0000,3,2.269701,1,-2.670227,57.831188,5.353948,12.234316,5.379940,0
2017-08-23,sz.002851,36.4500,37.3800,36.3100,36.6900,36.4500,913504,33692342.0000,3,2.052818,1,0.658430,58.211970,5.389200,12.314872,5.415364,0
2017-08-24,sz.002851,36.6000,36.8900,35.4800,35.5000,36.6900,1102291,39661199.0000,3,2.477058,1,-3.243387,56.323928,5.214407,11.915452,5.239722,0
2017-08-25,sz.002851,35.4000,36.3000,35.3500,36.1100,35.5000,1057973,38126028.0000,3,2.377467,1,1.718312,57.291748,5.304007,12.120197,5.329757,0
2017-08-28,sz.002851,36.2400,37.5800,36.2400,37.2500,36.1100,1698999,63109740.0000,3,3.817975,1,3.157018,59.100460,5.471455,12.502834,5.498018,0
2017-08-29,sz.002851,37.5000,39.4900,37.1100,38.2800,37.2500,3132427,119632201.0000,3,7.039162,1,2.765097,60.249008,5.334970,62.677720,5.542630,0
2017-08-30,sz.002851,38.0300,39.1900,37.7000,38.1000,38.2800,2455279,94288262.0000,3,5.517481,1,-0.470220,59.965705,5.309884,62.382997,5.516568,0
2017-08-31,sz.002851,37.8000,39.4600,37.8000,39.0800,38.1000,3298275,128264119.0000,3,7.411854,1,2.572187,61.508130,5.446464,63.987599,5.658464,0
2017-09-01,sz.002851,39.1500,39.3400,38.1300,38.7700,39.0800,2454628,94616104.0000,3,5.516018,1,-0.793248,61.020220,5.403260,63.480021,5.613578,0
2017-09-04,sz.002851,38.8000,39.9100,38.1400,38.8300,38.7700,2387894,93585500.0000,3,5.366054,1,0.154762,61.114654,5.411622,63.578262,5.622266,0
2017-09-05,sz.002851,38.2800,39.1500,38.1600,38.2300,38.8300,1307993,50357831.0000,3,2.939310,1,-1.545203,60.170313,5.328002,62.595852,5.535390,0
2017-09-06,sz.002851,38.0500,38.4900,37.1800,38.4000,38.2300,2142289,80895608.0000,3,4.814133,1,0.444682,60.437876,5.351694,62.874202,5.560005,0
2017-09-07,sz.002851,38.2200,40.4000,38.2200,40.1400,38.4000,4449499,175993933.0000,3,9.998874,1,4.531244,63.176467,5.594193,65.723189,5.811943,0
2017-09-08,sz.002851,40.0500,40.6400,39.3500,39.8600,40.1400,2629917,105035129.0000,3,5.909926,1,-0.697555,62.735775,5.555170,65.264731,5.771401,0
2017-09-11,sz.002851,40.6100,43.8200,39.9500,42.9900,39.8600,6615646,277635168.0000,3,14.866620,1,7.852487,67.662091,5.991389,70.389633,6.224599,0
2017-09-12,sz.002851,43.8100,47.0000,43.3000,43.8800,42.9900,8730089,392462976.4100,3,19.618178,1,2.070247,69.062865,6.115425,71.846874,6.353464,0
2017-09-13,sz.002851,43.0600,45.1800,43.0600,44.0600,43.8800,4510786,199204156.3700,3,10.136598,1,0.410210,69.346167,6.140511,72.141597,6.379527,0
2017-09-14,sz.002851,44.4100,44.4100,41.7000,42.3000,44.0600,4668227,199708833.2200,3,10.490398,1,-3.994558,67.677801,5.992780,70.405977,6.226045,0
2017-09-15,sz.002851,42.1300,42.4600,41.3200,41.5100,42.3000,2361815,98606344.6400,3,5.307449,1,-1.867615,66.413842,5.880858,69.091066,6.109766,0
2017-09-18,sz.002851,41.1700,42.8000,40.8600,42.2900,41.5100,3318162,139810395.3200,3,7.456544,1,1.879072,67.661801,5.991363,70.389332,6.224573,0
2017-09-19,sz.002851,41.9700,42.3000,41.2700,41.3900,42.2900,1954698,81506051.5200,3,4.392580,1,-2.128166,66.221848,5.863857,68.891333,6.092104,0
2017-09-20,sz.002851,41.0000,41.8400,40.9000,41.5500,41.3900,2093743,86713115.8500,3,4.705040,1,0.386566,66.477840,5.886525,69.157644,6.115654,0
2017-09-21,sz.002851,41.5600,42.0800,40.7500,40.9000,41.5500,1805055,74765099.4800,3,4.056303,1,-1.564375,65.437874,5.794437,68.075755,6.019982,0
2017-09-22,sz.002851,40.8000,42.3500,40.6600,42.1100,40.9000,2810716,117464451.3200,3,6.316216,1,2.958433,67.373811,5.965862,70.089732,6.198079,0
2017-09-25,sz.002851,42.0000,42.6800,40.7800,40.9100,42.1100,2234436,93439777.1000,3,5.021204,1,-2.849681,65.453873,5.795854,68.092400,6.021454,0
2017-09-26,sz.002851,40.7200,41.0900,38.8000,39.2600,40.9100,2537288,100710823.4800,3,5.701771,1,-4.033247,62.813959,5.562093,65.346067,5.778594,0
2017-09-27,sz.002851,39.2600,40.5900,39.0600,40.3700,39.2600,1504414,60414213.2800,3,3.380706,1,2.827307,64.589901,5.719350,67.193600,5.941972,0
2017-09-28,sz.002851,40.3500,41.3700,39.8300,41.0300,40.3700,1799489,73076370.3900,3,4.043796,1,1.634877,65.645867,5.812855,68.292133,6.039116,0
2017-09-29,sz.002851,41.3000,41.4500,40.6000,41.1300,41.0300,1462068,59905368.0000,3,3.285546,1,0.243730,65.805862,5.827022,68.458577,6.053835,0
2017-10-09,sz.002851,41.6200,42.2200,41.0500,41.9400,41.1300,1784924,74404576.5000,3,4.011065,1,1.969359,67.101820,5.941777,69.806777,6.173057,0
2017-10-10,sz.002851,42.2700,42.2900,41.5100,42.2200,41.9400,1593221,66618071.5200,3,3.580272,1,0.667627,67.549805,5.981446,70.272821,6.214270,0
2017-10-11,sz.002851,42.2200,42.3800,41.6600,41.6600,42.2200,1316971,55131818.8600,3,2.959485,1,-1.326389,66.653834,5.902109,69.340732,6.131844,0
2017-10-12,sz.002851,41.7400,42.0000,40.6100,41.0800,41.6600,1369071,56566415.2800,3,3.076564,1,-1.392218,65.725864,5.819938,68.375355,6.046476,0
2017-10-13,sz.002851,40.9700,42.1000,40.8800,41.7700,41.0800,1441379,60130604.2100,3,3.239054,1,1.679646,66.829828,5.917693,69.523821,6.148035,0
2017-10-16,sz.002851,41.6900,42.1000,40.0000,40.0600,41.7700,1635103,66826525.4600,3,3.674389,1,-4.093845,64.093917,5.675432,66.677622,5.896344,0
2017-10-17,sz.002851,40.1000,40.7800,39.8000,40.3800,40.0600,688868,27763222.6800,3,1.548018,1,0.798801,64.605901,5.720767,67.210244,5.943444,0
2017-10-18,sz.002851,40.2000,40.6000,39.2900,39.4500,40.3800,967025,38630251.0300,3,2.173090,1,-2.303121,63.117949,5.589011,65.662311,5.806559,0
2017-10-19,sz.002851,39.8600,39.9300,39.0600,39.1100,39.4500,910460,35728292.4200,3,2.045978,1,-0.861851,62.573967,5.540842,65.096401,5.756516,0
2017-10-20,sz.002851,39.1100,40.1600,39.1100,40.0000,39.1100,730020,28874159.2000,3,1.640494,1,2.275631,63.997920,5.666931,66.577756,5.887513,0
2017-10-23,sz.002851,40.2700,40.2700,39.5900,39.9100,40.0000,737700,29426537.8500,3,1.657753,1,-0.225000,63.853925,5.654181,66.427956,5.874266,0
2017-10-24,sz.002851,39.9300,40.2900,39.0100,39.4200,39.9100,591970,23366022.2000,3,1.330270,1,-1.227767,63.069951,5.584761,65.612378,5.802144,0
2017-10-25,sz.002851,39.6000,40.1500,39.2400,40.0900,39.4200,777700,30965787.2000,3,1.747640,1,1.699650,64.141916,5.679682,66.727556,5.900760,0
2017-10-26,sz.002851,40.0900,41.4900,40.0000,41.3800,40.0900,2077086,84710514.8600,3,4.667609,1,3.217762,66.205849,5.862440,68.874688,6.090632,0
2017-10-27,sz.002851,41.2500,41.7900,40.8200,41.1600,41.3800,1379050,56938364.3700,3,3.098989,1,-0.531661,65.853860,5.831272,68.508510,6.058251,0
2017-10-30,sz.002851,41.0500,41.0500,37.9000,39.1100,41.1600,1727778,68145851.0200,3,3.882647,1,-4.980562,61.249539,5.110664,89.298413,5.588155,0
2017-10-31,sz.002851,39.0000,39.3700,37.5000,38.4000,39.1100,1524214,58678230.3800,3,3.425200,1,-1.815390,60.137619,5.017885,87.677296,5.486709,0
2017-11-01,sz.002851,38.4000,39.3600,38.4000,39.0600,38.4000,919862,35881292.0800,3,2.067106,1,1.718750,61.171235,5.104130,89.184249,5.581011,0
2017-11-02,sz.002851,39.0600,39.3500,38.5100,38.8600,39.0600,852037,33117409.5200,3,1.914690,1,-0.512035,60.858018,5.077995,88.727597,5.552435,0
2017-11-03,sz.002851,38.8500,38.9900,37.6000,37.7300,38.8600,1003768,38285388.8600,3,2.255658,1,-2.907877,59.088343,4.930334,86.147510,5.390977,0
2017-11-06,sz.002851,38.1100,38.2900,37.5000,38.1600,37.7300,692572,26245610.0800,3,1.556342,1,1.139678,59.761759,4.986523,87.129313,5.452417,0
2017-11-07,sz.002851,38.0600,38.4000,37.8500,38.3700,38.1600,705790,26907401.6000,3,1.586045,1,0.550312,60.090637,5.013965,87.608798,5.482422,0
2017-11-08,sz.002851,38.3800,39.5700,38.1000,38.8000,38.3700,1082642,42234312.2400,3,2.432903,1,1.120668,60.764053,5.070155,88.590601,5.543862,0
2017-11-09,sz.002851,39.0000,39.1000,38.4100,38.9200,38.8000,908988,35167637.0600,3,2.042670,1,0.309276,60.951983,5.085836,88.864593,5.561008,0
2017-11-10,sz.002851,38.9500,40.8800,38.8200,40.6800,38.9200,2330817,93537682.7300,3,5.237791,1,4.522102,63.708290,5.315822,92.883135,5.812482,0
2017-11-13,sz.002851,40.9500,41.2400,40.4000,40.6900,40.6800,1775569,72295948.6500,3,3.990043,1,0.024578,63.723951,5.317129,92.905968,5.813911,0
2017-11-14,sz.002851,40.6800,40.8200,38.7300,39.3500,40.6900,1688328,67384646.1600,3,3.793996,1,-3.293193,61.625399,5.142026,89.846396,5.622447,0
2017-11-15,sz.002851,39.4000,39.5500,38.1100,38.4500,39.3500,1339997,51920737.0500,3,3.011229,1,-2.287161,60.215923,5.024419,87.791459,5.493853,0
2017-11-16,sz.002851,38.0700,38.8800,37.8800,37.9600,38.4500,913376,34934816.6400,3,2.052530,1,-1.274387,59.448542,4.960389,86.672660,5.423840,0
2017-11-17,sz.002851,37.8000,38.3000,36.0500,36.5000,37.9600,1466600,54465186.9600,3,3.295730,1,-3.846151,57.162060,4.769604,83.339096,5.215231,0
2017-11-20,sz.002851,36.4100,37.5400,36.4100,37.2200,36.5000,1150937,42625830.3800,3,2.586375,1,1.972606,58.289640,4.863690,84.983046,5.318107,0
2017-11-21,sz.002851,37.3000,38.1800,37.0000,37.5000,37.2200,1333849,50290850.8000,3,2.997413,1,0.752280,58.728144,4.900279,85.622359,5.358114,0
2017-11-22,sz.002851,37.6300,38.5000,37.6300,38.3000,37.5000,1195122,45563297.6400,3,2.685667,1,2.133331,59.981011,5.004818,87.448970,5.472420,0
2017-11-23,sz.002851,38.3800,38.6900,37.7000,37.7200,38.3000,941254,35998557.4600,3,2.115178,1,-1.514355,59.072682,4.929027,86.124677,5.389548,0
2017-11-24,sz.002851,37.7300,38.3300,37.3700,37.8500,37.7200,742330,28061606.5600,3,1.668157,1,0.344637,59.276273,4.946014,86.421501,5.408123,0
2017-11-27,sz.002851,37.8500,38.1900,37.3700,37.3700,37.8500,521300,19724136.8000,3,1.171461,1,-1.268163,58.524553,4.883291,85.325535,5.339539,0
2017-11-28,sz.002851,36.6500,38.3500,36.6500,38.1200,37.3700,650167,24730749.7300,3,1.461049,1,2.006958,59.699116,4.981296,87.037982,5.446701,0
2017-11-29,sz.002851,38.1200,38.2800,37.5000,37.8500,38.1200,406960,15379998.1000,3,0.914517,1,-0.708291,59.276273,4.946014,86.421501,5.408123,0
2017-11-30,sz.002851,38.2000,38.2200,37.6800,37.8400,37.8500,463230,17592058.4200,3,1.040966,1,-0.026416,59.260612,4.944708,86.398669,5.406694,0
2017-12-01,sz.002851,38.5400,38.6500,37.9500,38.1600,37.8400,394218,15063390.6400,3,0.885883,1,0.845665,59.761759,4.986523,87.129313,5.452417,0
2017-12-04,sz.002851,38.1600,38.1600,36.9500,37.0700,38.1600,597590,22447021.8000,3,1.342899,1,-2.856395,58.054728,4.844089,84.640556,5.296674,0
2017-12-05,sz.002851,36.8100,37.1800,34.6600,35.1300,37.0700,815300,29209970.0800,3,1.832135,1,-5.233339,55.016525,4.590581,80.211026,5.019481,0
2017-12-06,sz.002851,35.6000,36.3300,35.0100,36.1800,35.1300,740019,26555490.2800,3,1.662964,1,2.988896,56.660913,4.727789,82.608452,5.169508,0
2017-12-07,sz.002851,36.2000,36.2000,35.6800,35.8100,36.1800,304030,10900245.2000,3,0.683213,1,-1.022661,56.081462,4.679439,81.763645,5.116641,0
2017-12-08,sz.002851,35.5200,36.2700,35.5200,36.0900,35.8100,261791,9449918.4500,3,0.588294,1,0.781901,56.519966,4.716028,82.402959,5.156649,0
2017-12-11,sz.002851,36.3000,37.2800,36.3000,36.7700,36.0900,486529,17944342.2100,3,1.093324,1,1.884179,57.584903,4.804886,83.955577,5.253809,0
2017-12-12,sz.002851,36.7000,36.9000,36.3000,36.3000,36.7700,333138,12184679.0400,3,0.748625,1,-1.278219,56.848843,4.743470,82.882444,5.186654,0
2017-12-13,sz.002851,36.0700,36.7300,36.0100,36.3100,36.3000,305207,11070516.6600,3,0.685858,1,0.027554,56.864504,4.744776,82.905276,5.188083,0
2017-12-14,sz.002851,36.3500,36.6100,35.9100,36.2900,36.3100,325314,11761865.2200,3,0.731043,1,-0.055082,56.833182,4.742163,82.859611,5.185225,0
2017-12-15,sz.002851,36.2900,36.5600,36.0000,36.4700,36.2900,399460,14496939.3000,3,0.897663,1,0.496005,57.115077,4.765684,83.270599,5.210944,0
2017-12-18,sz.002851,36.4800,36.4800,35.5000,36.1700,36.4700,408883,14713532.3500,3,0.918838,1,-0.822602,56.645252,4.726482,82.585620,5.168079,0
2017-12-19,sz.002851,36.2000,36.3700,35.9600,36.1900,36.1700,299013,10801122.2700,3,0.671939,1,0.055296,56.676574,4.729095,82.631285,5.170937,0
2017-12-20,sz.002851,36.2000,36.3000,35.7000,35.7200,36.1900,312030,11230357.3000,3,0.701191,1,-1.298694,55.940515,4.667679,81.558151,5.103782,0
2017-12-21,sz.002851,35.4000,35.8400,34.9000,35.1800,35.7200,523613,18491867.9500,3,1.176658,1,-1.511761,55.094829,4.597115,80.325189,5.026625,0
2017-12-22,sz.002851,35.1800,35.4100,34.5000,34.5500,35.1800,536922,18735969.6200,3,1.206566,1,-1.790793,54.108197,4.514790,78.886734,4.936609,0
2017-12-25,sz.002851,34.5000,34.7800,33.2100,33.5600,34.5500,792176,26688886.5600,3,1.780171,1,-2.865406,52.557774,4.385423,76.626303,4.795155,0
2017-12-26,sz.002851,33.7000,34.5000,33.3700,34.1900,33.5600,444076,15101842.1800,3,0.997924,1,1.877226,53.544406,4.467747,78.064759,4.885171,0
2017-12-27,sz.002851,34.2700,34.3000,33.8200,34.0100,34.1900,416030,14149891.3800,3,0.934899,1,-0.526471,53.262511,4.444226,77.653772,4.859452,0
2017-12-28,sz.002851,34.0900,34.7900,34.0100,34.0200,34.0100,544446,18730166.3400,3,1.223474,1,0.029409,53.278172,4.445533,77.676604,4.860881,0
2017-12-29,sz.002851,34.0200,34.4700,33.8300,34.3300,34.0200,330520,11293162.1800,3,0.742742,1,0.911233,53.763658,4.486042,78.384416,4.905175,0
2018-01-02,sz.002851,34.3800,34.5900,34.0000,34.3500,34.3300,443556,15218982.1200,3,0.996755,1,0.058248,53.794980,4.488655,78.430081,4.908032,0
2018-01-03,sz.002851,34.3500,34.6200,34.2200,34.5500,34.3500,518882,17871265.4400,3,1.166027,1,0.582244,54.108197,4.514790,78.886734,4.936609,0
2018-01-04,sz.002851,34.5800,34.7000,34.4600,34.5100,34.5500,371031,12816966.5000,3,0.833778,1,-0.115777,54.045553,4.509563,78.795403,4.930894,0
2018-01-05,sz.002851,34.6800,34.6800,34.0000,34.2100,34.5100,400230,13724632.4800,3,0.899393,1,-0.869311,53.575728,4.470361,78.110424,4.888029,0
2018-01-08,sz.002851,34.2100,36.8800,34.2100,36.5000,34.2100,1802628,64884827.9600,3,4.050849,1,6.693952,57.162060,4.769604,83.339096,5.215231,0
2018-04-19,sz.002851,40.1000,40.1500,37.4000,37.4500,36.5000,5799990,226905267.4200,3,7.024107,1,2.602742,57.802253,4.527385,99.174257,5.164660,0
2018-04-20,sz.002851,36.0000,36.8000,33.8000,34.1900,37.4500,3414713,120845058.0100,3,4.135405,1,-8.704946,52.770601,4.133279,90.541197,4.715079,0
2018-04-23,sz.002851,34.1500,37.0000,34.1100,35.3300,34.1900,2137178,75627132.0800,3,2.588240,1,3.334318,54.530136,4.271095,93.560120,4.872295,0
2018-04-24,sz.002851,35.3300,36.8400,35.2800,36.0000,35.3300,1611068,58187870.8200,3,1.951092,1,1.896400,55.564248,4.352092,95.334399,4.964693,0
2018-04-25,sz.002851,35.5000,39.1900,35.3200,37.9700,36.0000,2719404,102248928.9600,3,3.293348,1,5.472226,58.604847,4.590248,100.551309,5.236372,0
2018-04-26,sz.002851,38.0000,38.3700,37.1000,37.6900,37.9700,1222730,46098729.7000,3,1.480793,1,-0.737431,58.172681,4.556399,99.809819,5.197758,0
2018-04-27,sz.002851,38.1000,39.1800,37.6000,38.7800,37.6900,2454147,94975497.6200,3,2.972107,1,2.892015,59.855043,4.688170,102.696333,5.348078,0
2018-05-02,sz.002851,39.6000,39.6000,37.9900,38.5900,38.7800,1292330,49987650.7200,3,1.565083,1,-0.489940,55.229218,4.305232,-18.274056,5.225711,0
2018-05-03,sz.002851,38.5800,39.0900,37.7200,38.8000,38.5900,1240272,47508824.7800,3,1.502038,1,0.544180,55.529766,4.328661,-18.373500,5.254149,0
2018-05-04,sz.002851,39.0100,39.3000,37.8000,38.1400,38.8000,751730,29069268.6900,3,0.910386,1,-1.701030,54.585187,4.255029,-18.060961,5.164774,0
2018-05-07,sz.002851,37.9500,40.5200,37.8800,40.0400,38.1400,2436069,96973902.9400,3,2.950214,1,4.981651,57.304428,4.466999,-18.960694,5.422065,0
2018-05-08,sz.002851,39.9000,40.3800,39.6100,40.1000,40.0400,1143043,45698298.2200,3,1.384288,1,0.149844,57.390299,4.473693,-18.989107,5.430190,0
2018-05-09,sz.002851,40.0000,40.1000,39.4100,39.5600,40.1000,827630,32879719.8000,3,1.002305,1,-1.346626,56.617462,4.413449,-18.733393,5.357065,0
2018-05-10,sz.002851,40.0300,41.9900,39.6900,41.5500,39.5600,2428399,100510949.2300,3,2.940925,1,5.030328,59.465509,4.635460,-19.675745,5.626543,0
2018-05-11,sz.002851,41.1100,41.7200,40.9000,41.0400,41.5500,844096,34776352.9600,3,1.022247,1,-1.227433,58.735608,4.578563,-19.434238,5.557481,0
2018-05-14,sz.002851,41.0500,41.4500,39.8800,40.0400,41.0400,1150522,46329916.1400,3,1.393345,1,-2.436647,57.304428,4.466999,-18.960694,5.422065,0
2018-05-15,sz.002851,40.0000,41.2000,39.9500,40.8800,40.0400,959429,39184638.8000,3,1.161921,1,2.097903,58.506619,4.560713,-19.358471,5.535814,0
2018-05-16,sz.002851,40.8800,42.3000,40.8800,41.6200,40.8800,1462223,61352682.1000,3,1.748623,1,1.810171,59.565692,4.643270,-19.708893,5.636022,0
2018-05-17,sz.002851,41.9900,41.9900,40.8800,41.0400,41.6200,718722,29548413.6000,3,0.859495,1,-1.393556,58.735608,4.578563,-19.434238,5.557481,0
2018-05-18,sz.002851,41.2100,41.2100,39.9500,40.3800,41.0400,801583,32486481.7000,3,0.958586,1,-1.608187,57.791029,4.504931,-19.121699,5.468106,0
2018-05-21,sz.002851,40.9800,41.8000,40.8000,41.0600,40.3800,944856,38941606.8800,3,1.129921,1,1.684003,58.764231,4.580794,-19.443709,5.560189,0
2018-05-22,sz.002851,27.2500,27.7300,26.8900,27.5500,27.2700,1316402,36176492.1100,3,1.049494,1,1.026765,59.143494,4.610358,-19.569198,5.596074,0
2018-05-23,sz.002851,27.7800,28.6800,27.3800,27.4200,27.5500,2154265,60688359.1500,3,1.717475,1,-0.471866,58.864414,4.588604,-19.476857,5.569668,0
2018-05-24,sz.002851,27.1500,27.7700,27.0600,27.3000,27.4200,1157105,31702557.9000,3,0.922495,1,-0.437640,58.606801,4.568522,-19.391619,5.545293,0
2018-05-25,sz.002851,27.1700,27.5300,26.1000,26.2700,27.3000,1431415,38361978.0200,3,1.141187,1,-3.772889,56.395629,4.396157,-18.659994,5.336075,0
2018-05-28,sz.002851,26.0300,26.8700,26.0300,26.2700,26.2700,1103147,29265527.4100,3,0.879477,1,0.000000,56.395629,4.396157,-18.659994,5.336075,0
2018-05-29,sz.002851,26.2100,26.9700,26.0100,26.0200,26.2700,1090884,28891779.6900,3,0.869701,1,-0.951656,55.858937,4.354320,-18.482415,5.285294,0
2018-05-30,sz.002851,26.1000,26.1000,24.9300,25.1500,26.0200,1919004,48484734.9800,3,1.529914,1,-3.343585,53.991247,4.208730,-17.864440,5.108576,0
2018-05-31,sz.002851,25.1900,25.8000,25.1900,25.5800,25.1500,1491630,38066185.2800,3,1.189193,1,1.709743,54.914358,4.280689,-18.169876,5.195920,0
2018-06-01,sz.002851,25.6800,27.6600,25.6800,26.5400,25.5800,2166065,57909272.3600,3,1.726882,1,3.752936,56.975257,4.441340,-18.851779,5.390919,0
2018-06-04,sz.002851,26.7900,27.2900,26.3100,27.0600,26.5400,1939010,52158268.3600,3,1.545864,1,1.959301,58.091577,4.528359,-19.221143,5.496543,0
2018-06-05,sz.002851,27.0600,27.3200,26.5300,27.0600,27.0600,1442774,38881483.4400,3,1.150243,1,0.000000,58.091577,4.528359,-19.221143,5.496543,0
2018-06-06,sz.002851,27.2000,27.3200,26.7100,26.7500,27.0600,1656706,44721667.0400,3,1.320799,1,-1.145600,57.426078,4.476482,-19.000945,5.433575,0
2018-06-07,sz.002851,26.8000,26.9000,26.0900,26.8000,26.7500,1805115,47680756.3900,3,1.439117,1,0.186913,57.533417,4.484850,-19.036461,5.443731,0
2018-06-08,sz.002851,26.8300,27.3300,26.6800,27.0400,26.8000,2319337,62724365.3600,3,1.849077,1,0.895529,58.048641,4.525012,-19.206937,5.492481,0
2018-06-11,sz.002851,26.9600,27.8500,26.9000,27.3600,27.0400,2377142,65124798.1700,3,1.895162,1,1.183431,58.735608,4.578563,-19.434238,5.557481,0
2018-06-12,sz.002851,27.3600,27.4500,26.4500,27.4000,27.3600,1591842,42977966.2800,3,1.269086,1,0.146195,58.821478,4.585257,-19.462651,5.565606,0
2018-06-13,sz.002851,27.5600,27.8600,27.0600,27.3700,27.4000,1925921,52956744.7500,3,1.535429,1,-0.109485,58.757075,4.580236,-19.441341,5.559512,0
2018-06-14,sz.002851,27.0100,27.7800,26.9100,27.2800,27.3700,1592400,43710405.5000,3,1.269531,1,-0.328828,58.563866,4.565175,-19.377413,5.541231,0
2018-06-25,sz.002851,25.6800,27.2800,25.0100,26.3000,27.2800,2286609,60451728.9900,3,1.822985,1,-3.592381,56.460032,4.401177,-18.681303,5.342169,0
2018-06-26,sz.002851,25.8500,28.5800,25.7100,28.3300,26.3000,3513529,97969844.3000,3,2.801140,1,7.718634,60.817974,4.740888,-20.123244,5.754511,0
2018-06-27,sz.002851,28.3000,29.4800,28.1100,28.6200,28.3300,5078934,146265274.6900,3,4.049149,1,1.023653,61.440537,4.789418,-20.329236,5.813417,0
2018-06-28,sz.002851,28.6000,29.1900,28.0300,28.6300,28.6200,2555037,73369491.9200,3,2.036988,1,0.034935,61.462005,4.791091,-20.336339,5.815449,0
2018-06-29,sz.002851,28.4900,29.3900,28.1100,29.2800,28.6300,4069198,117812800.7400,3,3.244143,1,2.270351,62.857405,4.899866,-20.798044,5.947479,0
2018-07-02,sz.002851,29.5000,31.5200,29.0000,29.9800,29.2800,5643243,169582378.7600,3,4.499041,1,2.390706,64.360143,5.017007,-21.295265,6.089666,0
2018-07-03,sz.002851,29.7100,29.9500,28.0900,29.3300,29.9800,4258720,124129166.4200,3,3.395239,1,-2.168111,62.964743,4.908233,-20.833560,5.957636,0
2018-07-04,sz.002851,28.9600,29.4300,27.8500,28.1000,29.3300,2343388,67000352.9100,3,1.868252,1,-4.193657,60.324217,4.702398,-19.959872,5.707793,0
2018-07-05,sz.002851,27.9500,28.4500,26.6200,26.7800,28.1000,2317180,63591513.6500,3,1.847358,1,-4.697508,57.490481,4.481503,-19.022255,5.439669,0
2018-07-06,sz.002851,26.6000,27.3800,25.9200,27.2500,26.7800,2340513,62633641.2600,3,1.865960,1,1.755038,58.499463,4.560155,-19.356103,5.535137,0
2018-07-09,sz.002851,27.0000,27.5900,26.8800,27.4200,27.2500,1675414,45653732.3800,3,1.335714,1,0.623853,58.864414,4.588604,-19.476857,5.569668,0
2018-07-10,sz.002851,27.2700,28.2000,27.2100,28.0300,27.4200,2138647,59636535.7200,3,1.705023,1,2.224656,60.173943,4.690684,-19.910150,5.693574,0
2018-07-11,sz.002851,27.5300,27.7900,27.0300,27.0500,28.0300,1582086,43162342.3800,3,1.261308,1,-3.496259,58.070109,4.526686,-19.214040,5.494512,0
2018-07-12,sz.002851,27.1100,28.1300,27.0500,27.9000,27.0500,2241792,62428353.2400,3,1.787255,1,3.142330,59.894863,4.668929,-19.817808,5.667168,0
2018-07-13,sz.002851,27.9000,29.0000,27.8000,28.7000,27.9000,2335498,66972722.4100,3,1.861962,1,2.867388,61.612278,4.802805,-20.386061,5.829667,0
2018-07-16,sz.002851,28.3500,29.3000,28.3500,29.2300,28.7000,2207085,63808467.8600,3,1.759585,1,1.846686,62.750066,4.891498,-20.762528,5.937323,0
2018-07-17,sz.002851,29.1600,29.1600,28.3600,28.9500,29.2300,1757446,50609000.1000,3,1.401113,1,-0.957916,62.148971,4.844642,-20.563640,5.880448,0
2018-07-18,sz.002851,28.9000,29.4700,28.5900,28.7600,28.9500,1270682,36850422.8400,3,1.013044,1,-0.656306,61.741085,4.812846,-20.428680,5.841855,0
2018-07-19,sz.002851,28.7600,28.9000,27.6900,27.7800,28.7600,1426594,40159701.5200,3,1.137343,1,-3.407509,59.637251,4.648848,-19.732571,5.642793,0
2018-07-20,sz.002851,27.6600,30.0000,27.2000,29.8800,27.7800,4263220,123332167.3500,3,3.398826,1,7.559390,64.145466,5.000273,-21.224234,6.069354,0
2018-07-23,sz.002851,30.2000,30.2000,29.3000,29.9500,29.8800,2733775,81598752.4900,3,2.179486,1,0.234276,64.295740,5.011987,-21.273956,6.083573,0
2018-07-24,sz.002851,29.9500,29.9800,29.5700,29.6500,29.9500,1961308,58415573.9500,3,1.563641,1,-1.001673,63.651709,4.961783,-21.060861,6.022635,0
2018-07-25,sz.002851,29.4900,30.4500,29.4600,29.8200,29.6500,2245888,67271567.0500,3,1.790521,1,0.573356,64.016660,4.990232,-21.181615,6.057167,0
2018-07-26,sz.002851,29.7800,29.9800,28.6600,28.7000,29.8200,2174372,63155843.0800,3,1.733505,1,-3.755865,61.612278,4.802805,-20.386061,5.829667,0
2018-07-27,sz.002851,28.6500,28.7100,27.8500,28.1900,28.7000,1455126,41096302.1200,3,1.160090,1,-1.777004,60.517426,4.717459,-20.023800,5.726074,0
2018-07-30,sz.002851,28.1900,28.3800,26.5000,27.6200,28.1900,2029983,55634059.6500,3,1.618392,1,-2.021993,59.293768,4.622073,-19.618920,5.610293,0
2018-07-31,sz.002851,27.6700,27.7200,27.0000,27.3500,27.6200,1140935,31266625.6700,3,0.909604,1,-0.977554,58.714140,4.576889,-19.427135,5.555450,0
2018-08-01,sz.002851,27.5300,27.6600,26.8000,26.8100,27.3500,917400,24920588.4100,3,0.731392,1,-1.974409,57.554884,4.486523,-19.043564,5.445762,0
2018-08-02,sz.002851,26.8900,26.9000,25.1000,25.8100,26.8100,1806144,46605213.6200,3,1.439937,1,-3.729952,55.408115,4.319178,-18.333249,5.242638,0
2018-08-03,sz.002851,25.5200,26.1800,25.5000,25.5500,25.8100,871750,22533883.0000,3,0.694997,1,-1.007362,54.849955,4.275668,-18.148567,5.189826,0
2018-08-06,sz.002851,25.2300,25.8000,23.8000,23.9600,25.5500,1143752,28216753.6200,3,0.911849,1,-6.223093,51.436592,4.009589,-17.019165,4.866858,0
2018-08-07,sz.002851,24.4800,25.7000,24.0700,25.5000,23.9600,1169845,29240127.4000,3,0.932652,1,6.427382,54.742617,4.267301,-18.113051,5.179670,0
2018-08-08,sz.002851,25.4000,25.6000,24.7000,24.7100,25.5000,767788,19234159.1000,3,0.612114,1,-3.098043,53.046669,4.135098,-17.551901,5.019201,0
2018-08-09,sz.002851,24.9700,26.3000,24.6700,25.9100,24.7100,1232550,31739031.0000,3,0.982643,1,4.856337,55.622792,4.335912,-18.404280,5.262951,0
2018-08-10,sz.002851,26.3000,26.3000,25.5100,25.8300,25.9100,635940,16423693.1000,3,0.506999,1,-0.308761,55.451051,4.322525,-18.347455,5.246701,0
2018-08-13,sz.002851,25.4000,26.8600,25.2100,26.6600,25.8300,1354900,35689269.5600,3,1.080186,1,3.213318,57.232869,4.461421,-18.937017,5.415294,0
2018-08-14,sz.002851,26.7800,26.7800,26.2400,26.5600,26.6600,459451,12150278.8600,3,0.366295,1,-0.375095,57.018192,4.444687,-18.865985,5.394981,0
2018-08-15,sz.002851,26.3500,26.6500,25.8300,25.8500,26.5600,561787,14683228.4000,3,0.447881,1,-2.673189,55.493986,4.325872,-18.361661,5.250763,0
2018-08-16,sz.002851,25.7800,26.0700,25.2300,25.4800,25.8500,520048,13341068.0500,3,0.414605,1,-1.431338,54.699681,4.263954,-18.098844,5.175607,0
2018-08-17,sz.002851,25.5200,26.5000,25.4500,25.4500,25.4800,998514,25849939.3300,3,0.796059,1,-0.117735,54.635278,4.258934,-18.077535,5.169513,0
2018-08-20,sz.002851,25.0800,25.7500,25.0800,25.7000,25.4500,479449,12233861.8500,3,0.382238,1,0.982318,55.171971,4.300770,-18.255114,5.220294,0
2018-08-21,sz.002851,25.9800,26.6600,25.7400,26.4800,25.7000,926216,24317696.5500,3,0.738420,1,3.035015,56.846451,4.431299,-18.809160,5.378731,0
2018-08-22,sz.002851,26.3600,26.8000,26.2400,26.3600,26.4800,562242,14885774.0500,3,0.448244,1,-0.453168,56.588838,4.411218,-18.723922,5.354356,0
2018-08-23,sz.002851,26.3600,27.4900,26.3100,27.2200,26.3600,1844359,50137619.2800,3,1.470404,1,3.262514,54.321431,3.894257,100.991818,5.422552,0
2018-08-24,sz.002851,27.2200,27.4400,26.9300,27.3700,27.2200,703324,19144623.1800,3,0.560721,1,0.551071,54.620778,3.915717,101.548349,5.452434,0
2018-08-27,sz.002851,27.3700,27.7800,27.3700,27.4500,27.3700,859114,23721883.1100,3,0.684923,1,0.292291,54.780429,3.927162,101.845166,5.468371,0
2018-08-28,sz.002851,27.2100,27.2100,26.2100,26.6200,27.4500,1432990,38087115.0500,3,1.142443,1,-3.023679,53.124045,3.808417,98.765695,5.303025,0
2018-08-29,sz.002851,26.6200,26.6200,25.7800,25.7800,26.6200,1148850,30001701.0000,3,0.915914,1,-3.155523,51.447704,3.688242,95.649121,5.135687,0
2018-08-30,sz.002851,25.9300,26.3400,25.2700,25.5400,25.7800,1042733,26895415.6600,3,0.831313,1,-0.930953,50.968749,3.653906,94.758672,5.087876,0
2018-08-31,sz.002851,25.5400,25.8900,25.3200,25.5600,25.5400,550500,14070678.5000,3,0.438883,1,0.078303,51.008662,3.656767,94.832876,5.091860,0
2018-09-03,sz.002851,25.5600,25.7600,24.6200,25.4700,25.5600,882300,22095869.5000,3,0.703408,1,-0.352113,50.829054,3.643891,94.498957,5.073931,0
2018-09-04,sz.002851,25.3000,25.6000,24.8100,24.9700,25.4700,805100,20215698.1000,3,0.641861,1,-1.963094,49.831232,3.572358,92.643854,4.974325,0
2018-09-05,sz.002851,25.0100,25.2500,24.7000,24.7000,24.9700,481150,12026797.0000,3,0.383594,1,-1.081292,49.292408,3.533730,91.642098,4.920538,0
2018-09-06,sz.002851,24.7000,24.8600,24.2900,24.3500,24.7000,479150,11750113.5000,3,0.381999,1,-1.417006,48.593933,3.483657,90.343526,4.850814,0
2018-09-07,sz.002851,24.5500,24.9300,24.3800,24.5700,24.3500,431014,10657939.3300,3,0.343623,1,0.903488,49.032974,3.515132,91.159771,4.894640,0
2018-09-10,sz.002851,24.8700,24.8700,22.5200,23.2200,24.5700,1040675,24647774.6400,3,0.829672,1,-5.494507,46.338855,3.321993,86.150993,4.625704,0
2018-09-11,sz.002851,23.3400,23.5900,22.8000,23.0700,23.2200,790302,18216264.2500,3,0.630063,1,-0.645993,46.039508,3.300533,85.594462,4.595822,0
2018-09-12,sz.002851,23.1000,23.4100,22.8100,23.3800,23.0700,535786,12451455.7100,3,0.427152,1,1.343734,46.658158,3.344883,86.744626,4.657578,0
2018-09-13,sz.002851,23.5000,23.8300,23.0100,23.5600,23.3800,592661,13889398.4400,3,0.472495,1,0.769890,47.017374,3.370635,87.412463,4.693436,0
2018-09-14,sz.002851,23.5700,23.9200,23.3500,23.5200,23.5600,429695,10166033.0000,3,0.342572,1,-0.169775,46.937548,3.364912,87.264055,4.685468,0
2018-09-17,sz.002851,22.9600,23.7600,22.8000,23.0100,23.5200,342300,7923836.5000,3,0.272895,1,-2.168368,53.031913,3.801812,98.594407,5.293828,0
2018-09-18,sz.002851,22.5400,23.3600,22.5400,23.2300,23.0100,391645,9033359.3000,3,0.312235,1,0.956103,53.538954,3.838162,99.537074,5.344443,0
2018-09-19,sz.002851,23.0100,23.7500,23.0100,23.3000,23.2300,456699,10701609.2500,3,0.364099,1,0.301333,53.700285,3.849727,99.837013,5.360547,0
2018-09-20,sz.002851,23.5500,23.6000,21.7200,21.9700,23.3000,2378272,52951102.8700,3,1.896054,1,-5.708154,50.634990,3.629979,94.138162,5.054559,0
2018-09-21,sz.002851,21.7700,22.0800,21.1800,21.4300,21.9700,1894820,40666763.6600,3,1.510627,1,-2.457893,49.390434,3.540758,91.824343,4.930323,0
2018-09-25,sz.002851,21.4300,22.0200,21.3100,21.9700,21.4300,989754,21492013.8000,3,0.789072,1,2.519827,50.634990,3.629979,94.138162,5.054559,0
2018-09-26,sz.002851,22.1800,22.9600,22.0800,22.9400,21.9700,1682448,37919125.6200,3,1.341315,1,4.415117,52.870581,3.790246,98.294467,5.277724,0
2018-09-27,sz.002851,22.8800,22.8800,22.3000,22.4400,22.9400,1169847,26394113.7200,3,0.932649,1,-2.179599,51.718215,3.707634,96.152042,5.162690,0
2018-09-28,sz.002851,22.4400,22.7600,22.3000,22.4100,22.4400,899563,20267251.5400,3,0.717168,1,-0.133693,51.649073,3.702678,96.023497,5.155788,0
2018-10-08,sz.002851,22.0000,22.0000,21.2000,21.2900,22.4100,801380,17271603.6200,3,0.638892,1,-4.997764,49.067771,3.517626,91.224464,4.898114,0
2018-10-09,sz.002851,21.3800,21.7600,21.0500,21.1000,21.2900,495683,10573201.3800,3,0.395178,1,-0.892440,48.629872,3.486234,90.410343,4.854401,0
2018-10-10,sz.002851,21.1300,21.3500,21.1000,21.1600,21.1000,523509,11099608.5400,3,0.417362,1,0.284358,48.768156,3.496147,90.667434,4.868205,0
2018-10-11,sz.002851,20.4000,20.5900,19.0400,19.0400,21.1600,1673026,32616009.6400,3,1.319878,1,-10.018900,43.882121,3.145872,81.583551,4.380465,0
2018-10-12,sz.002851,19.0400,19.0400,17.7100,18.7900,19.0400,886776,16450090.0500,3,0.699592,1,-1.313025,43.305938,3.104565,80.512338,4.322948,0
2018-10-15,sz.002851,18.9200,19.5500,18.9000,18.9000,18.7900,698995,13440152.6900,3,0.551449,1,0.585411,43.559459,3.122740,80.983672,4.348255,0
2018-10-16,sz.002851,18.0200,19.2500,18.0200,18.5000,18.9000,623413,11684422.4800,3,0.491821,1,-2.116400,42.637566,3.056650,79.269732,4.256229,0
2018-10-17,sz.002851,19.0800,19.1000,18.1100,18.7000,18.5000,863604,16131987.4600,3,0.681312,1,1.081085,43.098512,3.089695,80.126702,4.302242,0
2018-10-18,sz.002851,18.5100,18.7500,17.7700,17.9100,18.7000,1032608,18740562.6000,3,0.814642,1,-4.224604,41.277773,2.959168,76.741670,4.120489,0
2018-10-19,sz.002851,16.9600,18.9100,16.9600,18.6600,17.9100,1042148,19175132.4000,3,0.822168,1,4.187605,43.006323,3.083086,79.955308,4.293039,0
2018-10-22,sz.002851,19.1800,19.8500,19.0000,19.2800,18.6600,1169584,22721763.1600,3,0.922704,1,3.322620,44.435257,3.185525,82.611915,4.435680,0
2018-10-23,sz.002851,19.4800,19.5300,18.6200,18.9600,19.2800,767916,14654896.6000,3,0.605822,1,-1.659759,43.697743,3.132654,81.240763,4.362059,0
2018-10-24,sz.002851,18.8200,19.1800,18.6300,18.9000,18.9600,397550,7557935.5000,3,0.313634,1,-0.316453,43.559459,3.122740,80.983672,4.348255,0
2018-10-25,sz.002851,18.4500,18.4500,17.5400,17.8800,18.9000,1329577,23837789.9800,3,1.048926,1,-5.396828,41.208631,2.954211,76.613124,4.113588,0
2018-10-26,sz.002851,18.0400,18.4600,17.7100,17.8700,17.8800,1311548,23707177.0900,3,1.034702,1,-0.055919,41.185584,2.952559,76.570276,4.111287,0
2018-10-29,sz.002851,17.9000,18.4900,17.9000,18.2700,17.8700,1099491,19985356.4200,3,0.867407,1,2.238386,42.107477,3.018649,78.284216,4.203313,0
2018-10-30,sz.002851,18.2900,19.4800,17.9900,19.3000,18.2700,2549291,47783190.6600,3,2.011178,1,5.637650,38.885361,2.902199,703.985413,3.915978,0
2018-10-31,sz.002851,19.3000,19.5000,18.8500,19.1200,19.3000,1338343,25682210.9300,3,1.055841,1,-0.932634,38.522700,2.875132,697.419746,3.879456,0
2018-11-01,sz.002851,19.3500,19.4500,18.9000,18.9900,19.1200,1254773,24060813.4900,3,0.989911,1,-0.679922,38.260778,2.855584,692.677875,3.853079,0
2018-11-02,sz.002851,19.3600,20.7600,19.0800,20.6000,18.9900,2443706,47945249.5800,3,1.927881,1,8.478149,41.504583,3.097684,751.404119,4.179749,0
2018-11-05,sz.002851,20.1500,20.7200,19.9100,20.5100,20.6000,2497807,50835374.3800,3,1.970562,1,-0.436894,41.323252,3.084151,748.121286,4.161488,0
2018-11-06,sz.002851,20.2000,20.7600,19.7000,20.5000,20.5100,2157254,43809081.5700,3,1.701894,1,-0.048758,41.303104,3.082647,747.756526,4.159459,0
2018-11-07,sz.002851,20.5300,20.7000,20.0000,20.0900,20.5000,1249906,25446764.4500,3,0.986072,1,-1.999999,40.477042,3.020994,732.801396,4.076270,0
2018-11-08,sz.002851,20.2000,20.4000,19.9000,19.9200,20.0900,701875,14087818.7400,3,0.553721,1,-0.846193,40.134528,2.995430,726.600488,4.041777,0
2018-11-09,sz.002851,19.9200,20.0100,19.4100,19.5000,19.9200,1025586,20173577.3800,3,0.809102,1,-2.108434,39.288318,2.932274,711.280598,3.956559,0
2018-11-12,sz.002851,19.5000,20.0500,19.4000,20.0000,19.5000,1302228,25893883.4800,3,1.027350,1,2.564103,40.295711,3.007460,729.518562,4.058009,0
2018-11-13,sz.002851,19.9000,20.8500,19.6900,20.5400,20.0000,2515295,51377076.7200,3,1.984358,1,2.700005,41.383695,3.088662,749.215563,4.167575,0
2018-11-14,sz.002851,20.6800,20.6800,20.1000,20.1900,20.5400,1132067,23086500.6300,3,0.893107,1,-1.703994,40.678521,3.036031,736.448989,4.096560,0
2018-11-15,sz.002851,20.1900,20.8700,20.0300,20.8000,20.1900,1351233,27699623.8000,3,1.066010,1,3.021291,41.907540,3.127759,758.699305,4.220329,0
2018-11-16,sz.002851,21.0000,21.5400,20.7900,21.2500,20.8000,1656169,35055717.3100,3,1.306580,1,2.163465,42.814193,3.195427,775.113472,4.311634,0
2018-11-19,sz.002851,21.2400,21.2400,20.4800,21.0600,21.2500,1208790,25186607.5000,3,0.953635,1,-0.894120,42.431384,3.166856,768.183046,4.273083,0
2018-11-20,sz.002851,20.9100,21.6800,20.5000,21.2500,21.0600,1573564,33192813.7800,3,1.241411,1,0.902187,42.814193,3.195427,775.113472,4.311634,0
2018-11-21,sz.002851,20.9500,21.1000,20.5500,20.7400,21.2500,1155506,24008849.3100,3,0.911598,1,-2.400001,41.786653,3.118736,756.510749,4.208155,0
2018-11-22,sz.002851,20.7600,20.9900,20.5300,20.7000,20.7400,447669,9259841.7000,3,0.353174,1,-0.192859,41.706061,3.112721,755.051712,4.200039,0
2018-11-23,sz.002851,20.6300,20.6900,19.9000,19.9000,20.7000,612370,12398747.3700,3,0.483109,1,-3.864740,40.094233,2.992423,725.870969,4.037719,0
2018-11-26,sz.002851,19.9000,20.4000,19.1500,19.4600,19.9000,531150,10501377.8000,3,0.419033,1,-2.211058,39.207727,2.926259,709.821561,3.948443,0
2018-11-27,sz.002851,19.6500,19.9600,19.4700,19.8500,19.4600,573053,11338723.2500,3,0.452091,1,2.004118,39.993493,2.984904,724.047173,4.027574,0
2018-11-28,sz.002851,19.6100,20.3900,19.6100,20.2100,19.8500,773681,15582088.2700,3,0.610370,1,1.813595,40.718816,3.039039,737.178507,4.100618,0
2018-11-29,sz.002851,20.4900,21.4900,20.3100,21.2000,20.2100,3147414,66347985.9000,3,2.483048,1,4.898573,42.713454,3.187908,773.289676,4.301489,0
2018-11-30,sz.002851,21.1600,21.5600,20.7100,21.5300,21.2000,1564895,33153455.2500,3,1.234572,1,1.556603,43.378333,3.237531,785.326732,4.368446,0
2018-12-03,sz.002851,22.0400,22.6000,21.5100,22.2700,21.5300,1869100,41329421.2900,3,1.474564,1,3.437063,44.869275,3.348807,812.318919,4.518593,0
2018-12-04,sz.002851,22.2700,22.3900,21.7200,22.1600,22.2700,1691329,37283044.5200,3,1.334318,1,-0.493941,44.647648,3.332266,808.306567,4.496274,0
2018-12-05,sz.002851,21.6000,22.4500,21.5100,22.1600,22.1600,941597,20831684.6300,3,0.742842,1,0.000000,44.647648,3.332266,808.306567,4.496274,0
2018-12-06,sz.002851,22.1100,22.3400,21.7200,21.9900,22.1600,991775,21899794.8600,3,0.782428,1,-0.767148,44.305135,3.306703,802.105659,4.461781,0
2018-12-07,sz.002851,22.3500,22.3500,21.6800,21.7900,21.9900,848550,18610092.0000,3,0.669435,1,-0.909499,43.902177,3.276628,794.810474,4.421201,0
2018-12-10,sz.002851,22.0600,22.1900,21.6100,22.0800,21.7900,1215596,26765917.8700,3,0.959004,1,1.330881,44.486465,3.320236,805.388493,4.480042,0
2018-12-11,sz.002851,22.2000,22.8700,22.0100,22.4400,22.0800,1108227,24865912.1300,3,0.874299,1,1.630438,45.211788,3.374370,818.519827,4.553086,0
2018-12-12,sz.002851,22.4400,22.6800,22.1500,22.3900,22.4400,1070447,23964947.1000,3,0.844494,1,-0.222822,45.111006,3.366849,816.695248,4.542936,0
2018-12-13,sz.002851,22.4000,22.5600,21.9100,22.2500,22.3900,868749,19367912.7100,3,0.685371,1,-0.625276,44.828936,3.345796,811.588623,4.514530,0
2018-12-14,sz.002851,22.3800,22.4000,21.6400,21.6800,22.2500,755950,16620684.1600,3,0.596382,1,-2.561796,43.680509,3.260084,790.797363,4.398877,0
2018-12-17,sz.002851,21.9900,21.9900,20.0000,21.3400,21.6800,1263555,27128231.2400,3,0.996840,1,-1.568266,42.995483,3.208957,778.395560,4.329891,0
2018-12-18,sz.002851,21.2800,22.2200,20.9100,21.7800,21.3400,1521387,33227147.4800,3,1.200248,1,2.061858,43.881988,3.275121,794.444953,4.419167,0
2018-12-19,sz.002851,21.7500,21.9400,21.3000,21.3200,21.7800,934150,20110085.0000,3,0.736967,1,-2.112034,42.955187,3.205950,777.666042,4.325833,0
2018-12-20,sz.002851,21.3100,21.4600,20.6000,21.3500,21.3200,1266988,26567648.2400,3,0.999548,1,0.140716,43.015631,3.210461,778.760319,4.331920,0
2018-12-21,sz.002851,21.1500,21.1500,20.6700,20.9000,21.3500,1010300,21069040.2300,3,0.797043,1,-2.107732,42.108978,3.142793,762.346167,4.240615,0
2018-12-24,sz.002851,20.7100,21.3600,20.7100,21.2500,20.9000,1091950,23083036.0100,3,0.861458,1,1.674643,42.814152,3.195424,775.112729,4.311630,0
2018-12-25,sz.002851,21.1100,21.2800,20.3000,21.1400,21.2500,1402796,29249165.9300,3,1.106689,1,-0.517650,42.592526,3.178882,771.100381,4.289311,0
2018-12-26,sz.002851,21.2200,21.4100,20.7100,20.8900,21.1400,795600,16717780.0500,3,0.627662,1,-1.182592,42.088830,3.141289,761.981408,4.238586,0
2018-12-27,sz.002851,21.2600,21.3000,20.5000,21.1000,20.8900,987992,20579550.4000,3,0.779443,1,1.005270,42.511935,3.172868,769.641345,4.281195,0
2018-12-28,sz.002851,20.8100,21.2000,20.4100,21.2000,21.1000,2767875,57732131.9700,3,2.183623,1,0.473935,42.713413,3.187905,773.288935,4.301485,0
2019-01-02,sz.002851,21.2000,21.2000,20.3900,20.8000,21.2000,1350333,27858785.5100,3,1.065300,1,-1.886800,41.907500,3.127756,758.698578,4.220325,0
2019-01-03,sz.002851,20.5100,20.8000,20.1500,20.8000,20.8000,1055207,21614737.9500,3,0.832471,1,0.000000,41.907500,3.127756,758.698578,4.220325,0
2019-01-04,sz.002851,20.3200,21.4800,20.2000,21.4000,20.8000,1201032,25163023.4200,3,0.947514,1,2.884617,43.116370,3.217979,780.584113,4.342065,0
2019-01-07,sz.002851,21.2000,21.6500,21.2000,21.5700,21.4000,771398,16533796.7300,3,0.608569,1,0.794393,43.458883,3.243543,786.785015,4.376558,0
2019-01-08,sz.002851,21.4000,21.5200,21.1000,21.1700,21.5700,604449,12875016.5900,3,0.476860,1,-1.854426,42.652970,3.183394,772.194658,4.295398,0
2019-01-09,sz.002851,21.1000,22.0000,21.1000,21.5700,21.1700,983840,21354729.6300,3,0.776168,1,1.889464,43.458883,3.243543,786.785015,4.376558,0
2019-01-10,sz.002851,21.3200,21.8500,21.2600,21.4300,21.5700,376714,8141905.2300,3,0.297196,1,-0.649047,43.176813,3.222491,781.678390,4.348152,0
2019-01-11,sz.002851,21.4300,21.7400,21.2000,21.6100,21.4300,414639,8944029.9900,3,0.327116,1,0.839945,43.539474,3.249558,788.244051,4.384674,0
2019-01-14,sz.002851,21.6100,21.9000,21.1800,21.3700,21.6100,511457,11024558.9000,3,0.403497,1,-1.110596,43.055926,3.213468,779.489837,4.335978,0
2019-01-15,sz.002851,21.5100,21.5900,20.9000,21.3700,21.3700,634650,13567496.0000,3,0.500686,1,0.000000,43.055926,3.213468,779.489837,4.335978,0
2019-01-16,sz.002851,21.4400,21.6800,21.4000,21.5000,21.3700,611261,13177596.6500,3,0.482234,1,0.608325,43.317848,3.233017,784.231703,4.362355,0
2019-01-17,sz.002851,21.4500,21.5100,20.9500,20.9700,21.5000,669583,14197404.9800,3,0.528245,1,-2.465119,42.250013,3.153319,764.899479,4.254818,0
2019-01-18,sz.002851,20.9700,21.2000,20.8300,21.1000,20.9700,391693,8233016.9200,3,0.309013,1,0.619938,42.511935,3.172868,769.641345,4.281195,0
2019-01-21,sz.002851,21.5000,21.6600,21.1600,21.3200,21.1000,752103,16125195.6300,3,0.593347,1,1.042651,42.955187,3.205950,777.666042,4.325833,0
2019-01-22,sz.002851,21.5700,21.5900,21.0900,21.2000,21.3200,468495,9985058.6000,3,0.369604,1,-0.562847,42.713413,3.187905,773.288935,4.301485,0
2019-01-23,sz.002851,21.1500,21.1900,20.9200,20.9400,21.2000,342875,7209394.5000,3,0.270500,1,-1.226416,42.189569,3.148808,763.805203,4.248731,0
2019-01-24,sz.002851,20.6900,21.5000,20.6900,21.3000,20.9400,762798,16168092.8800,3,0.601784,1,1.719191,42.914891,3.202942,776.936524,4.321775,0
2019-01-25,sz.002851,21.1800,21.3500,21.0400,21.1500,21.3000,457115,9703524.9500,3,0.360626,1,-0.704224,42.612674,3.180386,771.465140,4.291340,0
2019-01-28,sz.002851,21.5000,21.5000,21.0800,21.2100,21.1500,529339,11255404.5400,3,0.417604,1,0.283685,42.733561,3.189409,773.653694,4.303514,0
2019-01-29,sz.002851,21.2600,21.2600,20.3700,20.5800,21.2100,603175,12475957.3100,3,0.475855,1,-2.970293,41.464247,3.094674,750.673881,4.175687,0
2019-01-30,sz.002851,20.6000,20.6000,19.9800,20.0000,20.5800,594684,12062851.8800,3,0.469156,1,-2.818270,40.295673,3.007457,729.517863,4.058005,0
2019-01-31,sz.002851,20.0000,20.7800,20.0000,20.3900,20.0000,528785,10778723.2800,3,0.417167,1,1.949997,41.081438,3.066103,743.743461,4.137136,0
2019-02-01,sz.002851,20.2700,20.7100,20.2700,20.5600,20.3900,483650,9956443.9800,3,0.381560,1,0.833742,41.423951,3.091666,749.944363,4.171629,0
2019-02-11,sz.002851,20.5100,21.8000,20.5100,21.6600,20.5600,1077465,23069033.6300,3,0.850030,1,5.350196,43.640213,3.257076,790.067846,4.394819,0
2019-02-12,sz.002851,21.6700,22.7800,21.5000,22.3000,21.6600,1952432,43813619.3600,3,1.540306,1,2.954752,44.929675,3.353315,813.412417,4.524675,0
2019-02-13,sz.002851,22.6000,22.6000,22.1300,22.4000,22.3000,1194777,26779594.5500,3,0.942580,1,0.448432,45.131153,3.368352,817.060007,4.544965,0
2019-02-14,sz.002851,22.7800,23.3900,22.4000,23.0600,22.4000,2018994,46192681.4100,3,1.592818,1,2.946428,46.460911,3.467598,841.134096,4.678880,0
2019-02-15,sz.002851,23.1000,23.2900,22.7700,22.9900,23.0600,902206,20765411.6400,3,0.711765,1,-0.303555,46.319876,3.457072,838.580784,4.664677,0
2019-02-18,sz.002851,22.9900,23.8800,22.9900,23.3600,22.9900,1630520,38405750.7500,3,1.286345,1,1.609399,47.065346,3.512710,852.076864,4.739750,0
2019-02-19,sz.002851,23.5900,23.7800,22.9100,23.3100,23.3600,1298930,30326582.0100,3,1.024748,1,-0.214046,46.964606,3.505192,850.253069,4.729605,0
2019-02-20,sz.002851,23.1700,23.5000,22.8000,23.0000,23.3100,948400,21820368.5000,3,0.748209,1,-1.329899,46.340024,3.458576,838.945542,4.666706,0
2019-02-21,sz.002851,23.3200,23.4200,22.7000,23.0000,23.0000,1169305,27086103.1500,3,0.922484,1,0.000000,46.340024,3.458576,838.945542,4.666706,0
2019-02-22,sz.002851,22.7900,23.4200,22.3100,23.0700,23.0000,1332906,30419435.4800,3,1.051552,1,0.304347,46.481058,3.469102,841.498855,4.680909,0
2019-02-25,sz.002851,23.4200,24.2000,23.2100,24.0800,23.0700,2530954,60121034.9800,3,1.996712,1,4.377981,48.515990,3.620979,878.339507,4.885838,0
2019-02-26,sz.002851,24.0700,24.2000,23.4700,23.7000,24.0800,1413856,33758912.4600,3,1.115415,1,-1.578070,47.750372,3.563837,864.478668,4.808736,0
2019-02-27,sz.002851,25.5100,26.0700,25.0200,26.0700,23.7000,2727439,70892101.1700,3,2.151722,1,9.999995,40.078962,3.408231,950.926534,5.289609,0
2019-02-28,sz.002851,27.0000,27.7400,26.0500,26.3600,26.0700,6395512,172789846.9200,3,5.045527,1,1.112393,40.524796,3.446144,961.504543,5.348450,0
2019-03-01,sz.002851,26.6500,28.9600,26.6500,28.5900,26.3600,5287401,147287409.6400,3,4.171319,1,8.459785,43.953108,3.737681,1042.845785,5.800918,0
2019-03-04,sz.002851,29.0500,30.4300,28.8000,29.1500,28.5900,5972017,176590604.6800,3,4.711424,1,1.958725,44.814029,3.810892,1063.272285,5.914542,0
2019-03-05,sz.002851,29.2800,29.9500,28.8900,29.4400,29.1500,3844136,112318631.8600,3,3.032703,1,0.994857,45.259864,3.848804,1073.850294,5.973383,0
2019-03-06,sz.002851,29.0300,29.4100,28.6000,29.3000,29.4400,5167760,149926344.0300,3,4.076933,1,-0.475548,45.044633,3.830502,1068.743669,5.944977,0
2019-03-07,sz.002851,28.6500,29.1700,28.5400,28.9000,29.3000,3832071,110405529.5400,3,3.023185,1,-1.365186,44.429690,3.778208,1054.153312,5.863817,0
2019-03-08,sz.002851,28.7800,30.9200,28.3300,28.9900,28.9000,6462798,191629569.1500,3,3.805040,1,0.311419,44.568052,3.789974,1057.436142,5.882078,0
2019-03-11,sz.002851,29.2900,31.4600,29.2900,31.0200,28.9900,5918533,180281890.0100,3,3.484598,1,7.002417,47.688892,4.055364,1131.482206,6.293966,0
2019-03-12,sz.002851,31.4000,32.9500,31.2200,31.9900,31.0200,5199217,167088780.5700,3,3.061093,1,3.127012,49.180130,4.182176,1166.863822,6.490779,0
2019-03-13,sz.002851,32.5000,33.4600,31.6200,32.0100,31.9900,3936104,127612681.4100,3,2.317422,1,0.062515,49.210878,4.184790,1167.593340,6.494837,0
2019-03-14,sz.002851,31.2500,32.6500,30.9800,31.3500,32.0100,3739448,118755259.5100,3,2.201639,1,-2.061849,48.196220,4.098506,1143.519250,6.360923,0
2019-03-15,sz.002851,31.5100,32.5100,31.1500,32.1200,31.3500,2881995,91856233.8500,3,1.696805,1,2.456136,49.379987,4.199171,1171.605688,6.517156,0
2019-03-18,sz.002851,32.6800,34.3000,32.1300,32.9500,32.1200,5151620,171842087.6700,3,3.033070,1,2.584065,50.655996,4.307680,1201.880679,6.685563,0
2019-03-19,sz.002851,32.9500,33.3000,31.7600,32.4100,32.9500,3849565,124978783.3900,3,2.266472,1,-1.638849,49.825821,4.237084,1182.183697,6.575997,0
2019-03-20,sz.002851,32.4100,34.0600,32.0000,32.8000,32.4100,3776832,124278161.3800,3,2.223649,1,1.203330,50.425392,4.288070,1196.409295,6.655128,0
2019-03-21,sz.002851,33.0000,33.2900,32.1500,32.2000,32.8000,2886558,94002853.8600,3,1.699491,1,-1.829264,49.502976,4.209630,1174.523759,6.533388,0
2019-03-22,sz.002851,32.2300,33.3000,32.1600,33.2900,32.2000,2774160,90403410.7200,3,1.633316,1,3.385093,51.178698,4.352130,1214.282483,6.754549,0
2019-03-25,sz.002851,33.1100,33.1100,32.1900,32.2400,33.2900,3028565,98929192.2000,3,1.783099,1,-3.154098,49.564470,4.214859,1175.982795,6.541504,0
2019-03-26,sz.002851,32.2000,32.7500,31.4000,31.5400,32.2400,3143499,100030710.0100,3,1.850768,1,-2.171218,48.488319,4.123345,1150.449670,6.399474,0
2019-03-27,sz.002851,31.4900,32.0000,30.8800,31.9600,31.5400,2811665,88864361.2900,3,1.655397,1,1.331637,49.134010,4.178254,1165.769545,6.484692,0
2019-03-28,sz.002851,32.2200,32.9200,31.5400,32.5800,31.9600,2194062,70608018.0400,3,1.291777,1,1.939934,50.087173,4.259309,1188.384599,6.610490,0
2019-03-29,sz.002851,34.9600,35.8300,33.8800,35.8300,32.5800,8914518,313704888.0100,3,5.248516,1,9.975445,55.083591,4.684194,1306.931252,7.269916,0
2019-04-01,sz.002851,36.8000,38.9900,36.7700,38.8500,35.8300,5954839,227065876.5600,3,3.505974,1,8.428680,59.726417,5.079010,1417.088449,7.882674,0
2019-04-02,sz.002851,38.4000,39.6000,38.0300,38.1800,38.8500,3713698,142688429.8100,3,2.186479,1,-1.724577,58.696386,4.991418,1392.649600,7.746731,0
2019-04-03,sz.002851,37.5000,38.1500,37.1700,37.6400,38.1800,3201032,120196132.2500,3,1.884641,1,-1.414355,57.866212,4.920822,1372.952618,7.637165,0
2019-04-04,sz.002851,37.6500,38.3700,37.0100,37.3000,37.6400,3231703,121407111.9600,3,1.902699,1,-0.903295,57.343509,4.876372,1360.550814,7.568179,0
2019-04-08,sz.002851,37.8200,38.5000,35.2100,36.6000,37.3000,6216271,227998579.4200,3,3.659895,1,-1.876678,56.267358,4.784859,1335.017689,7.426149,0
2019-04-09,sz.002851,36.3500,36.6900,35.0500,35.8000,36.6000,4238744,151644386.3000,3,2.495605,1,-2.185791,55.037470,4.680272,1305.836975,7.263829,0
2019-04-10,sz.002851,35.7600,36.2000,35.1800,35.5900,35.8000,3528076,125865957.7200,3,2.077192,1,-0.586590,54.714625,4.652818,1298.177037,7.221220,0
2019-04-11,sz.002851,35.4000,35.7700,32.0300,32.3500,35.5900,10292866,344055782.2700,3,6.060032,1,-9.103685,49.733580,4.229240,1179.995143,6.563823,0
2019-04-12,sz.002851,32.5000,32.8500,31.3600,32.2800,32.3500,5447869,175466506.8000,3,3.207490,1,-0.216382,49.625965,4.220089,1177.441831,6.549620,0
2019-04-15,sz.002851,32.8900,32.8900,31.2000,31.2000,32.2800,4982775,159407251.1500,3,2.933661,1,-3.345719,47.965616,4.078896,1138.047866,6.330488,0
2019-04-16,sz.002851,31.1100,32.0000,30.5800,31.8700,31.2000,4781255,149676796.8500,3,2.815014,1,2.147436,48.995647,4.166488,1162.486715,6.466431,0
2019-04-17,sz.002851,31.6100,32.0000,30.1200,31.1700,31.8700,7295966,226273879.7800,3,4.295576,1,-2.196425,48.269887,4.075496,-1731.669034,5.923739,0
2019-04-18,sz.002851,31.3600,33.3000,31.3500,33.0800,31.1700,8399464,273897608.2300,3,4.945272,1,6.127692,51.227714,4.325230,-1837.780290,6.286727,0
2019-04-19,sz.002851,33.0800,33.1200,32.0000,32.5400,33.0800,3634631,118597872.7600,3,2.139927,1,-1.632409,50.391470,4.254625,-1807.780249,6.184102,0
2019-04-22,sz.002851,32.6000,32.6700,31.4400,31.5600,32.5400,2891191,92411453.3100,3,1.702219,1,-3.011682,48.873841,4.126489,-1753.335730,5.997857,0
2019-04-23,sz.002851,31.7600,32.2900,31.1300,31.7000,31.5600,3339427,106450544.4200,3,1.966123,1,0.443604,49.090645,4.144794,-1761.113519,6.024464,0
2019-04-24,sz.002851,31.7000,32.1800,31.4000,31.9200,31.7000,1945557,61939722.4200,3,1.145467,1,0.694004,49.431337,4.173559,-1773.335758,6.066274,0
2019-04-25,sz.002851,32.0000,32.8000,31.6200,31.8000,31.9200,3425000,110417040.6200,3,2.016505,1,-0.375943,49.245505,4.157869,-1766.669082,6.043468,0
2019-04-26,sz.002851,31.5000,32.2000,31.0300,31.6200,31.8000,2158412,68620373.8600,3,1.270788,1,-0.566033,48.966757,4.134334,-1756.669068,6.009260,0
2019-04-29,sz.002851,32.2500,32.9100,31.3300,31.4800,31.6200,3230208,104237476.0300,3,1.901819,1,-0.442762,41.773843,3.540101,61.587925,5.769117,0
2019-04-30,sz.002851,31.1300,32.6900,31.0200,32.0500,31.4800,2466466,78828678.0700,3,1.452158,1,1.810673,42.530231,3.604201,62.703081,5.873577,0
2019-05-06,sz.002851,30.0000,30.8000,28.8500,28.8500,32.0500,3605529,106586682.5700,3,2.122793,1,-9.984396,38.283843,3.244343,56.442555,5.287135,0
2019-05-07,sz.002851,28.9700,29.4600,28.2800,29.1800,28.8500,2298676,66554263.0900,3,1.353370,1,1.143847,38.721752,3.281453,57.088172,5.347612,0
2019-05-08,sz.002851,28.6500,30.7700,28.1300,29.9700,29.1800,2435223,72535609.7700,3,1.433763,1,2.707330,39.770079,3.370293,58.633739,5.492390,0
2019-05-09,sz.002851,29.7100,30.4700,29.5800,29.8900,29.9700,1307636,39267028.8900,3,0.769884,1,-0.266933,39.663919,3.361297,58.477226,5.477729,0
2019-05-10,sz.002851,30.2000,31.3000,29.5100,30.8700,29.8900,1993265,61131644.8100,3,1.173556,1,3.278694,40.964375,3.471503,60.394512,5.657326,0
2019-05-13,sz.002851,30.1600,31.2000,30.1600,30.3800,30.8700,1231630,37737791.4500,3,0.725135,1,-1.587307,40.314147,3.416400,59.435869,5.567528,0
2019-05-14,sz.002851,30.0000,30.6500,29.3000,29.5100,30.3800,1686644,50345775.1900,3,0.993029,1,-2.863723,39.159660,3.318564,57.733788,5.408089,0
2019-05-15,sz.002851,30.5000,31.9600,30.0100,31.8900,29.5100,3130659,97421415.2700,3,1.976359,1,8.065060,42.317912,3.586208,62.390054,5.844255,0
2019-05-16,sz.002851,32.3600,33.1400,32.1700,32.9800,31.8900,4395206,143512011.2300,3,2.774657,1,3.418000,43.764338,3.708785,64.522546,6.044011,0
2019-05-17,sz.002851,32.8900,32.8900,30.5000,30.8800,32.9800,3201217,101690806.9200,3,2.020902,1,-6.367496,40.977645,3.472628,60.414076,5.659159,0
2019-05-20,sz.002851,30.9400,31.2300,28.7800,29.9400,30.8800,2300387,68140219.7900,3,1.452215,1,-3.044037,39.730269,3.366920,58.575046,5.486892,0
2019-05-21,sz.002851,30.5000,30.7400,29.6400,30.3600,29.9400,1445203,43720911.8800,3,0.912345,1,1.402806,40.287607,3.414151,59.396740,5.563862,0
2019-05-22,sz.002851,29.9900,30.5500,29.4500,29.6300,30.3600,1505983,44996429.1400,3,0.950715,1,-2.404484,39.318900,3.332058,57.968558,5.430080,0
2019-05-23,sz.002851,19.4000,19.8000,18.8000,18.8600,19.6700,2292144,44002501.6400,3,0.964674,1,-4.117943,37.540725,3.181368,55.346963,5.184508,0
2019-05-24,sz.002851,18.8100,19.3500,18.6800,18.9400,18.8600,1431175,27242383.2500,3,0.602326,1,0.424178,37.699964,3.194863,55.581732,5.206500,0
2019-05-27,sz.002851,19.1000,19.9400,18.6000,19.6700,18.9400,2063343,40181154.5700,3,0.868381,1,3.854274,39.153025,3.318002,57.724006,5.407173,0
2019-05-28,sz.002851,19.6700,20.1900,19.5800,19.7400,19.6700,2572030,51309711.2700,3,1.082468,1,0.355870,39.292360,3.329809,57.929430,5.426415,0
2019-05-29,sz.002851,19.8000,19.9000,19.2000,19.2800,19.7400,2050669,39849656.7100,3,0.863047,1,-2.330289,38.376733,3.252215,56.579504,5.299964,0
2019-05-30,sz.002851,19.0100,19.2700,18.7800,18.9100,19.2800,1869024,35363926.3800,3,0.786600,1,-1.919091,37.640250,3.189802,55.493694,5.198253,0
2019-05-31,sz.002851,18.9500,19.1300,18.0000,18.3200,18.9100,4183424,76860648.9800,3,1.760641,1,-3.120043,36.465858,3.090279,53.762267,5.036065,0
2019-06-03,sz.002851,18.3200,18.6600,17.8800,18.1200,18.3200,2348111,42809758.5200,3,0.988229,1,-1.091697,36.067759,3.056542,53.175343,4.981086,0
2019-06-04,sz.002851,18.1200,18.3300,17.8000,18.0800,18.1200,1789840,32208046.7800,3,0.753274,1,-0.220756,35.988139,3.049795,53.057958,4.970091,0
2019-06-05,sz.002851,18.2300,18.3200,17.8800,17.9700,18.0800,1616335,29235663.4500,3,0.680253,1,-0.608410,35.769185,3.031240,52.735150,4.939852,0
2019-06-06,sz.002851,18.1700,18.1700,17.3000,17.4600,17.9700,1870549,32869930.6700,3,0.787241,1,-2.838065,34.754033,2.945211,51.238493,4.799656,0
2019-06-10,sz.002851,17.4700,18.2000,17.4600,18.0000,17.4600,1754725,31514960.7500,3,0.738496,1,3.092789,35.828900,3.036300,52.823188,4.948099,0
2019-06-11,sz.002851,18.1800,18.5800,17.9200,18.5500,18.0000,2544984,46842134.1500,3,1.071085,1,3.055551,36.923672,3.129076,54.437230,5.099291,0
2019-06-12,sz.002851,18.6000,18.6000,18.1800,18.1800,18.5500,1752782,32119202.7700,3,0.737678,1,-1.994604,36.187189,3.066663,53.351420,4.997580,0
2019-06-13,sz.002851,18.1800,18.3500,17.8100,18.2100,18.1800,1220380,22142559.2200,3,0.513611,1,0.165010,36.246904,3.071724,53.439459,5.005827,0
2019-06-14,sz.002851,18.0200,18.3000,17.7100,17.7700,18.2100,1068400,19189463.6100,3,0.449648,1,-2.416247,35.371086,2.997503,52.148225,4.884873,0
2019-06-17,sz.002851,17.7800,17.9600,17.5300,17.7700,17.7700,1260456,22381568.4300,3,0.530477,1,0.000000,35.371086,2.997503,52.148225,4.884873,0
2019-06-18,sz.002851,17.7700,17.9700,17.5300,17.6300,17.7700,1148382,20335242.2500,3,0.483309,1,-0.787852,35.092417,2.973887,51.737378,4.846388,0
2019-06-19,sz.002851,18.4700,18.4700,18.0500,18.1300,17.6300,2084701,37922086.0900,3,0.877370,1,2.836075,36.087664,3.058229,53.204689,4.983835,0
2019-06-20,sz.002851,18.1500,18.6500,17.8600,18.5200,18.1300,2658655,48967582.4900,3,1.118925,1,2.151138,36.863957,3.124016,54.349191,5.091044,0
2019-06-21,sz.002851,18.6800,19.2500,18.5700,18.9900,18.5200,3783269,71887636.6600,3,1.592231,1,2.537793,37.799489,3.203297,55.728464,5.220244,0
2019-06-24,sz.002851,19.0000,19.4700,18.7400,19.4300,18.9900,4490091,86215146.0600,3,1.889705,1,2.317012,38.675307,3.277518,57.019697,5.341198,0
2019-06-25,sz.002851,19.0100,19.3800,18.8100,19.1000,19.4300,3924661,74985825.7000,3,1.651738,1,-1.698404,38.018444,3.221852,56.051272,5.250483,0
2019-06-26,sz.002851,18.8800,19.4300,18.8200,19.3700,19.1000,2739459,52424954.4300,3,1.152932,1,1.413615,38.555877,3.267397,56.843620,5.324704,0
2019-06-27,sz.002851,19.5000,20.4000,19.2300,20.4000,19.3700,5888409,117608298.9200,3,2.478203,1,5.317495,40.606086,3.441140,59.866280,5.607845,0
2019-06-28,sz.002851,20.0700,20.3900,19.6200,19.7700,20.4000,4790452,95714963.1600,3,2.016115,1,-3.088231,39.352075,3.334870,58.017468,5.434662,0
2019-07-01,sz.002851,20.2600,21.4000,20.1100,20.9700,19.7700,5671788,117712283.1900,3,2.387035,1,6.069797,41.740668,3.537290,61.539014,5.764535,0
2019-07-02,sz.002851,21.0300,21.7500,20.8000,21.4000,20.9700,5230862,112032741.4000,3,2.201467,1,2.050550,42.596581,3.609824,62.800901,5.882740,0
2019-07-03,sz.002851,21.4000,21.4500,20.8700,21.3900,21.4000,3175879,67108941.1100,3,1.336604,1,-0.046730,42.576676,3.608137,62.771555,5.879991,0
2019-07-04,sz.002851,21.4000,21.4000,20.3000,20.7200,21.3900,5461844,113029801.3600,3,2.298678,1,-3.132305,41.243045,3.495119,60.805359,5.695812,0
2019-07-05,sz.002851,20.8400,21.2200,20.4600,20.6100,20.7200,3179127,65928082.4600,3,1.337971,1,-0.530882,41.024090,3.476564,60.482550,5.665573,0
2019-07-08,sz.002851,20.5300,20.6700,19.6000,19.9000,20.6100,5941932,118937633.4200,3,2.500729,1,-3.444934,39.610839,3.356799,58.398969,5.470398,0
2019-07-09,sz.002851,20.2700,20.4500,19.8600,20.2000,19.9000,3045692,61343263.2000,3,1.281814,1,1.507543,40.207987,3.407404,59.279356,5.552867,0
2019-07-10,sz.002851,20.3800,20.3800,19.9800,20.1000,20.2000,2461700,49615978.7500,3,1.036034,1,-0.495051,40.008938,3.390535,58.985893,5.525377,0
2019-07-11,sz.002851,20.1900,20.9800,19.9000,20.3600,20.1000,3670634,74850085.5700,3,1.544827,1,1.293533,40.526467,3.434393,59.748895,5.596850,0
2019-07-12,sz.002851,20.3900,20.3900,19.5800,19.5800,20.3600,5993775,118754867.0000,3,2.522547,1,-3.831045,38.973881,3.302820,57.459890,5.382432,0
2019-07-15,sz.002851,20.1800,20.7200,19.8500,20.2200,19.5800,5912980,119524716.2700,3,2.488544,1,3.268638,40.247797,3.410777,59.338048,5.558365,0
2019-07-16,sz.002851,20.0600,20.3600,19.8800,19.9600,20.2200,3211500,64439237.2500,3,1.351596,1,-1.285857,39.730269,3.366920,58.575046,5.486892,0
2019-07-17,sz.002851,20.1000,20.2200,19.8000,19.9600,19.9600,3013268,60023393.0800,3,1.268168,1,0.000000,39.730269,3.366920,58.575046,5.486892,0
2019-07-18,sz.002851,19.8100,19.8100,19.1500,19.2800,19.9600,2701425,52413865.5400,3,1.136925,1,-3.406806,38.376733,3.252215,56.579504,5.299964,0
2019-07-19,sz.002851,19.3300,19.8000,19.3300,19.7500,19.2800,2073103,40684744.5600,3,0.872489,1,2.437756,39.312265,3.331496,57.958776,5.429164,0
2019-07-22,sz.002851,19.6100,19.6800,18.8200,19.0000,19.7500,2548499,48643851.5800,3,1.072564,1,-3.797468,37.819394,3.204984,55.757810,5.222993,0
2019-07-23,sz.002851,19.2000,20.2700,19.0100,20.1500,19.0000,5622313,111989878.4500,3,2.366213,1,6.052629,40.108463,3.398970,59.132625,5.539122,0
2019-07-24,sz.002851,20.5000,20.8800,20.3700,20.6100,20.1500,4968631,102437238.1800,3,2.091104,1,2.282883,41.024090,3.476564,60.482550,5.665573,0
2019-07-25,sz.002851,20.6000,20.9400,20.3300,20.8400,20.6100,3881384,80564657.5800,3,1.633524,1,1.115961,41.481904,3.515361,61.157513,5.728799,0
2019-07-26,sz.002851,20.8000,21.1700,20.6500,21.0900,20.8400,3590715,75351773.1000,3,1.511200,1,1.199600,41.979528,3.557532,61.891169,5.797523,0
2019-07-29,sz.002851,21.0900,21.4500,20.8000,21.1900,21.0900,3571622,75764905.9200,3,1.503157,1,0.474160,42.178577,3.574400,62.184631,5.825012,0
2019-07-30,sz.002851,21.1100,21.6800,21.1100,21.2000,21.1900,4361061,93602752.3900,3,1.835400,1,0.047200,42.198482,3.576087,62.213977,5.827761,0
2019-07-31,sz.002851,21.3900,21.6600,21.1500,21.2500,21.2000,2911122,62104170.4700,3,1.225200,1,0.235800,42.298007,3.584521,62.360708,5.841506,0
2019-08-01,sz.002851,21.1500,21.3600,20.8500,21.0000,21.2500,4840378,101948691.1300,3,2.037100,1,-1.176500,41.800383,3.542350,61.627053,5.772782,0
2019-08-02,sz.002851,20.7600,21.0800,20.5100,20.7900,21.0000,3776740,78426743.2500,3,1.589500,1,-1.000000,41.382379,3.506927,61.010782,5.715054,0
2019-08-05,sz.002851,21.0000,21.0000,20.0000,20.1100,20.7900,3944662,80580489.3100,3,1.660200,1,-3.270800,40.028843,3.392222,59.015240,5.528126,0
2019-08-06,sz.002851,19.8000,20.2600,19.5200,19.7800,20.1100,4332316,86029965.2800,3,1.823300,1,-1.641000,39.371980,3.336557,58.046815,5.437411,0
2019-08-07,sz.002851,19.8500,20.1700,19.0500,19.1200,19.7800,4465336,86325599.8000,3,1.879300,1,-3.336700,38.058253,3.225226,56.109964,5.255981,0
2019-08-08,sz.002851,19.4900,19.7600,19.1300,19.2000,19.1200,2900671,56175594.1800,3,1.220800,1,0.418400,38.217493,3.238720,56.344734,5.277972,0
2019-08-09,sz.002851,19.3200,19.4500,18.6600,18.7200,19.2000,3213698,61040544.3500,3,1.352500,1,-2.500000,37.262056,3.157752,54.936116,5.146023,0
2019-08-12,sz.002851,19.0900,19.1400,18.7400,19.0500,18.7200,3227330,60984789.0500,3,1.358300,1,1.762800,37.918919,3.213418,55.904541,5.236738,0
2019-08-13,sz.002851,18.8000,19.2600,18.4000,18.6500,19.0500,3537057,66119887.2700,3,1.488600,1,-2.099700,37.122721,3.145944,54.730692,5.126780,0
2019-08-14,sz.002851,18.9500,19.5900,18.8700,19.3800,18.6500,4698875,90619585.7100,3,1.977600,1,3.914200,38.575782,3.269083,56.872966,5.327453,0
2019-08-15,sz.002851,18.8100,20.3000,18.8100,20.3000,19.3800,8879869,176049434.5700,3,3.737300,1,4.747200,31.917978,3.152483,24.240329,5.370748,0
2019-08-16,sz.002851,20.3000,20.4100,19.8400,20.3100,20.3000,6973994,140158551.6600,3,2.935200,1,0.049300,31.933701,3.154036,24.252270,5.373394,0
2019-08-19,sz.002851,20.8000,21.3100,20.3300,21.2200,20.3100,8485848,177044546.1000,3,3.571500,1,4.480600,33.364507,3.295354,25.338906,5.614152,0
2019-08-20,sz.002851,21.3700,21.4000,20.9100,21.0800,21.2200,5837603,123411283.9800,3,2.456900,1,-0.659800,33.144383,3.273613,25.171731,5.577112,0
2019-08-21,sz.002851,20.9000,21.2200,20.8100,21.0500,21.0800,4691488,98753787.2700,3,1.974500,1,-0.142300,33.097214,3.268954,25.135908,5.569175,0
2019-08-22,sz.002851,21.0200,21.5800,20.7600,21.0000,21.0500,5240350,110309189.1800,3,2.205600,1,-0.237500,33.018598,3.261189,25.076203,5.555947,0
2019-08-23,sz.002851,21.0000,21.1300,20.4500,20.6500,21.0000,5842096,121239171.9400,3,2.458800,1,-1.666700,32.468288,3.206836,24.658266,5.463348,0
2019-08-26,sz.002851,20.1000,20.6500,19.9800,20.1700,20.6500,4957565,100478974.9000,3,2.086500,1,-2.324500,31.713577,3.132295,24.085096,5.336355,0
2019-08-27,sz.002851,20.3300,20.9200,20.3300,20.5400,20.1700,4630118,95483429.3600,3,1.948700,1,1.834400,32.295334,3.189754,24.526915,5.434245,0
2019-08-28,sz.002851,21.1300,21.2300,20.3100,20.4000,20.5400,5540342,114686611.9600,3,2.331800,1,-0.681600,32.075210,3.168012,24.359740,5.397205,0
2019-08-29,sz.002851,20.1900,20.6500,20.1000,20.1500,20.4000,3883950,78871552.7500,3,1.634700,1,-1.225500,31.682131,3.129189,24.061214,5.331063,0
2019-08-30,sz.002851,20.2200,20.4900,19.3000,19.5200,20.1500,5403235,107116710.2900,3,2.274100,1,-3.126500,30.691573,3.031353,23.308928,5.164385,0
2019-09-02,sz.002851,19.4000,20.2000,19.2700,20.1000,19.5200,4828850,96047553.2500,3,2.032400,1,2.971300,31.603515,3.121424,24.001508,5.317835,0
2019-09-03,sz.002851,20.1200,20.6700,20.0500,20.6700,20.1000,6080179,124098682.3400,3,2.559000,1,2.835800,32.499734,3.209942,24.682148,5.468639,0
2019-09-04,sz.002851,20.6900,20.7500,20.3100,20.5400,20.6700,5378883,109885559.2200,3,2.263900,1,-0.628900,32.295334,3.189754,24.526915,5.434245,0
2019-09-05,sz.002851,20.6500,22.5900,20.6100,22.5900,20.5400,18529138,408545785.9000,3,7.798500,1,9.980500,35.518578,3.508108,26.974830,5.976611,0
2019-09-06,sz.002851,22.8800,23.1500,22.2600,22.5900,22.5900,17384034,394011504.3400,3,7.316600,1,0.000000,35.518578,3.508108,26.974830,5.976611,0
2019-09-09,sz.002851,22.8500,23.3300,22.6000,22.9700,22.5900,12747109,291176400.3300,3,5.365000,1,1.682200,36.116057,3.567120,27.428589,6.077147,0
2019-09-10,sz.002851,23.1200,23.1200,22.4000,22.6700,22.9700,8257384,187496776.7000,3,3.475400,1,-1.306000,35.644363,3.520531,27.070358,5.997777,0
2019-09-11,sz.002851,22.6800,22.8600,22.2500,22.4000,22.6700,6875693,154873415.1100,3,2.893800,1,-1.191000,35.219838,3.478602,26.747950,5.926343,0
2019-09-12,sz.002851,22.4300,22.5300,22.0000,22.1200,22.4000,6161538,136599928.0100,3,2.593300,1,-1.250000,34.779590,3.435119,26.413600,5.852264,0
2019-09-16,sz.002851,22.3000,22.8300,22.0900,22.2300,22.1200,10628693,238363594.7800,3,4.473400,1,0.497300,34.952545,3.452202,26.544952,5.881366,0
2019-09-17,sz.002851,21.9500,21.9500,20.8100,21.0200,22.2300,12437522,264290771.4800,3,5.234700,1,-5.443100,33.050044,3.264295,25.100085,5.561238,0
2019-09-18,sz.002851,21.0300,21.1700,20.5200,20.6300,21.0200,6601657,136841225.6400,3,2.778500,1,-1.855400,32.436842,3.203730,24.634384,5.458056,0
2019-09-19,sz.002851,20.6300,20.9500,20.6000,20.9500,20.6300,5578688,115937665.3600,3,2.348000,1,1.551100,32.939982,3.253425,25.016498,5.542718,0
2019-09-20,sz.002851,20.9600,21.5900,20.8500,21.2500,20.9500,8676873,184750037.6800,3,3.357000,1,1.432000,33.411677,3.300013,25.374729,5.622089,0
2019-09-23,sz.002851,21.1800,21.1800,20.6000,20.8800,21.2500,5529482,114914654.2900,3,2.139300,1,-1.741200,32.829920,3.242554,24.932910,5.524198,0
2019-09-24,sz.002851,21.0400,21.4800,20.9200,21.4100,20.8800,5562662,118190366.9600,3,2.152100,1,2.538300,33.663247,3.324860,25.565786,5.664420,0
2019-09-25,sz.002851,21.4400,21.4400,20.6400,20.6400,21.4100,5275826,109907135.4300,3,2.041200,1,-3.596500,32.452565,3.205283,24.646325,5.460702,0
2019-09-26,sz.002851,20.8000,20.8700,19.9000,19.9500,20.6400,5055965,101825415.7800,3,1.956100,1,-3.343000,31.367668,3.098130,23.822393,5.278149,0
2019-09-27,sz.002851,19.9500,20.1500,19.8900,19.9200,19.9500,3174867,63491896.2500,3,1.228300,1,-0.150400,31.320499,3.093471,23.786570,5.270212,0
2019-09-30,sz.002851,19.9500,20.1500,19.6800,19.7100,19.9200,2423334,48302918.1200,3,0.937600,1,-1.054200,30.990313,3.060859,23.535808,5.214653,0
2019-10-08,sz.002851,19.7400,19.9000,19.3400,19.5800,19.7100,3435100,67363185.5000,3,1.329000,1,-0.659600,30.785912,3.040671,23.380574,5.180259,0
2019-10-09,sz.002851,19.5500,20.3000,19.4000,20.2900,19.5800,3522588,70182316.1400,3,1.362900,1,3.626200,31.902255,3.150930,24.228388,5.368103,0
2019-10-10,sz.002851,20.3600,20.5000,20.0200,20.2600,20.2900,3805444,76912551.0300,3,1.472300,1,-0.147900,31.855086,3.146271,24.192565,5.360166,0
2019-10-11,sz.002851,20.4100,20.6400,20.2200,20.3500,20.2600,4142073,84613003.4800,3,1.602500,1,0.444200,31.996594,3.160248,24.300035,5.383977,0
2019-10-14,sz.002851,20.5100,20.7100,20.3000,20.4900,20.3500,4056200,83129455.2900,3,1.569300,1,0.688000,32.216718,3.181989,24.467209,5.421017,0
2019-10-15,sz.002851,20.7100,21.1800,20.4900,20.6500,20.4900,6407745,133290187.5500,3,2.479100,1,0.780900,32.468288,3.206836,24.658266,5.463348,0
2019-10-16,sz.002851,20.4800,20.7700,20.1400,20.5000,20.6500,3654752,74519914.5200,3,1.414000,1,-0.726400,32.232441,3.183542,24.479150,5.423662,0
2019-10-17,sz.002851,20.4900,20.5500,19.9000,20.2100,20.5000,2888075,58483848.5000,3,1.117400,1,-1.414600,31.776470,3.138506,24.132860,5.346937,0
2019-10-18,sz.002851,20.3400,20.3400,19.6600,19.7500,20.2100,3063024,61126756.0500,3,1.185100,1,-2.276100,31.053205,3.067071,23.583572,5.225236,0
2019-10-21,sz.002851,19.7500,19.8800,19.3800,19.5900,19.7500,2480758,48601076.8900,3,0.959800,1,-0.810100,30.801635,3.042224,23.392515,5.182905,0
2019-10-22,sz.002851,19.6400,19.9600,19.5700,19.8300,19.5900,2436406,48182558.8100,3,0.942600,1,1.225100,31.178990,3.079494,23.679100,5.246401,0
2019-10-23,sz.002851,19.8500,19.9600,19.5700,19.5800,19.8300,1708232,33638367.3800,3,0.660900,1,-1.260700,30.785912,3.040671,23.380574,5.180259,0
2019-10-24,sz.002851,19.5500,19.6700,19.2000,19.4700,19.5800,2558175,49750489.5000,3,0.989700,1,-0.561800,30.612957,3.023588,23.249222,5.151156,0
2019-10-25,sz.002851,19.4700,19.8300,19.3000,19.7800,19.4700,2715228,53107511.1200,3,1.050500,1,1.592200,31.100375,3.071730,23.619395,5.233173,0
2019-10-28,sz.002851,19.8900,19.9800,19.5900,19.9100,19.7800,4056313,80339009.5400,3,1.569400,1,0.657200,31.304776,3.091918,23.774628,5.267567,0
2019-10-29,sz.002851,19.8000,19.8500,19.4900,19.5700,19.9100,2894200,56781275.0000,3,1.119700,1,-1.707700,30.770189,3.039118,23.368633,5.177613,0
2019-10-30,sz.002851,19.6100,19.6300,19.2000,19.3000,19.5700,2457957,47606885.5100,3,0.951000,1,-1.379700,25.491882,2.637616,84.857896,4.799245,0
2019-10-31,sz.002851,19.3000,20.0600,19.3000,19.5600,19.3000,4404300,87176378.6800,3,1.704000,1,1.347200,25.835296,2.673149,86.001059,4.863898,0
2019-11-01,sz.002851,19.5200,19.9700,19.5200,19.9200,19.5600,3822921,75923318.1400,3,1.479100,1,1.840500,26.310792,2.722348,87.583901,4.953418,0
2019-11-04,sz.002851,19.9200,20.1900,19.8500,20.1600,19.9200,4297785,86331517.9700,3,1.662800,1,1.204800,26.627790,2.755147,88.639128,5.013097,0
2019-11-05,sz.002851,20.1500,20.3400,19.9800,20.1600,20.1600,4676958,94210652.0000,3,1.809500,1,0.000000,26.627790,2.755147,88.639128,5.013097,0
2019-11-06,sz.002851,20.1600,20.8700,20.1400,20.6000,20.1600,7617134,157230319.3100,3,2.947000,1,2.182500,27.208952,2.815280,90.573712,5.122510,0
2019-11-07,sz.002851,20.5200,20.8000,20.2000,20.6600,20.6000,4949960,102011147.4000,3,1.915100,1,0.291300,27.288201,2.823480,90.837519,5.137430,0
2019-11-08,sz.002851,20.7300,21.1800,20.6000,20.7700,20.6600,6156833,128852107.7700,3,2.382000,1,0.532400,27.433492,2.838513,91.321165,5.164783,0
2019-11-11,sz.002851,20.7000,20.7000,19.8000,20.0000,20.7700,5040300,101832770.3000,3,1.950000,1,-3.707300,26.416458,2.733281,87.935643,4.973311,0
2019-11-12,sz.002851,20.0900,20.3200,19.6800,20.3000,20.0000,4047775,81289481.2500,3,1.566000,1,1.500000,26.812705,2.774280,89.254678,5.047911,0
2019-11-13,sz.002851,20.2900,20.3000,20.0000,20.3000,20.3000,2417850,48638407.7500,3,0.935400,1,0.000000,26.812705,2.774280,89.254678,5.047911,0
2019-11-14,sz.002851,20.1600,20.2900,19.5300,19.6100,20.3000,5181733,102101659.8700,3,2.004800,1,-3.399000,25.901337,2.679982,86.220898,4.876331,0
2019-11-15,sz.002851,19.6000,19.9200,18.8600,18.8800,19.6100,5741778,110541481.2600,3,2.221400,1,-3.722600,24.937136,2.580217,83.011247,4.694805,0
2019-11-18,sz.002851,18.8500,19.1800,18.6500,19.0100,18.8800,2764600,52575680.7300,3,1.069600,1,0.688600,25.108843,2.597984,83.582829,4.727132,0
2019-11-19,sz.002851,18.9700,19.4700,18.8900,19.3900,19.0100,2697850,52172205.0000,3,1.043800,1,1.998900,25.610756,2.649916,85.253606,4.821625,0
2019-11-20,sz.002851,19.4400,19.7400,19.3000,19.4900,19.3900,2973501,58125755.5100,3,1.150400,1,0.515700,25.742838,2.663583,85.693284,4.846491,0
2019-11-21,sz.002851,19.2800,19.5300,18.9700,19.0600,19.4900,2518700,48327958.9800,3,0.974500,1,-2.206300,25.174884,2.604817,83.802668,4.739565,0
2019-11-22,sz.002851,19.2600,19.4700,18.8700,18.9800,19.0600,2832714,54161890.4400,3,1.096000,1,-0.419700,25.069219,2.593884,83.450925,4.719672,0
2019-11-25,sz.002851,19.0200,19.1600,18.0000,18.6600,18.9800,2174587,40586768.2700,3,0.841300,1,-1.686000,24.646555,2.550151,82.043955,4.640099,0
2019-11-26,sz.002851,18.7800,19.2000,18.7800,19.1700,18.6600,2771544,52605403.2400,3,1.072300,1,2.733100,25.320175,2.619850,84.286314,4.766918,0
2019-11-27,sz.002851,19.1700,19.5600,18.7800,19.4200,19.1700,3307473,64076563.4600,3,1.279600,1,1.304100,25.650381,2.654016,85.385509,4.829085,0
2019-11-28,sz.002851,19.4500,19.6500,19.1600,19.4000,19.4200,2610800,50662425.4000,3,1.010100,1,-0.103000,25.623964,2.651283,85.297574,4.824112,0
2019-11-29,sz.002851,19.5000,19.6500,19.3200,19.3600,19.4000,2412855,47015469.9100,3,0.933500,1,-0.206200,25.571131,2.645816,85.121703,4.814165,0
2019-12-02,sz.002851,19.3200,19.6500,19.3200,19.5100,19.3600,1699332,33131916.7400,3,0.657500,1,0.774800,25.769255,2.666316,85.781220,4.851465,0
2019-12-03,sz.002851,19.5000,19.5000,18.9200,19.4500,19.5100,2673974,51337098.3000,3,1.034500,1,-0.307500,25.690005,2.658116,85.517413,4.836545,0
2019-12-04,sz.002851,19.3900,19.9300,19.3000,19.9000,19.4500,4259492,84258289.1700,3,1.648000,1,2.313600,26.284376,2.719615,87.495965,4.948444,0
2019-12-05,sz.002851,19.9000,20.4300,19.9000,20.3500,19.9000,6173663,124655034.4100,3,2.388500,1,2.261300,26.878746,2.781114,89.474517,5.060344,0
2019-12-06,sz.002851,20.2400,20.5000,20.0600,20.4600,20.3500,4009543,81641253.4300,3,1.551300,1,0.540500,27.024036,2.796147,89.958163,5.087697,0
2019-12-09,sz.002851,20.4600,20.6100,20.2100,20.2900,20.4600,3930129,80048819.6200,3,1.520500,1,-0.830900,26.799497,2.772914,89.210710,5.045424,0
2019-12-10,sz.002851,20.2800,20.4300,20.1000,20.2900,20.2900,3286551,66513372.7600,3,1.271500,1,0.000000,26.799497,2.772914,89.210710,5.045424,0
2019-12-11,sz.002851,20.2900,20.5400,20.0500,20.4100,20.2900,4111010,83657356.0200,3,1.590500,1,0.591400,26.957995,2.789313,89.738324,5.075264,0
2019-12-12,sz.002851,20.4000,20.6800,20.2000,20.4400,20.4100,5172631,105827415.7500,3,2.001200,1,0.147000,26.997620,2.793413,89.870227,5.082724,0
2019-12-13,sz.002851,20.5500,20.7900,20.3300,20.7000,20.4400,3813825,78536599.5000,3,1.475500,1,1.272000,27.341034,2.828946,91.013391,5.147377,0
2019-12-16,sz.002851,20.8500,20.9200,20.4600,20.7500,20.7000,3796725,78386076.2000,3,1.468900,1,0.241500,27.407075,2.835779,91.233230,5.159810,0
2019-12-17,sz.002851,20.7900,20.8500,20.5200,20.8100,20.7500,5126990,106108822.8300,3,1.983600,1,0.289200,27.486324,2.843979,91.497037,5.174730,0
2019-12-18,sz.002851,20.8200,20.8200,20.3400,20.4200,20.8100,4383505,90193882.0000,3,1.695900,1,-1.874100,26.971204,2.790680,89.782292,5.077750,0
2019-12-19,sz.002851,20.3900,21.7600,20.3000,21.1900,20.4200,10108353,213837348.2900,3,3.910800,1,3.770800,27.988237,2.895911,93.167814,5.269223,0
2019-12-20,sz.002851,21.4000,21.4000,20.6500,20.6700,21.1900,6064561,126646627.8000,3,2.346300,1,-2.454000,27.301409,2.824846,90.881487,5.139917,0
2019-12-23,sz.002851,20.7000,20.7000,19.8700,19.9000,20.6700,4589192,92270214.6800,3,1.775500,1,-3.725200,26.284376,2.719615,87.495965,4.948444,0
2019-12-24,sz.002851,20.1600,20.3500,19.7200,20.0600,19.9000,3995121,80115688.1700,3,1.545700,1,0.804000,26.495707,2.741481,88.199450,4.988231,0
2019-12-25,sz.002851,20.0000,20.9900,20.0000,20.8300,20.0600,6542512,134411450.3400,3,2.531200,1,3.838500,27.512741,2.846712,91.584972,5.179703,0
2019-12-26,sz.002851,20.7000,20.9800,20.5500,20.8100,20.8300,6253875,129758927.3200,3,2.419600,1,-0.096000,27.486324,2.843979,91.497037,5.174730,0
2019-12-27,sz.002851,20.8000,21.3500,20.6200,20.7000,20.8100,7113302,148985797.2800,3,2.752100,1,-0.528600,27.341034,2.828946,91.013391,5.147377,0
2019-12-30,sz.002851,20.6100,20.9100,20.1900,20.8500,20.7000,4826800,99460919.7500,3,1.867400,1,0.724600,27.539157,2.849446,91.672908,5.184677,0
2019-12-31,sz.002851,20.8900,21.2800,20.3100,20.7200,20.8500,6327843,131105376.8500,3,2.448200,1,-0.623500,27.367450,2.831679,91.101326,5.152350,0
2020-01-02,sz.002851,20.9200,21.4200,20.8100,21.2900,20.7200,8390540,177661981.6600,3,3.246200,1,2.751000,28.120319,2.909578,93.607492,5.294089,0
2020-01-03,sz.002851,21.4200,21.4400,20.9700,21.1500,21.2900,6184326,130810882.7800,3,2.392700,1,-0.657600,27.935404,2.890445,92.991943,5.259276,0
2020-01-06,sz.002851,21.2800,22.2900,21.0900,21.9900,21.1500,14232549,310935242.2900,3,5.506400,1,3.971600,29.044895,3.005243,96.685240,5.468155,0
2020-01-07,sz.002851,21.8000,22.1300,21.7000,22.0500,21.9900,8102469,177446624.5900,3,3.134800,1,0.272800,29.124145,3.013443,96.949047,5.483075,0
2020-01-08,sz.002851,22.0500,22.7000,21.8000,22.0600,22.0500,11004469,245835142.7900,3,4.257500,1,0.045400,29.137353,3.014809,96.993014,5.485562,0
2020-01-09,sz.002851,22.3100,22.6000,21.8800,22.1400,22.0600,7428803,164535938.7300,3,2.874100,1,0.362600,29.243019,3.025742,97.344757,5.505455,0
2020-01-10,sz.002851,22.1200,22.1900,21.7000,21.8000,22.1400,6077568,132969202.1000,3,2.351400,1,-1.535700,28.793939,2.979277,95.849851,5.420909,0
2020-01-13,sz.002851,21.9100,22.6400,21.9000,22.1700,21.8000,8334524,185151168.9100,3,3.224600,1,1.697300,29.282644,3.029842,97.476660,5.512915,0
2020-01-14,sz.002851,22.1700,22.4500,21.7100,21.7200,22.1700,7269270,159973097.9300,3,2.812400,1,-2.029800,28.688273,2.968343,95.498108,5.401016,0
2020-01-15,sz.002851,21.6000,21.7600,21.3500,21.6500,21.7200,5692600,122665272.3500,3,2.202400,1,-0.322300,28.595816,2.958777,95.190334,5.383609,0
2020-01-16,sz.002851,21.7200,22.5600,21.4600,22.3300,21.6500,10320693,229162093.5100,3,3.993000,1,3.140900,29.493975,3.051708,98.180146,5.552702,0
2020-01-17,sz.002851,22.3300,23.5600,22.1400,23.2600,22.3300,15193493,348754960.7000,3,5.878200,1,4.164800,30.722341,3.178806,102.269153,5.783961,0
2020-01-20,sz.002851,23.3800,24.1900,23.0000,23.9200,23.2600,12578889,296358036.3000,3,4.866700,1,2.837500,31.594084,3.269004,105.171029,5.948080,0
2020-01-21,sz.002851,23.6800,23.7000,23.0800,23.4000,23.9200,9785385,228459470.8100,3,3.785900,1,-2.173900,30.907256,3.197939,102.884702,5.818774,0
2020-01-22,sz.002851,23.0800,23.1800,22.0000,22.8800,23.4000,9811323,222495952.0300,3,3.795900,1,-2.222200,30.220428,3.126874,100.598376,5.689468,0
2020-01-23,sz.002851,22.9400,23.6100,21.9000,22.4400,22.8800,11728599,267711002.1000,3,4.537700,1,-1.923100,29.639266,3.066742,98.663792,5.580055,0
2020-02-03,sz.002851,20.2000,20.2000,20.2000,20.2000,22.4400,1093000,22078600.0000,3,0.422900,1,-9.982200,26.680622,2.760614,88.815000,5.023044,0
2020-02-04,sz.002851,18.6000,21.2600,18.6000,21.2100,20.2000,14574464,295293516.6600,3,5.638700,1,5.000000,28.014654,2.898645,93.255750,5.274196,0
2020-02-05,sz.002851,21.2500,21.8100,20.8500,21.2700,21.2100,9294170,198235399.8400,3,3.595800,1,0.282900,28.093903,2.906845,93.519556,5.289116,0
2020-02-06,sz.002851,20.9100,21.7500,20.7600,21.6000,21.2700,7732985,164782590.2500,3,2.991800,1,1.551500,28.529775,2.951944,94.970495,5.371176,0
2020-02-07,sz.002851,21.4600,21.5600,20.8000,21.2700,21.6000,7775820,164202420.8600,3,3.008400,1,-1.527800,28.093903,2.906845,93.519556,5.289116,0
2020-02-10,sz.002851,21.0500,23.1800,21.0100,23.1700,21.2700,13034001,293736924.1500,3,5.042700,1,8.932800,30.603466,3.166506,101.873443,5.761581,0
2020-02-11,sz.002851,23.1700,23.5000,22.4400,22.7000,23.1700,9759779,222471952.0900,3,3.776000,1,-2.028500,29.982680,3.102274,99.806955,5.644708,0
2020-02-12,sz.002851,22.9000,22.9800,22.3400,22.9800,22.7000,9099988,206714764.6100,3,3.520700,1,1.233500,30.352510,3.140540,101.038054,5.714334,0
2020-02-13,sz.002851,22.8900,23.0900,22.2600,22.3400,22.9800,7215894,162987381.0000,3,2.791800,1,-2.785000,29.507183,3.053075,98.224113,5.555188,0
2020-02-14,sz.002851,22.1300,23.6000,22.1300,23.6000,22.3400,15191147,352619435.8800,3,5.877300,1,5.640100,31.171420,3.225272,103.764059,5.868507,0
2020-02-17,sz.002851,24.1000,24.5200,23.4700,24.4300,23.6000,15859705,380166234.4100,3,6.136000,1,3.516900,32.267703,3.338703,107.413388,6.074899,0
2020-02-18,sz.002851,24.2000,26.0200,24.0200,25.8100,24.4300,17942111,450862484.6000,3,6.941600,1,5.648800,34.090439,3.527299,113.480947,6.418058,0
2020-02-19,sz.002851,25.6400,26.8600,25.2600,25.2700,25.8100,14974661,389989291.4200,3,5.793600,1,-2.092200,34.090439,3.527299,113.480947,6.418058,0
2020-02-20,sz.002851,25.3900,27.2700,24.9100,26.7500,25.2700,14377376,377052993.8300,3,5.562500,1,5.856700,35.332012,3.655764,117.613923,6.651803,0
2020-02-21,sz.002851,26.5000,27.5000,26.1800,26.3900,26.7500,14178657,379388914.8700,3,5.485600,1,-1.345800,34.856516,3.606565,116.031081,6.562284,0
2020-02-24,sz.002851,26.0200,27.3200,25.9300,26.4800,26.3900,11373898,303062622.2200,3,4.400500,1,0.341000,34.975390,3.618864,116.426792,6.584664,0
2020-02-25,sz.002851,25.8000,27.3400,25.4000,27.0000,26.4800,13153666,346816929.1400,3,5.089000,1,1.963700,35.662218,3.689930,118.713118,6.713970,0
2020-02-26,sz.002851,26.5000,26.7900,25.1100,25.1500,27.0000,11800918,304853842.5700,3,4.565700,1,-6.851900,33.218696,3.437101,110.579071,6.253938,0
2020-02-27,sz.002851,25.0000,25.5000,24.5300,25.1400,25.1500,9802646,246245691.8600,3,3.792600,1,-0.039800,33.205488,3.435735,110.535103,6.251452,0
2020-02-28,sz.002851,24.2000,24.9500,23.3300,23.5000,25.1400,11379189,274791812.7700,3,4.402500,1,-6.523500,31.039338,3.211605,103.324381,5.843640,0
2020-03-02,sz.002851,23.9400,24.7000,23.9400,24.3900,23.5000,6452386,157641177.6500,3,2.496400,1,3.787200,31.613471,3.216668,107.237517,6.064953,0
2020-03-03,sz.002851,24.9400,25.3800,23.9200,24.2200,24.3900,9296567,229536934.5900,3,3.596800,1,-0.697000,31.393123,3.194248,106.490064,6.022679,0
2020-03-04,sz.002851,23.9500,24.4600,23.1200,23.7400,24.2200,10747313,254408796.2100,3,4.158000,1,-1.981800,30.770963,3.130943,104.379608,5.903320,0
2020-03-05,sz.002851,24.1500,24.7600,23.8600,23.9800,23.7400,8486233,205634910.4700,3,3.283200,1,1.011000,31.082043,3.162595,105.434836,5.963000,0
2020-03-06,sz.002851,23.9700,24.7500,23.9600,24.2500,23.9800,6944327,169358130.0900,3,2.119800,1,1.125900,31.432008,3.198204,106.621967,6.030139,0
2020-03-09,sz.002851,23.8900,24.9500,23.8100,23.8300,24.2500,9293338,225972357.0000,3,2.836900,1,-1.732000,30.887618,3.142813,104.775319,5.925700,0
2020-03-10,sz.002851,23.5500,24.8000,23.2500,24.8000,23.8300,8451613,204008358.3600,3,2.580000,1,4.070500,32.144898,3.270741,109.040198,6.166905,0
2020-03-11,sz.002851,24.6600,25.2800,24.3600,24.5100,24.8000,8234450,204579856.5700,3,2.513700,1,-1.169400,31.769010,3.232494,107.765131,6.094792,0
2020-03-12,sz.002851,24.0900,24.2000,23.6200,23.7000,24.5100,4886524,116685509.7200,3,1.491700,1,-3.304800,30.719117,3.125668,104.203737,5.893373,0
2020-03-13,sz.002851,22.0000,23.5900,22.0000,23.1100,23.7000,5837529,133935821.7300,3,1.782000,1,-2.489500,29.954379,3.047856,101.609636,5.746661,0
2020-03-16,sz.002851,23.5500,23.6800,22.0000,22.1000,23.1100,7686826,176503446.6800,3,2.346500,1,-4.370400,28.645252,2.914652,97.168886,5.495509,0
2020-03-17,sz.002851,22.4200,22.6500,20.9300,22.3400,22.1000,7389629,160895943.0500,3,2.255800,1,1.086000,28.956332,2.946305,98.224113,5.555188,0
2020-03-18,sz.002851,22.5000,22.6800,21.2600,21.3500,22.3400,6581868,145317588.9000,3,1.992300,1,-4.431500,27.673128,2.815739,93.871299,5.309009,0
2020-03-19,sz.002851,21.2000,21.9000,20.9000,21.4800,21.3500,5631606,120492708.4100,3,1.719100,1,0.608900,27.841630,2.832884,94.442881,5.341336,0
2020-03-20,sz.002851,21.8300,21.9700,21.0000,21.4700,21.4800,5092600,109290434.1000,3,1.554600,1,-0.046600,27.828668,2.831565,94.398913,5.338849,0
2020-03-23,sz.002851,20.8000,21.0100,19.8500,19.9500,21.4700,5148000,105255994.5000,3,1.571500,1,-7.079600,25.858497,2.631100,87.715804,4.960878,0
2020-03-24,sz.002851,20.4500,20.7000,19.4000,20.2900,19.9500,5002955,100291874.8200,3,1.527200,1,1.704300,26.299193,2.675941,89.210710,5.045424,0
2020-03-25,sz.002851,21.3700,21.3800,20.7100,21.2000,20.2900,6299610,132902757.4000,3,1.923000,1,4.485000,27.478703,2.795956,93.211782,5.271710,0
2020-03-26,sz.002851,20.8900,21.1500,20.4400,20.5300,21.2000,4241728,88210158.6400,3,1.294800,1,-3.160400,26.610273,2.707593,90.265938,5.105104,0
2020-03-27,sz.002851,21.1500,21.5700,20.6000,21.4100,20.5300,6360557,134239305.1200,3,1.941600,1,4.286400,27.750898,2.823652,94.135106,5.323929,0
2020-03-30,sz.002851,22.0000,22.6400,21.6000,22.2500,21.4100,13359456,296747107.0000,3,4.078100,1,3.923400,28.839677,2.934435,97.828403,5.532808,0
2020-03-31,sz.002851,21.7000,23.0800,21.5000,22.5100,22.2500,10213620,225401146.9100,3,3.117800,1,1.168500,29.176680,2.968725,98.971566,5.597461,0
2020-04-01,sz.002851,22.0000,22.8700,21.8600,22.2700,22.5100,8330990,186976248.3300,3,2.543100,1,-1.066200,28.865600,2.937073,97.916339,5.537782,0
2020-04-02,sz.002851,22.3000,22.6600,21.7400,22.2700,22.2700,8801903,194260799.1200,3,2.686900,1,0.000000,28.865600,2.937073,97.916339,5.537782,0
2020-04-03,sz.002851,22.5500,23.2100,22.4100,22.9000,22.2700,11752060,268509159.6800,3,3.587500,1,2.828900,29.682184,3.020160,100.686311,5.694441,0
2020-04-07,sz.002851,23.0100,23.2800,22.6200,23.1100,22.9000,11097205,254741974.4200,3,3.387600,1,0.917000,29.954379,3.047856,101.609636,5.746661,0
2020-04-08,sz.002851,22.9900,22.9900,22.2300,22.2700,23.1100,9021108,202495484.8300,3,2.753800,1,-3.634800,28.865600,2.937073,97.916339,5.537782,0
2020-04-09,sz.002851,22.4000,22.4500,21.9000,22.0800,22.2700,5714938,126318983.2800,3,1.744600,1,-0.853200,28.619329,2.912015,97.080950,5.490535,0
2020-04-10,sz.002851,22.1600,22.3600,21.0300,21.2000,22.0800,5918856,128295620.8400,3,1.806800,1,-3.985500,27.478703,2.795956,93.211782,5.271710,0
2020-04-13,sz.002851,20.9200,21.4700,20.5000,21.2100,21.2000,3837134,81104413.0900,3,1.171300,1,0.047200,27.491665,2.797275,93.255750,5.274196,0
2020-04-14,sz.002851,21.2800,21.6000,21.0400,21.4400,21.2100,4634899,98970233.2500,3,1.414900,1,1.084400,27.789783,2.827608,94.267009,5.331389,0
2020-04-15,sz.002851,21.4900,21.6800,21.0100,21.0500,21.4400,4212325,89852114.0000,3,1.285900,1,-1.819000,27.284279,2.776173,92.552264,5.234410,0
2020-04-16,sz.002851,20.7000,21.2600,20.7000,21.2100,21.0500,3365681,70935464.4700,3,1.027400,1,0.760100,27.491665,2.797275,93.255750,5.274196,0
2020-04-17,sz.002851,21.3200,21.5300,21.1500,21.4200,21.2100,4664948,99764494.3900,3,1.424000,1,0.990100,27.763860,2.824971,94.179074,5.326416,0
2020-04-20,sz.002851,21.3100,21.7000,21.3100,21.4100,21.4200,3849400,82575825.8300,3,1.175100,1,-0.046700,27.750898,2.823652,94.135106,5.323929,0
2020-04-21,sz.002851,21.3500,21.3700,20.8900,21.1000,21.4100,2914925,61355402.5000,3,0.889800,1,-1.447900,27.349087,2.782768,92.772104,5.246843,0
2020-04-22,sz.002851,20.9200,21.1800,20.8100,21.1000,21.1000,2404982,50563626.7200,3,0.734200,1,0.000000,27.349087,2.782768,92.772104,5.246843,0
2020-04-23,sz.002851,21.2400,21.2400,20.5000,20.5300,21.1000,4831069,99994915.9400,3,1.474700,1,-2.701400,26.610273,2.707593,90.265938,5.105104,0
2020-04-24,sz.002851,20.5400,20.7700,20.0100,20.1400,20.5300,4090165,82906040.6700,3,1.248600,1,-1.899700,26.104768,2.656158,88.551193,5.008124,0
2020-04-27,sz.002851,19.9500,20.3300,19.9200,20.1900,20.1400,3012350,60539689.2500,3,0.919600,1,0.248300,26.169577,2.662752,88.771032,5.020557,0
2020-04-28,sz.002851,20.2000,20.2700,19.4100,20.1300,20.1900,3605469,71639175.1300,3,1.100600,1,-0.297200,26.271901,2.742425,148.700969,4.718519,0
2020-04-29,sz.002851,20.1700,20.6600,20.0500,20.5300,20.1300,3589703,73386127.0700,3,1.095800,1,1.987100,26.793946,2.796919,151.655782,4.812280,0
2020-04-30,sz.002851,20.5600,21.0500,20.5000,20.9300,20.5300,4151509,86590696.6200,3,1.267300,1,1.948400,27.315990,2.851413,154.610595,4.906041,0
2020-05-06,sz.002851,20.7000,21.3000,20.5500,21.0700,20.9300,5141835,107589770.3400,3,1.569600,1,0.668900,27.498706,2.870486,155.644780,4.938857,0
2020-05-07,sz.002851,21.0700,21.2500,20.7900,20.8300,21.0700,4496232,94263858.7400,3,1.372500,1,-1.139100,27.185479,2.837790,153.871892,4.882600,0
2020-05-08,sz.002851,20.8900,21.3100,20.8900,21.2000,20.8300,4852126,102841565.6500,3,1.481200,1,1.776300,27.668371,2.888197,156.605094,4.969329,0
2020-05-11,sz.002851,21.2500,22.3100,21.2300,22.2000,21.2000,10313838,227131450.2800,3,3.148400,1,4.717000,28.973482,3.024433,163.992127,5.203731,0
2020-05-12,sz.002851,22.2300,22.2900,21.6500,22.0500,22.2000,6480257,142347967.9700,3,1.978200,1,-0.675700,28.777716,3.003997,162.884072,5.168571,0
2020-05-13,sz.002851,22.2500,23.2700,22.0000,22.9800,22.0500,13547513,308813535.5900,3,4.135500,1,4.217700,29.991470,3.130696,169.754013,5.386565,0
2020-05-14,sz.002851,22.8800,23.8400,22.7600,23.3400,22.9800,11473858,268706562.5000,3,3.502500,1,1.566600,30.461310,3.179741,172.413344,5.470950,0
2020-05-15,sz.002851,23.3400,25.6700,23.3000,25.6700,23.3400,18859242,468405472.1200,3,5.757000,1,9.982900,33.502220,3.497170,189.625131,6.017108,0
2020-05-18,sz.002851,25.1500,27.6800,25.1500,26.8500,25.6700,25346039,676130205.7300,3,7.737200,1,4.596800,35.042252,3.657929,198.341829,6.293702,0
2020-05-19,sz.002851,26.8500,27.3000,26.0300,27.2500,26.8500,14665478,394183188.2700,3,4.476800,1,1.489800,35.564297,3.712423,201.296642,6.387463,0
2020-05-20,sz.002851,27.0000,27.4600,26.5100,26.9400,27.2500,10497629,283057726.8500,3,3.204500,1,-1.137600,35.159712,3.670190,199.006662,6.314798,0
2020-05-21,sz.002851,27.0000,27.9200,26.9400,27.2700,26.9400,9644999,264959418.1100,3,2.944300,1,1.224900,35.590399,3.715148,201.444383,6.392151,0
2020-05-22,sz.002851,27.6700,27.6700,26.5100,26.7500,27.2700,10781013,291118296.4100,3,3.291000,1,-1.906900,34.911741,3.644305,197.603126,6.270262,0
2020-05-25,sz.002851,27.0500,27.0500,26.0600,26.8000,26.7500,6081024,162393256.0500,3,1.856300,1,0.186900,34.976997,3.651117,197.972478,6.281982,0
2020-05-26,sz.002851,27.1400,27.5700,26.3000,27.3100,26.8000,7228680,195670790.2500,3,2.206600,1,1.903000,35.642604,3.720597,201.739864,6.401527,0
2020-05-27,sz.002851,27.6600,27.7100,26.0800,26.4400,27.3100,9361236,248807280.4700,3,2.857600,1,-3.185600,34.507156,3.602072,195.313146,6.197597,0
2020-05-28,sz.002851,26.4400,26.7500,25.6000,26.6000,26.4400,5117200,134941837.5400,3,1.562100,1,0.605100,34.715974,3.623870,196.495071,6.235102,0
2020-05-29,sz.002851,26.5000,27.4100,26.1200,27.0500,26.6000,5788366,156188007.8900,3,1.767000,1,1.691700,35.303275,3.685176,199.819236,6.340583,0
2020-06-01,sz.002851,27.6000,28.1900,26.7800,27.8200,27.0500,7919322,218739040.5400,3,2.417500,1,2.846600,36.308211,3.790077,205.507251,6.521073,0
2020-06-02,sz.002851,28.0300,28.1700,25.9100,26.2000,27.8200,12331238,328597244.8900,3,3.764300,1,-5.823100,34.193930,3.569375,193.540258,6.141341,0
2020-06-03,sz.002851,26.5000,26.7500,26.1000,26.3900,26.2000,5031853,132867170.3400,3,1.536000,1,0.725200,34.441901,3.595260,194.943794,6.185877,0
2020-06-04,sz.002851,26.4600,26.8000,26.0500,26.5800,26.3900,3505453,92666434.9700,3,1.070100,1,0.720000,34.689872,3.621145,196.347331,6.230414,0
2020-06-05,sz.002851,26.6300,27.4800,26.2400,27.1600,26.5800,5728795,154566123.2100,3,1.748800,1,2.182100,35.446837,3.700162,200.631810,6.366367,0
2020-06-08,sz.002851,27.6500,27.6500,26.4500,26.6800,27.1600,5777020,155413335.0600,3,1.763500,1,-1.767300,34.820383,3.634768,197.086034,6.253854,0
2020-06-09,sz.002851,26.6600,28.9800,26.6600,28.6500,26.6800,12345465,350069815.2800,3,3.768600,1,7.383800,37.391454,3.903153,211.638488,6.715626,0
2020-06-10,sz.002851,28.5000,28.8800,27.2400,27.5500,28.6500,11498840,321408712.7600,3,3.510900,1,-3.839400,35.955831,3.753294,203.512752,6.457784,0
2020-06-11,sz.002851,27.5500,27.5500,24.8000,25.1500,27.5500,17380115,453050325.7200,3,5.306600,1,-8.711400,32.823562,3.426328,185.783874,5.895218,0
2020-06-12,sz.002851,24.3000,24.8300,23.6600,23.7600,25.1500,15562291,373771207.8100,3,4.751600,1,-5.526800,31.009457,3.236960,175.515898,5.569399,0
2020-06-15,sz.002851,23.7700,25.8600,23.5100,25.0200,23.7600,17222953,430904352.3300,3,5.258700,1,5.303000,32.653898,3.408617,184.823559,5.864746,0
2020-06-16,sz.002851,25.0000,25.3500,24.6000,24.9600,25.0200,8971843,222993874.1100,3,2.739400,1,-0.239800,32.575591,3.400443,184.380337,5.850682,0
2020-06-17,sz.002851,25.2100,25.7600,24.9000,25.1600,24.9600,7827177,197468525.0000,3,2.389900,1,0.801300,32.836613,3.427690,185.857744,5.897562,0
2020-06-18,sz.002851,25.4500,25.6700,24.7500,25.4000,25.1600,5447721,137604557.0700,3,1.663300,1,0.953900,33.149840,3.460387,187.630632,5.953819,0
2020-06-19,sz.002851,25.1500,25.5000,24.8000,25.2500,25.4000,4243075,106736345.0400,3,1.295500,1,-0.590500,32.954073,3.439951,186.522577,5.918659,0
2020-06-22,sz.002851,25.2500,25.6000,24.9600,25.2500,25.2500,4251475,107320142.5000,3,1.298100,1,0.000000,32.954073,3.439951,186.522577,5.918659,0
2020-06-23,sz.002851,25.2600,25.6800,25.0100,25.2800,25.0900,4531318,114399291.6500,3,1.383500,1,0.757300,32.993227,3.444039,186.744188,5.925691,0
2020-06-24,sz.002851,25.5000,26.1100,25.1000,25.2500,25.2800,4564407,116055714.9600,3,1.393600,1,-0.118700,32.954073,3.439951,186.522577,5.918659,0
2020-06-29,sz.002851,25.0100,25.2900,24.5600,24.9000,25.2500,4723767,117890886.3900,3,1.442300,1,-1.386100,32.497284,3.392269,183.937116,5.836618,0
2020-06-30,sz.002851,25.2100,25.9600,25.0100,25.9200,24.9000,6319224,161658330.9200,3,1.929400,1,4.096400,33.828498,3.531229,191.471889,6.075708,0
2020-07-01,sz.002851,25.8400,26.3800,25.5000,25.7700,25.9200,6752079,174839831.8400,3,2.061600,1,-0.578700,33.632732,3.510794,190.363834,6.040548,0
2020-07-02,sz.002851,26.1800,26.2600,25.6000,25.8900,25.7700,5144785,133560635.9100,3,1.570800,1,0.465700,33.789345,3.527142,191.250278,6.068676,0
2020-07-03,sz.002851,26.0000,26.1700,25.6500,25.8900,25.8900,5332349,138105765.4100,3,1.628100,1,0.000000,33.789345,3.527142,191.250278,6.068676,0
2020-07-06,sz.002851,25.9200,26.5800,25.9200,26.4000,25.8900,9102286,239890144.9000,3,2.779200,1,1.969900,34.454952,3.596623,195.017665,6.188221,0
2020-07-07,sz.002851,26.9600,27.9200,26.4900,27.6600,26.4000,10845907,296131391.7000,3,3.311600,1,4.772700,36.099393,3.768279,204.325326,6.483568,0
2020-07-08,sz.002851,28.9900,30.3800,28.6000,29.3600,27.6600,15849346,465289176.4200,3,4.839300,1,6.146100,38.318083,3.999880,216.883282,6.882052,0
2020-07-09,sz.002851,28.7000,29.4800,28.3000,29.3200,29.3600,11211204,324774420.2100,3,3.423100,1,-0.136200,38.265878,3.994431,216.587800,6.872676,0
2020-07-10,sz.002851,29.0000,29.1200,27.8700,27.9000,29.3200,9395681,267252433.7200,3,2.868800,1,-4.843100,36.412620,3.800976,206.098214,6.539825,0
2020-07-13,sz.002851,27.7400,30.1400,27.7100,29.9000,27.9000,9477492,277385713.3900,3,2.893700,1,7.168500,39.022843,4.073447,220.872279,7.008629,0
2020-07-14,sz.002851,29.9500,31.3300,29.6900,31.3100,29.9000,12182952,372246012.0000,3,3.719800,1,4.715700,40.863051,4.265540,231.287995,7.339137,0
2020-07-15,sz.002851,31.3200,32.8500,30.0200,30.8000,31.3100,12705152,399692777.7700,3,3.879200,1,-1.628900,40.197444,4.196060,227.520609,7.219591,0
2020-07-16,sz.002851,30.3500,31.8100,29.7000,30.7800,30.8000,8603089,266014934.5700,3,2.626800,1,-0.064900,40.171342,4.193335,227.372868,7.214903,0
2020-07-17,sz.002851,30.5300,32.5200,29.7500,32.1700,30.7800,9966799,314219810.0900,3,3.043100,1,4.515900,41.985447,4.382702,237.640844,7.540723,0
2020-07-20,sz.002851,32.6300,33.5700,31.3200,32.2500,32.1700,8819808,284544998.8800,3,2.692900,1,0.248700,42.089856,4.393601,238.231806,7.559475,0
2020-07-21,sz.002851,32.1400,32.1500,31.1500,31.5500,32.2500,4875441,154128309.0600,3,1.488600,1,-2.170500,41.176278,4.298236,233.060883,7.395393,0
2020-07-22,sz.002851,31.4000,33.5200,31.0600,32.7800,31.5500,8489453,277753125.3000,3,2.592100,1,3.898600,42.781565,4.465806,242.146934,7.683708,0
2020-07-23,sz.002851,32.6200,33.1200,31.3800,32.6000,32.7800,6466084,208776706.1900,3,1.974300,1,-0.549100,42.546645,4.441284,240.817268,7.641516,0
2020-07-24,sz.002851,32.5400,32.8000,30.0400,30.2000,32.6000,8784466,272710157.7100,3,2.682100,1,-7.362000,39.414377,4.114318,223.088389,7.078950,0
2020-07-27,sz.002851,30.3600,31.2100,29.6000,29.7800,30.2000,4625597,139341359.5700,3,1.412300,1,-1.390700,38.866230,4.057099,219.985835,6.980501,0
2020-07-28,sz.002851,30.0000,30.5500,29.0000,30.1500,29.7800,5043938,150100760.6900,3,1.540100,1,1.242400,39.349121,4.107506,222.719037,7.067230,0
2020-07-29,sz.002851,30.0900,30.8700,29.7500,30.7000,30.1500,5080880,154901603.6400,3,1.551300,1,1.824200,40.066933,4.182436,226.781905,7.196151,0
2020-07-30,sz.002851,30.5800,31.1400,29.4800,29.5000,30.7000,6349805,191003856.7000,3,1.938800,1,-3.908800,38.500799,4.018953,217.917466,6.914868,0
2020-07-31,sz.002851,29.4600,30.1500,29.0000,29.6000,29.5000,5915868,174593442.2300,3,1.806300,1,0.339000,38.631310,4.032577,218.656169,6.938309,0
2020-08-03,sz.002851,29.6200,30.2600,29.0800,29.8300,29.6000,6119734,181339221.6100,3,1.868500,1,0.777000,38.931485,4.063911,220.355187,6.992221,0
2020-08-04,sz.002851,29.9400,29.9500,28.6600,28.7500,29.8300,7622026,221511936.4000,3,2.327200,1,-3.620500,37.521965,3.916776,212.377192,6.739067,0
2020-08-05,sz.002851,28.7600,29.2200,28.2400,28.8300,28.7500,7670940,219078645.3600,3,2.342200,1,0.278300,37.626374,3.927675,212.968154,6.757819,0
2020-08-06,sz.002851,29.1300,29.5000,28.2300,28.7000,28.8300,5862404,168561210.0500,3,1.790000,1,-0.450900,37.456709,3.909965,212.007840,6.727347,0
2020-08-07,sz.002851,28.6500,28.8700,27.5100,27.9800,28.7000,5827801,163802717.7700,3,1.779400,1,-2.508700,36.517029,3.811875,206.689176,6.558577,0
2020-08-10,sz.002851,27.6700,28.4900,27.6100,28.3700,27.9800,6489874,182224703.7700,3,1.981500,1,1.393900,37.026022,3.865007,209.570119,6.649994,0
2020-08-11,sz.002851,28.1800,29.5000,27.9300,28.2300,28.3700,9255559,265335818.7100,3,2.826000,1,-0.493500,36.843307,3.845934,208.535935,6.617177,0
2020-08-12,sz.002851,28.2500,28.2900,26.4000,26.8400,28.2300,7748211,208576226.9800,3,2.365700,1,-4.923800,35.029201,3.656566,198.267959,6.291358,0
2020-08-13,sz.002851,27.0900,27.3500,26.0200,26.6700,26.8400,4956487,132028081.8800,3,1.513400,1,-0.633400,34.807332,3.633406,197.012163,6.251510,0
2020-08-14,sz.002851,26.7000,27.4900,26.4500,27.2900,26.6700,5648501,153460589.3600,3,1.724600,1,2.324700,35.616501,3.717872,201.592124,6.396839,0
2020-08-17,sz.002851,27.2100,27.7200,26.8800,27.5300,27.2900,4667052,127466132.1100,3,1.425000,1,0.879400,35.929728,3.750569,203.365012,6.453096,0
2020-08-18,sz.002851,27.4000,28.4100,27.2800,28.3100,27.5300,5548654,155403817.9000,3,1.694200,1,2.833300,36.947716,3.856833,209.126897,6.635930,0
2020-08-19,sz.002851,28.5000,29.0000,27.8000,28.3000,28.3100,6180182,176451407.3400,3,1.759400,1,-0.035300,38.803327,4.050533,219.629800,6.969203,0
2020-08-20,sz.002851,28.0000,28.5000,27.2000,27.2200,28.3000,4437683,122612277.4600,3,1.263300,1,-3.816300,37.322493,3.895954,211.248168,6.703241,0
2020-08-21,sz.002851,27.5200,27.5800,26.7300,26.8900,27.2200,3823582,103371549.2400,3,1.088500,1,-1.212300,36.870016,3.848722,208.687113,6.621975,0
2020-08-24,sz.002851,27.2000,28.0000,26.7500,27.8400,26.8900,4513865,124076890.3000,3,1.274700,1,3.532900,38.172601,3.984694,216.059845,6.855923,0
2020-08-25,sz.002851,28.0000,29.4900,27.9100,28.7600,27.8400,7481369,215995625.3300,3,2.112700,1,3.304600,39.434052,4.116372,223.199754,7.082484,0
2020-08-26,sz.002851,28.6000,28.8800,27.6000,27.7300,28.7600,4004222,112974717.7600,3,1.130800,1,-3.581400,38.021776,3.968950,215.206160,6.828834,0
2020-08-27,sz.002851,28.1000,30.5000,28.1000,30.5000,27.7300,15238818,455504062.9700,3,4.303300,1,9.989200,42.566367,4.371562,-81.750168,7.562790,0
2020-08-28,sz.002851,30.8500,31.0700,29.7700,30.3100,30.5000,11158361,339624329.4300,3,3.151000,1,-0.623000,42.301200,4.344329,-81.240904,7.515678,0
2020-08-31,sz.002851,30.7000,32.7800,30.1000,32.0200,30.3100,11217851,357385152.7800,3,3.167800,1,5.641700,44.687708,4.589423,-85.824274,7.939690,0
2020-09-01,sz.002851,31.9800,32.5000,31.7100,32.3500,32.0200,5792429,186061446.8700,3,1.635700,1,1.030600,45.148262,4.636722,-86.708785,8.021517,0
2020-09-02,sz.002851,32.3000,32.4700,31.0400,31.4400,32.3500,7170494,226718910.4400,3,2.024900,1,-2.813000,43.878249,4.506292,-84.269681,7.795873,0
2020-09-03,sz.002851,31.5000,31.7500,30.8500,31.1400,31.4400,4578653,142810246.3700,3,1.293000,1,-0.954200,43.459563,4.463293,-83.465581,7.721485,0
2020-09-04,sz.002851,30.0000,31.1600,29.6500,30.8200,31.1400,5535666,168145910.5900,3,1.563200,1,-1.027600,43.012965,4.417427,-82.607874,7.642138,0
2020-09-07,sz.002851,30.9500,32.3000,30.6900,31.0700,30.8200,7437056,233325458.7600,3,2.100200,1,0.811200,43.361870,4.453260,-83.277958,7.704128,0
2020-09-08,sz.002851,31.0700,31.2300,30.1000,30.9500,31.0700,4090786,125483412.5800,3,1.155200,1,-0.386200,43.194396,4.436060,-82.956318,7.674372,0
2020-09-09,sz.002851,30.6000,30.6000,28.7200,29.7000,30.9500,6354266,187746224.0800,3,1.794400,1,-4.038800,41.449872,4.256898,-79.605901,7.364422,0
2020-09-10,sz.002851,29.5000,30.1300,28.6600,29.3000,29.7000,6454315,190178695.3500,3,1.774500,1,-1.346800,41.612787,4.273629,-79.918785,7.393367,0
2020-09-11,sz.002851,29.1000,30.2200,28.9100,29.7000,29.3000,4336573,128729688.8500,3,1.192300,1,1.365200,42.180880,4.331972,-81.009826,7.494301,0
2020-09-14,sz.002851,29.7600,30.6100,29.3000,30.2600,29.7000,3787829,113907370.2400,3,1.041400,1,1.885500,42.976210,4.413653,-82.537284,7.635607,0
2020-09-15,sz.002851,30.1700,31.1700,30.1500,31.0000,30.2600,4946857,152389964.8000,3,1.360100,1,2.445500,44.027181,4.521587,-84.555711,7.822334,0
2020-09-16,sz.002851,30.8500,31.3500,30.0300,30.9600,31.0000,4764122,146910505.1300,3,1.309800,1,-0.129000,43.970372,4.515753,-84.446607,7.812241,0
2020-09-17,sz.002851,31.0000,31.3000,30.4100,30.7600,30.9600,3809790,117327100.0300,3,1.047400,1,-0.646000,43.686326,4.486581,-83.901086,7.761774,0
2020-09-18,sz.002851,30.5000,32.5100,30.5000,32.5000,30.7600,8169002,260590261.7100,3,2.120400,1,5.656700,46.157529,4.740374,-88.647116,8.200834,0
2020-09-21,sz.002851,32.4900,32.6000,31.7000,31.8600,32.5000,4388486,140452651.8400,3,1.139100,1,-1.969200,45.248580,4.647025,-86.901450,8.039341,0
2020-09-22,sz.002851,31.4000,32.4000,31.2600,31.8000,31.8600,3374223,107537227.3400,3,0.875800,1,-0.188300,45.163366,4.638273,-86.737794,8.024201,0
2020-09-23,sz.002851,31.7900,32.1400,31.2500,31.8500,31.8000,3332018,105633721.6100,3,0.864900,1,0.157200,45.234378,4.645566,-86.874174,8.036817,0
2020-09-24,sz.002851,31.9000,32.0900,30.9700,31.0600,31.8500,2932209,91851800.1400,3,0.761100,1,-2.480400,44.112395,4.530339,-84.719367,7.837474,0
2020-09-25,sz.002851,31.1200,31.4400,30.8100,31.2000,31.0600,1969018,61373352.1200,3,0.511100,1,0.450700,44.311227,4.550759,-85.101231,7.872801,0
2020-09-28,sz.002851,31.2700,33.4000,31.1000,32.5400,31.2000,6845049,221429356.0700,3,1.776700,1,4.294900,46.214338,4.746208,-88.756220,8.210927,0
2020-09-29,sz.002851,32.6100,33.5900,31.9100,33.2500,32.5400,5885546,193571739.8500,3,1.527700,1,2.181900,47.222702,4.849767,-90.692819,8.390084,0
2020-09-30,sz.002851,33.1600,34.0600,32.8800,33.9400,33.2500,5234076,175819321.6900,3,1.358600,1,2.075200,48.202662,4.950409,-92.574865,8.564194,0
2020-10-09,sz.002851,34.8100,35.8500,34.3000,34.7700,33.9400,8381203,294761936.1400,3,2.175500,1,2.445500,49.381454,5.071471,-94.838776,8.773631,0
2020-10-12,sz.002851,34.9400,35.7500,34.0800,35.1500,34.7700,8304300,289896925.4700,3,2.155500,1,1.092900,49.921142,5.126896,-95.875266,8.869517,0
2020-10-13,sz.002851,35.0200,35.0500,33.9000,34.1800,35.1500,8514702,293122755.6900,3,2.210100,1,-2.759600,48.543518,4.985415,-93.229490,8.624754,0
2020-10-14,sz.002851,33.9900,34.1700,32.4800,33.7000,34.1800,8895298,295988539.4200,3,2.308900,1,-1.404300,47.861807,4.915403,-91.920240,8.503634,0
2020-10-15,sz.002851,33.9600,34.2000,33.0600,33.1900,33.7000,5644509,188718117.1600,3,1.465100,1,-1.513400,47.137488,4.841015,-90.529163,8.374944,0
2020-10-16,sz.002851,33.5700,34.1000,33.2000,33.9000,33.1900,4518844,152484853.0500,3,1.172900,1,2.139200,48.145853,4.944574,-92.465761,8.554101,0
2020-10-19,sz.002851,34.0000,34.3400,33.0000,33.1000,33.9000,4643693,155467389.4400,3,1.205300,1,-2.359900,47.009668,4.827888,-90.283678,8.352234,0
2020-10-20,sz.002851,33.2600,33.7500,32.9000,33.6200,33.1000,2921026,97832433.9200,3,0.758200,1,1.571000,47.748188,4.903734,-91.702032,8.483447,0
2020-10-21,sz.002851,33.6200,34.0800,32.6500,33.1000,33.6200,4278405,141763167.8900,3,1.110500,1,-1.546700,47.009668,4.827888,-90.283678,8.352234,0
2020-10-22,sz.002851,33.0000,33.0000,32.1400,32.2500,33.1000,3429238,111251806.3400,3,0.890100,1,-2.568000,45.802471,4.703909,-87.965215,8.137751,0
2020-10-23,sz.002851,32.2100,32.9300,31.3500,31.6000,32.2500,3584691,115275969.2800,3,0.930500,1,-2.015500,44.879320,4.609102,-86.192273,7.973734,0
2020-10-26,sz.002851,31.6000,32.7600,30.7200,32.6500,31.6000,3763446,121065751.6300,3,0.976900,1,3.322800,46.370563,4.762252,-89.056257,8.238684,0
2020-10-27,sz.002851,32.5000,32.8200,32.1200,32.5600,32.6500,3999115,130000600.3100,3,1.038000,1,-0.275700,46.242742,4.749125,-88.810772,8.215974,0
2020-10-28,sz.002851,32.5600,32.8700,32.2800,32.5300,32.5600,3597794,117223075.2100,3,0.933900,1,-0.092100,46.200136,4.744749,-88.728944,8.208404,0
2020-10-29,sz.002851,32.0000,33.8600,31.6200,33.7400,32.5300,4304911,143520435.6000,3,1.117400,1,3.719600,46.471396,5.034203,85.015372,6.038718,0
2020-10-30,sz.002851,34.0000,34.6500,33.5300,33.6000,33.7400,5422161,185395808.1300,3,1.407400,1,-0.414900,46.278568,5.013314,84.662611,6.013661,0
2020-11-02,sz.002851,34.1300,35.3000,33.5000,34.9400,33.6000,6173150,214345462.8100,3,1.602300,1,3.988100,48.124202,5.213250,88.039037,6.253491,0
2020-11-03,sz.002851,34.7000,35.3000,34.5100,34.9100,34.9400,4100896,143304560.4900,3,1.064400,1,-0.085900,48.082882,5.208774,87.963445,6.248122,0
2020-11-04,sz.002851,34.9400,35.7200,34.7000,35.2400,34.9100,3168707,111735183.4400,3,0.822500,1,0.945300,48.537403,5.258012,88.794953,6.307185,0
2020-11-05,sz.002851,35.2500,37.3700,35.2000,36.9200,35.2400,6855824,251674130.8400,3,1.779500,1,4.767300,50.851332,5.508677,93.028083,6.607868,0
2020-11-06,sz.002851,36.9100,37.0000,35.8000,36.1400,36.9200,2957000,107057113.4200,3,0.767500,1,-2.112700,49.777008,5.392297,91.062701,6.468265,0
2020-11-09,sz.002851,36.0900,37.7700,35.0000,37.3800,36.1400,6367641,232332032.4900,3,1.652800,1,3.431100,51.484907,5.577312,94.187155,6.690198,0
2020-11-10,sz.002851,37.2000,37.2000,35.7800,36.6100,37.3800,3278011,119696455.5800,3,0.850900,1,-2.059900,50.424357,5.462424,92.246970,6.552385,0
2020-11-11,sz.002851,36.5100,36.9300,35.0000,35.5500,36.6100,4438322,158792663.5300,3,1.152000,1,-2.895400,48.964378,5.304266,89.576066,6.362668,0
2020-11-12,sz.002851,35.9300,36.5800,35.3700,36.1500,35.5500,3372573,121878192.6800,3,0.875400,1,1.687800,49.790781,5.393789,91.087899,6.470055,0
2020-11-13,sz.002851,36.2000,36.5500,35.6100,36.1300,36.1500,1832824,66080454.7600,3,0.475700,1,-0.055300,49.763235,5.390805,91.037504,6.466475,0
2020-11-16,sz.002851,36.1300,36.7000,35.8100,36.1600,36.1300,2120158,76676121.1700,3,0.550300,1,0.083000,49.804555,5.395281,91.113096,6.471845,0
2020-11-17,sz.002851,36.1900,36.3800,34.9400,35.5700,36.1600,2891290,102488021.9800,3,0.750500,1,-1.631600,48.991925,5.307250,89.626461,6.366248,0
2020-11-18,sz.002851,35.3000,35.7000,34.8800,35.2700,35.5700,2089557,73722079.2300,3,0.542400,1,-0.843400,48.578724,5.262488,88.870544,6.312554,0
2020-11-19,sz.002851,35.0500,36.3800,34.7000,36.0100,35.2700,3278167,116503024.0200,3,0.850900,1,2.098100,49.597954,5.372900,90.735138,6.444998,0
2020-11-20,sz.002851,35.9100,37.4400,35.5800,36.9900,36.0100,3762524,138887623.2300,3,0.976600,1,2.721500,50.947746,5.519122,93.204464,6.620396,0
2020-11-23,sz.002851,37.1000,38.1300,36.7000,37.0100,36.9900,3630097,135712347.9300,3,0.942200,1,0.054100,50.975292,5.522106,93.254858,6.623976,0
2020-11-24,sz.002851,36.9900,37.5800,36.3300,36.4000,37.0100,2729362,100426466.8300,3,0.708400,1,-1.648200,50.135116,5.431090,91.717829,6.514799,0
2020-11-25,sz.002851,36.6100,37.2900,35.2100,35.5000,36.4000,3546128,127953739.4400,3,0.920400,1,-2.472500,48.895511,5.296805,89.450080,6.353719,0
2020-11-26,sz.002851,35.2100,35.9200,35.0200,35.7700,35.5000,2284681,81055599.2700,3,0.593000,1,0.760600,49.267393,5.337091,90.130405,6.402043,0
2020-11-27,sz.002851,35.7000,35.8900,34.7300,35.4000,35.7700,3352095,117787208.0100,3,0.870100,1,-1.034400,48.757778,5.281885,89.198108,6.335821,0
2020-11-30,sz.002851,35.3600,35.6000,34.4000,35.0300,35.4000,3821276,133160873.7100,3,0.991900,1,-1.045200,48.248162,5.226679,88.265812,6.269599,0
2020-12-01,sz.002851,35.1300,36.9500,34.9300,36.7800,35.0300,3672223,132660530.9200,3,0.953200,1,4.995700,50.658504,5.487789,92.675323,6.582811,0
2020-12-02,sz.002851,37.0800,37.2700,36.2500,36.2900,36.7800,2946413,108018221.0500,3,0.764800,1,-1.332200,49.983609,5.414678,91.440659,6.495112,0
2020-12-03,sz.002851,36.5500,36.6600,35.9000,36.5700,36.2900,2073372,75429735.3600,3,0.538200,1,0.771600,50.369263,5.456455,92.146181,6.545226,0
2020-12-04,sz.002851,36.5400,37.7400,36.2900,36.6000,36.5700,2607597,96402641.2000,3,0.676800,1,0.082000,50.410584,5.460932,92.221773,6.550595,0
2020-12-07,sz.002851,37.0000,37.4900,36.5400,37.1700,36.6000,2519429,93522010.9600,3,0.654000,1,1.557400,51.195666,5.545979,93.658014,6.652612,0
2020-12-08,sz.002851,36.9300,38.1800,36.6400,37.9600,37.1700,4280869,161720048.2800,3,1.111200,1,2.125400,52.283764,5.663851,95.648593,6.794005,0
2020-12-09,sz.002851,37.9600,38.3500,36.8000,36.8000,37.9600,3398580,127611709.7700,3,0.882200,1,-3.055800,50.686051,5.490773,92.725717,6.586391,0
2020-12-10,sz.002851,36.9100,36.9900,35.6900,36.4300,36.8000,3171523,115049000.4100,3,0.823200,1,-1.005400,50.176436,5.435567,91.793420,6.520169,0
2020-12-11,sz.002851,36.5600,36.8800,34.9600,35.0200,36.4300,4565395,162901839.9500,3,1.185000,1,-3.870400,48.234389,5.225186,88.240614,6.267810,0
2020-12-14,sz.002851,34.8300,35.5700,34.6000,35.1200,35.0200,4453740,156164204.6200,3,1.156000,1,0.285600,48.372123,5.240107,88.492586,6.285707,0
2020-12-15,sz.002851,35.1200,35.4600,33.5000,34.4900,35.1200,6269184,215896235.7000,3,1.627300,1,-1.793800,47.504400,5.146107,86.905162,6.172951,0
2020-12-16,sz.002851,34.6200,35.0000,33.8000,33.9200,34.4900,3350462,114849114.0700,3,0.869700,1,-1.652700,46.719317,5.061060,85.468922,6.070934,0
2020-12-17,sz.002851,33.6900,34.2000,33.1500,34.0800,33.9200,3109394,105093523.3300,3,0.807100,1,0.471700,46.939691,5.084933,85.872077,6.099570,0
2020-12-18,sz.002851,34.0900,34.3200,32.7200,32.8000,34.0800,4886055,162459171.6100,3,1.268200,1,-3.755900,45.176698,4.893950,82.646835,5.870478,0
2020-12-21,sz.002851,32.6400,34.4000,32.4900,34.1300,32.8000,6130844,205800080.6200,3,1.591400,1,4.054900,47.008558,5.092393,85.998063,6.108519,0
2020-12-22,sz.002851,34.0500,34.4000,33.2300,33.3300,34.1300,3823503,129160548.2300,3,0.992400,1,-2.344000,45.906687,4.973029,83.982287,5.965337,0
2020-12-23,sz.002851,33.3100,33.9000,32.8700,33.3600,33.3300,3764965,125870763.1900,3,0.977300,1,0.090000,45.948007,4.977505,84.057878,5.970706,0
2020-12-24,sz.002851,33.3600,33.6500,32.8100,33.1100,33.3600,2172072,71896866.6700,3,0.563800,1,-0.749400,45.603673,4.940203,83.427948,5.925962,0
2020-12-25,sz.002851,32.9700,33.0700,32.1000,32.6100,33.1100,3964934,129656821.7500,3,1.029200,1,-1.510100,44.915004,4.865601,82.168088,5.836473,0
2020-12-28,sz.002851,33.1300,34.3300,32.8100,34.2400,32.6100,5783142,195231931.9000,3,1.501100,1,4.998500,47.160065,5.108806,86.275232,6.128207,0
2020-12-29,sz.002851,34.2500,34.4700,32.6200,33.5100,34.2400,4342941,144741246.1100,3,1.127300,1,-2.132000,46.154608,4.999886,84.435836,5.997553,0
2020-12-30,sz.002851,33.0400,33.8900,32.9300,33.4200,33.5100,4253001,142369097.8300,3,1.103900,1,-0.268600,46.030648,4.986457,84.209061,5.981445,0
2020-12-31,sz.002851,33.4700,34.3000,33.2200,34.0600,33.4200,4488507,151834688.1200,3,1.165100,1,1.915000,46.912144,5.081949,85.821683,6.095991,0
2021-01-04,sz.002851,34.1800,36.4400,34.1200,35.9000,34.0600,4888699,174701070.7300,3,1.268900,1,5.402200,49.446447,5.356488,90.457968,6.425310,0
2021-01-05,sz.002851,35.7200,36.3000,35.4000,35.5200,35.9000,4168363,148807010.0800,3,1.082000,1,-1.058500,48.923058,5.299789,89.500475,6.357299,0
2021-01-06,sz.002851,35.7900,35.7900,34.0700,34.3100,35.5200,4206105,145894552.6900,3,1.091800,1,-3.406500,47.256479,5.119250,86.451613,6.140735,0
2021-01-07,sz.002851,34.5000,35.6000,33.9600,34.9000,34.3100,3497763,122275271.7000,3,0.907900,1,1.719600,48.069108,5.207282,87.938248,6.246332,0
2021-01-08,sz.002851,34.7300,35.4400,34.0100,35.3100,34.9000,4101143,143206719.3800,3,1.064500,1,1.174800,48.633817,5.268456,88.971333,6.319713,0
2021-01-11,sz.002851,35.2100,35.4500,33.6000,34.5600,35.3100,4671842,160865199.8800,3,1.212600,1,-2.124000,47.600813,5.156552,87.081543,6.185480,0
2021-01-12,sz.002851,34.5000,35.3800,34.1600,34.6500,34.5600,3553182,123300440.4600,3,0.922300,1,0.260400,47.724774,5.169980,87.308318,6.201588,0
2021-01-13,sz.002851,34.5000,35.2000,34.2000,34.9200,34.6500,6488703,225048860.3900,3,1.684200,1,0.779200,48.096655,5.210266,87.988642,6.249912,0
2021-01-14,sz.002851,34.9800,35.7100,34.6000,34.8900,34.9200,4054964,141975162.7600,3,1.052500,1,-0.085900,48.055335,5.205790,87.913051,6.244543,0
2021-01-15,sz.002851,34.3300,34.7000,33.7300,34.2900,34.8900,5060832,173314971.0100,3,1.313600,1,-1.719700,47.228932,5.116266,86.401218,6.137156,0
2021-01-18,sz.002851,34.9400,37.2200,34.3600,37.0900,34.2900,6505727,235901111.2500,3,1.688700,1,8.165600,51.085479,5.534042,93.456436,6.638294,0
2021-01-19,sz.002851,36.8200,37.7200,36.5400,36.9900,37.0900,4371637,161839912.1300,3,1.134700,1,-0.269600,50.947746,5.519122,93.204464,6.620396,0
2021-01-20,sz.002851,36.9900,38.2600,36.7000,37.9100,36.9900,3802854,143434050.8700,3,0.987100,1,2.487200,52.214897,5.656391,95.522607,6.785056,0
2021-01-21,sz.002851,38.0000,38.6700,37.6100,38.6700,37.9100,4879846,186218295.5600,3,1.266600,1,2.004700,53.261674,5.769788,97.437594,6.921079,0
2021-01-22,sz.002851,38.8200,39.5700,37.9700,38.6300,38.6700,4309253,166481594.5300,3,1.118500,1,-0.103400,53.206580,5.763819,97.336806,6.913920,0
2021-01-25,sz.002851,38.6800,39.0800,37.8000,38.4500,38.6300,4487360,173217891.0100,3,1.164800,1,-0.466000,52.958659,5.736962,96.883256,6.881704,0
2021-01-26,sz.002851,38.3800,38.9600,37.9000,38.3100,38.4500,3477009,133511659.1400,3,0.902500,1,-0.364100,52.765832,5.716073,96.530495,6.856647,0
2021-01-27,sz.002851,38.5200,39.2900,38.3100,38.5000,38.3100,4175554,161528185.6600,3,1.083800,1,0.496000,53.027526,5.744423,97.009242,6.890653,0
2021-01-28,sz.002851,37.8900,38.2600,35.8200,36.1300,38.5000,5323132,195904954.1300,3,1.381700,1,-6.155800,49.763235,5.390805,91.037504,6.466475,0
2021-01-29,sz.002851,36.0000,36.4000,34.5000,35.1300,36.1300,4326631,153476382.2500,3,1.123000,1,-2.767800,48.385896,5.241599,88.517784,6.287497,0
2021-02-01,sz.002851,34.6200,35.4800,34.3400,34.8200,35.1300,2757227,96103669.5100,3,0.715700,1,-0.882400,47.958921,5.195345,87.736670,6.232014,0
2021-02-02,sz.002851,34.9100,36.5400,34.4000,36.4900,34.8200,3947690,141049763.9900,3,1.024700,1,4.796100,50.259076,5.444519,91.944604,6.530907,0
2021-02-03,sz.002851,36.2000,36.6600,35.5500,35.8500,36.4900,1911027,68773956.8000,3,0.496000,1,-1.753900,49.377580,5.349027,90.331982,6.416361,0
2021-02-04,sz.002851,35.5000,35.6900,34.1200,34.5200,35.8500,3310359,114537367.0500,3,0.859300,1,-3.709900,47.545720,5.150584,86.980754,6.178321,0
2021-02-05,sz.002851,34.6500,34.9500,33.6000,33.8100,34.5200,2245663,76505219.3400,3,0.582900,1,-2.056800,46.567810,5.044647,85.191752,6.051246,0
2021-02-08,sz.002851,33.5500,34.2900,32.6400,34.0000,33.8100,3922815,131893249.8800,3,1.018200,1,0.562000,46.829504,5.072997,85.670499,6.085252,0
2021-02-09,sz.002851,34.0000,35.2500,33.4900,34.7700,34.0000,1981483,68752789.2700,3,0.514300,1,2.264700,47.890054,5.187885,87.610684,6.223065,0
2021-02-10,sz.002851,34.6000,37.2500,34.5300,36.8000,34.7700,4173447,151901660.6600,3,1.083300,1,5.838400,50.686051,5.490773,92.725717,6.586391,0
2021-02-18,sz.002851,37.5700,37.9700,35.3800,35.9800,36.8000,3246544,117483296.9200,3,0.842700,1,-2.228300,49.556634,5.368424,90.659546,6.439629,0
2021-02-19,sz.002851,35.4400,35.8800,34.1800,35.1600,35.9800,3395003,118189559.1000,3,0.881200,1,-2.279000,48.427216,5.246075,88.593375,6.292867,0
2021-02-22,sz.002851,35.3500,35.4900,32.1300,33.1100,35.1600,7325586,246515682.2000,3,1.901500,1,-5.830500,45.603673,4.940203,83.427948,5.925962,0
2021-02-23,sz.002851,32.0800,33.8400,32.0200,33.1000,33.1100,4252427,141164442.3900,3,1.103800,1,-0.030200,45.589899,4.938711,83.402751,5.924172,0
2021-02-24,sz.002851,33.3100,33.9900,32.5200,33.1500,33.1000,4025995,133580430.2000,3,1.045000,1,0.151100,45.658766,4.946172,83.528737,5.933121,0
2021-02-25,sz.002851,33.1600,33.5500,32.6600,33.1000,33.1500,1942925,64325485.8800,3,0.504300,1,-0.150800,45.589899,4.938711,83.402751,5.924172,0
2021-02-26,sz.002851,32.5900,32.6100,31.6000,32.0000,33.1000,2542888,81229381.9300,3,0.660000,1,-3.323300,44.074827,4.774585,80.631058,5.727296,0
2021-03-01,sz.002851,32.2000,33.9900,32.2000,33.8000,32.0000,3078645,102713590.8700,3,0.799100,1,5.625000,42.046913,4.992424,85.166555,6.049456,0
2021-03-02,sz.002851,33.7800,34.4800,33.3800,33.7800,33.8000,1763825,59782119.1900,3,0.457800,1,-0.059200,42.022033,4.989470,85.116161,6.045877,0
2021-03-03,sz.002851,33.7000,33.8400,33.2100,33.6500,33.7800,980204,32871236.9600,3,0.254400,1,-0.384800,41.860314,4.970268,84.788597,6.022610,0
2021-03-04,sz.002851,33.2400,33.5200,32.3200,32.3500,33.6500,1438747,47134660.2300,3,0.373400,1,-3.863300,40.243125,4.778252,81.512960,5.789938,0
2021-03-05,sz.002851,32.0000,33.5600,31.8800,33.4000,32.3500,2055986,67282325.4500,3,0.533700,1,3.245700,41.549317,4.933342,84.158667,5.977865,0
2021-03-08,sz.002851,33.3900,33.5000,32.2000,32.2500,33.4000,1271127,41921690.3900,3,0.329900,1,-3.443100,40.118726,4.763482,81.260988,5.772041,0
2021-03-09,sz.002851,32.0200,32.4200,30.0400,30.6400,32.2500,3197709,99262971.7900,3,0.830000,1,-4.992200,38.115900,4.525677,77.204238,5.483886,0
2021-03-10,sz.002851,30.9800,31.4300,30.4200,30.7000,30.6400,2889357,89287682.3400,3,0.750000,1,0.195800,38.190539,4.534539,77.355422,5.494625,0
2021-03-11,sz.002851,30.9900,31.4200,30.8300,31.0000,30.7000,1818824,56554837.2400,3,0.472100,1,0.977200,38.563737,4.578851,78.111338,5.548318,0
2021-03-12,sz.002851,31.2200,31.8100,30.9800,31.0500,31.0000,2958459,92737797.8300,3,0.767900,1,0.161300,38.625937,4.586236,78.237324,5.557267,0
2021-03-15,sz.002851,31.4700,31.5900,30.7800,30.9000,31.0500,2759366,85905753.2300,3,0.716200,1,-0.483100,38.439338,4.564080,77.859366,5.530420,0
2021-03-16,sz.002851,31.1500,31.3000,30.0300,30.2200,30.9000,2330102,71312778.3800,3,0.604800,1,-2.200600,37.593424,4.463641,76.145956,5.408715,0
2021-03-17,sz.002851,30.2000,30.8500,29.4400,30.5000,30.2200,1865649,56444601.5200,3,0.484300,1,0.926500,37.941741,4.504998,76.851477,5.458829,0
2021-03-18,sz.002851,30.1200,31.2100,30.1200,30.8800,30.5000,1213672,37438773.8400,3,0.315000,1,1.245900,38.414458,4.561126,77.808971,5.526841,0
2021-03-19,sz.002851,30.6000,31.3800,30.3000,30.6800,30.8800,1307309,40403908.2700,3,0.339300,1,-0.647700,38.165660,4.531585,77.305027,5.491045,0
2021-03-22,sz.002851,30.6900,31.9600,30.6900,31.6800,30.6800,1700134,53635447.3900,3,0.441300,1,3.259500,39.409651,4.679290,79.824748,5.670023,0
2021-03-23,sz.002851,31.1800,32.1500,30.9700,31.1100,31.6800,2004708,62956020.1700,3,0.520400,1,-1.799200,38.700576,4.595098,78.388507,5.568006,0
2021-03-24,sz.002851,30.8800,31.8000,30.8300,31.1600,31.1100,1584919,49606424.4000,3,0.411400,1,0.160700,38.762776,4.602483,78.514493,5.576955,0
2021-03-25,sz.002851,30.8800,30.9700,30.2400,30.8500,31.1600,1092767,33420103.0100,3,0.283600,1,-0.994900,38.377138,4.556695,77.733380,5.521471,0
2021-03-26,sz.002851,31.0000,31.5500,30.9300,31.4300,30.8500,975673,30527552.6300,3,0.253300,1,1.880100,39.098653,4.642364,79.194818,5.625279,0
2021-03-29,sz.002851,31.6000,31.8000,31.1300,31.4000,31.4300,857086,26895772.0900,3,0.222500,1,-0.095500,39.061334,4.637933,79.119226,5.619909,0
2021-03-30,sz.002851,31.2800,31.7200,31.2000,31.5100,31.4000,811031,25554393.9800,3,0.210500,1,0.350300,39.198173,4.654180,79.396395,5.639597,0
2021-03-31,sz.002851,32.0100,32.9800,31.4400,32.7300,31.5100,3285903,106567653.5100,3,0.852900,1,3.871800,40.715842,4.834380,82.470454,5.857950,0
2021-04-01,sz.002851,32.7300,32.9900,32.0100,32.7200,32.7300,1456036,47284693.5300,3,0.377900,1,-0.030600,40.703402,4.832903,82.445257,5.856160,0
2021-04-02,sz.002851,32.8500,33.3800,32.4300,33.3700,32.7200,1602846,53220220.2600,3,0.416000,1,1.986600,41.511997,4.928911,84.083075,5.972496,0
2021-04-06,sz.002851,33.3500,33.8000,33.0900,33.1300,33.3700,1131252,37784655.6000,3,0.293600,1,-0.719200,41.213439,4.893462,83.478342,5.929541,0
2021-04-07,sz.002851,33.1800,33.4000,32.5600,33.3700,33.1300,1488624,49047932.2900,3,0.386400,1,0.724400,41.511997,4.928911,84.083075,5.972496,0
2021-04-08,sz.002851,33.3700,33.4500,33.0100,33.1700,33.3700,818305,27181203.9200,3,0.212400,1,-0.599300,41.263199,4.899370,83.579131,5.936700,0
2021-04-09,sz.002851,33.2200,33.3500,32.4300,32.7900,33.1700,1333059,43756281.6800,3,0.346000,1,-1.145600,40.790482,4.843242,82.621637,5.868689,0
2021-04-12,sz.002851,32.8500,32.9800,32.4500,32.5700,32.7900,964610,31534472.5000,3,0.250400,1,-0.670900,40.516804,4.810747,82.067299,5.829314,0
2021-04-13,sz.002851,32.8500,33.3500,32.3000,32.8300,32.5700,1002602,33034305.1500,3,0.260200,1,0.798300,40.840241,4.849151,82.722426,5.875848,0
2021-04-14,sz.002851,33.1200,33.1200,32.4100,32.5100,32.8300,902130,29508222.5800,3,0.234200,1,-0.974700,40.442164,4.801885,81.916116,5.818575,0
2021-04-15,sz.002851,32.5100,33.6200,32.3600,33.2500,32.5100,1154504,38330955.8500,3,0.299700,1,2.276200,41.362718,4.911187,83.780709,5.951019,0
2021-04-16,sz.002851,33.2500,33.4500,32.9000,33.2700,33.2500,659600,21856818.7100,3,0.171200,1,0.060200,41.387598,4.914141,83.831103,5.954598,0
2021-04-19,sz.002851,33.2900,35.1000,33.0700,34.8000,33.2700,3107532,107139735.3800,3,0.806600,1,4.598700,43.290905,5.140129,87.686276,6.228434,0
2021-04-20,sz.002851,34.6300,35.3500,34.2800,35.2000,34.8000,2221823,77554165.4000,3,0.576700,1,1.149400,43.788501,5.199211,88.694164,6.300026,0
2021-04-21,sz.002851,34.9800,35.6200,34.8400,35.3000,35.2000,888092,31330788.7200,3,0.230500,1,0.284100,43.912900,5.213982,88.946136,6.317924,0
2021-04-22,sz.002851,35.6000,35.6800,35.1000,35.3500,35.3000,749044,26515269.1500,3,0.194400,1,0.141600,43.975100,5.221367,89.072122,6.326872,0
2021-04-23,sz.002851,35.3100,35.9700,35.1200,35.3000,35.3500,1215704,43037090.9700,3,0.315600,1,-0.141400,43.912900,5.213982,88.946136,6.317924,0
2021-04-26,sz.002851,35.3300,36.2000,35.3000,36.0000,35.3000,2477751,88873152.6800,3,0.643100,1,1.983000,44.783695,5.317375,90.709941,6.443208,0
2021-04-27,sz.002851,35.4000,36.1800,34.5100,35.5700,36.0000,3309310,116380932.4000,3,0.860800,1,-1.194400,41.789148,4.950644,128.828714,5.660474,0
2021-04-28,sz.002851,35.6500,36.2000,34.4000,34.5200,35.5700,3876537,135273406.8000,3,1.008400,1,-2.951900,40.555564,4.804505,125.025786,5.493381,0
2021-04-29,sz.002851,34.8500,35.2400,34.0000,34.4100,34.5200,3054558,105176088.3800,3,0.794600,1,-0.318700,40.426331,4.789195,124.627384,5.475876,0
2021-04-30,sz.002851,34.7000,34.7000,33.8300,33.9300,34.4100,1988627,67999617.0600,3,0.517300,1,-1.394900,39.862407,4.722388,122.888903,5.399491,0
2021-05-06,sz.002851,33.9100,34.0200,33.0300,33.1600,33.9300,2094779,69773415.3000,3,0.544900,1,-2.269400,38.957778,4.615220,120.100089,5.276956,0
2021-05-07,sz.002851,33.1700,33.5600,32.3700,32.3700,33.1600,2012140,66476721.7100,3,0.523400,1,-2.382400,38.029652,4.505267,117.238838,5.151239,0
2021-05-10,sz.002851,32.4300,32.4500,30.5000,30.9800,32.3700,3428818,106906514.5000,3,0.891900,1,-4.294100,36.396621,4.311807,112.204486,4.930039,0
2021-05-11,sz.002851,30.9800,31.2000,30.0100,30.3600,30.9800,3229648,98663043.9500,3,0.840100,1,-2.001300,35.668219,4.225515,109.958947,4.831375,0
2021-05-12,sz.002851,30.3600,30.8600,30.2000,30.4900,30.3600,3973755,121259702.3800,3,1.033700,1,0.428200,35.820948,4.243608,110.429786,4.852063,0
2021-05-13,sz.002851,30.4200,30.5400,29.4900,29.6000,30.4900,2301278,68638770.0400,3,0.598600,1,-2.919000,34.775339,4.119738,107.206352,4.710431,0
2021-05-14,sz.002851,29.7000,30.1400,29.2500,30.0400,29.6000,2704277,80494508.9300,3,0.703500,1,1.486500,35.292269,4.180977,108.799960,4.780451,0
2021-05-17,sz.002851,29.8000,31.2800,29.7800,30.3100,30.0400,3886616,119162051.4300,3,1.011000,1,0.898800,35.609477,4.218556,109.777856,4.823418,0
2021-05-18,sz.002851,30.3100,30.5400,29.8100,30.3200,30.3100,1393301,41997932.4200,3,0.362400,1,0.033000,35.621225,4.219948,109.814074,4.825009,0
2021-05-19,sz.002851,30.3000,30.4800,29.8600,30.4000,30.3200,1315496,39790048.3000,3,0.342200,1,0.263900,35.715213,4.231082,110.103821,4.837740,0
2021-05-20,sz.002851,30.4000,30.6800,29.7700,29.8800,30.4000,1709570,51319664.2400,3,0.444700,1,-1.710500,35.104295,4.158708,108.220466,4.754989,0
2021-05-21,sz.002851,29.9000,30.4000,29.6800,29.9600,29.8800,2598935,78047793.3900,3,0.676100,1,0.267700,35.198282,4.169843,108.510213,4.767720,0
2021-05-24,sz.002851,29.9600,30.2000,29.7300,30.1300,29.9600,999441,29986548.1100,3,0.260000,1,0.567400,35.398005,4.193503,109.125925,4.794773,0
2021-05-25,sz.002851,29.9900,31.1500,29.8400,30.9100,30.1300,2379476,72965837.5500,3,0.619000,1,2.588800,36.314382,4.302064,111.950957,4.918900,0
2021-05-26,sz.002851,30.9700,31.4700,30.8100,30.9700,30.9100,1947340,60534850.4400,3,0.506600,1,0.194100,36.384873,4.310415,112.168268,4.928448,0
2021-05-27,sz.002851,31.0000,31.4400,30.7000,31.3100,30.9700,1894165,58948189.9300,3,0.492700,1,1.097800,36.784319,4.357736,113.399692,4.982554,0
2021-05-28,sz.002851,31.5800,32.1300,31.2200,31.7300,31.3100,2005438,63820364.8900,3,0.521700,1,1.341400,37.277753,4.416192,114.920863,5.049391,0
2021-05-31,sz.002851,31.8700,32.6700,31.1300,32.5800,31.7300,2694899,86145619.8200,3,0.701000,1,2.678900,38.276369,4.534495,117.999424,5.184657,0
2021-06-01,sz.002851,32.2300,32.7700,31.6000,31.9000,32.5800,3846273,123459992.2900,3,1.000500,1,-2.087200,37.477476,4.439852,115.536575,5.076445,0
2021-06-02,sz.002851,32.1700,32.8900,31.7800,32.7500,31.9000,3427896,111308120.7600,3,0.891700,1,2.664600,38.476093,4.558156,118.615136,5.211710,0
2021-06-03,sz.002851,32.4000,32.9500,32.1000,32.6900,32.7500,2547726,83257382.4300,3,0.662700,1,-0.183200,38.405602,4.549805,118.397826,5.202162,0
2021-06-04,sz.002851,32.5100,33.6500,32.5100,33.4000,32.6900,2277894,75805307.3100,3,0.592500,1,2.171900,39.239740,4.648623,120.969330,5.315149,0
2021-06-07,sz.002851,33.5500,34.2100,33.3700,33.8200,33.4000,2844027,96225610.9200,3,0.739800,1,1.257500,39.733174,4.707079,122.490501,5.381986,0
2021-06-08,sz.002851,34.4900,34.5000,31.7000,32.4200,33.8200,3581192,117624250.3600,3,0.931600,1,-4.139600,38.088395,4.512226,117.419930,5.159195,0
2021-06-09,sz.002851,32.1700,33.4500,32.0100,32.9400,32.4200,2010467,66353174.4100,3,0.523000,1,1.603900,38.699313,4.584600,119.303285,5.241946,0
2021-06-10,sz.002851,32.9100,33.2100,32.1100,32.8800,32.9400,2921014,95865133.8800,3,0.759800,1,-0.182100,38.628822,4.576249,119.085975,5.232398,0
2021-06-11,sz.002851,32.9200,32.9200,31.5800,32.1200,32.8800,2324598,74342624.4700,3,0.604700,1,-2.311400,37.735942,4.470472,116.333379,5.111455,0
2021-06-15,sz.002851,31.7600,32.2400,31.4200,31.7100,32.1200,1920575,61027850.9700,3,0.499600,1,-1.276500,37.254256,4.413408,114.848426,5.046209,0
2021-06-16,sz.002851,31.9900,32.1500,31.3200,31.8000,31.7100,1399090,44488518.7000,3,0.363900,1,0.283800,37.359992,4.425934,115.174392,5.060531,0
2021-06-17,sz.002851,31.8000,31.9300,31.1200,31.5100,31.8000,1224956,38507864.4300,3,0.318600,1,-0.911900,37.019288,4.385572,114.124059,5.014381,0
2021-06-18,sz.002851,31.3800,31.8400,31.2000,31.5500,31.5100,1159239,36585720.7000,3,0.301500,1,0.126900,37.066282,4.391139,114.268933,5.020747,0
2021-06-21,sz.002851,31.2300,32.3000,30.6400,32.2000,31.5500,2774865,87855948.0200,3,0.721800,1,2.060200,37.829929,4.481607,116.623126,5.124185,0
2021-06-22,sz.002851,32.0100,33.4900,31.4500,33.2200,32.2000,2895557,94641798.7000,3,0.753200,1,3.167700,39.028269,4.623570,120.317399,5.286504,0
2021-06-23,sz.002851,33.3000,33.7200,32.8000,33.0500,33.2200,1552312,51330433.8000,3,0.403800,1,-0.511700,38.828545,4.599910,119.701687,5.259451,0
2021-06-24,sz.002851,33.0000,33.1500,32.0300,32.4100,32.8800,1610803,52306309.7300,3,0.419000,1,-1.429400,38.076646,4.510834,117.383712,5.157604,0
2021-06-25,sz.002851,32.4600,32.8400,32.1400,32.4100,32.4100,2785926,90640384.4500,3,0.724700,1,0.000000,38.076646,4.510834,117.383712,5.157604,0
2021-06-28,sz.002851,32.2500,33.1800,32.1000,32.2000,32.4100,2745205,89263041.6100,3,0.714100,1,-0.647900,37.829929,4.481607,116.623126,5.124185,0
2021-06-29,sz.002851,32.5000,32.5000,30.5000,30.8000,32.2000,5376831,166709419.7500,3,1.398700,1,-4.347800,36.185150,4.286754,111.552555,4.901395,0
2021-06-30,sz.002851,30.7800,31.2500,30.2700,31.2300,30.8000,1627743,50443605.2900,3,0.423400,1,1.396100,36.690332,4.346602,113.109945,4.969823,0
2021-07-01,sz.002851,31.2000,31.2000,30.2200,30.5200,31.2300,2225215,67884687.8600,3,0.578800,1,-2.273500,35.856194,4.247784,110.538441,4.856837,0
2021-07-02,sz.002851,30.4000,30.4000,29.0800,29.3200,30.5200,4582288,134771269.5800,3,1.192000,1,-3.931800,34.446383,4.080767,106.192238,4.665873,0
2021-07-05,sz.002851,29.2500,29.5000,28.7500,29.3700,29.3200,2130001,62303495.6000,3,0.554100,1,0.170500,34.505125,4.087726,106.373330,4.673830,0
2021-07-06,sz.002851,29.3800,29.7100,27.8900,28.4900,29.3700,4145246,118742566.8300,3,1.078300,1,-2.996300,33.471263,3.965248,103.186114,4.533790,0
2021-07-07,sz.002851,28.5200,29.9000,27.9000,29.5800,28.4900,6182855,180841890.2700,3,1.608300,1,3.825900,34.751842,4.116954,107.133915,4.707249,0
2021-07-08,sz.002851,29.8000,29.9600,28.3500,28.4700,29.5800,4348648,125345440.1500,3,1.131200,1,-3.752500,33.447767,3.962464,103.113677,4.530607,0
2021-07-09,sz.002851,28.2900,28.8800,27.9100,28.7200,28.4700,4261171,121769584.2300,3,1.108400,1,0.878100,33.741477,3.997259,104.019136,4.570391,0
2021-07-12,sz.002851,29.0000,29.3500,28.6200,29.3000,28.7200,4249950,123828707.8300,3,1.105500,1,2.019500,34.422886,4.077984,106.119801,4.662690,0
2021-07-13,sz.002851,29.4000,30.2500,29.0600,30.1000,29.3000,4983585,148228677.8800,3,1.296400,1,2.730400,35.362760,4.189328,109.017270,4.789999,0
2021-07-14,sz.002851,30.0900,30.0900,29.0300,29.5300,30.1000,2677648,78795317.5700,3,0.696500,1,-1.893700,34.393233,4.074471,106.028387,4.658674,0
2021-07-15,sz.002851,29.3900,29.8400,28.6000,29.5100,29.5300,2405946,70293894.4000,3,0.625900,1,-0.067700,34.369939,4.071711,105.956576,4.655519,0
2021-07-16,sz.002851,29.5400,29.5500,28.7600,29.0000,29.5100,3292925,95514515.9600,3,0.856600,1,-1.728200,33.775948,4.001343,104.125405,4.575061,0
2021-07-19,sz.002851,28.7900,29.2500,28.7100,28.8600,29.0000,1083035,31295643.2800,3,0.281700,1,-0.482800,33.612892,3.982026,103.622731,4.552974,0
2021-07-20,sz.002851,28.6700,29.4800,28.6100,29.2000,28.8600,2001155,58201968.6000,3,0.520600,1,1.178100,34.008886,4.028938,104.843511,4.606613,0
2021-07-21,sz.002851,29.2100,29.6000,28.3700,29.3900,29.2000,3943259,114413947.3900,3,1.025700,1,0.650700,34.230177,4.055154,105.525712,4.636587,0
2021-07-22,sz.002851,29.3600,31.3300,29.2000,30.4600,29.3900,4389710,133271089.4300,3,1.141900,1,3.640700,35.476393,4.202790,109.367581,4.805391,0
2021-07-23,sz.002851,30.0600,30.6500,29.8000,30.4500,30.4600,2169022,65763599.0900,3,0.564200,1,-0.032800,35.464746,4.201410,109.331675,4.803814,0
2021-07-26,sz.002851,30.6800,30.6800,29.7200,30.2200,30.4500,2458233,74413364.3800,3,0.639500,1,-0.755300,35.196868,4.169675,108.505853,4.767529,0
2021-07-27,sz.002851,30.2800,31.1800,29.1500,29.2600,30.2200,4759529,143717298.1800,3,1.238100,1,-3.176700,34.078767,4.037217,105.058943,4.616079,0
2021-07-28,sz.002851,29.1000,29.9600,28.8100,29.9600,29.2600,4451011,130664579.6000,3,1.157800,1,2.392300,34.894049,4.133801,107.572315,4.726511,0
2021-07-29,sz.002851,29.9900,31.4900,29.7500,31.0700,29.9600,4082845,126268394.9300,3,1.062100,1,3.704900,36.186852,4.286956,111.557805,4.901625,0
2021-07-30,sz.002851,31.1000,31.2700,30.4100,31.0000,31.0700,2452604,75444686.8800,3,0.638000,1,-0.225300,36.105324,4.277297,111.306468,4.890582,0
2021-08-02,sz.002851,30.8500,33.0600,30.8500,32.8300,31.0000,4008611,129587940.0400,3,1.042700,1,5.903200,38.236703,4.529796,117.877140,5.179284,0
2021-08-03,sz.002851,32.5400,33.7800,32.3700,32.8600,32.8300,4383598,145317526.8400,3,1.140300,1,0.091400,38.271644,4.533935,117.984856,5.184017,0
2021-08-04,sz.002851,32.8800,34.3400,32.6300,34.0400,32.8600,4283354,143950478.9200,3,1.114200,1,3.591000,39.645975,4.696748,122.221682,5.370175,0
2021-08-05,sz.002851,33.8200,35.2900,33.4700,34.7200,34.0400,4409415,152118077.6300,3,1.147000,1,1.997600,40.437963,4.790573,124.663244,5.477452,0
2021-08-06,sz.002851,34.7100,35.6400,33.9900,35.0100,34.7200,3455787,120321219.3800,3,0.898900,1,0.835300,40.775723,4.830586,125.704498,5.523203,0
2021-08-09,sz.002851,34.9800,35.6900,34.6500,35.0200,35.0100,2551918,89458457.2500,3,0.663800,1,0.028600,40.787370,4.831966,125.740403,5.524780,0
2021-08-10,sz.002851,34.9400,35.3600,34.6700,35.0700,35.0200,2106730,73584687.6800,3,0.548000,1,0.142800,40.845604,4.838865,125.919930,5.532668,0
2021-08-11,sz.002851,34.8100,36.2000,34.5100,35.1000,35.0700,3610301,127941543.8500,3,0.939100,1,0.085500,40.880545,4.843004,126.027645,5.537401,0
2021-08-12,sz.002851,35.1700,36.0800,35.1000,35.5100,35.1000,2715487,96535555.5600,3,0.706400,1,1.168100,41.358067,4.899575,127.499763,5.602083,0
2021-08-13,sz.002851,35.5100,35.7800,34.8100,35.4000,35.5100,2365779,83298442.3200,3,0.615400,1,-0.309800,41.229951,4.884398,127.104805,5.584729,0
2021-08-16,sz.002851,35.0200,35.3000,34.0200,34.3000,35.4000,4601800,158320886.2900,3,1.197100,1,-3.107300,39.948794,4.732623,123.155220,5.411193,0
2021-08-17,sz.002851,34.6000,35.0800,33.4000,33.5000,34.3000,2743502,93556332.0500,3,0.713700,1,-2.332400,39.017044,4.622241,120.282796,5.284984,0
2021-08-18,sz.002851,33.5000,33.8900,32.8400,33.2500,33.5000,1964724,65423758.8000,3,0.511100,1,-0.746300,38.725872,4.587746,119.385163,5.245544,0
2021-08-19,sz.002851,33.3900,33.5000,32.6000,33.0900,33.2500,3036875,100263498.5300,3,0.790000,1,-0.481200,38.539522,4.565670,118.810678,5.220302,0
2021-08-20,sz.002851,32.8800,33.5800,32.5500,33.1500,33.0900,2815487,93186327.7300,3,0.732400,1,0.181300,38.609403,4.573949,119.026110,5.229768,0
2021-08-23,sz.002851,33.5900,34.3300,32.9100,34.3100,33.1500,3068456,103791698.9200,3,0.798200,1,3.499200,39.960441,4.734002,123.191126,5.412770,0
2021-08-24,sz.002851,34.5900,34.5900,33.2000,33.8200,34.3100,3034577,102830248.2100,3,0.789400,1,-1.428200,39.389744,4.666393,121.431766,5.335467,0
2021-08-25,sz.002851,33.8900,33.9300,33.0600,33.7000,33.8200,3469193,115691086.0400,3,0.902400,1,-0.354800,39.249982,4.649836,121.000902,5.316536,0
2021-08-26,sz.002851,33.6900,34.3900,32.9800,33.1300,33.7000,2815868,93987449.6200,3,0.732500,1,-1.691400,38.586109,4.571189,118.954299,5.226612,0
2021-08-27,sz.002851,33.1400,33.4000,32.0000,33.0000,33.1300,2847801,93280222.6800,3,0.740800,1,-0.392400,38.434700,4.553252,118.487530,5.206104,0
2021-08-30,sz.002851,32.9900,33.3000,31.4800,32.3600,33.0000,6719027,216887556.1500,3,1.746800,1,-1.939400,36.250879,4.267908,114.460880,5.060452,0
2021-08-31,sz.002851,32.1100,32.5300,30.9300,31.3900,32.3600,7857624,246650442.5300,3,2.042800,1,-2.997500,35.164249,4.139977,111.029883,4.908763,0
2021-09-01,sz.002851,31.3900,31.3900,30.0000,30.1700,31.3900,4711691,143561402.1000,3,1.224900,1,-3.886600,33.797559,3.979073,106.714609,4.717980,0
2021-09-02,sz.002851,30.0000,30.4500,29.6800,30.0500,30.1700,4463358,134056321.9900,3,1.160400,1,-0.397700,33.663131,3.963246,106.290156,4.699214,0
2021-09-03,sz.002851,30.2400,30.6700,29.4600,29.7100,30.0500,2695649,80727108.4400,3,0.700800,1,-1.131400,33.282250,3.918404,105.087538,4.646045,0
2021-09-06,sz.002851,29.9900,30.0000,29.4100,29.5300,29.7100,2618050,77448756.5900,3,0.680600,1,-0.605900,33.080607,3.894664,104.450859,4.617897,0
2021-09-07,sz.002851,29.5300,29.9000,29.4200,29.7300,29.5300,3404014,101076898.3800,3,0.885000,1,0.677300,33.304655,3.921042,105.158281,4.649173,0
2021-09-08,sz.002851,29.7600,29.7600,28.8600,29.5800,29.7300,5665606,166203967.1000,3,1.472900,1,-0.504500,33.136619,3.901259,104.627714,4.625716,0
2021-09-09,sz.002851,29.4300,29.7300,29.0000,29.1700,29.5800,4633598,135716886.8200,3,1.204600,1,-1.386100,32.677322,3.847184,103.177499,4.561600,0
2021-09-10,sz.002851,29.1000,30.5900,29.0300,30.5500,29.1700,5963535,178182758.8200,3,1.550400,1,4.730900,34.223249,4.029190,108.058711,4.777404,0
2021-09-13,sz.002851,30.4400,32.1600,29.6900,31.8600,30.5500,6227394,191070834.6800,3,1.619000,1,4.288100,35.690760,4.201964,112.692325,4.982262,0
2021-09-14,sz.002851,31.5000,32.4700,31.0000,32.1900,31.8600,5390243,171953041.6100,3,1.401300,1,1.035800,36.060438,4.245487,113.859571,5.033867,0
2021-09-15,sz.002851,32.1600,32.3000,31.2000,31.9500,32.1900,1919863,61025594.7900,3,0.499100,1,-0.745600,35.791582,4.213834,113.010665,4.996336,0
2021-09-16,sz.002851,31.9500,31.9500,30.8600,30.8800,31.9500,2279413,71264139.7200,3,0.592600,1,-3.349000,34.592928,4.072714,109.225957,4.829010,0
2021-09-17,sz.002851,30.8800,31.4500,30.3000,31.1200,30.8800,1818543,56288542.8900,3,0.472800,1,0.777200,34.861785,4.104367,110.074863,4.866541,0
2021-09-22,sz.002851,30.9800,31.3800,30.3600,31.1700,31.1200,1500227,46438772.0700,3,0.370000,1,0.160700,34.917796,4.110961,110.251719,4.874360,0
2021-09-23,sz.002851,31.8100,31.8100,30.9100,30.9800,31.1700,1382668,43025271.8600,3,0.341000,1,-0.609600,34.704951,4.085902,109.579668,4.844648,0
2021-09-24,sz.002851,31.1100,31.3000,30.5300,31.1000,30.9800,918989,28554642.1800,3,0.226600,1,0.387300,34.839380,4.101729,110.004121,4.863413,0
2021-09-27,sz.002851,31.2500,31.3000,30.4000,30.7400,31.1000,2140828,66117946.2800,3,0.528000,1,-1.157600,34.436094,4.054249,108.730762,4.807117,0
2021-09-28,sz.002851,30.6200,31.8700,29.1000,31.5000,30.7400,5741656,172954453.3000,3,1.416000,1,2.472300,35.287475,4.154484,111.418965,4.925965,0
2021-09-29,sz.002851,30.9900,31.1000,30.0300,30.5900,31.5000,3732211,114084503.8500,3,0.920400,1,-2.888900,34.268059,4.034466,108.200195,4.783660,0
2021-09-30,sz.002851,30.2300,32.5500,30.2000,32.1700,30.5900,2901649,92464976.2000,3,0.715600,1,5.165100,36.038034,4.242850,113.788829,5.030740,0
2021-10-08,sz.002851,32.7000,33.6000,32.2300,33.1600,32.1700,3018012,100206400.3300,3,0.744300,1,3.077400,37.147069,4.373419,117.290568,5.185556,0
2021-10-11,sz.002851,33.1600,33.9800,32.3500,32.7700,33.1600,2730791,90025381.5200,3,0.673400,1,-1.176100,36.710176,4.321983,115.911095,5.124568,0
2021-10-12,sz.002851,32.6000,33.0800,32.0000,32.3600,32.7700,1829707,59237338.7200,3,0.451200,1,-1.251100,36.250879,4.267908,114.460880,5.060452,0
2021-10-13,sz.002851,32.3700,33.0800,32.1500,32.9500,32.3600,1228456,40324821.9000,3,0.302900,1,1.823200,36.911819,4.345723,116.547775,5.152716,0
2021-10-14,sz.002851,32.8600,33.3000,32.3600,33.0500,32.9500,1694032,55555021.1700,3,0.417800,1,0.303500,37.023843,4.358911,116.901486,5.168354,0
2021-10-15,sz.002851,33.0600,33.3800,32.4800,32.7000,33.0500,1271548,41734100.2200,3,0.313600,1,-1.059000,36.631760,4.312750,115.663497,5.113621,0
2021-10-18,sz.002851,32.8700,33.0700,31.5100,32.0700,32.7000,2226805,71438432.6500,3,0.549200,1,-1.926600,35.926010,4.229661,113.435118,5.015102,0
2021-10-19,sz.002851,32.0300,32.9500,31.7100,32.8500,32.0700,1681513,54871598.4200,3,0.414700,1,2.432200,36.799795,4.332534,116.194064,5.137078,0
2021-10-20,sz.002851,32.8200,33.1600,32.5500,32.9200,32.8500,1220813,40147597.5800,3,0.301100,1,0.213100,36.878212,4.341766,116.441661,5.148025,0
2021-10-21,sz.002851,32.7100,33.1800,32.3500,32.9200,32.9200,1309707,42833305.3300,3,0.323000,1,0.000000,36.878212,4.341766,116.441661,5.148025,0
2021-10-22,sz.002851,32.9400,33.4500,32.3000,33.1000,32.9200,2454399,80912993.9300,3,0.605300,1,0.546800,37.079854,4.365506,117.078341,5.176173,0
2021-10-25,sz.002851,33.3300,33.9000,33.0300,33.4100,33.1000,2154403,72066973.2400,3,0.531300,1,0.936600,37.427128,4.406391,118.174845,5.224651,0
2021-10-26,sz.002851,32.5800,32.5800,31.5000,32.0900,33.4100,4444873,141999528.4000,3,1.096200,1,-3.950900,35.908844,4.155873,-173.465443,5.207962,0
2021-10-27,sz.002851,32.3900,32.3900,30.3400,31.1600,32.0900,3522361,109074563.1200,3,0.868700,1,-2.898100,34.868170,4.035432,-168.438243,5.057030,0
2021-10-28,sz.002851,30.9900,31.6000,30.5000,30.9700,31.1600,1382088,43147740.3400,3,0.340800,1,-0.609800,34.655559,4.010825,-167.411180,5.026194,0
2021-10-29,sz.002851,31.0200,31.2800,30.4000,30.6300,30.9700,1839099,56461620.2000,3,0.453500,1,-1.097800,34.275098,3.966793,-165.573279,4.971015,0
2021-11-01,sz.002851,30.5200,31.5500,30.2600,31.5000,30.6300,2402107,74920779.2300,3,0.592400,1,2.840400,35.248632,4.079464,-170.276144,5.112209,0
2021-11-02,sz.002851,31.5800,31.8300,30.9000,31.2200,31.5000,1857010,58330438.6400,3,0.458000,1,-0.888900,34.935310,4.043202,-168.762578,5.066767,0
2021-11-03,sz.002851,31.0500,33.4900,31.0500,32.6400,31.2200,3389298,110485445.4800,3,0.835800,1,4.548400,36.524296,4.227102,-176.438519,5.297222,0
2021-11-04,sz.002851,32.6400,34.1900,32.6000,33.9300,32.6400,3445712,115900685.3900,3,0.849700,1,3.952200,37.967812,4.394165,-183.411732,5.506580,0
2021-11-05,sz.002851,33.9300,34.3000,33.6000,33.9700,33.9300,2473774,83933096.3900,3,0.610100,1,0.117900,38.012572,4.399346,-183.627956,5.513071,0
2021-11-08,sz.002851,33.9900,34.0000,32.4500,33.3600,33.9700,3221116,106400561.9300,3,0.794400,1,-1.795700,37.329979,4.320347,-180.330545,5.414073,0
2021-11-09,sz.002851,33.3600,34.2400,33.0300,34.0700,33.3600,2031937,68584248.7300,3,0.501100,1,2.128300,38.124472,4.412296,-184.168515,5.529300,0
2021-11-10,sz.002851,34.0000,34.3500,33.5100,34.1700,34.0700,1642281,55829552.4600,3,0.405000,1,0.293500,38.236373,4.425247,-184.709074,5.545530,0
2021-11-11,sz.002851,34.1000,34.1800,33.5500,33.6400,34.1700,1792098,60641114.6200,3,0.441900,1,-1.551100,37.643301,4.356608,-181.844111,5.459515,0
2021-11-12,sz.002851,33.6800,35.3900,33.5700,35.2800,33.6400,4117670,143878229.6600,3,1.015500,1,4.875100,39.478467,4.569000,-190.709281,5.725674,0
2021-11-15,sz.002851,35.5000,36.1400,34.6200,35.7700,35.2800,4324629,154078607.3900,3,1.066500,1,1.388900,40.026779,4.632458,-193.358021,5.805197,0
2021-11-16,sz.002851,35.7400,35.7400,34.0500,34.2600,35.7700,3302136,114399700.5100,3,0.814300,1,-4.221400,38.337083,4.436903,-185.195578,5.560136,0
2021-11-17,sz.002851,33.2900,33.8000,31.3000,33.2800,34.2600,6931016,225528768.0300,3,1.709300,1,-2.860500,37.240459,4.309986,-179.898098,5.401090,0
2021-11-18,sz.002851,33.1500,33.2300,32.3900,32.6100,33.2800,2920385,95574082.5000,3,0.720200,1,-2.013200,36.490726,4.223216,-176.276351,5.292354,0
2021-11-19,sz.002851,32.5100,34.9700,32.2600,34.6100,32.6100,4021800,137266545.9700,3,0.991800,1,6.133100,38.728735,4.482230,-187.087535,5.616938,0
2021-11-22,sz.002851,34.6100,35.6800,34.1500,35.3100,34.6100,3356287,117563903.1500,3,0.827700,1,2.022500,39.512038,4.572885,-190.871449,5.730543,0
2021-11-23,sz.002851,35.2700,36.3100,34.0000,34.2000,35.3100,6317871,220763728.2000,3,1.558100,1,-3.143600,38.269943,4.429132,-184.871242,5.550398,0
2021-11-24,sz.002851,34.1000,34.6100,33.7700,33.9300,34.2000,2048088,70036461.2000,3,0.505100,1,-0.789500,37.967812,4.394165,-183.411732,5.506580,0
2021-11-25,sz.002851,33.9000,34.3900,33.1500,33.3800,33.9300,2081923,70021649.9400,3,0.513400,1,-1.621000,37.352359,4.322937,-180.438657,5.417319,0
2021-11-26,sz.002851,33.2000,33.5600,32.7200,33.2600,33.3800,2310525,76670357.2600,3,0.569800,1,-0.359500,37.218079,4.307396,-179.789986,5.397844,0
2021-11-29,sz.002851,32.8100,33.9500,32.6000,33.5100,33.2600,2204368,73856636.6600,3,0.543600,1,0.751700,37.497830,4.339773,-181.141384,5.438417,0
2021-11-30,sz.002851,33.7000,33.9900,33.1100,33.2700,33.5100,1784456,59597606.1500,3,0.440100,1,-0.716200,37.229269,4.308691,-179.844042,5.399467,0
2021-12-01,sz.002851,33.3800,33.3800,32.3500,32.5700,33.2700,2073034,67660072.9200,3,0.511200,1,-2.104000,36.445966,4.218036,-176.060127,5.285862,0
2021-12-02,sz.002851,32.5800,32.8500,31.8600,32.1000,32.5700,2572795,82712762.9000,3,0.634500,1,-1.443000,35.920034,4.157168,-173.519499,5.209585,0
2021-12-03,sz.002851,32.1000,32.2900,31.8500,32.0900,32.1000,1575710,50570446.4000,3,0.388600,1,-0.031200,35.908844,4.155873,-173.465443,5.207962,0
2021-12-06,sz.002851,32.0000,32.2900,31.0000,31.0900,32.0900,2863908,90002270.9300,3,0.706300,1,-3.116200,34.789840,4.026366,-168.059851,5.045669,0
2021-12-07,sz.002851,31.2300,31.4000,30.1000,30.4400,31.0900,3048645,92878826.1900,3,0.751800,1,-2.090700,34.062487,3.942187,-164.546217,4.940179,0
2021-12-08,sz.002851,30.5800,31.2000,30.3800,31.1200,30.4400,2500354,76801785.7700,3,0.616600,1,2.233900,34.823410,4.030251,-168.222019,5.050538,0
2021-12-09,sz.002851,31.0100,32.2300,30.8000,31.9600,31.1200,3712632,117605818.5400,3,0.915600,1,2.699200,35.763374,4.139037,-172.762716,5.186864,0
2021-12-10,sz.002851,31.8700,35.1600,31.7300,35.1600,31.9600,10093777,346069915.9000,3,2.489200,1,10.012500,39.344187,4.553459,-190.060610,5.706199,0
2021-12-13,sz.002851,35.1500,36.1000,34.8500,35.3500,35.1600,11633481,412358306.3400,3,2.868900,1,0.540400,39.556798,4.578065,-191.087673,5.737035,0
2021-12-14,sz.002851,35.3200,35.5800,34.5600,34.6800,35.3500,4521690,157862437.0200,3,1.115100,1,-1.895300,38.807065,4.491296,-187.465926,5.628299,0
2021-12-15,sz.002851,34.6200,34.8600,33.7000,33.9000,34.6800,4946311,169507431.2100,3,1.219800,1,-2.249100,37.934242,4.390280,-183.249565,5.501711,0
2021-12-16,sz.002851,34.0500,34.2700,33.5000,33.6500,33.9000,3436032,115892221.4600,3,0.847400,1,-0.737500,37.654491,4.357904,-181.898167,5.461138,0
2021-12-17,sz.002851,33.7100,33.8800,33.0500,33.0500,33.6500,3318590,110455495.7300,3,0.818400,1,-1.783100,36.983088,4.280199,-178.654812,5.363762,0
2021-12-20,sz.002851,32.9000,33.0100,31.7600,31.8600,33.0500,3701180,119510623.9700,3,0.912700,1,-3.600600,35.651473,4.126086,-172.222157,5.170634,0
2021-12-21,sz.002851,31.8000,32.3000,31.3300,31.8800,31.8600,2725404,86671674.3200,3,0.672100,1,0.062800,35.673853,4.128676,-172.330269,5.173880,0
2021-12-22,sz.002851,32.2000,32.7400,31.6500,32.5800,31.8800,4524302,145657843.4300,3,1.115700,1,2.195700,36.457156,4.219331,-176.114183,5.287485,0
2021-12-23,sz.002851,32.5000,32.6700,31.9800,32.2000,32.5800,3299341,106308986.5200,3,0.813700,1,-1.166400,36.031935,4.170119,-174.060058,5.225814,0
2021-12-24,sz.002851,32.1400,32.4900,31.5500,32.2900,32.2000,2663002,85404874.5500,3,0.656700,1,0.279500,36.132645,4.181774,-174.546562,5.240420,0
2021-12-27,sz.002851,32.2900,32.9000,32.0500,32.6300,32.2900,2767194,90007235.2600,3,0.682400,1,1.053000,36.513106,4.225807,-176.384463,5.295599,0
2021-12-28,sz.002851,32.6200,32.6200,31.9000,32.4800,32.6300,2847989,91536764.2100,3,0.702300,1,-0.459700,36.345256,4.206381,-175.573624,5.271256,0
2021-12-29,sz.002851,32.1900,32.1900,31.6800,31.6900,32.4800,2120784,67595037.8100,3,0.523000,1,-2.432300,35.461242,4.104070,-171.303207,5.143045,0
2021-12-30,sz.002851,31.6000,32.0500,31.4500,32.0000,31.6900,1524014,48624548.1000,3,0.375800,1,0.978200,35.808134,4.144217,-172.978940,5.193355,0
2021-12-31,sz.002851,31.9800,32.2800,31.6100,32.0200,32.0000,2692943,86303117.1000,3,0.664100,1,0.062500,35.830514,4.146807,-173.087052,5.196601,0
2022-01-04,sz.002851,32.0200,32.3700,31.6100,32.3300,32.0200,2463147,78740334.6100,3,0.607400,1,0.968100,36.177405,4.186955,-174.762785,5.246912,0
2022-01-05,sz.002851,32.2800,32.2800,31.1800,31.4000,32.3300,2656149,84093789.2300,3,0.655000,1,-2.876600,35.136731,4.066513,-169.735585,5.095980,0
2022-01-06,sz.002851,31.2800,31.5000,30.8200,31.4000,31.4000,2162999,67325343.0000,3,0.533400,1,0.000000,35.136731,4.066513,-169.735585,5.095980,0
2022-01-07,sz.002851,31.4200,31.7800,31.1500,31.4000,31.4000,1941379,61214521.2200,3,0.478800,1,0.000000,35.136731,4.066513,-169.735585,5.095980,0
2022-01-10,sz.002851,31.3000,32.3300,31.0900,32.0700,31.4000,2354647,75044546.1300,3,0.580700,1,2.133800,35.886464,4.153283,-173.357331,5.204716,0
2022-01-11,sz.002851,32.0700,32.0700,31.4000,31.6000,32.0700,1233700,39085274.4000,3,0.304200,1,-1.465500,35.360532,4.092415,-170.816703,5.128438,0
2022-01-12,sz.002851,31.6100,32.0000,31.6100,31.8700,31.6000,1288938,41064370.0800,3,0.317900,1,0.854400,35.662663,4.127381,-172.276213,5.172257,0
2022-01-13,sz.002851,31.8800,31.9100,31.0000,31.0100,31.8700,1734034,54205477.3100,3,0.427600,1,-2.698500,34.700320,4.016006,-167.627404,5.032686,0
2022-01-14,sz.002851,31.0800,31.2500,30.8800,31.1500,31.0100,1077636,33472352.6500,3,0.265800,1,0.451500,34.856980,4.034137,-168.384187,5.055407,0
2022-01-17,sz.002851,30.8800,31.7800,30.5400,31.7000,31.1500,2357252,73868826.3600,3,0.581300,1,1.765700,35.472432,4.105365,-171.357262,5.144668,0
2022-01-18,sz.002851,31.5000,31.9700,31.4000,31.8100,31.7000,1755079,55802703.9900,3,0.432800,1,0.347000,35.595523,4.119611,-171.951878,5.162520,0
2022-01-19,sz.002851,32.0900,32.0900,31.2000,31.4200,31.8100,1146854,36177147.6300,3,0.282800,1,-1.226000,35.159111,4.069103,-169.843697,5.099226,0
2022-01-20,sz.002851,31.4000,31.5600,30.5000,30.5000,31.4200,1821288,56269374.2700,3,0.449100,1,-2.928100,34.129627,3.949957,-164.870552,4.949917,0
2022-01-21,sz.002851,30.4900,31.4500,29.8700,31.2700,30.5000,3099171,94936226.5700,3,0.764300,1,2.524600,34.991261,4.049677,-169.032858,5.074882,0
2022-01-24,sz.002851,31.0000,31.0900,29.9000,30.4400,31.2700,2408519,73047969.5800,3,0.594000,1,-2.654300,34.062487,3.942187,-164.546217,4.940179,0
2022-01-25,sz.002851,30.3700,30.3700,29.5000,29.8000,30.4400,1638100,49012951.9300,3,0.404000,1,-2.102500,33.346325,3.859302,-161.086638,4.836312,0
2022-01-26,sz.002851,29.8500,30.1400,29.6500,29.8800,29.8000,961728,28759304.5000,3,0.237200,1,0.268500,33.435845,3.869663,-161.519085,4.849296,0
2022-01-27,sz.002851,29.8800,30.0400,28.9200,29.0900,29.8800,1331914,39191149.0700,3,0.328500,1,-2.643900,32.551832,3.767353,-157.248668,4.721085,0
2022-01-28,sz.002851,29.1000,30.1000,29.1000,29.8100,29.0900,1526743,45438198.3900,3,0.376500,1,2.475100,33.357515,3.860597,-161.140694,4.837935,0
2022-02-07,sz.002851,29.9000,30.2800,29.7700,29.9900,29.8100,1193446,35780080.3300,3,0.294300,1,0.603800,33.558935,3.883909,-162.113700,4.867148,0
2022-02-08,sz.002851,29.9000,30.0000,28.9200,29.4000,29.9900,2039996,59712790.1900,3,0.503100,1,-1.967300,32.898723,3.807500,-158.924401,4.771395,0
2022-02-09,sz.002851,29.3000,29.6000,29.1200,29.6000,29.4000,894714,26295088.6100,3,0.220600,1,0.680300,33.122524,3.833401,-160.005520,4.803854,0
2022-02-10,sz.002851,29.6000,30.0900,29.5100,29.7600,29.6000,1031172,30686039.2100,3,0.254300,1,0.540500,33.301564,3.854122,-160.870414,4.829820,0
2022-02-11,sz.002851,29.6000,29.8000,28.9300,29.2400,29.7600,2158253,63105198.2700,3,0.532200,1,-1.747300,32.719682,3.786779,-158.059506,4.745428,0
2022-02-14,sz.002851,29.0100,29.2700,28.0600,28.3900,29.2400,2057066,58943499.2400,3,0.507300,1,-2.907000,31.768529,3.676698,-153.464753,4.607480,0
2022-02-15,sz.002851,28.3500,28.5600,27.8200,27.9900,28.3900,2448974,68685071.1800,3,0.603900,1,-1.408900,31.320927,3.624895,-151.302517,4.542563,0
2022-02-16,sz.002851,28.1200,28.3400,27.9000,27.9900,27.9900,1941700,54572786.0000,3,0.478800,1,0.000000,31.320927,3.624895,-151.302517,4.542563,0
2022-02-17,sz.002851,27.9900,28.2000,27.6500,28.1700,27.9900,1393900,38993421.8300,3,0.343800,1,0.643100,31.522348,3.648206,-152.275523,4.571776,0
2022-02-18,sz.002851,28.0000,28.0000,27.1800,27.5200,28.1700,2064675,56696211.7300,3,0.509200,1,-2.307400,30.794995,3.564027,-148.761888,4.466286,0
2022-02-21,sz.002851,27.6900,27.7000,27.2200,27.4200,27.5200,1289212,35302458.2600,3,0.317900,1,-0.363400,30.683095,3.551076,-148.221329,4.450056,0
2022-02-22,sz.002851,27.3600,27.6500,27.2400,27.2900,27.4200,990487,27115601.1600,3,0.244300,1,-0.474100,30.537624,3.534240,-147.518602,4.428958,0
2022-02-23,sz.002851,27.3200,27.8600,27.2900,27.7200,27.2900,1964394,54286066.6700,3,0.484400,1,1.575700,31.018796,3.589928,-149.843007,4.498744,0
2022-02-24,sz.002851,27.7500,27.7900,26.2000,26.7100,27.7200,3930589,105648153.1500,3,0.969300,1,-3.643600,29.888602,3.459126,-144.383359,4.334829,0
2022-02-25,sz.002851,26.8700,27.1200,26.2500,26.3500,26.7100,3137300,83488796.0000,3,0.773700,1,-1.347800,29.485760,3.412504,-142.437346,4.276403,0
2022-02-28,sz.002851,26.5800,26.6700,25.8200,26.3700,26.3500,2113590,55422013.0000,3,0.521200,1,0.075900,29.508140,3.415094,0.000000,4.279649,0
2022-03-01,sz.002851,26.3700,26.5600,26.2600,26.4100,26.3700,1415402,37389238.0000,3,0.349100,1,0.151700,29.552900,3.420274,-142.761681,4.286141,0
2022-03-02,sz.002851,26.2800,26.4000,26.0300,26.2600,26.4100,1443614,37848797.0000,3,0.356000,1,-0.568000,29.385050,3.400848,-141.950843,4.261797,0
2022-03-03,sz.002851,26.3100,26.4900,26.0200,26.0400,26.2600,1858829,48792174.0000,3,0.458400,1,-0.837800,29.138869,3.372357,-140.761612,4.226093,0
2022-03-04,sz.002851,25.8600,25.9800,25.6200,25.7100,26.0400,2590759,66646292.0000,3,0.638900,1,-1.267300,28.769597,3.329620,-138.977767,4.172536,0
2022-03-07,sz.002851,25.6000,25.6100,24.3200,24.4200,25.7100,2177415,54145082.0000,3,0.537000,1,-5.017500,27.326082,3.162556,-132.004554,3.963179,0
2022-03-08,sz.002851,24.4200,24.7600,23.6400,23.7200,24.4200,1874261,45264112.0000,3,0.462200,1,-2.866500,26.542779,3.071901,-128.220639,3.849575,0
2022-03-09,sz.002851,23.7500,23.9900,22.5000,23.2500,23.7200,2195827,51161772.0000,3,0.541500,1,-1.981500,26.016847,3.011033,-125.680011,3.773297,0
2022-03-10,sz.002851,23.7000,24.5400,23.7000,23.9000,23.2500,2157195,51976019.0000,3,0.532000,1,2.795700,26.744200,3.095212,-129.193646,3.878787,0
2022-03-11,sz.002851,23.4900,23.6900,22.7500,23.5600,23.9000,2541156,59198612.0000,3,0.626700,1,-1.422600,26.363738,3.051180,-127.355745,3.823608,0
2022-03-14,sz.002851,23.5200,23.5200,22.5500,22.5800,23.5600,2234401,51190665.0000,3,0.551000,1,-4.159600,25.267114,2.924263,-122.058265,3.664561,0
2022-03-15,sz.002851,22.7000,22.7500,21.0100,21.0400,22.5800,2951973,64077976.0000,3,0.728000,1,-6.820200,23.543848,2.724823,-113.733653,3.414631,0
2022-03-16,sz.002851,21.6100,23.1400,21.5000,23.1400,21.0400,4412754,97365985.0000,3,1.088200,1,9.981000,25.893757,2.996787,-125.085396,3.755445,0
2022-03-17,sz.002851,23.8000,24.5000,23.3200,24.0600,23.1400,6355628,152589054.0000,3,1.548400,1,3.975800,26.923241,3.115933,-130.058541,3.904754,0
2022-03-18,sz.002851,24.0600,24.4400,23.5600,24.1200,24.0600,2684682,64497226.5000,3,0.654100,1,0.249400,26.990381,3.123704,-130.382876,3.914492,0
2022-03-21,sz.002851,24.1200,24.4300,23.9000,24.2100,24.1200,2199903,53128038.3400,3,0.536000,1,0.373100,27.091091,3.135359,-130.869379,3.929098,0
2022-03-22,sz.002851,24.3900,24.3900,23.9500,24.1700,24.2100,1543323,37255679.2700,3,0.376000,1,-0.165200,27.046331,3.130179,-130.653156,3.922606,0
2022-03-23,sz.002851,24.1800,24.8400,24.1000,24.4400,24.1700,2797835,68541854.1400,3,0.681600,1,1.117100,27.348462,3.165146,-132.112665,3.966425,0
2022-03-24,sz.002851,24.4500,24.5600,23.8100,24.0400,24.4400,2627917,63152780.3900,3,0.640200,1,-1.636700,26.900860,3.113343,-129.950429,3.901508,0
2022-03-25,sz.002851,24.2500,24.2500,23.4900,23.4900,24.0400,1908813,45427463.6800,3,0.465000,1,-2.287900,26.285408,3.042115,-126.977353,3.812247,0
2022-03-28,sz.002851,23.3000,23.8600,22.9600,23.4500,23.4900,3004700,70204900.8400,3,0.732000,1,-0.170300,26.240648,3.036934,-126.761129,3.805756,0
2022-03-29,sz.002851,23.6000,23.6300,22.4000,22.5500,23.4500,3160337,72046166.3000,3,0.770000,1,-3.838000,25.233544,2.920378,-121.896097,3.659693,0
2022-03-30,sz.002851,22.9500,23.6000,22.7100,23.1700,22.5500,2845065,65687513.0800,3,0.693100,1,2.749400,25.927327,3.000672,-125.247564,3.760314,0
2022-03-31,sz.002851,23.3100,23.4000,22.9300,23.1300,23.1700,2340821,54269590.2000,3,0.570300,1,-0.172600,25.882567,2.995492,-125.031340,3.753822,0
2022-04-01,sz.002851,23.1200,23.3100,22.7400,23.0600,23.1300,998989,23101200.6200,3,0.243400,1,-0.302600,25.804236,2.986427,-124.652949,3.742462,0
2022-04-06,sz.002851,23.0400,23.0400,22.4000,22.6000,23.0600,1885697,42757458.9800,3,0.459400,1,-1.994800,25.289494,2.926853,-122.166376,3.667807,0
2022-04-07,sz.002851,22.7900,22.8500,22.2000,22.2000,22.6000,1460573,32922396.9700,3,0.355800,1,-1.769900,24.841893,2.875051,-120.004140,3.602890,0
2022-04-08,sz.002851,22.2000,22.4900,21.7900,22.1900,22.2000,1482366,32846416.3000,3,0.361200,1,-0.045000,24.830703,2.873756,-119.950084,3.601267,0
2022-04-11,sz.002851,21.9100,22.1800,20.8400,20.9600,22.1900,2945100,62801988.0100,3,0.717500,1,-5.543000,23.454328,2.714462,-113.301206,3.401648,0
2022-04-12,sz.002851,20.9500,21.0600,20.0000,20.7800,20.9600,2906942,59600990.6000,3,0.708200,1,-0.858800,23.252907,2.691151,-112.328199,3.372435,0
2022-04-13,sz.002851,20.7500,20.8600,20.1200,20.2800,20.7800,1747550,35621068.0000,3,0.425800,1,-2.406200,22.693405,2.626398,-109.625403,3.291289,0
2022-04-14,sz.002851,20.4000,20.5100,20.1100,20.3600,20.2800,1779733,36179351.4400,3,0.433600,1,0.394500,22.782925,2.636758,-110.057851,3.304272,0
2022-04-15,sz.002851,20.2000,20.6400,20.1500,20.2600,20.3600,1348017,27495067.1800,3,0.328400,1,-0.491200,22.671025,2.623808,-109.517291,3.288043,0
2022-04-18,sz.002851,20.1200,20.6200,19.8000,20.5100,20.2600,1160325,23581830.9700,3,0.282700,1,1.234000,22.950776,2.656184,-110.868689,3.328616,0
2022-04-19,sz.002851,20.5300,21.0600,20.1300,20.2400,20.5100,1415872,28990885.8000,3,0.345000,1,-1.316400,22.648645,2.621217,-109.409180,3.284797,0
2022-04-20,sz.002851,20.2400,20.4700,20.0200,20.1400,20.2400,2482767,50220874.4200,3,0.604900,1,-0.494100,22.536744,2.608267,-108.868620,3.268568,0
2022-04-21,sz.002851,20.0100,20.2800,19.6700,19.6900,20.1400,2091678,41605609.8900,3,0.509600,1,-2.234400,22.033192,2.549989,-106.436104,3.195536,0
2022-04-22,sz.002851,19.4100,19.5700,18.8500,19.1800,19.6900,2109751,40485555.4600,3,0.514000,1,-2.590100,25.024359,2.140094,-148.536914,3.007621,0
2022-04-25,sz.002851,18.9500,19.0000,17.8000,17.8000,19.1800,3329890,60767657.4600,3,0.811300,1,-7.195000,23.223857,1.986114,-137.849691,2.791223,0
2022-04-26,sz.002851,17.8000,18.2000,16.9400,17.0200,17.8000,3009878,52865028.5100,3,0.733300,1,-4.382000,22.206183,1.899082,-131.809086,2.668911,0
2022-04-27,sz.002851,17.0200,17.7000,16.3500,17.4600,17.0200,4260412,72060453.5200,3,1.038000,1,2.585200,22.780255,1.948177,-135.216607,2.737907,0
2022-04-28,sz.002851,17.4600,18.2800,17.1700,18.1000,17.4600,3777644,67256773.4100,3,0.920400,1,3.665500,23.615271,2.019588,-140.173000,2.838266,0
2022-04-29,sz.002851,18.2700,18.9700,18.0900,18.7300,18.1000,2216140,41137965.1900,3,0.539900,1,3.480700,24.437239,2.089883,-145.051950,2.937057,0
2022-05-05,sz.002851,18.6800,19.2800,18.5800,19.1800,18.7300,2267450,43186990.7800,3,0.552400,1,2.402600,25.024359,2.140094,-148.536914,3.007621,0
2022-05-06,sz.002851,18.7000,19.1800,18.5400,18.8900,19.1800,1558340,29335247.1500,3,0.379700,1,-1.512000,24.645992,2.107736,-146.291048,2.962146,0
2022-05-09,sz.002851,18.8900,19.2500,18.8100,19.0400,18.8900,1559209,29752171.7700,3,0.379900,1,0.794100,24.841699,2.124473,-147.452703,2.985668,0
2022-05-10,sz.002851,18.7200,19.5500,18.7200,19.4000,19.0400,1680436,32509874.5700,3,0.409400,1,1.890800,25.311395,2.164641,-150.240674,3.042119,0
2022-05-11,sz.002851,19.4000,20.2800,19.3600,19.6700,19.4000,2945250,58800502.5000,3,0.717600,1,1.391800,25.663667,2.194768,-152.331653,3.084458,0
2022-05-12,sz.002851,19.5700,20.1500,19.5700,19.9700,19.6700,1530000,30486901.0000,3,0.372800,1,1.525200,26.055080,2.228242,-154.654962,3.131501,0
2022-05-13,sz.002851,20.0700,20.1300,19.5000,19.8400,19.9700,1763190,34872950.4100,3,0.429600,1,-0.651000,25.885468,2.213736,-153.648195,3.111116,0
2022-05-16,sz.002851,19.8400,20.3500,19.7900,19.9500,19.8400,1546538,31079662.7200,3,0.376800,1,0.554400,26.028986,2.226010,-154.500075,3.128365,0
2022-05-17,sz.002851,20.0000,20.1300,19.6100,19.8000,19.9500,1799100,35599399.5800,3,0.438300,1,-0.751900,25.833279,2.209273,-153.338420,3.104844,0
2022-05-18,sz.002851,20.0900,20.3800,19.6500,19.8300,19.8000,2354028,46988118.2500,3,0.573500,1,0.151500,25.872421,2.212620,-153.570751,3.109548,0
2022-05-19,sz.002851,19.6800,19.8900,19.3400,19.7400,19.8300,2422802,47522676.1600,3,0.590300,1,-0.453900,25.754997,2.202578,-152.873758,3.095435,0
2022-05-20,sz.002851,19.8000,20.2000,19.7600,19.9900,19.7400,1683983,33580788.0600,3,0.410300,1,1.266500,26.081175,2.230473,-154.809849,3.134637,0
2022-05-23,sz.002851,20.0400,20.1800,19.6400,19.9200,19.9900,1923869,38188726.1500,3,0.468700,1,-0.350200,25.989845,2.222663,-154.267744,3.123661,0
2022-05-24,sz.002851,20.4200,20.5300,19.0200,19.0400,19.9200,3016840,59487231.3400,3,0.735000,1,-4.417700,24.841699,2.124473,-147.452703,2.985668,0
2022-05-25,sz.002851,19.0400,19.6500,18.7800,19.5200,19.0400,1809294,34643153.7600,3,0.440800,1,2.521000,25.467960,2.178031,-151.169998,3.060937,0
2022-05-26,sz.002851,19.6400,20.0500,19.2000,19.9000,19.5200,2425127,47819111.0700,3,0.590800,1,1.946700,25.963751,2.220431,-154.112857,3.120525,0
2022-05-27,sz.002851,19.9000,20.1800,19.4000,19.4500,19.9000,2033281,40055993.3700,3,0.495400,1,-2.261300,25.376631,2.170220,-150.627892,3.049960,0
2022-05-30,sz.002851,19.4600,19.6200,19.2100,19.5800,19.4500,1404000,27281646.0000,3,0.342100,1,0.668400,25.546243,2.184726,-151.634660,3.070345,0
2022-05-31,sz.002851,19.4800,19.8900,19.0500,19.8800,19.5800,3807874,74639830.3400,3,0.927700,1,1.532200,25.937656,2.218199,-153.957969,3.117388,0
2022-06-01,sz.002851,19.8700,20.6800,19.6500,20.3000,19.8800,4259601,86785415.3600,3,1.037800,1,2.112700,26.485635,2.265063,-157.210602,3.183249,0
2022-06-02,sz.002851,20.3000,20.7600,20.0200,20.6800,20.3000,3176280,64801857.2000,3,0.773800,1,1.871900,26.981425,2.307463,-160.153461,3.242837,0
2022-06-06,sz.002851,20.8700,22.0000,20.8600,21.5800,20.6800,4209575,90406056.0700,3,1.025600,1,4.352000,28.155665,2.407884,-167.123389,3.383966,0
2022-06-07,sz.002851,21.6900,21.8600,21.2100,21.3300,21.5800,2309248,49490848.6800,3,0.562600,1,-1.158500,27.829487,2.379990,-165.187298,3.344763,0
2022-06-08,sz.002851,21.2400,21.5000,20.7100,21.0500,21.3300,1959827,41374972.2100,3,0.477500,1,-1.312700,27.464168,2.348747,-163.018876,3.300856,0
2022-06-09,sz.002851,21.0600,21.1000,20.1500,20.2800,21.0500,2061593,42252405.4700,3,0.502300,1,-3.658000,26.459541,2.262831,-157.055715,3.180112,0
2022-06-10,sz.002851,20.0100,20.8000,20.0100,20.7100,20.2800,1610003,33070353.7500,3,0.392200,1,2.120300,27.020567,2.310810,-160.385792,3.247541,0
2022-06-13,sz.002851,20.4700,22.7800,20.3700,22.7800,20.7100,4778528,104616145.4100,3,1.164200,1,9.995200,29.721318,2.541780,-176.416627,3.572138,0
2022-06-14,sz.002851,22.7400,24.9700,21.9900,23.9100,22.7800,13566241,316252106.8900,3,3.305200,1,4.960500,31.195642,2.667865,-185.167759,3.749334,0
2022-06-15,sz.002851,23.8900,26.3000,23.7100,24.8100,23.9100,17496564,440712434.5000,3,4.262700,1,3.764100,32.369882,2.768286,-192.137687,3.890463,0
2022-06-16,sz.002851,24.3000,25.3400,24.0000,24.2500,24.8100,8718666,214083183.6300,3,2.124100,1,-2.257200,31.639244,2.705802,-187.800843,3.802649,0
2022-06-17,sz.002851,24.2200,25.4900,24.0100,25.0100,24.2500,8055097,199111716.2400,3,1.962500,1,3.134000,32.630824,2.790602,-193.686560,3.921825,0
2022-06-20,sz.002851,24.9000,26.9400,24.9000,26.1300,25.0100,10169389,263997639.8900,3,2.477600,1,4.478200,34.092101,2.915571,-202.360248,4.097453,0
2022-06-21,sz.002851,25.9500,26.8000,24.9400,25.4500,25.9700,7818500,199723807.0000,3,1.904800,1,-2.002300,33.204897,2.839697,-197.094080,3.990822,0
2022-06-22,sz.002851,25.4000,26.0500,25.0000,25.2200,25.4500,8870225,226411668.2500,3,2.161100,1,-0.903700,32.904813,2.814034,-195.312877,3.954755,0
2022-06-23,sz.002851,25.5000,27.0200,24.8000,26.7800,25.2200,11113841,290300191.8000,3,2.707700,1,6.185600,34.940163,2.988098,-207.394085,4.199379,0
2022-06-24,sz.002851,26.5900,27.0500,25.4000,25.6900,26.7800,7802384,203741534.6200,3,1.900900,1,-4.070200,33.518028,2.866476,-198.952728,4.028456,0
2022-06-27,sz.002851,26.2400,26.5200,25.3800,26.4000,25.6900,9304799,242607971.6200,3,2.266900,1,2.763700,34.444373,2.945697,-204.451227,4.139791,0
2022-06-28,sz.002851,26.4000,26.6000,25.4800,26.1900,26.4000,6676173,173941178.0900,3,1.626500,1,-0.795500,34.170383,2.922266,-202.824910,4.106861,0
2022-06-29,sz.002851,26.2000,26.3000,24.7300,24.9400,26.1900,6788450,172452823.7500,3,1.653900,1,-4.772800,32.539494,2.782791,-193.144454,3.910848,0
2022-06-30,sz.002851,25.0000,26.4400,24.4000,26.2600,24.9400,7365378,187118833.6000,3,1.794400,1,5.292700,34.261713,2.930076,-203.367016,4.117838,0
2022-07-01,sz.002851,25.9800,26.9400,25.3900,26.5700,26.2600,8227300,215707330.7600,3,2.004400,1,1.180500,34.666173,2.964666,-205.767769,4.166449,0
2022-07-04,sz.002851,26.1000,26.5100,25.7000,26.0000,26.5700,6265262,162957477.8100,3,1.526400,1,-2.145300,33.922488,2.901066,-201.353481,4.077067,0
2022-07-05,sz.002851,26.3500,28.2500,25.9800,28.1600,26.0000,13913851,380792476.2600,3,3.389900,1,8.307700,36.740664,3.142077,-218.081309,4.415777,0
2022-07-06,sz.002851,27.5100,28.5200,27.5100,28.1000,28.1600,10884969,305167567.4000,3,2.651900,1,-0.213100,36.662381,3.135382,-217.616647,4.406369,0
2022-07-07,sz.002851,28.4000,28.4300,27.5500,28.1000,28.1000,3208561,89631291.3500,3,0.781700,1,0.000000,36.662381,3.135382,-217.616647,4.406369,0
2022-07-08,sz.002851,28.2800,30.9100,28.0100,30.7500,28.1000,12623254,377748202.0300,3,3.075400,1,9.430600,40.119866,3.431068,-238.139213,4.821916,0
2022-07-11,sz.002851,30.7500,30.7500,29.0700,29.9400,30.7500,6195375,184763452.5200,3,1.509400,1,-2.634100,39.063050,3.340689,-231.866278,4.694900,0
2022-07-12,sz.002851,29.7900,29.8600,28.2500,29.0000,29.9400,5926216,172046593.6900,3,1.443800,1,-3.139600,37.836621,3.235804,-224.586575,4.547498,0
2022-07-13,sz.002851,28.8900,29.6500,28.2800,29.2900,29.0000,3496917,101600027.5100,3,0.852000,1,1.000000,38.214988,3.268162,-226.832441,4.592973,0
2022-07-14,sz.002851,28.9900,30.2800,28.7100,30.2800,29.2900,3883215,114735268.2500,3,0.946100,1,3.380000,39.506652,3.378626,-234.499362,4.748215,0
2022-07-15,sz.002851,30.0600,32.7000,29.1500,31.3200,30.2800,6740084,210163589.3800,3,1.642100,1,3.434600,40.863551,3.494668,-242.553501,4.911298,0
2022-07-18,sz.002851,31.4400,31.5000,30.1200,30.4000,31.3200,3504800,107399950.0000,3,0.853900,1,-2.937400,39.663217,3.392015,-235.428685,4.767032,0
2022-07-19,sz.002851,30.4000,30.9900,30.0000,30.8200,30.4000,2259459,68865426.2500,3,0.550500,1,1.381600,40.211196,3.438879,-238.681319,4.832893,0
2022-07-20,sz.002851,30.8000,31.7000,30.5000,31.4400,30.8200,3098516,96375862.1400,3,0.754900,1,2.011700,41.020116,3.508058,-243.482825,4.930115,0
2022-07-21,sz.002851,31.2000,32.3500,30.8100,31.7500,31.4400,2842449,90292748.6000,3,0.692500,1,0.986000,41.424577,3.542647,-245.883578,4.978726,0
2022-07-22,sz.002851,31.7600,32.5000,30.0000,31.9400,31.7500,4142346,130122800.2800,3,1.009200,1,0.598400,41.672472,3.563848,-247.355007,5.008520,0
2022-07-25,sz.002851,31.5900,32.1400,30.1000,30.2800,31.9400,2228496,68661258.0000,3,0.542900,1,-5.197200,39.506652,3.378626,-234.499362,4.748215,0
2022-07-26,sz.002851,30.1000,30.3800,29.3000,29.7800,30.2800,2737777,81597377.0600,3,0.667000,1,-1.651300,38.854296,3.322836,-230.627179,4.669810,0
2022-07-27,sz.002851,29.7100,30.6000,29.4000,30.2900,29.7800,2212813,66419906.5800,3,0.539100,1,1.712600,39.519699,3.379741,-234.576805,4.749783,0
2022-07-28,sz.002851,30.2900,30.5000,29.4700,29.6900,30.2900,2694725,80624007.0700,3,0.656500,1,-1.980900,38.736872,3.312794,-229.930187,4.655697,0
2022-07-29,sz.002851,29.8500,30.6200,29.5000,29.7400,29.6900,2980518,89745239.2100,3,0.726100,1,0.168400,38.802108,3.318373,-230.317405,4.663538,0
2022-08-01,sz.002851,30.2000,32.7100,30.2000,32.7100,29.7400,8976893,290167731.5900,3,2.187100,1,9.986600,42.677099,3.649764,-253.318168,5.129264,0
2022-08-02,sz.002851,32.7800,33.2800,31.2000,31.4400,32.7100,9641361,310043573.1200,3,2.348900,1,-3.882600,41.020116,3.508058,-243.482825,4.930115,0
2022-08-03,sz.002851,31.9000,33.5000,28.4100,29.1500,31.4400,12768949,387962670.0100,3,3.110900,1,-7.283700,38.032328,3.252541,-225.748230,4.571020,0
2022-08-04,sz.002851,28.3000,30.0700,28.3000,29.2600,29.1500,5899503,172921077.6300,3,1.437300,1,0.377400,38.175846,3.264815,-226.600110,4.588269,0
2022-08-05,sz.002851,29.8100,30.6900,28.0000,29.7900,29.2600,4392812,130967483.4300,3,1.070200,1,1.811300,38.867343,3.323952,-230.704623,4.671378,0
2022-08-08,sz.002851,29.3000,29.8000,28.4000,28.7300,29.7900,4947122,142864025.7800,3,1.205300,1,-3.558200,37.484349,3.205678,-222.495596,4.505159,0
2022-08-09,sz.002851,28.7200,29.8800,28.0600,29.7800,28.7300,4682995,137069455.4900,3,1.140900,1,3.654700,38.854296,3.322836,-230.627179,4.669810,0
2022-08-10,sz.002851,30.0500,30.1800,28.0000,28.0000,29.7800,6234218,177591969.0700,3,1.518900,1,-5.977200,36.531910,3.124225,-216.842210,4.390688,0
2022-08-11,sz.002851,28.0100,28.2500,27.1200,27.6100,28.0000,5212447,143654402.7600,3,1.269900,1,-1.392900,36.023073,3.080709,-213.821908,4.329532,0
2022-08-12,sz.002851,28.0000,28.2500,27.6300,27.8500,27.6100,3827692,106705641.1000,3,0.932500,1,0.869300,36.336204,3.107488,-215.680556,4.367166,0
2022-08-15,sz.002851,27.9000,28.4700,27.4000,27.5800,27.8500,4088873,113458658.7200,3,0.996200,1,-0.969500,35.983932,3.077361,-213.589577,4.324827,0
2022-08-16,sz.002851,27.6100,29.1300,27.4500,28.1900,27.5800,3465675,98432384.7500,3,0.844300,1,2.211700,36.779805,3.145425,-218.313640,4.420482,0
2022-08-17,sz.002851,28.3500,29.6600,27.9200,29.0500,28.1900,3853016,111246868.5900,3,0.938700,1,3.050700,37.901857,3.241383,-224.973793,4.555339,0
2022-08-18,sz.002851,29.0500,30.5000,28.7500,29.8200,29.0500,3524253,104787497.9500,3,0.858600,1,2.650600,38.906484,3.327299,-230.936954,4.676082,0
2022-08-19,sz.002851,29.7700,29.8200,28.5200,28.7000,29.8200,2877700,83609892.1000,3,0.701100,1,-3.755900,37.445208,3.202330,-222.263266,4.500455,0
2022-08-22,sz.002851,28.7000,30.3800,28.3900,29.7000,28.7000,3638824,106645746.3200,3,0.886500,1,3.484300,38.749919,3.313910,-230.007630,4.657265,0
2022-08-23,sz.002851,29.7000,30.3600,29.2000,29.9400,29.7000,3675728,110004161.4900,3,0.895500,1,0.808100,39.063050,3.340689,-231.866278,4.694900,0
2022-08-24,sz.002851,29.9300,30.1900,28.1800,28.2700,29.9400,2790654,80798656.5200,3,0.679900,1,-5.577800,36.884182,3.154351,-218.933189,4.433027,0
2022-08-25,sz.002851,28.2700,28.7800,26.9900,27.6600,28.2700,2956742,81761011.4700,3,0.720400,1,-2.157800,36.088309,3.086288,-214.209126,4.337372,0
2022-08-26,sz.002851,27.6600,28.4800,27.2800,27.6600,27.6600,1423443,39695312.9900,3,0.346800,1,0.000000,36.088309,3.086288,-214.209126,4.337372,0
2022-08-29,sz.002851,27.1100,27.9800,26.8000,27.9700,27.6600,1149768,31815182.5100,3,0.280100,1,1.120800,36.492769,3.120877,-216.609879,4.385983,0
2022-08-30,sz.002851,29.1500,30.7700,29.0000,30.7700,27.9700,6552068,200611419.9800,3,1.596300,1,10.010700,36.622118,3.110053,592.879800,4.729854,0
2022-08-31,sz.002851,30.7000,33.5000,30.7000,32.0400,30.7700,15900837,512662030.6600,3,3.873900,1,4.127400,38.133658,3.238417,617.350302,4.925074,0
2022-09-01,sz.002851,32.2000,33.0000,30.9300,31.3000,32.0400,6618060,209330964.1700,3,1.612400,1,-2.309600,37.252918,3.163622,603.091900,4.811324,0
2022-09-02,sz.002851,31.3100,32.7200,30.5000,32.5000,31.3000,6293591,201591959.9300,3,1.533300,1,3.833900,38.681145,3.284911,626.213634,4.995783,0
2022-09-05,sz.002851,32.7000,33.3700,31.5200,31.8900,32.5000,4185228,134970481.0000,3,1.019700,1,-1.876900,37.955129,3.223256,614.460085,4.902016,0
2022-09-06,sz.002851,32.1000,32.4500,30.8200,32.2000,31.8900,3485936,110188510.7200,3,0.849300,1,0.972100,38.324088,3.254589,620.433200,4.949668,0
2022-09-07,sz.002851,31.9000,33.2800,31.5200,32.7700,32.2000,4212157,138245983.1600,3,1.026200,1,1.770200,39.002496,3.312201,631.416024,5.037287,0
2022-09-08,sz.002851,32.8000,33.2500,32.3000,32.7000,32.7700,2996661,98623168.9800,3,0.730100,1,-0.213600,38.919182,3.305126,630.067256,5.026527,0
2022-09-09,sz.002851,32.7300,32.9900,32.2500,32.7900,32.7000,2495688,81491663.9600,3,0.608000,1,0.275200,39.026299,3.314223,631.801386,5.040361,0
2022-09-13,sz.002851,33.2000,33.2300,31.9000,33.1600,32.7900,2796350,91536364.5400,3,0.681300,1,1.128400,39.466669,3.351620,638.930587,5.097236,0
2022-09-14,sz.002851,32.4000,33.8000,31.5500,33.3700,33.1600,4433530,145889773.6400,3,1.080100,1,0.633300,39.716609,3.372846,642.976891,5.129517,0
2022-09-15,sz.002851,33.3500,33.4100,31.6000,31.9000,33.3700,4680634,150812522.3500,3,1.140300,1,-4.405200,37.967031,3.224267,614.652767,4.903554,0
2022-09-16,sz.002851,32.2000,32.5100,31.1200,31.2000,31.9000,3477022,110417944.2400,3,0.847100,1,-2.194400,37.133899,3.153515,601.165088,4.795952,0
2022-09-19,sz.002851,31.1100,31.4900,30.1000,30.4000,31.2000,2842074,86975250.1600,3,0.692400,1,-2.564100,36.181748,3.072655,585.750599,4.672979,0
2022-09-20,sz.002851,30.4200,31.3900,29.9500,30.5300,30.4000,2372048,72769503.3700,3,0.577900,1,0.427600,36.336472,3.085795,588.255453,4.692962,0
2022-09-21,sz.002851,30.6600,31.0800,29.4000,29.5300,30.5300,2653932,79727386.6000,3,0.646600,1,-3.275500,35.146283,2.984721,568.987342,4.539246,0
2022-09-22,sz.002851,29.5200,29.8800,28.8000,29.5500,29.5300,2629511,77160221.7700,3,0.640600,1,0.067700,35.170087,2.986742,569.372704,4.542320,0
2022-09-23,sz.002851,29.4600,29.8700,28.6000,28.9200,29.5500,2458441,71626880.6700,3,0.599000,1,-2.132000,34.420268,2.923065,557.233793,4.445479,0
2022-09-26,sz.002851,28.9100,31.5000,28.5000,30.5500,28.9200,5103467,154975738.2700,3,1.243400,1,5.636200,36.360276,3.087816,588.640816,4.696036,0
2022-09-27,sz.002851,30.5900,30.9100,29.0000,29.4800,30.5500,4405100,131141275.2600,3,1.073200,1,-3.502500,35.086774,2.979667,568.023936,4.531560,0
2022-09-28,sz.002851,29.5400,30.3400,29.1900,29.5000,29.4800,3052175,90514655.4300,3,0.743600,1,0.067800,35.110577,2.981689,568.409298,4.534634,0
2022-09-29,sz.002851,29.8100,30.4400,29.3100,29.4400,29.5000,3465749,102928304.7300,3,0.844400,1,-0.203400,35.039166,2.975624,567.253212,4.525411,0
2022-09-30,sz.002851,29.7600,29.8600,28.3800,28.8800,29.4400,2687497,77619844.7700,3,0.654800,1,-1.902200,34.372660,2.919023,556.463069,4.439330,0
2022-10-10,sz.002851,28.8800,29.8400,27.5100,27.7000,28.8800,4183465,118542688.0600,3,1.019200,1,-4.085900,32.968237,2.799755,533.726697,4.257945,0
2022-10-11,sz.002851,28.1900,28.2500,27.1500,27.7000,27.7000,4202375,116337906.7400,3,1.023800,1,0.000000,32.968237,2.799755,533.726697,4.257945,0
2022-10-12,sz.002851,27.4300,27.8500,26.3500,27.8300,27.7000,5043216,136574203.2300,3,1.228700,1,0.469300,33.122962,2.812895,536.231552,4.277928,0
2022-10-13,sz.002851,27.0000,28.7900,26.7500,28.0000,27.8300,3498915,98141590.2200,3,0.852400,1,0.610900,33.325294,2.830077,539.507131,4.304060,0
2022-10-14,sz.002851,28.5000,29.7000,27.9000,29.3300,28.0000,2659477,77034609.7600,3,0.647900,1,4.750000,34.908245,2.964506,565.133719,4.508502,0
2022-10-17,sz.002851,29.1100,29.7800,29.0000,29.6300,29.3300,2290513,67297595.0200,3,0.558000,1,1.022800,35.265302,2.994828,570.914153,4.554617,0
2022-10-18,sz.002851,29.4800,30.7700,29.4100,29.6800,29.6300,2545017,76092627.0300,3,0.620000,1,0.168700,35.324811,2.999882,571.877558,4.562303,0
2022-10-19,sz.002851,29.8800,30.4000,29.3700,29.5700,29.6800,2073739,62025217.0000,3,0.505200,1,-0.370600,35.193891,2.988764,569.758066,4.545394,0
2022-10-20,sz.002851,29.4800,29.5800,28.5500,28.9500,29.5700,2442386,70927307.0800,3,0.595000,1,-2.096700,34.455973,2.926098,557.811837,4.450090,0
2022-10-21,sz.002851,29.0700,29.2800,28.3000,29.0000,28.9500,1723202,49598963.6400,3,0.419800,1,0.172700,34.515483,2.931151,558.775242,4.457776,0
2022-10-24,sz.002851,29.6700,29.9600,28.7200,28.8900,29.0000,3457084,101173773.6000,3,0.842300,1,-0.379300,34.384562,2.920033,556.655750,4.440867,0
2022-10-25,sz.002851,28.6100,30.0800,28.5000,29.8800,28.8900,4739917,139632310.8800,3,1.154800,1,3.426800,35.562849,3.020097,575.731181,4.593046,0
2022-10-26,sz.002851,29.5900,32.1000,29.5000,31.4200,29.8800,4689310,145866978.0600,3,1.142500,1,5.153900,37.395740,3.175751,605.404073,4.829770,0
2022-10-27,sz.002851,31.1800,31.6800,29.8200,29.8800,31.4200,2939612,89965082.8600,3,0.716200,1,-4.901300,35.562849,3.020097,575.731181,4.593046,0
2022-10-28,sz.002851,29.7600,30.3900,28.0000,28.1600,29.8800,3678303,106115968.0000,3,0.896200,1,-5.756400,33.515724,2.846249,542.590028,4.328654,0
2022-10-31,sz.002851,26.3100,26.6000,25.3400,25.3400,28.1600,9102753,232761035.9600,3,2.217700,1,-10.014200,33.863957,2.415575,-157.387690,3.787001,0
2022-11-01,sz.002851,24.8800,26.3200,24.8100,26.2200,25.3400,6854380,174368126.3000,3,1.669900,1,3.472800,35.039975,2.499462,-162.853403,3.918515,0
2022-11-02,sz.002851,25.9000,28.7500,25.8000,28.4000,26.2200,5729405,160008292.4000,3,1.395900,1,8.314300,37.953291,2.707274,-176.393464,4.244310,0
2022-11-03,sz.002851,28.3300,29.2900,28.1100,29.1100,28.4000,4292739,123846381.5600,3,1.045800,1,2.500000,38.902123,2.774956,-180.803301,4.350418,0
2022-11-04,sz.002851,29.1000,29.3000,28.8900,29.1200,29.1100,3911490,113833112.3400,3,0.953000,1,0.034400,38.915487,2.775909,-180.865411,4.351913,0
2022-11-07,sz.002851,29.1300,29.2600,27.9700,28.2000,29.1200,2931500,83160447.7300,3,0.714200,1,-3.159300,37.686014,2.688209,-175.151257,4.214421,0
2022-11-08,sz.002851,28.2000,28.4000,27.6800,28.1600,28.2000,1590564,44486772.7200,3,0.387500,1,-0.141800,37.632559,2.684396,-174.902815,4.208443,0
2022-11-09,sz.002851,28.2000,28.2000,27.3000,27.5000,28.1600,2186568,60430316.8800,3,0.532700,1,-2.343800,36.750545,2.621480,-170.803531,4.109808,0
2022-11-10,sz.002851,27.2200,28.0000,26.7400,27.6800,27.5000,3727635,102023644.0900,3,0.908200,1,0.654500,36.991094,2.638639,-171.921517,4.136708,0
2022-11-11,sz.002851,28.2000,28.9900,28.0900,28.5000,27.6800,3323407,94486883.9400,3,0.809700,1,2.962400,38.086929,2.716807,-177.014568,4.259255,0
2022-11-14,sz.002851,28.4300,28.9300,27.9500,28.0200,28.5000,2431731,69070872.3100,3,0.592400,1,-1.684200,37.445465,2.671050,-174.033270,4.187520,0
2022-11-15,sz.002851,27.8800,29.7000,27.6900,29.5500,28.0200,3457635,100330729.4700,3,0.842400,1,5.460400,39.490132,2.816900,-183.536158,4.416175,0
2022-11-16,sz.002851,29.3400,29.9100,28.5800,28.6500,29.5500,3757608,109153476.5400,3,0.915500,1,-3.045700,38.287386,2.731106,-177.946224,4.281672,0
2022-11-17,sz.002851,28.5500,28.9800,28.2600,28.8400,28.6500,2252937,64589353.8200,3,0.548900,1,0.663200,38.541299,2.749218,-179.126321,4.310067,0
2022-11-18,sz.002851,28.7700,29.2500,28.3200,28.5400,28.8400,2065104,59494071.7700,3,0.503100,1,-1.040200,38.140384,2.720620,-177.263010,4.265233,0
2022-11-21,sz.002851,28.4000,28.9000,28.1700,28.5800,28.5400,2157984,61592625.3200,3,0.525800,1,0.140200,38.193840,2.724433,-177.511451,4.271211,0
2022-11-22,sz.002851,28.4400,28.6400,27.1500,27.4300,28.5800,3248713,89691236.1800,3,0.791500,1,-4.023800,36.656999,2.614807,-170.368758,4.099346,0
2022-11-23,sz.002851,27.5000,27.7200,26.7100,27.6300,27.4300,1983613,54197416.1800,3,0.483300,1,0.729100,36.924275,2.633873,-171.610966,4.129236,0
2022-11-24,sz.002851,27.5900,29.1600,27.3300,27.9900,27.6300,2137931,60216892.8800,3,0.520900,1,1.302900,37.405373,2.668190,-173.846939,4.183037,0
2022-11-25,sz.002851,27.8000,27.9900,26.4100,26.5800,27.9900,3437279,92601986.2200,3,0.837400,1,-5.037500,35.521073,2.533780,-165.089376,3.972316,0
2022-11-28,sz.002851,26.3900,26.8800,26.1100,26.5000,26.5800,2028056,53755028.8600,3,0.494100,1,-0.301000,35.414162,2.526154,-164.592493,3.960360,0
2022-11-29,sz.002851,26.5300,26.9000,26.1500,26.4100,26.5000,2138536,56510877.3900,3,0.521000,1,-0.339600,35.293887,2.517574,-164.033500,3.946910,0
2022-11-30,sz.002851,26.5100,26.5900,25.9100,26.0500,26.4100,2212635,57903257.5000,3,0.539100,1,-1.363100,34.812789,2.483257,-161.797526,3.893109,0
2022-12-01,sz.002851,26.3500,27.1900,26.3500,26.4900,26.0500,2276534,60881935.9300,3,0.554600,1,1.689100,35.400798,2.525200,-164.530383,3.958866,0
2022-12-02,sz.002851,26.4500,27.0800,26.1800,26.6900,26.4900,1864829,49920808.2100,3,0.454300,1,0.755000,35.668075,2.544266,-165.772590,3.988755,0
2022-12-05,sz.002851,26.8300,26.9400,26.1600,26.3100,26.6900,2344544,61811872.3000,3,0.571200,1,-1.423800,35.160249,2.508042,-163.412396,3.931965,0
2022-12-06,sz.002851,26.2000,26.3800,25.9200,26.0500,26.3100,2648056,69076799.2500,3,0.645100,1,-0.988200,34.812789,2.483257,-161.797526,3.893109,0
2022-12-07,sz.002851,26.0100,26.1400,25.6200,25.9400,26.0500,3282000,84883257.0000,3,0.799600,1,-0.422300,34.665787,2.472771,-161.114312,3.876669,0
2022-12-08,sz.002851,25.8800,26.3100,25.6300,26.1600,25.9400,2163762,56334625.3700,3,0.527200,1,0.848100,34.959792,2.493743,-162.480740,3.909548,0
2022-12-09,sz.002851,26.1600,26.7500,25.9100,26.0800,26.1600,2661369,69939802.0000,3,0.648400,1,-0.305800,34.852881,2.486116,-161.983857,3.897592,0
2022-12-12,sz.002851,26.0300,26.2100,25.6000,25.7500,26.0800,2760095,71313180.1200,3,0.672400,1,-1.265300,34.411874,2.454659,-159.934215,3.848274,0
2022-12-13,sz.002851,25.6000,25.6900,24.9000,25.0600,25.7500,2478854,62470007.0400,3,0.603900,1,-2.679600,33.489770,2.388883,-155.648599,3.745156,0
2022-12-14,sz.002851,25.0000,25.4600,24.7500,25.1900,25.0600,2277688,57378369.5900,3,0.554900,1,0.518800,33.663500,2.401276,-156.456034,3.764584,0
2022-12-15,sz.002851,25.0700,27.0700,24.8100,27.0700,25.1900,3334522,85771508.0200,3,0.812400,1,7.463300,36.175901,2.580490,-168.132785,4.045545,0
2022-12-16,sz.002851,26.3800,26.3900,25.2100,25.3700,27.0700,4656555,118957789.8100,3,1.134500,1,-6.280000,33.904049,2.418435,-157.574021,3.791484,0
2022-12-19,sz.002851,25.2000,25.7900,24.7100,25.1600,25.3700,2484923,62323448.1700,3,0.605400,1,-0.827700,33.623408,2.398416,-156.269703,3.760100,0
2022-12-20,sz.002851,24.7200,25.2400,24.5000,24.5600,25.1600,1986981,49109483.0300,3,0.484100,1,-2.384700,32.821578,2.341220,-152.543080,3.670432,0
2022-12-21,sz.002851,24.5600,24.8600,23.8900,24.3100,24.5600,2434181,58875701.5500,3,0.593000,1,-1.017900,32.487482,2.317388,-150.990321,3.633070,0
2022-12-22,sz.002851,24.3900,24.5500,23.6100,23.6400,24.3100,1903673,45594222.1700,3,0.463800,1,-2.756100,31.592105,2.253520,-146.828926,3.532940,0
2022-12-23,sz.002851,23.6400,24.2800,23.0000,24.0600,23.6400,2039514,48516892.4200,3,0.496900,1,1.776600,32.153386,2.293557,-149.437562,3.595708,0
2022-12-26,sz.002851,24.0600,24.9400,24.0300,24.8800,24.0600,1879835,46394238.3900,3,0.458000,1,3.408100,33.249221,2.371725,-154.530612,3.718255,0
2022-12-27,sz.002851,24.9900,25.9800,24.6400,25.7200,24.8800,2840292,72485437.0100,3,0.692000,1,3.376200,34.371783,2.451799,-159.747884,3.843791,0
2022-12-28,sz.002851,25.6600,25.8200,25.1600,25.5700,25.7200,2277172,57988506.6800,3,0.554800,1,-0.583200,34.171325,2.437500,-158.816228,3.821374,0
2022-12-29,sz.002851,25.3100,25.9700,25.3000,25.6400,25.5700,1590489,40961278.8500,3,0.387500,1,0.273800,34.264872,2.444173,-159.251001,3.831835,0
2022-12-30,sz.002851,25.8000,26.1700,25.5100,25.9600,25.6400,2070355,53637722.2600,3,0.504400,1,1.248000,34.692515,2.474677,-161.238533,3.879658,0
2023-01-03,sz.002851,25.9500,26.4000,25.3700,26.2600,25.9600,1823252,47480396.7000,3,0.444200,1,1.155600,35.093430,2.503275,-163.101844,3.924493,0
2023-01-04,sz.002851,26.2100,26.4400,25.6000,25.7400,26.2600,1929526,50012422.6700,3,0.470100,1,-1.980200,34.398511,2.453705,-159.872105,3.846780,0
2023-01-05,sz.002851,25.8800,26.1700,25.4700,26.0300,25.7400,1948226,50452527.4600,3,0.474600,1,1.126700,34.786062,2.481350,-161.673306,3.890120,0
2023-01-06,sz.002851,26.0300,26.3800,25.8800,26.1900,26.0300,2224513,58226440.4000,3,0.542000,1,0.614700,34.999883,2.496602,-162.667072,3.914031,0
2023-01-09,sz.002851,26.2000,26.5300,25.7900,25.9800,26.1900,1941025,50683967.8700,3,0.472900,1,-0.801800,34.719243,2.476584,-161.362754,3.882647,0
2023-01-10,sz.002851,25.9300,26.1600,25.6400,25.7200,25.9800,1952466,50417780.1200,3,0.475700,1,-1.000800,34.371783,2.451799,-159.747884,3.843791,0
2023-01-11,sz.002851,25.8900,25.9700,25.1600,25.1700,25.7200,2351670,59906207.1000,3,0.572900,1,-2.138400,33.636772,2.399369,-156.331813,3.761595,0
2023-01-12,sz.002851,25.0700,25.6300,25.0400,25.2800,25.1700,1273400,32254636.0000,3,0.310200,1,0.437000,33.783774,2.409855,-157.015027,3.778034,0
2023-01-13,sz.002851,25.2800,25.4800,24.9100,25.3100,25.2800,1211950,30491463.7700,3,0.295300,1,0.118700,33.823866,2.412715,-157.201359,3.782517,0
2023-01-16,sz.002851,25.2000,27.8400,25.2000,27.1100,25.3100,8797531,238369074.6300,3,2.143400,1,7.111800,36.229356,2.584303,-168.381226,4.051523,0
2023-01-17,sz.002851,27.1800,27.9100,27.0300,27.4500,27.1100,5391858,148162078.0200,3,1.313600,1,1.254100,36.683726,2.616714,-170.492979,4.102335,0
2023-01-18,sz.002851,27.4600,28.1000,27.3000,27.8000,27.4500,3051927,84897670.5300,3,0.743500,1,1.275000,37.151460,2.650078,-172.666842,4.154642,0
2023-01-19,sz.002851,27.7400,27.8900,27.2300,27.6300,27.8000,1536473,42401494.9000,3,0.374300,1,-0.611500,36.924275,2.633873,-171.610966,4.129236,0
2023-01-20,sz.002851,27.6100,28.0400,27.4000,27.5400,27.6300,2192449,60623374.1100,3,0.534100,1,-0.325700,36.804001,2.625293,-171.051972,4.115786,0
2023-01-30,sz.002851,27.6000,28.8000,27.5800,28.1800,27.5400,4309553,122244629.0700,3,1.049900,1,2.323900,37.659286,2.686302,-175.027036,4.211432,0
2023-01-31,sz.002851,28.2300,28.5300,28.0400,28.2700,28.1800,2072156,58735411.7800,3,0.504800,1,0.319400,37.779561,2.694882,-175.586030,4.224882,0
2023-02-01,sz.002851,28.2700,29.1000,28.1200,28.9200,28.2700,4688765,134906605.9900,3,1.142300,1,2.299300,38.648210,2.756844,-179.623204,4.322023,0
2023-02-02,sz.002851,29.0000,29.5800,28.5300,29.1400,28.9200,3859754,112387367.7000,3,0.940400,1,0.760700,38.942214,2.777816,-180.989632,4.354902,0
2023-02-03,sz.002851,29.0000,29.4300,28.4000,28.8400,29.1400,2222532,63922222.2600,3,0.541500,1,-1.029500,38.541299,2.749218,-179.126321,4.310067,0
2023-02-06,sz.002851,28.8600,29.0800,28.0500,28.5000,28.8400,4513525,128393237.2900,3,1.099600,1,-1.178900,38.086929,2.716807,-177.014568,4.259255,0
2023-02-07,sz.002851,28.6000,29.2300,28.5000,28.9600,28.5000,2394475,69096884.9000,3,0.583400,1,1.614000,38.701665,2.760657,-179.871645,4.328001,0
2023-02-08,sz.002851,29.0400,29.2000,28.3900,28.5100,28.9600,1925114,54971323.4400,3,0.469000,1,-1.553900,38.100293,2.717760,-177.076679,4.260750,0
2023-02-09,sz.002851,28.5100,29.4600,28.2300,29.2800,28.5100,2821556,81939599.4100,3,0.687400,1,2.700800,39.129308,2.791161,-181.859177,4.375824,0
2023-02-10,sz.002851,29.3000,29.3000,28.4000,28.7300,29.2800,2105800,60685843.2000,3,0.513000,1,-1.878400,38.394297,2.738732,-178.443107,4.293628,0
2023-02-13,sz.002851,29.7100,29.8000,28.5000,28.6300,28.7300,5923480,171613800.1000,3,1.443100,1,-0.348100,38.260659,2.729199,-177.822003,4.278683,0
2023-02-14,sz.002851,28.7000,29.2000,28.5200,29.0100,28.6300,3770467,109076539.5400,3,0.918600,1,1.327300,38.768484,2.765423,-180.182197,4.335473,0
2023-02-15,sz.002851,28.9500,31.4700,28.8600,30.5300,29.0100,9298817,282705077.2200,3,2.265500,1,5.239600,40.799787,2.910320,-189.622974,4.562634,0
2023-02-16,sz.002851,30.5400,30.9900,30.0700,30.3000,30.5300,6288504,191946152.0500,3,1.532100,1,-0.753400,40.492419,2.888394,-188.194436,4.528261,0
2023-02-17,sz.002851,30.2000,30.3500,29.5000,29.8200,30.3000,4452545,133125011.7700,3,1.084800,1,-1.584200,39.850955,2.842638,-185.213138,4.456526,0
2023-02-20,sz.002851,29.8000,30.5100,29.3200,30.2800,29.8200,3807086,114032050.1000,3,0.927500,1,1.542600,40.465691,2.886488,-188.070215,4.525272,0
2023-02-21,sz.002851,30.2700,30.3800,29.9000,30.2700,30.2800,2438799,73433968.7900,3,0.594200,1,-0.033000,40.452328,2.885535,-188.008104,4.523777,0
2023-02-22,sz.002851,30.3500,30.4900,29.4500,29.8500,30.2700,2757134,82024967.1700,3,0.671700,1,-1.387500,39.891047,2.845498,-185.399469,4.461009,0
2023-02-23,sz.002851,29.9900,30.6800,29.6300,30.2500,29.8500,2803864,84956673.9700,3,0.683100,1,1.340000,40.425600,2.883628,-187.883884,4.520788,0
2023-02-24,sz.002851,30.1900,30.6800,29.7100,30.2300,30.2500,1899825,57175739.7600,3,0.462900,1,-0.066100,40.398872,2.881722,-187.759663,4.517799,0
2023-02-27,sz.002851,29.9900,30.5000,29.7000,30.1500,30.2300,1851369,55752933.7200,3,0.451100,1,-0.264600,40.291962,2.874095,-187.262780,4.505844,0
2023-02-28,sz.002851,30.1500,30.3900,29.2800,29.9800,30.1500,3236888,95954588.7700,3,0.788600,1,-0.563800,40.064776,2.857890,-186.206904,4.480438,0
2023-03-01,sz.002851,29.9000,29.9000,29.1900,29.6100,29.9800,2891971,85327180.7800,3,0.704600,1,-1.234200,39.570315,2.822619,-183.908820,4.425142,0
2023-03-02,sz.002851,29.5800,29.8800,29.1400,29.3500,29.6100,1749555,51448054.5500,3,0.426200,1,-0.878100,39.222855,2.797834,-182.293950,4.386286,0
2023-03-03,sz.002851,29.3400,29.6400,28.8600,28.8800,29.3500,1486395,43310203.5400,3,0.362100,1,-1.601400,38.594755,2.753031,-179.374762,4.316045,0
2023-03-06,sz.002851,28.8800,29.1700,28.5600,29.0000,28.8800,2215176,63990754.2300,3,0.539700,1,0.415500,38.755121,2.764470,-180.120087,4.333979,0
2023-03-07,sz.002851,29.0400,29.0400,28.2400,28.2400,29.0000,2303100,65534713.0000,3,0.561100,1,-2.620700,37.739469,2.692022,-175.399698,4.220399,0
2023-03-08,sz.002851,28.2100,28.6100,28.0300,28.2000,28.2400,1231500,34782445.0000,3,0.300000,1,-0.141600,37.686014,2.688209,-175.151257,4.214421,0
2023-03-09,sz.002851,28.0500,28.5900,28.0500,28.0700,28.2000,1174867,33289779.3200,3,0.286200,1,-0.461000,37.512284,2.675816,-174.343822,4.194993,0
2023-03-10,sz.002851,28.0300,28.2900,27.4500,27.6900,28.0700,1902225,52885789.5000,3,0.463400,1,-1.353800,37.004458,2.639592,-171.983628,4.138203,0
2023-03-13,sz.002851,27.7200,27.9600,27.5400,27.8000,27.6900,817749,22690185.1200,3,0.199200,1,0.397300,37.151460,2.650078,-172.666842,4.154642,0
2023-03-14,sz.002851,27.8200,27.9600,26.7800,27.2900,27.8000,2358901,64101748.6300,3,0.574700,1,-1.834500,36.469905,2.601462,-169.499213,4.078424,0
2023-03-15,sz.002851,26.9400,28.0000,26.9400,27.2500,27.2900,1649077,45427209.9900,3,0.401800,1,-0.146600,36.416450,2.597648,-169.250771,4.072446,0
2023-03-16,sz.002851,27.1800,27.4900,26.3300,26.4900,27.2500,2695300,72157676.4900,3,0.656700,1,-2.789000,35.400798,2.525200,-164.530383,3.958866,0
2023-03-17,sz.002851,26.8000,26.9500,25.3600,25.7000,26.4900,8155632,211033659.3800,3,1.987000,1,-2.982300,34.345055,2.449892,-159.623663,3.840802,0
2023-03-20,sz.002851,25.8000,26.7800,25.4500,26.3600,25.7000,2960428,77579951.9400,3,0.721300,1,2.568100,35.227068,2.512808,-163.722948,3.939437,0
2023-03-21,sz.002851,26.2600,27.1200,26.2600,27.0000,26.3600,2336700,62677766.4800,3,0.569300,1,2.427900,36.082354,2.573817,-167.698012,4.035084,0
2023-03-22,sz.002851,27.1700,27.3300,26.7200,27.0400,27.0000,1870339,50597058.2900,3,0.455700,1,0.148100,36.135809,2.577630,-167.946453,4.041062,0
2023-03-23,sz.002851,26.9100,27.3200,26.7100,26.8200,27.0400,1817025,49093777.5000,3,0.442700,1,-0.813600,35.841805,2.556658,-166.580025,4.008183,0
2023-03-24,sz.002851,26.8200,27.6900,26.7300,27.2000,26.8200,2098140,57365969.0200,3,0.511200,1,1.416900,36.349630,2.592882,-168.940219,4.064973,0
2023-03-27,sz.002851,27.0900,27.5400,26.9200,27.1000,27.2000,1467014,39777601.3200,3,0.357400,1,-0.367600,36.215992,2.583350,-168.319116,4.050029,0
2023-03-28,sz.002851,27.1000,27.4800,26.9200,27.1400,27.1000,2381968,64640529.5600,3,0.580300,1,0.147600,36.269447,2.587163,-168.567557,4.056007,0
2023-03-29,sz.002851,27.2600,27.4400,26.7000,26.7800,27.1400,1729700,46566997.0000,3,0.421400,1,-1.326500,35.788349,2.552845,-166.331584,4.002205,0
2023-03-30,sz.002851,26.8000,27.1800,26.5500,26.9100,26.7800,2068149,55570364.5000,3,0.503900,1,0.485400,35.962079,2.565237,-167.139019,4.021634,0
2023-03-31,sz.002851,27.0000,27.5800,26.8300,27.5000,26.9100,2651378,72544932.5700,3,0.646000,1,2.192500,36.750545,2.621480,-170.803531,4.109808,0
2023-04-03,sz.002851,27.3900,28.0300,27.2900,27.4600,27.5000,2520123,69692634.8700,3,0.614000,1,-0.145500,36.697090,2.617667,-170.555089,4.103830,0
2023-04-04,sz.002851,27.5900,27.5900,26.9000,27.2000,27.4600,1828650,49631026.2600,3,0.445500,1,-0.946800,36.349630,2.592882,-168.940219,4.064973,0
2023-04-06,sz.002851,27.0900,27.4800,26.9500,27.1400,27.2000,1156800,31464078.0000,3,0.281800,1,-0.220600,36.269447,2.587163,-168.567557,4.056007,0
2023-04-07,sz.002851,27.3900,29.8500,27.2400,29.8500,27.1400,7739254,227938303.4200,3,1.885500,1,9.985300,39.891047,2.845498,-185.399469,4.461009,0
2023-04-10,sz.002851,30.1400,30.4500,29.2400,29.4700,29.8500,8503829,253203012.9000,3,2.071800,1,-1.273000,39.383221,2.809273,-183.039275,4.404219,0
2023-04-11,sz.002851,29.5700,30.2900,29.1600,29.6800,29.4700,6308072,188259828.1700,3,1.536800,1,0.712600,39.663861,2.829292,-184.343592,4.435603,0
2023-04-12,sz.002851,29.8900,30.1000,28.9700,29.1700,29.6800,4588442,135384502.5400,3,1.117900,1,-1.718300,38.982306,2.780675,-181.175963,4.359385,0
2023-04-13,sz.002851,29.0000,30.7800,28.9700,29.7400,29.1700,6616722,198382626.0000,3,1.612000,1,1.954100,39.744044,2.835012,-184.716255,4.444570,0
2023-04-14,sz.002851,29.6000,30.2600,29.5000,29.7400,29.7400,3437465,102625057.9900,3,0.837500,1,0.000000,39.744044,2.835012,-184.716255,4.444570,0
2023-04-17,sz.002851,29.7800,30.6700,29.6900,30.2300,29.7400,4111589,124529333.0500,3,1.001700,1,1.647600,40.398872,2.881722,-187.759663,4.517799,0
2023-04-18,sz.002851,30.1000,30.2800,29.7000,29.9200,30.2300,1782899,53321434.0200,3,0.434400,1,-1.025500,39.984593,2.852170,-185.834241,4.471471,0
2023-04-19,sz.002851,29.8800,31.0000,29.5200,30.6100,29.9200,4517368,138023210.1400,3,1.100600,1,2.306100,40.906698,2.917946,-190.119857,4.574590,0
2023-04-20,sz.002851,30.3500,30.4600,29.6000,30.0400,30.6100,3246156,97398608.3500,3,0.790900,1,-1.862100,40.144959,2.863610,-186.579566,4.489404,0
2023-04-21,sz.002851,29.7200,30.3900,29.3800,29.3800,30.0400,2440269,72554510.8900,3,0.594500,1,-2.197100,39.262946,2.800694,-182.480281,4.390769,0
2023-04-24,sz.002851,29.6600,29.6600,28.6500,28.8100,29.3800,2655919,76998691.9300,3,0.647100,1,-1.940100,38.501208,2.746358,-178.939990,4.305584,0
2023-04-25,sz.002851,28.7900,29.5100,28.5200,28.8800,28.8100,3121322,90629408.2900,3,0.760500,1,0.243000,38.594755,2.753031,-179.374762,4.316045,0
2023-04-26,sz.002851,28.6200,30.0000,28.6200,29.4000,28.8800,3493717,102893813.8900,3,0.851200,1,1.800600,39.289674,2.802601,-182.604502,4.393758,0
2023-04-27,sz.002851,29.2000,30.0300,28.6500,29.4900,29.4000,3468965,101740286.3600,3,0.845100,1,0.306100,39.409949,2.811180,-183.163495,4.407208,0
2023-04-28,sz.002851,29.4200,30.2200,29.2400,30.0600,29.4900,2160483,64376700.2700,3,0.526400,1,1.932900,40.171687,2.865516,-186.703787,4.492393,0
2023-05-04,sz.002851,31.6000,33.0700,31.5000,31.9700,30.0600,11398490,369363207.6300,3,2.777000,1,6.354000,28.395137,2.721417,117.301035,4.334129,0
2023-05-05,sz.002851,32.2500,32.8900,31.3000,32.3900,31.9700,7317473,235273297.3900,3,1.782800,1,1.313700,28.768173,2.757169,118.842055,4.391068,0
2023-05-08,sz.002851,32.6300,32.9900,31.4000,31.9000,32.3900,4576890,145800215.8800,3,1.115100,1,-1.512800,28.332965,2.715459,117.044198,4.324639,0
2023-05-09,sz.002851,31.6100,31.8800,30.6200,30.7200,31.9000,4461249,138814229.7600,3,1.086900,1,-3.699100,27.284912,2.615012,112.714663,4.164668,0
2023-05-10,sz.002851,30.9800,33.3300,30.7500,32.7000,30.7200,8456336,272282676.2600,3,2.060200,1,6.445300,29.043509,2.783558,119.979475,4.433094,0
2023-05-11,sz.002851,32.7700,32.8900,31.0600,31.5800,32.7000,6267424,198293786.7100,3,1.526900,1,-3.425100,28.048747,2.688219,115.870087,4.281257,0
2023-05-12,sz.002851,31.5000,31.7000,30.8000,30.8600,31.5800,3086801,95964096.9500,3,0.752000,1,-2.279900,27.409257,2.626930,113.228337,4.183648,0
2023-05-15,sz.002851,30.8500,32.3600,30.7000,31.7200,30.8600,4785888,151702077.4300,3,1.166000,1,2.786800,28.173092,2.700136,116.383760,4.300237,0
2023-05-16,sz.002851,32.0000,32.0800,31.2600,31.7100,31.7200,3695772,117108199.0900,3,0.900400,1,-0.031500,28.164210,2.699285,116.347069,4.298881,0
2023-05-17,sz.002851,31.9000,32.0900,31.3100,32.0000,31.7100,2872939,91298972.0500,3,0.699900,1,0.914500,28.421783,2.723971,117.411107,4.338196,0
2023-05-18,sz.002851,31.7100,32.3100,31.5200,31.9900,32.0000,2926637,93339856.4000,3,0.713000,1,-0.031300,28.412901,2.723120,117.374417,4.336840,0
2023-05-19,sz.002851,31.8100,32.7800,31.7100,32.1000,31.9900,3064228,98511123.6000,3,0.746500,1,0.343900,28.510601,2.732483,117.778017,4.351753,0
2023-05-22,sz.002851,31.8100,32.7000,31.6000,32.3600,32.1000,2655264,85844894.0700,3,0.646900,1,0.810000,28.741528,2.754616,118.731982,4.387000,0
2023-05-23,sz.002851,32.4900,32.6000,31.5000,31.5000,32.3600,3603846,114664890.1200,3,0.878000,1,-2.657600,27.977693,2.681409,115.576559,4.270411,0
2023-05-24,sz.002851,31.4700,31.6500,30.9000,31.0100,31.5000,3045500,95094456.2100,3,0.742000,1,-1.555600,27.542484,2.639698,113.778701,4.203983,0
2023-05-25,sz.002851,30.8400,32.1500,30.8400,31.5000,31.0100,3125514,98835751.8900,3,0.761500,1,1.580100,27.977693,2.681409,115.576559,4.270411,0
2023-05-26,sz.002851,31.5000,31.9000,30.8900,31.8700,31.5000,2049810,64492776.7200,3,0.499400,1,1.174600,28.306319,2.712905,116.934125,4.320572,0
2023-05-29,sz.002851,31.6100,31.7900,30.8200,30.9500,31.8700,2536445,78933206.4200,3,0.618000,1,-2.886700,27.489193,2.634591,113.558556,4.195849,0
2023-05-30,sz.002851,30.9400,31.5500,30.7100,31.0000,30.9500,2741603,85099101.4500,3,0.667900,1,0.161600,27.533648,2.638851,113.742201,4.202634,0
2023-05-31,sz.002851,30.9400,31.1300,30.5100,30.9400,31.0000,2363134,72795204.1000,3,0.575700,1,-0.193500,27.480357,2.633744,113.522055,4.194500,0
2023-06-01,sz.002851,30.7800,31.5200,30.7100,30.7500,30.9400,1975958,61470598.9400,3,0.481400,1,-0.614100,27.311603,2.617570,112.824925,4.168742,0
2023-06-02,sz.002851,30.9400,31.4900,30.9400,31.1100,30.7500,1844700,57610964.0000,3,0.449400,1,1.170700,27.631348,2.648215,114.145802,4.217547,0
2023-06-05,sz.002851,31.3300,31.5700,30.5500,30.5500,31.1100,3095073,95289925.9000,3,0.754100,1,-1.800100,27.133966,2.600545,112.091105,4.141628,0
2023-06-06,sz.002851,30.5400,30.5400,29.3000,29.9900,30.5000,5127498,153896639.4200,3,1.249200,1,-1.672100,26.636584,2.552876,110.036407,4.065710,0
2023-06-07,sz.002851,29.9800,29.9900,29.0700,29.8600,29.9900,3300736,97633136.6800,3,0.804200,1,-0.433500,26.521121,2.541810,109.559423,4.048086,0
2023-06-08,sz.002851,29.8600,30.0600,29.5400,29.6000,29.8600,1594930,47483630.3000,3,0.388600,1,-0.870700,26.290193,2.519677,108.605456,4.012838,0
2023-06-09,sz.002851,29.7500,29.8800,29.4000,29.5600,29.6000,2113284,62580428.8400,3,0.514900,1,-0.135100,26.254666,2.516272,108.458692,4.007415,0
2023-06-12,sz.002851,29.5300,30.9600,29.3400,30.3200,29.5600,3578873,108357080.8900,3,0.871900,1,2.571000,26.929693,2.580968,111.247245,4.110449,0
2023-06-13,sz.002851,30.2100,30.9000,30.0000,30.0000,30.3200,1407945,42628280.6500,3,0.343000,1,-1.055400,26.645474,2.553728,110.073132,4.067067,0
2023-06-14,sz.002851,30.1100,30.4300,29.8800,30.1200,30.0000,2088337,62872700.9900,3,0.508800,1,0.400000,26.752056,2.563943,110.513424,4.083335,0
2023-06-15,sz.002851,30.1200,31.2600,29.8600,31.1800,30.1200,4193053,128929641.8800,3,1.021600,1,3.519300,27.693530,2.654175,114.402675,4.227038,0
2023-06-16,sz.002851,31.2100,31.9900,30.9600,31.6600,31.1800,3330140,104674821.1800,3,0.811300,1,1.539400,28.119857,2.695034,116.163845,4.292111,0
2023-06-19,sz.002851,31.8000,32.3700,31.6000,32.0400,31.6600,3140542,100414421.2400,3,0.765100,1,1.200300,28.457367,2.727381,117.558105,4.343627,0
2023-06-20,sz.002851,32.1100,33.0000,31.8900,32.8900,32.0400,6484569,210413586.0600,3,1.579800,1,2.652900,29.212322,2.799737,120.676844,4.458861,0
2023-06-21,sz.002851,35.7500,36.1800,35.2000,36.1800,32.8900,17609551,635260683.5100,3,4.290200,1,10.003000,32.134442,3.079796,132.748197,4.904882,0
2023-06-26,sz.002851,34.9700,36.3400,34.6100,35.3400,36.1800,18700584,666605074.7400,3,4.556000,1,-2.321700,31.388369,3.008291,129.666149,4.791004,0
2023-06-27,sz.002851,35.6000,36.8800,34.9700,35.3000,35.3400,10023260,357625008.3400,3,2.442000,1,-0.113200,31.352842,3.004887,129.519385,4.785582,0
2023-06-28,sz.002851,35.3600,36.2900,34.0800,35.3500,35.3000,8278443,289237652.8500,3,2.016900,1,0.141600,31.397251,3.009143,129.702840,4.792360,0
2023-06-29,sz.002851,35.2000,36.3800,35.1000,35.8600,35.3500,8462963,302818319.9000,3,2.061800,1,1.442700,31.850224,3.052556,131.574084,4.861500,0
2023-06-30,sz.002851,35.5100,37.1100,35.3100,36.4700,35.8600,8564405,310531148.1600,3,2.075800,1,1.701100,32.530433,3.117748,134.384046,4.965325,0
2023-07-03,sz.002851,36.1000,36.3900,35.2000,35.5400,36.4700,5724651,203676311.6000,3,1.394700,1,-2.550000,31.566005,3.025316,130.399970,4.818118,0
2023-07-04,sz.002851,35.6400,36.1400,35.4800,35.6200,35.5400,3569521,127814242.0100,3,0.865200,1,0.225100,31.772252,3.045083,131.251980,4.849599,0
2023-07-05,sz.002851,35.5400,35.8500,35.1500,35.2600,35.6200,3155322,111610824.5300,3,0.764800,1,-1.010700,31.451140,3.014308,129.925458,4.800586,0
2023-07-06,sz.002851,35.2000,35.7500,34.7800,34.8800,35.2600,3300394,115768322.2800,3,0.799900,1,-1.077700,31.112188,2.981822,128.525241,4.748849,0
2023-07-07,sz.002851,34.7100,35.0200,34.0200,34.2900,34.8800,3343629,114806543.5100,3,0.810400,1,-1.691500,30.585921,2.931384,126.351218,4.668522,0
2023-07-10,sz.002851,34.4200,34.4200,33.1800,33.5200,34.2900,3957596,132694793.9000,3,0.959200,1,-2.245600,29.899098,2.865558,123.513935,4.563688,0
2023-07-11,sz.002851,33.7000,34.1400,33.3200,34.0900,33.5200,3708777,125317667.5200,3,0.898900,1,1.700500,30.407526,2.914287,125.614262,4.641292,0
2023-07-12,sz.002851,34.0900,34.5100,33.5300,33.7000,34.0900,3438305,116918659.1400,3,0.833400,1,-1.144000,30.059654,2.880946,124.177196,4.588194,0
2023-07-13,sz.002851,33.7400,34.0000,33.6000,33.8000,33.7000,3048025,102964653.5100,3,0.738800,1,0.296700,30.148852,2.889495,124.545675,4.601809,0
2023-07-14,sz.002851,33.7500,34.2800,33.3400,33.6700,33.8000,3062934,103288058.1200,3,0.742400,1,-0.384600,30.032895,2.878382,124.066653,4.584110,0
2023-07-17,sz.002851,34.0100,35.2000,33.6200,33.6300,33.6700,5342126,181556699.9400,3,1.294800,1,-0.118800,29.997216,2.874962,123.919262,4.578664,0
2023-07-18,sz.002851,33.8500,33.9200,33.1400,33.4100,33.6300,3470107,115877071.5100,3,0.841100,1,-0.654200,29.800981,2.856155,123.108609,4.548711,0
2023-07-19,sz.002851,33.6800,33.8900,32.8500,33.2500,33.4100,3546404,117482389.4000,3,0.859600,1,-0.478900,29.658264,2.842477,122.519044,4.526928,0
2023-07-20,sz.002851,33.3200,33.8400,33.1500,33.2100,33.2500,3621759,121376254.6100,3,0.877800,1,-0.120300,29.622585,2.839057,122.371653,4.521482,0
2023-07-21,sz.002851,33.1000,33.1600,32.4500,32.6500,33.2100,2505988,82062961.3200,3,0.607400,1,-1.686200,29.123078,2.791184,120.308174,4.445239,0
2023-07-24,sz.002851,32.4200,32.9500,32.3400,32.8100,32.6500,2093448,68572311.6700,3,0.507400,1,0.490000,29.265794,2.804862,120.897739,4.467023,0
2023-07-25,sz.002851,32.9700,33.4400,32.9000,33.1700,32.8100,2521573,83689340.1500,3,0.611200,1,1.097200,29.586906,2.835638,122.224261,4.516036,0
2023-07-26,sz.002851,33.1700,33.5300,32.5000,32.7100,33.1700,1691499,55470881.8800,3,0.410000,1,-1.386800,29.176596,2.796313,120.529261,4.453408,0
2023-07-27,sz.002851,32.7200,33.2900,32.5100,32.5500,32.7100,2095814,68961055.2000,3,0.508000,1,-0.489100,29.033880,2.782635,119.939696,4.431624,0
2023-07-28,sz.002851,32.4800,32.4800,31.9300,32.1600,32.5500,3809299,122455055.8500,3,0.923300,1,-1.198200,28.686008,2.749295,118.502630,4.378526,0
2023-07-31,sz.002851,32.0000,32.7300,32.0000,32.4500,32.1600,4392880,142243848.7400,3,1.064700,1,0.901700,28.944682,2.774086,119.571217,4.418009,0
2023-08-01,sz.002851,32.5100,32.5100,31.6600,32.3200,32.4500,3489985,112560234.3000,3,0.845900,1,-0.400600,28.828725,2.762973,119.092195,4.400310,0
2023-08-02,sz.002851,32.2700,33.0000,32.0700,32.7100,32.3200,2608703,85080467.8600,3,0.632300,1,1.206700,29.176596,2.796313,120.529261,4.453408,0
2023-08-03,sz.002851,32.6800,33.4400,32.6200,33.1100,32.7100,3221439,106418213.5900,3,0.780800,1,1.222900,29.533387,2.830508,122.003174,4.507867,0
2023-08-04,sz.002851,33.1600,33.8800,32.7000,33.6100,33.1100,4869960,162365540.6900,3,1.180400,1,1.510100,29.979376,2.873252,123.845566,4.575941,0
2023-08-07,sz.002851,33.3800,33.4500,32.3600,32.6000,33.6100,4230858,138052833.1300,3,1.025500,1,-3.005100,29.078479,2.786909,120.123935,4.438431,0
2023-08-08,sz.002851,32.5900,32.7900,32.0000,32.2600,32.6000,1898965,61456579.6900,3,0.460300,1,-1.042900,28.775206,2.757843,118.871108,4.392141,0
2023-08-09,sz.002851,32.0900,32.2600,31.8000,31.8800,32.2600,1287605,41156388.9200,3,0.312100,1,-1.177900,28.436255,2.725358,117.470891,4.340405,0
2023-08-10,sz.002851,31.8000,32.4000,31.6900,32.1800,31.8800,1365155,43877249.7500,3,0.330900,1,0.941000,28.703848,2.751004,118.576326,4.381249,0
2023-08-11,sz.002851,32.1400,32.1800,31.2500,31.3200,32.1800,1891880,59793209.4100,3,0.458500,1,-2.672500,27.936747,2.677485,115.407412,4.264162,0
2023-08-14,sz.002851,31.2700,31.2800,30.6000,31.2500,31.3200,2028884,62748885.5800,3,0.491800,1,-0.223500,27.874309,2.671501,115.149477,4.254631,0
2023-08-15,sz.002851,31.2100,31.3500,30.7200,31.0000,31.2500,1317923,40933542.8100,3,0.319400,1,-0.800000,27.651314,2.650129,114.228281,4.220594,0
2023-08-16,sz.002851,30.9600,30.9600,30.3900,30.4100,31.0000,1437300,43991471.6100,3,0.348400,1,-1.903200,27.125047,2.599691,112.054259,4.140267,0
2023-08-17,sz.002851,30.4100,31.9600,30.1300,31.6000,30.4100,2700215,84670616.0800,3,0.654500,1,3.913200,28.186501,2.701421,116.439151,4.302283,0
2023-08-18,sz.002851,31.5800,31.5800,30.9900,31.2200,31.6000,2127500,66474530.0000,3,0.515700,1,-1.202500,27.847549,2.668936,115.038934,4.250547,0
2023-08-21,sz.002851,30.7900,31.4000,30.3200,30.3200,31.2200,3126402,95983471.4600,3,0.757800,1,-2.882800,27.044769,2.591997,111.722629,4.128013,0
2023-08-22,sz.002851,30.7000,30.8800,29.9000,30.6600,30.3200,2402749,72989324.7400,3,0.582400,1,1.121400,27.348042,2.621063,112.975455,4.174304,0
2023-08-23,sz.002851,30.6500,30.8500,29.8700,30.2300,30.6600,2730848,83276485.2900,3,0.661900,1,-1.402500,26.964491,2.584303,111.390998,4.115760,0
2023-08-24,sz.002851,30.4800,30.7700,30.0000,30.5000,30.2300,2336649,71205677.5100,3,0.566300,1,0.893200,27.205325,2.607385,112.385890,4.152520,0
2023-08-25,sz.002851,30.3800,31.2300,30.0000,30.2400,30.5000,1949100,59118054.9100,3,0.472400,1,-0.852500,26.973411,2.585158,111.427846,4.117122,0
2023-08-28,sz.002851,31.6500,31.9900,30.0100,30.0100,30.2400,3399137,104345094.3600,3,0.823900,1,-0.760600,26.768256,2.565495,110.580346,4.085808,0
2023-08-29,sz.002851,29.9900,31.4400,29.8500,31.3100,30.0100,3496524,108536981.4400,3,0.847500,1,4.331900,27.927827,2.676630,115.370564,4.262800,0
2023-08-30,sz.002851,31.4600,32.3800,31.3400,31.9000,31.3100,3311499,105952382.1000,3,0.802600,1,1.884400,24.983604,2.630641,-159.247726,4.053303,0
2023-08-31,sz.002851,31.9500,32.2000,31.6500,31.8200,31.9000,2063825,65775030.3900,3,0.500200,1,-0.250800,24.920949,2.624043,-158.848358,4.043138,0
2023-09-01,sz.002851,31.8800,33.1000,31.8000,31.9600,31.8200,4220064,136695603.9200,3,1.022800,1,0.440000,25.030595,2.635589,-159.547251,4.060927,0
2023-09-04,sz.002851,31.9800,32.3000,31.1500,31.4400,31.9600,4015787,126072449.4300,3,0.973300,1,-1.627000,24.623339,2.592707,-156.951363,3.994854,0
2023-09-05,sz.002851,31.3800,31.8100,31.1800,31.7600,31.4400,3047006,96099864.2800,3,0.738500,1,1.017800,24.873958,2.619095,-158.548833,4.035514,0
2023-09-06,sz.002851,31.6800,31.6800,30.4300,30.7500,31.7600,3598250,110761373.1200,3,0.872100,1,-3.180100,24.082941,2.535806,-153.506820,3.907181,0
2023-09-07,sz.002851,30.7500,30.7500,30.0300,30.1500,30.7500,2033200,61623868.1700,3,0.492800,1,-1.951200,23.613030,2.486326,-150.511565,3.830943,0
2023-09-08,sz.002851,30.1900,30.8800,30.1900,30.7000,30.1500,1532897,46934888.8500,3,0.371500,1,1.824200,24.043782,2.531682,-153.257215,3.900827,0
2023-09-11,sz.002851,30.7400,31.0000,30.2800,30.7100,30.7000,1845185,56468322.0900,3,0.447200,1,0.032600,24.051613,2.532507,-153.307136,3.902098,0
2023-09-12,sz.002851,30.7100,31.1000,30.4100,30.8600,30.7100,2075705,63953188.0400,3,0.503100,1,0.488400,24.169091,2.544877,-154.055950,3.921157,0
2023-09-13,sz.002851,30.5800,30.8200,29.9000,30.3400,30.8600,1920440,58079042.6000,3,0.465500,1,-1.685000,23.761835,2.501995,-151.460062,3.855085,0
2023-09-14,sz.002851,29.8800,30.2200,29.5000,29.6600,30.3400,1867243,55641895.3800,3,0.452600,1,-2.241300,23.229269,2.445918,-148.065440,3.768682,0
2023-09-15,sz.002851,29.8300,30.0800,29.5100,29.8600,29.6600,1893800,56379743.0000,3,0.459000,1,0.674300,23.385906,2.462412,-149.063858,3.794095,0
2023-09-18,sz.002851,29.8100,30.8400,29.6700,30.0200,29.8600,2650910,80213085.3200,3,0.642500,1,0.535800,23.511216,2.475606,-149.862593,3.814425,0
2023-09-19,sz.002851,29.9900,30.0000,29.3200,29.4800,30.0200,2538748,75102710.9400,3,0.615300,1,-1.798800,23.088296,2.431075,-147.166864,3.745811,0
2023-09-20,sz.002851,29.2000,29.6800,29.1700,29.2100,29.4800,2015100,59032007.3900,3,0.488400,1,-0.915900,22.876836,2.408809,-145.818999,3.711504,0
2023-09-21,sz.002851,29.3500,29.3600,28.9000,29.0100,29.2100,1593160,46280102.3000,3,0.386100,1,-0.684700,22.720199,2.392316,-144.820580,3.686091,0
2023-09-22,sz.002851,29.1500,29.9800,28.7500,29.9800,29.0100,2586471,76334036.4100,3,0.626900,1,3.343700,23.479888,2.472307,-149.662909,3.809342,0
2023-09-25,sz.002851,30.1800,30.4700,30.0000,30.1800,29.9800,2423904,73199320.9200,3,0.587500,1,0.667100,23.636525,2.488800,-150.661328,3.834755,0
2023-09-26,sz.002851,30.0400,30.8500,29.9400,30.6000,30.1800,3314132,101197884.0800,3,0.803300,1,1.391700,23.965463,2.523436,-152.758006,3.888121,0
2023-09-27,sz.002851,30.6000,31.1500,30.2300,31.0500,30.6000,2447216,75740049.7200,3,0.593100,1,1.470600,24.317896,2.560545,-155.004448,3.945299,0
2023-09-28,sz.002851,31.0600,31.1500,30.4600,30.7100,31.0500,1808159,55541621.3300,3,0.438300,1,-1.095000,24.051613,2.532507,-153.307136,3.902098,0
2023-10-09,sz.002851,30.6800,31.0000,30.4200,30.9300,30.7100,1949740,60035871.2000,3,0.472600,1,0.716400,24.223914,2.550649,-154.405397,3.930052,0
2023-10-10,sz.002851,30.9300,31.0000,30.4500,30.5500,30.9300,2462663,75406090.5000,3,0.595100,1,-1.228600,23.985385,2.525533,-152.884990,3.891353,0
2023-10-11,sz.002851,30.5200,30.5800,29.8800,30.0000,30.5500,2579935,77686968.4900,3,0.623400,1,-1.800300,23.553569,2.480066,-150.132560,3.821296,0
2023-10-12,sz.002851,30.1200,30.4200,29.7200,30.0200,30.0000,2037288,61117833.8000,3,0.492300,1,0.066700,23.569272,2.481719,-150.232648,3.823844,0
2023-10-13,sz.002851,30.0300,30.2000,29.2800,29.4400,30.0200,2126582,62835402.5100,3,0.513900,1,-1.932000,23.113903,2.433771,-147.330085,3.749965,0
2023-10-16,sz.002851,29.5200,29.7700,28.1500,28.3900,29.4400,3153600,89772792.5000,3,0.762100,1,-3.566600,22.289528,2.346969,-142.075446,3.616220,0
2023-10-17,sz.002851,28.5400,28.5400,27.3100,28.2000,28.3900,4613538,128364906.3800,3,1.114900,1,-0.669200,22.140355,2.331262,-141.124606,3.592018,0
2023-10-18,sz.002851,28.1300,28.6500,27.7300,28.1700,28.2000,2294529,64694449.3700,3,0.554500,1,-0.106400,22.116802,2.328782,-140.974473,3.588197,0
2023-10-19,sz.002851,27.9600,28.3100,27.8100,27.9100,28.1700,2466600,69125843.4700,3,0.596100,1,-0.923000,21.912671,2.307288,-139.673325,3.555079,0
2023-10-20,sz.002851,27.7700,28.2900,27.4600,27.4800,27.9100,2334800,64844361.0000,3,0.564200,1,-1.540700,21.575070,2.271740,-137.521425,3.500307,0
2023-10-23,sz.002851,27.4400,27.6800,26.6600,26.8300,27.4800,2281500,61456835.7500,3,0.551300,1,-2.365400,21.064742,2.218005,-134.268552,3.417513,0
2023-10-24,sz.002851,27.0000,27.5000,26.4900,26.7200,26.8300,2540714,68056259.2200,3,0.614000,1,-0.410000,20.978379,2.208912,-133.718066,3.403501,0
2023-10-25,sz.002851,27.0200,27.4100,26.6300,26.7100,26.7200,2699496,72640646.2800,3,0.652300,1,-0.037400,20.970528,2.208085,-133.668022,3.402227,0
2023-10-26,sz.002851,26.7000,27.4400,26.2700,27.4000,26.7100,3090077,82964110.3400,3,0.746700,1,2.583300,21.512260,2.265127,-137.121071,3.490117,0
2023-10-27,sz.002851,27.3500,28.4600,26.8000,28.1000,27.4000,3228937,89666155.9600,3,0.780300,1,2.554700,22.061843,2.322995,-140.624164,3.579281,0
2023-10-30,sz.002851,28.0700,29.3000,27.9200,28.7700,28.1000,4697218,134190380.5800,3,1.135100,1,2.384300,22.587873,2.378383,-143.977125,3.664623,0
2023-10-31,sz.002851,28.2500,28.2500,25.8900,25.9000,28.7700,14867236,386970736.6300,3,3.592700,1,-9.975700,19.930135,2.037322,96.197380,3.197579,0
2023-11-01,sz.002851,25.7300,25.8400,25.1200,25.7000,25.9000,7051501,179551665.8900,3,1.704000,1,-0.772200,19.776234,2.021590,95.454543,3.172888,0
2023-11-02,sz.002851,25.6700,25.7400,24.8200,24.8600,25.7000,5362654,135247173.1400,3,1.295900,1,-3.268500,19.129851,1.955514,92.334628,3.069182,0
2023-11-03,sz.002851,24.8600,26.4700,24.8200,26.2600,24.8600,8440320,218719187.0600,3,2.039600,1,5.631500,20.207156,2.065640,97.534486,3.242024,0
2023-11-06,sz.002851,26.1400,27.2600,26.1000,27.1200,26.2600,5134529,138278003.8000,3,1.240800,1,3.274900,20.868929,2.133288,100.728685,3.348199,0
2023-11-07,sz.002851,27.0000,27.5000,26.7500,27.3000,27.1200,3559599,96433424.2200,3,0.860200,1,0.663700,21.007439,2.147447,101.397238,3.370421,0
2023-11-08,sz.002851,27.3100,27.4200,26.8100,27.0200,27.3000,2777700,75146047.6200,3,0.671200,1,-1.025600,20.791978,2.125422,100.357266,3.335853,0
2023-11-09,sz.002851,27.0200,27.3500,26.8600,27.1300,27.0200,2237235,60639736.6200,3,0.540600,1,0.407100,20.876624,2.134075,100.765827,3.349434,0
2023-11-10,sz.002851,27.0800,27.1200,26.8100,27.0100,27.1300,1314374,35469654.5400,3,0.317600,1,-0.442300,20.784283,2.124636,100.320125,3.334618,0
2023-11-13,sz.002851,27.1300,27.3500,26.8400,27.0500,27.0100,2482644,67035365.3800,3,0.599900,1,0.148100,20.815063,2.127782,100.468692,3.339557,0
2023-11-14,sz.002851,27.0500,27.2700,26.9300,27.1400,27.0500,1925305,52162440.4500,3,0.465300,1,0.332700,20.884319,2.134861,100.802969,3.350668,0
2023-11-15,sz.002851,27.3000,27.8100,27.2200,27.4400,27.1400,2688185,74002624.8100,3,0.649600,1,1.105400,21.115170,2.158460,101.917224,3.387706,0
2023-11-16,sz.002851,27.5000,27.5100,26.5000,26.5600,27.4400,4906155,131651195.3900,3,1.185600,1,-3.207000,20.438007,2.089238,98.648742,3.279062,0
2023-11-17,sz.002851,26.7200,26.8000,26.3000,26.6800,26.5600,4201532,111500720.0700,3,1.015300,1,0.451800,20.530347,2.098677,99.094444,3.293877,0
2023-11-20,sz.002851,26.6500,26.9500,26.0100,26.5500,26.6800,4463006,117607906.2500,3,1.078500,1,-0.487300,20.430312,2.088451,98.611600,3.277828,0
2023-11-21,sz.002851,26.8000,26.8100,26.2600,26.3400,26.5500,3259964,86381808.8800,3,0.787800,1,-0.791000,20.268716,2.071933,97.831621,3.251901,0
2023-11-22,sz.002851,26.1800,26.3500,25.5000,25.5600,26.3400,4323301,111710008.5700,3,1.044700,1,-2.961300,19.668504,2.010577,94.934557,3.155603,0
2023-11-23,sz.002851,25.4400,26.0300,25.4100,25.9700,25.5600,2170542,55922801.2900,3,0.524500,1,1.604100,19.984000,2.042828,96.457373,3.206221,0
2023-11-24,sz.002851,25.8800,25.9600,25.4400,25.5500,25.9700,1591928,40646157.1200,3,0.384700,1,-1.617300,19.660809,2.009790,94.897415,3.154369,0
2023-11-27,sz.002851,25.5200,25.9700,25.3000,25.7600,25.5500,1824444,46697656.2300,3,0.440900,1,0.821900,19.822404,2.026309,95.677394,3.180295,0
2023-11-28,sz.002851,25.7000,26.6200,25.6200,26.6000,25.7600,3437913,90184126.7300,3,0.830800,1,3.260900,20.468787,2.092385,98.797309,3.284000,0
2023-11-29,sz.002851,26.5500,26.7500,26.1500,26.3200,26.6000,2580580,68068109.7600,3,0.623600,1,-1.052600,20.253326,2.070359,97.757337,3.249432,0
2023-11-30,sz.002851,26.3200,26.3200,25.7000,25.9300,26.3200,1700156,44087863.1000,3,0.410800,1,-1.481800,19.953220,2.039682,96.308805,3.201283,0
2023-12-01,sz.002851,25.9300,25.9400,25.2200,25.4400,25.9300,3104521,78875030.7700,3,0.750200,1,-1.889700,19.576163,2.001138,94.488855,3.140788,0
2023-12-04,sz.002851,25.4800,25.4800,24.9600,25.1800,25.4400,3124688,78444498.7500,3,0.755100,1,-1.022000,19.376092,1.980686,93.523167,3.108689,0
2023-12-05,sz.002851,25.0800,25.1000,24.5100,24.5300,25.1800,3194413,79166785.5200,3,0.771900,1,-2.581400,18.875915,1.929556,91.108947,3.028441,0
2023-12-06,sz.002851,24.4500,24.8400,24.4300,24.4800,24.5300,1861957,45825640.9400,3,0.449900,1,-0.203800,18.837440,1.925623,90.923238,3.022268,0
2023-12-07,sz.002851,24.3300,24.6000,24.1300,24.4100,24.4800,2283114,55587180.9600,3,0.551700,1,-0.285900,18.783575,1.920117,90.663245,3.013626,0
2023-12-08,sz.002851,24.3500,24.6300,24.2100,24.3600,24.4100,3180688,77625627.9200,3,0.768600,1,-0.204800,18.749327,1.916616,90.497941,3.008131,0
2023-12-11,sz.002851,24.3000,24.9300,23.8000,24.9000,24.3600,4176801,102268201.2800,3,1.009100,1,2.216700,,,,,0
2023-12-12,sz.002851,24.8200,24.8400,24.4300,24.7200,24.9000,2968226,73162777.2200,3,0.717100,1,-0.722900,19.026411,1.944940,91.835349,3.052586,0
2023-12-13,sz.002851,24.6500,24.8600,24.4100,24.4800,24.7200,1487567,36577778.9000,3,0.359400,1,-0.970900,18.841688,1.926057,90.943744,3.022950,0
2023-12-14,sz.002851,24.5500,24.7700,24.2500,24.2700,24.4800,1409553,34489795.8800,3,0.340500,1,-0.857800,18.680056,1.909535,90.163589,2.997018,0
2023-12-15,sz.002851,24.2600,24.6700,23.9800,24.0400,24.2700,1791092,43293074.7200,3,0.432700,1,-0.947700,18.503031,1.891439,89.309134,2.968616,0
2023-12-18,sz.002851,23.8300,24.0000,22.7000,22.9300,24.0400,6034552,140134626.4000,3,1.457900,1,-4.617300,17.648689,1.804105,85.185459,2.831546,0
2023-12-19,sz.002851,23.1000,23.2900,22.8600,23.0100,22.9300,2599451,59816578.5300,3,0.628000,1,0.348900,17.710264,1.810399,85.482661,2.841425,0
2023-12-20,sz.002851,23.0300,23.1900,22.4500,22.5000,23.0100,3344260,75828712.1300,3,0.807900,1,-2.216400,17.317728,1.770273,83.588000,2.778446,0
2023-12-21,sz.002851,22.5100,22.8200,22.3000,22.7000,22.5000,3147393,71101073.3000,3,0.760400,1,0.888900,17.471664,1.786009,84.331004,2.803144,0
2023-12-22,sz.002851,22.7700,22.9900,21.6100,22.6500,22.7000,4631700,104733509.7300,3,1.119000,1,-0.220300,17.433180,1.782075,84.145253,2.796969,0
2023-12-25,sz.002851,22.6300,23.0800,22.4900,22.6600,22.6500,3112093,70740709.5200,3,0.751800,1,0.044200,17.440877,1.782862,84.182403,2.798204,0
2023-12-26,sz.002851,22.6600,22.7300,21.9300,22.0700,22.6600,3458313,76554841.0400,3,0.835500,1,-2.603700,16.986767,1.736441,81.990540,2.725347,0
2023-12-27,sz.002851,22.2100,22.6300,22.0300,22.6100,22.0700,4477826,100173890.6300,3,1.081800,1,2.446800,17.402393,1.778928,83.996652,2.792030,0
2023-12-28,sz.002851,22.6100,24.2800,22.4300,23.9500,22.6100,5251488,124180519.1600,3,1.268700,1,5.926600,18.433760,1.884358,88.974782,2.957502,0
2023-12-29,sz.002851,23.9200,24.7600,23.9000,24.6000,23.9500,4318662,105648625.5800,3,1.043300,1,2.714000,18.934050,1.935499,91.389546,3.037768,0
2024-01-02,sz.002851,24.7000,24.7000,23.9200,24.1600,24.6000,3485096,84615117.4000,3,0.842000,1,-1.788600,18.595392,1.900880,89.754936,2.983434,0
2024-01-03,sz.002851,24.3200,24.5000,23.7700,23.9800,24.1600,2364608,56802096.4700,3,0.571300,1,-0.745000,18.458996,1.886937,89.096592,2.961551,0
2024-01-04,sz.002851,23.8700,24.2500,23.7500,24.0800,23.9800,2995762,72064207.4900,3,0.723600,1,0.417000,18.535973,1.894806,89.468138,2.973901,0
2024-01-05,sz.002851,24.5000,24.5000,23.8300,23.9600,24.0800,3613904,87486390.1500,3,0.872900,1,-0.498300,18.443601,1.885364,89.022283,2.959081,0
2024-01-08,sz.002851,23.8000,23.8800,23.2800,23.3500,23.9600,2486616,58415837.6000,3,0.600600,1,-2.545900,17.974044,1.837364,86.755856,2.883745,0
2024-01-09,sz.002851,23.2700,23.8300,23.1900,23.3900,23.3500,1739200,40814447.0000,3,0.420100,1,0.171300,18.004834,1.840511,86.904474,2.888685,0
2024-01-10,sz.002851,23.2800,23.9000,22.9600,23.1500,23.3900,1762800,41205860.6200,3,0.425800,1,-1.026100,17.820090,1.821626,86.012765,2.859045,0
2024-01-11,sz.002851,23.0400,23.7300,23.0000,23.5000,23.1500,1946349,45483159.4100,3,0.470100,1,1.511900,18.089509,1.849167,87.313174,2.902270,0
2024-01-12,sz.002851,23.5800,23.8500,23.2500,23.2500,23.5000,1815639,42728705.3800,3,0.438600,1,-1.063800,17.897067,1.829495,86.384311,2.871395,0
2024-01-15,sz.002851,23.1100,23.3000,22.8300,23.1200,23.2500,2071000,47856669.0000,3,0.500300,1,-0.559100,17.796997,1.819266,85.901302,2.855340,0
2024-01-16,sz.002851,22.9000,23.3400,22.8000,23.0600,23.1200,2117156,48710003.4400,3,0.511400,1,-0.259500,17.750811,1.814544,85.678374,2.847930,0
2024-01-17,sz.002851,23.0200,23.1100,22.3300,22.3400,23.0600,1861048,42139608.3200,3,0.449500,1,-3.122300,17.196580,1.757889,83.003247,2.759009,0
2024-01-18,sz.002851,22.3800,22.4500,21.5800,22.2100,22.3400,3220061,70997828.8100,3,0.777800,1,-0.581900,17.096510,1.747660,82.520238,2.742954,0
2024-01-19,sz.002851,22.3200,22.5000,21.9600,22.0200,22.2100,2255407,49964737.0200,3,0.544800,1,-0.855500,16.950254,1.732709,81.814302,2.719489,0
2024-01-22,sz.002851,22.0000,22.0100,20.5000,20.6200,22.0200,3407027,72241419.9800,3,0.823000,1,-6.357900,15.872582,1.622546,76.612666,2.546588,0
2024-01-23,sz.002851,20.6800,21.4900,20.3500,21.3000,20.6200,3466037,73012879.9900,3,0.837200,1,3.297800,16.396023,1.676054,79.139175,2.630568,0
2024-01-24,sz.002851,21.5000,21.5000,20.4200,21.2700,21.3000,2971125,62144857.0000,3,0.717700,1,-0.140800,16.372930,1.673693,79.027711,2.626863,0
2024-01-25,sz.002851,21.3300,21.7800,20.6900,21.6800,21.2700,2491439,53316769.3900,3,0.601800,1,1.927600,16.688534,1.705955,80.551047,2.677499,0
2024-01-26,sz.002851,21.6700,21.7800,20.5800,20.6200,21.6800,3470510,73071940.0000,3,0.838300,1,-4.889300,15.872582,1.622546,76.612666,2.546588,0
2024-01-29,sz.002851,20.9500,21.3900,20.7500,20.7800,20.6200,4484937,94138990.2300,3,1.083300,1,0.775900,15.995744,1.635136,77.207139,2.566348,0
2024-01-30,sz.002851,20.6000,21.2900,20.2200,20.2500,20.7800,3916425,81094817.2300,3,0.946000,1,-2.550500,15.587768,1.593431,75.237948,2.500893,0
2024-01-31,sz.002851,20.1400,20.4600,19.3600,19.4900,20.2500,4064300,80226169.5400,3,0.981700,1,-3.753100,15.002746,1.533628,72.414203,2.407032,0
2024-02-01,sz.002851,19.5000,20.6200,19.0800,19.8600,19.4900,4996553,99358561.7800,3,1.206900,1,1.898400,15.287559,1.562743,73.788921,2.452727,0
2024-02-02,sz.002851,19.8600,20.3700,18.6600,19.3900,19.8600,3998002,78598638.6200,3,0.965700,1,-2.366600,14.925769,1.525760,72.042657,2.394682,0
2024-02-05,sz.002851,19.3000,19.9800,18.0000,18.9200,19.3900,7059598,133322790.6000,3,1.705300,1,-2.423900,14.563979,1.488776,70.296394,2.336636,0
2024-02-06,sz.002851,18.9000,20.8100,18.6600,20.8100,18.9200,6538954,131975350.5600,3,1.579500,1,9.989400,16.018837,1.637496,77.318602,2.570053,0
2024-02-07,sz.002851,21.2000,22.5900,21.1400,22.4500,20.8100,8276659,183413044.2300,3,1.999200,1,7.880800,17.281254,1.766545,83.411947,2.772594,0
2024-02-08,sz.002851,22.9500,24.3700,22.6700,23.2000,22.4500,8161526,192799657.3900,3,1.971400,1,3.340800,17.858579,1.825561,86.198538,2.865220,0
2024-02-19,sz.002851,23.2300,23.9600,22.8500,23.0700,23.2000,6154462,143027576.3600,3,1.486600,1,-0.560300,17.758509,1.815331,85.715529,2.849165,0
2024-02-20,sz.002851,23.0000,23.4700,22.6500,23.4300,23.0700,3377357,77871114.2200,3,0.815800,1,1.560500,18.035625,1.843659,87.053092,2.893625,0
2024-02-21,sz.002851,23.2200,24.0000,22.8600,23.1800,23.4300,3592196,84492672.1400,3,0.867700,1,-1.067000,17.843183,1.823987,86.124229,2.862750,0
2024-02-22,sz.002851,23.4000,23.4600,23.0000,23.4000,23.1800,2602504,60559985.7400,3,0.628600,1,0.949100,18.012532,1.841298,86.941629,2.889920,0
2024-02-23,sz.002851,23.4500,23.5900,22.9000,23.2000,23.4000,2943232,68001931.1800,3,0.710900,1,-0.854700,17.858579,1.825561,86.198538,2.865220,0
2024-02-26,sz.002851,23.3500,24.3500,23.3500,24.1900,23.2000,5310556,127239604.9000,3,1.282800,1,4.267200,18.620647,1.903462,89.876838,2.987486,0
2024-02-27,sz.002851,24.0200,24.3200,23.6200,24.3200,24.1900,4019733,96364996.4400,3,0.971000,1,0.537400,18.720717,1.913691,90.359847,3.003541,0
2024-02-28,sz.002851,24.4600,24.6300,23.1000,23.1000,24.3200,4636985,110702594.3400,3,1.120100,1,-5.016400,17.781602,1.817692,85.826992,2.852870,0
2024-02-29,sz.002851,23.0000,23.8900,22.9300,23.8100,23.1000,3540902,83241463.8200,3,0.855300,1,3.073600,18.328136,1.873560,88.464965,2.940556,0
2024-03-01,sz.002851,23.7700,24.2000,23.6400,24.1300,23.8100,3486071,83686723.2300,3,0.842100,1,1.344000,18.574461,1.898741,89.653910,2.980076,0
2024-03-04,sz.002851,24.2000,24.7000,23.7400,24.5700,24.1300,3955120,95977338.0300,3,0.955400,1,1.823500,18.913158,1.933363,91.288710,3.034416,0
2024-03-05,sz.002851,24.6600,24.7500,23.9100,24.4200,24.5700,4670274,113527529.7700,3,1.128100,1,-0.610500,18.797694,1.921560,90.731392,3.015891,0
2024-03-06,sz.002851,24.1000,24.9000,24.1000,24.4400,24.4200,5960413,146253442.2000,3,1.439800,1,0.081900,18.813089,1.923134,90.805701,3.018361,0
2024-03-07,sz.002851,24.5000,25.1800,24.4600,24.8300,24.4400,6439230,159827610.4900,3,1.555400,1,1.595700,19.113298,1.953822,92.254728,3.066527,0
2024-03-08,sz.002851,24.8200,25.7000,24.6600,25.7000,24.8300,6003935,151240648.3900,3,1.450300,1,3.503800,19.782994,2.022281,95.487173,3.173972,0
2024-03-11,sz.002851,25.5500,25.8000,25.2000,25.7900,25.7000,5373129,136541263.5300,3,1.297900,1,0.350200,19.852273,2.029363,95.821564,3.185087,0
2024-03-12,sz.002851,25.7000,25.7600,25.2600,25.3200,25.7900,3830679,97438019.4500,3,0.925300,1,-1.822400,19.490483,1.992379,94.075301,3.127042,0
2024-03-13,sz.002851,25.2600,25.5600,25.1300,25.2300,25.3200,3826500,96719959.3800,3,0.924300,1,-0.355500,19.421204,1.985297,93.740910,3.115927,0
2024-03-14,sz.002851,25.2200,25.2700,24.8000,24.9900,25.2300,2973100,74395975.0000,3,0.718200,1,-0.951200,19.236460,1.966412,92.849201,3.086287,0
2024-03-15,sz.002851,24.9900,25.2700,24.8900,25.2600,24.9900,2104804,52768978.7000,3,0.508400,1,1.080400,19.444297,1.987658,93.852374,3.119632,0
2024-03-18,sz.002851,25.3500,26.4800,25.2600,26.2800,25.2600,6774400,176199041.0000,3,1.636400,1,4.038000,20.229459,2.067920,97.642137,3.245603,0
2024-03-19,sz.002851,26.2200,26.3500,25.8000,25.8300,26.2800,2805816,72991072.6400,3,0.677800,1,-1.712300,19.883064,2.032510,95.970183,3.190027,0
2024-03-20,sz.002851,26.0100,26.3400,25.8100,26.1900,25.8300,3657100,95543530.0800,3,0.883400,1,1.393700,20.160180,2.060838,97.307746,3.234488,0
2024-03-21,sz.002851,26.1900,26.2500,25.8100,25.9700,26.1900,2173323,56559996.1000,3,0.525000,1,-0.840000,19.990831,2.043526,96.490346,3.207318,0
2024-03-22,sz.002851,25.9800,26.0500,25.4200,25.5200,25.9700,2759475,70620665.8100,3,0.666600,1,-1.732800,19.644436,2.008117,94.818392,3.151742,0
2024-03-25,sz.002851,25.3000,25.8300,25.0300,25.0800,25.5200,2622474,66589307.6100,3,0.633500,1,-1.724100,19.305739,1.973494,93.183592,3.097402,0
2024-03-26,sz.002851,25.1000,25.2200,24.5800,24.9200,25.0800,3121108,77787737.0800,3,0.753900,1,-0.638000,19.182577,1.960904,92.589119,3.077642,0
2024-03-27,sz.002851,24.7100,24.9100,23.8800,23.9000,24.9200,2518890,61097631.0000,3,0.608400,1,-4.093100,18.397415,1.880642,88.799356,2.951671,0
2024-03-28,sz.002851,24.0000,24.2700,23.8100,23.9500,23.9000,4187800,100614976.0000,3,1.011600,1,0.209200,18.435903,1.884577,88.985129,2.957846,0
2024-03-29,sz.002851,23.9700,24.1500,23.6600,24.0800,23.9500,2587749,61846505.2800,3,0.625100,1,0.542800,18.535973,1.894806,89.468138,2.973901,0
2024-04-01,sz.002851,24.1200,24.7800,24.1200,24.4300,24.0800,3952137,96959794.0200,3,0.954600,1,1.453500,18.805391,1.922347,90.768547,3.017126,0
2024-04-02,sz.002851,24.4500,24.4900,23.7100,24.0600,24.4300,3608676,86675570.5500,3,0.873500,1,-1.514500,18.526072,1.893794,89.420348,2.972312,0
2024-04-03,sz.002851,24.0700,24.0800,23.0000,23.1400,24.0600,4824500,112064652.0000,3,1.167800,1,-3.823800,17.817677,1.821380,86.001116,2.858658,0
2024-04-08,sz.002851,23.1400,23.1500,22.2000,22.2500,23.1400,4232721,95533599.0600,3,1.024500,1,-3.846200,17.132382,1.751327,82.693381,2.748709,0
2024-04-09,sz.002851,22.2600,22.6300,22.1100,22.6000,22.2500,2815912,63117368.8800,3,0.681600,1,1.573000,17.401880,1.778876,83.994176,2.791948,0
2024-04-10,sz.002851,22.7700,22.8300,21.5100,21.7900,22.6000,6503724,142209395.5400,3,1.574200,1,-3.584100,16.778184,1.715119,80.983765,2.691882,0
2024-04-11,sz.002851,21.8000,22.0800,21.4500,21.7600,21.7900,3937490,86007969.4400,3,0.953100,1,-0.137700,16.755084,1.712758,80.872268,2.688176,0
2024-04-12,sz.002851,21.7300,22.0000,21.5000,21.6000,21.7600,2952469,64202958.2300,3,0.714700,1,-0.735300,16.631885,1.700164,80.277619,2.668410,0
2024-04-15,sz.002851,21.6200,22.0900,21.1700,21.4600,21.6000,4796100,103525617.0000,3,1.160900,1,-0.648100,16.524086,1.689145,79.757301,2.651115,0
2024-04-16,sz.002851,21.3800,21.6500,20.7700,20.8300,21.4600,5213811,109962282.4300,3,1.262000,1,-2.935700,16.038989,1.639556,77.415871,2.573286,0
2024-04-17,sz.002851,21.0000,21.5900,21.0000,21.3500,20.8300,5965798,127064023.9600,3,1.444000,1,2.496400,16.439386,1.680486,79.348480,2.637526,0
2024-04-18,sz.002851,21.3600,21.4800,20.8400,21.2300,21.3500,6022899,127949422.8600,3,1.457900,1,-0.562100,16.346987,1.671041,78.902493,2.622701,0
2024-04-19,sz.002851,21.1000,21.1400,20.4400,20.6600,21.2300,5772882,119516885.2400,3,1.397300,1,-2.684900,15.908090,1.626176,76.784056,2.552285,0
2024-04-22,sz.002851,20.7200,20.9300,20.2100,20.2800,20.6600,4825400,98815214.0000,3,1.168000,1,-1.839300,15.615492,1.596265,75.371765,2.505341,0
2024-04-23,sz.002851,20.4600,20.5700,20.1000,20.2800,20.2800,4719268,95589085.5800,3,1.142300,1,0.000000,15.615492,1.596265,75.371765,2.505341,0
2024-04-24,sz.002851,20.3000,20.7200,20.0600,20.7200,20.2800,4414088,90141289.0500,3,1.068400,1,2.169600,15.954290,1.630898,77.007049,2.559697,0
2024-04-25,sz.002851,20.5300,20.7400,20.3500,20.4900,20.7200,4300585,88205507.6000,3,1.041000,1,-1.110000,15.777191,1.612795,76.152241,2.531283,0
2024-04-26,sz.002851,20.5000,21.0600,20.4100,21.0400,20.4900,5872074,122098758.3700,3,1.421400,1,2.684200,16.200688,1.656086,78.196348,2.599229,0
2024-04-29,sz.002851,21.2800,22.1400,21.0200,21.7900,21.0400,11486028,248763162.0700,3,2.780200,1,3.564600,16.778184,1.715119,80.983765,2.691882,0
2024-04-30,sz.002851,21.8500,22.5200,21.6700,21.8100,21.7900,9486259,208453276.9300,3,2.296200,1,0.091800,18.014659,1.556291,15.524944,2.503235,0
2024-05-06,sz.002851,22.3000,22.7200,22.1300,22.1600,21.8100,8089559,181203082.5700,3,1.958100,1,1.604800,18.303752,1.581266,15.774084,2.543407,0
2024-05-07,sz.002851,22.1600,22.4100,21.9700,22.2700,22.1600,4594900,101867407.0000,3,1.112200,1,0.496400,18.394610,1.589115,15.852385,2.556032,0
2024-05-08,sz.002851,22.2700,22.2700,21.5800,21.6100,22.2700,4843600,105969802.0500,3,1.172400,1,-2.963600,17.849463,1.542019,15.382579,2.480280,0
2024-05-09,sz.002851,21.6000,22.0800,21.5200,21.9400,21.6100,4938400,108239991.7500,3,1.195400,1,1.527100,18.122036,1.565567,15.617482,2.518156,0
2024-05-10,sz.002851,21.9500,23.9900,21.4200,23.2000,21.9400,13867408,313968277.6600,3,3.356600,1,5.742900,19.162773,1.655477,16.514384,2.662772,0
2024-05-13,sz.002851,24.7600,25.5200,24.3600,25.5200,23.2000,14571287,366285497.3000,3,3.527000,1,10.000000,21.079051,1.821024,18.165822,2.929049,0
2024-05-14,sz.002851,26.0200,26.8600,25.3000,25.7600,25.5200,32568031,847564656.0500,3,7.883200,1,0.940400,21.277286,1.838150,18.336661,2.956595,0
2024-05-15,sz.002851,26.2200,27.5400,26.0800,27.1000,25.7600,28346112,759591087.1700,3,6.861300,1,5.201900,22.384102,1.933768,19.290509,3.110393,0
2024-05-16,sz.002851,28.8000,29.4000,27.7500,28.4000,27.1000,30970616,882792293.1300,3,7.496500,1,4.797000,23.457878,2.026532,20.215884,3.259600,0
2024-05-17,sz.002851,27.6000,28.6000,27.3500,27.9500,28.4000,28796987,799952197.2000,3,6.970400,1,-1.584500,23.086186,1.994421,19.895562,3.207952,0
2024-05-20,sz.002851,27.9700,27.9700,25.7200,26.1400,27.9500,29976235,789567651.9000,3,7.255800,1,-6.475800,21.591159,1.865265,18.607155,3.000210,0
2024-05-21,sz.002851,26.2000,26.9900,25.8800,26.6000,26.1400,20651906,545658696.2800,3,4.998900,1,1.759800,21.971111,1.898090,18.934595,3.053006,0
2024-05-22,sz.002851,26.1900,29.2600,25.7200,29.2600,26.6000,28401837,790021838.2300,3,6.874700,1,10.000000,24.168222,2.087899,20.828055,3.358307,0
2024-05-23,sz.002851,31.0100,31.9600,29.6400,31.1500,29.2600,62818452,1927095191.7500,3,15.205400,1,6.459300,25.729327,2.222763,22.173408,3.575231,0
2024-05-24,sz.002851,30.5000,30.5000,28.4200,28.4800,31.1500,37285709,1094063985.3400,3,9.025100,1,-8.571400,23.523956,2.032240,20.272830,3.268782,0
2024-05-27,sz.002851,29.8000,30.6300,29.1100,30.1700,28.4800,39151420,1169301598.1300,3,9.476700,1,5.934000,24.919865,2.152833,21.475817,3.462752,0
2024-05-28,sz.002851,32.1000,33.1900,30.0500,30.8000,30.1700,59678156,1902040427.4900,3,14.445300,1,2.088200,25.440233,2.197788,21.924268,3.535060,0
2024-05-29,sz.002851,29.9400,31.1000,28.8800,29.2200,30.8000,46978155,1394747648.9700,3,11.371200,1,-5.129900,24.135183,2.085044,20.799582,3.353716,0
2024-05-30,sz.002851,28.9100,29.2300,27.5700,27.5700,29.2200,33871533,949618033.2100,3,8.198700,1,-5.646800,22.772313,1.967306,19.625067,3.164337,0
2024-05-31,sz.002851,27.4200,28.4400,27.1100,27.4700,27.5700,22296884,620363596.9000,3,5.397000,1,-0.362700,22.689715,1.960170,19.553885,3.152860,0
2024-06-03,sz.002851,27.5500,28.3500,27.2000,27.9500,27.4700,20714776,578617704.8400,3,5.014100,1,1.747400,23.086186,1.994421,19.895562,3.207952,0
2024-06-04,sz.002851,28.3500,29.7700,28.1800,29.4100,27.9500,29250144,848225338.5100,3,7.080100,1,5.223600,24.292119,2.098602,20.934829,3.375523,0
2024-06-05,sz.002851,28.9800,29.6900,28.4600,28.5000,29.4100,21326550,619370014.5000,3,5.162200,1,-3.094200,23.540476,2.033667,20.287066,3.271078,0
2024-06-06,sz.002851,29.0700,30.2500,28.6000,28.8000,28.5000,27921804,821313991.5200,3,6.758600,1,1.052600,23.788270,2.055074,20.500614,3.305510,0
2024-06-07,sz.002851,28.7700,28.8500,27.6000,27.9800,28.8000,19418553,546151275.5100,3,4.700300,1,-2.847200,23.110965,1.996562,19.916916,3.211395,0
2024-06-11,sz.002851,27.6800,28.1600,27.5000,27.9800,27.9800,12450696,346952434.7600,3,3.013700,1,0.000000,23.110965,1.996562,19.916916,3.211395,0
2024-06-12,sz.002851,27.8400,28.2200,27.0800,27.8000,27.9800,17452449,482544778.1200,3,4.217300,1,-0.643300,22.994313,1.986484,19.816386,3.195186,0
2024-06-13,sz.002851,27.6200,29.2900,27.6200,28.4200,27.8000,20307868,579303367.0800,3,4.907300,1,2.230200,23.507136,2.030787,20.258334,3.266445,0
2024-06-14,sz.002851,28.0200,28.4500,27.4800,27.8100,28.4200,18819580,524747915.0800,3,4.547600,1,-2.146400,23.002585,1.987199,19.823514,3.196335,0
2024-06-17,sz.002851,27.2500,28.7400,27.2500,28.4200,27.8100,16378300,460893043.8500,3,3.957700,1,2.193500,23.507136,2.030787,20.258334,3.266445,0
2024-06-18,sz.002851,28.6000,29.2000,28.3100,28.8100,28.4200,14862468,426873285.0100,3,3.591400,1,1.372300,23.829718,2.058655,20.536334,3.311270,0
2024-06-19,sz.002851,29.1700,29.5500,26.3000,27.2200,28.8100,27896918,766444715.0300,3,6.741100,1,-5.518900,22.514576,1.945040,19.402951,3.128523,0
2024-06-20,sz.002851,27.0400,27.2200,26.6600,26.8000,27.2200,13341344,358798818.9600,3,3.223900,1,-1.543000,22.167180,1.915028,19.103566,3.080251,0
2024-06-21,sz.002851,26.4000,26.7900,26.2000,26.4200,26.8000,8234324,217934011.0500,3,1.989800,1,-1.417900,21.852999,1.887886,18.832808,3.036594,0
2024-06-24,sz.002851,26.3400,26.6300,25.4600,25.4900,26.4200,9308961,241765441.0600,3,2.249400,1,-3.520100,21.083761,1.821431,18.169881,2.929704,0
2024-06-25,sz.002851,25.5500,25.6900,24.9200,25.3100,25.4900,8528811,215319995.7500,3,2.060900,1,-0.706200,20.934876,1.808569,18.041573,2.909016,0
2024-06-26,sz.002851,25.4100,25.7300,24.9500,25.6700,25.3100,7971724,201966774.0400,3,1.926300,1,1.422400,21.232646,1.834293,18.298190,2.950392,0
2024-06-27,sz.002851,25.6600,25.6600,24.7800,24.9100,25.6700,8258061,207974256.3800,3,1.995500,1,-2.960700,20.604020,1.779986,17.756443,2.863041,0
2024-06-28,sz.002851,25.0000,26.2700,24.8200,25.8400,24.9100,10847890,280357185.1500,3,2.621300,1,3.733400,21.373259,1.846441,18.419370,2.969931,0
2024-07-01,sz.002851,25.8800,26.0000,25.0700,25.2400,25.8400,7456498,188558681.8200,3,1.801800,1,-2.322000,20.876976,1.803567,17.991675,2.900970,0
2024-07-02,sz.002851,25.2300,25.3300,24.4800,24.5900,25.2400,9414800,234093522.5000,3,2.269400,1,-2.575300,20.380509,1.760677,17.563823,2.831983,0
2024-07-03,sz.002851,24.4700,24.6000,23.9100,24.0800,24.5900,7529998,181743084.0700,3,1.815100,1,-2.074000,19.957815,1.724160,17.199547,2.773248,0
2024-07-04,sz.002851,24.0900,24.4000,23.9500,23.9800,24.0800,5579444,134727206.6000,3,1.344900,1,-0.415300,19.874933,1.717000,17.128120,2.761731,0
2024-07-05,sz.002851,24.0200,24.0900,23.3100,23.7800,23.9800,8270125,195454957.0000,3,1.993500,1,-0.834000,19.709171,1.702680,16.985266,2.738697,0
2024-07-08,sz.002851,23.6200,25.1200,23.4200,24.6500,23.7800,14752653,360415296.4000,3,3.556100,1,3.658500,20.430238,1.764973,17.606679,2.838893,0
2024-07-09,sz.002851,24.4200,25.8600,24.3100,25.5900,24.6500,12152030,306449322.9300,3,2.929300,1,3.813400,21.209322,1.832278,18.278090,2.947151,0
2024-07-10,sz.002851,25.5000,25.9000,24.6100,24.7200,25.5900,10422356,263519428.2000,3,2.511200,1,-3.399800,20.495888,1.770645,17.663256,2.848016,0
2024-07-11,sz.002851,25.1900,25.5900,24.7700,25.3100,24.7200,11203143,282505264.9500,3,2.699300,1,2.386700,20.985070,1.812905,18.084830,2.915990,0
2024-07-12,sz.002851,24.8000,24.9700,24.0000,24.2700,25.3100,12022087,292708369.7700,3,2.896600,1,-4.109000,20.122784,1.738412,17.341716,2.796171,0
2024-07-15,sz.002851,24.3200,24.3700,23.8100,24.0600,24.2700,6305463,151633657.6300,3,1.519200,1,-0.865300,19.948668,1.723370,17.191664,2.771977,0
2024-07-16,sz.002851,23.8400,24.9800,23.7200,24.9700,23.8400,11630520,284134341.7100,3,2.802300,1,4.739900,20.703169,1.788552,17.841889,2.876819,0
2024-07-17,sz.002851,24.8000,24.8000,23.8300,23.8300,24.9700,9433212,227505682.5800,3,2.272900,1,-4.565500,19.757970,1.706896,17.027322,2.745478,0
2024-07-18,sz.002851,23.4900,24.8700,23.4100,24.5100,23.8300,11428678,277286760.3800,3,2.753600,1,2.853500,20.321773,1.755603,17.513204,2.823822,0
2024-07-19,sz.002851,24.2800,24.9000,24.2600,24.5100,24.5100,6858425,168697446.1000,3,1.652500,1,0.000000,20.321773,1.755603,17.513204,2.823822,0
2024-07-22,sz.002851,24.4200,26.9600,24.4100,26.6200,24.5100,19847391,512031324.4900,3,4.782100,1,8.608700,22.071220,1.906738,19.020869,3.066917,0
2024-07-23,sz.002851,27.0300,27.3800,24.9100,25.0200,26.6200,26403032,682583489.1500,3,6.361600,1,-6.010500,20.744625,1.792133,17.877616,2.882579,0
2024-07-24,sz.002851,24.6500,26.8800,24.4600,25.4200,25.0200,24798127,640658502.9800,3,5.974900,1,1.598700,21.076274,1.820784,18.163429,2.928664,0
2024-07-25,sz.002851,24.9300,25.1500,23.8500,24.1800,25.4200,15284058,372635071.6300,3,3.682600,1,-4.878000,20.048163,1.731966,17.277408,2.785802,0
2024-07-26,sz.002851,24.3200,25.9400,24.2000,25.1800,24.1800,13588215,342321365.7100,3,3.274000,1,4.135600,20.877284,1.803594,17.991941,2.901013,0
2024-07-29,sz.002851,25.1800,26.1000,24.8100,25.8400,25.1800,12175852,310365125.8200,3,2.933700,1,2.621100,21.424505,1.850868,18.463533,2.977052,0
2024-07-30,sz.002851,25.7700,27.1500,24.6800,26.5600,25.8400,20350460,530768553.9700,3,4.903300,1,2.786400,22.021472,1.902440,18.977997,3.060004,0
2024-07-31,sz.002851,26.4000,26.9600,25.9000,26.7100,26.5600,14929968,395229243.4600,3,3.597300,1,0.564800,22.145841,1.913185,19.085177,3.077286,0
2024-08-01,sz.002851,27.3000,27.5900,26.3900,26.5000,26.7100,11128550,298784343.1100,3,2.681300,1,-0.786200,21.971725,1.898143,18.935125,3.053091,0
2024-08-02,sz.002851,25.9000,26.3900,25.4000,25.5000,26.5000,12002525,309498549.7600,3,2.891900,1,-3.773600,21.142603,1.826515,18.220592,2.937880,0
2024-08-05,sz.002851,25.0000,25.3000,23.8500,23.8700,25.5000,12289072,301596004.4700,3,2.960900,1,-6.392200,19.791135,1.709761,17.055903,2.750086,0
2024-08-06,sz.002851,24.4000,24.9400,23.3500,23.7300,23.8700,12098749,289559351.4600,3,2.915100,1,-0.586500,19.675058,1.699733,16.955868,2.733957,0
2024-08-07,sz.002851,23.7000,24.1800,23.3400,23.4400,23.7300,8145954,192874594.7600,3,1.962700,1,-1.222100,19.434613,1.678961,16.748654,2.700546,0
2024-08-08,sz.002851,23.4000,23.4200,22.5800,22.9300,23.4400,8340361,191107795.2700,3,2.009500,1,-2.175800,19.011761,1.642431,16.384242,2.641788,0
2024-08-09,sz.002851,23.2900,23.9700,23.0800,23.1600,22.9300,8084208,190054006.7100,3,1.947800,1,1.003100,19.202459,1.658905,16.548584,2.668287,0
2024-08-12,sz.002851,23.2100,23.8100,22.8800,23.1200,23.1600,5800841,134977570.2900,3,1.397700,1,-0.172700,19.169294,1.656040,16.520003,2.663678,0
2024-08-13,sz.002851,23.0200,23.7700,22.9800,23.6200,23.1200,7465581,175567026.6700,3,1.798800,1,2.162600,19.583855,1.691854,16.877270,2.721284,0
2024-08-14,sz.002851,24.2500,24.3300,23.6300,23.6700,23.6200,7854800,188161077.0000,3,1.892500,1,0.211700,19.625311,1.695435,16.912996,2.727044,0
2024-08-15,sz.002851,23.7000,24.2200,23.4100,23.8300,23.6700,5940571,141527747.1900,3,1.431300,1,0.676000,19.757970,1.706896,17.027322,2.745478,0
2024-08-16,sz.002851,24.0300,24.2800,23.6200,23.6200,23.8300,5705300,136722993.6200,3,1.374600,1,-0.881200,19.583855,1.691854,16.877270,2.721284,0
2024-08-19,sz.002851,23.4000,23.7000,23.2900,23.3300,23.6200,5512119,129310157.5800,3,1.328100,1,-1.227800,19.343409,1.671082,16.670055,2.687873,0
2024-08-20,sz.002851,23.3000,23.4300,22.3700,22.4300,23.3300,10697351,242707902.9400,3,2.577400,1,-3.857700,18.597200,1.606617,16.026975,2.584183,0
2024-08-21,sz.002851,22.4200,22.7700,22.2500,22.5100,22.4300,4285028,96376108.6500,3,1.032400,1,0.356700,18.663530,1.612347,16.084138,2.593400,0
2024-08-22,sz.002851,22.5200,22.6100,22.1800,22.3200,22.5100,3471684,77699099.6000,3,0.836500,1,-0.844100,18.505996,1.598737,15.948377,2.571509,0
2024-08-23,sz.002851,22.2000,22.4000,22.0000,22.1000,22.3200,3732605,82758610.0500,3,0.899300,1,-0.985700,18.323590,1.582979,15.791180,2.546163,0
2024-08-26,sz.002851,22.1700,22.3000,21.8800,22.1500,22.1000,3544380,78243520.2300,3,0.854000,1,0.226200,18.365046,1.586561,15.826906,2.551924,0
2024-08-27,sz.002851,22.0500,22.0500,21.7000,21.7900,22.1500,2978788,65024774.2400,3,0.717700,1,-1.625300,18.066562,1.560775,15.569674,2.510448,0
2024-08-28,sz.002851,21.7800,22.2800,21.7800,22.1600,21.7900,3473689,76648467.6500,3,0.837000,1,1.698000,18.373337,1.587277,15.834051,2.553076,0
2024-08-29,sz.002851,21.9400,22.6600,21.8800,22.5300,22.1600,4643304,104180531.3000,3,1.118800,1,1.669700,18.680112,1.613779,16.098429,2.595704,0
2024-08-30,sz.002851,23.0100,24.6200,22.7500,24.0600,22.5300,14859850,354256236.3000,3,3.576100,1,6.790900,21.872386,1.620852,16.591585,2.713112,0
2024-09-02,sz.002851,23.8100,24.2000,23.1800,23.2000,24.0600,7784009,184415530.5500,3,1.873300,1,-3.574400,21.090580,1.562916,15.998536,2.616134,0
2024-09-03,sz.002851,23.4200,24.5000,23.2000,24.0500,23.2000,9737611,234129212.5200,3,2.343400,1,3.663800,21.863296,1.620178,16.584689,2.711984,0
2024-09-04,sz.002851,23.8800,24.1000,23.4200,23.8200,24.0500,6461525,153530919.0000,3,1.555000,1,-0.956300,21.654208,1.604684,16.426083,2.686048,0
2024-09-05,sz.002851,24.3900,24.9100,23.8500,23.9000,23.8200,6946907,168441703.9400,3,1.671800,1,0.335900,21.726934,1.610073,16.481250,2.695069,0
2024-09-06,sz.002851,23.8800,24.0000,23.5200,23.5600,23.9000,5143357,121771902.9000,3,1.237800,1,-1.422600,21.417848,1.587168,16.246789,2.656730,0
2024-09-09,sz.002851,23.3500,23.7000,23.1000,23.3400,23.5600,4127982,96291654.9100,3,0.993400,1,-0.933800,21.217851,1.572347,16.095078,2.631921,0
2024-09-10,sz.002851,23.3900,23.4500,22.8800,23.2100,23.3400,4216660,97712469.0000,3,1.014800,1,-0.557000,21.099671,1.563590,16.005431,2.617262,0
2024-09-11,sz.002851,23.1800,23.5900,22.8800,23.5700,23.2100,4646535,108773480.4000,3,1.118200,1,1.551100,21.426939,1.587842,16.253685,2.657857,0
2024-09-12,sz.002851,23.9600,24.1600,23.0900,23.1600,23.5700,4732256,111774027.9800,3,1.138800,1,-1.739500,21.054217,1.560221,15.970952,2.611624,0
2024-09-13,sz.002851,23.1700,23.4700,22.7500,22.8000,23.1600,3309600,76014630.4800,3,0.796500,1,-1.554400,20.726950,1.535969,15.722699,2.571029,0
2024-09-18,sz.002851,22.8000,23.1600,22.3800,22.5000,22.8000,3434100,77605757.0000,3,0.826400,1,-1.315800,20.454227,1.515759,15.515821,2.537199,0
2024-09-19,sz.002851,22.8300,23.5400,22.5000,22.7900,22.5000,6818886,156951117.0100,3,1.640500,1,1.288900,20.722978,1.535675,15.719686,2.570536,0
2024-09-20,sz.002851,22.8000,22.9300,22.0800,22.2500,22.7900,6602528,147806624.7200,3,1.588400,1,-2.369500,20.231955,1.499288,15.347214,2.509628,0
2024-09-23,sz.002851,22.2200,22.6500,22.0000,22.4100,22.2500,3670831,82297617.0000,3,0.883100,1,0.719100,20.377444,1.510069,15.457576,2.527675,0
2024-09-24,sz.002851,22.6400,24.0700,22.2000,23.9800,22.4100,12542297,292230362.7900,3,3.017400,1,7.005800,21.805047,1.615861,16.540503,2.704759,0
2024-09-25,sz.002851,24.1900,24.5800,23.8600,24.0000,23.9800,8419425,203778957.2500,3,2.025600,1,0.083400,21.823233,1.617209,16.554299,2.707015,0
2024-09-26,sz.002851,24.0000,24.8300,23.7500,24.8200,24.0000,9936072,241257809.2200,3,2.390400,1,3.416700,22.568860,1.672464,17.119904,2.799504,0
2024-09-27,sz.002851,25.0000,26.3000,24.8600,26.0400,24.8200,14883100,380631229.1100,3,3.580600,1,4.915400,23.678207,1.754672,17.961414,2.937111,0
2024-09-30,sz.002851,26.8900,28.2600,26.5200,28.0400,26.0400,21447404,591696140.7100,3,5.159900,1,7.680500,25.496810,1.889439,19.340939,3.162695,0
2024-10-08,sz.002851,30.8400,30.8400,27.6600,29.3700,28.0400,26494947,779536476.0600,3,6.374200,1,4.743200,26.706181,1.979060,20.258323,3.312709,0
2024-10-09,sz.002851,28.5000,29.6600,27.8600,28.2000,29.3700,18655208,536552740.1800,3,4.488100,1,-3.983700,25.642298,1.900221,19.451301,3.180742,0
2024-10-10,sz.002851,28.6500,29.3400,27.9300,27.9900,28.2000,15864165,454920879.4000,3,3.815600,1,-0.744700,25.456812,1.886475,19.310598,3.157734,0
2024-10-11,sz.002851,27.8700,28.1600,26.5300,27.1100,27.9900,12235345,333121521.8000,3,2.942800,1,-3.144000,24.656455,1.827165,18.703476,3.058455,0
2024-10-14,sz.002851,27.2000,28.9700,26.4800,28.7000,27.1100,16188885,450771892.8500,3,3.893700,1,5.865000,26.102555,1.934328,19.800434,3.237834,0
2024-10-15,sz.002851,28.5000,30.3800,28.2000,28.4500,28.7000,20416325,599316651.7200,3,4.910500,1,-0.871100,25.875180,1.917478,19.627956,3.209630,0
2024-10-16,sz.002851,28.0100,29.8000,27.8000,28.9900,28.4500,13894990,402729947.1400,3,3.342000,1,1.898100,26.366309,1.953873,20.000508,3.270550,0
2024-10-17,sz.002851,29.1000,31.8900,29.1000,30.7800,28.9900,38519914,1189620875.6600,3,9.264800,1,6.174500,27.994308,2.074516,21.235448,3.472492,0
2024-10-18,sz.002851,33.8600,33.8600,33.8600,33.8600,30.7800,3605878,122095029.0800,3,0.867300,1,10.006500,30.795557,2.282103,23.360373,3.819967,0
2024-10-21,sz.002851,37.2500,37.2500,37.2500,37.2500,33.8600,1749006,65150473.5000,3,0.420700,1,10.011800,33.878751,2.510582,25.699170,4.202415,0
2024-10-22,sz.002851,40.9800,40.9800,40.9800,40.9800,37.2500,6032384,247207096.3200,3,1.450900,1,10.013400,37.271174,2.761978,28.272536,4.623220,0
2024-10-23,sz.002851,43.7900,45.0800,41.8900,45.0800,40.9800,108260719,4745735226.1900,3,26.038800,1,10.004900,41.000110,3.038310,31.101170,5.085768,0
2024-10-24,sz.002851,44.8000,48.5800,43.6300,46.8500,45.0800,97731356,4521054339.2000,3,23.506200,1,3.926400,42.609919,3.157605,32.322311,5.285453,0
2024-10-25,sz.002851,46.0200,46.3000,44.1800,45.4700,46.8500,79086032,3554099925.9700,3,19.021700,1,-2.945600,41.354814,3.064596,31.370235,5.129766,0
2024-10-28,sz.002851,44.8000,50.0200,43.4000,48.0600,45.4700,88237721,4070054230.1100,3,21.222800,1,5.696100,43.710410,3.239157,33.157103,5.421961,0
2024-10-29,sz.002851,46.4700,46.8200,44.3100,44.3900,48.0600,63569341,2884938073.0600,3,15.289600,1,-7.636300,40.372557,2.991806,30.625131,5.007925,0
2024-10-30,sz.002851,44.4900,45.4500,43.3800,45.2500,44.3900,48752729,2171391177.1500,3,11.726000,1,1.937400,41.154725,3.049768,31.218455,5.104947,0
2024-10-31,sz.002851,44.8400,46.3900,43.7400,45.5000,45.2500,51350995,2308739822.4100,3,12.350900,1,0.552500,41.115637,2.947488,28.135406,5.034080,0
2024-11-01,sz.002851,44.4700,45.0000,41.3500,41.3800,45.5000,49484042,2107251819.0400,3,11.901900,1,-9.054900,37.392639,2.680595,25.587760,4.578247,0
2024-11-04,sz.002851,41.3000,45.5200,41.2500,45.5100,41.3800,64098236,2848110817.1000,3,15.416800,1,9.980700,41.124674,2.948136,28.141589,5.035186,0
2024-11-05,sz.002851,44.5600,46.3300,43.9800,46.2500,45.5100,52636256,2378115472.3000,3,12.660000,1,1.626000,41.793368,2.996073,28.599176,5.117059,0
2024-11-06,sz.002851,46.2500,47.2500,43.8700,44.3100,46.2500,44308770,2017027684.9200,3,10.657100,1,-4.194600,40.040305,2.870400,27.399557,4.902419,0
2024-11-07,sz.002851,44.0000,45.5600,43.2000,44.5200,44.3100,30244183,1345974430.3000,3,7.274300,1,0.473900,40.230070,2.884004,27.529412,4.925654,0
2024-11-08,sz.002851,44.5000,47.9800,44.3000,45.9200,44.5200,47690194,2197837785.4500,3,11.470400,1,3.144700,41.495166,2.974696,28.395117,5.080548,0
2024-11-11,sz.002851,45.4100,47.2000,45.0500,46.4400,45.9200,46161327,2134755592.1200,3,11.102700,1,1.132400,41.965059,3.008381,28.716665,5.138081,0
2024-11-12,sz.002851,46.0000,47.9000,45.0600,45.5600,46.4400,42962666,1992102469.8700,3,10.333300,1,-1.894900,41.169856,2.951375,28.172507,5.040718,0
2024-11-13,sz.002851,45.0100,47.5000,43.8500,47.4000,45.5600,43651421,1983326622.8700,3,9.941000,1,4.038600,44.815538,3.212726,30.667246,5.487085,0
2024-11-14,sz.002851,46.9000,51.5100,46.3000,48.3200,47.4000,69685489,3399590822.6700,3,15.869900,1,1.940900,45.685376,3.275082,31.262475,5.593586,0
2024-11-15,sz.002851,49.2400,49.8800,44.0000,44.7000,48.3200,54120886,2522033590.8600,3,12.325300,1,-7.491700,42.262755,3.029722,28.920377,5.174530,0
2024-11-18,sz.002851,43.0000,44.1600,41.6700,42.1000,44.7000,39269158,1672143894.3600,3,8.943000,1,-5.816600,39.804518,2.853497,27.238208,4.873550,0
2024-11-19,sz.002851,42.1900,44.1500,41.8400,43.8900,42.1000,31467706,1353543456.2700,3,7.166300,1,4.251800,41.496919,2.974821,28.396317,5.080763,0
2024-11-20,sz.002851,45.3900,46.4600,43.8000,44.6700,43.8900,39458086,1774122554.7900,3,8.986000,1,1.777200,42.234390,3.027689,28.900968,5.171057,0
2024-11-21,sz.002851,44.1000,44.1000,42.5000,43.7500,44.6700,27130266,1177202872.1400,3,6.178600,1,-2.059500,41.364553,2.965332,28.305738,5.064557,0
2024-11-22,sz.002851,43.5400,44.3000,41.6000,41.6700,43.7500,26408195,1134931294.8800,3,6.014100,1,-4.754300,39.397964,2.824352,26.960003,4.823773,0
2024-11-25,sz.002851,41.7200,42.4800,37.5900,38.3100,41.6700,47674104,1862960826.5400,3,10.857100,1,-8.063400,36.221166,2.596614,24.786122,4.434815,0
2024-11-26,sz.002851,38.4000,39.3300,38.1800,38.6900,38.3100,22119746,859796228.5900,3,5.037500,1,0.991900,36.580447,2.622370,25.031978,4.478804,0
2024-11-27,sz.002851,38.8000,41.1200,38.3200,40.6300,38.6900,28070952,1122302107.9400,3,6.392800,1,5.014200,38.414669,2.753862,26.287135,4.703381,0
2024-11-28,sz.002851,40.4500,40.8800,39.8500,40.1000,40.6300,16915869,682320313.1700,3,3.852400,1,-1.304500,37.913567,2.717939,25.944231,4.642028,0
2024-11-29,sz.002851,40.0900,41.0700,39.5200,40.5400,40.1000,18170521,732729804.5300,3,4.138100,1,1.097300,38.329577,2.747761,26.228906,4.692963,0
2024-12-02,sz.002851,41.0000,43.1000,40.9300,42.6300,40.5400,34964493,1474585218.8200,3,7.962700,1,5.155400,40.305620,2.889420,27.581111,4.934904,0
2024-12-03,sz.002851,42.3000,43.0500,41.7700,42.2100,42.6300,20691199,878002836.6100,3,4.528300,1,-0.985200,41.257291,2.957643,28.232339,5.051424,0
2024-12-04,sz.002851,42.3000,43.2100,40.5900,41.0000,42.2100,19287759,796682182.0600,3,4.221200,1,-2.866600,40.074601,2.872858,27.423025,4.906619,0
2024-12-05,sz.002851,41.3000,43.1400,40.8100,42.4200,41.0000,24130023,1023890928.8900,3,5.280900,1,3.463400,41.462551,2.972357,28.372798,5.076555,0
2024-12-06,sz.002851,42.4000,43.1500,42.0000,42.5600,42.4200,17587667,748771074.8600,3,3.849100,1,0.330000,41.599391,2.982167,28.466438,5.093309,0
2024-12-09,sz.002851,42.6000,43.7900,41.9100,43.0400,42.5600,20045107,859071419.2700,3,4.386900,1,1.127800,42.068557,3.015801,28.787488,5.150753,0
2024-12-10,sz.002851,43.0000,43.1800,39.7800,40.0400,43.0400,44740892,1841600010.7200,3,9.791700,1,-6.970300,39.136269,2.805591,26.780925,4.791732,0
2024-12-11,sz.002851,39.5500,41.3000,39.5500,41.0500,40.0400,18949342,772435309.4500,3,4.147100,1,2.522500,40.123473,2.876362,27.456468,4.912602,0
2024-12-12,sz.002851,41.3400,43.0800,40.5200,41.5700,41.0500,24361085,1022874504.5600,3,5.331500,1,1.266700,40.631736,2.912798,27.804272,4.974833,0
2024-12-13,sz.002851,41.4000,42.1300,40.0100,40.1300,41.5700,16504171,673248056.3200,3,3.612000,1,-3.464000,39.224238,2.811898,26.841122,4.802503,0
2024-12-16,sz.002851,43.8000,44.1400,43.3500,44.1400,40.1300,12482865,549419289.7200,3,2.729900,1,9.992500,43.236825,3.099551,29.586933,5.293792,0
2024-12-17,sz.002851,44.1000,46.6900,43.6400,45.0600,44.1400,54633688,2484934952.7500,3,11.948000,1,2.084300,44.138000,3.164154,30.203607,5.404129,0
2024-12-18,sz.002851,45.7100,47.6600,43.9000,46.4200,45.0600,46973906,2147293640.8700,3,10.272900,1,3.018200,45.470172,3.259655,31.115211,5.567237,0
2024-12-19,sz.002851,47.0100,51.0600,47.0100,51.0600,46.4200,20481995,1020096041.4800,3,4.479300,1,9.995700,50.015231,3.585480,34.225392,6.123721,0
2024-12-20,sz.002851,54.7300,56.1700,53.0100,56.1700,51.0600,40293219,2227642537.9200,3,8.811900,1,10.007800,55.020672,3.944309,37.650612,6.736572,0
2024-12-23,sz.002851,60.1000,61.7900,57.9900,59.6000,56.1700,85446755,5107068857.3500,3,18.686300,1,6.106500,58.381349,4.185228,39.950321,7.148044,0
2024-12-24,sz.002851,59.5000,60.2000,55.5400,58.2000,59.6000,63065095,3644611025.6900,3,13.791700,1,-2.349000,57.009975,4.086917,39.011891,6.980137,0
2024-12-25,sz.002851,58.0000,59.5800,55.6800,57.2000,58.2000,38895326,2227833871.8600,3,8.506000,1,-1.718200,56.030422,4.016695,38.341584,6.860203,0
2024-12-26,sz.002851,57.5100,62.9200,57.5000,62.9200,57.2000,43728042,2630591624.8900,3,9.562900,1,10.000000,61.633464,4.418365,42.175742,7.546224,0
2024-12-27,sz.002851,61.2500,62.6600,59.8000,60.7200,62.9200,46906039,2870089736.6300,3,10.257900,1,-3.496500,59.478448,4.263877,40.701066,7.282370,0
2024-12-30,sz.002851,61.8000,66.1800,61.0100,64.1000,60.7200,52246018,3333743184.0200,3,11.445400,1,5.566500,62.698469,4.494713,42.904524,7.676620,0
2024-12-31,sz.002851,63.6000,65.3000,61.4600,61.4600,64.1000,36640448,2312098413.7200,3,8.026800,1,-4.118600,60.116192,4.309595,41.137474,7.360453,0
